Datetime,Open,High,Low,Close,Volume
2026-04-01 09:15:00,1384.2,1384.4,1366.6,1368.7,454743.0
2026-04-01 09:16:00,1368.7,1370.5,1364.5,1370.0,239793.0
2026-04-01 09:17:00,1369.3,1374.5,1369.1,1372.6,116124.0
2026-04-01 09:18:00,1372.9,1372.9,1370.1,1372.0,94121.0
2026-04-01 09:19:00,1372.1,1372.1,1369.8,1369.8,76042.0
2026-04-01 09:20:00,1370.0,1370.6,1368.5,1370.1,59984.0
2026-04-01 09:21:00,1370.4,1371.0,1368.2,1369.1,71819.0
2026-04-01 09:22:00,1369.1,1372.0,1368.1,1370.4,33548.0
2026-04-01 09:23:00,1370.2,1370.5,1368.0,1369.0,43871.0
2026-04-01 09:24:00,1369.4,1370.6,1369.0,1369.7,40835.0
2026-04-01 09:25:00,1369.6,1369.6,1368.0,1369.3,46779.0
2026-04-01 09:26:00,1369.3,1370.2,1368.6,1369.6,33234.0
2026-04-01 09:27:00,1369.5,1372.0,1369.5,1370.8,47036.0
2026-04-01 09:28:00,1371.3,1372.9,1370.8,1372.7,41411.0
2026-04-01 09:29:00,1372.9,1373.3,1371.4,1372.0,46748.0
2026-04-01 09:30:00,1372.0,1372.6,1371.4,1372.2,31814.0
2026-04-01 09:31:00,1372.1,1372.5,1371.2,1371.2,21362.0
2026-04-01 09:32:00,1371.3,1371.3,1368.9,1369.7,59842.0
2026-04-01 09:33:00,1370.4,1371.6,1370.0,1371.5,37340.0
2026-04-01 09:34:00,1371.1,1371.8,1370.8,1370.8,33551.0
2026-04-01 09:35:00,1370.8,1370.9,1369.7,1370.2,40736.0
2026-04-01 09:36:00,1370.3,1370.4,1369.3,1369.7,24688.0
2026-04-01 09:37:00,1370.3,1370.5,1369.5,1369.6,35205.0
2026-04-01 09:38:00,1369.9,1370.0,1368.7,1369.3,28934.0
2026-04-01 09:39:00,1369.3,1369.6,1368.9,1369.5,20434.0
2026-04-01 09:40:00,1369.5,1370.4,1369.5,1370.2,18128.0
2026-04-01 09:41:00,1370.1,1371.0,1370.1,1371.0,18062.0
2026-04-01 09:42:00,1371.2,1372.0,1370.9,1371.1,28310.0
2026-04-01 09:43:00,1371.4,1371.4,1370.2,1370.2,16577.0
2026-04-01 09:44:00,1370.4,1371.1,1370.1,1370.7,21038.0
2026-04-01 09:45:00,1370.6,1371.3,1370.5,1371.1,13219.0
2026-04-01 09:46:00,1371.1,1371.1,1370.7,1370.8,11999.0
2026-04-01 09:47:00,1370.8,1371.7,1370.7,1371.2,27155.0
2026-04-01 09:48:00,1371.2,1371.3,1370.8,1370.8,10437.0
2026-04-01 09:49:00,1370.9,1371.1,1370.7,1371.1,11607.0
2026-04-01 09:50:00,1371.2,1372.5,1371.1,1372.5,14961.0
2026-04-01 09:51:00,1372.5,1373.7,1372.3,1373.4,32758.0
2026-04-01 09:52:00,1373.5,1374.2,1373.0,1373.7,27221.0
2026-04-01 09:53:00,1373.7,1374.4,1372.2,1372.3,41032.0
2026-04-01 09:54:00,1372.2,1373.5,1372.1,1372.5,81923.0
2026-04-01 09:55:00,1372.4,1372.9,1371.6,1371.8,28005.0
2026-04-01 09:56:00,1371.8,1371.8,1370.0,1370.3,26721.0
2026-04-01 09:57:00,1370.9,1372.5,1370.9,1372.3,29253.0
2026-04-01 09:58:00,1372.3,1373.0,1372.2,1372.2,12623.0
2026-04-01 09:59:00,1372.4,1373.5,1372.4,1373.5,9718.0
2026-04-01 10:00:00,1373.5,1375.8,1373.2,1374.6,58517.0
2026-04-01 10:01:00,1374.7,1375.5,1374.3,1375.2,21096.0
2026-04-01 10:02:00,1375.5,1377.7,1375.4,1377.6,46030.0
2026-04-01 10:03:00,1377.6,1378.8,1377.0,1377.7,48281.0
2026-04-01 10:04:00,1377.7,1377.9,1376.5,1376.5,26553.0
2026-04-01 10:05:00,1376.8,1377.9,1376.6,1377.9,21974.0
2026-04-01 10:06:00,1377.9,1377.9,1376.7,1377.0,16486.0
2026-04-01 10:07:00,1377.3,1377.3,1376.6,1376.6,12415.0
2026-04-01 10:08:00,1376.7,1376.9,1376.2,1376.8,14162.0
2026-04-01 10:09:00,1377.2,1377.4,1376.9,1377.0,12157.0
2026-04-01 10:10:00,1377.2,1377.4,1376.0,1376.0,17409.0
2026-04-01 10:11:00,1376.5,1376.7,1375.4,1375.9,15133.0
2026-04-01 10:12:00,1375.9,1375.9,1375.0,1375.1,14237.0
2026-04-01 10:13:00,1375.1,1375.3,1373.8,1374.3,19492.0
2026-04-01 10:14:00,1374.5,1375.0,1374.3,1375.0,24687.0
2026-04-01 10:15:00,1375.0,1375.9,1374.9,1375.4,16041.0
2026-04-01 10:16:00,1375.4,1375.4,1375.1,1375.1,13876.0
2026-04-01 10:17:00,1375.2,1375.2,1374.0,1374.2,11066.0
2026-04-01 10:18:00,1374.3,1374.3,1374.0,1374.2,10492.0
2026-04-01 10:19:00,1374.2,1375.5,1374.1,1375.4,16037.0
2026-04-01 10:20:00,1375.4,1375.4,1375.3,1375.4,5580.0
2026-04-01 10:21:00,1375.4,1375.4,1374.0,1374.1,20425.0
2026-04-01 10:22:00,1374.3,1374.3,1373.5,1373.7,12222.0
2026-04-01 10:23:00,1373.6,1373.7,1371.4,1372.5,49600.0
2026-04-01 10:24:00,1372.5,1375.9,1372.2,1374.8,59784.0
2026-04-01 10:25:00,1375.1,1375.1,1373.4,1374.0,16827.0
2026-04-01 10:26:00,1373.7,1374.0,1370.6,1370.6,34837.0
2026-04-01 10:27:00,1370.7,1371.0,1370.6,1370.8,22667.0
2026-04-01 10:28:00,1370.8,1371.2,1370.5,1370.6,22015.0
2026-04-01 10:29:00,1371.1,1371.2,1370.4,1371.0,21455.0
2026-04-01 10:30:00,1371.3,1371.9,1370.1,1371.1,20836.0
2026-04-01 10:31:00,1371.6,1371.9,1370.1,1370.8,32155.0
2026-04-01 10:32:00,1370.8,1372.0,1370.7,1372.0,16921.0
2026-04-01 10:33:00,1372.0,1372.0,1371.1,1371.6,40641.0
2026-04-01 10:34:00,1371.2,1371.5,1371.0,1371.2,9119.0
2026-04-01 10:35:00,1371.4,1372.8,1371.3,1372.5,22503.0
2026-04-01 10:36:00,1372.3,1373.7,1372.3,1373.7,10675.0
2026-04-01 10:37:00,1373.7,1374.0,1373.2,1373.8,15970.0
2026-04-01 10:38:00,1373.8,1373.8,1373.2,1373.4,11391.0
2026-04-01 10:39:00,1373.4,1373.7,1373.2,1373.7,7107.0
2026-04-01 10:40:00,1373.7,1373.7,1372.5,1372.8,19990.0
2026-04-01 10:41:00,1372.6,1372.8,1371.5,1371.6,36957.0
2026-04-01 10:42:00,1371.8,1372.2,1370.4,1371.2,24239.0
2026-04-01 10:43:00,1371.1,1372.0,1371.0,1371.0,14433.0
2026-04-01 10:44:00,1371.0,1372.3,1370.7,1371.1,53913.0
2026-04-01 10:45:00,1371.3,1371.3,1371.0,1371.1,25361.0
2026-04-01 10:46:00,1371.1,1371.1,1369.6,1370.4,54994.0
2026-04-01 10:47:00,1370.1,1371.3,1370.0,1371.1,27576.0
2026-04-01 10:48:00,1371.2,1372.8,1371.2,1372.1,18371.0
2026-04-01 10:49:00,1372.1,1372.1,1370.5,1371.1,30969.0
2026-04-01 10:50:00,1370.9,1371.5,1370.7,1371.3,8003.0
2026-04-01 10:51:00,1371.2,1371.5,1371.0,1371.2,12309.0
2026-04-01 10:52:00,1371.2,1372.8,1371.0,1371.4,65581.0
2026-04-01 10:53:00,1371.2,1372.7,1370.9,1372.7,66675.0
2026-04-01 10:54:00,1372.1,1372.6,1371.5,1371.9,123213.0
2026-04-01 10:55:00,1372.0,1372.5,1371.8,1372.3,23923.0
2026-04-01 10:56:00,1372.4,1372.9,1371.9,1372.4,78482.0
2026-04-01 10:57:00,1372.7,1373.0,1371.9,1371.9,13249.0
2026-04-01 10:58:00,1372.0,1372.8,1371.3,1372.5,33332.0
2026-04-01 10:59:00,1372.2,1372.7,1371.2,1371.2,16369.0
2026-04-01 11:00:00,1371.2,1371.2,1370.1,1370.3,15981.0
2026-04-01 11:01:00,1370.4,1370.6,1370.3,1370.6,11877.0
2026-04-01 11:02:00,1370.6,1370.7,1370.2,1370.6,16445.0
2026-04-01 11:03:00,1370.4,1370.7,1369.3,1370.0,62103.0
2026-04-01 11:04:00,1370.5,1371.5,1370.1,1370.9,32910.0
2026-04-01 11:05:00,1370.7,1371.2,1370.0,1370.2,17647.0
2026-04-01 11:06:00,1370.3,1371.9,1370.0,1371.6,27413.0
2026-04-01 11:07:00,1372.3,1373.0,1372.3,1372.9,23004.0
2026-04-01 11:08:00,1373.0,1374.4,1372.7,1374.1,29268.0
2026-04-01 11:09:00,1374.1,1374.2,1373.7,1374.0,31773.0
2026-04-01 11:10:00,1374.0,1374.9,1373.8,1374.9,20336.0
2026-04-01 11:11:00,1374.9,1374.9,1374.1,1374.3,13018.0
2026-04-01 11:12:00,1374.3,1374.5,1373.9,1374.0,23827.0
2026-04-01 11:13:00,1374.0,1374.0,1372.9,1373.2,18052.0
2026-04-01 11:14:00,1373.2,1373.2,1372.0,1372.2,64388.0
2026-04-01 11:15:00,1372.2,1372.7,1370.9,1371.1,60016.0
2026-04-01 11:16:00,1371.1,1372.9,1370.9,1372.6,30645.0
2026-04-01 11:17:00,1372.6,1373.0,1371.2,1373.0,26524.0
2026-04-01 11:18:00,1373.0,1373.1,1372.2,1372.5,19707.0
2026-04-01 11:19:00,1372.5,1373.7,1372.5,1373.7,9908.0
2026-04-01 11:20:00,1373.2,1373.8,1373.2,1373.5,22313.0
2026-04-01 11:21:00,1373.5,1374.8,1373.4,1374.4,19182.0
2026-04-01 11:22:00,1374.8,1374.9,1374.3,1374.3,10807.0
2026-04-01 11:23:00,1374.6,1374.6,1374.3,1374.5,8763.0
2026-04-01 11:24:00,1374.7,1374.8,1374.6,1374.8,9966.0
2026-04-01 11:25:00,1374.8,1374.9,1374.7,1374.8,6828.0
2026-04-01 11:26:00,1374.7,1375.5,1374.7,1375.5,41376.0
2026-04-01 11:27:00,1375.5,1376.4,1375.4,1376.2,15206.0
2026-04-01 11:28:00,1376.1,1376.5,1375.2,1375.7,41112.0
2026-04-01 11:29:00,1375.8,1376.5,1375.0,1375.0,40505.0
2026-04-01 11:30:00,1374.7,1374.9,1374.0,1374.7,17781.0
2026-04-01 11:31:00,1374.7,1375.4,1374.6,1375.2,23064.0
2026-04-01 11:32:00,1375.2,1375.3,1374.9,1375.1,24932.0
2026-04-01 11:33:00,1375.1,1375.1,1374.4,1374.5,13433.0
2026-04-01 11:34:00,1374.5,1374.6,1373.4,1373.7,64262.0
2026-04-01 11:35:00,1373.7,1373.7,1373.2,1373.5,10014.0
2026-04-01 11:36:00,1373.5,1373.5,1372.1,1372.4,43393.0
2026-04-01 11:37:00,1372.2,1374.5,1372.2,1374.4,33377.0
2026-04-01 11:38:00,1374.6,1375.0,1373.6,1373.6,13766.0
2026-04-01 11:39:00,1374.1,1376.5,1373.7,1376.4,77954.0
2026-04-01 11:40:00,1376.4,1376.8,1376.3,1376.4,29352.0
2026-04-01 11:41:00,1376.4,1377.4,1376.1,1377.4,37160.0
2026-04-01 11:42:00,1377.4,1377.6,1376.2,1376.6,26008.0
2026-04-01 11:43:00,1376.6,1376.9,1376.5,1376.8,8684.0
2026-04-01 11:44:00,1376.8,1376.9,1376.7,1376.8,28417.0
2026-04-01 11:45:00,1376.9,1377.8,1376.7,1377.7,37678.0
2026-04-01 11:46:00,1377.6,1377.7,1376.6,1377.0,44401.0
2026-04-01 11:47:00,1376.8,1377.2,1375.4,1375.7,25726.0
2026-04-01 11:48:00,1375.7,1375.7,1374.2,1375.2,33815.0
2026-04-01 11:49:00,1375.0,1375.2,1374.4,1374.8,14697.0
2026-04-01 11:50:00,1374.9,1375.0,1374.0,1374.3,17963.0
2026-04-01 11:51:00,1374.0,1375.0,1373.7,1375.0,28718.0
2026-04-01 11:52:00,1374.9,1375.1,1374.5,1375.1,23992.0
2026-04-01 11:53:00,1375.1,1375.5,1372.3,1372.3,44525.0
2026-04-01 11:54:00,1372.3,1373.4,1372.1,1372.7,38892.0
2026-04-01 11:55:00,1372.7,1372.7,1371.5,1372.0,19224.0
2026-04-01 11:56:00,1371.9,1371.9,1370.9,1371.0,93803.0
2026-04-01 11:57:00,1371.1,1373.8,1371.1,1373.8,37160.0
2026-04-01 11:58:00,1373.5,1374.9,1373.5,1374.6,47572.0
2026-04-01 11:59:00,1374.8,1375.3,1373.7,1373.9,19013.0
2026-04-01 12:00:00,1373.7,1375.5,1373.7,1375.2,11634.0
2026-04-01 12:01:00,1375.2,1375.2,1375.0,1375.0,11381.0
2026-04-01 12:02:00,1375.1,1375.9,1375.0,1375.7,10579.0
2026-04-01 12:03:00,1375.9,1377.8,1375.8,1377.8,50685.0
2026-04-01 12:04:00,1377.6,1378.0,1377.0,1377.4,23754.0
2026-04-01 12:05:00,1377.4,1377.9,1377.3,1377.8,53369.0
2026-04-01 12:06:00,1377.4,1378.9,1377.4,1378.5,23788.0
2026-04-01 12:07:00,1378.5,1378.7,1377.5,1377.8,45777.0
2026-04-01 12:08:00,1377.6,1377.7,1376.5,1376.8,23741.0
2026-04-01 12:09:00,1376.4,1377.7,1376.4,1377.6,24198.0
2026-04-01 12:10:00,1377.5,1377.6,1376.2,1376.5,25585.0
2026-04-01 12:11:00,1376.5,1377.5,1376.5,1377.4,21315.0
2026-04-01 12:12:00,1377.4,1378.3,1377.3,1377.7,12684.0
2026-04-01 12:13:00,1377.7,1377.9,1376.4,1377.3,17322.0
2026-04-01 12:14:00,1377.5,1378.3,1377.1,1377.9,44207.0
2026-04-01 12:15:00,1377.8,1378.4,1377.4,1377.9,41345.0
2026-04-01 12:16:00,1377.4,1378.9,1377.4,1378.9,33964.0
2026-04-01 12:17:00,1378.9,1378.9,1377.2,1377.3,39199.0
2026-04-01 12:18:00,1377.2,1377.9,1376.5,1376.5,57319.0
2026-04-01 12:19:00,1376.5,1376.7,1375.4,1375.8,36796.0
2026-04-01 12:20:00,1375.9,1377.0,1375.5,1376.4,26309.0
2026-04-01 12:21:00,1376.4,1377.0,1376.0,1376.5,13252.0
2026-04-01 12:22:00,1376.5,1377.2,1376.3,1376.8,17718.0
2026-04-01 12:23:00,1376.8,1376.9,1375.7,1376.9,19453.0
2026-04-01 12:24:00,1377.4,1377.4,1375.9,1376.8,28932.0
2026-04-01 12:25:00,1376.7,1376.8,1376.6,1376.7,7200.0
2026-04-01 12:26:00,1376.7,1376.7,1376.4,1376.5,9984.0
2026-04-01 12:27:00,1376.4,1376.5,1375.7,1375.9,7864.0
2026-04-01 12:28:00,1375.9,1375.9,1373.8,1374.0,33109.0
2026-04-01 12:29:00,1374.2,1375.5,1374.0,1374.9,16060.0
2026-04-01 12:30:00,1374.9,1375.7,1374.1,1374.2,15808.0
2026-04-01 12:31:00,1374.7,1375.0,1374.1,1374.3,8258.0
2026-04-01 12:32:00,1374.7,1374.7,1373.8,1373.9,23054.0
2026-04-01 12:33:00,1373.9,1373.9,1373.2,1373.2,27103.0
2026-04-01 12:34:00,1373.2,1374.3,1373.1,1374.3,11883.0
2026-04-01 12:35:00,1374.3,1374.5,1372.2,1372.2,18994.0
2026-04-01 12:36:00,1372.1,1373.6,1372.0,1373.2,17658.0
2026-04-01 12:37:00,1373.2,1373.6,1372.9,1373.3,11389.0
2026-04-01 12:38:00,1373.4,1374.4,1373.0,1374.2,11581.0
2026-04-01 12:39:00,1373.9,1374.8,1373.9,1374.8,50923.0
2026-04-01 12:40:00,1374.9,1377.1,1374.8,1376.4,65177.0
2026-04-01 12:41:00,1376.4,1376.5,1373.3,1373.7,50547.0
2026-04-01 12:42:00,1373.8,1373.9,1373.3,1373.7,40825.0
2026-04-01 12:43:00,1373.7,1374.2,1373.1,1373.2,54356.0
2026-04-01 12:44:00,1373.2,1373.3,1372.9,1373.0,37291.0
2026-04-01 12:45:00,1373.1,1375.0,1372.9,1374.4,29916.0
2026-04-01 12:46:00,1374.4,1374.4,1373.3,1373.3,9553.0
2026-04-01 12:47:00,1373.5,1374.7,1373.1,1374.6,15285.0
2026-04-01 12:48:00,1374.7,1375.7,1374.6,1375.7,28135.0
2026-04-01 12:49:00,1375.5,1375.8,1374.8,1374.8,18683.0
2026-04-01 12:50:00,1374.7,1375.0,1373.7,1374.3,14695.0
2026-04-01 12:51:00,1374.3,1374.3,1373.6,1373.7,6106.0
2026-04-01 12:52:00,1373.9,1374.9,1373.7,1374.8,18503.0
2026-04-01 12:53:00,1374.8,1374.9,1374.5,1374.9,5814.0
2026-04-01 12:54:00,1374.9,1375.2,1374.7,1375.0,9708.0
2026-04-01 12:55:00,1374.7,1375.0,1373.8,1373.9,13813.0
2026-04-01 12:56:00,1373.9,1373.9,1373.1,1373.3,21087.0
2026-04-01 12:57:00,1373.3,1374.6,1373.3,1374.6,37105.0
2026-04-01 12:58:00,1374.6,1375.2,1374.4,1374.9,27282.0
2026-04-01 12:59:00,1374.8,1374.9,1373.6,1374.1,15414.0
2026-04-01 13:00:00,1373.7,1374.9,1373.7,1374.9,14332.0
2026-04-01 13:01:00,1375.0,1375.0,1374.8,1374.8,5637.0
2026-04-01 13:02:00,1374.4,1375.5,1373.5,1375.5,58012.0
2026-04-01 13:03:00,1374.9,1375.1,1374.4,1375.0,33897.0
2026-04-01 13:04:00,1375.3,1375.5,1375.0,1375.3,4277.0
2026-04-01 13:05:00,1375.3,1375.3,1374.3,1374.7,20555.0
2026-04-01 13:06:00,1374.6,1374.7,1373.8,1374.6,10946.0
2026-04-01 13:07:00,1374.6,1375.5,1374.6,1375.2,21951.0
2026-04-01 13:08:00,1375.2,1376.0,1375.2,1375.8,13835.0
2026-04-01 13:09:00,1376.0,1376.0,1375.3,1375.4,12025.0
2026-04-01 13:10:00,1375.4,1375.4,1375.3,1375.4,6513.0
2026-04-01 13:11:00,1375.4,1375.4,1374.9,1375.0,10728.0
2026-04-01 13:12:00,1375.0,1375.3,1373.9,1374.0,53995.0
2026-04-01 13:13:00,1373.8,1376.3,1373.8,1375.8,73758.0
2026-04-01 13:14:00,1375.7,1376.7,1375.5,1376.6,24059.0
2026-04-01 13:15:00,1376.3,1376.7,1374.9,1374.9,20861.0
2026-04-01 13:16:00,1374.8,1375.3,1374.1,1374.6,32269.0
2026-04-01 13:17:00,1374.6,1375.7,1374.3,1375.7,26255.0
2026-04-01 13:18:00,1375.3,1375.7,1373.5,1373.8,29896.0
2026-04-01 13:19:00,1373.7,1374.2,1373.2,1373.9,36974.0
2026-04-01 13:20:00,1373.7,1374.4,1373.7,1374.0,6648.0
2026-04-01 13:21:00,1374.1,1374.1,1373.3,1373.5,9480.0
2026-04-01 13:22:00,1373.8,1373.8,1372.9,1373.1,25334.0
2026-04-01 13:23:00,1373.1,1373.1,1372.4,1372.6,13565.0
2026-04-01 13:24:00,1372.7,1373.1,1372.7,1373.0,11253.0
2026-04-01 13:25:00,1372.9,1373.0,1372.9,1373.0,7313.0
2026-04-01 13:26:00,1373.0,1373.0,1372.8,1372.9,10667.0
2026-04-01 13:27:00,1372.9,1372.9,1372.0,1372.4,122683.0
2026-04-01 13:28:00,1372.6,1373.3,1372.5,1373.2,7613.0
2026-04-01 13:29:00,1372.6,1373.3,1371.8,1373.1,13992.0
2026-04-01 13:30:00,1373.0,1373.2,1372.2,1372.3,10548.0
2026-04-01 13:31:00,1372.2,1372.2,1370.1,1370.6,44376.0
2026-04-01 13:32:00,1370.5,1370.9,1369.4,1370.1,63286.0
2026-04-01 13:33:00,1370.1,1370.8,1369.9,1370.0,14722.0
2026-04-01 13:34:00,1370.2,1371.4,1370.2,1370.5,10981.0
2026-04-01 13:35:00,1370.4,1370.5,1370.3,1370.5,8002.0
2026-04-01 13:36:00,1370.5,1370.5,1370.2,1370.3,14729.0
2026-04-01 13:37:00,1370.3,1370.4,1370.0,1370.2,19162.0
2026-04-01 13:38:00,1370.3,1371.3,1370.3,1370.4,21455.0
2026-04-01 13:39:00,1370.4,1370.9,1370.2,1370.3,13287.0
2026-04-01 13:40:00,1369.8,1369.8,1367.2,1367.7,58617.0
2026-04-01 13:41:00,1367.8,1367.8,1364.5,1364.5,110819.0
2026-04-01 13:42:00,1364.9,1365.6,1364.5,1364.9,32610.0
2026-04-01 13:43:00,1365.4,1366.0,1363.0,1363.2,39081.0
2026-04-01 13:44:00,1363.3,1365.0,1363.3,1365.0,27000.0
2026-04-01 13:45:00,1365.0,1366.1,1364.2,1366.1,16359.0
2026-04-01 13:46:00,1366.2,1366.7,1365.6,1365.6,32145.0
2026-04-01 13:47:00,1365.8,1366.7,1365.8,1366.6,19205.0
2026-04-01 13:48:00,1366.6,1368.1,1366.6,1368.0,75659.0
2026-04-01 13:49:00,1368.1,1368.2,1365.9,1365.9,60661.0
2026-04-01 13:50:00,1365.8,1366.0,1364.5,1365.1,132441.0
2026-04-01 13:51:00,1364.8,1365.0,1362.9,1364.7,95588.0
2026-04-01 13:52:00,1365.0,1366.0,1364.7,1365.1,28302.0
2026-04-01 13:53:00,1365.0,1366.3,1365.0,1365.3,17514.0
2026-04-01 13:54:00,1365.3,1365.6,1364.6,1364.7,10067.0
2026-04-01 13:55:00,1364.8,1365.3,1364.5,1365.3,17100.0
2026-04-01 13:56:00,1365.3,1365.5,1364.5,1365.1,19543.0
2026-04-01 13:57:00,1365.1,1366.0,1364.9,1365.2,8929.0
2026-04-01 13:58:00,1365.2,1365.8,1365.1,1365.8,8903.0
2026-04-01 13:59:00,1365.8,1366.0,1365.2,1365.9,27536.0
2026-04-01 14:00:00,1365.9,1365.9,1365.7,1365.8,10099.0
2026-04-01 14:01:00,1365.8,1365.8,1365.1,1365.2,7676.0
2026-04-01 14:02:00,1366.1,1366.4,1365.5,1366.3,17541.0
2026-04-01 14:03:00,1366.3,1367.4,1366.0,1366.7,29862.0
2026-04-01 14:04:00,1366.7,1367.0,1366.5,1366.6,11096.0
2026-04-01 14:05:00,1366.6,1366.8,1366.4,1366.7,10567.0
2026-04-01 14:06:00,1366.6,1367.7,1366.2,1367.3,12748.0
2026-04-01 14:07:00,1367.3,1367.8,1366.8,1366.8,14061.0
2026-04-01 14:08:00,1366.9,1367.3,1366.8,1367.3,10016.0
2026-04-01 14:09:00,1367.3,1367.9,1367.2,1367.7,11952.0
2026-04-01 14:10:00,1367.7,1368.2,1367.3,1367.4,40210.0
2026-04-01 14:11:00,1367.3,1368.5,1367.2,1368.0,11126.0
2026-04-01 14:12:00,1368.2,1369.0,1367.5,1369.0,52036.0
2026-04-01 14:13:00,1368.9,1368.9,1366.2,1367.2,78014.0
2026-04-01 14:14:00,1367.6,1368.6,1367.6,1368.6,10602.0
2026-04-01 14:15:00,1368.6,1368.7,1368.2,1368.5,7305.0
2026-04-01 14:16:00,1368.5,1368.5,1367.6,1367.6,19964.0
2026-04-01 14:17:00,1367.6,1368.2,1367.3,1367.9,14314.0
2026-04-01 14:18:00,1368.0,1368.0,1367.4,1367.8,6626.0
2026-04-01 14:19:00,1367.8,1369.0,1367.7,1368.9,11480.0
2026-04-01 14:20:00,1369.0,1369.0,1368.0,1368.5,16659.0
2026-04-01 14:21:00,1368.3,1368.5,1368.1,1368.2,6047.0
2026-04-01 14:22:00,1368.2,1369.3,1368.1,1368.9,17322.0
2026-04-01 14:23:00,1368.9,1369.8,1368.9,1369.5,7692.0
2026-04-01 14:24:00,1369.6,1369.6,1368.2,1369.3,16289.0
2026-04-01 14:25:00,1369.2,1369.6,1368.4,1369.6,14223.0
2026-04-01 14:26:00,1369.6,1369.6,1368.6,1369.0,7270.0
2026-04-01 14:27:00,1369.0,1369.2,1368.5,1368.5,8875.0
2026-04-01 14:28:00,1368.6,1368.6,1368.5,1368.6,5109.0
2026-04-01 14:29:00,1368.6,1369.0,1368.6,1368.7,15281.0
2026-04-01 14:30:00,1368.8,1369.2,1368.7,1369.0,25506.0
2026-04-01 14:31:00,1369.0,1369.4,1368.8,1369.2,9180.0
2026-04-01 14:32:00,1369.2,1369.2,1368.9,1369.2,7412.0
2026-04-01 14:33:00,1369.2,1369.2,1368.7,1369.0,18927.0
2026-04-01 14:34:00,1369.0,1369.0,1368.7,1368.9,4298.0
2026-04-01 14:35:00,1368.9,1368.9,1368.7,1368.8,12252.0
2026-04-01 14:36:00,1368.8,1369.0,1368.3,1368.5,25192.0
2026-04-01 14:37:00,1368.5,1368.5,1367.5,1367.9,20337.0
2026-04-01 14:38:00,1367.9,1367.9,1366.8,1367.3,15653.0
2026-04-01 14:39:00,1367.3,1367.3,1366.7,1366.7,17936.0
2026-04-01 14:40:00,1366.7,1367.0,1365.6,1366.4,47339.0
2026-04-01 14:41:00,1366.3,1368.5,1366.3,1368.4,24516.0
2026-04-01 14:42:00,1368.0,1368.9,1367.6,1368.0,21055.0
2026-04-01 14:43:00,1368.0,1368.8,1367.5,1368.8,13777.0
2026-04-01 14:44:00,1368.7,1368.9,1368.0,1368.0,13808.0
2026-04-01 14:45:00,1368.0,1368.1,1367.4,1368.0,12798.0
2026-04-01 14:46:00,1368.0,1368.0,1366.6,1366.8,18699.0
2026-04-01 14:47:00,1366.8,1367.1,1366.8,1367.1,14098.0
2026-04-01 14:48:00,1367.0,1367.3,1365.3,1365.8,29321.0
2026-04-01 14:49:00,1365.5,1367.4,1365.5,1367.3,46483.0
2026-04-01 14:50:00,1367.2,1368.5,1367.2,1368.0,90619.0
2026-04-01 14:51:00,1367.7,1367.7,1365.2,1365.4,41788.0
2026-04-01 14:52:00,1365.2,1367.0,1364.9,1366.8,95289.0
2026-04-01 14:53:00,1366.8,1367.1,1365.7,1366.9,25166.0
2026-04-01 14:54:00,1366.9,1367.3,1366.2,1366.7,42554.0
2026-04-01 14:55:00,1366.9,1367.7,1366.4,1367.7,40276.0
2026-04-01 14:56:00,1367.3,1367.6,1366.6,1366.6,64362.0
2026-04-01 14:57:00,1366.6,1366.8,1365.6,1365.9,152764.0
2026-04-01 14:58:00,1366.0,1366.4,1365.2,1365.5,127793.0
2026-04-01 14:59:00,1365.2,1365.8,1364.2,1364.2,114801.0
2026-04-01 15:00:00,1364.6,1367.2,1364.6,1367.1,100610.0
2026-04-01 15:01:00,1367.0,1367.5,1365.9,1365.9,164100.0
2026-04-01 15:02:00,1366.2,1368.3,1366.2,1367.7,101389.0
2026-04-01 15:03:00,1367.9,1367.9,1367.0,1367.9,101434.0
2026-04-01 15:04:00,1367.9,1369.3,1367.7,1368.4,111082.0
2026-04-01 15:05:00,1368.2,1368.2,1367.5,1367.6,54891.0
2026-04-01 15:06:00,1368.3,1368.7,1367.2,1368.0,147083.0
2026-04-01 15:07:00,1368.0,1368.4,1367.9,1368.3,59690.0
2026-04-01 15:08:00,1368.1,1368.3,1368.0,1368.2,62564.0
2026-04-01 15:09:00,1368.3,1369.2,1368.2,1369.0,69170.0
2026-04-01 15:10:00,1369.1,1369.4,1369.0,1369.1,105111.0
2026-04-01 15:11:00,1369.0,1369.3,1369.0,1369.3,114383.0
2026-04-01 15:12:00,1369.2,1370.5,1369.0,1369.1,144071.0
2026-04-01 15:13:00,1369.0,1371.3,1369.0,1370.6,210283.0
2026-04-01 15:14:00,1371.1,1371.1,1369.3,1369.8,188197.0
2026-04-01 15:15:00,1370.0,1370.2,1369.8,1369.9,76707.0
2026-04-01 15:16:00,1369.8,1369.9,1368.5,1369.0,108534.0
2026-04-01 15:17:00,1369.5,1370.7,1369.5,1370.4,50370.0
2026-04-01 15:18:00,1370.4,1370.4,1370.0,1370.2,61464.0
2026-04-01 15:19:00,1370.2,1371.0,1370.1,1371.0,53994.0
2026-04-01 15:20:00,1371.0,1371.0,1370.5,1370.9,62360.0
2026-04-01 15:21:00,1371.0,1371.1,1370.7,1370.8,67597.0
2026-04-01 15:22:00,1370.8,1370.8,1370.3,1370.3,65711.0
2026-04-01 15:23:00,1370.3,1370.4,1369.5,1369.8,49963.0
2026-04-01 15:24:00,1369.6,1369.6,1369.2,1369.3,58319.0
2026-04-01 15:25:00,1369.3,1369.6,1369.0,1369.4,72838.0
2026-04-01 15:26:00,1369.4,1370.9,1369.3,1370.3,55377.0
2026-04-01 15:27:00,1370.5,1370.9,1370.4,1370.8,59616.0
2026-04-01 15:28:00,1370.7,1370.8,1368.5,1369.2,66890.0
2026-04-01 15:29:00,1368.9,1370.0,1368.6,1369.9,28749.0
2026-04-02 09:15:00,1357.0,1358.0,1349.0,1353.1,239974.0
2026-04-02 09:16:00,1353.6,1356.1,1353.0,1353.8,143884.0
2026-04-02 09:17:00,1353.7,1356.1,1353.6,1354.7,74571.0
2026-04-02 09:18:00,1354.5,1354.7,1349.5,1351.1,124497.0
2026-04-02 09:19:00,1350.9,1353.0,1349.4,1351.2,171635.0
2026-04-02 09:20:00,1351.8,1353.8,1351.6,1352.7,38312.0
2026-04-02 09:21:00,1352.6,1353.2,1351.3,1351.3,52668.0
2026-04-02 09:22:00,1351.7,1353.4,1351.6,1353.4,39175.0
2026-04-02 09:23:00,1353.0,1353.4,1351.0,1351.8,73142.0
2026-04-02 09:24:00,1351.9,1353.3,1350.5,1351.2,40978.0
2026-04-02 09:25:00,1351.5,1352.9,1350.8,1352.0,48622.0
2026-04-02 09:26:00,1352.1,1352.1,1349.7,1350.4,71188.0
2026-04-02 09:27:00,1350.4,1352.0,1350.3,1351.8,35149.0
2026-04-02 09:28:00,1351.8,1352.0,1350.1,1350.1,31269.0
2026-04-02 09:29:00,1350.3,1351.6,1350.3,1350.7,17922.0
2026-04-02 09:30:00,1350.3,1351.5,1349.8,1350.9,69964.0
2026-04-02 09:31:00,1350.9,1351.0,1349.5,1349.6,35438.0
2026-04-02 09:32:00,1349.5,1350.6,1349.4,1350.2,34632.0
2026-04-02 09:33:00,1350.2,1350.9,1349.4,1350.9,38177.0
2026-04-02 09:34:00,1350.9,1351.6,1350.0,1351.4,26048.0
2026-04-02 09:35:00,1351.1,1351.1,1350.4,1350.5,25497.0
2026-04-02 09:36:00,1350.2,1351.1,1349.6,1350.9,31020.0
2026-04-02 09:37:00,1350.9,1351.5,1350.0,1350.1,21645.0
2026-04-02 09:38:00,1350.0,1350.1,1349.4,1350.0,59280.0
2026-04-02 09:39:00,1350.0,1350.1,1346.2,1346.7,96635.0
2026-04-02 09:40:00,1346.7,1347.0,1346.0,1346.7,44373.0
2026-04-02 09:41:00,1347.0,1347.9,1346.6,1346.6,40614.0
2026-04-02 09:42:00,1346.4,1346.8,1345.0,1345.3,48395.0
2026-04-02 09:43:00,1345.1,1345.5,1344.0,1344.2,65711.0
2026-04-02 09:44:00,1343.8,1344.2,1343.1,1343.5,31809.0
2026-04-02 09:45:00,1343.5,1345.0,1343.2,1344.6,63173.0
2026-04-02 09:46:00,1344.2,1344.9,1343.6,1343.9,105272.0
2026-04-02 09:47:00,1343.9,1344.1,1343.0,1343.0,38181.0
2026-04-02 09:48:00,1343.0,1343.0,1341.0,1341.1,83561.0
2026-04-02 09:49:00,1341.6,1341.9,1341.1,1341.6,31436.0
2026-04-02 09:50:00,1341.6,1341.9,1341.3,1341.6,26931.0
2026-04-02 09:51:00,1341.1,1342.0,1340.1,1341.1,72589.0
2026-04-02 09:52:00,1341.3,1341.4,1340.0,1340.6,35067.0
2026-04-02 09:53:00,1340.5,1342.0,1340.0,1342.0,46786.0
2026-04-02 09:54:00,1341.8,1342.0,1340.5,1340.9,18662.0
2026-04-02 09:55:00,1341.0,1341.3,1340.6,1340.9,14363.0
2026-04-02 09:56:00,1340.9,1341.2,1340.5,1340.5,18069.0
2026-04-02 09:57:00,1340.2,1340.6,1338.1,1339.0,46582.0
2026-04-02 09:58:00,1339.2,1339.4,1338.4,1338.9,16704.0
2026-04-02 09:59:00,1338.9,1339.0,1338.5,1338.8,17577.0
2026-04-02 10:00:00,1338.5,1338.9,1337.2,1338.8,66003.0
2026-04-02 10:01:00,1338.8,1338.9,1337.1,1338.0,35309.0
2026-04-02 10:02:00,1338.2,1338.2,1337.0,1337.5,22776.0
2026-04-02 10:03:00,1337.6,1337.7,1336.1,1336.7,29307.0
2026-04-02 10:04:00,1336.7,1336.7,1335.6,1336.1,26846.0
2026-04-02 10:05:00,1336.0,1336.7,1335.5,1336.0,21082.0
2026-04-02 10:06:00,1336.0,1336.0,1334.0,1334.0,53914.0
2026-04-02 10:07:00,1334.0,1334.9,1333.0,1334.4,96712.0
2026-04-02 10:08:00,1334.4,1334.4,1332.0,1332.3,44193.0
2026-04-02 10:09:00,1332.3,1332.9,1329.0,1329.6,112031.0
2026-04-02 10:10:00,1329.5,1330.8,1328.0,1330.5,72905.0
2026-04-02 10:11:00,1330.6,1333.8,1330.6,1333.6,21970.0
2026-04-02 10:12:00,1333.6,1333.7,1332.0,1332.5,20016.0
2026-04-02 10:13:00,1332.5,1334.0,1332.2,1333.6,17729.0
2026-04-02 10:14:00,1333.5,1334.5,1333.2,1333.8,20866.0
2026-04-02 10:15:00,1333.8,1333.8,1330.6,1332.2,51957.0
2026-04-02 10:16:00,1332.1,1332.5,1330.0,1330.2,26097.0
2026-04-02 10:17:00,1330.2,1331.9,1330.0,1330.9,67244.0
2026-04-02 10:18:00,1330.9,1332.6,1330.0,1332.2,43425.0
2026-04-02 10:19:00,1332.0,1332.4,1330.6,1332.0,53268.0
2026-04-02 10:20:00,1332.0,1332.9,1331.4,1332.4,13081.0
2026-04-02 10:21:00,1332.4,1332.9,1330.4,1331.0,20990.0
2026-04-02 10:22:00,1331.2,1331.2,1330.1,1330.1,9979.0
2026-04-02 10:23:00,1330.1,1330.3,1328.4,1329.2,41665.0
2026-04-02 10:24:00,1329.1,1329.5,1328.5,1328.6,32319.0
2026-04-02 10:25:00,1328.8,1330.8,1328.3,1330.7,32935.0
2026-04-02 10:26:00,1330.7,1331.5,1330.1,1331.0,21195.0
2026-04-02 10:27:00,1331.1,1332.0,1330.9,1331.6,11594.0
2026-04-02 10:28:00,1331.6,1332.0,1330.6,1331.8,21644.0
2026-04-02 10:29:00,1331.8,1332.4,1331.5,1332.3,23301.0
2026-04-02 10:30:00,1331.9,1334.0,1331.9,1332.6,27130.0
2026-04-02 10:31:00,1332.5,1333.5,1332.0,1332.8,25954.0
2026-04-02 10:32:00,1333.4,1333.4,1332.0,1332.1,22248.0
2026-04-02 10:33:00,1332.3,1332.6,1331.1,1331.1,21170.0
2026-04-02 10:34:00,1331.6,1331.8,1331.1,1331.5,6441.0
2026-04-02 10:35:00,1331.5,1332.4,1331.5,1332.0,8447.0
2026-04-02 10:36:00,1332.0,1332.2,1331.3,1331.7,7989.0
2026-04-02 10:37:00,1331.0,1331.8,1330.8,1331.7,16006.0
2026-04-02 10:38:00,1331.7,1331.8,1331.4,1331.7,6999.0
2026-04-02 10:39:00,1331.8,1332.1,1331.5,1332.1,15063.0
2026-04-02 10:40:00,1332.2,1333.0,1331.9,1332.9,13121.0
2026-04-02 10:41:00,1332.9,1332.9,1331.6,1332.0,13452.0
2026-04-02 10:42:00,1331.7,1334.0,1331.6,1333.9,32690.0
2026-04-02 10:43:00,1333.7,1333.7,1332.5,1332.6,16342.0
2026-04-02 10:44:00,1332.6,1333.6,1332.4,1333.0,11697.0
2026-04-02 10:45:00,1332.5,1333.0,1332.4,1332.8,6182.0
2026-04-02 10:46:00,1333.0,1333.2,1332.4,1332.9,11686.0
2026-04-02 10:47:00,1332.9,1332.9,1332.0,1332.7,20634.0
2026-04-02 10:48:00,1332.6,1333.0,1332.0,1332.8,19460.0
2026-04-02 10:49:00,1332.8,1334.4,1332.2,1333.7,61994.0
2026-04-02 10:50:00,1333.9,1334.5,1333.6,1334.3,16272.0
2026-04-02 10:51:00,1334.5,1334.9,1334.1,1334.7,16249.0
2026-04-02 10:52:00,1334.9,1335.5,1334.9,1335.1,55414.0
2026-04-02 10:53:00,1335.1,1338.4,1334.8,1337.8,62380.0
2026-04-02 10:54:00,1338.4,1338.8,1336.9,1337.3,19378.0
2026-04-02 10:55:00,1337.3,1338.3,1336.6,1338.0,20073.0
2026-04-02 10:56:00,1338.0,1339.1,1337.9,1339.1,48929.0
2026-04-02 10:57:00,1339.3,1340.1,1338.5,1339.8,102268.0
2026-04-02 10:58:00,1339.8,1340.5,1339.2,1339.9,73319.0
2026-04-02 10:59:00,1339.4,1340.8,1339.1,1340.7,16330.0
2026-04-02 11:00:00,1340.7,1341.8,1340.5,1341.2,37263.0
2026-04-02 11:01:00,1341.1,1341.1,1340.0,1340.3,25124.0
2026-04-02 11:02:00,1340.3,1340.8,1339.5,1340.2,55621.0
2026-04-02 11:03:00,1340.3,1340.4,1339.2,1340.0,16143.0
2026-04-02 11:04:00,1340.1,1340.1,1338.4,1339.0,19424.0
2026-04-02 11:05:00,1339.1,1339.9,1338.6,1339.9,21257.0
2026-04-02 11:06:00,1339.8,1340.5,1339.0,1340.5,141069.0
2026-04-02 11:07:00,1340.2,1340.5,1339.6,1339.9,18020.0
2026-04-02 11:08:00,1340.2,1340.9,1339.9,1340.0,22341.0
2026-04-02 11:09:00,1340.1,1340.6,1339.6,1340.1,26938.0
2026-04-02 11:10:00,1340.1,1340.2,1339.0,1339.6,26994.0
2026-04-02 11:11:00,1339.4,1339.7,1338.3,1338.8,34227.0
2026-04-02 11:12:00,1338.5,1340.0,1338.5,1339.6,34260.0
2026-04-02 11:13:00,1339.4,1339.5,1339.0,1339.0,21578.0
2026-04-02 11:14:00,1339.1,1340.9,1338.8,1340.9,60496.0
2026-04-02 11:15:00,1340.6,1341.0,1338.9,1339.6,72265.0
2026-04-02 11:16:00,1339.6,1339.6,1338.1,1338.5,14411.0
2026-04-02 11:17:00,1338.1,1338.6,1336.8,1337.0,40252.0
2026-04-02 11:18:00,1337.5,1338.8,1337.1,1338.6,40982.0
2026-04-02 11:19:00,1338.8,1338.9,1337.8,1338.4,7968.0
2026-04-02 11:20:00,1338.0,1338.5,1337.7,1338.3,17767.0
2026-04-02 11:21:00,1338.1,1338.4,1337.7,1338.2,8576.0
2026-04-02 11:22:00,1338.2,1339.9,1338.0,1339.9,41609.0
2026-04-02 11:23:00,1339.5,1340.0,1339.0,1339.6,22521.0
2026-04-02 11:24:00,1339.5,1339.5,1338.3,1339.0,9226.0
2026-04-02 11:25:00,1338.9,1339.0,1338.4,1338.8,5446.0
2026-04-02 11:26:00,1338.8,1339.5,1338.4,1338.9,15015.0
2026-04-02 11:27:00,1339.0,1339.3,1338.4,1339.1,6794.0
2026-04-02 11:28:00,1339.1,1339.3,1338.4,1339.0,5863.0
2026-04-02 11:29:00,1338.2,1338.9,1338.1,1338.5,10473.0
2026-04-02 11:30:00,1338.6,1339.5,1338.4,1339.5,23484.0
2026-04-02 11:31:00,1339.4,1340.7,1338.7,1340.7,32313.0
2026-04-02 11:32:00,1340.4,1341.2,1340.4,1341.0,71546.0
2026-04-02 11:33:00,1341.0,1341.2,1340.5,1340.6,14210.0
2026-04-02 11:34:00,1340.5,1340.5,1339.2,1339.8,22368.0
2026-04-02 11:35:00,1339.8,1340.0,1339.2,1340.0,19329.0
2026-04-02 11:36:00,1340.0,1340.8,1339.5,1340.8,14824.0
2026-04-02 11:37:00,1340.4,1340.8,1339.9,1340.1,15184.0
2026-04-02 11:38:00,1340.0,1340.6,1339.8,1340.0,14423.0
2026-04-02 11:39:00,1340.1,1341.5,1340.0,1341.4,41653.0
2026-04-02 11:40:00,1341.3,1341.5,1339.5,1339.5,48183.0
2026-04-02 11:41:00,1340.0,1340.2,1338.8,1338.8,22856.0
2026-04-02 11:42:00,1338.8,1339.2,1338.1,1338.8,22104.0
2026-04-02 11:43:00,1338.8,1339.2,1338.3,1339.2,13462.0
2026-04-02 11:44:00,1338.6,1339.1,1338.1,1338.6,13750.0
2026-04-02 11:45:00,1338.3,1339.7,1338.1,1339.1,26255.0
2026-04-02 11:46:00,1339.7,1339.8,1339.1,1339.2,9800.0
2026-04-02 11:47:00,1339.6,1340.2,1339.2,1340.2,9753.0
2026-04-02 11:48:00,1340.0,1340.4,1339.2,1339.6,12898.0
2026-04-02 11:49:00,1339.2,1339.8,1339.1,1339.2,9291.0
2026-04-02 11:50:00,1339.1,1339.9,1339.0,1339.2,12274.0
2026-04-02 11:51:00,1339.7,1340.9,1338.8,1340.5,24882.0
2026-04-02 11:52:00,1340.5,1341.0,1338.8,1338.8,23155.0
2026-04-02 11:53:00,1339.4,1339.9,1338.8,1339.7,39778.0
2026-04-02 11:54:00,1339.7,1339.9,1339.0,1339.1,20158.0
2026-04-02 11:55:00,1339.1,1339.6,1338.6,1339.3,18929.0
2026-04-02 11:56:00,1338.6,1339.6,1338.5,1339.6,62633.0
2026-04-02 11:57:00,1339.5,1342.1,1339.5,1342.0,34244.0
2026-04-02 11:58:00,1341.4,1342.8,1341.4,1342.6,22396.0
2026-04-02 11:59:00,1342.6,1342.7,1340.3,1341.2,19902.0
2026-04-02 12:00:00,1340.7,1341.8,1340.7,1341.1,12973.0
2026-04-02 12:01:00,1341.4,1341.5,1340.5,1341.2,11812.0
2026-04-02 12:02:00,1341.4,1342.0,1340.7,1342.0,12662.0
2026-04-02 12:03:00,1342.0,1344.8,1341.7,1344.4,82850.0
2026-04-02 12:04:00,1344.1,1344.6,1343.3,1344.0,75320.0
2026-04-02 12:05:00,1344.0,1344.1,1343.0,1343.5,23497.0
2026-04-02 12:06:00,1343.5,1343.7,1342.3,1343.1,34667.0
2026-04-02 12:07:00,1343.1,1343.2,1342.5,1343.1,19571.0
2026-04-02 12:08:00,1343.0,1345.5,1342.6,1345.5,43990.0
2026-04-02 12:09:00,1345.6,1345.7,1344.1,1344.7,29174.0
2026-04-02 12:10:00,1344.7,1344.8,1344.1,1344.5,6008.0
2026-04-02 12:11:00,1344.4,1345.8,1343.6,1343.7,34662.0
2026-04-02 12:12:00,1343.7,1344.4,1343.6,1344.2,13230.0
2026-04-02 12:13:00,1344.2,1344.2,1343.4,1343.5,8718.0
2026-04-02 12:14:00,1343.7,1343.8,1343.1,1343.7,7670.0
2026-04-02 12:15:00,1343.2,1343.8,1342.8,1343.3,13601.0
2026-04-02 12:16:00,1343.1,1343.3,1342.2,1342.2,61948.0
2026-04-02 12:17:00,1342.7,1342.7,1341.9,1342.5,27119.0
2026-04-02 12:18:00,1342.4,1344.3,1342.1,1344.0,47477.0
2026-04-02 12:19:00,1344.2,1344.2,1342.4,1343.3,19476.0
2026-04-02 12:20:00,1342.8,1343.4,1342.7,1342.9,6481.0
2026-04-02 12:21:00,1342.9,1343.1,1341.0,1341.8,40526.0
2026-04-02 12:22:00,1341.4,1342.7,1341.1,1342.1,17523.0
2026-04-02 12:23:00,1342.1,1342.7,1341.9,1342.2,8373.0
2026-04-02 12:24:00,1342.6,1343.0,1342.1,1342.8,9752.0
2026-04-02 12:25:00,1342.3,1343.0,1342.2,1342.8,9998.0
2026-04-02 12:26:00,1343.0,1344.0,1342.4,1343.8,12886.0
2026-04-02 12:27:00,1343.3,1343.9,1342.5,1343.1,11815.0
2026-04-02 12:28:00,1343.1,1343.5,1342.8,1343.3,9865.0
2026-04-02 12:29:00,1342.9,1344.6,1342.8,1344.5,11918.0
2026-04-02 12:30:00,1344.5,1345.0,1344.2,1344.8,27642.0
2026-04-02 12:31:00,1344.8,1345.1,1343.2,1343.7,29344.0
2026-04-02 12:32:00,1343.8,1344.6,1343.5,1344.6,7979.0
2026-04-02 12:33:00,1344.2,1344.9,1344.0,1344.5,16687.0
2026-04-02 12:34:00,1344.0,1345.0,1344.0,1344.8,8143.0
2026-04-02 12:35:00,1344.8,1345.0,1343.8,1344.5,26349.0
2026-04-02 12:36:00,1344.3,1345.9,1344.3,1345.7,20855.0
2026-04-02 12:37:00,1345.3,1347.0,1344.7,1345.4,30868.0
2026-04-02 12:38:00,1345.0,1346.6,1345.0,1346.3,14847.0
2026-04-02 12:39:00,1345.9,1346.3,1345.0,1345.0,12311.0
2026-04-02 12:40:00,1345.0,1345.9,1345.0,1345.8,12536.0
2026-04-02 12:41:00,1345.5,1345.8,1345.1,1345.3,5734.0
2026-04-02 12:42:00,1345.3,1345.5,1343.7,1343.7,27370.0
2026-04-02 12:43:00,1343.8,1345.5,1343.8,1345.5,15730.0
2026-04-02 12:44:00,1345.1,1345.8,1344.6,1345.2,6438.0
2026-04-02 12:45:00,1345.0,1345.7,1345.0,1345.3,12101.0
2026-04-02 12:46:00,1345.0,1345.3,1344.0,1344.6,10780.0
2026-04-02 12:47:00,1344.4,1344.7,1343.2,1343.8,26780.0
2026-04-02 12:48:00,1343.7,1344.5,1343.4,1344.5,12417.0
2026-04-02 12:49:00,1344.5,1344.7,1343.0,1343.2,14109.0
2026-04-02 12:50:00,1343.6,1345.6,1343.5,1345.0,32380.0
2026-04-02 12:51:00,1344.4,1344.6,1343.1,1343.5,18600.0
2026-04-02 12:52:00,1343.0,1344.0,1343.0,1343.9,27427.0
2026-04-02 12:53:00,1343.6,1343.9,1342.2,1342.2,22038.0
2026-04-02 12:54:00,1342.2,1343.0,1341.7,1342.2,34474.0
2026-04-02 12:55:00,1342.0,1344.0,1342.0,1343.7,76388.0
2026-04-02 12:56:00,1344.4,1345.7,1343.5,1343.8,151346.0
2026-04-02 12:57:00,1343.4,1344.1,1343.4,1343.7,26745.0
2026-04-02 12:58:00,1343.7,1343.8,1341.3,1341.5,96620.0
2026-04-02 12:59:00,1341.5,1342.1,1341.0,1341.5,69758.0
2026-04-02 13:00:00,1341.5,1343.2,1341.5,1342.3,125018.0
2026-04-02 13:01:00,1342.3,1344.9,1342.0,1344.8,42519.0
2026-04-02 13:02:00,1344.7,1345.3,1344.3,1344.4,83123.0
2026-04-02 13:03:00,1344.4,1344.6,1342.7,1342.9,69691.0
2026-04-02 13:04:00,1342.4,1342.9,1342.0,1342.0,56857.0
2026-04-02 13:05:00,1342.0,1342.1,1341.2,1341.2,28450.0
2026-04-02 13:06:00,1341.3,1341.5,1340.1,1340.1,76886.0
2026-04-02 13:07:00,1340.0,1340.2,1338.7,1338.9,95108.0
2026-04-02 13:08:00,1338.8,1342.5,1338.8,1342.0,61620.0
2026-04-02 13:09:00,1341.7,1342.8,1341.7,1342.5,23476.0
2026-04-02 13:10:00,1342.5,1342.7,1341.1,1341.3,17233.0
2026-04-02 13:11:00,1341.3,1341.9,1340.4,1340.5,37898.0
2026-04-02 13:12:00,1340.5,1340.9,1339.6,1340.2,60027.0
2026-04-02 13:13:00,1340.6,1341.6,1339.6,1340.4,100544.0
2026-04-02 13:14:00,1340.1,1341.5,1340.1,1341.4,14644.0
2026-04-02 13:15:00,1341.1,1342.6,1340.7,1341.8,30431.0
2026-04-02 13:16:00,1341.2,1341.9,1340.7,1341.3,25630.0
2026-04-02 13:17:00,1341.1,1342.8,1341.1,1342.8,13817.0
2026-04-02 13:18:00,1342.6,1343.0,1341.8,1342.5,42991.0
2026-04-02 13:19:00,1342.0,1343.0,1341.5,1341.5,53285.0
2026-04-02 13:20:00,1341.5,1342.1,1341.2,1341.8,47701.0
2026-04-02 13:21:00,1341.8,1343.7,1341.2,1342.6,107305.0
2026-04-02 13:22:00,1342.2,1342.9,1341.4,1341.9,38009.0
2026-04-02 13:23:00,1341.5,1343.2,1341.5,1342.7,69867.0
2026-04-02 13:24:00,1342.6,1343.7,1342.5,1343.2,35457.0
2026-04-02 13:25:00,1343.4,1343.4,1341.4,1342.5,47236.0
2026-04-02 13:26:00,1342.5,1342.9,1341.9,1342.7,20544.0
2026-04-02 13:27:00,1342.7,1343.7,1342.3,1343.7,29498.0
2026-04-02 13:28:00,1343.9,1344.8,1343.6,1344.8,55767.0
2026-04-02 13:29:00,1344.7,1345.4,1344.3,1344.7,65861.0
2026-04-02 13:30:00,1344.7,1344.8,1344.1,1344.5,72767.0
2026-04-02 13:31:00,1344.6,1344.8,1342.8,1343.2,48358.0
2026-04-02 13:32:00,1343.0,1344.0,1342.2,1343.9,46146.0
2026-04-02 13:33:00,1343.8,1344.1,1343.5,1343.7,13706.0
2026-04-02 13:34:00,1343.5,1343.9,1342.6,1343.8,18259.0
2026-04-02 13:35:00,1343.8,1343.8,1342.0,1342.4,17625.0
2026-04-02 13:36:00,1342.4,1343.6,1342.3,1343.5,14752.0
2026-04-02 13:37:00,1343.4,1344.6,1343.2,1343.7,37279.0
2026-04-02 13:38:00,1343.7,1344.6,1343.5,1344.3,24475.0
2026-04-02 13:39:00,1344.4,1344.8,1343.6,1344.3,37367.0
2026-04-02 13:40:00,1344.3,1346.3,1344.2,1345.5,31467.0
2026-04-02 13:41:00,1345.5,1345.7,1344.1,1344.6,28753.0
2026-04-02 13:42:00,1344.6,1344.9,1344.6,1344.8,28603.0
2026-04-02 13:43:00,1344.8,1345.2,1344.4,1344.9,54431.0
2026-04-02 13:44:00,1344.9,1346.4,1344.8,1345.6,45519.0
2026-04-02 13:45:00,1345.7,1345.9,1345.2,1345.8,17169.0
2026-04-02 13:46:00,1345.8,1347.0,1345.8,1346.8,17382.0
2026-04-02 13:47:00,1346.8,1346.9,1345.4,1346.3,24387.0
2026-04-02 13:48:00,1346.3,1346.5,1344.6,1345.9,30030.0
2026-04-02 13:49:00,1345.8,1346.9,1345.7,1346.8,17470.0
2026-04-02 13:50:00,1346.2,1347.0,1345.1,1346.6,32252.0
2026-04-02 13:51:00,1346.3,1347.1,1345.8,1345.8,41516.0
2026-04-02 13:52:00,1346.0,1347.3,1345.8,1347.3,16304.0
2026-04-02 13:53:00,1347.2,1348.2,1347.1,1348.0,31914.0
2026-04-02 13:54:00,1347.9,1348.0,1346.5,1346.5,50877.0
2026-04-02 13:55:00,1346.5,1346.7,1346.0,1346.1,25441.0
2026-04-02 13:56:00,1346.2,1347.0,1345.3,1346.2,25368.0
2026-04-02 13:57:00,1345.7,1346.2,1343.6,1343.6,35644.0
2026-04-02 13:58:00,1343.8,1345.0,1343.0,1344.9,35166.0
2026-04-02 13:59:00,1345.0,1345.6,1344.7,1345.2,12341.0
2026-04-02 14:00:00,1345.2,1346.6,1344.8,1345.7,53776.0
2026-04-02 14:01:00,1346.0,1347.4,1345.9,1346.0,27943.0
2026-04-02 14:02:00,1346.5,1346.5,1345.0,1346.2,14082.0
2026-04-02 14:03:00,1346.3,1347.0,1346.3,1346.6,19318.0
2026-04-02 14:04:00,1346.6,1347.6,1345.8,1347.5,29865.0
2026-04-02 14:05:00,1347.3,1347.8,1346.3,1346.8,27319.0
2026-04-02 14:06:00,1346.6,1347.4,1346.6,1346.8,15963.0
2026-04-02 14:07:00,1346.8,1347.0,1345.5,1346.3,34675.0
2026-04-02 14:08:00,1345.9,1348.0,1345.9,1347.1,51877.0
2026-04-02 14:09:00,1347.2,1349.0,1347.1,1348.9,29928.0
2026-04-02 14:10:00,1348.9,1349.9,1348.5,1349.4,67616.0
2026-04-02 14:11:00,1349.6,1350.9,1349.6,1350.2,80012.0
2026-04-02 14:12:00,1350.2,1350.6,1349.1,1349.7,24317.0
2026-04-02 14:13:00,1350.2,1352.0,1350.0,1351.8,53288.0
2026-04-02 14:14:00,1351.9,1352.3,1351.2,1352.3,49446.0
2026-04-02 14:15:00,1352.1,1354.5,1352.1,1354.3,53252.0
2026-04-02 14:16:00,1354.4,1354.9,1353.1,1354.0,183284.0
2026-04-02 14:17:00,1353.8,1354.2,1352.0,1352.6,112771.0
2026-04-02 14:18:00,1352.8,1353.8,1352.5,1352.7,30744.0
2026-04-02 14:19:00,1352.5,1355.2,1352.5,1354.5,72991.0
2026-04-02 14:20:00,1354.8,1355.2,1353.2,1354.8,62732.0
2026-04-02 14:21:00,1354.6,1355.0,1354.1,1354.6,25083.0
2026-04-02 14:22:00,1354.1,1355.0,1354.1,1354.1,18756.0
2026-04-02 14:23:00,1354.2,1354.5,1353.1,1353.5,34686.0
2026-04-02 14:24:00,1353.6,1355.9,1353.5,1355.8,37851.0
2026-04-02 14:25:00,1356.0,1356.2,1354.8,1354.8,44535.0
2026-04-02 14:26:00,1354.3,1354.7,1353.6,1353.6,19749.0
2026-04-02 14:27:00,1353.5,1355.5,1353.2,1355.4,48525.0
2026-04-02 14:28:00,1355.1,1355.4,1354.6,1355.0,16346.0
2026-04-02 14:29:00,1355.0,1355.0,1354.0,1354.2,17949.0
2026-04-02 14:30:00,1354.0,1354.8,1354.0,1354.7,20792.0
2026-04-02 14:31:00,1354.7,1356.2,1354.7,1355.8,30050.0
2026-04-02 14:32:00,1355.9,1356.4,1354.5,1355.9,42120.0
2026-04-02 14:33:00,1355.9,1356.6,1355.6,1356.5,25645.0
2026-04-02 14:34:00,1356.5,1356.9,1354.5,1356.0,56728.0
2026-04-02 14:35:00,1356.0,1356.0,1354.5,1355.2,18438.0
2026-04-02 14:36:00,1355.2,1355.2,1353.0,1353.4,40843.0
2026-04-02 14:37:00,1353.2,1353.6,1351.6,1352.0,38356.0
2026-04-02 14:38:00,1352.0,1352.4,1350.0,1351.1,80738.0
2026-04-02 14:39:00,1351.0,1351.1,1350.2,1350.5,31924.0
2026-04-02 14:40:00,1350.6,1351.3,1349.6,1349.6,61558.0
2026-04-02 14:41:00,1348.9,1348.9,1346.6,1347.6,215960.0
2026-04-02 14:42:00,1347.4,1348.8,1347.2,1348.7,72891.0
2026-04-02 14:43:00,1348.7,1349.1,1346.9,1348.1,121135.0
2026-04-02 14:44:00,1348.0,1348.7,1347.1,1347.7,92588.0
2026-04-02 14:45:00,1347.7,1349.1,1347.3,1348.9,39987.0
2026-04-02 14:46:00,1348.9,1350.6,1348.9,1350.5,49406.0
2026-04-02 14:47:00,1350.5,1351.6,1348.5,1350.2,42360.0
2026-04-02 14:48:00,1349.8,1351.4,1349.3,1351.1,93699.0
2026-04-02 14:49:00,1351.1,1351.1,1349.1,1349.1,36732.0
2026-04-02 14:50:00,1349.0,1351.1,1349.0,1351.0,16930.0
2026-04-02 14:51:00,1351.0,1351.9,1350.9,1351.6,78536.0
2026-04-02 14:52:00,1351.5,1351.5,1349.2,1349.2,43512.0
2026-04-02 14:53:00,1349.2,1351.6,1348.8,1350.7,143103.0
2026-04-02 14:54:00,1350.6,1351.0,1349.1,1350.4,31369.0
2026-04-02 14:55:00,1350.3,1350.4,1349.2,1349.7,35508.0
2026-04-02 14:56:00,1349.9,1350.5,1349.6,1350.1,21604.0
2026-04-02 14:57:00,1350.1,1350.5,1348.4,1349.4,32703.0
2026-04-02 14:58:00,1349.4,1349.5,1348.6,1349.2,25637.0
2026-04-02 14:59:00,1349.2,1350.0,1348.9,1349.4,22388.0
2026-04-02 15:00:00,1349.5,1350.5,1348.7,1349.9,156144.0
2026-04-02 15:01:00,1349.9,1350.2,1348.3,1349.7,231492.0
2026-04-02 15:02:00,1349.2,1349.6,1346.9,1347.1,472665.0
2026-04-02 15:03:00,1346.1,1347.1,1344.1,1346.1,1113236.0
2026-04-02 15:04:00,1346.0,1347.7,1344.1,1347.5,248573.0
2026-04-02 15:05:00,1347.8,1349.4,1347.7,1348.6,391003.0
2026-04-02 15:06:00,1348.3,1350.2,1347.4,1347.5,406221.0
2026-04-02 15:07:00,1347.8,1350.8,1347.2,1349.6,349483.0
2026-04-02 15:08:00,1349.3,1350.6,1348.3,1350.3,205283.0
2026-04-02 15:09:00,1350.5,1351.2,1350.3,1351.1,158685.0
2026-04-02 15:10:00,1351.1,1352.0,1351.1,1351.9,157360.0
2026-04-02 15:11:00,1351.7,1354.7,1351.7,1352.8,165810.0
2026-04-02 15:12:00,1353.1,1354.0,1352.5,1353.0,110628.0
2026-04-02 15:13:00,1353.0,1353.3,1351.8,1352.4,159550.0
2026-04-02 15:14:00,1352.4,1355.2,1352.4,1355.2,281237.0
2026-04-02 15:15:00,1355.5,1355.9,1353.7,1355.2,234895.0
2026-04-02 15:16:00,1355.1,1358.2,1355.1,1355.8,199835.0
2026-04-02 15:17:00,1356.4,1356.5,1353.6,1354.0,83864.0
2026-04-02 15:18:00,1354.2,1355.0,1352.6,1352.6,134644.0
2026-04-02 15:19:00,1353.1,1354.0,1351.1,1353.0,929308.0
2026-04-02 15:20:00,1354.0,1354.3,1349.2,1351.8,654349.0
2026-04-02 15:21:00,1351.9,1354.0,1351.9,1352.3,121255.0
2026-04-02 15:22:00,1352.6,1354.5,1351.1,1353.8,297185.0
2026-04-02 15:23:00,1353.7,1354.0,1350.6,1352.1,120800.0
2026-04-02 15:24:00,1352.1,1352.7,1349.3,1349.5,161328.0
2026-04-02 15:25:00,1349.1,1350.6,1347.7,1349.6,127366.0
2026-04-02 15:26:00,1349.7,1351.9,1349.7,1351.0,150393.0
2026-04-02 15:27:00,1350.8,1351.3,1349.6,1351.1,82462.0
2026-04-02 15:28:00,1351.3,1351.5,1350.0,1351.2,44801.0
2026-04-02 15:29:00,1351.2,1351.3,1350.0,1350.9,21741.0
2026-04-06 09:15:00,1359.0,1359.0,1342.1,1346.1,246311.0
2026-04-06 09:16:00,1345.2,1346.5,1344.6,1345.5,79518.0
2026-04-06 09:17:00,1345.5,1345.6,1340.2,1341.8,59756.0
2026-04-06 09:18:00,1342.0,1342.0,1336.1,1336.9,83916.0
2026-04-06 09:19:00,1336.9,1340.0,1336.9,1338.7,56819.0
2026-04-06 09:20:00,1339.3,1339.4,1335.2,1336.2,106047.0
2026-04-06 09:21:00,1336.0,1336.2,1335.1,1335.9,48372.0
2026-04-06 09:22:00,1335.8,1335.9,1333.1,1333.9,95509.0
2026-04-06 09:23:00,1333.9,1334.9,1331.7,1333.0,117900.0
2026-04-06 09:24:00,1332.9,1333.0,1330.5,1331.6,61260.0
2026-04-06 09:25:00,1331.6,1332.4,1330.0,1330.7,113195.0
2026-04-06 09:26:00,1331.0,1331.4,1330.2,1331.2,46526.0
2026-04-06 09:27:00,1331.3,1331.6,1327.5,1328.5,88492.0
2026-04-06 09:28:00,1328.9,1328.9,1324.2,1324.3,144161.0
2026-04-06 09:29:00,1324.7,1327.8,1324.6,1325.7,55296.0
2026-04-06 09:30:00,1325.5,1326.7,1323.5,1325.0,125980.0
2026-04-06 09:31:00,1325.2,1326.7,1325.0,1326.7,34733.0
2026-04-06 09:32:00,1324.9,1325.0,1323.0,1325.0,81337.0
2026-04-06 09:33:00,1324.7,1327.7,1324.7,1327.1,123006.0
2026-04-06 09:34:00,1327.4,1327.7,1326.0,1326.0,109004.0
2026-04-06 09:35:00,1326.5,1326.9,1324.8,1325.0,110919.0
2026-04-06 09:36:00,1325.4,1326.4,1324.7,1326.4,86125.0
2026-04-06 09:37:00,1326.3,1326.3,1324.5,1325.1,75572.0
2026-04-06 09:38:00,1324.8,1325.1,1321.2,1322.5,219336.0
2026-04-06 09:39:00,1322.4,1322.7,1321.1,1322.2,55933.0
2026-04-06 09:40:00,1322.4,1324.0,1321.4,1321.6,78484.0
2026-04-06 09:41:00,1321.8,1322.0,1319.0,1319.2,143427.0
2026-04-06 09:42:00,1319.6,1319.6,1317.0,1318.8,75530.0
2026-04-06 09:43:00,1318.2,1318.6,1316.0,1316.4,101291.0
2026-04-06 09:44:00,1317.0,1317.9,1316.3,1317.0,79683.0
2026-04-06 09:45:00,1317.0,1318.4,1316.0,1318.4,67819.0
2026-04-06 09:46:00,1318.0,1320.3,1318.0,1320.2,74681.0
2026-04-06 09:47:00,1320.0,1320.0,1316.8,1317.8,101415.0
2026-04-06 09:48:00,1317.5,1319.2,1317.4,1319.1,46384.0
2026-04-06 09:49:00,1319.2,1319.2,1318.1,1318.6,36395.0
2026-04-06 09:50:00,1318.4,1318.9,1318.0,1318.5,40319.0
2026-04-06 09:51:00,1318.5,1319.0,1318.1,1319.0,46504.0
2026-04-06 09:52:00,1318.9,1319.1,1316.4,1316.4,88352.0
2026-04-06 09:53:00,1316.5,1318.3,1316.5,1318.1,103175.0
2026-04-06 09:54:00,1318.5,1318.9,1317.5,1318.2,41760.0
2026-04-06 09:55:00,1318.1,1318.2,1317.0,1318.0,96034.0
2026-04-06 09:56:00,1317.7,1318.3,1317.4,1318.2,82573.0
2026-04-06 09:57:00,1318.1,1318.3,1317.3,1318.3,74509.0
2026-04-06 09:58:00,1318.3,1318.7,1317.8,1318.0,42808.0
2026-04-06 09:59:00,1317.9,1318.3,1317.4,1318.1,58282.0
2026-04-06 10:00:00,1317.8,1318.6,1317.5,1317.9,64584.0
2026-04-06 10:01:00,1317.6,1319.9,1317.5,1319.5,52318.0
2026-04-06 10:02:00,1319.7,1320.3,1319.0,1319.8,55526.0
2026-04-06 10:03:00,1319.7,1320.8,1319.4,1320.4,32269.0
2026-04-06 10:04:00,1320.4,1321.9,1320.4,1321.6,33335.0
2026-04-06 10:05:00,1321.9,1323.5,1320.3,1320.8,68918.0
2026-04-06 10:06:00,1320.9,1322.0,1320.6,1321.0,28745.0
2026-04-06 10:07:00,1321.5,1322.2,1320.4,1321.0,27426.0
2026-04-06 10:08:00,1321.0,1321.6,1320.9,1321.0,14245.0
2026-04-06 10:09:00,1321.1,1321.4,1320.2,1321.4,30382.0
2026-04-06 10:10:00,1321.3,1321.4,1320.0,1320.0,37361.0
2026-04-06 10:11:00,1320.4,1321.8,1320.0,1321.8,29868.0
2026-04-06 10:12:00,1321.8,1322.4,1321.0,1321.4,23966.0
2026-04-06 10:13:00,1321.0,1321.5,1320.1,1320.9,28381.0
2026-04-06 10:14:00,1320.7,1322.0,1320.7,1321.4,34686.0
2026-04-06 10:15:00,1321.9,1322.3,1321.0,1321.3,19568.0
2026-04-06 10:16:00,1321.0,1321.0,1319.6,1319.6,98412.0
2026-04-06 10:17:00,1319.6,1319.6,1319.0,1319.5,28504.0
2026-04-06 10:18:00,1319.1,1319.3,1318.1,1319.0,172142.0
2026-04-06 10:19:00,1318.5,1319.2,1318.0,1318.4,125521.0
2026-04-06 10:20:00,1318.2,1319.2,1318.1,1318.7,101026.0
2026-04-06 10:21:00,1319.0,1319.1,1318.0,1318.4,61189.0
2026-04-06 10:22:00,1318.3,1319.2,1318.1,1318.5,228240.0
2026-04-06 10:23:00,1318.5,1319.1,1318.2,1318.7,28212.0
2026-04-06 10:24:00,1318.9,1319.2,1318.1,1318.2,36240.0
2026-04-06 10:25:00,1318.2,1318.6,1317.8,1318.3,64575.0
2026-04-06 10:26:00,1318.6,1318.7,1317.4,1318.0,116745.0
2026-04-06 10:27:00,1318.0,1318.0,1313.2,1313.8,368546.0
2026-04-06 10:28:00,1313.2,1314.1,1313.0,1313.8,76422.0
2026-04-06 10:29:00,1313.4,1314.7,1313.4,1314.5,83392.0
2026-04-06 10:30:00,1314.5,1314.5,1312.0,1312.5,76650.0
2026-04-06 10:31:00,1312.7,1314.0,1312.7,1313.5,41018.0
2026-04-06 10:32:00,1313.7,1313.7,1312.9,1313.0,48418.0
2026-04-06 10:33:00,1313.2,1313.4,1312.0,1312.1,57091.0
2026-04-06 10:34:00,1312.3,1312.4,1312.0,1312.4,35065.0
2026-04-06 10:35:00,1312.5,1312.5,1312.1,1312.4,55084.0
2026-04-06 10:36:00,1312.5,1312.5,1312.1,1312.5,37053.0
2026-04-06 10:37:00,1312.5,1312.5,1312.0,1312.4,46533.0
2026-04-06 10:38:00,1312.3,1312.4,1311.1,1311.1,91091.0
2026-04-06 10:39:00,1311.2,1311.8,1311.0,1311.4,39038.0
2026-04-06 10:40:00,1311.4,1311.5,1309.1,1309.7,180684.0
2026-04-06 10:41:00,1309.7,1310.9,1309.5,1310.0,68622.0
2026-04-06 10:42:00,1310.0,1310.0,1308.7,1308.8,66009.0
2026-04-06 10:43:00,1308.7,1310.1,1308.6,1309.0,81058.0
2026-04-06 10:44:00,1309.0,1309.1,1307.4,1309.0,106970.0
2026-04-06 10:45:00,1309.0,1309.7,1308.0,1309.0,67545.0
2026-04-06 10:46:00,1309.0,1309.9,1308.7,1309.5,63714.0
2026-04-06 10:47:00,1309.7,1310.3,1309.4,1309.7,78256.0
2026-04-06 10:48:00,1309.6,1310.0,1309.4,1309.5,44451.0
2026-04-06 10:49:00,1309.5,1309.6,1308.9,1309.3,85002.0
2026-04-06 10:50:00,1309.5,1310.8,1309.4,1310.2,70747.0
2026-04-06 10:51:00,1310.2,1310.4,1305.3,1305.8,176191.0
2026-04-06 10:52:00,1306.2,1307.0,1305.0,1305.1,183455.0
2026-04-06 10:53:00,1305.0,1305.4,1303.5,1304.2,117506.0
2026-04-06 10:54:00,1304.1,1304.1,1302.0,1302.4,130299.0
2026-04-06 10:55:00,1302.4,1302.6,1301.1,1301.1,184563.0
2026-04-06 10:56:00,1301.1,1302.0,1300.2,1301.3,171012.0
2026-04-06 10:57:00,1301.3,1305.0,1301.2,1305.0,135920.0
2026-04-06 10:58:00,1304.9,1305.0,1302.0,1304.0,127961.0
2026-04-06 10:59:00,1303.6,1303.6,1302.4,1302.5,54693.0
2026-04-06 11:00:00,1302.5,1302.5,1300.8,1300.8,115899.0
2026-04-06 11:01:00,1300.8,1301.3,1300.6,1301.1,82978.0
2026-04-06 11:02:00,1301.1,1301.1,1299.0,1299.5,302313.0
2026-04-06 11:03:00,1299.2,1299.6,1298.0,1298.0,146602.0
2026-04-06 11:04:00,1298.1,1299.3,1296.0,1296.9,213098.0
2026-04-06 11:05:00,1296.9,1298.0,1296.9,1297.7,55100.0
2026-04-06 11:06:00,1297.6,1300.0,1296.5,1298.1,208084.0
2026-04-06 11:07:00,1298.0,1300.3,1298.0,1300.0,119629.0
2026-04-06 11:08:00,1299.7,1301.0,1299.3,1300.1,85256.0
2026-04-06 11:09:00,1300.2,1300.4,1298.0,1298.6,54138.0
2026-04-06 11:10:00,1298.6,1298.6,1296.6,1297.6,60612.0
2026-04-06 11:11:00,1297.5,1297.5,1295.0,1295.9,124385.0
2026-04-06 11:12:00,1295.9,1297.4,1295.9,1296.8,67634.0
2026-04-06 11:13:00,1297.1,1298.5,1296.6,1297.0,79952.0
2026-04-06 11:14:00,1297.2,1298.4,1297.1,1298.3,42156.0
2026-04-06 11:15:00,1298.7,1299.0,1298.0,1298.0,35411.0
2026-04-06 11:16:00,1298.1,1300.5,1298.1,1299.4,93812.0
2026-04-06 11:17:00,1299.4,1300.2,1298.7,1300.1,52441.0
2026-04-06 11:18:00,1300.2,1300.7,1299.8,1300.1,40669.0
2026-04-06 11:19:00,1300.1,1301.5,1299.9,1301.5,55485.0
2026-04-06 11:20:00,1301.5,1301.6,1300.0,1301.0,82620.0
2026-04-06 11:21:00,1301.2,1302.7,1301.1,1302.2,89145.0
2026-04-06 11:22:00,1302.4,1302.4,1300.0,1300.0,141774.0
2026-04-06 11:23:00,1300.1,1302.0,1300.0,1300.7,70865.0
2026-04-06 11:24:00,1300.7,1301.2,1300.0,1300.5,22791.0
2026-04-06 11:25:00,1300.5,1301.5,1300.0,1300.1,35353.0
2026-04-06 11:26:00,1300.0,1300.3,1299.0,1299.7,105468.0
2026-04-06 11:27:00,1299.7,1301.4,1299.6,1301.1,30165.0
2026-04-06 11:28:00,1301.4,1302.2,1301.0,1301.8,20272.0
2026-04-06 11:29:00,1302.0,1302.0,1301.5,1302.0,29151.0
2026-04-06 11:30:00,1302.0,1302.2,1301.0,1302.0,34980.0
2026-04-06 11:31:00,1302.2,1302.4,1300.2,1300.3,119436.0
2026-04-06 11:32:00,1300.4,1300.6,1300.0,1300.4,27710.0
2026-04-06 11:33:00,1300.4,1300.4,1300.0,1300.0,27703.0
2026-04-06 11:34:00,1300.0,1300.7,1300.0,1300.7,29128.0
2026-04-06 11:35:00,1300.9,1301.8,1300.9,1301.6,15148.0
2026-04-06 11:36:00,1301.8,1301.8,1301.0,1301.4,22752.0
2026-04-06 11:37:00,1301.4,1301.9,1301.0,1301.9,34697.0
2026-04-06 11:38:00,1302.0,1302.7,1301.8,1302.7,52080.0
2026-04-06 11:39:00,1302.6,1302.8,1300.0,1300.0,88289.0
2026-04-06 11:40:00,1300.0,1300.5,1299.0,1300.2,77332.0
2026-04-06 11:41:00,1300.0,1300.9,1300.0,1300.1,34338.0
2026-04-06 11:42:00,1300.1,1300.3,1299.6,1300.3,32415.0
2026-04-06 11:43:00,1300.3,1300.6,1300.0,1300.2,29802.0
2026-04-06 11:44:00,1300.2,1301.4,1300.1,1300.6,27000.0
2026-04-06 11:45:00,1300.8,1301.1,1300.6,1300.8,27865.0
2026-04-06 11:46:00,1300.7,1300.9,1300.3,1300.7,23584.0
2026-04-06 11:47:00,1300.7,1302.8,1300.6,1302.6,58672.0
2026-04-06 11:48:00,1302.4,1302.8,1301.0,1301.1,66360.0
2026-04-06 11:49:00,1301.1,1302.0,1300.0,1300.3,225945.0
2026-04-06 11:50:00,1300.2,1301.9,1300.0,1301.9,43090.0
2026-04-06 11:51:00,1301.9,1301.9,1301.0,1301.5,22228.0
2026-04-06 11:52:00,1301.7,1302.0,1301.6,1301.9,20304.0
2026-04-06 11:53:00,1301.9,1302.0,1301.3,1301.5,25468.0
2026-04-06 11:54:00,1301.6,1303.2,1301.6,1302.9,82673.0
2026-04-06 11:55:00,1303.2,1303.2,1302.0,1302.3,26314.0
2026-04-06 11:56:00,1302.3,1304.1,1302.1,1304.1,51168.0
2026-04-06 11:57:00,1304.3,1304.9,1303.9,1304.1,74573.0
2026-04-06 11:58:00,1304.0,1304.1,1303.0,1303.0,44604.0
2026-04-06 11:59:00,1303.1,1303.1,1302.0,1302.2,44534.0
2026-04-06 12:00:00,1302.3,1303.2,1302.2,1303.0,23565.0
2026-04-06 12:01:00,1303.0,1303.0,1302.0,1302.5,29211.0
2026-04-06 12:02:00,1302.5,1302.8,1300.7,1300.7,42076.0
2026-04-06 12:03:00,1300.7,1300.9,1300.1,1300.9,86787.0
2026-04-06 12:04:00,1300.7,1301.0,1299.8,1300.0,90909.0
2026-04-06 12:05:00,1299.9,1300.1,1299.1,1299.8,70718.0
2026-04-06 12:06:00,1299.8,1300.7,1299.7,1300.6,62819.0
2026-04-06 12:07:00,1300.6,1301.0,1299.9,1300.6,65366.0
2026-04-06 12:08:00,1300.4,1300.7,1300.0,1300.7,19761.0
2026-04-06 12:09:00,1300.8,1301.4,1299.4,1299.4,56234.0
2026-04-06 12:10:00,1299.4,1299.4,1298.3,1298.6,68672.0
2026-04-06 12:11:00,1299.0,1300.0,1298.9,1299.4,48369.0
2026-04-06 12:12:00,1299.4,1299.7,1299.1,1299.2,29415.0
2026-04-06 12:13:00,1299.2,1299.3,1298.8,1299.0,29045.0
2026-04-06 12:14:00,1298.9,1299.0,1298.1,1298.1,26697.0
2026-04-06 12:15:00,1298.4,1298.6,1297.5,1297.9,73839.0
2026-04-06 12:16:00,1298.0,1298.6,1297.1,1297.3,96657.0
2026-04-06 12:17:00,1297.3,1297.3,1296.5,1296.9,59447.0
2026-04-06 12:18:00,1297.1,1297.1,1296.5,1296.5,42198.0
2026-04-06 12:19:00,1296.9,1297.0,1295.1,1295.4,118687.0
2026-04-06 12:20:00,1295.3,1298.2,1295.2,1297.4,184744.0
2026-04-06 12:21:00,1297.9,1297.9,1296.4,1296.6,96043.0
2026-04-06 12:22:00,1296.7,1297.6,1295.1,1297.0,218911.0
2026-04-06 12:23:00,1297.0,1297.0,1295.1,1295.2,83915.0
2026-04-06 12:24:00,1295.2,1295.6,1294.1,1295.6,96858.0
2026-04-06 12:25:00,1295.7,1296.3,1295.5,1295.9,37356.0
2026-04-06 12:26:00,1296.0,1296.2,1295.8,1296.1,28661.0
2026-04-06 12:27:00,1296.1,1296.2,1295.5,1295.8,33632.0
2026-04-06 12:28:00,1295.8,1297.0,1295.8,1296.7,56151.0
2026-04-06 12:29:00,1296.4,1296.4,1295.6,1295.6,57811.0
2026-04-06 12:30:00,1295.6,1295.6,1293.3,1293.9,161833.0
2026-04-06 12:31:00,1294.1,1294.1,1292.2,1292.6,138752.0
2026-04-06 12:32:00,1292.6,1293.1,1292.1,1292.3,69083.0
2026-04-06 12:33:00,1292.3,1292.4,1291.2,1292.0,128034.0
2026-04-06 12:34:00,1291.9,1292.0,1290.1,1290.5,190254.0
2026-04-06 12:35:00,1290.5,1290.8,1290.0,1290.8,142307.0
2026-04-06 12:36:00,1290.7,1291.6,1290.7,1291.1,70481.0
2026-04-06 12:37:00,1291.1,1292.5,1291.1,1291.1,107502.0
2026-04-06 12:38:00,1291.3,1291.6,1291.1,1291.6,29968.0
2026-04-06 12:39:00,1291.6,1292.3,1291.5,1291.6,36585.0
2026-04-06 12:40:00,1291.6,1292.4,1291.4,1292.4,50587.0
2026-04-06 12:41:00,1292.4,1292.4,1291.0,1291.1,124769.0
2026-04-06 12:42:00,1291.1,1291.2,1290.3,1290.3,57212.0
2026-04-06 12:43:00,1290.3,1291.8,1290.1,1291.4,189990.0
2026-04-06 12:44:00,1291.5,1292.8,1291.1,1292.3,103761.0
2026-04-06 12:45:00,1292.2,1293.4,1291.7,1293.2,125169.0
2026-04-06 12:46:00,1293.5,1294.5,1293.1,1294.5,88742.0
2026-04-06 12:47:00,1294.5,1295.9,1294.0,1294.7,107666.0
2026-04-06 12:48:00,1294.6,1296.0,1294.5,1295.9,65046.0
2026-04-06 12:49:00,1295.9,1297.1,1295.5,1297.0,105912.0
2026-04-06 12:50:00,1297.5,1297.9,1297.0,1297.6,161258.0
2026-04-06 12:51:00,1297.6,1298.8,1297.5,1298.8,116849.0
2026-04-06 12:52:00,1298.7,1298.8,1295.5,1296.0,165492.0
2026-04-06 12:53:00,1296.2,1297.2,1295.6,1296.9,64459.0
2026-04-06 12:54:00,1296.8,1298.6,1296.8,1298.4,77249.0
2026-04-06 12:55:00,1298.3,1298.4,1298.1,1298.3,36236.0
2026-04-06 12:56:00,1298.3,1298.9,1298.0,1298.4,96043.0
2026-04-06 12:57:00,1298.7,1298.9,1298.2,1298.5,56213.0
2026-04-06 12:58:00,1298.6,1298.8,1298.5,1298.8,30606.0
2026-04-06 12:59:00,1298.8,1300.8,1298.7,1300.7,122867.0
2026-04-06 13:00:00,1300.6,1301.9,1300.5,1301.2,84294.0
2026-04-06 13:01:00,1301.2,1301.2,1300.0,1300.2,76649.0
2026-04-06 13:02:00,1300.1,1300.6,1300.0,1300.0,47943.0
2026-04-06 13:03:00,1300.1,1300.1,1298.1,1298.1,67795.0
2026-04-06 13:04:00,1298.2,1298.3,1296.6,1297.7,71363.0
2026-04-06 13:05:00,1297.8,1298.7,1297.6,1298.6,24089.0
2026-04-06 13:06:00,1298.5,1299.4,1298.5,1298.9,53046.0
2026-04-06 13:07:00,1299.0,1300.3,1299.0,1300.1,38718.0
2026-04-06 13:08:00,1300.1,1300.3,1299.1,1299.2,57646.0
2026-04-06 13:09:00,1299.2,1300.4,1299.2,1299.7,68155.0
2026-04-06 13:10:00,1299.7,1300.5,1299.7,1300.2,54542.0
2026-04-06 13:11:00,1300.5,1301.2,1300.1,1301.2,41425.0
2026-04-06 13:12:00,1301.2,1301.8,1301.1,1301.5,46883.0
2026-04-06 13:13:00,1301.5,1302.5,1301.5,1301.8,119760.0
2026-04-06 13:14:00,1301.8,1303.2,1301.5,1302.9,92324.0
2026-04-06 13:15:00,1302.9,1303.5,1301.8,1302.1,107532.0
2026-04-06 13:16:00,1302.4,1303.5,1302.0,1303.5,41097.0
2026-04-06 13:17:00,1303.5,1303.7,1302.4,1302.8,65930.0
2026-04-06 13:18:00,1302.8,1303.9,1302.7,1303.7,66372.0
2026-04-06 13:19:00,1303.9,1303.9,1303.2,1303.5,54924.0
2026-04-06 13:20:00,1303.6,1304.2,1303.2,1304.2,65699.0
2026-04-06 13:21:00,1304.4,1304.9,1304.1,1304.4,72096.0
2026-04-06 13:22:00,1304.2,1304.5,1303.2,1304.3,87391.0
2026-04-06 13:23:00,1304.4,1304.5,1302.6,1303.2,75105.0
2026-04-06 13:24:00,1303.4,1303.5,1302.1,1303.4,54421.0
2026-04-06 13:25:00,1303.5,1303.5,1302.3,1302.8,37882.0
2026-04-06 13:26:00,1303.0,1303.0,1302.1,1302.8,37042.0
2026-04-06 13:27:00,1302.8,1302.8,1302.1,1302.5,44001.0
2026-04-06 13:28:00,1302.5,1303.1,1302.3,1302.4,32324.0
2026-04-06 13:29:00,1302.2,1302.5,1300.6,1301.5,83976.0
2026-04-06 13:30:00,1301.8,1302.8,1301.6,1302.0,53099.0
2026-04-06 13:31:00,1302.4,1303.3,1302.0,1303.3,70798.0
2026-04-06 13:32:00,1303.4,1304.5,1303.3,1303.7,53227.0
2026-04-06 13:33:00,1303.7,1304.1,1303.5,1304.1,40875.0
2026-04-06 13:34:00,1304.1,1304.3,1303.5,1303.8,96042.0
2026-04-06 13:35:00,1303.8,1304.4,1303.5,1304.1,50287.0
2026-04-06 13:36:00,1304.1,1304.4,1303.6,1304.0,56760.0
2026-04-06 13:37:00,1304.0,1304.3,1303.1,1303.5,70462.0
2026-04-06 13:38:00,1303.5,1303.6,1302.4,1302.4,78507.0
2026-04-06 13:39:00,1302.6,1302.6,1300.3,1300.4,78525.0
2026-04-06 13:40:00,1300.7,1301.5,1300.2,1300.3,125058.0
2026-04-06 13:41:00,1300.3,1301.2,1300.0,1300.5,56639.0
2026-04-06 13:42:00,1300.5,1300.5,1298.8,1299.3,106787.0
2026-04-06 13:43:00,1299.2,1299.9,1298.5,1299.3,41665.0
2026-04-06 13:44:00,1299.3,1300.0,1298.8,1299.0,64997.0
2026-04-06 13:45:00,1298.5,1300.0,1298.5,1299.8,38582.0
2026-04-06 13:46:00,1299.8,1300.1,1299.1,1299.7,34970.0
2026-04-06 13:47:00,1299.9,1300.8,1299.7,1300.4,33701.0
2026-04-06 13:48:00,1300.2,1300.2,1299.2,1299.9,40614.0
2026-04-06 13:49:00,1300.0,1300.6,1299.1,1299.2,45878.0
2026-04-06 13:50:00,1299.0,1300.1,1299.0,1299.8,26780.0
2026-04-06 13:51:00,1299.8,1300.9,1299.7,1300.9,31506.0
2026-04-06 13:52:00,1300.9,1301.8,1300.6,1301.8,63425.0
2026-04-06 13:53:00,1301.8,1302.7,1301.4,1302.0,60170.0
2026-04-06 13:54:00,1302.3,1303.0,1301.7,1302.9,35437.0
2026-04-06 13:55:00,1302.9,1303.8,1302.6,1303.3,45926.0
2026-04-06 13:56:00,1303.5,1303.7,1302.0,1302.3,75047.0
2026-04-06 13:57:00,1302.0,1302.2,1301.0,1301.8,33711.0
2026-04-06 13:58:00,1301.7,1301.9,1301.2,1301.5,27080.0
2026-04-06 13:59:00,1301.8,1301.9,1300.9,1300.9,41540.0
2026-04-06 14:00:00,1300.9,1301.9,1300.7,1300.8,56309.0
2026-04-06 14:01:00,1300.8,1301.0,1300.1,1301.0,45071.0
2026-04-06 14:02:00,1301.0,1303.0,1300.7,1303.0,82677.0
2026-04-06 14:03:00,1303.3,1303.7,1302.0,1302.1,55172.0
2026-04-06 14:04:00,1302.1,1303.5,1302.1,1303.2,76505.0
2026-04-06 14:05:00,1303.1,1303.5,1302.5,1303.5,46375.0
2026-04-06 14:06:00,1303.5,1303.5,1302.7,1302.7,47130.0
2026-04-06 14:07:00,1303.0,1303.0,1302.1,1302.1,25913.0
2026-04-06 14:08:00,1302.4,1302.4,1301.4,1301.8,59483.0
2026-04-06 14:09:00,1301.9,1301.9,1301.0,1301.0,45681.0
2026-04-06 14:10:00,1301.0,1302.2,1301.0,1301.8,52849.0
2026-04-06 14:11:00,1301.8,1302.5,1301.7,1302.2,40855.0
2026-04-06 14:12:00,1302.2,1303.1,1302.1,1303.1,87715.0
2026-04-06 14:13:00,1303.2,1303.4,1302.5,1303.2,54011.0
2026-04-06 14:14:00,1303.4,1303.9,1303.0,1303.8,38686.0
2026-04-06 14:15:00,1303.8,1304.7,1303.7,1304.7,106164.0
2026-04-06 14:16:00,1304.7,1304.8,1303.0,1303.2,98694.0
2026-04-06 14:17:00,1303.2,1303.4,1302.8,1303.0,33705.0
2026-04-06 14:18:00,1303.0,1304.9,1302.8,1304.8,63684.0
2026-04-06 14:19:00,1304.9,1305.0,1303.1,1303.1,101697.0
2026-04-06 14:20:00,1303.5,1303.5,1302.6,1303.5,63023.0
2026-04-06 14:21:00,1303.5,1303.7,1302.4,1302.5,41183.0
2026-04-06 14:22:00,1302.6,1302.9,1302.0,1302.9,56629.0
2026-04-06 14:23:00,1302.9,1303.1,1302.4,1302.5,60401.0
2026-04-06 14:24:00,1302.0,1303.1,1302.0,1302.8,72620.0
2026-04-06 14:25:00,1302.8,1302.9,1301.6,1302.5,48364.0
2026-04-06 14:26:00,1302.5,1302.5,1301.8,1302.4,30695.0
2026-04-06 14:27:00,1302.2,1304.5,1302.0,1304.3,73062.0
2026-04-06 14:28:00,1304.3,1304.5,1301.8,1301.9,84525.0
2026-04-06 14:29:00,1301.9,1301.9,1301.4,1301.7,101295.0
2026-04-06 14:30:00,1301.7,1301.9,1301.4,1301.6,41613.0
2026-04-06 14:31:00,1301.6,1302.8,1301.5,1301.9,110408.0
2026-04-06 14:32:00,1302.1,1302.3,1301.7,1302.0,48768.0
2026-04-06 14:33:00,1302.2,1302.9,1302.0,1302.7,50579.0
2026-04-06 14:34:00,1302.6,1302.9,1302.0,1302.5,49978.0
2026-04-06 14:35:00,1302.3,1302.8,1301.5,1302.3,80804.0
2026-04-06 14:36:00,1302.3,1303.9,1302.1,1303.4,62923.0
2026-04-06 14:37:00,1303.4,1304.6,1303.3,1303.4,71173.0
2026-04-06 14:38:00,1303.5,1304.2,1303.3,1303.3,57446.0
2026-04-06 14:39:00,1303.3,1303.7,1302.1,1302.9,71795.0
2026-04-06 14:40:00,1302.9,1302.9,1302.1,1302.2,38391.0
2026-04-06 14:41:00,1302.3,1303.0,1301.6,1302.7,72079.0
2026-04-06 14:42:00,1302.7,1303.0,1302.0,1302.0,40239.0
2026-04-06 14:43:00,1302.2,1304.2,1302.0,1303.8,69842.0
2026-04-06 14:44:00,1303.8,1304.2,1303.3,1303.4,36863.0
2026-04-06 14:45:00,1303.8,1304.0,1303.3,1303.7,48417.0
2026-04-06 14:46:00,1303.7,1304.2,1303.5,1304.0,73433.0
2026-04-06 14:47:00,1303.6,1304.0,1303.3,1303.8,35798.0
2026-04-06 14:48:00,1303.8,1304.3,1303.2,1304.2,118749.0
2026-04-06 14:49:00,1304.2,1304.2,1303.5,1304.2,28910.0
2026-04-06 14:50:00,1304.2,1304.2,1303.5,1303.9,50349.0
2026-04-06 14:51:00,1303.9,1303.9,1303.0,1303.6,58825.0
2026-04-06 14:52:00,1303.9,1304.2,1303.5,1304.0,64907.0
2026-04-06 14:53:00,1304.0,1304.0,1303.1,1303.6,41220.0
2026-04-06 14:54:00,1303.6,1303.7,1303.0,1303.5,55278.0
2026-04-06 14:55:00,1303.4,1303.7,1302.1,1302.9,94074.0
2026-04-06 14:56:00,1302.9,1304.6,1302.9,1304.6,119486.0
2026-04-06 14:57:00,1304.4,1305.0,1303.7,1303.7,84091.0
2026-04-06 14:58:00,1303.3,1303.3,1302.2,1302.2,76016.0
2026-04-06 14:59:00,1302.3,1303.8,1302.1,1303.4,66706.0
2026-04-06 15:00:00,1303.2,1303.5,1303.0,1303.2,45796.0
2026-04-06 15:01:00,1303.2,1304.6,1303.1,1304.5,193472.0
2026-04-06 15:02:00,1304.3,1304.7,1304.2,1304.3,82408.0
2026-04-06 15:03:00,1304.5,1304.5,1302.1,1302.2,217717.0
2026-04-06 15:04:00,1302.2,1302.5,1302.0,1302.5,94366.0
2026-04-06 15:05:00,1302.5,1303.9,1302.4,1303.6,167534.0
2026-04-06 15:06:00,1303.6,1303.6,1303.0,1303.1,78960.0
2026-04-06 15:07:00,1303.2,1304.0,1303.2,1303.5,129795.0
2026-04-06 15:08:00,1303.7,1303.7,1303.0,1303.4,77872.0
2026-04-06 15:09:00,1303.4,1304.4,1303.3,1303.3,162564.0
2026-04-06 15:10:00,1303.6,1304.2,1303.4,1304.1,155185.0
2026-04-06 15:11:00,1304.2,1304.8,1303.4,1304.7,151451.0
2026-04-06 15:12:00,1304.8,1305.8,1304.6,1305.6,182935.0
2026-04-06 15:13:00,1305.7,1307.0,1305.0,1306.9,199844.0
2026-04-06 15:14:00,1306.5,1307.0,1306.2,1306.4,121674.0
2026-04-06 15:15:00,1306.6,1306.6,1305.4,1306.0,131758.0
2026-04-06 15:16:00,1306.0,1306.2,1305.2,1305.9,114437.0
2026-04-06 15:17:00,1306.0,1306.0,1305.0,1305.5,94411.0
2026-04-06 15:18:00,1305.5,1305.6,1305.0,1305.6,146097.0
2026-04-06 15:19:00,1305.5,1305.7,1305.1,1305.1,108324.0
2026-04-06 15:20:00,1305.1,1305.2,1304.9,1305.1,136174.0
2026-04-06 15:21:00,1305.1,1305.4,1305.0,1305.2,110711.0
2026-04-06 15:22:00,1305.2,1305.6,1305.0,1305.6,124325.0
2026-04-06 15:23:00,1305.6,1306.5,1305.1,1306.5,89861.0
2026-04-06 15:24:00,1306.3,1306.5,1305.1,1306.1,132292.0
2026-04-06 15:25:00,1306.3,1306.3,1305.0,1305.8,165456.0
2026-04-06 15:26:00,1305.8,1306.3,1305.4,1305.5,96559.0
2026-04-06 15:27:00,1305.5,1306.0,1305.1,1306.0,74891.0
2026-04-06 15:28:00,1306.0,1306.0,1305.1,1306.0,88567.0
2026-04-06 15:29:00,1306.0,1306.0,1305.2,1306.0,85263.0
2026-04-07 09:15:00,1295.0,1301.6,1291.1,1301.0,324295.0
2026-04-07 09:16:00,1301.6,1301.6,1297.0,1298.1,207589.0
2026-04-07 09:17:00,1298.7,1299.0,1297.4,1298.7,81201.0
2026-04-07 09:18:00,1298.4,1300.0,1298.2,1298.5,83623.0
2026-04-07 09:19:00,1298.6,1299.1,1296.3,1296.6,115083.0
2026-04-07 09:20:00,1296.5,1297.5,1295.3,1295.9,161360.0
2026-04-07 09:21:00,1295.9,1296.9,1295.2,1296.8,97944.0
2026-04-07 09:22:00,1296.5,1297.9,1295.6,1295.7,117447.0
2026-04-07 09:23:00,1295.8,1296.4,1293.9,1294.9,137177.0
2026-04-07 09:24:00,1295.2,1297.1,1293.7,1296.3,80246.0
2026-04-07 09:25:00,1296.0,1296.9,1296.0,1296.8,42983.0
2026-04-07 09:26:00,1296.8,1298.1,1296.8,1297.8,61857.0
2026-04-07 09:27:00,1297.8,1299.5,1297.7,1298.4,50110.0
2026-04-07 09:28:00,1298.5,1298.6,1298.0,1298.0,46149.0
2026-04-07 09:29:00,1298.3,1299.0,1297.7,1298.3,49157.0
2026-04-07 09:30:00,1298.3,1298.6,1298.0,1298.3,49811.0
2026-04-07 09:31:00,1298.3,1298.3,1297.0,1297.0,63096.0
2026-04-07 09:32:00,1297.0,1297.2,1296.5,1297.0,32079.0
2026-04-07 09:33:00,1297.2,1297.4,1297.0,1297.4,20613.0
2026-04-07 09:34:00,1297.2,1297.2,1296.0,1296.3,46621.0
2026-04-07 09:35:00,1296.2,1296.3,1295.3,1295.4,50402.0
2026-04-07 09:36:00,1295.5,1295.5,1294.2,1295.2,70172.0
2026-04-07 09:37:00,1295.2,1295.7,1294.2,1294.8,49427.0
2026-04-07 09:38:00,1294.8,1295.2,1294.1,1294.8,43414.0
2026-04-07 09:39:00,1294.8,1295.0,1294.6,1294.8,22010.0
2026-04-07 09:40:00,1294.8,1295.6,1294.8,1295.1,42461.0
2026-04-07 09:41:00,1295.1,1295.2,1294.5,1294.8,33403.0
2026-04-07 09:42:00,1294.9,1294.9,1293.5,1294.1,62999.0
2026-04-07 09:43:00,1293.9,1294.0,1291.5,1291.5,99537.0
2026-04-07 09:44:00,1291.9,1292.3,1291.6,1292.3,49645.0
2026-04-07 09:45:00,1292.3,1293.9,1292.3,1293.6,29183.0
2026-04-07 09:46:00,1293.6,1294.4,1293.6,1294.1,33025.0
2026-04-07 09:47:00,1294.1,1294.5,1294.0,1294.5,40879.0
2026-04-07 09:48:00,1294.4,1294.6,1293.0,1293.3,47472.0
2026-04-07 09:49:00,1293.3,1293.3,1292.4,1292.5,39537.0
2026-04-07 09:50:00,1292.7,1292.8,1292.5,1292.8,32666.0
2026-04-07 09:51:00,1293.0,1293.5,1292.7,1293.2,41973.0
2026-04-07 09:52:00,1293.3,1293.6,1293.0,1293.0,25829.0
2026-04-07 09:53:00,1293.1,1293.1,1292.3,1292.8,41982.0
2026-04-07 09:54:00,1292.8,1293.4,1292.8,1293.3,36762.0
2026-04-07 09:55:00,1293.3,1293.7,1293.3,1293.7,42819.0
2026-04-07 09:56:00,1293.6,1293.8,1293.2,1293.8,57814.0
2026-04-07 09:57:00,1293.8,1294.3,1293.8,1294.2,24664.0
2026-04-07 09:58:00,1294.3,1295.8,1294.2,1295.3,63054.0
2026-04-07 09:59:00,1295.2,1296.7,1294.9,1296.5,127824.0
2026-04-07 10:00:00,1296.7,1296.9,1296.0,1296.9,71636.0
2026-04-07 10:01:00,1296.8,1297.3,1296.2,1297.3,78801.0
2026-04-07 10:02:00,1297.2,1297.2,1296.4,1296.8,47283.0
2026-04-07 10:03:00,1296.5,1296.9,1296.2,1296.8,30594.0
2026-04-07 10:04:00,1296.8,1297.0,1296.7,1297.0,59247.0
2026-04-07 10:05:00,1296.9,1297.9,1296.7,1297.0,135254.0
2026-04-07 10:06:00,1297.1,1297.1,1295.8,1296.4,27455.0
2026-04-07 10:07:00,1296.3,1296.6,1296.3,1296.6,15111.0
2026-04-07 10:08:00,1296.6,1296.8,1296.0,1296.3,22142.0
2026-04-07 10:09:00,1296.2,1297.1,1296.2,1297.1,21381.0
2026-04-07 10:10:00,1297.0,1298.0,1296.8,1297.8,32004.0
2026-04-07 10:11:00,1297.8,1298.0,1297.3,1298.0,33693.0
2026-04-07 10:12:00,1298.0,1298.2,1297.8,1297.9,57793.0
2026-04-07 10:13:00,1297.8,1298.1,1297.7,1298.0,81631.0
2026-04-07 10:14:00,1298.0,1298.4,1297.8,1298.4,105776.0
2026-04-07 10:15:00,1298.2,1300.7,1298.0,1300.2,137516.0
2026-04-07 10:16:00,1300.2,1300.2,1298.5,1299.0,61357.0
2026-04-07 10:17:00,1299.2,1299.3,1298.5,1299.0,54012.0
2026-04-07 10:18:00,1299.0,1299.0,1298.1,1298.4,16841.0
2026-04-07 10:19:00,1298.1,1299.0,1298.0,1298.9,30442.0
2026-04-07 10:20:00,1298.9,1299.2,1297.3,1297.8,55450.0
2026-04-07 10:21:00,1297.8,1298.8,1297.7,1298.2,32329.0
2026-04-07 10:22:00,1298.4,1298.4,1297.5,1297.9,24628.0
2026-04-07 10:23:00,1297.9,1298.7,1297.9,1298.7,27284.0
2026-04-07 10:24:00,1298.7,1299.0,1298.1,1298.7,23308.0
2026-04-07 10:25:00,1298.7,1299.0,1298.0,1299.0,15813.0
2026-04-07 10:26:00,1298.9,1299.3,1298.6,1298.8,52666.0
2026-04-07 10:27:00,1298.9,1298.9,1298.6,1298.8,10372.0
2026-04-07 10:28:00,1298.8,1298.9,1298.6,1298.9,5929.0
2026-04-07 10:29:00,1298.9,1299.0,1298.9,1298.9,22192.0
2026-04-07 10:30:00,1298.8,1299.0,1298.5,1298.8,23056.0
2026-04-07 10:31:00,1298.8,1299.1,1298.5,1299.1,24829.0
2026-04-07 10:32:00,1299.0,1299.1,1298.9,1299.0,15156.0
2026-04-07 10:33:00,1299.0,1299.0,1298.8,1299.0,12736.0
2026-04-07 10:34:00,1298.9,1299.0,1297.2,1297.5,59504.0
2026-04-07 10:35:00,1297.6,1297.7,1297.5,1297.7,8969.0
2026-04-07 10:36:00,1297.7,1297.8,1295.8,1296.2,56126.0
2026-04-07 10:37:00,1296.2,1297.5,1296.2,1297.4,30933.0
2026-04-07 10:38:00,1297.4,1297.9,1297.4,1297.9,11479.0
2026-04-07 10:39:00,1297.8,1297.9,1297.7,1297.9,9481.0
2026-04-07 10:40:00,1297.9,1298.1,1297.8,1298.0,20957.0
2026-04-07 10:41:00,1298.0,1298.0,1297.9,1298.0,17303.0
2026-04-07 10:42:00,1297.9,1298.4,1297.7,1298.1,67458.0
2026-04-07 10:43:00,1298.0,1298.1,1297.8,1298.0,17444.0
2026-04-07 10:44:00,1298.0,1298.0,1297.0,1297.3,17416.0
2026-04-07 10:45:00,1297.3,1297.6,1297.2,1297.6,18610.0
2026-04-07 10:46:00,1297.5,1298.0,1297.1,1298.0,55011.0
2026-04-07 10:47:00,1298.0,1298.2,1297.9,1297.9,26389.0
2026-04-07 10:48:00,1298.0,1298.0,1297.8,1298.0,16601.0
2026-04-07 10:49:00,1298.0,1298.0,1297.0,1297.5,18028.0
2026-04-07 10:50:00,1297.5,1297.6,1297.0,1297.6,32517.0
2026-04-07 10:51:00,1297.3,1297.3,1295.9,1296.9,48701.0
2026-04-07 10:52:00,1296.9,1296.9,1296.3,1296.3,8097.0
2026-04-07 10:53:00,1296.3,1296.3,1294.0,1294.3,95081.0
2026-04-07 10:54:00,1294.3,1294.8,1293.7,1294.8,55617.0
2026-04-07 10:55:00,1294.8,1296.0,1294.6,1295.0,33894.0
2026-04-07 10:56:00,1295.0,1295.0,1294.1,1294.2,31203.0
2026-04-07 10:57:00,1294.1,1294.3,1293.7,1293.7,22152.0
2026-04-07 10:58:00,1294.1,1294.1,1292.8,1293.5,61923.0
2026-04-07 10:59:00,1293.2,1293.8,1293.0,1293.4,24640.0
2026-04-07 11:00:00,1293.3,1293.4,1292.5,1293.0,37500.0
2026-04-07 11:01:00,1293.0,1294.3,1292.7,1294.0,51956.0
2026-04-07 11:02:00,1294.0,1294.3,1293.0,1293.0,21817.0
2026-04-07 11:03:00,1293.2,1293.9,1293.0,1293.9,13976.0
2026-04-07 11:04:00,1293.9,1294.5,1293.4,1293.7,40115.0
2026-04-07 11:05:00,1293.7,1295.1,1293.0,1294.5,113897.0
2026-04-07 11:06:00,1294.3,1295.2,1294.2,1294.8,96775.0
2026-04-07 11:07:00,1294.8,1295.1,1294.1,1294.8,26546.0
2026-04-07 11:08:00,1294.8,1295.4,1294.8,1295.4,23110.0
2026-04-07 11:09:00,1295.4,1295.4,1293.0,1293.3,81530.0
2026-04-07 11:10:00,1293.3,1293.3,1293.0,1293.0,27186.0
2026-04-07 11:11:00,1293.0,1293.0,1292.1,1292.8,52461.0
2026-04-07 11:12:00,1292.8,1293.5,1292.3,1293.4,101064.0
2026-04-07 11:13:00,1293.3,1293.9,1292.0,1292.3,105988.0
2026-04-07 11:14:00,1292.2,1293.1,1291.0,1293.1,219707.0
2026-04-07 11:15:00,1292.6,1293.4,1292.0,1293.3,68205.0
2026-04-07 11:16:00,1293.4,1293.9,1292.9,1293.9,38471.0
2026-04-07 11:17:00,1293.8,1294.1,1293.3,1293.5,47850.0
2026-04-07 11:18:00,1293.6,1294.2,1293.0,1293.3,68814.0
2026-04-07 11:19:00,1293.2,1293.4,1293.1,1293.3,40486.0
2026-04-07 11:20:00,1293.1,1293.4,1293.0,1293.1,41299.0
2026-04-07 11:21:00,1293.1,1293.5,1291.5,1291.9,333040.0
2026-04-07 11:22:00,1291.9,1294.0,1291.8,1293.8,168912.0
2026-04-07 11:23:00,1293.9,1293.9,1292.8,1293.0,24031.0
2026-04-07 11:24:00,1293.0,1294.4,1293.0,1294.4,52871.0
2026-04-07 11:25:00,1294.4,1294.6,1294.0,1294.2,11965.0
2026-04-07 11:26:00,1294.2,1294.5,1294.0,1294.5,8747.0
2026-04-07 11:27:00,1294.5,1294.9,1294.2,1294.8,75663.0
2026-04-07 11:28:00,1294.9,1295.0,1294.0,1294.6,69379.0
2026-04-07 11:29:00,1294.6,1294.8,1294.5,1294.8,9207.0
2026-04-07 11:30:00,1294.7,1295.0,1293.3,1294.4,38407.0
2026-04-07 11:31:00,1294.7,1294.9,1293.6,1293.9,32129.0
2026-04-07 11:32:00,1293.9,1294.1,1293.8,1294.0,55734.0
2026-04-07 11:33:00,1293.8,1294.0,1293.5,1293.7,34045.0
2026-04-07 11:34:00,1293.7,1294.7,1293.6,1294.5,28510.0
2026-04-07 11:35:00,1294.7,1294.7,1294.1,1294.5,12170.0
2026-04-07 11:36:00,1294.5,1294.7,1293.7,1294.2,14712.0
2026-04-07 11:37:00,1294.2,1294.6,1293.8,1294.3,10860.0
2026-04-07 11:38:00,1294.3,1294.9,1294.2,1294.9,14682.0
2026-04-07 11:39:00,1295.0,1295.4,1294.5,1294.5,52127.0
2026-04-07 11:40:00,1294.8,1294.8,1293.7,1293.7,16624.0
2026-04-07 11:41:00,1293.9,1294.0,1293.2,1293.9,15464.0
2026-04-07 11:42:00,1293.8,1294.4,1293.1,1293.7,26034.0
2026-04-07 11:43:00,1293.5,1294.0,1293.1,1293.5,12326.0
2026-04-07 11:44:00,1293.3,1293.5,1293.1,1293.2,9092.0
2026-04-07 11:45:00,1293.1,1293.6,1293.1,1293.6,14607.0
2026-04-07 11:46:00,1293.5,1294.2,1293.1,1293.2,28947.0
2026-04-07 11:47:00,1293.2,1293.2,1292.6,1292.8,38510.0
2026-04-07 11:48:00,1292.7,1294.1,1292.5,1294.1,37769.0
2026-04-07 11:49:00,1294.1,1294.3,1293.2,1293.8,28628.0
2026-04-07 11:50:00,1293.8,1293.8,1293.3,1293.8,6990.0
2026-04-07 11:51:00,1293.8,1294.5,1293.5,1294.2,15431.0
2026-04-07 11:52:00,1294.0,1294.4,1294.0,1294.1,11585.0
2026-04-07 11:53:00,1294.1,1294.4,1293.9,1294.0,14761.0
2026-04-07 11:54:00,1293.8,1294.4,1293.5,1294.4,14590.0
2026-04-07 11:55:00,1294.2,1295.0,1294.2,1294.8,17906.0
2026-04-07 11:56:00,1294.8,1295.7,1294.8,1295.7,54217.0
2026-04-07 11:57:00,1295.7,1295.8,1295.5,1295.8,48932.0
2026-04-07 11:58:00,1295.7,1295.7,1294.4,1295.0,39181.0
2026-04-07 11:59:00,1295.1,1295.3,1295.0,1295.3,13253.0
2026-04-07 12:00:00,1295.3,1295.7,1295.2,1295.7,42862.0
2026-04-07 12:01:00,1295.7,1295.7,1295.3,1295.3,18767.0
2026-04-07 12:02:00,1295.3,1295.3,1294.2,1294.2,1525283.0
2026-04-07 12:03:00,1294.5,1294.7,1293.6,1294.2,39143.0
2026-04-07 12:04:00,1294.4,1294.9,1294.3,1294.5,9370.0
2026-04-07 12:05:00,1294.7,1294.7,1293.6,1294.3,16031.0
2026-04-07 12:06:00,1294.3,1294.4,1293.6,1294.3,16265.0
2026-04-07 12:07:00,1294.5,1294.5,1293.5,1293.8,14491.0
2026-04-07 12:08:00,1293.9,1294.9,1293.9,1294.5,38505.0
2026-04-07 12:09:00,1294.5,1294.9,1294.4,1294.7,15991.0
2026-04-07 12:10:00,1294.9,1294.9,1294.2,1294.4,30125.0
2026-04-07 12:11:00,1294.5,1294.6,1293.7,1294.3,26458.0
2026-04-07 12:12:00,1294.4,1294.4,1293.5,1294.1,24642.0
2026-04-07 12:13:00,1294.1,1295.0,1294.1,1294.9,15245.0
2026-04-07 12:14:00,1294.9,1295.5,1293.8,1295.4,138329.0
2026-04-07 12:15:00,1295.3,1295.5,1294.6,1294.8,37421.0
2026-04-07 12:16:00,1294.7,1294.9,1294.2,1294.3,11405.0
2026-04-07 12:17:00,1294.6,1294.8,1294.2,1294.3,14008.0
2026-04-07 12:18:00,1294.3,1295.3,1294.2,1294.2,32160.0
2026-04-07 12:19:00,1294.3,1294.6,1294.2,1294.3,7497.0
2026-04-07 12:20:00,1294.5,1294.5,1294.1,1294.4,12057.0
2026-04-07 12:21:00,1294.4,1294.5,1293.5,1293.6,39721.0
2026-04-07 12:22:00,1293.6,1293.6,1293.3,1293.5,21244.0
2026-04-07 12:23:00,1293.9,1294.0,1293.5,1293.6,14700.0
2026-04-07 12:24:00,1293.3,1293.9,1293.3,1293.6,17834.0
2026-04-07 12:25:00,1294.0,1294.5,1293.7,1294.3,11603.0
2026-04-07 12:26:00,1294.2,1294.4,1293.7,1293.9,12907.0
2026-04-07 12:27:00,1293.9,1294.1,1293.7,1294.0,14814.0
2026-04-07 12:28:00,1294.0,1294.8,1293.8,1294.5,28224.0
2026-04-07 12:29:00,1294.7,1294.8,1294.3,1294.4,11955.0
2026-04-07 12:30:00,1294.3,1295.5,1294.3,1295.5,38313.0
2026-04-07 12:31:00,1295.5,1296.8,1295.3,1296.7,49078.0
2026-04-07 12:32:00,1296.8,1296.8,1295.3,1295.5,64788.0
2026-04-07 12:33:00,1295.4,1295.4,1293.5,1294.1,61996.0
2026-04-07 12:34:00,1294.1,1296.1,1293.7,1295.8,48661.0
2026-04-07 12:35:00,1295.9,1296.4,1295.7,1296.4,29015.0
2026-04-07 12:36:00,1296.4,1296.6,1296.1,1296.4,62929.0
2026-04-07 12:37:00,1296.4,1297.5,1296.2,1297.4,59682.0
2026-04-07 12:38:00,1297.5,1297.5,1296.0,1296.3,38907.0
2026-04-07 12:39:00,1296.5,1297.3,1296.5,1297.2,14273.0
2026-04-07 12:40:00,1297.2,1297.8,1296.9,1297.0,50974.0
2026-04-07 12:41:00,1297.6,1298.1,1297.4,1297.6,47684.0
2026-04-07 12:42:00,1297.4,1297.9,1297.1,1297.6,23888.0
2026-04-07 12:43:00,1297.5,1298.2,1297.4,1298.2,59814.0
2026-04-07 12:44:00,1298.3,1298.5,1297.7,1297.8,24090.0
2026-04-07 12:45:00,1297.9,1298.0,1297.6,1298.0,18474.0
2026-04-07 12:46:00,1298.0,1298.5,1297.8,1297.8,90785.0
2026-04-07 12:47:00,1298.0,1298.0,1297.2,1297.7,21369.0
2026-04-07 12:48:00,1297.7,1298.5,1297.4,1298.4,67199.0
2026-04-07 12:49:00,1298.4,1299.0,1297.9,1298.7,184571.0
2026-04-07 12:50:00,1298.7,1298.7,1298.0,1298.3,28654.0
2026-04-07 12:51:00,1298.2,1298.3,1297.0,1297.2,44730.0
2026-04-07 12:52:00,1297.0,1297.2,1296.0,1296.8,55123.0
2026-04-07 12:53:00,1296.8,1297.7,1296.4,1296.6,23199.0
2026-04-07 12:54:00,1296.5,1297.0,1296.2,1296.8,74645.0
2026-04-07 12:55:00,1296.8,1297.3,1296.7,1296.7,43524.0
2026-04-07 12:56:00,1297.0,1297.0,1296.2,1296.3,22824.0
2026-04-07 12:57:00,1296.3,1296.3,1296.2,1296.3,20153.0
2026-04-07 12:58:00,1296.3,1296.4,1295.2,1295.6,37131.0
2026-04-07 12:59:00,1295.8,1296.0,1295.2,1295.4,17321.0
2026-04-07 13:00:00,1295.4,1295.5,1295.1,1295.5,19179.0
2026-04-07 13:01:00,1295.4,1295.9,1295.1,1295.1,24755.0
2026-04-07 13:02:00,1295.1,1295.5,1295.1,1295.5,28797.0
2026-04-07 13:03:00,1295.5,1296.5,1295.1,1295.8,55790.0
2026-04-07 13:04:00,1295.8,1295.8,1295.2,1295.2,24346.0
2026-04-07 13:05:00,1295.5,1295.5,1294.1,1294.3,46841.0
2026-04-07 13:06:00,1294.4,1294.7,1293.4,1293.5,93338.0
2026-04-07 13:07:00,1293.6,1293.6,1293.1,1293.6,71817.0
2026-04-07 13:08:00,1293.6,1293.6,1293.0,1293.1,41482.0
2026-04-07 13:09:00,1293.1,1293.6,1292.6,1292.7,57073.0
2026-04-07 13:10:00,1293.0,1293.4,1292.3,1293.3,159611.0
2026-04-07 13:11:00,1293.3,1294.8,1293.3,1294.3,123805.0
2026-04-07 13:12:00,1294.3,1295.0,1294.2,1294.8,81294.0
2026-04-07 13:13:00,1294.7,1295.0,1294.5,1295.0,91602.0
2026-04-07 13:14:00,1295.0,1295.0,1294.4,1294.6,56420.0
2026-04-07 13:15:00,1294.5,1294.9,1294.5,1294.9,22222.0
2026-04-07 13:16:00,1294.9,1296.0,1294.8,1295.6,67708.0
2026-04-07 13:17:00,1295.6,1295.6,1295.3,1295.5,49998.0
2026-04-07 13:18:00,1295.4,1296.0,1295.4,1296.0,16386.0
2026-04-07 13:19:00,1296.0,1296.3,1295.9,1296.3,13995.0
2026-04-07 13:20:00,1296.5,1296.7,1295.7,1295.8,30884.0
2026-04-07 13:21:00,1296.0,1297.0,1295.7,1296.9,36775.0
2026-04-07 13:22:00,1296.6,1297.8,1296.6,1297.8,77339.0
2026-04-07 13:23:00,1297.7,1297.7,1296.0,1296.5,84251.0
2026-04-07 13:24:00,1296.5,1296.7,1295.6,1296.1,77787.0
2026-04-07 13:25:00,1296.0,1296.1,1294.5,1294.6,40758.0
2026-04-07 13:26:00,1294.8,1294.8,1293.5,1293.9,37881.0
2026-04-07 13:27:00,1294.0,1294.0,1293.7,1293.8,27747.0
2026-04-07 13:28:00,1294.0,1294.0,1293.5,1293.6,15040.0
2026-04-07 13:29:00,1293.6,1294.0,1293.6,1294.0,22757.0
2026-04-07 13:30:00,1294.0,1295.0,1293.9,1294.7,41335.0
2026-04-07 13:31:00,1295.0,1295.5,1294.5,1294.7,29138.0
2026-04-07 13:32:00,1294.8,1296.7,1294.7,1296.6,54456.0
2026-04-07 13:33:00,1296.8,1297.6,1295.6,1296.2,77761.0
2026-04-07 13:34:00,1296.3,1296.3,1295.1,1295.6,23580.0
2026-04-07 13:35:00,1295.6,1296.4,1295.6,1296.2,18879.0
2026-04-07 13:36:00,1296.4,1297.1,1295.6,1297.0,25303.0
2026-04-07 13:37:00,1297.1,1297.2,1296.7,1296.9,28900.0
2026-04-07 13:38:00,1297.0,1297.1,1296.2,1296.4,35946.0
2026-04-07 13:39:00,1296.6,1297.5,1296.6,1297.3,25511.0
2026-04-07 13:40:00,1297.5,1297.5,1296.6,1297.1,20385.0
2026-04-07 13:41:00,1297.0,1297.5,1297.0,1297.5,24894.0
2026-04-07 13:42:00,1297.3,1299.1,1297.3,1298.7,74853.0
2026-04-07 13:43:00,1299.0,1299.8,1298.1,1298.6,94814.0
2026-04-07 13:44:00,1298.6,1298.7,1297.8,1298.5,98991.0
2026-04-07 13:45:00,1298.5,1299.8,1298.3,1299.6,68404.0
2026-04-07 13:46:00,1299.8,1299.9,1299.1,1299.8,37223.0
2026-04-07 13:47:00,1299.9,1300.2,1299.0,1299.2,188486.0
2026-04-07 13:48:00,1299.3,1300.3,1298.5,1300.0,168825.0
2026-04-07 13:49:00,1300.2,1300.2,1298.7,1299.1,144467.0
2026-04-07 13:50:00,1299.3,1301.0,1298.5,1300.7,86633.0
2026-04-07 13:51:00,1300.7,1304.0,1300.6,1303.5,329052.0
2026-04-07 13:52:00,1303.9,1303.9,1301.3,1301.7,99474.0
2026-04-07 13:53:00,1302.0,1302.0,1300.5,1300.8,86898.0
2026-04-07 13:54:00,1300.7,1301.4,1299.8,1299.8,120391.0
2026-04-07 13:55:00,1300.0,1300.4,1299.8,1299.8,42523.0
2026-04-07 13:56:00,1299.8,1299.9,1298.3,1299.0,34093.0
2026-04-07 13:57:00,1299.0,1299.0,1297.3,1298.1,75804.0
2026-04-07 13:58:00,1298.4,1298.5,1297.1,1297.2,36811.0
2026-04-07 13:59:00,1297.2,1297.8,1296.4,1296.9,63102.0
2026-04-07 14:00:00,1297.1,1299.0,1297.1,1297.4,87006.0
2026-04-07 14:01:00,1297.4,1298.8,1297.4,1298.6,27434.0
2026-04-07 14:02:00,1298.8,1299.4,1298.1,1298.7,35688.0
2026-04-07 14:03:00,1299.0,1299.1,1298.0,1298.6,28443.0
2026-04-07 14:04:00,1298.5,1298.7,1298.0,1298.0,25854.0
2026-04-07 14:05:00,1298.6,1298.6,1298.0,1298.4,19328.0
2026-04-07 14:06:00,1298.6,1298.9,1298.0,1298.4,27038.0
2026-04-07 14:07:00,1298.5,1298.7,1297.1,1297.1,29993.0
2026-04-07 14:08:00,1297.4,1298.5,1297.3,1298.5,24178.0
2026-04-07 14:09:00,1298.5,1299.3,1298.1,1299.3,58880.0
2026-04-07 14:10:00,1299.5,1299.5,1298.7,1298.8,99522.0
2026-04-07 14:11:00,1298.8,1300.0,1298.8,1300.0,123297.0
2026-04-07 14:12:00,1300.0,1300.0,1299.4,1299.9,102205.0
2026-04-07 14:13:00,1299.8,1299.9,1298.0,1298.5,53614.0
2026-04-07 14:14:00,1298.6,1299.2,1298.0,1298.6,46945.0
2026-04-07 14:15:00,1298.9,1299.6,1298.9,1299.4,91575.0
2026-04-07 14:16:00,1298.9,1299.0,1298.1,1298.1,51782.0
2026-04-07 14:17:00,1298.1,1298.1,1297.1,1297.1,42754.0
2026-04-07 14:18:00,1297.2,1297.2,1296.0,1296.1,97796.0
2026-04-07 14:19:00,1296.1,1296.6,1295.2,1295.7,131085.0
2026-04-07 14:20:00,1296.0,1296.3,1295.2,1295.3,56279.0
2026-04-07 14:21:00,1295.4,1295.6,1295.1,1295.2,22140.0
2026-04-07 14:22:00,1295.2,1295.9,1295.2,1295.8,20972.0
2026-04-07 14:23:00,1295.9,1295.9,1294.4,1294.7,64816.0
2026-04-07 14:24:00,1295.0,1295.9,1294.4,1295.8,38504.0
2026-04-07 14:25:00,1296.0,1296.0,1294.7,1294.9,29165.0
2026-04-07 14:26:00,1295.0,1295.5,1294.7,1295.3,21680.0
2026-04-07 14:27:00,1295.3,1295.9,1295.2,1295.5,25962.0
2026-04-07 14:28:00,1295.7,1296.0,1295.6,1295.6,23510.0
2026-04-07 14:29:00,1295.7,1295.8,1295.2,1295.6,35937.0
2026-04-07 14:30:00,1295.6,1295.7,1295.2,1295.6,25309.0
2026-04-07 14:31:00,1295.7,1297.0,1295.4,1296.4,167539.0
2026-04-07 14:32:00,1296.4,1296.4,1295.5,1295.9,39070.0
2026-04-07 14:33:00,1295.9,1296.3,1295.5,1296.3,85294.0
2026-04-07 14:34:00,1296.5,1296.6,1295.5,1296.0,51158.0
2026-04-07 14:35:00,1296.0,1296.0,1294.5,1294.7,48753.0
2026-04-07 14:36:00,1294.9,1295.0,1294.2,1294.7,40522.0
2026-04-07 14:37:00,1294.7,1295.0,1294.2,1294.9,60285.0
2026-04-07 14:38:00,1295.0,1296.4,1294.9,1295.7,54173.0
2026-04-07 14:39:00,1296.0,1296.1,1295.1,1295.1,22196.0
2026-04-07 14:40:00,1295.4,1295.9,1295.2,1295.7,23378.0
2026-04-07 14:41:00,1295.6,1296.1,1295.0,1295.8,47308.0
2026-04-07 14:42:00,1296.0,1296.1,1295.8,1295.9,20013.0
2026-04-07 14:43:00,1295.9,1296.2,1294.9,1295.0,146047.0
2026-04-07 14:44:00,1295.4,1298.0,1295.0,1297.0,135879.0
2026-04-07 14:45:00,1297.0,1297.5,1296.7,1297.3,52525.0
2026-04-07 14:46:00,1297.4,1297.9,1297.2,1297.5,28093.0
2026-04-07 14:47:00,1297.5,1298.4,1297.2,1298.4,47697.0
2026-04-07 14:48:00,1298.5,1299.4,1297.9,1298.0,61764.0
2026-04-07 14:49:00,1298.3,1299.1,1298.1,1298.5,46508.0
2026-04-07 14:50:00,1298.6,1299.7,1298.6,1299.6,35409.0
2026-04-07 14:51:00,1299.7,1300.4,1299.0,1299.0,76302.0
2026-04-07 14:52:00,1299.3,1300.4,1299.1,1300.0,70514.0
2026-04-07 14:53:00,1300.3,1301.3,1299.9,1300.0,208523.0
2026-04-07 14:54:00,1300.4,1300.9,1299.4,1300.3,148014.0
2026-04-07 14:55:00,1300.5,1301.8,1300.4,1301.2,279176.0
2026-04-07 14:56:00,1301.2,1301.5,1300.4,1301.1,87843.0
2026-04-07 14:57:00,1301.2,1301.7,1300.5,1301.0,101132.0
2026-04-07 14:58:00,1301.0,1301.9,1300.1,1300.2,171641.0
2026-04-07 14:59:00,1300.7,1300.8,1299.6,1300.6,188371.0
2026-04-07 15:00:00,1300.6,1302.0,1299.4,1302.0,194864.0
2026-04-07 15:01:00,1302.1,1303.3,1302.0,1302.6,262029.0
2026-04-07 15:02:00,1302.6,1307.5,1302.6,1306.3,638970.0
2026-04-07 15:03:00,1306.9,1308.3,1305.6,1305.6,398993.0
2026-04-07 15:04:00,1306.3,1306.7,1301.7,1302.4,867971.0
2026-04-07 15:05:00,1303.0,1303.7,1300.7,1303.6,570967.0
2026-04-07 15:06:00,1303.9,1305.7,1303.7,1304.1,488731.0
2026-04-07 15:07:00,1304.6,1305.7,1304.0,1304.7,360920.0
2026-04-07 15:08:00,1304.8,1305.2,1303.7,1303.7,264140.0
2026-04-07 15:09:00,1304.2,1306.1,1303.4,1305.9,372481.0
2026-04-07 15:10:00,1305.5,1305.8,1303.0,1303.9,375267.0
2026-04-07 15:11:00,1304.4,1304.5,1303.6,1303.8,165796.0
2026-04-07 15:12:00,1304.0,1304.5,1303.6,1303.8,153871.0
2026-04-07 15:13:00,1304.0,1304.3,1303.3,1303.3,144843.0
2026-04-07 15:14:00,1303.9,1304.6,1303.6,1303.9,153929.0
2026-04-07 15:15:00,1304.6,1304.6,1303.8,1304.2,133457.0
2026-04-07 15:16:00,1304.9,1304.9,1302.2,1302.5,254856.0
2026-04-07 15:17:00,1302.9,1304.8,1301.5,1304.5,229993.0
2026-04-07 15:18:00,1304.9,1307.0,1304.5,1305.9,323879.0
2026-04-07 15:19:00,1305.3,1306.5,1304.5,1305.0,232257.0
2026-04-07 15:20:00,1305.5,1305.9,1304.9,1305.9,270247.0
2026-04-07 15:21:00,1305.9,1306.6,1305.1,1305.8,178316.0
2026-04-07 15:22:00,1306.4,1306.6,1305.3,1305.7,238924.0
2026-04-07 15:23:00,1306.4,1306.7,1304.8,1305.1,160202.0
2026-04-07 15:24:00,1305.1,1307.0,1305.0,1306.4,217606.0
2026-04-07 15:25:00,1306.5,1306.8,1305.3,1306.3,186808.0
2026-04-07 15:26:00,1306.9,1307.5,1306.5,1306.5,136766.0
2026-04-07 15:27:00,1307.3,1308.0,1306.5,1308.0,152346.0
2026-04-07 15:28:00,1307.8,1308.0,1307.0,1307.4,74630.0
2026-04-07 15:29:00,1307.8,1308.0,1306.8,1307.0,39541.0
2026-04-08 09:15:00,1349.0,1349.0,1326.2,1327.6,772443.0
2026-04-08 09:16:00,1328.2,1333.3,1328.2,1329.6,564982.0
2026-04-08 09:17:00,1330.0,1335.0,1329.6,1334.8,354637.0
2026-04-08 09:18:00,1334.2,1335.1,1331.0,1332.0,302161.0
2026-04-08 09:19:00,1332.1,1335.0,1331.1,1335.0,219344.0
2026-04-08 09:20:00,1334.0,1336.7,1334.0,1336.0,158675.0
2026-04-08 09:21:00,1335.9,1336.6,1335.0,1335.8,106914.0
2026-04-08 09:22:00,1335.2,1336.7,1334.2,1335.8,130384.0
2026-04-08 09:23:00,1336.0,1338.6,1335.7,1337.2,137693.0
2026-04-08 09:24:00,1337.0,1337.2,1334.9,1336.1,150019.0
2026-04-08 09:25:00,1335.9,1336.8,1335.0,1336.5,98234.0
2026-04-08 09:26:00,1336.4,1339.0,1336.0,1339.0,109995.0
2026-04-08 09:27:00,1339.0,1340.5,1338.9,1340.4,179098.0
2026-04-08 09:28:00,1340.5,1340.8,1338.5,1339.2,177783.0
2026-04-08 09:29:00,1339.6,1341.1,1338.8,1341.0,116116.0
2026-04-08 09:30:00,1341.4,1342.6,1340.8,1342.0,102242.0
2026-04-08 09:31:00,1342.3,1342.6,1341.8,1342.1,87623.0
2026-04-08 09:32:00,1342.1,1342.1,1340.0,1340.7,97211.0
2026-04-08 09:33:00,1340.2,1340.6,1338.3,1339.1,87155.0
2026-04-08 09:34:00,1339.2,1339.6,1338.2,1338.3,62594.0
2026-04-08 09:35:00,1338.1,1339.5,1338.1,1339.1,71861.0
2026-04-08 09:36:00,1339.1,1339.8,1338.3,1339.8,60447.0
2026-04-08 09:37:00,1339.5,1341.0,1339.5,1340.1,93130.0
2026-04-08 09:38:00,1340.1,1341.8,1340.1,1341.0,134173.0
2026-04-08 09:39:00,1341.2,1341.2,1338.1,1338.5,64952.0
2026-04-08 09:40:00,1338.5,1339.2,1338.0,1338.6,50388.0
2026-04-08 09:41:00,1338.7,1339.0,1338.0,1338.1,34553.0
2026-04-08 09:42:00,1338.2,1338.5,1336.9,1337.2,64024.0
2026-04-08 09:43:00,1337.2,1338.5,1337.0,1338.2,101165.0
2026-04-08 09:44:00,1338.5,1338.6,1337.9,1338.4,40552.0
2026-04-08 09:45:00,1338.2,1339.7,1338.2,1339.2,33151.0
2026-04-08 09:46:00,1339.6,1339.6,1338.6,1339.0,37412.0
2026-04-08 09:47:00,1339.0,1339.6,1338.5,1339.1,32031.0
2026-04-08 09:48:00,1339.5,1339.7,1338.3,1339.4,50517.0
2026-04-08 09:49:00,1339.2,1339.5,1338.0,1338.4,63861.0
2026-04-08 09:50:00,1338.7,1340.0,1338.3,1339.4,66369.0
2026-04-08 09:51:00,1339.5,1339.6,1338.6,1339.0,44448.0
2026-04-08 09:52:00,1338.8,1339.7,1338.7,1339.7,30121.0
2026-04-08 09:53:00,1339.5,1339.8,1338.3,1338.3,46855.0
2026-04-08 09:54:00,1338.5,1338.5,1337.1,1337.2,85919.0
2026-04-08 09:55:00,1337.1,1339.0,1337.0,1339.0,92942.0
2026-04-08 09:56:00,1339.0,1340.0,1338.9,1340.0,82452.0
2026-04-08 09:57:00,1340.0,1341.0,1339.7,1340.2,71455.0
2026-04-08 09:58:00,1340.2,1340.2,1338.5,1338.9,37969.0
2026-04-08 09:59:00,1338.9,1339.3,1338.5,1338.8,29944.0
2026-04-08 10:00:00,1339.0,1339.9,1338.7,1339.6,30196.0
2026-04-08 10:01:00,1339.7,1341.0,1339.3,1340.2,85121.0
2026-04-08 10:02:00,1340.2,1340.9,1340.0,1340.9,26351.0
2026-04-08 10:03:00,1340.9,1341.9,1340.5,1341.7,30246.0
2026-04-08 10:04:00,1341.7,1343.9,1341.4,1343.5,103335.0
2026-04-08 10:05:00,1343.7,1345.3,1343.5,1345.0,145823.0
2026-04-08 10:06:00,1345.0,1345.0,1343.0,1344.4,90642.0
2026-04-08 10:07:00,1344.2,1344.4,1342.2,1342.2,34372.0
2026-04-08 10:08:00,1342.0,1343.0,1341.9,1343.0,39422.0
2026-04-08 10:09:00,1342.9,1343.4,1342.4,1342.5,24305.0
2026-04-08 10:10:00,1342.8,1343.0,1342.0,1342.4,45497.0
2026-04-08 10:11:00,1342.6,1343.6,1342.0,1342.8,35829.0
2026-04-08 10:12:00,1342.9,1343.0,1342.4,1342.8,19587.0
2026-04-08 10:13:00,1342.8,1342.8,1341.8,1342.3,28872.0
2026-04-08 10:14:00,1342.4,1342.8,1341.8,1342.4,26030.0
2026-04-08 10:15:00,1342.1,1342.3,1341.5,1341.5,26118.0
2026-04-08 10:16:00,1341.7,1341.7,1340.1,1340.4,30842.0
2026-04-08 10:17:00,1340.3,1342.0,1340.1,1341.9,37924.0
2026-04-08 10:18:00,1341.9,1342.0,1341.5,1341.5,24801.0
2026-04-08 10:19:00,1341.5,1341.8,1341.1,1341.8,23536.0
2026-04-08 10:20:00,1342.0,1343.3,1341.9,1343.0,42722.0
2026-04-08 10:21:00,1342.9,1343.1,1342.6,1342.9,33040.0
2026-04-08 10:22:00,1342.9,1342.9,1342.0,1342.4,35337.0
2026-04-08 10:23:00,1342.4,1343.0,1342.2,1342.5,74563.0
2026-04-08 10:24:00,1342.7,1343.7,1342.0,1342.1,88967.0
2026-04-08 10:25:00,1342.2,1342.2,1341.0,1341.5,78765.0
2026-04-08 10:26:00,1341.6,1342.0,1341.1,1342.0,73887.0
2026-04-08 10:27:00,1341.9,1342.0,1341.3,1341.4,20792.0
2026-04-08 10:28:00,1341.4,1341.4,1341.0,1341.0,38143.0
2026-04-08 10:29:00,1341.2,1342.2,1341.0,1341.5,100618.0
2026-04-08 10:30:00,1341.8,1342.4,1341.7,1342.1,17131.0
2026-04-08 10:31:00,1342.4,1343.0,1342.1,1343.0,21045.0
2026-04-08 10:32:00,1343.0,1343.9,1342.7,1342.9,49691.0
2026-04-08 10:33:00,1342.9,1343.5,1342.8,1343.3,31367.0
2026-04-08 10:34:00,1343.2,1343.3,1342.7,1342.7,33547.0
2026-04-08 10:35:00,1342.9,1343.0,1341.9,1342.2,26330.0
2026-04-08 10:36:00,1342.2,1342.5,1341.9,1342.1,19144.0
2026-04-08 10:37:00,1342.2,1342.5,1342.1,1342.5,21737.0
2026-04-08 10:38:00,1342.4,1343.0,1342.4,1342.4,23284.0
2026-04-08 10:39:00,1342.5,1342.9,1342.0,1342.9,35019.0
2026-04-08 10:40:00,1343.0,1343.0,1341.2,1341.3,51548.0
2026-04-08 10:41:00,1341.4,1342.2,1341.4,1342.2,13836.0
2026-04-08 10:42:00,1342.2,1342.3,1341.5,1342.0,17594.0
2026-04-08 10:43:00,1341.8,1342.8,1341.7,1342.8,18706.0
2026-04-08 10:44:00,1342.9,1343.9,1342.8,1343.8,68173.0
2026-04-08 10:45:00,1343.7,1343.8,1342.1,1342.1,51056.0
2026-04-08 10:46:00,1342.2,1342.5,1341.6,1342.1,42838.0
2026-04-08 10:47:00,1342.1,1342.2,1341.2,1341.5,64703.0
2026-04-08 10:48:00,1342.0,1342.0,1341.0,1341.1,94147.0
2026-04-08 10:49:00,1341.1,1341.2,1339.1,1341.0,186876.0
2026-04-08 10:50:00,1341.0,1341.5,1340.2,1341.3,47904.0
2026-04-08 10:51:00,1341.4,1341.4,1340.7,1341.3,24238.0
2026-04-08 10:52:00,1341.2,1342.5,1341.1,1342.5,21708.0
2026-04-08 10:53:00,1342.4,1343.0,1342.3,1343.0,30105.0
2026-04-08 10:54:00,1343.3,1346.4,1343.1,1345.6,189977.0
2026-04-08 10:55:00,1345.6,1346.1,1344.9,1345.0,63465.0
2026-04-08 10:56:00,1345.1,1346.0,1344.6,1345.5,32425.0
2026-04-08 10:57:00,1345.9,1347.0,1344.7,1345.0,126164.0
2026-04-08 10:58:00,1345.2,1345.5,1344.4,1345.1,41194.0
2026-04-08 10:59:00,1345.0,1345.2,1344.4,1344.4,43110.0
2026-04-08 11:00:00,1344.9,1345.2,1344.7,1345.1,31500.0
2026-04-08 11:01:00,1345.2,1345.9,1345.2,1345.6,27396.0
2026-04-08 11:02:00,1345.6,1345.7,1344.0,1344.2,81399.0
2026-04-08 11:03:00,1344.5,1345.3,1344.1,1345.2,89717.0
2026-04-08 11:04:00,1345.1,1345.3,1344.0,1344.8,103853.0
2026-04-08 11:05:00,1344.8,1346.0,1344.7,1345.1,100728.0
2026-04-08 11:06:00,1345.3,1346.0,1345.0,1345.5,54479.0
2026-04-08 11:07:00,1345.6,1346.8,1345.5,1346.1,47411.0
2026-04-08 11:08:00,1346.0,1346.4,1345.8,1346.4,18570.0
2026-04-08 11:09:00,1346.4,1346.8,1346.1,1346.8,22638.0
2026-04-08 11:10:00,1346.7,1348.0,1346.6,1347.9,63419.0
2026-04-08 11:11:00,1348.0,1348.2,1347.1,1347.4,64817.0
2026-04-08 11:12:00,1347.6,1348.0,1347.0,1347.2,78195.0
2026-04-08 11:13:00,1347.2,1347.5,1346.0,1347.5,68895.0
2026-04-08 11:14:00,1347.5,1348.2,1346.8,1347.1,57951.0
2026-04-08 11:15:00,1347.1,1347.4,1346.5,1347.1,31662.0
2026-04-08 11:16:00,1347.1,1348.5,1347.1,1348.4,66146.0
2026-04-08 11:17:00,1348.4,1348.5,1347.7,1348.0,19847.0
2026-04-08 11:18:00,1347.9,1347.9,1346.8,1347.4,68628.0
2026-04-08 11:19:00,1347.4,1347.4,1346.5,1347.0,37753.0
2026-04-08 11:20:00,1347.1,1347.3,1347.0,1347.1,19364.0
2026-04-08 11:21:00,1347.1,1347.5,1346.3,1346.9,43958.0
2026-04-08 11:22:00,1346.9,1347.2,1344.7,1345.8,581767.0
2026-04-08 11:23:00,1345.7,1346.0,1345.1,1346.0,20896.0
2026-04-08 11:24:00,1346.0,1346.9,1344.6,1345.1,57078.0
2026-04-08 11:25:00,1345.1,1345.4,1344.3,1344.5,42402.0
2026-04-08 11:26:00,1344.5,1344.5,1342.9,1343.4,46453.0
2026-04-08 11:27:00,1343.0,1344.8,1343.0,1344.4,34758.0
2026-04-08 11:28:00,1344.5,1344.5,1343.6,1344.4,18856.0
2026-04-08 11:29:00,1344.3,1345.5,1344.3,1344.7,34499.0
2026-04-08 11:30:00,1344.7,1345.0,1344.3,1344.3,16862.0
2026-04-08 11:31:00,1344.6,1345.3,1344.2,1344.9,19323.0
2026-04-08 11:32:00,1344.9,1345.2,1344.1,1344.9,25978.0
2026-04-08 11:33:00,1345.2,1345.7,1344.8,1344.9,41756.0
2026-04-08 11:34:00,1344.7,1344.9,1344.1,1344.5,17838.0
2026-04-08 11:35:00,1344.5,1345.3,1344.4,1345.0,23275.0
2026-04-08 11:36:00,1344.9,1345.8,1344.9,1345.1,18177.0
2026-04-08 11:37:00,1345.2,1345.5,1344.4,1344.6,21351.0
2026-04-08 11:38:00,1344.5,1344.6,1343.7,1343.8,39318.0
2026-04-08 11:39:00,1343.7,1345.2,1343.3,1345.0,124401.0
2026-04-08 11:40:00,1345.0,1345.0,1344.0,1344.3,106517.0
2026-04-08 11:41:00,1344.2,1344.6,1343.9,1344.3,40543.0
2026-04-08 11:42:00,1344.3,1346.5,1344.2,1346.1,79735.0
2026-04-08 11:43:00,1346.5,1348.0,1346.3,1347.2,48234.0
2026-04-08 11:44:00,1347.3,1347.8,1347.2,1347.6,16112.0
2026-04-08 11:45:00,1347.6,1347.8,1347.5,1347.7,23423.0
2026-04-08 11:46:00,1347.6,1348.0,1347.2,1348.0,18880.0
2026-04-08 11:47:00,1348.0,1348.5,1347.7,1348.5,27792.0
2026-04-08 11:48:00,1348.5,1348.7,1348.0,1348.7,62060.0
2026-04-08 11:49:00,1348.6,1348.7,1348.1,1348.5,15110.0
2026-04-08 11:50:00,1348.5,1348.5,1345.9,1346.0,59011.0
2026-04-08 11:51:00,1345.9,1346.3,1344.3,1344.5,43657.0
2026-04-08 11:52:00,1344.6,1346.1,1344.6,1346.0,50575.0
2026-04-08 11:53:00,1345.9,1346.2,1344.6,1345.0,25907.0
2026-04-08 11:54:00,1345.2,1345.3,1344.4,1344.6,17044.0
2026-04-08 11:55:00,1344.1,1344.5,1343.0,1343.7,55969.0
2026-04-08 11:56:00,1343.6,1345.2,1343.6,1344.6,57728.0
2026-04-08 11:57:00,1344.5,1344.7,1343.4,1343.4,28162.0
2026-04-08 11:58:00,1344.0,1344.0,1342.8,1343.0,73957.0
2026-04-08 11:59:00,1343.0,1343.1,1342.4,1342.9,90161.0
2026-04-08 12:00:00,1343.0,1343.6,1341.6,1343.6,78988.0
2026-04-08 12:01:00,1343.5,1344.7,1343.0,1344.0,36446.0
2026-04-08 12:02:00,1344.0,1345.0,1344.0,1344.6,84978.0
2026-04-08 12:03:00,1344.9,1346.0,1344.8,1345.1,105697.0
2026-04-08 12:04:00,1345.4,1345.4,1344.6,1344.8,29641.0
2026-04-08 12:05:00,1344.8,1345.8,1344.8,1345.3,12848.0
2026-04-08 12:06:00,1345.4,1345.9,1345.1,1345.5,11773.0
2026-04-08 12:07:00,1345.5,1345.7,1345.1,1345.5,29056.0
2026-04-08 12:08:00,1345.4,1345.9,1345.4,1345.6,12827.0
2026-04-08 12:09:00,1345.8,1346.0,1345.1,1345.1,15587.0
2026-04-08 12:10:00,1345.5,1345.7,1345.1,1345.3,8980.0
2026-04-08 12:11:00,1345.5,1345.7,1345.0,1345.0,10164.0
2026-04-08 12:12:00,1345.3,1345.5,1344.6,1345.1,13152.0
2026-04-08 12:13:00,1345.2,1345.6,1344.8,1345.1,15155.0
2026-04-08 12:14:00,1345.0,1345.2,1344.7,1345.0,10063.0
2026-04-08 12:15:00,1345.0,1345.2,1344.8,1345.0,12046.0
2026-04-08 12:16:00,1345.0,1345.3,1344.9,1345.1,13531.0
2026-04-08 12:17:00,1345.1,1345.5,1344.9,1344.9,13539.0
2026-04-08 12:18:00,1345.0,1345.3,1344.4,1345.0,20947.0
2026-04-08 12:19:00,1345.0,1345.2,1344.7,1344.8,15722.0
2026-04-08 12:20:00,1344.9,1345.3,1344.8,1345.1,9530.0
2026-04-08 12:21:00,1345.1,1345.3,1345.0,1345.0,10569.0
2026-04-08 12:22:00,1345.1,1345.6,1345.0,1345.1,17600.0
2026-04-08 12:23:00,1345.1,1345.5,1345.0,1345.0,12789.0
2026-04-08 12:24:00,1345.0,1345.3,1344.9,1344.9,19056.0
2026-04-08 12:25:00,1345.1,1345.5,1345.0,1345.0,12570.0
2026-04-08 12:26:00,1345.0,1345.2,1344.9,1345.0,13305.0
2026-04-08 12:27:00,1345.0,1345.0,1344.5,1344.8,22884.0
2026-04-08 12:28:00,1344.7,1345.2,1344.7,1344.8,11955.0
2026-04-08 12:29:00,1344.9,1345.0,1344.3,1344.5,18433.0
2026-04-08 12:30:00,1344.4,1344.5,1343.0,1343.0,27731.0
2026-04-08 12:31:00,1343.0,1343.4,1341.2,1341.5,37831.0
2026-04-08 12:32:00,1341.5,1342.7,1341.3,1342.4,28421.0
2026-04-08 12:33:00,1342.4,1342.4,1341.5,1342.0,62313.0
2026-04-08 12:34:00,1342.1,1343.0,1342.0,1343.0,20831.0
2026-04-08 12:35:00,1343.1,1343.4,1342.5,1342.6,27793.0
2026-04-08 12:36:00,1342.7,1342.8,1342.1,1342.7,8537.0
2026-04-08 12:37:00,1342.8,1343.3,1342.1,1342.4,15664.0
2026-04-08 12:38:00,1342.4,1342.7,1341.2,1341.7,28432.0
2026-04-08 12:39:00,1341.7,1342.2,1341.2,1341.8,24179.0
2026-04-08 12:40:00,1341.9,1342.5,1341.9,1342.0,22757.0
2026-04-08 12:41:00,1342.2,1342.2,1341.2,1342.0,64870.0
2026-04-08 12:42:00,1342.2,1342.2,1340.0,1340.7,91024.0
2026-04-08 12:43:00,1340.7,1342.2,1340.4,1342.2,27572.0
2026-04-08 12:44:00,1342.0,1342.5,1342.0,1342.2,10016.0
2026-04-08 12:45:00,1342.2,1342.3,1341.2,1341.2,41521.0
2026-04-08 12:46:00,1341.7,1341.7,1340.5,1340.7,44438.0
2026-04-08 12:47:00,1340.9,1341.3,1340.8,1341.0,33412.0
2026-04-08 12:48:00,1341.0,1341.2,1340.6,1341.0,34090.0
2026-04-08 12:49:00,1341.0,1341.2,1340.6,1340.7,14728.0
2026-04-08 12:50:00,1341.0,1342.0,1341.0,1341.9,31613.0
2026-04-08 12:51:00,1341.9,1342.1,1340.6,1340.6,44171.0
2026-04-08 12:52:00,1340.6,1342.2,1340.5,1341.9,15987.0
2026-04-08 12:53:00,1341.6,1341.6,1340.5,1340.6,41240.0
2026-04-08 12:54:00,1340.9,1341.0,1340.6,1340.6,10832.0
2026-04-08 12:55:00,1340.8,1341.2,1340.6,1341.1,12769.0
2026-04-08 12:56:00,1341.0,1341.4,1340.9,1341.1,12453.0
2026-04-08 12:57:00,1341.2,1341.8,1341.2,1341.5,19327.0
2026-04-08 12:58:00,1341.4,1341.8,1341.4,1341.6,9164.0
2026-04-08 12:59:00,1341.6,1341.6,1340.8,1341.0,16289.0
2026-04-08 13:00:00,1341.0,1341.1,1340.6,1340.6,16920.0
2026-04-08 13:01:00,1340.7,1340.8,1339.5,1340.2,48142.0
2026-04-08 13:02:00,1340.1,1340.9,1340.0,1340.3,14534.0
2026-04-08 13:03:00,1340.3,1340.9,1340.1,1340.4,10628.0
2026-04-08 13:04:00,1340.3,1340.9,1340.0,1340.9,51868.0
2026-04-08 13:05:00,1341.0,1341.4,1340.6,1340.8,19876.0
2026-04-08 13:06:00,1340.7,1340.8,1340.0,1340.4,26360.0
2026-04-08 13:07:00,1340.3,1340.4,1339.3,1340.0,89636.0
2026-04-08 13:08:00,1339.9,1341.4,1339.4,1341.3,77815.0
2026-04-08 13:09:00,1341.2,1341.5,1340.5,1340.7,52168.0
2026-04-08 13:10:00,1340.7,1342.7,1340.5,1342.7,83969.0
2026-04-08 13:11:00,1342.5,1343.7,1342.3,1343.6,89696.0
2026-04-08 13:12:00,1343.5,1344.0,1342.3,1342.8,71253.0
2026-04-08 13:13:00,1343.2,1343.7,1342.4,1342.6,46513.0
2026-04-08 13:14:00,1342.8,1343.5,1342.6,1343.5,8652.0
2026-04-08 13:15:00,1343.3,1343.7,1343.2,1343.2,65495.0
2026-04-08 13:16:00,1343.3,1343.9,1343.2,1343.6,15978.0
2026-04-08 13:17:00,1343.5,1344.1,1343.5,1343.9,12736.0
2026-04-08 13:18:00,1343.9,1344.8,1343.5,1343.8,46730.0
2026-04-08 13:19:00,1343.5,1344.2,1343.5,1344.1,11761.0
2026-04-08 13:20:00,1344.3,1344.3,1343.7,1343.7,11760.0
2026-04-08 13:21:00,1343.7,1344.5,1343.7,1344.1,21278.0
2026-04-08 13:22:00,1344.1,1344.9,1344.1,1344.5,28496.0
2026-04-08 13:23:00,1344.6,1345.5,1344.5,1345.3,66623.0
2026-04-08 13:24:00,1345.4,1345.5,1344.8,1345.3,18232.0
2026-04-08 13:25:00,1345.2,1347.0,1345.1,1347.0,49645.0
2026-04-08 13:26:00,1347.0,1347.3,1346.1,1347.0,42907.0
2026-04-08 13:27:00,1346.9,1347.8,1346.7,1346.7,55488.0
2026-04-08 13:28:00,1346.8,1348.5,1346.5,1348.4,64519.0
2026-04-08 13:29:00,1348.5,1349.9,1347.7,1349.0,116450.0
2026-04-08 13:30:00,1349.5,1349.5,1347.7,1348.0,51723.0
2026-04-08 13:31:00,1348.0,1348.4,1347.6,1348.4,39786.0
2026-04-08 13:32:00,1348.5,1349.2,1348.0,1348.0,41113.0
2026-04-08 13:33:00,1348.2,1348.7,1346.5,1346.5,33139.0
2026-04-08 13:34:00,1346.2,1348.5,1346.2,1348.2,19028.0
2026-04-08 13:35:00,1348.2,1348.4,1347.5,1347.6,45560.0
2026-04-08 13:36:00,1347.8,1349.9,1347.6,1349.7,66878.0
2026-04-08 13:37:00,1349.9,1349.9,1349.6,1349.6,96688.0
2026-04-08 13:38:00,1349.9,1350.2,1349.2,1349.9,121149.0
2026-04-08 13:39:00,1350.0,1350.1,1349.2,1349.3,25399.0
2026-04-08 13:40:00,1349.0,1349.1,1346.5,1346.8,65596.0
2026-04-08 13:41:00,1346.9,1347.5,1346.2,1347.0,54163.0
2026-04-08 13:42:00,1347.1,1348.2,1346.5,1348.2,24923.0
2026-04-08 13:43:00,1348.1,1348.1,1347.0,1347.0,25568.0
2026-04-08 13:44:00,1347.1,1347.3,1346.1,1346.1,25225.0
2026-04-08 13:45:00,1346.2,1347.8,1345.8,1346.2,41688.0
2026-04-08 13:46:00,1346.4,1347.0,1346.0,1346.2,15981.0
2026-04-08 13:47:00,1346.2,1346.2,1345.6,1345.7,28879.0
2026-04-08 13:48:00,1345.7,1346.8,1345.5,1346.3,22674.0
2026-04-08 13:49:00,1346.1,1346.6,1345.6,1346.2,15315.0
2026-04-08 13:50:00,1346.6,1347.1,1345.7,1346.7,23701.0
2026-04-08 13:51:00,1346.8,1347.1,1346.5,1346.7,46965.0
2026-04-08 13:52:00,1346.6,1346.6,1345.0,1345.0,27515.0
2026-04-08 13:53:00,1344.9,1345.7,1344.3,1345.5,86933.0
2026-04-08 13:54:00,1345.7,1345.7,1344.6,1345.0,51168.0
2026-04-08 13:55:00,1345.9,1345.9,1344.8,1345.0,55082.0
2026-04-08 13:56:00,1345.2,1346.5,1345.0,1346.5,13553.0
2026-04-08 13:57:00,1346.7,1346.7,1345.7,1345.8,10758.0
2026-04-08 13:58:00,1346.0,1346.2,1345.6,1346.0,8775.0
2026-04-08 13:59:00,1346.0,1346.8,1345.9,1346.5,18671.0
2026-04-08 14:00:00,1346.5,1346.6,1345.5,1345.8,14513.0
2026-04-08 14:01:00,1346.2,1346.4,1345.5,1346.4,21085.0
2026-04-08 14:02:00,1346.3,1346.4,1345.1,1345.9,28745.0
2026-04-08 14:03:00,1345.9,1346.2,1345.6,1346.0,13088.0
2026-04-08 14:04:00,1346.1,1346.1,1344.6,1345.5,28104.0
2026-04-08 14:05:00,1345.6,1345.9,1344.6,1345.6,17859.0
2026-04-08 14:06:00,1345.8,1345.8,1344.3,1345.0,14190.0
2026-04-08 14:07:00,1345.3,1346.0,1345.0,1345.5,24313.0
2026-04-08 14:08:00,1345.5,1346.3,1344.8,1346.0,21448.0
2026-04-08 14:09:00,1346.1,1346.2,1345.1,1345.7,16941.0
2026-04-08 14:10:00,1345.9,1346.0,1345.0,1345.0,13197.0
2026-04-08 14:11:00,1345.3,1346.2,1345.0,1346.0,26190.0
2026-04-08 14:12:00,1345.6,1347.1,1345.6,1345.9,39259.0
2026-04-08 14:13:00,1346.0,1346.2,1344.5,1345.2,41042.0
2026-04-08 14:14:00,1344.9,1345.2,1344.2,1344.4,64868.0
2026-04-08 14:15:00,1345.1,1345.1,1344.0,1344.5,145794.0
2026-04-08 14:16:00,1344.7,1344.9,1343.8,1343.9,62094.0
2026-04-08 14:17:00,1344.3,1344.5,1343.5,1343.7,96142.0
2026-04-08 14:18:00,1344.1,1344.4,1343.5,1344.4,124003.0
2026-04-08 14:19:00,1344.3,1345.0,1344.1,1344.9,16770.0
2026-04-08 14:20:00,1344.9,1346.1,1344.8,1346.1,33486.0
2026-04-08 14:21:00,1346.1,1346.8,1345.8,1346.0,49126.0
2026-04-08 14:22:00,1346.0,1347.5,1345.8,1347.1,36215.0
2026-04-08 14:23:00,1347.3,1347.3,1346.5,1346.6,11414.0
2026-04-08 14:24:00,1346.9,1347.8,1346.5,1347.7,57302.0
2026-04-08 14:25:00,1347.8,1348.2,1347.5,1348.1,123371.0
2026-04-08 14:26:00,1348.1,1348.2,1347.4,1348.2,61067.0
2026-04-08 14:27:00,1348.1,1349.0,1348.0,1348.5,71805.0
2026-04-08 14:28:00,1348.5,1349.2,1347.6,1348.7,78832.0
2026-04-08 14:29:00,1348.8,1349.1,1348.3,1349.0,71756.0
2026-04-08 14:30:00,1348.4,1349.0,1347.4,1348.9,38804.0
2026-04-08 14:31:00,1348.9,1349.0,1348.0,1348.6,13289.0
2026-04-08 14:32:00,1348.3,1349.4,1348.1,1348.1,38744.0
2026-04-08 14:33:00,1348.7,1348.9,1348.2,1348.3,11790.0
2026-04-08 14:34:00,1348.6,1348.7,1348.0,1348.3,17691.0
2026-04-08 14:35:00,1348.2,1348.6,1348.0,1348.4,20812.0
2026-04-08 14:36:00,1348.4,1348.8,1348.0,1348.3,38725.0
2026-04-08 14:37:00,1348.5,1348.5,1348.0,1348.0,10875.0
2026-04-08 14:38:00,1348.0,1348.6,1348.0,1348.0,72060.0
2026-04-08 14:39:00,1348.0,1348.3,1348.0,1348.0,38433.0
2026-04-08 14:40:00,1348.1,1348.4,1348.0,1348.0,22061.0
2026-04-08 14:41:00,1348.0,1348.7,1348.0,1348.6,35299.0
2026-04-08 14:42:00,1348.6,1349.4,1348.5,1349.2,73007.0
2026-04-08 14:43:00,1349.1,1349.2,1348.8,1349.0,24236.0
2026-04-08 14:44:00,1348.9,1349.6,1348.7,1349.5,37047.0
2026-04-08 14:45:00,1349.5,1350.0,1349.0,1349.7,41457.0
2026-04-08 14:46:00,1349.7,1350.0,1348.5,1349.0,73371.0
2026-04-08 14:47:00,1349.0,1350.5,1348.8,1350.5,62186.0
2026-04-08 14:48:00,1350.6,1350.6,1349.2,1349.7,101870.0
2026-04-08 14:49:00,1349.4,1349.9,1349.0,1349.1,104326.0
2026-04-08 14:50:00,1349.3,1349.5,1348.3,1348.9,70907.0
2026-04-08 14:51:00,1349.0,1349.5,1348.2,1348.2,54017.0
2026-04-08 14:52:00,1348.3,1348.6,1347.8,1348.0,39123.0
2026-04-08 14:53:00,1348.3,1348.4,1348.1,1348.3,20334.0
2026-04-08 14:54:00,1348.3,1348.4,1347.3,1347.6,61959.0
2026-04-08 14:55:00,1347.7,1347.9,1347.3,1347.9,36777.0
2026-04-08 14:56:00,1347.9,1348.6,1347.6,1347.9,31865.0
2026-04-08 14:57:00,1347.9,1348.9,1347.4,1348.3,40228.0
2026-04-08 14:58:00,1348.0,1348.4,1347.5,1347.7,19405.0
2026-04-08 14:59:00,1347.9,1348.6,1347.4,1348.1,33398.0
2026-04-08 15:00:00,1348.0,1348.2,1346.5,1346.9,96802.0
2026-04-08 15:01:00,1347.0,1347.0,1345.3,1345.5,115978.0
2026-04-08 15:02:00,1345.5,1346.6,1345.0,1346.6,85529.0
2026-04-08 15:03:00,1346.6,1347.3,1346.1,1346.2,60586.0
2026-04-08 15:04:00,1346.3,1346.7,1346.2,1346.4,59142.0
2026-04-08 15:05:00,1346.4,1347.7,1346.4,1347.2,59065.0
2026-04-08 15:06:00,1347.4,1347.9,1347.4,1347.5,61140.0
2026-04-08 15:07:00,1347.4,1347.6,1347.2,1347.4,33738.0
2026-04-08 15:08:00,1347.3,1347.8,1347.1,1347.7,69879.0
2026-04-08 15:09:00,1347.7,1349.0,1347.6,1347.9,85473.0
2026-04-08 15:10:00,1347.9,1348.3,1347.6,1348.0,61997.0
2026-04-08 15:11:00,1348.0,1348.2,1347.3,1347.8,64669.0
2026-04-08 15:12:00,1347.8,1348.4,1347.3,1347.9,72822.0
2026-04-08 15:13:00,1347.9,1348.3,1347.8,1347.9,62621.0
2026-04-08 15:14:00,1347.9,1348.5,1347.9,1348.1,58125.0
2026-04-08 15:15:00,1348.4,1348.8,1348.1,1348.4,65405.0
2026-04-08 15:16:00,1348.3,1349.0,1348.2,1348.5,54519.0
2026-04-08 15:17:00,1348.5,1348.6,1348.4,1348.6,48480.0
2026-04-08 15:18:00,1348.7,1348.9,1348.3,1348.6,64462.0
2026-04-08 15:19:00,1348.6,1348.7,1348.0,1348.2,74926.0
2026-04-08 15:20:00,1348.5,1348.6,1348.0,1348.4,88808.0
2026-04-08 15:21:00,1348.3,1348.4,1347.0,1347.0,68399.0
2026-04-08 15:22:00,1347.8,1348.1,1347.0,1348.0,102851.0
2026-04-08 15:23:00,1348.1,1348.9,1347.7,1347.9,98176.0
2026-04-08 15:24:00,1348.1,1349.3,1348.1,1348.9,93277.0
2026-04-08 15:25:00,1349.3,1349.3,1348.5,1348.8,71889.0
2026-04-08 15:26:00,1349.0,1349.0,1348.2,1348.8,72077.0
2026-04-08 15:27:00,1348.5,1348.8,1348.0,1348.5,72714.0
2026-04-08 15:28:00,1348.5,1348.6,1348.0,1348.5,59111.0
2026-04-08 15:29:00,1348.5,1349.5,1348.4,1349.2,62229.0
2026-04-09 09:15:00,1346.0,1346.0,1338.0,1340.5,134771.0
2026-04-09 09:16:00,1340.6,1342.7,1338.1,1342.5,118089.0
2026-04-09 09:17:00,1342.6,1343.5,1341.3,1342.3,120356.0
2026-04-09 09:18:00,1342.0,1343.0,1342.0,1342.7,53383.0
2026-04-09 09:19:00,1343.0,1346.7,1343.0,1346.5,81916.0
2026-04-09 09:20:00,1346.3,1347.5,1345.0,1347.1,112967.0
2026-04-09 09:21:00,1347.4,1347.4,1345.9,1346.6,134718.0
2026-04-09 09:22:00,1346.3,1348.3,1346.3,1347.5,81284.0
2026-04-09 09:23:00,1347.5,1348.0,1346.8,1347.6,53298.0
2026-04-09 09:24:00,1347.6,1349.2,1346.8,1348.8,76181.0
2026-04-09 09:25:00,1349.0,1349.4,1347.9,1348.2,69379.0
2026-04-09 09:26:00,1348.2,1349.8,1347.9,1349.8,48525.0
2026-04-09 09:27:00,1349.3,1350.0,1349.1,1349.7,67169.0
2026-04-09 09:28:00,1349.7,1349.8,1348.8,1348.9,52858.0
2026-04-09 09:29:00,1348.9,1349.2,1348.3,1349.2,23447.0
2026-04-09 09:30:00,1349.0,1349.2,1346.0,1346.0,66582.0
2026-04-09 09:31:00,1346.8,1346.8,1345.0,1345.2,44618.0
2026-04-09 09:32:00,1345.2,1345.3,1344.4,1345.3,50562.0
2026-04-09 09:33:00,1345.1,1346.8,1345.0,1346.5,37838.0
2026-04-09 09:34:00,1346.5,1346.5,1345.1,1345.1,32088.0
2026-04-09 09:35:00,1345.4,1346.5,1345.2,1346.1,29727.0
2026-04-09 09:36:00,1346.2,1346.7,1345.9,1346.2,25216.0
2026-04-09 09:37:00,1346.3,1346.4,1345.5,1345.8,14443.0
2026-04-09 09:38:00,1345.8,1347.1,1345.2,1345.8,26177.0
2026-04-09 09:39:00,1345.5,1345.7,1343.0,1343.6,50119.0
2026-04-09 09:40:00,1343.7,1344.1,1343.5,1343.9,11649.0
2026-04-09 09:41:00,1343.9,1344.0,1342.5,1342.5,39145.0
2026-04-09 09:42:00,1342.5,1344.0,1342.4,1343.8,17109.0
2026-04-09 09:43:00,1344.0,1344.0,1342.4,1342.8,27673.0
2026-04-09 09:44:00,1342.5,1343.0,1342.1,1342.1,17462.0
2026-04-09 09:45:00,1342.7,1343.5,1342.0,1342.5,81780.0
2026-04-09 09:46:00,1342.7,1343.3,1342.2,1343.2,18449.0
2026-04-09 09:47:00,1343.6,1343.6,1341.0,1341.1,68759.0
2026-04-09 09:48:00,1341.0,1341.1,1339.3,1339.7,75049.0
2026-04-09 09:49:00,1339.8,1340.0,1339.0,1339.1,39823.0
2026-04-09 09:50:00,1339.1,1339.8,1338.8,1339.8,22933.0
2026-04-09 09:51:00,1339.6,1339.9,1338.9,1339.1,21572.0
2026-04-09 09:52:00,1339.2,1340.5,1339.1,1340.2,27481.0
2026-04-09 09:53:00,1340.5,1340.5,1338.8,1338.8,26098.0
2026-04-09 09:54:00,1338.9,1339.2,1338.0,1338.3,32465.0
2026-04-09 09:55:00,1338.2,1338.2,1336.6,1337.4,44411.0
2026-04-09 09:56:00,1337.4,1337.4,1336.3,1336.3,26487.0
2026-04-09 09:57:00,1336.1,1336.8,1336.0,1336.1,38657.0
2026-04-09 09:58:00,1336.3,1337.4,1336.3,1336.6,20565.0
2026-04-09 09:59:00,1336.5,1336.8,1335.6,1336.7,42391.0
2026-04-09 10:00:00,1336.4,1336.4,1333.7,1335.4,105814.0
2026-04-09 10:01:00,1335.5,1336.0,1335.1,1335.3,12443.0
2026-04-09 10:02:00,1335.3,1336.8,1335.0,1336.5,28472.0
2026-04-09 10:03:00,1336.8,1337.2,1336.2,1337.0,41224.0
2026-04-09 10:04:00,1336.8,1337.1,1336.0,1336.9,22059.0
2026-04-09 10:05:00,1336.8,1337.1,1336.4,1337.0,34363.0
2026-04-09 10:06:00,1337.1,1337.4,1336.0,1336.3,18752.0
2026-04-09 10:07:00,1336.4,1336.8,1335.6,1336.1,21431.0
2026-04-09 10:08:00,1336.1,1336.8,1335.7,1336.8,19553.0
2026-04-09 10:09:00,1336.8,1336.8,1335.5,1336.7,23280.0
2026-04-09 10:10:00,1336.7,1338.1,1336.3,1338.1,24445.0
2026-04-09 10:11:00,1338.1,1338.1,1337.0,1337.4,19363.0
2026-04-09 10:12:00,1337.4,1338.0,1337.0,1337.3,11138.0
2026-04-09 10:13:00,1337.6,1338.2,1337.0,1337.3,21395.0
2026-04-09 10:14:00,1337.5,1337.7,1336.4,1336.7,23243.0
2026-04-09 10:15:00,1336.7,1336.8,1335.6,1335.6,27712.0
2026-04-09 10:16:00,1336.0,1336.2,1335.2,1336.0,17909.0
2026-04-09 10:17:00,1336.0,1336.8,1335.2,1336.5,29678.0
2026-04-09 10:18:00,1336.6,1337.6,1336.6,1337.5,35986.0
2026-04-09 10:19:00,1337.4,1337.7,1337.0,1337.7,12301.0
2026-04-09 10:20:00,1337.5,1337.5,1336.5,1337.3,16894.0
2026-04-09 10:21:00,1336.9,1337.3,1336.6,1337.3,9535.0
2026-04-09 10:22:00,1336.9,1338.4,1336.6,1336.6,42466.0
2026-04-09 10:23:00,1337.2,1338.2,1336.8,1338.0,23726.0
2026-04-09 10:24:00,1338.2,1339.0,1337.7,1338.9,17339.0
2026-04-09 10:25:00,1338.9,1339.0,1338.0,1338.3,21176.0
2026-04-09 10:26:00,1337.9,1338.0,1336.0,1336.4,21224.0
2026-04-09 10:27:00,1336.8,1337.4,1336.4,1337.4,11612.0
2026-04-09 10:28:00,1337.2,1338.4,1335.6,1336.2,33681.0
2026-04-09 10:29:00,1336.5,1337.1,1336.2,1337.1,18884.0
2026-04-09 10:30:00,1337.4,1338.1,1337.0,1338.1,10330.0
2026-04-09 10:31:00,1337.7,1337.8,1337.1,1337.1,6879.0
2026-04-09 10:32:00,1337.1,1338.4,1337.0,1337.6,13152.0
2026-04-09 10:33:00,1337.8,1337.9,1337.6,1337.6,6570.0
2026-04-09 10:34:00,1337.6,1338.5,1337.5,1338.3,9015.0
2026-04-09 10:35:00,1338.4,1338.4,1337.7,1338.4,13943.0
2026-04-09 10:36:00,1338.4,1338.5,1336.2,1337.0,35165.0
2026-04-09 10:37:00,1337.3,1338.1,1337.3,1338.0,37606.0
2026-04-09 10:38:00,1337.3,1337.4,1335.5,1336.5,29649.0
2026-04-09 10:39:00,1336.5,1337.1,1336.3,1337.1,6361.0
2026-04-09 10:40:00,1337.1,1337.4,1334.0,1335.0,78628.0
2026-04-09 10:41:00,1334.6,1335.9,1334.4,1335.9,89751.0
2026-04-09 10:42:00,1335.6,1335.6,1333.1,1333.1,68953.0
2026-04-09 10:43:00,1333.6,1333.7,1332.7,1333.0,47823.0
2026-04-09 10:44:00,1332.9,1332.9,1331.6,1332.2,63112.0
2026-04-09 10:45:00,1332.3,1332.9,1331.5,1331.5,47138.0
2026-04-09 10:46:00,1331.7,1333.6,1331.6,1333.0,31651.0
2026-04-09 10:47:00,1333.2,1333.7,1332.4,1332.9,24214.0
2026-04-09 10:48:00,1333.0,1333.2,1332.6,1332.8,9271.0
2026-04-09 10:49:00,1332.7,1333.5,1332.6,1333.3,8563.0
2026-04-09 10:50:00,1333.5,1333.5,1332.7,1333.3,12978.0
2026-04-09 10:51:00,1333.3,1334.0,1333.1,1333.4,7205.0
2026-04-09 10:52:00,1334.0,1334.5,1333.4,1334.1,17972.0
2026-04-09 10:53:00,1334.2,1335.9,1333.3,1334.1,64727.0
2026-04-09 10:54:00,1334.8,1335.2,1334.2,1334.6,27221.0
2026-04-09 10:55:00,1335.1,1336.3,1334.8,1336.0,15927.0
2026-04-09 10:56:00,1336.2,1336.5,1335.4,1335.5,25761.0
2026-04-09 10:57:00,1335.6,1335.7,1334.1,1334.7,31430.0
2026-04-09 10:58:00,1334.7,1335.0,1334.6,1334.7,11786.0
2026-04-09 10:59:00,1334.5,1334.9,1334.3,1334.8,5764.0
2026-04-09 11:00:00,1334.9,1336.0,1334.7,1335.9,25111.0
2026-04-09 11:01:00,1335.9,1336.5,1335.3,1336.5,17487.0
2026-04-09 11:02:00,1336.2,1336.9,1336.2,1336.8,16497.0
2026-04-09 11:03:00,1336.8,1336.8,1335.0,1336.8,66286.0
2026-04-09 11:04:00,1336.8,1338.0,1336.0,1337.6,78269.0
2026-04-09 11:05:00,1337.6,1337.7,1336.6,1336.6,37979.0
2026-04-09 11:06:00,1337.0,1337.2,1335.0,1335.0,129112.0
2026-04-09 11:07:00,1335.1,1336.8,1334.8,1336.5,46748.0
2026-04-09 11:08:00,1336.6,1337.6,1336.6,1337.0,26040.0
2026-04-09 11:09:00,1337.0,1337.3,1336.9,1337.1,27777.0
2026-04-09 11:10:00,1337.1,1337.9,1337.0,1337.9,38201.0
2026-04-09 11:11:00,1337.7,1337.9,1337.0,1337.1,44533.0
2026-04-09 11:12:00,1337.3,1337.3,1336.7,1336.8,16547.0
2026-04-09 11:13:00,1336.8,1336.9,1336.7,1336.9,13048.0
2026-04-09 11:14:00,1337.1,1337.1,1336.8,1336.9,21546.0
2026-04-09 11:15:00,1337.0,1337.2,1336.9,1337.0,7330.0
2026-04-09 11:16:00,1337.1,1337.1,1336.6,1336.7,29855.0
2026-04-09 11:17:00,1337.0,1337.0,1336.0,1336.2,10565.0
2026-04-09 11:18:00,1336.2,1336.6,1335.7,1335.9,40781.0
2026-04-09 11:19:00,1335.8,1336.0,1335.3,1335.9,13138.0
2026-04-09 11:20:00,1335.9,1336.6,1335.6,1335.8,45023.0
2026-04-09 11:21:00,1335.3,1335.3,1334.7,1335.1,18472.0
2026-04-09 11:22:00,1335.1,1336.6,1335.0,1336.4,41964.0
2026-04-09 11:23:00,1336.4,1336.5,1336.1,1336.4,13860.0
2026-04-09 11:24:00,1336.3,1337.0,1335.6,1336.2,51585.0
2026-04-09 11:25:00,1336.1,1337.1,1336.1,1337.1,53505.0
2026-04-09 11:26:00,1337.1,1337.7,1337.0,1337.3,38013.0
2026-04-09 11:27:00,1337.4,1337.4,1337.1,1337.4,16262.0
2026-04-09 11:28:00,1337.3,1338.9,1337.0,1338.8,74570.0
2026-04-09 11:29:00,1338.7,1338.7,1337.8,1338.3,9282.0
2026-04-09 11:30:00,1338.3,1339.5,1338.0,1338.3,48363.0
2026-04-09 11:31:00,1339.0,1339.3,1338.4,1338.5,25074.0
2026-04-09 11:32:00,1338.5,1338.5,1338.4,1338.5,22494.0
2026-04-09 11:33:00,1338.5,1338.8,1337.5,1337.5,23091.0
2026-04-09 11:34:00,1337.5,1337.8,1335.8,1337.0,68834.0
2026-04-09 11:35:00,1337.0,1337.0,1335.8,1336.0,6444.0
2026-04-09 11:36:00,1335.9,1336.9,1335.8,1336.5,16188.0
2026-04-09 11:37:00,1336.5,1336.5,1336.0,1336.2,6925.0
2026-04-09 11:38:00,1336.2,1336.3,1336.0,1336.1,8191.0
2026-04-09 11:39:00,1336.2,1336.5,1335.9,1335.9,15583.0
2026-04-09 11:40:00,1336.0,1336.0,1335.1,1335.7,17025.0
2026-04-09 11:41:00,1336.0,1337.8,1335.7,1337.8,20376.0
2026-04-09 11:42:00,1337.6,1337.6,1336.0,1336.0,22735.0
2026-04-09 11:43:00,1336.1,1337.0,1336.0,1337.0,12427.0
2026-04-09 11:44:00,1337.0,1337.3,1336.3,1336.5,24005.0
2026-04-09 11:45:00,1336.6,1336.7,1336.0,1336.6,21250.0
2026-04-09 11:46:00,1336.6,1336.9,1335.5,1336.1,15634.0
2026-04-09 11:47:00,1336.2,1336.2,1336.1,1336.1,4974.0
2026-04-09 11:48:00,1336.1,1337.4,1336.1,1337.0,22176.0
2026-04-09 11:49:00,1337.0,1337.5,1336.7,1337.5,10267.0
2026-04-09 11:50:00,1337.5,1337.5,1336.8,1336.9,15201.0
2026-04-09 11:51:00,1336.9,1337.5,1336.4,1337.0,19643.0
2026-04-09 11:52:00,1336.9,1337.5,1336.7,1337.3,6950.0
2026-04-09 11:53:00,1337.3,1337.9,1336.8,1337.3,25100.0
2026-04-09 11:54:00,1337.1,1337.2,1336.0,1336.9,57953.0
2026-04-09 11:55:00,1337.5,1338.7,1337.3,1337.8,59552.0
2026-04-09 11:56:00,1338.2,1338.3,1337.7,1338.2,10763.0
2026-04-09 11:57:00,1338.2,1338.9,1337.8,1338.6,29828.0
2026-04-09 11:58:00,1338.5,1338.6,1337.1,1337.5,19637.0
2026-04-09 11:59:00,1337.5,1339.0,1337.5,1338.4,20689.0
2026-04-09 12:00:00,1338.7,1339.7,1338.6,1339.4,62636.0
2026-04-09 12:01:00,1339.4,1339.6,1337.8,1338.2,67179.0
2026-04-09 12:02:00,1338.2,1338.2,1336.5,1337.3,34968.0
2026-04-09 12:03:00,1337.3,1337.5,1336.5,1337.0,16227.0
2026-04-09 12:04:00,1337.0,1337.0,1336.1,1336.9,18558.0
2026-04-09 12:05:00,1337.0,1337.1,1336.0,1337.0,12917.0
2026-04-09 12:06:00,1337.1,1338.0,1336.7,1337.1,19371.0
2026-04-09 12:07:00,1337.6,1337.9,1337.5,1337.6,21276.0
2026-04-09 12:08:00,1337.5,1337.9,1337.5,1337.9,7172.0
2026-04-09 12:09:00,1337.9,1338.5,1337.7,1338.4,35623.0
2026-04-09 12:10:00,1338.3,1338.6,1337.1,1338.2,49766.0
2026-04-09 12:11:00,1338.1,1338.8,1337.5,1338.0,30962.0
2026-04-09 12:12:00,1337.9,1338.0,1337.3,1337.6,6345.0
2026-04-09 12:13:00,1337.3,1337.6,1337.1,1337.1,11695.0
2026-04-09 12:14:00,1337.2,1337.2,1336.8,1336.9,10301.0
2026-04-09 12:15:00,1336.9,1336.9,1336.2,1336.3,19958.0
2026-04-09 12:16:00,1336.2,1336.5,1336.2,1336.4,5561.0
2026-04-09 12:17:00,1336.4,1336.5,1336.1,1336.4,12967.0
2026-04-09 12:18:00,1336.5,1336.5,1336.1,1336.1,10049.0
2026-04-09 12:19:00,1336.2,1336.2,1336.0,1336.2,11476.0
2026-04-09 12:20:00,1336.1,1336.2,1336.0,1336.1,5495.0
2026-04-09 12:21:00,1336.1,1337.0,1336.0,1336.7,19609.0
2026-04-09 12:22:00,1336.7,1336.9,1336.7,1336.8,2722.0
2026-04-09 12:23:00,1336.8,1336.8,1336.3,1336.3,6891.0
2026-04-09 12:24:00,1336.4,1336.7,1336.3,1336.4,5953.0
2026-04-09 12:25:00,1336.4,1336.4,1336.3,1336.4,6887.0
2026-04-09 12:26:00,1336.4,1336.4,1336.1,1336.2,14058.0
2026-04-09 12:27:00,1336.1,1336.8,1336.0,1336.8,26527.0
2026-04-09 12:28:00,1336.8,1337.4,1336.6,1337.4,6923.0
2026-04-09 12:29:00,1337.3,1337.5,1336.2,1336.5,38822.0
2026-04-09 12:30:00,1336.6,1337.6,1336.2,1337.0,55167.0
2026-04-09 12:31:00,1337.0,1337.5,1336.8,1337.0,19083.0
2026-04-09 12:32:00,1336.9,1336.9,1336.6,1336.8,4576.0
2026-04-09 12:33:00,1336.8,1336.8,1336.0,1336.2,13554.0
2026-04-09 12:34:00,1336.2,1336.2,1336.0,1336.1,13243.0
2026-04-09 12:35:00,1336.1,1336.2,1336.0,1336.2,7542.0
2026-04-09 12:36:00,1336.1,1336.2,1335.3,1335.8,28275.0
2026-04-09 12:37:00,1335.9,1335.9,1335.2,1335.7,13755.0
2026-04-09 12:38:00,1335.7,1336.0,1335.1,1335.2,9023.0
2026-04-09 12:39:00,1335.2,1335.5,1334.5,1335.5,44143.0
2026-04-09 12:40:00,1335.4,1335.5,1335.0,1335.3,11401.0
2026-04-09 12:41:00,1335.5,1335.5,1335.2,1335.4,10866.0
2026-04-09 12:42:00,1335.4,1335.7,1335.3,1335.6,9724.0
2026-04-09 12:43:00,1335.6,1335.7,1335.2,1335.3,13814.0
2026-04-09 12:44:00,1335.3,1335.7,1335.2,1335.4,29056.0
2026-04-09 12:45:00,1335.5,1335.5,1335.3,1335.4,6289.0
2026-04-09 12:46:00,1335.4,1335.6,1334.0,1334.1,28647.0
2026-04-09 12:47:00,1334.0,1334.1,1333.2,1333.5,23624.0
2026-04-09 12:48:00,1333.4,1333.7,1333.4,1333.6,19198.0
2026-04-09 12:49:00,1333.6,1334.0,1333.5,1333.7,11941.0
2026-04-09 12:50:00,1333.7,1334.6,1333.5,1334.3,19400.0
2026-04-09 12:51:00,1334.3,1334.4,1334.0,1334.1,21594.0
2026-04-09 12:52:00,1334.0,1334.3,1333.6,1333.6,27477.0
2026-04-09 12:53:00,1333.9,1334.6,1333.6,1334.0,29438.0
2026-04-09 12:54:00,1333.7,1334.9,1333.0,1334.1,42648.0
2026-04-09 12:55:00,1334.1,1334.8,1334.0,1334.8,7569.0
2026-04-09 12:56:00,1334.8,1334.8,1334.1,1334.2,8823.0
2026-04-09 12:57:00,1334.1,1334.2,1333.7,1334.1,31262.0
2026-04-09 12:58:00,1334.1,1334.9,1333.7,1334.8,25521.0
2026-04-09 12:59:00,1334.4,1334.8,1334.4,1334.5,7383.0
2026-04-09 13:00:00,1334.6,1335.3,1333.5,1334.4,64040.0
2026-04-09 13:01:00,1334.4,1334.4,1334.3,1334.4,5865.0
2026-04-09 13:02:00,1334.7,1335.0,1333.6,1334.2,30110.0
2026-04-09 13:03:00,1334.2,1334.6,1334.0,1334.3,10605.0
2026-04-09 13:04:00,1334.5,1334.8,1334.3,1334.7,7712.0
2026-04-09 13:05:00,1334.7,1334.7,1334.2,1334.3,11706.0
2026-04-09 13:06:00,1334.1,1334.9,1334.1,1334.7,20017.0
2026-04-09 13:07:00,1334.7,1335.6,1334.4,1335.0,29222.0
2026-04-09 13:08:00,1335.0,1335.0,1334.8,1335.0,7454.0
2026-04-09 13:09:00,1335.0,1335.0,1334.8,1335.0,7683.0
2026-04-09 13:10:00,1335.0,1335.0,1334.4,1334.6,8049.0
2026-04-09 13:11:00,1334.6,1334.6,1334.4,1334.6,5221.0
2026-04-09 13:12:00,1334.6,1334.6,1334.1,1334.2,6596.0
2026-04-09 13:13:00,1334.3,1334.3,1334.0,1334.3,14547.0
2026-04-09 13:14:00,1334.3,1334.5,1334.2,1334.3,9024.0
2026-04-09 13:15:00,1334.4,1334.4,1334.1,1334.3,7278.0
2026-04-09 13:16:00,1334.2,1334.3,1334.2,1334.3,10530.0
2026-04-09 13:17:00,1334.3,1334.3,1334.2,1334.3,7458.0
2026-04-09 13:18:00,1334.3,1334.3,1334.2,1334.3,7837.0
2026-04-09 13:19:00,1334.3,1334.3,1334.2,1334.3,7425.0
2026-04-09 13:20:00,1334.2,1334.4,1334.2,1334.4,20442.0
2026-04-09 13:21:00,1334.4,1334.4,1333.1,1333.1,49578.0
2026-04-09 13:22:00,1333.2,1335.3,1332.3,1335.3,88882.0
2026-04-09 13:23:00,1335.3,1335.3,1333.2,1334.2,78231.0
2026-04-09 13:24:00,1334.3,1334.3,1332.7,1333.9,23096.0
2026-04-09 13:25:00,1333.7,1333.9,1333.0,1333.4,23148.0
2026-04-09 13:26:00,1333.5,1333.7,1332.8,1333.6,15869.0
2026-04-09 13:27:00,1333.7,1333.7,1333.0,1333.3,6069.0
2026-04-09 13:28:00,1333.3,1333.5,1332.5,1333.3,20259.0
2026-04-09 13:29:00,1333.1,1333.1,1332.4,1332.7,17846.0
2026-04-09 13:30:00,1332.8,1333.5,1332.4,1332.6,40838.0
2026-04-09 13:31:00,1332.5,1332.5,1332.0,1332.2,39925.0
2026-04-09 13:32:00,1332.2,1333.8,1332.0,1333.2,21716.0
2026-04-09 13:33:00,1333.2,1334.3,1333.2,1334.0,38951.0
2026-04-09 13:34:00,1334.1,1334.4,1332.8,1334.2,63435.0
2026-04-09 13:35:00,1334.3,1334.5,1333.8,1333.9,48269.0
2026-04-09 13:36:00,1334.0,1334.9,1334.0,1334.7,11651.0
2026-04-09 13:37:00,1334.6,1334.7,1333.6,1333.6,9885.0
2026-04-09 13:38:00,1333.8,1333.9,1333.0,1333.8,16955.0
2026-04-09 13:39:00,1333.8,1333.8,1333.6,1333.6,4501.0
2026-04-09 13:40:00,1333.7,1333.9,1333.4,1333.5,12566.0
2026-04-09 13:41:00,1333.4,1333.6,1333.1,1333.2,9597.0
2026-04-09 13:42:00,1333.2,1333.3,1332.5,1333.0,21666.0
2026-04-09 13:43:00,1333.0,1333.0,1332.2,1332.3,12591.0
2026-04-09 13:44:00,1332.3,1332.8,1332.0,1332.3,24153.0
2026-04-09 13:45:00,1332.4,1333.1,1332.1,1333.1,101263.0
2026-04-09 13:46:00,1333.0,1333.3,1332.1,1333.0,57832.0
2026-04-09 13:47:00,1333.2,1333.2,1332.0,1332.2,10724.0
2026-04-09 13:48:00,1332.3,1334.4,1332.3,1334.2,42495.0
2026-04-09 13:49:00,1334.1,1334.9,1333.4,1333.5,94896.0
2026-04-09 13:50:00,1333.5,1333.7,1333.2,1333.5,18553.0
2026-04-09 13:51:00,1333.7,1334.1,1333.5,1334.1,11681.0
2026-04-09 13:52:00,1334.0,1334.0,1333.4,1333.7,36255.0
2026-04-09 13:53:00,1333.6,1333.7,1333.0,1333.4,9216.0
2026-04-09 13:54:00,1333.4,1333.6,1333.3,1333.4,11219.0
2026-04-09 13:55:00,1333.5,1333.6,1333.4,1333.6,5325.0
2026-04-09 13:56:00,1333.6,1334.0,1333.5,1333.8,9884.0
2026-04-09 13:57:00,1333.9,1333.9,1333.4,1333.7,8947.0
2026-04-09 13:58:00,1333.7,1334.2,1333.5,1333.6,21306.0
2026-04-09 13:59:00,1333.7,1333.7,1333.1,1333.5,8882.0
2026-04-09 14:00:00,1333.6,1333.8,1333.0,1333.8,18543.0
2026-04-09 14:01:00,1333.8,1333.8,1333.2,1333.4,9394.0
2026-04-09 14:02:00,1333.4,1333.4,1333.3,1333.3,6088.0
2026-04-09 14:03:00,1333.4,1333.4,1333.3,1333.4,7389.0
2026-04-09 14:04:00,1333.5,1333.8,1333.1,1333.1,21325.0
2026-04-09 14:05:00,1333.0,1333.0,1332.6,1332.7,13193.0
2026-04-09 14:06:00,1332.8,1333.5,1332.7,1333.5,21397.0
2026-04-09 14:07:00,1333.7,1333.9,1333.1,1333.7,11193.0
2026-04-09 14:08:00,1333.7,1334.9,1333.5,1334.9,19156.0
2026-04-09 14:09:00,1335.0,1335.4,1333.7,1334.0,44094.0
2026-04-09 14:10:00,1333.9,1334.0,1333.3,1333.4,9000.0
2026-04-09 14:11:00,1333.4,1333.5,1333.0,1333.1,12798.0
2026-04-09 14:12:00,1333.2,1333.2,1333.0,1333.1,51900.0
2026-04-09 14:13:00,1333.1,1334.3,1333.0,1333.5,84128.0
2026-04-09 14:14:00,1333.5,1333.5,1332.3,1332.6,70340.0
2026-04-09 14:15:00,1332.6,1332.6,1332.1,1332.1,8916.0
2026-04-09 14:16:00,1332.2,1332.2,1331.7,1331.8,34988.0
2026-04-09 14:17:00,1331.8,1332.0,1331.6,1331.7,39282.0
2026-04-09 14:18:00,1331.7,1331.7,1331.2,1331.3,18632.0
2026-04-09 14:19:00,1331.3,1331.5,1331.0,1331.4,48467.0
2026-04-09 14:20:00,1331.4,1332.1,1331.1,1331.5,66323.0
2026-04-09 14:21:00,1331.2,1331.5,1330.5,1330.7,68912.0
2026-04-09 14:22:00,1330.7,1330.7,1329.7,1329.7,114795.0
2026-04-09 14:23:00,1330.0,1330.0,1328.5,1329.7,71204.0
2026-04-09 14:24:00,1329.8,1330.0,1329.2,1329.9,15390.0
2026-04-09 14:25:00,1329.9,1329.9,1329.3,1329.5,15669.0
2026-04-09 14:26:00,1329.6,1329.6,1329.0,1329.1,27059.0
2026-04-09 14:27:00,1329.1,1329.1,1327.9,1328.8,57499.0
2026-04-09 14:28:00,1328.8,1329.6,1328.8,1329.2,15846.0
2026-04-09 14:29:00,1329.5,1329.5,1329.0,1329.2,13735.0
2026-04-09 14:30:00,1329.2,1329.2,1328.3,1328.8,39078.0
2026-04-09 14:31:00,1328.6,1328.8,1327.5,1328.1,57731.0
2026-04-09 14:32:00,1328.1,1329.1,1328.0,1328.7,87258.0
2026-04-09 14:33:00,1328.9,1329.5,1328.8,1329.1,27096.0
2026-04-09 14:34:00,1329.1,1329.1,1328.6,1328.6,19117.0
2026-04-09 14:35:00,1328.8,1329.4,1328.6,1329.0,46159.0
2026-04-09 14:36:00,1329.1,1329.1,1328.0,1328.4,53736.0
2026-04-09 14:37:00,1328.8,1329.0,1328.0,1328.3,85609.0
2026-04-09 14:38:00,1328.3,1328.3,1327.8,1327.9,22970.0
2026-04-09 14:39:00,1328.0,1328.8,1327.7,1328.3,29828.0
2026-04-09 14:40:00,1328.2,1328.4,1328.0,1328.0,17230.0
2026-04-09 14:41:00,1328.0,1328.2,1327.9,1328.2,18038.0
2026-04-09 14:42:00,1328.2,1328.9,1328.1,1328.7,27731.0
2026-04-09 14:43:00,1328.8,1330.3,1328.7,1330.3,68849.0
2026-04-09 14:44:00,1330.3,1330.3,1328.8,1328.8,139223.0
2026-04-09 14:45:00,1328.8,1328.9,1328.1,1328.9,211166.0
2026-04-09 14:46:00,1328.9,1329.7,1328.8,1329.5,73466.0
2026-04-09 14:47:00,1329.3,1331.3,1329.3,1331.1,82743.0
2026-04-09 14:48:00,1331.7,1332.3,1328.6,1329.2,256121.0
2026-04-09 14:49:00,1329.2,1330.0,1329.2,1329.5,32860.0
2026-04-09 14:50:00,1329.5,1330.0,1328.3,1328.7,43354.0
2026-04-09 14:51:00,1328.7,1329.8,1328.5,1329.5,59167.0
2026-04-09 14:52:00,1329.5,1329.5,1329.2,1329.2,75738.0
2026-04-09 14:53:00,1329.3,1329.4,1329.0,1329.2,23876.0
2026-04-09 14:54:00,1329.2,1330.0,1329.2,1329.8,39549.0
2026-04-09 14:55:00,1329.9,1329.9,1329.3,1329.3,23840.0
2026-04-09 14:56:00,1329.4,1329.8,1328.6,1328.7,100515.0
2026-04-09 14:57:00,1329.2,1330.4,1328.5,1329.6,164535.0
2026-04-09 14:58:00,1329.6,1329.6,1329.3,1329.5,18895.0
2026-04-09 14:59:00,1329.5,1329.5,1329.2,1329.2,12362.0
2026-04-09 15:00:00,1329.3,1330.0,1328.5,1328.8,190305.0
2026-04-09 15:01:00,1328.7,1329.9,1328.5,1329.6,155306.0
2026-04-09 15:02:00,1329.7,1331.9,1329.6,1331.9,558532.0
2026-04-09 15:03:00,1330.9,1336.9,1330.9,1331.8,1315604.0
2026-04-09 15:04:00,1332.0,1332.1,1326.5,1327.8,1433248.0
2026-04-09 15:05:00,1327.9,1332.0,1326.3,1331.9,725690.0
2026-04-09 15:06:00,1332.0,1332.7,1328.4,1331.0,385939.0
2026-04-09 15:07:00,1330.8,1331.0,1328.4,1329.3,493221.0
2026-04-09 15:08:00,1328.6,1329.4,1328.3,1329.0,196112.0
2026-04-09 15:09:00,1329.0,1330.2,1329.0,1329.4,605243.0
2026-04-09 15:10:00,1329.5,1330.3,1328.3,1328.7,294099.0
2026-04-09 15:11:00,1328.7,1329.5,1328.3,1328.5,206817.0
2026-04-09 15:12:00,1328.6,1330.9,1328.5,1330.6,178321.0
2026-04-09 15:13:00,1330.5,1330.5,1329.6,1329.7,103221.0
2026-04-09 15:14:00,1329.7,1330.8,1329.5,1330.8,221668.0
2026-04-09 15:15:00,1330.4,1330.9,1328.6,1328.7,225005.0
2026-04-09 15:16:00,1328.6,1329.4,1328.6,1329.3,125413.0
2026-04-09 15:17:00,1329.4,1329.4,1329.3,1329.3,59770.0
2026-04-09 15:18:00,1329.4,1330.6,1329.1,1330.1,190177.0
2026-04-09 15:19:00,1330.1,1330.6,1328.2,1328.2,241088.0
2026-04-09 15:20:00,1328.7,1328.8,1328.0,1328.4,199101.0
2026-04-09 15:21:00,1328.3,1329.8,1327.7,1329.7,247924.0
2026-04-09 15:22:00,1329.6,1329.7,1328.5,1328.7,160336.0
2026-04-09 15:23:00,1328.7,1328.9,1327.4,1327.4,196020.0
2026-04-09 15:24:00,1327.9,1329.4,1327.4,1328.9,191280.0
2026-04-09 15:25:00,1328.9,1329.0,1328.3,1328.8,97879.0
2026-04-09 15:26:00,1328.9,1330.3,1328.8,1329.8,107521.0
2026-04-09 15:27:00,1329.8,1329.8,1329.2,1329.4,62187.0
2026-04-09 15:28:00,1329.4,1330.0,1328.4,1330.0,93256.0
2026-04-09 15:29:00,1329.3,1330.0,1329.0,1329.8,43221.0
2026-04-10 09:15:00,1337.0,1339.0,1331.5,1338.6,165158.0
2026-04-10 09:16:00,1339.0,1341.5,1339.0,1340.6,171429.0
2026-04-10 09:17:00,1340.6,1342.4,1340.4,1341.4,116773.0
2026-04-10 09:18:00,1341.5,1342.8,1341.3,1341.8,103156.0
2026-04-10 09:19:00,1341.9,1343.0,1341.7,1342.9,69461.0
2026-04-10 09:20:00,1342.9,1343.8,1342.9,1343.8,96235.0
2026-04-10 09:21:00,1343.7,1344.5,1343.0,1343.2,66132.0
2026-04-10 09:22:00,1343.0,1343.0,1341.9,1342.3,63230.0
2026-04-10 09:23:00,1342.4,1342.6,1342.1,1342.1,36742.0
2026-04-10 09:24:00,1342.3,1342.3,1340.3,1340.7,58397.0
2026-04-10 09:25:00,1340.7,1342.2,1340.7,1342.0,44038.0
2026-04-10 09:26:00,1342.0,1342.1,1341.2,1341.4,48364.0
2026-04-10 09:27:00,1341.0,1341.0,1340.0,1340.7,41957.0
2026-04-10 09:28:00,1340.7,1341.0,1340.1,1340.3,39869.0
2026-04-10 09:29:00,1340.3,1340.3,1340.0,1340.1,41762.0
2026-04-10 09:30:00,1340.0,1340.4,1339.9,1340.3,40627.0
2026-04-10 09:31:00,1340.5,1341.4,1340.0,1340.3,42302.0
2026-04-10 09:32:00,1340.3,1341.0,1339.6,1341.0,36446.0
2026-04-10 09:33:00,1341.0,1342.1,1340.7,1341.4,62964.0
2026-04-10 09:34:00,1341.4,1341.5,1340.2,1340.7,36696.0
2026-04-10 09:35:00,1340.4,1340.7,1340.3,1340.5,24360.0
2026-04-10 09:36:00,1340.5,1341.5,1340.5,1341.5,33738.0
2026-04-10 09:37:00,1341.5,1342.0,1341.2,1341.9,53387.0
2026-04-10 09:38:00,1341.9,1342.4,1341.3,1341.4,53112.0
2026-04-10 09:39:00,1341.4,1342.4,1341.2,1341.7,58193.0
2026-04-10 09:40:00,1342.2,1342.2,1341.5,1341.5,35468.0
2026-04-10 09:41:00,1341.6,1341.7,1341.3,1341.4,32979.0
2026-04-10 09:42:00,1341.4,1341.9,1341.3,1341.6,73014.0
2026-04-10 09:43:00,1341.5,1341.9,1341.5,1341.9,42249.0
2026-04-10 09:44:00,1341.8,1342.5,1341.8,1342.4,45421.0
2026-04-10 09:45:00,1342.4,1342.9,1342.3,1342.9,32800.0
2026-04-10 09:46:00,1343.2,1347.5,1343.2,1347.3,240145.0
2026-04-10 09:47:00,1347.7,1349.6,1347.7,1349.0,155676.0
2026-04-10 09:48:00,1349.2,1349.8,1347.9,1348.9,96203.0
2026-04-10 09:49:00,1349.6,1349.8,1348.5,1348.9,44668.0
2026-04-10 09:50:00,1348.5,1351.0,1348.3,1350.7,159525.0
2026-04-10 09:51:00,1350.7,1350.8,1349.9,1350.2,263581.0
2026-04-10 09:52:00,1350.5,1350.5,1349.5,1349.6,37415.0
2026-04-10 09:53:00,1349.8,1349.8,1349.2,1349.7,24353.0
2026-04-10 09:54:00,1349.7,1350.0,1349.2,1349.4,90655.0
2026-04-10 09:55:00,1349.7,1349.7,1348.0,1348.0,33099.0
2026-04-10 09:56:00,1348.1,1348.5,1347.5,1347.9,48025.0
2026-04-10 09:57:00,1347.8,1348.5,1347.2,1347.3,1041790.0
2026-04-10 09:58:00,1347.9,1348.5,1347.7,1347.9,37247.0
2026-04-10 09:59:00,1347.9,1348.0,1347.5,1347.5,22351.0
2026-04-10 10:00:00,1347.7,1348.0,1347.4,1347.4,17280.0
2026-04-10 10:01:00,1347.4,1347.4,1345.7,1346.4,46130.0
2026-04-10 10:02:00,1346.6,1346.8,1346.0,1346.0,42967.0
2026-04-10 10:03:00,1346.5,1346.5,1345.8,1346.4,28572.0
2026-04-10 10:04:00,1346.4,1346.4,1344.5,1344.7,48073.0
2026-04-10 10:05:00,1344.8,1345.2,1344.1,1344.5,42036.0
2026-04-10 10:06:00,1344.5,1345.4,1344.3,1344.5,34792.0
2026-04-10 10:07:00,1344.3,1345.0,1344.0,1344.7,27357.0
2026-04-10 10:08:00,1344.7,1345.0,1343.8,1343.8,28253.0
2026-04-10 10:09:00,1343.8,1344.7,1343.7,1344.0,36776.0
2026-04-10 10:10:00,1343.9,1345.0,1343.7,1344.5,35167.0
2026-04-10 10:11:00,1344.6,1344.8,1344.2,1344.2,30258.0
2026-04-10 10:12:00,1344.1,1346.6,1344.1,1346.0,36697.0
2026-04-10 10:13:00,1346.1,1347.3,1346.0,1347.2,25817.0
2026-04-10 10:14:00,1347.4,1347.7,1346.0,1347.2,31293.0
2026-04-10 10:15:00,1347.6,1348.2,1347.3,1348.0,54164.0
2026-04-10 10:16:00,1347.9,1348.0,1347.2,1347.8,12915.0
2026-04-10 10:17:00,1347.8,1348.2,1347.6,1347.8,42262.0
2026-04-10 10:18:00,1348.1,1348.5,1347.8,1347.9,38445.0
2026-04-10 10:19:00,1348.0,1348.0,1347.2,1348.0,18969.0
2026-04-10 10:20:00,1347.9,1348.4,1347.9,1348.0,28232.0
2026-04-10 10:21:00,1348.0,1348.0,1347.4,1347.4,12993.0
2026-04-10 10:22:00,1347.3,1347.6,1347.2,1347.4,12293.0
2026-04-10 10:23:00,1347.5,1347.5,1346.2,1346.5,25052.0
2026-04-10 10:24:00,1346.6,1346.9,1346.3,1346.6,12162.0
2026-04-10 10:25:00,1346.6,1348.0,1346.6,1348.0,33910.0
2026-04-10 10:26:00,1348.0,1348.0,1346.3,1346.3,25815.0
2026-04-10 10:27:00,1346.3,1346.4,1345.8,1346.1,17139.0
2026-04-10 10:28:00,1346.0,1346.2,1345.8,1345.9,15875.0
2026-04-10 10:29:00,1346.0,1346.0,1345.6,1346.0,12913.0
2026-04-10 10:30:00,1346.4,1346.9,1345.9,1346.5,28914.0
2026-04-10 10:31:00,1346.9,1347.2,1346.2,1346.4,25367.0
2026-04-10 10:32:00,1346.5,1346.6,1345.8,1345.9,11276.0
2026-04-10 10:33:00,1345.9,1346.1,1345.9,1346.0,15378.0
2026-04-10 10:34:00,1345.9,1347.0,1345.9,1346.5,30016.0
2026-04-10 10:35:00,1346.5,1347.0,1346.4,1346.5,25743.0
2026-04-10 10:36:00,1346.5,1346.5,1346.3,1346.4,15904.0
2026-04-10 10:37:00,1346.5,1346.5,1346.1,1346.2,16091.0
2026-04-10 10:38:00,1346.1,1346.5,1346.1,1346.4,15564.0
2026-04-10 10:39:00,1346.5,1347.0,1346.3,1346.4,29890.0
2026-04-10 10:40:00,1346.5,1346.5,1346.3,1346.3,38559.0
2026-04-10 10:41:00,1346.5,1346.5,1346.0,1346.4,44215.0
2026-04-10 10:42:00,1346.3,1346.5,1346.2,1346.4,16099.0
2026-04-10 10:43:00,1346.4,1346.5,1345.9,1345.9,33806.0
2026-04-10 10:44:00,1346.0,1346.0,1345.3,1345.7,58233.0
2026-04-10 10:45:00,1345.6,1346.0,1345.4,1345.5,46672.0
2026-04-10 10:46:00,1345.4,1346.3,1344.8,1344.8,80890.0
2026-04-10 10:47:00,1345.0,1345.4,1344.7,1345.4,23062.0
2026-04-10 10:48:00,1345.4,1345.4,1345.2,1345.2,7688.0
2026-04-10 10:49:00,1345.3,1345.5,1345.2,1345.5,14439.0
2026-04-10 10:50:00,1345.4,1345.5,1345.3,1345.3,24255.0
2026-04-10 10:51:00,1345.4,1346.0,1345.2,1346.0,44308.0
2026-04-10 10:52:00,1346.0,1346.0,1345.6,1346.0,22956.0
2026-04-10 10:53:00,1345.9,1346.0,1345.8,1345.9,12769.0
2026-04-10 10:54:00,1345.8,1346.2,1345.8,1346.0,16296.0
2026-04-10 10:55:00,1346.1,1346.4,1345.9,1345.9,39551.0
2026-04-10 10:56:00,1346.0,1346.0,1344.5,1345.0,85177.0
2026-04-10 10:57:00,1344.9,1345.0,1344.4,1344.6,11913.0
2026-04-10 10:58:00,1344.5,1344.6,1344.3,1344.3,10937.0
2026-04-10 10:59:00,1344.4,1344.8,1344.2,1344.7,19037.0
2026-04-10 11:00:00,1344.8,1345.5,1344.7,1345.4,47250.0
2026-04-10 11:01:00,1345.5,1345.5,1345.3,1345.4,12209.0
2026-04-10 11:02:00,1345.4,1345.5,1345.4,1345.5,13204.0
2026-04-10 11:03:00,1345.5,1346.0,1345.3,1345.9,15190.0
2026-04-10 11:04:00,1345.8,1345.8,1345.6,1345.7,8959.0
2026-04-10 11:05:00,1345.7,1345.9,1345.5,1345.8,14312.0
2026-04-10 11:06:00,1345.8,1346.3,1345.5,1346.3,21421.0
2026-04-10 11:07:00,1346.3,1346.4,1345.8,1345.9,13786.0
2026-04-10 11:08:00,1346.0,1346.5,1345.9,1346.5,20497.0
2026-04-10 11:09:00,1346.4,1347.0,1346.3,1347.0,36398.0
2026-04-10 11:10:00,1347.0,1347.3,1346.8,1347.3,17659.0
2026-04-10 11:11:00,1347.3,1348.0,1347.1,1347.9,19183.0
2026-04-10 11:12:00,1347.9,1347.9,1347.7,1347.9,13734.0
2026-04-10 11:13:00,1347.9,1348.8,1347.9,1348.8,30991.0
2026-04-10 11:14:00,1348.8,1349.0,1348.3,1348.5,76336.0
2026-04-10 11:15:00,1348.4,1348.6,1348.3,1348.3,34975.0
2026-04-10 11:16:00,1348.4,1349.0,1348.2,1348.7,56683.0
2026-04-10 11:17:00,1348.8,1348.8,1347.2,1347.2,36870.0
2026-04-10 11:18:00,1347.3,1347.3,1346.9,1347.2,31437.0
2026-04-10 11:19:00,1347.2,1347.6,1346.8,1347.6,33152.0
2026-04-10 11:20:00,1347.5,1347.8,1347.3,1347.8,10633.0
2026-04-10 11:21:00,1347.9,1348.4,1347.6,1347.8,46455.0
2026-04-10 11:22:00,1347.7,1349.0,1347.7,1348.3,68952.0
2026-04-10 11:23:00,1348.4,1348.5,1348.0,1348.2,8400.0
2026-04-10 11:24:00,1348.3,1348.4,1347.6,1347.6,17221.0
2026-04-10 11:25:00,1347.6,1349.0,1347.6,1348.7,62027.0
2026-04-10 11:26:00,1349.0,1349.5,1348.6,1349.4,32279.0
2026-04-10 11:27:00,1349.4,1349.6,1348.0,1348.2,61915.0
2026-04-10 11:28:00,1348.2,1348.9,1347.3,1347.8,55260.0
2026-04-10 11:29:00,1347.8,1347.9,1345.7,1346.5,139493.0
2026-04-10 11:30:00,1346.5,1347.0,1345.6,1346.1,160508.0
2026-04-10 11:31:00,1346.6,1348.4,1346.6,1348.0,117878.0
2026-04-10 11:32:00,1347.8,1348.8,1347.6,1348.4,105969.0
2026-04-10 11:33:00,1348.4,1349.1,1348.0,1348.9,184098.0
2026-04-10 11:34:00,1348.9,1349.5,1348.5,1348.9,188342.0
2026-04-10 11:35:00,1348.9,1349.3,1347.8,1348.5,87536.0
2026-04-10 11:36:00,1348.5,1348.5,1347.5,1347.6,53401.0
2026-04-10 11:37:00,1347.5,1347.7,1346.6,1346.7,57348.0
2026-04-10 11:38:00,1346.6,1347.6,1346.6,1347.4,20671.0
2026-04-10 11:39:00,1347.4,1348.3,1347.0,1347.1,26366.0
2026-04-10 11:40:00,1347.1,1348.0,1346.8,1347.0,40422.0
2026-04-10 11:41:00,1347.1,1347.2,1346.8,1346.9,16493.0
2026-04-10 11:42:00,1346.9,1346.9,1345.7,1345.7,59215.0
2026-04-10 11:43:00,1345.7,1346.0,1345.5,1345.7,46169.0
2026-04-10 11:44:00,1346.0,1346.0,1345.7,1346.0,16548.0
2026-04-10 11:45:00,1346.0,1346.0,1345.8,1345.9,13604.0
2026-04-10 11:46:00,1345.9,1346.0,1345.5,1345.6,28145.0
2026-04-10 11:47:00,1345.6,1346.0,1345.0,1345.0,49972.0
2026-04-10 11:48:00,1344.9,1345.0,1344.5,1344.9,43522.0
2026-04-10 11:49:00,1345.0,1345.5,1344.9,1345.5,44502.0
2026-04-10 11:50:00,1345.5,1345.8,1345.1,1345.5,72955.0
2026-04-10 11:51:00,1345.5,1345.5,1344.9,1345.5,86444.0
2026-04-10 11:52:00,1345.4,1345.5,1345.1,1345.5,26379.0
2026-04-10 11:53:00,1345.5,1345.5,1345.2,1345.5,19701.0
2026-04-10 11:54:00,1345.5,1345.5,1345.3,1345.4,16916.0
2026-04-10 11:55:00,1345.5,1345.5,1345.3,1345.4,15189.0
2026-04-10 11:56:00,1345.4,1345.5,1345.3,1345.4,17769.0
2026-04-10 11:57:00,1345.4,1346.9,1345.3,1346.4,41363.0
2026-04-10 11:58:00,1346.5,1346.5,1346.2,1346.4,9746.0
2026-04-10 11:59:00,1346.4,1346.7,1346.2,1346.4,11537.0
2026-04-10 12:00:00,1346.6,1346.7,1345.8,1346.3,29865.0
2026-04-10 12:01:00,1346.2,1346.7,1346.2,1346.6,9354.0
2026-04-10 12:02:00,1346.6,1347.0,1346.3,1346.9,16883.0
2026-04-10 12:03:00,1346.8,1347.8,1346.8,1347.5,14915.0
2026-04-10 12:04:00,1347.6,1347.7,1347.4,1347.7,13638.0
2026-04-10 12:05:00,1347.6,1348.0,1347.5,1347.9,18004.0
2026-04-10 12:06:00,1347.9,1348.4,1347.8,1348.3,20566.0
2026-04-10 12:07:00,1348.4,1348.5,1348.0,1348.5,10864.0
2026-04-10 12:08:00,1348.5,1349.0,1347.9,1348.4,45920.0
2026-04-10 12:09:00,1348.4,1349.0,1348.0,1349.0,16162.0
2026-04-10 12:10:00,1348.9,1349.1,1348.0,1348.2,40844.0
2026-04-10 12:11:00,1348.1,1348.5,1348.1,1348.3,12493.0
2026-04-10 12:12:00,1348.3,1349.0,1348.3,1348.5,33952.0
2026-04-10 12:13:00,1348.5,1349.1,1348.5,1348.8,10214.0
2026-04-10 12:14:00,1348.8,1349.8,1348.7,1349.3,48193.0
2026-04-10 12:15:00,1349.4,1349.5,1348.2,1348.2,17456.0
2026-04-10 12:16:00,1348.3,1349.2,1348.2,1348.9,30510.0
2026-04-10 12:17:00,1348.9,1349.2,1348.8,1348.8,29751.0
2026-04-10 12:18:00,1348.9,1349.0,1348.0,1348.4,43182.0
2026-04-10 12:19:00,1348.5,1348.8,1348.2,1348.8,12027.0
2026-04-10 12:20:00,1348.8,1348.9,1348.4,1348.9,21738.0
2026-04-10 12:21:00,1348.9,1348.9,1348.2,1348.3,36232.0
2026-04-10 12:22:00,1348.8,1348.8,1348.0,1348.4,24701.0
2026-04-10 12:23:00,1348.4,1348.7,1348.0,1348.5,38416.0
2026-04-10 12:24:00,1348.5,1349.5,1348.1,1349.3,51715.0
2026-04-10 12:25:00,1349.3,1350.0,1349.0,1350.0,62067.0
2026-04-10 12:26:00,1350.0,1350.0,1349.4,1349.4,62132.0
2026-04-10 12:27:00,1349.5,1349.5,1348.7,1348.9,21999.0
2026-04-10 12:28:00,1348.8,1348.9,1347.9,1348.4,50557.0
2026-04-10 12:29:00,1348.4,1348.6,1348.2,1348.4,70139.0
2026-04-10 12:30:00,1348.4,1349.1,1348.0,1349.0,75359.0
2026-04-10 12:31:00,1348.9,1349.0,1348.5,1348.8,14951.0
2026-04-10 12:32:00,1348.9,1349.0,1348.6,1348.8,20352.0
2026-04-10 12:33:00,1349.0,1349.0,1348.6,1348.6,41825.0
2026-04-10 12:34:00,1348.6,1348.9,1348.0,1348.0,58424.0
2026-04-10 12:35:00,1348.4,1348.9,1348.1,1348.9,17962.0
2026-04-10 12:36:00,1348.9,1349.9,1348.8,1349.9,47792.0
2026-04-10 12:37:00,1349.9,1350.0,1349.1,1349.8,37472.0
2026-04-10 12:38:00,1349.8,1349.8,1349.4,1349.5,15275.0
2026-04-10 12:39:00,1349.5,1349.5,1348.9,1349.5,32674.0
2026-04-10 12:40:00,1349.5,1349.5,1349.2,1349.5,16145.0
2026-04-10 12:41:00,1349.5,1350.0,1349.3,1349.5,55984.0
2026-04-10 12:42:00,1349.6,1350.0,1349.4,1349.8,41785.0
2026-04-10 12:43:00,1349.8,1350.0,1349.1,1349.1,17508.0
2026-04-10 12:44:00,1349.2,1349.6,1348.9,1349.3,16850.0
2026-04-10 12:45:00,1349.2,1349.4,1349.1,1349.2,12658.0
2026-04-10 12:46:00,1349.3,1349.3,1348.9,1349.0,18682.0
2026-04-10 12:47:00,1349.0,1349.3,1348.5,1349.3,32467.0
2026-04-10 12:48:00,1349.2,1349.5,1348.9,1349.4,16905.0
2026-04-10 12:49:00,1349.4,1349.6,1349.3,1349.4,13241.0
2026-04-10 12:50:00,1349.5,1349.5,1348.6,1348.7,20910.0
2026-04-10 12:51:00,1348.9,1348.9,1347.6,1348.2,60741.0
2026-04-10 12:52:00,1348.0,1350.0,1348.0,1349.2,69506.0
2026-04-10 12:53:00,1349.2,1349.2,1348.3,1348.8,20852.0
2026-04-10 12:54:00,1348.9,1348.9,1347.5,1348.4,90613.0
2026-04-10 12:55:00,1348.4,1349.4,1348.2,1348.7,50347.0
2026-04-10 12:56:00,1348.6,1348.7,1347.6,1348.0,25092.0
2026-04-10 12:57:00,1348.0,1348.0,1347.3,1348.0,38157.0
2026-04-10 12:58:00,1348.0,1348.0,1347.5,1347.8,17681.0
2026-04-10 12:59:00,1347.6,1348.0,1347.6,1348.0,16377.0
2026-04-10 13:00:00,1348.0,1348.0,1347.7,1347.7,20541.0
2026-04-10 13:01:00,1347.7,1348.0,1347.5,1347.9,25844.0
2026-04-10 13:02:00,1347.9,1348.2,1347.5,1348.2,14562.0
2026-04-10 13:03:00,1348.0,1348.2,1347.6,1347.9,26156.0
2026-04-10 13:04:00,1348.0,1348.1,1347.8,1347.8,9364.0
2026-04-10 13:05:00,1347.5,1347.5,1346.9,1347.0,52751.0
2026-04-10 13:06:00,1346.9,1348.1,1346.8,1347.9,24034.0
2026-04-10 13:07:00,1348.0,1348.2,1347.9,1348.0,12776.0
2026-04-10 13:08:00,1348.0,1348.4,1347.9,1348.3,18165.0
2026-04-10 13:09:00,1348.4,1348.4,1347.8,1348.3,20009.0
2026-04-10 13:10:00,1348.3,1348.4,1347.9,1348.4,17999.0
2026-04-10 13:11:00,1348.4,1348.6,1348.0,1348.0,23293.0
2026-04-10 13:12:00,1348.0,1348.6,1347.6,1347.6,14250.0
2026-04-10 13:13:00,1348.0,1348.0,1347.2,1347.2,14370.0
2026-04-10 13:14:00,1347.3,1347.3,1346.9,1346.9,12812.0
2026-04-10 13:15:00,1347.0,1347.3,1346.9,1347.3,25169.0
2026-04-10 13:16:00,1347.4,1348.0,1346.8,1347.0,23658.0
2026-04-10 13:17:00,1347.0,1347.0,1346.8,1347.0,10171.0
2026-04-10 13:18:00,1347.0,1347.0,1346.9,1346.9,14183.0
2026-04-10 13:19:00,1347.0,1347.0,1346.6,1346.7,26104.0
2026-04-10 13:20:00,1346.7,1346.7,1346.3,1346.4,38748.0
2026-04-10 13:21:00,1346.4,1346.5,1346.3,1346.3,12542.0
2026-04-10 13:22:00,1346.5,1347.0,1346.4,1347.0,12895.0
2026-04-10 13:23:00,1347.0,1347.0,1346.8,1346.9,18176.0
2026-04-10 13:24:00,1346.9,1346.9,1346.8,1346.9,8819.0
2026-04-10 13:25:00,1346.9,1347.0,1346.8,1347.0,14709.0
2026-04-10 13:26:00,1347.0,1347.7,1346.9,1347.5,46289.0
2026-04-10 13:27:00,1347.5,1347.5,1347.3,1347.5,16108.0
2026-04-10 13:28:00,1347.4,1347.5,1347.3,1347.4,16522.0
2026-04-10 13:29:00,1347.4,1347.4,1347.1,1347.4,17673.0
2026-04-10 13:30:00,1347.4,1347.5,1346.8,1347.0,27602.0
2026-04-10 13:31:00,1347.5,1347.5,1346.9,1347.4,12685.0
2026-04-10 13:32:00,1347.4,1347.5,1347.2,1347.4,9618.0
2026-04-10 13:33:00,1347.5,1347.5,1346.9,1347.3,28526.0
2026-04-10 13:34:00,1347.3,1347.3,1346.9,1347.0,16133.0
2026-04-10 13:35:00,1347.0,1347.0,1346.7,1346.9,14601.0
2026-04-10 13:36:00,1346.8,1347.2,1346.7,1347.2,12115.0
2026-04-10 13:37:00,1347.1,1347.5,1347.1,1347.5,14487.0
2026-04-10 13:38:00,1347.5,1347.5,1347.4,1347.4,15606.0
2026-04-10 13:39:00,1347.5,1347.5,1347.4,1347.5,20373.0
2026-04-10 13:40:00,1347.4,1348.0,1347.4,1348.0,17384.0
2026-04-10 13:41:00,1348.0,1348.0,1347.9,1348.0,19563.0
2026-04-10 13:42:00,1348.0,1348.0,1347.9,1348.0,15111.0
2026-04-10 13:43:00,1348.0,1348.0,1347.9,1348.0,16779.0
2026-04-10 13:44:00,1347.9,1348.0,1347.8,1347.9,20588.0
2026-04-10 13:45:00,1347.9,1348.4,1347.8,1348.4,17858.0
2026-04-10 13:46:00,1348.4,1348.8,1347.8,1348.3,47282.0
2026-04-10 13:47:00,1348.2,1348.3,1347.6,1347.9,17627.0
2026-04-10 13:48:00,1347.9,1348.0,1347.4,1347.8,22802.0
2026-04-10 13:49:00,1347.7,1347.8,1347.5,1347.7,9602.0
2026-04-10 13:50:00,1347.7,1347.7,1345.9,1345.9,85371.0
2026-04-10 13:51:00,1346.0,1346.9,1345.4,1346.9,87434.0
2026-04-10 13:52:00,1346.9,1347.5,1346.2,1346.7,55877.0
2026-04-10 13:53:00,1346.8,1347.3,1346.2,1347.2,14371.0
2026-04-10 13:54:00,1347.3,1347.5,1347.0,1347.2,15508.0
2026-04-10 13:55:00,1347.4,1347.6,1347.2,1347.5,10125.0
2026-04-10 13:56:00,1347.5,1347.5,1347.4,1347.5,13404.0
2026-04-10 13:57:00,1347.5,1347.9,1347.4,1347.7,37488.0
2026-04-10 13:58:00,1347.7,1348.5,1347.7,1348.5,16121.0
2026-04-10 13:59:00,1348.5,1349.0,1348.3,1349.0,29069.0
2026-04-10 14:00:00,1349.0,1349.2,1348.3,1348.7,74809.0
2026-04-10 14:01:00,1348.9,1349.3,1348.5,1349.3,24727.0
2026-04-10 14:02:00,1349.3,1349.5,1348.2,1348.5,232587.0
2026-04-10 14:03:00,1348.6,1348.6,1348.3,1348.6,23076.0
2026-04-10 14:04:00,1348.6,1348.6,1348.1,1348.2,15412.0
2026-04-10 14:05:00,1348.2,1348.7,1348.2,1348.5,25643.0
2026-04-10 14:06:00,1348.5,1348.5,1348.3,1348.5,21407.0
2026-04-10 14:07:00,1348.5,1348.5,1348.0,1348.5,26620.0
2026-04-10 14:08:00,1348.5,1348.5,1348.0,1348.1,20419.0
2026-04-10 14:09:00,1348.1,1348.2,1347.8,1348.2,14723.0
2026-04-10 14:10:00,1348.2,1348.5,1348.0,1348.1,44332.0
2026-04-10 14:11:00,1348.3,1348.5,1348.0,1348.5,18641.0
2026-04-10 14:12:00,1348.5,1348.5,1348.4,1348.5,37408.0
2026-04-10 14:13:00,1348.4,1349.1,1348.4,1348.9,52692.0
2026-04-10 14:14:00,1349.0,1349.1,1346.5,1347.9,146718.0
2026-04-10 14:15:00,1348.0,1348.0,1343.8,1346.0,133984.0
2026-04-10 14:16:00,1346.0,1346.6,1344.2,1344.7,51078.0
2026-04-10 14:17:00,1345.0,1346.0,1344.7,1345.8,36448.0
2026-04-10 14:18:00,1346.0,1346.2,1345.8,1346.1,15218.0
2026-04-10 14:19:00,1346.2,1346.2,1344.8,1345.9,36204.0
2026-04-10 14:20:00,1345.9,1346.0,1345.6,1346.0,10913.0
2026-04-10 14:21:00,1346.0,1346.0,1345.8,1346.0,37489.0
2026-04-10 14:22:00,1346.2,1347.0,1345.2,1345.4,46431.0
2026-04-10 14:23:00,1345.6,1345.6,1344.2,1344.4,43385.0
2026-04-10 14:24:00,1344.8,1344.8,1343.8,1343.8,115677.0
2026-04-10 14:25:00,1344.0,1344.4,1343.2,1344.1,88504.0
2026-04-10 14:26:00,1344.1,1344.3,1343.5,1343.7,21575.0
2026-04-10 14:27:00,1343.5,1343.7,1342.5,1342.7,45411.0
2026-04-10 14:28:00,1342.9,1344.3,1342.8,1343.7,69352.0
2026-04-10 14:29:00,1343.8,1345.2,1343.7,1344.7,89403.0
2026-04-10 14:30:00,1344.7,1345.9,1344.0,1344.8,257963.0
2026-04-10 14:31:00,1345.4,1345.4,1344.5,1344.6,46841.0
2026-04-10 14:32:00,1344.6,1345.8,1344.4,1345.5,129537.0
2026-04-10 14:33:00,1345.8,1346.8,1345.5,1346.0,102387.0
2026-04-10 14:34:00,1346.4,1346.4,1343.6,1343.6,225343.0
2026-04-10 14:35:00,1343.4,1343.4,1342.5,1342.6,81841.0
2026-04-10 14:36:00,1343.0,1344.0,1342.7,1343.7,70275.0
2026-04-10 14:37:00,1343.7,1344.9,1343.5,1344.5,67340.0
2026-04-10 14:38:00,1344.3,1345.5,1344.0,1345.5,87291.0
2026-04-10 14:39:00,1345.6,1346.3,1344.8,1345.4,125770.0
2026-04-10 14:40:00,1345.3,1346.7,1344.6,1346.5,91310.0
2026-04-10 14:41:00,1346.8,1347.8,1346.4,1347.2,141402.0
2026-04-10 14:42:00,1347.6,1348.0,1347.3,1347.8,74842.0
2026-04-10 14:43:00,1347.8,1348.5,1347.1,1347.2,85815.0
2026-04-10 14:44:00,1347.2,1348.0,1346.9,1348.0,38179.0
2026-04-10 14:45:00,1347.8,1347.9,1345.5,1346.1,141555.0
2026-04-10 14:46:00,1346.1,1347.2,1345.2,1345.7,100177.0
2026-04-10 14:47:00,1345.7,1345.7,1344.1,1345.5,121982.0
2026-04-10 14:48:00,1345.5,1346.5,1345.3,1346.1,41358.0
2026-04-10 14:49:00,1346.1,1348.3,1346.1,1347.5,69390.0
2026-04-10 14:50:00,1347.3,1347.3,1346.7,1346.7,60572.0
2026-04-10 14:51:00,1346.8,1347.3,1346.5,1347.0,100535.0
2026-04-10 14:52:00,1347.0,1347.9,1346.8,1347.4,75164.0
2026-04-10 14:53:00,1347.4,1348.0,1347.2,1348.0,18933.0
2026-04-10 14:54:00,1347.7,1348.0,1346.6,1347.3,59428.0
2026-04-10 14:55:00,1347.5,1347.6,1346.8,1347.1,34458.0
2026-04-10 14:56:00,1347.2,1347.9,1347.0,1347.8,33824.0
2026-04-10 14:57:00,1347.8,1347.8,1347.0,1347.6,41019.0
2026-04-10 14:58:00,1347.7,1348.0,1347.0,1347.5,27741.0
2026-04-10 14:59:00,1347.5,1347.5,1347.0,1347.2,24290.0
2026-04-10 15:00:00,1347.4,1347.4,1346.8,1346.9,79696.0
2026-04-10 15:01:00,1346.9,1347.9,1346.9,1347.8,72627.0
2026-04-10 15:02:00,1347.8,1347.9,1347.5,1347.6,61178.0
2026-04-10 15:03:00,1347.7,1348.8,1347.6,1348.5,87866.0
2026-04-10 15:04:00,1348.8,1349.0,1348.6,1349.0,90430.0
2026-04-10 15:05:00,1349.0,1350.0,1348.7,1350.0,298164.0
2026-04-10 15:06:00,1350.3,1351.5,1350.1,1351.0,273561.0
2026-04-10 15:07:00,1350.9,1351.4,1350.1,1351.4,81568.0
2026-04-10 15:08:00,1351.5,1351.9,1351.2,1351.7,96367.0
2026-04-10 15:09:00,1351.8,1351.8,1351.3,1351.5,110159.0
2026-04-10 15:10:00,1351.4,1351.8,1351.3,1351.7,60794.0
2026-04-10 15:11:00,1351.7,1352.0,1351.6,1351.9,86764.0
2026-04-10 15:12:00,1351.9,1352.3,1351.5,1351.5,171735.0
2026-04-10 15:13:00,1351.5,1351.5,1350.5,1350.6,80688.0
2026-04-10 15:14:00,1350.6,1350.9,1349.8,1349.9,126529.0
2026-04-10 15:15:00,1349.9,1350.9,1349.0,1349.1,154607.0
2026-04-10 15:16:00,1349.3,1350.2,1349.1,1349.8,80305.0
2026-04-10 15:17:00,1349.8,1351.0,1349.8,1350.9,69251.0
2026-04-10 15:18:00,1350.9,1351.6,1350.9,1351.2,102192.0
2026-04-10 15:19:00,1351.2,1351.6,1350.9,1351.0,122781.0
2026-04-10 15:20:00,1350.9,1351.3,1350.6,1350.9,100679.0
2026-04-10 15:21:00,1351.0,1351.7,1350.7,1350.9,129484.0
2026-04-10 15:22:00,1350.8,1350.8,1349.8,1350.1,101797.0
2026-04-10 15:23:00,1350.3,1350.8,1349.9,1350.5,77465.0
2026-04-10 15:24:00,1350.3,1350.7,1349.5,1349.5,65941.0
2026-04-10 15:25:00,1349.8,1350.6,1349.4,1349.6,73821.0
2026-04-10 15:26:00,1349.5,1350.5,1349.4,1350.0,71626.0
2026-04-10 15:27:00,1349.9,1350.4,1349.4,1350.3,63289.0
2026-04-10 15:28:00,1350.3,1350.3,1349.0,1349.0,44563.0
2026-04-10 15:29:00,1349.7,1350.3,1349.0,1350.0,43900.0
2026-04-13 09:15:00,1321.2,1326.7,1317.5,1318.2,619512.0
2026-04-13 09:16:00,1318.0,1318.0,1312.5,1314.2,477338.0
2026-04-13 09:17:00,1314.2,1316.0,1311.0,1316.0,237457.0
2026-04-13 09:18:00,1315.6,1316.0,1312.0,1314.9,194962.0
2026-04-13 09:19:00,1315.7,1317.0,1315.0,1317.0,70371.0
2026-04-13 09:20:00,1317.0,1317.4,1313.0,1313.7,141258.0
2026-04-13 09:21:00,1313.3,1314.3,1313.1,1313.3,165506.0
2026-04-13 09:22:00,1313.6,1314.2,1312.0,1312.8,172832.0
2026-04-13 09:23:00,1312.7,1313.7,1312.1,1313.0,559680.0
2026-04-13 09:24:00,1313.0,1313.6,1312.2,1313.3,64029.0
2026-04-13 09:25:00,1313.7,1314.0,1312.7,1312.7,96400.0
2026-04-13 09:26:00,1312.8,1314.5,1312.6,1314.5,121068.0
2026-04-13 09:27:00,1314.0,1315.2,1313.8,1314.4,250911.0
2026-04-13 09:28:00,1314.2,1314.3,1312.3,1313.6,95700.0
2026-04-13 09:29:00,1313.0,1314.2,1312.8,1313.9,44354.0
2026-04-13 09:30:00,1313.7,1314.2,1313.3,1313.7,60011.0
2026-04-13 09:31:00,1313.5,1314.0,1313.0,1313.5,59006.0
2026-04-13 09:32:00,1313.5,1314.0,1313.1,1313.8,46852.0
2026-04-13 09:33:00,1313.9,1314.0,1313.2,1313.8,32904.0
2026-04-13 09:34:00,1313.7,1314.4,1313.3,1314.4,38616.0
2026-04-13 09:35:00,1314.1,1314.5,1313.4,1314.1,40461.0
2026-04-13 09:36:00,1314.0,1314.7,1313.8,1314.1,67384.0
2026-04-13 09:37:00,1314.0,1314.5,1313.6,1313.9,43317.0
2026-04-13 09:38:00,1313.5,1314.1,1313.0,1313.4,95044.0
2026-04-13 09:39:00,1313.1,1313.8,1312.9,1313.6,82599.0
2026-04-13 09:40:00,1313.5,1313.5,1312.9,1313.1,38912.0
2026-04-13 09:41:00,1313.2,1314.6,1313.1,1314.6,34891.0
2026-04-13 09:42:00,1314.8,1315.1,1314.0,1314.3,55413.0
2026-04-13 09:43:00,1314.0,1314.8,1313.6,1314.5,25165.0
2026-04-13 09:44:00,1314.5,1314.9,1314.4,1314.9,18979.0
2026-04-13 09:45:00,1315.0,1315.0,1313.7,1314.2,77507.0
2026-04-13 09:46:00,1314.2,1314.7,1313.9,1314.7,35271.0
2026-04-13 09:47:00,1314.5,1314.8,1314.1,1314.3,19741.0
2026-04-13 09:48:00,1314.0,1314.3,1313.6,1313.8,35229.0
2026-04-13 09:49:00,1313.8,1314.2,1313.6,1314.2,17754.0
2026-04-13 09:50:00,1314.2,1314.8,1313.9,1314.0,27959.0
2026-04-13 09:51:00,1313.9,1314.1,1313.7,1314.0,21791.0
2026-04-13 09:52:00,1314.1,1314.5,1313.7,1313.9,34713.0
2026-04-13 09:53:00,1313.9,1314.5,1313.8,1314.2,42804.0
2026-04-13 09:54:00,1314.2,1315.4,1314.0,1314.1,37966.0
2026-04-13 09:55:00,1314.0,1315.1,1314.0,1314.4,22580.0
2026-04-13 09:56:00,1314.6,1315.4,1314.3,1315.0,23399.0
2026-04-13 09:57:00,1314.9,1315.4,1314.8,1315.2,25361.0
2026-04-13 09:58:00,1315.2,1317.1,1315.2,1316.7,325561.0
2026-04-13 09:59:00,1316.6,1317.1,1315.5,1315.8,207635.0
2026-04-13 10:00:00,1315.6,1316.0,1315.0,1315.5,69643.0
2026-04-13 10:01:00,1315.5,1316.9,1315.3,1316.5,21959.0
2026-04-13 10:02:00,1316.7,1319.0,1315.7,1318.9,63130.0
2026-04-13 10:03:00,1318.9,1319.0,1317.9,1318.3,65169.0
2026-04-13 10:04:00,1318.1,1318.9,1317.7,1318.9,62454.0
2026-04-13 10:05:00,1318.9,1319.6,1318.8,1319.4,60426.0
2026-04-13 10:06:00,1319.3,1319.4,1318.7,1318.8,38332.0
2026-04-13 10:07:00,1318.7,1319.9,1318.6,1319.5,34387.0
2026-04-13 10:08:00,1319.4,1319.9,1319.0,1319.2,289615.0
2026-04-13 10:09:00,1319.2,1319.7,1319.1,1319.6,23082.0
2026-04-13 10:10:00,1319.7,1321.2,1319.5,1321.0,48689.0
2026-04-13 10:11:00,1321.0,1321.3,1320.0,1321.0,31210.0
2026-04-13 10:12:00,1320.8,1321.4,1320.1,1320.3,1276676.0
2026-04-13 10:13:00,1320.3,1321.3,1320.3,1321.3,29646.0
2026-04-13 10:14:00,1320.9,1321.7,1320.6,1321.0,30768.0
2026-04-13 10:15:00,1320.8,1321.0,1320.4,1320.4,31919.0
2026-04-13 10:16:00,1320.6,1321.9,1320.2,1320.8,108434.0
2026-04-13 10:17:00,1320.6,1321.5,1320.0,1320.8,61855.0
2026-04-13 10:18:00,1320.8,1322.9,1320.7,1322.6,53605.0
2026-04-13 10:19:00,1322.6,1323.7,1322.1,1323.6,39097.0
2026-04-13 10:20:00,1323.4,1325.0,1323.4,1324.8,73724.0
2026-04-13 10:21:00,1325.2,1327.0,1325.2,1326.2,73421.0
2026-04-13 10:22:00,1326.1,1327.6,1325.7,1327.6,58118.0
2026-04-13 10:23:00,1327.3,1327.6,1326.0,1327.0,52219.0
2026-04-13 10:24:00,1327.5,1327.6,1325.0,1325.2,79107.0
2026-04-13 10:25:00,1324.9,1325.0,1324.1,1324.1,70330.0
2026-04-13 10:26:00,1324.1,1324.9,1323.7,1324.8,69712.0
2026-04-13 10:27:00,1324.9,1325.5,1324.6,1325.2,39684.0
2026-04-13 10:28:00,1325.0,1325.2,1324.4,1324.5,21365.0
2026-04-13 10:29:00,1324.2,1324.7,1324.0,1324.5,29836.0
2026-04-13 10:30:00,1324.6,1324.8,1324.4,1324.5,58421.0
2026-04-13 10:31:00,1324.6,1324.6,1323.1,1323.3,44182.0
2026-04-13 10:32:00,1323.2,1323.9,1323.2,1323.8,43739.0
2026-04-13 10:33:00,1323.9,1323.9,1323.1,1323.6,32608.0
2026-04-13 10:34:00,1323.6,1323.7,1323.4,1323.5,16095.0
2026-04-13 10:35:00,1323.5,1323.6,1323.3,1323.6,16247.0
2026-04-13 10:36:00,1323.8,1324.1,1323.1,1323.3,92856.0
2026-04-13 10:37:00,1323.5,1323.5,1321.6,1322.9,98599.0
2026-04-13 10:38:00,1322.9,1322.9,1320.9,1321.1,81877.0
2026-04-13 10:39:00,1321.4,1322.8,1320.6,1322.6,104855.0
2026-04-13 10:40:00,1322.6,1324.9,1322.6,1324.0,21086.0
2026-04-13 10:41:00,1323.9,1324.5,1323.2,1324.3,24268.0
2026-04-13 10:42:00,1324.5,1324.5,1322.3,1322.3,33889.0
2026-04-13 10:43:00,1322.5,1324.5,1322.4,1324.0,70410.0
2026-04-13 10:44:00,1324.3,1324.5,1323.5,1323.8,36504.0
2026-04-13 10:45:00,1323.7,1324.7,1323.7,1324.6,48192.0
2026-04-13 10:46:00,1324.5,1324.7,1324.0,1324.2,13335.0
2026-04-13 10:47:00,1324.2,1324.3,1322.8,1323.6,53961.0
2026-04-13 10:48:00,1323.5,1324.0,1323.3,1323.9,28588.0
2026-04-13 10:49:00,1323.8,1323.9,1322.7,1322.9,33246.0
2026-04-13 10:50:00,1323.0,1323.4,1322.8,1323.1,35212.0
2026-04-13 10:51:00,1323.0,1323.0,1322.1,1322.2,31746.0
2026-04-13 10:52:00,1322.4,1323.0,1322.0,1322.8,32890.0
2026-04-13 10:53:00,1322.9,1323.5,1322.6,1322.7,20677.0
2026-04-13 10:54:00,1322.6,1322.6,1322.2,1322.4,12909.0
2026-04-13 10:55:00,1322.3,1323.0,1322.2,1322.8,19432.0
2026-04-13 10:56:00,1322.8,1323.4,1322.6,1322.7,16019.0
2026-04-13 10:57:00,1322.8,1323.1,1322.2,1322.5,22467.0
2026-04-13 10:58:00,1322.5,1322.5,1320.4,1320.7,63425.0
2026-04-13 10:59:00,1320.7,1320.7,1319.6,1320.4,82050.0
2026-04-13 11:00:00,1320.1,1320.4,1320.0,1320.0,55652.0
2026-04-13 11:01:00,1320.1,1320.3,1320.0,1320.1,63347.0
2026-04-13 11:02:00,1320.0,1320.2,1320.0,1320.1,49025.0
2026-04-13 11:03:00,1320.1,1320.1,1317.6,1318.0,306160.0
2026-04-13 11:04:00,1317.9,1318.5,1317.9,1318.0,270083.0
2026-04-13 11:05:00,1318.5,1320.0,1317.9,1320.0,88899.0
2026-04-13 11:06:00,1319.9,1320.7,1319.7,1320.1,32141.0
2026-04-13 11:07:00,1320.1,1320.1,1319.9,1320.1,37468.0
2026-04-13 11:08:00,1320.0,1320.1,1319.9,1320.0,31290.0
2026-04-13 11:09:00,1320.0,1320.2,1319.9,1320.1,36727.0
2026-04-13 11:10:00,1320.1,1320.5,1320.0,1320.1,32760.0
2026-04-13 11:11:00,1320.0,1320.1,1319.6,1319.6,40814.0
2026-04-13 11:12:00,1319.7,1321.0,1319.7,1320.3,55698.0
2026-04-13 11:13:00,1320.2,1320.3,1319.8,1319.9,23588.0
2026-04-13 11:14:00,1319.9,1320.4,1319.9,1319.9,33632.0
2026-04-13 11:15:00,1319.9,1320.1,1319.9,1319.9,25605.0
2026-04-13 11:16:00,1320.0,1320.0,1319.9,1320.0,40184.0
2026-04-13 11:17:00,1320.0,1320.0,1319.9,1320.0,45136.0
2026-04-13 11:18:00,1320.0,1320.2,1319.9,1319.9,38709.0
2026-04-13 11:19:00,1320.0,1320.0,1319.9,1320.0,21328.0
2026-04-13 11:20:00,1320.0,1320.0,1319.7,1319.8,77756.0
2026-04-13 11:21:00,1319.7,1320.1,1319.7,1320.0,56450.0
2026-04-13 11:22:00,1320.1,1320.7,1320.0,1320.4,75721.0
2026-04-13 11:23:00,1320.3,1321.0,1320.2,1320.2,56700.0
2026-04-13 11:24:00,1320.2,1320.2,1319.7,1319.7,65960.0
2026-04-13 11:25:00,1319.7,1320.1,1319.7,1320.1,35541.0
2026-04-13 11:26:00,1320.1,1320.3,1319.8,1319.9,33121.0
2026-04-13 11:27:00,1320.0,1320.0,1319.9,1320.0,22275.0
2026-04-13 11:28:00,1319.9,1320.0,1319.9,1320.0,27710.0
2026-04-13 11:29:00,1320.0,1320.0,1319.8,1319.9,76326.0
2026-04-13 11:30:00,1320.0,1320.2,1319.9,1320.0,279806.0
2026-04-13 11:31:00,1320.0,1320.1,1319.1,1319.3,64515.0
2026-04-13 11:32:00,1319.3,1319.3,1318.7,1318.8,71213.0
2026-04-13 11:33:00,1318.9,1319.0,1318.8,1318.8,24610.0
2026-04-13 11:34:00,1319.0,1319.5,1319.0,1319.3,32495.0
2026-04-13 11:35:00,1319.1,1319.8,1319.0,1319.8,17998.0
2026-04-13 11:36:00,1319.6,1319.7,1319.1,1319.5,35591.0
2026-04-13 11:37:00,1319.5,1319.8,1319.1,1319.8,19163.0
2026-04-13 11:38:00,1319.5,1320.0,1319.4,1319.9,42372.0
2026-04-13 11:39:00,1319.9,1320.0,1319.6,1319.7,50056.0
2026-04-13 11:40:00,1319.6,1320.0,1319.5,1319.7,25484.0
2026-04-13 11:41:00,1319.7,1319.7,1319.1,1319.2,35003.0
2026-04-13 11:42:00,1319.0,1319.2,1318.5,1318.9,88185.0
2026-04-13 11:43:00,1318.7,1319.0,1318.3,1318.9,34390.0
2026-04-13 11:44:00,1318.9,1319.0,1318.5,1318.8,30769.0
2026-04-13 11:45:00,1318.5,1319.3,1318.2,1319.0,52232.0
2026-04-13 11:46:00,1319.0,1319.0,1318.1,1318.4,37664.0
2026-04-13 11:47:00,1318.4,1318.6,1318.1,1318.2,20034.0
2026-04-13 11:48:00,1318.2,1319.0,1318.1,1318.7,28278.0
2026-04-13 11:49:00,1318.6,1319.2,1318.6,1319.1,20997.0
2026-04-13 11:50:00,1319.0,1319.8,1318.9,1319.3,37553.0
2026-04-13 11:51:00,1319.4,1319.7,1319.0,1319.1,42488.0
2026-04-13 11:52:00,1319.1,1319.1,1318.7,1318.7,22745.0
2026-04-13 11:53:00,1318.7,1318.7,1318.0,1318.0,47828.0
2026-04-13 11:54:00,1318.0,1318.4,1318.0,1318.2,61439.0
2026-04-13 11:55:00,1318.3,1319.4,1318.3,1319.0,48595.0
2026-04-13 11:56:00,1319.1,1319.3,1318.5,1318.7,34986.0
2026-04-13 11:57:00,1318.5,1318.6,1318.0,1318.0,24220.0
2026-04-13 11:58:00,1318.0,1318.1,1317.9,1317.9,62091.0
2026-04-13 11:59:00,1317.9,1318.0,1317.3,1317.3,29385.0
2026-04-13 12:00:00,1317.4,1317.6,1317.2,1317.4,23536.0
2026-04-13 12:01:00,1317.3,1317.4,1315.0,1316.0,94911.0
2026-04-13 12:02:00,1315.7,1317.3,1315.7,1316.9,134124.0
2026-04-13 12:03:00,1316.9,1317.0,1316.0,1316.7,75818.0
2026-04-13 12:04:00,1316.6,1316.6,1315.8,1316.4,31926.0
2026-04-13 12:05:00,1316.5,1316.8,1315.7,1315.8,81004.0
2026-04-13 12:06:00,1315.7,1317.2,1315.7,1316.7,46377.0
2026-04-13 12:07:00,1316.7,1317.2,1316.4,1316.7,47899.0
2026-04-13 12:08:00,1316.5,1316.7,1315.8,1316.2,45161.0
2026-04-13 12:09:00,1316.0,1316.4,1315.8,1316.2,26690.0
2026-04-13 12:10:00,1316.1,1316.4,1316.0,1316.1,22095.0
2026-04-13 12:11:00,1316.3,1316.5,1316.0,1316.3,21791.0
2026-04-13 12:12:00,1316.3,1316.6,1315.8,1315.8,73614.0
2026-04-13 12:13:00,1315.7,1317.1,1315.7,1316.2,658161.0
2026-04-13 12:14:00,1316.0,1317.0,1315.9,1316.0,76667.0
2026-04-13 12:15:00,1316.0,1317.3,1315.4,1316.0,131784.0
2026-04-13 12:16:00,1316.1,1316.7,1316.0,1316.5,30259.0
2026-04-13 12:17:00,1316.4,1316.7,1315.9,1315.9,52100.0
2026-04-13 12:18:00,1315.8,1315.8,1314.7,1315.4,109141.0
2026-04-13 12:19:00,1315.4,1316.8,1314.7,1316.2,98593.0
2026-04-13 12:20:00,1316.5,1316.5,1315.1,1315.5,77577.0
2026-04-13 12:21:00,1315.3,1315.5,1315.0,1315.3,29444.0
2026-04-13 12:22:00,1315.1,1315.4,1313.8,1314.0,147444.0
2026-04-13 12:23:00,1313.8,1314.0,1313.8,1313.8,30450.0
2026-04-13 12:24:00,1313.9,1313.9,1312.6,1313.8,110704.0
2026-04-13 12:25:00,1313.8,1314.2,1313.7,1314.0,145715.0
2026-04-13 12:26:00,1314.0,1314.4,1313.6,1314.4,23620.0
2026-04-13 12:27:00,1314.2,1314.4,1314.1,1314.4,24503.0
2026-04-13 12:28:00,1314.3,1314.7,1313.8,1314.2,42805.0
2026-04-13 12:29:00,1314.1,1314.4,1313.8,1314.0,27296.0
2026-04-13 12:30:00,1314.0,1314.2,1313.2,1313.5,45405.0
2026-04-13 12:31:00,1313.5,1314.1,1313.2,1314.0,35504.0
2026-04-13 12:32:00,1314.0,1314.2,1313.0,1313.1,45927.0
2026-04-13 12:33:00,1313.1,1313.4,1312.8,1313.4,62158.0
2026-04-13 12:34:00,1313.3,1313.5,1311.9,1313.0,212098.0
2026-04-13 12:35:00,1313.0,1313.2,1311.6,1311.6,57198.0
2026-04-13 12:36:00,1311.8,1312.0,1311.5,1312.0,37706.0
2026-04-13 12:37:00,1311.8,1312.8,1311.5,1312.8,18070.0
2026-04-13 12:38:00,1312.4,1313.3,1311.9,1312.0,74020.0
2026-04-13 12:39:00,1312.0,1312.2,1311.7,1312.2,49207.0
2026-04-13 12:40:00,1312.1,1312.6,1312.0,1312.1,29448.0
2026-04-13 12:41:00,1312.2,1313.4,1312.1,1313.0,29146.0
2026-04-13 12:42:00,1312.9,1313.6,1312.5,1312.9,46622.0
2026-04-13 12:43:00,1313.0,1313.3,1312.1,1312.7,48817.0
2026-04-13 12:44:00,1312.5,1312.9,1312.2,1312.9,21867.0
2026-04-13 12:45:00,1312.5,1312.9,1312.2,1312.9,23333.0
2026-04-13 12:46:00,1312.8,1312.8,1311.2,1311.2,137244.0
2026-04-13 12:47:00,1311.2,1312.0,1311.0,1311.4,105764.0
2026-04-13 12:48:00,1311.2,1311.4,1310.2,1310.7,65793.0
2026-04-13 12:49:00,1310.4,1311.5,1310.4,1311.5,173632.0
2026-04-13 12:50:00,1311.3,1312.4,1310.9,1311.9,146359.0
2026-04-13 12:51:00,1312.4,1312.8,1311.6,1312.3,97759.0
2026-04-13 12:52:00,1312.2,1313.6,1312.1,1313.0,153884.0
2026-04-13 12:53:00,1313.2,1313.8,1312.8,1313.6,138520.0
2026-04-13 12:54:00,1313.2,1313.7,1311.0,1311.2,129030.0
2026-04-13 12:55:00,1310.9,1310.9,1310.0,1310.4,152100.0
2026-04-13 12:56:00,1310.1,1310.9,1310.0,1310.4,85992.0
2026-04-13 12:57:00,1310.6,1310.7,1310.2,1310.4,29442.0
2026-04-13 12:58:00,1311.0,1313.7,1311.0,1313.0,136635.0
2026-04-13 12:59:00,1312.6,1312.7,1310.7,1311.4,134633.0
2026-04-13 13:00:00,1311.4,1312.4,1310.7,1312.0,106857.0
2026-04-13 13:01:00,1312.0,1313.1,1311.8,1312.2,33113.0
2026-04-13 13:02:00,1312.2,1312.5,1312.0,1312.2,15997.0
2026-04-13 13:03:00,1312.1,1312.2,1311.5,1312.0,24298.0
2026-04-13 13:04:00,1311.9,1312.0,1311.6,1312.0,14490.0
2026-04-13 13:05:00,1311.9,1312.5,1311.9,1312.5,21038.0
2026-04-13 13:06:00,1312.2,1313.0,1312.2,1312.9,67425.0
2026-04-13 13:07:00,1313.0,1313.0,1312.5,1312.7,21468.0
2026-04-13 13:08:00,1312.8,1313.0,1312.3,1312.6,16801.0
2026-04-13 13:09:00,1312.7,1313.4,1312.6,1313.0,36062.0
2026-04-13 13:10:00,1313.0,1313.4,1312.8,1313.2,22339.0
2026-04-13 13:11:00,1313.0,1313.8,1312.8,1313.5,27820.0
2026-04-13 13:12:00,1313.5,1314.0,1313.0,1313.1,50432.0
2026-04-13 13:13:00,1313.3,1313.3,1312.2,1312.5,50377.0
2026-04-13 13:14:00,1312.6,1313.0,1312.1,1312.8,30129.0
2026-04-13 13:15:00,1312.8,1313.5,1312.6,1313.3,46351.0
2026-04-13 13:16:00,1313.1,1313.3,1312.6,1312.7,27433.0
2026-04-13 13:17:00,1312.9,1313.1,1312.3,1312.3,24657.0
2026-04-13 13:18:00,1312.3,1313.6,1312.2,1313.5,55681.0
2026-04-13 13:19:00,1313.4,1314.0,1312.8,1314.0,55086.0
2026-04-13 13:20:00,1313.9,1314.0,1313.0,1313.7,147813.0
2026-04-13 13:21:00,1313.3,1314.0,1313.2,1313.7,32754.0
2026-04-13 13:22:00,1313.7,1313.7,1313.4,1313.6,19991.0
2026-04-13 13:23:00,1313.5,1314.0,1313.3,1313.9,24363.0
2026-04-13 13:24:00,1313.8,1313.9,1313.3,1313.7,69046.0
2026-04-13 13:25:00,1313.5,1314.0,1313.4,1313.9,31095.0
2026-04-13 13:26:00,1313.9,1314.2,1313.4,1313.6,85007.0
2026-04-13 13:27:00,1313.5,1313.9,1312.8,1313.6,131698.0
2026-04-13 13:28:00,1313.6,1314.0,1313.5,1313.9,36537.0
2026-04-13 13:29:00,1313.9,1314.0,1313.7,1313.9,24268.0
2026-04-13 13:30:00,1314.0,1315.0,1313.8,1314.6,126645.0
2026-04-13 13:31:00,1314.7,1315.0,1314.1,1314.8,53940.0
2026-04-13 13:32:00,1314.6,1315.1,1314.2,1314.9,70461.0
2026-04-13 13:33:00,1314.7,1315.5,1314.6,1315.3,53727.0
2026-04-13 13:34:00,1315.1,1315.8,1315.0,1315.5,41957.0
2026-04-13 13:35:00,1315.5,1315.9,1315.3,1315.3,49873.0
2026-04-13 13:36:00,1315.5,1316.3,1315.1,1316.1,59976.0
2026-04-13 13:37:00,1316.2,1317.1,1316.0,1317.0,72454.0
2026-04-13 13:38:00,1317.0,1317.0,1315.4,1315.9,55519.0
2026-04-13 13:39:00,1315.9,1317.0,1315.4,1316.8,86875.0
2026-04-13 13:40:00,1316.4,1316.8,1315.0,1315.0,67077.0
2026-04-13 13:41:00,1315.3,1315.8,1315.0,1315.1,46120.0
2026-04-13 13:42:00,1315.6,1316.4,1315.1,1316.1,35025.0
2026-04-13 13:43:00,1316.0,1316.9,1316.0,1316.7,37091.0
2026-04-13 13:44:00,1316.7,1316.9,1315.9,1316.0,26940.0
2026-04-13 13:45:00,1315.9,1316.4,1315.5,1316.2,17254.0
2026-04-13 13:46:00,1316.3,1316.6,1316.0,1316.2,20252.0
2026-04-13 13:47:00,1316.2,1316.5,1316.2,1316.4,23407.0
2026-04-13 13:48:00,1316.3,1316.5,1316.0,1316.4,19867.0
2026-04-13 13:49:00,1316.5,1316.5,1315.5,1315.8,35889.0
2026-04-13 13:50:00,1315.9,1315.9,1315.1,1315.2,42477.0
2026-04-13 13:51:00,1315.4,1315.5,1315.0,1315.5,38668.0
2026-04-13 13:52:00,1315.1,1316.5,1315.1,1316.5,22527.0
2026-04-13 13:53:00,1316.3,1316.4,1315.9,1316.2,21798.0
2026-04-13 13:54:00,1316.3,1316.5,1316.0,1316.3,26031.0
2026-04-13 13:55:00,1316.2,1316.8,1316.1,1316.7,20459.0
2026-04-13 13:56:00,1316.3,1316.9,1316.2,1316.9,17308.0
2026-04-13 13:57:00,1316.6,1317.4,1316.6,1316.7,53989.0
2026-04-13 13:58:00,1316.6,1317.2,1316.5,1316.5,28023.0
2026-04-13 13:59:00,1316.4,1316.6,1316.0,1316.2,35044.0
2026-04-13 14:00:00,1316.2,1316.4,1315.5,1315.9,35886.0
2026-04-13 14:01:00,1315.9,1316.7,1315.9,1316.5,18268.0
2026-04-13 14:02:00,1316.4,1316.7,1315.9,1316.0,16090.0
2026-04-13 14:03:00,1316.1,1316.2,1315.5,1316.0,14696.0
2026-04-13 14:04:00,1316.1,1316.5,1316.0,1316.2,19953.0
2026-04-13 14:05:00,1316.3,1316.5,1315.7,1316.0,35499.0
2026-04-13 14:06:00,1315.9,1316.3,1315.1,1315.1,26432.0
2026-04-13 14:07:00,1315.3,1315.3,1315.0,1315.2,42917.0
2026-04-13 14:08:00,1315.2,1315.5,1315.1,1315.3,16819.0
2026-04-13 14:09:00,1315.4,1315.4,1315.1,1315.2,16861.0
2026-04-13 14:10:00,1315.2,1315.2,1314.0,1314.4,138708.0
2026-04-13 14:11:00,1314.4,1314.6,1314.0,1314.4,20933.0
2026-04-13 14:12:00,1314.6,1315.2,1314.4,1315.1,21544.0
2026-04-13 14:13:00,1315.0,1315.4,1314.9,1315.3,38498.0
2026-04-13 14:14:00,1315.4,1316.0,1315.2,1315.8,22445.0
2026-04-13 14:15:00,1315.8,1316.2,1315.7,1315.8,39274.0
2026-04-13 14:16:00,1315.7,1316.2,1315.4,1315.6,24371.0
2026-04-13 14:17:00,1315.4,1316.2,1315.1,1316.0,61418.0
2026-04-13 14:18:00,1316.0,1316.8,1315.9,1316.3,37831.0
2026-04-13 14:19:00,1316.2,1316.2,1315.3,1316.2,41888.0
2026-04-13 14:20:00,1316.0,1316.6,1316.0,1316.4,23747.0
2026-04-13 14:21:00,1316.1,1316.4,1315.2,1315.4,40410.0
2026-04-13 14:22:00,1315.5,1316.4,1315.2,1316.1,15872.0
2026-04-13 14:23:00,1316.0,1316.5,1315.3,1315.5,19227.0
2026-04-13 14:24:00,1315.9,1316.0,1315.4,1315.8,11323.0
2026-04-13 14:25:00,1315.8,1316.4,1315.5,1316.0,23372.0
2026-04-13 14:26:00,1316.0,1316.0,1315.4,1316.0,50086.0
2026-04-13 14:27:00,1315.8,1316.2,1315.7,1316.1,22648.0
2026-04-13 14:28:00,1316.0,1316.4,1315.8,1316.4,21669.0
2026-04-13 14:29:00,1316.1,1316.4,1316.0,1316.1,15923.0
2026-04-13 14:30:00,1316.0,1317.3,1316.0,1317.3,69643.0
2026-04-13 14:31:00,1317.5,1317.5,1316.5,1317.0,39220.0
2026-04-13 14:32:00,1317.0,1317.5,1316.5,1317.2,20457.0
2026-04-13 14:33:00,1317.3,1317.6,1317.2,1317.4,59915.0
2026-04-13 14:34:00,1317.2,1317.6,1317.0,1317.2,30093.0
2026-04-13 14:35:00,1317.3,1317.5,1317.1,1317.5,31401.0
2026-04-13 14:36:00,1317.2,1317.4,1316.6,1317.2,47529.0
2026-04-13 14:37:00,1316.7,1317.3,1316.1,1316.1,72146.0
2026-04-13 14:38:00,1316.6,1317.6,1316.4,1317.0,80620.0
2026-04-13 14:39:00,1317.0,1317.3,1316.2,1316.6,21708.0
2026-04-13 14:40:00,1316.6,1317.2,1316.2,1316.9,19777.0
2026-04-13 14:41:00,1316.9,1317.4,1316.8,1317.4,31364.0
2026-04-13 14:42:00,1317.1,1317.4,1316.7,1317.0,20769.0
2026-04-13 14:43:00,1317.1,1317.2,1316.5,1316.6,32479.0
2026-04-13 14:44:00,1316.6,1316.8,1316.3,1316.6,20126.0
2026-04-13 14:45:00,1316.4,1317.0,1315.7,1317.0,76261.0
2026-04-13 14:46:00,1317.0,1317.4,1316.5,1317.1,51625.0
2026-04-13 14:47:00,1317.0,1317.0,1316.6,1316.8,16215.0
2026-04-13 14:48:00,1316.7,1317.4,1316.6,1317.3,47393.0
2026-04-13 14:49:00,1317.3,1317.4,1316.8,1317.2,19002.0
2026-04-13 14:50:00,1317.2,1317.4,1317.1,1317.4,35219.0
2026-04-13 14:51:00,1317.2,1317.6,1317.2,1317.6,30129.0
2026-04-13 14:52:00,1317.5,1317.6,1317.4,1317.6,39319.0
2026-04-13 14:53:00,1317.5,1317.6,1317.2,1317.6,30183.0
2026-04-13 14:54:00,1317.6,1317.6,1317.0,1317.5,90086.0
2026-04-13 14:55:00,1317.1,1318.4,1317.1,1318.0,132624.0
2026-04-13 14:56:00,1318.0,1318.1,1317.5,1317.8,28479.0
2026-04-13 14:57:00,1317.8,1318.0,1317.0,1317.1,45158.0
2026-04-13 14:58:00,1317.3,1318.5,1317.3,1317.9,72148.0
2026-04-13 14:59:00,1317.9,1318.0,1317.3,1317.6,50693.0
2026-04-13 15:00:00,1317.6,1317.6,1315.2,1315.2,219332.0
2026-04-13 15:01:00,1315.3,1315.7,1314.3,1314.8,327761.0
2026-04-13 15:02:00,1314.9,1317.9,1314.3,1317.6,367256.0
2026-04-13 15:03:00,1318.0,1318.3,1315.7,1315.7,581429.0
2026-04-13 15:04:00,1315.7,1316.4,1313.2,1313.9,566858.0
2026-04-13 15:05:00,1313.6,1314.5,1312.2,1313.4,421712.0
2026-04-13 15:06:00,1313.5,1316.3,1313.5,1315.6,568396.0
2026-04-13 15:07:00,1316.0,1316.0,1313.3,1313.5,141030.0
2026-04-13 15:08:00,1313.6,1315.7,1313.6,1315.2,148217.0
2026-04-13 15:09:00,1315.2,1315.9,1314.5,1315.8,150611.0
2026-04-13 15:10:00,1315.7,1315.9,1314.6,1314.9,142260.0
2026-04-13 15:11:00,1314.8,1314.9,1313.6,1314.9,132407.0
2026-04-13 15:12:00,1314.9,1315.9,1314.3,1314.6,112419.0
2026-04-13 15:13:00,1314.5,1314.5,1313.7,1313.7,111708.0
2026-04-13 15:14:00,1313.7,1315.4,1313.3,1315.3,155415.0
2026-04-13 15:15:00,1315.3,1315.5,1314.1,1314.7,94211.0
2026-04-13 15:16:00,1314.8,1314.8,1314.4,1314.4,71339.0
2026-04-13 15:17:00,1314.4,1314.6,1313.8,1314.4,125777.0
2026-04-13 15:18:00,1314.7,1315.5,1314.6,1315.5,148319.0
2026-04-13 15:19:00,1315.2,1315.5,1314.8,1314.9,71076.0
2026-04-13 15:20:00,1314.9,1314.9,1314.0,1314.6,116673.0
2026-04-13 15:21:00,1314.9,1315.0,1314.6,1315.0,45183.0
2026-04-13 15:22:00,1315.0,1315.4,1314.9,1315.0,91415.0
2026-04-13 15:23:00,1315.0,1315.0,1314.1,1314.4,123146.0
2026-04-13 15:24:00,1314.4,1314.5,1314.0,1314.0,66308.0
2026-04-13 15:25:00,1314.1,1314.2,1313.5,1314.0,74736.0
2026-04-13 15:26:00,1314.0,1314.0,1313.7,1313.8,58352.0
2026-04-13 15:27:00,1313.9,1314.0,1313.8,1313.9,73642.0
2026-04-13 15:28:00,1313.9,1314.0,1313.8,1313.9,65703.0
2026-04-13 15:29:00,1314.0,1314.0,1313.5,1314.0,73266.0
2026-04-15 09:15:00,1337.0,1338.9,1334.2,1337.5,658924.0
2026-04-15 09:16:00,1337.5,1337.5,1335.7,1336.3,137326.0
2026-04-15 09:17:00,1336.2,1336.5,1335.1,1335.9,89004.0
2026-04-15 09:18:00,1335.6,1336.5,1335.5,1336.5,93882.0
2026-04-15 09:19:00,1335.8,1336.5,1335.7,1336.0,107616.0
2026-04-15 09:20:00,1336.0,1337.6,1335.8,1337.2,75176.0
2026-04-15 09:21:00,1337.1,1337.7,1335.7,1336.9,85919.0
2026-04-15 09:22:00,1336.4,1337.1,1336.3,1336.9,52962.0
2026-04-15 09:23:00,1336.8,1337.5,1336.6,1337.1,50986.0
2026-04-15 09:24:00,1337.2,1337.4,1336.8,1336.9,55619.0
2026-04-15 09:25:00,1337.0,1337.8,1336.5,1337.8,52380.0
2026-04-15 09:26:00,1337.8,1338.0,1337.0,1337.7,50554.0
2026-04-15 09:27:00,1338.3,1338.3,1337.5,1337.7,62329.0
2026-04-15 09:28:00,1337.5,1337.6,1336.4,1336.7,33428.0
2026-04-15 09:29:00,1336.7,1337.4,1336.7,1336.9,33021.0
2026-04-15 09:30:00,1337.0,1337.0,1336.0,1336.2,37167.0
2026-04-15 09:31:00,1336.1,1336.7,1336.0,1336.7,26799.0
2026-04-15 09:32:00,1336.3,1336.7,1336.2,1336.3,26429.0
2026-04-15 09:33:00,1336.4,1336.5,1335.9,1336.2,40720.0
2026-04-15 09:34:00,1336.4,1338.2,1336.2,1338.0,76038.0
2026-04-15 09:35:00,1338.2,1339.3,1338.0,1339.2,72470.0
2026-04-15 09:36:00,1339.0,1339.9,1339.0,1339.5,46579.0
2026-04-15 09:37:00,1339.5,1339.6,1339.1,1339.5,34408.0
2026-04-15 09:38:00,1339.5,1339.9,1338.0,1338.1,48572.0
2026-04-15 09:39:00,1338.1,1338.3,1337.3,1337.8,55097.0
2026-04-15 09:40:00,1337.9,1337.9,1337.1,1337.8,15125.0
2026-04-15 09:41:00,1337.7,1337.8,1337.0,1337.1,16238.0
2026-04-15 09:42:00,1337.1,1338.2,1337.1,1338.0,28323.0
2026-04-15 09:43:00,1337.8,1338.9,1337.8,1338.8,31830.0
2026-04-15 09:44:00,1338.7,1339.0,1338.3,1338.9,21725.0
2026-04-15 09:45:00,1338.9,1339.7,1338.7,1339.2,37846.0
2026-04-15 09:46:00,1339.4,1339.4,1338.3,1338.5,21785.0
2026-04-15 09:47:00,1338.5,1339.8,1338.5,1339.3,22082.0
2026-04-15 09:48:00,1339.3,1339.3,1337.9,1338.3,33289.0
2026-04-15 09:49:00,1338.4,1338.4,1337.7,1338.0,23219.0
2026-04-15 09:50:00,1338.0,1338.0,1337.7,1337.7,7311.0
2026-04-15 09:51:00,1337.7,1337.8,1337.4,1337.6,16291.0
2026-04-15 09:52:00,1337.5,1337.8,1337.3,1337.5,13838.0
2026-04-15 09:53:00,1337.5,1338.0,1337.4,1337.8,11965.0
2026-04-15 09:54:00,1337.8,1338.0,1337.6,1337.8,23119.0
2026-04-15 09:55:00,1337.8,1338.0,1337.5,1337.9,9430.0
2026-04-15 09:56:00,1337.7,1338.1,1337.6,1337.7,14086.0
2026-04-15 09:57:00,1337.6,1338.0,1337.6,1338.0,13349.0
2026-04-15 09:58:00,1338.0,1338.0,1336.5,1337.1,55605.0
2026-04-15 09:59:00,1336.8,1337.3,1336.6,1336.6,11267.0
2026-04-15 10:00:00,1336.9,1336.9,1336.5,1336.9,10031.0
2026-04-15 10:01:00,1336.8,1337.5,1336.6,1336.8,24879.0
2026-04-15 10:02:00,1336.8,1337.0,1336.7,1336.8,6057.0
2026-04-15 10:03:00,1336.9,1337.4,1336.8,1337.2,12228.0
2026-04-15 10:04:00,1337.3,1337.9,1337.3,1337.7,11343.0
2026-04-15 10:05:00,1337.7,1339.0,1337.6,1338.7,40968.0
2026-04-15 10:06:00,1339.0,1339.5,1338.7,1339.3,39316.0
2026-04-15 10:07:00,1339.3,1339.4,1339.0,1339.2,8700.0
2026-04-15 10:08:00,1339.2,1339.4,1338.8,1339.0,24306.0
2026-04-15 10:09:00,1338.5,1339.0,1337.8,1337.8,32225.0
2026-04-15 10:10:00,1338.2,1339.0,1337.9,1339.0,26604.0
2026-04-15 10:11:00,1338.9,1339.0,1338.5,1338.8,11258.0
2026-04-15 10:12:00,1338.9,1339.7,1338.9,1339.6,59877.0
2026-04-15 10:13:00,1339.5,1339.6,1339.3,1339.5,12061.0
2026-04-15 10:14:00,1339.2,1339.3,1337.0,1338.4,101954.0
2026-04-15 10:15:00,1338.4,1338.9,1338.1,1338.7,12096.0
2026-04-15 10:16:00,1338.9,1339.0,1338.4,1339.0,14749.0
2026-04-15 10:17:00,1338.3,1338.8,1338.3,1338.6,16880.0
2026-04-15 10:18:00,1338.6,1338.7,1338.1,1338.3,17268.0
2026-04-15 10:19:00,1338.3,1338.7,1338.0,1338.3,10665.0
2026-04-15 10:20:00,1338.4,1338.6,1338.2,1338.5,14041.0
2026-04-15 10:21:00,1338.5,1338.6,1338.1,1338.4,8146.0
2026-04-15 10:22:00,1338.3,1338.4,1337.0,1338.0,142424.0
2026-04-15 10:23:00,1338.0,1338.1,1337.7,1338.0,12082.0
2026-04-15 10:24:00,1338.0,1338.6,1337.9,1338.4,32834.0
2026-04-15 10:25:00,1338.4,1338.5,1337.3,1337.8,24470.0
2026-04-15 10:26:00,1337.9,1338.0,1337.8,1337.9,10605.0
2026-04-15 10:27:00,1337.9,1338.0,1337.8,1337.9,22487.0
2026-04-15 10:28:00,1337.8,1338.0,1337.3,1337.5,15364.0
2026-04-15 10:29:00,1337.5,1337.5,1336.8,1337.0,35836.0
2026-04-15 10:30:00,1336.9,1337.6,1336.9,1337.5,16382.0
2026-04-15 10:31:00,1337.5,1337.5,1337.0,1337.4,7932.0
2026-04-15 10:32:00,1337.4,1337.6,1337.0,1337.6,28458.0
2026-04-15 10:33:00,1337.5,1337.6,1337.3,1337.4,9684.0
2026-04-15 10:34:00,1337.5,1338.1,1337.2,1337.5,32767.0
2026-04-15 10:35:00,1337.5,1337.6,1337.3,1337.6,22284.0
2026-04-15 10:36:00,1337.5,1337.8,1337.5,1337.7,7270.0
2026-04-15 10:37:00,1337.7,1338.7,1337.5,1338.4,52448.0
2026-04-15 10:38:00,1338.4,1338.5,1337.8,1338.0,43608.0
2026-04-15 10:39:00,1338.0,1338.3,1337.2,1338.2,22195.0
2026-04-15 10:40:00,1338.0,1338.1,1337.5,1338.1,19415.0
2026-04-15 10:41:00,1338.1,1338.1,1337.8,1338.1,20928.0
2026-04-15 10:42:00,1338.0,1338.2,1338.0,1338.1,9926.0
2026-04-15 10:43:00,1338.3,1338.5,1338.2,1338.4,15448.0
2026-04-15 10:44:00,1338.4,1338.5,1337.7,1338.5,23383.0
2026-04-15 10:45:00,1338.4,1339.9,1338.4,1339.7,69771.0
2026-04-15 10:46:00,1339.6,1340.0,1339.5,1339.8,112758.0
2026-04-15 10:47:00,1339.8,1340.0,1339.6,1339.9,29293.0
2026-04-15 10:48:00,1339.9,1341.6,1339.8,1341.3,54123.0
2026-04-15 10:49:00,1341.2,1341.4,1340.7,1341.0,23247.0
2026-04-15 10:50:00,1341.0,1341.1,1339.8,1340.0,18725.0
2026-04-15 10:51:00,1340.0,1340.0,1339.7,1339.8,17372.0
2026-04-15 10:52:00,1339.8,1339.9,1339.7,1339.9,10431.0
2026-04-15 10:53:00,1339.8,1340.2,1339.2,1339.7,50066.0
2026-04-15 10:54:00,1339.2,1341.9,1339.2,1341.5,78424.0
2026-04-15 10:55:00,1341.5,1342.1,1341.0,1341.7,77334.0
2026-04-15 10:56:00,1341.7,1341.7,1340.0,1340.5,18864.0
2026-04-15 10:57:00,1340.4,1341.2,1340.0,1341.2,23525.0
2026-04-15 10:58:00,1341.4,1341.6,1340.9,1341.2,55982.0
2026-04-15 10:59:00,1341.2,1341.2,1340.6,1340.9,17574.0
2026-04-15 11:00:00,1341.0,1341.0,1339.9,1340.7,41350.0
2026-04-15 11:01:00,1340.6,1341.0,1339.6,1339.8,34150.0
2026-04-15 11:02:00,1339.8,1341.0,1339.8,1340.5,34428.0
2026-04-15 11:03:00,1340.4,1340.8,1340.0,1340.8,19847.0
2026-04-15 11:04:00,1340.7,1340.8,1340.6,1340.6,9546.0
2026-04-15 11:05:00,1340.6,1340.8,1340.1,1340.5,12520.0
2026-04-15 11:06:00,1340.5,1340.6,1338.0,1338.5,46815.0
2026-04-15 11:07:00,1338.4,1338.4,1337.1,1337.2,27380.0
2026-04-15 11:08:00,1337.2,1337.8,1337.0,1337.8,51941.0
2026-04-15 11:09:00,1337.8,1337.9,1337.0,1337.1,22674.0
2026-04-15 11:10:00,1337.5,1337.7,1336.8,1336.8,23318.0
2026-04-15 11:11:00,1336.9,1337.7,1336.8,1337.6,13343.0
2026-04-15 11:12:00,1337.6,1337.9,1337.3,1337.4,24934.0
2026-04-15 11:13:00,1337.4,1337.8,1337.2,1337.2,12182.0
2026-04-15 11:14:00,1337.2,1338.1,1337.2,1337.3,23764.0
2026-04-15 11:15:00,1337.5,1337.7,1337.1,1337.3,15726.0
2026-04-15 11:16:00,1337.4,1338.3,1337.3,1338.2,17882.0
2026-04-15 11:17:00,1338.2,1338.5,1337.7,1338.0,20157.0
2026-04-15 11:18:00,1338.0,1338.7,1338.0,1338.2,20328.0
2026-04-15 11:19:00,1338.2,1338.6,1338.0,1338.0,12919.0
2026-04-15 11:20:00,1338.2,1338.4,1338.0,1338.2,2995.0
2026-04-15 11:21:00,1338.5,1339.0,1338.4,1339.0,15218.0
2026-04-15 11:22:00,1339.0,1339.6,1338.5,1338.5,45089.0
2026-04-15 11:23:00,1338.5,1339.3,1338.5,1339.0,5430.0
2026-04-15 11:24:00,1339.0,1340.3,1339.0,1340.1,42693.0
2026-04-15 11:25:00,1340.1,1340.2,1339.1,1339.6,43027.0
2026-04-15 11:26:00,1339.6,1339.7,1338.5,1338.6,34217.0
2026-04-15 11:27:00,1338.6,1339.6,1338.6,1339.5,28865.0
2026-04-15 11:28:00,1339.8,1340.0,1339.0,1339.5,30240.0
2026-04-15 11:29:00,1339.5,1339.7,1338.7,1339.6,27974.0
2026-04-15 11:30:00,1339.6,1340.1,1339.4,1340.0,34307.0
2026-04-15 11:31:00,1340.0,1340.0,1339.3,1339.8,12780.0
2026-04-15 11:32:00,1339.6,1339.8,1339.4,1339.4,8580.0
2026-04-15 11:33:00,1339.4,1340.0,1339.4,1339.8,9731.0
2026-04-15 11:34:00,1339.8,1339.9,1339.7,1339.7,6066.0
2026-04-15 11:35:00,1339.9,1340.0,1339.7,1339.7,14554.0
2026-04-15 11:36:00,1339.9,1340.0,1339.7,1340.0,5542.0
2026-04-15 11:37:00,1339.8,1340.0,1339.8,1339.9,11423.0
2026-04-15 11:38:00,1340.0,1340.2,1339.9,1340.1,9645.0
2026-04-15 11:39:00,1340.1,1340.4,1339.9,1339.9,11335.0
2026-04-15 11:40:00,1340.0,1340.1,1339.9,1340.1,15491.0
2026-04-15 11:41:00,1340.0,1341.2,1340.0,1340.2,38113.0
2026-04-15 11:42:00,1340.2,1340.5,1340.0,1340.1,9726.0
2026-04-15 11:43:00,1340.1,1340.3,1340.1,1340.2,5216.0
2026-04-15 11:44:00,1340.2,1340.3,1340.0,1340.1,4382.0
2026-04-15 11:45:00,1340.1,1340.4,1339.8,1340.0,16897.0
2026-04-15 11:46:00,1340.0,1340.1,1339.5,1340.1,11233.0
2026-04-15 11:47:00,1340.1,1340.5,1339.8,1340.3,6088.0
2026-04-15 11:48:00,1340.2,1340.8,1340.2,1340.8,7580.0
2026-04-15 11:49:00,1340.9,1341.2,1340.3,1340.5,25578.0
2026-04-15 11:50:00,1340.9,1341.0,1340.6,1340.6,14418.0
2026-04-15 11:51:00,1340.6,1340.6,1340.3,1340.5,8465.0
2026-04-15 11:52:00,1340.5,1340.6,1340.4,1340.5,11879.0
2026-04-15 11:53:00,1340.6,1340.6,1340.4,1340.4,13529.0
2026-04-15 11:54:00,1340.5,1341.0,1340.4,1340.9,20387.0
2026-04-15 11:55:00,1340.9,1341.0,1340.1,1340.4,38008.0
2026-04-15 11:56:00,1340.4,1340.5,1340.2,1340.4,8471.0
2026-04-15 11:57:00,1340.4,1341.0,1340.3,1340.5,25045.0
2026-04-15 11:58:00,1340.7,1340.7,1340.1,1340.4,6355.0
2026-04-15 11:59:00,1340.4,1340.4,1340.2,1340.3,4896.0
2026-04-15 12:00:00,1340.4,1340.4,1340.3,1340.4,4467.0
2026-04-15 12:01:00,1340.4,1340.4,1340.3,1340.3,10001.0
2026-04-15 12:02:00,1340.3,1340.4,1340.0,1340.4,14663.0
2026-04-15 12:03:00,1340.4,1340.6,1340.0,1340.4,20072.0
2026-04-15 12:04:00,1340.2,1340.7,1339.8,1340.4,24443.0
2026-04-15 12:05:00,1340.4,1340.4,1340.2,1340.3,5174.0
2026-04-15 12:06:00,1340.2,1340.9,1340.2,1340.3,18403.0
2026-04-15 12:07:00,1340.6,1340.7,1340.1,1340.1,9859.0
2026-04-15 12:08:00,1340.1,1340.2,1339.6,1339.6,17059.0
2026-04-15 12:09:00,1339.6,1340.0,1339.5,1339.9,5676.0
2026-04-15 12:10:00,1339.8,1340.7,1339.7,1340.1,24005.0
2026-04-15 12:11:00,1340.1,1340.5,1340.0,1340.0,6217.0
2026-04-15 12:12:00,1340.0,1340.6,1339.8,1340.2,18112.0
2026-04-15 12:13:00,1339.8,1340.2,1339.5,1339.6,9420.0
2026-04-15 12:14:00,1339.5,1339.8,1339.5,1339.7,6840.0
2026-04-15 12:15:00,1340.0,1340.8,1339.8,1340.4,33848.0
2026-04-15 12:16:00,1340.7,1341.1,1340.6,1341.1,35949.0
2026-04-15 12:17:00,1341.1,1341.2,1339.8,1339.8,59832.0
2026-04-15 12:18:00,1340.2,1340.3,1339.8,1340.0,8908.0
2026-04-15 12:19:00,1339.9,1340.5,1339.9,1340.5,22741.0
2026-04-15 12:20:00,1340.3,1340.5,1340.2,1340.3,9600.0
2026-04-15 12:21:00,1340.3,1340.4,1339.5,1339.8,17931.0
2026-04-15 12:22:00,1339.5,1339.8,1339.5,1339.7,14320.0
2026-04-15 12:23:00,1339.7,1340.2,1339.5,1340.2,18303.0
2026-04-15 12:24:00,1340.2,1341.0,1340.2,1340.9,53667.0
2026-04-15 12:25:00,1340.9,1341.0,1340.9,1340.9,17184.0
2026-04-15 12:26:00,1340.8,1340.9,1340.6,1340.8,6100.0
2026-04-15 12:27:00,1340.9,1341.2,1340.8,1341.0,47224.0
2026-04-15 12:28:00,1341.1,1341.1,1340.7,1340.8,14137.0
2026-04-15 12:29:00,1340.8,1340.8,1340.6,1340.6,8099.0
2026-04-15 12:30:00,1340.7,1340.8,1340.5,1340.6,12801.0
2026-04-15 12:31:00,1340.6,1340.7,1340.3,1340.3,12624.0
2026-04-15 12:32:00,1340.4,1340.6,1340.3,1340.6,9173.0
2026-04-15 12:33:00,1340.5,1340.7,1340.5,1340.6,12668.0
2026-04-15 12:34:00,1340.5,1340.5,1340.2,1340.2,21270.0
2026-04-15 12:35:00,1340.3,1340.3,1339.5,1339.7,24504.0
2026-04-15 12:36:00,1339.5,1339.7,1339.5,1339.7,8017.0
2026-04-15 12:37:00,1339.7,1340.0,1339.7,1340.0,12258.0
2026-04-15 12:38:00,1339.9,1340.5,1339.9,1340.4,6348.0
2026-04-15 12:39:00,1340.4,1340.6,1340.3,1340.5,7314.0
2026-04-15 12:40:00,1340.6,1340.6,1340.4,1340.5,18036.0
2026-04-15 12:41:00,1340.5,1340.5,1339.5,1339.5,62538.0
2026-04-15 12:42:00,1339.5,1339.6,1339.5,1339.6,25937.0
2026-04-15 12:43:00,1339.6,1339.6,1339.5,1339.5,8597.0
2026-04-15 12:44:00,1339.5,1340.8,1339.5,1339.7,73255.0
2026-04-15 12:45:00,1340.1,1340.4,1339.9,1340.3,14310.0
2026-04-15 12:46:00,1340.3,1340.4,1339.6,1340.1,14121.0
2026-04-15 12:47:00,1340.2,1340.2,1339.8,1339.9,14460.0
2026-04-15 12:48:00,1339.9,1339.9,1339.5,1339.7,18028.0
2026-04-15 12:49:00,1339.7,1340.1,1339.5,1339.8,18191.0
2026-04-15 12:50:00,1340.0,1340.9,1340.0,1340.9,69077.0
2026-04-15 12:51:00,1340.9,1341.9,1340.7,1341.5,149953.0
2026-04-15 12:52:00,1341.5,1341.6,1340.1,1340.5,14025.0
2026-04-15 12:53:00,1340.5,1340.5,1338.3,1338.6,73970.0
2026-04-15 12:54:00,1338.7,1339.4,1338.6,1339.4,31922.0
2026-04-15 12:55:00,1339.1,1339.9,1339.1,1339.5,12444.0
2026-04-15 12:56:00,1339.5,1339.8,1339.4,1339.5,29876.0
2026-04-15 12:57:00,1339.5,1339.5,1338.8,1339.2,33711.0
2026-04-15 12:58:00,1339.2,1339.2,1338.3,1338.8,50795.0
2026-04-15 12:59:00,1338.9,1338.9,1338.6,1338.7,11127.0
2026-04-15 13:00:00,1338.6,1338.7,1338.5,1338.5,10779.0
2026-04-15 13:01:00,1338.5,1338.9,1338.5,1338.6,20546.0
2026-04-15 13:02:00,1338.9,1339.4,1338.8,1339.4,11514.0
2026-04-15 13:03:00,1339.4,1339.8,1339.3,1339.8,14924.0
2026-04-15 13:04:00,1339.9,1340.0,1339.5,1339.6,16354.0
2026-04-15 13:05:00,1339.5,1339.8,1338.9,1339.3,36032.0
2026-04-15 13:06:00,1339.3,1339.3,1338.9,1339.0,15193.0
2026-04-15 13:07:00,1338.9,1339.1,1338.9,1339.1,13227.0
2026-04-15 13:08:00,1339.1,1339.1,1338.8,1338.9,11120.0
2026-04-15 13:09:00,1338.9,1339.5,1338.9,1339.4,9096.0
2026-04-15 13:10:00,1339.4,1339.8,1339.4,1339.5,7848.0
2026-04-15 13:11:00,1339.6,1339.9,1339.5,1339.7,9434.0
2026-04-15 13:12:00,1339.8,1339.9,1339.5,1339.5,12420.0
2026-04-15 13:13:00,1339.6,1339.6,1339.2,1339.4,15687.0
2026-04-15 13:14:00,1339.4,1339.5,1339.0,1339.4,17674.0
2026-04-15 13:15:00,1339.4,1339.8,1339.3,1339.8,7599.0
2026-04-15 13:16:00,1339.7,1340.6,1339.7,1340.5,41193.0
2026-04-15 13:17:00,1340.5,1341.1,1340.2,1341.1,65131.0
2026-04-15 13:18:00,1341.0,1341.4,1340.7,1340.7,150161.0
2026-04-15 13:19:00,1340.8,1342.0,1340.7,1342.0,46640.0
2026-04-15 13:20:00,1342.0,1343.9,1342.0,1342.8,79150.0
2026-04-15 13:21:00,1342.9,1342.9,1341.0,1341.1,70187.0
2026-04-15 13:22:00,1341.1,1341.2,1339.7,1339.7,137112.0
2026-04-15 13:23:00,1339.9,1340.3,1339.2,1339.7,158644.0
2026-04-15 13:24:00,1339.7,1339.9,1338.8,1339.6,29516.0
2026-04-15 13:25:00,1339.9,1339.9,1339.6,1339.8,6881.0
2026-04-15 13:26:00,1339.8,1339.9,1339.7,1339.7,8907.0
2026-04-15 13:27:00,1339.7,1340.1,1339.7,1339.9,7203.0
2026-04-15 13:28:00,1340.0,1340.2,1339.8,1340.1,24407.0
2026-04-15 13:29:00,1340.0,1340.4,1339.7,1339.9,38389.0
2026-04-15 13:30:00,1339.9,1339.9,1339.2,1339.2,12084.0
2026-04-15 13:31:00,1339.2,1339.3,1339.1,1339.1,10657.0
2026-04-15 13:32:00,1339.2,1340.9,1339.1,1340.9,30862.0
2026-04-15 13:33:00,1340.9,1341.6,1340.8,1340.9,39539.0
2026-04-15 13:34:00,1341.0,1341.0,1339.9,1339.9,19978.0
2026-04-15 13:35:00,1340.0,1340.2,1339.5,1340.2,54202.0
2026-04-15 13:36:00,1340.1,1341.0,1339.9,1340.7,29790.0
2026-04-15 13:37:00,1340.9,1340.9,1339.6,1339.7,22617.0
2026-04-15 13:38:00,1339.7,1340.0,1339.6,1339.6,23617.0
2026-04-15 13:39:00,1339.5,1339.6,1338.8,1339.4,58232.0
2026-04-15 13:40:00,1339.5,1339.8,1338.9,1339.5,24524.0
2026-04-15 13:41:00,1339.7,1340.3,1339.6,1340.3,7974.0
2026-04-15 13:42:00,1340.0,1340.4,1339.7,1339.9,37643.0
2026-04-15 13:43:00,1339.9,1340.0,1339.1,1339.6,16375.0
2026-04-15 13:44:00,1339.6,1339.6,1339.5,1339.6,7010.0
2026-04-15 13:45:00,1339.6,1340.3,1339.5,1340.0,17320.0
2026-04-15 13:46:00,1340.0,1340.4,1340.0,1340.4,9651.0
2026-04-15 13:47:00,1340.3,1340.3,1339.8,1340.0,22191.0
2026-04-15 13:48:00,1340.0,1340.1,1339.1,1339.1,51465.0
2026-04-15 13:49:00,1339.6,1339.6,1338.5,1339.0,84470.0
2026-04-15 13:50:00,1339.1,1339.5,1339.1,1339.5,8187.0
2026-04-15 13:51:00,1339.5,1339.8,1339.3,1339.4,40216.0
2026-04-15 13:52:00,1339.3,1339.5,1338.0,1338.3,146600.0
2026-04-15 13:53:00,1338.1,1338.4,1337.1,1338.0,137451.0
2026-04-15 13:54:00,1338.0,1338.0,1336.9,1337.2,87986.0
2026-04-15 13:55:00,1336.9,1337.4,1336.7,1337.1,145927.0
2026-04-15 13:56:00,1337.1,1337.2,1336.8,1337.0,48920.0
2026-04-15 13:57:00,1336.8,1337.0,1336.8,1336.9,22430.0
2026-04-15 13:58:00,1336.9,1337.1,1336.9,1337.0,115554.0
2026-04-15 13:59:00,1337.0,1337.0,1336.6,1336.6,83917.0
2026-04-15 14:00:00,1336.9,1337.0,1336.7,1336.9,16582.0
2026-04-15 14:01:00,1336.9,1337.0,1336.9,1337.0,13782.0
2026-04-15 14:02:00,1337.0,1337.0,1336.7,1336.9,71782.0
2026-04-15 14:03:00,1336.1,1336.9,1336.1,1336.8,58836.0
2026-04-15 14:04:00,1336.7,1336.9,1336.6,1336.8,15131.0
2026-04-15 14:05:00,1336.8,1337.4,1336.6,1337.4,123720.0
2026-04-15 14:06:00,1337.4,1337.5,1336.6,1337.3,33856.0
2026-04-15 14:07:00,1337.4,1338.6,1337.0,1337.4,38904.0
2026-04-15 14:08:00,1337.7,1338.3,1337.6,1337.8,11451.0
2026-04-15 14:09:00,1337.9,1338.2,1337.6,1338.2,10062.0
2026-04-15 14:10:00,1338.2,1338.4,1338.1,1338.4,10007.0
2026-04-15 14:11:00,1338.4,1338.5,1337.8,1338.3,32971.0
2026-04-15 14:12:00,1338.3,1339.0,1338.1,1339.0,16622.0
2026-04-15 14:13:00,1339.0,1339.2,1338.3,1338.9,35735.0
2026-04-15 14:14:00,1338.9,1338.9,1338.6,1338.7,7338.0
2026-04-15 14:15:00,1338.6,1339.1,1337.5,1337.7,52249.0
2026-04-15 14:16:00,1338.0,1338.9,1337.9,1338.8,16054.0
2026-04-15 14:17:00,1338.8,1339.7,1338.6,1338.9,50450.0
2026-04-15 14:18:00,1339.1,1339.5,1338.6,1338.7,8453.0
2026-04-15 14:19:00,1338.9,1339.6,1338.7,1339.4,16581.0
2026-04-15 14:20:00,1339.3,1340.5,1339.3,1340.5,42295.0
2026-04-15 14:21:00,1340.5,1340.6,1340.0,1340.6,40871.0
2026-04-15 14:22:00,1340.7,1341.9,1340.6,1340.9,76560.0
2026-04-15 14:23:00,1340.9,1340.9,1339.5,1339.8,23343.0
2026-04-15 14:24:00,1339.8,1340.0,1338.3,1338.3,76557.0
2026-04-15 14:25:00,1338.6,1339.8,1338.3,1339.5,42004.0
2026-04-15 14:26:00,1339.6,1340.0,1339.5,1340.0,7939.0
2026-04-15 14:27:00,1340.0,1340.5,1339.9,1340.1,16969.0
2026-04-15 14:28:00,1340.0,1340.2,1340.0,1340.1,11897.0
2026-04-15 14:29:00,1340.1,1340.5,1340.0,1340.4,8443.0
2026-04-15 14:30:00,1340.4,1340.7,1340.0,1340.0,24877.0
2026-04-15 14:31:00,1340.3,1340.3,1339.8,1340.1,13749.0
2026-04-15 14:32:00,1340.2,1340.7,1340.1,1340.4,37534.0
2026-04-15 14:33:00,1340.5,1340.6,1340.4,1340.5,8147.0
2026-04-15 14:34:00,1340.5,1341.4,1340.5,1341.3,27496.0
2026-04-15 14:35:00,1341.4,1341.4,1340.0,1340.1,45511.0
2026-04-15 14:36:00,1340.4,1340.5,1340.1,1340.3,4820.0
2026-04-15 14:37:00,1340.3,1340.5,1340.1,1340.5,13517.0
2026-04-15 14:38:00,1340.5,1340.8,1340.4,1340.5,32785.0
2026-04-15 14:39:00,1340.5,1341.0,1340.4,1340.8,14205.0
2026-04-15 14:40:00,1340.8,1341.0,1340.8,1340.9,13682.0
2026-04-15 14:41:00,1341.0,1341.4,1340.9,1341.3,42255.0
2026-04-15 14:42:00,1341.3,1341.4,1341.0,1341.2,23475.0
2026-04-15 14:43:00,1341.2,1341.3,1341.0,1341.1,14564.0
2026-04-15 14:44:00,1341.1,1341.3,1341.0,1341.3,12356.0
2026-04-15 14:45:00,1341.3,1341.5,1341.2,1341.4,17890.0
2026-04-15 14:46:00,1341.4,1341.7,1341.4,1341.6,19272.0
2026-04-15 14:47:00,1341.7,1341.9,1341.5,1341.8,19662.0
2026-04-15 14:48:00,1341.9,1342.7,1341.8,1342.7,76477.0
2026-04-15 14:49:00,1342.5,1343.0,1342.3,1343.0,69176.0
2026-04-15 14:50:00,1342.9,1343.0,1340.9,1341.1,85115.0
2026-04-15 14:51:00,1341.1,1342.9,1341.0,1342.7,54605.0
2026-04-15 14:52:00,1342.7,1343.7,1342.7,1343.4,48102.0
2026-04-15 14:53:00,1343.4,1343.5,1341.7,1341.7,112277.0
2026-04-15 14:54:00,1342.1,1342.1,1341.0,1341.6,155087.0
2026-04-15 14:55:00,1341.9,1341.9,1340.2,1340.5,86815.0
2026-04-15 14:56:00,1340.5,1341.0,1339.8,1340.9,78645.0
2026-04-15 14:57:00,1341.0,1342.0,1340.8,1341.8,115757.0
2026-04-15 14:58:00,1341.8,1342.3,1341.5,1342.3,71195.0
2026-04-15 14:59:00,1342.7,1344.8,1342.6,1344.7,120696.0
2026-04-15 15:00:00,1344.7,1345.5,1343.7,1343.9,222613.0
2026-04-15 15:01:00,1344.2,1344.8,1344.0,1344.8,75524.0
2026-04-15 15:02:00,1344.8,1345.2,1344.5,1345.2,58981.0
2026-04-15 15:03:00,1345.1,1345.2,1344.7,1344.8,104341.0
2026-04-15 15:04:00,1344.9,1345.0,1344.7,1344.9,58032.0
2026-04-15 15:05:00,1344.9,1345.0,1344.6,1344.8,62122.0
2026-04-15 15:06:00,1344.9,1344.9,1344.7,1344.9,98501.0
2026-04-15 15:07:00,1344.7,1345.0,1344.4,1344.7,134107.0
2026-04-15 15:08:00,1345.0,1346.0,1344.6,1345.4,154240.0
2026-04-15 15:09:00,1345.4,1346.8,1345.3,1346.3,101867.0
2026-04-15 15:10:00,1346.4,1347.0,1345.9,1346.0,135354.0
2026-04-15 15:11:00,1346.2,1346.2,1344.1,1344.1,115620.0
2026-04-15 15:12:00,1344.1,1344.3,1342.2,1342.4,148727.0
2026-04-15 15:13:00,1342.7,1343.2,1342.1,1343.2,157180.0
2026-04-15 15:14:00,1343.3,1344.5,1343.2,1344.4,137785.0
2026-04-15 15:15:00,1344.4,1344.5,1343.7,1343.7,78014.0
2026-04-15 15:16:00,1343.8,1343.9,1343.4,1343.6,60654.0
2026-04-15 15:17:00,1343.6,1343.8,1343.1,1343.1,84268.0
2026-04-15 15:18:00,1343.0,1343.0,1342.5,1342.7,62948.0
2026-04-15 15:19:00,1342.7,1342.7,1342.4,1342.4,72533.0
2026-04-15 15:20:00,1342.5,1343.9,1342.4,1343.8,112721.0
2026-04-15 15:21:00,1343.9,1344.7,1343.9,1344.4,75570.0
2026-04-15 15:22:00,1344.4,1344.4,1342.6,1343.0,147706.0
2026-04-15 15:23:00,1343.0,1343.5,1343.0,1343.4,49319.0
2026-04-15 15:24:00,1343.5,1344.3,1343.5,1344.0,62001.0
2026-04-15 15:25:00,1344.2,1344.4,1343.2,1343.3,100075.0
2026-04-15 15:26:00,1343.6,1343.8,1342.8,1343.2,71198.0
2026-04-15 15:27:00,1343.0,1343.3,1342.7,1343.2,61213.0
2026-04-15 15:28:00,1343.6,1343.6,1343.0,1343.1,44661.0
2026-04-15 15:29:00,1342.7,1343.4,1341.0,1342.9,62457.0
2026-04-16 09:15:00,1352.0,1353.8,1341.6,1343.7,249030.0
2026-04-16 09:16:00,1343.8,1343.9,1341.0,1343.0,167902.0
2026-04-16 09:17:00,1343.1,1343.3,1340.0,1342.0,130413.0
2026-04-16 09:18:00,1342.2,1343.6,1341.8,1343.1,82263.0
2026-04-16 09:19:00,1342.6,1344.1,1341.5,1342.6,155903.0
2026-04-16 09:20:00,1342.7,1343.1,1341.5,1342.1,70136.0
2026-04-16 09:21:00,1341.8,1342.7,1340.4,1341.4,85123.0
2026-04-16 09:22:00,1341.1,1342.9,1340.9,1342.5,41441.0
2026-04-16 09:23:00,1342.8,1343.7,1342.5,1343.2,59353.0
2026-04-16 09:24:00,1343.6,1343.7,1342.7,1343.7,45745.0
2026-04-16 09:25:00,1343.7,1344.2,1343.3,1344.1,77163.0
2026-04-16 09:26:00,1343.6,1344.5,1343.6,1344.1,44392.0
2026-04-16 09:27:00,1344.1,1344.7,1343.5,1343.9,60144.0
2026-04-16 09:28:00,1343.5,1344.1,1343.2,1344.0,23460.0
2026-04-16 09:29:00,1344.0,1344.1,1343.5,1344.1,32319.0
2026-04-16 09:30:00,1344.0,1344.1,1342.5,1342.9,112105.0
2026-04-16 09:31:00,1342.7,1342.8,1341.5,1342.3,68107.0
2026-04-16 09:32:00,1342.3,1343.0,1341.5,1342.3,38175.0
2026-04-16 09:33:00,1342.3,1342.7,1341.1,1342.0,90743.0
2026-04-16 09:34:00,1341.2,1342.5,1341.1,1341.6,67580.0
2026-04-16 09:35:00,1341.5,1341.6,1340.1,1340.4,93569.0
2026-04-16 09:36:00,1340.9,1341.5,1340.4,1341.4,40041.0
2026-04-16 09:37:00,1341.0,1341.1,1340.2,1340.5,41992.0
2026-04-16 09:38:00,1340.6,1340.6,1338.3,1339.0,172130.0
2026-04-16 09:39:00,1339.4,1339.9,1339.0,1339.4,31979.0
2026-04-16 09:40:00,1339.2,1340.0,1338.3,1339.0,60179.0
2026-04-16 09:41:00,1339.1,1339.3,1338.6,1339.1,26039.0
2026-04-16 09:42:00,1339.1,1339.4,1338.2,1338.6,35156.0
2026-04-16 09:43:00,1339.3,1339.3,1338.5,1339.1,25804.0
2026-04-16 09:44:00,1339.0,1339.1,1338.0,1338.0,50874.0
2026-04-16 09:45:00,1338.2,1339.2,1337.9,1338.9,62218.0
2026-04-16 09:46:00,1338.6,1339.0,1338.2,1338.5,46138.0
2026-04-16 09:47:00,1338.5,1339.0,1337.5,1337.5,54545.0
2026-04-16 09:48:00,1337.5,1338.6,1337.0,1337.8,73647.0
2026-04-16 09:49:00,1337.8,1338.4,1337.0,1338.2,53983.0
2026-04-16 09:50:00,1338.0,1339.6,1337.9,1339.2,49479.0
2026-04-16 09:51:00,1339.2,1339.2,1337.5,1339.0,79693.0
2026-04-16 09:52:00,1339.0,1339.8,1337.4,1338.0,129994.0
2026-04-16 09:53:00,1337.6,1338.1,1335.6,1335.8,76039.0
2026-04-16 09:54:00,1336.1,1337.9,1335.6,1337.7,112218.0
2026-04-16 09:55:00,1337.2,1337.5,1335.2,1335.5,90936.0
2026-04-16 09:56:00,1335.3,1336.0,1335.0,1335.7,46914.0
2026-04-16 09:57:00,1335.8,1335.9,1335.0,1335.4,54223.0
2026-04-16 09:58:00,1335.0,1335.4,1334.5,1335.3,37851.0
2026-04-16 09:59:00,1334.8,1335.2,1332.5,1333.1,116674.0
2026-04-16 10:00:00,1333.1,1333.3,1332.0,1333.0,86255.0
2026-04-16 10:01:00,1333.0,1333.8,1332.0,1333.6,149062.0
2026-04-16 10:02:00,1332.7,1334.0,1332.6,1332.8,43187.0
2026-04-16 10:03:00,1333.0,1333.5,1332.2,1333.4,67234.0
2026-04-16 10:04:00,1333.3,1334.5,1333.1,1334.5,67076.0
2026-04-16 10:05:00,1334.3,1334.5,1333.1,1333.7,27188.0
2026-04-16 10:06:00,1333.7,1334.0,1332.6,1332.8,77189.0
2026-04-16 10:07:00,1332.5,1333.7,1332.0,1333.3,93497.0
2026-04-16 10:08:00,1333.7,1334.3,1333.5,1334.0,42495.0
2026-04-16 10:09:00,1334.1,1334.3,1333.7,1334.3,21916.0
2026-04-16 10:10:00,1334.1,1335.0,1334.1,1335.0,40664.0
2026-04-16 10:11:00,1334.9,1336.2,1334.5,1336.0,73714.0
2026-04-16 10:12:00,1336.0,1336.0,1334.0,1334.4,71498.0
2026-04-16 10:13:00,1334.4,1334.5,1334.0,1334.3,53992.0
2026-04-16 10:14:00,1334.3,1334.3,1333.5,1334.0,70181.0
2026-04-16 10:15:00,1334.1,1334.3,1333.5,1334.0,23331.0
2026-04-16 10:16:00,1333.9,1335.7,1333.7,1335.6,88693.0
2026-04-16 10:17:00,1335.7,1335.7,1334.5,1334.8,153110.0
2026-04-16 10:18:00,1335.1,1336.6,1335.0,1336.5,77665.0
2026-04-16 10:19:00,1336.5,1336.7,1334.9,1335.5,593103.0
2026-04-16 10:20:00,1335.3,1335.6,1335.0,1335.2,32229.0
2026-04-16 10:21:00,1335.5,1335.6,1335.1,1335.6,15717.0
2026-04-16 10:22:00,1335.2,1336.0,1335.2,1336.0,12699.0
2026-04-16 10:23:00,1336.0,1336.5,1335.5,1336.0,32456.0
2026-04-16 10:24:00,1335.8,1336.5,1335.0,1335.7,83899.0
2026-04-16 10:25:00,1335.2,1335.8,1335.2,1335.8,14334.0
2026-04-16 10:26:00,1335.8,1336.0,1335.5,1335.9,11884.0
2026-04-16 10:27:00,1336.1,1336.1,1334.5,1335.0,47176.0
2026-04-16 10:28:00,1335.0,1335.1,1334.7,1335.1,19403.0
2026-04-16 10:29:00,1335.1,1335.9,1334.9,1335.0,28647.0
2026-04-16 10:30:00,1335.1,1335.3,1334.5,1335.0,22662.0
2026-04-16 10:31:00,1335.0,1335.8,1334.5,1335.8,19757.0
2026-04-16 10:32:00,1335.8,1336.0,1335.0,1335.0,33611.0
2026-04-16 10:33:00,1335.4,1336.3,1334.9,1336.3,38831.0
2026-04-16 10:34:00,1336.0,1336.0,1335.0,1335.3,64575.0
2026-04-16 10:35:00,1335.1,1336.5,1335.1,1335.9,74048.0
2026-04-16 10:36:00,1336.0,1336.5,1335.3,1335.9,46097.0
2026-04-16 10:37:00,1336.0,1336.2,1335.1,1336.0,53499.0
2026-04-16 10:38:00,1336.0,1336.1,1335.1,1335.3,22732.0
2026-04-16 10:39:00,1335.3,1335.5,1334.5,1335.2,78817.0
2026-04-16 10:40:00,1335.3,1335.5,1334.9,1335.1,22578.0
2026-04-16 10:41:00,1335.2,1335.4,1334.8,1335.0,14476.0
2026-04-16 10:42:00,1335.3,1336.0,1335.0,1335.5,82415.0
2026-04-16 10:43:00,1335.1,1335.6,1335.0,1335.5,19370.0
2026-04-16 10:44:00,1335.6,1335.9,1334.7,1334.7,62574.0
2026-04-16 10:45:00,1335.1,1336.0,1334.7,1335.3,147178.0
2026-04-16 10:46:00,1335.3,1336.2,1335.0,1336.2,35286.0
2026-04-16 10:47:00,1336.1,1336.2,1335.0,1335.7,35518.0
2026-04-16 10:48:00,1335.8,1336.2,1335.0,1335.0,103906.0
2026-04-16 10:49:00,1335.5,1336.0,1335.1,1335.8,149136.0
2026-04-16 10:50:00,1335.8,1336.0,1335.5,1335.8,12800.0
2026-04-16 10:51:00,1335.9,1336.2,1335.3,1336.1,18666.0
2026-04-16 10:52:00,1336.1,1336.4,1335.8,1336.4,21358.0
2026-04-16 10:53:00,1336.4,1336.9,1336.3,1336.4,20069.0
2026-04-16 10:54:00,1336.5,1337.4,1336.1,1337.0,116922.0
2026-04-16 10:55:00,1337.0,1337.2,1336.8,1337.2,24744.0
2026-04-16 10:56:00,1337.1,1337.7,1337.1,1337.2,28657.0
2026-04-16 10:57:00,1337.5,1338.2,1337.3,1338.0,27376.0
2026-04-16 10:58:00,1337.9,1338.2,1337.1,1337.4,52943.0
2026-04-16 10:59:00,1337.3,1337.9,1337.1,1337.5,18127.0
2026-04-16 11:00:00,1337.7,1338.8,1337.5,1338.8,36718.0
2026-04-16 11:01:00,1338.5,1339.4,1338.3,1339.2,92736.0
2026-04-16 11:02:00,1339.2,1340.1,1339.0,1339.5,116141.0
2026-04-16 11:03:00,1339.9,1340.0,1339.4,1339.7,51481.0
2026-04-16 11:04:00,1339.7,1340.5,1338.6,1339.7,94319.0
2026-04-16 11:05:00,1339.2,1340.2,1338.8,1340.0,42845.0
2026-04-16 11:06:00,1339.8,1339.8,1338.5,1338.6,200931.0
2026-04-16 11:07:00,1339.1,1339.1,1338.0,1338.5,166405.0
2026-04-16 11:08:00,1338.1,1340.0,1337.9,1339.8,123114.0
2026-04-16 11:09:00,1339.5,1340.5,1338.6,1338.9,62760.0
2026-04-16 11:10:00,1338.7,1338.8,1337.1,1337.5,35645.0
2026-04-16 11:11:00,1337.5,1338.9,1337.1,1337.4,78990.0
2026-04-16 11:12:00,1337.9,1338.0,1337.2,1337.5,31820.0
2026-04-16 11:13:00,1337.3,1338.8,1337.1,1338.3,96289.0
2026-04-16 11:14:00,1338.3,1338.7,1337.4,1338.1,24809.0
2026-04-16 11:15:00,1338.3,1339.2,1337.5,1337.5,65310.0
2026-04-16 11:16:00,1337.5,1338.4,1337.4,1337.9,34463.0
2026-04-16 11:17:00,1337.7,1338.2,1337.1,1337.1,36683.0
2026-04-16 11:18:00,1337.0,1338.6,1336.8,1338.6,115584.0
2026-04-16 11:19:00,1337.9,1339.9,1337.9,1339.7,155694.0
2026-04-16 11:20:00,1339.5,1341.5,1339.5,1340.4,89771.0
2026-04-16 11:21:00,1340.2,1340.8,1339.3,1340.1,110837.0
2026-04-16 11:22:00,1340.0,1340.0,1337.0,1337.3,209861.0
2026-04-16 11:23:00,1337.4,1337.4,1335.8,1336.0,309388.0
2026-04-16 11:24:00,1336.1,1336.7,1335.6,1336.4,154159.0
2026-04-16 11:25:00,1336.3,1338.6,1336.3,1337.9,94780.0
2026-04-16 11:26:00,1337.8,1338.0,1337.2,1337.4,39106.0
2026-04-16 11:27:00,1337.3,1339.2,1337.3,1339.0,198010.0
2026-04-16 11:28:00,1339.0,1339.9,1338.3,1339.2,201394.0
2026-04-16 11:29:00,1339.2,1340.2,1338.6,1338.6,158296.0
2026-04-16 11:30:00,1338.6,1339.7,1338.6,1339.6,35632.0
2026-04-16 11:31:00,1339.3,1340.1,1339.1,1339.7,94898.0
2026-04-16 11:32:00,1339.7,1339.9,1338.6,1338.6,31553.0
2026-04-16 11:33:00,1338.7,1339.8,1338.4,1339.7,43984.0
2026-04-16 11:34:00,1339.5,1340.0,1339.3,1339.6,22218.0
2026-04-16 11:35:00,1339.7,1340.4,1339.5,1340.0,61537.0
2026-04-16 11:36:00,1340.0,1340.5,1339.8,1339.9,58053.0
2026-04-16 11:37:00,1339.9,1340.0,1339.0,1339.0,10473.0
2026-04-16 11:38:00,1339.1,1340.0,1338.6,1339.9,36017.0
2026-04-16 11:39:00,1339.4,1340.0,1338.3,1339.6,101802.0
2026-04-16 11:40:00,1339.8,1339.8,1338.7,1339.2,25897.0
2026-04-16 11:41:00,1339.2,1339.8,1338.3,1338.8,65755.0
2026-04-16 11:42:00,1338.8,1338.8,1338.1,1338.2,24727.0
2026-04-16 11:43:00,1338.2,1338.7,1338.1,1338.2,27051.0
2026-04-16 11:44:00,1338.1,1338.5,1337.2,1337.4,80528.0
2026-04-16 11:45:00,1337.3,1337.7,1336.9,1337.0,24294.0
2026-04-16 11:46:00,1336.8,1337.5,1336.7,1337.0,21287.0
2026-04-16 11:47:00,1336.6,1337.4,1336.5,1337.0,21295.0
2026-04-16 11:48:00,1337.2,1338.0,1336.2,1338.0,99289.0
2026-04-16 11:49:00,1338.0,1339.5,1338.0,1338.3,190938.0
2026-04-16 11:50:00,1338.5,1338.5,1337.3,1337.3,31307.0
2026-04-16 11:51:00,1337.4,1338.0,1336.7,1337.1,109708.0
2026-04-16 11:52:00,1336.8,1338.7,1336.7,1338.3,150958.0
2026-04-16 11:53:00,1338.6,1338.6,1337.4,1337.6,66662.0
2026-04-16 11:54:00,1337.7,1338.6,1336.8,1338.4,87013.0
2026-04-16 11:55:00,1337.9,1338.3,1337.0,1337.1,88981.0
2026-04-16 11:56:00,1337.7,1337.8,1336.8,1337.1,18324.0
2026-04-16 11:57:00,1337.1,1337.2,1336.5,1337.0,14251.0
2026-04-16 11:58:00,1336.9,1337.0,1336.2,1336.7,23060.0
2026-04-16 11:59:00,1336.7,1337.8,1336.2,1336.3,108770.0
2026-04-16 12:00:00,1336.3,1336.9,1335.8,1336.4,37980.0
2026-04-16 12:01:00,1336.1,1337.3,1335.7,1336.3,70752.0
2026-04-16 12:02:00,1336.4,1336.4,1335.5,1336.1,28051.0
2026-04-16 12:03:00,1336.3,1336.8,1335.6,1335.7,43871.0
2026-04-16 12:04:00,1336.0,1336.4,1335.2,1335.2,35605.0
2026-04-16 12:05:00,1335.3,1335.3,1335.0,1335.2,35664.0
2026-04-16 12:06:00,1335.1,1336.4,1334.5,1335.6,100046.0
2026-04-16 12:07:00,1335.8,1335.8,1334.9,1335.0,15137.0
2026-04-16 12:08:00,1335.3,1336.1,1334.6,1335.7,56705.0
2026-04-16 12:09:00,1336.1,1337.1,1335.5,1336.0,70809.0
2026-04-16 12:10:00,1335.8,1336.4,1335.4,1336.0,20977.0
2026-04-16 12:11:00,1336.1,1337.4,1335.8,1337.3,22883.0
2026-04-16 12:12:00,1337.2,1337.2,1335.8,1336.2,17418.0
2026-04-16 12:13:00,1335.8,1336.5,1335.6,1336.5,15009.0
2026-04-16 12:14:00,1336.4,1336.6,1335.5,1335.5,23850.0
2026-04-16 12:15:00,1335.2,1336.7,1335.0,1336.1,82787.0
2026-04-16 12:16:00,1335.9,1336.2,1334.9,1336.0,67099.0
2026-04-16 12:17:00,1336.0,1336.7,1334.9,1335.1,55092.0
2026-04-16 12:18:00,1335.1,1335.6,1334.8,1335.2,74650.0
2026-04-16 12:19:00,1335.4,1336.1,1334.6,1336.0,46888.0
2026-04-16 12:20:00,1336.3,1336.3,1334.5,1335.3,77023.0
2026-04-16 12:21:00,1335.3,1335.8,1335.0,1335.8,12600.0
2026-04-16 12:22:00,1335.8,1336.0,1335.0,1335.1,12618.0
2026-04-16 12:23:00,1335.3,1336.0,1334.5,1334.7,98869.0
2026-04-16 12:24:00,1334.7,1335.3,1334.1,1335.3,31147.0
2026-04-16 12:25:00,1335.0,1335.5,1334.1,1335.3,61509.0
2026-04-16 12:26:00,1335.3,1335.7,1334.3,1335.1,119870.0
2026-04-16 12:27:00,1335.3,1335.4,1334.5,1334.7,44779.0
2026-04-16 12:28:00,1334.3,1334.9,1334.3,1334.8,15327.0
2026-04-16 12:29:00,1334.7,1334.9,1334.5,1334.5,10341.0
2026-04-16 12:30:00,1334.7,1335.2,1333.6,1333.8,64925.0
2026-04-16 12:31:00,1333.7,1334.5,1333.6,1334.5,27614.0
2026-04-16 12:32:00,1333.9,1334.7,1333.8,1334.4,82201.0
2026-04-16 12:33:00,1334.5,1334.8,1332.4,1332.4,117919.0
2026-04-16 12:34:00,1332.4,1332.6,1330.6,1330.9,185413.0
2026-04-16 12:35:00,1331.1,1331.7,1330.5,1331.0,96036.0
2026-04-16 12:36:00,1331.1,1331.4,1330.5,1331.4,46659.0
2026-04-16 12:37:00,1331.4,1331.5,1330.8,1330.9,79259.0
2026-04-16 12:38:00,1331.0,1331.8,1330.9,1331.6,27086.0
2026-04-16 12:39:00,1331.6,1332.4,1331.4,1332.4,100556.0
2026-04-16 12:40:00,1332.1,1332.7,1330.9,1332.2,126126.0
2026-04-16 12:41:00,1332.2,1333.2,1332.0,1332.5,36983.0
2026-04-16 12:42:00,1332.9,1334.0,1332.2,1333.8,62284.0
2026-04-16 12:43:00,1333.5,1334.0,1332.7,1333.1,78794.0
2026-04-16 12:44:00,1333.2,1333.4,1330.8,1331.2,126113.0
2026-04-16 12:45:00,1331.0,1331.2,1330.0,1330.6,186550.0
2026-04-16 12:46:00,1330.6,1331.9,1330.6,1331.7,19860.0
2026-04-16 12:47:00,1331.3,1331.8,1331.0,1331.5,27844.0
2026-04-16 12:48:00,1331.3,1331.6,1330.7,1331.3,32136.0
2026-04-16 12:49:00,1331.2,1331.7,1330.8,1331.4,28211.0
2026-04-16 12:50:00,1331.4,1331.9,1330.9,1331.2,24146.0
2026-04-16 12:51:00,1331.3,1331.8,1331.1,1331.2,18580.0
2026-04-16 12:52:00,1331.2,1332.9,1331.2,1332.9,39675.0
2026-04-16 12:53:00,1332.6,1333.6,1331.1,1331.1,98508.0
2026-04-16 12:54:00,1331.3,1331.6,1331.0,1331.6,48700.0
2026-04-16 12:55:00,1331.0,1331.6,1330.7,1331.5,66679.0
2026-04-16 12:56:00,1331.5,1331.8,1330.9,1331.2,19693.0
2026-04-16 12:57:00,1331.2,1331.6,1330.3,1331.2,29808.0
2026-04-16 12:58:00,1331.2,1331.5,1330.5,1331.5,18292.0
2026-04-16 12:59:00,1331.5,1332.4,1330.9,1332.4,34333.0
2026-04-16 13:00:00,1332.1,1332.5,1331.9,1332.4,37939.0
2026-04-16 13:01:00,1332.4,1332.4,1331.3,1331.8,43356.0
2026-04-16 13:02:00,1331.6,1332.2,1331.4,1331.7,24372.0
2026-04-16 13:03:00,1331.7,1333.1,1331.7,1332.9,39656.0
2026-04-16 13:04:00,1332.8,1333.0,1331.8,1332.4,27045.0
2026-04-16 13:05:00,1332.3,1333.3,1332.2,1333.3,133345.0
2026-04-16 13:06:00,1333.1,1333.1,1331.0,1331.1,78564.0
2026-04-16 13:07:00,1331.0,1331.7,1330.3,1331.3,117501.0
2026-04-16 13:08:00,1331.3,1331.9,1331.0,1331.8,29343.0
2026-04-16 13:09:00,1331.7,1331.8,1330.5,1331.2,30384.0
2026-04-16 13:10:00,1331.1,1331.6,1330.5,1331.4,19848.0
2026-04-16 13:11:00,1330.9,1331.7,1330.6,1331.3,36107.0
2026-04-16 13:12:00,1331.3,1332.0,1330.8,1331.8,27636.0
2026-04-16 13:13:00,1331.4,1331.9,1331.1,1331.7,30795.0
2026-04-16 13:14:00,1331.4,1332.5,1331.3,1332.3,49756.0
2026-04-16 13:15:00,1331.8,1332.6,1331.7,1332.1,18011.0
2026-04-16 13:16:00,1332.1,1332.5,1331.7,1332.4,16114.0
2026-04-16 13:17:00,1332.4,1332.8,1331.7,1332.7,31422.0
2026-04-16 13:18:00,1332.3,1332.9,1332.0,1332.0,17160.0
2026-04-16 13:19:00,1332.5,1333.5,1332.1,1333.2,37014.0
2026-04-16 13:20:00,1333.2,1333.5,1333.0,1333.5,22637.0
2026-04-16 13:21:00,1333.4,1333.8,1332.8,1333.5,35347.0
2026-04-16 13:22:00,1333.5,1334.9,1333.3,1334.2,230787.0
2026-04-16 13:23:00,1333.8,1334.1,1331.6,1332.0,168495.0
2026-04-16 13:24:00,1332.2,1332.2,1331.4,1332.0,102595.0
2026-04-16 13:25:00,1331.9,1332.1,1331.3,1332.1,48752.0
2026-04-16 13:26:00,1332.0,1333.1,1331.1,1332.3,88583.0
2026-04-16 13:27:00,1332.3,1332.8,1331.3,1332.0,35608.0
2026-04-16 13:28:00,1332.1,1333.0,1332.0,1333.0,16160.0
2026-04-16 13:29:00,1333.0,1333.2,1332.2,1332.5,31028.0
2026-04-16 13:30:00,1332.5,1333.6,1332.3,1333.1,35147.0
2026-04-16 13:31:00,1333.1,1333.3,1332.5,1332.9,20087.0
2026-04-16 13:32:00,1332.9,1333.9,1332.9,1333.3,26079.0
2026-04-16 13:33:00,1333.2,1333.5,1333.2,1333.4,9801.0
2026-04-16 13:34:00,1333.5,1334.0,1333.4,1333.7,25620.0
2026-04-16 13:35:00,1333.7,1333.8,1333.0,1333.1,19367.0
2026-04-16 13:36:00,1333.1,1333.5,1333.0,1333.4,12028.0
2026-04-16 13:37:00,1333.3,1333.5,1332.7,1333.4,17964.0
2026-04-16 13:38:00,1333.0,1333.4,1332.7,1333.2,19404.0
2026-04-16 13:39:00,1333.1,1333.4,1332.8,1333.4,16891.0
2026-04-16 13:40:00,1333.1,1334.0,1333.1,1333.9,26554.0
2026-04-16 13:41:00,1333.7,1334.0,1333.1,1333.9,31174.0
2026-04-16 13:42:00,1333.9,1334.0,1333.4,1334.0,20394.0
2026-04-16 13:43:00,1333.9,1334.0,1333.1,1333.8,28478.0
2026-04-16 13:44:00,1333.8,1333.9,1333.3,1333.6,12873.0
2026-04-16 13:45:00,1333.7,1334.5,1333.6,1334.3,38657.0
2026-04-16 13:46:00,1334.3,1334.5,1334.2,1334.5,14823.0
2026-04-16 13:47:00,1334.6,1334.6,1333.8,1333.9,35693.0
2026-04-16 13:48:00,1334.0,1334.3,1333.9,1334.3,9677.0
2026-04-16 13:49:00,1334.2,1334.3,1334.2,1334.3,16526.0
2026-04-16 13:50:00,1334.3,1335.5,1334.2,1335.4,52071.0
2026-04-16 13:51:00,1335.4,1336.2,1334.8,1334.8,82569.0
2026-04-16 13:52:00,1335.3,1335.3,1334.0,1334.1,186430.0
2026-04-16 13:53:00,1334.0,1334.4,1332.6,1333.6,259238.0
2026-04-16 13:54:00,1333.5,1335.5,1333.5,1335.3,123779.0
2026-04-16 13:55:00,1335.3,1336.4,1335.1,1335.2,339330.0
2026-04-16 13:56:00,1335.4,1336.0,1335.1,1336.0,31791.0
2026-04-16 13:57:00,1336.5,1336.8,1335.0,1335.1,197040.0
2026-04-16 13:58:00,1334.6,1335.8,1334.4,1335.2,226015.0
2026-04-16 13:59:00,1335.2,1336.3,1335.1,1336.0,77832.0
2026-04-16 14:00:00,1336.1,1336.1,1335.5,1335.5,20106.0
2026-04-16 14:01:00,1335.5,1336.0,1335.5,1335.7,19331.0
2026-04-16 14:02:00,1335.6,1336.2,1335.0,1335.3,38862.0
2026-04-16 14:03:00,1335.3,1335.3,1333.9,1334.4,43961.0
2026-04-16 14:04:00,1334.2,1335.6,1333.9,1334.6,77569.0
2026-04-16 14:05:00,1334.5,1335.5,1334.2,1335.1,48850.0
2026-04-16 14:06:00,1335.5,1336.0,1335.1,1335.8,68621.0
2026-04-16 14:07:00,1335.5,1336.2,1335.5,1335.6,30211.0
2026-04-16 14:08:00,1335.4,1336.4,1334.8,1335.6,101624.0
2026-04-16 14:09:00,1335.5,1336.2,1335.3,1336.2,16964.0
2026-04-16 14:10:00,1336.2,1336.3,1336.1,1336.2,13949.0
2026-04-16 14:11:00,1336.3,1336.8,1336.2,1336.8,36000.0
2026-04-16 14:12:00,1336.8,1336.8,1336.0,1336.7,46595.0
2026-04-16 14:13:00,1336.8,1337.6,1336.4,1337.0,82932.0
2026-04-16 14:14:00,1337.2,1337.5,1336.2,1336.8,53381.0
2026-04-16 14:15:00,1337.0,1337.7,1336.5,1337.2,67622.0
2026-04-16 14:16:00,1337.2,1337.8,1336.5,1337.7,48175.0
2026-04-16 14:17:00,1337.4,1338.0,1336.8,1337.0,43971.0
2026-04-16 14:18:00,1336.9,1337.9,1336.8,1337.4,32704.0
2026-04-16 14:19:00,1337.4,1338.0,1337.2,1337.5,68275.0
2026-04-16 14:20:00,1337.8,1338.0,1337.0,1337.4,46182.0
2026-04-16 14:21:00,1337.6,1337.6,1337.2,1337.5,15544.0
2026-04-16 14:22:00,1337.4,1338.0,1337.4,1338.0,18754.0
2026-04-16 14:23:00,1337.9,1337.9,1337.5,1337.6,25704.0
2026-04-16 14:24:00,1337.7,1337.7,1336.9,1337.7,33912.0
2026-04-16 14:25:00,1337.6,1338.5,1337.4,1338.0,38349.0
2026-04-16 14:26:00,1338.1,1338.5,1338.0,1338.2,12409.0
2026-04-16 14:27:00,1338.5,1339.0,1338.4,1338.8,31803.0
2026-04-16 14:28:00,1338.8,1338.8,1338.3,1338.6,19567.0
2026-04-16 14:29:00,1338.6,1339.5,1338.1,1339.2,51655.0
2026-04-16 14:30:00,1339.5,1339.6,1339.4,1339.6,18980.0
2026-04-16 14:31:00,1339.6,1340.3,1339.6,1340.2,75557.0
2026-04-16 14:32:00,1340.2,1340.2,1340.0,1340.0,30686.0
2026-04-16 14:33:00,1340.1,1340.6,1339.3,1339.6,92489.0
2026-04-16 14:34:00,1339.6,1340.5,1338.5,1340.5,122106.0
2026-04-16 14:35:00,1340.8,1340.8,1339.8,1339.8,144208.0
2026-04-16 14:36:00,1339.6,1340.0,1339.4,1339.9,15278.0
2026-04-16 14:37:00,1339.9,1341.0,1339.4,1339.6,111473.0
2026-04-16 14:38:00,1339.8,1340.4,1339.5,1340.2,43813.0
2026-04-16 14:39:00,1340.2,1341.0,1338.9,1340.6,104388.0
2026-04-16 14:40:00,1340.6,1340.9,1340.0,1340.4,22030.0
2026-04-16 14:41:00,1340.4,1340.8,1340.4,1340.5,30307.0
2026-04-16 14:42:00,1340.5,1340.7,1339.9,1339.9,50908.0
2026-04-16 14:43:00,1339.9,1341.2,1339.7,1341.1,109568.0
2026-04-16 14:44:00,1341.0,1341.6,1340.3,1341.2,163961.0
2026-04-16 14:45:00,1341.2,1341.7,1341.0,1341.7,54368.0
2026-04-16 14:46:00,1341.7,1341.7,1341.2,1341.2,28785.0
2026-04-16 14:47:00,1341.3,1341.3,1341.1,1341.1,16807.0
2026-04-16 14:48:00,1341.2,1341.5,1341.1,1341.4,28334.0
2026-04-16 14:49:00,1341.4,1342.0,1340.9,1341.5,132703.0
2026-04-16 14:50:00,1342.0,1342.8,1341.5,1342.7,100680.0
2026-04-16 14:51:00,1342.5,1343.0,1341.9,1342.8,58336.0
2026-04-16 14:52:00,1342.8,1343.0,1340.6,1341.2,323894.0
2026-04-16 14:53:00,1341.2,1341.6,1340.7,1341.5,42073.0
2026-04-16 14:54:00,1341.4,1342.2,1340.2,1341.8,173347.0
2026-04-16 14:55:00,1342.0,1342.3,1341.3,1341.6,93247.0
2026-04-16 14:56:00,1341.7,1342.0,1341.4,1341.7,28669.0
2026-04-16 14:57:00,1341.8,1342.6,1341.0,1341.0,129609.0
2026-04-16 14:58:00,1341.1,1341.8,1340.2,1341.4,54360.0
2026-04-16 14:59:00,1341.5,1342.0,1341.1,1342.0,31502.0
2026-04-16 15:00:00,1342.0,1342.5,1341.0,1341.6,131141.0
2026-04-16 15:01:00,1341.0,1341.0,1339.7,1340.3,429240.0
2026-04-16 15:02:00,1340.0,1343.6,1339.6,1342.9,502444.0
2026-04-16 15:03:00,1343.9,1344.5,1342.8,1344.1,453422.0
2026-04-16 15:04:00,1344.2,1345.7,1342.3,1342.7,424116.0
2026-04-16 15:05:00,1342.4,1343.0,1341.3,1343.0,416950.0
2026-04-16 15:06:00,1343.3,1343.5,1343.1,1343.1,78564.0
2026-04-16 15:07:00,1343.1,1343.8,1343.0,1343.7,45809.0
2026-04-16 15:08:00,1343.8,1343.8,1341.8,1342.1,370089.0
2026-04-16 15:09:00,1342.0,1342.3,1339.7,1340.1,730156.0
2026-04-16 15:10:00,1340.4,1344.5,1339.9,1344.3,704316.0
2026-04-16 15:11:00,1344.7,1345.7,1343.9,1345.3,513137.0
2026-04-16 15:12:00,1345.2,1345.5,1344.6,1345.3,235779.0
2026-04-16 15:13:00,1345.0,1345.8,1344.0,1344.0,163680.0
2026-04-16 15:14:00,1344.6,1344.6,1343.1,1343.5,114835.0
2026-04-16 15:15:00,1343.5,1345.0,1342.1,1344.4,227722.0
2026-04-16 15:16:00,1345.3,1345.6,1343.8,1344.3,178098.0
2026-04-16 15:17:00,1344.7,1345.0,1343.2,1344.7,263080.0
2026-04-16 15:18:00,1344.8,1344.8,1342.4,1342.9,157875.0
2026-04-16 15:19:00,1343.0,1343.3,1341.6,1342.2,162990.0
2026-04-16 15:20:00,1342.4,1345.0,1342.4,1344.5,280476.0
2026-04-16 15:21:00,1344.9,1345.9,1344.3,1345.7,76804.0
2026-04-16 15:22:00,1345.7,1345.7,1344.8,1345.5,80269.0
2026-04-16 15:23:00,1345.5,1345.9,1345.1,1345.8,59690.0
2026-04-16 15:24:00,1345.4,1345.9,1345.3,1345.6,63260.0
2026-04-16 15:25:00,1345.5,1346.0,1344.4,1344.7,125328.0
2026-04-16 15:26:00,1344.6,1345.5,1344.5,1345.3,37407.0
2026-04-16 15:27:00,1345.4,1346.0,1345.2,1345.5,92933.0
2026-04-16 15:28:00,1345.4,1346.8,1345.1,1345.9,114392.0
2026-04-16 15:29:00,1345.8,1346.0,1345.7,1345.8,44362.0
2026-04-17 09:15:00,1340.0,1348.7,1340.0,1348.0,247793.0
2026-04-17 09:16:00,1347.6,1351.9,1347.1,1347.9,163028.0
2026-04-17 09:17:00,1347.7,1349.0,1347.1,1348.6,97881.0
2026-04-17 09:18:00,1348.0,1350.0,1347.3,1347.9,80577.0
2026-04-17 09:19:00,1348.0,1348.0,1345.2,1346.4,52678.0
2026-04-17 09:20:00,1346.5,1347.4,1345.6,1346.3,40051.0
2026-04-17 09:21:00,1346.1,1346.6,1345.1,1345.1,31947.0
2026-04-17 09:22:00,1345.3,1346.4,1345.3,1346.1,32305.0
2026-04-17 09:23:00,1346.2,1346.5,1345.4,1346.0,30777.0
2026-04-17 09:24:00,1346.0,1346.0,1343.5,1343.8,48947.0
2026-04-17 09:25:00,1343.6,1344.8,1343.6,1344.5,24377.0
2026-04-17 09:26:00,1344.6,1345.8,1344.5,1345.8,27918.0
2026-04-17 09:27:00,1345.8,1346.5,1345.5,1346.3,17654.0
2026-04-17 09:28:00,1346.1,1347.3,1345.9,1347.3,33781.0
2026-04-17 09:29:00,1347.0,1347.1,1346.0,1346.6,33035.0
2026-04-17 09:30:00,1346.6,1347.3,1345.6,1345.6,24644.0
2026-04-17 09:31:00,1345.8,1346.7,1345.5,1346.7,14515.0
2026-04-17 09:32:00,1346.8,1347.8,1346.2,1347.6,33598.0
2026-04-17 09:33:00,1347.6,1347.7,1345.9,1346.3,41013.0
2026-04-17 09:34:00,1346.1,1347.1,1345.9,1347.0,20699.0
2026-04-17 09:35:00,1347.0,1347.2,1346.5,1347.2,23703.0
2026-04-17 09:36:00,1347.0,1347.1,1345.9,1346.2,31904.0
2026-04-17 09:37:00,1346.2,1346.4,1345.0,1345.6,27633.0
2026-04-17 09:38:00,1345.1,1348.0,1345.1,1348.0,25025.0
2026-04-17 09:39:00,1348.0,1348.4,1347.3,1348.4,25598.0
2026-04-17 09:40:00,1348.4,1348.8,1348.2,1348.7,13161.0
2026-04-17 09:41:00,1348.8,1349.0,1347.8,1347.8,33836.0
2026-04-17 09:42:00,1348.2,1348.2,1347.1,1347.4,19864.0
2026-04-17 09:43:00,1347.6,1347.8,1346.5,1347.2,19921.0
2026-04-17 09:44:00,1347.0,1347.7,1346.8,1347.4,14450.0
2026-04-17 09:45:00,1347.4,1347.9,1346.8,1347.3,32386.0
2026-04-17 09:46:00,1347.0,1347.3,1346.6,1346.8,11311.0
2026-04-17 09:47:00,1346.9,1347.6,1346.8,1347.5,11472.0
2026-04-17 09:48:00,1347.5,1347.5,1346.8,1347.4,15734.0
2026-04-17 09:49:00,1347.3,1347.5,1347.2,1347.5,8465.0
2026-04-17 09:50:00,1347.5,1348.0,1347.3,1347.6,12034.0
2026-04-17 09:51:00,1348.0,1348.0,1347.5,1347.8,9529.0
2026-04-17 09:52:00,1348.0,1348.0,1347.3,1347.7,23422.0
2026-04-17 09:53:00,1347.9,1348.0,1347.5,1348.0,14467.0
2026-04-17 09:54:00,1348.0,1348.4,1347.7,1348.4,11810.0
2026-04-17 09:55:00,1348.0,1348.5,1347.6,1348.0,18602.0
2026-04-17 09:56:00,1348.2,1349.5,1347.3,1349.4,131439.0
2026-04-17 09:57:00,1349.5,1349.7,1348.6,1349.3,27285.0
2026-04-17 09:58:00,1349.3,1349.4,1348.0,1348.8,42582.0
2026-04-17 09:59:00,1348.8,1349.0,1348.3,1348.9,8679.0
2026-04-17 10:00:00,1349.0,1349.5,1348.7,1349.3,10360.0
2026-04-17 10:01:00,1349.3,1349.4,1348.5,1348.9,17109.0
2026-04-17 10:02:00,1348.9,1349.9,1348.8,1349.6,136114.0
2026-04-17 10:03:00,1349.9,1350.0,1348.7,1349.7,38377.0
2026-04-17 10:04:00,1350.0,1350.1,1348.7,1349.2,87663.0
2026-04-17 10:05:00,1349.3,1350.0,1348.9,1350.0,20742.0
2026-04-17 10:06:00,1349.9,1350.6,1349.2,1350.6,49640.0
2026-04-17 10:07:00,1350.6,1351.0,1350.3,1350.7,21272.0
2026-04-17 10:08:00,1350.8,1351.8,1350.5,1350.9,107425.0
2026-04-17 10:09:00,1350.7,1350.8,1350.0,1350.0,24517.0
2026-04-17 10:10:00,1350.1,1350.1,1349.3,1349.3,54914.0
2026-04-17 10:11:00,1349.4,1349.7,1349.1,1349.6,44640.0
2026-04-17 10:12:00,1349.7,1349.7,1349.5,1349.7,8876.0
2026-04-17 10:13:00,1349.5,1349.8,1349.1,1349.7,17827.0
2026-04-17 10:14:00,1349.8,1349.8,1349.2,1349.6,10732.0
2026-04-17 10:15:00,1349.8,1350.0,1348.9,1349.8,24572.0
2026-04-17 10:16:00,1350.0,1350.0,1349.5,1350.0,8959.0
2026-04-17 10:17:00,1350.0,1350.1,1349.6,1350.1,15084.0
2026-04-17 10:18:00,1350.2,1350.5,1350.0,1350.3,9251.0
2026-04-17 10:19:00,1350.3,1350.7,1350.2,1350.4,12757.0
2026-04-17 10:20:00,1350.2,1350.3,1349.7,1349.9,15387.0
2026-04-17 10:21:00,1349.7,1349.9,1349.4,1349.5,8156.0
2026-04-17 10:22:00,1349.5,1350.0,1349.4,1350.0,6659.0
2026-04-17 10:23:00,1349.8,1350.0,1349.8,1349.8,6677.0
2026-04-17 10:24:00,1350.0,1350.0,1349.8,1350.0,8608.0
2026-04-17 10:25:00,1350.0,1350.0,1349.2,1349.7,11408.0
2026-04-17 10:26:00,1349.7,1349.8,1349.4,1349.6,10833.0
2026-04-17 10:27:00,1349.5,1349.9,1349.5,1349.7,8124.0
2026-04-17 10:28:00,1349.9,1349.9,1349.5,1349.5,17678.0
2026-04-17 10:29:00,1349.2,1350.0,1348.6,1348.6,75054.0
2026-04-17 10:30:00,1348.8,1349.4,1348.0,1348.5,42042.0
2026-04-17 10:31:00,1348.3,1349.1,1348.1,1349.0,17367.0
2026-04-17 10:32:00,1349.0,1349.1,1348.4,1348.7,4557.0
2026-04-17 10:33:00,1348.5,1349.0,1348.4,1348.8,4812.0
2026-04-17 10:34:00,1349.0,1349.0,1348.7,1348.7,8944.0
2026-04-17 10:35:00,1348.8,1349.3,1348.7,1349.3,14516.0
2026-04-17 10:36:00,1349.5,1350.6,1349.2,1350.6,140147.0
2026-04-17 10:37:00,1350.6,1351.7,1350.3,1350.9,93526.0
2026-04-17 10:38:00,1351.0,1351.0,1350.4,1350.6,9171.0
2026-04-17 10:39:00,1350.8,1350.8,1350.3,1350.4,9192.0
2026-04-17 10:40:00,1350.5,1350.6,1350.1,1350.1,8976.0
2026-04-17 10:41:00,1350.5,1350.6,1350.1,1350.4,8738.0
2026-04-17 10:42:00,1350.5,1350.5,1350.0,1350.2,44205.0
2026-04-17 10:43:00,1350.4,1350.5,1349.7,1350.2,29866.0
2026-04-17 10:44:00,1350.5,1351.0,1350.1,1351.0,9735.0
2026-04-17 10:45:00,1350.9,1351.0,1350.6,1351.0,20345.0
2026-04-17 10:46:00,1351.0,1351.4,1350.9,1351.4,12403.0
2026-04-17 10:47:00,1351.4,1351.4,1350.6,1350.7,15198.0
2026-04-17 10:48:00,1350.7,1351.4,1350.5,1350.7,31841.0
2026-04-17 10:49:00,1350.6,1351.2,1350.4,1351.0,11443.0
2026-04-17 10:50:00,1351.0,1351.0,1350.8,1351.0,4328.0
2026-04-17 10:51:00,1351.0,1351.0,1350.5,1350.7,13724.0
2026-04-17 10:52:00,1351.1,1351.3,1350.9,1351.0,11439.0
2026-04-17 10:53:00,1351.1,1351.1,1350.7,1350.8,6404.0
2026-04-17 10:54:00,1350.8,1351.3,1350.8,1350.9,16912.0
2026-04-17 10:55:00,1351.3,1351.7,1351.3,1351.6,13941.0
2026-04-17 10:56:00,1351.7,1351.8,1351.6,1351.8,12693.0
2026-04-17 10:57:00,1351.8,1351.8,1351.3,1351.6,15782.0
2026-04-17 10:58:00,1351.7,1351.9,1351.3,1351.6,10334.0
2026-04-17 10:59:00,1351.6,1351.6,1350.8,1351.3,13428.0
2026-04-17 11:00:00,1351.6,1351.6,1351.0,1351.3,8067.0
2026-04-17 11:01:00,1351.2,1352.9,1351.2,1352.4,99109.0
2026-04-17 11:02:00,1352.5,1352.8,1352.2,1352.2,15569.0
2026-04-17 11:03:00,1352.3,1352.5,1351.4,1351.9,25246.0
2026-04-17 11:04:00,1352.0,1352.0,1351.3,1351.7,15392.0
2026-04-17 11:05:00,1351.9,1352.9,1351.8,1352.6,22548.0
2026-04-17 11:06:00,1353.6,1354.0,1352.9,1353.6,55852.0
2026-04-17 11:07:00,1353.9,1355.5,1353.3,1354.9,107321.0
2026-04-17 11:08:00,1354.9,1355.9,1354.6,1355.9,33626.0
2026-04-17 11:09:00,1355.9,1357.0,1355.8,1357.0,69008.0
2026-04-17 11:10:00,1356.9,1361.8,1356.9,1361.3,152805.0
2026-04-17 11:11:00,1362.0,1364.4,1361.6,1363.1,124603.0
2026-04-17 11:12:00,1362.6,1363.7,1362.0,1362.5,48999.0
2026-04-17 11:13:00,1362.2,1362.2,1361.4,1361.9,46695.0
2026-04-17 11:14:00,1362.1,1362.5,1361.0,1361.5,36001.0
2026-04-17 11:15:00,1361.3,1363.4,1361.3,1362.7,86635.0
2026-04-17 11:16:00,1363.0,1363.5,1362.3,1363.4,68658.0
2026-04-17 11:17:00,1363.5,1363.5,1363.0,1363.2,17474.0
2026-04-17 11:18:00,1363.0,1363.6,1362.8,1363.4,69103.0
2026-04-17 11:19:00,1363.1,1364.0,1362.6,1363.9,32267.0
2026-04-17 11:20:00,1363.8,1365.0,1363.6,1364.5,35651.0
2026-04-17 11:21:00,1364.5,1366.0,1364.5,1365.8,101835.0
2026-04-17 11:22:00,1365.8,1366.9,1365.1,1366.0,67007.0
2026-04-17 11:23:00,1365.9,1366.2,1365.1,1365.6,47004.0
2026-04-17 11:24:00,1365.4,1366.2,1365.3,1365.7,29347.0
2026-04-17 11:25:00,1365.7,1366.9,1365.3,1366.9,28817.0
2026-04-17 11:26:00,1366.9,1367.0,1365.1,1365.2,54702.0
2026-04-17 11:27:00,1365.6,1365.6,1364.2,1364.5,59130.0
2026-04-17 11:28:00,1364.5,1364.9,1364.2,1364.7,22339.0
2026-04-17 11:29:00,1364.9,1365.0,1364.5,1364.9,21290.0
2026-04-17 11:30:00,1365.0,1365.0,1364.4,1364.5,16464.0
2026-04-17 11:31:00,1364.5,1364.7,1364.0,1364.4,14380.0
2026-04-17 11:32:00,1364.4,1365.6,1364.4,1365.3,31729.0
2026-04-17 11:33:00,1365.5,1367.0,1365.3,1366.8,45496.0
2026-04-17 11:34:00,1366.8,1367.1,1366.0,1366.5,36639.0
2026-04-17 11:35:00,1366.7,1366.9,1366.5,1366.5,22411.0
2026-04-17 11:36:00,1366.6,1366.8,1366.5,1366.6,19087.0
2026-04-17 11:37:00,1366.6,1367.2,1366.6,1366.9,27078.0
2026-04-17 11:38:00,1366.9,1367.4,1366.8,1367.0,15866.0
2026-04-17 11:39:00,1367.1,1367.9,1367.0,1367.3,46791.0
2026-04-17 11:40:00,1367.3,1367.5,1366.4,1366.9,12824.0
2026-04-17 11:41:00,1366.9,1367.2,1366.4,1367.0,12937.0
2026-04-17 11:42:00,1367.2,1367.8,1367.0,1367.4,24091.0
2026-04-17 11:43:00,1367.6,1367.6,1366.6,1366.8,16414.0
2026-04-17 11:44:00,1366.9,1367.0,1365.2,1365.2,21177.0
2026-04-17 11:45:00,1365.2,1365.6,1364.3,1364.5,41020.0
2026-04-17 11:46:00,1364.9,1364.9,1364.1,1364.5,10364.0
2026-04-17 11:47:00,1364.4,1364.6,1363.1,1363.4,20168.0
2026-04-17 11:48:00,1363.5,1363.9,1363.0,1363.8,31949.0
2026-04-17 11:49:00,1363.9,1364.0,1362.4,1362.9,42184.0
2026-04-17 11:50:00,1363.0,1364.7,1362.9,1364.4,62552.0
2026-04-17 11:51:00,1364.8,1365.7,1364.3,1365.4,37122.0
2026-04-17 11:52:00,1365.5,1365.5,1364.6,1365.4,51012.0
2026-04-17 11:53:00,1365.4,1367.5,1365.2,1367.5,75848.0
2026-04-17 11:54:00,1367.3,1368.0,1366.9,1367.9,86955.0
2026-04-17 11:55:00,1367.8,1368.4,1367.1,1368.3,64261.0
2026-04-17 11:56:00,1367.9,1367.9,1365.1,1365.5,86293.0
2026-04-17 11:57:00,1365.8,1366.4,1365.5,1366.0,46875.0
2026-04-17 11:58:00,1366.0,1366.0,1363.2,1363.8,117569.0
2026-04-17 11:59:00,1364.0,1364.0,1362.0,1362.6,88460.0
2026-04-17 12:00:00,1362.1,1362.4,1359.7,1360.1,295571.0
2026-04-17 12:01:00,1360.1,1362.4,1360.0,1361.9,195372.0
2026-04-17 12:02:00,1361.9,1362.0,1361.2,1361.6,42023.0
2026-04-17 12:03:00,1361.7,1361.8,1360.0,1360.0,81095.0
2026-04-17 12:04:00,1360.0,1361.0,1359.6,1360.9,59019.0
2026-04-17 12:05:00,1360.9,1361.0,1360.7,1360.9,86427.0
2026-04-17 12:06:00,1361.0,1363.4,1360.9,1363.1,132272.0
2026-04-17 12:07:00,1363.1,1363.9,1362.9,1363.3,128977.0
2026-04-17 12:08:00,1363.3,1364.6,1363.3,1364.6,137456.0
2026-04-17 12:09:00,1364.4,1364.5,1363.5,1363.5,53157.0
2026-04-17 12:10:00,1363.8,1363.8,1362.4,1362.8,21002.0
2026-04-17 12:11:00,1363.0,1363.0,1362.4,1362.6,9088.0
2026-04-17 12:12:00,1362.5,1363.1,1362.4,1362.9,13091.0
2026-04-17 12:13:00,1362.9,1363.0,1362.7,1363.0,10962.0
2026-04-17 12:14:00,1363.0,1363.0,1362.5,1362.8,6247.0
2026-04-17 12:15:00,1362.8,1363.0,1362.6,1363.0,15968.0
2026-04-17 12:16:00,1363.1,1363.7,1363.0,1363.5,8570.0
2026-04-17 12:17:00,1363.7,1363.9,1363.4,1363.8,9550.0
2026-04-17 12:18:00,1363.8,1364.7,1363.6,1364.2,15753.0
2026-04-17 12:19:00,1364.2,1364.9,1363.9,1363.9,24676.0
2026-04-17 12:20:00,1364.3,1364.5,1363.7,1363.9,9728.0
2026-04-17 12:21:00,1363.9,1364.1,1363.7,1363.7,19723.0
2026-04-17 12:22:00,1363.8,1363.8,1363.5,1363.6,9138.0
2026-04-17 12:23:00,1363.6,1363.6,1363.3,1363.4,9506.0
2026-04-17 12:24:00,1363.4,1363.6,1363.3,1363.5,6588.0
2026-04-17 12:25:00,1363.5,1363.8,1363.0,1363.0,15939.0
2026-04-17 12:26:00,1363.0,1363.5,1362.8,1363.4,6618.0
2026-04-17 12:27:00,1363.5,1363.8,1362.4,1362.8,34088.0
2026-04-17 12:28:00,1362.8,1362.8,1362.2,1362.6,9506.0
2026-04-17 12:29:00,1362.7,1363.0,1362.4,1362.9,7652.0
2026-04-17 12:30:00,1362.8,1363.2,1362.3,1362.3,29056.0
2026-04-17 12:31:00,1362.3,1362.4,1361.8,1361.9,12132.0
2026-04-17 12:32:00,1362.0,1362.0,1361.6,1361.9,10143.0
2026-04-17 12:33:00,1361.8,1362.5,1361.7,1362.5,24756.0
2026-04-17 12:34:00,1362.5,1362.5,1361.7,1362.0,14057.0
2026-04-17 12:35:00,1362.1,1362.2,1361.5,1361.8,16648.0
2026-04-17 12:36:00,1361.9,1362.5,1361.8,1362.3,42491.0
2026-04-17 12:37:00,1362.3,1362.3,1361.8,1362.1,22057.0
2026-04-17 12:38:00,1362.1,1362.2,1361.9,1362.1,6513.0
2026-04-17 12:39:00,1361.9,1362.3,1361.4,1362.0,46615.0
2026-04-17 12:40:00,1362.1,1362.2,1361.8,1361.9,37741.0
2026-04-17 12:41:00,1362.0,1362.0,1361.1,1361.1,9140.0
2026-04-17 12:42:00,1361.1,1361.9,1361.0,1361.7,8990.0
2026-04-17 12:43:00,1361.9,1361.9,1361.2,1361.3,9120.0
2026-04-17 12:44:00,1361.2,1361.4,1360.3,1360.9,41833.0
2026-04-17 12:45:00,1361.0,1361.2,1360.8,1361.2,10040.0
2026-04-17 12:46:00,1361.2,1361.9,1361.1,1361.6,64321.0
2026-04-17 12:47:00,1361.8,1361.9,1361.5,1361.5,9219.0
2026-04-17 12:48:00,1361.7,1361.8,1361.1,1361.2,11015.0
2026-04-17 12:49:00,1361.4,1361.5,1361.2,1361.4,4212.0
2026-04-17 12:50:00,1361.4,1361.5,1361.2,1361.5,7133.0
2026-04-17 12:51:00,1361.5,1361.5,1360.4,1360.8,14115.0
2026-04-17 12:52:00,1360.9,1360.9,1360.5,1360.8,6532.0
2026-04-17 12:53:00,1361.0,1361.3,1360.8,1361.1,5156.0
2026-04-17 12:54:00,1361.1,1361.7,1361.0,1361.6,5402.0
2026-04-17 12:55:00,1361.7,1361.8,1361.4,1361.4,7487.0
2026-04-17 12:56:00,1361.5,1361.5,1361.0,1361.3,10075.0
2026-04-17 12:57:00,1361.3,1361.3,1361.1,1361.3,5116.0
2026-04-17 12:58:00,1361.3,1361.3,1360.2,1360.5,21059.0
2026-04-17 12:59:00,1360.5,1360.7,1360.1,1360.7,4864.0
2026-04-17 13:00:00,1360.6,1360.8,1360.0,1360.5,28138.0
2026-04-17 13:01:00,1360.4,1360.8,1360.0,1360.1,12713.0
2026-04-17 13:02:00,1360.2,1360.8,1359.9,1360.1,40142.0
2026-04-17 13:03:00,1360.1,1360.3,1359.3,1359.8,39218.0
2026-04-17 13:04:00,1359.8,1360.4,1359.7,1359.8,12280.0
2026-04-17 13:05:00,1359.8,1360.2,1359.8,1360.0,7196.0
2026-04-17 13:06:00,1359.8,1360.9,1359.8,1360.9,7716.0
2026-04-17 13:07:00,1360.9,1361.6,1360.9,1361.4,25528.0
2026-04-17 13:08:00,1361.4,1362.4,1361.2,1361.9,34817.0
2026-04-17 13:09:00,1361.8,1362.4,1361.8,1362.2,10119.0
2026-04-17 13:10:00,1362.3,1362.3,1361.2,1361.9,23298.0
2026-04-17 13:11:00,1362.2,1362.4,1362.0,1362.1,9243.0
2026-04-17 13:12:00,1362.0,1362.4,1361.5,1362.3,37513.0
2026-04-17 13:13:00,1362.4,1362.4,1361.9,1362.3,27693.0
2026-04-17 13:14:00,1362.2,1362.2,1360.8,1360.8,14536.0
2026-04-17 13:15:00,1360.8,1361.2,1360.6,1360.6,20350.0
2026-04-17 13:16:00,1360.7,1360.7,1359.2,1359.5,33105.0
2026-04-17 13:17:00,1359.5,1359.7,1358.3,1358.7,41870.0
2026-04-17 13:18:00,1358.6,1358.7,1357.5,1357.7,71336.0
2026-04-17 13:19:00,1357.7,1357.8,1357.3,1357.3,45421.0
2026-04-17 13:20:00,1357.4,1357.7,1357.2,1357.2,56181.0
2026-04-17 13:21:00,1357.1,1357.6,1357.0,1357.3,43488.0
2026-04-17 13:22:00,1357.3,1357.8,1357.0,1357.5,41357.0
2026-04-17 13:23:00,1357.8,1359.0,1357.4,1359.0,13998.0
2026-04-17 13:24:00,1359.1,1359.4,1357.8,1357.9,33912.0
2026-04-17 13:25:00,1358.0,1358.0,1357.4,1357.6,13017.0
2026-04-17 13:26:00,1357.7,1358.0,1357.3,1357.9,12280.0
2026-04-17 13:27:00,1357.9,1359.3,1357.9,1359.3,24683.0
2026-04-17 13:28:00,1359.4,1359.8,1359.0,1359.3,37437.0
2026-04-17 13:29:00,1359.3,1359.5,1359.0,1359.5,17790.0
2026-04-17 13:30:00,1359.6,1359.8,1359.0,1359.6,39677.0
2026-04-17 13:31:00,1359.6,1359.9,1359.3,1359.8,62879.0
2026-04-17 13:32:00,1359.8,1360.4,1359.7,1360.4,17223.0
2026-04-17 13:33:00,1360.4,1360.4,1359.9,1360.1,10103.0
2026-04-17 13:34:00,1360.2,1360.3,1360.0,1360.3,6249.0
2026-04-17 13:35:00,1360.4,1360.5,1359.8,1359.9,10667.0
2026-04-17 13:36:00,1360.0,1360.0,1359.1,1359.9,28937.0
2026-04-17 13:37:00,1360.0,1360.5,1359.8,1360.4,9677.0
2026-04-17 13:38:00,1360.4,1362.2,1360.3,1362.0,23648.0
2026-04-17 13:39:00,1362.0,1362.6,1361.7,1361.7,22390.0
2026-04-17 13:40:00,1361.5,1362.5,1361.2,1361.7,28359.0
2026-04-17 13:41:00,1361.9,1363.0,1361.6,1362.9,13788.0
2026-04-17 13:42:00,1362.9,1363.0,1362.2,1363.0,31422.0
2026-04-17 13:43:00,1363.0,1363.0,1362.0,1362.4,11724.0
2026-04-17 13:44:00,1362.4,1362.4,1361.7,1361.8,9574.0
2026-04-17 13:45:00,1361.9,1362.2,1361.9,1362.0,14978.0
2026-04-17 13:46:00,1362.0,1362.0,1361.0,1361.9,13566.0
2026-04-17 13:47:00,1362.0,1362.0,1361.6,1361.8,7225.0
2026-04-17 13:48:00,1361.8,1361.8,1361.2,1361.3,11879.0
2026-04-17 13:49:00,1361.6,1362.0,1361.5,1361.5,7417.0
2026-04-17 13:50:00,1361.8,1362.0,1361.7,1361.8,5620.0
2026-04-17 13:51:00,1361.8,1362.0,1361.5,1361.9,15991.0
2026-04-17 13:52:00,1361.9,1361.9,1361.7,1361.8,24876.0
2026-04-17 13:53:00,1361.8,1362.0,1361.6,1361.6,9560.0
2026-04-17 13:54:00,1362.0,1362.2,1361.7,1362.2,9867.0
2026-04-17 13:55:00,1362.5,1362.9,1362.3,1362.6,20466.0
2026-04-17 13:56:00,1362.7,1362.8,1362.1,1362.6,15598.0
2026-04-17 13:57:00,1362.7,1362.8,1361.9,1362.8,9886.0
2026-04-17 13:58:00,1362.8,1363.2,1362.6,1363.0,11468.0
2026-04-17 13:59:00,1362.7,1363.0,1362.7,1362.9,8072.0
2026-04-17 14:00:00,1362.9,1362.9,1362.7,1362.7,9775.0
2026-04-17 14:01:00,1362.8,1362.9,1362.6,1362.9,10290.0
2026-04-17 14:02:00,1363.0,1363.4,1362.8,1362.8,14315.0
2026-04-17 14:03:00,1363.0,1363.5,1362.8,1363.5,6893.0
2026-04-17 14:04:00,1363.4,1363.8,1362.9,1363.0,21762.0
2026-04-17 14:05:00,1363.0,1363.0,1362.5,1363.0,13426.0
2026-04-17 14:06:00,1363.0,1363.5,1362.9,1363.1,11216.0
2026-04-17 14:07:00,1363.1,1363.1,1362.9,1363.0,7648.0
2026-04-17 14:08:00,1363.0,1363.0,1362.7,1362.8,9251.0
2026-04-17 14:09:00,1362.9,1363.2,1362.8,1363.0,10808.0
2026-04-17 14:10:00,1363.1,1363.2,1362.9,1362.9,8270.0
2026-04-17 14:11:00,1363.0,1363.9,1362.9,1363.9,13274.0
2026-04-17 14:12:00,1363.9,1364.0,1363.8,1364.0,8798.0
2026-04-17 14:13:00,1364.0,1364.0,1363.7,1363.9,11745.0
2026-04-17 14:14:00,1363.9,1364.0,1363.2,1363.3,6830.0
2026-04-17 14:15:00,1363.4,1363.9,1363.2,1363.5,10564.0
2026-04-17 14:16:00,1363.8,1363.9,1363.0,1363.6,34855.0
2026-04-17 14:17:00,1363.9,1364.3,1363.1,1363.6,50982.0
2026-04-17 14:18:00,1363.5,1363.8,1363.4,1363.6,4596.0
2026-04-17 14:19:00,1363.8,1364.3,1363.5,1364.2,15963.0
2026-04-17 14:20:00,1364.3,1364.3,1363.6,1363.9,18504.0
2026-04-17 14:21:00,1363.9,1364.9,1363.5,1364.7,52409.0
2026-04-17 14:22:00,1364.8,1364.8,1363.2,1364.2,46964.0
2026-04-17 14:23:00,1364.4,1364.5,1364.1,1364.3,16032.0
2026-04-17 14:24:00,1364.3,1364.7,1364.1,1364.7,20881.0
2026-04-17 14:25:00,1364.8,1364.9,1364.0,1364.1,44111.0
2026-04-17 14:26:00,1364.2,1364.3,1362.9,1362.9,18481.0
2026-04-17 14:27:00,1362.9,1363.0,1362.1,1362.4,25141.0
2026-04-17 14:28:00,1362.7,1362.7,1361.5,1361.5,41247.0
2026-04-17 14:29:00,1362.2,1362.2,1361.0,1361.2,38709.0
2026-04-17 14:30:00,1361.2,1361.4,1360.6,1360.7,44049.0
2026-04-17 14:31:00,1360.7,1360.7,1360.2,1360.3,29628.0
2026-04-17 14:32:00,1360.3,1360.9,1360.0,1360.0,73398.0
2026-04-17 14:33:00,1360.1,1360.1,1359.2,1359.6,82616.0
2026-04-17 14:34:00,1359.6,1359.9,1358.9,1359.5,76592.0
2026-04-17 14:35:00,1359.9,1359.9,1358.3,1358.3,99894.0
2026-04-17 14:36:00,1358.7,1360.5,1358.3,1360.2,16746.0
2026-04-17 14:37:00,1360.8,1361.0,1360.5,1360.8,19742.0
2026-04-17 14:38:00,1360.8,1361.0,1360.0,1360.9,14975.0
2026-04-17 14:39:00,1360.9,1361.3,1360.4,1360.4,13595.0
2026-04-17 14:40:00,1360.5,1361.5,1359.7,1360.8,79359.0
2026-04-17 14:41:00,1360.8,1361.2,1360.5,1361.1,13062.0
2026-04-17 14:42:00,1361.0,1361.7,1361.0,1361.7,13863.0
2026-04-17 14:43:00,1361.5,1362.7,1361.4,1361.6,75960.0
2026-04-17 14:44:00,1361.6,1363.4,1361.4,1362.9,78234.0
2026-04-17 14:45:00,1363.2,1363.9,1362.9,1363.5,125826.0
2026-04-17 14:46:00,1363.9,1364.5,1363.4,1364.0,83982.0
2026-04-17 14:47:00,1364.5,1364.5,1362.0,1362.0,69100.0
2026-04-17 14:48:00,1362.0,1362.6,1362.0,1362.2,74197.0
2026-04-17 14:49:00,1362.2,1364.3,1362.2,1363.9,108639.0
2026-04-17 14:50:00,1364.2,1364.2,1362.8,1363.2,35733.0
2026-04-17 14:51:00,1363.2,1363.7,1363.1,1363.3,12391.0
2026-04-17 14:52:00,1363.6,1364.2,1363.3,1364.1,30851.0
2026-04-17 14:53:00,1364.1,1364.2,1363.7,1364.0,14576.0
2026-04-17 14:54:00,1364.2,1364.2,1363.6,1363.6,13028.0
2026-04-17 14:55:00,1363.7,1364.0,1363.6,1363.6,20008.0
2026-04-17 14:56:00,1363.7,1363.7,1363.5,1363.5,18804.0
2026-04-17 14:57:00,1363.6,1364.0,1363.5,1364.0,14223.0
2026-04-17 14:58:00,1364.0,1364.5,1363.8,1364.5,25527.0
2026-04-17 14:59:00,1364.5,1364.5,1364.2,1364.5,18258.0
2026-04-17 15:00:00,1364.4,1364.5,1363.0,1363.3,126175.0
2026-04-17 15:01:00,1363.3,1364.5,1363.2,1364.4,72773.0
2026-04-17 15:02:00,1364.4,1364.4,1363.0,1363.2,124299.0
2026-04-17 15:03:00,1363.3,1365.4,1363.3,1365.1,174671.0
2026-04-17 15:04:00,1365.1,1365.1,1364.5,1364.7,55622.0
2026-04-17 15:05:00,1364.8,1366.3,1364.7,1366.1,94461.0
2026-04-17 15:06:00,1366.4,1366.8,1364.4,1364.5,159509.0
2026-04-17 15:07:00,1364.7,1366.3,1364.7,1366.1,116136.0
2026-04-17 15:08:00,1366.1,1366.2,1365.9,1366.2,44850.0
2026-04-17 15:09:00,1366.2,1366.3,1365.9,1366.1,33006.0
2026-04-17 15:10:00,1366.2,1366.4,1366.0,1366.3,81829.0
2026-04-17 15:11:00,1366.3,1366.4,1366.0,1366.1,43875.0
2026-04-17 15:12:00,1366.1,1366.4,1365.4,1365.9,96481.0
2026-04-17 15:13:00,1365.9,1366.1,1365.6,1365.9,39716.0
2026-04-17 15:14:00,1366.0,1366.0,1365.5,1365.6,59234.0
2026-04-17 15:15:00,1365.6,1365.7,1365.1,1365.1,93485.0
2026-04-17 15:16:00,1365.2,1365.4,1365.0,1365.3,64015.0
2026-04-17 15:17:00,1365.2,1365.3,1365.1,1365.1,42509.0
2026-04-17 15:18:00,1365.3,1365.3,1365.0,1365.1,90574.0
2026-04-17 15:19:00,1365.2,1365.3,1365.0,1365.3,43033.0
2026-04-17 15:20:00,1365.3,1365.4,1365.0,1365.3,80811.0
2026-04-17 15:21:00,1365.3,1365.3,1365.0,1365.2,69246.0
2026-04-17 15:22:00,1365.3,1365.4,1365.0,1365.0,60191.0
2026-04-17 15:23:00,1365.3,1365.4,1364.9,1365.0,54744.0
2026-04-17 15:24:00,1365.2,1365.4,1365.0,1365.4,48372.0
2026-04-17 15:25:00,1365.4,1365.5,1364.8,1364.9,78097.0
2026-04-17 15:26:00,1364.8,1365.0,1364.7,1365.0,67145.0
2026-04-17 15:27:00,1365.0,1365.0,1363.3,1363.9,74213.0
2026-04-17 15:28:00,1364.0,1364.0,1363.1,1363.9,53183.0
2026-04-17 15:29:00,1364.0,1365.0,1363.5,1364.5,60815.0
2026-04-20 09:15:00,1363.2,1363.2,1355.0,1358.2,128433.0
2026-04-20 09:16:00,1358.2,1359.1,1352.8,1358.7,99368.0
2026-04-20 09:17:00,1358.7,1360.4,1357.1,1360.4,80776.0
2026-04-20 09:18:00,1359.6,1361.7,1359.2,1360.0,83138.0
2026-04-20 09:19:00,1359.6,1360.0,1357.6,1359.6,54383.0
2026-04-20 09:20:00,1359.7,1359.7,1358.0,1359.3,82840.0
2026-04-20 09:21:00,1359.4,1359.6,1358.1,1359.6,58594.0
2026-04-20 09:22:00,1359.3,1360.1,1358.3,1358.7,45014.0
2026-04-20 09:23:00,1358.7,1359.9,1358.2,1359.6,65624.0
2026-04-20 09:24:00,1359.5,1360.3,1359.4,1360.1,33196.0
2026-04-20 09:25:00,1360.1,1362.0,1360.0,1361.1,38024.0
2026-04-20 09:26:00,1361.0,1361.7,1360.0,1360.3,51741.0
2026-04-20 09:27:00,1360.0,1362.8,1360.0,1361.8,47269.0
2026-04-20 09:28:00,1361.8,1364.2,1361.8,1363.6,79594.0
2026-04-20 09:29:00,1363.4,1364.9,1363.0,1364.2,38814.0
2026-04-20 09:30:00,1364.4,1365.0,1362.4,1362.6,64345.0
2026-04-20 09:31:00,1362.8,1362.9,1361.2,1362.1,57131.0
2026-04-20 09:32:00,1362.3,1362.3,1360.0,1360.4,31167.0
2026-04-20 09:33:00,1360.5,1361.8,1360.4,1361.8,22811.0
2026-04-20 09:34:00,1361.7,1361.7,1360.5,1361.2,22996.0
2026-04-20 09:35:00,1361.2,1361.3,1361.0,1361.2,10437.0
2026-04-20 09:36:00,1361.5,1362.3,1360.0,1360.1,49609.0
2026-04-20 09:37:00,1360.0,1360.3,1359.1,1359.8,72310.0
2026-04-20 09:38:00,1359.8,1360.7,1359.4,1360.6,49760.0
2026-04-20 09:39:00,1360.3,1360.4,1359.1,1359.5,40505.0
2026-04-20 09:40:00,1359.6,1359.6,1358.5,1359.6,81859.0
2026-04-20 09:41:00,1359.6,1360.0,1358.7,1358.8,25662.0
2026-04-20 09:42:00,1359.0,1360.0,1358.9,1359.4,17111.0
2026-04-20 09:43:00,1359.4,1359.5,1358.5,1358.6,16404.0
2026-04-20 09:44:00,1358.6,1358.8,1357.4,1358.6,78363.0
2026-04-20 09:45:00,1358.5,1358.8,1356.5,1356.5,95667.0
2026-04-20 09:46:00,1356.5,1357.4,1356.5,1357.2,18867.0
2026-04-20 09:47:00,1357.2,1357.2,1355.5,1355.9,39456.0
2026-04-20 09:48:00,1355.9,1356.7,1355.6,1356.0,41790.0
2026-04-20 09:49:00,1355.8,1357.7,1355.8,1357.1,69168.0
2026-04-20 09:50:00,1357.1,1357.4,1355.8,1356.3,60517.0
2026-04-20 09:51:00,1356.5,1357.5,1356.2,1356.8,27529.0
2026-04-20 09:52:00,1356.6,1357.5,1356.6,1357.1,12929.0
2026-04-20 09:53:00,1357.4,1358.5,1357.3,1357.7,29557.0
2026-04-20 09:54:00,1357.8,1359.5,1357.4,1359.1,42905.0
2026-04-20 09:55:00,1359.5,1360.0,1359.1,1360.0,22224.0
2026-04-20 09:56:00,1360.0,1360.4,1359.0,1359.1,27284.0
2026-04-20 09:57:00,1359.3,1359.5,1359.1,1359.1,17117.0
2026-04-20 09:58:00,1359.5,1359.5,1358.8,1358.9,11688.0
2026-04-20 09:59:00,1358.8,1359.5,1358.8,1359.4,10826.0
2026-04-20 10:00:00,1359.4,1359.5,1359.1,1359.1,8072.0
2026-04-20 10:01:00,1359.2,1359.2,1358.3,1358.5,25197.0
2026-04-20 10:02:00,1358.5,1359.1,1358.3,1359.1,8808.0
2026-04-20 10:03:00,1359.1,1360.1,1359.1,1359.7,19026.0
2026-04-20 10:04:00,1359.8,1359.8,1358.7,1359.3,16316.0
2026-04-20 10:05:00,1359.2,1359.5,1359.0,1359.1,14034.0
2026-04-20 10:06:00,1359.1,1359.3,1358.8,1359.2,13729.0
2026-04-20 10:07:00,1359.2,1360.0,1359.2,1360.0,21094.0
2026-04-20 10:08:00,1360.0,1361.8,1360.0,1361.4,23279.0
2026-04-20 10:09:00,1361.5,1362.8,1361.2,1362.8,42302.0
2026-04-20 10:10:00,1362.8,1362.9,1361.9,1362.4,17100.0
2026-04-20 10:11:00,1362.4,1362.5,1362.1,1362.3,4651.0
2026-04-20 10:12:00,1362.4,1362.6,1361.6,1361.6,21378.0
2026-04-20 10:13:00,1361.9,1362.3,1361.7,1362.3,7133.0
2026-04-20 10:14:00,1362.1,1362.7,1362.1,1362.6,3963.0
2026-04-20 10:15:00,1362.7,1362.7,1361.4,1362.0,36746.0
2026-04-20 10:16:00,1362.4,1362.9,1362.0,1362.6,22725.0
2026-04-20 10:17:00,1362.9,1364.5,1362.6,1363.9,52812.0
2026-04-20 10:18:00,1363.9,1364.5,1363.8,1364.5,13209.0
2026-04-20 10:19:00,1364.5,1364.6,1364.2,1364.6,14029.0
2026-04-20 10:20:00,1364.9,1365.9,1364.8,1365.0,59645.0
2026-04-20 10:21:00,1365.0,1365.0,1363.4,1364.0,22108.0
2026-04-20 10:22:00,1364.0,1364.7,1363.9,1363.9,18899.0
2026-04-20 10:23:00,1364.0,1364.9,1363.9,1364.9,6873.0
2026-04-20 10:24:00,1364.8,1365.0,1364.7,1364.7,19649.0
2026-04-20 10:25:00,1364.6,1364.8,1364.3,1364.7,12476.0
2026-04-20 10:26:00,1364.7,1365.3,1364.6,1365.3,11566.0
2026-04-20 10:27:00,1365.0,1365.9,1365.0,1365.8,25743.0
2026-04-20 10:28:00,1365.7,1366.8,1365.4,1366.5,38961.0
2026-04-20 10:29:00,1366.5,1367.0,1366.2,1366.8,31201.0
2026-04-20 10:30:00,1366.9,1368.0,1366.8,1367.7,45466.0
2026-04-20 10:31:00,1367.5,1368.0,1367.5,1367.9,29634.0
2026-04-20 10:32:00,1367.9,1369.7,1367.8,1368.8,151670.0
2026-04-20 10:33:00,1368.8,1369.2,1368.7,1369.0,23953.0
2026-04-20 10:34:00,1369.1,1369.6,1369.0,1369.0,27224.0
2026-04-20 10:35:00,1369.2,1369.9,1369.1,1369.8,26924.0
2026-04-20 10:36:00,1369.6,1369.9,1369.5,1369.8,25863.0
2026-04-20 10:37:00,1369.8,1370.3,1368.7,1369.2,92542.0
2026-04-20 10:38:00,1368.9,1369.4,1368.2,1368.3,24607.0
2026-04-20 10:39:00,1368.4,1370.5,1367.5,1370.0,49387.0
2026-04-20 10:40:00,1370.0,1371.1,1370.0,1370.5,43561.0
2026-04-20 10:41:00,1370.7,1370.8,1369.8,1370.2,29485.0
2026-04-20 10:42:00,1370.1,1370.3,1369.0,1369.0,30860.0
2026-04-20 10:43:00,1369.2,1369.7,1369.1,1369.4,12734.0
2026-04-20 10:44:00,1369.5,1369.8,1368.2,1368.2,34103.0
2026-04-20 10:45:00,1368.2,1368.3,1366.2,1366.6,89139.0
2026-04-20 10:46:00,1366.2,1367.6,1366.2,1367.5,57781.0
2026-04-20 10:47:00,1367.6,1368.0,1367.4,1367.9,23409.0
2026-04-20 10:48:00,1367.9,1368.6,1367.9,1368.0,18085.0
2026-04-20 10:49:00,1367.9,1368.3,1367.6,1368.3,17555.0
2026-04-20 10:50:00,1368.2,1368.6,1368.0,1368.5,15008.0
2026-04-20 10:51:00,1368.5,1368.8,1368.4,1368.5,19934.0
2026-04-20 10:52:00,1368.5,1369.3,1368.5,1368.7,17699.0
2026-04-20 10:53:00,1368.7,1369.9,1368.6,1369.8,12229.0
2026-04-20 10:54:00,1369.8,1370.0,1369.3,1369.5,23346.0
2026-04-20 10:55:00,1369.2,1369.7,1369.0,1369.0,13510.0
2026-04-20 10:56:00,1369.1,1369.3,1368.8,1369.0,12310.0
2026-04-20 10:57:00,1369.0,1369.5,1368.9,1369.5,16106.0
2026-04-20 10:58:00,1369.5,1369.8,1369.0,1369.1,17721.0
2026-04-20 10:59:00,1369.4,1369.5,1368.7,1368.7,19920.0
2026-04-20 11:00:00,1369.0,1369.2,1368.5,1369.1,14458.0
2026-04-20 11:01:00,1369.1,1369.2,1368.6,1368.6,14670.0
2026-04-20 11:02:00,1368.6,1368.9,1368.6,1368.8,12871.0
2026-04-20 11:03:00,1368.7,1369.1,1368.5,1369.1,16722.0
2026-04-20 11:04:00,1369.2,1369.9,1368.9,1369.9,19214.0
2026-04-20 11:05:00,1370.0,1370.1,1369.8,1370.1,39794.0
2026-04-20 11:06:00,1370.2,1370.5,1369.6,1370.0,55596.0
2026-04-20 11:07:00,1369.8,1370.6,1369.8,1370.4,10418.0
2026-04-20 11:08:00,1370.5,1370.8,1370.0,1370.1,24627.0
2026-04-20 11:09:00,1370.0,1370.1,1369.2,1369.3,23310.0
2026-04-20 11:10:00,1369.2,1369.8,1368.3,1369.4,58125.0
2026-04-20 11:11:00,1369.6,1369.6,1368.9,1368.9,27890.0
2026-04-20 11:12:00,1368.9,1369.6,1368.9,1369.3,29789.0
2026-04-20 11:13:00,1369.2,1369.9,1369.2,1369.8,43580.0
2026-04-20 11:14:00,1369.5,1369.6,1368.6,1368.6,22683.0
2026-04-20 11:15:00,1368.7,1369.5,1368.6,1369.5,18220.0
2026-04-20 11:16:00,1369.5,1369.9,1369.5,1369.8,20715.0
2026-04-20 11:17:00,1369.7,1370.0,1369.7,1369.9,14868.0
2026-04-20 11:18:00,1370.0,1371.0,1369.9,1370.8,33362.0
2026-04-20 11:19:00,1370.8,1370.9,1369.3,1370.0,18543.0
2026-04-20 11:20:00,1369.9,1370.2,1369.9,1370.0,13715.0
2026-04-20 11:21:00,1370.0,1370.7,1369.9,1370.6,7852.0
2026-04-20 11:22:00,1370.6,1370.9,1370.0,1370.1,18281.0
2026-04-20 11:23:00,1370.2,1370.6,1370.2,1370.6,5800.0
2026-04-20 11:24:00,1370.4,1370.9,1370.4,1370.9,13145.0
2026-04-20 11:25:00,1370.8,1371.0,1370.8,1371.0,16131.0
2026-04-20 11:26:00,1370.9,1371.0,1370.8,1370.9,13054.0
2026-04-20 11:27:00,1370.9,1371.0,1369.8,1370.3,36421.0
2026-04-20 11:28:00,1370.2,1371.0,1370.2,1370.6,10466.0
2026-04-20 11:29:00,1370.8,1371.0,1370.7,1370.8,8243.0
2026-04-20 11:30:00,1370.8,1370.9,1370.4,1370.4,13040.0
2026-04-20 11:31:00,1370.5,1370.9,1369.2,1369.7,30301.0
2026-04-20 11:32:00,1369.6,1369.6,1369.1,1369.2,38656.0
2026-04-20 11:33:00,1369.2,1369.2,1368.0,1368.0,69916.0
2026-04-20 11:34:00,1368.0,1368.2,1367.6,1367.7,21301.0
2026-04-20 11:35:00,1367.6,1367.8,1366.8,1367.8,61060.0
2026-04-20 11:36:00,1368.0,1368.6,1367.8,1368.6,8581.0
2026-04-20 11:37:00,1368.5,1368.6,1368.5,1368.5,7014.0
2026-04-20 11:38:00,1368.6,1368.8,1368.0,1368.8,11750.0
2026-04-20 11:39:00,1368.7,1369.6,1368.7,1369.5,13359.0
2026-04-20 11:40:00,1369.4,1369.9,1369.2,1369.9,29672.0
2026-04-20 11:41:00,1369.9,1369.9,1369.2,1369.5,19924.0
2026-04-20 11:42:00,1369.5,1370.4,1369.5,1370.4,51922.0
2026-04-20 11:43:00,1370.4,1370.8,1370.3,1370.8,158475.0
2026-04-20 11:44:00,1370.7,1370.9,1370.2,1370.5,73043.0
2026-04-20 11:45:00,1370.7,1370.9,1370.5,1370.8,31736.0
2026-04-20 11:46:00,1370.9,1371.4,1370.8,1371.4,37403.0
2026-04-20 11:47:00,1371.3,1371.8,1371.3,1371.8,44287.0
2026-04-20 11:48:00,1371.8,1372.0,1371.7,1372.0,29555.0
2026-04-20 11:49:00,1371.9,1372.9,1371.9,1372.7,33713.0
2026-04-20 11:50:00,1372.9,1373.0,1372.5,1372.9,46470.0
2026-04-20 11:51:00,1372.8,1373.0,1372.2,1372.2,56058.0
2026-04-20 11:52:00,1372.3,1372.4,1371.9,1372.2,10352.0
2026-04-20 11:53:00,1372.1,1372.3,1372.0,1372.2,11604.0
2026-04-20 11:54:00,1372.1,1372.4,1372.1,1372.1,7872.0
2026-04-20 11:55:00,1372.2,1372.5,1371.4,1371.4,20005.0
2026-04-20 11:56:00,1371.4,1371.9,1371.4,1371.5,7728.0
2026-04-20 11:57:00,1371.6,1371.7,1371.5,1371.7,8536.0
2026-04-20 11:58:00,1371.5,1371.7,1371.4,1371.7,6992.0
2026-04-20 11:59:00,1371.4,1371.7,1370.4,1370.9,50618.0
2026-04-20 12:00:00,1370.9,1371.3,1370.7,1370.9,12196.0
2026-04-20 12:01:00,1370.7,1370.9,1370.6,1370.8,5873.0
2026-04-20 12:02:00,1370.8,1371.5,1370.7,1371.5,16162.0
2026-04-20 12:03:00,1371.4,1371.9,1371.4,1371.5,12105.0
2026-04-20 12:04:00,1371.6,1371.6,1371.3,1371.4,13975.0
2026-04-20 12:05:00,1371.4,1371.5,1371.1,1371.3,4668.0
2026-04-20 12:06:00,1371.3,1371.4,1371.1,1371.2,12927.0
2026-04-20 12:07:00,1371.1,1371.4,1371.0,1371.4,20811.0
2026-04-20 12:08:00,1371.4,1372.0,1371.2,1372.0,32472.0
2026-04-20 12:09:00,1371.9,1372.1,1369.8,1370.0,72903.0
2026-04-20 12:10:00,1370.0,1370.0,1368.4,1368.6,137253.0
2026-04-20 12:11:00,1368.7,1369.8,1368.7,1369.1,37901.0
2026-04-20 12:12:00,1369.1,1369.3,1368.5,1368.5,63314.0
2026-04-20 12:13:00,1368.5,1368.6,1367.6,1367.8,99365.0
2026-04-20 12:14:00,1367.8,1369.0,1367.4,1369.0,78997.0
2026-04-20 12:15:00,1368.9,1369.4,1368.6,1368.7,9128.0
2026-04-20 12:16:00,1368.7,1369.1,1368.6,1369.0,8832.0
2026-04-20 12:17:00,1368.9,1369.2,1368.9,1369.1,5853.0
2026-04-20 12:18:00,1369.2,1369.2,1368.1,1368.3,14449.0
2026-04-20 12:19:00,1368.3,1368.8,1368.3,1368.7,10437.0
2026-04-20 12:20:00,1368.8,1369.0,1368.6,1369.0,8559.0
2026-04-20 12:21:00,1368.9,1369.3,1368.9,1369.2,8812.0
2026-04-20 12:22:00,1369.1,1369.9,1369.0,1369.6,11815.0
2026-04-20 12:23:00,1369.6,1369.6,1368.8,1368.8,14311.0
2026-04-20 12:24:00,1368.7,1369.2,1368.7,1368.9,5719.0
2026-04-20 12:25:00,1369.0,1369.1,1368.9,1368.9,4104.0
2026-04-20 12:26:00,1369.0,1369.4,1368.5,1369.3,13495.0
2026-04-20 12:27:00,1369.3,1369.6,1369.3,1369.4,5302.0
2026-04-20 12:28:00,1369.3,1370.3,1369.3,1370.0,18017.0
2026-04-20 12:29:00,1370.0,1370.4,1370.0,1370.3,4726.0
2026-04-20 12:30:00,1370.5,1370.9,1370.4,1370.8,35917.0
2026-04-20 12:31:00,1370.5,1370.9,1370.0,1370.1,16435.0
2026-04-20 12:32:00,1370.0,1370.4,1370.0,1370.4,5354.0
2026-04-20 12:33:00,1370.3,1370.9,1370.3,1370.9,6140.0
2026-04-20 12:34:00,1370.8,1371.0,1370.2,1370.3,17022.0
2026-04-20 12:35:00,1370.3,1371.0,1369.1,1369.1,32042.0
2026-04-20 12:36:00,1369.2,1369.7,1367.2,1367.8,37993.0
2026-04-20 12:37:00,1367.9,1368.1,1367.8,1367.9,8235.0
2026-04-20 12:38:00,1368.0,1369.5,1368.0,1369.4,18890.0
2026-04-20 12:39:00,1369.5,1369.5,1369.0,1369.0,34307.0
2026-04-20 12:40:00,1369.0,1369.2,1368.0,1368.0,15894.0
2026-04-20 12:41:00,1368.0,1368.8,1368.0,1368.8,28758.0
2026-04-20 12:42:00,1368.7,1370.0,1368.7,1369.8,7496.0
2026-04-20 12:43:00,1369.8,1370.1,1369.4,1369.4,16355.0
2026-04-20 12:44:00,1369.5,1369.7,1369.3,1369.7,7121.0
2026-04-20 12:45:00,1369.5,1369.8,1369.5,1369.8,4613.0
2026-04-20 12:46:00,1369.8,1369.9,1369.6,1369.9,6891.0
2026-04-20 12:47:00,1369.8,1370.7,1369.8,1370.3,14541.0
2026-04-20 12:48:00,1370.4,1370.9,1370.3,1370.8,8481.0
2026-04-20 12:49:00,1370.7,1370.9,1370.5,1370.7,15624.0
2026-04-20 12:50:00,1370.6,1370.9,1370.5,1370.9,11148.0
2026-04-20 12:51:00,1371.0,1371.6,1370.9,1371.4,15850.0
2026-04-20 12:52:00,1371.5,1371.9,1370.9,1371.0,22300.0
2026-04-20 12:53:00,1371.1,1371.5,1370.9,1371.1,9392.0
2026-04-20 12:54:00,1371.2,1371.4,1371.1,1371.1,12189.0
2026-04-20 12:55:00,1371.0,1371.5,1371.0,1371.2,5931.0
2026-04-20 12:56:00,1371.2,1371.5,1371.2,1371.2,23997.0
2026-04-20 12:57:00,1370.6,1371.3,1370.5,1370.8,11392.0
2026-04-20 12:58:00,1370.9,1371.2,1370.4,1370.6,11804.0
2026-04-20 12:59:00,1370.3,1370.9,1370.0,1370.6,22013.0
2026-04-20 13:00:00,1370.3,1370.6,1367.9,1368.9,102618.0
2026-04-20 13:01:00,1369.3,1369.7,1368.6,1369.5,29819.0
2026-04-20 13:02:00,1369.5,1370.0,1369.0,1369.7,11242.0
2026-04-20 13:03:00,1369.6,1370.0,1369.1,1369.5,13952.0
2026-04-20 13:04:00,1369.4,1369.6,1369.2,1369.5,8530.0
2026-04-20 13:05:00,1369.4,1370.3,1369.3,1370.3,13477.0
2026-04-20 13:06:00,1370.0,1370.3,1369.0,1369.1,22485.0
2026-04-20 13:07:00,1369.1,1370.0,1368.7,1369.6,25139.0
2026-04-20 13:08:00,1369.3,1369.8,1369.2,1369.2,16157.0
2026-04-20 13:09:00,1369.3,1369.5,1368.9,1369.3,12911.0
2026-04-20 13:10:00,1369.1,1369.1,1368.0,1368.0,29640.0
2026-04-20 13:11:00,1368.1,1368.1,1367.1,1367.4,27416.0
2026-04-20 13:12:00,1367.3,1368.0,1367.3,1367.8,17894.0
2026-04-20 13:13:00,1367.8,1368.2,1367.5,1368.2,13730.0
2026-04-20 13:14:00,1368.2,1368.6,1367.9,1367.9,20346.0
2026-04-20 13:15:00,1368.0,1368.3,1367.3,1368.0,40953.0
2026-04-20 13:16:00,1367.8,1368.6,1367.8,1368.6,14137.0
2026-04-20 13:17:00,1368.5,1369.5,1368.5,1369.5,23667.0
2026-04-20 13:18:00,1369.6,1369.7,1368.6,1368.6,27095.0
2026-04-20 13:19:00,1368.6,1369.5,1368.2,1369.3,43592.0
2026-04-20 13:20:00,1369.3,1369.8,1369.3,1369.8,16584.0
2026-04-20 13:21:00,1369.8,1370.5,1369.7,1370.0,47347.0
2026-04-20 13:22:00,1370.1,1370.3,1368.6,1368.6,26399.0
2026-04-20 13:23:00,1368.7,1369.1,1368.0,1368.4,38847.0
2026-04-20 13:24:00,1368.2,1368.7,1368.0,1368.4,25653.0
2026-04-20 13:25:00,1368.1,1368.4,1367.5,1367.6,41277.0
2026-04-20 13:26:00,1367.5,1367.6,1366.0,1366.8,41657.0
2026-04-20 13:27:00,1366.7,1367.1,1366.5,1366.5,24302.0
2026-04-20 13:28:00,1367.0,1367.8,1366.6,1367.8,19169.0
2026-04-20 13:29:00,1367.8,1368.9,1367.6,1368.9,38316.0
2026-04-20 13:30:00,1368.9,1368.9,1368.0,1368.0,36863.0
2026-04-20 13:31:00,1368.0,1368.1,1367.0,1367.9,40645.0
2026-04-20 13:32:00,1367.4,1367.9,1366.3,1366.6,29885.0
2026-04-20 13:33:00,1366.7,1367.1,1365.5,1367.1,47984.0
2026-04-20 13:34:00,1366.9,1367.2,1366.5,1366.7,79741.0
2026-04-20 13:35:00,1366.6,1367.1,1365.7,1365.8,25447.0
2026-04-20 13:36:00,1365.8,1366.1,1363.0,1363.4,82881.0
2026-04-20 13:37:00,1363.5,1364.4,1363.2,1364.4,23918.0
2026-04-20 13:38:00,1364.5,1365.6,1364.3,1365.6,24681.0
2026-04-20 13:39:00,1365.5,1365.7,1365.0,1365.4,14138.0
2026-04-20 13:40:00,1365.5,1366.5,1365.3,1366.4,22675.0
2026-04-20 13:41:00,1366.5,1366.5,1365.4,1365.7,18515.0
2026-04-20 13:42:00,1365.7,1366.5,1365.2,1366.5,15391.0
2026-04-20 13:43:00,1366.4,1366.9,1366.2,1366.9,10727.0
2026-04-20 13:44:00,1366.8,1367.3,1366.6,1366.8,83053.0
2026-04-20 13:45:00,1366.8,1367.5,1366.4,1366.8,89095.0
2026-04-20 13:46:00,1366.8,1367.1,1366.4,1366.7,25994.0
2026-04-20 13:47:00,1366.8,1368.1,1366.6,1368.1,30845.0
2026-04-20 13:48:00,1368.1,1368.8,1367.7,1368.4,89917.0
2026-04-20 13:49:00,1368.6,1368.9,1366.1,1366.2,61675.0
2026-04-20 13:50:00,1366.1,1366.1,1364.9,1365.6,136515.0
2026-04-20 13:51:00,1365.5,1365.6,1364.2,1365.4,107215.0
2026-04-20 13:52:00,1365.4,1365.9,1363.9,1365.2,77399.0
2026-04-20 13:53:00,1365.0,1366.5,1365.0,1366.5,16342.0
2026-04-20 13:54:00,1366.4,1367.5,1366.3,1367.0,26174.0
2026-04-20 13:55:00,1367.0,1367.1,1366.2,1366.7,13431.0
2026-04-20 13:56:00,1366.6,1367.6,1366.6,1367.6,22485.0
2026-04-20 13:57:00,1367.7,1367.7,1367.4,1367.7,9050.0
2026-04-20 13:58:00,1367.6,1368.0,1367.3,1367.5,14871.0
2026-04-20 13:59:00,1367.4,1368.0,1367.3,1368.0,10066.0
2026-04-20 14:00:00,1367.9,1368.1,1367.4,1367.7,19693.0
2026-04-20 14:01:00,1367.5,1367.5,1367.0,1367.2,22698.0
2026-04-20 14:02:00,1367.4,1367.5,1366.2,1367.4,35571.0
2026-04-20 14:03:00,1367.3,1368.1,1367.1,1368.0,34352.0
2026-04-20 14:04:00,1368.1,1368.1,1367.4,1367.7,22007.0
2026-04-20 14:05:00,1367.7,1367.8,1366.5,1367.0,27445.0
2026-04-20 14:06:00,1367.2,1367.2,1366.4,1366.9,13622.0
2026-04-20 14:07:00,1366.7,1366.9,1365.9,1365.9,20334.0
2026-04-20 14:08:00,1365.9,1366.8,1365.9,1366.7,9503.0
2026-04-20 14:09:00,1366.6,1366.7,1366.4,1366.6,8386.0
2026-04-20 14:10:00,1366.6,1367.0,1366.6,1366.9,7063.0
2026-04-20 14:11:00,1367.0,1367.3,1366.0,1366.4,22290.0
2026-04-20 14:12:00,1366.3,1366.5,1365.6,1366.2,21268.0
2026-04-20 14:13:00,1366.1,1366.4,1366.0,1366.1,19148.0
2026-04-20 14:14:00,1366.2,1366.4,1366.0,1366.4,7593.0
2026-04-20 14:15:00,1366.2,1366.4,1366.1,1366.4,12102.0
2026-04-20 14:16:00,1366.3,1366.4,1366.1,1366.3,13665.0
2026-04-20 14:17:00,1366.3,1366.5,1366.1,1366.1,26929.0
2026-04-20 14:18:00,1366.1,1366.4,1366.1,1366.2,39745.0
2026-04-20 14:19:00,1366.2,1366.3,1365.1,1365.9,40829.0
2026-04-20 14:20:00,1365.9,1366.8,1365.8,1366.8,20232.0
2026-04-20 14:21:00,1366.7,1367.4,1366.5,1367.1,44867.0
2026-04-20 14:22:00,1367.0,1367.3,1366.6,1367.3,18821.0
2026-04-20 14:23:00,1367.3,1367.7,1366.8,1367.3,27042.0
2026-04-20 14:24:00,1367.2,1368.3,1367.1,1367.8,27247.0
2026-04-20 14:25:00,1367.9,1368.6,1367.7,1368.4,16799.0
2026-04-20 14:26:00,1368.4,1368.9,1367.8,1368.8,34595.0
2026-04-20 14:27:00,1368.6,1369.9,1368.5,1369.9,44440.0
2026-04-20 14:28:00,1369.8,1370.7,1369.7,1370.1,110452.0
2026-04-20 14:29:00,1370.0,1370.5,1369.6,1370.1,64389.0
2026-04-20 14:30:00,1370.0,1370.3,1369.7,1370.1,26557.0
2026-04-20 14:31:00,1370.0,1370.1,1368.1,1369.0,87039.0
2026-04-20 14:32:00,1368.8,1369.4,1368.0,1369.4,80708.0
2026-04-20 14:33:00,1369.3,1369.9,1369.1,1369.8,39672.0
2026-04-20 14:34:00,1370.0,1370.2,1369.5,1369.9,121536.0
2026-04-20 14:35:00,1370.0,1370.6,1369.6,1369.7,142520.0
2026-04-20 14:36:00,1369.5,1370.6,1369.5,1370.5,83821.0
2026-04-20 14:37:00,1370.3,1370.6,1369.0,1369.2,46950.0
2026-04-20 14:38:00,1369.2,1369.2,1368.0,1368.0,29547.0
2026-04-20 14:39:00,1368.1,1368.4,1367.2,1368.0,117100.0
2026-04-20 14:40:00,1368.0,1368.0,1366.7,1367.9,128273.0
2026-04-20 14:41:00,1367.6,1367.9,1367.6,1367.8,12569.0
2026-04-20 14:42:00,1367.8,1367.9,1366.7,1367.4,122928.0
2026-04-20 14:43:00,1367.5,1367.5,1366.6,1366.7,57990.0
2026-04-20 14:44:00,1367.0,1368.0,1366.6,1367.8,53263.0
2026-04-20 14:45:00,1367.9,1368.2,1366.0,1366.5,87728.0
2026-04-20 14:46:00,1366.6,1367.1,1365.1,1366.4,56597.0
2026-04-20 14:47:00,1366.6,1366.6,1366.2,1366.3,48677.0
2026-04-20 14:48:00,1366.2,1366.6,1366.2,1366.4,39075.0
2026-04-20 14:49:00,1366.5,1366.8,1366.3,1366.8,23055.0
2026-04-20 14:50:00,1366.8,1367.0,1366.6,1367.0,18496.0
2026-04-20 14:51:00,1366.9,1366.9,1366.0,1366.0,31473.0
2026-04-20 14:52:00,1366.0,1366.1,1365.3,1365.5,27412.0
2026-04-20 14:53:00,1365.6,1365.9,1365.1,1365.7,11577.0
2026-04-20 14:54:00,1365.8,1365.8,1365.3,1365.4,13220.0
2026-04-20 14:55:00,1365.4,1365.9,1365.0,1365.1,39538.0
2026-04-20 14:56:00,1365.2,1366.1,1365.1,1366.1,57194.0
2026-04-20 14:57:00,1365.7,1366.6,1365.3,1365.4,59828.0
2026-04-20 14:58:00,1365.5,1365.9,1365.4,1365.5,19621.0
2026-04-20 14:59:00,1365.3,1365.5,1365.0,1365.2,38555.0
2026-04-20 15:00:00,1365.2,1366.9,1365.2,1366.5,64357.0
2026-04-20 15:01:00,1366.5,1366.5,1366.2,1366.4,21019.0
2026-04-20 15:02:00,1366.3,1366.4,1365.4,1365.7,40159.0
2026-04-20 15:03:00,1365.6,1365.7,1365.4,1365.7,37845.0
2026-04-20 15:04:00,1365.6,1365.7,1365.4,1365.5,24896.0
2026-04-20 15:05:00,1365.5,1365.5,1365.3,1365.3,24826.0
2026-04-20 15:06:00,1365.2,1365.6,1364.0,1364.0,173919.0
2026-04-20 15:07:00,1364.1,1364.5,1363.8,1364.0,63571.0
2026-04-20 15:08:00,1364.3,1364.4,1362.7,1363.6,129454.0
2026-04-20 15:09:00,1363.6,1364.5,1363.6,1363.9,118466.0
2026-04-20 15:10:00,1364.1,1364.5,1363.4,1364.0,63046.0
2026-04-20 15:11:00,1363.9,1364.3,1363.7,1364.1,23648.0
2026-04-20 15:12:00,1364.2,1364.2,1363.8,1364.0,26293.0
2026-04-20 15:13:00,1364.2,1364.2,1363.9,1364.1,30423.0
2026-04-20 15:14:00,1364.0,1364.3,1364.0,1364.0,30506.0
2026-04-20 15:15:00,1364.0,1364.2,1363.7,1364.2,82326.0
2026-04-20 15:16:00,1364.2,1364.6,1364.0,1364.0,74895.0
2026-04-20 15:17:00,1364.1,1364.4,1363.5,1363.9,62457.0
2026-04-20 15:18:00,1363.9,1364.0,1362.1,1362.1,82698.0
2026-04-20 15:19:00,1362.1,1363.4,1361.7,1361.7,124873.0
2026-04-20 15:20:00,1361.9,1363.0,1360.5,1361.8,128112.0
2026-04-20 15:21:00,1361.7,1361.9,1361.0,1361.2,72877.0
2026-04-20 15:22:00,1361.3,1361.8,1361.1,1361.7,57149.0
2026-04-20 15:23:00,1361.5,1362.7,1361.1,1361.4,137652.0
2026-04-20 15:24:00,1361.5,1361.9,1360.3,1361.3,81707.0
2026-04-20 15:25:00,1361.2,1362.6,1361.0,1361.0,96826.0
2026-04-20 15:26:00,1362.1,1362.9,1361.1,1362.0,61935.0
2026-04-20 15:27:00,1362.0,1362.6,1361.2,1362.6,49474.0
2026-04-20 15:28:00,1362.1,1363.1,1360.1,1361.4,52007.0
2026-04-20 15:29:00,1360.7,1362.9,1360.1,1362.9,14417.0
2026-04-21 09:15:00,1359.0,1367.7,1359.0,1366.8,225849.0
2026-04-21 09:16:00,1366.9,1366.9,1364.6,1364.7,141159.0
2026-04-21 09:17:00,1364.3,1365.4,1362.5,1364.5,113892.0
2026-04-21 09:18:00,1364.4,1365.5,1363.9,1364.0,49660.0
2026-04-21 09:19:00,1364.1,1365.3,1364.1,1364.8,53932.0
2026-04-21 09:20:00,1365.0,1366.7,1364.0,1364.0,46881.0
2026-04-21 09:21:00,1364.3,1364.5,1363.1,1363.1,40347.0
2026-04-21 09:22:00,1363.1,1363.3,1362.3,1363.1,41406.0
2026-04-21 09:23:00,1363.3,1364.4,1363.3,1364.0,32392.0
2026-04-21 09:24:00,1363.5,1364.0,1363.4,1363.7,13507.0
2026-04-21 09:25:00,1363.9,1364.0,1363.0,1363.3,35345.0
2026-04-21 09:26:00,1363.6,1363.8,1363.1,1363.7,10050.0
2026-04-21 09:27:00,1363.8,1363.8,1362.5,1362.5,37354.0
2026-04-21 09:28:00,1362.8,1362.8,1362.2,1362.4,12783.0
2026-04-21 09:29:00,1362.4,1362.6,1361.0,1361.2,42421.0
2026-04-21 09:30:00,1361.2,1361.5,1359.0,1359.5,100888.0
2026-04-21 09:31:00,1359.5,1360.5,1359.5,1360.5,45992.0
2026-04-21 09:32:00,1360.4,1361.0,1360.0,1360.3,38004.0
2026-04-21 09:33:00,1360.5,1360.5,1359.8,1360.0,56922.0
2026-04-21 09:34:00,1360.0,1361.2,1359.9,1361.2,22875.0
2026-04-21 09:35:00,1361.2,1362.0,1361.2,1361.6,33627.0
2026-04-21 09:36:00,1361.8,1361.9,1360.3,1361.7,56700.0
2026-04-21 09:37:00,1361.6,1361.9,1361.6,1361.8,19411.0
2026-04-21 09:38:00,1361.5,1361.8,1361.0,1361.0,20248.0
2026-04-21 09:39:00,1361.3,1361.4,1360.8,1361.1,13135.0
2026-04-21 09:40:00,1361.1,1361.3,1360.8,1361.0,17957.0
2026-04-21 09:41:00,1361.0,1361.2,1360.5,1360.8,20121.0
2026-04-21 09:42:00,1360.9,1361.1,1360.7,1360.9,13311.0
2026-04-21 09:43:00,1360.9,1360.9,1359.1,1359.2,59292.0
2026-04-21 09:44:00,1359.6,1360.6,1359.4,1360.6,30787.0
2026-04-21 09:45:00,1360.6,1362.4,1360.5,1362.0,60082.0
2026-04-21 09:46:00,1362.0,1362.9,1361.0,1362.2,88663.0
2026-04-21 09:47:00,1362.0,1362.5,1361.5,1361.7,30446.0
2026-04-21 09:48:00,1362.0,1363.2,1361.5,1361.9,57458.0
2026-04-21 09:49:00,1361.5,1362.3,1361.5,1362.3,17445.0
2026-04-21 09:50:00,1362.3,1363.0,1362.2,1363.0,29638.0
2026-04-21 09:51:00,1363.0,1363.0,1362.4,1362.9,24208.0
2026-04-21 09:52:00,1362.8,1363.0,1362.5,1362.8,15106.0
2026-04-21 09:53:00,1362.8,1362.8,1362.5,1362.5,12280.0
2026-04-21 09:54:00,1362.7,1363.0,1361.6,1362.9,34393.0
2026-04-21 09:55:00,1362.7,1363.0,1362.0,1362.3,15610.0
2026-04-21 09:56:00,1362.3,1362.7,1362.3,1362.5,11388.0
2026-04-21 09:57:00,1362.6,1363.0,1362.5,1362.6,42910.0
2026-04-21 09:58:00,1363.0,1363.0,1361.3,1362.0,73502.0
2026-04-21 09:59:00,1362.0,1362.0,1361.4,1362.0,22823.0
2026-04-21 10:00:00,1362.0,1363.2,1361.7,1363.1,52373.0
2026-04-21 10:01:00,1363.1,1363.2,1362.8,1362.9,16999.0
2026-04-21 10:02:00,1362.9,1363.2,1362.8,1363.2,20894.0
2026-04-21 10:03:00,1363.3,1364.0,1363.0,1364.0,31384.0
2026-04-21 10:04:00,1364.0,1364.7,1363.4,1364.0,79113.0
2026-04-21 10:05:00,1364.1,1364.4,1362.9,1363.7,93571.0
2026-04-21 10:06:00,1363.7,1363.7,1363.3,1363.4,14811.0
2026-04-21 10:07:00,1363.4,1363.8,1363.1,1363.6,16116.0
2026-04-21 10:08:00,1363.4,1364.0,1363.4,1363.9,23620.0
2026-04-21 10:09:00,1363.8,1363.9,1363.3,1363.9,22452.0
2026-04-21 10:10:00,1363.9,1363.9,1363.0,1363.5,19302.0
2026-04-21 10:11:00,1363.5,1363.6,1362.7,1362.9,16423.0
2026-04-21 10:12:00,1362.7,1363.1,1362.5,1363.1,15498.0
2026-04-21 10:13:00,1363.1,1363.5,1363.0,1363.4,25183.0
2026-04-21 10:14:00,1363.4,1363.6,1363.3,1363.3,18799.0
2026-04-21 10:15:00,1363.5,1364.0,1363.3,1363.5,32350.0
2026-04-21 10:16:00,1363.8,1364.0,1363.5,1363.7,29237.0
2026-04-21 10:17:00,1363.7,1363.7,1363.0,1363.5,26793.0
2026-04-21 10:18:00,1363.5,1363.5,1363.0,1363.4,9383.0
2026-04-21 10:19:00,1363.4,1363.4,1363.0,1363.2,11539.0
2026-04-21 10:20:00,1363.2,1363.2,1362.5,1362.9,19809.0
2026-04-21 10:21:00,1362.9,1363.0,1362.4,1363.0,23344.0
2026-04-21 10:22:00,1362.0,1362.0,1361.0,1361.0,140159.0
2026-04-21 10:23:00,1361.0,1361.4,1361.0,1361.4,21256.0
2026-04-21 10:24:00,1361.4,1361.4,1360.4,1360.9,40269.0
2026-04-21 10:25:00,1360.9,1360.9,1360.4,1360.6,30910.0
2026-04-21 10:26:00,1360.5,1360.9,1360.4,1360.8,17941.0
2026-04-21 10:27:00,1361.0,1361.3,1360.8,1361.0,22103.0
2026-04-21 10:28:00,1360.9,1361.0,1360.5,1360.9,15849.0
2026-04-21 10:29:00,1360.9,1361.6,1360.5,1361.6,16865.0
2026-04-21 10:30:00,1361.5,1361.7,1360.8,1361.5,46920.0
2026-04-21 10:31:00,1361.5,1361.9,1360.8,1361.8,29781.0
2026-04-21 10:32:00,1361.8,1361.8,1360.4,1360.9,52565.0
2026-04-21 10:33:00,1360.6,1361.7,1360.6,1361.7,24339.0
2026-04-21 10:34:00,1361.7,1362.3,1361.4,1362.3,20437.0
2026-04-21 10:35:00,1362.2,1362.9,1361.7,1362.3,61771.0
2026-04-21 10:36:00,1362.6,1362.9,1362.3,1362.4,29166.0
2026-04-21 10:37:00,1362.5,1362.5,1362.0,1362.3,11066.0
2026-04-21 10:38:00,1362.3,1362.4,1362.0,1362.3,17400.0
2026-04-21 10:39:00,1362.5,1362.7,1362.2,1362.7,15684.0
2026-04-21 10:40:00,1362.6,1363.0,1362.5,1363.0,13657.0
2026-04-21 10:41:00,1363.0,1363.0,1362.0,1362.4,18311.0
2026-04-21 10:42:00,1362.5,1362.5,1362.0,1362.2,19579.0
2026-04-21 10:43:00,1362.2,1362.5,1362.1,1362.5,15489.0
2026-04-21 10:44:00,1362.5,1362.9,1362.2,1362.5,17517.0
2026-04-21 10:45:00,1362.2,1362.5,1362.0,1362.4,15878.0
2026-04-21 10:46:00,1362.4,1362.4,1361.7,1362.0,20470.0
2026-04-21 10:47:00,1361.7,1362.0,1361.5,1361.7,16488.0
2026-04-21 10:48:00,1361.6,1361.8,1361.1,1361.4,37944.0
2026-04-21 10:49:00,1361.0,1361.6,1361.0,1361.3,16211.0
2026-04-21 10:50:00,1361.3,1361.6,1361.2,1361.6,12096.0
2026-04-21 10:51:00,1361.4,1362.5,1361.4,1362.5,31266.0
2026-04-21 10:52:00,1362.5,1362.9,1362.5,1362.9,22560.0
2026-04-21 10:53:00,1362.9,1363.5,1362.7,1363.5,51558.0
2026-04-21 10:54:00,1363.4,1363.9,1362.6,1363.9,96938.0
2026-04-21 10:55:00,1363.9,1364.8,1363.6,1364.7,82157.0
2026-04-21 10:56:00,1364.2,1364.8,1364.0,1364.5,34157.0
2026-04-21 10:57:00,1364.3,1364.5,1363.8,1364.0,22550.0
2026-04-21 10:58:00,1364.0,1365.6,1364.0,1365.2,146062.0
2026-04-21 10:59:00,1365.8,1367.0,1365.4,1367.0,109281.0
2026-04-21 11:00:00,1366.9,1369.0,1366.9,1368.5,86740.0
2026-04-21 11:01:00,1368.5,1368.9,1367.0,1367.1,63679.0
2026-04-21 11:02:00,1367.1,1368.1,1366.6,1367.6,24663.0
2026-04-21 11:03:00,1367.6,1368.5,1367.6,1368.0,28001.0
2026-04-21 11:04:00,1368.2,1368.6,1367.4,1368.2,20095.0
2026-04-21 11:05:00,1368.0,1368.4,1367.2,1368.2,44930.0
2026-04-21 11:06:00,1368.4,1369.3,1368.0,1369.3,87870.0
2026-04-21 11:07:00,1368.9,1369.8,1368.9,1369.5,27068.0
2026-04-21 11:08:00,1369.4,1369.4,1368.2,1368.6,146895.0
2026-04-21 11:09:00,1368.6,1369.0,1367.0,1367.1,70426.0
2026-04-21 11:10:00,1367.2,1367.4,1366.3,1366.5,36721.0
2026-04-21 11:11:00,1366.7,1367.0,1366.0,1366.4,35935.0
2026-04-21 11:12:00,1366.2,1366.7,1366.0,1366.0,27875.0
2026-04-21 11:13:00,1366.1,1366.5,1365.8,1366.0,23360.0
2026-04-21 11:14:00,1366.7,1367.0,1366.4,1367.0,10327.0
2026-04-21 11:15:00,1366.8,1367.0,1366.6,1366.6,9539.0
2026-04-21 11:16:00,1366.6,1367.0,1365.7,1365.7,41899.0
2026-04-21 11:17:00,1365.9,1366.7,1365.4,1366.5,27413.0
2026-04-21 11:18:00,1366.5,1366.5,1365.6,1366.0,57981.0
2026-04-21 11:19:00,1365.8,1366.5,1365.7,1366.5,10355.0
2026-04-21 11:20:00,1366.5,1366.5,1365.5,1365.8,31863.0
2026-04-21 11:21:00,1365.5,1366.5,1365.4,1365.4,27950.0
2026-04-21 11:22:00,1365.1,1365.2,1364.3,1364.8,22990.0
2026-04-21 11:23:00,1364.8,1365.0,1364.5,1364.7,7968.0
2026-04-21 11:24:00,1365.0,1365.0,1364.5,1364.6,11728.0
2026-04-21 11:25:00,1365.0,1365.0,1364.0,1364.1,28317.0
2026-04-21 11:26:00,1364.1,1364.1,1362.6,1362.6,52530.0
2026-04-21 11:27:00,1362.7,1363.0,1362.0,1362.0,52234.0
2026-04-21 11:28:00,1361.9,1361.9,1361.2,1361.6,47230.0
2026-04-21 11:29:00,1361.9,1361.9,1361.4,1361.6,29459.0
2026-04-21 11:30:00,1361.3,1361.6,1360.9,1361.1,45396.0
2026-04-21 11:31:00,1361.0,1361.2,1360.6,1360.6,35101.0
2026-04-21 11:32:00,1360.6,1361.0,1360.3,1360.4,44126.0
2026-04-21 11:33:00,1360.4,1360.5,1359.3,1359.3,143043.0
2026-04-21 11:34:00,1359.3,1360.0,1359.3,1359.6,74402.0
2026-04-21 11:35:00,1359.6,1359.6,1359.0,1359.0,57314.0
2026-04-21 11:36:00,1359.0,1360.0,1359.0,1359.7,60641.0
2026-04-21 11:37:00,1360.0,1360.0,1359.2,1359.2,42674.0
2026-04-21 11:38:00,1359.3,1359.3,1359.1,1359.2,28818.0
2026-04-21 11:39:00,1359.3,1359.4,1358.4,1358.7,96924.0
2026-04-21 11:40:00,1358.9,1358.9,1358.0,1358.7,98667.0
2026-04-21 11:41:00,1358.7,1359.0,1358.1,1358.2,70890.0
2026-04-21 11:42:00,1358.2,1358.2,1357.4,1358.0,103176.0
2026-04-21 11:43:00,1358.0,1359.5,1358.0,1359.5,28081.0
2026-04-21 11:44:00,1359.5,1360.6,1359.4,1360.4,35204.0
2026-04-21 11:45:00,1360.4,1361.0,1360.4,1360.9,24006.0
2026-04-21 11:46:00,1361.0,1362.4,1360.9,1362.0,63150.0
2026-04-21 11:47:00,1362.1,1362.6,1361.9,1362.1,71471.0
2026-04-21 11:48:00,1362.2,1362.2,1359.3,1359.9,229388.0
2026-04-21 11:49:00,1359.9,1360.1,1358.2,1358.3,82278.0
2026-04-21 11:50:00,1358.3,1358.9,1358.3,1358.5,18615.0
2026-04-21 11:51:00,1358.9,1360.0,1358.5,1359.3,15005.0
2026-04-21 11:52:00,1359.4,1359.7,1359.3,1359.5,20874.0
2026-04-21 11:53:00,1359.5,1359.5,1359.2,1359.2,8564.0
2026-04-21 11:54:00,1359.4,1359.9,1359.2,1359.5,12943.0
2026-04-21 11:55:00,1359.6,1359.9,1359.0,1359.6,19498.0
2026-04-21 11:56:00,1359.9,1360.8,1359.6,1360.8,16431.0
2026-04-21 11:57:00,1360.8,1360.8,1359.5,1359.9,31041.0
2026-04-21 11:58:00,1359.9,1360.2,1359.7,1359.8,10237.0
2026-04-21 11:59:00,1359.8,1360.1,1359.6,1359.9,13736.0
2026-04-21 12:00:00,1360.0,1360.4,1359.7,1360.3,18984.0
2026-04-21 12:01:00,1360.4,1360.8,1360.2,1360.5,13375.0
2026-04-21 12:02:00,1360.6,1360.8,1359.8,1359.8,152312.0
2026-04-21 12:03:00,1359.8,1360.6,1359.6,1359.8,59770.0
2026-04-21 12:04:00,1359.8,1360.0,1359.6,1359.9,16377.0
2026-04-21 12:05:00,1360.0,1360.0,1359.2,1359.2,19344.0
2026-04-21 12:06:00,1359.2,1359.5,1358.5,1359.1,40120.0
2026-04-21 12:07:00,1359.2,1359.7,1358.9,1359.0,23682.0
2026-04-21 12:08:00,1359.1,1360.0,1359.1,1359.4,27693.0
2026-04-21 12:09:00,1359.4,1359.9,1359.3,1359.4,35863.0
2026-04-21 12:10:00,1359.4,1360.2,1359.4,1360.0,17799.0
2026-04-21 12:11:00,1359.9,1360.2,1359.5,1359.5,23379.0
2026-04-21 12:12:00,1359.7,1360.5,1359.7,1360.1,24526.0
2026-04-21 12:13:00,1360.4,1360.7,1359.3,1360.6,183163.0
2026-04-21 12:14:00,1360.7,1360.8,1359.1,1359.2,99209.0
2026-04-21 12:15:00,1359.2,1359.8,1358.5,1358.5,41774.0
2026-04-21 12:16:00,1358.5,1358.5,1358.0,1358.1,49738.0
2026-04-21 12:17:00,1358.3,1358.4,1358.0,1358.3,40564.0
2026-04-21 12:18:00,1358.3,1358.6,1358.1,1358.5,19484.0
2026-04-21 12:19:00,1358.6,1359.9,1358.5,1359.7,53879.0
2026-04-21 12:20:00,1359.8,1359.8,1358.5,1359.0,47934.0
2026-04-21 12:21:00,1359.3,1359.8,1358.9,1358.9,35265.0
2026-04-21 12:22:00,1359.1,1360.0,1358.9,1359.4,68868.0
2026-04-21 12:23:00,1359.6,1359.6,1358.9,1359.0,35361.0
2026-04-21 12:24:00,1358.9,1359.3,1358.1,1358.3,80114.0
2026-04-21 12:25:00,1358.3,1358.6,1358.1,1358.5,26080.0
2026-04-21 12:26:00,1358.6,1359.2,1358.5,1359.2,19776.0
2026-04-21 12:27:00,1359.2,1359.2,1358.1,1358.1,33120.0
2026-04-21 12:28:00,1358.6,1358.6,1356.6,1357.4,175065.0
2026-04-21 12:29:00,1357.6,1357.7,1356.8,1357.2,66087.0
2026-04-21 12:30:00,1357.1,1357.8,1357.1,1357.6,60223.0
2026-04-21 12:31:00,1357.7,1358.3,1357.5,1358.1,53649.0
2026-04-21 12:32:00,1358.2,1358.6,1358.1,1358.5,131438.0
2026-04-21 12:33:00,1358.5,1359.0,1358.1,1358.2,147230.0
2026-04-21 12:34:00,1358.0,1358.1,1357.6,1358.0,48092.0
2026-04-21 12:35:00,1358.0,1359.0,1358.0,1358.9,38176.0
2026-04-21 12:36:00,1359.0,1359.0,1358.9,1358.9,28747.0
2026-04-21 12:37:00,1359.0,1359.1,1358.5,1358.8,79567.0
2026-04-21 12:38:00,1359.0,1359.0,1357.6,1358.2,67232.0
2026-04-21 12:39:00,1358.3,1358.3,1357.2,1357.6,57535.0
2026-04-21 12:40:00,1357.7,1357.7,1356.5,1356.8,78455.0
2026-04-21 12:41:00,1356.9,1356.9,1355.9,1355.9,101416.0
2026-04-21 12:42:00,1355.9,1356.2,1355.6,1356.0,125599.0
2026-04-21 12:43:00,1356.0,1356.8,1355.5,1356.8,138276.0
2026-04-21 12:44:00,1356.7,1356.8,1356.5,1356.6,23621.0
2026-04-21 12:45:00,1356.6,1356.7,1356.2,1356.4,18039.0
2026-04-21 12:46:00,1356.4,1356.7,1356.3,1356.5,12785.0
2026-04-21 12:47:00,1356.6,1356.6,1356.2,1356.5,22854.0
2026-04-21 12:48:00,1356.4,1356.5,1355.8,1355.9,39619.0
2026-04-21 12:49:00,1356.0,1356.7,1355.9,1356.4,32265.0
2026-04-21 12:50:00,1356.5,1356.7,1355.4,1355.6,185917.0
2026-04-21 12:51:00,1355.7,1355.8,1355.2,1355.5,68329.0
2026-04-21 12:52:00,1355.3,1355.9,1355.3,1355.9,42159.0
2026-04-21 12:53:00,1355.9,1356.9,1355.1,1356.4,126317.0
2026-04-21 12:54:00,1356.7,1356.7,1355.4,1356.2,70252.0
2026-04-21 12:55:00,1356.2,1357.1,1356.2,1357.0,27688.0
2026-04-21 12:56:00,1357.1,1357.3,1356.9,1357.2,19894.0
2026-04-21 12:57:00,1357.4,1357.8,1356.1,1356.3,118950.0
2026-04-21 12:58:00,1356.7,1357.2,1356.5,1357.0,30914.0
2026-04-21 12:59:00,1357.0,1357.1,1356.7,1357.0,11401.0
2026-04-21 13:00:00,1356.9,1357.3,1355.8,1356.0,137750.0
2026-04-21 13:01:00,1356.1,1356.5,1355.7,1356.0,83864.0
2026-04-21 13:02:00,1356.0,1356.3,1356.0,1356.1,9105.0
2026-04-21 13:03:00,1356.2,1356.2,1355.6,1355.9,16260.0
2026-04-21 13:04:00,1355.9,1355.9,1355.6,1355.6,12193.0
2026-04-21 13:05:00,1355.6,1356.0,1355.2,1355.6,746979.0
2026-04-21 13:06:00,1355.6,1356.1,1355.5,1355.9,80432.0
2026-04-21 13:07:00,1355.5,1355.7,1354.5,1354.9,159820.0
2026-04-21 13:08:00,1354.9,1355.0,1354.7,1354.9,15942.0
2026-04-21 13:09:00,1354.9,1355.2,1354.8,1355.2,12746.0
2026-04-21 13:10:00,1355.2,1355.3,1354.2,1354.7,31488.0
2026-04-21 13:11:00,1354.6,1354.8,1354.4,1354.7,26707.0
2026-04-21 13:12:00,1354.9,1355.3,1354.5,1355.0,70525.0
2026-04-21 13:13:00,1355.0,1355.0,1354.6,1354.7,18648.0
2026-04-21 13:14:00,1354.8,1354.9,1354.7,1354.8,29688.0
2026-04-21 13:15:00,1354.9,1355.6,1354.8,1355.2,35925.0
2026-04-21 13:16:00,1355.4,1356.2,1355.2,1355.3,37656.0
2026-04-21 13:17:00,1355.3,1355.6,1353.6,1353.6,84147.0
2026-04-21 13:18:00,1353.8,1353.8,1352.5,1352.8,59497.0
2026-04-21 13:19:00,1352.9,1353.0,1352.3,1352.9,50633.0
2026-04-21 13:20:00,1352.7,1353.8,1352.4,1353.6,73863.0
2026-04-21 13:21:00,1353.8,1354.0,1353.0,1353.5,56218.0
2026-04-21 13:22:00,1353.4,1353.6,1353.0,1353.2,55461.0
2026-04-21 13:23:00,1353.2,1353.5,1352.7,1352.9,107293.0
2026-04-21 13:24:00,1353.2,1353.8,1353.0,1353.8,36816.0
2026-04-21 13:25:00,1353.9,1354.0,1353.2,1353.3,22408.0
2026-04-21 13:26:00,1353.5,1353.6,1352.8,1353.2,94408.0
2026-04-21 13:27:00,1353.2,1354.5,1353.0,1354.2,245436.0
2026-04-21 13:28:00,1354.2,1355.0,1353.6,1355.0,50135.0
2026-04-21 13:29:00,1355.1,1355.3,1354.7,1355.2,39103.0
2026-04-21 13:30:00,1355.3,1355.8,1354.7,1355.5,74508.0
2026-04-21 13:31:00,1355.5,1356.5,1355.5,1356.1,92382.0
2026-04-21 13:32:00,1356.1,1356.8,1355.7,1356.1,46250.0
2026-04-21 13:33:00,1356.0,1356.4,1355.8,1356.4,22124.0
2026-04-21 13:34:00,1356.4,1356.5,1355.8,1356.0,48441.0
2026-04-21 13:35:00,1356.2,1356.7,1355.5,1355.9,91524.0
2026-04-21 13:36:00,1355.9,1356.2,1355.4,1355.5,24286.0
2026-04-21 13:37:00,1355.7,1355.9,1355.2,1355.3,23869.0
2026-04-21 13:38:00,1355.5,1355.5,1355.0,1355.0,27269.0
2026-04-21 13:39:00,1355.1,1355.3,1353.7,1355.1,164873.0
2026-04-21 13:40:00,1355.1,1355.3,1354.4,1354.8,42999.0
2026-04-21 13:41:00,1354.9,1355.3,1354.3,1354.8,57694.0
2026-04-21 13:42:00,1354.8,1354.8,1353.5,1353.6,86162.0
2026-04-21 13:43:00,1353.7,1354.1,1353.1,1353.5,41627.0
2026-04-21 13:44:00,1353.6,1353.6,1353.0,1353.5,46043.0
2026-04-21 13:45:00,1353.5,1354.1,1352.6,1353.3,110169.0
2026-04-21 13:46:00,1353.3,1354.1,1352.8,1353.0,119817.0
2026-04-21 13:47:00,1353.0,1354.1,1352.7,1352.8,72173.0
2026-04-21 13:48:00,1352.8,1353.1,1352.0,1352.6,100482.0
2026-04-21 13:49:00,1352.7,1353.0,1352.3,1352.3,58107.0
2026-04-21 13:50:00,1352.7,1353.7,1352.6,1353.2,55003.0
2026-04-21 13:51:00,1353.3,1354.1,1353.2,1353.9,31609.0
2026-04-21 13:52:00,1354.2,1354.5,1353.7,1354.3,29452.0
2026-04-21 13:53:00,1354.4,1354.5,1353.9,1353.9,44208.0
2026-04-21 13:54:00,1354.1,1354.1,1353.2,1353.5,39426.0
2026-04-21 13:55:00,1353.3,1354.4,1353.3,1353.9,50947.0
2026-04-21 13:56:00,1353.9,1354.4,1353.9,1354.3,45352.0
2026-04-21 13:57:00,1354.3,1354.5,1354.2,1354.2,32840.0
2026-04-21 13:58:00,1354.3,1354.9,1354.2,1354.3,67097.0
2026-04-21 13:59:00,1354.3,1354.3,1353.4,1353.9,104951.0
2026-04-21 14:00:00,1353.9,1353.9,1353.0,1353.6,175441.0
2026-04-21 14:01:00,1353.5,1354.5,1353.2,1353.3,201772.0
2026-04-21 14:02:00,1353.2,1353.3,1351.7,1352.3,209166.0
2026-04-21 14:03:00,1352.3,1353.6,1351.2,1353.5,175848.0
2026-04-21 14:04:00,1353.2,1353.5,1352.4,1352.7,117208.0
2026-04-21 14:05:00,1352.7,1353.6,1352.6,1353.2,45933.0
2026-04-21 14:06:00,1353.4,1353.5,1352.8,1352.8,38879.0
2026-04-21 14:07:00,1352.9,1353.0,1352.5,1352.7,34257.0
2026-04-21 14:08:00,1352.9,1353.3,1352.5,1352.7,31900.0
2026-04-21 14:09:00,1352.8,1353.2,1352.6,1352.8,33277.0
2026-04-21 14:10:00,1352.8,1353.6,1352.6,1352.6,86982.0
2026-04-21 14:11:00,1352.3,1353.0,1352.1,1352.6,81209.0
2026-04-21 14:12:00,1353.0,1353.1,1352.4,1352.9,31596.0
2026-04-21 14:13:00,1352.8,1353.2,1352.5,1352.5,33350.0
2026-04-21 14:14:00,1352.7,1352.7,1352.1,1352.1,39962.0
2026-04-21 14:15:00,1352.1,1352.2,1351.4,1351.7,65943.0
2026-04-21 14:16:00,1351.8,1352.7,1351.8,1352.4,138581.0
2026-04-21 14:17:00,1352.3,1353.8,1352.2,1352.8,90537.0
2026-04-21 14:18:00,1352.8,1354.8,1352.8,1354.8,157319.0
2026-04-21 14:19:00,1354.8,1355.0,1353.0,1353.4,185844.0
2026-04-21 14:20:00,1353.8,1355.0,1353.6,1354.2,36327.0
2026-04-21 14:21:00,1354.3,1354.6,1353.5,1354.0,32720.0
2026-04-21 14:22:00,1354.1,1355.5,1354.0,1355.3,69932.0
2026-04-21 14:23:00,1355.4,1355.5,1354.5,1354.5,47701.0
2026-04-21 14:24:00,1354.7,1355.0,1354.3,1354.9,51480.0
2026-04-21 14:25:00,1354.9,1355.9,1354.5,1355.9,136403.0
2026-04-21 14:26:00,1355.9,1355.9,1354.7,1355.8,155800.0
2026-04-21 14:27:00,1355.6,1355.8,1355.0,1355.0,31164.0
2026-04-21 14:28:00,1355.2,1355.8,1355.0,1355.6,38812.0
2026-04-21 14:29:00,1355.7,1355.7,1355.2,1355.6,34354.0
2026-04-21 14:30:00,1355.7,1356.2,1355.5,1355.7,69549.0
2026-04-21 14:31:00,1355.7,1356.0,1355.5,1355.9,38805.0
2026-04-21 14:32:00,1355.9,1356.2,1355.9,1356.0,40970.0
2026-04-21 14:33:00,1356.1,1356.4,1356.1,1356.1,36812.0
2026-04-21 14:34:00,1356.2,1356.2,1355.8,1355.8,39994.0
2026-04-21 14:35:00,1355.9,1356.2,1355.7,1356.0,59866.0
2026-04-21 14:36:00,1356.1,1356.4,1355.6,1355.7,62102.0
2026-04-21 14:37:00,1355.7,1356.3,1355.7,1356.1,41306.0
2026-04-21 14:38:00,1356.2,1356.2,1355.6,1356.0,44789.0
2026-04-21 14:39:00,1356.1,1356.1,1355.5,1355.5,37871.0
2026-04-21 14:40:00,1355.6,1355.6,1354.9,1355.5,61446.0
2026-04-21 14:41:00,1355.6,1355.7,1355.0,1355.0,41319.0
2026-04-21 14:42:00,1355.1,1355.1,1354.1,1354.1,54743.0
2026-04-21 14:43:00,1354.1,1354.5,1353.8,1354.2,90700.0
2026-04-21 14:44:00,1354.2,1354.7,1353.4,1353.5,48547.0
2026-04-21 14:45:00,1353.8,1354.0,1353.1,1353.2,97154.0
2026-04-21 14:46:00,1353.2,1353.6,1352.8,1353.5,74695.0
2026-04-21 14:47:00,1353.7,1355.0,1353.5,1355.0,53182.0
2026-04-21 14:48:00,1355.0,1355.0,1354.4,1354.5,60604.0
2026-04-21 14:49:00,1354.5,1354.6,1353.6,1353.8,38377.0
2026-04-21 14:50:00,1353.8,1355.0,1353.6,1354.6,48348.0
2026-04-21 14:51:00,1354.8,1354.8,1354.2,1354.2,56517.0
2026-04-21 14:52:00,1354.4,1354.4,1353.6,1353.6,49623.0
2026-04-21 14:53:00,1353.7,1353.9,1353.2,1353.4,45260.0
2026-04-21 14:54:00,1353.6,1353.8,1353.0,1353.3,39451.0
2026-04-21 14:55:00,1353.5,1353.5,1353.1,1353.2,40475.0
2026-04-21 14:56:00,1353.2,1354.1,1353.2,1353.8,44293.0
2026-04-21 14:57:00,1353.6,1354.1,1353.5,1353.7,37185.0
2026-04-21 14:58:00,1353.7,1353.7,1353.4,1353.5,34832.0
2026-04-21 14:59:00,1353.6,1353.7,1353.4,1353.7,38986.0
2026-04-21 15:00:00,1353.7,1355.4,1353.5,1354.9,264360.0
2026-04-21 15:01:00,1355.2,1355.7,1353.2,1353.2,709861.0
2026-04-21 15:02:00,1354.4,1354.4,1350.2,1351.3,1096051.0
2026-04-21 15:03:00,1351.3,1353.7,1350.8,1352.7,509224.0
2026-04-21 15:04:00,1352.6,1353.3,1350.1,1350.7,747683.0
2026-04-21 15:05:00,1350.9,1353.6,1350.6,1353.6,679883.0
2026-04-21 15:06:00,1353.5,1354.4,1352.3,1354.1,424203.0
2026-04-21 15:07:00,1354.1,1355.8,1353.7,1355.1,413640.0
2026-04-21 15:08:00,1355.4,1355.8,1352.1,1352.8,404157.0
2026-04-21 15:09:00,1352.6,1353.3,1351.9,1353.2,266652.0
2026-04-21 15:10:00,1353.2,1353.5,1353.0,1353.0,114038.0
2026-04-21 15:11:00,1353.3,1355.5,1353.0,1355.5,332148.0
2026-04-21 15:12:00,1355.0,1355.3,1353.8,1353.8,151830.0
2026-04-21 15:13:00,1353.8,1354.3,1352.4,1352.9,156210.0
2026-04-21 15:14:00,1353.6,1354.2,1352.7,1352.9,102998.0
2026-04-21 15:15:00,1352.9,1353.9,1352.5,1353.9,100829.0
2026-04-21 15:16:00,1353.9,1354.4,1353.6,1353.6,86883.0
2026-04-21 15:17:00,1354.0,1355.3,1353.7,1354.5,188469.0
2026-04-21 15:18:00,1354.9,1354.9,1353.0,1353.8,277809.0
2026-04-21 15:19:00,1353.9,1354.3,1353.2,1354.1,86839.0
2026-04-21 15:20:00,1354.4,1354.7,1353.9,1354.1,111334.0
2026-04-21 15:21:00,1354.2,1356.0,1353.5,1355.3,186220.0
2026-04-21 15:22:00,1356.0,1356.0,1353.1,1353.9,248870.0
2026-04-21 15:23:00,1354.2,1355.0,1353.5,1354.9,104392.0
2026-04-21 15:24:00,1354.9,1355.0,1354.0,1354.4,85135.0
2026-04-21 15:25:00,1354.5,1354.7,1353.6,1354.5,123799.0
2026-04-21 15:26:00,1355.0,1355.0,1354.2,1354.5,66642.0
2026-04-21 15:27:00,1354.6,1354.9,1354.1,1354.8,75773.0
2026-04-21 15:28:00,1354.7,1354.9,1354.0,1354.8,76500.0
2026-04-21 15:29:00,1354.8,1355.0,1354.2,1354.9,48503.0
2026-04-22 09:15:00,1350.3,1356.0,1350.2,1355.4,97571.0
2026-04-22 09:16:00,1355.7,1357.0,1354.2,1356.0,67838.0
2026-04-22 09:17:00,1357.0,1358.0,1356.8,1357.1,67175.0
2026-04-22 09:18:00,1357.1,1357.1,1354.4,1354.8,75359.0
2026-04-22 09:19:00,1354.4,1355.3,1354.3,1355.3,28883.0
2026-04-22 09:20:00,1355.0,1356.9,1354.9,1356.6,45178.0
2026-04-22 09:21:00,1356.1,1356.7,1355.7,1355.9,29732.0
2026-04-22 09:22:00,1356.0,1356.5,1355.0,1355.5,31579.0
2026-04-22 09:23:00,1355.3,1356.5,1355.2,1356.2,29144.0
2026-04-22 09:24:00,1356.1,1356.9,1354.4,1355.5,57876.0
2026-04-22 09:25:00,1355.2,1355.7,1354.8,1355.3,18181.0
2026-04-22 09:26:00,1355.4,1355.7,1354.2,1354.4,38995.0
2026-04-22 09:27:00,1354.6,1354.9,1353.5,1353.5,25614.0
2026-04-22 09:28:00,1353.3,1353.9,1353.0,1353.5,17336.0
2026-04-22 09:29:00,1353.4,1353.5,1351.2,1351.6,40030.0
2026-04-22 09:30:00,1351.4,1351.9,1351.0,1351.9,23537.0
2026-04-22 09:31:00,1352.0,1352.6,1351.8,1352.2,18601.0
2026-04-22 09:32:00,1352.0,1353.7,1351.8,1353.7,8172.0
2026-04-22 09:33:00,1353.7,1354.0,1352.9,1353.1,21586.0
2026-04-22 09:34:00,1353.1,1353.1,1352.0,1353.0,14735.0
2026-04-22 09:35:00,1352.8,1353.7,1352.3,1352.3,22700.0
2026-04-22 09:36:00,1352.3,1354.0,1352.1,1354.0,10109.0
2026-04-22 09:37:00,1354.3,1354.5,1352.9,1353.4,14951.0
2026-04-22 09:38:00,1353.2,1353.9,1353.0,1353.5,11535.0
2026-04-22 09:39:00,1353.4,1354.0,1353.1,1353.4,14084.0
2026-04-22 09:40:00,1353.4,1354.4,1353.0,1353.9,12633.0
2026-04-22 09:41:00,1353.9,1354.5,1353.8,1354.5,7224.0
2026-04-22 09:42:00,1354.5,1355.0,1354.4,1354.8,15596.0
2026-04-22 09:43:00,1354.6,1354.8,1353.6,1353.6,23462.0
2026-04-22 09:44:00,1353.5,1354.7,1353.5,1354.2,7895.0
2026-04-22 09:45:00,1354.1,1354.2,1353.3,1353.3,13778.0
2026-04-22 09:46:00,1353.5,1353.5,1352.0,1352.1,29402.0
2026-04-22 09:47:00,1352.4,1352.4,1350.7,1351.7,28613.0
2026-04-22 09:48:00,1351.7,1351.7,1351.0,1351.2,13135.0
2026-04-22 09:49:00,1351.2,1351.9,1350.6,1351.9,28680.0
2026-04-22 09:50:00,1352.0,1352.4,1351.6,1352.4,22971.0
2026-04-22 09:51:00,1352.2,1353.2,1351.9,1353.2,15231.0
2026-04-22 09:52:00,1352.9,1353.5,1352.7,1353.0,27858.0
2026-04-22 09:53:00,1352.7,1353.1,1352.3,1353.1,9250.0
2026-04-22 09:54:00,1352.8,1353.0,1352.1,1352.4,21140.0
2026-04-22 09:55:00,1352.3,1352.7,1351.9,1352.3,22087.0
2026-04-22 09:56:00,1352.3,1352.5,1352.0,1352.5,10219.0
2026-04-22 09:57:00,1352.2,1352.8,1351.1,1351.5,33915.0
2026-04-22 09:58:00,1351.5,1351.9,1351.2,1351.5,25498.0
2026-04-22 09:59:00,1351.7,1352.2,1351.4,1351.8,12829.0
2026-04-22 10:00:00,1351.7,1351.7,1349.1,1350.6,101188.0
2026-04-22 10:01:00,1350.3,1351.5,1350.1,1351.5,31227.0
2026-04-22 10:02:00,1351.4,1352.5,1351.3,1352.2,15669.0
2026-04-22 10:03:00,1352.0,1352.4,1351.5,1352.1,9903.0
2026-04-22 10:04:00,1352.1,1352.6,1351.9,1352.4,20932.0
2026-04-22 10:05:00,1352.1,1352.4,1351.2,1351.7,22900.0
2026-04-22 10:06:00,1352.0,1352.4,1351.6,1352.3,8356.0
2026-04-22 10:07:00,1352.4,1352.9,1352.1,1352.6,13612.0
2026-04-22 10:08:00,1352.7,1352.7,1352.4,1352.7,5723.0
2026-04-22 10:09:00,1352.7,1353.7,1352.6,1353.7,27945.0
2026-04-22 10:10:00,1353.7,1354.9,1353.5,1354.9,22738.0
2026-04-22 10:11:00,1354.9,1355.0,1354.4,1355.0,17949.0
2026-04-22 10:12:00,1355.0,1356.6,1355.0,1356.0,54379.0
2026-04-22 10:13:00,1355.8,1356.4,1355.6,1356.1,27414.0
2026-04-22 10:14:00,1355.9,1356.4,1355.7,1355.9,8903.0
2026-04-22 10:15:00,1355.9,1357.1,1355.9,1357.1,36447.0
2026-04-22 10:16:00,1357.0,1357.7,1357.0,1357.3,23918.0
2026-04-22 10:17:00,1357.3,1357.7,1357.1,1357.7,10338.0
2026-04-22 10:18:00,1357.7,1358.0,1357.7,1357.8,17734.0
2026-04-22 10:19:00,1357.8,1358.9,1357.8,1358.9,25737.0
2026-04-22 10:20:00,1358.9,1359.5,1358.8,1359.0,88316.0
2026-04-22 10:21:00,1358.8,1359.6,1358.4,1359.6,25519.0
2026-04-22 10:22:00,1359.3,1359.6,1357.2,1357.3,36160.0
2026-04-22 10:23:00,1357.3,1357.8,1357.0,1357.0,26921.0
2026-04-22 10:24:00,1357.0,1358.2,1357.0,1358.1,12097.0
2026-04-22 10:25:00,1357.8,1358.0,1357.4,1358.0,16781.0
2026-04-22 10:26:00,1357.5,1358.2,1357.0,1357.5,23437.0
2026-04-22 10:27:00,1357.1,1357.7,1357.1,1357.5,4772.0
2026-04-22 10:28:00,1357.3,1357.9,1357.3,1357.8,4797.0
2026-04-22 10:29:00,1357.8,1358.0,1357.7,1358.0,8903.0
2026-04-22 10:30:00,1357.8,1357.9,1357.1,1357.5,23849.0
2026-04-22 10:31:00,1357.5,1358.0,1357.4,1357.6,12950.0
2026-04-22 10:32:00,1357.6,1358.0,1357.5,1357.6,12182.0
2026-04-22 10:33:00,1357.6,1358.0,1357.5,1357.8,8680.0
2026-04-22 10:34:00,1357.9,1358.0,1357.7,1357.9,9673.0
2026-04-22 10:35:00,1358.0,1358.6,1357.9,1358.4,8999.0
2026-04-22 10:36:00,1358.4,1358.9,1358.4,1358.7,12381.0
2026-04-22 10:37:00,1358.7,1359.3,1358.6,1359.3,9429.0
2026-04-22 10:38:00,1359.4,1359.9,1359.3,1359.8,18346.0
2026-04-22 10:39:00,1359.7,1360.3,1359.6,1359.9,34729.0
2026-04-22 10:40:00,1359.9,1360.2,1359.5,1359.7,25045.0
2026-04-22 10:41:00,1359.8,1359.9,1359.2,1359.6,17721.0
2026-04-22 10:42:00,1359.6,1360.1,1359.6,1360.0,17043.0
2026-04-22 10:43:00,1359.8,1360.3,1359.8,1359.9,15173.0
2026-04-22 10:44:00,1359.9,1360.1,1359.7,1359.8,24334.0
2026-04-22 10:45:00,1359.8,1360.0,1359.6,1359.6,18938.0
2026-04-22 10:46:00,1359.6,1362.0,1359.6,1361.1,127793.0
2026-04-22 10:47:00,1361.1,1362.0,1360.6,1361.8,15243.0
2026-04-22 10:48:00,1361.9,1362.0,1360.9,1361.3,43234.0
2026-04-22 10:49:00,1361.2,1361.8,1361.0,1361.7,11534.0
2026-04-22 10:50:00,1361.6,1361.8,1361.0,1361.4,29332.0
2026-04-22 10:51:00,1361.4,1362.9,1361.4,1362.8,30281.0
2026-04-22 10:52:00,1362.8,1362.8,1362.3,1362.5,13511.0
2026-04-22 10:53:00,1362.5,1363.7,1362.2,1362.5,47910.0
2026-04-22 10:54:00,1362.8,1363.2,1362.4,1363.0,25754.0
2026-04-22 10:55:00,1363.0,1363.2,1362.9,1362.9,17369.0
2026-04-22 10:56:00,1362.8,1363.0,1361.1,1361.8,29420.0
2026-04-22 10:57:00,1362.0,1362.6,1361.7,1362.3,7654.0
2026-04-22 10:58:00,1362.3,1362.7,1362.0,1362.4,16719.0
2026-04-22 10:59:00,1362.4,1362.5,1362.1,1362.2,17723.0
2026-04-22 11:00:00,1362.2,1362.3,1361.2,1361.4,23083.0
2026-04-22 11:01:00,1361.2,1362.4,1361.2,1362.0,17376.0
2026-04-22 11:02:00,1362.0,1362.9,1362.0,1362.6,15542.0
2026-04-22 11:03:00,1362.5,1363.0,1362.5,1362.8,12814.0
2026-04-22 11:04:00,1362.8,1363.8,1362.6,1363.5,51947.0
2026-04-22 11:05:00,1363.5,1364.4,1363.3,1363.3,37654.0
2026-04-22 11:06:00,1363.2,1363.7,1363.0,1363.1,10926.0
2026-04-22 11:07:00,1363.2,1363.7,1363.1,1363.3,29325.0
2026-04-22 11:08:00,1363.1,1365.0,1363.1,1364.5,115643.0
2026-04-22 11:09:00,1364.5,1365.3,1363.9,1364.1,171371.0
2026-04-22 11:10:00,1364.1,1364.6,1363.3,1363.8,86332.0
2026-04-22 11:11:00,1363.8,1364.4,1363.7,1364.1,12675.0
2026-04-22 11:12:00,1364.1,1364.5,1364.1,1364.2,8805.0
2026-04-22 11:13:00,1364.2,1364.4,1363.9,1363.9,20936.0
2026-04-22 11:14:00,1363.9,1364.2,1363.9,1363.9,17279.0
2026-04-22 11:15:00,1363.9,1364.1,1363.5,1363.5,56556.0
2026-04-22 11:16:00,1363.4,1363.6,1362.5,1362.8,36917.0
2026-04-22 11:17:00,1362.9,1363.0,1362.8,1362.8,15865.0
2026-04-22 11:18:00,1362.7,1363.0,1362.6,1362.8,9731.0
2026-04-22 11:19:00,1362.8,1363.0,1362.8,1363.0,9153.0
2026-04-22 11:20:00,1363.0,1363.0,1362.9,1362.9,11253.0
2026-04-22 11:21:00,1363.0,1363.9,1362.9,1363.5,68095.0
2026-04-22 11:22:00,1363.5,1364.2,1363.5,1363.7,8178.0
2026-04-22 11:23:00,1363.7,1364.0,1363.3,1363.6,12979.0
2026-04-22 11:24:00,1363.5,1364.2,1363.5,1363.9,10819.0
2026-04-22 11:25:00,1364.0,1364.2,1363.9,1364.0,11159.0
2026-04-22 11:26:00,1364.0,1364.4,1364.0,1364.3,15863.0
2026-04-22 11:27:00,1364.2,1364.3,1364.0,1364.2,8883.0
2026-04-22 11:28:00,1364.1,1364.2,1363.3,1363.8,28068.0
2026-04-22 11:29:00,1363.5,1363.9,1362.6,1363.2,28939.0
2026-04-22 11:30:00,1363.2,1363.4,1362.9,1363.0,10024.0
2026-04-22 11:31:00,1363.0,1363.6,1363.0,1363.2,7968.0
2026-04-22 11:32:00,1363.2,1363.6,1363.1,1363.1,14194.0
2026-04-22 11:33:00,1363.1,1363.3,1363.0,1363.2,37709.0
2026-04-22 11:34:00,1363.1,1363.2,1362.0,1362.1,47161.0
2026-04-22 11:35:00,1362.0,1362.5,1361.5,1361.9,21437.0
2026-04-22 11:36:00,1361.5,1362.0,1361.5,1362.0,8215.0
2026-04-22 11:37:00,1361.9,1362.5,1361.9,1362.0,25560.0
2026-04-22 11:38:00,1362.0,1362.0,1361.8,1361.8,14979.0
2026-04-22 11:39:00,1362.0,1362.1,1361.7,1362.0,15058.0
2026-04-22 11:40:00,1362.0,1363.1,1362.0,1363.1,14584.0
2026-04-22 11:41:00,1363.1,1363.2,1362.5,1362.5,14590.0
2026-04-22 11:42:00,1362.7,1363.1,1362.6,1362.7,5524.0
2026-04-22 11:43:00,1362.5,1362.8,1362.4,1362.4,14772.0
2026-04-22 11:44:00,1362.4,1362.7,1362.4,1362.4,5917.0
2026-04-22 11:45:00,1362.4,1362.6,1362.3,1362.4,9920.0
2026-04-22 11:46:00,1362.5,1362.6,1361.4,1361.9,29535.0
2026-04-22 11:47:00,1361.9,1362.0,1361.5,1361.8,12907.0
2026-04-22 11:48:00,1361.6,1362.0,1361.4,1361.5,14205.0
2026-04-22 11:49:00,1361.5,1362.4,1361.5,1362.0,11422.0
2026-04-22 11:50:00,1362.0,1362.8,1362.0,1362.2,9589.0
2026-04-22 11:51:00,1362.2,1362.8,1362.2,1362.5,10005.0
2026-04-22 11:52:00,1362.5,1362.7,1362.4,1362.5,9460.0
2026-04-22 11:53:00,1362.6,1363.0,1362.5,1362.9,9898.0
2026-04-22 11:54:00,1362.9,1363.1,1362.6,1362.8,16465.0
2026-04-22 11:55:00,1362.7,1363.0,1362.6,1363.0,9777.0
2026-04-22 11:56:00,1362.6,1363.2,1362.6,1362.9,8699.0
2026-04-22 11:57:00,1363.2,1363.2,1362.8,1362.8,15100.0
2026-04-22 11:58:00,1363.2,1363.2,1362.8,1363.1,10545.0
2026-04-22 11:59:00,1363.1,1363.8,1363.0,1363.6,32892.0
2026-04-22 12:00:00,1363.5,1363.9,1363.5,1363.5,15856.0
2026-04-22 12:01:00,1363.5,1363.9,1363.4,1363.7,17547.0
2026-04-22 12:02:00,1363.7,1364.0,1363.5,1363.8,17077.0
2026-04-22 12:03:00,1364.0,1364.6,1364.0,1364.1,21908.0
2026-04-22 12:04:00,1364.1,1364.6,1364.1,1364.2,17686.0
2026-04-22 12:05:00,1364.2,1364.5,1363.8,1363.8,15752.0
2026-04-22 12:06:00,1363.8,1364.0,1363.3,1363.7,19134.0
2026-04-22 12:07:00,1363.3,1364.5,1363.3,1364.2,11246.0
2026-04-22 12:08:00,1364.2,1364.5,1364.2,1364.3,13933.0
2026-04-22 12:09:00,1364.3,1364.5,1364.3,1364.3,10276.0
2026-04-22 12:10:00,1364.3,1364.5,1363.7,1363.7,27462.0
2026-04-22 12:11:00,1363.7,1364.0,1363.7,1363.8,12639.0
2026-04-22 12:12:00,1363.7,1363.8,1363.0,1363.1,17936.0
2026-04-22 12:13:00,1363.0,1363.4,1362.1,1363.0,42700.0
2026-04-22 12:14:00,1362.9,1363.5,1362.9,1363.2,8110.0
2026-04-22 12:15:00,1363.6,1363.6,1363.0,1363.2,27503.0
2026-04-22 12:16:00,1363.2,1363.5,1362.6,1362.8,17933.0
2026-04-22 12:17:00,1362.7,1363.8,1362.7,1363.6,11683.0
2026-04-22 12:18:00,1363.6,1363.9,1363.0,1363.2,14141.0
2026-04-22 12:19:00,1362.8,1362.9,1362.3,1362.4,13955.0
2026-04-22 12:20:00,1362.6,1362.9,1362.0,1362.5,11242.0
2026-04-22 12:21:00,1362.5,1363.1,1362.5,1362.8,11877.0
2026-04-22 12:22:00,1362.9,1363.2,1362.5,1362.5,9937.0
2026-04-22 12:23:00,1362.6,1363.1,1362.5,1362.5,28133.0
2026-04-22 12:24:00,1362.5,1362.8,1362.2,1362.3,12065.0
2026-04-22 12:25:00,1362.3,1363.4,1362.3,1363.3,12718.0
2026-04-22 12:26:00,1362.8,1363.9,1362.8,1363.9,25546.0
2026-04-22 12:27:00,1363.9,1363.9,1362.6,1362.6,78189.0
2026-04-22 12:28:00,1362.3,1362.6,1361.7,1361.7,21661.0
2026-04-22 12:29:00,1361.7,1362.5,1361.7,1362.3,11100.0
2026-04-22 12:30:00,1362.3,1363.4,1362.3,1362.9,15032.0
2026-04-22 12:31:00,1362.9,1363.5,1362.7,1363.1,16216.0
2026-04-22 12:32:00,1363.1,1363.4,1363.1,1363.2,10630.0
2026-04-22 12:33:00,1363.4,1363.4,1363.1,1363.3,15011.0
2026-04-22 12:34:00,1363.3,1364.1,1363.3,1363.7,25041.0
2026-04-22 12:35:00,1363.7,1364.0,1362.7,1362.8,36869.0
2026-04-22 12:36:00,1362.7,1363.0,1362.2,1362.5,15673.0
2026-04-22 12:37:00,1362.4,1362.5,1361.8,1361.8,25804.0
2026-04-22 12:38:00,1361.8,1362.4,1361.6,1361.9,18401.0
2026-04-22 12:39:00,1362.0,1362.6,1361.9,1362.2,19453.0
2026-04-22 12:40:00,1362.2,1362.8,1362.2,1362.5,10866.0
2026-04-22 12:41:00,1362.5,1362.6,1362.2,1362.5,10955.0
2026-04-22 12:42:00,1362.5,1362.8,1362.5,1362.8,9225.0
2026-04-22 12:43:00,1362.7,1362.9,1362.6,1362.7,16638.0
2026-04-22 12:44:00,1362.6,1362.9,1362.5,1362.7,11102.0
2026-04-22 12:45:00,1362.7,1363.0,1362.3,1362.4,17719.0
2026-04-22 12:46:00,1362.5,1362.8,1362.0,1362.7,16238.0
2026-04-22 12:47:00,1362.7,1362.7,1361.7,1362.2,29821.0
2026-04-22 12:48:00,1361.9,1362.4,1361.7,1361.7,13108.0
2026-04-22 12:49:00,1361.7,1362.1,1361.6,1361.8,13553.0
2026-04-22 12:50:00,1361.8,1362.4,1361.6,1362.4,18096.0
2026-04-22 12:51:00,1362.0,1362.9,1362.0,1362.7,13644.0
2026-04-22 12:52:00,1362.7,1363.9,1362.7,1363.5,16621.0
2026-04-22 12:53:00,1363.5,1363.9,1363.3,1363.3,14890.0
2026-04-22 12:54:00,1363.4,1363.8,1363.1,1363.5,13693.0
2026-04-22 12:55:00,1363.5,1363.9,1363.5,1363.5,12346.0
2026-04-22 12:56:00,1363.5,1364.0,1363.4,1363.6,13779.0
2026-04-22 12:57:00,1363.6,1364.0,1363.5,1363.7,16529.0
2026-04-22 12:58:00,1363.7,1364.2,1363.6,1364.0,18643.0
2026-04-22 12:59:00,1364.1,1364.3,1363.3,1363.3,16987.0
2026-04-22 13:00:00,1363.3,1363.9,1363.3,1363.3,17228.0
2026-04-22 13:01:00,1363.6,1363.6,1362.5,1363.0,27907.0
2026-04-22 13:02:00,1362.8,1363.6,1362.8,1363.4,11568.0
2026-04-22 13:03:00,1363.4,1363.7,1362.5,1362.8,19658.0
2026-04-22 13:04:00,1362.8,1363.9,1362.8,1363.4,16053.0
2026-04-22 13:05:00,1363.3,1364.0,1363.3,1363.7,23181.0
2026-04-22 13:06:00,1363.7,1364.2,1363.7,1364.0,13597.0
2026-04-22 13:07:00,1364.0,1364.2,1363.7,1363.7,20874.0
2026-04-22 13:08:00,1363.8,1364.0,1363.6,1363.7,14603.0
2026-04-22 13:09:00,1363.8,1364.0,1363.3,1363.3,26247.0
2026-04-22 13:10:00,1363.5,1363.8,1363.0,1363.0,20318.0
2026-04-22 13:11:00,1362.7,1363.9,1362.7,1363.1,21849.0
2026-04-22 13:12:00,1363.1,1363.2,1362.1,1362.4,29234.0
2026-04-22 13:13:00,1362.3,1363.6,1362.3,1363.1,16727.0
2026-04-22 13:14:00,1363.1,1363.5,1362.7,1363.4,23246.0
2026-04-22 13:15:00,1363.3,1363.7,1363.3,1363.3,10347.0
2026-04-22 13:16:00,1363.3,1363.5,1362.7,1362.9,19647.0
2026-04-22 13:17:00,1363.0,1363.5,1362.8,1362.9,21151.0
2026-04-22 13:18:00,1362.6,1363.2,1362.5,1363.0,7966.0
2026-04-22 13:19:00,1362.7,1362.7,1361.6,1361.6,39511.0
2026-04-22 13:20:00,1361.7,1362.2,1361.5,1361.5,29188.0
2026-04-22 13:21:00,1361.7,1361.9,1361.2,1361.3,29670.0
2026-04-22 13:22:00,1361.5,1361.9,1359.6,1360.0,55662.0
2026-04-22 13:23:00,1360.1,1361.6,1359.8,1360.9,20033.0
2026-04-22 13:24:00,1361.4,1361.5,1360.7,1361.0,16872.0
2026-04-22 13:25:00,1361.0,1361.4,1360.5,1360.7,17563.0
2026-04-22 13:26:00,1360.5,1360.9,1360.5,1360.6,14693.0
2026-04-22 13:27:00,1360.6,1361.4,1360.6,1361.0,12181.0
2026-04-22 13:28:00,1361.0,1361.3,1360.3,1360.6,26583.0
2026-04-22 13:29:00,1360.7,1361.7,1360.7,1361.7,39781.0
2026-04-22 13:30:00,1361.2,1361.7,1361.2,1361.4,16375.0
2026-04-22 13:31:00,1361.4,1361.7,1361.2,1361.2,14213.0
2026-04-22 13:32:00,1361.5,1361.5,1360.4,1360.8,24371.0
2026-04-22 13:33:00,1360.6,1362.0,1360.6,1361.7,17434.0
2026-04-22 13:34:00,1361.7,1361.9,1361.3,1361.3,27775.0
2026-04-22 13:35:00,1361.3,1361.9,1361.3,1361.4,16770.0
2026-04-22 13:36:00,1361.4,1361.5,1361.0,1361.1,14967.0
2026-04-22 13:37:00,1361.1,1361.8,1361.1,1361.2,14029.0
2026-04-22 13:38:00,1361.2,1361.4,1360.9,1360.9,11973.0
2026-04-22 13:39:00,1360.9,1361.2,1360.7,1360.8,10590.0
2026-04-22 13:40:00,1360.9,1361.6,1360.9,1361.4,10129.0
2026-04-22 13:41:00,1361.4,1361.8,1361.4,1361.7,8467.0
2026-04-22 13:42:00,1361.5,1361.8,1360.7,1360.8,34648.0
2026-04-22 13:43:00,1361.0,1361.5,1360.7,1361.5,7133.0
2026-04-22 13:44:00,1361.0,1361.5,1360.9,1361.4,9001.0
2026-04-22 13:45:00,1361.0,1361.4,1360.7,1361.3,13734.0
2026-04-22 13:46:00,1361.5,1361.7,1361.3,1361.4,9774.0
2026-04-22 13:47:00,1361.4,1361.7,1361.4,1361.4,9937.0
2026-04-22 13:48:00,1361.4,1361.8,1361.4,1361.8,8684.0
2026-04-22 13:49:00,1361.6,1361.8,1361.6,1361.6,12660.0
2026-04-22 13:50:00,1361.6,1361.7,1361.3,1361.3,20753.0
2026-04-22 13:51:00,1361.3,1361.4,1360.8,1360.9,17847.0
2026-04-22 13:52:00,1361.1,1361.2,1360.5,1360.6,17672.0
2026-04-22 13:53:00,1360.5,1361.1,1360.0,1360.0,22917.0
2026-04-22 13:54:00,1360.0,1360.1,1359.4,1359.6,33493.0
2026-04-22 13:55:00,1359.6,1360.9,1359.6,1360.5,12828.0
2026-04-22 13:56:00,1360.5,1360.9,1360.3,1360.6,17744.0
2026-04-22 13:57:00,1360.7,1361.0,1360.6,1361.0,10330.0
2026-04-22 13:58:00,1360.9,1361.0,1360.9,1360.9,10064.0
2026-04-22 13:59:00,1360.9,1361.6,1360.9,1361.4,7905.0
2026-04-22 14:00:00,1361.5,1361.7,1361.0,1361.0,16026.0
2026-04-22 14:01:00,1361.1,1361.6,1361.0,1361.3,9795.0
2026-04-22 14:02:00,1361.4,1361.7,1361.3,1361.3,11003.0
2026-04-22 14:03:00,1361.3,1361.5,1360.2,1360.4,71450.0
2026-04-22 14:04:00,1360.4,1360.4,1359.9,1359.9,11954.0
2026-04-22 14:05:00,1360.0,1360.7,1359.9,1360.1,13535.0
2026-04-22 14:06:00,1360.2,1360.2,1359.5,1359.5,22312.0
2026-04-22 14:07:00,1359.5,1360.2,1359.5,1359.9,12073.0
2026-04-22 14:08:00,1359.9,1360.6,1359.9,1360.1,15948.0
2026-04-22 14:09:00,1360.2,1360.7,1360.2,1360.4,10364.0
2026-04-22 14:10:00,1360.2,1360.4,1359.2,1359.2,38274.0
2026-04-22 14:11:00,1359.2,1359.3,1359.1,1359.2,32366.0
2026-04-22 14:12:00,1359.1,1359.3,1359.0,1359.2,12612.0
2026-04-22 14:13:00,1359.2,1359.4,1359.1,1359.3,11244.0
2026-04-22 14:14:00,1359.3,1360.6,1359.2,1360.5,28154.0
2026-04-22 14:15:00,1360.6,1360.9,1360.2,1360.8,32336.0
2026-04-22 14:16:00,1360.4,1360.8,1360.2,1360.2,32664.0
2026-04-22 14:17:00,1360.3,1360.9,1359.6,1359.6,49584.0
2026-04-22 14:18:00,1359.6,1359.9,1359.1,1359.1,13844.0
2026-04-22 14:19:00,1359.1,1359.8,1359.1,1359.1,23943.0
2026-04-22 14:20:00,1359.4,1359.5,1358.8,1358.9,28293.0
2026-04-22 14:21:00,1358.8,1359.4,1358.6,1358.9,45342.0
2026-04-22 14:22:00,1359.0,1359.7,1359.0,1359.0,19857.0
2026-04-22 14:23:00,1358.9,1359.7,1358.9,1359.6,22942.0
2026-04-22 14:24:00,1359.4,1359.8,1359.4,1359.5,7300.0
2026-04-22 14:25:00,1359.5,1360.2,1359.5,1360.1,9140.0
2026-04-22 14:26:00,1360.0,1360.7,1360.0,1360.1,26923.0
2026-04-22 14:27:00,1360.1,1360.1,1359.4,1359.5,28748.0
2026-04-22 14:28:00,1359.4,1359.8,1359.4,1359.6,5809.0
2026-04-22 14:29:00,1359.6,1359.9,1359.3,1359.9,12042.0
2026-04-22 14:30:00,1359.9,1360.0,1359.4,1359.6,20070.0
2026-04-22 14:31:00,1359.6,1359.9,1359.4,1359.6,18658.0
2026-04-22 14:32:00,1359.6,1360.5,1359.6,1360.3,32348.0
2026-04-22 14:33:00,1360.2,1360.7,1360.1,1360.5,29441.0
2026-04-22 14:34:00,1360.5,1360.9,1360.5,1360.7,19354.0
2026-04-22 14:35:00,1360.5,1360.8,1360.1,1360.1,30110.0
2026-04-22 14:36:00,1360.1,1360.8,1359.8,1360.5,15255.0
2026-04-22 14:37:00,1360.5,1360.9,1360.4,1360.9,23767.0
2026-04-22 14:38:00,1360.6,1360.9,1359.6,1359.6,38835.0
2026-04-22 14:39:00,1359.6,1359.9,1359.6,1359.9,11863.0
2026-04-22 14:40:00,1360.0,1360.7,1360.0,1360.1,29083.0
2026-04-22 14:41:00,1360.1,1360.4,1360.0,1360.3,9072.0
2026-04-22 14:42:00,1360.6,1360.8,1360.3,1360.5,20131.0
2026-04-22 14:43:00,1360.5,1361.0,1360.5,1361.0,15195.0
2026-04-22 14:44:00,1360.9,1361.0,1360.7,1360.7,19071.0
2026-04-22 14:45:00,1360.8,1360.9,1360.4,1360.7,56321.0
2026-04-22 14:46:00,1360.6,1360.9,1360.4,1360.4,10592.0
2026-04-22 14:47:00,1360.4,1361.4,1360.4,1361.4,44182.0
2026-04-22 14:48:00,1361.5,1361.8,1361.4,1361.4,33944.0
2026-04-22 14:49:00,1361.6,1361.6,1361.2,1361.2,20659.0
2026-04-22 14:50:00,1360.7,1361.3,1360.5,1361.0,25756.0
2026-04-22 14:51:00,1361.0,1361.1,1360.8,1360.9,24776.0
2026-04-22 14:52:00,1360.9,1361.0,1360.8,1360.9,22367.0
2026-04-22 14:53:00,1360.9,1361.1,1360.9,1361.0,11938.0
2026-04-22 14:54:00,1361.0,1361.1,1360.7,1360.8,22276.0
2026-04-22 14:55:00,1360.8,1362.6,1360.8,1362.0,48833.0
2026-04-22 14:56:00,1362.1,1362.5,1361.7,1362.1,22924.0
2026-04-22 14:57:00,1362.1,1363.0,1362.1,1362.6,29598.0
2026-04-22 14:58:00,1362.6,1362.6,1361.5,1361.9,36428.0
2026-04-22 14:59:00,1361.7,1362.7,1361.7,1362.3,53648.0
2026-04-22 15:00:00,1362.1,1362.3,1361.4,1361.4,102616.0
2026-04-22 15:01:00,1361.4,1361.4,1360.6,1360.7,63258.0
2026-04-22 15:02:00,1360.6,1361.0,1360.0,1360.9,96696.0
2026-04-22 15:03:00,1360.8,1360.8,1360.0,1360.0,90687.0
2026-04-22 15:04:00,1360.0,1361.0,1360.0,1360.5,53765.0
2026-04-22 15:05:00,1360.6,1360.9,1360.4,1360.5,42390.0
2026-04-22 15:06:00,1360.4,1360.5,1360.1,1360.1,51271.0
2026-04-22 15:07:00,1360.2,1360.7,1360.1,1360.3,46456.0
2026-04-22 15:08:00,1360.2,1360.2,1360.0,1360.0,26903.0
2026-04-22 15:09:00,1360.1,1360.8,1360.0,1360.4,49240.0
2026-04-22 15:10:00,1360.4,1360.5,1360.2,1360.2,49140.0
2026-04-22 15:11:00,1360.4,1360.7,1360.3,1360.4,39477.0
2026-04-22 15:12:00,1360.4,1361.6,1360.4,1361.6,44732.0
2026-04-22 15:13:00,1361.3,1362.9,1361.3,1362.8,72413.0
2026-04-22 15:14:00,1362.8,1363.5,1362.8,1363.4,36914.0
2026-04-22 15:15:00,1363.5,1365.9,1363.4,1365.7,171780.0
2026-04-22 15:16:00,1365.9,1366.0,1365.2,1365.7,65852.0
2026-04-22 15:17:00,1365.6,1365.6,1363.2,1363.4,71289.0
2026-04-22 15:18:00,1363.2,1363.2,1362.8,1363.0,42595.0
2026-04-22 15:19:00,1362.9,1363.4,1362.9,1363.0,29815.0
2026-04-22 15:20:00,1363.1,1363.4,1362.9,1363.0,30812.0
2026-04-22 15:21:00,1362.9,1364.0,1362.9,1363.8,50929.0
2026-04-22 15:22:00,1363.7,1364.0,1363.5,1363.9,33211.0
2026-04-22 15:23:00,1364.0,1364.0,1363.6,1363.6,43945.0
2026-04-22 15:24:00,1363.7,1364.0,1363.4,1363.5,37312.0
2026-04-22 15:25:00,1363.2,1364.0,1363.2,1363.5,29822.0
2026-04-22 15:26:00,1363.2,1363.7,1361.7,1361.7,52854.0
2026-04-22 15:27:00,1362.3,1362.3,1360.8,1361.2,103388.0
2026-04-22 15:28:00,1361.5,1362.6,1360.6,1361.2,34682.0
2026-04-22 15:29:00,1361.5,1362.8,1361.2,1362.7,17335.0
2026-04-23 09:15:00,1346.0,1355.3,1344.0,1349.6,302483.0
2026-04-23 09:16:00,1349.6,1352.0,1349.4,1352.0,117536.0
2026-04-23 09:17:00,1351.2,1352.3,1351.2,1351.9,75001.0
2026-04-23 09:18:00,1352.1,1352.5,1351.4,1352.0,71689.0
2026-04-23 09:19:00,1352.0,1354.9,1351.8,1354.5,126670.0
2026-04-23 09:20:00,1354.5,1354.5,1352.9,1353.0,53548.0
2026-04-23 09:21:00,1353.0,1353.5,1352.4,1353.5,47792.0
2026-04-23 09:22:00,1353.4,1354.0,1353.2,1353.8,58970.0
2026-04-23 09:23:00,1353.7,1355.0,1353.7,1354.0,65749.0
2026-04-23 09:24:00,1353.9,1353.9,1353.0,1353.4,31404.0
2026-04-23 09:25:00,1353.4,1353.8,1352.3,1352.5,43056.0
2026-04-23 09:26:00,1352.3,1353.0,1352.0,1352.5,30805.0
2026-04-23 09:27:00,1352.9,1353.7,1352.7,1353.3,47821.0
2026-04-23 09:28:00,1353.3,1355.5,1353.3,1355.4,116438.0
2026-04-23 09:29:00,1355.3,1355.3,1354.3,1354.9,49205.0
2026-04-23 09:30:00,1354.9,1355.0,1353.9,1354.2,47896.0
2026-04-23 09:31:00,1354.8,1354.9,1353.3,1353.4,60755.0
2026-04-23 09:32:00,1353.4,1353.7,1352.7,1353.0,44127.0
2026-04-23 09:33:00,1353.0,1353.9,1352.8,1353.0,67071.0
2026-04-23 09:34:00,1353.0,1353.4,1352.4,1353.2,55582.0
2026-04-23 09:35:00,1352.1,1353.2,1352.1,1353.0,30411.0
2026-04-23 09:36:00,1353.0,1353.2,1352.6,1352.9,15689.0
2026-04-23 09:37:00,1352.9,1353.2,1352.7,1353.1,15315.0
2026-04-23 09:38:00,1353.2,1353.2,1353.0,1353.2,21485.0
2026-04-23 09:39:00,1353.1,1353.8,1353.0,1353.3,32911.0
2026-04-23 09:40:00,1353.5,1353.5,1352.2,1352.5,27205.0
2026-04-23 09:41:00,1352.6,1353.0,1352.3,1352.8,13782.0
2026-04-23 09:42:00,1352.8,1353.8,1352.4,1353.2,40075.0
2026-04-23 09:43:00,1353.4,1353.8,1353.0,1353.6,34306.0
2026-04-23 09:44:00,1353.8,1353.8,1352.5,1353.3,57984.0
2026-04-23 09:45:00,1353.2,1353.3,1352.0,1353.3,45191.0
2026-04-23 09:46:00,1352.8,1353.8,1352.8,1353.8,15863.0
2026-04-23 09:47:00,1353.8,1354.2,1352.9,1352.9,41306.0
2026-04-23 09:48:00,1353.1,1354.2,1352.9,1353.9,32897.0
2026-04-23 09:49:00,1354.0,1354.2,1353.5,1353.5,27066.0
2026-04-23 09:50:00,1353.5,1354.1,1352.9,1353.7,29035.0
2026-04-23 09:51:00,1353.7,1354.2,1352.5,1352.5,41769.0
2026-04-23 09:52:00,1352.8,1353.7,1352.7,1353.5,23462.0
2026-04-23 09:53:00,1353.4,1355.0,1353.4,1354.3,19671.0
2026-04-23 09:54:00,1354.3,1354.3,1353.5,1353.5,16409.0
2026-04-23 09:55:00,1353.5,1354.3,1353.5,1354.0,10739.0
2026-04-23 09:56:00,1354.0,1354.0,1353.6,1353.9,10492.0
2026-04-23 09:57:00,1354.0,1354.5,1353.6,1353.7,10764.0
2026-04-23 09:58:00,1353.8,1354.0,1353.3,1353.4,14085.0
2026-04-23 09:59:00,1353.3,1354.0,1352.5,1352.5,25435.0
2026-04-23 10:00:00,1352.7,1353.0,1352.3,1352.4,15126.0
2026-04-23 10:01:00,1352.4,1352.9,1352.0,1352.3,21351.0
2026-04-23 10:02:00,1352.6,1352.6,1352.0,1352.4,10852.0
2026-04-23 10:03:00,1352.4,1353.0,1352.2,1352.8,15993.0
2026-04-23 10:04:00,1352.8,1353.3,1352.6,1353.0,21657.0
2026-04-23 10:05:00,1352.9,1353.9,1352.6,1353.6,36813.0
2026-04-23 10:06:00,1353.3,1353.9,1352.6,1352.8,72658.0
2026-04-23 10:07:00,1353.1,1353.2,1352.6,1352.8,13630.0
2026-04-23 10:08:00,1352.8,1353.5,1352.2,1352.4,38360.0
2026-04-23 10:09:00,1352.7,1353.6,1352.7,1352.8,158145.0
2026-04-23 10:10:00,1353.1,1353.3,1352.3,1352.4,21466.0
2026-04-23 10:11:00,1353.0,1353.1,1352.0,1353.0,27456.0
2026-04-23 10:12:00,1353.0,1353.0,1352.3,1353.0,8531.0
2026-04-23 10:13:00,1353.0,1353.1,1352.4,1352.8,11161.0
2026-04-23 10:14:00,1352.9,1353.2,1352.4,1353.0,11818.0
2026-04-23 10:15:00,1353.0,1353.6,1352.0,1352.6,92043.0
2026-04-23 10:16:00,1352.5,1353.1,1351.9,1352.9,37596.0
2026-04-23 10:17:00,1353.0,1353.3,1352.1,1353.1,10369.0
2026-04-23 10:18:00,1352.9,1353.2,1352.5,1353.2,8185.0
2026-04-23 10:19:00,1353.2,1354.4,1353.2,1353.7,36999.0
2026-04-23 10:20:00,1353.7,1354.4,1353.5,1353.9,7232.0
2026-04-23 10:21:00,1353.9,1354.2,1353.1,1353.5,16669.0
2026-04-23 10:22:00,1353.5,1353.6,1352.5,1353.1,21925.0
2026-04-23 10:23:00,1353.6,1353.6,1352.8,1353.0,9740.0
2026-04-23 10:24:00,1353.3,1353.5,1352.8,1353.0,8667.0
2026-04-23 10:25:00,1352.9,1353.3,1352.6,1352.7,12523.0
2026-04-23 10:26:00,1353.0,1353.3,1352.5,1352.6,10523.0
2026-04-23 10:27:00,1352.6,1353.0,1352.3,1352.4,17702.0
2026-04-23 10:28:00,1352.7,1352.8,1352.0,1352.5,11380.0
2026-04-23 10:29:00,1352.5,1352.5,1351.5,1351.6,27228.0
2026-04-23 10:30:00,1351.6,1352.1,1350.3,1350.3,34549.0
2026-04-23 10:31:00,1350.4,1351.0,1349.5,1349.8,62011.0
2026-04-23 10:32:00,1350.1,1350.2,1349.5,1349.5,16958.0
2026-04-23 10:33:00,1350.0,1350.5,1349.7,1349.8,14257.0
2026-04-23 10:34:00,1349.9,1350.1,1349.2,1349.3,24501.0
2026-04-23 10:35:00,1349.7,1350.0,1348.3,1348.4,116139.0
2026-04-23 10:36:00,1348.8,1349.2,1348.5,1348.5,55074.0
2026-04-23 10:37:00,1348.7,1348.7,1347.7,1348.0,78847.0
2026-04-23 10:38:00,1348.2,1348.4,1347.2,1348.0,38199.0
2026-04-23 10:39:00,1348.0,1348.3,1347.5,1348.0,20234.0
2026-04-23 10:40:00,1348.0,1348.4,1347.6,1348.0,26233.0
2026-04-23 10:41:00,1348.0,1348.3,1347.2,1347.6,39229.0
2026-04-23 10:42:00,1347.1,1348.3,1347.1,1347.6,65810.0
2026-04-23 10:43:00,1347.6,1347.8,1347.0,1347.3,36646.0
2026-04-23 10:44:00,1347.3,1347.8,1347.2,1347.3,11556.0
2026-04-23 10:45:00,1347.4,1347.9,1347.1,1347.5,18072.0
2026-04-23 10:46:00,1347.5,1348.0,1345.0,1345.0,189460.0
2026-04-23 10:47:00,1345.2,1345.9,1344.1,1345.3,53365.0
2026-04-23 10:48:00,1345.5,1345.9,1344.6,1345.7,55979.0
2026-04-23 10:49:00,1345.9,1346.5,1345.7,1346.1,55820.0
2026-04-23 10:50:00,1346.4,1346.4,1345.6,1346.0,29017.0
2026-04-23 10:51:00,1346.1,1346.9,1345.6,1346.9,26699.0
2026-04-23 10:52:00,1346.9,1347.3,1346.3,1346.5,30045.0
2026-04-23 10:53:00,1346.5,1347.6,1346.4,1346.9,74795.0
2026-04-23 10:54:00,1346.9,1347.6,1346.5,1347.0,9629.0
2026-04-23 10:55:00,1347.4,1347.4,1346.7,1346.7,18931.0
2026-04-23 10:56:00,1346.7,1347.0,1346.5,1346.5,12365.0
2026-04-23 10:57:00,1346.5,1347.0,1346.5,1346.5,9149.0
2026-04-23 10:58:00,1346.4,1348.5,1346.4,1348.3,90465.0
2026-04-23 10:59:00,1348.2,1348.3,1347.5,1347.8,6471.0
2026-04-23 11:00:00,1347.9,1348.2,1346.5,1347.0,22857.0
2026-04-23 11:01:00,1347.2,1347.4,1346.5,1346.9,25928.0
2026-04-23 11:02:00,1346.7,1348.5,1346.5,1347.8,42645.0
2026-04-23 11:03:00,1347.8,1348.1,1346.9,1346.9,71323.0
2026-04-23 11:04:00,1347.3,1347.4,1347.0,1347.2,14142.0
2026-04-23 11:05:00,1347.1,1347.5,1347.0,1347.5,19483.0
2026-04-23 11:06:00,1347.4,1347.5,1346.5,1347.1,43723.0
2026-04-23 11:07:00,1346.9,1347.5,1346.8,1347.2,7270.0
2026-04-23 11:08:00,1347.2,1347.8,1347.0,1347.5,5003.0
2026-04-23 11:09:00,1347.9,1348.1,1347.1,1347.1,13065.0
2026-04-23 11:10:00,1347.1,1348.0,1347.1,1347.9,50588.0
2026-04-23 11:11:00,1347.8,1347.9,1346.4,1346.8,62553.0
2026-04-23 11:12:00,1346.7,1347.2,1346.1,1346.7,24396.0
2026-04-23 11:13:00,1346.7,1347.1,1346.6,1346.7,16540.0
2026-04-23 11:14:00,1346.6,1347.1,1346.6,1346.7,35442.0
2026-04-23 11:15:00,1346.8,1347.2,1346.6,1347.1,25534.0
2026-04-23 11:16:00,1347.1,1347.1,1346.5,1347.1,72536.0
2026-04-23 11:17:00,1346.9,1347.9,1346.6,1347.2,55252.0
2026-04-23 11:18:00,1347.2,1347.8,1346.9,1347.0,42290.0
2026-04-23 11:19:00,1347.0,1347.5,1346.3,1346.5,18076.0
2026-04-23 11:20:00,1346.6,1346.6,1346.4,1346.6,4822.0
2026-04-23 11:21:00,1346.6,1346.8,1346.5,1346.6,11101.0
2026-04-23 11:22:00,1346.6,1347.4,1346.5,1347.3,30210.0
2026-04-23 11:23:00,1347.3,1347.3,1346.0,1346.2,53145.0
2026-04-23 11:24:00,1346.2,1346.2,1346.0,1346.1,15182.0
2026-04-23 11:25:00,1346.0,1346.3,1345.5,1345.9,43367.0
2026-04-23 11:26:00,1346.0,1346.5,1345.9,1346.0,8860.0
2026-04-23 11:27:00,1346.0,1346.0,1345.7,1345.7,4975.0
2026-04-23 11:28:00,1345.8,1345.8,1345.3,1345.5,14694.0
2026-04-23 11:29:00,1345.5,1345.8,1345.3,1345.8,8432.0
2026-04-23 11:30:00,1345.6,1345.9,1345.6,1345.9,5706.0
2026-04-23 11:31:00,1345.9,1346.0,1345.5,1346.0,19129.0
2026-04-23 11:32:00,1346.0,1346.8,1345.9,1346.5,18108.0
2026-04-23 11:33:00,1346.0,1346.5,1345.9,1346.1,4770.0
2026-04-23 11:34:00,1346.1,1346.2,1345.8,1345.8,14221.0
2026-04-23 11:35:00,1345.8,1345.9,1345.3,1345.4,10100.0
2026-04-23 11:36:00,1345.3,1346.5,1345.3,1345.7,44196.0
2026-04-23 11:37:00,1345.7,1345.7,1345.1,1345.7,26326.0
2026-04-23 11:38:00,1345.7,1346.8,1345.6,1346.8,28533.0
2026-04-23 11:39:00,1346.6,1347.5,1346.6,1346.9,15185.0
2026-04-23 11:40:00,1346.9,1347.6,1346.4,1347.2,62467.0
2026-04-23 11:41:00,1346.9,1347.2,1346.3,1346.4,11527.0
2026-04-23 11:42:00,1346.3,1346.6,1346.2,1346.4,5719.0
2026-04-23 11:43:00,1346.4,1346.4,1345.6,1346.0,9232.0
2026-04-23 11:44:00,1345.8,1346.8,1345.5,1346.2,27090.0
2026-04-23 11:45:00,1346.1,1346.8,1345.7,1346.8,33582.0
2026-04-23 11:46:00,1346.6,1347.2,1346.4,1346.8,8844.0
2026-04-23 11:47:00,1346.8,1346.9,1346.3,1346.9,5735.0
2026-04-23 11:48:00,1346.7,1347.7,1346.6,1347.3,11327.0
2026-04-23 11:49:00,1347.3,1347.8,1347.1,1347.2,12704.0
2026-04-23 11:50:00,1347.2,1347.3,1347.0,1347.2,8017.0
2026-04-23 11:51:00,1347.1,1347.8,1347.1,1347.8,7975.0
2026-04-23 11:52:00,1347.8,1348.0,1347.5,1348.0,9350.0
2026-04-23 11:53:00,1347.8,1348.5,1347.7,1348.3,12827.0
2026-04-23 11:54:00,1348.3,1348.8,1348.0,1348.5,47501.0
2026-04-23 11:55:00,1348.4,1348.8,1347.7,1348.0,32748.0
2026-04-23 11:56:00,1348.0,1348.5,1347.8,1348.4,11905.0
2026-04-23 11:57:00,1348.1,1348.4,1347.6,1347.8,25242.0
2026-04-23 11:58:00,1347.6,1348.1,1347.4,1347.4,17734.0
2026-04-23 11:59:00,1347.5,1347.9,1347.2,1347.7,32578.0
2026-04-23 12:00:00,1347.3,1347.7,1347.2,1347.2,19032.0
2026-04-23 12:01:00,1347.2,1347.6,1347.0,1347.0,29169.0
2026-04-23 12:02:00,1347.2,1348.0,1347.1,1347.9,23078.0
2026-04-23 12:03:00,1347.8,1348.7,1347.8,1348.6,19219.0
2026-04-23 12:04:00,1348.6,1348.6,1347.6,1347.9,13244.0
2026-04-23 12:05:00,1347.7,1348.7,1347.7,1348.7,9029.0
2026-04-23 12:06:00,1348.5,1348.9,1347.9,1348.6,35285.0
2026-04-23 12:07:00,1348.2,1348.9,1348.2,1348.5,11758.0
2026-04-23 12:08:00,1348.4,1348.7,1348.0,1348.7,30628.0
2026-04-23 12:09:00,1348.2,1349.0,1347.8,1348.4,57992.0
2026-04-23 12:10:00,1348.3,1349.8,1348.2,1349.8,32871.0
2026-04-23 12:11:00,1349.8,1350.5,1349.5,1350.3,30328.0
2026-04-23 12:12:00,1350.3,1351.3,1350.3,1350.9,23156.0
2026-04-23 12:13:00,1351.4,1351.6,1350.9,1351.6,19405.0
2026-04-23 12:14:00,1351.1,1351.8,1351.1,1351.5,24254.0
2026-04-23 12:15:00,1351.5,1352.0,1351.1,1352.0,33225.0
2026-04-23 12:16:00,1351.9,1352.0,1351.6,1351.6,11534.0
2026-04-23 12:17:00,1351.7,1351.9,1351.5,1351.9,10802.0
2026-04-23 12:18:00,1351.9,1351.9,1351.6,1351.8,10128.0
2026-04-23 12:19:00,1351.6,1351.8,1350.8,1350.8,18501.0
2026-04-23 12:20:00,1351.0,1351.0,1350.4,1350.7,16511.0
2026-04-23 12:21:00,1350.7,1351.0,1350.4,1350.8,14821.0
2026-04-23 12:22:00,1351.0,1351.4,1350.8,1351.4,27451.0
2026-04-23 12:23:00,1351.3,1351.4,1350.9,1351.0,11923.0
2026-04-23 12:24:00,1350.9,1351.2,1350.8,1350.8,10777.0
2026-04-23 12:25:00,1350.9,1351.0,1349.4,1349.7,29937.0
2026-04-23 12:26:00,1349.6,1349.6,1348.7,1349.4,22890.0
2026-04-23 12:27:00,1349.4,1349.4,1348.8,1349.0,13866.0
2026-04-23 12:28:00,1349.0,1349.0,1348.3,1348.8,30081.0
2026-04-23 12:29:00,1348.8,1348.9,1348.1,1348.9,62976.0
2026-04-23 12:30:00,1348.5,1349.9,1348.0,1348.9,73136.0
2026-04-23 12:31:00,1349.4,1349.4,1347.0,1347.2,63549.0
2026-04-23 12:32:00,1347.3,1347.5,1347.0,1347.2,14719.0
2026-04-23 12:33:00,1347.1,1347.3,1346.7,1347.3,23924.0
2026-04-23 12:34:00,1347.0,1347.6,1346.9,1347.3,29469.0
2026-04-23 12:35:00,1347.0,1347.3,1347.0,1347.2,7697.0
2026-04-23 12:36:00,1347.2,1347.2,1346.2,1346.5,31184.0
2026-04-23 12:37:00,1346.4,1347.5,1346.4,1347.1,22447.0
2026-04-23 12:38:00,1347.0,1348.2,1347.0,1348.2,51541.0
2026-04-23 12:39:00,1347.8,1348.5,1347.8,1348.1,10900.0
2026-04-23 12:40:00,1348.1,1348.1,1347.8,1348.1,29888.0
2026-04-23 12:41:00,1347.8,1349.5,1347.8,1349.1,13293.0
2026-04-23 12:42:00,1348.9,1349.1,1348.6,1348.7,13967.0
2026-04-23 12:43:00,1348.6,1349.2,1348.6,1348.7,59043.0
2026-04-23 12:44:00,1348.7,1349.2,1348.5,1349.0,12045.0
2026-04-23 12:45:00,1349.2,1349.5,1348.8,1348.8,18198.0
2026-04-23 12:46:00,1348.8,1349.1,1348.8,1349.1,9936.0
2026-04-23 12:47:00,1348.9,1349.1,1348.8,1348.9,8679.0
2026-04-23 12:48:00,1348.8,1348.9,1347.1,1347.7,24683.0
2026-04-23 12:49:00,1347.6,1348.8,1347.2,1348.6,20647.0
2026-04-23 12:50:00,1348.3,1349.0,1348.2,1348.8,28344.0
2026-04-23 12:51:00,1348.8,1349.5,1348.8,1349.3,12702.0
2026-04-23 12:52:00,1349.4,1349.5,1349.0,1349.5,10709.0
2026-04-23 12:53:00,1349.4,1349.9,1349.4,1349.6,10659.0
2026-04-23 12:54:00,1349.7,1350.9,1349.6,1350.6,13945.0
2026-04-23 12:55:00,1350.5,1350.9,1350.2,1350.5,15652.0
2026-04-23 12:56:00,1350.5,1350.9,1350.4,1350.9,8414.0
2026-04-23 12:57:00,1350.9,1351.5,1350.5,1351.2,20542.0
2026-04-23 12:58:00,1351.2,1351.7,1351.0,1351.5,23066.0
2026-04-23 12:59:00,1351.5,1351.6,1351.1,1351.3,8837.0
2026-04-23 13:00:00,1351.3,1351.5,1351.3,1351.4,9453.0
2026-04-23 13:01:00,1351.3,1351.3,1350.9,1350.9,12818.0
2026-04-23 13:02:00,1350.8,1351.1,1350.5,1351.1,18766.0
2026-04-23 13:03:00,1351.2,1351.5,1351.2,1351.3,6994.0
2026-04-23 13:04:00,1351.5,1351.7,1351.3,1351.4,6913.0
2026-04-23 13:05:00,1351.5,1351.9,1351.5,1351.7,13854.0
2026-04-23 13:06:00,1351.8,1351.9,1351.7,1351.8,5726.0
2026-04-23 13:07:00,1351.8,1351.8,1350.7,1350.9,34248.0
2026-04-23 13:08:00,1351.4,1351.5,1350.8,1351.3,10928.0
2026-04-23 13:09:00,1351.3,1351.8,1351.2,1351.8,8943.0
2026-04-23 13:10:00,1351.5,1351.9,1351.4,1351.9,8862.0
2026-04-23 13:11:00,1351.9,1352.0,1351.7,1352.0,11113.0
2026-04-23 13:12:00,1351.7,1351.9,1351.6,1351.6,6022.0
2026-04-23 13:13:00,1351.8,1351.8,1351.5,1351.6,8662.0
2026-04-23 13:14:00,1351.7,1352.7,1351.5,1352.2,19610.0
2026-04-23 13:15:00,1352.2,1352.7,1351.8,1352.0,27703.0
2026-04-23 13:16:00,1352.4,1352.5,1351.6,1352.2,16809.0
2026-04-23 13:17:00,1352.2,1352.6,1351.9,1352.2,22807.0
2026-04-23 13:18:00,1352.2,1352.8,1351.9,1352.6,13697.0
2026-04-23 13:19:00,1352.6,1353.1,1352.2,1353.1,79878.0
2026-04-23 13:20:00,1353.2,1353.5,1352.6,1352.9,47565.0
2026-04-23 13:21:00,1352.7,1353.2,1352.6,1352.8,24238.0
2026-04-23 13:22:00,1352.8,1353.2,1352.3,1353.1,35572.0
2026-04-23 13:23:00,1353.2,1353.9,1352.7,1353.8,45353.0
2026-04-23 13:24:00,1353.9,1354.7,1353.9,1354.4,68743.0
2026-04-23 13:25:00,1354.3,1355.0,1354.2,1354.5,47934.0
2026-04-23 13:26:00,1354.1,1354.3,1351.7,1351.9,109405.0
2026-04-23 13:27:00,1351.9,1352.0,1351.8,1351.8,16518.0
2026-04-23 13:28:00,1351.8,1352.9,1351.1,1351.7,51082.0
2026-04-23 13:29:00,1352.4,1353.0,1351.8,1352.8,66545.0
2026-04-23 13:30:00,1352.6,1353.0,1352.4,1352.5,45105.0
2026-04-23 13:31:00,1352.4,1352.6,1352.1,1352.2,10894.0
2026-04-23 13:32:00,1352.5,1352.5,1352.1,1352.3,6158.0
2026-04-23 13:33:00,1352.3,1352.6,1351.9,1352.1,9595.0
2026-04-23 13:34:00,1352.1,1352.5,1351.9,1352.1,7126.0
2026-04-23 13:35:00,1352.1,1352.4,1351.9,1352.2,7078.0
2026-04-23 13:36:00,1352.2,1352.2,1351.8,1352.1,8281.0
2026-04-23 13:37:00,1351.8,1352.4,1351.5,1351.6,13936.0
2026-04-23 13:38:00,1351.6,1351.9,1350.9,1350.9,12304.0
2026-04-23 13:39:00,1351.1,1351.1,1350.0,1350.9,41036.0
2026-04-23 13:40:00,1350.3,1351.2,1349.1,1350.5,820245.0
2026-04-23 13:41:00,1350.6,1350.6,1349.4,1349.6,12326.0
2026-04-23 13:42:00,1349.5,1349.7,1349.2,1349.7,14187.0
2026-04-23 13:43:00,1350.0,1350.1,1349.4,1350.0,14379.0
2026-04-23 13:44:00,1349.7,1350.4,1349.5,1350.3,7309.0
2026-04-23 13:45:00,1350.3,1350.4,1349.9,1350.2,36308.0
2026-04-23 13:46:00,1350.2,1350.8,1350.2,1350.8,6915.0
2026-04-23 13:47:00,1350.8,1350.9,1350.4,1350.8,9759.0
2026-04-23 13:48:00,1350.9,1351.5,1350.9,1350.9,13992.0
2026-04-23 13:49:00,1350.9,1350.9,1350.4,1350.5,11878.0
2026-04-23 13:50:00,1350.6,1351.8,1350.6,1351.6,11755.0
2026-04-23 13:51:00,1351.4,1352.0,1351.4,1351.8,7643.0
2026-04-23 13:52:00,1352.2,1352.7,1351.8,1352.4,10802.0
2026-04-23 13:53:00,1352.3,1352.3,1351.6,1351.7,18159.0
2026-04-23 13:54:00,1351.9,1352.4,1351.7,1352.4,8263.0
2026-04-23 13:55:00,1352.4,1352.5,1352.0,1352.4,8767.0
2026-04-23 13:56:00,1352.4,1353.2,1352.2,1353.0,12503.0
2026-04-23 13:57:00,1353.1,1353.3,1352.8,1353.0,16312.0
2026-04-23 13:58:00,1353.1,1353.2,1352.3,1352.7,25221.0
2026-04-23 13:59:00,1352.6,1352.9,1352.4,1352.5,22009.0
2026-04-23 14:00:00,1352.4,1352.8,1351.3,1352.1,15992.0
2026-04-23 14:01:00,1352.3,1352.5,1351.9,1351.9,8221.0
2026-04-23 14:02:00,1350.0,1351.1,1349.7,1350.5,457236.0
2026-04-23 14:03:00,1350.5,1351.0,1350.1,1350.7,12113.0
2026-04-23 14:04:00,1351.0,1351.5,1350.6,1350.8,8382.0
2026-04-23 14:05:00,1350.9,1351.0,1350.1,1350.5,18365.0
2026-04-23 14:06:00,1350.6,1351.0,1350.0,1350.5,23441.0
2026-04-23 14:07:00,1350.0,1351.5,1350.0,1350.4,40817.0
2026-04-23 14:08:00,1350.5,1350.5,1349.5,1350.0,30751.0
2026-04-23 14:09:00,1350.0,1350.2,1349.4,1349.6,8509.0
2026-04-23 14:10:00,1349.4,1349.5,1349.0,1349.1,17768.0
2026-04-23 14:11:00,1349.2,1349.5,1349.0,1349.4,7848.0
2026-04-23 14:12:00,1349.2,1350.0,1349.1,1350.0,25059.0
2026-04-23 14:13:00,1349.9,1350.0,1349.3,1349.4,29908.0
2026-04-23 14:14:00,1349.4,1350.0,1349.1,1349.4,33455.0
2026-04-23 14:15:00,1349.4,1350.0,1349.0,1349.9,78060.0
2026-04-23 14:16:00,1350.0,1350.7,1349.5,1350.4,14549.0
2026-04-23 14:17:00,1350.4,1351.0,1350.4,1350.4,17195.0
2026-04-23 14:18:00,1350.5,1350.5,1350.0,1350.4,26795.0
2026-04-23 14:19:00,1350.4,1350.7,1349.0,1349.0,43034.0
2026-04-23 14:20:00,1349.0,1349.3,1348.1,1349.3,41848.0
2026-04-23 14:21:00,1349.1,1349.3,1348.5,1348.5,14398.0
2026-04-23 14:22:00,1348.6,1349.4,1348.1,1348.6,66158.0
2026-04-23 14:23:00,1349.0,1349.2,1348.3,1348.3,17024.0
2026-04-23 14:24:00,1348.8,1348.8,1347.1,1347.1,85752.0
2026-04-23 14:25:00,1347.4,1347.8,1346.7,1347.0,29108.0
2026-04-23 14:26:00,1346.8,1347.0,1346.3,1346.7,64998.0
2026-04-23 14:27:00,1346.4,1347.0,1346.0,1346.0,45485.0
2026-04-23 14:28:00,1345.9,1346.5,1345.6,1346.0,23514.0
2026-04-23 14:29:00,1346.0,1346.8,1346.0,1346.2,10317.0
2026-04-23 14:30:00,1346.1,1347.0,1346.0,1346.2,53941.0
2026-04-23 14:31:00,1346.2,1346.4,1345.9,1345.9,17991.0
2026-04-23 14:32:00,1346.0,1346.2,1345.2,1345.5,20794.0
2026-04-23 14:33:00,1345.6,1345.7,1345.3,1345.3,8171.0
2026-04-23 14:34:00,1345.5,1345.7,1345.1,1345.3,19064.0
2026-04-23 14:35:00,1345.5,1345.7,1344.2,1344.7,86090.0
2026-04-23 14:36:00,1344.7,1345.1,1344.2,1344.6,48391.0
2026-04-23 14:37:00,1344.8,1344.9,1344.5,1344.6,20569.0
2026-04-23 14:38:00,1344.6,1344.7,1344.4,1344.4,15004.0
2026-04-23 14:39:00,1344.5,1344.7,1344.2,1344.3,13183.0
2026-04-23 14:40:00,1344.4,1344.9,1344.0,1344.4,18560.0
2026-04-23 14:41:00,1344.5,1344.5,1344.0,1344.0,16437.0
2026-04-23 14:42:00,1344.1,1344.5,1343.2,1344.4,59738.0
2026-04-23 14:43:00,1344.5,1344.5,1344.1,1344.2,11918.0
2026-04-23 14:44:00,1344.2,1344.2,1343.0,1343.7,73283.0
2026-04-23 14:45:00,1343.7,1343.7,1342.5,1342.9,32845.0
2026-04-23 14:46:00,1343.4,1343.7,1343.3,1343.7,15738.0
2026-04-23 14:47:00,1343.7,1344.5,1343.6,1344.2,38431.0
2026-04-23 14:48:00,1344.4,1344.7,1344.0,1344.0,43866.0
2026-04-23 14:49:00,1344.1,1344.1,1343.7,1343.7,27073.0
2026-04-23 14:50:00,1343.8,1344.9,1343.7,1344.9,21601.0
2026-04-23 14:51:00,1344.8,1344.8,1344.1,1344.1,16183.0
2026-04-23 14:52:00,1344.1,1345.1,1343.8,1344.6,119917.0
2026-04-23 14:53:00,1344.6,1345.0,1343.3,1344.5,140991.0
2026-04-23 14:54:00,1344.5,1345.2,1344.1,1344.1,42787.0
2026-04-23 14:55:00,1344.2,1344.2,1343.6,1343.8,16724.0
2026-04-23 14:56:00,1343.9,1343.9,1343.4,1343.9,18887.0
2026-04-23 14:57:00,1343.9,1344.1,1343.3,1343.6,54670.0
2026-04-23 14:58:00,1343.7,1343.9,1343.7,1343.8,8110.0
2026-04-23 14:59:00,1343.9,1344.0,1343.7,1343.9,53656.0
2026-04-23 15:00:00,1343.8,1344.0,1343.2,1343.5,40863.0
2026-04-23 15:01:00,1343.5,1344.9,1343.5,1344.7,60149.0
2026-04-23 15:02:00,1344.8,1346.6,1344.0,1344.0,663768.0
2026-04-23 15:03:00,1344.6,1344.6,1342.2,1343.9,502164.0
2026-04-23 15:04:00,1343.8,1344.5,1343.1,1343.7,285101.0
2026-04-23 15:05:00,1344.4,1345.4,1343.9,1343.9,210228.0
2026-04-23 15:06:00,1344.3,1344.3,1342.8,1343.4,125309.0
2026-04-23 15:07:00,1343.5,1344.1,1342.7,1342.7,178981.0
2026-04-23 15:08:00,1342.7,1343.4,1342.1,1342.9,189132.0
2026-04-23 15:09:00,1342.8,1343.7,1342.7,1343.7,91980.0
2026-04-23 15:10:00,1343.4,1343.4,1342.0,1342.2,135744.0
2026-04-23 15:11:00,1342.0,1342.5,1342.0,1342.3,50459.0
2026-04-23 15:12:00,1342.3,1342.4,1340.8,1341.0,165701.0
2026-04-23 15:13:00,1341.1,1342.5,1340.8,1341.7,164699.0
2026-04-23 15:14:00,1341.7,1342.2,1341.4,1341.9,85306.0
2026-04-23 15:15:00,1341.9,1342.5,1341.6,1342.1,197196.0
2026-04-23 15:16:00,1342.0,1342.0,1340.7,1341.7,196643.0
2026-04-23 15:17:00,1341.8,1342.5,1341.6,1342.4,95290.0
2026-04-23 15:18:00,1342.4,1343.2,1342.2,1343.1,52914.0
2026-04-23 15:19:00,1343.1,1343.2,1342.6,1342.6,79458.0
2026-04-23 15:20:00,1343.1,1343.9,1342.1,1343.9,148167.0
2026-04-23 15:21:00,1343.5,1344.0,1342.9,1343.3,104462.0
2026-04-23 15:22:00,1343.4,1343.4,1342.4,1342.5,42866.0
2026-04-23 15:23:00,1342.4,1343.3,1342.4,1343.3,49307.0
2026-04-23 15:24:00,1343.2,1343.5,1342.8,1343.5,65301.0
2026-04-23 15:25:00,1343.5,1343.6,1342.3,1343.5,73333.0
2026-04-23 15:26:00,1343.4,1343.6,1342.7,1343.6,35467.0
2026-04-23 15:27:00,1343.7,1344.2,1343.6,1344.2,38520.0
2026-04-23 15:28:00,1344.2,1344.6,1343.7,1344.3,53809.0
2026-04-23 15:29:00,1344.4,1344.5,1342.9,1344.4,103661.0
2026-04-24 09:15:00,1340.0,1345.9,1338.6,1344.0,574650.0
2026-04-24 09:16:00,1344.0,1344.4,1342.1,1344.3,158440.0
2026-04-24 09:17:00,1343.9,1344.0,1340.9,1341.6,103511.0
2026-04-24 09:18:00,1341.6,1342.9,1340.8,1341.0,45283.0
2026-04-24 09:19:00,1341.2,1341.6,1340.1,1341.5,32426.0
2026-04-24 09:20:00,1341.5,1341.5,1337.4,1337.4,80970.0
2026-04-24 09:21:00,1338.1,1340.0,1337.3,1340.0,41693.0
2026-04-24 09:22:00,1339.9,1341.0,1339.7,1340.0,78369.0
2026-04-24 09:23:00,1340.3,1342.4,1339.9,1340.7,76440.0
2026-04-24 09:24:00,1340.9,1341.0,1339.9,1340.0,45696.0
2026-04-24 09:25:00,1340.0,1340.0,1338.5,1339.5,51244.0
2026-04-24 09:26:00,1339.2,1339.9,1338.5,1338.8,42220.0
2026-04-24 09:27:00,1338.9,1339.0,1338.6,1338.6,23192.0
2026-04-24 09:28:00,1338.9,1338.9,1338.2,1338.6,32026.0
2026-04-24 09:29:00,1338.5,1338.9,1338.0,1338.0,45018.0
2026-04-24 09:30:00,1338.0,1338.9,1337.1,1338.5,72572.0
2026-04-24 09:31:00,1338.5,1338.5,1337.9,1338.5,39051.0
2026-04-24 09:32:00,1338.5,1339.8,1338.1,1338.9,54365.0
2026-04-24 09:33:00,1338.9,1339.9,1338.9,1339.8,25609.0
2026-04-24 09:34:00,1339.8,1339.9,1339.3,1339.3,24844.0
2026-04-24 09:35:00,1339.5,1340.9,1339.1,1340.0,71312.0
2026-04-24 09:36:00,1340.0,1340.0,1338.5,1339.0,33760.0
2026-04-24 09:37:00,1339.1,1339.6,1338.3,1338.9,42290.0
2026-04-24 09:38:00,1338.5,1339.0,1338.1,1338.8,16341.0
2026-04-24 09:39:00,1338.8,1339.0,1338.1,1338.1,12471.0
2026-04-24 09:40:00,1338.4,1338.5,1336.6,1336.7,35632.0
2026-04-24 09:41:00,1337.0,1337.0,1336.5,1337.0,13751.0
2026-04-24 09:42:00,1336.8,1337.4,1336.8,1337.2,13756.0
2026-04-24 09:43:00,1337.3,1337.7,1336.5,1336.6,40894.0
2026-04-24 09:44:00,1336.9,1336.9,1335.5,1335.9,23103.0
2026-04-24 09:45:00,1335.9,1336.0,1334.5,1336.0,45675.0
2026-04-24 09:46:00,1335.9,1336.0,1334.3,1334.3,16046.0
2026-04-24 09:47:00,1334.3,1335.4,1334.3,1334.9,11712.0
2026-04-24 09:48:00,1335.0,1336.5,1334.9,1335.7,18618.0
2026-04-24 09:49:00,1336.0,1337.0,1335.8,1337.0,39784.0
2026-04-24 09:50:00,1337.0,1337.0,1336.4,1337.0,28312.0
2026-04-24 09:51:00,1337.0,1338.0,1336.8,1338.0,11437.0
2026-04-24 09:52:00,1338.0,1338.9,1337.3,1338.0,47510.0
2026-04-24 09:53:00,1338.2,1338.5,1337.8,1338.0,51280.0
2026-04-24 09:54:00,1338.0,1338.0,1336.8,1337.0,25845.0
2026-04-24 09:55:00,1336.9,1337.7,1336.8,1337.7,20896.0
2026-04-24 09:56:00,1337.5,1338.0,1337.0,1337.9,13812.0
2026-04-24 09:57:00,1338.0,1338.0,1337.5,1337.9,12534.0
2026-04-24 09:58:00,1337.6,1338.0,1337.3,1337.6,7519.0
2026-04-24 09:59:00,1337.6,1338.0,1337.5,1337.8,11297.0
2026-04-24 10:00:00,1337.8,1338.5,1337.2,1338.4,11746.0
2026-04-24 10:01:00,1338.2,1338.5,1338.0,1338.1,10719.0
2026-04-24 10:02:00,1338.2,1338.5,1337.7,1338.0,13225.0
2026-04-24 10:03:00,1338.0,1338.5,1337.5,1337.7,27215.0
2026-04-24 10:04:00,1337.7,1338.1,1337.1,1337.7,11553.0
2026-04-24 10:05:00,1337.7,1338.0,1337.2,1337.7,8462.0
2026-04-24 10:06:00,1337.3,1338.5,1337.3,1338.0,13160.0
2026-04-24 10:07:00,1338.0,1339.0,1337.6,1338.0,257485.0
2026-04-24 10:08:00,1338.1,1338.3,1337.7,1338.3,10624.0
2026-04-24 10:09:00,1338.3,1338.3,1338.0,1338.0,10354.0
2026-04-24 10:10:00,1338.0,1338.3,1337.0,1338.1,35460.0
2026-04-24 10:11:00,1338.1,1338.2,1337.3,1338.2,5026.0
2026-04-24 10:12:00,1338.1,1338.3,1337.5,1338.2,25388.0
2026-04-24 10:13:00,1338.2,1338.2,1337.4,1337.8,12009.0
2026-04-24 10:14:00,1337.8,1338.3,1337.3,1338.0,11931.0
2026-04-24 10:15:00,1337.7,1338.0,1337.1,1337.2,8280.0
2026-04-24 10:16:00,1337.2,1338.1,1337.0,1338.0,5601.0
2026-04-24 10:17:00,1338.0,1338.2,1337.5,1338.1,5555.0
2026-04-24 10:18:00,1338.1,1338.1,1337.3,1338.0,6920.0
2026-04-24 10:19:00,1338.0,1338.0,1336.5,1336.7,541514.0
2026-04-24 10:20:00,1336.7,1336.7,1335.5,1335.8,35303.0
2026-04-24 10:21:00,1335.8,1335.8,1335.0,1335.4,29155.0
2026-04-24 10:22:00,1335.4,1335.4,1333.5,1334.0,45509.0
2026-04-24 10:23:00,1334.0,1334.0,1332.5,1333.7,24897.0
2026-04-24 10:24:00,1333.6,1334.6,1333.5,1333.6,12355.0
2026-04-24 10:25:00,1334.1,1334.2,1333.4,1334.0,7284.0
2026-04-24 10:26:00,1333.9,1334.8,1333.5,1334.5,14316.0
2026-04-24 10:27:00,1334.4,1335.8,1334.1,1335.6,13461.0
2026-04-24 10:28:00,1335.3,1335.7,1334.9,1335.3,27965.0
2026-04-24 10:29:00,1335.3,1336.0,1335.1,1335.6,4328.0
2026-04-24 10:30:00,1335.4,1335.7,1335.0,1335.6,8041.0
2026-04-24 10:31:00,1335.4,1336.2,1335.0,1335.1,11142.0
2026-04-24 10:32:00,1335.5,1335.5,1334.7,1335.0,5274.0
2026-04-24 10:33:00,1335.1,1336.0,1335.1,1335.9,10832.0
2026-04-24 10:34:00,1335.9,1335.9,1335.0,1335.1,19655.0
2026-04-24 10:35:00,1335.2,1335.3,1334.7,1335.3,4356.0
2026-04-24 10:36:00,1335.2,1335.2,1334.1,1334.9,8807.0
2026-04-24 10:37:00,1334.7,1335.0,1333.9,1334.0,39050.0
2026-04-24 10:38:00,1334.5,1334.7,1333.2,1334.5,48136.0
2026-04-24 10:39:00,1334.5,1335.5,1334.0,1335.5,10614.0
2026-04-24 10:40:00,1335.5,1336.0,1335.0,1336.0,12113.0
2026-04-24 10:41:00,1336.1,1336.1,1335.1,1335.5,4617.0
2026-04-24 10:42:00,1335.5,1335.5,1333.4,1333.6,13200.0
2026-04-24 10:43:00,1333.6,1334.0,1333.4,1334.0,11411.0
2026-04-24 10:44:00,1333.8,1334.0,1333.0,1333.5,15589.0
2026-04-24 10:45:00,1333.5,1333.9,1333.2,1333.7,4592.0
2026-04-24 10:46:00,1333.2,1334.0,1333.2,1333.4,13692.0
2026-04-24 10:47:00,1333.3,1333.7,1332.5,1333.0,18551.0
2026-04-24 10:48:00,1333.3,1333.3,1331.6,1332.4,24676.0
2026-04-24 10:49:00,1331.9,1332.4,1331.4,1331.6,19060.0
2026-04-24 10:50:00,1331.9,1332.6,1331.6,1332.0,7946.0
2026-04-24 10:51:00,1332.0,1333.1,1331.8,1332.3,24947.0
2026-04-24 10:52:00,1332.6,1333.5,1332.6,1333.1,10552.0
2026-04-24 10:53:00,1333.4,1333.9,1333.1,1333.1,13400.0
2026-04-24 10:54:00,1333.5,1333.8,1332.7,1333.7,28483.0
2026-04-24 10:55:00,1333.2,1334.2,1332.8,1333.1,60297.0
2026-04-24 10:56:00,1333.1,1333.5,1332.8,1333.1,3244.0
2026-04-24 10:57:00,1333.1,1333.1,1332.0,1332.0,27510.0
2026-04-24 10:58:00,1332.2,1332.6,1332.0,1332.4,19412.0
2026-04-24 10:59:00,1332.6,1332.6,1331.3,1331.7,47106.0
2026-04-24 11:00:00,1331.7,1331.7,1330.1,1330.5,51759.0
2026-04-24 11:01:00,1329.9,1330.8,1329.1,1330.3,63314.0
2026-04-24 11:02:00,1330.4,1330.8,1330.2,1330.7,13705.0
2026-04-24 11:03:00,1330.7,1331.8,1330.6,1331.4,11782.0
2026-04-24 11:04:00,1331.8,1331.8,1331.0,1331.1,17895.0
2026-04-24 11:05:00,1331.3,1331.9,1331.1,1331.1,10139.0
2026-04-24 11:06:00,1331.1,1331.6,1330.7,1331.5,9375.0
2026-04-24 11:07:00,1331.3,1331.6,1330.7,1330.7,8961.0
2026-04-24 11:08:00,1330.9,1331.0,1330.0,1330.1,71928.0
2026-04-24 11:09:00,1330.1,1331.0,1330.1,1330.3,6769.0
2026-04-24 11:10:00,1330.6,1330.9,1330.2,1330.8,3509.0
2026-04-24 11:11:00,1330.8,1330.9,1330.4,1330.6,4543.0
2026-04-24 11:12:00,1330.7,1330.8,1330.0,1330.8,11456.0
2026-04-24 11:13:00,1330.6,1332.0,1330.5,1331.3,25989.0
2026-04-24 11:14:00,1331.6,1332.4,1331.5,1332.1,10808.0
2026-04-24 11:15:00,1332.1,1332.2,1331.6,1332.1,7521.0
2026-04-24 11:16:00,1332.0,1332.9,1331.8,1332.2,51480.0
2026-04-24 11:17:00,1332.3,1332.3,1330.5,1330.6,35876.0
2026-04-24 11:18:00,1331.0,1332.3,1330.8,1331.9,8546.0
2026-04-24 11:19:00,1331.9,1331.9,1330.8,1331.6,107907.0
2026-04-24 11:20:00,1331.9,1332.3,1331.1,1332.3,27636.0
2026-04-24 11:21:00,1332.3,1333.1,1332.1,1332.6,68396.0
2026-04-24 11:22:00,1332.6,1333.6,1332.6,1333.5,7797.0
2026-04-24 11:23:00,1333.5,1334.2,1333.1,1333.9,14516.0
2026-04-24 11:24:00,1334.3,1334.5,1333.5,1333.8,5268.0
2026-04-24 11:25:00,1333.8,1334.0,1333.4,1334.0,11456.0
2026-04-24 11:26:00,1334.0,1334.9,1333.9,1334.7,20058.0
2026-04-24 11:27:00,1334.7,1335.2,1334.5,1335.0,22767.0
2026-04-24 11:28:00,1335.2,1335.6,1334.9,1335.0,22347.0
2026-04-24 11:29:00,1335.0,1335.7,1334.9,1335.3,16744.0
2026-04-24 11:30:00,1335.6,1335.9,1335.4,1335.8,5801.0
2026-04-24 11:31:00,1335.9,1335.9,1335.3,1335.6,20419.0
2026-04-24 11:32:00,1335.9,1336.3,1335.7,1335.9,12519.0
2026-04-24 11:33:00,1336.0,1336.2,1335.8,1336.0,8309.0
2026-04-24 11:34:00,1336.0,1336.0,1335.4,1335.4,14199.0
2026-04-24 11:35:00,1335.3,1335.8,1335.0,1335.4,20530.0
2026-04-24 11:36:00,1335.4,1335.4,1334.7,1334.8,14750.0
2026-04-24 11:37:00,1334.8,1335.0,1334.0,1334.3,15143.0
2026-04-24 11:38:00,1334.4,1334.9,1334.0,1334.6,10050.0
2026-04-24 11:39:00,1334.6,1334.7,1333.9,1333.9,17159.0
2026-04-24 11:40:00,1333.9,1334.2,1332.5,1333.8,121847.0
2026-04-24 11:41:00,1333.4,1333.9,1332.7,1333.5,24643.0
2026-04-24 11:42:00,1333.5,1334.2,1333.1,1333.7,86607.0
2026-04-24 11:43:00,1333.5,1334.2,1333.2,1333.8,31383.0
2026-04-24 11:44:00,1333.2,1334.5,1333.2,1334.5,12163.0
2026-04-24 11:45:00,1334.4,1335.0,1334.4,1334.6,32294.0
2026-04-24 11:46:00,1334.6,1335.7,1334.6,1335.7,17984.0
2026-04-24 11:47:00,1335.6,1335.6,1334.6,1334.6,4683.0
2026-04-24 11:48:00,1334.6,1335.1,1334.5,1334.7,20386.0
2026-04-24 11:49:00,1334.9,1335.0,1334.3,1334.7,11670.0
2026-04-24 11:50:00,1334.5,1334.7,1333.9,1334.4,5917.0
2026-04-24 11:51:00,1334.0,1334.3,1333.6,1334.3,9534.0
2026-04-24 11:52:00,1333.8,1334.1,1333.5,1333.8,16054.0
2026-04-24 11:53:00,1333.8,1334.1,1333.2,1333.8,13701.0
2026-04-24 11:54:00,1333.7,1333.7,1333.0,1333.3,21747.0
2026-04-24 11:55:00,1333.3,1333.3,1332.0,1332.5,20636.0
2026-04-24 11:56:00,1332.9,1332.9,1331.7,1332.0,26399.0
2026-04-24 11:57:00,1332.0,1332.0,1331.4,1331.5,60475.0
2026-04-24 11:58:00,1331.8,1332.1,1331.4,1332.0,44803.0
2026-04-24 11:59:00,1332.0,1332.0,1331.3,1331.6,10415.0
2026-04-24 12:00:00,1332.0,1332.0,1331.0,1332.0,19021.0
2026-04-24 12:01:00,1332.0,1332.6,1331.7,1332.6,6939.0
2026-04-24 12:02:00,1332.5,1333.3,1332.5,1333.0,6235.0
2026-04-24 12:03:00,1333.1,1333.1,1332.3,1332.8,5915.0
2026-04-24 12:04:00,1332.8,1333.1,1332.6,1333.0,3478.0
2026-04-24 12:05:00,1333.2,1333.2,1332.4,1332.9,7765.0
2026-04-24 12:06:00,1332.9,1333.0,1332.3,1332.4,6319.0
2026-04-24 12:07:00,1332.3,1332.6,1331.8,1332.1,8317.0
2026-04-24 12:08:00,1332.2,1332.9,1332.0,1332.8,7452.0
2026-04-24 12:09:00,1332.9,1333.2,1332.3,1332.3,28191.0
2026-04-24 12:10:00,1332.8,1333.0,1331.8,1332.0,17393.0
2026-04-24 12:11:00,1332.0,1332.3,1331.4,1332.0,17421.0
2026-04-24 12:12:00,1331.9,1332.2,1331.5,1332.0,9800.0
2026-04-24 12:13:00,1332.0,1333.0,1331.9,1332.5,20113.0
2026-04-24 12:14:00,1332.5,1333.0,1332.2,1332.8,7991.0
2026-04-24 12:15:00,1332.9,1333.0,1332.3,1332.6,7587.0
2026-04-24 12:16:00,1332.6,1332.9,1332.3,1332.7,4208.0
2026-04-24 12:17:00,1332.8,1333.1,1332.6,1333.1,5318.0
2026-04-24 12:18:00,1333.0,1333.0,1332.4,1332.5,19112.0
2026-04-24 12:19:00,1332.5,1333.7,1332.0,1332.1,65691.0
2026-04-24 12:20:00,1332.4,1332.6,1331.2,1331.8,11872.0
2026-04-24 12:21:00,1331.8,1332.0,1331.2,1332.0,2892.0
2026-04-24 12:22:00,1332.0,1332.0,1331.1,1331.3,5541.0
2026-04-24 12:23:00,1331.4,1331.7,1330.1,1330.5,43615.0
2026-04-24 12:24:00,1330.8,1331.0,1329.4,1329.9,43907.0
2026-04-24 12:25:00,1330.1,1330.2,1329.2,1329.6,13314.0
2026-04-24 12:26:00,1329.7,1329.9,1329.2,1329.6,6172.0
2026-04-24 12:27:00,1329.6,1329.9,1328.1,1328.7,26316.0
2026-04-24 12:28:00,1328.5,1328.5,1327.4,1328.0,55205.0
2026-04-24 12:29:00,1328.0,1328.4,1327.6,1327.7,22452.0
2026-04-24 12:30:00,1327.7,1327.7,1326.9,1327.0,27477.0
2026-04-24 12:31:00,1327.2,1327.9,1326.5,1327.0,22377.0
2026-04-24 12:32:00,1327.0,1329.4,1326.8,1329.4,35755.0
2026-04-24 12:33:00,1329.5,1330.5,1329.5,1330.4,57344.0
2026-04-24 12:34:00,1330.4,1330.5,1329.3,1330.0,52501.0
2026-04-24 12:35:00,1330.0,1330.5,1328.5,1328.8,17643.0
2026-04-24 12:36:00,1328.5,1329.6,1328.4,1328.4,13253.0
2026-04-24 12:37:00,1329.0,1329.2,1328.5,1329.1,57836.0
2026-04-24 12:38:00,1329.1,1330.3,1328.6,1330.3,71525.0
2026-04-24 12:39:00,1330.3,1330.3,1329.1,1330.0,10456.0
2026-04-24 12:40:00,1330.0,1330.2,1329.4,1329.5,13868.0
2026-04-24 12:41:00,1329.8,1330.0,1329.3,1329.7,7170.0
2026-04-24 12:42:00,1329.3,1329.7,1328.5,1329.4,15579.0
2026-04-24 12:43:00,1329.5,1329.7,1328.7,1329.0,9748.0
2026-04-24 12:44:00,1329.0,1329.9,1329.0,1329.2,7505.0
2026-04-24 12:45:00,1329.2,1329.5,1328.9,1329.0,8138.0
2026-04-24 12:46:00,1329.0,1329.4,1328.5,1329.0,22484.0
2026-04-24 12:47:00,1329.0,1329.8,1328.5,1329.8,19674.0
2026-04-24 12:48:00,1329.8,1330.3,1329.7,1330.3,13436.0
2026-04-24 12:49:00,1330.2,1330.7,1329.9,1330.0,17214.0
2026-04-24 12:50:00,1330.0,1330.9,1329.9,1330.9,16200.0
2026-04-24 12:51:00,1331.0,1331.0,1329.5,1330.1,15084.0
2026-04-24 12:52:00,1330.1,1330.6,1330.0,1330.3,8035.0
2026-04-24 12:53:00,1330.3,1330.5,1330.0,1330.5,4709.0
2026-04-24 12:54:00,1330.5,1330.5,1330.0,1330.5,7061.0
2026-04-24 12:55:00,1330.5,1330.9,1330.1,1330.6,12739.0
2026-04-24 12:56:00,1330.6,1331.0,1330.3,1331.0,6710.0
2026-04-24 12:57:00,1330.7,1331.4,1330.6,1330.7,11475.0
2026-04-24 12:58:00,1330.7,1330.9,1329.6,1330.0,14503.0
2026-04-24 12:59:00,1330.0,1330.3,1329.4,1330.0,20484.0
2026-04-24 13:00:00,1330.2,1330.2,1329.1,1329.7,10771.0
2026-04-24 13:01:00,1329.6,1329.6,1328.8,1328.9,13911.0
2026-04-24 13:02:00,1329.0,1329.5,1328.9,1329.0,4987.0
2026-04-24 13:03:00,1329.0,1329.1,1328.5,1328.8,13496.0
2026-04-24 13:04:00,1328.7,1328.8,1327.1,1328.0,57209.0
2026-04-24 13:05:00,1327.8,1328.4,1327.7,1328.4,14671.0
2026-04-24 13:06:00,1328.4,1328.4,1327.9,1328.2,4909.0
2026-04-24 13:07:00,1328.2,1328.4,1328.1,1328.3,6073.0
2026-04-24 13:08:00,1328.4,1329.2,1328.1,1328.8,26043.0
2026-04-24 13:09:00,1328.8,1329.0,1328.3,1328.6,11017.0
2026-04-24 13:10:00,1328.0,1328.1,1327.7,1328.1,27019.0
2026-04-24 13:11:00,1328.5,1328.9,1327.6,1328.7,65643.0
2026-04-24 13:12:00,1328.7,1329.4,1328.2,1328.9,22506.0
2026-04-24 13:13:00,1328.8,1329.0,1328.1,1328.7,21537.0
2026-04-24 13:14:00,1328.5,1329.1,1327.9,1328.9,68155.0
2026-04-24 13:15:00,1328.6,1329.0,1327.7,1328.8,57740.0
2026-04-24 13:16:00,1328.7,1329.2,1328.6,1329.0,19010.0
2026-04-24 13:17:00,1329.1,1329.6,1328.9,1329.2,37391.0
2026-04-24 13:18:00,1329.1,1329.9,1329.0,1329.6,20871.0
2026-04-24 13:19:00,1329.7,1329.7,1329.0,1329.7,17372.0
2026-04-24 13:20:00,1329.7,1330.9,1329.7,1330.9,29084.0
2026-04-24 13:21:00,1330.8,1331.1,1330.0,1330.2,27359.0
2026-04-24 13:22:00,1330.1,1331.1,1330.1,1331.0,18078.0
2026-04-24 13:23:00,1331.1,1331.2,1330.7,1330.8,20504.0
2026-04-24 13:24:00,1330.8,1331.0,1330.1,1330.4,38006.0
2026-04-24 13:25:00,1330.5,1330.7,1329.8,1330.1,21915.0
2026-04-24 13:26:00,1330.1,1331.3,1329.7,1331.0,24463.0
2026-04-24 13:27:00,1331.0,1331.9,1330.9,1331.8,22007.0
2026-04-24 13:28:00,1331.7,1332.5,1331.5,1332.0,27266.0
2026-04-24 13:29:00,1332.0,1333.0,1332.0,1332.7,29203.0
2026-04-24 13:30:00,1332.7,1332.9,1332.0,1332.1,23300.0
2026-04-24 13:31:00,1332.1,1332.6,1331.7,1332.1,20094.0
2026-04-24 13:32:00,1332.0,1332.0,1330.8,1331.3,24152.0
2026-04-24 13:33:00,1330.8,1331.5,1329.9,1330.0,62471.0
2026-04-24 13:34:00,1329.9,1330.0,1328.7,1329.5,29371.0
2026-04-24 13:35:00,1329.4,1330.4,1328.9,1329.8,34453.0
2026-04-24 13:36:00,1329.9,1330.0,1329.1,1329.7,38584.0
2026-04-24 13:37:00,1329.7,1330.1,1329.2,1329.6,32860.0
2026-04-24 13:38:00,1329.7,1330.1,1329.2,1329.5,29718.0
2026-04-24 13:39:00,1329.1,1329.8,1328.7,1328.9,35876.0
2026-04-24 13:40:00,1329.4,1329.8,1328.6,1329.8,18950.0
2026-04-24 13:41:00,1329.5,1330.4,1329.5,1329.9,22545.0
2026-04-24 13:42:00,1329.9,1330.1,1329.3,1330.0,26483.0
2026-04-24 13:43:00,1330.0,1330.8,1329.8,1330.4,23727.0
2026-04-24 13:44:00,1330.3,1330.8,1329.8,1330.0,43047.0
2026-04-24 13:45:00,1329.9,1331.0,1329.9,1330.9,57341.0
2026-04-24 13:46:00,1331.0,1331.1,1330.0,1330.2,73324.0
2026-04-24 13:47:00,1330.2,1330.8,1329.9,1330.3,20261.0
2026-04-24 13:48:00,1330.3,1330.7,1329.9,1330.2,21257.0
2026-04-24 13:49:00,1330.2,1330.9,1329.9,1329.9,29026.0
2026-04-24 13:50:00,1330.0,1330.7,1329.9,1330.6,25700.0
2026-04-24 13:51:00,1330.6,1331.0,1329.9,1330.5,61887.0
2026-04-24 13:52:00,1330.4,1330.8,1330.0,1330.3,22272.0
2026-04-24 13:53:00,1330.2,1331.0,1329.9,1330.8,25669.0
2026-04-24 13:54:00,1330.8,1331.1,1330.0,1330.4,47364.0
2026-04-24 13:55:00,1330.6,1331.0,1330.0,1330.9,24478.0
2026-04-24 13:56:00,1330.9,1331.0,1329.9,1330.5,61728.0
2026-04-24 13:57:00,1330.5,1331.0,1330.0,1330.4,24589.0
2026-04-24 13:58:00,1330.3,1330.9,1330.0,1330.5,23747.0
2026-04-24 13:59:00,1330.7,1330.7,1329.7,1329.8,24959.0
2026-04-24 14:00:00,1329.8,1329.9,1328.8,1329.0,19719.0
2026-04-24 14:01:00,1329.0,1329.0,1328.9,1329.0,13742.0
2026-04-24 14:02:00,1329.0,1329.5,1328.8,1329.5,9279.0
2026-04-24 14:03:00,1329.5,1330.1,1329.3,1329.6,49081.0
2026-04-24 14:04:00,1329.7,1330.1,1329.0,1329.8,86374.0
2026-04-24 14:05:00,1329.9,1330.0,1328.9,1328.9,26483.0
2026-04-24 14:06:00,1329.0,1329.3,1328.3,1328.7,55221.0
2026-04-24 14:07:00,1328.8,1328.8,1327.9,1328.0,31494.0
2026-04-24 14:08:00,1327.7,1328.9,1327.7,1328.7,42045.0
2026-04-24 14:09:00,1328.7,1328.9,1328.5,1328.6,6809.0
2026-04-24 14:10:00,1328.6,1328.9,1328.3,1328.7,7282.0
2026-04-24 14:11:00,1328.6,1329.0,1328.6,1328.9,5831.0
2026-04-24 14:12:00,1328.9,1329.2,1328.5,1328.5,8046.0
2026-04-24 14:13:00,1328.6,1329.1,1328.5,1329.0,5538.0
2026-04-24 14:14:00,1328.8,1329.2,1328.0,1328.1,13819.0
2026-04-24 14:15:00,1327.9,1328.7,1327.7,1328.2,8117.0
2026-04-24 14:16:00,1328.0,1328.8,1327.9,1328.7,5406.0
2026-04-24 14:17:00,1328.7,1328.9,1328.3,1328.7,10543.0
2026-04-24 14:18:00,1328.5,1328.8,1328.2,1328.7,6075.0
2026-04-24 14:19:00,1328.7,1328.7,1327.8,1327.9,13203.0
2026-04-24 14:20:00,1327.9,1327.9,1327.5,1327.9,9793.0
2026-04-24 14:21:00,1328.0,1328.7,1327.9,1328.5,19818.0
2026-04-24 14:22:00,1328.7,1329.0,1328.2,1328.8,19043.0
2026-04-24 14:23:00,1329.1,1329.1,1327.9,1328.4,26315.0
2026-04-24 14:24:00,1328.3,1328.5,1327.7,1328.3,20231.0
2026-04-24 14:25:00,1328.3,1328.5,1328.0,1328.4,10561.0
2026-04-24 14:26:00,1328.4,1328.7,1328.3,1328.7,3729.0
2026-04-24 14:27:00,1328.7,1328.9,1328.5,1328.8,4581.0
2026-04-24 14:28:00,1328.9,1329.2,1328.7,1329.2,11955.0
2026-04-24 14:29:00,1329.1,1329.5,1328.9,1328.9,11045.0
2026-04-24 14:30:00,1329.1,1329.7,1328.9,1329.7,13915.0
2026-04-24 14:31:00,1329.6,1330.3,1329.6,1330.2,17711.0
2026-04-24 14:32:00,1329.9,1330.3,1328.7,1328.7,52588.0
2026-04-24 14:33:00,1328.8,1328.9,1328.3,1328.6,32791.0
2026-04-24 14:34:00,1328.6,1328.8,1328.0,1328.4,35121.0
2026-04-24 14:35:00,1328.4,1329.0,1328.4,1329.0,8376.0
2026-04-24 14:36:00,1329.0,1329.0,1328.6,1329.0,7932.0
2026-04-24 14:37:00,1329.0,1329.0,1328.0,1328.3,24688.0
2026-04-24 14:38:00,1328.2,1328.9,1328.2,1328.9,11547.0
2026-04-24 14:39:00,1328.9,1328.9,1327.7,1328.0,40839.0
2026-04-24 14:40:00,1328.0,1328.6,1327.9,1328.5,22232.0
2026-04-24 14:41:00,1328.2,1328.6,1327.9,1328.0,14823.0
2026-04-24 14:42:00,1328.0,1328.5,1327.9,1328.2,59693.0
2026-04-24 14:43:00,1328.2,1328.5,1327.9,1328.0,21799.0
2026-04-24 14:44:00,1328.0,1328.5,1327.9,1328.5,22107.0
2026-04-24 14:45:00,1328.5,1328.7,1328.0,1328.3,33136.0
2026-04-24 14:46:00,1328.6,1328.7,1328.2,1328.3,40412.0
2026-04-24 14:47:00,1328.3,1328.6,1328.0,1328.0,35993.0
2026-04-24 14:48:00,1328.1,1328.5,1327.8,1328.2,30829.0
2026-04-24 14:49:00,1328.1,1328.8,1328.0,1328.4,19780.0
2026-04-24 14:50:00,1328.3,1328.8,1328.2,1328.3,40758.0
2026-04-24 14:51:00,1328.3,1328.7,1328.2,1328.5,12986.0
2026-04-24 14:52:00,1328.5,1328.8,1327.7,1327.9,65624.0
2026-04-24 14:53:00,1328.0,1328.6,1327.8,1328.2,20146.0
2026-04-24 14:54:00,1328.3,1328.6,1328.0,1328.3,13314.0
2026-04-24 14:55:00,1328.4,1328.5,1328.0,1328.3,13242.0
2026-04-24 14:56:00,1328.4,1328.7,1328.0,1328.5,42527.0
2026-04-24 14:57:00,1328.7,1328.7,1328.3,1328.7,10504.0
2026-04-24 14:58:00,1328.6,1328.7,1328.2,1328.4,24639.0
2026-04-24 14:59:00,1328.4,1328.8,1328.0,1328.2,17593.0
2026-04-24 15:00:00,1327.9,1328.2,1327.4,1327.6,75454.0
2026-04-24 15:01:00,1327.6,1327.8,1327.3,1327.4,50431.0
2026-04-24 15:02:00,1327.2,1327.2,1325.9,1327.0,112064.0
2026-04-24 15:03:00,1327.0,1327.0,1325.7,1325.9,54776.0
2026-04-24 15:04:00,1325.8,1326.2,1325.0,1326.2,83040.0
2026-04-24 15:05:00,1326.2,1326.3,1325.8,1325.9,38883.0
2026-04-24 15:06:00,1325.9,1326.5,1325.7,1326.5,42363.0
2026-04-24 15:07:00,1326.3,1327.6,1326.3,1327.6,35895.0
2026-04-24 15:08:00,1327.6,1328.5,1327.6,1328.0,29984.0
2026-04-24 15:09:00,1328.0,1328.1,1327.4,1327.6,73567.0
2026-04-24 15:10:00,1327.5,1327.6,1326.7,1327.3,52657.0
2026-04-24 15:11:00,1327.3,1327.5,1327.2,1327.5,22029.0
2026-04-24 15:12:00,1327.4,1327.5,1326.8,1327.0,59974.0
2026-04-24 15:13:00,1326.8,1327.0,1326.8,1327.0,33231.0
2026-04-24 15:14:00,1327.0,1327.5,1327.0,1327.5,43983.0
2026-04-24 15:15:00,1327.3,1328.6,1327.3,1328.1,50139.0
2026-04-24 15:16:00,1328.3,1329.0,1328.1,1328.9,53254.0
2026-04-24 15:17:00,1329.0,1329.0,1327.8,1328.0,68164.0
2026-04-24 15:18:00,1328.0,1328.4,1327.6,1328.3,42031.0
2026-04-24 15:19:00,1328.2,1328.7,1328.1,1328.5,33370.0
2026-04-24 15:20:00,1328.7,1328.9,1327.7,1328.0,71589.0
2026-04-24 15:21:00,1327.6,1329.0,1327.6,1328.4,52451.0
2026-04-24 15:22:00,1328.3,1329.1,1328.2,1329.0,57451.0
2026-04-24 15:23:00,1328.7,1329.2,1328.1,1328.5,65297.0
2026-04-24 15:24:00,1328.5,1329.1,1328.0,1329.1,47832.0
2026-04-24 15:25:00,1329.1,1329.5,1328.8,1329.0,63610.0
2026-04-24 15:26:00,1328.9,1329.8,1328.7,1329.7,58809.0
2026-04-24 15:27:00,1329.7,1330.5,1329.4,1329.9,68161.0
2026-04-24 15:28:00,1329.9,1331.9,1329.9,1330.2,47907.0
2026-04-24 15:29:00,1330.6,1331.6,1330.3,1331.0,33172.0
2026-04-27 09:15:00,1313.0,1327.0,1311.0,1324.5,522912.0
2026-04-27 09:16:00,1324.4,1327.3,1323.5,1327.0,203475.0
2026-04-27 09:17:00,1327.2,1330.3,1327.2,1330.0,398553.0
2026-04-27 09:18:00,1330.0,1331.0,1328.3,1328.8,228848.0
2026-04-27 09:19:00,1329.6,1329.8,1326.4,1328.7,150846.0
2026-04-27 09:20:00,1328.3,1329.4,1327.7,1328.5,89951.0
2026-04-27 09:21:00,1328.2,1330.0,1327.5,1329.9,103719.0
2026-04-27 09:22:00,1329.9,1329.9,1328.4,1328.4,71537.0
2026-04-27 09:23:00,1328.3,1328.7,1325.2,1325.9,115873.0
2026-04-27 09:24:00,1325.1,1325.7,1323.1,1323.1,100302.0
2026-04-27 09:25:00,1323.9,1326.8,1323.0,1325.9,94280.0
2026-04-27 09:26:00,1325.9,1326.6,1323.8,1323.8,110251.0
2026-04-27 09:27:00,1323.4,1326.4,1322.5,1326.4,99453.0
2026-04-27 09:28:00,1326.4,1327.7,1326.4,1327.1,82625.0
2026-04-27 09:29:00,1327.4,1327.6,1326.2,1326.7,39159.0
2026-04-27 09:30:00,1326.7,1327.5,1326.7,1326.9,46451.0
2026-04-27 09:31:00,1327.1,1327.6,1326.7,1327.5,32509.0
2026-04-27 09:32:00,1327.5,1327.5,1325.0,1326.4,96292.0
2026-04-27 09:33:00,1326.6,1327.5,1325.5,1327.3,89969.0
2026-04-27 09:34:00,1327.4,1327.7,1325.5,1325.9,75866.0
2026-04-27 09:35:00,1325.9,1327.7,1325.9,1327.2,56947.0
2026-04-27 09:36:00,1327.0,1327.7,1326.9,1327.2,59365.0
2026-04-27 09:37:00,1327.2,1327.7,1326.3,1326.6,52091.0
2026-04-27 09:38:00,1326.9,1326.9,1324.1,1324.5,95250.0
2026-04-27 09:39:00,1325.0,1325.5,1324.4,1324.9,49472.0
2026-04-27 09:40:00,1324.4,1325.5,1324.4,1325.5,45834.0
2026-04-27 09:41:00,1325.6,1325.7,1324.7,1325.0,64589.0
2026-04-27 09:42:00,1325.0,1325.4,1324.5,1325.0,47972.0
2026-04-27 09:43:00,1324.9,1325.7,1324.5,1325.6,43918.0
2026-04-27 09:44:00,1325.7,1325.9,1324.0,1325.8,69811.0
2026-04-27 09:45:00,1325.4,1327.7,1325.4,1327.5,163716.0
2026-04-27 09:46:00,1327.5,1329.8,1327.5,1329.7,161591.0
2026-04-27 09:47:00,1329.7,1330.1,1329.2,1330.1,110615.0
2026-04-27 09:48:00,1330.1,1330.7,1330.0,1330.3,48455.0
2026-04-27 09:49:00,1330.0,1330.3,1329.9,1330.1,29503.0
2026-04-27 09:50:00,1330.0,1331.5,1330.0,1331.5,82693.0
2026-04-27 09:51:00,1331.5,1332.3,1331.4,1332.0,82040.0
2026-04-27 09:52:00,1332.3,1333.2,1332.2,1332.9,57368.0
2026-04-27 09:53:00,1332.9,1333.1,1332.0,1332.5,41782.0
2026-04-27 09:54:00,1332.2,1337.3,1331.8,1336.9,184284.0
2026-04-27 09:55:00,1336.8,1337.9,1336.0,1337.9,84625.0
2026-04-27 09:56:00,1337.5,1340.5,1337.5,1340.0,235211.0
2026-04-27 09:57:00,1339.7,1341.4,1339.7,1341.3,94896.0
2026-04-27 09:58:00,1341.3,1342.1,1340.3,1342.0,116273.0
2026-04-27 09:59:00,1342.0,1342.9,1341.3,1342.4,79341.0
2026-04-27 10:00:00,1342.4,1344.8,1342.4,1344.5,89233.0
2026-04-27 10:01:00,1344.5,1345.2,1340.8,1340.8,113061.0
2026-04-27 10:02:00,1340.9,1341.6,1340.4,1341.6,44511.0
2026-04-27 10:03:00,1341.6,1342.5,1340.9,1342.4,36604.0
2026-04-27 10:04:00,1342.4,1342.4,1340.7,1340.7,39735.0
2026-04-27 10:05:00,1340.5,1341.1,1340.1,1340.8,46554.0
2026-04-27 10:06:00,1340.3,1340.9,1340.1,1340.8,39380.0
2026-04-27 10:07:00,1340.9,1341.9,1340.0,1340.1,95157.0
2026-04-27 10:08:00,1340.3,1340.4,1339.5,1339.5,57175.0
2026-04-27 10:09:00,1339.8,1339.8,1338.4,1339.3,59321.0
2026-04-27 10:10:00,1339.5,1339.5,1338.9,1339.2,20025.0
2026-04-27 10:11:00,1339.2,1340.0,1338.8,1340.0,53526.0
2026-04-27 10:12:00,1339.8,1340.7,1339.5,1340.6,53375.0
2026-04-27 10:13:00,1340.6,1340.6,1339.0,1339.3,20313.0
2026-04-27 10:14:00,1339.2,1339.5,1339.0,1339.0,13993.0
2026-04-27 10:15:00,1339.3,1339.8,1339.0,1339.8,23211.0
2026-04-27 10:16:00,1339.8,1341.5,1339.8,1341.0,105397.0
2026-04-27 10:17:00,1341.0,1341.1,1340.0,1340.5,17686.0
2026-04-27 10:18:00,1340.5,1340.5,1340.0,1340.0,25500.0
2026-04-27 10:19:00,1340.0,1340.0,1339.3,1339.9,21184.0
2026-04-27 10:20:00,1339.7,1339.7,1338.0,1338.2,27810.0
2026-04-27 10:21:00,1338.0,1338.7,1338.0,1338.5,17995.0
2026-04-27 10:22:00,1338.6,1338.8,1338.0,1338.6,27999.0
2026-04-27 10:23:00,1338.6,1338.7,1337.9,1338.2,28921.0
2026-04-27 10:24:00,1338.2,1338.4,1338.0,1338.0,10575.0
2026-04-27 10:25:00,1338.0,1338.7,1338.0,1338.1,29888.0
2026-04-27 10:26:00,1338.0,1338.1,1336.7,1337.6,41783.0
2026-04-27 10:27:00,1337.6,1337.6,1336.3,1336.6,26761.0
2026-04-27 10:28:00,1336.6,1337.3,1336.2,1337.2,28713.0
2026-04-27 10:29:00,1337.2,1337.2,1336.9,1337.1,13683.0
2026-04-27 10:30:00,1337.1,1337.1,1336.1,1336.3,22563.0
2026-04-27 10:31:00,1336.3,1336.3,1334.5,1334.9,55620.0
2026-04-27 10:32:00,1334.9,1334.9,1333.8,1334.2,22511.0
2026-04-27 10:33:00,1334.2,1334.4,1333.5,1334.0,23915.0
2026-04-27 10:34:00,1333.8,1333.9,1332.9,1333.8,79531.0
2026-04-27 10:35:00,1333.6,1335.3,1333.4,1335.0,41484.0
2026-04-27 10:36:00,1335.1,1336.5,1335.1,1336.3,56129.0
2026-04-27 10:37:00,1336.3,1336.9,1336.3,1336.5,70582.0
2026-04-27 10:38:00,1336.7,1336.8,1335.2,1335.4,32341.0
2026-04-27 10:39:00,1335.4,1335.4,1334.0,1334.4,33207.0
2026-04-27 10:40:00,1334.4,1335.3,1333.9,1335.3,64588.0
2026-04-27 10:41:00,1335.3,1336.0,1334.9,1336.0,28182.0
2026-04-27 10:42:00,1336.0,1336.2,1335.8,1336.0,23366.0
2026-04-27 10:43:00,1336.0,1336.5,1334.7,1336.2,55056.0
2026-04-27 10:44:00,1336.2,1336.3,1335.4,1335.8,27896.0
2026-04-27 10:45:00,1335.8,1335.8,1334.5,1335.0,83598.0
2026-04-27 10:46:00,1335.0,1336.0,1334.8,1335.5,69338.0
2026-04-27 10:47:00,1335.8,1336.2,1335.4,1335.8,30453.0
2026-04-27 10:48:00,1335.8,1335.8,1334.6,1335.3,52735.0
2026-04-27 10:49:00,1335.3,1335.9,1334.7,1335.8,35496.0
2026-04-27 10:50:00,1336.2,1336.4,1335.7,1336.3,89915.0
2026-04-27 10:51:00,1336.2,1336.4,1335.6,1335.8,60220.0
2026-04-27 10:52:00,1335.8,1337.0,1335.7,1337.0,89572.0
2026-04-27 10:53:00,1336.8,1337.5,1336.3,1337.5,112069.0
2026-04-27 10:54:00,1337.4,1338.2,1337.2,1337.8,87789.0
2026-04-27 10:55:00,1337.5,1338.1,1337.0,1337.3,111988.0
2026-04-27 10:56:00,1337.2,1337.9,1336.9,1337.3,102308.0
2026-04-27 10:57:00,1337.4,1338.9,1337.2,1338.9,284401.0
2026-04-27 10:58:00,1338.9,1340.5,1337.7,1337.9,141296.0
2026-04-27 10:59:00,1338.2,1338.5,1337.1,1337.3,14882.0
2026-04-27 11:00:00,1337.1,1337.6,1337.1,1337.1,18258.0
2026-04-27 11:01:00,1337.3,1337.3,1335.5,1336.3,66896.0
2026-04-27 11:02:00,1336.5,1337.0,1336.0,1336.1,19015.0
2026-04-27 11:03:00,1336.1,1336.7,1335.8,1336.7,17358.0
2026-04-27 11:04:00,1336.4,1337.1,1336.2,1336.5,21544.0
2026-04-27 11:05:00,1336.5,1336.6,1335.7,1335.8,17533.0
2026-04-27 11:06:00,1335.8,1337.6,1335.7,1337.2,98073.0
2026-04-27 11:07:00,1336.9,1337.2,1336.2,1337.1,14776.0
2026-04-27 11:08:00,1337.0,1337.1,1336.0,1336.1,19124.0
2026-04-27 11:09:00,1335.4,1336.0,1335.0,1336.0,27321.0
2026-04-27 11:10:00,1336.0,1336.1,1335.2,1335.9,19844.0
2026-04-27 11:11:00,1335.9,1336.4,1335.1,1336.3,22875.0
2026-04-27 11:12:00,1336.1,1336.2,1336.0,1336.2,12439.0
2026-04-27 11:13:00,1336.2,1337.1,1336.0,1336.9,30514.0
2026-04-27 11:14:00,1336.8,1337.0,1336.5,1336.7,19795.0
2026-04-27 11:15:00,1336.8,1338.3,1336.5,1338.3,53526.0
2026-04-27 11:16:00,1338.2,1338.3,1337.6,1338.1,21566.0
2026-04-27 11:17:00,1338.0,1338.3,1337.7,1338.1,40779.0
2026-04-27 11:18:00,1338.1,1338.4,1337.3,1338.3,26803.0
2026-04-27 11:19:00,1338.3,1339.5,1338.2,1339.1,36859.0
2026-04-27 11:20:00,1339.2,1339.2,1338.2,1338.4,20178.0
2026-04-27 11:21:00,1338.4,1338.9,1338.2,1338.8,34576.0
2026-04-27 11:22:00,1338.8,1338.8,1337.8,1338.0,41825.0
2026-04-27 11:23:00,1338.0,1338.5,1337.7,1338.5,15846.0
2026-04-27 11:24:00,1338.2,1338.6,1337.8,1337.9,18062.0
2026-04-27 11:25:00,1337.9,1337.9,1337.1,1337.7,35043.0
2026-04-27 11:26:00,1337.6,1337.9,1336.8,1337.0,15299.0
2026-04-27 11:27:00,1337.0,1337.8,1336.7,1337.2,19145.0
2026-04-27 11:28:00,1337.2,1337.8,1336.7,1336.8,22764.0
2026-04-27 11:29:00,1336.7,1337.3,1336.5,1337.1,18112.0
2026-04-27 11:30:00,1337.0,1337.4,1336.1,1336.3,28164.0
2026-04-27 11:31:00,1336.1,1336.5,1335.1,1336.3,45302.0
2026-04-27 11:32:00,1336.3,1336.5,1335.6,1336.0,17084.0
2026-04-27 11:33:00,1335.6,1336.0,1335.0,1335.3,33877.0
2026-04-27 11:34:00,1335.5,1336.0,1335.0,1335.9,29592.0
2026-04-27 11:35:00,1335.8,1336.0,1335.0,1336.0,33490.0
2026-04-27 11:36:00,1336.3,1336.7,1335.6,1335.8,26342.0
2026-04-27 11:37:00,1335.8,1336.2,1335.0,1335.0,68095.0
2026-04-27 11:38:00,1335.1,1335.5,1334.5,1334.6,49869.0
2026-04-27 11:39:00,1334.5,1335.5,1333.8,1335.0,49748.0
2026-04-27 11:40:00,1334.8,1335.4,1334.8,1335.3,26688.0
2026-04-27 11:41:00,1335.2,1336.0,1335.0,1335.8,54855.0
2026-04-27 11:42:00,1335.7,1336.2,1335.0,1335.6,70726.0
2026-04-27 11:43:00,1335.5,1335.7,1335.0,1335.2,18783.0
2026-04-27 11:44:00,1335.2,1335.3,1334.8,1335.2,20528.0
2026-04-27 11:45:00,1335.1,1335.3,1333.8,1334.1,27612.0
2026-04-27 11:46:00,1334.0,1334.8,1333.5,1334.8,31635.0
2026-04-27 11:47:00,1334.8,1335.3,1334.6,1335.2,27626.0
2026-04-27 11:48:00,1335.0,1335.9,1335.0,1335.8,33350.0
2026-04-27 11:49:00,1335.8,1337.4,1335.7,1337.3,52686.0
2026-04-27 11:50:00,1337.0,1337.7,1337.0,1337.6,32125.0
2026-04-27 11:51:00,1337.6,1337.8,1337.2,1337.5,25859.0
2026-04-27 11:52:00,1337.5,1338.0,1337.2,1337.9,34330.0
2026-04-27 11:53:00,1337.8,1338.1,1337.4,1338.0,30680.0
2026-04-27 11:54:00,1338.0,1338.0,1337.7,1337.9,25766.0
2026-04-27 11:55:00,1337.8,1338.5,1337.8,1338.5,33001.0
2026-04-27 11:56:00,1338.4,1339.1,1338.4,1339.0,39728.0
2026-04-27 11:57:00,1338.9,1339.3,1338.8,1339.2,28502.0
2026-04-27 11:58:00,1339.2,1339.8,1339.2,1339.8,38538.0
2026-04-27 11:59:00,1339.7,1340.5,1339.7,1340.0,67605.0
2026-04-27 12:00:00,1340.0,1340.2,1339.0,1339.2,46106.0
2026-04-27 12:01:00,1339.7,1340.0,1338.9,1339.1,105966.0
2026-04-27 12:02:00,1338.9,1339.9,1338.9,1339.4,33982.0
2026-04-27 12:03:00,1339.6,1339.6,1338.4,1338.7,24092.0
2026-04-27 12:04:00,1338.2,1339.9,1338.2,1339.9,24294.0
2026-04-27 12:05:00,1339.9,1340.0,1339.0,1339.9,32435.0
2026-04-27 12:06:00,1339.9,1340.2,1339.7,1340.2,30386.0
2026-04-27 12:07:00,1340.0,1340.9,1340.0,1340.5,80555.0
2026-04-27 12:08:00,1340.8,1341.0,1340.3,1340.8,70682.0
2026-04-27 12:09:00,1340.5,1341.5,1340.4,1341.3,33992.0
2026-04-27 12:10:00,1341.5,1341.7,1341.0,1341.6,32058.0
2026-04-27 12:11:00,1341.6,1341.9,1341.2,1341.7,29472.0
2026-04-27 12:12:00,1341.5,1342.0,1341.3,1341.7,29492.0
2026-04-27 12:13:00,1342.0,1342.0,1341.6,1342.0,27520.0
2026-04-27 12:14:00,1341.8,1342.0,1341.3,1341.6,22299.0
2026-04-27 12:15:00,1341.6,1341.6,1341.1,1341.2,18417.0
2026-04-27 12:16:00,1341.4,1341.6,1341.1,1341.6,51944.0
2026-04-27 12:17:00,1341.3,1341.6,1341.0,1341.3,17190.0
2026-04-27 12:18:00,1341.3,1341.3,1340.7,1340.7,15406.0
2026-04-27 12:19:00,1340.7,1341.1,1340.7,1341.1,26145.0
2026-04-27 12:20:00,1341.1,1341.1,1340.9,1341.0,22532.0
2026-04-27 12:21:00,1341.0,1341.0,1340.1,1340.5,27228.0
2026-04-27 12:22:00,1340.5,1340.9,1340.0,1340.6,26842.0
2026-04-27 12:23:00,1340.4,1340.9,1340.2,1340.9,27545.0
2026-04-27 12:24:00,1340.7,1341.0,1340.7,1340.9,23880.0
2026-04-27 12:25:00,1340.9,1340.9,1340.6,1340.8,14861.0
2026-04-27 12:26:00,1340.8,1341.9,1340.6,1341.9,49184.0
2026-04-27 12:27:00,1341.8,1342.8,1341.7,1342.4,62894.0
2026-04-27 12:28:00,1342.1,1344.6,1342.1,1344.6,98756.0
2026-04-27 12:29:00,1344.7,1345.5,1343.7,1343.7,102049.0
2026-04-27 12:30:00,1343.7,1344.1,1343.2,1343.7,29976.0
2026-04-27 12:31:00,1343.5,1344.6,1343.5,1344.2,23467.0
2026-04-27 12:32:00,1344.0,1344.5,1343.1,1343.7,25290.0
2026-04-27 12:33:00,1343.6,1344.5,1343.5,1344.4,29294.0
2026-04-27 12:34:00,1344.1,1345.0,1344.1,1345.0,54968.0
2026-04-27 12:35:00,1345.0,1348.3,1344.9,1347.7,151510.0
2026-04-27 12:36:00,1347.6,1349.4,1347.6,1349.4,77447.0
2026-04-27 12:37:00,1349.4,1351.0,1349.4,1349.8,131372.0
2026-04-27 12:38:00,1349.0,1350.3,1349.0,1350.3,37939.0
2026-04-27 12:39:00,1350.0,1350.3,1348.3,1349.3,31249.0
2026-04-27 12:40:00,1349.2,1351.0,1348.2,1350.8,73462.0
2026-04-27 12:41:00,1350.9,1351.0,1350.0,1350.1,37663.0
2026-04-27 12:42:00,1350.0,1350.4,1350.0,1350.1,21795.0
2026-04-27 12:43:00,1350.0,1350.6,1349.5,1349.7,38402.0
2026-04-27 12:44:00,1349.6,1350.0,1349.2,1349.6,21839.0
2026-04-27 12:45:00,1349.2,1349.7,1348.3,1348.9,37321.0
2026-04-27 12:46:00,1348.3,1348.9,1348.3,1348.8,16485.0
2026-04-27 12:47:00,1348.5,1349.9,1348.5,1349.5,33370.0
2026-04-27 12:48:00,1349.6,1349.6,1348.8,1348.8,21246.0
2026-04-27 12:49:00,1348.8,1349.4,1348.3,1348.4,42345.0
2026-04-27 12:50:00,1348.8,1348.8,1348.1,1348.5,17864.0
2026-04-27 12:51:00,1348.2,1348.3,1347.3,1347.9,33690.0
2026-04-27 12:52:00,1347.7,1349.0,1347.7,1349.0,27352.0
2026-04-27 12:53:00,1349.0,1349.2,1348.1,1348.3,23006.0
2026-04-27 12:54:00,1348.4,1348.4,1346.2,1347.0,46083.0
2026-04-27 12:55:00,1346.8,1347.7,1346.7,1347.7,28037.0
2026-04-27 12:56:00,1347.5,1347.7,1347.0,1347.3,27265.0
2026-04-27 12:57:00,1346.9,1347.4,1346.5,1347.4,24560.0
2026-04-27 12:58:00,1347.1,1347.3,1346.7,1347.3,23299.0
2026-04-27 12:59:00,1347.0,1347.5,1347.0,1347.4,23598.0
2026-04-27 13:00:00,1347.4,1347.5,1347.2,1347.5,24877.0
2026-04-27 13:01:00,1347.5,1348.4,1347.3,1348.0,59509.0
2026-04-27 13:02:00,1348.0,1348.1,1347.5,1347.6,18679.0
2026-04-27 13:03:00,1347.9,1347.9,1347.0,1347.0,35914.0
2026-04-27 13:04:00,1347.4,1347.4,1346.2,1346.8,35381.0
2026-04-27 13:05:00,1346.2,1346.7,1346.0,1346.2,40029.0
2026-04-27 13:06:00,1346.0,1346.3,1345.2,1345.9,44174.0
2026-04-27 13:07:00,1345.9,1345.9,1345.0,1345.4,41299.0
2026-04-27 13:08:00,1345.4,1346.0,1345.4,1345.5,34431.0
2026-04-27 13:09:00,1345.7,1346.3,1345.5,1346.3,40218.0
2026-04-27 13:10:00,1346.2,1346.3,1345.9,1346.3,25175.0
2026-04-27 13:11:00,1346.3,1346.3,1345.9,1346.0,40666.0
2026-04-27 13:12:00,1345.9,1346.9,1345.9,1346.7,43181.0
2026-04-27 13:13:00,1346.3,1346.7,1346.2,1346.5,20233.0
2026-04-27 13:14:00,1346.4,1347.7,1346.1,1347.5,48187.0
2026-04-27 13:15:00,1347.6,1347.9,1347.3,1347.6,31064.0
2026-04-27 13:16:00,1347.6,1348.5,1347.5,1348.4,39688.0
2026-04-27 13:17:00,1348.3,1348.9,1348.0,1348.8,28475.0
2026-04-27 13:18:00,1348.8,1348.8,1347.3,1347.7,24207.0
2026-04-27 13:19:00,1347.4,1348.0,1347.1,1348.0,26334.0
2026-04-27 13:20:00,1347.8,1348.9,1347.6,1348.4,43213.0
2026-04-27 13:21:00,1348.4,1349.8,1348.4,1349.3,49678.0
2026-04-27 13:22:00,1349.3,1349.4,1348.8,1349.0,28058.0
2026-04-27 13:23:00,1349.0,1350.0,1349.0,1349.6,67057.0
2026-04-27 13:24:00,1349.6,1350.4,1349.0,1349.8,94522.0
2026-04-27 13:25:00,1349.8,1350.3,1349.1,1350.1,23145.0
2026-04-27 13:26:00,1350.0,1350.4,1349.9,1350.3,34625.0
2026-04-27 13:27:00,1350.3,1350.9,1350.1,1350.1,19838.0
2026-04-27 13:28:00,1350.5,1350.8,1350.0,1350.5,19938.0
2026-04-27 13:29:00,1350.5,1350.7,1350.0,1350.0,16132.0
2026-04-27 13:30:00,1350.0,1350.5,1350.0,1350.3,13883.0
2026-04-27 13:31:00,1350.3,1350.4,1348.6,1349.3,47796.0
2026-04-27 13:32:00,1349.3,1350.1,1348.9,1350.0,20394.0
2026-04-27 13:33:00,1349.9,1350.5,1349.9,1350.5,14559.0
2026-04-27 13:34:00,1350.4,1350.5,1350.0,1350.4,16911.0
2026-04-27 13:35:00,1350.2,1350.7,1350.0,1350.5,18804.0
2026-04-27 13:36:00,1350.2,1350.7,1349.8,1350.2,15801.0
2026-04-27 13:37:00,1350.0,1350.2,1349.9,1350.1,14917.0
2026-04-27 13:38:00,1350.0,1350.5,1349.9,1350.3,17960.0
2026-04-27 13:39:00,1350.3,1350.5,1350.3,1350.4,12699.0
2026-04-27 13:40:00,1350.4,1351.5,1350.4,1351.5,36231.0
2026-04-27 13:41:00,1351.2,1353.7,1350.7,1353.3,81658.0
2026-04-27 13:42:00,1353.4,1353.8,1353.0,1353.5,30206.0
2026-04-27 13:43:00,1353.5,1354.0,1353.1,1353.8,18193.0
2026-04-27 13:44:00,1353.6,1354.0,1353.5,1353.9,27556.0
2026-04-27 13:45:00,1353.8,1354.2,1351.8,1352.8,75000.0
2026-04-27 13:46:00,1352.8,1353.0,1352.7,1352.8,26728.0
2026-04-27 13:47:00,1352.9,1353.4,1352.7,1353.2,40910.0
2026-04-27 13:48:00,1353.2,1353.3,1352.8,1353.3,14811.0
2026-04-27 13:49:00,1353.3,1353.3,1353.0,1353.2,32805.0
2026-04-27 13:50:00,1353.2,1353.5,1353.0,1353.4,34272.0
2026-04-27 13:51:00,1353.4,1353.4,1352.3,1353.0,68333.0
2026-04-27 13:52:00,1353.0,1353.2,1352.6,1352.9,44854.0
2026-04-27 13:53:00,1352.8,1353.3,1352.4,1353.1,50467.0
2026-04-27 13:54:00,1353.2,1356.5,1353.1,1356.4,107435.0
2026-04-27 13:55:00,1356.1,1357.0,1355.7,1356.2,78709.0
2026-04-27 13:56:00,1356.0,1356.3,1355.4,1355.5,34666.0
2026-04-27 13:57:00,1355.9,1357.3,1355.6,1357.2,157660.0
2026-04-27 13:58:00,1357.0,1357.2,1355.7,1355.8,67379.0
2026-04-27 13:59:00,1356.1,1356.2,1355.4,1355.9,29241.0
2026-04-27 14:00:00,1355.5,1356.3,1355.5,1356.2,36105.0
2026-04-27 14:01:00,1356.2,1356.3,1355.9,1355.9,22842.0
2026-04-27 14:02:00,1356.1,1356.1,1355.1,1355.7,38620.0
2026-04-27 14:03:00,1355.2,1355.7,1354.6,1355.3,45663.0
2026-04-27 14:04:00,1355.0,1357.5,1355.0,1357.3,100964.0
2026-04-27 14:05:00,1357.4,1358.2,1357.4,1358.1,56446.0
2026-04-27 14:06:00,1358.0,1358.2,1357.5,1357.5,72590.0
2026-04-27 14:07:00,1357.5,1357.5,1356.8,1357.4,51477.0
2026-04-27 14:08:00,1357.2,1357.3,1356.9,1356.9,18258.0
2026-04-27 14:09:00,1356.8,1356.9,1355.8,1356.0,34935.0
2026-04-27 14:10:00,1355.9,1356.1,1354.2,1356.1,90625.0
2026-04-27 14:11:00,1356.2,1356.2,1354.3,1355.0,42494.0
2026-04-27 14:12:00,1355.0,1355.4,1354.8,1354.8,25716.0
2026-04-27 14:13:00,1354.8,1355.4,1354.3,1355.4,36629.0
2026-04-27 14:14:00,1355.4,1356.1,1355.2,1355.8,62094.0
2026-04-27 14:15:00,1355.4,1355.6,1354.1,1355.0,63175.0
2026-04-27 14:16:00,1355.1,1355.2,1354.8,1355.1,18880.0
2026-04-27 14:17:00,1355.1,1355.2,1354.4,1354.9,67814.0
2026-04-27 14:18:00,1354.6,1355.2,1354.6,1355.0,56433.0
2026-04-27 14:19:00,1355.0,1355.2,1354.0,1354.2,32006.0
2026-04-27 14:20:00,1354.2,1354.7,1354.0,1354.3,40801.0
2026-04-27 14:21:00,1354.5,1354.8,1354.0,1354.8,40641.0
2026-04-27 14:22:00,1354.7,1356.5,1354.7,1356.4,78564.0
2026-04-27 14:23:00,1356.4,1356.5,1355.9,1356.3,35538.0
2026-04-27 14:24:00,1356.3,1356.3,1355.6,1356.1,44952.0
2026-04-27 14:25:00,1356.1,1356.3,1355.8,1356.1,38385.0
2026-04-27 14:26:00,1356.2,1356.4,1354.6,1356.1,216817.0
2026-04-27 14:27:00,1355.9,1356.5,1355.4,1356.3,47932.0
2026-04-27 14:28:00,1355.9,1356.8,1355.9,1356.8,37041.0
2026-04-27 14:29:00,1356.8,1356.8,1356.4,1356.7,31341.0
2026-04-27 14:30:00,1356.7,1356.8,1356.6,1356.7,33166.0
2026-04-27 14:31:00,1356.7,1356.8,1355.5,1355.9,73207.0
2026-04-27 14:32:00,1355.6,1355.7,1354.0,1354.6,85663.0
2026-04-27 14:33:00,1354.6,1355.5,1354.5,1355.4,38143.0
2026-04-27 14:34:00,1356.0,1356.0,1355.3,1356.0,45248.0
2026-04-27 14:35:00,1356.0,1356.0,1355.0,1355.3,43079.0
2026-04-27 14:36:00,1355.3,1355.3,1354.2,1355.0,61602.0
2026-04-27 14:37:00,1355.0,1355.3,1354.4,1355.3,71801.0
2026-04-27 14:38:00,1355.4,1357.0,1355.4,1356.1,82429.0
2026-04-27 14:39:00,1355.2,1356.1,1355.1,1355.4,122737.0
2026-04-27 14:40:00,1355.4,1356.1,1355.3,1356.1,100522.0
2026-04-27 14:41:00,1356.2,1356.5,1356.0,1356.5,53822.0
2026-04-27 14:42:00,1356.5,1358.9,1356.3,1358.8,108170.0
2026-04-27 14:43:00,1358.9,1360.6,1358.9,1360.0,285539.0
2026-04-27 14:44:00,1360.0,1360.7,1360.0,1360.3,52297.0
2026-04-27 14:45:00,1360.4,1360.5,1360.0,1360.0,45868.0
2026-04-27 14:46:00,1360.2,1360.3,1358.2,1360.0,153157.0
2026-04-27 14:47:00,1360.0,1360.1,1358.5,1359.1,152297.0
2026-04-27 14:48:00,1359.1,1360.2,1358.3,1359.1,141175.0
2026-04-27 14:49:00,1359.5,1360.4,1358.8,1360.4,203198.0
2026-04-27 14:50:00,1360.3,1360.4,1359.1,1360.1,65295.0
2026-04-27 14:51:00,1360.0,1360.2,1359.9,1360.0,56767.0
2026-04-27 14:52:00,1360.0,1361.7,1359.8,1361.5,212337.0
2026-04-27 14:53:00,1361.9,1362.5,1361.9,1362.5,102531.0
2026-04-27 14:54:00,1362.5,1365.9,1362.3,1365.9,187096.0
2026-04-27 14:55:00,1366.3,1367.9,1365.4,1367.8,147263.0
2026-04-27 14:56:00,1367.6,1368.0,1367.0,1367.1,130553.0
2026-04-27 14:57:00,1367.2,1367.8,1365.0,1365.4,79466.0
2026-04-27 14:58:00,1365.7,1366.7,1365.4,1366.6,57926.0
2026-04-27 14:59:00,1366.2,1366.3,1365.1,1365.4,105542.0
2026-04-27 15:00:00,1364.2,1365.4,1364.2,1365.0,239254.0
2026-04-27 15:01:00,1365.0,1365.5,1364.8,1365.0,255409.0
2026-04-27 15:02:00,1365.0,1365.1,1365.0,1365.1,188730.0
2026-04-27 15:03:00,1365.1,1365.2,1363.8,1365.1,270038.0
2026-04-27 15:04:00,1365.1,1365.7,1364.3,1365.7,140774.0
2026-04-27 15:05:00,1365.2,1365.8,1365.0,1365.1,109044.0
2026-04-27 15:06:00,1365.0,1365.4,1364.1,1365.1,180200.0
2026-04-27 15:07:00,1365.3,1365.3,1365.0,1365.1,123541.0
2026-04-27 15:08:00,1365.0,1365.2,1364.5,1364.7,116040.0
2026-04-27 15:09:00,1364.4,1365.2,1364.2,1364.9,165182.0
2026-04-27 15:10:00,1364.5,1365.3,1364.5,1365.0,108350.0
2026-04-27 15:11:00,1365.0,1365.3,1364.6,1365.1,135064.0
2026-04-27 15:12:00,1365.0,1365.7,1365.0,1365.2,96138.0
2026-04-27 15:13:00,1365.1,1365.6,1364.5,1364.6,97162.0
2026-04-27 15:14:00,1364.7,1365.2,1364.2,1365.1,158666.0
2026-04-27 15:15:00,1365.1,1365.2,1364.6,1365.1,109805.0
2026-04-27 15:16:00,1365.2,1366.2,1365.0,1366.2,125133.0
2026-04-27 15:17:00,1366.0,1366.2,1364.9,1365.0,138719.0
2026-04-27 15:18:00,1365.0,1365.3,1364.6,1365.0,177121.0
2026-04-27 15:19:00,1365.0,1365.9,1365.0,1365.4,164320.0
2026-04-27 15:20:00,1366.0,1367.5,1365.7,1366.6,153886.0
2026-04-27 15:21:00,1366.7,1368.0,1366.7,1368.0,165383.0
2026-04-27 15:22:00,1368.0,1368.3,1366.8,1367.5,134682.0
2026-04-27 15:23:00,1366.9,1367.6,1366.3,1367.4,132397.0
2026-04-27 15:24:00,1366.9,1368.0,1365.6,1365.8,147242.0
2026-04-27 15:25:00,1366.1,1367.0,1365.3,1365.8,186824.0
2026-04-27 15:26:00,1365.4,1366.3,1365.0,1365.5,124713.0
2026-04-27 15:27:00,1365.5,1366.2,1365.0,1365.4,143440.0
2026-04-27 15:28:00,1365.3,1370.8,1365.3,1368.1,194311.0
2026-04-27 15:29:00,1368.3,1371.6,1366.6,1370.5,96573.0
2026-04-28 09:15:00,1358.0,1363.5,1357.0,1362.4,331219.0
2026-04-28 09:16:00,1361.9,1367.4,1361.2,1363.1,527256.0
2026-04-28 09:17:00,1363.6,1363.6,1361.3,1362.1,194787.0
2026-04-28 09:18:00,1362.3,1364.5,1362.2,1364.3,74479.0
2026-04-28 09:19:00,1364.4,1365.2,1364.3,1365.1,122240.0
2026-04-28 09:20:00,1365.1,1367.7,1364.4,1364.7,221233.0
2026-04-28 09:21:00,1364.5,1364.5,1360.2,1361.0,152233.0
2026-04-28 09:22:00,1361.2,1361.2,1358.6,1360.5,162918.0
2026-04-28 09:23:00,1360.5,1360.6,1359.4,1359.6,79840.0
2026-04-28 09:24:00,1359.6,1360.1,1358.7,1359.8,91811.0
2026-04-28 09:25:00,1359.8,1363.4,1359.8,1363.3,76722.0
2026-04-28 09:26:00,1363.0,1364.0,1362.7,1364.0,78963.0
2026-04-28 09:27:00,1363.6,1363.9,1363.0,1363.6,69107.0
2026-04-28 09:28:00,1363.6,1366.3,1363.0,1366.3,168071.0
2026-04-28 09:29:00,1366.3,1366.3,1363.3,1363.8,120609.0
2026-04-28 09:30:00,1363.8,1364.4,1363.3,1363.9,62768.0
2026-04-28 09:31:00,1364.1,1364.1,1363.3,1363.9,52636.0
2026-04-28 09:32:00,1363.5,1363.9,1361.6,1362.2,66232.0
2026-04-28 09:33:00,1362.3,1363.9,1361.8,1363.6,65475.0
2026-04-28 09:34:00,1363.9,1364.0,1363.1,1363.4,46084.0
2026-04-28 09:35:00,1363.5,1363.7,1362.1,1362.2,48310.0
2026-04-28 09:36:00,1362.2,1363.0,1362.2,1363.0,61173.0
2026-04-28 09:37:00,1363.0,1364.5,1362.8,1364.2,55090.0
2026-04-28 09:38:00,1364.1,1364.2,1363.8,1364.1,56063.0
2026-04-28 09:39:00,1364.2,1364.8,1364.1,1364.5,49175.0
2026-04-28 09:40:00,1364.5,1366.2,1364.5,1366.2,78626.0
2026-04-28 09:41:00,1366.2,1366.5,1365.0,1365.1,42766.0
2026-04-28 09:42:00,1365.1,1366.1,1365.0,1365.6,134289.0
2026-04-28 09:43:00,1365.6,1367.4,1365.5,1367.1,99034.0
2026-04-28 09:44:00,1367.4,1367.6,1366.8,1367.1,67480.0
2026-04-28 09:45:00,1367.3,1367.5,1365.7,1366.0,86783.0
2026-04-28 09:46:00,1366.1,1366.1,1365.3,1365.5,49652.0
2026-04-28 09:47:00,1365.3,1365.5,1363.8,1364.0,63657.0
2026-04-28 09:48:00,1364.0,1364.8,1361.8,1364.3,175116.0
2026-04-28 09:49:00,1364.3,1364.9,1363.8,1364.7,30743.0
2026-04-28 09:50:00,1364.8,1364.9,1364.6,1364.8,27856.0
2026-04-28 09:51:00,1364.6,1364.7,1364.0,1364.5,117211.0
2026-04-28 09:52:00,1364.5,1364.7,1364.3,1364.5,57671.0
2026-04-28 09:53:00,1364.7,1364.7,1363.5,1363.9,164685.0
2026-04-28 09:54:00,1363.9,1366.0,1363.7,1366.0,45391.0
2026-04-28 09:55:00,1366.0,1368.7,1366.0,1368.7,89373.0
2026-04-28 09:56:00,1368.7,1368.7,1367.7,1368.5,48082.0
2026-04-28 09:57:00,1368.2,1368.4,1367.8,1368.0,39509.0
2026-04-28 09:58:00,1368.0,1368.3,1367.8,1367.9,30757.0
2026-04-28 09:59:00,1368.3,1368.5,1367.9,1368.4,32151.0
2026-04-28 10:00:00,1368.4,1369.5,1368.3,1369.5,59582.0
2026-04-28 10:01:00,1369.5,1370.0,1368.6,1369.0,66839.0
2026-04-28 10:02:00,1369.0,1369.0,1365.7,1366.3,2355783.0
2026-04-28 10:03:00,1366.7,1366.8,1365.9,1366.4,57131.0
2026-04-28 10:04:00,1366.1,1366.5,1365.5,1365.6,91924.0
2026-04-28 10:05:00,1365.6,1365.6,1364.4,1364.4,132806.0
2026-04-28 10:06:00,1364.6,1364.6,1362.6,1363.5,216270.0
2026-04-28 10:07:00,1363.8,1363.9,1363.2,1363.7,44157.0
2026-04-28 10:08:00,1363.8,1364.0,1363.6,1364.0,34421.0
2026-04-28 10:09:00,1364.0,1364.9,1363.4,1363.9,51552.0
2026-04-28 10:10:00,1363.6,1364.0,1363.4,1363.9,52700.0
2026-04-28 10:11:00,1363.9,1363.9,1363.4,1363.4,16062.0
2026-04-28 10:12:00,1363.5,1363.5,1363.0,1363.5,22849.0
2026-04-28 10:13:00,1363.5,1363.5,1363.0,1363.4,90733.0
2026-04-28 10:14:00,1363.4,1363.4,1362.5,1362.9,82876.0
2026-04-28 10:15:00,1362.6,1363.7,1362.2,1363.5,84755.0
2026-04-28 10:16:00,1363.5,1367.3,1363.4,1367.2,170252.0
2026-04-28 10:17:00,1367.2,1368.0,1366.1,1368.0,50040.0
2026-04-28 10:18:00,1368.0,1368.0,1367.0,1367.9,24083.0
2026-04-28 10:19:00,1367.9,1367.9,1367.0,1367.4,17776.0
2026-04-28 10:20:00,1367.1,1367.7,1366.9,1367.7,36348.0
2026-04-28 10:21:00,1367.7,1370.3,1367.3,1370.3,90100.0
2026-04-28 10:22:00,1370.0,1372.0,1369.8,1371.5,82752.0
2026-04-28 10:23:00,1371.4,1371.5,1369.9,1370.0,53316.0
2026-04-28 10:24:00,1370.1,1374.7,1370.0,1373.5,191971.0
2026-04-28 10:25:00,1373.9,1377.3,1373.9,1377.0,294576.0
2026-04-28 10:26:00,1377.3,1379.6,1376.8,1378.2,502209.0
2026-04-28 10:27:00,1378.1,1378.4,1377.4,1377.8,38254.0
2026-04-28 10:28:00,1378.0,1378.0,1375.6,1376.1,52488.0
2026-04-28 10:29:00,1376.2,1376.5,1375.0,1375.0,40736.0
2026-04-28 10:30:00,1375.1,1375.9,1375.1,1375.4,51303.0
2026-04-28 10:31:00,1375.4,1376.3,1375.3,1375.9,30825.0
2026-04-28 10:32:00,1376.2,1376.8,1375.8,1376.0,28708.0
2026-04-28 10:33:00,1375.5,1375.7,1375.1,1375.1,25283.0
2026-04-28 10:34:00,1375.3,1375.5,1374.9,1375.1,27780.0
2026-04-28 10:35:00,1375.1,1375.3,1374.9,1375.0,30610.0
2026-04-28 10:36:00,1375.1,1375.3,1374.0,1374.9,130995.0
2026-04-28 10:37:00,1374.9,1375.0,1374.0,1375.0,82382.0
2026-04-28 10:38:00,1375.0,1375.4,1374.3,1375.3,88735.0
2026-04-28 10:39:00,1375.5,1376.9,1375.3,1376.7,38118.0
2026-04-28 10:40:00,1376.5,1376.5,1375.2,1375.7,34851.0
2026-04-28 10:41:00,1375.7,1375.9,1375.0,1375.1,23060.0
2026-04-28 10:42:00,1375.3,1375.6,1374.9,1375.5,25194.0
2026-04-28 10:43:00,1375.5,1376.1,1375.2,1375.8,19709.0
2026-04-28 10:44:00,1376.0,1376.3,1375.2,1376.1,21237.0
2026-04-28 10:45:00,1376.1,1377.0,1375.7,1377.0,32833.0
2026-04-28 10:46:00,1377.0,1377.6,1377.0,1377.4,29482.0
2026-04-28 10:47:00,1377.2,1377.4,1375.5,1376.0,28484.0
2026-04-28 10:48:00,1375.6,1377.6,1375.6,1377.3,33724.0
2026-04-28 10:49:00,1377.6,1378.2,1377.1,1378.2,53297.0
2026-04-28 10:50:00,1378.4,1380.0,1378.1,1379.6,82903.0
2026-04-28 10:51:00,1379.7,1379.7,1379.0,1379.3,42869.0
2026-04-28 10:52:00,1379.5,1380.0,1379.1,1379.9,36529.0
2026-04-28 10:53:00,1380.2,1380.2,1379.5,1380.0,66915.0
2026-04-28 10:54:00,1379.9,1380.3,1379.5,1380.0,66741.0
2026-04-28 10:55:00,1380.0,1381.4,1379.5,1381.1,54704.0
2026-04-28 10:56:00,1381.0,1381.8,1380.8,1381.7,49363.0
2026-04-28 10:57:00,1381.8,1384.1,1381.1,1382.9,202057.0
2026-04-28 10:58:00,1382.8,1383.0,1382.0,1382.7,31759.0
2026-04-28 10:59:00,1382.4,1383.7,1382.3,1382.6,46718.0
2026-04-28 11:00:00,1383.1,1383.1,1381.5,1381.6,46798.0
2026-04-28 11:01:00,1381.6,1382.6,1381.5,1382.2,27658.0
2026-04-28 11:02:00,1382.2,1382.7,1381.5,1381.7,50377.0
2026-04-28 11:03:00,1382.0,1383.4,1381.7,1383.0,39605.0
2026-04-28 11:04:00,1383.2,1385.0,1382.7,1383.9,347447.0
2026-04-28 11:05:00,1383.8,1384.8,1383.8,1384.1,89500.0
2026-04-28 11:06:00,1384.1,1385.1,1383.5,1384.3,177400.0
2026-04-28 11:07:00,1384.3,1384.5,1383.6,1383.6,28434.0
2026-04-28 11:08:00,1383.9,1385.0,1383.5,1384.8,65918.0
2026-04-28 11:09:00,1385.0,1387.5,1385.0,1387.0,89122.0
2026-04-28 11:10:00,1387.1,1387.8,1386.1,1386.3,40605.0
2026-04-28 11:11:00,1386.4,1386.4,1384.2,1384.2,42551.0
2026-04-28 11:12:00,1384.3,1387.3,1384.3,1387.0,48601.0
2026-04-28 11:13:00,1387.0,1387.3,1386.5,1386.8,23897.0
2026-04-28 11:14:00,1386.8,1386.8,1386.4,1386.6,16011.0
2026-04-28 11:15:00,1386.6,1386.6,1385.0,1385.0,23108.0
2026-04-28 11:16:00,1385.0,1385.3,1384.5,1384.5,35661.0
2026-04-28 11:17:00,1384.3,1384.6,1383.7,1383.7,22354.0
2026-04-28 11:18:00,1383.7,1384.6,1383.7,1383.8,31002.0
2026-04-28 11:19:00,1383.9,1383.9,1383.1,1383.2,38495.0
2026-04-28 11:20:00,1383.1,1383.3,1382.9,1383.1,20644.0
2026-04-28 11:21:00,1383.3,1383.4,1382.9,1383.4,16922.0
2026-04-28 11:22:00,1383.4,1383.4,1382.2,1382.5,46936.0
2026-04-28 11:23:00,1382.7,1383.0,1382.5,1382.6,20137.0
2026-04-28 11:24:00,1382.4,1382.6,1381.0,1381.2,60289.0
2026-04-28 11:25:00,1381.1,1381.3,1379.5,1379.6,52088.0
2026-04-28 11:26:00,1379.5,1379.5,1377.4,1377.4,54084.0
2026-04-28 11:27:00,1377.0,1377.0,1375.8,1376.0,49360.0
2026-04-28 11:28:00,1376.1,1376.4,1374.2,1374.4,43703.0
2026-04-28 11:29:00,1374.7,1375.5,1374.5,1374.7,46075.0
2026-04-28 11:30:00,1374.6,1374.7,1372.9,1373.6,83119.0
2026-04-28 11:31:00,1373.6,1375.5,1372.8,1375.4,76796.0
2026-04-28 11:32:00,1375.5,1375.7,1373.0,1373.4,45050.0
2026-04-28 11:33:00,1373.3,1375.1,1372.8,1373.6,84648.0
2026-04-28 11:34:00,1373.5,1374.5,1373.0,1374.2,47044.0
2026-04-28 11:35:00,1374.1,1375.5,1374.0,1375.1,60887.0
2026-04-28 11:36:00,1375.2,1377.4,1374.9,1377.4,56483.0
2026-04-28 11:37:00,1377.2,1377.3,1376.3,1377.0,36536.0
2026-04-28 11:38:00,1376.7,1380.9,1375.2,1380.1,465260.0
2026-04-28 11:39:00,1380.2,1380.8,1379.3,1379.4,32344.0
2026-04-28 11:40:00,1379.5,1381.5,1379.4,1380.9,80637.0
2026-04-28 11:41:00,1381.0,1381.0,1379.0,1380.0,39439.0
2026-04-28 11:42:00,1380.1,1380.1,1378.5,1378.8,26364.0
2026-04-28 11:43:00,1378.9,1380.1,1378.3,1379.7,149819.0
2026-04-28 11:44:00,1380.0,1381.2,1379.6,1381.1,55465.0
2026-04-28 11:45:00,1381.1,1381.4,1380.1,1380.1,92942.0
2026-04-28 11:46:00,1380.1,1382.5,1379.9,1382.0,81527.0
2026-04-28 11:47:00,1382.1,1382.1,1380.5,1382.0,40432.0
2026-04-28 11:48:00,1382.0,1382.1,1380.8,1382.0,62031.0
2026-04-28 11:49:00,1382.0,1383.3,1382.0,1383.0,125020.0
2026-04-28 11:50:00,1382.9,1383.1,1381.8,1382.4,57775.0
2026-04-28 11:51:00,1382.5,1382.9,1381.2,1381.2,27225.0
2026-04-28 11:52:00,1381.2,1381.8,1380.6,1380.6,35753.0
2026-04-28 11:53:00,1381.0,1381.0,1380.0,1380.2,31773.0
2026-04-28 11:54:00,1380.0,1380.4,1379.0,1379.5,63484.0
2026-04-28 11:55:00,1379.2,1381.2,1379.0,1380.7,139498.0
2026-04-28 11:56:00,1380.9,1380.9,1379.7,1380.0,21823.0
2026-04-28 11:57:00,1380.0,1381.6,1379.4,1381.1,56746.0
2026-04-28 11:58:00,1381.1,1382.1,1380.8,1380.9,43226.0
2026-04-28 11:59:00,1380.7,1380.7,1379.0,1379.0,75890.0
2026-04-28 12:00:00,1379.2,1379.2,1378.5,1378.5,46950.0
2026-04-28 12:01:00,1378.7,1379.9,1378.1,1379.6,45126.0
2026-04-28 12:02:00,1379.6,1379.8,1379.0,1379.4,58212.0
2026-04-28 12:03:00,1379.3,1379.9,1379.0,1379.8,50098.0
2026-04-28 12:04:00,1379.8,1379.8,1379.0,1379.2,38294.0
2026-04-28 12:05:00,1379.6,1381.6,1378.6,1381.6,124358.0
2026-04-28 12:06:00,1381.4,1381.6,1380.2,1380.7,37691.0
2026-04-28 12:07:00,1380.4,1381.3,1380.0,1381.0,61722.0
2026-04-28 12:08:00,1381.3,1382.1,1381.2,1382.0,38229.0
2026-04-28 12:09:00,1382.1,1382.3,1382.0,1382.1,19451.0
2026-04-28 12:10:00,1382.1,1382.8,1382.0,1382.7,37165.0
2026-04-28 12:11:00,1382.7,1382.7,1382.0,1382.1,23223.0
2026-04-28 12:12:00,1382.0,1383.0,1382.0,1382.8,37114.0
2026-04-28 12:13:00,1382.9,1383.8,1382.7,1383.0,47259.0
2026-04-28 12:14:00,1383.3,1383.5,1383.0,1383.3,27483.0
2026-04-28 12:15:00,1383.2,1383.3,1382.0,1382.2,53302.0
2026-04-28 12:16:00,1382.4,1382.4,1382.0,1382.0,29041.0
2026-04-28 12:17:00,1382.0,1382.3,1381.6,1381.9,52311.0
2026-04-28 12:18:00,1381.9,1382.3,1381.8,1382.2,37109.0
2026-04-28 12:19:00,1382.2,1382.3,1382.0,1382.2,30370.0
2026-04-28 12:20:00,1382.0,1382.2,1381.3,1382.2,67872.0
2026-04-28 12:21:00,1382.0,1382.3,1382.0,1382.0,34416.0
2026-04-28 12:22:00,1382.1,1382.1,1379.3,1379.4,73628.0
2026-04-28 12:23:00,1379.4,1379.8,1379.0,1379.0,41180.0
2026-04-28 12:24:00,1379.0,1379.4,1379.0,1379.1,43454.0
2026-04-28 12:25:00,1379.1,1379.5,1378.5,1379.0,35651.0
2026-04-28 12:26:00,1378.9,1379.9,1378.8,1379.6,37557.0
2026-04-28 12:27:00,1379.9,1379.9,1379.0,1379.2,13700.0
2026-04-28 12:28:00,1379.0,1379.0,1378.3,1378.5,40217.0
2026-04-28 12:29:00,1378.5,1378.5,1377.0,1377.0,70810.0
2026-04-28 12:30:00,1377.1,1377.3,1377.0,1377.0,55234.0
2026-04-28 12:31:00,1377.1,1377.1,1375.5,1375.5,71832.0
2026-04-28 12:32:00,1375.5,1375.6,1374.2,1374.9,58531.0
2026-04-28 12:33:00,1374.9,1375.4,1374.3,1374.6,50613.0
2026-04-28 12:34:00,1374.9,1375.4,1374.5,1375.4,32857.0
2026-04-28 12:35:00,1375.4,1377.0,1375.2,1376.4,59917.0
2026-04-28 12:36:00,1376.7,1377.0,1375.4,1376.8,58899.0
2026-04-28 12:37:00,1376.7,1377.0,1376.0,1376.3,28743.0
2026-04-28 12:38:00,1376.5,1377.1,1376.0,1376.5,37885.0
2026-04-28 12:39:00,1376.5,1376.5,1375.7,1375.8,53781.0
2026-04-28 12:40:00,1376.0,1376.4,1375.9,1376.1,41863.0
2026-04-28 12:41:00,1376.4,1376.4,1375.8,1376.1,42156.0
2026-04-28 12:42:00,1376.0,1377.5,1375.8,1377.5,29482.0
2026-04-28 12:43:00,1377.5,1379.1,1377.1,1378.9,94923.0
2026-04-28 12:44:00,1378.9,1380.1,1378.7,1380.0,127693.0
2026-04-28 12:45:00,1380.0,1380.8,1379.8,1380.6,34800.0
2026-04-28 12:46:00,1380.6,1380.8,1380.0,1380.1,33267.0
2026-04-28 12:47:00,1380.3,1380.3,1379.2,1379.8,124616.0
2026-04-28 12:48:00,1379.5,1379.5,1377.6,1378.3,84977.0
2026-04-28 12:49:00,1378.5,1380.0,1378.3,1379.6,98442.0
2026-04-28 12:50:00,1379.5,1380.8,1379.4,1380.2,73977.0
2026-04-28 12:51:00,1380.3,1380.4,1379.9,1380.2,18938.0
2026-04-28 12:52:00,1380.5,1380.8,1379.9,1379.9,24142.0
2026-04-28 12:53:00,1380.0,1380.5,1379.6,1380.1,49848.0
2026-04-28 12:54:00,1380.1,1380.2,1379.8,1380.0,65721.0
2026-04-28 12:55:00,1380.0,1380.6,1380.0,1380.5,26950.0
2026-04-28 12:56:00,1380.6,1380.6,1380.0,1380.0,21977.0
2026-04-28 12:57:00,1380.0,1380.4,1379.4,1380.1,54802.0
2026-04-28 12:58:00,1380.1,1380.3,1379.9,1380.0,29084.0
2026-04-28 12:59:00,1380.1,1380.5,1379.6,1380.0,26753.0
2026-04-28 13:00:00,1379.9,1380.1,1377.2,1377.3,47729.0
2026-04-28 13:01:00,1377.2,1377.7,1376.2,1376.2,55329.0
2026-04-28 13:02:00,1376.5,1378.7,1375.9,1378.3,89525.0
2026-04-28 13:03:00,1378.1,1378.6,1377.4,1377.4,336452.0
2026-04-28 13:04:00,1377.4,1378.0,1376.7,1377.1,646754.0
2026-04-28 13:05:00,1377.1,1378.0,1376.5,1377.5,317241.0
2026-04-28 13:06:00,1377.5,1377.6,1377.1,1377.1,22728.0
2026-04-28 13:07:00,1377.2,1378.4,1377.1,1378.2,105362.0
2026-04-28 13:08:00,1378.4,1379.2,1378.1,1378.9,31513.0
2026-04-28 13:09:00,1378.9,1379.3,1378.5,1378.5,23807.0
2026-04-28 13:10:00,1378.6,1379.0,1378.1,1378.3,44517.0
2026-04-28 13:11:00,1378.6,1379.4,1378.6,1379.0,39678.0
2026-04-28 13:12:00,1379.1,1379.4,1378.9,1379.0,25048.0
2026-04-28 13:13:00,1379.0,1379.3,1378.5,1379.1,39824.0
2026-04-28 13:14:00,1379.3,1379.4,1378.9,1379.1,26870.0
2026-04-28 13:15:00,1379.1,1379.4,1378.9,1379.3,24970.0
2026-04-28 13:16:00,1379.4,1379.4,1379.0,1379.3,20093.0
2026-04-28 13:17:00,1379.3,1380.3,1379.2,1380.1,42596.0
2026-04-28 13:18:00,1380.2,1381.0,1380.2,1380.6,20243.0
2026-04-28 13:19:00,1380.6,1381.8,1380.5,1381.5,46906.0
2026-04-28 13:20:00,1381.9,1381.9,1380.3,1380.4,34035.0
2026-04-28 13:21:00,1380.5,1381.5,1380.4,1381.5,24424.0
2026-04-28 13:22:00,1381.6,1382.3,1381.4,1382.0,39199.0
2026-04-28 13:23:00,1382.1,1382.2,1381.4,1381.8,21392.0
2026-04-28 13:24:00,1381.8,1382.8,1381.6,1382.4,48042.0
2026-04-28 13:25:00,1382.7,1383.3,1382.4,1382.6,62296.0
2026-04-28 13:26:00,1382.5,1382.6,1381.5,1381.5,25431.0
2026-04-28 13:27:00,1382.0,1383.9,1382.0,1383.1,36014.0
2026-04-28 13:28:00,1383.1,1383.3,1382.5,1382.7,16991.0
2026-04-28 13:29:00,1382.8,1382.8,1381.5,1381.9,21410.0
2026-04-28 13:30:00,1382.0,1382.1,1380.1,1380.3,34289.0
2026-04-28 13:31:00,1380.3,1380.8,1379.5,1380.2,56325.0
2026-04-28 13:32:00,1380.2,1380.7,1379.9,1380.0,45701.0
2026-04-28 13:33:00,1380.1,1380.3,1379.5,1379.7,74419.0
2026-04-28 13:34:00,1379.7,1380.1,1379.3,1380.0,133659.0
2026-04-28 13:35:00,1380.1,1380.3,1379.0,1379.6,178141.0
2026-04-28 13:36:00,1380.0,1380.1,1378.7,1380.1,264614.0
2026-04-28 13:37:00,1380.1,1380.9,1379.9,1380.3,61909.0
2026-04-28 13:38:00,1380.4,1381.4,1380.2,1381.1,65555.0
2026-04-28 13:39:00,1381.1,1381.7,1380.8,1381.7,87165.0
2026-04-28 13:40:00,1381.7,1382.7,1381.5,1382.4,84670.0
2026-04-28 13:41:00,1382.5,1384.0,1382.5,1383.7,84975.0
2026-04-28 13:42:00,1383.7,1385.5,1383.3,1385.2,207050.0
2026-04-28 13:43:00,1385.3,1386.2,1385.2,1386.0,68079.0
2026-04-28 13:44:00,1386.0,1386.5,1385.5,1385.5,85099.0
2026-04-28 13:45:00,1385.6,1385.6,1383.1,1383.5,54041.0
2026-04-28 13:46:00,1383.6,1384.3,1383.5,1384.2,38214.0
2026-04-28 13:47:00,1384.2,1384.2,1382.4,1382.9,91991.0
2026-04-28 13:48:00,1382.9,1382.9,1381.3,1381.3,62988.0
2026-04-28 13:49:00,1381.3,1381.9,1380.5,1380.7,80051.0
2026-04-28 13:50:00,1380.4,1380.9,1380.0,1380.2,85617.0
2026-04-28 13:51:00,1380.7,1382.0,1380.6,1382.0,38839.0
2026-04-28 13:52:00,1382.0,1382.3,1381.0,1381.7,33699.0
2026-04-28 13:53:00,1381.8,1382.8,1381.1,1381.2,35016.0
2026-04-28 13:54:00,1381.5,1382.5,1381.5,1382.5,64768.0
2026-04-28 13:55:00,1382.5,1383.5,1382.0,1383.5,70498.0
2026-04-28 13:56:00,1383.3,1383.9,1383.0,1383.9,43008.0
2026-04-28 13:57:00,1383.9,1383.9,1382.1,1382.4,59864.0
2026-04-28 13:58:00,1382.6,1383.8,1382.6,1383.5,38544.0
2026-04-28 13:59:00,1383.5,1383.5,1382.8,1383.0,34486.0
2026-04-28 14:00:00,1383.1,1383.5,1382.8,1383.3,23423.0
2026-04-28 14:01:00,1383.2,1383.6,1382.7,1383.3,33014.0
2026-04-28 14:02:00,1383.3,1384.0,1383.0,1383.7,49263.0
2026-04-28 14:03:00,1383.5,1383.9,1382.9,1383.5,28203.0
2026-04-28 14:04:00,1383.6,1384.3,1383.5,1383.8,62306.0
2026-04-28 14:05:00,1383.5,1383.9,1383.0,1383.9,57506.0
2026-04-28 14:06:00,1383.8,1384.0,1383.6,1383.9,67369.0
2026-04-28 14:07:00,1384.0,1384.1,1382.9,1382.9,84767.0
2026-04-28 14:08:00,1383.0,1383.7,1382.8,1383.3,78975.0
2026-04-28 14:09:00,1383.3,1384.2,1383.1,1384.0,89262.0
2026-04-28 14:10:00,1384.0,1384.0,1382.5,1382.6,76927.0
2026-04-28 14:11:00,1382.4,1383.1,1381.6,1383.0,156344.0
2026-04-28 14:12:00,1382.8,1382.9,1381.8,1382.7,92848.0
2026-04-28 14:13:00,1382.7,1383.3,1382.5,1382.6,123417.0
2026-04-28 14:14:00,1382.7,1382.7,1380.3,1380.6,119023.0
2026-04-28 14:15:00,1380.6,1381.4,1379.6,1379.9,115591.0
2026-04-28 14:16:00,1380.2,1380.6,1379.8,1380.3,164980.0
2026-04-28 14:17:00,1380.2,1381.3,1379.9,1380.8,76922.0
2026-04-28 14:18:00,1381.2,1383.2,1380.9,1383.0,129262.0
2026-04-28 14:19:00,1383.2,1383.2,1382.1,1382.2,43890.0
2026-04-28 14:20:00,1382.1,1382.3,1381.4,1382.3,39174.0
2026-04-28 14:21:00,1382.1,1382.8,1381.8,1382.8,61896.0
2026-04-28 14:22:00,1382.6,1382.9,1382.4,1382.7,58495.0
2026-04-28 14:23:00,1382.5,1384.0,1382.4,1383.4,279855.0
2026-04-28 14:24:00,1383.3,1385.1,1383.3,1384.9,288152.0
2026-04-28 14:25:00,1384.9,1385.5,1383.5,1385.5,100557.0
2026-04-28 14:26:00,1385.5,1385.5,1384.2,1384.7,57813.0
2026-04-28 14:27:00,1384.9,1385.1,1384.2,1384.7,78083.0
2026-04-28 14:28:00,1384.7,1385.1,1384.1,1384.4,105495.0
2026-04-28 14:29:00,1384.6,1385.1,1384.5,1385.1,67455.0
2026-04-28 14:30:00,1385.0,1386.4,1385.0,1385.8,114105.0
2026-04-28 14:31:00,1385.9,1387.1,1385.4,1387.0,279231.0
2026-04-28 14:32:00,1387.1,1390.4,1386.9,1390.0,877641.0
2026-04-28 14:33:00,1390.1,1390.7,1389.6,1390.2,204202.0
2026-04-28 14:34:00,1390.1,1390.3,1387.0,1387.0,288623.0
2026-04-28 14:35:00,1387.5,1389.4,1387.5,1388.9,133362.0
2026-04-28 14:36:00,1388.7,1389.2,1388.0,1389.0,135189.0
2026-04-28 14:37:00,1389.1,1389.2,1388.8,1389.0,94351.0
2026-04-28 14:38:00,1389.3,1390.1,1389.0,1390.0,132450.0
2026-04-28 14:39:00,1389.9,1390.1,1389.1,1389.5,92152.0
2026-04-28 14:40:00,1389.7,1390.3,1389.1,1390.0,172328.0
2026-04-28 14:41:00,1390.2,1390.3,1390.0,1390.0,70210.0
2026-04-28 14:42:00,1390.1,1390.2,1389.9,1390.0,84833.0
2026-04-28 14:43:00,1390.1,1390.5,1389.4,1390.1,148799.0
2026-04-28 14:44:00,1390.1,1390.2,1389.5,1390.0,103094.0
2026-04-28 14:45:00,1390.1,1390.2,1390.0,1390.0,79383.0
2026-04-28 14:46:00,1390.0,1391.1,1390.0,1391.0,187593.0
2026-04-28 14:47:00,1390.6,1392.2,1390.6,1392.0,208044.0
2026-04-28 14:48:00,1392.1,1392.3,1391.3,1392.0,143993.0
2026-04-28 14:49:00,1392.0,1392.4,1391.0,1392.0,158062.0
2026-04-28 14:50:00,1392.1,1392.9,1391.6,1392.7,133264.0
2026-04-28 14:51:00,1392.9,1393.8,1392.3,1393.0,97712.0
2026-04-28 14:52:00,1393.1,1393.9,1392.9,1393.0,131123.0
2026-04-28 14:53:00,1393.2,1393.3,1392.9,1393.1,181169.0
2026-04-28 14:54:00,1392.9,1393.8,1392.0,1393.8,189075.0
2026-04-28 14:55:00,1393.2,1393.7,1392.9,1393.0,201169.0
2026-04-28 14:56:00,1393.1,1393.1,1392.9,1393.0,160126.0
2026-04-28 14:57:00,1393.1,1393.1,1390.0,1390.0,735283.0
2026-04-28 14:58:00,1390.1,1391.7,1390.0,1390.9,116762.0
2026-04-28 14:59:00,1391.0,1391.2,1390.5,1391.0,108105.0
2026-04-28 15:00:00,1391.1,1392.3,1390.9,1391.0,176457.0
2026-04-28 15:01:00,1391.1,1391.1,1388.6,1388.7,619838.0
2026-04-28 15:02:00,1388.7,1390.1,1388.7,1389.0,514726.0
2026-04-28 15:03:00,1389.0,1389.7,1388.4,1389.4,730485.0
2026-04-28 15:04:00,1389.5,1389.5,1387.7,1389.2,648031.0
2026-04-28 15:05:00,1389.5,1390.2,1389.0,1389.5,449046.0
2026-04-28 15:06:00,1389.6,1389.6,1388.0,1388.0,495649.0
2026-04-28 15:07:00,1388.0,1388.1,1386.3,1387.8,502426.0
2026-04-28 15:08:00,1388.0,1388.5,1387.0,1388.0,177183.0
2026-04-28 15:09:00,1388.4,1388.8,1387.3,1387.3,426408.0
2026-04-28 15:10:00,1387.2,1387.3,1386.3,1387.0,241030.0
2026-04-28 15:11:00,1387.0,1387.1,1386.7,1387.0,193161.0
2026-04-28 15:12:00,1387.1,1387.5,1386.5,1387.1,419245.0
2026-04-28 15:13:00,1387.0,1387.4,1387.0,1387.1,225264.0
2026-04-28 15:14:00,1387.2,1387.4,1386.3,1387.0,242365.0
2026-04-28 15:15:00,1387.0,1387.2,1386.9,1387.0,136716.0
2026-04-28 15:16:00,1387.1,1387.8,1387.0,1387.0,91630.0
2026-04-28 15:17:00,1387.0,1387.1,1386.0,1386.2,244924.0
2026-04-28 15:18:00,1386.5,1387.6,1386.1,1387.1,191613.0
2026-04-28 15:19:00,1387.0,1388.2,1387.0,1387.9,208900.0
2026-04-28 15:20:00,1387.5,1388.6,1387.0,1388.0,155469.0
2026-04-28 15:21:00,1388.1,1390.2,1387.8,1388.2,272178.0
2026-04-28 15:22:00,1388.3,1390.0,1388.0,1388.0,206869.0
2026-04-28 15:23:00,1388.3,1390.0,1388.0,1390.0,216559.0
2026-04-28 15:24:00,1390.1,1390.2,1388.0,1388.7,223902.0
2026-04-28 15:25:00,1388.5,1390.6,1388.2,1390.1,259563.0
2026-04-28 15:26:00,1390.2,1391.1,1389.0,1390.8,253985.0
2026-04-28 15:27:00,1390.1,1391.2,1389.5,1391.2,370338.0
2026-04-28 15:28:00,1391.0,1392.1,1391.0,1392.0,325880.0
2026-04-28 15:29:00,1392.1,1395.2,1388.9,1388.9,310210.0
2026-04-29 09:15:00,1392.0,1401.9,1391.3,1400.6,341943.0
2026-04-29 09:16:00,1400.9,1403.0,1400.0,1402.2,215414.0
2026-04-29 09:17:00,1402.4,1406.8,1401.9,1405.7,204336.0
2026-04-29 09:18:00,1405.2,1406.2,1404.0,1405.1,131841.0
2026-04-29 09:19:00,1404.7,1407.7,1404.3,1404.5,139377.0
2026-04-29 09:20:00,1405.0,1408.7,1404.2,1408.4,127006.0
2026-04-29 09:21:00,1408.4,1409.5,1405.0,1405.0,92270.0
2026-04-29 09:22:00,1405.2,1406.6,1405.0,1406.4,43365.0
2026-04-29 09:23:00,1406.4,1406.4,1403.1,1403.1,61273.0
2026-04-29 09:24:00,1403.7,1404.7,1402.1,1404.1,79520.0
2026-04-29 09:25:00,1404.5,1404.5,1400.6,1400.6,215990.0
2026-04-29 09:26:00,1401.0,1403.8,1400.8,1403.4,95523.0
2026-04-29 09:27:00,1403.4,1404.0,1402.1,1403.1,23112.0
2026-04-29 09:28:00,1403.0,1403.9,1398.1,1399.6,85254.0
2026-04-29 09:29:00,1399.9,1403.0,1399.8,1401.0,280086.0
2026-04-29 09:30:00,1401.2,1402.7,1400.9,1402.0,62103.0
2026-04-29 09:31:00,1402.5,1405.5,1402.5,1405.0,99268.0
2026-04-29 09:32:00,1405.1,1405.5,1403.8,1404.0,46975.0
2026-04-29 09:33:00,1404.0,1404.1,1402.8,1403.1,35194.0
2026-04-29 09:34:00,1403.1,1404.0,1402.3,1403.7,55286.0
2026-04-29 09:35:00,1404.0,1404.3,1402.9,1403.6,81737.0
2026-04-29 09:36:00,1404.1,1404.7,1402.8,1404.0,64428.0
2026-04-29 09:37:00,1404.0,1404.9,1402.5,1404.0,190755.0
2026-04-29 09:38:00,1404.0,1405.8,1403.6,1405.0,98314.0
2026-04-29 09:39:00,1405.0,1405.2,1404.1,1404.8,135782.0
2026-04-29 09:40:00,1404.1,1406.9,1404.0,1406.6,54309.0
2026-04-29 09:41:00,1406.3,1406.6,1404.8,1405.3,41599.0
2026-04-29 09:42:00,1406.0,1406.0,1403.9,1404.0,66032.0
2026-04-29 09:43:00,1404.7,1405.1,1404.1,1405.0,34250.0
2026-04-29 09:44:00,1404.6,1405.4,1404.6,1405.0,13641.0
2026-04-29 09:45:00,1405.1,1405.3,1404.8,1404.8,21007.0
2026-04-29 09:46:00,1404.8,1405.3,1404.6,1404.6,26963.0
2026-04-29 09:47:00,1405.0,1405.0,1403.4,1404.3,92245.0
2026-04-29 09:48:00,1404.3,1404.5,1403.8,1403.9,28326.0
2026-04-29 09:49:00,1404.4,1404.8,1403.8,1404.6,30234.0
2026-04-29 09:50:00,1404.6,1405.2,1404.2,1404.7,41419.0
2026-04-29 09:51:00,1404.8,1405.4,1404.5,1404.6,25921.0
2026-04-29 09:52:00,1405.1,1405.8,1404.9,1405.0,22256.0
2026-04-29 09:53:00,1405.1,1405.8,1405.0,1405.5,22688.0
2026-04-29 09:54:00,1406.3,1406.3,1404.7,1405.0,31498.0
2026-04-29 09:55:00,1404.7,1406.7,1404.7,1405.9,34863.0
2026-04-29 09:56:00,1406.2,1406.2,1405.0,1405.3,19721.0
2026-04-29 09:57:00,1405.6,1405.7,1405.2,1405.3,21454.0
2026-04-29 09:58:00,1405.3,1406.0,1405.3,1405.6,17487.0
2026-04-29 09:59:00,1406.0,1406.0,1405.4,1405.9,10808.0
2026-04-29 10:00:00,1405.9,1406.3,1405.7,1406.0,586868.0
2026-04-29 10:01:00,1406.2,1407.1,1405.6,1407.0,113303.0
2026-04-29 10:02:00,1406.6,1407.5,1406.4,1407.5,22681.0
2026-04-29 10:03:00,1407.5,1407.8,1407.1,1407.7,17113.0
2026-04-29 10:04:00,1407.6,1408.0,1407.0,1407.2,55552.0
2026-04-29 10:05:00,1407.6,1408.4,1407.5,1407.8,34038.0
2026-04-29 10:06:00,1407.9,1408.4,1407.0,1408.0,81628.0
2026-04-29 10:07:00,1408.1,1408.7,1408.0,1408.0,18086.0
2026-04-29 10:08:00,1408.0,1410.4,1408.0,1410.2,189670.0
2026-04-29 10:09:00,1410.3,1410.5,1409.2,1410.1,90867.0
2026-04-29 10:10:00,1409.7,1410.1,1409.4,1410.0,66445.0
2026-04-29 10:11:00,1410.0,1410.1,1409.0,1409.3,63022.0
2026-04-29 10:12:00,1409.7,1410.7,1409.5,1410.1,33487.0
2026-04-29 10:13:00,1410.3,1411.1,1409.4,1410.2,101993.0
2026-04-29 10:14:00,1410.5,1412.3,1410.0,1411.3,74335.0
2026-04-29 10:15:00,1411.3,1412.0,1410.4,1411.6,47137.0
2026-04-29 10:16:00,1411.6,1412.2,1411.4,1411.8,39142.0
2026-04-29 10:17:00,1411.9,1412.5,1411.7,1412.3,33667.0
2026-04-29 10:18:00,1412.0,1413.5,1412.0,1413.0,50512.0
2026-04-29 10:19:00,1413.4,1413.5,1412.8,1413.0,33094.0
2026-04-29 10:20:00,1413.1,1417.9,1413.0,1417.0,204786.0
2026-04-29 10:21:00,1417.0,1421.0,1416.5,1419.2,244050.0
2026-04-29 10:22:00,1419.6,1420.4,1419.0,1420.0,80523.0
2026-04-29 10:23:00,1420.1,1421.9,1419.8,1421.4,72639.0
2026-04-29 10:24:00,1421.2,1425.5,1421.0,1425.2,242311.0
2026-04-29 10:25:00,1425.2,1425.7,1423.4,1425.0,432931.0
2026-04-29 10:26:00,1425.2,1426.9,1424.9,1426.1,109328.0
2026-04-29 10:27:00,1425.6,1427.1,1425.6,1426.4,85989.0
2026-04-29 10:28:00,1427.0,1427.7,1426.4,1426.5,110061.0
2026-04-29 10:29:00,1426.5,1427.0,1424.6,1424.9,172203.0
2026-04-29 10:30:00,1425.3,1425.3,1422.8,1424.0,135061.0
2026-04-29 10:31:00,1424.5,1424.6,1422.5,1423.2,72379.0
2026-04-29 10:32:00,1423.3,1425.9,1422.9,1425.8,48811.0
2026-04-29 10:33:00,1425.8,1426.3,1425.3,1425.8,67683.0
2026-04-29 10:34:00,1426.0,1427.5,1425.5,1425.9,59012.0
2026-04-29 10:35:00,1425.8,1426.3,1424.8,1425.1,42141.0
2026-04-29 10:36:00,1425.4,1425.9,1425.0,1425.5,24933.0
2026-04-29 10:37:00,1425.4,1426.0,1424.1,1424.4,35326.0
2026-04-29 10:38:00,1424.4,1425.1,1423.2,1423.5,50959.0
2026-04-29 10:39:00,1423.7,1424.2,1420.3,1420.8,71591.0
2026-04-29 10:40:00,1421.0,1421.4,1420.3,1420.5,43883.0
2026-04-29 10:41:00,1420.5,1421.0,1420.5,1420.7,17992.0
2026-04-29 10:42:00,1420.7,1420.7,1420.0,1420.2,105740.0
2026-04-29 10:43:00,1420.8,1421.5,1420.2,1421.2,24909.0
2026-04-29 10:44:00,1421.0,1421.1,1420.3,1420.3,15105.0
2026-04-29 10:45:00,1420.5,1421.2,1419.9,1420.0,98651.0
2026-04-29 10:46:00,1420.4,1420.6,1420.0,1420.0,40706.0
2026-04-29 10:47:00,1420.1,1421.0,1420.0,1420.4,49512.0
2026-04-29 10:48:00,1420.0,1420.4,1420.0,1420.1,14757.0
2026-04-29 10:49:00,1420.1,1420.7,1419.6,1420.2,36397.0
2026-04-29 10:50:00,1420.3,1422.5,1420.0,1421.7,34512.0
2026-04-29 10:51:00,1421.5,1422.1,1420.2,1420.3,26089.0
2026-04-29 10:52:00,1420.3,1421.9,1419.9,1421.9,79441.0
2026-04-29 10:53:00,1421.9,1422.1,1421.2,1422.0,150301.0
2026-04-29 10:54:00,1422.0,1422.4,1421.7,1422.0,36723.0
2026-04-29 10:55:00,1422.0,1422.1,1421.7,1421.8,112419.0
2026-04-29 10:56:00,1422.0,1422.2,1421.6,1421.6,71018.0
2026-04-29 10:57:00,1421.6,1422.1,1421.2,1421.6,213002.0
2026-04-29 10:58:00,1422.0,1422.1,1421.5,1422.0,46677.0
2026-04-29 10:59:00,1422.1,1422.5,1421.8,1422.5,56636.0
2026-04-29 11:00:00,1422.0,1422.5,1421.8,1422.5,51317.0
2026-04-29 11:01:00,1422.7,1423.3,1422.0,1422.5,214669.0
2026-04-29 11:02:00,1422.5,1423.3,1422.5,1423.0,24734.0
2026-04-29 11:03:00,1423.1,1423.3,1422.8,1423.1,19943.0
2026-04-29 11:04:00,1423.1,1423.3,1423.0,1423.0,18562.0
2026-04-29 11:05:00,1423.1,1423.2,1422.8,1423.0,38032.0
2026-04-29 11:06:00,1423.1,1423.1,1422.7,1422.9,22033.0
2026-04-29 11:07:00,1422.8,1423.3,1422.8,1423.1,24444.0
2026-04-29 11:08:00,1423.1,1423.7,1423.0,1423.2,25317.0
2026-04-29 11:09:00,1423.5,1423.5,1422.5,1423.0,48435.0
2026-04-29 11:10:00,1423.0,1423.1,1422.5,1422.6,39882.0
2026-04-29 11:11:00,1423.0,1423.1,1422.5,1423.0,19485.0
2026-04-29 11:12:00,1423.0,1423.6,1423.0,1423.2,18793.0
2026-04-29 11:13:00,1423.2,1423.3,1423.0,1423.1,11457.0
2026-04-29 11:14:00,1423.1,1423.4,1423.0,1423.1,18261.0
2026-04-29 11:15:00,1423.2,1423.2,1422.5,1422.6,31922.0
2026-04-29 11:16:00,1422.6,1423.1,1422.5,1423.0,43965.0
2026-04-29 11:17:00,1423.1,1423.1,1422.7,1423.0,19107.0
2026-04-29 11:18:00,1423.0,1423.1,1422.3,1422.6,61250.0
2026-04-29 11:19:00,1422.6,1422.6,1420.3,1422.0,119575.0
2026-04-29 11:20:00,1422.2,1422.2,1421.5,1422.0,39139.0
2026-04-29 11:21:00,1422.0,1423.0,1422.0,1422.6,27563.0
2026-04-29 11:22:00,1422.6,1423.1,1422.0,1422.0,55361.0
2026-04-29 11:23:00,1422.0,1423.1,1421.6,1422.0,181761.0
2026-04-29 11:24:00,1422.0,1422.2,1418.1,1418.7,158498.0
2026-04-29 11:25:00,1418.7,1420.7,1417.6,1419.0,97172.0
2026-04-29 11:26:00,1420.0,1420.5,1419.0,1419.0,105074.0
2026-04-29 11:27:00,1419.1,1420.1,1419.0,1419.8,48776.0
2026-04-29 11:28:00,1419.8,1420.5,1419.3,1420.0,36911.0
2026-04-29 11:29:00,1420.0,1420.6,1420.0,1420.2,21513.0
2026-04-29 11:30:00,1420.5,1421.0,1420.2,1420.7,17764.0
2026-04-29 11:31:00,1421.0,1422.0,1420.4,1421.5,35900.0
2026-04-29 11:32:00,1421.5,1421.5,1420.3,1420.3,13699.0
2026-04-29 11:33:00,1420.6,1421.2,1420.3,1421.0,16706.0
2026-04-29 11:34:00,1420.7,1421.0,1420.0,1420.3,21314.0
2026-04-29 11:35:00,1420.5,1420.8,1420.3,1420.6,16089.0
2026-04-29 11:36:00,1420.8,1421.2,1420.6,1421.0,14812.0
2026-04-29 11:37:00,1421.0,1422.1,1420.9,1422.0,27540.0
2026-04-29 11:38:00,1422.1,1422.2,1421.5,1421.8,21426.0
2026-04-29 11:39:00,1422.0,1422.1,1422.0,1422.0,10902.0
2026-04-29 11:40:00,1422.1,1422.5,1421.9,1421.9,20875.0
2026-04-29 11:41:00,1422.3,1422.3,1421.7,1422.1,24868.0
2026-04-29 11:42:00,1422.1,1422.1,1421.8,1421.8,10406.0
2026-04-29 11:43:00,1421.9,1421.9,1420.3,1420.9,193800.0
2026-04-29 11:44:00,1420.9,1421.0,1420.0,1420.3,12182.0
2026-04-29 11:45:00,1420.5,1420.5,1420.0,1420.0,12448.0
2026-04-29 11:46:00,1420.0,1420.3,1419.4,1419.5,10535.0
2026-04-29 11:47:00,1419.5,1421.0,1419.5,1420.6,15526.0
2026-04-29 11:48:00,1420.9,1422.1,1420.5,1422.1,34980.0
2026-04-29 11:49:00,1422.1,1422.1,1421.5,1421.6,17164.0
2026-04-29 11:50:00,1421.6,1421.6,1421.0,1421.0,15132.0
2026-04-29 11:51:00,1421.1,1421.1,1420.2,1421.0,66186.0
2026-04-29 11:52:00,1421.1,1421.1,1420.5,1421.1,20397.0
2026-04-29 11:53:00,1421.1,1422.4,1420.7,1421.6,77763.0
2026-04-29 11:54:00,1422.0,1422.5,1421.0,1421.5,53881.0
2026-04-29 11:55:00,1421.6,1421.6,1420.6,1420.8,38305.0
2026-04-29 11:56:00,1420.9,1421.4,1420.9,1421.0,12409.0
2026-04-29 11:57:00,1421.1,1421.2,1420.9,1421.0,10916.0
2026-04-29 11:58:00,1421.0,1421.2,1421.0,1421.0,8063.0
2026-04-29 11:59:00,1421.0,1421.6,1420.5,1420.6,89973.0
2026-04-29 12:00:00,1420.2,1421.1,1419.8,1420.5,126936.0
2026-04-29 12:01:00,1420.6,1420.8,1420.1,1420.4,16571.0
2026-04-29 12:02:00,1420.8,1420.8,1420.3,1420.4,10256.0
2026-04-29 12:03:00,1420.4,1420.8,1420.1,1420.8,12189.0
2026-04-29 12:04:00,1420.8,1420.8,1420.5,1420.5,10446.0
2026-04-29 12:05:00,1420.6,1420.6,1420.0,1420.2,11200.0
2026-04-29 12:06:00,1420.6,1420.7,1420.2,1420.7,8677.0
2026-04-29 12:07:00,1420.6,1420.8,1420.3,1420.3,11840.0
2026-04-29 12:08:00,1420.5,1420.8,1419.6,1420.7,22619.0
2026-04-29 12:09:00,1420.8,1420.8,1420.2,1420.7,25648.0
2026-04-29 12:10:00,1420.8,1421.9,1420.7,1421.7,83353.0
2026-04-29 12:11:00,1421.9,1422.9,1420.7,1422.4,364285.0
2026-04-29 12:12:00,1422.5,1422.5,1421.0,1421.8,53269.0
2026-04-29 12:13:00,1422.0,1422.1,1420.8,1420.8,23353.0
2026-04-29 12:14:00,1421.1,1421.1,1420.3,1420.9,27290.0
2026-04-29 12:15:00,1420.9,1420.9,1420.3,1420.3,12228.0
2026-04-29 12:16:00,1420.3,1420.8,1420.0,1420.1,10626.0
2026-04-29 12:17:00,1420.4,1420.4,1419.8,1419.8,13841.0
2026-04-29 12:18:00,1420.2,1420.2,1419.5,1419.6,17788.0
2026-04-29 12:19:00,1420.0,1420.0,1419.5,1419.7,12095.0
2026-04-29 12:20:00,1419.7,1420.1,1419.1,1419.7,43548.0
2026-04-29 12:21:00,1419.7,1420.0,1419.3,1419.3,21768.0
2026-04-29 12:22:00,1419.5,1422.3,1419.1,1420.6,640749.0
2026-04-29 12:23:00,1420.8,1422.1,1420.4,1422.1,65755.0
2026-04-29 12:24:00,1422.3,1422.3,1420.0,1420.4,15314.0
2026-04-29 12:25:00,1420.4,1420.4,1420.2,1420.2,8865.0
2026-04-29 12:26:00,1420.3,1420.4,1420.0,1420.2,13194.0
2026-04-29 12:27:00,1420.4,1421.0,1420.1,1420.2,11795.0
2026-04-29 12:28:00,1420.5,1420.8,1420.3,1420.6,9715.0
2026-04-29 12:29:00,1420.6,1420.7,1420.1,1420.2,11019.0
2026-04-29 12:30:00,1420.6,1420.6,1420.0,1420.2,19630.0
2026-04-29 12:31:00,1420.2,1420.6,1420.0,1420.4,14369.0
2026-04-29 12:32:00,1420.6,1421.0,1420.0,1420.3,12453.0
2026-04-29 12:33:00,1420.3,1420.5,1420.0,1420.1,11552.0
2026-04-29 12:34:00,1420.1,1420.8,1420.1,1420.4,18482.0
2026-04-29 12:35:00,1420.4,1420.5,1420.1,1420.2,12650.0
2026-04-29 12:36:00,1420.0,1420.2,1419.6,1419.7,17063.0
2026-04-29 12:37:00,1419.8,1419.9,1419.4,1419.9,16630.0
2026-04-29 12:38:00,1419.8,1420.0,1419.3,1419.8,17431.0
2026-04-29 12:39:00,1419.8,1419.9,1419.2,1419.4,18618.0
2026-04-29 12:40:00,1419.4,1419.7,1419.3,1419.5,15324.0
2026-04-29 12:41:00,1419.5,1419.8,1419.2,1419.6,16909.0
2026-04-29 12:42:00,1419.1,1419.7,1418.9,1419.0,27680.0
2026-04-29 12:43:00,1418.8,1422.3,1415.7,1416.2,842258.0
2026-04-29 12:44:00,1416.2,1417.4,1416.1,1417.1,60618.0
2026-04-29 12:45:00,1417.0,1417.3,1416.9,1416.9,18381.0
2026-04-29 12:46:00,1417.0,1417.0,1416.5,1416.6,22567.0
2026-04-29 12:47:00,1416.7,1417.4,1416.7,1416.8,15509.0
2026-04-29 12:48:00,1416.7,1417.4,1416.7,1416.8,15749.0
2026-04-29 12:49:00,1416.8,1416.9,1416.5,1416.7,16701.0
2026-04-29 12:50:00,1416.7,1416.9,1416.6,1416.6,18800.0
2026-04-29 12:51:00,1416.6,1417.0,1416.6,1416.8,16353.0
2026-04-29 12:52:00,1416.8,1416.9,1416.3,1416.5,23452.0
2026-04-29 12:53:00,1416.3,1416.7,1416.1,1416.3,23937.0
2026-04-29 12:54:00,1416.3,1417.1,1414.2,1417.0,100219.0
2026-04-29 12:55:00,1416.8,1416.8,1413.5,1414.3,403830.0
2026-04-29 12:56:00,1414.3,1414.9,1414.2,1414.6,14980.0
2026-04-29 12:57:00,1414.6,1415.7,1414.5,1415.1,21561.0
2026-04-29 12:58:00,1415.0,1415.0,1414.4,1414.6,13796.0
2026-04-29 12:59:00,1414.6,1415.3,1413.9,1415.1,36323.0
2026-04-29 13:00:00,1415.3,1415.3,1414.4,1414.5,24387.0
2026-04-29 13:01:00,1414.9,1415.0,1414.7,1414.7,21010.0
2026-04-29 13:02:00,1415.0,1415.7,1414.7,1415.6,30618.0
2026-04-29 13:03:00,1415.8,1416.0,1415.2,1415.5,13830.0
2026-04-29 13:04:00,1415.4,1417.0,1415.0,1416.8,21108.0
2026-04-29 13:05:00,1416.8,1416.8,1415.3,1415.9,16482.0
2026-04-29 13:06:00,1416.0,1416.2,1415.7,1416.0,29586.0
2026-04-29 13:07:00,1416.2,1416.4,1416.0,1416.4,37341.0
2026-04-29 13:08:00,1416.4,1417.9,1416.4,1417.6,28712.0
2026-04-29 13:09:00,1417.6,1417.9,1417.0,1417.2,31709.0
2026-04-29 13:10:00,1417.0,1417.5,1416.6,1417.1,58260.0
2026-04-29 13:11:00,1417.0,1418.4,1417.0,1417.8,21924.0
2026-04-29 13:12:00,1417.8,1417.8,1416.9,1417.1,13870.0
2026-04-29 13:13:00,1417.3,1417.7,1417.2,1417.7,18928.0
2026-04-29 13:14:00,1417.7,1418.2,1417.5,1417.6,16230.0
2026-04-29 13:15:00,1417.6,1419.2,1417.5,1419.0,67449.0
2026-04-29 13:16:00,1419.0,1419.3,1417.6,1418.0,25543.0
2026-04-29 13:17:00,1418.1,1418.2,1417.0,1417.0,15299.0
2026-04-29 13:18:00,1417.0,1417.2,1416.7,1417.2,28452.0
2026-04-29 13:19:00,1417.2,1417.9,1417.0,1417.6,14885.0
2026-04-29 13:20:00,1417.8,1417.8,1417.1,1417.6,20842.0
2026-04-29 13:21:00,1417.6,1418.8,1417.5,1417.9,21082.0
2026-04-29 13:22:00,1418.0,1418.0,1417.0,1417.0,11893.0
2026-04-29 13:23:00,1417.0,1417.2,1417.0,1417.0,16573.0
2026-04-29 13:24:00,1417.1,1417.2,1416.7,1417.0,43943.0
2026-04-29 13:25:00,1416.8,1417.2,1416.5,1417.1,15492.0
2026-04-29 13:26:00,1417.1,1417.9,1416.8,1417.2,21833.0
2026-04-29 13:27:00,1417.3,1417.3,1416.9,1417.3,13033.0
2026-04-29 13:28:00,1417.3,1417.4,1416.8,1417.1,15655.0
2026-04-29 13:29:00,1417.3,1417.4,1417.1,1417.1,12411.0
2026-04-29 13:30:00,1417.2,1417.9,1417.0,1417.5,52731.0
2026-04-29 13:31:00,1417.6,1418.4,1417.2,1418.2,224013.0
2026-04-29 13:32:00,1418.0,1418.7,1417.5,1417.8,28135.0
2026-04-29 13:33:00,1417.8,1418.5,1417.5,1418.2,47663.0
2026-04-29 13:34:00,1418.2,1418.4,1417.3,1417.8,50383.0
2026-04-29 13:35:00,1417.9,1418.1,1417.1,1417.7,63339.0
2026-04-29 13:36:00,1417.9,1418.0,1417.0,1417.7,35675.0
2026-04-29 13:37:00,1417.7,1417.8,1416.8,1417.2,25498.0
2026-04-29 13:38:00,1417.3,1417.5,1416.7,1417.1,38651.0
2026-04-29 13:39:00,1417.6,1418.0,1415.7,1415.9,345988.0
2026-04-29 13:40:00,1416.0,1416.7,1415.4,1416.1,131222.0
2026-04-29 13:41:00,1416.4,1417.3,1416.1,1417.0,23314.0
2026-04-29 13:42:00,1417.1,1417.6,1416.6,1417.4,45145.0
2026-04-29 13:43:00,1417.6,1417.6,1417.0,1417.5,150660.0
2026-04-29 13:44:00,1417.4,1418.0,1417.1,1417.5,133910.0
2026-04-29 13:45:00,1417.5,1418.2,1417.5,1417.9,63314.0
2026-04-29 13:46:00,1417.9,1418.3,1417.2,1417.7,72601.0
2026-04-29 13:47:00,1417.8,1418.0,1415.4,1417.3,478468.0
2026-04-29 13:48:00,1417.3,1417.3,1414.3,1414.4,91780.0
2026-04-29 13:49:00,1414.4,1416.6,1414.3,1415.5,61017.0
2026-04-29 13:50:00,1415.7,1416.4,1415.6,1415.8,23436.0
2026-04-29 13:51:00,1415.9,1416.0,1415.2,1415.3,125114.0
2026-04-29 13:52:00,1415.5,1415.7,1415.3,1415.7,17226.0
2026-04-29 13:53:00,1415.7,1416.5,1415.6,1416.4,19175.0
2026-04-29 13:54:00,1416.4,1416.4,1416.2,1416.2,12098.0
2026-04-29 13:55:00,1416.3,1417.5,1415.9,1416.3,354342.0
2026-04-29 13:56:00,1416.5,1416.7,1415.5,1415.5,7691.0
2026-04-29 13:57:00,1415.4,1416.1,1415.2,1415.5,37250.0
2026-04-29 13:58:00,1415.6,1415.9,1415.2,1415.4,25395.0
2026-04-29 13:59:00,1415.8,1415.8,1415.3,1415.5,229344.0
2026-04-29 14:00:00,1415.6,1415.8,1414.2,1414.3,135371.0
2026-04-29 14:01:00,1414.4,1416.3,1414.3,1415.5,192025.0
2026-04-29 14:02:00,1415.6,1415.6,1414.3,1415.1,110176.0
2026-04-29 14:03:00,1415.0,1415.1,1412.0,1412.2,212233.0
2026-04-29 14:04:00,1412.1,1413.7,1411.5,1412.7,128115.0
2026-04-29 14:05:00,1412.8,1413.5,1412.4,1412.9,71993.0
2026-04-29 14:06:00,1413.1,1414.0,1412.8,1414.0,39491.0
2026-04-29 14:07:00,1413.9,1413.9,1413.2,1413.8,40082.0
2026-04-29 14:08:00,1413.8,1413.8,1413.2,1413.6,17644.0
2026-04-29 14:09:00,1413.5,1413.5,1412.6,1413.2,49944.0
2026-04-29 14:10:00,1413.0,1413.7,1412.8,1413.3,40098.0
2026-04-29 14:11:00,1413.5,1414.1,1413.3,1414.1,16372.0
2026-04-29 14:12:00,1414.4,1415.3,1413.8,1415.0,165235.0
2026-04-29 14:13:00,1415.3,1415.3,1413.6,1415.3,145198.0
2026-04-29 14:14:00,1415.3,1415.8,1415.0,1415.3,11338.0
2026-04-29 14:15:00,1415.1,1415.9,1415.1,1415.7,24633.0
2026-04-29 14:16:00,1415.7,1415.7,1414.8,1414.8,11874.0
2026-04-29 14:17:00,1415.2,1415.8,1414.1,1415.4,27349.0
2026-04-29 14:18:00,1415.6,1416.0,1415.3,1415.5,19412.0
2026-04-29 14:19:00,1415.5,1415.7,1414.9,1415.3,17364.0
2026-04-29 14:20:00,1414.8,1416.0,1414.7,1416.0,167770.0
2026-04-29 14:21:00,1416.1,1416.1,1414.6,1415.0,16139.0
2026-04-29 14:22:00,1415.3,1416.0,1415.0,1415.5,84990.0
2026-04-29 14:23:00,1415.4,1416.5,1415.0,1416.4,28785.0
2026-04-29 14:24:00,1416.4,1417.0,1415.8,1415.8,74071.0
2026-04-29 14:25:00,1415.8,1416.2,1415.4,1416.2,18278.0
2026-04-29 14:26:00,1416.3,1416.6,1414.8,1415.3,22314.0
2026-04-29 14:27:00,1415.3,1416.0,1414.7,1415.8,56662.0
2026-04-29 14:28:00,1415.8,1415.9,1415.3,1415.9,24468.0
2026-04-29 14:29:00,1415.9,1416.0,1414.2,1414.9,95870.0
2026-04-29 14:30:00,1414.9,1415.9,1414.8,1415.6,86184.0
2026-04-29 14:31:00,1415.6,1416.5,1415.5,1416.4,59464.0
2026-04-29 14:32:00,1416.5,1417.1,1416.4,1416.6,63364.0
2026-04-29 14:33:00,1417.1,1417.4,1416.6,1417.0,46465.0
2026-04-29 14:34:00,1417.2,1417.2,1416.1,1416.5,36004.0
2026-04-29 14:35:00,1416.6,1417.0,1416.0,1416.1,104825.0
2026-04-29 14:36:00,1416.5,1416.5,1415.9,1416.4,12444.0
2026-04-29 14:37:00,1416.4,1417.3,1415.5,1416.6,87129.0
2026-04-29 14:38:00,1417.0,1417.0,1415.4,1415.4,17063.0
2026-04-29 14:39:00,1415.5,1415.7,1415.1,1415.3,23520.0
2026-04-29 14:40:00,1415.5,1415.5,1415.0,1415.3,19553.0
2026-04-29 14:41:00,1415.0,1417.1,1415.0,1416.7,35109.0
2026-04-29 14:42:00,1417.0,1417.2,1416.7,1416.8,20383.0
2026-04-29 14:43:00,1417.0,1417.0,1415.8,1416.2,19924.0
2026-04-29 14:44:00,1416.3,1417.0,1415.9,1416.8,24223.0
2026-04-29 14:45:00,1416.8,1416.9,1416.0,1416.6,22541.0
2026-04-29 14:46:00,1416.6,1416.6,1415.2,1415.2,38279.0
2026-04-29 14:47:00,1415.1,1416.3,1415.1,1415.6,22821.0
2026-04-29 14:48:00,1415.7,1415.9,1415.3,1415.4,14562.0
2026-04-29 14:49:00,1415.9,1416.2,1415.3,1416.2,33701.0
2026-04-29 14:50:00,1416.4,1416.4,1415.2,1415.8,14337.0
2026-04-29 14:51:00,1416.0,1416.9,1415.5,1416.4,111365.0
2026-04-29 14:52:00,1416.8,1417.4,1416.2,1417.4,65545.0
2026-04-29 14:53:00,1417.4,1418.3,1416.7,1417.9,78983.0
2026-04-29 14:54:00,1417.9,1418.1,1417.2,1417.9,127246.0
2026-04-29 14:55:00,1417.9,1418.2,1417.1,1417.4,19873.0
2026-04-29 14:56:00,1417.5,1418.6,1417.3,1418.5,105121.0
2026-04-29 14:57:00,1418.5,1419.3,1417.9,1419.0,92944.0
2026-04-29 14:58:00,1419.2,1419.4,1418.6,1418.6,72602.0
2026-04-29 14:59:00,1418.6,1419.3,1418.4,1419.3,118302.0
2026-04-29 15:00:00,1419.2,1419.6,1418.6,1419.5,84431.0
2026-04-29 15:01:00,1419.5,1420.7,1419.5,1420.7,142603.0
2026-04-29 15:02:00,1420.7,1421.0,1420.1,1420.2,206534.0
2026-04-29 15:03:00,1420.2,1420.2,1416.0,1416.0,172356.0
2026-04-29 15:04:00,1416.2,1417.4,1415.6,1417.0,102706.0
2026-04-29 15:05:00,1417.1,1418.6,1417.0,1418.5,104920.0
2026-04-29 15:06:00,1418.5,1419.1,1417.6,1418.4,258700.0
2026-04-29 15:07:00,1418.1,1419.2,1417.8,1418.0,225719.0
2026-04-29 15:08:00,1418.0,1418.9,1417.7,1418.7,74338.0
2026-04-29 15:09:00,1418.7,1419.5,1418.1,1419.0,127898.0
2026-04-29 15:10:00,1419.6,1420.1,1417.9,1420.0,197725.0
2026-04-29 15:11:00,1420.1,1420.7,1419.3,1420.7,119221.0
2026-04-29 15:12:00,1421.0,1422.4,1421.0,1422.3,178860.0
2026-04-29 15:13:00,1422.3,1423.1,1422.0,1423.0,140983.0
2026-04-29 15:14:00,1423.2,1425.2,1423.0,1425.1,288067.0
2026-04-29 15:15:00,1425.2,1425.5,1424.1,1425.2,190370.0
2026-04-29 15:16:00,1424.9,1426.0,1424.1,1426.0,259617.0
2026-04-29 15:17:00,1426.0,1426.2,1425.1,1426.0,252234.0
2026-04-29 15:18:00,1426.0,1426.1,1425.5,1426.0,188556.0
2026-04-29 15:19:00,1426.1,1426.5,1426.0,1426.2,184916.0
2026-04-29 15:20:00,1426.8,1428.8,1426.3,1426.5,266039.0
2026-04-29 15:21:00,1426.5,1427.3,1425.7,1427.1,156698.0
2026-04-29 15:22:00,1427.1,1428.0,1426.8,1427.6,442412.0
2026-04-29 15:23:00,1426.5,1428.1,1426.1,1428.1,418754.0
2026-04-29 15:24:00,1427.7,1428.2,1426.9,1427.3,561374.0
2026-04-29 15:25:00,1427.3,1428.4,1425.7,1427.0,351196.0
2026-04-29 15:26:00,1426.7,1428.1,1425.6,1428.1,518140.0
2026-04-29 15:27:00,1428.2,1430.1,1426.6,1428.2,692291.0
2026-04-29 15:28:00,1428.0,1430.2,1428.0,1430.0,413616.0
2026-04-29 15:29:00,1430.0,1433.8,1428.6,1430.1,442204.0
2026-04-30 09:15:00,1409.0,1415.9,1409.0,1412.9,312043.0
2026-04-30 09:16:00,1412.8,1412.8,1409.6,1411.1,341921.0
2026-04-30 09:17:00,1411.5,1412.9,1411.0,1411.4,149342.0
2026-04-30 09:18:00,1411.6,1413.5,1411.5,1413.1,137156.0
2026-04-30 09:19:00,1413.1,1413.9,1412.1,1412.3,121631.0
2026-04-30 09:20:00,1412.1,1412.2,1409.0,1409.1,394295.0
2026-04-30 09:21:00,1409.3,1412.4,1407.7,1411.7,112704.0
2026-04-30 09:22:00,1411.3,1412.1,1410.1,1410.4,51450.0
2026-04-30 09:23:00,1410.6,1411.0,1409.3,1409.3,42314.0
2026-04-30 09:24:00,1409.3,1410.8,1408.8,1410.6,68970.0
2026-04-30 09:25:00,1410.4,1410.4,1407.3,1407.9,71147.0
2026-04-30 09:26:00,1407.9,1409.3,1407.5,1408.7,54355.0
2026-04-30 09:27:00,1408.7,1409.0,1407.5,1408.4,30590.0
2026-04-30 09:28:00,1408.4,1408.9,1408.0,1408.9,20628.0
2026-04-30 09:29:00,1408.8,1409.6,1408.0,1409.5,39615.0
2026-04-30 09:30:00,1409.4,1409.7,1408.3,1408.5,26828.0
2026-04-30 09:31:00,1408.4,1408.8,1408.1,1408.4,33863.0
2026-04-30 09:32:00,1408.3,1409.9,1408.3,1409.9,47747.0
2026-04-30 09:33:00,1409.8,1409.9,1408.6,1409.0,18939.0
2026-04-30 09:34:00,1408.9,1409.5,1408.3,1409.5,42686.0
2026-04-30 09:35:00,1409.4,1409.8,1408.7,1409.6,17980.0
2026-04-30 09:36:00,1409.7,1410.0,1408.5,1410.0,36450.0
2026-04-30 09:37:00,1409.9,1410.0,1408.0,1408.4,49098.0
2026-04-30 09:38:00,1408.3,1408.4,1408.0,1408.0,23840.0
2026-04-30 09:39:00,1408.0,1408.1,1407.7,1407.9,21064.0
2026-04-30 09:40:00,1407.9,1408.0,1406.0,1406.1,47841.0
2026-04-30 09:41:00,1406.3,1406.7,1406.0,1406.5,16198.0
2026-04-30 09:42:00,1406.3,1407.2,1406.1,1407.2,20603.0
2026-04-30 09:43:00,1406.9,1407.1,1406.3,1406.4,13697.0
2026-04-30 09:44:00,1406.5,1407.0,1406.2,1406.7,32198.0
2026-04-30 09:45:00,1406.6,1407.0,1406.4,1406.6,14601.0
2026-04-30 09:46:00,1406.7,1406.8,1404.2,1404.8,72673.0
2026-04-30 09:47:00,1404.8,1404.8,1403.5,1404.6,72370.0
2026-04-30 09:48:00,1404.4,1404.7,1403.4,1403.8,26916.0
2026-04-30 09:49:00,1403.8,1403.9,1403.4,1403.9,12607.0
2026-04-30 09:50:00,1403.7,1404.4,1402.5,1402.5,65013.0
2026-04-30 09:51:00,1403.0,1403.0,1402.0,1402.8,47502.0
2026-04-30 09:52:00,1402.8,1404.1,1402.8,1403.0,36439.0
2026-04-30 09:53:00,1403.2,1403.8,1402.6,1403.4,28604.0
2026-04-30 09:54:00,1403.5,1403.6,1402.6,1402.6,41425.0
2026-04-30 09:55:00,1402.6,1403.8,1402.2,1402.7,49466.0
2026-04-30 09:56:00,1402.7,1403.0,1402.4,1402.4,20448.0
2026-04-30 09:57:00,1402.4,1402.4,1401.1,1401.6,36052.0
2026-04-30 09:58:00,1401.6,1401.6,1400.6,1401.1,62054.0
2026-04-30 09:59:00,1401.1,1401.3,1400.2,1401.1,81507.0
2026-04-30 10:00:00,1400.9,1401.0,1400.3,1400.6,34907.0
2026-04-30 10:01:00,1400.6,1400.6,1399.5,1400.0,73754.0
2026-04-30 10:02:00,1400.1,1400.4,1399.0,1400.1,72656.0
2026-04-30 10:03:00,1400.1,1400.2,1399.2,1399.8,31974.0
2026-04-30 10:04:00,1399.8,1399.8,1399.1,1399.4,25395.0
2026-04-30 10:05:00,1399.4,1400.6,1399.1,1400.1,50865.0
2026-04-30 10:06:00,1400.1,1402.0,1399.6,1402.0,34827.0
2026-04-30 10:07:00,1402.0,1402.8,1401.2,1401.4,40344.0
2026-04-30 10:08:00,1401.4,1401.4,1400.7,1401.4,13970.0
2026-04-30 10:09:00,1401.4,1401.5,1400.5,1400.5,33534.0
2026-04-30 10:10:00,1400.9,1400.9,1399.8,1400.1,26626.0
2026-04-30 10:11:00,1400.1,1400.8,1400.0,1400.0,39738.0
2026-04-30 10:12:00,1400.0,1400.4,1398.6,1399.3,45950.0
2026-04-30 10:13:00,1399.6,1399.8,1398.6,1398.9,43545.0
2026-04-30 10:14:00,1399.4,1399.5,1397.2,1398.6,62152.0
2026-04-30 10:15:00,1398.7,1399.7,1398.1,1399.7,47334.0
2026-04-30 10:16:00,1399.4,1399.5,1398.7,1399.3,20415.0
2026-04-30 10:17:00,1399.3,1399.3,1397.0,1397.6,45754.0
2026-04-30 10:18:00,1397.6,1397.7,1396.3,1397.4,40458.0
2026-04-30 10:19:00,1397.5,1399.6,1397.5,1399.3,36755.0
2026-04-30 10:20:00,1399.3,1399.7,1398.7,1399.1,26761.0
2026-04-30 10:21:00,1399.1,1399.6,1398.5,1399.4,43158.0
2026-04-30 10:22:00,1399.4,1400.3,1399.0,1400.2,124593.0
2026-04-30 10:23:00,1400.2,1400.2,1398.3,1398.5,74150.0
2026-04-30 10:24:00,1398.3,1399.0,1397.1,1399.0,93034.0
2026-04-30 10:25:00,1398.7,1399.1,1397.4,1397.9,54853.0
2026-04-30 10:26:00,1397.9,1398.7,1397.5,1398.1,12779.0
2026-04-30 10:27:00,1398.1,1398.8,1397.8,1398.6,27505.0
2026-04-30 10:28:00,1398.6,1398.9,1397.6,1397.6,24147.0
2026-04-30 10:29:00,1397.7,1398.5,1397.5,1398.4,37848.0
2026-04-30 10:30:00,1398.4,1398.4,1397.9,1398.4,27461.0
2026-04-30 10:31:00,1398.4,1398.9,1398.3,1398.6,34582.0
2026-04-30 10:32:00,1398.6,1398.6,1398.3,1398.4,16329.0
2026-04-30 10:33:00,1398.3,1398.3,1396.8,1397.3,38510.0
2026-04-30 10:34:00,1397.2,1398.4,1396.6,1398.1,44294.0
2026-04-30 10:35:00,1398.4,1398.4,1397.5,1398.4,34251.0
2026-04-30 10:36:00,1398.4,1398.6,1398.2,1398.6,16373.0
2026-04-30 10:37:00,1398.5,1398.8,1397.5,1397.8,28320.0
2026-04-30 10:38:00,1397.8,1398.2,1397.5,1397.7,28132.0
2026-04-30 10:39:00,1397.7,1397.7,1396.5,1396.8,28362.0
2026-04-30 10:40:00,1396.9,1397.3,1396.5,1397.1,37213.0
2026-04-30 10:41:00,1397.1,1397.1,1395.8,1395.8,59675.0
2026-04-30 10:42:00,1396.0,1396.0,1395.3,1395.6,42441.0
2026-04-30 10:43:00,1395.4,1395.7,1395.1,1395.7,22055.0
2026-04-30 10:44:00,1395.7,1396.0,1395.4,1395.6,24453.0
2026-04-30 10:45:00,1395.6,1395.6,1395.1,1395.2,30382.0
2026-04-30 10:46:00,1395.1,1395.2,1394.2,1395.0,84943.0
2026-04-30 10:47:00,1394.7,1395.1,1394.7,1394.9,21783.0
2026-04-30 10:48:00,1395.0,1395.1,1394.6,1394.7,15731.0
2026-04-30 10:49:00,1394.7,1394.7,1393.6,1394.1,73465.0
2026-04-30 10:50:00,1394.0,1394.7,1393.7,1394.5,39728.0
2026-04-30 10:51:00,1394.5,1394.7,1393.8,1394.3,28286.0
2026-04-30 10:52:00,1394.3,1394.3,1393.5,1393.9,24474.0
2026-04-30 10:53:00,1393.8,1395.1,1393.1,1395.1,87764.0
2026-04-30 10:54:00,1395.1,1395.1,1394.5,1395.1,27752.0
2026-04-30 10:55:00,1394.8,1395.5,1394.6,1395.5,87336.0
2026-04-30 10:56:00,1395.5,1396.1,1395.3,1396.1,22775.0
2026-04-30 10:57:00,1396.1,1397.5,1395.9,1397.0,70062.0
2026-04-30 10:58:00,1397.0,1397.7,1396.8,1397.6,32956.0
2026-04-30 10:59:00,1397.7,1399.0,1397.7,1398.8,50060.0
2026-04-30 11:00:00,1398.8,1399.1,1397.8,1398.5,52598.0
2026-04-30 11:01:00,1398.5,1398.7,1397.6,1398.4,33207.0
2026-04-30 11:02:00,1398.4,1398.5,1398.2,1398.4,24654.0
2026-04-30 11:03:00,1398.4,1398.4,1398.1,1398.3,15587.0
2026-04-30 11:04:00,1398.2,1398.4,1397.7,1398.4,46177.0
2026-04-30 11:05:00,1398.4,1398.5,1398.1,1398.4,31076.0
2026-04-30 11:06:00,1398.4,1399.8,1398.0,1399.7,112968.0
2026-04-30 11:07:00,1399.9,1400.0,1399.8,1399.8,23212.0
2026-04-30 11:08:00,1399.9,1400.0,1398.4,1398.4,64079.0
2026-04-30 11:09:00,1398.4,1399.8,1398.2,1399.5,49708.0
2026-04-30 11:10:00,1399.5,1399.9,1399.0,1399.7,18031.0
2026-04-30 11:11:00,1399.7,1399.7,1399.0,1399.3,19748.0
2026-04-30 11:12:00,1399.5,1399.9,1399.3,1399.8,37695.0
2026-04-30 11:13:00,1399.7,1399.8,1399.5,1399.6,9975.0
2026-04-30 11:14:00,1399.6,1400.2,1399.5,1400.2,170794.0
2026-04-30 11:15:00,1400.2,1401.0,1400.0,1400.5,45124.0
2026-04-30 11:16:00,1400.7,1400.9,1400.6,1400.9,58122.0
2026-04-30 11:17:00,1400.8,1401.3,1400.0,1400.2,125521.0
2026-04-30 11:18:00,1400.2,1400.6,1399.9,1400.5,58262.0
2026-04-30 11:19:00,1400.5,1400.9,1400.2,1400.2,28755.0
2026-04-30 11:20:00,1400.3,1400.6,1400.0,1400.2,15855.0
2026-04-30 11:21:00,1400.1,1400.3,1399.7,1400.2,136810.0
2026-04-30 11:22:00,1400.2,1400.2,1400.0,1400.1,7966.0
2026-04-30 11:23:00,1400.1,1400.2,1400.0,1400.1,40712.0
2026-04-30 11:24:00,1400.1,1400.2,1399.8,1400.2,205397.0
2026-04-30 11:25:00,1400.2,1400.2,1399.8,1400.1,7625.0
2026-04-30 11:26:00,1400.1,1401.0,1400.0,1400.9,45544.0
2026-04-30 11:27:00,1400.9,1400.9,1400.5,1400.9,15638.0
2026-04-30 11:28:00,1400.8,1401.3,1400.3,1400.9,56487.0
2026-04-30 11:29:00,1400.9,1408.4,1400.6,1408.0,698229.0
2026-04-30 11:30:00,1406.6,1408.0,1404.8,1405.0,305028.0
2026-04-30 11:31:00,1405.0,1405.6,1404.5,1404.5,81929.0
2026-04-30 11:32:00,1404.7,1404.9,1404.0,1404.5,51154.0
2026-04-30 11:33:00,1404.4,1406.5,1404.0,1406.5,76102.0
2026-04-30 11:34:00,1406.4,1406.6,1405.7,1406.6,36632.0
2026-04-30 11:35:00,1406.7,1407.5,1406.7,1407.1,110038.0
2026-04-30 11:36:00,1407.0,1407.1,1406.5,1406.8,26521.0
2026-04-30 11:37:00,1406.6,1407.1,1406.6,1406.9,28881.0
2026-04-30 11:38:00,1406.6,1406.6,1404.3,1404.6,83624.0
2026-04-30 11:39:00,1404.2,1406.3,1404.2,1405.8,104905.0
2026-04-30 11:40:00,1405.8,1406.5,1405.3,1405.7,46158.0
2026-04-30 11:41:00,1405.7,1406.9,1405.3,1406.5,67447.0
2026-04-30 11:42:00,1406.4,1406.4,1405.5,1405.8,34980.0
2026-04-30 11:43:00,1405.9,1405.9,1403.1,1403.7,58651.0
2026-04-30 11:44:00,1404.8,1405.7,1403.5,1403.5,1159464.0
2026-04-30 11:45:00,1403.5,1404.3,1403.1,1404.2,32246.0
2026-04-30 11:46:00,1404.4,1405.5,1404.4,1405.2,30063.0
2026-04-30 11:47:00,1405.0,1406.4,1405.0,1405.8,1093694.0
2026-04-30 11:48:00,1406.0,1406.0,1405.0,1405.7,31529.0
2026-04-30 11:49:00,1405.6,1406.9,1405.5,1406.8,52672.0
2026-04-30 11:50:00,1406.2,1406.9,1405.4,1405.9,42606.0
2026-04-30 11:51:00,1405.9,1405.9,1404.4,1405.0,35514.0
2026-04-30 11:52:00,1404.5,1405.0,1402.1,1402.6,52512.0
2026-04-30 11:53:00,1402.6,1403.5,1402.3,1403.5,38758.0
2026-04-30 11:54:00,1403.4,1404.0,1402.9,1403.7,36672.0
2026-04-30 11:55:00,1403.8,1405.0,1403.7,1405.0,36961.0
2026-04-30 11:56:00,1405.0,1405.4,1404.3,1405.1,41721.0
2026-04-30 11:57:00,1404.6,1406.0,1403.8,1405.9,64685.0
2026-04-30 11:58:00,1405.9,1407.2,1405.3,1406.5,79732.0
2026-04-30 11:59:00,1406.7,1406.9,1405.8,1406.0,18113.0
2026-04-30 12:00:00,1406.0,1406.5,1405.8,1406.2,32529.0
2026-04-30 12:01:00,1405.9,1406.2,1404.4,1405.0,30446.0
2026-04-30 12:02:00,1404.4,1405.2,1404.1,1404.5,31750.0
2026-04-30 12:03:00,1404.5,1404.6,1403.5,1404.1,144215.0
2026-04-30 12:04:00,1403.9,1404.2,1403.2,1403.5,62271.0
2026-04-30 12:05:00,1403.5,1403.9,1403.2,1403.2,48349.0
2026-04-30 12:06:00,1403.2,1403.8,1402.7,1403.2,81533.0
2026-04-30 12:07:00,1403.5,1404.0,1403.0,1403.0,90381.0
2026-04-30 12:08:00,1403.2,1403.4,1402.2,1402.8,103414.0
2026-04-30 12:09:00,1403.0,1406.1,1403.0,1404.7,568633.0
2026-04-30 12:10:00,1404.3,1407.8,1404.2,1407.7,375264.0
2026-04-30 12:11:00,1408.0,1408.4,1407.2,1407.2,116783.0
2026-04-30 12:12:00,1407.7,1408.0,1406.9,1408.0,139459.0
2026-04-30 12:13:00,1407.4,1410.0,1407.1,1409.9,152538.0
2026-04-30 12:14:00,1410.0,1412.7,1409.3,1412.4,229956.0
2026-04-30 12:15:00,1411.9,1412.4,1411.2,1412.2,46287.0
2026-04-30 12:16:00,1411.7,1412.7,1411.6,1412.4,23846.0
2026-04-30 12:17:00,1412.1,1412.4,1411.6,1412.1,25137.0
2026-04-30 12:18:00,1412.2,1412.3,1411.4,1412.0,31184.0
2026-04-30 12:19:00,1412.0,1412.0,1411.1,1411.4,49532.0
2026-04-30 12:20:00,1410.9,1410.9,1410.2,1410.8,29469.0
2026-04-30 12:21:00,1410.8,1414.4,1410.4,1414.0,129009.0
2026-04-30 12:22:00,1414.0,1414.0,1413.4,1413.4,13474.0
2026-04-30 12:23:00,1413.2,1415.0,1413.1,1414.0,71630.0
2026-04-30 12:24:00,1413.4,1416.3,1413.4,1414.6,70412.0
2026-04-30 12:25:00,1414.5,1416.2,1414.5,1415.4,39218.0
2026-04-30 12:26:00,1415.1,1415.6,1414.1,1415.3,35344.0
2026-04-30 12:27:00,1415.0,1415.9,1415.0,1415.7,40487.0
2026-04-30 12:28:00,1415.7,1416.7,1415.0,1416.7,34447.0
2026-04-30 12:29:00,1416.3,1416.9,1415.9,1416.6,34138.0
2026-04-30 12:30:00,1416.8,1416.9,1415.8,1416.3,46732.0
2026-04-30 12:31:00,1416.3,1416.5,1415.2,1415.5,75370.0
2026-04-30 12:32:00,1415.4,1417.5,1415.3,1417.0,53636.0
2026-04-30 12:33:00,1417.1,1417.7,1417.0,1417.3,28214.0
2026-04-30 12:34:00,1417.3,1417.9,1416.9,1417.8,59090.0
2026-04-30 12:35:00,1417.8,1417.8,1417.3,1417.4,37434.0
2026-04-30 12:36:00,1417.4,1417.8,1417.3,1417.5,35238.0
2026-04-30 12:37:00,1417.5,1417.5,1415.6,1416.1,85626.0
2026-04-30 12:38:00,1416.1,1417.5,1416.0,1417.5,43133.0
2026-04-30 12:39:00,1417.4,1417.7,1417.1,1417.7,16695.0
2026-04-30 12:40:00,1417.7,1418.5,1417.3,1417.3,24247.0
2026-04-30 12:41:00,1417.3,1418.2,1417.3,1417.3,22857.0
2026-04-30 12:42:00,1417.3,1418.1,1417.0,1418.1,36638.0
2026-04-30 12:43:00,1418.1,1418.7,1417.9,1418.0,28851.0
2026-04-30 12:44:00,1418.1,1418.1,1417.5,1417.8,12956.0
2026-04-30 12:45:00,1417.7,1417.9,1417.6,1417.9,14442.0
2026-04-30 12:46:00,1417.9,1419.3,1417.4,1418.6,39394.0
2026-04-30 12:47:00,1419.2,1419.8,1418.1,1418.3,40958.0
2026-04-30 12:48:00,1418.0,1418.7,1417.8,1418.4,18431.0
2026-04-30 12:49:00,1418.2,1419.0,1417.9,1418.5,21039.0
2026-04-30 12:50:00,1418.2,1418.6,1418.0,1418.0,24319.0
2026-04-30 12:51:00,1418.0,1418.0,1416.6,1416.9,40265.0
2026-04-30 12:52:00,1416.4,1417.8,1416.2,1417.7,38348.0
2026-04-30 12:53:00,1417.5,1417.7,1416.2,1416.9,18248.0
2026-04-30 12:54:00,1417.3,1417.9,1417.1,1417.6,29467.0
2026-04-30 12:55:00,1417.9,1417.9,1416.5,1417.2,34087.0
2026-04-30 12:56:00,1416.7,1417.2,1416.5,1416.5,18702.0
2026-04-30 12:57:00,1417.0,1417.7,1416.3,1416.7,35100.0
2026-04-30 12:58:00,1416.5,1416.7,1415.9,1416.3,38606.0
2026-04-30 12:59:00,1416.2,1416.6,1415.7,1416.4,29602.0
2026-04-30 13:00:00,1416.4,1416.9,1416.3,1416.9,23097.0
2026-04-30 13:01:00,1416.8,1416.9,1416.3,1416.8,59647.0
2026-04-30 13:02:00,1416.4,1416.8,1415.6,1416.4,63558.0
2026-04-30 13:03:00,1416.4,1417.0,1416.0,1416.8,31543.0
2026-04-30 13:04:00,1416.8,1416.8,1416.3,1416.4,11963.0
2026-04-30 13:05:00,1416.4,1417.2,1416.3,1416.5,204825.0
2026-04-30 13:06:00,1416.5,1417.5,1416.3,1417.2,361606.0
2026-04-30 13:07:00,1417.2,1417.7,1416.8,1416.9,22266.0
2026-04-30 13:08:00,1416.9,1419.5,1416.8,1418.7,122280.0
2026-04-30 13:09:00,1419.0,1419.3,1418.4,1419.3,30457.0
2026-04-30 13:10:00,1419.3,1419.9,1418.2,1418.7,25567.0
2026-04-30 13:11:00,1418.7,1421.0,1418.4,1420.6,70507.0
2026-04-30 13:12:00,1420.6,1420.8,1420.1,1420.8,39475.0
2026-04-30 13:13:00,1420.9,1421.4,1420.3,1420.8,23853.0
2026-04-30 13:14:00,1420.7,1421.5,1420.4,1420.4,30110.0
2026-04-30 13:15:00,1420.4,1420.5,1420.0,1420.3,22053.0
2026-04-30 13:16:00,1420.3,1420.4,1418.9,1419.1,15818.0
2026-04-30 13:17:00,1419.2,1419.2,1418.5,1419.1,47557.0
2026-04-30 13:18:00,1419.1,1419.8,1419.1,1419.2,23227.0
2026-04-30 13:19:00,1419.0,1419.5,1418.0,1418.7,60707.0
2026-04-30 13:20:00,1418.7,1419.9,1418.2,1419.9,62960.0
2026-04-30 13:21:00,1420.5,1421.7,1420.1,1421.1,137444.0
2026-04-30 13:22:00,1421.1,1422.4,1420.3,1420.8,62343.0
2026-04-30 13:23:00,1421.3,1421.3,1420.0,1420.9,26856.0
2026-04-30 13:24:00,1421.2,1422.3,1421.0,1421.5,76196.0
2026-04-30 13:25:00,1421.4,1422.0,1421.0,1421.8,102449.0
2026-04-30 13:26:00,1421.7,1422.8,1421.6,1422.7,46175.0
2026-04-30 13:27:00,1422.7,1423.5,1422.6,1423.0,36788.0
2026-04-30 13:28:00,1423.0,1423.2,1422.0,1422.0,21739.0
2026-04-30 13:29:00,1422.0,1422.5,1421.6,1422.2,29497.0
2026-04-30 13:30:00,1422.2,1423.1,1422.0,1422.9,34429.0
2026-04-30 13:31:00,1422.9,1422.9,1421.6,1421.8,14760.0
2026-04-30 13:32:00,1421.8,1422.4,1421.1,1422.2,36694.0
2026-04-30 13:33:00,1422.0,1423.0,1421.6,1422.7,21764.0
2026-04-30 13:34:00,1422.4,1422.7,1421.7,1421.7,19623.0
2026-04-30 13:35:00,1421.6,1423.0,1421.6,1423.0,49969.0
2026-04-30 13:36:00,1423.0,1423.0,1421.8,1422.4,53555.0
2026-04-30 13:37:00,1422.3,1422.3,1421.6,1422.0,47558.0
2026-04-30 13:38:00,1422.1,1422.1,1421.0,1422.1,271297.0
2026-04-30 13:39:00,1422.0,1422.2,1421.0,1421.0,149284.0
2026-04-30 13:40:00,1421.3,1424.9,1421.1,1423.8,263112.0
2026-04-30 13:41:00,1424.0,1425.5,1424.0,1425.1,88570.0
2026-04-30 13:42:00,1425.0,1426.5,1424.6,1426.3,76395.0
2026-04-30 13:43:00,1426.0,1427.4,1425.0,1426.8,60373.0
2026-04-30 13:44:00,1426.5,1427.0,1426.1,1426.9,30424.0
2026-04-30 13:45:00,1426.9,1427.6,1426.4,1427.2,58587.0
2026-04-30 13:46:00,1427.3,1428.1,1427.0,1427.6,72689.0
2026-04-30 13:47:00,1427.8,1428.4,1427.4,1428.4,29746.0
2026-04-30 13:48:00,1428.4,1428.7,1427.3,1428.7,77125.0
2026-04-30 13:49:00,1428.7,1429.0,1428.3,1428.4,41732.0
2026-04-30 13:50:00,1428.4,1428.4,1425.0,1425.7,96970.0
2026-04-30 13:51:00,1425.3,1426.2,1425.0,1425.1,23711.0
2026-04-30 13:52:00,1425.3,1425.3,1424.6,1424.7,36563.0
2026-04-30 13:53:00,1424.7,1425.2,1424.5,1424.5,39132.0
2026-04-30 13:54:00,1424.7,1427.5,1424.5,1427.5,98475.0
2026-04-30 13:55:00,1427.6,1429.6,1427.6,1428.6,117456.0
2026-04-30 13:56:00,1428.7,1428.7,1427.4,1427.9,47069.0
2026-04-30 13:57:00,1427.9,1428.1,1425.9,1426.2,25027.0
2026-04-30 13:58:00,1426.1,1428.4,1426.1,1427.9,72135.0
2026-04-30 13:59:00,1427.9,1428.1,1426.5,1427.7,92564.0
2026-04-30 14:00:00,1427.6,1427.8,1426.6,1426.7,21215.0
2026-04-30 14:01:00,1426.5,1426.8,1426.2,1426.2,18925.0
2026-04-30 14:02:00,1426.2,1426.6,1426.2,1426.3,28390.0
2026-04-30 14:03:00,1426.3,1427.9,1426.2,1427.9,33092.0
2026-04-30 14:04:00,1427.8,1427.9,1426.4,1426.8,15154.0
2026-04-30 14:05:00,1426.8,1427.2,1426.2,1426.3,22319.0
2026-04-30 14:06:00,1426.3,1426.5,1426.2,1426.3,44650.0
2026-04-30 14:07:00,1426.5,1427.3,1426.0,1426.4,24681.0
2026-04-30 14:08:00,1426.3,1426.9,1426.0,1426.4,26201.0
2026-04-30 14:09:00,1426.1,1428.0,1426.1,1428.0,47008.0
2026-04-30 14:10:00,1427.7,1428.2,1426.6,1426.6,93811.0
2026-04-30 14:11:00,1426.7,1427.3,1426.3,1427.2,50313.0
2026-04-30 14:12:00,1427.3,1427.5,1426.6,1426.9,39130.0
2026-04-30 14:13:00,1427.4,1427.6,1426.0,1426.0,49051.0
2026-04-30 14:14:00,1426.6,1426.6,1425.6,1425.9,47142.0
2026-04-30 14:15:00,1425.8,1426.9,1425.7,1426.5,26665.0
2026-04-30 14:16:00,1426.6,1427.1,1425.8,1426.1,26643.0
2026-04-30 14:17:00,1426.2,1426.9,1425.4,1426.1,51848.0
2026-04-30 14:18:00,1425.9,1426.4,1425.2,1426.2,38442.0
2026-04-30 14:19:00,1425.9,1426.3,1425.3,1425.6,27366.0
2026-04-30 14:20:00,1425.6,1427.5,1425.4,1427.2,107561.0
2026-04-30 14:21:00,1427.1,1428.9,1426.3,1426.3,269799.0
2026-04-30 14:22:00,1426.3,1426.8,1426.1,1426.7,36128.0
2026-04-30 14:23:00,1426.5,1428.4,1426.3,1427.5,98579.0
2026-04-30 14:24:00,1427.5,1428.1,1427.2,1427.5,41175.0
2026-04-30 14:25:00,1427.5,1428.2,1426.5,1427.0,66577.0
2026-04-30 14:26:00,1427.1,1427.2,1427.0,1427.1,32912.0
2026-04-30 14:27:00,1427.0,1427.1,1425.6,1426.7,53841.0
2026-04-30 14:28:00,1426.3,1426.8,1425.5,1426.5,73320.0
2026-04-30 14:29:00,1426.5,1427.0,1425.7,1426.2,39442.0
2026-04-30 14:30:00,1426.9,1426.9,1426.0,1426.2,14020.0
2026-04-30 14:31:00,1426.2,1427.0,1426.0,1427.0,23907.0
2026-04-30 14:32:00,1427.0,1427.6,1426.4,1427.6,56379.0
2026-04-30 14:33:00,1427.0,1428.7,1427.0,1428.7,60014.0
2026-04-30 14:34:00,1428.8,1429.2,1427.9,1428.4,40586.0
2026-04-30 14:35:00,1428.4,1429.2,1428.4,1429.0,56063.0
2026-04-30 14:36:00,1429.1,1430.6,1428.7,1430.2,108937.0
2026-04-30 14:37:00,1430.3,1430.9,1429.4,1430.1,54303.0
2026-04-30 14:38:00,1429.9,1430.2,1429.4,1430.0,91796.0
2026-04-30 14:39:00,1430.0,1431.2,1429.9,1431.0,65185.0
2026-04-30 14:40:00,1431.2,1432.4,1430.7,1432.1,201970.0
2026-04-30 14:41:00,1432.1,1432.5,1431.4,1431.7,90201.0
2026-04-30 14:42:00,1432.1,1434.4,1431.9,1434.0,62708.0
2026-04-30 14:43:00,1434.1,1435.7,1434.0,1434.2,184746.0
2026-04-30 14:44:00,1434.3,1435.1,1433.4,1434.0,128547.0
2026-04-30 14:45:00,1433.7,1434.1,1433.0,1434.1,85463.0
2026-04-30 14:46:00,1434.0,1434.1,1431.0,1431.6,224095.0
2026-04-30 14:47:00,1431.5,1432.4,1431.0,1431.2,150626.0
2026-04-30 14:48:00,1431.0,1432.0,1430.4,1431.9,133666.0
2026-04-30 14:49:00,1431.8,1431.9,1428.8,1428.9,62518.0
2026-04-30 14:50:00,1430.0,1430.1,1428.1,1429.1,126419.0
2026-04-30 14:51:00,1429.0,1429.6,1428.0,1429.5,85138.0
2026-04-30 14:52:00,1429.5,1430.3,1429.5,1430.1,102015.0
2026-04-30 14:53:00,1430.0,1430.2,1429.5,1430.0,76071.0
2026-04-30 14:54:00,1430.0,1430.2,1429.7,1430.0,59783.0
2026-04-30 14:55:00,1430.0,1430.1,1428.0,1429.5,130377.0
2026-04-30 14:56:00,1429.5,1430.2,1429.1,1430.2,93377.0
2026-04-30 14:57:00,1430.3,1430.3,1429.3,1430.0,81593.0
2026-04-30 14:58:00,1430.0,1430.3,1429.5,1430.1,52124.0
2026-04-30 14:59:00,1430.1,1430.5,1430.0,1430.0,19716.0
2026-04-30 15:00:00,1430.2,1430.9,1429.3,1430.5,152426.0
2026-04-30 15:01:00,1430.5,1430.5,1429.0,1429.3,242343.0
2026-04-30 15:02:00,1429.4,1431.0,1428.8,1430.5,467354.0
2026-04-30 15:03:00,1430.3,1433.1,1429.2,1431.8,536564.0
2026-04-30 15:04:00,1431.4,1432.1,1429.7,1430.1,407846.0
2026-04-30 15:05:00,1430.3,1431.1,1429.4,1430.1,295182.0
2026-04-30 15:06:00,1430.0,1432.1,1429.0,1431.6,445526.0
2026-04-30 15:07:00,1431.5,1431.9,1428.6,1428.6,477626.0
2026-04-30 15:08:00,1429.1,1429.2,1426.5,1428.4,213133.0
2026-04-30 15:09:00,1428.5,1429.2,1428.0,1429.2,262641.0
2026-04-30 15:10:00,1429.1,1430.7,1429.0,1430.7,174166.0
2026-04-30 15:11:00,1430.7,1430.7,1428.7,1428.7,282932.0
2026-04-30 15:12:00,1428.5,1430.1,1428.5,1430.1,153749.0
2026-04-30 15:13:00,1430.0,1431.0,1429.9,1431.0,172889.0
2026-04-30 15:14:00,1431.0,1431.3,1430.4,1431.3,126195.0
2026-04-30 15:15:00,1431.2,1431.5,1430.4,1431.2,84843.0
2026-04-30 15:16:00,1431.2,1431.3,1430.1,1431.0,165198.0
2026-04-30 15:17:00,1431.0,1431.9,1430.0,1431.9,166772.0
2026-04-30 15:18:00,1431.3,1432.0,1431.0,1431.3,99166.0
2026-04-30 15:19:00,1431.1,1432.0,1431.1,1431.6,67139.0
2026-04-30 15:20:00,1431.5,1432.1,1431.3,1432.0,132376.0
2026-04-30 15:21:00,1432.2,1432.6,1432.0,1432.6,89993.0
2026-04-30 15:22:00,1432.7,1432.7,1430.0,1431.0,189523.0
2026-04-30 15:23:00,1431.1,1432.7,1431.0,1432.7,119844.0
2026-04-30 15:24:00,1432.7,1432.9,1430.4,1432.0,252250.0
2026-04-30 15:25:00,1432.0,1432.7,1431.2,1432.5,101522.0
2026-04-30 15:26:00,1432.5,1434.0,1432.2,1433.1,104342.0
2026-04-30 15:27:00,1433.7,1435.2,1433.3,1435.0,283385.0
2026-04-30 15:28:00,1435.1,1435.3,1435.0,1435.1,51623.0
2026-04-30 15:29:00,1435.2,1437.0,1433.0,1436.0,98701.0
