datetime,time,open,high,low,close,volume
2026-02-16 09:15:00,09:15:00,173.5,192.75,163.4,174.55,785590
2026-02-16 09:16:00,09:16:00,173.2,174.55,145.65,153.5,760760
2026-02-16 09:17:00,09:17:00,153.3,157.8,150.2,150.35,497445
2026-02-16 09:18:00,09:18:00,149.5,153.0,144.0,148.85,570180
2026-02-16 09:19:00,09:19:00,146.15,148.85,135.2,135.2,665210
2026-02-16 09:20:00,09:20:00,134.45,141.85,130.95,136.2,769990
2026-02-16 09:21:00,09:21:00,136.45,139.05,130.3,132.55,529360
2026-02-16 09:22:00,09:22:00,166.3,166.9,156.65,161.2,783705
2026-02-16 09:23:00,09:23:00,161.0,161.2,151.35,152.4,647205
2026-02-16 09:24:00,09:24:00,153.9,162.2,152.4,154.35,663325
2026-02-16 09:25:00,09:25:00,120.45,130.35,120.1,126.45,582530
2026-02-16 09:26:00,09:26:00,127.2,134.45,126.45,133.0,1049620
2026-02-16 09:27:00,09:27:00,134.25,138.65,129.1,129.1,1050335
2026-02-16 09:28:00,09:28:00,164.75,166.0,152.65,153.0,694980
2026-02-16 09:29:00,09:29:00,121.05,127.15,119.4,126.95,499330
2026-02-16 09:30:00,09:30:00,160.0,162.3,146.4,147.45,1025050
2026-02-16 09:31:00,09:31:00,146.6,148.35,138.2,144.5,909935
2026-02-16 09:32:00,09:32:00,142.25,144.5,140.1,143.65,648505
2026-02-16 09:33:00,09:33:00,143.45,143.65,133.55,133.7,771420
2026-02-16 09:34:00,09:34:00,134.65,136.65,128.1,132.0,1037855
2026-02-16 09:35:00,09:35:00,131.95,136.4,131.55,135.6,695305
2026-02-16 09:36:00,09:36:00,134.2,138.95,134.2,138.5,541060
2026-02-16 09:37:00,09:37:00,138.2,146.15,138.05,143.4,1109225
2026-02-16 09:38:00,09:38:00,143.7,147.0,140.6,146.7,653315
2026-02-16 09:39:00,09:39:00,145.75,146.8,142.35,142.6,460460
2026-02-16 09:40:00,09:40:00,141.4,154.85,141.35,152.75,1062750
2026-02-16 09:41:00,09:41:00,152.35,158.4,149.65,149.7,1046695
2026-02-16 09:42:00,09:42:00,148.8,150.65,145.7,149.1,534560
2026-02-16 09:43:00,09:43:00,116.25,127.95,116.25,127.75,1364025
2026-02-16 09:44:00,09:44:00,127.0,133.6,126.6,130.65,1451710
2026-02-16 09:45:00,09:45:00,131.2,134.3,127.15,132.2,928395
2026-02-16 09:46:00,09:46:00,132.55,133.7,123.1,125.65,1013675
2026-02-16 09:47:00,09:47:00,126.45,131.75,125.65,127.15,499850
2026-02-16 09:48:00,09:48:00,127.8,135.0,127.15,134.05,699530
2026-02-16 09:49:00,09:49:00,133.75,138.85,133.0,133.05,912340
2026-02-16 09:50:00,09:50:00,132.85,137.15,131.1,135.25,687310
2026-02-16 09:51:00,09:51:00,135.1,144.05,135.1,142.1,1398735
2026-02-16 09:52:00,09:52:00,141.75,148.95,141.65,143.7,1104155
2026-02-16 09:53:00,09:53:00,143.8,143.8,131.75,135.35,949910
2026-02-16 09:54:00,09:54:00,135.05,137.15,126.0,126.0,576030
2026-02-16 09:55:00,09:55:00,161.5,166.45,155.75,156.85,592410
2026-02-16 09:56:00,09:56:00,122.4,125.1,120.2,123.95,508625
2026-02-16 09:57:00,09:57:00,160.2,160.2,144.35,144.7,649480
2026-02-16 09:58:00,09:58:00,145.5,148.0,141.6,148.0,538980
2026-02-16 09:59:00,09:59:00,148.6,150.35,141.3,141.3,406445
2026-02-16 10:00:00,10:00:00,140.85,142.6,133.0,140.65,1026415
2026-02-16 10:01:00,10:01:00,138.2,140.65,129.25,130.5,867620
2026-02-16 10:02:00,10:02:00,132.4,133.75,123.1,126.4,1134575
2026-02-16 10:03:00,10:03:00,125.4,126.4,119.65,122.8,913900
2026-02-16 10:04:00,10:04:00,156.6,161.7,153.35,153.55,247000
2026-02-16 10:05:00,10:05:00,153.55,155.55,150.9,154.3,223535
2026-02-16 10:06:00,10:06:00,120.85,124.8,118.5,124.75,756080
2026-02-16 10:07:00,10:07:00,124.95,128.4,124.25,126.0,951405
2026-02-16 10:08:00,10:08:00,126.0,130.0,124.6,125.0,717860
2026-02-16 10:09:00,10:09:00,125.25,126.9,122.45,123.35,422240
2026-02-16 10:10:00,10:10:00,123.5,126.2,123.1,125.8,264225
2026-02-16 10:11:00,10:11:00,125.75,125.8,118.85,122.9,543855
2026-02-16 10:12:00,10:12:00,156.3,156.85,136.95,138.15,549315
2026-02-16 10:13:00,10:13:00,139.45,139.45,133.2,136.65,521560
2026-02-16 10:14:00,10:14:00,136.7,145.6,136.65,138.05,526110
2026-02-16 10:15:00,10:15:00,138.0,141.3,133.2,140.85,370305
2026-02-16 10:16:00,10:16:00,139.85,143.85,139.8,141.15,375830
2026-02-16 10:17:00,10:17:00,140.7,141.3,136.95,140.25,167960
2026-02-16 10:18:00,10:18:00,139.95,140.8,136.4,137.35,153465
2026-02-16 10:19:00,10:19:00,136.95,140.6,136.15,140.0,133770
2026-02-16 10:20:00,10:20:00,139.7,144.35,137.6,144.1,223860
2026-02-16 10:21:00,10:21:00,144.15,146.25,139.8,142.8,280410
2026-02-16 10:22:00,10:22:00,141.95,144.2,141.35,142.6,112645
2026-02-16 10:23:00,10:23:00,142.25,147.55,141.6,146.5,140725
2026-02-16 10:24:00,10:24:00,146.1,151.1,144.9,150.5,269165
2026-02-16 10:25:00,10:25:00,150.6,154.0,147.15,151.85,337740
2026-02-16 10:26:00,10:26:00,119.15,120.6,117.15,119.9,705770
2026-02-16 10:27:00,10:27:00,119.15,121.25,118.5,119.25,651040
2026-02-16 10:28:00,10:28:00,119.15,121.75,117.95,121.7,549380
2026-02-16 10:29:00,10:29:00,154.65,154.7,149.35,151.3,268255
2026-02-16 10:30:00,10:30:00,118.35,120.95,117.9,120.0,432120
2026-02-16 10:31:00,10:31:00,152.2,154.7,147.95,149.0,227500
2026-02-16 10:32:00,10:32:00,149.35,151.25,146.5,147.8,173550
2026-02-16 10:33:00,10:33:00,147.4,148.55,143.0,143.35,294125
2026-02-16 10:34:00,10:34:00,142.9,149.05,142.9,148.7,102375
2026-02-16 10:35:00,10:35:00,146.9,150.35,144.65,149.1,135980
2026-02-16 10:36:00,10:36:00,148.05,149.3,144.8,146.35,102180
2026-02-16 10:37:00,10:37:00,147.1,151.2,146.35,150.8,106275
2026-02-16 10:38:00,10:38:00,117.05,121.0,116.95,119.4,784680
2026-02-16 10:39:00,10:39:00,152.45,152.45,147.5,149.25,117780
2026-02-16 10:40:00,10:40:00,149.8,149.8,144.6,145.0,173745
2026-02-16 10:41:00,10:41:00,145.2,146.65,142.6,143.05,122005
2026-02-16 10:42:00,10:42:00,143.05,151.3,143.05,151.3,115895
2026-02-16 10:43:00,10:43:00,118.35,121.15,115.55,117.55,946530
2026-02-16 10:44:00,10:44:00,151.4,152.4,147.45,147.5,140595
2026-02-16 10:45:00,10:45:00,148.6,150.55,147.15,149.8,82615
2026-02-16 10:46:00,10:46:00,117.35,120.25,115.45,115.45,427440
2026-02-16 10:47:00,10:47:00,147.8,148.15,143.0,143.0,174070
2026-02-16 10:48:00,10:48:00,111.0,116.25,109.4,115.9,796380
2026-02-16 10:49:00,10:49:00,116.05,121.75,115.9,120.85,925470
2026-02-16 10:50:00,10:50:00,120.8,125.5,120.8,122.4,1529515
2026-02-16 10:51:00,10:51:00,123.6,124.35,116.45,116.5,891215
2026-02-16 10:52:00,10:52:00,116.6,121.2,114.6,120.55,684710
2026-02-16 10:53:00,10:53:00,120.5,123.85,118.8,121.5,639340
2026-02-16 10:54:00,10:54:00,121.65,123.65,121.0,121.6,353600
2026-02-16 10:55:00,10:55:00,121.7,123.6,117.75,122.75,457405
2026-02-16 10:56:00,10:56:00,122.7,124.45,121.75,122.55,459615
2026-02-16 10:57:00,10:57:00,120.4,122.55,120.4,120.7,258505
2026-02-16 10:58:00,10:58:00,119.7,120.7,118.0,118.75,363740
2026-02-16 10:59:00,10:59:00,118.75,118.75,116.45,116.65,396630
2026-02-16 11:00:00,11:00:00,116.4,122.65,114.6,122.6,591175
2026-02-16 11:01:00,11:01:00,121.75,128.0,121.75,126.65,1118130
2026-02-16 11:02:00,11:02:00,128.0,128.4,122.4,124.75,683150
2026-02-16 11:03:00,11:03:00,125.0,128.0,119.0,119.0,690300
2026-02-16 11:04:00,11:04:00,154.35,154.35,145.05,146.2,303030
2026-02-16 11:05:00,11:05:00,145.8,149.4,142.3,146.6,261430
2026-02-16 11:06:00,11:06:00,146.4,150.4,144.65,145.9,158600
2026-02-16 11:07:00,11:07:00,145.9,147.8,143.95,147.25,91325
2026-02-16 11:08:00,11:08:00,146.95,149.0,145.85,147.0,86190
2026-02-16 11:09:00,11:09:00,147.0,149.3,144.95,145.0,71825
2026-02-16 11:10:00,11:10:00,145.0,147.7,145.0,146.6,50310
2026-02-16 11:11:00,11:11:00,147.45,151.7,145.85,151.3,98280
2026-02-16 11:12:00,11:12:00,152.4,152.4,144.9,147.0,155610
2026-02-16 11:13:00,11:13:00,146.9,147.5,144.0,144.7,69225
2026-02-16 11:14:00,11:14:00,144.7,146.05,143.4,144.3,81965
2026-02-16 11:15:00,11:15:00,144.45,148.0,142.1,143.3,154700
2026-02-16 11:16:00,11:16:00,143.5,147.55,143.3,146.75,78455
2026-02-16 11:17:00,11:17:00,146.35,146.75,140.85,142.35,112450
2026-02-16 11:18:00,11:18:00,142.65,144.9,142.0,142.9,77090
2026-02-16 11:19:00,11:19:00,142.4,145.4,140.65,145.15,179790
2026-02-16 11:20:00,11:20:00,145.4,145.4,141.45,141.7,93405
2026-02-16 11:21:00,11:21:00,142.0,144.35,140.85,142.9,78130
2026-02-16 11:22:00,11:22:00,142.6,143.0,139.6,142.0,108355
2026-02-16 11:23:00,11:23:00,142.1,143.5,140.8,140.8,56485
2026-02-16 11:24:00,11:24:00,139.7,140.9,135.0,136.75,259090
2026-02-16 11:25:00,11:25:00,136.5,143.9,133.3,143.35,374790
2026-02-16 11:26:00,11:26:00,110.6,116.0,110.6,115.9,1752010
2026-02-16 11:27:00,11:27:00,149.15,149.2,143.65,147.25,174330
2026-02-16 11:28:00,11:28:00,112.45,116.3,111.5,116.05,566670
2026-02-16 11:29:00,11:29:00,116.4,123.15,116.05,119.1,1625585
2026-02-16 11:30:00,11:30:00,119.3,120.8,116.25,117.5,796055
2026-02-16 11:31:00,11:31:00,117.4,119.75,115.0,116.2,550745
2026-02-16 11:32:00,11:32:00,116.4,116.75,113.0,114.1,477750
2026-02-16 11:33:00,11:33:00,147.9,147.9,144.55,145.9,118430
2026-02-16 11:34:00,11:34:00,112.55,119.95,111.65,119.95,702975
2026-02-16 11:35:00,11:35:00,119.95,123.05,118.8,122.5,907920
2026-02-16 11:36:00,11:36:00,122.55,123.45,117.3,117.3,750165
2026-02-16 11:37:00,11:37:00,117.2,119.65,114.8,119.1,538655
2026-02-16 11:38:00,11:38:00,153.25,154.55,150.3,150.3,99190
2026-02-16 11:39:00,11:39:00,151.0,151.0,146.65,149.7,113035
2026-02-16 11:40:00,11:40:00,116.35,120.55,115.4,118.45,522925
2026-02-16 11:41:00,11:41:00,117.9,121.6,117.85,118.15,419380
2026-02-16 11:42:00,11:42:00,151.9,153.0,148.5,148.5,95225
2026-02-16 11:43:00,11:43:00,114.7,118.55,113.8,117.9,248365
2026-02-16 11:44:00,11:44:00,119.2,121.2,117.9,121.0,379145
2026-02-16 11:45:00,11:45:00,120.45,122.55,119.6,122.3,523640
2026-02-16 11:46:00,11:46:00,122.2,131.5,122.1,128.75,1561105
2026-02-16 11:47:00,11:47:00,129.15,129.5,120.7,124.35,993850
2026-02-16 11:48:00,11:48:00,124.2,126.95,123.55,124.0,471120
2026-02-16 11:49:00,11:49:00,124.0,124.35,120.7,122.4,423930
2026-02-16 11:50:00,11:50:00,122.8,123.3,120.2,120.65,328900
2026-02-16 11:51:00,11:51:00,120.9,125.2,120.55,123.65,324870
2026-02-16 11:52:00,11:52:00,123.55,125.3,121.3,125.0,333710
2026-02-16 11:53:00,11:53:00,124.8,126.05,123.95,125.75,347165
2026-02-16 11:54:00,11:54:00,125.85,128.85,124.55,128.85,526240
2026-02-16 11:55:00,11:55:00,128.2,128.9,125.2,125.2,478855
2026-02-16 11:56:00,11:56:00,125.1,126.7,121.8,122.1,419185
2026-02-16 11:57:00,11:57:00,121.8,122.35,118.6,118.85,744055
2026-02-16 11:58:00,11:58:00,118.75,119.4,116.55,117.5,500695
2026-02-16 11:59:00,11:59:00,151.75,152.3,148.0,148.4,141830
2026-02-16 12:00:00,12:00:00,147.85,149.55,146.7,146.7,120445
2026-02-16 12:01:00,12:01:00,146.5,148.35,144.05,147.9,179140
2026-02-16 12:02:00,12:02:00,147.75,147.9,142.65,145.5,255970
2026-02-16 12:03:00,12:03:00,145.3,145.75,142.0,142.15,82225
2026-02-16 12:04:00,12:04:00,142.1,147.0,142.1,144.2,92040
2026-02-16 12:05:00,12:05:00,143.65,145.25,142.9,145.0,95290
2026-02-16 12:06:00,12:06:00,144.85,145.0,142.0,144.45,107640
2026-02-16 12:07:00,12:07:00,144.6,146.3,141.5,142.55,91715
2026-02-16 12:08:00,12:08:00,142.75,143.0,140.3,141.4,119080
2026-02-16 12:09:00,12:09:00,141.1,143.5,140.55,140.65,81900
2026-02-16 12:10:00,12:10:00,140.1,141.45,136.2,136.2,299325
2026-02-16 12:11:00,12:11:00,135.25,136.2,130.65,134.1,475800
2026-02-16 12:12:00,12:12:00,134.35,135.9,133.45,133.65,130780
2026-02-16 12:13:00,12:13:00,133.85,135.75,132.45,135.75,146250
2026-02-16 12:14:00,12:14:00,135.0,137.5,133.55,137.0,235560
2026-02-16 12:15:00,12:15:00,136.7,143.55,136.35,143.25,462085
2026-02-16 12:16:00,12:16:00,142.95,144.25,135.65,135.65,291980
2026-02-16 12:17:00,12:17:00,136.4,136.6,131.6,131.9,215475
2026-02-16 12:18:00,12:18:00,131.3,131.9,128.0,129.0,364390
2026-02-16 12:19:00,12:19:00,128.8,129.0,123.85,126.95,440375
2026-02-16 12:20:00,12:20:00,126.2,131.0,124.5,130.9,271960
2026-02-16 12:21:00,12:21:00,130.3,130.9,127.5,130.3,169390
2026-02-16 12:22:00,12:22:00,129.9,132.0,128.1,128.8,183950
2026-02-16 12:23:00,12:23:00,128.55,129.5,127.6,128.55,70850
2026-02-16 12:24:00,12:24:00,128.7,129.95,126.35,127.6,128505
2026-02-16 12:25:00,12:25:00,127.35,130.4,127.35,130.4,119145
2026-02-16 12:26:00,12:26:00,130.1,130.7,122.55,122.7,271115
2026-02-16 12:27:00,12:27:00,121.7,124.7,120.2,122.8,383110
2026-02-16 12:28:00,12:28:00,122.35,123.05,121.55,121.6,169455
2026-02-16 12:29:00,12:29:00,157.15,157.45,153.0,153.0,159705
2026-02-16 12:30:00,12:30:00,150.7,153.0,147.2,149.15,564720
2026-02-16 12:31:00,12:31:00,149.55,150.55,145.0,149.3,411450
2026-02-16 12:32:00,12:32:00,148.95,155.0,148.8,148.8,469885
2026-02-16 12:33:00,12:33:00,148.6,152.3,147.7,148.9,172055
2026-02-16 12:34:00,12:34:00,148.2,148.9,146.5,148.6,296660
2026-02-16 12:35:00,12:35:00,148.75,150.05,145.6,147.9,244205
2026-02-16 12:36:00,12:36:00,147.1,149.3,145.75,148.3,165295
2026-02-16 12:37:00,12:37:00,148.4,153.0,148.0,149.75,302055
2026-02-16 12:38:00,12:38:00,149.4,152.55,147.15,150.95,245895
2026-02-16 12:39:00,12:39:00,116.2,117.95,115.2,117.55,163215
2026-02-16 12:40:00,12:40:00,117.3,118.95,116.5,117.65,331695
2026-02-16 12:41:00,12:41:00,152.6,153.2,149.55,150.85,172120
2026-02-16 12:42:00,12:42:00,151.2,152.3,147.2,150.45,180180
2026-02-16 12:43:00,12:43:00,150.1,153.4,148.8,150.05,135590
2026-02-16 12:44:00,12:44:00,150.25,152.0,149.75,149.9,123955
2026-02-16 12:45:00,12:45:00,149.5,151.4,148.2,151.35,115700
2026-02-16 12:46:00,12:46:00,116.4,118.95,116.4,117.15,288275
2026-02-16 12:47:00,12:47:00,116.85,118.8,116.5,118.1,191425
2026-02-16 12:48:00,12:48:00,117.95,120.1,117.5,119.8,307710
2026-02-16 12:49:00,12:49:00,119.75,125.65,118.55,125.1,760045
2026-02-16 12:50:00,12:50:00,124.95,125.9,122.3,125.9,468910
2026-02-16 12:51:00,12:51:00,125.85,126.85,125.0,125.3,455910
2026-02-16 12:52:00,12:52:00,125.35,126.25,119.75,121.85,388505
2026-02-16 12:53:00,12:53:00,121.8,121.85,117.25,120.05,315185
2026-02-16 12:54:00,12:54:00,120.45,122.35,119.55,119.75,159185
2026-02-16 12:55:00,12:55:00,119.0,119.9,116.5,119.15,207805
2026-02-16 12:56:00,12:56:00,119.5,124.75,119.15,124.55,259155
2026-02-16 12:57:00,12:57:00,124.3,126.15,123.2,126.0,247650
2026-02-16 12:58:00,12:58:00,126.2,130.55,126.0,128.6,483990
2026-02-16 12:59:00,12:59:00,128.95,129.6,125.45,125.85,224770
2026-02-16 13:00:00,13:00:00,125.9,125.9,119.25,120.95,395915
2026-02-16 13:01:00,13:01:00,156.5,157.35,148.75,148.9,283725
2026-02-16 13:02:00,13:02:00,148.65,151.6,147.5,150.3,298805
2026-02-16 13:03:00,13:03:00,150.2,152.65,148.0,149.0,251420
2026-02-16 13:04:00,13:04:00,114.15,118.4,114.15,116.7,221455
2026-02-16 13:05:00,13:05:00,116.75,116.95,115.1,116.8,178620
2026-02-16 13:06:00,13:06:00,116.7,119.1,115.65,118.45,176345
2026-02-16 13:07:00,13:07:00,118.55,119.0,116.55,117.55,163800
2026-02-16 13:08:00,13:08:00,117.35,117.7,115.6,116.5,121615
2026-02-16 13:09:00,13:09:00,152.2,152.95,150.0,150.0,101790
2026-02-16 13:10:00,13:10:00,150.0,150.4,146.15,147.4,204230
2026-02-16 13:11:00,13:11:00,147.25,149.9,146.65,147.9,128700
2026-02-16 13:12:00,13:12:00,113.2,116.7,112.35,116.6,233090
2026-02-16 13:13:00,13:13:00,151.3,152.15,150.0,151.5,103285
2026-02-16 13:14:00,13:14:00,115.7,116.65,114.3,116.15,118690
2026-02-16 13:15:00,13:15:00,116.05,117.5,115.45,117.05,170170
2026-02-16 13:16:00,13:16:00,116.9,118.3,115.9,117.15,184990
2026-02-16 13:17:00,13:17:00,117.4,118.8,117.15,118.7,206895
2026-02-16 13:18:00,13:18:00,118.6,120.6,118.3,119.75,290680
2026-02-16 13:19:00,13:19:00,119.05,120.8,118.75,120.8,127595
2026-02-16 13:20:00,13:20:00,120.5,120.8,115.55,115.55,226525
2026-02-16 13:21:00,13:21:00,115.4,119.0,114.55,118.75,188760
2026-02-16 13:22:00,13:22:00,155.55,157.8,148.4,148.5,275990
2026-02-16 13:23:00,13:23:00,112.85,116.7,111.5,115.35,369265
2026-02-16 13:24:00,13:24:00,115.6,116.6,113.2,116.1,172445
2026-02-16 13:25:00,13:25:00,116.05,118.7,113.9,117.9,246025
2026-02-16 13:26:00,13:26:00,117.6,118.2,114.5,114.55,147550
2026-02-16 13:27:00,13:27:00,150.05,151.0,148.9,148.9,58695
2026-02-16 13:28:00,13:28:00,148.85,149.55,142.65,146.15,369655
2026-02-16 13:29:00,13:29:00,145.45,147.0,142.1,143.75,238225
2026-02-16 13:30:00,13:30:00,109.25,115.9,109.25,115.45,322400
2026-02-16 13:31:00,13:31:00,116.0,119.65,115.45,117.85,375310
2026-02-16 13:32:00,13:32:00,117.6,120.4,117.2,117.8,248040
2026-02-16 13:33:00,13:33:00,153.25,154.25,145.15,146.25,244725
2026-02-16 13:34:00,13:34:00,146.5,150.65,145.05,148.45,202865
2026-02-16 13:35:00,13:35:00,148.25,148.8,142.6,145.5,210470
2026-02-16 13:36:00,13:36:00,145.45,146.3,139.5,140.75,411515
2026-02-16 13:37:00,13:37:00,141.0,142.75,140.0,140.0,189995
2026-02-16 13:38:00,13:38:00,140.2,145.0,138.3,142.7,443235
2026-02-16 13:39:00,13:39:00,143.2,143.45,137.85,139.55,241085
2026-02-16 13:40:00,13:40:00,139.9,142.9,139.45,140.25,166335
2026-02-16 13:41:00,13:41:00,140.5,141.2,136.7,139.5,221910
2026-02-16 13:42:00,13:42:00,140.45,141.95,139.3,141.15,119535
2026-02-16 13:43:00,13:43:00,141.75,142.4,137.95,140.15,176020
2026-02-16 13:44:00,13:44:00,139.7,141.5,138.4,140.7,146315
2026-02-16 13:45:00,13:45:00,139.65,142.2,138.15,141.95,226785
2026-02-16 13:46:00,13:46:00,141.75,143.25,139.6,141.25,213070
2026-02-16 13:47:00,13:47:00,141.35,142.55,141.25,142.15,138320
2026-02-16 13:48:00,13:48:00,141.85,144.2,141.45,143.2,210600
2026-02-16 13:49:00,13:49:00,143.3,145.3,142.65,144.95,223795
2026-02-16 13:50:00,13:50:00,144.8,144.95,140.6,141.65,142155
2026-02-16 13:51:00,13:51:00,141.3,144.85,140.7,143.25,132665
2026-02-16 13:52:00,13:52:00,108.3,114.0,108.15,113.9,497965
2026-02-16 13:53:00,13:53:00,114.05,114.85,110.6,114.55,387335
2026-02-16 13:54:00,13:54:00,114.35,115.05,112.95,114.6,329420
2026-02-16 13:55:00,13:55:00,114.9,118.65,114.15,118.5,548340
2026-02-16 13:56:00,13:56:00,118.1,123.1,117.6,123.05,672165
2026-02-16 13:57:00,13:57:00,123.6,124.9,118.0,123.1,735345
2026-02-16 13:58:00,13:58:00,123.2,123.4,117.7,119.05,446485
2026-02-16 13:59:00,13:59:00,119.45,123.5,119.05,120.8,367835
2026-02-16 14:00:00,14:00:00,121.1,121.6,116.4,117.15,409045
2026-02-16 14:01:00,14:01:00,151.75,153.0,149.2,149.35,285935
2026-02-16 14:02:00,14:02:00,149.3,149.35,146.35,148.1,254020
2026-02-16 14:03:00,14:03:00,112.25,118.45,112.25,116.45,387205
2026-02-16 14:04:00,14:04:00,150.8,152.35,148.45,151.55,127335
2026-02-16 14:05:00,14:05:00,115.15,123.25,114.15,122.95,559780
2026-02-16 14:06:00,14:06:00,122.25,126.0,121.5,124.7,601510
2026-02-16 14:07:00,14:07:00,123.7,124.7,115.8,117.25,476125
2026-02-16 14:08:00,14:08:00,117.0,123.85,117.0,121.8,362375
2026-02-16 14:09:00,14:09:00,121.5,125.4,121.5,124.8,289250
2026-02-16 14:10:00,14:10:00,124.55,124.8,120.45,123.1,315445
2026-02-16 14:11:00,14:11:00,123.05,123.25,117.2,117.45,249340
2026-02-16 14:12:00,14:12:00,117.6,118.65,114.3,118.15,342030
2026-02-16 14:13:00,14:13:00,154.2,154.2,143.5,144.55,460655
2026-02-16 14:14:00,14:14:00,145.8,148.0,144.1,145.65,222625
2026-02-16 14:15:00,14:15:00,145.4,147.15,143.7,144.95,166270
2026-02-16 14:16:00,14:16:00,145.3,146.25,142.7,145.75,356265
2026-02-16 14:17:00,14:17:00,146.1,146.1,143.0,143.9,192270
2026-02-16 14:18:00,14:18:00,144.0,147.0,143.65,145.0,252915
2026-02-16 14:19:00,14:19:00,144.95,149.0,144.05,147.2,221195
2026-02-16 14:20:00,14:20:00,147.05,147.2,142.65,144.75,162825
2026-02-16 14:21:00,14:21:00,145.75,148.7,144.25,144.35,144040
2026-02-16 14:22:00,14:22:00,144.8,145.7,143.1,145.35,95875
2026-02-16 14:23:00,14:23:00,145.5,146.05,143.25,144.0,93795
2026-02-16 14:24:00,14:24:00,144.5,145.95,143.65,143.95,79105
2026-02-16 14:25:00,14:25:00,143.8,143.95,139.75,140.3,367835
2026-02-16 14:26:00,14:26:00,140.8,142.5,139.0,140.0,220025
2026-02-16 14:27:00,14:27:00,140.2,140.25,130.7,134.15,790075
2026-02-16 14:28:00,14:28:00,133.55,134.15,119.85,122.7,966550
2026-02-16 14:29:00,14:29:00,122.25,122.7,116.4,117.7,1088880
2026-02-16 14:30:00,14:30:00,117.85,118.9,115.0,117.15,745290
2026-02-16 14:31:00,14:31:00,116.85,117.15,113.65,114.4,703365
2026-02-16 14:32:00,14:32:00,148.7,151.8,143.25,145.5,313495
2026-02-16 14:33:00,14:33:00,146.05,146.75,140.2,141.05,198640
2026-02-16 14:34:00,14:34:00,141.25,142.0,134.8,134.85,308815
2026-02-16 14:35:00,14:35:00,135.05,139.8,133.5,138.9,331370
2026-02-16 14:36:00,14:36:00,139.65,139.65,133.8,134.1,238420
2026-02-16 14:37:00,14:37:00,134.7,137.85,134.0,137.65,138905
2026-02-16 14:38:00,14:38:00,138.55,143.45,137.65,142.0,338780
2026-02-16 14:39:00,14:39:00,142.65,142.65,140.5,141.4,103220
2026-02-16 14:40:00,14:40:00,140.0,141.4,137.65,140.55,188435
2026-02-16 14:41:00,14:41:00,139.9,142.35,138.65,139.45,113750
2026-02-16 14:42:00,14:42:00,140.0,141.25,137.85,138.55,92950
2026-02-16 14:43:00,14:43:00,138.35,143.4,138.35,140.1,110955
2026-02-16 14:44:00,14:44:00,139.8,140.75,132.4,135.4,267865
2026-02-16 14:45:00,14:45:00,135.65,138.55,134.25,137.7,159965
2026-02-16 14:46:00,14:46:00,138.5,138.5,134.15,135.75,129090
2026-02-16 14:47:00,14:47:00,136.55,137.25,134.15,135.05,89440
2026-02-16 14:48:00,14:48:00,134.95,135.05,126.95,127.0,330785
2026-02-16 14:49:00,14:49:00,125.55,127.0,120.3,124.6,493935
2026-02-16 14:50:00,14:50:00,124.3,130.15,124.05,126.1,232245
2026-02-16 14:51:00,14:51:00,126.95,128.55,125.15,128.25,132080
2026-02-16 14:52:00,14:52:00,128.0,132.55,127.6,131.55,208975
2026-02-16 14:53:00,14:53:00,131.7,136.05,131.4,133.15,282360
2026-02-16 14:54:00,14:54:00,133.35,133.35,129.65,132.3,166790
2026-02-16 14:55:00,14:55:00,132.3,132.75,129.4,129.5,102180
2026-02-16 14:56:00,14:56:00,129.95,130.0,127.4,128.45,115115
2026-02-16 14:57:00,14:57:00,129.8,131.5,128.45,129.9,108290
2026-02-16 14:58:00,14:58:00,128.65,129.9,124.0,126.05,232830
2026-02-16 14:59:00,14:59:00,126.8,129.35,125.2,126.35,148265
2026-02-16 15:00:00,15:00:00,163.4,163.4,152.4,155.4,434850
2026-02-16 15:01:00,15:01:00,154.95,155.75,148.25,148.9,398840
2026-02-16 15:02:00,15:02:00,148.15,155.3,147.25,155.3,544180
2026-02-16 15:03:00,15:03:00,155.0,158.0,153.8,154.6,434980
2026-02-16 15:04:00,15:04:00,154.45,154.6,147.0,148.5,285740
2026-02-16 15:05:00,15:05:00,149.35,153.0,148.5,151.6,290160
2026-02-16 15:06:00,15:06:00,150.4,151.6,143.45,143.45,306345
2026-02-16 15:07:00,15:07:00,144.25,146.3,141.6,145.6,343915
2026-02-16 15:08:00,15:08:00,145.35,148.5,145.35,147.35,232050
2026-02-16 15:09:00,15:09:00,147.55,148.15,144.4,145.7,132340
2026-02-16 15:10:00,15:10:00,146.85,146.85,139.2,140.6,334620
2026-02-16 15:11:00,15:11:00,142.0,144.9,140.45,144.05,301925
2026-02-16 15:12:00,15:12:00,144.65,145.9,143.4,145.45,266110
2026-02-16 15:13:00,15:13:00,146.0,148.2,145.45,147.9,206765
2026-02-16 15:14:00,15:14:00,148.5,149.8,143.6,145.05,330785
2026-02-16 15:15:00,15:15:00,146.15,148.8,145.05,148.2,257010
2026-02-16 15:16:00,15:16:00,147.45,148.95,142.5,145.6,257465
2026-02-16 15:17:00,15:17:00,145.95,146.25,143.6,145.8,144820
2026-02-16 15:18:00,15:18:00,146.4,147.9,145.45,146.85,164905
2026-02-16 15:19:00,15:19:00,147.05,147.7,145.8,147.2,160355
2026-02-16 15:20:00,15:20:00,148.0,149.2,146.0,146.0,216450
2026-02-16 15:21:00,15:21:00,146.4,148.35,145.65,147.1,208520
2026-02-16 15:22:00,15:22:00,147.0,147.85,145.8,146.25,109915
2026-02-16 15:23:00,15:23:00,146.4,146.45,137.0,137.25,261170
2026-02-16 15:24:00,15:24:00,137.45,141.9,137.05,141.8,177320
2026-02-16 15:25:00,15:25:00,141.85,144.4,139.8,141.15,182650
2026-02-16 15:26:00,15:26:00,141.2,141.75,137.85,140.0,210080
2026-02-16 15:27:00,15:27:00,140.25,141.5,139.5,140.4,204555
2026-02-16 15:28:00,15:28:00,140.75,140.8,138.1,138.9,283205
2026-02-16 15:29:00,15:29:00,139.25,139.3,132.95,133.35,324870
2026-02-17 09:15:00,09:15:00,34.6,65.0,34.6,50.0,13177970
2026-02-17 09:16:00,09:16:00,50.3,58.2,50.0,53.3,11441950
2026-02-17 09:17:00,09:17:00,53.8,57.55,53.2,54.85,7498075
2026-02-17 09:18:00,09:18:00,55.15,55.75,51.25,51.25,5014620
2026-02-17 09:19:00,09:19:00,51.0,53.6,48.55,50.0,5998720
2026-02-17 09:20:00,09:20:00,51.95,73.5,50.0,73.35,18618795
2026-02-17 09:21:00,09:21:00,71.7,73.35,61.6,64.2,9838270
2026-02-17 09:22:00,09:22:00,63.7,64.2,53.55,57.15,8523775
2026-02-17 09:23:00,09:23:00,57.55,65.15,54.3,64.6,8108360
2026-02-17 09:24:00,09:24:00,63.75,71.45,62.2,67.85,9351355
2026-02-17 09:25:00,09:25:00,68.55,73.05,61.45,63.8,9407905
2026-02-17 09:26:00,09:26:00,62.45,67.1,57.85,64.15,6421935
2026-02-17 09:27:00,09:27:00,64.95,67.9,61.7,67.75,3536585
2026-02-17 09:28:00,09:28:00,67.85,67.85,59.35,60.2,4326660
2026-02-17 09:29:00,09:29:00,59.65,63.0,59.4,60.65,3279640
2026-02-17 09:30:00,09:30:00,61.25,68.05,60.65,62.35,5936385
2026-02-17 09:31:00,09:31:00,61.4,65.5,61.35,63.65,3566745
2026-02-17 09:32:00,09:32:00,63.6,67.05,52.1,52.1,8257730
2026-02-17 09:33:00,09:33:00,53.0,55.35,46.05,47.6,9803430
2026-02-17 09:34:00,09:34:00,48.0,51.55,45.9,47.05,6606860
2026-02-17 09:35:00,09:35:00,47.1,51.9,46.8,50.7,5143580
2026-02-17 09:36:00,09:36:00,50.85,62.7,50.2,62.7,10038990
2026-02-17 09:37:00,09:37:00,63.15,64.6,53.0,57.55,8430110
2026-02-17 09:38:00,09:38:00,57.35,57.55,47.75,47.95,5711095
2026-02-17 09:39:00,09:39:00,47.65,47.95,43.7,45.15,6845475
2026-02-17 09:40:00,09:40:00,44.9,49.65,44.9,47.8,5487560
2026-02-17 09:41:00,09:41:00,47.4,49.85,44.15,46.0,4251910
2026-02-17 09:42:00,09:42:00,45.5,46.6,38.1,41.15,8204105
2026-02-17 09:43:00,09:43:00,67.85,67.85,60.8,61.45,3042845
2026-02-17 09:44:00,09:44:00,61.45,61.9,54.85,56.1,4187625
2026-02-17 09:45:00,09:45:00,55.9,58.45,54.7,55.2,4170010
2026-02-17 09:46:00,09:46:00,55.05,58.6,54.75,55.75,2519400
2026-02-17 09:47:00,09:47:00,55.4,60.0,55.1,59.5,3109665
2026-02-17 09:48:00,09:48:00,59.3,60.4,56.4,58.55,1989650
2026-02-17 09:49:00,09:49:00,58.25,59.45,53.05,54.1,2732470
2026-02-17 09:50:00,09:50:00,54.05,58.6,51.5,53.8,3521375
2026-02-17 09:51:00,09:51:00,53.5,54.35,50.5,50.55,2358395
2026-02-17 09:52:00,09:52:00,50.7,51.65,47.0,48.2,4272710
2026-02-17 09:53:00,09:53:00,48.05,48.2,44.85,45.45,3847480
2026-02-17 09:54:00,09:54:00,46.25,49.3,44.9,45.65,3054285
2026-02-17 09:55:00,09:55:00,45.55,48.8,45.15,48.2,2873260
2026-02-17 09:56:00,09:56:00,48.25,49.5,47.15,48.55,2661490
2026-02-17 09:57:00,09:57:00,48.8,49.9,41.9,42.35,4671160
2026-02-17 09:58:00,09:58:00,42.6,44.05,40.1,41.8,5311020
2026-02-17 09:59:00,09:59:00,41.55,45.9,41.55,44.5,4074460
2026-02-17 10:00:00,10:00:00,44.15,47.15,44.15,44.65,4084535
2026-02-17 10:01:00,10:01:00,44.15,44.65,41.9,42.85,2428985
2026-02-17 10:02:00,10:02:00,42.9,47.9,42.85,45.1,3739385
2026-02-17 10:03:00,10:03:00,44.9,45.95,43.3,44.9,2334605
2026-02-17 10:04:00,10:04:00,44.65,46.9,43.6,44.2,1903070
2026-02-17 10:05:00,10:05:00,44.15,46.05,43.95,45.1,1486875
2026-02-17 10:06:00,10:06:00,45.25,46.55,42.4,43.7,2367495
2026-02-17 10:07:00,10:07:00,43.6,45.3,41.9,43.95,2051075
2026-02-17 10:08:00,10:08:00,43.9,46.0,41.8,42.45,1895010
2026-02-17 10:09:00,10:09:00,41.9,44.0,40.35,43.9,2899715
2026-02-17 10:10:00,10:10:00,44.0,44.9,42.9,44.1,1806220
2026-02-17 10:11:00,10:11:00,43.9,45.65,42.75,42.8,1960075
2026-02-17 10:12:00,10:12:00,42.3,42.8,39.75,41.25,3189615
2026-02-17 10:13:00,10:13:00,68.2,68.65,64.15,64.75,2538445
2026-02-17 10:14:00,10:14:00,64.9,66.0,62.25,62.6,2238405
2026-02-17 10:15:00,10:15:00,37.0,41.5,36.35,41.25,3577015
2026-02-17 10:16:00,10:16:00,41.0,42.2,38.15,39.05,2822820
2026-02-17 10:17:00,10:17:00,39.1,39.6,37.25,38.65,1818310
2026-02-17 10:18:00,10:18:00,65.15,65.55,59.95,60.85,2763215
2026-02-17 10:19:00,10:19:00,60.45,60.85,53.55,55.1,6066450
2026-02-17 10:20:00,10:20:00,55.05,55.65,53.0,53.35,3903575
2026-02-17 10:21:00,10:21:00,53.15,57.3,53.1,57.0,3121235
2026-02-17 10:22:00,10:22:00,57.0,57.6,54.05,55.65,2846480
2026-02-17 10:23:00,10:23:00,55.45,57.0,53.65,54.9,2041715
2026-02-17 10:24:00,10:24:00,54.85,56.55,54.3,54.6,1567670
2026-02-17 10:25:00,10:25:00,54.85,55.55,53.35,55.4,1610570
2026-02-17 10:26:00,10:26:00,55.35,55.4,46.75,47.15,6000085
2026-02-17 10:27:00,10:27:00,47.2,48.2,43.2,43.6,7513285
2026-02-17 10:28:00,10:28:00,69.1,71.5,65.2,65.2,1631175
2026-02-17 10:29:00,10:29:00,40.2,43.5,39.95,40.55,5623735
2026-02-17 10:30:00,10:30:00,65.7,68.05,63.6,64.35,2113930
2026-02-17 10:31:00,10:31:00,64.4,66.7,62.45,66.05,1800630
2026-02-17 10:32:00,10:32:00,40.8,41.4,39.4,41.2,2674620
2026-02-17 10:33:00,10:33:00,40.8,42.85,40.8,42.4,3753685
2026-02-17 10:34:00,10:34:00,42.2,46.05,42.2,45.25,6069375
2026-02-17 10:35:00,10:35:00,45.3,48.55,44.45,47.5,6748560
2026-02-17 10:36:00,10:36:00,46.95,47.65,45.4,47.2,3228095
2026-02-17 10:37:00,10:37:00,46.95,50.1,45.85,49.5,4935320
2026-02-17 10:38:00,10:38:00,49.35,53.6,49.15,51.25,6965855
2026-02-17 10:39:00,10:39:00,51.15,53.1,49.65,52.35,4190680
2026-02-17 10:40:00,10:40:00,52.2,53.4,49.1,50.3,4325620
2026-02-17 10:41:00,10:41:00,50.4,55.5,49.95,54.15,4814355
2026-02-17 10:42:00,10:42:00,53.9,56.0,51.35,53.9,5053100
2026-02-17 10:43:00,10:43:00,31.15,42.1,30.65,40.85,9300850
2026-02-17 10:44:00,10:44:00,41.7,47.75,40.85,43.8,13935285
2026-02-17 10:45:00,10:45:00,42.85,46.75,40.25,41.35,8279505
2026-02-17 10:46:00,10:46:00,40.75,46.2,40.1,46.0,6588985
2026-02-17 10:47:00,10:47:00,46.15,55.0,44.3,48.65,13165230
2026-02-17 10:48:00,10:48:00,48.55,52.05,45.15,45.8,7418645
2026-02-17 10:49:00,10:49:00,45.45,46.55,40.5,46.25,6009510
2026-02-17 10:50:00,10:50:00,45.7,49.75,44.7,45.25,5133375
2026-02-17 10:51:00,10:51:00,44.75,47.55,43.95,44.8,2759900
2026-02-17 10:52:00,10:52:00,44.65,46.35,42.95,43.5,2645435
2026-02-17 10:53:00,10:53:00,43.3,48.8,43.2,47.6,3756220
2026-02-17 10:54:00,10:54:00,47.4,47.85,44.1,44.75,2758860
2026-02-17 10:55:00,10:55:00,44.15,44.75,40.15,43.7,4836260
2026-02-17 10:56:00,10:56:00,43.3,44.6,40.4,44.25,2977195
2026-02-17 10:57:00,10:57:00,44.3,46.1,42.55,43.8,2971345
2026-02-17 10:58:00,10:58:00,43.8,43.8,39.6,41.9,3070730
2026-02-17 10:59:00,10:59:00,41.85,41.9,38.15,39.0,3508440
2026-02-17 11:00:00,11:00:00,39.0,42.8,38.0,40.0,3367585
2026-02-17 11:01:00,11:01:00,39.45,40.0,34.8,35.75,5070065
2026-02-17 11:02:00,11:02:00,36.1,42.25,35.75,37.35,4381715
2026-02-17 11:03:00,11:03:00,37.3,41.75,36.05,40.95,2938325
2026-02-17 11:04:00,11:04:00,41.05,41.05,36.9,37.1,2147925
2026-02-17 11:05:00,11:05:00,37.0,40.5,36.15,40.0,2387125
2026-02-17 11:06:00,11:06:00,39.85,45.0,39.25,41.5,4811300
2026-02-17 11:07:00,11:07:00,41.35,42.1,37.5,37.5,3455725
2026-02-17 11:08:00,11:08:00,37.65,38.05,32.35,32.35,5530135
2026-02-17 11:09:00,11:09:00,32.25,35.95,31.7,33.7,3860480
2026-02-17 11:10:00,11:10:00,33.55,37.25,33.4,35.95,3168425
2026-02-17 11:11:00,11:11:00,36.4,37.05,32.35,33.05,2913105
2026-02-17 11:12:00,11:12:00,32.6,33.2,30.5,32.25,3455465
2026-02-17 11:13:00,11:13:00,31.75,33.25,31.25,31.3,2075970
2026-02-17 11:14:00,11:14:00,31.2,32.15,30.05,30.05,2386800
2026-02-17 11:15:00,11:15:00,56.35,60.6,56.1,56.1,1738165
2026-02-17 11:16:00,11:16:00,56.4,56.55,52.2,55.05,3993470
2026-02-17 11:17:00,11:17:00,54.95,55.2,49.0,49.0,3623295
2026-02-17 11:18:00,11:18:00,49.2,49.3,45.7,48.5,4395625
2026-02-17 11:19:00,11:19:00,48.4,51.25,48.4,49.0,3273335
2026-02-17 11:20:00,11:20:00,48.9,49.0,45.9,45.95,2416050
2026-02-17 11:21:00,11:21:00,45.85,50.8,45.8,50.5,2526225
2026-02-17 11:22:00,11:22:00,51.25,51.3,47.3,49.35,2043730
2026-02-17 11:23:00,11:23:00,48.9,49.65,47.25,48.75,1545375
2026-02-17 11:24:00,11:24:00,48.85,48.85,46.6,46.6,1395030
2026-02-17 11:25:00,11:25:00,46.65,49.3,46.6,48.3,1521325
2026-02-17 11:26:00,11:26:00,48.0,49.0,46.35,46.45,1376765
2026-02-17 11:27:00,11:27:00,46.3,49.0,45.05,46.35,2970630
2026-02-17 11:28:00,11:28:00,46.4,47.75,45.0,46.9,1794065
2026-02-17 11:29:00,11:29:00,46.7,47.8,45.25,46.3,1356550
2026-02-17 11:30:00,11:30:00,46.2,47.95,42.25,45.45,3307850
2026-02-17 11:31:00,11:31:00,46.05,46.8,43.75,46.8,2392520
2026-02-17 11:32:00,11:32:00,47.05,47.05,36.7,36.7,4373200
2026-02-17 11:33:00,11:33:00,37.4,38.0,31.15,31.35,11788205
2026-02-17 11:34:00,11:34:00,31.3,32.15,29.6,30.0,7417280
2026-02-17 11:35:00,11:35:00,30.05,30.85,29.4,29.7,6170710
2026-02-17 11:36:00,11:36:00,53.05,54.9,49.0,50.45,2886520
2026-02-17 11:37:00,11:37:00,50.35,51.0,45.0,45.0,3494790
2026-02-17 11:38:00,11:38:00,45.3,48.75,42.45,46.2,5572970
2026-02-17 11:39:00,11:39:00,46.6,48.65,45.85,47.7,2398630
2026-02-17 11:40:00,11:40:00,47.8,50.3,46.8,48.75,2715830
2026-02-17 11:41:00,11:41:00,26.3,26.95,25.65,25.95,4327050
2026-02-17 11:42:00,11:42:00,26.05,33.6,25.95,33.6,11126570
2026-02-17 11:43:00,11:43:00,33.05,33.6,29.2,30.55,6791005
2026-02-17 11:44:00,11:44:00,30.0,31.8,29.2,29.65,4092920
2026-02-17 11:45:00,11:45:00,55.05,55.5,49.15,49.2,2563600
2026-02-17 11:46:00,11:46:00,49.3,50.1,46.75,47.85,2456480
2026-02-17 11:47:00,11:47:00,47.75,50.85,47.25,48.75,2109900
2026-02-17 11:48:00,11:48:00,48.3,48.75,46.1,48.0,1888120
2026-02-17 11:49:00,11:49:00,48.45,49.05,46.95,47.45,1221545
2026-02-17 11:50:00,11:50:00,47.1,49.05,46.3,47.7,1244360
2026-02-17 11:51:00,11:51:00,47.45,48.25,46.8,48.0,1014715
2026-02-17 11:52:00,11:52:00,48.05,48.05,43.25,45.6,2777320
2026-02-17 11:53:00,11:53:00,46.0,46.65,43.6,44.1,1482000
2026-02-17 11:54:00,11:54:00,43.8,44.65,43.05,43.4,1423370
2026-02-17 11:55:00,11:55:00,43.45,45.8,43.4,45.2,1611610
2026-02-17 11:56:00,11:56:00,45.1,45.85,44.45,45.0,1183065
2026-02-17 11:57:00,11:57:00,44.95,47.3,43.75,47.3,1540760
2026-02-17 11:58:00,11:58:00,47.0,48.75,45.55,47.25,2869685
2026-02-17 11:59:00,11:59:00,47.1,48.2,45.75,46.7,1433575
2026-02-17 12:00:00,12:00:00,46.4,47.8,45.0,47.1,1842880
2026-02-17 12:01:00,12:01:00,46.95,47.5,44.4,45.0,1427400
2026-02-17 12:02:00,12:02:00,44.8,45.75,43.1,45.3,1865435
2026-02-17 12:03:00,12:03:00,45.15,46.6,44.6,46.3,1244945
2026-02-17 12:04:00,12:04:00,24.55,27.25,24.5,26.4,5754775
2026-02-17 12:05:00,12:05:00,49.65,50.85,46.0,48.9,2721355
2026-02-17 12:06:00,12:06:00,48.85,50.7,46.4,46.95,2006420
2026-02-17 12:07:00,12:07:00,46.5,48.55,44.05,45.05,2567565
2026-02-17 12:08:00,12:08:00,44.6,48.75,44.6,48.6,1442025
2026-02-17 12:09:00,12:09:00,48.65,50.3,48.05,49.2,2186795
2026-02-17 12:10:00,12:10:00,49.0,49.2,46.05,47.45,1511835
2026-02-17 12:11:00,12:11:00,24.8,27.8,24.75,27.8,3496675
2026-02-17 12:12:00,12:12:00,52.2,52.45,48.2,48.35,2796625
2026-02-17 12:13:00,12:13:00,47.95,49.4,46.6,46.8,1605435
2026-02-17 12:14:00,12:14:00,24.15,25.85,23.7,25.8,2562625
2026-02-17 12:15:00,12:15:00,49.5,49.6,46.2,46.85,1611220
2026-02-17 12:16:00,12:16:00,46.55,47.05,43.55,43.95,2655510
2026-02-17 12:17:00,12:17:00,44.2,44.75,41.3,42.25,3420235
2026-02-17 12:18:00,12:18:00,41.75,42.25,37.9,37.9,4530760
2026-02-17 12:19:00,12:19:00,36.9,37.9,35.35,36.6,4175080
2026-02-17 12:20:00,12:20:00,36.3,36.6,34.55,35.7,3408015
2026-02-17 12:21:00,12:21:00,35.5,38.65,35.45,37.15,2700425
2026-02-17 12:22:00,12:22:00,37.2,38.5,37.15,37.6,1758510
2026-02-17 12:23:00,12:23:00,37.15,37.6,31.1,33.2,4991155
2026-02-17 12:24:00,12:24:00,32.6,34.5,30.7,32.8,3570645
2026-02-17 12:25:00,12:25:00,32.75,33.35,32.0,32.7,1806415
2026-02-17 12:26:00,12:26:00,32.5,36.1,31.25,36.1,3351270
2026-02-17 12:27:00,12:27:00,36.05,39.75,34.85,39.75,4387565
2026-02-17 12:28:00,12:28:00,40.05,42.35,39.3,41.55,5630755
2026-02-17 12:29:00,12:29:00,41.75,45.75,41.55,43.15,5205005
2026-02-17 12:30:00,12:30:00,42.55,44.9,39.45,43.6,4965805
2026-02-17 12:31:00,12:31:00,43.15,44.7,41.65,41.85,3276000
2026-02-17 12:32:00,12:32:00,42.15,42.3,38.55,41.35,3500445
2026-02-17 12:33:00,12:33:00,41.25,42.5,39.75,42.0,1624740
2026-02-17 12:34:00,12:34:00,42.05,43.85,40.8,41.5,2000960
2026-02-17 12:35:00,12:35:00,41.7,43.65,40.7,41.6,1697865
2026-02-17 12:36:00,12:36:00,41.55,43.25,40.65,43.0,1646450
2026-02-17 12:37:00,12:37:00,43.1,45.3,42.95,44.75,3150680
2026-02-17 12:38:00,12:38:00,44.95,47.95,43.4,44.95,3871725
2026-02-17 12:39:00,12:39:00,45.1,45.5,40.55,41.15,3121170
2026-02-17 12:40:00,12:40:00,40.9,42.2,37.9,39.0,3139240
2026-02-17 12:41:00,12:41:00,39.55,45.8,39.0,42.5,3402945
2026-02-17 12:42:00,12:42:00,42.35,44.6,41.3,42.1,2022150
2026-02-17 12:43:00,12:43:00,42.2,42.4,38.5,40.2,2424175
2026-02-17 12:44:00,12:44:00,40.05,41.4,38.45,38.75,1602055
2026-02-17 12:45:00,12:45:00,38.9,39.85,36.9,37.8,3075345
2026-02-17 12:46:00,12:46:00,37.6,38.5,36.4,37.0,1957475
2026-02-17 12:47:00,12:47:00,36.85,39.55,35.45,38.85,2840175
2026-02-17 12:48:00,12:48:00,38.65,39.2,35.9,37.05,1695200
2026-02-17 12:49:00,12:49:00,36.95,37.6,35.5,35.6,1389960
2026-02-17 12:50:00,12:50:00,35.55,37.6,35.4,36.35,1514240
2026-02-17 12:51:00,12:51:00,36.2,36.7,34.5,34.5,1769885
2026-02-17 12:52:00,12:52:00,34.3,34.5,29.5,30.4,5585255
2026-02-17 12:53:00,12:53:00,30.85,30.85,26.95,27.6,6124950
2026-02-17 12:54:00,12:54:00,27.75,28.6,27.05,28.6,4229355
2026-02-17 12:55:00,12:55:00,28.35,29.95,27.7,29.7,3446105
2026-02-17 12:56:00,12:56:00,29.8,36.3,29.4,36.15,6442540
2026-02-17 12:57:00,12:57:00,36.0,42.1,36.0,41.25,9213750
2026-02-17 12:58:00,12:58:00,41.25,42.9,39.5,39.9,5208840
2026-02-17 12:59:00,12:59:00,39.55,43.15,38.2,42.9,4362215
2026-02-17 13:00:00,13:00:00,42.65,42.9,39.2,42.25,3882060
2026-02-17 13:01:00,13:01:00,42.2,43.45,39.65,39.65,4365790
2026-02-17 13:02:00,13:02:00,39.55,39.7,35.6,38.95,4620915
2026-02-17 13:03:00,13:03:00,38.85,40.65,38.85,40.15,2583945
2026-02-17 13:04:00,13:04:00,18.5,26.5,18.35,26.5,15183675
2026-02-17 13:05:00,13:05:00,25.6,27.15,22.95,24.45,17566185
2026-02-17 13:06:00,13:06:00,50.2,50.2,40.6,40.6,6701825
2026-02-17 13:07:00,13:07:00,39.5,40.6,33.1,35.75,8644740
2026-02-17 13:08:00,13:08:00,36.0,36.1,30.1,31.8,6867315
2026-02-17 13:09:00,13:09:00,31.75,31.8,26.85,27.1,7973355
2026-02-17 13:10:00,13:10:00,27.0,30.25,25.8,28.0,7409675
2026-02-17 13:11:00,13:11:00,27.95,32.25,27.4,32.25,5489055
2026-02-17 13:12:00,13:12:00,33.2,33.2,29.75,32.65,4343755
2026-02-17 13:13:00,13:13:00,32.75,39.5,32.65,38.1,9778470
2026-02-17 13:14:00,13:14:00,38.65,42.25,37.15,37.4,7159425
2026-02-17 13:15:00,13:15:00,38.55,41.85,37.4,40.1,4949555
2026-02-17 13:16:00,13:16:00,39.9,41.45,37.65,38.1,4112485
2026-02-17 13:17:00,13:17:00,37.9,39.45,36.3,37.5,3265080
2026-02-17 13:18:00,13:18:00,37.75,39.4,36.85,36.85,2166125
2026-02-17 13:19:00,13:19:00,37.1,37.15,33.7,36.75,4305860
2026-02-17 13:20:00,13:20:00,36.55,37.35,33.35,35.7,2592590
2026-02-17 13:21:00,13:21:00,35.7,36.8,35.3,36.8,2170740
2026-02-17 13:22:00,13:22:00,36.5,37.55,32.6,32.95,3504995
2026-02-17 13:23:00,13:23:00,33.25,36.65,31.9,36.45,3008720
2026-02-17 13:24:00,13:24:00,36.75,38.7,33.6,35.1,3793075
2026-02-17 13:25:00,13:25:00,35.65,37.7,34.35,36.2,2411630
2026-02-17 13:26:00,13:26:00,36.1,37.95,33.55,36.0,2641210
2026-02-17 13:27:00,13:27:00,36.1,37.0,34.7,34.7,1652560
2026-02-17 13:28:00,13:28:00,34.65,34.7,32.7,33.75,2296515
2026-02-17 13:29:00,13:29:00,33.25,34.65,31.75,32.8,2588365
2026-02-17 13:30:00,13:30:00,32.55,32.8,28.35,28.35,4700150
2026-02-17 13:31:00,13:31:00,28.45,29.4,26.95,26.95,4632225
2026-02-17 13:32:00,13:32:00,27.2,29.3,25.45,25.6,5171595
2026-02-17 13:33:00,13:33:00,25.25,26.0,23.8,24.6,6434545
2026-02-17 13:34:00,13:34:00,24.75,28.0,24.45,26.6,5237440
2026-02-17 13:35:00,13:35:00,26.2,29.2,26.1,26.2,3798795
2026-02-17 13:36:00,13:36:00,25.8,26.6,23.85,24.2,5017220
2026-02-17 13:37:00,13:37:00,24.65,26.3,24.2,26.25,3512600
2026-02-17 13:38:00,13:38:00,26.5,32.2,26.1,31.15,7795320
2026-02-17 13:39:00,13:39:00,31.15,32.0,28.3,31.45,6049615
2026-02-17 13:40:00,13:40:00,31.4,31.45,27.0,29.1,4207775
2026-02-17 13:41:00,13:41:00,28.95,29.1,24.95,27.35,4805125
2026-02-17 13:42:00,13:42:00,27.25,27.7,23.95,25.5,4517240
2026-02-17 13:43:00,13:43:00,25.5,26.25,24.45,25.15,2635880
2026-02-17 13:44:00,13:44:00,25.3,27.6,24.95,27.0,3008655
2026-02-17 13:45:00,13:45:00,26.55,27.0,25.2,26.95,2470130
2026-02-17 13:46:00,13:46:00,27.45,27.45,24.9,27.45,3151720
2026-02-17 13:47:00,13:47:00,27.2,37.2,27.05,36.25,8553675
2026-02-17 13:48:00,13:48:00,35.25,36.25,31.1,34.3,7763600
2026-02-17 13:49:00,13:49:00,34.65,36.9,30.5,36.4,6245720
2026-02-17 13:50:00,13:50:00,35.95,38.4,34.1,37.45,7304895
2026-02-17 13:51:00,13:51:00,36.55,38.9,34.9,35.25,7067905
2026-02-17 13:52:00,13:52:00,35.2,35.25,28.8,33.05,8510060
2026-02-17 13:53:00,13:53:00,32.75,33.2,29.5,31.7,3794895
2026-02-17 13:54:00,13:54:00,31.85,40.8,31.7,39.75,5963945
2026-02-17 13:55:00,13:55:00,17.75,19.55,16.0,19.05,21060780
2026-02-17 13:56:00,13:56:00,18.65,20.75,17.9,20.75,20043465
2026-02-17 13:57:00,13:57:00,21.0,25.6,20.55,25.2,27401725
2026-02-17 13:58:00,13:58:00,25.65,25.65,21.85,23.8,15132845
2026-02-17 13:59:00,13:59:00,23.6,25.05,21.75,24.25,12323935
2026-02-17 14:00:00,14:00:00,24.75,26.3,18.35,18.35,16532295
2026-02-17 14:01:00,14:01:00,16.95,19.95,11.55,12.75,28144155
2026-02-17 14:02:00,14:02:00,13.25,17.0,12.75,14.25,16268265
2026-02-17 14:03:00,14:03:00,37.8,39.0,32.35,37.6,6947915
2026-02-17 14:04:00,14:04:00,37.95,37.95,33.75,35.75,4112875
2026-02-17 14:05:00,14:05:00,35.35,35.75,31.35,34.65,4942730
2026-02-17 14:06:00,14:06:00,34.55,41.8,34.55,37.2,7715045
2026-02-17 14:07:00,14:07:00,37.4,38.85,35.6,35.95,3637010
2026-02-17 14:08:00,14:08:00,35.8,40.7,32.05,40.7,5861895
2026-02-17 14:09:00,14:09:00,14.65,21.15,13.65,21.15,15295605
2026-02-17 14:10:00,14:10:00,20.4,22.75,18.7,20.9,21084635
2026-02-17 14:11:00,14:11:00,21.65,21.7,17.9,20.95,13340665
2026-02-17 14:12:00,14:12:00,20.25,31.75,19.8,27.65,31060055
2026-02-17 14:13:00,14:13:00,9.75,20.05,9.75,15.7,40212640
2026-02-17 14:14:00,14:14:00,16.95,17.0,12.65,16.0,26028275
2026-02-17 14:15:00,14:15:00,16.2,16.9,13.3,13.85,25168585
2026-02-17 14:16:00,14:16:00,36.05,37.45,22.0,22.0,25210055
2026-02-17 14:17:00,14:17:00,20.85,28.75,20.6,28.65,17701905
2026-02-17 14:18:00,14:18:00,26.8,28.65,22.95,23.65,11127155
2026-02-17 14:19:00,14:19:00,23.2,25.7,20.9,24.45,11703120
2026-02-17 14:20:00,14:20:00,24.35,24.45,22.2,22.2,6847945
2026-02-17 14:21:00,14:21:00,21.3,23.05,17.75,19.05,14820455
2026-02-17 14:22:00,14:22:00,19.05,23.5,18.7,22.4,10763285
2026-02-17 14:23:00,14:23:00,22.0,28.5,21.45,23.15,13301665
2026-02-17 14:24:00,14:24:00,24.3,26.55,23.15,23.95,9047805
2026-02-17 14:25:00,14:25:00,23.75,26.25,23.35,25.45,6856200
2026-02-17 14:26:00,14:26:00,25.6,27.0,21.75,22.45,10681775
2026-02-17 14:27:00,14:27:00,21.8,24.4,17.7,24.05,14352390
2026-02-17 14:28:00,14:28:00,24.05,31.7,23.35,31.65,20359625
2026-02-17 14:29:00,14:29:00,31.65,32.7,26.65,32.55,15552225
2026-02-17 14:30:00,14:30:00,31.45,34.2,27.95,30.65,14592045
2026-02-17 14:31:00,14:31:00,30.0,38.6,27.85,38.15,13746590
2026-02-17 14:32:00,14:32:00,37.65,38.15,25.1,28.5,18330455
2026-02-17 14:33:00,14:33:00,28.45,29.5,20.65,20.9,14348360
2026-02-17 14:34:00,14:34:00,20.75,24.75,18.3,19.3,15876315
2026-02-17 14:35:00,14:35:00,19.3,22.15,19.3,20.2,8839025
2026-02-17 14:36:00,14:36:00,20.35,21.1,14.65,15.0,16073525
2026-02-17 14:37:00,14:37:00,14.7,15.0,11.4,12.45,25750920
2026-02-17 14:38:00,14:38:00,12.15,12.95,9.45,9.45,19229795
2026-02-17 14:39:00,14:39:00,9.1,9.45,7.1,7.9,36163595
2026-02-17 14:40:00,14:40:00,31.6,34.15,28.0,33.45,8957260
2026-02-17 14:41:00,14:41:00,7.85,10.65,7.4,7.65,25799475
2026-02-17 14:42:00,14:42:00,31.85,32.15,28.55,29.3,6395220
2026-02-17 14:43:00,14:43:00,29.0,33.4,25.8,32.7,8881145
2026-02-17 14:44:00,14:44:00,7.9,9.8,7.65,9.55,20298655
2026-02-17 14:45:00,14:45:00,8.4,10.85,7.7,9.0,23824840
2026-02-17 14:46:00,14:46:00,8.9,9.95,8.5,8.85,18148975
2026-02-17 14:47:00,14:47:00,8.7,9.6,7.7,7.9,18353725
2026-02-17 14:48:00,14:48:00,7.45,11.75,7.45,10.35,29454880
2026-02-17 14:49:00,14:49:00,10.6,11.1,7.5,8.85,22303840
2026-02-17 14:50:00,14:50:00,8.7,11.05,8.4,9.2,20970430
2026-02-17 14:51:00,14:51:00,9.15,10.25,7.15,7.2,18637190
2026-02-17 14:52:00,14:52:00,7.05,7.5,5.15,6.2,30458610
2026-02-17 14:53:00,14:53:00,6.1,8.75,5.95,6.2,23734750
2026-02-17 14:54:00,14:54:00,6.1,6.65,4.45,4.75,24343800
2026-02-17 14:55:00,14:55:00,4.55,6.45,4.1,6.35,29170700
2026-02-17 14:56:00,14:56:00,6.55,14.45,6.35,12.65,60287630
2026-02-17 14:57:00,14:57:00,12.7,13.6,10.1,12.35,33830355
2026-02-17 14:58:00,14:58:00,11.2,12.35,4.45,4.75,46595120
2026-02-17 14:59:00,14:59:00,5.0,6.8,4.75,5.3,39240435
2026-02-17 15:00:00,15:00:00,34.5,36.3,18.2,21.35,22486945
2026-02-17 15:01:00,15:01:00,21.75,25.85,13.05,16.8,26766740
2026-02-17 15:02:00,15:02:00,1.0,1.4,0.85,1.25,53265875
2026-02-17 15:03:00,15:03:00,1.2,1.3,0.9,1.15,61766250
2026-02-17 15:04:00,15:04:00,1.2,1.95,1.1,1.95,60525465
2026-02-17 15:05:00,15:05:00,1.95,3.1,0.8,0.8,62767055
2026-02-17 15:06:00,15:06:00,23.15,24.05,17.1,20.3,17686825
2026-02-17 15:07:00,15:07:00,20.45,24.75,20.3,23.3,12682995
2026-02-17 15:08:00,15:08:00,22.45,23.85,19.5,21.6,12232415
2026-02-17 15:09:00,15:09:00,21.55,22.2,17.95,20.5,12523160
2026-02-17 15:10:00,15:10:00,0.25,0.25,0.15,0.2,14837420
2026-02-17 15:11:00,15:11:00,0.2,0.25,0.15,0.15,9925760
2026-02-17 15:12:00,15:12:00,0.15,0.2,0.15,0.15,9354930
2026-02-17 15:13:00,15:13:00,21.8,22.95,20.85,22.8,4662645
2026-02-17 15:14:00,15:14:00,0.2,0.2,0.15,0.15,3562520
2026-02-17 15:15:00,15:15:00,0.15,0.2,0.1,0.1,7118735
2026-02-17 15:16:00,15:16:00,24.45,24.75,23.05,23.9,9603815
2026-02-17 15:17:00,15:17:00,23.85,24.15,22.8,22.95,4806230
2026-02-17 15:18:00,15:18:00,0.1,0.1,0.05,0.05,5305040
2026-02-17 15:19:00,15:19:00,0.1,0.1,0.05,0.1,3380780
2026-02-17 15:20:00,15:20:00,25.45,25.65,23.1,24.15,6199830
2026-02-17 15:21:00,15:21:00,24.15,24.45,23.35,23.7,2679690
2026-02-17 15:22:00,15:22:00,23.85,24.2,23.7,23.95,2226510
2026-02-17 15:23:00,15:23:00,23.85,24.15,23.0,23.75,2607930
2026-02-17 15:24:00,15:24:00,0.05,0.05,0.05,0.05,911300
2026-02-17 15:25:00,15:25:00,0.05,0.05,0.05,0.05,1300780
2026-02-17 15:26:00,15:26:00,0.05,0.05,0.05,0.05,1044875
2026-02-17 15:27:00,15:27:00,0.05,0.05,0.05,0.05,696475
2026-02-17 15:28:00,15:28:00,0.05,0.05,0.05,0.05,1297725
2026-02-17 15:29:00,15:29:00,0.05,0.05,0.05,0.05,925925
2026-02-18 09:15:00,09:15:00,81.9,81.9,67.3,74.85,610025
2026-02-18 09:16:00,09:16:00,76.3,79.6,73.6,73.9,533845
2026-02-18 09:17:00,09:17:00,87.9,88.5,81.4,81.4,698815
2026-02-18 09:18:00,09:18:00,81.4,84.1,80.4,81.7,580320
2026-02-18 09:19:00,09:19:00,80.65,81.7,77.2,78.8,552825
2026-02-18 09:20:00,09:20:00,80.0,84.85,78.8,84.85,586755
2026-02-18 09:21:00,09:21:00,70.75,74.0,68.9,71.3,249600
2026-02-18 09:22:00,09:22:00,70.8,72.4,69.35,71.4,178165
2026-02-18 09:23:00,09:23:00,71.4,73.7,69.6,72.55,218010
2026-02-18 09:24:00,09:24:00,72.25,74.55,70.35,74.55,226330
2026-02-18 09:25:00,09:25:00,74.0,75.7,67.25,67.85,440440
2026-02-18 09:26:00,09:26:00,67.7,71.0,67.7,68.05,197275
2026-02-18 09:27:00,09:27:00,81.65,81.75,77.4,78.1,630305
2026-02-18 09:28:00,09:28:00,64.65,68.95,63.35,68.75,215020
2026-02-18 09:29:00,09:29:00,83.0,83.0,78.7,80.0,375245
2026-02-18 09:30:00,09:30:00,66.35,68.85,65.05,67.0,210600
2026-02-18 09:31:00,09:31:00,66.7,71.15,66.5,70.95,230620
2026-02-18 09:32:00,09:32:00,70.5,70.95,65.3,68.05,238550
2026-02-18 09:33:00,09:33:00,81.1,82.25,75.7,78.6,571935
2026-02-18 09:34:00,09:34:00,78.0,80.85,77.05,77.5,334815
2026-02-18 09:35:00,09:35:00,78.1,80.4,76.4,76.85,401050
2026-02-18 09:36:00,09:36:00,76.45,78.5,74.2,75.2,479245
2026-02-18 09:37:00,09:37:00,74.8,76.3,73.3,74.75,338325
2026-02-18 09:38:00,09:38:00,73.7,75.8,73.0,73.0,298155
2026-02-18 09:39:00,09:39:00,72.65,74.65,71.85,74.5,335595
2026-02-18 09:40:00,09:40:00,75.4,75.95,72.8,74.9,292890
2026-02-18 09:41:00,09:41:00,74.9,75.3,72.8,73.15,186095
2026-02-18 09:42:00,09:42:00,73.0,76.6,72.0,75.7,292370
2026-02-18 09:43:00,09:43:00,75.4,76.45,73.0,73.25,287820
2026-02-18 09:44:00,09:44:00,72.95,74.9,71.5,73.0,286975
2026-02-18 09:45:00,09:45:00,73.05,75.75,72.75,75.0,201695
2026-02-18 09:46:00,09:46:00,74.8,77.85,74.8,77.5,439920
2026-02-18 09:47:00,09:47:00,64.25,68.65,64.05,67.35,302900
2026-02-18 09:48:00,09:48:00,67.2,68.45,64.95,65.6,169585
2026-02-18 09:49:00,09:49:00,65.65,67.0,64.2,66.5,109395
2026-02-18 09:50:00,09:50:00,66.6,68.6,65.7,67.75,138255
2026-02-18 09:51:00,09:51:00,67.6,68.25,65.45,67.25,92495
2026-02-18 09:52:00,09:52:00,67.4,68.85,66.55,68.85,89245
2026-02-18 09:53:00,09:53:00,69.0,71.45,67.8,68.95,258700
2026-02-18 09:54:00,09:54:00,68.9,73.95,68.55,73.95,207675
2026-02-18 09:55:00,09:55:00,73.6,84.55,73.25,84.55,898950
2026-02-18 09:56:00,09:56:00,84.85,88.65,83.3,85.2,907465
2026-02-18 09:57:00,09:57:00,72.45,75.2,71.6,72.75,997230
2026-02-18 09:58:00,09:58:00,72.95,75.0,71.1,73.3,752245
2026-02-18 09:59:00,09:59:00,73.75,76.3,72.6,73.1,815165
2026-02-18 10:00:00,10:00:00,73.0,79.4,73.0,76.95,1159015
2026-02-18 10:01:00,10:01:00,76.75,79.0,74.1,75.9,668070
2026-02-18 10:02:00,10:02:00,75.95,78.25,75.4,76.2,446225
2026-02-18 10:03:00,10:03:00,76.35,77.45,75.0,75.35,394355
2026-02-18 10:04:00,10:04:00,75.6,76.0,73.55,74.95,495820
2026-02-18 10:05:00,10:05:00,74.15,74.95,70.75,72.15,569985
2026-02-18 10:06:00,10:06:00,72.2,72.55,70.65,71.6,272350
2026-02-18 10:07:00,10:07:00,71.4,77.5,71.3,76.8,613470
2026-02-18 10:08:00,10:08:00,77.55,79.65,73.5,73.8,772460
2026-02-18 10:09:00,10:09:00,74.1,74.55,72.15,74.0,388960
2026-02-18 10:10:00,10:10:00,73.9,76.45,73.25,75.3,376675
2026-02-18 10:11:00,10:11:00,75.1,75.35,71.7,71.95,349440
2026-02-18 10:12:00,10:12:00,71.85,73.45,70.5,71.85,358865
2026-02-18 10:13:00,10:13:00,71.5,74.85,71.5,72.85,316290
2026-02-18 10:14:00,10:14:00,72.4,74.95,71.6,74.7,182000
2026-02-18 10:15:00,10:15:00,74.75,75.4,73.05,74.85,289510
2026-02-18 10:16:00,10:16:00,74.8,77.3,74.8,76.75,438425
2026-02-18 10:17:00,10:17:00,77.0,82.0,76.75,79.1,973440
2026-02-18 10:18:00,10:18:00,79.55,79.55,71.4,71.4,708500
2026-02-18 10:19:00,10:19:00,71.45,72.1,69.55,70.65,457470
2026-02-18 10:20:00,10:20:00,70.5,73.4,69.95,73.4,335205
2026-02-18 10:21:00,10:21:00,72.9,74.1,71.0,72.15,290615
2026-02-18 10:22:00,10:22:00,72.3,74.25,71.15,72.45,232375
2026-02-18 10:23:00,10:23:00,72.0,73.3,71.35,72.7,110110
2026-02-18 10:24:00,10:24:00,72.5,72.7,68.85,71.4,349635
2026-02-18 10:25:00,10:25:00,71.45,73.6,71.15,73.45,264485
2026-02-18 10:26:00,10:26:00,73.35,78.25,73.35,77.0,592215
2026-02-18 10:27:00,10:27:00,76.45,78.45,75.2,77.55,395785
2026-02-18 10:28:00,10:28:00,77.6,79.3,75.8,75.95,498420
2026-02-18 10:29:00,10:29:00,75.35,75.95,71.15,71.15,411840
2026-02-18 10:30:00,10:30:00,71.4,74.75,70.65,73.15,392925
2026-02-18 10:31:00,10:31:00,73.1,73.45,70.4,70.85,256360
2026-02-18 10:32:00,10:32:00,70.95,72.0,70.35,70.8,174395
2026-02-18 10:33:00,10:33:00,70.95,71.65,68.0,68.8,387985
2026-02-18 10:34:00,10:34:00,69.05,70.3,68.35,69.6,204035
2026-02-18 10:35:00,10:35:00,83.75,84.5,79.95,81.05,424645
2026-02-18 10:36:00,10:36:00,80.85,82.65,80.6,80.85,165295
2026-02-18 10:37:00,10:37:00,80.75,82.8,78.65,82.55,301210
2026-02-18 10:38:00,10:38:00,68.55,73.05,68.5,72.8,485615
2026-02-18 10:39:00,10:39:00,72.85,74.4,71.15,74.4,438685
2026-02-18 10:40:00,10:40:00,74.05,75.55,72.75,75.2,476385
2026-02-18 10:41:00,10:41:00,74.25,76.15,73.3,73.3,412880
2026-02-18 10:42:00,10:42:00,73.05,73.35,71.7,72.5,379210
2026-02-18 10:43:00,10:43:00,72.6,74.0,72.45,73.1,224575
2026-02-18 10:44:00,10:44:00,73.45,74.55,72.3,74.55,151320
2026-02-18 10:45:00,10:45:00,74.3,75.0,71.4,73.15,336050
2026-02-18 10:46:00,10:46:00,73.15,73.15,69.65,69.65,335140
2026-02-18 10:47:00,10:47:00,83.9,84.05,81.2,81.55,267540
2026-02-18 10:48:00,10:48:00,81.5,84.4,81.25,82.25,186095
2026-02-18 10:49:00,10:49:00,82.05,83.3,81.3,82.35,112515
2026-02-18 10:50:00,10:50:00,82.2,82.45,80.5,81.3,164190
2026-02-18 10:51:00,10:51:00,81.65,83.65,81.25,81.75,134355
2026-02-18 10:52:00,10:52:00,81.9,81.9,79.6,80.15,251355
2026-02-18 10:53:00,10:53:00,79.4,80.25,75.9,76.1,362440
2026-02-18 10:54:00,10:54:00,76.1,78.2,75.5,77.65,204750
2026-02-18 10:55:00,10:55:00,77.6,79.45,77.0,77.5,143910
2026-02-18 10:56:00,10:56:00,77.2,77.9,76.05,77.05,103480
2026-02-18 10:57:00,10:57:00,77.65,77.65,75.3,75.35,148525
2026-02-18 10:58:00,10:58:00,75.1,75.5,72.35,72.55,343980
2026-02-18 10:59:00,10:59:00,72.4,72.8,71.45,72.3,174070
2026-02-18 11:00:00,11:00:00,72.0,72.9,71.15,71.4,151645
2026-02-18 11:01:00,11:01:00,71.35,73.45,71.05,72.5,157495
2026-02-18 11:02:00,11:02:00,72.2,72.5,70.85,71.15,183625
2026-02-18 11:03:00,11:03:00,71.25,74.15,71.15,74.0,156715
2026-02-18 11:04:00,11:04:00,74.0,74.15,71.2,72.2,103870
2026-02-18 11:05:00,11:05:00,72.2,74.8,72.2,74.8,125060
2026-02-18 11:06:00,11:06:00,74.45,74.85,72.75,73.1,134680
2026-02-18 11:07:00,11:07:00,73.25,74.6,71.8,72.95,102245
2026-02-18 11:08:00,11:08:00,72.8,73.85,71.2,72.0,77935
2026-02-18 11:09:00,11:09:00,71.5,72.25,70.55,71.3,83655
2026-02-18 11:10:00,11:10:00,71.4,71.6,70.3,70.9,114140
2026-02-18 11:11:00,11:11:00,71.1,73.35,70.9,72.8,103935
2026-02-18 11:12:00,11:12:00,72.5,76.7,72.4,76.35,218855
2026-02-18 11:13:00,11:13:00,76.9,77.15,73.3,74.1,271505
2026-02-18 11:14:00,11:14:00,74.3,74.3,70.3,71.8,183170
2026-02-18 11:15:00,11:15:00,72.15,74.25,71.45,73.3,126360
2026-02-18 11:16:00,11:16:00,73.0,75.7,73.0,75.35,143390
2026-02-18 11:17:00,11:17:00,75.0,77.55,75.0,76.45,308295
2026-02-18 11:18:00,11:18:00,76.2,76.55,73.4,76.5,200590
2026-02-18 11:19:00,11:19:00,76.55,77.65,75.0,75.9,181220
2026-02-18 11:20:00,11:20:00,75.8,76.3,74.15,74.5,136045
2026-02-18 11:21:00,11:21:00,74.5,75.55,73.6,74.6,102180
2026-02-18 11:22:00,11:22:00,74.2,74.6,72.4,73.2,165360
2026-02-18 11:23:00,11:23:00,72.7,74.95,71.65,74.1,124085
2026-02-18 11:24:00,11:24:00,73.85,77.3,73.85,77.1,144755
2026-02-18 11:25:00,11:25:00,76.55,77.55,76.15,77.55,216840
2026-02-18 11:26:00,11:26:00,77.3,80.3,75.4,75.45,423475
2026-02-18 11:27:00,11:27:00,75.45,76.3,74.2,74.2,215085
2026-02-18 11:28:00,11:28:00,73.9,74.7,72.25,72.75,166335
2026-02-18 11:29:00,11:29:00,72.75,73.95,71.15,72.0,163215
2026-02-18 11:30:00,11:30:00,71.55,75.2,71.45,73.7,171340
2026-02-18 11:31:00,11:31:00,73.5,74.25,72.0,73.45,96655
2026-02-18 11:32:00,11:32:00,73.45,73.75,70.9,72.55,136630
2026-02-18 11:33:00,11:33:00,72.6,72.7,69.4,69.4,192530
2026-02-18 11:34:00,11:34:00,68.5,69.4,64.0,65.7,613080
2026-02-18 11:35:00,11:35:00,65.9,67.45,65.45,66.15,203190
2026-02-18 11:36:00,11:36:00,65.7,69.0,65.7,68.7,162760
2026-02-18 11:37:00,11:37:00,68.65,71.15,68.65,69.6,164060
2026-02-18 11:38:00,11:38:00,69.65,70.75,68.85,70.55,96785
2026-02-18 11:39:00,11:39:00,71.2,72.1,70.05,70.6,151645
2026-02-18 11:40:00,11:40:00,70.5,71.35,69.25,71.35,111735
2026-02-18 11:41:00,11:41:00,71.55,75.15,71.35,74.65,333645
2026-02-18 11:42:00,11:42:00,74.6,78.15,74.6,77.8,367445
2026-02-18 11:43:00,11:43:00,77.4,78.95,76.05,76.55,231530
2026-02-18 11:44:00,11:44:00,76.55,77.0,74.5,74.9,156520
2026-02-18 11:45:00,11:45:00,75.1,76.75,73.85,76.7,135915
2026-02-18 11:46:00,11:46:00,76.55,77.35,75.1,75.1,144300
2026-02-18 11:47:00,11:47:00,75.05,75.9,73.95,74.6,98085
2026-02-18 11:48:00,11:48:00,74.7,77.4,74.2,75.65,125320
2026-02-18 11:49:00,11:49:00,75.95,76.4,74.0,74.45,94705
2026-02-18 11:50:00,11:50:00,74.4,74.45,72.45,72.95,149045
2026-02-18 11:51:00,11:51:00,72.95,74.75,72.7,74.05,91780
2026-02-18 11:52:00,11:52:00,74.8,75.55,73.4,74.95,106015
2026-02-18 11:53:00,11:53:00,74.9,75.45,73.4,73.7,42315
2026-02-18 11:54:00,11:54:00,74.0,74.1,71.35,72.6,106600
2026-02-18 11:55:00,11:55:00,72.0,74.3,71.8,72.0,92885
2026-02-18 11:56:00,11:56:00,71.9,73.2,71.9,72.2,52650
2026-02-18 11:57:00,11:57:00,71.9,73.35,70.7,70.9,67990
2026-02-18 11:58:00,11:58:00,71.55,72.65,70.5,72.65,114140
2026-02-18 11:59:00,11:59:00,72.55,72.65,68.7,68.7,117130
2026-02-18 12:00:00,12:00:00,69.1,70.45,67.55,67.55,154830
2026-02-18 12:01:00,12:01:00,67.35,68.1,65.75,65.75,174005
2026-02-18 12:02:00,12:02:00,65.55,68.35,65.4,68.2,151775
2026-02-18 12:03:00,12:03:00,67.95,70.05,67.85,68.85,118365
2026-02-18 12:04:00,12:04:00,69.05,69.55,67.3,68.8,68055
2026-02-18 12:05:00,12:05:00,68.65,69.25,67.7,67.7,58565
2026-02-18 12:06:00,12:06:00,67.8,68.5,66.4,67.15,86970
2026-02-18 12:07:00,12:07:00,66.9,67.15,65.7,65.85,101920
2026-02-18 12:08:00,12:08:00,65.85,66.05,64.9,65.7,166660
2026-02-18 12:09:00,12:09:00,65.65,66.55,64.95,66.4,62660
2026-02-18 12:10:00,12:10:00,66.55,66.65,65.5,66.25,62595
2026-02-18 12:11:00,12:11:00,66.3,67.35,65.15,65.6,85735
2026-02-18 12:12:00,12:12:00,65.65,66.95,65.35,66.85,47515
2026-02-18 12:13:00,12:13:00,66.8,67.85,65.75,66.4,96915
2026-02-18 12:14:00,12:14:00,66.2,66.4,64.9,65.55,99320
2026-02-18 12:15:00,12:15:00,65.65,65.7,64.05,64.35,87880
2026-02-18 12:16:00,12:16:00,64.0,64.35,62.45,63.6,205660
2026-02-18 12:17:00,12:17:00,63.5,65.8,63.5,64.8,124800
2026-02-18 12:18:00,12:18:00,64.45,65.45,63.9,65.25,92820
2026-02-18 12:19:00,12:19:00,65.2,66.1,64.75,66.1,52130
2026-02-18 12:20:00,12:20:00,65.95,66.6,64.65,65.8,114400
2026-02-18 12:21:00,12:21:00,65.95,65.95,63.7,64.45,108095
2026-02-18 12:22:00,12:22:00,64.45,64.65,62.9,64.35,102050
2026-02-18 12:23:00,12:23:00,64.35,64.95,63.1,63.2,79170
2026-02-18 12:24:00,12:24:00,63.15,63.2,61.5,62.35,132600
2026-02-18 12:25:00,12:25:00,62.0,65.8,61.2,65.8,127335
2026-02-18 12:26:00,12:26:00,65.6,67.15,65.15,65.65,248365
2026-02-18 12:27:00,12:27:00,65.55,67.0,64.65,64.85,140335
2026-02-18 12:28:00,12:28:00,64.75,65.1,62.0,62.0,132860
2026-02-18 12:29:00,12:29:00,62.1,63.9,61.75,63.85,129285
2026-02-18 12:30:00,12:30:00,64.25,64.85,62.7,63.15,90025
2026-02-18 12:31:00,12:31:00,62.6,63.25,62.0,62.2,56550
2026-02-18 12:32:00,12:32:00,62.0,62.8,60.85,61.55,109785
2026-02-18 12:33:00,12:33:00,61.75,62.55,61.5,62.05,71630
2026-02-18 12:34:00,12:34:00,61.9,62.2,60.6,61.9,92430
2026-02-18 12:35:00,12:35:00,75.25,75.4,73.3,75.4,227890
2026-02-18 12:36:00,12:36:00,61.95,63.0,61.45,62.25,101855
2026-02-18 12:37:00,12:37:00,75.6,75.85,73.25,74.0,157300
2026-02-18 12:38:00,12:38:00,74.25,74.75,73.3,73.6,124215
2026-02-18 12:39:00,12:39:00,72.8,74.55,72.7,73.2,301730
2026-02-18 12:40:00,12:40:00,60.5,63.0,60.5,62.9,95680
2026-02-18 12:41:00,12:41:00,62.95,64.45,62.9,63.95,169585
2026-02-18 12:42:00,12:42:00,76.95,77.35,73.7,74.3,287820
2026-02-18 12:43:00,12:43:00,74.0,75.0,73.4,74.1,180700
2026-02-18 12:44:00,12:44:00,74.0,75.5,73.65,74.05,151125
2026-02-18 12:45:00,12:45:00,60.95,62.4,60.45,61.9,147095
2026-02-18 12:46:00,12:46:00,75.1,75.3,73.8,73.95,131040
2026-02-18 12:47:00,12:47:00,73.95,75.55,73.75,75.05,118365
2026-02-18 12:48:00,12:48:00,61.7,62.95,61.45,62.7,58630
2026-02-18 12:49:00,12:49:00,63.0,64.7,62.45,64.6,123955
2026-02-18 12:50:00,12:50:00,64.4,64.8,63.1,63.15,140335
2026-02-18 12:51:00,12:51:00,63.2,64.3,63.0,64.25,81250
2026-02-18 12:52:00,12:52:00,64.25,64.25,62.75,62.9,106470
2026-02-18 12:53:00,12:53:00,76.1,76.3,73.05,73.5,348140
2026-02-18 12:54:00,12:54:00,73.3,74.6,72.85,74.5,145925
2026-02-18 12:55:00,12:55:00,61.4,61.95,60.8,61.95,66495
2026-02-18 12:56:00,12:56:00,62.05,62.25,60.6,60.6,85345
2026-02-18 12:57:00,12:57:00,73.3,73.85,72.25,73.25,250250
2026-02-18 12:58:00,12:58:00,73.35,73.45,70.8,71.45,370890
2026-02-18 12:59:00,12:59:00,71.65,72.65,70.6,70.9,240370
2026-02-18 13:00:00,13:00:00,70.95,72.0,69.85,70.45,455130
2026-02-18 13:01:00,13:01:00,70.0,70.45,68.5,70.2,511160
2026-02-18 13:02:00,13:02:00,69.95,73.95,69.85,73.6,439530
2026-02-18 13:03:00,13:03:00,73.6,76.35,73.55,73.95,459355
2026-02-18 13:04:00,13:04:00,73.55,73.95,70.4,70.6,293995
2026-02-18 13:05:00,13:05:00,70.6,71.35,69.95,70.4,190580
2026-02-18 13:06:00,13:06:00,70.5,72.15,70.3,71.45,175760
2026-02-18 13:07:00,13:07:00,71.25,72.7,71.25,72.6,127075
2026-02-18 13:08:00,13:08:00,72.3,72.95,71.55,72.35,161785
2026-02-18 13:09:00,13:09:00,72.35,72.8,71.9,72.25,109460
2026-02-18 13:10:00,13:10:00,59.3,62.1,59.25,62.1,114985
2026-02-18 13:11:00,13:11:00,62.35,62.9,61.0,61.45,109525
2026-02-18 13:12:00,13:12:00,73.6,74.3,72.2,72.2,223730
2026-02-18 13:13:00,13:13:00,72.0,73.7,72.0,73.0,190125
2026-02-18 13:14:00,13:14:00,72.95,73.0,70.95,71.1,177580
2026-02-18 13:15:00,13:15:00,70.85,71.35,68.95,69.6,347165
2026-02-18 13:16:00,13:16:00,69.5,70.45,68.65,70.45,206830
2026-02-18 13:17:00,13:17:00,70.35,72.95,70.25,71.45,243165
2026-02-18 13:18:00,13:18:00,71.25,71.45,70.25,70.55,105690
2026-02-18 13:19:00,13:19:00,70.65,70.8,69.0,69.85,229840
2026-02-18 13:20:00,13:20:00,69.75,70.2,69.0,70.05,201045
2026-02-18 13:21:00,13:21:00,69.8,70.8,68.9,70.75,284440
2026-02-18 13:22:00,13:22:00,70.45,71.55,69.7,69.95,172250
2026-02-18 13:23:00,13:23:00,69.75,70.0,68.35,68.35,241670
2026-02-18 13:24:00,13:24:00,67.45,70.15,67.45,70.0,358410
2026-02-18 13:25:00,13:25:00,69.95,72.3,69.7,72.25,318045
2026-02-18 13:26:00,13:26:00,72.15,72.5,70.7,71.0,331175
2026-02-18 13:27:00,13:27:00,70.95,72.4,70.7,72.3,184405
2026-02-18 13:28:00,13:28:00,59.65,60.95,59.45,60.7,134940
2026-02-18 13:29:00,13:29:00,73.8,74.0,71.8,71.8,290160
2026-02-18 13:30:00,13:30:00,71.75,72.85,71.7,72.8,158925
2026-02-18 13:31:00,13:31:00,72.75,72.85,70.95,72.0,187395
2026-02-18 13:32:00,13:32:00,72.15,73.6,71.0,72.9,185120
2026-02-18 13:33:00,13:33:00,72.45,73.35,71.75,72.5,96915
2026-02-18 13:34:00,13:34:00,72.35,72.55,71.5,72.45,87425
2026-02-18 13:35:00,13:35:00,72.3,72.45,71.45,71.95,87685
2026-02-18 13:36:00,13:36:00,59.45,61.05,59.3,61.05,68835
2026-02-18 13:37:00,13:37:00,61.05,61.85,59.9,61.85,112125
2026-02-18 13:38:00,13:38:00,74.7,74.75,72.55,72.6,207350
2026-02-18 13:39:00,13:39:00,59.7,61.65,59.7,61.3,50180
2026-02-18 13:40:00,13:40:00,74.4,74.4,72.1,72.35,184730
2026-02-18 13:41:00,13:41:00,60.0,60.85,59.5,60.5,57395
2026-02-18 13:42:00,13:42:00,60.5,62.35,60.35,62.35,98475
2026-02-18 13:43:00,13:43:00,62.35,62.55,61.2,62.2,132145
2026-02-18 13:44:00,13:44:00,62.15,62.25,59.65,60.1,93340
2026-02-18 13:45:00,13:45:00,72.55,72.9,69.85,70.0,414960
2026-02-18 13:46:00,13:46:00,70.1,71.65,69.25,70.25,376350
2026-02-18 13:47:00,13:47:00,70.05,72.55,69.9,71.7,354445
2026-02-18 13:48:00,13:48:00,71.8,72.25,68.7,69.2,345150
2026-02-18 13:49:00,13:49:00,69.2,70.7,69.0,70.0,240760
2026-02-18 13:50:00,13:50:00,70.3,70.4,69.35,69.55,112775
2026-02-18 13:51:00,13:51:00,69.4,69.9,68.5,69.15,218335
2026-02-18 13:52:00,13:52:00,68.75,72.15,67.7,72.1,358800
2026-02-18 13:53:00,13:53:00,59.7,64.0,59.7,62.95,302640
2026-02-18 13:54:00,13:54:00,62.85,65.95,62.85,65.95,218985
2026-02-18 13:55:00,13:55:00,66.0,67.0,64.25,65.25,409565
2026-02-18 13:56:00,13:56:00,65.55,66.45,63.45,63.65,264940
2026-02-18 13:57:00,13:57:00,62.9,63.8,61.95,62.75,220090
2026-02-18 13:58:00,13:58:00,62.6,62.75,60.3,61.05,135330
2026-02-18 13:59:00,13:59:00,60.75,62.1,60.3,60.9,64090
2026-02-18 14:00:00,14:00:00,73.95,74.6,72.6,74.05,202020
2026-02-18 14:01:00,14:01:00,61.05,62.25,60.95,62.0,87815
2026-02-18 14:02:00,14:02:00,62.0,62.55,61.2,61.2,101530
2026-02-18 14:03:00,14:03:00,60.7,61.2,59.85,60.15,142740
2026-02-18 14:04:00,14:04:00,73.0,74.0,72.5,72.55,145405
2026-02-18 14:05:00,14:05:00,72.2,72.7,70.2,71.4,334815
2026-02-18 14:06:00,14:06:00,71.35,72.1,70.85,72.0,128960
2026-02-18 14:07:00,14:07:00,72.15,72.35,70.9,70.9,113490
2026-02-18 14:08:00,14:08:00,70.8,71.1,69.8,70.0,200525
2026-02-18 14:09:00,14:09:00,70.2,70.95,69.4,70.0,168025
2026-02-18 14:10:00,14:10:00,69.8,70.55,69.05,69.15,238550
2026-02-18 14:11:00,14:11:00,69.2,69.45,65.55,66.1,599755
2026-02-18 14:12:00,14:12:00,66.0,66.4,63.75,63.75,541515
2026-02-18 14:13:00,14:13:00,63.95,64.9,63.65,64.9,373815
2026-02-18 14:14:00,14:14:00,64.75,65.1,64.1,64.1,251940
2026-02-18 14:15:00,14:15:00,64.1,64.8,63.3,64.8,326430
2026-02-18 14:16:00,14:16:00,65.3,66.55,64.8,65.45,330720
2026-02-18 14:17:00,14:17:00,65.2,65.45,63.55,64.15,216125
2026-02-18 14:18:00,14:18:00,63.65,64.4,62.8,63.15,360750
2026-02-18 14:19:00,14:19:00,62.95,63.4,61.35,61.4,460980
2026-02-18 14:20:00,14:20:00,73.7,74.45,72.0,72.0,426465
2026-02-18 14:21:00,14:21:00,72.05,72.75,71.4,72.25,373945
2026-02-18 14:22:00,14:22:00,72.6,72.6,70.6,72.2,262080
2026-02-18 14:23:00,14:23:00,72.1,72.25,70.0,70.55,374920
2026-02-18 14:24:00,14:24:00,70.3,71.8,70.25,71.6,251485
2026-02-18 14:25:00,14:25:00,71.4,73.0,71.4,73.0,297180
2026-02-18 14:26:00,14:26:00,73.0,73.1,70.55,70.7,303745
2026-02-18 14:27:00,14:27:00,70.5,70.7,69.25,69.9,336635
2026-02-18 14:28:00,14:28:00,69.75,71.5,69.55,71.5,134420
2026-02-18 14:29:00,14:29:00,71.35,72.35,71.15,71.95,179140
2026-02-18 14:30:00,14:30:00,71.95,72.75,71.2,72.75,182650
2026-02-18 14:31:00,14:31:00,72.7,73.95,72.4,73.35,266175
2026-02-18 14:32:00,14:32:00,73.2,73.35,71.05,71.35,231335
2026-02-18 14:33:00,14:33:00,71.15,71.55,69.95,71.15,237900
2026-02-18 14:34:00,14:34:00,71.0,73.45,70.85,72.6,188500
2026-02-18 14:35:00,14:35:00,73.1,73.1,71.85,72.25,147680
2026-02-18 14:36:00,14:36:00,72.3,72.3,70.8,71.9,197275
2026-02-18 14:37:00,14:37:00,71.75,72.95,71.5,72.85,100100
2026-02-18 14:38:00,14:38:00,72.65,73.95,72.2,72.9,138775
2026-02-18 14:39:00,14:39:00,73.05,73.45,72.85,73.0,126945
2026-02-18 14:40:00,14:40:00,73.0,73.6,72.45,73.2,125775
2026-02-18 14:41:00,14:41:00,72.9,73.2,72.15,73.0,115830
2026-02-18 14:42:00,14:42:00,72.65,73.65,72.45,73.4,115635
2026-02-18 14:43:00,14:43:00,73.2,73.9,72.65,73.2,227175
2026-02-18 14:44:00,14:44:00,73.3,73.7,72.3,73.7,220870
2026-02-18 14:45:00,14:45:00,73.75,75.3,73.5,74.35,371605
2026-02-18 14:46:00,14:46:00,62.1,63.3,61.9,62.95,227370
2026-02-18 14:47:00,14:47:00,75.6,75.6,74.0,75.35,201825
2026-02-18 14:48:00,14:48:00,75.1,76.75,74.5,74.65,242385
2026-02-18 14:49:00,14:49:00,74.55,75.35,73.8,73.85,156520
2026-02-18 14:50:00,14:50:00,73.35,74.25,72.7,72.75,185965
2026-02-18 14:51:00,14:51:00,72.95,73.7,71.65,71.65,136045
2026-02-18 14:52:00,14:52:00,71.7,73.9,71.65,72.95,123955
2026-02-18 14:53:00,14:53:00,72.65,73.5,72.0,73.4,92105
2026-02-18 14:54:00,14:54:00,73.65,74.05,72.2,72.55,81380
2026-02-18 14:55:00,14:55:00,72.5,72.75,71.65,71.95,106210
2026-02-18 14:56:00,14:56:00,72.1,72.4,70.75,71.7,150735
2026-02-18 14:57:00,14:57:00,71.4,71.75,70.6,71.4,102830
2026-02-18 14:58:00,14:58:00,71.2,72.35,70.7,71.6,98345
2026-02-18 14:59:00,14:59:00,71.8,72.8,71.6,71.7,127140
2026-02-18 15:00:00,15:00:00,69.8,71.7,64.3,64.8,868855
2026-02-18 15:01:00,15:01:00,77.7,80.0,77.65,78.2,946140
2026-02-18 15:02:00,15:02:00,65.05,69.2,65.0,67.5,337220
2026-02-18 15:03:00,15:03:00,67.35,68.35,67.0,67.4,160615
2026-02-18 15:04:00,15:04:00,67.6,67.8,66.55,67.25,157170
2026-02-18 15:05:00,15:05:00,67.55,68.65,67.05,68.65,146055
2026-02-18 15:06:00,15:06:00,68.7,68.95,67.4,67.7,162110
2026-02-18 15:07:00,15:07:00,67.35,67.7,66.2,66.3,136110
2026-02-18 15:08:00,15:08:00,66.3,67.6,66.3,67.2,120185
2026-02-18 15:09:00,15:09:00,80.7,81.0,78.65,78.7,417235
2026-02-18 15:10:00,15:10:00,78.95,80.0,78.7,79.9,367965
2026-02-18 15:11:00,15:11:00,66.9,66.9,65.65,66.5,121290
2026-02-18 15:12:00,15:12:00,66.5,66.7,66.3,66.4,80990
2026-02-18 15:13:00,15:13:00,66.5,67.25,66.4,67.25,117520
2026-02-18 15:14:00,15:14:00,67.35,67.9,67.1,67.2,267215
2026-02-18 15:15:00,15:15:00,67.95,68.35,66.2,66.75,354315
2026-02-18 15:16:00,15:16:00,67.2,68.15,66.75,67.15,208065
2026-02-18 15:17:00,15:17:00,67.2,67.7,67.0,67.0,179855
2026-02-18 15:18:00,15:18:00,80.35,81.3,80.1,80.6,298675
2026-02-18 15:19:00,15:19:00,67.3,69.4,67.3,69.0,189865
2026-02-18 15:20:00,15:20:00,68.85,70.35,68.85,69.8,249665
2026-02-18 15:21:00,15:21:00,69.7,70.55,69.7,69.95,181805
2026-02-18 15:22:00,15:22:00,69.85,69.95,68.3,69.5,210990
2026-02-18 15:23:00,15:23:00,69.5,70.25,69.5,70.2,183560
2026-02-18 15:24:00,15:24:00,70.3,70.55,68.9,70.05,268710
2026-02-18 15:25:00,15:25:00,70.4,70.4,69.05,69.35,232440
2026-02-18 15:26:00,15:26:00,69.4,69.4,67.15,68.3,204360
2026-02-18 15:27:00,15:27:00,68.55,69.25,68.3,68.65,159315
2026-02-18 15:28:00,15:28:00,68.65,69.3,68.0,69.25,297180
2026-02-18 15:29:00,15:29:00,69.1,69.25,67.7,68.0,310635
2026-02-19 09:15:00,09:15:00,59.7,60.0,47.75,51.75,698230
2026-02-19 09:16:00,09:16:00,53.55,54.75,49.3,50.9,535340
2026-02-19 09:17:00,09:17:00,50.85,51.85,46.05,46.05,370240
2026-02-19 09:18:00,09:18:00,47.0,48.8,46.05,47.6,411580
2026-02-19 09:19:00,09:19:00,48.2,49.05,46.65,48.8,206570
2026-02-19 09:20:00,09:20:00,49.05,49.45,44.65,44.65,433680
2026-02-19 09:21:00,09:21:00,44.15,45.55,43.35,44.6,236405
2026-02-19 09:22:00,09:22:00,45.0,45.5,44.15,45.3,187785
2026-02-19 09:23:00,09:23:00,45.7,48.55,45.15,45.6,180700
2026-02-19 09:24:00,09:24:00,46.4,49.0,45.6,49.0,150150
2026-02-19 09:25:00,09:25:00,49.25,52.1,49.0,51.55,338455
2026-02-19 09:26:00,09:26:00,53.1,54.45,51.55,54.45,321165
2026-02-19 09:27:00,09:27:00,54.9,56.0,51.95,53.45,420485
2026-02-19 09:28:00,09:28:00,43.75,46.8,43.15,46.75,426855
2026-02-19 09:29:00,09:29:00,46.45,46.75,44.55,46.15,398970
2026-02-19 09:30:00,09:30:00,45.8,48.95,45.05,48.45,572000
2026-02-19 09:31:00,09:31:00,48.15,49.2,46.15,48.5,489450
2026-02-19 09:32:00,09:32:00,47.8,49.3,46.45,47.9,304655
2026-02-19 09:33:00,09:33:00,47.65,48.5,46.95,47.7,300950
2026-02-19 09:34:00,09:34:00,48.0,48.6,47.1,48.3,264615
2026-02-19 09:35:00,09:35:00,48.3,48.3,45.7,47.35,362050
2026-02-19 09:36:00,09:36:00,47.2,48.3,46.0,47.6,263770
2026-02-19 09:37:00,09:37:00,47.3,55.7,46.75,54.7,759525
2026-02-19 09:38:00,09:38:00,54.95,57.55,53.7,57.3,572325
2026-02-19 09:39:00,09:39:00,57.6,58.2,52.9,53.95,547365
2026-02-19 09:40:00,09:40:00,53.95,55.45,53.05,54.75,312780
2026-02-19 09:41:00,09:41:00,54.95,55.8,53.2,53.2,216580
2026-02-19 09:42:00,09:42:00,52.85,54.75,52.35,53.85,296270
2026-02-19 09:43:00,09:43:00,53.85,55.5,52.6,54.25,374790
2026-02-19 09:44:00,09:44:00,54.35,55.55,53.35,55.15,196430
2026-02-19 09:45:00,09:45:00,55.05,55.9,53.7,53.75,303745
2026-02-19 09:46:00,09:46:00,53.65,55.15,52.45,52.5,286000
2026-02-19 09:47:00,09:47:00,51.95,52.95,50.5,50.75,346320
2026-02-19 09:48:00,09:48:00,50.65,50.75,48.2,49.95,440895
2026-02-19 09:49:00,09:49:00,49.15,49.95,47.35,47.9,291850
2026-02-19 09:50:00,09:50:00,48.35,51.1,47.9,50.8,307450
2026-02-19 09:51:00,09:51:00,50.5,53.6,49.95,53.5,284310
2026-02-19 09:52:00,09:52:00,52.8,55.3,51.25,54.95,387985
2026-02-19 09:53:00,09:53:00,55.4,56.75,53.55,54.65,343135
2026-02-19 09:54:00,09:54:00,54.35,56.6,53.3,56.05,215280
2026-02-19 09:55:00,09:55:00,56.0,56.3,54.0,54.85,213785
2026-02-19 09:56:00,09:56:00,55.1,57.2,54.25,55.5,313170
2026-02-19 09:57:00,09:57:00,55.6,55.7,54.15,55.25,163475
2026-02-19 09:58:00,09:58:00,45.2,47.95,45.15,46.65,200980
2026-02-19 09:59:00,09:59:00,46.7,46.9,45.6,45.85,135200
2026-02-19 10:00:00,10:00:00,45.95,47.1,44.25,46.45,224380
2026-02-19 10:01:00,10:01:00,46.3,47.05,44.55,46.85,103155
2026-02-19 10:02:00,10:02:00,47.0,48.05,46.3,46.45,159770
2026-02-19 10:03:00,10:03:00,56.35,56.75,52.9,53.55,437515
2026-02-19 10:04:00,10:04:00,53.7,54.45,51.8,51.85,281060
2026-02-19 10:05:00,10:05:00,51.8,53.1,51.25,51.4,220220
2026-02-19 10:06:00,10:06:00,51.9,52.95,51.35,51.95,200005
2026-02-19 10:07:00,10:07:00,52.05,55.5,51.85,54.1,417755
2026-02-19 10:08:00,10:08:00,53.95,56.0,53.15,53.5,328640
2026-02-19 10:09:00,10:09:00,52.7,55.75,52.7,54.8,305760
2026-02-19 10:10:00,10:10:00,55.2,56.0,53.85,55.4,168090
2026-02-19 10:11:00,10:11:00,45.25,49.0,45.25,46.6,182325
2026-02-19 10:12:00,10:12:00,46.4,48.9,45.55,47.8,133315
2026-02-19 10:13:00,10:13:00,47.9,49.9,47.3,49.6,175760
2026-02-19 10:14:00,10:14:00,49.35,55.9,49.35,53.95,531440
2026-02-19 10:15:00,10:15:00,53.75,55.35,53.1,54.25,278720
2026-02-19 10:16:00,10:16:00,54.95,54.95,51.95,52.85,212485
2026-02-19 10:17:00,10:17:00,53.1,53.6,51.35,51.9,113555
2026-02-19 10:18:00,10:18:00,52.05,52.05,50.25,50.5,105105
2026-02-19 10:19:00,10:19:00,50.55,53.6,50.35,53.6,117455
2026-02-19 10:20:00,10:20:00,53.7,55.55,53.05,55.4,117520
2026-02-19 10:21:00,10:21:00,55.75,56.75,53.95,55.65,198445
2026-02-19 10:22:00,10:22:00,56.0,57.35,53.75,54.15,193180
2026-02-19 10:23:00,10:23:00,53.75,54.15,52.1,52.15,108810
2026-02-19 10:24:00,10:24:00,52.0,54.45,51.7,53.45,110890
2026-02-19 10:25:00,10:25:00,53.35,54.85,52.6,54.3,126945
2026-02-19 10:26:00,10:26:00,54.3,56.6,54.0,56.0,174850
2026-02-19 10:27:00,10:27:00,56.0,61.1,55.8,58.85,450125
2026-02-19 10:28:00,10:28:00,59.0,60.85,57.65,58.05,214565
2026-02-19 10:29:00,10:29:00,57.85,58.05,55.25,56.5,176995
2026-02-19 10:30:00,10:30:00,57.05,59.65,56.5,59.25,160290
2026-02-19 10:31:00,10:31:00,59.5,59.65,56.35,56.65,131430
2026-02-19 10:32:00,10:32:00,56.8,57.05,55.25,56.35,87490
2026-02-19 10:33:00,10:33:00,56.3,58.45,55.25,58.25,94510
2026-02-19 10:34:00,10:34:00,58.1,62.15,57.6,60.65,207480
2026-02-19 10:35:00,10:35:00,60.75,61.8,58.65,60.75,155545
2026-02-19 10:36:00,10:36:00,60.6,63.85,60.15,62.25,243620
2026-02-19 10:37:00,10:37:00,52.05,57.95,52.0,57.95,771485
2026-02-19 10:38:00,10:38:00,57.65,59.95,56.45,57.15,892775
2026-02-19 10:39:00,10:39:00,57.0,60.2,57.0,59.8,528385
2026-02-19 10:40:00,10:40:00,60.1,62.8,57.95,58.8,855205
2026-02-19 10:41:00,10:41:00,70.45,70.65,66.5,66.75,226525
2026-02-19 10:42:00,10:42:00,66.95,70.35,66.35,68.2,213525
2026-02-19 10:43:00,10:43:00,67.6,68.2,63.95,64.9,220740
2026-02-19 10:44:00,10:44:00,64.65,66.05,63.3,65.7,126100
2026-02-19 10:45:00,10:45:00,65.95,69.25,65.1,67.95,185445
2026-02-19 10:46:00,10:46:00,67.0,69.3,66.45,67.35,142220
2026-02-19 10:47:00,10:47:00,56.1,57.8,54.95,57.65,144300
2026-02-19 10:48:00,10:48:00,57.6,57.85,56.6,57.75,159120
2026-02-19 10:49:00,10:49:00,57.9,57.9,54.5,55.6,196885
2026-02-19 10:50:00,10:50:00,55.5,56.7,55.35,55.75,128830
2026-02-19 10:51:00,10:51:00,66.75,67.0,63.95,64.85,99255
2026-02-19 10:52:00,10:52:00,64.95,65.75,63.3,63.5,87165
2026-02-19 10:53:00,10:53:00,63.1,66.05,62.65,64.35,126880
2026-02-19 10:54:00,10:54:00,63.75,65.0,61.85,62.2,97695
2026-02-19 10:55:00,10:55:00,62.3,65.15,61.9,65.05,86450
2026-02-19 10:56:00,10:56:00,54.5,55.8,53.8,54.95,185640
2026-02-19 10:57:00,10:57:00,65.95,66.0,62.45,63.3,112060
2026-02-19 10:58:00,10:58:00,63.25,63.6,60.2,60.25,114335
2026-02-19 10:59:00,10:59:00,59.9,60.8,59.15,60.8,154830
2026-02-19 11:00:00,11:00:00,61.2,62.2,59.55,59.55,148980
2026-02-19 11:01:00,11:01:00,59.6,61.4,57.35,61.3,188305
2026-02-19 11:02:00,11:02:00,61.3,63.95,60.95,63.75,85150
2026-02-19 11:03:00,11:03:00,64.0,64.05,60.1,60.2,119340
2026-02-19 11:04:00,11:04:00,60.0,61.2,58.35,60.4,86905
2026-02-19 11:05:00,11:05:00,60.6,62.1,59.4,61.8,57395
2026-02-19 11:06:00,11:06:00,61.95,62.9,59.4,60.0,110045
2026-02-19 11:07:00,11:07:00,59.75,60.0,56.65,57.0,99905
2026-02-19 11:08:00,11:08:00,56.85,59.5,56.45,59.5,111995
2026-02-19 11:09:00,11:09:00,59.25,61.8,59.25,60.9,73320
2026-02-19 11:10:00,11:10:00,61.0,61.25,58.5,59.0,88465
2026-02-19 11:11:00,11:11:00,59.0,59.65,57.8,59.65,46930
2026-02-19 11:12:00,11:12:00,59.7,59.9,58.35,58.9,48750
2026-02-19 11:13:00,11:13:00,48.7,52.7,48.1,52.7,184275
2026-02-19 11:14:00,11:14:00,52.65,54.2,51.8,53.55,361075
2026-02-19 11:15:00,11:15:00,53.4,54.35,51.95,53.85,227955
2026-02-19 11:16:00,11:16:00,53.95,55.85,53.75,55.15,371605
2026-02-19 11:17:00,11:17:00,55.25,55.5,52.2,52.75,247195
2026-02-19 11:18:00,11:18:00,52.85,56.8,52.6,56.3,270465
2026-02-19 11:19:00,11:19:00,56.2,56.95,54.8,56.4,284440
2026-02-19 11:20:00,11:20:00,57.05,57.35,55.1,55.55,304655
2026-02-19 11:21:00,11:21:00,55.35,57.05,54.5,56.7,192660
2026-02-19 11:22:00,11:22:00,56.7,58.8,55.6,58.0,294840
2026-02-19 11:23:00,11:23:00,58.55,62.75,57.3,62.75,513630
2026-02-19 11:24:00,11:24:00,63.6,66.3,61.4,64.65,1008930
2026-02-19 11:25:00,11:25:00,64.75,64.75,61.5,61.5,460200
2026-02-19 11:26:00,11:26:00,61.4,63.15,61.0,61.5,333645
2026-02-19 11:27:00,11:27:00,61.55,65.45,61.0,64.25,471315
2026-02-19 11:28:00,11:28:00,63.9,64.25,60.9,62.2,372775
2026-02-19 11:29:00,11:29:00,62.4,63.05,60.8,62.95,226395
2026-02-19 11:30:00,11:30:00,63.8,64.35,61.7,63.9,322205
2026-02-19 11:31:00,11:31:00,64.05,64.6,62.7,62.7,313040
2026-02-19 11:32:00,11:32:00,62.85,63.35,61.25,62.6,246025
2026-02-19 11:33:00,11:33:00,62.55,62.7,61.3,61.45,172250
2026-02-19 11:34:00,11:34:00,61.55,63.95,61.05,62.95,258570
2026-02-19 11:35:00,11:35:00,63.2,65.55,62.95,63.65,396630
2026-02-19 11:36:00,11:36:00,63.7,69.7,63.65,66.95,718640
2026-02-19 11:37:00,11:37:00,66.75,67.4,65.2,66.1,444340
2026-02-19 11:38:00,11:38:00,66.25,66.3,64.15,65.85,254345
2026-02-19 11:39:00,11:39:00,65.45,65.85,62.55,63.75,220415
2026-02-19 11:40:00,11:40:00,63.8,65.0,62.75,63.7,174720
2026-02-19 11:41:00,11:41:00,63.8,67.75,63.65,67.4,234325
2026-02-19 11:42:00,11:42:00,55.65,59.2,54.9,59.2,191815
2026-02-19 11:43:00,11:43:00,70.7,71.0,65.85,66.55,445770
2026-02-19 11:44:00,11:44:00,66.7,67.65,65.3,66.4,238810
2026-02-19 11:45:00,11:45:00,55.05,57.1,54.25,56.9,125970
2026-02-19 11:46:00,11:46:00,57.0,60.1,56.8,60.1,194805
2026-02-19 11:47:00,11:47:00,59.65,60.1,56.1,58.5,160875
2026-02-19 11:48:00,11:48:00,58.5,62.55,58.1,59.6,265850
2026-02-19 11:49:00,11:49:00,59.55,59.65,58.1,59.15,114010
2026-02-19 11:50:00,11:50:00,59.5,61.7,59.15,60.7,171015
2026-02-19 11:51:00,11:51:00,60.65,64.1,60.3,62.0,216125
2026-02-19 11:52:00,11:52:00,62.0,63.35,60.6,63.05,121290
2026-02-19 11:53:00,11:53:00,62.85,64.6,61.55,62.55,138320
2026-02-19 11:54:00,11:54:00,62.75,63.8,61.2,63.35,100295
2026-02-19 11:55:00,11:55:00,63.15,63.35,60.45,61.1,107965
2026-02-19 11:56:00,11:56:00,61.15,64.45,61.1,64.45,127530
2026-02-19 11:57:00,11:57:00,65.0,65.0,63.0,64.3,161980
2026-02-19 11:58:00,11:58:00,64.25,64.25,61.55,62.4,106145
2026-02-19 11:59:00,11:59:00,62.4,62.4,60.0,61.95,108030
2026-02-19 12:00:00,12:00:00,62.2,64.25,61.25,64.15,103285
2026-02-19 12:01:00,12:01:00,63.55,72.0,63.55,69.9,404950
2026-02-19 12:02:00,12:02:00,69.2,70.35,65.0,66.9,269555
2026-02-19 12:03:00,12:03:00,66.8,68.9,65.5,66.1,221845
2026-02-19 12:04:00,12:04:00,66.0,68.65,65.3,67.4,102050
2026-02-19 12:05:00,12:05:00,67.5,69.0,66.5,67.1,110045
2026-02-19 12:06:00,12:06:00,67.35,67.7,65.35,66.8,104585
2026-02-19 12:07:00,12:07:00,66.95,69.15,66.45,69.15,71890
2026-02-19 12:08:00,12:08:00,69.45,71.8,68.25,69.9,223015
2026-02-19 12:09:00,12:09:00,70.2,77.1,69.9,77.1,275795
2026-02-19 12:10:00,12:10:00,76.6,81.25,76.45,79.0,394030
2026-02-19 12:11:00,12:11:00,66.75,70.05,66.3,70.05,414960
2026-02-19 12:12:00,12:12:00,70.65,74.5,70.05,73.1,531375
2026-02-19 12:13:00,12:13:00,73.3,78.3,72.9,76.7,501150
2026-02-19 12:14:00,12:14:00,75.7,77.6,72.85,76.25,421070
2026-02-19 12:15:00,12:15:00,77.0,80.35,76.25,77.1,596375
2026-02-19 12:16:00,12:16:00,77.2,79.75,75.7,79.05,342420
2026-02-19 12:17:00,12:17:00,78.45,81.45,76.1,76.4,441285
2026-02-19 12:18:00,12:18:00,76.2,76.4,68.15,69.45,678275
2026-02-19 12:19:00,12:19:00,69.35,70.75,67.8,68.05,368355
2026-02-19 12:20:00,12:20:00,68.6,69.6,65.0,65.7,390585
2026-02-19 12:21:00,12:21:00,77.65,78.1,72.9,73.55,235235
2026-02-19 12:22:00,12:22:00,73.25,77.0,73.25,77.0,127075
2026-02-19 12:23:00,12:23:00,77.05,77.85,73.2,74.6,194740
2026-02-19 12:24:00,12:24:00,74.15,75.05,71.8,75.05,127335
2026-02-19 12:25:00,12:25:00,75.55,77.2,74.5,75.75,155805
2026-02-19 12:26:00,12:26:00,63.5,66.45,62.95,63.9,204230
2026-02-19 12:27:00,12:27:00,63.95,64.75,62.2,63.3,169130
2026-02-19 12:28:00,12:28:00,75.55,75.7,72.35,72.45,95680
2026-02-19 12:29:00,12:29:00,71.55,73.95,70.0,73.8,160745
2026-02-19 12:30:00,12:30:00,72.85,73.85,72.05,72.8,119470
2026-02-19 12:31:00,12:31:00,61.15,62.6,59.65,61.9,145665
2026-02-19 12:32:00,12:32:00,62.15,64.85,61.35,64.8,143065
2026-02-19 12:33:00,12:33:00,64.2,65.8,63.55,65.8,206700
2026-02-19 12:34:00,12:34:00,65.6,66.1,61.5,63.2,372840
2026-02-19 12:35:00,12:35:00,63.2,63.65,61.5,62.2,178685
2026-02-19 12:36:00,12:36:00,62.55,64.8,62.2,64.7,170755
2026-02-19 12:37:00,12:37:00,65.0,66.2,63.7,65.15,225095
2026-02-19 12:38:00,12:38:00,65.7,68.2,64.85,68.2,202410
2026-02-19 12:39:00,12:39:00,69.55,72.75,67.5,72.55,393315
2026-02-19 12:40:00,12:40:00,72.85,73.2,68.3,73.05,312520
2026-02-19 12:41:00,12:41:00,73.15,79.15,71.8,75.35,584545
2026-02-19 12:42:00,12:42:00,75.0,79.0,75.0,78.4,379145
2026-02-19 12:43:00,12:43:00,66.35,71.15,66.35,71.15,364780
2026-02-19 12:44:00,12:44:00,84.15,84.4,78.6,80.05,366535
2026-02-19 12:45:00,12:45:00,79.9,81.25,78.85,79.55,319150
2026-02-19 12:46:00,12:46:00,79.35,79.75,77.55,78.45,280930
2026-02-19 12:47:00,12:47:00,66.0,67.4,65.0,67.1,132990
2026-02-19 12:48:00,12:48:00,67.35,69.0,64.9,67.15,139425
2026-02-19 12:49:00,12:49:00,78.95,79.9,73.75,74.6,363350
2026-02-19 12:50:00,12:50:00,73.25,77.25,72.75,76.2,243360
2026-02-19 12:51:00,12:51:00,76.45,76.9,72.7,72.75,173875
2026-02-19 12:52:00,12:52:00,72.65,72.75,69.55,69.55,274625
2026-02-19 12:53:00,12:53:00,69.3,70.9,66.55,70.8,300690
2026-02-19 12:54:00,12:54:00,70.8,72.95,69.85,71.55,219180
2026-02-19 12:55:00,12:55:00,70.65,71.55,68.45,69.05,147680
2026-02-19 12:56:00,12:56:00,68.5,71.25,68.5,71.1,84630
2026-02-19 12:57:00,12:57:00,71.25,71.65,70.15,70.45,91845
2026-02-19 12:58:00,12:58:00,70.4,72.15,70.4,71.0,99450
2026-02-19 12:59:00,12:59:00,71.3,72.1,69.45,69.7,118365
2026-02-19 13:00:00,13:00:00,69.85,72.9,69.7,71.45,157950
2026-02-19 13:01:00,13:01:00,71.05,71.45,68.85,71.35,97305
2026-02-19 13:02:00,13:02:00,71.4,71.95,69.95,71.2,60190
2026-02-19 13:03:00,13:03:00,71.2,71.5,69.35,70.2,76375
2026-02-19 13:04:00,13:04:00,70.1,70.2,67.75,68.15,155675
2026-02-19 13:05:00,13:05:00,67.5,68.15,65.15,65.15,277875
2026-02-19 13:06:00,13:06:00,65.0,67.2,64.3,66.0,250185
2026-02-19 13:07:00,13:07:00,65.95,67.05,63.75,64.85,199420
2026-02-19 13:08:00,13:08:00,64.75,65.8,62.0,62.45,208195
2026-02-19 13:09:00,13:09:00,74.35,74.4,70.65,70.65,336115
2026-02-19 13:10:00,13:10:00,70.85,72.4,70.4,71.45,198315
2026-02-19 13:11:00,13:11:00,59.8,60.9,59.2,60.8,160225
2026-02-19 13:12:00,13:12:00,60.7,64.3,60.65,64.3,360555
2026-02-19 13:13:00,13:13:00,64.15,64.6,61.9,63.8,186030
2026-02-19 13:14:00,13:14:00,63.8,63.9,62.5,63.9,93340
2026-02-19 13:15:00,13:15:00,63.95,68.7,63.9,68.65,273975
2026-02-19 13:16:00,13:16:00,69.05,70.45,67.8,70.35,309010
2026-02-19 13:17:00,13:17:00,70.4,70.45,67.25,69.0,201955
2026-02-19 13:18:00,13:18:00,69.2,69.7,66.85,67.45,124670
2026-02-19 13:19:00,13:19:00,67.4,68.4,66.75,68.2,86385
2026-02-19 13:20:00,13:20:00,68.45,69.6,66.6,66.9,140985
2026-02-19 13:21:00,13:21:00,78.8,79.15,74.6,74.6,166140
2026-02-19 13:22:00,13:22:00,75.05,76.25,73.3,73.45,211250
2026-02-19 13:23:00,13:23:00,73.45,74.45,72.8,72.95,290875
2026-02-19 13:24:00,13:24:00,73.1,73.3,71.55,72.2,95485
2026-02-19 13:25:00,13:25:00,72.35,73.1,71.0,73.1,92430
2026-02-19 13:26:00,13:26:00,61.5,66.0,61.0,65.7,296725
2026-02-19 13:27:00,13:27:00,65.4,66.75,63.8,64.05,314730
2026-02-19 13:28:00,13:28:00,64.2,65.8,61.8,61.8,161850
2026-02-19 13:29:00,13:29:00,61.85,62.1,60.4,61.55,294320
2026-02-19 13:30:00,13:30:00,61.05,66.9,61.0,66.9,151580
2026-02-19 13:31:00,13:31:00,66.95,70.0,66.8,69.05,492115
2026-02-19 13:32:00,13:32:00,68.85,70.9,68.85,70.65,319865
2026-02-19 13:33:00,13:33:00,70.85,73.5,70.65,72.5,409435
2026-02-19 13:34:00,13:34:00,72.9,74.0,67.55,68.95,401635
2026-02-19 13:35:00,13:35:00,69.2,72.8,68.95,70.3,236600
2026-02-19 13:36:00,13:36:00,70.3,71.55,68.9,69.2,166465
2026-02-19 13:37:00,13:37:00,69.3,69.3,64.0,64.3,318695
2026-02-19 13:38:00,13:38:00,64.15,66.3,63.55,65.6,161525
2026-02-19 13:39:00,13:39:00,65.75,67.25,64.6,65.45,117910
2026-02-19 13:40:00,13:40:00,66.0,66.4,62.35,62.35,156260
2026-02-19 13:41:00,13:41:00,62.3,63.6,61.75,63.4,172120
2026-02-19 13:42:00,13:42:00,63.25,66.55,63.25,66.55,202865
2026-02-19 13:43:00,13:43:00,66.85,67.3,63.25,63.45,175240
2026-02-19 13:44:00,13:44:00,63.4,63.45,61.05,63.3,175305
2026-02-19 13:45:00,13:45:00,63.4,63.4,60.65,62.5,193440
2026-02-19 13:46:00,13:46:00,63.0,64.55,61.95,62.85,213980
2026-02-19 13:47:00,13:47:00,62.5,64.3,61.2,64.3,271960
2026-02-19 13:48:00,13:48:00,63.9,66.85,63.45,63.6,477165
2026-02-19 13:49:00,13:49:00,64.4,66.7,63.6,65.9,419315
2026-02-19 13:50:00,13:50:00,65.9,68.35,65.0,66.85,304655
2026-02-19 13:51:00,13:51:00,67.0,68.4,65.8,67.8,149435
2026-02-19 13:52:00,13:52:00,56.9,63.15,56.45,61.5,213590
2026-02-19 13:53:00,13:53:00,61.55,63.25,60.0,60.0,249665
2026-02-19 13:54:00,13:54:00,71.4,72.2,67.45,70.5,351195
2026-02-19 13:55:00,13:55:00,70.2,71.95,69.6,71.75,307060
2026-02-19 13:56:00,13:56:00,60.45,62.3,59.6,62.3,86125
2026-02-19 13:57:00,13:57:00,62.3,63.3,61.15,62.0,119080
2026-02-19 13:58:00,13:58:00,62.65,63.95,61.75,63.5,131560
2026-02-19 13:59:00,13:59:00,63.65,64.05,62.25,63.8,341120
2026-02-19 14:00:00,14:00:00,64.0,64.0,61.1,62.0,224900
2026-02-19 14:01:00,14:01:00,62.0,65.65,61.1,64.25,196300
2026-02-19 14:02:00,14:02:00,63.85,66.5,62.75,64.3,242515
2026-02-19 14:03:00,14:03:00,63.55,65.6,62.65,64.9,107575
2026-02-19 14:04:00,14:04:00,64.8,66.5,64.2,65.1,197405
2026-02-19 14:05:00,14:05:00,65.25,68.0,64.85,67.55,265720
2026-02-19 14:06:00,14:06:00,68.2,69.85,63.85,64.95,261885
2026-02-19 14:07:00,14:07:00,64.35,64.95,61.55,63.15,122915
2026-02-19 14:08:00,14:08:00,63.2,64.1,62.1,62.85,68250
2026-02-19 14:09:00,14:09:00,62.85,64.15,60.35,60.8,100490
2026-02-19 14:10:00,14:10:00,60.5,61.55,57.95,61.55,200070
2026-02-19 14:11:00,14:11:00,61.35,61.6,60.0,60.5,119015
2026-02-19 14:12:00,14:12:00,60.35,62.6,59.35,61.7,90545
2026-02-19 14:13:00,14:13:00,61.85,61.85,57.65,57.95,106990
2026-02-19 14:14:00,14:14:00,58.15,58.15,55.6,57.6,121680
2026-02-19 14:15:00,14:15:00,68.2,69.1,66.1,66.9,192075
2026-02-19 14:16:00,14:16:00,66.8,66.9,63.35,63.85,551720
2026-02-19 14:17:00,14:17:00,64.0,65.6,63.1,64.3,189605
2026-02-19 14:18:00,14:18:00,63.7,65.65,63.35,65.2,129610
2026-02-19 14:19:00,14:19:00,66.15,66.55,62.9,64.2,193700
2026-02-19 14:20:00,14:20:00,64.3,65.3,61.5,62.35,214370
2026-02-19 14:21:00,14:21:00,62.0,67.3,61.45,67.3,249145
2026-02-19 14:22:00,14:22:00,67.45,68.1,65.3,68.1,316680
2026-02-19 14:23:00,14:23:00,68.25,69.9,67.65,67.8,405795
2026-02-19 14:24:00,14:24:00,67.65,68.1,65.4,67.2,165945
2026-02-19 14:25:00,14:25:00,56.45,58.5,56.05,58.35,100360
2026-02-19 14:26:00,14:26:00,58.1,59.95,57.7,59.65,145145
2026-02-19 14:27:00,14:27:00,59.8,63.55,59.65,63.0,173095
2026-02-19 14:28:00,14:28:00,63.1,63.1,60.4,62.5,203970
2026-02-19 14:29:00,14:29:00,62.45,66.75,62.45,66.05,214305
2026-02-19 14:30:00,14:30:00,65.95,66.3,60.2,60.3,186940
2026-02-19 14:31:00,14:31:00,60.05,61.3,59.55,59.55,141375
2026-02-19 14:32:00,14:32:00,59.4,60.85,58.9,58.9,86840
2026-02-19 14:33:00,14:33:00,59.45,61.45,58.55,60.75,80145
2026-02-19 14:34:00,14:34:00,60.85,62.1,60.15,61.3,66560
2026-02-19 14:35:00,14:35:00,61.25,61.7,58.95,59.55,87035
2026-02-19 14:36:00,14:36:00,59.9,60.75,58.9,60.05,61815
2026-02-19 14:37:00,14:37:00,60.0,60.85,58.45,60.75,59930
2026-02-19 14:38:00,14:38:00,60.4,61.35,60.0,61.2,206700
2026-02-19 14:39:00,14:39:00,61.7,61.7,59.1,60.65,97630
2026-02-19 14:40:00,14:40:00,60.65,61.1,59.35,60.75,89895
2026-02-19 14:41:00,14:41:00,60.5,65.0,59.95,64.95,158405
2026-02-19 14:42:00,14:42:00,64.8,67.45,63.35,66.55,266955
2026-02-19 14:43:00,14:43:00,66.65,71.95,66.55,71.05,401180
2026-02-19 14:44:00,14:44:00,59.45,61.9,58.55,61.65,677755
2026-02-19 14:45:00,14:45:00,61.1,64.9,60.85,61.2,713310
2026-02-19 14:46:00,14:46:00,59.65,64.45,59.45,63.35,565630
2026-02-19 14:47:00,14:47:00,63.35,67.05,62.75,66.95,513045
2026-02-19 14:48:00,14:48:00,66.55,72.1,64.7,68.85,579930
2026-02-19 14:49:00,14:49:00,69.15,70.7,62.55,63.2,558090
2026-02-19 14:50:00,14:50:00,64.05,64.35,61.55,64.3,329485
2026-02-19 14:51:00,14:51:00,64.5,64.7,61.1,62.1,249535
2026-02-19 14:52:00,14:52:00,61.55,62.65,59.55,60.05,262535
2026-02-19 14:53:00,14:53:00,60.45,63.4,60.0,62.75,240435
2026-02-19 14:54:00,14:54:00,62.95,63.25,60.4,61.0,213070
2026-02-19 14:55:00,14:55:00,60.95,64.05,60.5,62.25,189670
2026-02-19 14:56:00,14:56:00,62.3,62.55,60.1,60.3,242450
2026-02-19 14:57:00,14:57:00,72.35,74.0,66.3,66.5,345930
2026-02-19 14:58:00,14:58:00,66.8,71.2,66.5,69.85,191295
2026-02-19 14:59:00,14:59:00,57.7,60.15,56.8,59.95,213655
2026-02-19 15:00:00,15:00:00,60.55,64.15,59.95,62.85,702455
2026-02-19 15:01:00,15:01:00,53.2,59.25,52.9,59.1,378430
2026-02-19 15:02:00,15:02:00,71.8,74.9,69.05,69.3,1169740
2026-02-19 15:03:00,15:03:00,68.5,69.3,65.0,67.7,564005
2026-02-19 15:04:00,15:04:00,67.95,69.55,67.15,68.35,354835
2026-02-19 15:05:00,15:05:00,68.05,71.0,67.45,71.0,240890
2026-02-19 15:06:00,15:06:00,58.8,62.4,58.65,62.25,213330
2026-02-19 15:07:00,15:07:00,61.85,67.9,61.85,67.9,365755
2026-02-19 15:08:00,15:08:00,68.85,72.3,65.9,67.65,411905
2026-02-19 15:09:00,15:09:00,81.2,82.25,73.45,73.95,737425
2026-02-19 15:10:00,15:10:00,73.7,75.3,71.55,72.3,424515
2026-02-19 15:11:00,15:11:00,71.85,75.45,71.85,74.85,388310
2026-02-19 15:12:00,15:12:00,74.8,76.1,73.15,76.1,783315
2026-02-19 15:13:00,15:13:00,63.65,66.7,63.65,66.0,310115
2026-02-19 15:14:00,15:14:00,65.95,70.15,65.7,69.4,287495
2026-02-19 15:15:00,15:15:00,68.8,70.55,68.3,68.8,373880
2026-02-19 15:16:00,15:16:00,68.9,74.15,68.0,72.7,345800
2026-02-19 15:17:00,15:17:00,72.85,76.75,72.65,75.85,375895
2026-02-19 15:18:00,15:18:00,63.25,65.9,62.6,65.7,656110
2026-02-19 15:19:00,15:19:00,65.95,73.9,65.7,72.2,1032135
2026-02-19 15:20:00,15:20:00,71.7,75.0,68.3,74.4,883610
2026-02-19 15:21:00,15:21:00,74.75,78.75,69.35,69.35,763425
2026-02-19 15:22:00,15:22:00,68.15,75.55,65.5,75.35,618215
2026-02-19 15:23:00,15:23:00,74.8,76.3,74.2,76.3,599365
2026-02-19 15:24:00,15:24:00,75.75,76.3,71.45,73.8,685100
2026-02-19 15:25:00,15:25:00,72.8,73.8,71.0,71.75,478140
2026-02-19 15:26:00,15:26:00,71.75,74.95,71.1,73.8,357175
2026-02-19 15:27:00,15:27:00,73.9,73.95,72.15,73.6,355030
2026-02-19 15:28:00,15:28:00,74.0,74.0,72.8,73.35,406250
2026-02-19 15:29:00,15:29:00,73.55,74.95,73.35,74.8,579020
2026-02-20 09:15:00,09:15:00,258.45,258.45,191.3,191.75,651430
2026-02-20 09:16:00,09:16:00,190.0,202.5,184.25,195.75,757770
2026-02-20 09:17:00,09:17:00,191.2,215.05,191.2,215.05,564460
2026-02-20 09:18:00,09:18:00,212.95,230.7,205.45,216.55,572065
2026-02-20 09:19:00,09:19:00,213.15,219.5,197.8,200.15,413010
2026-02-20 09:20:00,09:20:00,199.15,208.6,193.55,198.75,310765
2026-02-20 09:21:00,09:21:00,197.4,198.75,186.85,195.5,403585
2026-02-20 09:22:00,09:22:00,194.8,197.25,189.7,192.0,300430
2026-02-20 09:23:00,09:23:00,190.3,206.5,189.5,206.35,392990
2026-02-20 09:24:00,09:24:00,205.85,221.85,203.9,221.6,534235
2026-02-20 09:25:00,09:25:00,188.3,199.0,185.55,198.45,613470
2026-02-20 09:26:00,09:26:00,196.55,198.45,185.3,191.35,313755
2026-02-20 09:27:00,09:27:00,189.95,195.05,183.15,186.6,279565
2026-02-20 09:28:00,09:28:00,187.8,201.35,186.6,200.45,274235
2026-02-20 09:29:00,09:29:00,200.85,224.75,198.4,223.75,690105
2026-02-20 09:30:00,09:30:00,219.75,223.75,189.35,189.5,437580
2026-02-20 09:31:00,09:31:00,188.95,207.45,188.95,207.0,370240
2026-02-20 09:32:00,09:32:00,240.0,244.1,217.1,217.85,284505
2026-02-20 09:33:00,09:33:00,217.05,217.85,198.25,199.9,444340
2026-02-20 09:34:00,09:34:00,200.7,204.25,190.5,191.25,320255
2026-02-20 09:35:00,09:35:00,191.6,194.75,184.9,194.5,345995
2026-02-20 09:36:00,09:36:00,228.45,229.6,219.0,224.85,41990
2026-02-20 09:37:00,09:37:00,190.3,198.7,187.5,191.15,321360
2026-02-20 09:38:00,09:38:00,191.3,205.6,189.7,200.05,405210
2026-02-20 09:39:00,09:39:00,200.65,201.2,192.85,194.3,225810
2026-02-20 09:40:00,09:40:00,194.25,211.85,194.25,203.6,294190
2026-02-20 09:41:00,09:41:00,201.25,207.95,200.35,206.15,192010
2026-02-20 09:42:00,09:42:00,205.8,209.05,187.1,193.25,294320
2026-02-20 09:43:00,09:43:00,226.0,227.5,215.45,217.15,68575
2026-02-20 09:44:00,09:44:00,218.45,224.45,212.95,219.25,46475
2026-02-20 09:45:00,09:45:00,218.35,222.9,212.95,216.4,64090
2026-02-20 09:46:00,09:46:00,218.1,221.0,213.8,219.1,197600
2026-02-20 09:47:00,09:47:00,218.05,219.1,208.35,211.6,65780
2026-02-20 09:48:00,09:48:00,212.8,213.4,196.45,200.5,142090
2026-02-20 09:49:00,09:49:00,198.35,209.0,198.35,201.8,93080
2026-02-20 09:50:00,09:50:00,201.85,202.65,193.0,196.85,75140
2026-02-20 09:51:00,09:51:00,196.25,199.5,190.95,194.25,78455
2026-02-20 09:52:00,09:52:00,192.25,205.7,192.25,205.3,114140
2026-02-20 09:53:00,09:53:00,203.8,206.85,200.45,206.7,102115
2026-02-20 09:54:00,09:54:00,206.35,210.2,199.65,200.4,110305
2026-02-20 09:55:00,09:55:00,199.95,205.0,197.55,198.7,66040
2026-02-20 09:56:00,09:56:00,198.25,198.7,186.0,190.85,128310
2026-02-20 09:57:00,09:57:00,190.0,195.95,187.55,187.55,83785
2026-02-20 09:58:00,09:58:00,188.9,199.0,187.55,194.3,69485
2026-02-20 09:59:00,09:59:00,192.9,196.3,187.7,189.7,58890
2026-02-20 10:00:00,10:00:00,190.1,200.75,189.7,198.9,88725
2026-02-20 10:01:00,10:01:00,199.25,199.9,191.6,199.65,64285
2026-02-20 10:02:00,10:02:00,199.4,202.45,197.35,197.7,61750
2026-02-20 10:03:00,10:03:00,197.75,207.8,194.85,207.2,79365
2026-02-20 10:04:00,10:04:00,208.05,208.05,201.05,205.2,78585
2026-02-20 10:05:00,10:05:00,204.05,206.25,197.9,206.25,84825
2026-02-20 10:06:00,10:06:00,205.3,206.25,195.25,202.1,87555
2026-02-20 10:07:00,10:07:00,201.95,208.05,201.95,205.1,83005
2026-02-20 10:08:00,10:08:00,205.05,226.65,204.1,226.1,203450
2026-02-20 10:09:00,10:09:00,227.85,236.45,225.6,225.8,183430
2026-02-20 10:10:00,10:10:00,226.8,229.05,219.0,221.7,110955
2026-02-20 10:11:00,10:11:00,221.05,222.7,210.0,210.0,96655
2026-02-20 10:12:00,10:12:00,213.05,217.45,206.0,214.25,73255
2026-02-20 10:13:00,10:13:00,213.8,225.5,210.5,225.5,75075
2026-02-20 10:14:00,10:14:00,226.05,233.05,222.75,226.7,107770
2026-02-20 10:15:00,10:15:00,228.8,228.8,214.35,214.85,62790
2026-02-20 10:16:00,10:16:00,214.65,214.85,197.95,201.1,119535
2026-02-20 10:17:00,10:17:00,200.35,201.9,193.75,194.65,98150
2026-02-20 10:18:00,10:18:00,227.0,227.4,212.8,214.8,223860
2026-02-20 10:19:00,10:19:00,215.3,217.6,209.3,213.8,241605
2026-02-20 10:20:00,10:20:00,213.75,219.35,212.9,214.75,165815
2026-02-20 10:21:00,10:21:00,214.95,218.0,212.45,215.3,95290
2026-02-20 10:22:00,10:22:00,215.3,215.3,203.95,209.45,168935
2026-02-20 10:23:00,10:23:00,209.65,216.9,208.55,215.0,93665
2026-02-20 10:24:00,10:24:00,214.2,216.05,210.65,212.85,59865
2026-02-20 10:25:00,10:25:00,212.25,212.85,205.5,208.4,91065
2026-02-20 10:26:00,10:26:00,207.8,210.55,196.65,199.1,209755
2026-02-20 10:27:00,10:27:00,200.85,205.0,197.9,204.8,265395
2026-02-20 10:28:00,10:28:00,205.7,210.35,203.45,209.85,163280
2026-02-20 10:29:00,10:29:00,209.5,213.55,207.95,209.6,162890
2026-02-20 10:30:00,10:30:00,208.55,209.6,194.6,200.1,247845
2026-02-20 10:31:00,10:31:00,200.25,202.2,196.7,200.3,133705
2026-02-20 10:32:00,10:32:00,199.65,200.3,194.4,197.1,142090
2026-02-20 10:33:00,10:33:00,229.95,233.45,226.3,227.5,41340
2026-02-20 10:34:00,10:34:00,195.6,198.95,195.0,196.0,110825
2026-02-20 10:35:00,10:35:00,195.85,198.45,193.0,196.75,233415
2026-02-20 10:36:00,10:36:00,197.6,198.95,194.5,195.7,155285
2026-02-20 10:37:00,10:37:00,196.55,199.65,194.15,198.7,150345
2026-02-20 10:38:00,10:38:00,198.5,201.1,197.15,198.75,110760
2026-02-20 10:39:00,10:39:00,230.5,231.85,223.5,223.5,29510
2026-02-20 10:40:00,10:40:00,223.15,225.9,210.05,211.1,104910
2026-02-20 10:41:00,10:41:00,210.65,212.9,205.75,211.05,84370
2026-02-20 10:42:00,10:42:00,210.95,217.8,210.95,212.2,78585
2026-02-20 10:43:00,10:43:00,211.0,214.15,209.3,210.1,30095
2026-02-20 10:44:00,10:44:00,209.85,212.95,207.8,211.15,30290
2026-02-20 10:45:00,10:45:00,209.8,211.15,206.7,209.75,43940
2026-02-20 10:46:00,10:46:00,210.1,216.35,209.6,209.6,53300
2026-02-20 10:47:00,10:47:00,210.95,221.4,209.6,221.4,62140
2026-02-20 10:48:00,10:48:00,222.25,223.25,213.65,217.35,67340
2026-02-20 10:49:00,10:49:00,217.25,222.45,214.65,219.45,38545
2026-02-20 10:50:00,10:50:00,219.0,226.25,216.7,225.8,51870
2026-02-20 10:51:00,10:51:00,224.35,225.8,218.0,220.25,31460
2026-02-20 10:52:00,10:52:00,221.0,221.05,212.65,217.05,32500
2026-02-20 10:53:00,10:53:00,217.4,220.35,212.2,219.15,20215
2026-02-20 10:54:00,10:54:00,219.2,219.6,212.75,216.9,35620
2026-02-20 10:55:00,10:55:00,216.4,217.25,210.9,214.6,21775
2026-02-20 10:56:00,10:56:00,215.15,216.85,211.9,215.45,17160
2026-02-20 10:57:00,10:57:00,213.25,217.2,211.2,214.55,15990
2026-02-20 10:58:00,10:58:00,216.0,226.75,214.55,226.75,49725
2026-02-20 10:59:00,10:59:00,226.6,226.75,215.65,220.05,54730
2026-02-20 11:00:00,11:00:00,219.95,220.1,212.75,212.75,24180
2026-02-20 11:01:00,11:01:00,213.9,224.0,212.75,219.9,50895
2026-02-20 11:02:00,11:02:00,188.3,195.8,187.55,193.95,240175
2026-02-20 11:03:00,11:03:00,193.3,194.25,188.9,192.7,148850
2026-02-20 11:04:00,11:04:00,224.3,224.9,217.95,220.55,92365
2026-02-20 11:05:00,11:05:00,219.85,220.55,213.85,217.9,27820
2026-02-20 11:06:00,11:06:00,216.55,223.35,214.05,223.35,57460
2026-02-20 11:07:00,11:07:00,191.15,193.1,187.0,192.8,131365
2026-02-20 11:08:00,11:08:00,192.95,198.45,189.65,191.7,289445
2026-02-20 11:09:00,11:09:00,192.15,197.2,191.2,193.75,120055
2026-02-20 11:10:00,11:10:00,193.8,196.85,192.15,195.65,96200
2026-02-20 11:11:00,11:11:00,196.8,199.8,190.8,193.9,333125
2026-02-20 11:12:00,11:12:00,225.0,225.0,217.1,217.1,35490
2026-02-20 11:13:00,11:13:00,185.75,196.6,183.55,196.6,191360
2026-02-20 11:14:00,11:14:00,196.7,201.0,195.8,198.65,263705
2026-02-20 11:15:00,11:15:00,229.0,231.2,216.8,221.3,47320
2026-02-20 11:16:00,11:16:00,221.3,223.55,219.05,221.0,18395
2026-02-20 11:17:00,11:17:00,189.55,197.05,189.0,189.8,155285
2026-02-20 11:18:00,11:18:00,221.45,223.55,218.35,218.35,14235
2026-02-20 11:19:00,11:19:00,217.05,223.3,214.05,218.8,36725
2026-02-20 11:20:00,11:20:00,218.45,221.55,215.0,220.15,19175
2026-02-20 11:21:00,11:21:00,189.2,193.25,184.7,192.95,78260
2026-02-20 11:22:00,11:22:00,192.5,199.45,192.5,198.0,344500
2026-02-20 11:23:00,11:23:00,196.55,202.15,194.15,200.9,163995
2026-02-20 11:24:00,11:24:00,200.45,200.9,194.7,197.55,137670
2026-02-20 11:25:00,11:25:00,197.1,202.0,193.65,195.1,168025
2026-02-20 11:26:00,11:26:00,227.35,231.15,221.35,221.6,32500
2026-02-20 11:27:00,11:27:00,219.8,221.6,215.85,218.85,30940
2026-02-20 11:28:00,11:28:00,217.65,218.85,207.8,209.9,72865
2026-02-20 11:29:00,11:29:00,210.1,219.05,207.25,218.25,50960
2026-02-20 11:30:00,11:30:00,218.85,218.85,207.35,208.85,55445
2026-02-20 11:31:00,11:31:00,208.45,211.05,203.85,206.55,46930
2026-02-20 11:32:00,11:32:00,206.1,220.5,206.1,220.5,74945
2026-02-20 11:33:00,11:33:00,220.0,223.1,213.15,216.05,44655
2026-02-20 11:34:00,11:34:00,215.55,218.65,211.5,211.55,24310
2026-02-20 11:35:00,11:35:00,211.25,214.85,210.55,214.45,18655
2026-02-20 11:36:00,11:36:00,214.35,218.05,208.65,211.35,37895
2026-02-20 11:37:00,11:37:00,211.65,212.2,205.75,206.6,32890
2026-02-20 11:38:00,11:38:00,204.9,209.25,201.65,207.75,44460
2026-02-20 11:39:00,11:39:00,206.15,208.45,203.1,205.3,28600
2026-02-20 11:40:00,11:40:00,206.3,207.7,202.9,207.7,26650
2026-02-20 11:41:00,11:41:00,207.95,208.75,201.25,205.55,49855
2026-02-20 11:42:00,11:42:00,202.7,208.1,200.25,204.55,77480
2026-02-20 11:43:00,11:43:00,204.7,207.05,203.0,205.15,24310
2026-02-20 11:44:00,11:44:00,204.1,206.0,202.5,204.95,20345
2026-02-20 11:45:00,11:45:00,204.5,204.95,198.85,200.5,56355
2026-02-20 11:46:00,11:46:00,200.1,202.3,189.1,192.35,120575
2026-02-20 11:47:00,11:47:00,192.3,200.25,192.3,199.4,79690
2026-02-20 11:48:00,11:48:00,200.8,212.65,198.35,211.85,128700
2026-02-20 11:49:00,11:49:00,212.6,215.25,208.1,209.0,95420
2026-02-20 11:50:00,11:50:00,208.25,213.5,208.25,208.95,50505
2026-02-20 11:51:00,11:51:00,207.55,210.0,206.25,208.8,47515
2026-02-20 11:52:00,11:52:00,206.4,208.9,202.0,205.7,50895
2026-02-20 11:53:00,11:53:00,205.0,209.3,203.6,208.0,23790
2026-02-20 11:54:00,11:54:00,207.7,219.8,207.7,216.45,89310
2026-02-20 11:55:00,11:55:00,216.65,219.8,211.85,211.85,46995
2026-02-20 11:56:00,11:56:00,211.4,213.25,208.4,209.05,46930
2026-02-20 11:57:00,11:57:00,208.4,209.6,196.95,197.25,90025
2026-02-20 11:58:00,11:58:00,197.7,203.25,194.4,198.55,77480
2026-02-20 11:59:00,11:59:00,199.1,205.0,197.95,205.0,51610
2026-02-20 12:00:00,12:00:00,204.3,205.7,200.25,205.1,28405
2026-02-20 12:01:00,12:01:00,206.35,214.45,204.25,213.65,57460
2026-02-20 12:02:00,12:02:00,213.4,219.3,212.75,215.9,49270
2026-02-20 12:03:00,12:03:00,213.05,217.05,210.0,215.75,29055
2026-02-20 12:04:00,12:04:00,215.55,217.0,212.1,213.5,13260
2026-02-20 12:05:00,12:05:00,211.8,216.55,210.7,214.6,22425
2026-02-20 12:06:00,12:06:00,215.5,217.65,211.2,211.7,21840
2026-02-20 12:07:00,12:07:00,211.5,217.0,209.9,210.7,18200
2026-02-20 12:08:00,12:08:00,209.75,212.25,207.45,211.6,23270
2026-02-20 12:09:00,12:09:00,211.1,216.9,208.55,208.55,24765
2026-02-20 12:10:00,12:10:00,207.65,210.85,207.0,207.9,12350
2026-02-20 12:11:00,12:11:00,209.45,209.9,205.85,206.7,13585
2026-02-20 12:12:00,12:12:00,207.6,211.7,206.7,207.55,9295
2026-02-20 12:13:00,12:13:00,208.0,211.0,204.5,205.1,19500
2026-02-20 12:14:00,12:14:00,205.5,205.6,200.0,202.05,33540
2026-02-20 12:15:00,12:15:00,201.95,202.05,194.45,196.45,56225
2026-02-20 12:16:00,12:16:00,197.4,197.95,189.35,192.3,61230
2026-02-20 12:17:00,12:17:00,225.0,225.9,211.8,220.5,172250
2026-02-20 12:18:00,12:18:00,219.65,220.7,207.35,207.45,202995
2026-02-20 12:19:00,12:19:00,209.45,211.6,206.65,209.6,210405
2026-02-20 12:20:00,12:20:00,208.2,209.6,201.4,208.0,248560
2026-02-20 12:21:00,12:21:00,205.85,209.15,202.7,202.7,153660
2026-02-20 12:22:00,12:22:00,204.55,206.2,197.75,197.75,190125
2026-02-20 12:23:00,12:23:00,198.95,200.05,196.2,196.2,184470
2026-02-20 12:24:00,12:24:00,196.1,199.5,196.05,199.2,180830
2026-02-20 12:25:00,12:25:00,198.45,202.0,198.1,201.15,115960
2026-02-20 12:26:00,12:26:00,199.75,201.15,189.45,189.95,292890
2026-02-20 12:27:00,12:27:00,189.6,197.15,189.35,193.4,212160
2026-02-20 12:28:00,12:28:00,195.0,195.15,189.95,195.15,140335
2026-02-20 12:29:00,12:29:00,194.75,195.35,192.0,193.6,72670
2026-02-20 12:30:00,12:30:00,193.35,196.35,191.65,193.5,188630
2026-02-20 12:31:00,12:31:00,194.8,195.95,191.15,191.65,153985
2026-02-20 12:32:00,12:32:00,192.6,195.45,191.65,195.3,88660
2026-02-20 12:33:00,12:33:00,195.75,200.6,194.0,199.35,163475
2026-02-20 12:34:00,12:34:00,199.05,201.25,196.75,199.0,109005
2026-02-20 12:35:00,12:35:00,198.5,199.0,195.0,198.55,111865
2026-02-20 12:36:00,12:36:00,198.15,200.8,196.35,199.2,79755
2026-02-20 12:37:00,12:37:00,199.0,203.75,197.3,201.7,91910
2026-02-20 12:38:00,12:38:00,202.45,203.0,198.75,203.0,112190
2026-02-20 12:39:00,12:39:00,202.9,204.55,201.65,202.15,208910
2026-02-20 12:40:00,12:40:00,202.2,204.5,201.1,203.45,145405
2026-02-20 12:41:00,12:41:00,203.35,205.75,200.9,205.75,170755
2026-02-20 12:42:00,12:42:00,173.0,177.85,172.05,176.95,120510
2026-02-20 12:43:00,12:43:00,176.95,192.95,176.45,190.35,260650
2026-02-20 12:44:00,12:44:00,187.85,195.35,187.5,193.45,161460
2026-02-20 12:45:00,12:45:00,195.2,196.7,191.9,194.5,160940
2026-02-20 12:46:00,12:46:00,195.25,206.35,194.1,202.25,249470
2026-02-20 12:47:00,12:47:00,202.6,204.05,196.95,196.95,103415
2026-02-20 12:48:00,12:48:00,196.95,199.0,184.7,186.1,151515
2026-02-20 12:49:00,12:49:00,185.3,195.6,181.75,195.2,173160
2026-02-20 12:50:00,12:50:00,195.15,199.55,192.25,197.9,95160
2026-02-20 12:51:00,12:51:00,197.75,198.5,190.55,192.5,78390
2026-02-20 12:52:00,12:52:00,192.45,196.3,192.45,193.6,35165
2026-02-20 12:53:00,12:53:00,193.3,203.35,193.3,199.85,79365
2026-02-20 12:54:00,12:54:00,199.65,200.1,189.7,191.8,67860
2026-02-20 12:55:00,12:55:00,192.0,197.7,191.8,196.5,34645
2026-02-20 12:56:00,12:56:00,196.25,209.0,196.25,204.7,171600
2026-02-20 12:57:00,12:57:00,206.8,213.85,204.7,213.5,129220
2026-02-20 12:58:00,12:58:00,212.7,218.15,207.5,207.9,214175
2026-02-20 12:59:00,12:59:00,208.1,210.65,204.55,204.9,110435
2026-02-20 13:00:00,13:00:00,205.1,205.1,197.55,201.2,118170
2026-02-20 13:01:00,13:01:00,199.7,204.0,198.95,202.75,71695
2026-02-20 13:02:00,13:02:00,202.35,215.9,202.3,215.1,85670
2026-02-20 13:03:00,13:03:00,214.75,218.8,211.4,218.6,117585
2026-02-20 13:04:00,13:04:00,218.9,220.1,208.65,215.5,80275
2026-02-20 13:05:00,13:05:00,214.9,218.0,212.95,216.8,68835
2026-02-20 13:06:00,13:06:00,216.1,220.1,214.85,219.4,78390
2026-02-20 13:07:00,13:07:00,186.1,192.3,186.1,190.9,594945
2026-02-20 13:08:00,13:08:00,192.05,198.55,190.05,191.75,650975
2026-02-20 13:09:00,13:09:00,192.0,202.05,191.4,200.35,529490
2026-02-20 13:10:00,13:10:00,198.45,212.3,195.05,210.55,797290
2026-02-20 13:11:00,13:11:00,208.8,225.15,207.6,221.0,1125020
2026-02-20 13:12:00,13:12:00,218.55,224.6,215.25,219.5,548405
2026-02-20 13:13:00,13:13:00,218.55,219.5,205.15,205.9,481130
2026-02-20 13:14:00,13:14:00,204.25,209.3,200.45,208.7,438880
2026-02-20 13:15:00,13:15:00,212.3,221.9,208.7,221.9,484835
2026-02-20 13:16:00,13:16:00,220.85,222.75,210.45,210.65,379015
2026-02-20 13:17:00,13:17:00,208.85,213.35,201.95,210.25,371475
2026-02-20 13:18:00,13:18:00,210.05,217.3,208.2,215.5,263315
2026-02-20 13:19:00,13:19:00,214.35,218.0,211.0,211.0,179010
2026-02-20 13:20:00,13:20:00,211.4,215.3,206.95,215.3,159445
2026-02-20 13:21:00,13:21:00,214.4,223.1,213.1,219.85,332345
2026-02-20 13:22:00,13:22:00,219.55,219.85,208.8,210.45,294970
2026-02-20 13:23:00,13:23:00,209.65,217.25,209.65,214.5,84630
2026-02-20 13:24:00,13:24:00,214.3,214.5,205.0,208.05,168155
2026-02-20 13:25:00,13:25:00,208.0,214.5,207.2,207.2,145080
2026-02-20 13:26:00,13:26:00,206.5,209.0,199.25,208.15,270400
2026-02-20 13:27:00,13:27:00,207.6,210.3,200.3,206.55,220220
2026-02-20 13:28:00,13:28:00,206.15,206.6,193.3,198.4,331435
2026-02-20 13:29:00,13:29:00,197.95,201.45,193.8,199.3,242190
2026-02-20 13:30:00,13:30:00,232.8,234.2,220.1,229.25,63700
2026-02-20 13:31:00,13:31:00,228.55,229.25,221.95,225.85,36660
2026-02-20 13:32:00,13:32:00,226.45,227.8,221.6,224.5,36140
2026-02-20 13:33:00,13:33:00,225.2,231.1,224.5,227.3,36660
2026-02-20 13:34:00,13:34:00,228.35,229.25,217.05,217.05,117260
2026-02-20 13:35:00,13:35:00,218.85,219.9,204.35,211.55,185835
2026-02-20 13:36:00,13:36:00,213.25,226.0,211.55,226.0,251745
2026-02-20 13:37:00,13:37:00,224.9,230.85,223.1,224.35,79040
2026-02-20 13:38:00,13:38:00,225.15,229.55,220.5,226.45,46865
2026-02-20 13:39:00,13:39:00,192.85,196.6,187.5,188.55,492635
2026-02-20 13:40:00,13:40:00,191.55,195.85,188.55,195.85,194415
2026-02-20 13:41:00,13:41:00,195.7,196.9,192.05,195.7,242645
2026-02-20 13:42:00,13:42:00,195.25,207.35,194.95,199.4,648440
2026-02-20 13:43:00,13:43:00,232.4,232.85,219.2,222.0,110695
2026-02-20 13:44:00,13:44:00,189.75,192.7,185.85,192.6,176345
2026-02-20 13:45:00,13:45:00,224.85,225.25,213.6,225.25,64545
2026-02-20 13:46:00,13:46:00,224.1,229.5,223.4,224.5,47840
2026-02-20 13:47:00,13:47:00,191.45,197.0,191.2,195.75,230880
2026-02-20 13:48:00,13:48:00,229.9,232.2,222.6,223.6,37440
2026-02-20 13:49:00,13:49:00,222.95,225.5,218.9,221.7,30680
2026-02-20 13:50:00,13:50:00,221.55,222.7,218.45,219.75,22555
2026-02-20 13:51:00,13:51:00,218.4,224.9,217.55,224.05,44590
2026-02-20 13:52:00,13:52:00,190.2,193.5,188.15,191.85,134615
2026-02-20 13:53:00,13:53:00,192.6,193.85,189.5,190.7,95680
2026-02-20 13:54:00,13:54:00,189.6,198.95,189.6,198.9,204815
2026-02-20 13:55:00,13:55:00,200.35,201.5,191.2,191.65,240240
2026-02-20 13:56:00,13:56:00,224.95,229.2,219.6,220.1,34190
2026-02-20 13:57:00,13:57:00,220.95,223.7,212.15,213.35,50375
2026-02-20 13:58:00,13:58:00,213.65,213.65,201.0,206.9,93860
2026-02-20 13:59:00,13:59:00,208.45,209.05,200.65,200.65,49920
2026-02-20 14:00:00,14:00:00,202.5,207.1,199.0,202.65,89895
2026-02-20 14:01:00,14:01:00,202.05,202.65,192.4,198.95,106275
2026-02-20 14:02:00,14:02:00,198.45,208.0,198.45,207.45,95875
2026-02-20 14:03:00,14:03:00,206.85,207.45,200.0,203.7,37440
2026-02-20 14:04:00,14:04:00,203.25,209.7,199.9,209.4,31005
2026-02-20 14:05:00,14:05:00,210.3,221.9,209.4,210.85,128245
2026-02-20 14:06:00,14:06:00,210.35,211.2,205.65,207.6,46215
2026-02-20 14:07:00,14:07:00,207.4,212.45,200.4,203.25,46345
2026-02-20 14:08:00,14:08:00,202.95,207.4,200.7,205.95,33280
2026-02-20 14:09:00,14:09:00,205.25,206.25,202.75,203.5,28990
2026-02-20 14:10:00,14:10:00,203.85,205.75,200.0,205.2,41015
2026-02-20 14:11:00,14:11:00,203.95,207.35,201.6,202.05,27300
2026-02-20 14:12:00,14:12:00,202.55,206.8,201.25,202.9,22230
2026-02-20 14:13:00,14:13:00,202.9,207.65,202.45,203.15,21775
2026-02-20 14:14:00,14:14:00,203.75,204.55,200.45,201.5,31980
2026-02-20 14:15:00,14:15:00,202.05,202.05,196.4,198.9,59865
2026-02-20 14:16:00,14:16:00,198.9,198.9,190.15,194.35,115245
2026-02-20 14:17:00,14:17:00,194.4,196.1,191.15,191.15,143975
2026-02-20 14:18:00,14:18:00,219.9,226.6,218.55,221.0,313950
2026-02-20 14:19:00,14:19:00,221.8,225.0,218.65,222.2,120835
2026-02-20 14:20:00,14:20:00,189.3,193.6,187.95,190.15,109005
2026-02-20 14:21:00,14:21:00,224.75,224.8,216.6,217.15,85410
2026-02-20 14:22:00,14:22:00,185.35,191.75,184.9,189.65,87100
2026-02-20 14:23:00,14:23:00,189.7,195.6,189.65,195.1,140010
2026-02-20 14:24:00,14:24:00,195.35,199.0,192.8,195.7,231010
2026-02-20 14:25:00,14:25:00,197.0,199.1,195.65,195.65,94250
2026-02-20 14:26:00,14:26:00,195.55,202.65,194.05,200.95,187915
2026-02-20 14:27:00,14:27:00,200.9,201.6,194.7,201.4,65065
2026-02-20 14:28:00,14:28:00,201.65,207.5,200.5,202.75,147745
2026-02-20 14:29:00,14:29:00,203.0,208.5,197.5,208.5,71110
2026-02-20 14:30:00,14:30:00,208.05,212.0,201.05,203.7,104000
2026-02-20 14:31:00,14:31:00,202.95,204.55,199.15,199.75,38285
2026-02-20 14:32:00,14:32:00,198.55,204.0,196.65,198.55,87425
2026-02-20 14:33:00,14:33:00,200.15,203.5,197.5,197.5,29250
2026-02-20 14:34:00,14:34:00,198.75,203.1,195.25,197.0,37830
2026-02-20 14:35:00,14:35:00,198.25,198.55,186.75,188.5,79755
2026-02-20 14:36:00,14:36:00,188.3,196.15,185.75,191.75,59410
2026-02-20 14:37:00,14:37:00,191.7,197.5,189.8,197.5,35750
2026-02-20 14:38:00,14:38:00,198.45,202.75,196.9,201.65,65065
2026-02-20 14:39:00,14:39:00,202.1,202.1,191.5,192.8,107185
2026-02-20 14:40:00,14:40:00,192.4,193.85,186.8,192.6,59345
2026-02-20 14:41:00,14:41:00,192.3,195.85,187.6,187.6,64350
2026-02-20 14:42:00,14:42:00,187.55,192.75,187.55,188.9,34970
2026-02-20 14:43:00,14:43:00,188.45,190.5,182.8,183.4,70525
2026-02-20 14:44:00,14:44:00,218.65,218.8,203.35,212.45,265070
2026-02-20 14:45:00,14:45:00,210.75,214.25,201.85,204.5,165035
2026-02-20 14:46:00,14:46:00,205.7,206.2,199.65,201.1,174200
2026-02-20 14:47:00,14:47:00,201.6,210.0,201.1,203.2,130585
2026-02-20 14:48:00,14:48:00,203.45,204.25,194.85,195.65,143065
2026-02-20 14:49:00,14:49:00,197.1,199.65,191.45,194.55,161200
2026-02-20 14:50:00,14:50:00,194.6,210.1,194.55,209.4,314210
2026-02-20 14:51:00,14:51:00,210.0,223.2,209.4,210.45,368875
2026-02-20 14:52:00,14:52:00,210.7,216.55,207.85,208.3,108485
2026-02-20 14:53:00,14:53:00,209.5,216.55,208.3,214.6,92430
2026-02-20 14:54:00,14:54:00,213.25,216.0,206.55,207.75,94900
2026-02-20 14:55:00,14:55:00,209.45,211.7,203.25,205.6,123565
2026-02-20 14:56:00,14:56:00,205.2,212.65,205.0,207.85,64285
2026-02-20 14:57:00,14:57:00,209.6,212.5,207.7,209.95,46020
2026-02-20 14:58:00,14:58:00,210.0,211.85,206.0,207.6,54470
2026-02-20 14:59:00,14:59:00,207.15,207.6,197.0,200.0,103415
2026-02-20 15:00:00,15:00:00,168.65,181.5,168.2,181.5,157625
2026-02-20 15:01:00,15:01:00,217.35,217.75,207.3,211.8,136435
2026-02-20 15:02:00,15:02:00,179.25,195.0,175.65,194.0,213915
2026-02-20 15:03:00,15:03:00,191.6,194.4,183.45,190.0,214695
2026-02-20 15:04:00,15:04:00,192.8,205.85,190.0,202.9,254865
2026-02-20 15:05:00,15:05:00,202.4,207.25,200.6,207.25,118755
2026-02-20 15:06:00,15:06:00,210.85,219.0,207.25,214.55,205465
2026-02-20 15:07:00,15:07:00,180.9,194.0,180.85,194.0,646620
2026-02-20 15:08:00,15:08:00,226.6,228.0,213.0,217.0,167505
2026-02-20 15:09:00,15:09:00,183.1,190.95,179.35,188.15,440180
2026-02-20 15:10:00,15:10:00,188.4,194.65,188.15,194.2,485160
2026-02-20 15:11:00,15:11:00,191.85,195.0,186.95,193.0,443885
2026-02-20 15:12:00,15:12:00,193.35,195.15,188.5,189.75,340600
2026-02-20 15:13:00,15:13:00,190.05,193.2,188.4,191.3,267735
2026-02-20 15:14:00,15:14:00,191.6,192.9,183.2,189.65,357305
2026-02-20 15:15:00,15:15:00,190.45,194.05,188.7,189.75,505180
2026-02-20 15:16:00,15:16:00,190.8,190.8,183.15,187.1,243685
2026-02-20 15:17:00,15:17:00,186.6,191.95,183.4,189.2,186550
2026-02-20 15:18:00,15:18:00,188.8,194.9,188.65,192.0,220610
2026-02-20 15:19:00,15:19:00,192.35,204.6,191.3,202.3,441350
2026-02-20 15:20:00,15:20:00,206.95,213.2,202.3,204.85,637910
2026-02-20 15:21:00,15:21:00,206.0,213.7,204.85,210.25,320710
2026-02-20 15:22:00,15:22:00,210.65,211.3,164.8,191.55,589420
2026-02-20 15:23:00,15:23:00,185.05,195.3,185.05,194.95,284830
2026-02-20 15:24:00,15:24:00,193.4,196.15,181.25,181.25,221065
2026-02-20 15:25:00,15:25:00,183.0,191.75,181.25,191.5,292630
2026-02-20 15:26:00,15:26:00,192.0,198.35,191.3,196.0,264615
2026-02-20 15:27:00,15:27:00,195.45,196.5,184.8,188.85,187265
2026-02-20 15:28:00,15:28:00,189.2,191.8,175.35,175.35,222235
2026-02-20 15:29:00,15:29:00,177.5,184.0,175.35,182.0,206050
2026-02-23 09:15:00,09:15:00,65.0,65.0,42.9,53.1,4297150
2026-02-23 09:16:00,09:16:00,54.8,57.35,47.45,48.5,3414190
2026-02-23 09:17:00,09:17:00,62.8,62.8,51.0,51.1,1661140
2026-02-23 09:18:00,09:18:00,50.7,56.4,50.7,54.45,1156675
2026-02-23 09:19:00,09:19:00,54.7,55.1,49.9,50.95,976170
2026-02-23 09:20:00,09:20:00,50.35,50.95,44.65,44.65,1493765
2026-02-23 09:21:00,09:21:00,44.85,46.1,43.2,45.5,1059175
2026-02-23 09:22:00,09:22:00,45.5,47.6,44.85,46.25,626990
2026-02-23 09:23:00,09:23:00,58.6,59.45,54.9,55.25,1224795
2026-02-23 09:24:00,09:24:00,55.95,56.5,53.55,54.9,1406730
2026-02-23 09:25:00,09:25:00,55.1,55.3,51.65,51.65,1535625
2026-02-23 09:26:00,09:26:00,51.75,51.75,49.3,49.35,1848015
2026-02-23 09:27:00,09:27:00,49.45,50.4,46.65,46.65,1483755
2026-02-23 09:28:00,09:28:00,46.4,46.95,45.1,46.55,1639755
2026-02-23 09:29:00,09:29:00,46.35,48.55,45.25,45.25,1202175
2026-02-23 09:30:00,09:30:00,45.05,45.95,43.7,44.3,1591850
2026-02-23 09:31:00,09:31:00,44.55,49.05,43.9,49.05,1252095
2026-02-23 09:32:00,09:32:00,49.05,51.0,47.55,48.7,1756560
2026-02-23 09:33:00,09:33:00,48.35,50.3,47.95,49.6,1215695
2026-02-23 09:34:00,09:34:00,49.6,51.5,49.25,50.7,892385
2026-02-23 09:35:00,09:35:00,49.9,50.7,46.0,49.5,1323595
2026-02-23 09:36:00,09:36:00,49.1,50.75,48.0,48.3,780520
2026-02-23 09:37:00,09:37:00,48.35,49.3,47.15,47.15,602615
2026-02-23 09:38:00,09:38:00,46.95,49.5,45.1,49.5,1256125
2026-02-23 09:39:00,09:39:00,49.75,55.75,49.5,55.75,2217150
2026-02-23 09:40:00,09:40:00,44.5,45.45,43.1,44.95,778375
2026-02-23 09:41:00,09:41:00,56.15,57.0,51.5,51.8,1587170
2026-02-23 09:42:00,09:42:00,51.8,53.8,49.4,52.35,1313065
2026-02-23 09:43:00,09:43:00,52.45,53.6,51.2,52.35,593905
2026-02-23 09:44:00,09:44:00,52.15,54.2,50.65,53.45,705445
2026-02-23 09:45:00,09:45:00,53.3,53.45,50.05,51.35,867555
2026-02-23 09:46:00,09:46:00,51.3,55.0,50.55,55.0,961870
2026-02-23 09:47:00,09:47:00,55.3,55.3,49.35,50.35,1315535
2026-02-23 09:48:00,09:48:00,50.5,51.6,48.2,48.7,750880
2026-02-23 09:49:00,09:49:00,49.0,51.2,47.3,51.05,733720
2026-02-23 09:50:00,09:50:00,50.9,54.0,49.05,52.8,952575
2026-02-23 09:51:00,09:51:00,52.55,52.8,49.6,51.0,563485
2026-02-23 09:52:00,09:52:00,51.15,53.65,51.0,52.55,482885
2026-02-23 09:53:00,09:53:00,42.7,47.95,42.2,46.9,815880
2026-02-23 09:54:00,09:54:00,46.65,48.65,45.7,45.8,794950
2026-02-23 09:55:00,09:55:00,57.1,60.65,54.6,55.05,1825785
2026-02-23 09:56:00,09:56:00,53.8,55.05,49.25,51.45,1900470
2026-02-23 09:57:00,09:57:00,51.5,53.75,49.5,53.1,916565
2026-02-23 09:58:00,09:58:00,52.85,55.9,51.7,52.55,1074190
2026-02-23 09:59:00,09:59:00,52.45,54.6,51.3,53.05,636610
2026-02-23 10:00:00,10:00:00,42.35,44.35,41.3,43.95,324090
2026-02-23 10:01:00,10:01:00,55.4,56.05,51.55,51.9,755300
2026-02-23 10:02:00,10:02:00,52.0,54.6,50.45,52.45,649805
2026-02-23 10:03:00,10:03:00,52.25,52.95,50.75,51.85,530530
2026-02-23 10:04:00,10:04:00,52.05,53.85,51.15,52.55,803920
2026-02-23 10:05:00,10:05:00,52.3,53.6,50.9,53.45,538850
2026-02-23 10:06:00,10:06:00,53.45,55.5,51.65,53.45,1012895
2026-02-23 10:07:00,10:07:00,42.15,45.65,41.9,44.95,281255
2026-02-23 10:08:00,10:08:00,44.2,44.95,41.6,43.9,322010
2026-02-23 10:09:00,10:09:00,55.7,55.95,52.15,53.05,517985
2026-02-23 10:10:00,10:10:00,53.2,54.55,52.4,53.9,434005
2026-02-23 10:11:00,10:11:00,43.05,44.1,41.2,43.6,250965
2026-02-23 10:12:00,10:12:00,43.7,45.85,43.45,44.9,388635
2026-02-23 10:13:00,10:13:00,45.95,48.45,44.9,46.9,812175
2026-02-23 10:14:00,10:14:00,47.05,47.6,43.05,44.25,673205
2026-02-23 10:15:00,10:15:00,43.8,44.65,41.05,44.65,625430
2026-02-23 10:16:00,10:16:00,44.4,45.6,41.85,42.45,491140
2026-02-23 10:17:00,10:17:00,53.8,53.8,50.35,50.8,1186445
2026-02-23 10:18:00,10:18:00,50.55,52.6,49.05,49.35,1186185
2026-02-23 10:19:00,10:19:00,49.15,52.5,48.6,51.2,938860
2026-02-23 10:20:00,10:20:00,40.65,43.0,39.8,41.75,317720
2026-02-23 10:21:00,10:21:00,41.5,43.25,40.5,41.6,361205
2026-02-23 10:22:00,10:22:00,52.4,53.85,49.4,51.0,592150
2026-02-23 10:23:00,10:23:00,50.6,51.0,48.85,49.95,622830
2026-02-23 10:24:00,10:24:00,49.9,51.95,49.85,51.0,430300
2026-02-23 10:25:00,10:25:00,40.45,42.4,40.1,41.55,273000
2026-02-23 10:26:00,10:26:00,41.85,43.5,41.15,41.3,331370
2026-02-23 10:27:00,10:27:00,41.25,45.5,40.6,43.3,522600
2026-02-23 10:28:00,10:28:00,44.25,46.55,43.15,46.3,507780
2026-02-23 10:29:00,10:29:00,46.5,48.3,43.4,43.5,909285
2026-02-23 10:30:00,10:30:00,43.6,45.85,43.0,44.85,522210
2026-02-23 10:31:00,10:31:00,44.9,47.0,44.3,45.5,528840
2026-02-23 10:32:00,10:32:00,45.5,47.9,45.15,46.7,545805
2026-02-23 10:33:00,10:33:00,47.05,47.35,44.25,44.9,368420
2026-02-23 10:34:00,10:34:00,45.3,45.9,43.0,44.95,327860
2026-02-23 10:35:00,10:35:00,45.15,45.15,43.05,43.5,238160
2026-02-23 10:36:00,10:36:00,43.3,46.25,43.3,45.0,281970
2026-02-23 10:37:00,10:37:00,44.65,48.15,44.65,47.4,452335
2026-02-23 10:38:00,10:38:00,47.7,50.4,46.5,49.65,1118325
2026-02-23 10:39:00,10:39:00,50.1,50.1,47.75,48.75,818935
2026-02-23 10:40:00,10:40:00,48.75,54.1,48.35,54.1,732875
2026-02-23 10:41:00,10:41:00,52.15,55.7,50.8,54.15,1554865
2026-02-23 10:42:00,10:42:00,54.8,56.3,52.0,52.5,1272180
2026-02-23 10:43:00,10:43:00,41.55,46.05,40.95,45.8,1612130
2026-02-23 10:44:00,10:44:00,45.95,52.1,45.6,50.5,3355300
2026-02-23 10:45:00,10:45:00,50.45,54.5,48.15,54.5,3224455
2026-02-23 10:46:00,10:46:00,54.1,56.4,53.4,54.7,3342560
2026-02-23 10:47:00,10:47:00,55.0,55.95,49.65,49.65,2845570
2026-02-23 10:48:00,10:48:00,49.45,51.55,47.65,50.1,1839110
2026-02-23 10:49:00,10:49:00,49.15,51.75,46.5,51.65,1574755
2026-02-23 10:50:00,10:50:00,51.6,51.65,47.65,47.65,1138930
2026-02-23 10:51:00,10:51:00,47.5,47.65,43.05,43.4,2065505
2026-02-23 10:52:00,10:52:00,44.0,46.7,43.15,45.8,1081210
2026-02-23 10:53:00,10:53:00,46.3,46.45,42.0,43.6,1135355
2026-02-23 10:54:00,10:54:00,43.6,45.8,42.0,44.05,976170
2026-02-23 10:55:00,10:55:00,44.65,46.7,43.9,44.85,809900
2026-02-23 10:56:00,10:56:00,44.25,45.45,42.8,42.8,706680
2026-02-23 10:57:00,10:57:00,54.1,55.5,51.95,52.6,592735
2026-02-23 10:58:00,10:58:00,41.45,42.3,40.7,41.4,600340
2026-02-23 10:59:00,10:59:00,41.8,44.4,41.4,44.3,731705
2026-02-23 11:00:00,11:00:00,44.35,44.7,40.6,41.8,832455
2026-02-23 11:01:00,11:01:00,52.95,53.4,49.95,50.1,541255
2026-02-23 11:02:00,11:02:00,50.2,50.2,46.05,46.05,894465
2026-02-23 11:03:00,11:03:00,45.3,49.2,45.3,49.0,590330
2026-02-23 11:04:00,11:04:00,48.9,49.8,46.75,49.7,391170
2026-02-23 11:05:00,11:05:00,50.35,53.6,49.2,53.1,741780
2026-02-23 11:06:00,11:06:00,41.65,46.7,41.5,46.7,2256540
2026-02-23 11:07:00,11:07:00,46.9,49.95,44.8,45.4,2349685
2026-02-23 11:08:00,11:08:00,45.75,45.75,43.3,44.05,1417390
2026-02-23 11:09:00,11:09:00,56.2,57.3,49.45,49.9,1084590
2026-02-23 11:10:00,11:10:00,50.2,50.45,46.45,47.8,939770
2026-02-23 11:11:00,11:11:00,48.05,49.5,46.8,49.0,796835
2026-02-23 11:12:00,11:12:00,49.0,53.9,48.6,51.35,921050
2026-02-23 11:13:00,11:13:00,51.0,51.7,47.0,47.15,1067950
2026-02-23 11:14:00,11:14:00,46.55,47.3,43.5,44.35,1300585
2026-02-23 11:15:00,11:15:00,44.05,46.05,42.6,45.25,1000610
2026-02-23 11:16:00,11:16:00,45.2,45.25,43.35,43.85,354900
2026-02-23 11:17:00,11:17:00,44.0,45.75,43.85,45.65,291980
2026-02-23 11:18:00,11:18:00,45.7,50.25,45.65,50.25,625690
2026-02-23 11:19:00,11:19:00,39.15,40.8,37.65,40.35,1154985
2026-02-23 11:20:00,11:20:00,51.2,51.5,49.05,49.9,542815
2026-02-23 11:21:00,11:21:00,39.1,40.85,38.95,39.2,869895
2026-02-23 11:22:00,11:22:00,39.3,43.75,38.6,42.4,1346930
2026-02-23 11:23:00,11:23:00,42.2,44.05,41.8,43.0,1064505
2026-02-23 11:24:00,11:24:00,43.0,44.15,42.05,42.55,826280
2026-02-23 11:25:00,11:25:00,42.6,43.5,41.35,43.4,662285
2026-02-23 11:26:00,11:26:00,43.1,45.15,42.5,45.15,1084135
2026-02-23 11:27:00,11:27:00,45.2,46.0,42.85,43.25,1408875
2026-02-23 11:28:00,11:28:00,43.6,43.8,41.75,42.35,765440
2026-02-23 11:29:00,11:29:00,42.25,44.15,41.6,43.85,472550
2026-02-23 11:30:00,11:30:00,43.9,47.55,43.85,45.85,1128010
2026-02-23 11:31:00,11:31:00,45.9,46.75,43.8,45.25,888485
2026-02-23 11:32:00,11:32:00,45.25,46.2,43.5,43.5,643305
2026-02-23 11:33:00,11:33:00,43.65,45.55,43.5,44.95,606190
2026-02-23 11:34:00,11:34:00,45.45,47.2,44.0,46.9,661895
2026-02-23 11:35:00,11:35:00,47.35,48.3,45.25,45.3,1101750
2026-02-23 11:36:00,11:36:00,45.0,45.3,41.25,42.7,1215890
2026-02-23 11:37:00,11:37:00,42.1,45.2,41.9,42.8,747110
2026-02-23 11:38:00,11:38:00,43.05,43.7,42.4,43.0,413400
2026-02-23 11:39:00,11:39:00,43.4,44.3,41.8,42.25,547625
2026-02-23 11:40:00,11:40:00,42.5,44.2,41.8,44.2,562640
2026-02-23 11:41:00,11:41:00,43.85,44.35,41.8,43.15,663130
2026-02-23 11:42:00,11:42:00,43.3,43.3,41.25,41.8,359125
2026-02-23 11:43:00,11:43:00,41.7,43.95,41.5,43.1,524745
2026-02-23 11:44:00,11:44:00,43.05,43.35,40.65,40.9,635310
2026-02-23 11:45:00,11:45:00,41.15,42.8,40.2,42.1,615940
2026-02-23 11:46:00,11:46:00,42.05,43.8,41.4,42.65,522470
2026-02-23 11:47:00,11:47:00,42.9,44.3,41.8,42.35,621530
2026-02-23 11:48:00,11:48:00,42.75,48.45,42.35,47.4,1347840
2026-02-23 11:49:00,11:49:00,48.05,53.65,46.15,47.25,3208400
2026-02-23 11:50:00,11:50:00,47.3,52.55,47.25,52.55,1918995
2026-02-23 11:51:00,11:51:00,54.9,55.6,47.9,48.25,3173625
2026-02-23 11:52:00,11:52:00,47.65,50.4,46.25,48.0,1655875
2026-02-23 11:53:00,11:53:00,47.6,48.0,41.7,42.4,1918865
2026-02-23 11:54:00,11:54:00,42.25,44.3,41.0,43.55,1298765
2026-02-23 11:55:00,11:55:00,43.85,46.95,43.55,43.65,1363895
2026-02-23 11:56:00,11:56:00,43.85,44.8,41.8,44.2,989950
2026-02-23 11:57:00,11:57:00,44.15,44.7,42.4,44.7,425295
2026-02-23 11:58:00,11:58:00,44.7,46.8,43.85,46.35,706875
2026-02-23 11:59:00,11:59:00,46.55,48.0,45.7,47.0,970255
2026-02-23 12:00:00,12:00:00,46.9,47.95,45.8,47.35,738010
2026-02-23 12:01:00,12:01:00,47.5,48.0,45.6,46.0,854490
2026-02-23 12:02:00,12:02:00,45.9,46.75,41.85,42.35,1160315
2026-02-23 12:03:00,12:03:00,42.5,43.8,41.75,43.0,629460
2026-02-23 12:04:00,12:04:00,43.05,44.95,42.3,42.3,665340
2026-02-23 12:05:00,12:05:00,42.2,43.8,41.4,41.4,639600
2026-02-23 12:06:00,12:06:00,41.1,41.95,39.6,39.75,1294215
2026-02-23 12:07:00,12:07:00,40.6,41.5,38.5,38.6,877630
2026-02-23 12:08:00,12:08:00,38.9,40.2,37.65,38.8,1079065
2026-02-23 12:09:00,12:09:00,38.75,40.75,38.0,40.75,616460
2026-02-23 12:10:00,12:10:00,40.45,43.6,40.45,43.5,969345
2026-02-23 12:11:00,12:11:00,43.6,44.6,40.3,41.0,1507805
2026-02-23 12:12:00,12:12:00,40.65,41.65,38.15,38.25,878345
2026-02-23 12:13:00,12:13:00,38.5,41.35,37.65,41.35,763100
2026-02-23 12:14:00,12:14:00,41.4,42.4,40.45,40.9,663585
2026-02-23 12:15:00,12:15:00,41.05,42.2,39.25,41.45,560560
2026-02-23 12:16:00,12:16:00,41.3,41.8,38.7,39.3,555685
2026-02-23 12:17:00,12:17:00,50.85,50.85,45.6,46.35,1082705
2026-02-23 12:18:00,12:18:00,35.95,38.15,34.85,38.0,1001325
2026-02-23 12:19:00,12:19:00,38.0,38.8,36.75,37.2,756600
2026-02-23 12:20:00,12:20:00,37.2,38.4,37.15,38.05,410930
2026-02-23 12:21:00,12:21:00,38.1,39.4,36.7,37.6,621985
2026-02-23 12:22:00,12:22:00,38.0,42.15,37.6,42.1,957775
2026-02-23 12:23:00,12:23:00,42.35,43.4,40.7,42.0,1220635
2026-02-23 12:24:00,12:24:00,42.2,42.95,41.05,42.85,609505
2026-02-23 12:25:00,12:25:00,42.5,44.45,41.35,43.8,712725
2026-02-23 12:26:00,12:26:00,43.7,44.85,41.75,44.05,929305
2026-02-23 12:27:00,12:27:00,44.05,45.0,42.7,44.35,817700
2026-02-23 12:28:00,12:28:00,44.05,44.35,42.05,42.05,640445
2026-02-23 12:29:00,12:29:00,42.35,43.9,41.6,43.9,553410
2026-02-23 12:30:00,12:30:00,44.05,46.4,43.25,46.2,1151475
2026-02-23 12:31:00,12:31:00,46.7,50.35,45.5,46.55,2288065
2026-02-23 12:32:00,12:32:00,46.7,47.7,43.65,44.5,1137825
2026-02-23 12:33:00,12:33:00,44.9,45.9,43.3,45.6,807105
2026-02-23 12:34:00,12:34:00,45.75,45.75,42.3,42.55,900900
2026-02-23 12:35:00,12:35:00,42.65,43.65,41.4,43.25,768950
2026-02-23 12:36:00,12:36:00,43.15,43.25,41.6,42.15,535405
2026-02-23 12:37:00,12:37:00,42.55,42.6,40.65,41.5,622375
2026-02-23 12:38:00,12:38:00,41.6,42.4,40.95,41.85,455325
2026-02-23 12:39:00,12:39:00,42.1,42.45,38.5,39.8,1196195
2026-02-23 12:40:00,12:40:00,39.85,40.7,38.9,40.05,512460
2026-02-23 12:41:00,12:41:00,40.25,40.25,37.55,38.3,781365
2026-02-23 12:42:00,12:42:00,38.35,39.35,37.6,37.6,641615
2026-02-23 12:43:00,12:43:00,48.7,49.6,46.65,46.7,683670
2026-02-23 12:44:00,12:44:00,46.55,47.7,45.45,45.5,807885
2026-02-23 12:45:00,12:45:00,45.1,45.95,44.65,45.35,658385
2026-02-23 12:46:00,12:46:00,44.9,47.65,44.35,47.6,538200
2026-02-23 12:47:00,12:47:00,37.25,39.3,36.55,38.4,1153295
2026-02-23 12:48:00,12:48:00,38.4,38.65,36.95,37.4,662610
2026-02-23 12:49:00,12:49:00,37.7,39.55,37.4,38.9,574015
2026-02-23 12:50:00,12:50:00,38.9,40.2,37.8,39.85,868985
2026-02-23 12:51:00,12:51:00,40.25,41.65,39.85,41.6,1270295
2026-02-23 12:52:00,12:52:00,41.55,44.5,41.55,43.35,1792700
2026-02-23 12:53:00,12:53:00,43.2,44.95,41.65,44.95,1111695
2026-02-23 12:54:00,12:54:00,44.95,45.5,41.3,41.65,1260545
2026-02-23 12:55:00,12:55:00,42.15,43.8,41.15,43.65,892645
2026-02-23 12:56:00,12:56:00,43.5,44.65,42.4,44.1,646555
2026-02-23 12:57:00,12:57:00,44.2,44.5,42.3,44.4,611715
2026-02-23 12:58:00,12:58:00,44.4,46.0,43.3,45.4,624455
2026-02-23 12:59:00,12:59:00,45.5,49.05,45.3,48.1,1993550
2026-02-23 13:00:00,13:00:00,48.4,50.2,46.35,47.05,1967095
2026-02-23 13:01:00,13:01:00,47.1,48.95,46.35,47.4,903175
2026-02-23 13:02:00,13:02:00,47.45,49.4,47.25,48.6,979485
2026-02-23 13:03:00,13:03:00,48.8,50.15,46.95,48.0,1452425
2026-02-23 13:04:00,13:04:00,47.75,49.3,47.15,47.45,816985
2026-02-23 13:05:00,13:05:00,47.4,47.45,43.2,45.55,1693055
2026-02-23 13:06:00,13:06:00,45.45,45.95,44.0,44.8,780520
2026-02-23 13:07:00,13:07:00,45.15,47.0,43.7,46.6,635375
2026-02-23 13:08:00,13:08:00,46.55,46.8,43.6,43.6,620360
2026-02-23 13:09:00,13:09:00,42.95,44.45,41.95,44.4,1119430
2026-02-23 13:10:00,13:10:00,44.3,44.9,43.3,43.7,522405
2026-02-23 13:11:00,13:11:00,43.7,44.3,41.95,43.65,642460
2026-02-23 13:12:00,13:12:00,43.85,45.9,43.65,45.9,665600
2026-02-23 13:13:00,13:13:00,45.9,49.05,45.65,49.05,986440
2026-02-23 13:14:00,13:14:00,49.0,50.1,46.55,48.95,1268735
2026-02-23 13:15:00,13:15:00,49.25,50.9,48.95,50.55,1733485
2026-02-23 13:16:00,13:16:00,50.4,50.55,48.25,49.15,1359800
2026-02-23 13:17:00,13:17:00,49.1,50.6,42.7,43.1,1921010
2026-02-23 13:18:00,13:18:00,42.8,43.95,41.9,43.35,1231425
2026-02-23 13:19:00,13:19:00,43.5,44.75,41.25,44.5,993005
2026-02-23 13:20:00,13:20:00,44.25,44.5,41.5,41.85,883350
2026-02-23 13:21:00,13:21:00,42.2,43.55,41.1,42.35,682955
2026-02-23 13:22:00,13:22:00,42.3,44.1,41.7,43.9,504270
2026-02-23 13:23:00,13:23:00,44.5,44.75,41.9,42.25,774150
2026-02-23 13:24:00,13:24:00,42.35,42.35,40.0,41.4,1299610
2026-02-23 13:25:00,13:25:00,41.5,42.7,39.0,42.7,1203865
2026-02-23 13:26:00,13:26:00,42.55,42.7,39.45,39.55,678925
2026-02-23 13:27:00,13:27:00,39.45,40.8,38.75,40.7,667355
2026-02-23 13:28:00,13:28:00,40.75,40.95,38.5,39.25,683475
2026-02-23 13:29:00,13:29:00,38.8,39.25,37.0,37.6,729300
2026-02-23 13:30:00,13:30:00,49.0,50.6,48.1,48.6,765115
2026-02-23 13:31:00,13:31:00,36.85,39.4,35.65,39.4,1360255
2026-02-23 13:32:00,13:32:00,39.45,40.75,39.0,39.65,1135615
2026-02-23 13:33:00,13:33:00,39.95,42.1,39.65,41.2,1201395
2026-02-23 13:34:00,13:34:00,41.4,42.55,40.95,42.3,840775
2026-02-23 13:35:00,13:35:00,41.8,42.6,41.4,41.95,756145
2026-02-23 13:36:00,13:36:00,41.2,41.95,38.95,40.85,1241695
2026-02-23 13:37:00,13:37:00,41.0,41.15,39.35,40.7,571740
2026-02-23 13:38:00,13:38:00,40.8,41.25,38.85,39.1,674505
2026-02-23 13:39:00,13:39:00,39.3,39.7,37.85,38.85,794950
2026-02-23 13:40:00,13:40:00,38.8,40.75,38.75,40.55,703365
2026-02-23 13:41:00,13:41:00,40.9,42.1,39.75,40.0,1234090
2026-02-23 13:42:00,13:42:00,39.8,40.7,35.85,36.45,1243970
2026-02-23 13:43:00,13:43:00,36.5,36.7,34.5,35.6,1494675
2026-02-23 13:44:00,13:44:00,35.75,36.25,34.0,35.3,1090895
2026-02-23 13:45:00,13:45:00,35.3,37.3,35.2,35.75,677690
2026-02-23 13:46:00,13:46:00,35.85,35.95,34.7,35.05,642265
2026-02-23 13:47:00,13:47:00,35.1,38.8,34.8,38.35,755495
2026-02-23 13:48:00,13:48:00,38.55,38.75,37.2,37.55,912210
2026-02-23 13:49:00,13:49:00,37.3,38.85,36.5,38.1,594165
2026-02-23 13:50:00,13:50:00,38.05,38.25,36.4,36.8,515840
2026-02-23 13:51:00,13:51:00,36.9,38.0,36.7,37.6,412750
2026-02-23 13:52:00,13:52:00,37.75,38.55,37.45,38.3,540085
2026-02-23 13:53:00,13:53:00,38.2,39.2,36.65,37.5,653250
2026-02-23 13:54:00,13:54:00,37.4,39.1,36.5,38.45,466115
2026-02-23 13:55:00,13:55:00,38.6,40.05,37.45,39.15,629460
2026-02-23 13:56:00,13:56:00,39.1,39.4,37.3,39.35,648310
2026-02-23 13:57:00,13:57:00,39.45,41.6,39.35,41.55,922350
2026-02-23 13:58:00,13:58:00,41.65,42.4,40.2,40.5,1408550
2026-02-23 13:59:00,13:59:00,40.65,43.15,39.5,43.15,1025830
2026-02-23 14:00:00,14:00:00,42.8,43.15,40.6,42.2,888290
2026-02-23 14:01:00,14:01:00,42.2,44.2,41.8,44.2,1163630
2026-02-23 14:02:00,14:02:00,44.15,48.4,43.3,47.95,1601340
2026-02-23 14:03:00,14:03:00,37.3,41.15,37.2,39.95,1423110
2026-02-23 14:04:00,14:04:00,39.95,42.25,36.8,37.3,1457495
2026-02-23 14:05:00,14:05:00,37.2,39.25,35.75,38.85,760695
2026-02-23 14:06:00,14:06:00,39.2,39.4,36.5,36.5,589550
2026-02-23 14:07:00,14:07:00,47.4,47.45,42.45,44.0,2477020
2026-02-23 14:08:00,14:08:00,44.5,46.6,43.15,46.4,1120665
2026-02-23 14:09:00,14:09:00,46.75,47.85,45.7,47.2,1111045
2026-02-23 14:10:00,14:10:00,46.8,48.2,45.5,48.2,1114750
2026-02-23 14:11:00,14:11:00,36.7,38.75,36.5,38.6,539110
2026-02-23 14:12:00,14:12:00,39.15,40.1,37.15,37.5,707460
2026-02-23 14:13:00,14:13:00,48.9,49.05,45.0,45.0,1434745
2026-02-23 14:14:00,14:14:00,44.9,46.15,43.4,45.3,1052740
2026-02-23 14:15:00,14:15:00,44.3,45.3,43.3,43.6,889915
2026-02-23 14:16:00,14:16:00,33.35,36.8,32.65,36.55,591630
2026-02-23 14:17:00,14:17:00,47.55,48.3,44.75,45.1,1387620
2026-02-23 14:18:00,14:18:00,45.6,46.0,39.4,39.9,1897415
2026-02-23 14:19:00,14:19:00,40.35,42.3,39.65,40.8,1291745
2026-02-23 14:20:00,14:20:00,41.1,42.3,40.55,41.45,843440
2026-02-23 14:21:00,14:21:00,41.5,41.55,39.95,40.9,840255
2026-02-23 14:22:00,14:22:00,40.65,40.9,38.85,40.75,995280
2026-02-23 14:23:00,14:23:00,40.55,41.1,37.8,38.45,787670
2026-02-23 14:24:00,14:24:00,38.9,40.65,38.45,39.25,790920
2026-02-23 14:25:00,14:25:00,39.3,39.7,37.8,39.35,832520
2026-02-23 14:26:00,14:26:00,39.5,42.0,39.35,40.95,1207960
2026-02-23 14:27:00,14:27:00,41.15,42.25,39.25,40.0,892060
2026-02-23 14:28:00,14:28:00,39.9,40.0,35.85,35.85,1315080
2026-02-23 14:29:00,14:29:00,35.7,35.85,34.25,34.25,2248935
2026-02-23 14:30:00,14:30:00,44.0,45.1,37.5,37.6,2749695
2026-02-23 14:31:00,14:31:00,38.0,38.0,35.3,37.65,1725945
2026-02-23 14:32:00,14:32:00,37.85,39.8,37.65,39.4,1223625
2026-02-23 14:33:00,14:33:00,39.55,41.8,39.2,39.2,1867775
2026-02-23 14:34:00,14:34:00,39.35,39.6,37.45,37.6,837330
2026-02-23 14:35:00,14:35:00,37.7,38.05,35.1,37.55,1007630
2026-02-23 14:36:00,14:36:00,37.55,41.05,37.55,39.95,751075
2026-02-23 14:37:00,14:37:00,39.9,42.0,39.9,40.45,633035
2026-02-23 14:38:00,14:38:00,40.45,42.7,39.5,39.6,657215
2026-02-23 14:39:00,14:39:00,39.85,41.35,39.45,40.7,371410
2026-02-23 14:40:00,14:40:00,40.45,42.4,39.9,41.6,463320
2026-02-23 14:41:00,14:41:00,41.45,41.6,39.9,40.3,393445
2026-02-23 14:42:00,14:42:00,40.65,40.95,39.5,40.15,398060
2026-02-23 14:43:00,14:43:00,40.0,42.35,39.95,42.25,552240
2026-02-23 14:44:00,14:44:00,33.2,38.25,32.8,34.85,3028025
2026-02-23 14:45:00,14:45:00,35.35,36.0,33.15,35.15,1523340
2026-02-23 14:46:00,14:46:00,44.25,44.7,40.8,42.4,1005030
2026-02-23 14:47:00,14:47:00,42.1,42.5,40.1,41.25,571090
2026-02-23 14:48:00,14:48:00,40.9,43.15,40.2,42.7,511225
2026-02-23 14:49:00,14:49:00,42.75,43.1,38.8,39.0,794300
2026-02-23 14:50:00,14:50:00,39.45,41.65,39.0,41.5,509600
2026-02-23 14:51:00,14:51:00,41.65,42.4,40.6,41.9,454155
2026-02-23 14:52:00,14:52:00,41.9,43.85,41.7,43.85,469300
2026-02-23 14:53:00,14:53:00,44.0,45.25,43.05,44.05,759265
2026-02-23 14:54:00,14:54:00,43.7,45.3,42.4,43.6,528775
2026-02-23 14:55:00,14:55:00,43.5,44.65,42.85,44.5,423670
2026-02-23 14:56:00,14:56:00,44.55,46.0,43.65,44.25,686725
2026-02-23 14:57:00,14:57:00,44.2,44.55,41.7,43.65,706160
2026-02-23 14:58:00,14:58:00,34.35,35.8,34.3,35.5,793650
2026-02-23 14:59:00,14:59:00,35.6,36.35,34.0,35.25,917085
2026-02-23 15:00:00,15:00:00,44.25,45.2,38.4,38.4,1682525
2026-02-23 15:01:00,15:01:00,38.65,39.85,35.65,37.7,1921205
2026-02-23 15:02:00,15:02:00,37.75,37.75,32.65,33.55,1697605
2026-02-23 15:03:00,15:03:00,33.7,34.4,32.65,32.75,998400
2026-02-23 15:04:00,15:04:00,32.7,34.45,32.7,34.35,646230
2026-02-23 15:05:00,15:05:00,43.85,43.9,40.15,41.45,1875250
2026-02-23 15:06:00,15:06:00,41.35,41.85,39.55,41.85,1328600
2026-02-23 15:07:00,15:07:00,32.6,34.4,31.9,33.8,760955
2026-02-23 15:08:00,15:08:00,33.6,36.7,33.45,36.5,870025
2026-02-23 15:09:00,15:09:00,36.7,37.7,35.35,37.7,936585
2026-02-23 15:10:00,15:10:00,37.05,38.35,36.85,38.15,754000
2026-02-23 15:11:00,15:11:00,37.9,38.15,36.2,37.65,535405
2026-02-23 15:12:00,15:12:00,36.95,37.75,36.6,37.05,405665
2026-02-23 15:13:00,15:13:00,36.9,37.7,35.7,36.85,530985
2026-02-23 15:14:00,15:14:00,36.55,37.6,36.55,37.5,487695
2026-02-23 15:15:00,15:15:00,37.65,38.7,33.5,33.5,1028235
2026-02-23 15:16:00,15:16:00,33.5,35.7,33.5,35.65,550290
2026-02-23 15:17:00,15:17:00,35.85,36.55,35.35,36.45,316745
2026-02-23 15:18:00,15:18:00,36.25,36.8,35.7,36.05,300690
2026-02-23 15:19:00,15:19:00,35.75,37.5,35.7,37.5,707070
2026-02-23 15:20:00,15:20:00,37.8,38.6,37.3,38.3,787020
2026-02-23 15:21:00,15:21:00,38.3,38.3,37.3,37.8,373035
2026-02-23 15:22:00,15:22:00,37.9,40.5,37.3,40.25,1062750
2026-02-23 15:23:00,15:23:00,40.5,40.5,38.6,39.05,565825
2026-02-23 15:24:00,15:24:00,39.05,39.05,34.85,35.15,747695
2026-02-23 15:25:00,15:25:00,35.95,38.65,35.15,38.1,654680
2026-02-23 15:26:00,15:26:00,38.05,38.3,35.65,35.65,494260
2026-02-23 15:27:00,15:27:00,35.8,37.45,35.5,37.3,439725
2026-02-23 15:28:00,15:28:00,37.8,38.0,36.8,37.15,602875
2026-02-23 15:29:00,15:29:00,37.4,37.4,35.95,36.65,974090
2026-02-24 09:15:00,09:15:00,101.0,136.7,101.0,136.7,4904900
2026-02-24 09:16:00,09:16:00,133.9,136.7,116.5,123.25,3278405
2026-02-24 09:17:00,09:17:00,123.05,130.7,117.7,130.1,2900560
2026-02-24 09:18:00,09:18:00,130.75,142.75,130.0,141.7,3919370
2026-02-24 09:19:00,09:19:00,105.0,113.5,103.05,113.5,3170310
2026-02-24 09:20:00,09:20:00,112.95,114.2,106.5,111.85,3010930
2026-02-24 09:21:00,09:21:00,113.1,118.1,104.3,118.1,3241745
2026-02-24 09:22:00,09:22:00,119.55,130.6,118.1,126.3,4805775
2026-02-24 09:23:00,09:23:00,126.25,126.3,111.9,123.35,2166840
2026-02-24 09:24:00,09:24:00,122.45,124.65,117.85,120.4,1012245
2026-02-24 09:25:00,09:25:00,120.05,129.6,117.25,126.3,1614275
2026-02-24 09:26:00,09:26:00,126.9,130.95,121.15,123.1,1884220
2026-02-24 09:27:00,09:27:00,122.2,124.75,109.85,111.6,1883115
2026-02-24 09:28:00,09:28:00,111.05,123.15,111.05,121.3,1434225
2026-02-24 09:29:00,09:29:00,120.9,126.95,116.9,126.95,1241370
2026-02-24 09:30:00,09:30:00,127.45,135.45,123.35,133.2,2704520
2026-02-24 09:31:00,09:31:00,133.9,136.4,128.1,134.7,1860560
2026-02-24 09:32:00,09:32:00,99.7,111.9,98.3,111.8,8289905
2026-02-24 09:33:00,09:33:00,112.7,130.1,111.8,124.15,7624565
2026-02-24 09:34:00,09:34:00,123.85,126.45,117.35,124.45,2691195
2026-02-24 09:35:00,09:35:00,125.45,125.45,116.7,121.95,2261025
2026-02-24 09:36:00,09:36:00,121.8,121.95,109.45,113.75,2593370
2026-02-24 09:37:00,09:37:00,112.05,115.85,105.95,115.7,2042105
2026-02-24 09:38:00,09:38:00,115.85,123.7,115.3,122.55,3114540
2026-02-24 09:39:00,09:39:00,122.45,124.35,118.75,123.0,1533740
2026-02-24 09:40:00,09:40:00,123.95,124.8,118.05,119.05,1650415
2026-02-24 09:41:00,09:41:00,119.3,119.3,114.8,117.5,1266655
2026-02-24 09:42:00,09:42:00,118.05,128.0,115.8,124.55,2612415
2026-02-24 09:43:00,09:43:00,124.65,146.7,124.55,142.15,5281835
2026-02-24 09:44:00,09:44:00,141.55,143.0,127.35,127.85,2428855
2026-02-24 09:45:00,09:45:00,127.65,132.4,120.85,120.85,1671800
2026-02-24 09:46:00,09:46:00,119.1,126.75,116.2,117.95,1633190
2026-02-24 09:47:00,09:47:00,156.4,160.85,146.9,146.9,469690
2026-02-24 09:48:00,09:48:00,148.1,149.75,141.65,144.0,564200
2026-02-24 09:49:00,09:49:00,144.2,149.15,142.25,146.5,465920
2026-02-24 09:50:00,09:50:00,109.0,124.2,108.1,121.7,2889250
2026-02-24 09:51:00,09:51:00,122.25,124.95,119.7,123.7,2031510
2026-02-24 09:52:00,09:52:00,123.6,128.75,123.15,125.6,1560585
2026-02-24 09:53:00,09:53:00,126.8,130.55,119.9,121.6,1845285
2026-02-24 09:54:00,09:54:00,121.65,121.65,111.3,116.2,1407250
2026-02-24 09:55:00,09:55:00,116.75,117.7,108.5,112.85,1160965
2026-02-24 09:56:00,09:56:00,115.5,118.6,112.85,116.4,965055
2026-02-24 09:57:00,09:57:00,114.1,119.05,112.0,116.25,797420
2026-02-24 09:58:00,09:58:00,116.2,117.8,112.7,115.45,492050
2026-02-24 09:59:00,09:59:00,115.95,117.2,112.8,115.5,478465
2026-02-24 10:00:00,10:00:00,114.3,116.3,111.8,112.35,756080
2026-02-24 10:01:00,10:01:00,114.0,115.65,106.8,108.15,1173835
2026-02-24 10:02:00,10:02:00,108.7,118.2,105.75,118.2,1225380
2026-02-24 10:03:00,10:03:00,118.6,120.35,112.25,119.7,1548885
2026-02-24 10:04:00,10:04:00,119.4,119.7,112.2,112.35,713570
2026-02-24 10:05:00,10:05:00,111.4,113.0,107.0,108.9,1130220
2026-02-24 10:06:00,10:06:00,108.9,114.9,106.3,106.3,980525
2026-02-24 10:07:00,10:07:00,105.95,107.75,100.5,102.95,1600950
2026-02-24 10:08:00,10:08:00,141.35,141.35,132.3,136.8,517205
2026-02-24 10:09:00,10:09:00,100.05,111.2,99.85,110.25,1827800
2026-02-24 10:10:00,10:10:00,109.15,116.1,109.15,114.5,1829945
2026-02-24 10:11:00,10:11:00,114.95,124.6,113.75,123.0,2203240
2026-02-24 10:12:00,10:12:00,122.3,129.1,116.9,127.9,2226705
2026-02-24 10:13:00,10:13:00,128.25,136.65,127.4,136.65,2900365
2026-02-24 10:14:00,10:14:00,136.65,138.95,133.25,138.2,1767415
2026-02-24 10:15:00,10:15:00,135.9,139.3,129.15,133.45,1641185
2026-02-24 10:16:00,10:16:00,131.5,133.55,123.65,130.3,1278225
2026-02-24 10:17:00,10:17:00,131.2,146.1,130.3,145.55,3097445
2026-02-24 10:18:00,10:18:00,144.9,145.55,128.65,128.65,1773525
2026-02-24 10:19:00,10:19:00,128.2,130.6,121.35,122.85,1405040
2026-02-24 10:20:00,10:20:00,122.55,123.8,111.45,115.85,1531465
2026-02-24 10:21:00,10:21:00,116.45,121.35,114.9,120.2,1287065
2026-02-24 10:22:00,10:22:00,120.55,126.75,120.2,125.9,1116180
2026-02-24 10:23:00,10:23:00,126.1,130.35,124.5,127.05,1338805
2026-02-24 10:24:00,10:24:00,126.95,133.4,126.45,133.0,1060930
2026-02-24 10:25:00,10:25:00,132.2,133.35,126.75,130.0,1017510
2026-02-24 10:26:00,10:26:00,128.25,130.75,125.6,128.75,581880
2026-02-24 10:27:00,10:27:00,128.35,128.75,121.7,123.1,641550
2026-02-24 10:28:00,10:28:00,122.65,129.0,120.35,128.05,851175
2026-02-24 10:29:00,10:29:00,127.75,128.6,120.45,124.55,540540
2026-02-24 10:30:00,10:30:00,124.4,124.55,117.3,122.2,741065
2026-02-24 10:31:00,10:31:00,122.3,122.95,117.2,118.45,552045
2026-02-24 10:32:00,10:32:00,117.8,118.45,111.3,117.45,1357915
2026-02-24 10:33:00,10:33:00,117.25,120.8,114.75,117.7,903175
2026-02-24 10:34:00,10:34:00,117.05,121.2,115.55,117.75,532350
2026-02-24 10:35:00,10:35:00,117.55,117.85,110.6,111.2,821990
2026-02-24 10:36:00,10:36:00,110.8,114.95,109.6,111.9,944840
2026-02-24 10:37:00,10:37:00,111.35,114.6,110.25,113.5,422435
2026-02-24 10:38:00,10:38:00,112.0,113.5,110.0,112.1,531050
2026-02-24 10:39:00,10:39:00,112.0,114.4,109.0,111.4,555945
2026-02-24 10:40:00,10:40:00,111.45,118.65,111.4,118.65,903305
2026-02-24 10:41:00,10:41:00,118.85,123.85,111.85,111.9,1592695
2026-02-24 10:42:00,10:42:00,111.4,111.95,107.05,107.7,1153425
2026-02-24 10:43:00,10:43:00,107.65,111.35,104.45,109.05,965380
2026-02-24 10:44:00,10:44:00,109.05,120.05,108.3,120.05,1398800
2026-02-24 10:45:00,10:45:00,120.4,123.4,117.2,121.45,1389375
2026-02-24 10:46:00,10:46:00,121.0,123.15,118.0,123.05,924885
2026-02-24 10:47:00,10:47:00,123.5,128.35,120.95,128.35,1354340
2026-02-24 10:48:00,10:48:00,128.4,145.0,128.1,139.6,2874170
2026-02-24 10:49:00,10:49:00,100.35,105.05,100.0,105.05,1844635
2026-02-24 10:50:00,10:50:00,106.55,110.65,101.35,103.3,3351270
2026-02-24 10:51:00,10:51:00,142.3,142.55,134.4,141.65,976235
2026-02-24 10:52:00,10:52:00,101.65,110.5,101.65,110.2,2115035
2026-02-24 10:53:00,10:53:00,113.05,118.3,110.2,115.35,3198325
2026-02-24 10:54:00,10:54:00,115.45,115.8,109.45,111.45,1640600
2026-02-24 10:55:00,10:55:00,111.6,113.9,101.5,101.5,1365000
2026-02-24 10:56:00,10:56:00,102.4,109.2,100.0,109.2,1332175
2026-02-24 10:57:00,10:57:00,108.25,111.35,106.6,109.75,983320
2026-02-24 10:58:00,10:58:00,109.55,110.3,104.05,105.1,677170
2026-02-24 10:59:00,10:59:00,104.6,109.1,102.65,102.9,584805
2026-02-24 11:00:00,11:00:00,142.55,144.45,132.6,136.35,1079845
2026-02-24 11:01:00,11:01:00,134.6,136.35,129.15,130.8,760370
2026-02-24 11:02:00,11:02:00,131.0,136.45,128.05,132.4,659295
2026-02-24 11:03:00,11:03:00,133.2,134.6,127.35,132.55,504660
2026-02-24 11:04:00,11:04:00,132.4,132.95,127.75,128.15,405990
2026-02-24 11:05:00,11:05:00,128.4,135.75,128.15,135.4,676780
2026-02-24 11:06:00,11:06:00,135.0,137.0,131.2,133.0,504140
2026-02-24 11:07:00,11:07:00,133.25,133.25,122.85,125.1,639080
2026-02-24 11:08:00,11:08:00,124.45,125.1,115.4,118.55,1401140
2026-02-24 11:09:00,11:09:00,117.5,122.2,115.35,118.15,780325
2026-02-24 11:10:00,11:10:00,117.85,121.65,116.55,118.3,627445
2026-02-24 11:11:00,11:11:00,118.5,118.5,108.7,109.6,1479010
2026-02-24 11:12:00,11:12:00,109.25,109.6,102.5,103.6,1515410
2026-02-24 11:13:00,11:13:00,104.3,111.8,103.6,106.3,1180595
2026-02-24 11:14:00,11:14:00,106.1,109.85,104.5,108.6,698035
2026-02-24 11:15:00,11:15:00,109.4,114.5,105.6,106.55,1462955
2026-02-24 11:16:00,11:16:00,106.85,114.55,106.35,113.35,705250
2026-02-24 11:17:00,11:17:00,113.7,118.35,108.4,110.0,1368770
2026-02-24 11:18:00,11:18:00,108.95,112.95,104.0,104.5,853255
2026-02-24 11:19:00,11:19:00,105.0,107.6,101.0,107.6,1353820
2026-02-24 11:20:00,11:20:00,106.95,109.2,97.4,98.25,1367015
2026-02-24 11:21:00,11:21:00,99.15,102.8,97.0,102.55,1279525
2026-02-24 11:22:00,11:22:00,100.8,103.5,97.05,101.45,824265
2026-02-24 11:23:00,11:23:00,101.55,111.2,101.45,110.45,1227525
2026-02-24 11:24:00,11:24:00,110.35,110.5,105.75,108.7,989820
2026-02-24 11:25:00,11:25:00,106.95,110.65,103.85,107.7,878995
2026-02-24 11:26:00,11:26:00,107.2,107.7,99.2,103.7,1030250
2026-02-24 11:27:00,11:27:00,103.15,103.8,97.55,103.4,950755
2026-02-24 11:28:00,11:28:00,102.95,107.1,102.55,105.3,920075
2026-02-24 11:29:00,11:29:00,104.35,105.3,98.9,99.9,557440
2026-02-24 11:30:00,11:30:00,99.0,100.6,97.25,98.4,726180
2026-02-24 11:31:00,11:31:00,99.45,103.8,98.4,102.3,772460
2026-02-24 11:32:00,11:32:00,100.75,104.3,98.8,102.95,575965
2026-02-24 11:33:00,11:33:00,103.95,112.35,102.95,112.35,1211080
2026-02-24 11:34:00,11:34:00,111.1,115.95,109.35,111.95,1493115
2026-02-24 11:35:00,11:35:00,110.2,113.7,108.25,108.75,777270
2026-02-24 11:36:00,11:36:00,108.15,112.65,105.65,111.45,847600
2026-02-24 11:37:00,11:37:00,110.95,111.55,99.9,100.35,941785
2026-02-24 11:38:00,11:38:00,99.05,101.4,94.7,98.65,1296555
2026-02-24 11:39:00,11:39:00,96.8,98.85,92.8,94.1,1203995
2026-02-24 11:40:00,11:40:00,92.7,98.75,90.8,94.95,1386450
2026-02-24 11:41:00,11:41:00,93.7,103.7,92.9,102.9,1098110
2026-02-24 11:42:00,11:42:00,103.35,111.2,102.9,111.2,1586975
2026-02-24 11:43:00,11:43:00,109.0,113.7,107.5,109.95,1347125
2026-02-24 11:44:00,11:44:00,107.55,117.0,107.55,117.0,1034670
2026-02-24 11:45:00,11:45:00,117.0,120.35,112.7,120.35,1855295
2026-02-24 11:46:00,11:46:00,120.0,123.0,115.45,116.85,1743885
2026-02-24 11:47:00,11:47:00,115.8,121.8,113.45,121.4,1177865
2026-02-24 11:48:00,11:48:00,121.45,122.6,118.0,119.85,935285
2026-02-24 11:49:00,11:49:00,120.9,120.9,112.3,113.4,867295
2026-02-24 11:50:00,11:50:00,113.75,122.35,112.7,121.75,1143675
2026-02-24 11:51:00,11:51:00,121.75,121.9,115.7,118.3,651950
2026-02-24 11:52:00,11:52:00,117.75,120.3,115.15,117.05,497445
2026-02-24 11:53:00,11:53:00,116.9,120.3,113.8,115.35,706940
2026-02-24 11:54:00,11:54:00,114.75,122.15,114.25,122.15,723905
2026-02-24 11:55:00,11:55:00,121.8,124.35,119.0,123.0,1166685
2026-02-24 11:56:00,11:56:00,121.75,123.55,118.0,122.6,851110
2026-02-24 11:57:00,11:57:00,122.35,124.4,118.05,123.9,649415
2026-02-24 11:58:00,11:58:00,124.15,132.55,121.5,132.25,1213615
2026-02-24 11:59:00,11:59:00,91.75,100.4,88.9,100.0,4373005
2026-02-24 12:00:00,12:00:00,100.3,101.2,97.0,99.6,2566135
2026-02-24 12:01:00,12:01:00,100.05,106.6,99.6,103.4,2506920
2026-02-24 12:02:00,12:02:00,104.3,106.1,98.95,103.25,1297140
2026-02-24 12:03:00,12:03:00,103.2,109.85,103.2,105.0,2014805
2026-02-24 12:04:00,12:04:00,105.25,106.9,101.1,101.7,1170260
2026-02-24 12:05:00,12:05:00,101.45,101.7,87.8,87.8,1880125
2026-02-24 12:06:00,12:06:00,89.95,94.75,87.8,91.75,1222910
2026-02-24 12:07:00,12:07:00,90.55,95.55,89.25,93.1,853775
2026-02-24 12:08:00,12:08:00,93.15,99.5,93.1,99.5,894075
2026-02-24 12:09:00,12:09:00,100.6,106.6,98.8,102.8,1743950
2026-02-24 12:10:00,12:10:00,102.05,105.25,99.8,102.85,1064310
2026-02-24 12:11:00,12:11:00,103.25,111.25,100.05,110.5,1979965
2026-02-24 12:12:00,12:12:00,111.15,114.85,104.9,106.15,2204605
2026-02-24 12:13:00,12:13:00,105.8,106.15,93.6,96.0,1502540
2026-02-24 12:14:00,12:14:00,96.15,100.15,93.1,99.85,907985
2026-02-24 12:15:00,12:15:00,100.75,105.4,99.85,104.15,1049750
2026-02-24 12:16:00,12:16:00,103.8,106.75,102.2,104.5,811980
2026-02-24 12:17:00,12:17:00,104.95,108.0,103.6,103.75,670020
2026-02-24 12:18:00,12:18:00,103.85,106.55,103.15,103.35,448045
2026-02-24 12:19:00,12:19:00,104.45,107.95,103.35,106.75,978705
2026-02-24 12:20:00,12:20:00,107.1,125.7,106.75,122.9,2787330
2026-02-24 12:21:00,12:21:00,123.75,125.65,114.85,119.2,2210845
2026-02-24 12:22:00,12:22:00,120.25,123.9,119.2,122.9,957840
2026-02-24 12:23:00,12:23:00,122.95,137.4,122.7,137.25,1757340
2026-02-24 12:24:00,12:24:00,93.15,99.65,91.85,95.55,6965920
2026-02-24 12:25:00,12:25:00,139.15,139.35,126.6,129.5,1190605
2026-02-24 12:26:00,12:26:00,87.2,90.65,87.0,90.1,2200315
2026-02-24 12:27:00,12:27:00,89.45,96.2,89.45,93.55,3233880
2026-02-24 12:28:00,12:28:00,136.15,136.8,128.7,130.05,548600
2026-02-24 12:29:00,12:29:00,129.6,130.05,123.45,129.5,851240
2026-02-24 12:30:00,12:30:00,130.0,131.4,124.8,127.6,451685
2026-02-24 12:31:00,12:31:00,128.25,132.75,127.6,128.95,438360
2026-02-24 12:32:00,12:32:00,129.2,130.0,124.7,129.45,321425
2026-02-24 12:33:00,12:33:00,87.2,93.75,86.6,90.7,2800005
2026-02-24 12:34:00,12:34:00,132.3,134.65,128.0,129.6,392535
2026-02-24 12:35:00,12:35:00,129.5,129.6,123.0,125.3,385385
2026-02-24 12:36:00,12:36:00,124.9,129.0,120.0,128.1,605800
2026-02-24 12:37:00,12:37:00,128.5,128.65,122.2,125.8,290745
2026-02-24 12:38:00,12:38:00,125.4,127.35,122.8,124.75,208975
2026-02-24 12:39:00,12:39:00,124.05,130.35,123.7,130.25,372450
2026-02-24 12:40:00,12:40:00,130.75,131.4,125.5,129.1,378625
2026-02-24 12:41:00,12:41:00,87.0,89.0,86.25,88.35,1285635
2026-02-24 12:42:00,12:42:00,88.5,91.3,88.0,89.35,2199535
2026-02-24 12:43:00,12:43:00,89.1,92.0,87.8,91.65,1153165
2026-02-24 12:44:00,12:44:00,93.25,94.35,88.2,92.75,2241525
2026-02-24 12:45:00,12:45:00,92.0,95.7,90.15,95.4,2975375
2026-02-24 12:46:00,12:46:00,96.0,108.3,93.0,107.9,5084560
2026-02-24 12:47:00,12:47:00,106.7,117.85,104.95,111.85,5842720
2026-02-24 12:48:00,12:48:00,113.1,113.5,105.8,111.4,2358330
2026-02-24 12:49:00,12:49:00,111.5,112.95,107.35,111.05,1587365
2026-02-24 12:50:00,12:50:00,111.05,118.3,109.35,110.35,2673450
2026-02-24 12:51:00,12:51:00,111.8,112.7,104.85,109.3,1688115
2026-02-24 12:52:00,12:52:00,109.8,112.0,106.0,108.85,1123720
2026-02-24 12:53:00,12:53:00,109.1,111.5,106.8,111.0,1104870
2026-02-24 12:54:00,12:54:00,111.15,111.25,102.3,102.3,1310985
2026-02-24 12:55:00,12:55:00,102.75,104.05,97.15,101.4,2310620
2026-02-24 12:56:00,12:56:00,100.45,103.55,99.6,99.7,804115
2026-02-24 12:57:00,12:57:00,99.5,104.9,98.0,102.8,1069445
2026-02-24 12:58:00,12:58:00,102.2,108.6,101.85,108.15,1312935
2026-02-24 12:59:00,12:59:00,107.45,108.5,97.35,100.85,1426230
2026-02-24 13:00:00,13:00:00,100.2,107.2,100.1,101.85,1146990
2026-02-24 13:01:00,13:01:00,101.6,104.35,96.15,97.8,1196845
2026-02-24 13:02:00,13:02:00,97.5,101.65,94.0,94.5,1049360
2026-02-24 13:03:00,13:03:00,94.5,95.0,86.3,88.55,2144090
2026-02-24 13:04:00,13:04:00,87.65,88.55,84.1,84.9,1475955
2026-02-24 13:05:00,13:05:00,86.85,91.55,84.9,89.95,1531855
2026-02-24 13:06:00,13:06:00,89.7,90.9,86.5,89.3,1182935
2026-02-24 13:07:00,13:07:00,88.5,93.7,88.5,91.95,1133275
2026-02-24 13:08:00,13:08:00,91.55,92.15,82.95,86.0,1638325
2026-02-24 13:09:00,13:09:00,86.15,87.35,83.25,86.65,743795
2026-02-24 13:10:00,13:10:00,85.95,90.8,85.95,89.15,970385
2026-02-24 13:11:00,13:11:00,88.65,89.8,82.0,85.95,1160575
2026-02-24 13:12:00,13:12:00,128.45,128.45,121.3,121.65,449345
2026-02-24 13:13:00,13:13:00,122.6,128.5,118.35,126.25,995930
2026-02-24 13:14:00,13:14:00,83.7,87.85,81.0,87.5,1328340
2026-02-24 13:15:00,13:15:00,87.85,93.75,86.7,90.45,2873845
2026-02-24 13:16:00,13:16:00,89.8,92.4,87.9,89.0,1353820
2026-02-24 13:17:00,13:17:00,87.9,92.05,87.3,88.45,1197755
2026-02-24 13:18:00,13:18:00,87.6,88.45,78.4,84.1,2230150
2026-02-24 13:19:00,13:19:00,84.65,87.0,78.85,81.55,1378000
2026-02-24 13:20:00,13:20:00,80.6,87.45,79.05,87.15,1193270
2026-02-24 13:21:00,13:21:00,87.0,89.8,85.45,88.95,1386060
2026-02-24 13:22:00,13:22:00,89.0,92.15,86.05,87.75,1797705
2026-02-24 13:23:00,13:23:00,88.55,95.5,87.75,95.45,1977885
2026-02-24 13:24:00,13:24:00,95.7,106.75,95.4,106.7,3306810
2026-02-24 13:25:00,13:25:00,108.65,111.65,104.4,105.4,3174470
2026-02-24 13:26:00,13:26:00,103.95,105.4,97.55,98.8,1847755
2026-02-24 13:27:00,13:27:00,98.7,100.95,91.65,92.1,1474070
2026-02-24 13:28:00,13:28:00,90.1,103.0,90.1,103.0,2143310
2026-02-24 13:29:00,13:29:00,102.65,124.8,102.65,124.8,4507815
2026-02-24 13:30:00,13:30:00,80.65,98.7,79.65,98.7,7840430
2026-02-24 13:31:00,13:31:00,99.6,108.3,98.1,106.75,4938960
2026-02-24 13:32:00,13:32:00,106.0,118.3,104.15,118.05,3794245
2026-02-24 13:33:00,13:33:00,120.55,120.55,109.35,110.5,2780245
2026-02-24 13:34:00,13:34:00,111.55,116.7,101.1,112.7,2214550
2026-02-24 13:35:00,13:35:00,113.0,117.15,110.1,110.25,1393795
2026-02-24 13:36:00,13:36:00,110.35,119.5,109.4,116.35,1773915
2026-02-24 13:37:00,13:37:00,116.45,116.45,99.35,99.35,1407120
2026-02-24 13:38:00,13:38:00,101.05,102.4,85.6,87.0,2117115
2026-02-24 13:39:00,13:39:00,128.55,130.15,115.35,119.1,2013765
2026-02-24 13:40:00,13:40:00,77.35,89.45,77.1,87.25,2195830
2026-02-24 13:41:00,13:41:00,87.6,96.4,85.4,93.35,1967810
2026-02-24 13:42:00,13:42:00,93.5,95.4,86.6,89.25,1448200
2026-02-24 13:43:00,13:43:00,89.5,96.55,89.2,92.15,1023945
2026-02-24 13:44:00,13:44:00,90.6,92.15,86.75,89.65,938730
2026-02-24 13:45:00,13:45:00,91.05,92.9,79.95,84.75,1650480
2026-02-24 13:46:00,13:46:00,85.85,90.3,84.75,88.5,914030
2026-02-24 13:47:00,13:47:00,88.2,92.1,86.0,91.25,751985
2026-02-24 13:48:00,13:48:00,90.65,95.05,88.8,91.85,1096290
2026-02-24 13:49:00,13:49:00,91.0,95.4,90.05,93.0,714090
2026-02-24 13:50:00,13:50:00,93.8,96.3,91.8,94.7,849290
2026-02-24 13:51:00,13:51:00,94.65,97.9,87.5,90.7,1165450
2026-02-24 13:52:00,13:52:00,89.35,91.65,85.95,85.95,479310
2026-02-24 13:53:00,13:53:00,87.45,89.9,81.05,84.2,1271400
2026-02-24 13:54:00,13:54:00,83.7,87.8,78.25,80.8,1012310
2026-02-24 13:55:00,13:55:00,123.0,123.1,98.1,102.65,2404025
2026-02-24 13:56:00,13:56:00,102.1,104.05,94.05,97.2,1753050
2026-02-24 13:57:00,13:57:00,98.65,99.25,92.0,93.65,1488240
2026-02-24 13:58:00,13:58:00,92.75,100.35,91.4,99.05,1370525
2026-02-24 13:59:00,13:59:00,99.4,100.4,91.2,97.15,1105715
2026-02-24 14:00:00,14:00:00,95.5,100.7,93.55,96.6,1104415
2026-02-24 14:01:00,14:01:00,97.05,123.6,94.65,117.0,2722330
2026-02-24 14:02:00,14:02:00,114.4,117.0,97.8,104.95,1741935
2026-02-24 14:03:00,14:03:00,104.0,112.45,100.7,110.35,1328665
2026-02-24 14:04:00,14:04:00,110.85,120.65,110.0,117.0,1687010
2026-02-24 14:05:00,14:05:00,118.3,124.55,113.8,118.75,1568645
2026-02-24 14:06:00,14:06:00,119.2,124.9,114.15,115.6,1159665
2026-02-24 14:07:00,14:07:00,115.35,115.6,98.15,99.6,1919125
2026-02-24 14:08:00,14:08:00,99.1,103.7,97.9,101.8,863915
2026-02-24 14:09:00,14:09:00,101.65,101.8,92.4,94.5,1272635
2026-02-24 14:10:00,14:10:00,94.8,98.85,92.15,92.75,941395
2026-02-24 14:11:00,14:11:00,134.85,140.35,118.2,120.5,724490
2026-02-24 14:12:00,14:12:00,120.0,125.75,114.8,116.45,512200
2026-02-24 14:13:00,14:13:00,116.15,124.9,114.35,123.4,474175
2026-02-24 14:14:00,14:14:00,122.9,123.4,107.4,114.45,838175
2026-02-24 14:15:00,14:15:00,113.4,120.5,112.75,116.25,740545
2026-02-24 14:16:00,14:16:00,113.3,120.35,110.65,120.35,753675
2026-02-24 14:17:00,14:17:00,123.95,137.9,116.6,116.6,1206465
2026-02-24 14:18:00,14:18:00,116.05,125.3,115.75,118.75,505310
2026-02-24 14:19:00,14:19:00,117.35,129.0,116.2,126.75,446615
2026-02-24 14:20:00,14:20:00,127.15,130.35,121.2,128.0,662610
2026-02-24 14:21:00,14:21:00,128.0,128.4,119.65,126.35,396695
2026-02-24 14:22:00,14:22:00,125.25,129.55,120.3,123.5,487890
2026-02-24 14:23:00,14:23:00,78.85,97.9,77.85,97.7,4394585
2026-02-24 14:24:00,14:24:00,98.75,110.2,92.65,92.65,4458675
2026-02-24 14:25:00,14:25:00,93.15,97.25,84.8,86.25,2398565
2026-02-24 14:26:00,14:26:00,85.3,95.1,85.05,85.15,1652495
2026-02-24 14:27:00,14:27:00,85.1,93.0,85.1,87.45,1045265
2026-02-24 14:28:00,14:28:00,85.65,87.5,77.45,87.5,2064855
2026-02-24 14:29:00,14:29:00,87.5,95.95,81.95,92.45,1633190
2026-02-24 14:30:00,14:30:00,92.25,105.0,92.25,100.85,2341560
2026-02-24 14:31:00,14:31:00,100.7,100.85,85.3,91.85,1982890
2026-02-24 14:32:00,14:32:00,91.5,99.7,87.6,98.35,1592760
2026-02-24 14:33:00,14:33:00,99.4,109.7,95.2,109.7,2134730
2026-02-24 14:34:00,14:34:00,111.3,115.45,103.25,107.5,2306590
2026-02-24 14:35:00,14:35:00,107.75,107.85,92.45,99.15,1551160
2026-02-24 14:36:00,14:36:00,99.7,102.2,89.45,92.7,1433900
2026-02-24 14:37:00,14:37:00,91.95,96.5,87.6,89.65,1253850
2026-02-24 14:38:00,14:38:00,88.8,91.15,68.25,77.5,3440580
2026-02-24 14:39:00,14:39:00,78.0,89.8,73.75,86.7,2344095
2026-02-24 14:40:00,14:40:00,89.75,89.75,82.0,86.1,1863550
2026-02-24 14:41:00,14:41:00,83.7,88.7,75.3,87.8,2310945
2026-02-24 14:42:00,14:42:00,88.1,90.15,82.35,87.55,1724190
2026-02-24 14:43:00,14:43:00,87.1,101.35,85.95,101.3,3215615
2026-02-24 14:44:00,14:44:00,103.05,114.55,97.05,114.55,3450395
2026-02-24 14:45:00,14:45:00,67.85,79.9,63.35,79.4,7634640
2026-02-24 14:46:00,14:46:00,129.85,131.25,104.6,112.85,3131505
2026-02-24 14:47:00,14:47:00,110.4,115.8,109.25,110.25,1100125
2026-02-24 14:48:00,14:48:00,112.1,118.0,109.8,118.0,1148095
2026-02-24 14:49:00,14:49:00,118.2,124.6,102.1,102.25,1997775
2026-02-24 14:50:00,14:50:00,99.75,102.25,82.4,86.95,2276170
2026-02-24 14:51:00,14:51:00,85.15,91.55,78.4,79.55,2051660
2026-02-24 14:52:00,14:52:00,80.9,84.55,74.35,82.6,1883050
2026-02-24 14:53:00,14:53:00,82.35,92.35,79.35,90.8,1973400
2026-02-24 14:54:00,14:54:00,93.4,94.6,77.05,85.5,2276300
2026-02-24 14:55:00,14:55:00,84.45,92.65,78.1,86.1,2355860
2026-02-24 14:56:00,14:56:00,85.4,86.4,76.8,81.3,2261675
2026-02-24 14:57:00,14:57:00,80.85,92.1,80.35,86.45,2486185
2026-02-24 14:58:00,14:58:00,86.05,86.45,71.45,71.45,2297490
2026-02-24 14:59:00,14:59:00,115.45,125.25,108.5,118.55,606645
2026-02-24 15:00:00,15:00:00,115.5,123.25,93.15,123.1,1379690
2026-02-24 15:01:00,15:01:00,73.4,77.45,67.35,75.05,4893655
2026-02-24 15:02:00,15:02:00,76.75,95.35,75.05,90.4,6351345
2026-02-24 15:03:00,15:03:00,88.75,95.0,86.4,93.1,2264015
2026-02-24 15:04:00,15:04:00,92.35,96.0,86.1,94.0,2320890
2026-02-24 15:05:00,15:05:00,93.25,100.0,83.05,89.15,2866240
2026-02-24 15:06:00,15:06:00,89.4,90.75,78.5,87.85,2391220
2026-02-24 15:07:00,15:07:00,85.8,94.0,84.5,88.9,2066935
2026-02-24 15:08:00,15:08:00,89.5,94.5,85.7,90.2,1181765
2026-02-24 15:09:00,15:09:00,89.95,92.0,83.35,88.9,1058525
2026-02-24 15:10:00,15:10:00,90.75,90.75,85.0,86.55,750035
2026-02-24 15:11:00,15:11:00,85.8,86.8,82.55,83.45,1315015
2026-02-24 15:12:00,15:12:00,83.25,84.7,81.2,83.5,1284595
2026-02-24 15:13:00,15:13:00,84.65,84.75,77.6,80.0,1586325
2026-02-24 15:14:00,15:14:00,79.8,81.0,76.2,78.65,1737320
2026-02-24 15:15:00,15:15:00,79.55,83.0,78.65,81.55,1379365
2026-02-24 15:16:00,15:16:00,81.35,82.9,80.45,80.95,670930
2026-02-24 15:17:00,15:17:00,130.65,131.05,127.15,127.8,146965
2026-02-24 15:18:00,15:18:00,128.4,129.0,123.05,123.1,273455
2026-02-24 15:19:00,15:19:00,123.6,124.95,120.95,123.1,214825
2026-02-24 15:20:00,15:20:00,123.6,125.2,121.75,122.3,214630
2026-02-24 15:21:00,15:21:00,122.35,125.7,122.25,125.45,223925
2026-02-24 15:22:00,15:22:00,125.85,125.85,123.6,125.55,124085
2026-02-24 15:23:00,15:23:00,125.05,125.6,124.25,124.45,72800
2026-02-24 15:24:00,15:24:00,124.65,125.0,122.8,123.0,117260
2026-02-24 15:25:00,15:25:00,123.35,124.45,123.0,124.05,108225
2026-02-24 15:26:00,15:26:00,124.2,124.75,123.65,124.45,113620
2026-02-24 15:27:00,15:27:00,124.55,125.15,123.6,124.2,129220
2026-02-24 15:28:00,15:28:00,124.2,124.9,123.95,124.8,119405
2026-02-24 15:29:00,15:29:00,124.45,125.15,124.45,125.1,148005
