datetime,time,open,high,low,close,volume
2026-04-10 09:15:00,09:15:00,331.85,333.05,306.2,322.45,28275
2026-04-10 09:16:00,09:16:00,320.2,322.45,283.0,285.65,36140
2026-04-10 09:17:00,09:17:00,286.2,288.8,280.5,286.85,39195
2026-04-10 09:18:00,09:18:00,283.3,289.75,276.4,284.4,31525
2026-04-10 09:19:00,09:19:00,283.8,284.4,269.05,270.35,24310
2026-04-10 09:20:00,09:20:00,270.25,277.65,264.0,269.9,42445
2026-04-10 09:21:00,09:21:00,270.1,275.9,269.05,274.9,28665
2026-04-10 09:22:00,09:22:00,274.8,276.9,269.55,275.85,13325
2026-04-10 09:23:00,09:23:00,274.15,282.0,271.25,281.05,27365
2026-04-10 09:24:00,09:24:00,283.0,294.0,280.15,291.25,34710
2026-04-10 09:25:00,09:25:00,289.0,291.25,274.9,277.9,38155
2026-04-10 09:26:00,09:26:00,279.25,300.0,277.9,300.0,46865
2026-04-10 09:27:00,09:27:00,300.9,307.5,297.2,299.2,46475
2026-04-10 09:28:00,09:28:00,297.0,302.9,285.05,287.2,20475
2026-04-10 09:29:00,09:29:00,289.0,294.95,282.1,282.1,19565
2026-04-10 09:30:00,09:30:00,279.0,283.2,274.65,277.05,33345
2026-04-10 09:31:00,09:31:00,275.35,288.6,274.6,286.85,22815
2026-04-10 09:32:00,09:32:00,289.15,294.55,276.9,276.9,23335
2026-04-10 09:33:00,09:33:00,277.4,281.25,269.7,273.8,18850
2026-04-10 09:34:00,09:34:00,273.7,282.4,270.0,282.4,29510
2026-04-10 09:35:00,09:35:00,282.4,292.65,280.0,290.35,48295
2026-04-10 09:36:00,09:36:00,291.85,295.8,286.9,288.75,34060
2026-04-10 09:37:00,09:37:00,289.35,290.2,283.1,284.75,12415
2026-04-10 09:38:00,09:38:00,282.0,289.65,276.0,287.2,13780
2026-04-10 09:39:00,09:39:00,287.3,290.9,278.75,283.2,15275
2026-04-10 09:40:00,09:40:00,282.45,283.7,279.0,282.75,6240
2026-04-10 09:41:00,09:41:00,280.95,286.65,274.5,282.0,18655
2026-04-10 09:42:00,09:42:00,281.15,282.0,274.35,274.95,25935
2026-04-10 09:43:00,09:43:00,275.7,275.7,267.9,271.1,27300
2026-04-10 09:44:00,09:44:00,270.7,279.85,270.25,275.6,14625
2026-04-10 09:45:00,09:45:00,274.5,279.0,271.7,274.7,13325
2026-04-10 09:46:00,09:46:00,271.75,274.7,259.35,259.35,34840
2026-04-10 09:47:00,09:47:00,258.95,263.85,252.0,253.65,38090
2026-04-10 09:48:00,09:48:00,253.6,256.4,245.0,256.4,46280
2026-04-10 09:49:00,09:49:00,256.85,263.35,256.0,256.0,40885
2026-04-10 09:50:00,09:50:00,254.1,256.0,250.55,252.55,20150
2026-04-10 09:51:00,09:51:00,251.6,256.35,251.6,254.55,24245
2026-04-10 09:52:00,09:52:00,254.6,257.85,252.5,252.5,23270
2026-04-10 09:53:00,09:53:00,251.0,253.3,248.9,248.9,25675
2026-04-10 09:54:00,09:54:00,248.3,251.0,246.0,247.65,16120
2026-04-10 09:55:00,09:55:00,246.3,251.25,243.3,251.25,28860
2026-04-10 09:56:00,09:56:00,250.75,251.35,247.9,249.5,17290
2026-04-10 09:57:00,09:57:00,248.5,249.5,244.4,247.2,11765
2026-04-10 09:58:00,09:58:00,246.0,248.3,242.6,245.65,14170
2026-04-10 09:59:00,09:59:00,245.0,247.95,244.35,247.95,10465
2026-04-10 10:00:00,10:00:00,246.05,247.95,241.6,245.35,46540
2026-04-10 10:01:00,10:01:00,243.9,246.85,240.1,240.65,22035
2026-04-10 10:02:00,10:02:00,240.2,251.4,240.2,250.6,42965
2026-04-10 10:03:00,10:03:00,249.0,252.7,248.0,252.7,43420
2026-04-10 10:04:00,10:04:00,254.1,257.3,252.7,257.0,35880
2026-04-10 10:05:00,10:05:00,257.05,282.65,256.3,277.8,113880
2026-04-10 10:06:00,10:06:00,277.9,277.9,271.1,276.1,49400
2026-04-10 10:07:00,10:07:00,277.2,280.0,274.05,276.85,38285
2026-04-10 10:08:00,10:08:00,273.3,281.25,271.7,274.95,39260
2026-04-10 10:09:00,10:09:00,274.75,275.05,260.25,264.2,40690
2026-04-10 10:10:00,10:10:00,262.9,265.7,255.95,256.9,26715
2026-04-10 10:11:00,10:11:00,255.55,257.4,252.25,255.65,14755
2026-04-10 10:12:00,10:12:00,255.45,255.65,250.0,252.65,15730
2026-04-10 10:13:00,10:13:00,253.0,253.0,242.9,244.45,39845
2026-04-10 10:14:00,10:14:00,244.3,248.1,239.85,240.5,26975
2026-04-10 10:15:00,10:15:00,237.25,240.5,233.1,233.1,72020
2026-04-10 10:16:00,10:16:00,233.95,236.35,228.0,229.0,67015
2026-04-10 10:17:00,10:17:00,230.0,234.1,226.75,230.35,41990
2026-04-10 10:18:00,10:18:00,229.45,232.3,228.0,229.0,21840
2026-04-10 10:19:00,10:19:00,229.4,231.35,225.0,225.7,26520
2026-04-10 10:20:00,10:20:00,225.6,226.5,221.95,225.4,47255
2026-04-10 10:21:00,10:21:00,224.5,226.55,221.0,225.55,27560
2026-04-10 10:22:00,10:22:00,223.9,225.55,221.85,225.0,31980
2026-04-10 10:23:00,10:23:00,224.75,228.5,221.0,221.0,34645
2026-04-10 10:24:00,10:24:00,220.95,223.6,219.05,219.7,33150
2026-04-10 10:25:00,10:25:00,220.1,220.3,213.55,215.75,63700
2026-04-10 10:26:00,10:26:00,215.05,220.9,213.0,220.9,50245
2026-04-10 10:27:00,10:27:00,220.2,227.0,220.2,227.0,70330
2026-04-10 10:28:00,10:28:00,227.05,231.35,225.85,230.0,92170
2026-04-10 10:29:00,10:29:00,230.45,231.45,225.8,225.8,50960
2026-04-10 10:30:00,10:30:00,225.8,225.85,219.9,221.4,44590
2026-04-10 10:31:00,10:31:00,221.6,225.9,218.5,225.75,36400
2026-04-10 10:32:00,10:32:00,225.5,229.9,224.0,225.8,30875
2026-04-10 10:33:00,10:33:00,226.05,232.2,225.55,231.75,48425
2026-04-10 10:34:00,10:34:00,231.8,231.8,221.55,221.55,44525
2026-04-10 10:35:00,10:35:00,221.15,226.05,218.6,226.05,34775
2026-04-10 10:36:00,10:36:00,226.1,226.3,221.35,224.3,27885
2026-04-10 10:37:00,10:37:00,225.4,229.4,224.25,226.45,25870
2026-04-10 10:38:00,10:38:00,225.95,230.0,225.75,229.95,34190
2026-04-10 10:39:00,10:39:00,229.75,230.0,227.2,228.4,22230
2026-04-10 10:40:00,10:40:00,227.7,228.4,222.85,225.0,28860
2026-04-10 10:41:00,10:41:00,224.5,230.3,223.8,228.6,27690
2026-04-10 10:42:00,10:42:00,228.7,229.0,227.0,227.65,7930
2026-04-10 10:43:00,10:43:00,227.8,230.0,225.4,230.0,13325
2026-04-10 10:44:00,10:44:00,229.65,231.5,228.8,231.5,30810
2026-04-10 10:45:00,10:45:00,231.5,236.85,231.0,234.8,86775
2026-04-10 10:46:00,10:46:00,234.35,238.0,228.6,237.75,51545
2026-04-10 10:47:00,10:47:00,237.85,237.9,230.15,230.15,28210
2026-04-10 10:48:00,10:48:00,229.25,237.8,228.05,236.95,31785
2026-04-10 10:49:00,10:49:00,237.2,238.3,235.4,237.8,23010
2026-04-10 10:50:00,10:50:00,238.15,239.95,235.4,239.25,30940
2026-04-10 10:51:00,10:51:00,238.85,240.2,236.6,238.25,18135
2026-04-10 10:52:00,10:52:00,238.95,240.9,238.25,239.2,26260
2026-04-10 10:53:00,10:53:00,238.0,241.0,236.0,237.05,25545
2026-04-10 10:54:00,10:54:00,239.0,240.25,236.6,239.45,17550
2026-04-10 10:55:00,10:55:00,239.3,240.95,238.85,239.85,23985
2026-04-10 10:56:00,10:56:00,240.1,245.0,239.85,244.05,26585
2026-04-10 10:57:00,10:57:00,244.9,251.1,244.05,249.8,55640
2026-04-10 10:58:00,10:58:00,249.75,249.8,241.15,241.15,45890
2026-04-10 10:59:00,10:59:00,239.95,241.15,229.9,232.5,56550
2026-04-10 11:00:00,11:00:00,232.3,235.7,228.0,231.4,41795
2026-04-10 11:01:00,11:01:00,229.85,231.4,224.9,226.85,30550
2026-04-10 11:02:00,11:02:00,228.6,232.9,226.85,232.05,17810
2026-04-10 11:03:00,11:03:00,232.3,238.1,232.05,233.0,33540
2026-04-10 11:04:00,11:04:00,233.8,237.3,232.5,234.8,18525
2026-04-10 11:05:00,11:05:00,234.3,239.85,232.6,236.95,30875
2026-04-10 11:06:00,11:06:00,236.7,236.95,232.4,234.6,25155
2026-04-10 11:07:00,11:07:00,235.1,236.6,231.6,231.6,17355
2026-04-10 11:08:00,11:08:00,230.6,233.0,228.05,230.95,17420
2026-04-10 11:09:00,11:09:00,230.8,231.3,226.45,226.65,18265
2026-04-10 11:10:00,11:10:00,225.6,229.45,224.0,224.0,26715
2026-04-10 11:11:00,11:11:00,224.05,226.4,222.1,224.6,17680
2026-04-10 11:12:00,11:12:00,224.25,227.0,221.25,221.75,20475
2026-04-10 11:13:00,11:13:00,221.7,225.4,220.05,225.0,25545
2026-04-10 11:14:00,11:14:00,225.75,227.15,224.0,225.95,16705
2026-04-10 11:15:00,11:15:00,224.75,229.0,222.0,226.95,24180
2026-04-10 11:16:00,11:16:00,226.0,231.0,226.0,229.7,81965
2026-04-10 11:17:00,11:17:00,230.1,238.3,229.2,237.25,45695
2026-04-10 11:18:00,11:18:00,237.85,239.8,235.6,239.5,54925
2026-04-10 11:19:00,11:19:00,240.95,240.95,234.2,235.15,35620
2026-04-10 11:20:00,11:20:00,234.6,237.0,232.7,235.0,36855
2026-04-10 11:21:00,11:21:00,234.5,238.75,230.15,235.0,30290
2026-04-10 11:22:00,11:22:00,235.1,235.1,228.75,230.95,18200
2026-04-10 11:23:00,11:23:00,230.55,235.65,230.55,232.95,16445
2026-04-10 11:24:00,11:24:00,232.5,237.65,232.0,235.4,28860
2026-04-10 11:25:00,11:25:00,234.5,235.4,229.8,230.0,19890
2026-04-10 11:26:00,11:26:00,230.0,230.25,226.3,228.65,22295
2026-04-10 11:27:00,11:27:00,229.45,234.0,228.15,234.0,39715
2026-04-10 11:28:00,11:28:00,233.25,237.3,232.6,236.9,43745
2026-04-10 11:29:00,11:29:00,237.0,242.0,236.9,241.5,44915
2026-04-10 11:30:00,11:30:00,242.15,242.15,234.7,235.45,44265
2026-04-10 11:31:00,11:31:00,235.4,237.4,230.5,232.25,30030
2026-04-10 11:32:00,11:32:00,232.25,232.7,229.4,231.2,35100
2026-04-10 11:33:00,11:33:00,232.35,234.05,229.1,231.5,45760
2026-04-10 11:34:00,11:34:00,230.95,232.0,228.0,230.25,32045
2026-04-10 11:35:00,11:35:00,229.45,232.0,227.25,230.0,28080
2026-04-10 11:36:00,11:36:00,231.0,236.85,230.0,236.85,26910
2026-04-10 11:37:00,11:37:00,237.4,243.05,236.85,240.55,48165
2026-04-10 11:38:00,11:38:00,240.1,242.35,235.2,235.2,36075
2026-04-10 11:39:00,11:39:00,235.1,240.4,228.6,239.25,58175
2026-04-10 11:40:00,11:40:00,239.0,241.9,236.1,241.3,25805
2026-04-10 11:41:00,11:41:00,241.6,244.05,239.8,244.05,37115
2026-04-10 11:42:00,11:42:00,243.8,249.45,241.0,246.45,49270
2026-04-10 11:43:00,11:43:00,247.25,248.0,239.45,241.2,49075
2026-04-10 11:44:00,11:44:00,240.0,244.1,238.5,243.7,16900
2026-04-10 11:45:00,11:45:00,243.0,243.7,238.1,239.0,22100
2026-04-10 11:46:00,11:46:00,239.6,244.9,238.0,242.35,28795
2026-04-10 11:47:00,11:47:00,241.9,254.6,241.9,254.6,43290
2026-04-10 11:48:00,11:48:00,256.45,259.0,251.5,255.0,86580
2026-04-10 11:49:00,11:49:00,254.95,262.4,254.5,255.15,62530
2026-04-10 11:50:00,11:50:00,255.2,255.2,242.0,242.0,63180
2026-04-10 11:51:00,11:51:00,241.9,242.75,238.3,242.3,47385
2026-04-10 11:52:00,11:52:00,242.15,244.7,241.25,243.0,17875
2026-04-10 11:53:00,11:53:00,242.5,245.75,241.0,244.2,15015
2026-04-10 11:54:00,11:54:00,244.25,246.85,240.1,240.1,27690
2026-04-10 11:55:00,11:55:00,239.4,244.4,238.6,241.6,21060
2026-04-10 11:56:00,11:56:00,241.5,242.8,238.0,242.2,17615
2026-04-10 11:57:00,11:57:00,241.5,242.2,233.6,238.3,64025
2026-04-10 11:58:00,11:58:00,237.65,239.55,234.55,236.45,12870
2026-04-10 11:59:00,11:59:00,237.65,238.15,234.5,235.45,10920
2026-04-10 12:00:00,12:00:00,235.4,240.0,232.0,236.2,71955
2026-04-10 12:01:00,12:01:00,236.15,237.3,232.3,232.3,13325
2026-04-10 12:02:00,12:02:00,232.6,234.35,230.2,230.4,14625
2026-04-10 12:03:00,12:03:00,230.25,230.4,225.85,227.75,46475
2026-04-10 12:04:00,12:04:00,226.95,227.75,221.95,223.45,35555
2026-04-10 12:05:00,12:05:00,222.6,225.7,222.45,225.3,18460
2026-04-10 12:06:00,12:06:00,225.6,226.8,221.95,222.2,39000
2026-04-10 12:07:00,12:07:00,222.0,224.15,220.0,220.65,45760
2026-04-10 12:08:00,12:08:00,221.15,223.4,218.3,222.6,30810
2026-04-10 12:09:00,12:09:00,222.45,223.65,220.4,220.6,36075
2026-04-10 12:10:00,12:10:00,220.0,223.9,218.9,223.05,23985
2026-04-10 12:11:00,12:11:00,223.0,223.3,220.65,221.65,14300
2026-04-10 12:12:00,12:12:00,221.4,223.8,221.25,221.5,16705
2026-04-10 12:13:00,12:13:00,221.7,221.7,219.45,219.7,16250
2026-04-10 12:14:00,12:14:00,218.35,222.6,216.9,222.05,80145
2026-04-10 12:15:00,12:15:00,222.4,229.9,220.9,229.75,67405
2026-04-10 12:16:00,12:16:00,230.0,230.1,224.0,224.0,49855
2026-04-10 12:17:00,12:17:00,223.85,224.6,221.0,224.6,19435
2026-04-10 12:18:00,12:18:00,224.85,230.45,224.6,225.15,68510
2026-04-10 12:19:00,12:19:00,227.1,228.5,223.2,224.35,14950
2026-04-10 12:20:00,12:20:00,224.65,226.75,222.95,226.35,11635
2026-04-10 12:21:00,12:21:00,225.95,229.95,225.95,226.65,43095
2026-04-10 12:22:00,12:22:00,226.3,228.0,224.0,226.05,10920
2026-04-10 12:23:00,12:23:00,226.6,226.6,220.1,220.2,25935
2026-04-10 12:24:00,12:24:00,220.0,220.2,212.0,212.0,95290
2026-04-10 12:25:00,12:25:00,212.0,213.8,206.3,206.3,191620
2026-04-10 12:26:00,12:26:00,207.65,214.75,206.3,214.15,63635
2026-04-10 12:27:00,12:27:00,213.6,219.9,213.6,218.3,91520
2026-04-10 12:28:00,12:28:00,218.55,225.0,217.6,222.3,111085
2026-04-10 12:29:00,12:29:00,223.0,223.7,217.75,218.7,44785
2026-04-10 12:30:00,12:30:00,218.15,221.05,214.9,216.0,53755
2026-04-10 12:31:00,12:31:00,215.45,219.15,214.65,217.25,23920
2026-04-10 12:32:00,12:32:00,218.45,220.0,216.55,219.0,18070
2026-04-10 12:33:00,12:33:00,218.15,220.3,216.05,219.5,30810
2026-04-10 12:34:00,12:34:00,220.25,222.25,218.7,220.95,47775
2026-04-10 12:35:00,12:35:00,221.1,221.4,217.5,218.15,16250
2026-04-10 12:36:00,12:36:00,218.0,218.95,214.4,214.85,31395
2026-04-10 12:37:00,12:37:00,214.55,218.5,213.9,217.7,18135
2026-04-10 12:38:00,12:38:00,217.65,219.35,216.3,216.8,14170
2026-04-10 12:39:00,12:39:00,216.85,219.75,215.2,215.65,31200
2026-04-10 12:40:00,12:40:00,215.75,215.75,213.45,214.55,17615
2026-04-10 12:41:00,12:41:00,213.85,218.0,212.7,216.35,29770
2026-04-10 12:42:00,12:42:00,217.0,217.6,214.5,217.6,87555
2026-04-10 12:43:00,12:43:00,217.95,221.1,216.05,220.65,78845
2026-04-10 12:44:00,12:44:00,219.5,223.4,219.4,223.1,65195
2026-04-10 12:45:00,12:45:00,223.25,225.7,222.0,222.3,48945
2026-04-10 12:46:00,12:46:00,222.9,224.3,220.55,224.3,18785
2026-04-10 12:47:00,12:47:00,224.1,225.65,220.65,220.65,25025
2026-04-10 12:48:00,12:48:00,220.4,221.0,214.55,216.45,34840
2026-04-10 12:49:00,12:49:00,214.9,219.5,214.9,218.9,13650
2026-04-10 12:50:00,12:50:00,218.8,228.45,218.8,227.3,28535
2026-04-10 12:51:00,12:51:00,224.5,227.85,223.55,224.5,33930
2026-04-10 12:52:00,12:52:00,225.05,225.75,219.65,222.5,19825
2026-04-10 12:53:00,12:53:00,222.2,224.0,219.45,221.65,17420
2026-04-10 12:54:00,12:54:00,220.85,226.6,220.6,222.6,33800
2026-04-10 12:55:00,12:55:00,222.45,224.7,221.0,222.9,13390
2026-04-10 12:56:00,12:56:00,222.5,225.0,221.3,223.0,13520
2026-04-10 12:57:00,12:57:00,223.95,227.0,221.0,222.7,47450
2026-04-10 12:58:00,12:58:00,222.4,223.6,219.2,219.45,18980
2026-04-10 12:59:00,12:59:00,219.0,220.85,217.8,220.85,22945
2026-04-10 13:00:00,13:00:00,219.7,221.3,217.6,220.0,9555
2026-04-10 13:01:00,13:01:00,219.05,220.0,215.2,219.1,39585
2026-04-10 13:02:00,13:02:00,218.0,221.2,217.3,217.5,17030
2026-04-10 13:03:00,13:03:00,217.15,217.9,213.35,217.3,25285
2026-04-10 13:04:00,13:04:00,217.45,217.45,215.3,215.6,7475
2026-04-10 13:05:00,13:05:00,215.35,219.75,215.0,218.75,17940
2026-04-10 13:06:00,13:06:00,217.75,218.75,213.85,215.35,11310
2026-04-10 13:07:00,13:07:00,215.0,216.55,214.8,216.1,8645
2026-04-10 13:08:00,13:08:00,215.0,216.1,210.65,213.7,32955
2026-04-10 13:09:00,13:09:00,213.45,216.0,212.75,213.7,15340
2026-04-10 13:10:00,13:10:00,213.1,218.2,213.1,216.0,14105
2026-04-10 13:11:00,13:11:00,215.1,219.7,215.1,219.15,12415
2026-04-10 13:12:00,13:12:00,218.55,223.85,217.9,223.75,21125
2026-04-10 13:13:00,13:13:00,222.0,227.1,221.4,226.35,31785
2026-04-10 13:14:00,13:14:00,226.3,227.65,222.5,224.4,46800
2026-04-10 13:15:00,13:15:00,224.25,225.9,222.05,222.9,15080
2026-04-10 13:16:00,13:16:00,222.85,226.0,222.15,223.35,17875
2026-04-10 13:17:00,13:17:00,223.0,223.35,216.95,219.8,22360
2026-04-10 13:18:00,13:18:00,219.65,225.35,219.1,225.3,14560
2026-04-10 13:19:00,13:19:00,225.8,226.8,223.55,226.45,18525
2026-04-10 13:20:00,13:20:00,225.5,227.55,222.3,222.55,47515
2026-04-10 13:21:00,13:21:00,223.0,225.75,222.55,225.45,12545
2026-04-10 13:22:00,13:22:00,225.1,226.0,221.0,223.1,20150
2026-04-10 13:23:00,13:23:00,222.9,226.0,222.45,226.0,15015
2026-04-10 13:24:00,13:24:00,225.55,227.35,222.65,226.0,24700
2026-04-10 13:25:00,13:25:00,225.85,227.5,222.25,222.25,18135
2026-04-10 13:26:00,13:26:00,221.65,222.5,217.8,220.4,34970
2026-04-10 13:27:00,13:27:00,220.4,225.1,219.2,224.0,21255
2026-04-10 13:28:00,13:28:00,222.8,224.0,220.8,220.8,12935
2026-04-10 13:29:00,13:29:00,220.4,221.75,219.15,220.2,8710
2026-04-10 13:30:00,13:30:00,219.6,222.0,217.95,220.3,14820
2026-04-10 13:31:00,13:31:00,220.25,221.35,217.25,218.15,15470
2026-04-10 13:32:00,13:32:00,218.0,218.4,213.0,213.35,34645
2026-04-10 13:33:00,13:33:00,214.3,219.55,213.35,219.5,25415
2026-04-10 13:34:00,13:34:00,220.0,223.4,219.5,222.1,32500
2026-04-10 13:35:00,13:35:00,222.2,226.5,221.35,225.15,26650
2026-04-10 13:36:00,13:36:00,225.15,225.15,219.7,221.0,18655
2026-04-10 13:37:00,13:37:00,220.65,222.25,218.0,221.25,12675
2026-04-10 13:38:00,13:38:00,220.85,221.75,218.5,220.05,7085
2026-04-10 13:39:00,13:39:00,219.05,220.05,215.15,216.15,16770
2026-04-10 13:40:00,13:40:00,215.65,216.8,213.4,214.25,24960
2026-04-10 13:41:00,13:41:00,214.25,215.3,212.0,214.3,36790
2026-04-10 13:42:00,13:42:00,214.2,214.3,208.7,210.45,73775
2026-04-10 13:43:00,13:43:00,210.0,211.6,208.4,211.25,25220
2026-04-10 13:44:00,13:44:00,210.65,212.15,209.3,210.0,49530
2026-04-10 13:45:00,13:45:00,210.4,210.85,207.15,207.45,45695
2026-04-10 13:46:00,13:46:00,205.55,209.05,205.0,208.05,68250
2026-04-10 13:47:00,13:47:00,208.1,210.7,206.55,210.7,31655
2026-04-10 13:48:00,13:48:00,210.8,218.35,210.7,215.25,97370
2026-04-10 13:49:00,13:49:00,215.4,217.55,214.95,214.95,23790
2026-04-10 13:50:00,13:50:00,215.2,218.6,214.85,215.6,30810
2026-04-10 13:51:00,13:51:00,215.35,216.75,211.25,211.25,23855
2026-04-10 13:52:00,13:52:00,210.6,214.55,209.95,212.3,31850
2026-04-10 13:53:00,13:53:00,212.45,213.2,210.0,210.45,15015
2026-04-10 13:54:00,13:54:00,211.45,211.85,210.2,211.45,13000
2026-04-10 13:55:00,13:55:00,211.55,212.2,209.4,209.8,15535
2026-04-10 13:56:00,13:56:00,209.0,210.0,207.25,208.55,39650
2026-04-10 13:57:00,13:57:00,208.7,208.7,205.9,206.05,26130
2026-04-10 13:58:00,13:58:00,205.0,206.05,197.5,197.5,81770
2026-04-10 13:59:00,13:59:00,198.3,200.85,192.35,196.9,108810
2026-04-10 14:00:00,14:00:00,197.1,200.45,193.0,197.75,139945
2026-04-10 14:01:00,14:01:00,196.7,197.75,193.5,193.6,37765
2026-04-10 14:02:00,14:02:00,193.1,200.1,193.1,198.45,124735
2026-04-10 14:03:00,14:03:00,198.0,198.9,196.65,198.7,36270
2026-04-10 14:04:00,14:04:00,198.6,199.5,197.1,199.1,31720
2026-04-10 14:05:00,14:05:00,198.1,199.1,196.0,196.15,34840
2026-04-10 14:06:00,14:06:00,196.0,199.0,196.0,197.55,18980
2026-04-10 14:07:00,14:07:00,197.7,201.05,197.35,199.1,32760
2026-04-10 14:08:00,14:08:00,199.0,201.75,198.7,200.85,39975
2026-04-10 14:09:00,14:09:00,201.1,201.45,198.0,198.05,43680
2026-04-10 14:10:00,14:10:00,198.35,202.3,197.35,201.35,36660
2026-04-10 14:11:00,14:11:00,201.3,201.35,197.65,200.15,40885
2026-04-10 14:12:00,14:12:00,199.15,200.3,194.0,194.55,96135
2026-04-10 14:13:00,14:13:00,194.25,197.8,192.45,196.2,55835
2026-04-10 14:14:00,14:14:00,195.3,219.9,194.9,209.25,256295
2026-04-10 14:15:00,14:15:00,244.85,299.0,242.35,282.95,716040
2026-04-10 14:16:00,14:16:00,242.0,256.25,228.9,255.1,224705
2026-04-10 14:17:00,14:17:00,246.85,255.1,230.5,236.4,152490
2026-04-10 14:18:00,14:18:00,233.5,236.4,226.5,227.6,71760
2026-04-10 14:19:00,14:19:00,230.65,236.0,227.6,230.1,152815
2026-04-10 14:20:00,14:20:00,228.85,231.95,223.1,224.2,77935
2026-04-10 14:21:00,14:21:00,223.1,226.35,219.75,221.8,65585
2026-04-10 14:22:00,14:22:00,217.4,238.75,216.1,236.85,114985
2026-04-10 14:23:00,14:23:00,238.1,250.4,236.75,249.15,196950
2026-04-10 14:24:00,14:24:00,249.9,262.1,247.4,256.65,181285
2026-04-10 14:25:00,14:25:00,259.0,268.55,254.5,255.0,225225
2026-04-10 14:26:00,14:26:00,254.2,262.2,251.6,251.6,101140
2026-04-10 14:27:00,14:27:00,251.3,266.15,251.3,262.1,78975
2026-04-10 14:28:00,14:28:00,259.8,262.1,252.25,257.2,40690
2026-04-10 14:29:00,14:29:00,256.05,263.65,252.7,256.8,41795
2026-04-10 14:30:00,14:30:00,256.5,259.6,245.7,249.05,115570
2026-04-10 14:31:00,14:31:00,252.6,258.3,249.05,253.0,29315
2026-04-10 14:32:00,14:32:00,256.55,257.25,252.55,257.25,105755
2026-04-10 14:33:00,14:33:00,255.25,257.25,240.9,249.0,94250
2026-04-10 14:34:00,14:34:00,247.8,252.0,246.05,248.75,62530
2026-04-10 14:35:00,14:35:00,249.7,253.85,245.75,252.95,112970
2026-04-10 14:36:00,14:36:00,253.25,264.4,252.25,257.7,81900
2026-04-10 14:37:00,14:37:00,257.9,261.5,253.0,254.55,32825
2026-04-10 14:38:00,14:38:00,253.25,255.5,248.0,250.25,37765
2026-04-10 14:39:00,14:39:00,250.75,253.45,244.4,253.45,47320
2026-04-10 14:40:00,14:40:00,253.75,254.0,246.45,250.7,25740
2026-04-10 14:41:00,14:41:00,250.1,252.0,239.0,243.9,58305
2026-04-10 14:42:00,14:42:00,245.9,248.6,240.3,241.75,35945
2026-04-10 14:43:00,14:43:00,241.2,248.85,240.0,247.95,39650
2026-04-10 14:44:00,14:44:00,248.2,251.0,242.85,245.55,42250
2026-04-10 14:45:00,14:45:00,245.25,255.7,245.25,250.0,59020
2026-04-10 14:46:00,14:46:00,249.8,253.4,244.85,253.15,40885
2026-04-10 14:47:00,14:47:00,253.95,256.8,249.65,252.6,47840
2026-04-10 14:48:00,14:48:00,252.45,256.1,245.75,246.05,72020
2026-04-10 14:49:00,14:49:00,248.4,249.45,215.75,219.7,259155
2026-04-10 14:50:00,14:50:00,219.0,232.9,219.0,232.6,82030
2026-04-10 14:51:00,14:51:00,233.0,233.0,224.4,226.55,137085
2026-04-10 14:52:00,14:52:00,226.85,229.0,221.05,226.8,52065
2026-04-10 14:53:00,14:53:00,227.7,230.1,222.0,223.3,34580
2026-04-10 14:54:00,14:54:00,223.05,234.8,223.05,230.75,52065
2026-04-10 14:55:00,14:55:00,230.3,231.0,225.35,231.0,38480
2026-04-10 14:56:00,14:56:00,229.55,231.75,225.05,226.6,19500
2026-04-10 14:57:00,14:57:00,225.95,231.4,225.95,228.4,32630
2026-04-10 14:58:00,14:58:00,227.65,228.6,223.9,224.4,28535
2026-04-10 14:59:00,14:59:00,225.15,231.2,224.4,230.45,28925
2026-04-10 15:00:00,15:00:00,229.95,230.45,220.15,222.95,75790
2026-04-10 15:01:00,15:01:00,223.0,226.5,209.1,215.05,113490
2026-04-10 15:02:00,15:02:00,215.6,222.9,212.95,212.95,49855
2026-04-10 15:03:00,15:03:00,211.7,212.95,206.75,207.35,89570
2026-04-10 15:04:00,15:04:00,206.1,208.9,203.15,203.15,82940
2026-04-10 15:05:00,15:05:00,203.35,203.4,193.25,195.75,129090
2026-04-10 15:06:00,15:06:00,195.95,197.85,192.35,192.35,263770
2026-04-10 15:07:00,15:07:00,193.8,195.25,188.8,188.9,106600
2026-04-10 15:08:00,15:08:00,187.9,188.9,182.05,185.2,137150
2026-04-10 15:09:00,15:09:00,185.55,188.2,184.7,186.8,135005
2026-04-10 15:10:00,15:10:00,186.8,187.7,181.7,182.95,105170
2026-04-10 15:11:00,15:11:00,183.0,183.3,180.6,181.1,100880
2026-04-10 15:12:00,15:12:00,180.0,188.0,176.8,185.7,168220
2026-04-10 15:13:00,15:13:00,183.55,186.7,182.25,185.3,67210
2026-04-10 15:14:00,15:14:00,185.0,187.6,185.0,187.6,125775
2026-04-10 15:15:00,15:15:00,188.4,196.55,187.2,194.5,208325
2026-04-10 15:16:00,15:16:00,194.25,195.6,189.3,191.75,97695
2026-04-10 15:17:00,15:17:00,191.5,192.6,185.45,191.45,64740
2026-04-10 15:18:00,15:18:00,190.6,193.3,189.2,191.3,62855
2026-04-10 15:19:00,15:19:00,191.95,193.8,191.3,192.8,83460
2026-04-10 15:20:00,15:20:00,192.55,195.25,189.8,191.15,64480
2026-04-10 15:21:00,15:21:00,191.15,191.9,189.6,191.0,32565
2026-04-10 15:22:00,15:22:00,190.9,192.6,189.8,191.45,61555
2026-04-10 15:23:00,15:23:00,191.5,192.35,190.8,191.7,41665
2026-04-10 15:24:00,15:24:00,191.75,192.0,188.9,191.45,52910
2026-04-10 15:25:00,15:25:00,192.0,192.1,190.0,190.6,58955
2026-04-10 15:26:00,15:26:00,190.95,190.95,186.8,187.85,37180
2026-04-10 15:27:00,15:27:00,188.0,189.1,186.2,187.5,54730
2026-04-10 15:28:00,15:28:00,187.7,190.0,185.15,189.8,66105
2026-04-10 15:29:00,15:29:00,190.5,192.5,188.25,191.1,53105
2026-04-13 09:15:00,09:15:00,423.2,509.75,400.0,498.3,144885
2026-04-13 09:41:00,09:41:00,562.0,567.5,535.0,535.0,2925
2026-04-13 09:42:00,09:42:00,529.25,535.0,514.4,534.85,2080
2026-04-13 09:43:00,09:43:00,541.0,541.0,522.6,523.8,1105
2026-04-13 09:44:00,09:44:00,522.95,530.0,521.15,521.15,2080
2026-04-13 09:46:00,09:46:00,531.15,536.3,530.95,536.3,5330
2026-04-13 09:47:00,09:47:00,527.35,536.3,517.95,529.8,1170
2026-04-13 09:49:00,09:49:00,542.8,542.8,528.25,528.25,520
2026-04-13 09:50:00,09:50:00,526.8,528.25,518.65,526.25,2145
2026-04-13 09:51:00,09:51:00,531.35,531.35,517.7,517.7,455
2026-04-13 09:52:00,09:52:00,517.8,524.15,517.7,524.15,715
2026-04-13 09:53:00,09:53:00,522.85,526.15,514.55,525.95,910
2026-04-13 09:54:00,09:54:00,524.25,525.95,505.05,513.1,780
2026-04-13 09:55:00,09:55:00,516.95,516.95,491.0,506.25,7020
2026-04-13 09:56:00,09:56:00,497.55,506.25,494.7,495.5,6240
2026-04-13 09:57:00,09:57:00,497.8,499.65,495.45,495.45,4420
2026-04-13 09:58:00,09:58:00,494.15,495.45,482.0,494.45,2600
2026-04-13 09:59:00,09:59:00,494.85,494.85,491.1,492.95,1495
2026-04-13 10:00:00,10:00:00,496.65,503.95,492.95,497.6,910
2026-04-13 10:01:00,10:01:00,499.6,499.6,490.0,490.0,585
2026-04-13 10:02:00,10:02:00,487.15,497.0,487.15,488.3,2210
2026-04-13 10:03:00,10:03:00,495.35,496.9,486.8,496.75,455
2026-04-13 10:04:00,10:04:00,498.25,504.55,492.0,492.0,455
2026-04-13 10:05:00,10:05:00,486.75,494.6,485.0,494.6,1430
2026-04-13 10:06:00,10:06:00,494.7,501.45,494.6,501.45,1755
2026-04-13 10:07:00,10:07:00,500.7,505.0,491.4,491.4,650
2026-04-13 10:08:00,10:08:00,489.8,503.55,489.8,497.75,650
2026-04-13 10:09:00,10:09:00,498.9,498.9,488.0,488.0,2600
2026-04-13 10:10:00,10:10:00,492.1,495.8,487.05,488.65,5135
2026-04-13 10:11:00,10:11:00,497.9,497.9,488.0,490.0,845
2026-04-13 10:12:00,10:12:00,488.35,492.0,480.0,492.0,1885
2026-04-13 10:13:00,10:13:00,484.2,499.05,484.2,496.1,1495
2026-04-13 10:14:00,10:14:00,499.05,504.9,496.1,504.9,455
2026-04-13 10:15:00,10:15:00,508.4,521.05,504.9,521.05,1430
2026-04-13 10:16:00,10:16:00,525.2,525.2,509.55,519.35,780
2026-04-13 10:17:00,10:17:00,524.4,524.4,517.85,524.3,910
2026-04-13 10:18:00,10:18:00,526.0,526.0,501.0,501.0,1170
2026-04-13 10:19:00,10:19:00,498.65,506.3,486.95,486.95,845
2026-04-13 10:20:00,10:20:00,486.85,486.95,471.7,471.95,2015
2026-04-13 10:21:00,10:21:00,470.0,471.95,438.9,444.0,5655
2026-04-13 10:22:00,10:22:00,446.1,446.65,435.4,435.4,2405
2026-04-13 10:23:00,10:23:00,446.25,446.25,435.4,440.15,780
2026-04-13 10:24:00,10:24:00,441.05,442.8,433.45,442.8,16315
2026-04-13 10:25:00,10:25:00,442.1,450.75,441.2,444.65,2665
2026-04-13 10:26:00,10:26:00,446.3,450.55,436.5,436.5,1690
2026-04-13 10:27:00,10:27:00,434.35,436.5,426.6,434.4,5980
2026-04-13 10:28:00,10:28:00,430.55,435.3,430.55,433.4,780
2026-04-13 10:29:00,10:29:00,439.75,440.35,433.4,437.75,975
2026-04-13 10:30:00,10:30:00,433.4,437.75,433.4,437.0,1950
2026-04-13 10:31:00,10:31:00,433.75,438.75,433.75,436.6,845
2026-04-13 10:32:00,10:32:00,439.4,439.4,434.1,434.1,1690
2026-04-13 10:33:00,10:33:00,434.0,447.0,434.0,445.75,1690
2026-04-13 10:34:00,10:34:00,443.3,445.75,440.1,440.1,260
2026-04-13 10:35:00,10:35:00,435.8,444.6,435.8,444.6,520
2026-04-13 10:36:00,10:36:00,445.65,448.35,442.8,445.8,845
2026-04-13 10:37:00,10:37:00,448.9,450.2,443.75,444.8,910
2026-04-13 10:38:00,10:38:00,444.9,445.5,444.8,445.5,130
2026-04-13 10:39:00,10:39:00,439.6,445.5,426.75,429.35,1170
2026-04-13 10:40:00,10:40:00,425.4,429.35,425.4,425.6,845
2026-04-13 10:41:00,10:41:00,427.1,455.0,417.65,448.15,3575
2026-04-13 10:42:00,10:42:00,450.0,455.45,445.1,454.85,2665
2026-04-13 10:43:00,10:43:00,452.85,454.85,440.9,440.9,2275
2026-04-13 10:44:00,10:44:00,434.85,442.75,434.7,438.1,2600
2026-04-13 10:45:00,10:45:00,436.4,438.1,423.0,431.55,1950
2026-04-13 10:46:00,10:46:00,426.0,431.55,411.85,419.15,1430
2026-04-13 10:47:00,10:47:00,421.65,429.05,419.15,425.15,1690
2026-04-13 10:48:00,10:48:00,421.4,425.15,418.1,424.6,1495
2026-04-13 10:49:00,10:49:00,435.0,435.4,424.6,430.45,455
2026-04-13 10:50:00,10:50:00,427.55,430.45,423.05,423.05,1625
2026-04-13 10:51:00,10:51:00,424.85,425.5,421.45,425.25,780
2026-04-13 10:52:00,10:52:00,423.95,425.25,420.35,420.35,195
2026-04-13 10:53:00,10:53:00,414.25,420.35,410.2,420.0,1690
2026-04-13 10:54:00,10:54:00,417.25,420.0,414.35,418.9,715
2026-04-13 10:55:00,10:55:00,419.4,419.4,409.2,414.95,1170
2026-04-13 10:56:00,10:56:00,413.0,414.95,406.6,406.6,2015
2026-04-13 10:57:00,10:57:00,402.8,406.6,398.55,401.2,2470
2026-04-13 10:58:00,10:58:00,417.35,418.55,401.2,417.9,780
2026-04-13 10:59:00,10:59:00,419.75,428.0,417.9,420.05,10985
2026-04-13 11:00:00,11:00:00,425.1,425.1,420.05,422.1,585
2026-04-13 11:01:00,11:01:00,422.8,428.6,422.1,428.0,910
2026-04-13 11:02:00,11:02:00,421.65,428.0,420.9,422.25,910
2026-04-13 11:03:00,11:03:00,423.75,428.45,421.1,426.9,1820
2026-04-13 11:04:00,11:04:00,425.3,426.9,425.3,425.3,130
2026-04-13 11:05:00,11:05:00,418.8,425.3,410.6,411.35,715
2026-04-13 11:06:00,11:06:00,413.95,422.85,411.35,422.8,455
2026-04-13 11:07:00,11:07:00,413.5,422.8,413.5,414.15,390
2026-04-13 11:08:00,11:08:00,414.15,414.15,414.15,414.15,0
2026-04-13 11:09:00,11:09:00,411.4,414.15,411.4,411.4,65
2026-04-13 11:10:00,11:10:00,408.85,426.9,408.85,426.9,975
2026-04-13 11:11:00,11:11:00,426.25,430.0,425.8,425.8,650
2026-04-13 11:12:00,11:12:00,425.0,425.8,414.35,416.8,520
2026-04-13 11:13:00,11:13:00,417.95,418.05,416.8,418.05,260
2026-04-13 11:14:00,11:14:00,419.75,419.75,418.05,418.05,130
2026-04-13 11:15:00,11:15:00,415.0,418.05,414.8,417.65,260
2026-04-13 11:16:00,11:16:00,412.0,417.65,411.25,414.6,845
2026-04-13 11:17:00,11:17:00,417.3,417.3,412.8,412.8,390
2026-04-13 11:18:00,11:18:00,412.9,412.9,412.8,412.9,130
2026-04-13 11:19:00,11:19:00,412.9,412.9,409.55,409.65,715
2026-04-13 11:20:00,11:20:00,409.65,419.55,409.45,419.55,715
2026-04-13 11:21:00,11:21:00,417.5,426.35,417.5,420.6,2210
2026-04-13 11:22:00,11:22:00,419.25,420.6,408.85,408.85,1755
2026-04-13 11:23:00,11:23:00,405.7,410.7,398.8,408.9,910
2026-04-13 11:24:00,11:24:00,408.8,415.5,408.75,415.5,325
2026-04-13 11:25:00,11:25:00,415.5,417.6,415.5,417.6,910
2026-04-13 11:26:00,11:26:00,407.2,417.6,407.2,408.45,585
2026-04-13 11:27:00,11:27:00,414.5,418.15,408.45,417.6,910
2026-04-13 11:28:00,11:28:00,417.6,417.6,416.0,416.0,390
2026-04-13 11:29:00,11:29:00,420.4,422.05,416.0,422.05,1040
2026-04-13 11:30:00,11:30:00,420.05,422.05,413.6,414.45,975
2026-04-13 11:31:00,11:31:00,411.7,422.0,411.7,422.0,390
2026-04-13 11:32:00,11:32:00,428.0,428.0,419.35,425.7,1950
2026-04-13 11:33:00,11:33:00,423.1,426.3,421.65,425.15,1560
2026-04-13 11:34:00,11:34:00,426.2,426.2,420.0,421.75,780
2026-04-13 11:35:00,11:35:00,415.55,421.75,407.05,407.05,585
2026-04-13 11:36:00,11:36:00,408.25,416.9,406.95,406.95,1625
2026-04-13 11:37:00,11:37:00,406.4,406.95,400.55,401.85,2015
2026-04-13 11:38:00,11:38:00,403.0,403.0,388.9,395.85,2145
2026-04-13 11:39:00,11:39:00,393.45,401.05,388.95,399.3,4290
2026-04-13 11:40:00,11:40:00,399.3,399.3,398.05,398.8,910
2026-04-13 11:41:00,11:41:00,401.05,402.85,398.8,400.0,650
2026-04-13 11:42:00,11:42:00,399.55,401.1,399.55,401.1,390
2026-04-13 11:43:00,11:43:00,401.55,407.0,401.1,407.0,845
2026-04-13 11:44:00,11:44:00,407.0,408.3,407.0,408.3,130
2026-04-13 11:45:00,11:45:00,403.7,408.3,395.0,395.0,390
2026-04-13 11:46:00,11:46:00,392.0,395.0,387.0,389.45,520
2026-04-13 11:47:00,11:47:00,390.15,394.5,389.45,394.5,390
2026-04-13 11:48:00,11:48:00,388.0,394.5,384.65,387.3,2210
2026-04-13 11:49:00,11:49:00,384.7,387.95,378.0,378.0,845
2026-04-13 11:50:00,11:50:00,371.2,378.0,356.5,357.55,12610
2026-04-13 11:51:00,11:51:00,351.95,361.45,350.0,355.55,9230
2026-04-13 11:52:00,11:52:00,356.95,370.0,355.55,370.0,1560
2026-04-13 11:53:00,11:53:00,369.4,370.0,366.0,366.0,2600
2026-04-13 11:54:00,11:54:00,361.0,366.0,350.0,350.0,1560
2026-04-13 11:55:00,11:55:00,348.85,350.0,340.0,345.0,6630
2026-04-13 11:56:00,11:56:00,345.4,357.3,345.0,357.3,2925
2026-04-13 11:57:00,11:57:00,356.15,359.75,355.0,359.6,3835
2026-04-13 11:58:00,11:58:00,358.3,362.25,356.85,357.15,6695
2026-04-13 11:59:00,11:59:00,358.45,367.35,357.15,363.6,2080
2026-04-13 12:00:00,12:00:00,360.1,363.6,356.9,359.0,6240
2026-04-13 12:01:00,12:01:00,356.05,367.0,356.05,365.4,1755
2026-04-13 12:02:00,12:02:00,363.45,365.4,362.65,363.65,715
2026-04-13 12:03:00,12:03:00,366.25,367.8,363.35,364.0,1820
2026-04-13 12:04:00,12:04:00,363.4,365.2,361.1,363.05,2535
2026-04-13 12:05:00,12:05:00,361.0,363.05,358.0,359.1,4030
2026-04-13 12:06:00,12:06:00,357.05,359.1,348.0,348.0,9100
2026-04-13 12:07:00,12:07:00,346.25,354.3,346.25,351.55,2145
2026-04-13 12:08:00,12:08:00,353.3,359.25,351.55,357.05,2080
2026-04-13 12:09:00,12:09:00,354.35,357.05,351.35,351.35,325
2026-04-13 12:10:00,12:10:00,347.95,351.35,342.2,343.3,2080
2026-04-13 12:11:00,12:11:00,344.35,355.0,343.3,355.0,15015
2026-04-13 12:12:00,12:12:00,354.3,355.0,350.0,353.0,3120
2026-04-13 12:13:00,12:13:00,352.55,353.0,346.75,346.75,3575
2026-04-13 12:14:00,12:14:00,345.9,346.75,336.9,339.95,3965
2026-04-13 12:15:00,12:15:00,339.75,343.55,334.1,343.55,5525
2026-04-13 12:16:00,12:16:00,344.4,347.0,339.6,340.25,2860
2026-04-13 12:17:00,12:17:00,339.8,343.75,339.2,342.85,910
2026-04-13 12:18:00,12:18:00,344.3,350.0,342.85,345.9,6695
2026-04-13 12:19:00,12:19:00,345.0,345.9,337.6,337.6,1625
2026-04-13 12:20:00,12:20:00,335.0,339.15,333.65,337.7,8970
2026-04-13 12:21:00,12:21:00,334.25,349.25,334.25,349.25,5005
2026-04-13 12:22:00,12:22:00,349.65,357.2,346.55,354.3,20085
2026-04-13 12:23:00,12:23:00,353.55,354.45,349.45,349.45,715
2026-04-13 12:24:00,12:24:00,350.6,352.0,345.35,345.35,975
2026-04-13 12:25:00,12:25:00,345.35,345.35,341.95,342.05,1300
2026-04-13 12:26:00,12:26:00,342.0,342.05,321.75,323.0,7150
2026-04-13 12:27:00,12:27:00,329.4,330.75,318.0,318.0,8125
2026-04-13 12:28:00,12:28:00,318.6,325.0,315.9,317.45,9815
2026-04-13 12:29:00,12:29:00,318.7,319.7,316.5,316.5,2665
2026-04-13 12:30:00,12:30:00,312.0,321.8,310.5,315.7,10270
2026-04-13 12:31:00,12:31:00,317.85,317.85,312.05,315.2,5265
2026-04-13 12:32:00,12:32:00,317.5,318.25,315.2,317.45,8385
2026-04-13 12:33:00,12:33:00,316.9,328.55,314.15,321.5,6240
2026-04-13 12:34:00,12:34:00,320.1,325.0,318.9,322.0,3315
2026-04-13 12:35:00,12:35:00,321.55,323.25,317.8,322.55,4160
2026-04-13 12:36:00,12:36:00,320.6,329.65,320.6,325.65,3835
2026-04-13 12:37:00,12:37:00,323.35,325.65,318.55,318.65,1430
2026-04-13 12:38:00,12:38:00,316.05,318.65,311.8,312.05,11180
2026-04-13 12:39:00,12:39:00,311.0,320.65,308.35,320.05,7735
2026-04-13 12:40:00,12:40:00,321.25,329.4,318.5,321.9,16055
2026-04-13 12:41:00,12:41:00,321.8,322.9,319.0,320.8,1365
2026-04-13 12:42:00,12:42:00,321.4,321.4,311.1,312.95,2470
2026-04-13 12:43:00,12:43:00,312.55,317.5,312.55,317.5,3315
2026-04-13 12:44:00,12:44:00,316.25,317.5,311.6,313.5,8385
2026-04-13 12:45:00,12:45:00,314.5,321.85,313.05,321.85,1170
2026-04-13 12:46:00,12:46:00,323.25,328.9,321.0,321.65,4940
2026-04-13 12:47:00,12:47:00,318.15,324.95,318.15,319.5,1235
2026-04-13 12:48:00,12:48:00,319.15,321.45,315.65,320.05,1105
2026-04-13 12:49:00,12:49:00,316.4,320.05,314.65,316.7,1885
2026-04-13 12:50:00,12:50:00,316.35,321.3,316.35,320.2,1235
2026-04-13 12:51:00,12:51:00,319.25,328.0,319.25,323.1,4485
2026-04-13 12:52:00,12:52:00,322.3,323.1,318.0,321.3,3445
2026-04-13 12:53:00,12:53:00,320.4,321.9,320.3,321.05,455
2026-04-13 12:54:00,12:54:00,323.8,337.25,321.05,334.4,4615
2026-04-13 12:55:00,12:55:00,335.0,341.0,332.1,337.65,5655
2026-04-13 12:56:00,12:56:00,334.2,358.6,330.9,358.6,15925
2026-04-13 12:57:00,12:57:00,354.95,375.0,348.75,348.75,28145
2026-04-13 12:58:00,12:58:00,346.2,348.75,333.95,343.95,3835
2026-04-13 12:59:00,12:59:00,344.85,346.8,341.25,344.0,4940
2026-04-13 13:00:00,13:00:00,349.2,355.95,344.0,347.4,7020
2026-04-13 13:01:00,13:01:00,346.45,347.4,340.85,344.8,6240
2026-04-13 13:02:00,13:02:00,348.4,364.6,344.8,364.6,4680
2026-04-13 13:03:00,13:03:00,370.0,382.85,364.6,378.3,13195
2026-04-13 13:04:00,13:04:00,370.55,378.3,364.55,372.0,5005
2026-04-13 13:05:00,13:05:00,370.95,372.0,359.6,362.05,7410
2026-04-13 13:06:00,13:06:00,362.0,362.55,351.15,357.35,1495
2026-04-13 13:07:00,13:07:00,354.95,357.35,348.55,350.0,4550
2026-04-13 13:08:00,13:08:00,353.0,353.8,341.4,341.4,2405
2026-04-13 13:09:00,13:09:00,343.55,346.35,337.8,344.15,4745
2026-04-13 13:10:00,13:10:00,350.05,352.65,344.15,349.3,4095
2026-04-13 13:11:00,13:11:00,350.95,350.95,339.6,340.0,2665
2026-04-13 13:12:00,13:12:00,335.0,340.0,327.9,330.0,5070
2026-04-13 13:13:00,13:13:00,330.0,344.9,328.3,344.7,5850
2026-04-13 13:14:00,13:14:00,344.25,345.55,330.0,330.0,6955
2026-04-13 13:15:00,13:15:00,328.65,333.75,321.0,330.55,10270
2026-04-13 13:16:00,13:16:00,328.8,342.8,328.8,342.8,5265
2026-04-13 13:17:00,13:17:00,345.0,346.25,340.45,344.25,3510
2026-04-13 13:18:00,13:18:00,345.4,346.0,328.0,329.5,5785
2026-04-13 13:19:00,13:19:00,326.1,329.5,317.2,320.0,10400
2026-04-13 13:20:00,13:20:00,315.0,326.2,314.8,325.95,5720
2026-04-13 13:21:00,13:21:00,324.35,325.95,319.0,320.85,5265
2026-04-13 13:22:00,13:22:00,320.25,324.7,319.4,324.7,3900
2026-04-13 13:23:00,13:23:00,328.25,330.65,323.2,324.0,3640
2026-04-13 13:24:00,13:24:00,325.05,330.0,321.6,321.6,3510
2026-04-13 13:25:00,13:25:00,323.6,324.25,319.65,323.0,4355
2026-04-13 13:26:00,13:26:00,323.35,330.45,323.0,330.45,3055
2026-04-13 13:27:00,13:27:00,329.4,330.45,324.2,326.3,2795
2026-04-13 13:28:00,13:28:00,328.0,328.0,323.0,324.05,975
2026-04-13 13:29:00,13:29:00,323.75,329.0,323.75,329.0,1950
2026-04-13 13:30:00,13:30:00,327.1,329.0,319.5,325.2,2600
2026-04-13 13:31:00,13:31:00,322.55,325.2,315.0,315.0,2600
2026-04-13 13:32:00,13:32:00,316.05,319.3,306.75,308.0,9945
2026-04-13 13:33:00,13:33:00,306.65,312.5,296.8,306.0,11180
2026-04-13 13:34:00,13:34:00,305.55,306.0,297.35,303.6,6760
2026-04-13 13:35:00,13:35:00,303.85,310.45,298.75,301.5,7410
2026-04-13 13:36:00,13:36:00,299.2,313.8,299.2,306.6,4290
2026-04-13 13:37:00,13:37:00,302.0,306.6,298.9,299.85,4030
2026-04-13 13:38:00,13:38:00,298.95,307.1,298.95,307.0,2730
2026-04-13 13:39:00,13:39:00,307.0,318.0,306.8,313.0,8840
2026-04-13 13:40:00,13:40:00,316.1,316.1,311.45,314.0,5980
2026-04-13 13:41:00,13:41:00,313.6,323.4,312.3,312.3,7280
2026-04-13 13:42:00,13:42:00,315.2,318.8,307.95,317.4,3510
2026-04-13 13:43:00,13:43:00,318.0,318.0,312.5,313.85,2860
2026-04-13 13:44:00,13:44:00,318.0,318.0,313.85,314.15,2665
2026-04-13 13:45:00,13:45:00,314.95,322.15,313.25,320.1,4615
2026-04-13 13:46:00,13:46:00,316.4,322.0,316.4,322.0,1560
2026-04-13 13:47:00,13:47:00,319.7,322.0,316.0,319.3,1625
2026-04-13 13:48:00,13:48:00,324.0,324.0,311.0,311.0,5460
2026-04-13 13:49:00,13:49:00,310.0,312.7,309.05,310.75,2925
2026-04-13 13:50:00,13:50:00,311.65,315.0,308.6,308.6,2925
2026-04-13 13:51:00,13:51:00,309.15,314.1,304.5,304.5,1300
2026-04-13 13:52:00,13:52:00,302.65,304.5,277.2,279.65,31980
2026-04-13 13:53:00,13:53:00,279.95,288.35,277.2,278.35,17290
2026-04-13 13:54:00,13:54:00,278.2,281.4,267.35,268.4,36140
2026-04-13 13:55:00,13:55:00,269.55,273.7,258.95,259.05,27235
2026-04-13 13:56:00,13:56:00,260.05,263.55,254.0,255.85,16380
2026-04-13 13:57:00,13:57:00,256.95,258.65,247.75,256.6,25025
2026-04-13 13:58:00,13:58:00,255.3,257.7,247.0,257.0,24375
2026-04-13 13:59:00,13:59:00,256.7,259.4,250.45,257.6,17875
2026-04-13 14:00:00,14:00:00,258.0,263.0,250.0,259.7,22165
2026-04-13 14:01:00,14:01:00,256.35,259.7,255.55,257.45,6825
2026-04-13 14:02:00,14:02:00,261.0,269.05,256.1,267.85,17160
2026-04-13 14:03:00,14:03:00,264.4,269.45,262.75,265.75,9360
2026-04-13 14:04:00,14:04:00,264.15,268.0,258.55,260.2,13715
2026-04-13 14:05:00,14:05:00,260.85,281.65,260.2,278.15,29640
2026-04-13 14:06:00,14:06:00,275.0,291.9,274.4,291.9,29770
2026-04-13 14:07:00,14:07:00,291.15,292.8,280.0,280.1,19435
2026-04-13 14:08:00,14:08:00,281.6,284.35,275.0,280.55,8320
2026-04-13 14:09:00,14:09:00,281.35,298.0,280.55,296.0,19565
2026-04-13 14:10:00,14:10:00,298.7,310.0,296.0,303.6,24700
2026-04-13 14:11:00,14:11:00,304.7,320.0,303.6,318.7,14625
2026-04-13 14:12:00,14:12:00,315.35,318.7,305.05,305.15,18850
2026-04-13 14:13:00,14:13:00,305.0,313.65,303.8,308.35,9295
2026-04-13 14:14:00,14:14:00,307.45,312.05,298.75,298.75,4810
2026-04-13 14:15:00,14:15:00,301.3,315.0,291.65,315.0,22230
2026-04-13 14:16:00,14:16:00,315.5,317.75,305.55,307.35,6110
2026-04-13 14:17:00,14:17:00,308.6,311.55,299.7,300.2,8255
2026-04-13 14:18:00,14:18:00,297.1,304.9,289.4,304.9,19695
2026-04-13 14:19:00,14:19:00,304.45,307.6,295.9,295.9,13390
2026-04-13 14:20:00,14:20:00,298.0,298.0,290.55,296.0,10920
2026-04-13 14:21:00,14:21:00,298.25,302.4,295.5,297.45,7410
2026-04-13 14:22:00,14:22:00,300.0,302.85,283.05,286.45,11310
2026-04-13 14:23:00,14:23:00,288.9,292.8,283.9,290.05,12740
2026-04-13 14:24:00,14:24:00,292.25,297.0,289.95,289.95,6890
2026-04-13 14:25:00,14:25:00,290.15,290.15,276.6,280.25,30615
2026-04-13 14:26:00,14:26:00,279.65,286.5,268.2,268.2,12090
2026-04-13 14:27:00,14:27:00,271.35,273.35,265.3,269.6,11115
2026-04-13 14:28:00,14:28:00,269.2,276.3,269.2,276.3,9165
2026-04-13 14:29:00,14:29:00,278.2,284.85,276.3,280.95,7280
2026-04-13 14:30:00,14:30:00,281.5,281.5,257.1,257.1,16250
2026-04-13 14:31:00,14:31:00,258.25,267.95,256.45,265.75,38480
2026-04-13 14:32:00,14:32:00,264.8,270.0,257.0,258.9,10140
2026-04-13 14:33:00,14:33:00,258.1,259.4,251.1,258.5,15795
2026-04-13 14:34:00,14:34:00,262.2,265.25,258.5,263.05,7345
2026-04-13 14:35:00,14:35:00,265.25,270.6,257.5,260.45,6175
2026-04-13 14:36:00,14:36:00,259.85,269.05,258.6,262.6,6825
2026-04-13 14:37:00,14:37:00,260.85,268.85,260.85,262.9,8710
2026-04-13 14:38:00,14:38:00,264.2,264.2,253.75,257.75,13000
2026-04-13 14:39:00,14:39:00,260.6,285.0,257.75,279.9,30160
2026-04-13 14:40:00,14:40:00,277.15,290.05,273.4,280.5,15535
2026-04-13 14:41:00,14:41:00,282.25,282.95,274.7,278.6,7215
2026-04-13 14:42:00,14:42:00,278.65,292.9,276.7,292.9,7475
2026-04-13 14:43:00,14:43:00,294.0,303.3,290.0,300.0,23465
2026-04-13 14:44:00,14:44:00,300.75,303.65,283.5,289.75,13910
2026-04-13 14:45:00,14:45:00,287.95,291.2,278.6,281.6,13260
2026-04-13 14:46:00,14:46:00,281.6,285.7,276.4,283.8,8840
2026-04-13 14:47:00,14:47:00,283.15,288.95,280.05,282.15,7410
2026-04-13 14:48:00,14:48:00,284.95,285.7,264.7,264.7,17680
2026-04-13 14:49:00,14:49:00,264.6,267.85,260.0,262.1,15665
2026-04-13 14:50:00,14:50:00,265.55,270.5,262.1,264.45,5070
2026-04-13 14:51:00,14:51:00,263.45,264.45,257.85,260.5,9620
2026-04-13 14:52:00,14:52:00,262.35,263.0,253.55,262.65,14235
2026-04-13 14:53:00,14:53:00,262.0,267.55,259.05,261.8,21515
2026-04-13 14:54:00,14:54:00,264.85,270.65,256.6,258.0,27105
2026-04-13 14:55:00,14:55:00,258.15,259.5,249.0,257.25,64025
2026-04-13 14:56:00,14:56:00,257.55,263.35,256.45,260.25,6955
2026-04-13 14:57:00,14:57:00,259.4,263.4,256.15,259.0,7085
2026-04-13 14:58:00,14:58:00,255.65,261.85,251.3,253.4,18005
2026-04-13 14:59:00,14:59:00,251.3,266.2,251.25,266.2,11440
2026-04-13 15:00:00,15:00:00,263.5,312.35,263.5,311.05,63830
2026-04-13 15:01:00,15:01:00,313.75,323.15,302.3,306.35,67925
2026-04-13 15:02:00,15:02:00,308.6,308.6,287.8,287.8,18135
2026-04-13 15:03:00,15:03:00,286.45,295.4,276.0,295.4,15015
2026-04-13 15:04:00,15:04:00,293.15,305.1,289.7,305.1,12610
2026-04-13 15:05:00,15:05:00,308.0,311.4,300.65,303.2,15990
2026-04-13 15:06:00,15:06:00,303.9,305.25,295.0,298.75,34125
2026-04-13 15:07:00,15:07:00,298.5,312.2,298.5,310.2,14950
2026-04-13 15:08:00,15:08:00,313.2,322.75,307.75,321.4,27950
2026-04-13 15:09:00,15:09:00,320.7,321.4,313.75,317.15,25545
2026-04-13 15:10:00,15:10:00,317.55,325.0,317.15,318.6,10595
2026-04-13 15:11:00,15:11:00,315.25,318.6,310.0,310.0,6695
2026-04-13 15:12:00,15:12:00,309.55,314.05,304.6,313.1,7605
2026-04-13 15:13:00,15:13:00,314.65,317.7,313.1,313.95,44005
2026-04-13 15:14:00,15:14:00,316.4,316.4,309.25,312.25,9165
2026-04-13 15:15:00,15:15:00,312.4,315.6,311.8,312.2,5850
2026-04-13 15:16:00,15:16:00,312.5,313.25,311.85,312.5,1885
2026-04-13 15:17:00,15:17:00,312.0,314.6,310.8,311.4,2080
2026-04-13 15:18:00,15:18:00,310.2,312.45,310.2,312.1,2145
2026-04-13 15:19:00,15:19:00,310.75,312.95,308.55,312.7,8450
2026-04-13 15:20:00,15:20:00,313.5,314.7,311.25,311.9,5850
2026-04-13 15:21:00,15:21:00,311.05,311.9,310.5,311.1,1560
2026-04-13 15:22:00,15:22:00,310.35,311.3,309.1,310.85,5005
2026-04-13 15:23:00,15:23:00,311.7,312.55,310.8,310.9,3575
2026-04-13 15:24:00,15:24:00,310.85,310.9,309.2,309.65,8515
2026-04-13 15:25:00,15:25:00,309.85,310.25,308.5,309.0,12740
2026-04-13 15:26:00,15:26:00,308.9,309.0,307.8,307.8,1235
2026-04-13 15:27:00,15:27:00,307.65,308.0,306.65,306.65,1755
2026-04-13 15:28:00,15:28:00,306.65,307.0,306.4,307.0,1560
2026-04-13 15:29:00,15:29:00,306.7,307.0,306.0,306.75,9035
2026-04-15 09:15:00,09:15:00,251.0,251.0,167.4,175.7,546520
2026-04-15 09:16:00,09:16:00,178.05,190.2,175.15,177.6,369850
2026-04-15 09:17:00,09:17:00,177.55,183.4,175.45,179.45,189410
2026-04-15 09:18:00,09:18:00,178.9,180.05,172.15,175.0,172575
2026-04-15 09:19:00,09:19:00,175.45,177.75,173.5,176.0,106535
2026-04-15 09:20:00,09:20:00,175.55,176.7,171.8,174.5,138905
2026-04-15 09:21:00,09:21:00,175.0,183.9,173.5,182.7,192400
2026-04-15 09:22:00,09:22:00,184.0,186.65,177.5,184.25,212745
2026-04-15 09:23:00,09:23:00,184.25,185.55,178.95,181.2,127400
2026-04-15 09:24:00,09:24:00,181.0,187.75,181.0,186.25,142220
2026-04-15 09:25:00,09:25:00,185.9,188.75,183.9,184.45,195845
2026-04-15 09:26:00,09:26:00,184.85,189.5,184.45,189.5,148200
2026-04-15 09:27:00,09:27:00,189.2,200.4,187.5,199.9,526370
2026-04-15 09:28:00,09:28:00,200.6,202.9,196.95,200.5,546130
2026-04-15 09:29:00,09:29:00,200.55,203.4,197.6,199.05,314535
2026-04-15 09:30:00,09:30:00,198.1,208.75,198.0,206.3,522015
2026-04-15 09:31:00,09:31:00,207.6,211.1,206.3,206.85,498420
2026-04-15 09:32:00,09:32:00,206.8,213.0,205.65,207.2,416065
2026-04-15 09:33:00,09:33:00,206.2,213.9,204.65,212.2,433485
2026-04-15 09:34:00,09:34:00,211.9,218.1,210.95,215.7,559845
2026-04-15 09:35:00,09:35:00,215.75,217.45,212.65,215.6,301535
2026-04-15 09:36:00,09:36:00,215.8,218.3,210.3,216.5,413465
2026-04-15 09:37:00,09:37:00,215.8,217.05,212.9,215.2,219180
2026-04-15 09:38:00,09:38:00,215.7,232.65,214.5,232.65,897715
2026-04-15 09:39:00,09:39:00,232.4,234.8,226.5,230.65,705120
2026-04-15 09:40:00,09:40:00,229.1,231.0,217.0,218.8,602420
2026-04-15 09:41:00,09:41:00,219.15,219.75,213.6,215.6,368290
2026-04-15 09:42:00,09:42:00,215.4,215.6,208.75,208.75,408135
2026-04-15 09:43:00,09:43:00,208.6,208.9,198.45,198.45,412035
2026-04-15 09:44:00,09:44:00,197.1,199.55,194.75,199.55,325195
2026-04-15 09:45:00,09:45:00,198.4,199.55,190.05,190.95,304525
2026-04-15 09:46:00,09:46:00,190.5,193.3,188.9,190.2,208910
2026-04-15 09:47:00,09:47:00,190.75,195.0,189.9,193.25,167375
2026-04-15 09:48:00,09:48:00,193.8,202.75,193.25,200.45,445315
2026-04-15 09:49:00,09:49:00,200.3,205.2,199.05,204.5,316225
2026-04-15 09:50:00,09:50:00,204.65,210.0,202.6,209.3,515905
2026-04-15 09:51:00,09:51:00,208.0,209.3,201.55,202.75,325455
2026-04-15 09:52:00,09:52:00,203.25,203.75,195.9,198.3,280280
2026-04-15 09:53:00,09:53:00,197.65,200.0,196.3,196.75,105040
2026-04-15 09:54:00,09:54:00,196.1,198.25,193.0,198.1,156715
2026-04-15 09:55:00,09:55:00,197.4,198.1,190.1,190.5,204035
2026-04-15 09:56:00,09:56:00,192.4,195.6,190.5,193.05,146380
2026-04-15 09:57:00,09:57:00,193.1,194.85,189.0,191.9,171730
2026-04-15 09:58:00,09:58:00,191.25,198.15,191.0,196.6,152815
2026-04-15 09:59:00,09:59:00,195.6,197.45,192.2,193.0,118495
2026-04-15 10:00:00,10:00:00,192.9,193.0,189.25,191.75,145665
2026-04-15 10:01:00,10:01:00,191.55,193.65,185.8,193.65,225485
2026-04-15 10:02:00,10:02:00,193.5,196.95,192.3,194.4,154310
2026-04-15 10:03:00,10:03:00,192.55,194.4,189.5,189.5,92950
2026-04-15 10:04:00,10:04:00,189.75,191.0,186.4,187.0,103415
2026-04-15 10:05:00,10:05:00,186.0,187.0,183.5,186.65,240890
2026-04-15 10:06:00,10:06:00,186.65,186.65,181.65,182.2,161005
2026-04-15 10:07:00,10:07:00,181.35,182.2,178.1,180.7,237705
2026-04-15 10:08:00,10:08:00,180.75,185.55,180.7,183.45,148850
2026-04-15 10:09:00,10:09:00,184.3,184.7,179.7,181.7,124540
2026-04-15 10:10:00,10:10:00,182.45,182.45,177.1,178.0,209170
2026-04-15 10:11:00,10:11:00,178.2,180.3,176.6,178.05,122720
2026-04-15 10:12:00,10:12:00,177.45,178.05,174.4,177.9,191100
2026-04-15 10:13:00,10:13:00,177.9,180.0,177.0,178.5,100750
2026-04-15 10:14:00,10:14:00,178.95,179.35,177.35,178.0,67730
2026-04-15 10:15:00,10:15:00,177.65,178.0,173.5,176.15,231855
2026-04-15 10:16:00,10:16:00,176.35,177.85,174.8,175.75,78585
2026-04-15 10:17:00,10:17:00,175.9,177.05,175.0,176.95,61100
2026-04-15 10:18:00,10:18:00,176.65,177.25,172.7,174.15,101465
2026-04-15 10:19:00,10:19:00,173.4,174.15,171.2,172.25,148525
2026-04-15 10:20:00,10:20:00,172.2,172.25,169.0,169.25,181480
2026-04-15 10:21:00,10:21:00,169.75,174.1,169.25,174.1,96590
2026-04-15 10:22:00,10:22:00,173.8,176.35,172.55,173.3,130585
2026-04-15 10:23:00,10:23:00,172.85,173.4,168.1,168.25,125255
2026-04-15 10:24:00,10:24:00,169.75,172.8,168.25,172.35,82550
2026-04-15 10:25:00,10:25:00,172.4,174.65,171.5,173.0,110110
2026-04-15 10:26:00,10:26:00,172.55,173.9,171.5,173.8,43030
2026-04-15 10:27:00,10:27:00,173.25,173.8,170.6,171.0,47775
2026-04-15 10:28:00,10:28:00,171.5,173.45,170.8,173.1,41925
2026-04-15 10:29:00,10:29:00,172.95,174.5,172.05,172.05,62855
2026-04-15 10:30:00,10:30:00,172.15,172.45,167.8,169.9,182585
2026-04-15 10:31:00,10:31:00,169.85,172.95,169.6,172.7,61165
2026-04-15 10:32:00,10:32:00,172.8,173.35,170.5,171.8,71500
2026-04-15 10:33:00,10:33:00,171.5,172.75,170.85,171.55,49985
2026-04-15 10:34:00,10:34:00,171.4,174.8,170.25,173.45,65845
2026-04-15 10:35:00,10:35:00,173.25,174.55,172.0,174.15,65780
2026-04-15 10:36:00,10:36:00,173.8,177.75,172.6,177.75,103480
2026-04-15 10:37:00,10:37:00,176.8,177.9,173.9,173.9,160875
2026-04-15 10:38:00,10:38:00,175.0,175.1,172.45,174.2,54925
2026-04-15 10:39:00,10:39:00,174.15,177.7,174.15,177.1,97565
2026-04-15 10:40:00,10:40:00,176.5,177.1,174.55,175.7,112125
2026-04-15 10:41:00,10:41:00,175.8,177.95,174.35,176.75,99775
2026-04-15 10:42:00,10:42:00,177.05,177.7,175.75,176.4,55250
2026-04-15 10:43:00,10:43:00,176.0,178.0,175.2,177.8,38740
2026-04-15 10:44:00,10:44:00,178.0,180.8,177.6,178.3,143520
2026-04-15 10:45:00,10:45:00,178.5,178.7,174.9,178.25,86645
2026-04-15 10:46:00,10:46:00,178.05,178.25,175.55,177.9,40820
2026-04-15 10:47:00,10:47:00,177.8,178.0,175.3,176.3,46215
2026-04-15 10:48:00,10:48:00,175.95,177.35,172.85,175.9,75985
2026-04-15 10:49:00,10:49:00,175.25,176.95,174.55,176.95,30095
2026-04-15 10:50:00,10:50:00,177.4,183.4,176.1,182.7,225420
2026-04-15 10:51:00,10:51:00,183.2,185.0,180.85,184.3,182910
2026-04-15 10:52:00,10:52:00,184.45,187.65,183.9,187.65,179855
2026-04-15 10:53:00,10:53:00,187.6,195.6,187.35,194.55,284635
2026-04-15 10:54:00,10:54:00,195.35,195.8,186.7,189.45,259155
2026-04-15 10:55:00,10:55:00,189.6,190.0,185.15,187.25,140660
2026-04-15 10:56:00,10:56:00,188.45,191.1,187.25,188.85,86320
2026-04-15 10:57:00,10:57:00,188.35,190.0,185.05,185.25,95160
2026-04-15 10:58:00,10:58:00,185.0,190.95,184.7,190.4,93535
2026-04-15 10:59:00,10:59:00,190.0,191.1,188.45,191.05,98475
2026-04-15 11:00:00,11:00:00,191.0,196.8,191.0,194.1,347945
2026-04-15 11:01:00,11:01:00,194.7,195.3,190.1,192.25,136500
2026-04-15 11:02:00,11:02:00,192.05,192.25,188.0,190.1,100880
2026-04-15 11:03:00,11:03:00,190.5,194.7,190.1,192.4,95680
2026-04-15 11:04:00,11:04:00,192.7,193.75,190.5,192.45,50895
2026-04-15 11:05:00,11:05:00,192.25,195.9,191.65,195.3,116220
2026-04-15 11:06:00,11:06:00,195.55,198.9,195.3,196.9,225290
2026-04-15 11:07:00,11:07:00,197.85,202.95,196.9,201.15,408005
2026-04-15 11:08:00,11:08:00,200.5,201.15,197.45,198.75,211120
2026-04-15 11:09:00,11:09:00,199.65,207.0,198.75,205.45,301340
2026-04-15 11:10:00,11:10:00,205.55,211.4,203.6,210.45,480285
2026-04-15 11:11:00,11:11:00,211.4,211.65,204.15,206.5,356850
2026-04-15 11:12:00,11:12:00,206.15,208.8,203.1,207.8,220025
2026-04-15 11:13:00,11:13:00,206.75,209.0,205.3,208.35,175435
2026-04-15 11:14:00,11:14:00,207.85,209.5,205.15,209.5,177970
2026-04-15 11:15:00,11:15:00,210.0,214.8,206.2,206.2,464165
2026-04-15 11:16:00,11:16:00,206.0,208.1,204.3,205.5,209170
2026-04-15 11:17:00,11:17:00,204.4,205.5,200.15,203.0,262535
2026-04-15 11:18:00,11:18:00,202.5,204.7,198.0,204.7,237900
2026-04-15 11:19:00,11:19:00,204.5,210.35,203.5,208.95,289250
2026-04-15 11:20:00,11:20:00,209.15,209.15,204.05,206.15,181870
2026-04-15 11:21:00,11:21:00,204.75,207.25,204.0,204.6,93600
2026-04-15 11:22:00,11:22:00,204.0,205.8,201.75,205.0,167245
2026-04-15 11:23:00,11:23:00,204.9,207.0,202.35,207.0,102830
2026-04-15 11:24:00,11:24:00,206.7,207.4,201.7,201.7,118755
2026-04-15 11:25:00,11:25:00,202.45,206.5,201.7,204.7,93080
2026-04-15 11:26:00,11:26:00,204.9,209.95,203.55,209.7,206375
2026-04-15 11:27:00,11:27:00,209.85,209.85,203.9,204.25,159445
2026-04-15 11:28:00,11:28:00,203.1,208.25,202.8,206.8,106340
2026-04-15 11:29:00,11:29:00,206.45,207.5,203.75,207.0,72410
2026-04-15 11:30:00,11:30:00,206.3,207.4,202.65,205.3,112190
2026-04-15 11:31:00,11:31:00,205.65,207.0,204.1,204.45,87165
2026-04-15 11:32:00,11:32:00,204.45,207.75,203.9,206.6,65000
2026-04-15 11:33:00,11:33:00,205.95,207.05,204.5,206.2,79560
2026-04-15 11:34:00,11:34:00,206.5,206.5,202.9,206.0,61685
2026-04-15 11:35:00,11:35:00,205.7,206.0,199.9,200.0,181155
2026-04-15 11:36:00,11:36:00,199.9,202.75,199.5,200.3,104455
2026-04-15 11:37:00,11:37:00,200.35,202.1,199.15,202.1,83655
2026-04-15 11:38:00,11:38:00,202.3,202.8,200.95,202.5,59345
2026-04-15 11:39:00,11:39:00,202.6,202.85,200.1,200.5,77545
2026-04-15 11:40:00,11:40:00,200.0,203.25,198.6,200.55,107965
2026-04-15 11:41:00,11:41:00,200.5,200.55,195.85,198.4,177125
2026-04-15 11:42:00,11:42:00,199.35,199.85,194.8,194.8,122005
2026-04-15 11:43:00,11:43:00,194.5,194.9,192.7,193.25,125970
2026-04-15 11:44:00,11:44:00,193.45,195.8,191.3,191.75,121615
2026-04-15 11:45:00,11:45:00,191.65,198.0,190.05,196.2,199290
2026-04-15 11:46:00,11:46:00,196.25,197.0,194.65,195.75,68705
2026-04-15 11:47:00,11:47:00,195.45,197.8,192.35,192.35,55770
2026-04-15 11:48:00,11:48:00,192.0,192.55,186.2,186.45,212810
2026-04-15 11:49:00,11:49:00,186.0,186.45,183.3,184.4,191685
2026-04-15 11:50:00,11:50:00,184.05,186.0,183.0,185.4,68770
2026-04-15 11:51:00,11:51:00,184.95,185.5,181.55,184.9,74100
2026-04-15 11:52:00,11:52:00,184.9,186.7,184.6,186.3,57850
2026-04-15 11:53:00,11:53:00,186.4,187.4,185.45,186.35,52780
2026-04-15 11:54:00,11:54:00,186.3,186.35,183.0,183.95,110240
2026-04-15 11:55:00,11:55:00,183.85,185.95,183.2,183.85,55770
2026-04-15 11:56:00,11:56:00,183.65,185.45,182.1,184.9,65715
2026-04-15 11:57:00,11:57:00,185.0,186.15,183.7,186.15,43745
2026-04-15 11:58:00,11:58:00,186.15,187.0,184.25,186.35,117065
2026-04-15 11:59:00,11:59:00,186.3,186.8,184.45,185.2,44980
2026-04-15 12:00:00,12:00:00,184.65,185.2,180.35,181.05,152490
2026-04-15 12:01:00,12:01:00,181.0,184.4,181.0,183.0,46995
2026-04-15 12:02:00,12:02:00,183.0,184.4,181.7,181.7,41730
2026-04-15 12:03:00,12:03:00,181.45,183.8,180.5,181.45,51870
2026-04-15 12:04:00,12:04:00,181.6,182.2,178.0,180.45,138970
2026-04-15 12:05:00,12:05:00,180.35,183.3,180.0,182.95,43485
2026-04-15 12:06:00,12:06:00,183.4,184.0,180.45,182.3,55835
2026-04-15 12:07:00,12:07:00,182.9,183.45,182.0,183.25,36075
2026-04-15 12:08:00,12:08:00,183.35,183.95,182.0,182.0,37375
2026-04-15 12:09:00,12:09:00,182.05,183.4,180.85,183.25,45565
2026-04-15 12:10:00,12:10:00,182.95,183.25,180.2,180.85,53755
2026-04-15 12:11:00,12:11:00,181.0,181.1,180.1,180.6,42380
2026-04-15 12:12:00,12:12:00,180.95,182.4,179.3,180.1,67015
2026-04-15 12:13:00,12:13:00,180.05,183.55,179.8,183.25,52910
2026-04-15 12:14:00,12:14:00,182.8,183.25,180.7,181.9,31265
2026-04-15 12:15:00,12:15:00,181.9,182.05,180.0,180.7,21775
2026-04-15 12:16:00,12:16:00,180.7,181.9,179.55,179.95,35685
2026-04-15 12:17:00,12:17:00,179.7,185.35,179.7,184.95,79430
2026-04-15 12:18:00,12:18:00,185.75,188.5,184.95,186.5,155870
2026-04-15 12:19:00,12:19:00,186.0,188.55,184.95,187.65,81770
2026-04-15 12:20:00,12:20:00,188.1,189.0,185.0,188.8,104325
2026-04-15 12:21:00,12:21:00,188.7,196.05,188.25,194.55,281905
2026-04-15 12:22:00,12:22:00,194.5,198.35,194.5,195.0,243230
2026-04-15 12:23:00,12:23:00,194.0,195.0,191.3,191.8,115440
2026-04-15 12:24:00,12:24:00,191.8,191.9,185.6,187.2,157170
2026-04-15 12:25:00,12:25:00,187.95,188.55,185.0,185.8,78715
2026-04-15 12:26:00,12:26:00,186.5,187.7,183.0,183.0,94835
2026-04-15 12:27:00,12:27:00,182.5,183.65,179.3,183.2,156130
2026-04-15 12:28:00,12:28:00,183.5,187.45,183.2,184.35,102050
2026-04-15 12:29:00,12:29:00,185.0,187.45,184.35,186.8,56420
2026-04-15 12:30:00,12:30:00,187.35,189.5,186.0,188.4,109720
2026-04-15 12:31:00,12:31:00,188.35,191.5,186.4,190.65,103025
2026-04-15 12:32:00,12:32:00,190.05,191.8,187.65,189.6,82225
2026-04-15 12:33:00,12:33:00,190.35,190.95,188.0,190.0,89245
2026-04-15 12:34:00,12:34:00,190.2,191.5,187.15,187.9,88010
2026-04-15 12:35:00,12:35:00,187.35,189.2,183.85,183.85,109460
2026-04-15 12:36:00,12:36:00,184.0,185.1,182.0,182.0,96915
2026-04-15 12:37:00,12:37:00,183.1,184.4,182.0,183.0,62465
2026-04-15 12:38:00,12:38:00,183.65,183.8,180.65,180.85,82160
2026-04-15 12:39:00,12:39:00,181.7,184.05,180.6,183.35,83460
2026-04-15 12:40:00,12:40:00,183.35,186.0,183.0,184.55,74685
2026-04-15 12:41:00,12:41:00,184.75,186.65,182.75,185.55,52065
2026-04-15 12:42:00,12:42:00,185.5,187.65,184.75,186.9,78715
2026-04-15 12:43:00,12:43:00,187.45,187.8,184.1,184.1,67405
2026-04-15 12:44:00,12:44:00,184.25,186.1,183.1,185.2,68185
2026-04-15 12:45:00,12:45:00,184.3,185.2,181.5,182.0,70720
2026-04-15 12:46:00,12:46:00,181.75,185.75,181.75,184.3,58175
2026-04-15 12:47:00,12:47:00,184.3,190.45,183.7,190.4,105625
2026-04-15 12:48:00,12:48:00,190.45,195.75,190.3,195.45,181870
2026-04-15 12:49:00,12:49:00,194.8,195.5,192.55,192.55,131040
2026-04-15 12:50:00,12:50:00,192.6,192.8,191.05,191.25,80275
2026-04-15 12:51:00,12:51:00,191.2,191.25,182.55,185.9,140725
2026-04-15 12:52:00,12:52:00,185.6,190.25,185.6,190.2,66430
2026-04-15 12:53:00,12:53:00,189.9,197.2,189.9,195.75,169325
2026-04-15 12:54:00,12:54:00,195.85,198.55,194.7,194.7,166855
2026-04-15 12:55:00,12:55:00,194.7,196.0,193.05,194.95,91975
2026-04-15 12:56:00,12:56:00,195.1,196.2,191.85,191.85,77285
2026-04-15 12:57:00,12:57:00,190.95,194.3,190.95,193.65,51675
2026-04-15 12:58:00,12:58:00,194.0,197.8,193.65,196.6,110045
2026-04-15 12:59:00,12:59:00,196.65,198.05,195.55,197.8,85215
2026-04-15 13:00:00,13:00:00,198.15,200.95,197.65,200.95,210925
2026-04-15 13:01:00,13:01:00,201.0,201.1,194.05,194.05,149435
2026-04-15 13:02:00,13:02:00,194.65,196.15,192.15,192.25,107250
2026-04-15 13:03:00,13:03:00,192.35,194.1,189.4,192.1,118235
2026-04-15 13:04:00,13:04:00,193.0,195.4,192.1,195.15,56095
2026-04-15 13:05:00,13:05:00,194.85,196.4,193.4,196.4,74945
2026-04-15 13:06:00,13:06:00,196.6,197.2,194.35,196.0,57590
2026-04-15 13:07:00,13:07:00,195.9,199.2,194.7,199.2,74360
2026-04-15 13:08:00,13:08:00,198.95,199.85,196.0,196.0,86515
2026-04-15 13:09:00,13:09:00,195.85,196.0,191.95,192.05,82420
2026-04-15 13:10:00,13:10:00,192.45,192.45,190.0,190.0,80470
2026-04-15 13:11:00,13:11:00,189.6,191.3,186.45,186.5,121355
2026-04-15 13:12:00,13:12:00,186.85,188.25,182.3,185.95,149175
2026-04-15 13:13:00,13:13:00,186.05,189.25,185.0,186.45,78260
2026-04-15 13:14:00,13:14:00,186.95,188.0,184.3,184.9,45175
2026-04-15 13:15:00,13:15:00,185.6,189.05,184.85,186.0,58565
2026-04-15 13:16:00,13:16:00,185.95,187.0,182.55,184.65,73255
2026-04-15 13:17:00,13:17:00,184.4,186.1,183.0,184.0,66950
2026-04-15 13:18:00,13:18:00,183.7,184.5,182.45,183.4,78000
2026-04-15 13:19:00,13:19:00,183.2,183.95,180.85,181.25,94120
2026-04-15 13:20:00,13:20:00,181.6,183.05,180.6,182.7,80145
2026-04-15 13:21:00,13:21:00,182.3,187.0,182.25,186.75,95875
2026-04-15 13:22:00,13:22:00,186.35,191.25,186.35,189.45,197600
2026-04-15 13:23:00,13:23:00,189.6,194.25,188.9,194.25,135070
2026-04-15 13:24:00,13:24:00,194.4,203.05,194.25,202.25,377325
2026-04-15 13:25:00,13:25:00,202.45,203.0,199.0,201.05,273845
2026-04-15 13:26:00,13:26:00,201.0,203.2,199.3,199.3,187200
2026-04-15 13:27:00,13:27:00,199.1,200.65,195.95,200.6,176605
2026-04-15 13:28:00,13:28:00,199.6,202.9,199.25,202.5,104910
2026-04-15 13:29:00,13:29:00,202.7,203.8,200.8,202.4,179790
2026-04-15 13:30:00,13:30:00,202.55,205.9,202.35,202.55,263835
2026-04-15 13:31:00,13:31:00,202.5,202.55,197.85,198.5,171600
2026-04-15 13:32:00,13:32:00,199.05,199.65,190.55,191.4,267540
2026-04-15 13:33:00,13:33:00,190.5,191.4,186.25,187.5,168480
2026-04-15 13:34:00,13:34:00,187.85,192.75,186.35,192.05,107445
2026-04-15 13:35:00,13:35:00,192.45,193.8,184.8,184.8,157105
2026-04-15 13:36:00,13:36:00,184.6,186.85,184.2,186.8,104195
2026-04-15 13:37:00,13:37:00,187.0,189.45,186.7,188.8,65130
2026-04-15 13:38:00,13:38:00,189.3,191.7,188.8,191.55,60970
2026-04-15 13:39:00,13:39:00,192.05,203.7,191.55,202.2,358475
2026-04-15 13:40:00,13:40:00,202.15,204.15,197.05,197.5,208845
2026-04-15 13:41:00,13:41:00,197.85,198.3,192.95,192.95,111865
2026-04-15 13:42:00,13:42:00,193.05,193.05,189.1,190.6,139295
2026-04-15 13:43:00,13:43:00,191.1,192.5,188.75,190.0,59800
2026-04-15 13:44:00,13:44:00,190.1,190.3,188.0,189.55,89050
2026-04-15 13:45:00,13:45:00,189.5,190.7,186.7,189.5,120835
2026-04-15 13:46:00,13:46:00,189.35,191.75,188.55,191.75,55575
2026-04-15 13:47:00,13:47:00,191.6,193.05,190.55,192.7,90090
2026-04-15 13:48:00,13:48:00,192.3,193.45,191.1,192.8,76505
2026-04-15 13:49:00,13:49:00,192.8,194.9,190.8,191.2,75855
2026-04-15 13:50:00,13:50:00,190.4,192.25,189.4,189.55,62790
2026-04-15 13:51:00,13:51:00,190.05,191.85,189.1,191.2,57330
2026-04-15 13:52:00,13:52:00,191.45,195.4,191.0,194.45,90415
2026-04-15 13:53:00,13:53:00,194.3,197.0,194.25,194.25,110565
2026-04-15 13:54:00,13:54:00,193.0,196.75,191.75,196.3,73515
2026-04-15 13:55:00,13:55:00,195.7,196.2,191.25,191.4,62985
2026-04-15 13:56:00,13:56:00,191.05,191.4,186.0,186.25,119015
2026-04-15 13:57:00,13:57:00,187.0,188.7,186.0,188.3,64090
2026-04-15 13:58:00,13:58:00,188.5,189.2,185.0,187.65,75790
2026-04-15 13:59:00,13:59:00,187.9,188.5,184.05,185.0,73320
2026-04-15 14:00:00,14:00:00,185.0,185.75,183.05,184.5,88465
2026-04-15 14:01:00,14:01:00,184.85,185.7,183.45,183.75,71370
2026-04-15 14:02:00,14:02:00,183.5,183.95,181.5,183.2,98735
2026-04-15 14:03:00,14:03:00,183.05,184.1,179.3,180.15,152035
2026-04-15 14:04:00,14:04:00,180.05,183.95,179.2,181.9,83850
2026-04-15 14:05:00,14:05:00,181.55,183.15,180.95,183.1,50895
2026-04-15 14:06:00,14:06:00,182.85,183.1,180.2,180.6,47320
2026-04-15 14:07:00,14:07:00,180.45,180.85,178.55,180.2,95355
2026-04-15 14:08:00,14:08:00,180.35,181.3,178.6,180.35,53495
2026-04-15 14:09:00,14:09:00,180.35,181.75,179.45,181.25,70135
2026-04-15 14:10:00,14:10:00,181.05,184.8,180.9,184.0,129415
2026-04-15 14:11:00,14:11:00,184.1,187.0,181.8,182.6,144495
2026-04-15 14:12:00,14:12:00,182.5,182.6,175.65,176.15,279370
2026-04-15 14:13:00,14:13:00,176.75,181.25,176.15,180.25,86190
2026-04-15 14:14:00,14:14:00,181.7,182.65,180.25,181.1,67990
2026-04-15 14:15:00,14:15:00,181.25,184.85,180.9,184.55,94250
2026-04-15 14:16:00,14:16:00,184.6,185.0,182.0,182.4,83135
2026-04-15 14:17:00,14:17:00,182.1,182.4,179.0,180.65,72345
2026-04-15 14:18:00,14:18:00,180.7,184.0,180.3,182.9,60515
2026-04-15 14:19:00,14:19:00,183.15,183.65,180.4,180.4,43030
2026-04-15 14:20:00,14:20:00,180.95,182.5,179.7,180.35,49920
2026-04-15 14:21:00,14:21:00,179.75,180.35,176.8,176.8,97890
2026-04-15 14:22:00,14:22:00,177.65,179.65,176.1,179.1,106600
2026-04-15 14:23:00,14:23:00,179.25,182.55,179.1,182.1,82095
2026-04-15 14:24:00,14:24:00,181.65,182.5,180.45,182.1,76050
2026-04-15 14:25:00,14:25:00,181.5,182.4,178.65,179.3,89570
2026-04-15 14:26:00,14:26:00,178.9,180.15,177.05,178.05,61230
2026-04-15 14:27:00,14:27:00,178.2,178.35,175.6,178.0,71240
2026-04-15 14:28:00,14:28:00,178.9,179.85,177.45,177.45,37570
2026-04-15 14:29:00,14:29:00,177.55,178.5,175.6,175.6,38675
2026-04-15 14:30:00,14:30:00,176.0,176.0,171.8,175.2,228020
2026-04-15 14:31:00,14:31:00,175.0,175.85,173.0,174.3,58500
2026-04-15 14:32:00,14:32:00,174.3,180.65,173.9,179.45,90025
2026-04-15 14:33:00,14:33:00,179.1,180.2,177.5,178.9,72800
2026-04-15 14:34:00,14:34:00,178.5,178.9,176.15,176.95,64545
2026-04-15 14:35:00,14:35:00,177.5,181.0,176.95,179.25,101530
2026-04-15 14:36:00,14:36:00,179.6,181.2,178.55,180.8,54535
2026-04-15 14:37:00,14:37:00,180.0,184.4,180.0,183.1,129545
2026-04-15 14:38:00,14:38:00,182.95,185.0,182.05,185.0,78130
2026-04-15 14:39:00,14:39:00,184.95,185.0,182.9,183.2,83460
2026-04-15 14:40:00,14:40:00,182.85,183.5,181.3,181.65,62140
2026-04-15 14:41:00,14:41:00,182.1,183.5,181.6,182.45,54015
2026-04-15 14:42:00,14:42:00,183.45,183.45,179.65,179.65,65520
2026-04-15 14:43:00,14:43:00,180.3,181.55,179.0,181.55,47515
2026-04-15 14:44:00,14:44:00,180.75,183.85,180.75,183.3,101140
2026-04-15 14:45:00,14:45:00,182.6,185.3,181.5,184.45,169065
2026-04-15 14:46:00,14:46:00,184.15,184.65,182.9,183.8,53885
2026-04-15 14:47:00,14:47:00,183.6,184.0,179.9,180.5,79365
2026-04-15 14:48:00,14:48:00,180.3,183.0,179.85,181.85,44785
2026-04-15 14:49:00,14:49:00,181.8,181.9,178.0,178.5,84240
2026-04-15 14:50:00,14:50:00,179.2,182.05,178.5,180.85,83915
2026-04-15 14:51:00,14:51:00,181.0,181.05,174.55,175.1,198055
2026-04-15 14:52:00,14:52:00,174.7,175.9,171.85,171.95,134030
2026-04-15 14:53:00,14:53:00,173.0,175.3,171.95,175.05,95680
2026-04-15 14:54:00,14:54:00,175.35,176.0,174.5,174.8,90415
2026-04-15 14:55:00,14:55:00,175.15,176.95,174.8,175.65,57005
2026-04-15 14:56:00,14:56:00,175.55,177.55,174.05,174.05,62010
2026-04-15 14:57:00,14:57:00,174.25,176.1,173.5,174.9,59475
2026-04-15 14:58:00,14:58:00,174.7,175.3,172.2,172.2,48945
2026-04-15 14:59:00,14:59:00,172.0,172.35,169.4,171.85,141440
2026-04-15 15:00:00,15:00:00,170.4,181.3,170.25,179.1,242320
2026-04-15 15:01:00,15:01:00,178.15,182.0,178.0,180.75,164580
2026-04-15 15:02:00,15:02:00,179.95,181.45,178.4,180.25,83590
2026-04-15 15:03:00,15:03:00,180.0,181.1,178.0,180.15,63310
2026-04-15 15:04:00,15:04:00,180.1,181.45,178.0,178.0,53560
2026-04-15 15:05:00,15:05:00,178.25,180.9,177.65,180.9,75205
2026-04-15 15:06:00,15:06:00,180.6,182.05,180.5,181.3,111410
2026-04-15 15:07:00,15:07:00,181.85,189.4,181.3,187.75,287885
2026-04-15 15:08:00,15:08:00,187.45,191.0,186.2,189.85,172055
2026-04-15 15:09:00,15:09:00,190.6,193.25,188.9,190.0,252785
2026-04-15 15:10:00,15:10:00,190.15,192.5,188.1,189.75,119080
2026-04-15 15:11:00,15:11:00,189.35,192.4,189.35,191.5,81120
2026-04-15 15:12:00,15:12:00,191.3,191.5,188.5,189.95,97175
2026-04-15 15:13:00,15:13:00,190.15,190.25,186.75,188.6,106210
2026-04-15 15:14:00,15:14:00,188.75,190.3,186.85,190.3,258505
2026-04-15 15:15:00,15:15:00,190.0,192.9,187.45,187.8,225875
2026-04-15 15:16:00,15:16:00,187.9,190.65,187.25,190.1,71110
2026-04-15 15:17:00,15:17:00,190.2,190.45,188.0,188.5,83005
2026-04-15 15:18:00,15:18:00,188.85,189.45,187.6,188.9,74425
2026-04-15 15:19:00,15:19:00,189.35,192.0,188.8,191.75,115245
2026-04-15 15:20:00,15:20:00,191.85,191.85,189.35,190.8,98410
2026-04-15 15:21:00,15:21:00,190.55,191.45,190.1,191.2,67405
2026-04-15 15:22:00,15:22:00,191.2,191.5,190.4,191.0,105040
2026-04-15 15:23:00,15:23:00,190.85,192.65,190.3,192.65,107380
2026-04-15 15:24:00,15:24:00,192.55,192.9,192.0,192.45,83460
2026-04-15 15:25:00,15:25:00,192.05,194.3,191.35,193.8,170040
2026-04-15 15:26:00,15:26:00,193.65,194.3,192.9,193.65,81185
2026-04-15 15:27:00,15:27:00,193.85,194.4,193.5,194.05,97695
2026-04-15 15:28:00,15:28:00,193.5,195.0,193.15,195.0,136825
2026-04-15 15:29:00,15:29:00,194.95,196.55,194.15,196.5,157040
2026-04-16 09:15:00,09:15:00,150.0,150.0,114.15,126.25,397150
2026-04-16 09:16:00,09:16:00,127.65,129.7,123.9,125.0,211055
2026-04-16 09:17:00,09:17:00,124.75,125.0,118.4,118.4,142415
2026-04-16 09:18:00,09:18:00,104.25,105.65,101.4,101.75,213850
2026-04-16 09:19:00,09:19:00,115.0,115.8,111.15,111.15,134290
2026-04-16 09:20:00,09:20:00,111.3,112.9,108.5,112.35,222885
2026-04-16 09:21:00,09:21:00,112.0,113.0,110.95,111.5,81120
2026-04-16 09:22:00,09:22:00,111.7,113.5,109.8,109.8,76570
2026-04-16 09:23:00,09:23:00,110.35,112.55,108.45,109.6,87360
2026-04-16 09:24:00,09:24:00,109.45,112.7,105.6,107.1,135980
2026-04-16 09:25:00,09:25:00,106.35,107.1,102.4,105.05,136305
2026-04-16 09:26:00,09:26:00,106.0,106.55,104.1,105.05,81250
2026-04-16 09:27:00,09:27:00,105.4,106.45,102.6,106.45,66430
2026-04-16 09:28:00,09:28:00,106.6,108.35,104.45,104.45,75465
2026-04-16 09:29:00,09:29:00,104.35,107.55,102.5,106.75,53300
2026-04-16 09:30:00,09:30:00,106.95,107.45,104.2,105.85,75400
2026-04-16 09:31:00,09:31:00,106.65,110.65,105.75,110.2,59800
2026-04-16 09:32:00,09:32:00,110.7,114.5,109.95,114.25,111345
2026-04-16 09:33:00,09:33:00,115.15,116.75,113.6,114.7,133965
2026-04-16 09:34:00,09:34:00,114.4,116.65,114.35,114.8,85215
2026-04-16 09:35:00,09:35:00,114.65,117.75,114.05,116.85,139230
2026-04-16 09:36:00,09:36:00,116.6,118.95,115.0,118.0,181350
2026-04-16 09:37:00,09:37:00,117.75,125.0,117.75,124.7,234390
2026-04-16 09:38:00,09:38:00,124.35,135.25,124.0,133.3,294515
2026-04-16 09:39:00,09:39:00,133.65,136.3,126.95,126.95,242645
2026-04-16 09:40:00,09:40:00,126.85,137.15,126.35,136.6,247130
2026-04-16 09:41:00,09:41:00,136.5,138.45,133.95,137.0,198120
2026-04-16 09:42:00,09:42:00,137.2,139.45,133.65,137.25,157040
2026-04-16 09:43:00,09:43:00,136.4,139.45,134.8,137.55,130000
2026-04-16 09:44:00,09:44:00,137.15,139.9,135.5,139.9,93795
2026-04-16 09:45:00,09:45:00,139.7,143.8,138.1,138.1,207350
2026-04-16 09:46:00,09:46:00,138.4,138.4,129.8,130.7,178295
2026-04-16 09:47:00,09:47:00,130.65,133.1,127.95,132.2,70460
2026-04-16 09:48:00,09:48:00,132.4,132.8,127.3,129.5,75400
2026-04-16 09:49:00,09:49:00,129.6,131.7,127.55,128.35,49335
2026-04-16 09:50:00,09:50:00,128.25,128.6,124.95,127.3,74945
2026-04-16 09:51:00,09:51:00,127.75,132.65,127.0,127.6,95030
2026-04-16 09:52:00,09:52:00,128.4,129.25,124.6,128.05,65585
2026-04-16 09:53:00,09:53:00,128.3,136.25,128.05,135.9,94835
2026-04-16 09:54:00,09:54:00,136.25,138.7,132.75,133.95,114660
2026-04-16 09:55:00,09:55:00,133.9,137.85,133.9,137.1,76570
2026-04-16 09:56:00,09:56:00,136.6,142.7,136.6,141.25,109915
2026-04-16 09:57:00,09:57:00,141.95,148.75,141.25,147.7,197600
2026-04-16 09:58:00,09:58:00,147.75,148.8,144.65,146.5,129220
2026-04-16 09:59:00,09:59:00,146.35,151.4,146.2,150.4,119990
2026-04-16 10:00:00,10:00:00,150.6,151.0,147.75,150.2,118560
2026-04-16 10:01:00,10:01:00,149.3,152.6,144.25,144.25,170495
2026-04-16 10:02:00,10:02:00,144.55,145.7,142.45,143.5,113165
2026-04-16 10:03:00,10:03:00,143.95,147.2,142.65,144.4,72410
2026-04-16 10:04:00,10:04:00,143.9,144.95,136.05,136.1,137410
2026-04-16 10:05:00,10:05:00,137.7,140.0,136.1,137.7,83850
2026-04-16 10:06:00,10:06:00,138.1,145.0,137.7,144.45,91195
2026-04-16 10:07:00,10:07:00,144.2,144.95,138.5,138.75,74100
2026-04-16 10:08:00,10:08:00,138.95,138.95,134.25,134.6,98865
2026-04-16 10:09:00,10:09:00,133.8,136.9,132.75,134.6,62075
2026-04-16 10:10:00,10:10:00,134.9,135.0,131.2,132.45,66365
2026-04-16 10:11:00,10:11:00,132.1,134.65,131.85,133.2,30680
2026-04-16 10:12:00,10:12:00,133.0,139.2,133.0,137.55,83980
2026-04-16 10:13:00,10:13:00,137.75,137.75,132.35,134.45,58240
2026-04-16 10:14:00,10:14:00,134.25,135.4,131.7,133.15,37505
2026-04-16 10:15:00,10:15:00,132.6,138.9,132.15,137.05,68575
2026-04-16 10:16:00,10:16:00,138.45,139.45,132.5,132.5,90025
2026-04-16 10:17:00,10:17:00,133.0,136.25,131.8,134.85,62985
2026-04-16 10:18:00,10:18:00,134.3,134.85,128.15,128.65,88335
2026-04-16 10:19:00,10:19:00,127.75,133.6,126.1,132.15,82485
2026-04-16 10:20:00,10:20:00,132.9,134.0,131.75,131.75,43485
2026-04-16 10:21:00,10:21:00,131.45,137.15,131.35,136.7,36075
2026-04-16 10:22:00,10:22:00,136.7,136.7,133.7,134.0,37310
2026-04-16 10:23:00,10:23:00,133.7,135.0,132.05,132.25,29380
2026-04-16 10:24:00,10:24:00,132.4,134.25,131.2,133.45,19890
2026-04-16 10:25:00,10:25:00,133.85,134.35,129.05,129.75,69875
2026-04-16 10:26:00,10:26:00,129.75,131.0,128.6,130.15,27950
2026-04-16 10:27:00,10:27:00,130.3,138.1,128.0,138.1,58500
2026-04-16 10:28:00,10:28:00,137.7,140.9,136.0,136.05,99840
2026-04-16 10:29:00,10:29:00,136.1,138.15,132.25,135.25,48295
2026-04-16 10:30:00,10:30:00,134.15,135.25,129.5,132.05,46540
2026-04-16 10:31:00,10:31:00,133.1,133.1,127.2,128.9,52130
2026-04-16 10:32:00,10:32:00,128.7,132.65,127.95,132.15,42055
2026-04-16 10:33:00,10:33:00,133.3,133.3,128.6,128.8,38675
2026-04-16 10:34:00,10:34:00,128.8,131.25,128.0,128.4,50700
2026-04-16 10:35:00,10:35:00,128.9,128.95,126.25,126.95,47580
2026-04-16 10:36:00,10:36:00,127.05,127.35,123.35,126.95,81640
2026-04-16 10:37:00,10:37:00,126.5,128.0,125.0,125.05,31200
2026-04-16 10:38:00,10:38:00,125.6,130.35,125.05,130.2,57265
2026-04-16 10:39:00,10:39:00,130.45,136.65,130.2,134.25,108615
2026-04-16 10:40:00,10:40:00,134.4,136.0,133.45,134.6,50895
2026-04-16 10:41:00,10:41:00,134.95,135.05,129.1,129.65,36660
2026-04-16 10:42:00,10:42:00,130.2,130.85,126.35,127.7,47710
2026-04-16 10:43:00,10:43:00,127.4,128.95,126.1,126.1,26065
2026-04-16 10:44:00,10:44:00,126.5,128.5,126.1,127.95,23465
2026-04-16 10:45:00,10:45:00,128.15,128.15,124.8,126.95,42120
2026-04-16 10:46:00,10:46:00,126.55,127.35,123.55,124.1,27625
2026-04-16 10:47:00,10:47:00,124.6,125.7,123.8,124.45,31720
2026-04-16 10:48:00,10:48:00,124.35,125.0,121.95,125.0,85215
2026-04-16 10:49:00,10:49:00,125.15,125.65,123.65,123.7,32955
2026-04-16 10:50:00,10:50:00,123.95,125.4,123.5,123.5,16510
2026-04-16 10:51:00,10:51:00,123.3,125.6,122.65,124.9,47255
2026-04-16 10:52:00,10:52:00,125.35,126.8,123.85,125.0,23465
2026-04-16 10:53:00,10:53:00,125.05,125.35,122.9,123.65,17550
2026-04-16 10:54:00,10:54:00,123.75,125.8,123.6,124.6,26325
2026-04-16 10:55:00,10:55:00,124.6,127.9,124.6,127.15,37895
2026-04-16 10:56:00,10:56:00,126.9,130.5,126.9,128.9,41080
2026-04-16 10:57:00,10:57:00,129.5,129.55,126.1,126.4,30160
2026-04-16 10:58:00,10:58:00,127.0,129.85,126.5,128.9,17225
2026-04-16 10:59:00,10:59:00,129.3,129.8,127.55,127.55,28665
2026-04-16 11:00:00,11:00:00,127.1,127.65,124.15,124.8,29965
2026-04-16 11:01:00,11:01:00,124.6,125.05,121.55,125.05,52455
2026-04-16 11:02:00,11:02:00,124.95,126.3,122.3,123.8,32760
2026-04-16 11:03:00,11:03:00,123.7,123.8,120.45,120.9,52975
2026-04-16 11:04:00,11:04:00,122.15,123.05,120.15,121.55,39715
2026-04-16 11:05:00,11:05:00,121.5,122.75,119.35,121.15,52195
2026-04-16 11:06:00,11:06:00,121.9,122.45,120.65,121.45,29185
2026-04-16 11:07:00,11:07:00,121.3,122.95,120.9,122.1,34385
2026-04-16 11:08:00,11:08:00,122.7,124.9,119.5,119.95,45500
2026-04-16 11:09:00,11:09:00,120.4,122.1,118.65,121.25,36855
2026-04-16 11:10:00,11:10:00,121.0,124.0,120.9,123.85,31265
2026-04-16 11:11:00,11:11:00,123.95,124.75,122.35,124.15,31590
2026-04-16 11:12:00,11:12:00,124.15,128.05,123.35,127.8,57200
2026-04-16 11:13:00,11:13:00,127.9,127.95,125.45,127.45,41470
2026-04-16 11:14:00,11:14:00,127.5,127.5,125.25,125.25,17225
2026-04-16 11:15:00,11:15:00,125.25,129.6,123.2,129.6,39325
2026-04-16 11:16:00,11:16:00,129.45,130.95,128.4,130.75,66495
2026-04-16 11:17:00,11:17:00,132.45,134.95,130.75,134.05,77220
2026-04-16 11:18:00,11:18:00,134.55,134.7,128.5,128.75,50895
2026-04-16 11:19:00,11:19:00,129.7,130.5,125.45,125.8,52390
2026-04-16 11:20:00,11:20:00,124.7,126.2,121.7,124.6,50830
2026-04-16 11:21:00,11:21:00,124.8,125.45,122.0,123.4,46800
2026-04-16 11:22:00,11:22:00,123.7,127.95,123.4,126.0,46345
2026-04-16 11:23:00,11:23:00,126.35,129.65,126.0,128.0,52650
2026-04-16 11:24:00,11:24:00,128.5,130.55,128.0,129.7,55315
2026-04-16 11:25:00,11:25:00,129.75,133.7,129.35,133.7,66755
2026-04-16 11:26:00,11:26:00,133.7,138.75,133.7,138.35,169260
2026-04-16 11:27:00,11:27:00,139.35,139.4,134.45,137.45,83265
2026-04-16 11:28:00,11:28:00,138.55,140.85,134.0,134.0,94445
2026-04-16 11:29:00,11:29:00,133.4,134.85,132.3,132.3,53885
2026-04-16 11:30:00,11:30:00,132.4,134.5,131.2,133.3,41665
2026-04-16 11:31:00,11:31:00,133.9,136.05,130.9,136.05,38935
2026-04-16 11:32:00,11:32:00,137.25,137.25,132.8,133.1,49335
2026-04-16 11:33:00,11:33:00,133.6,135.65,133.1,134.0,36660
2026-04-16 11:34:00,11:34:00,134.4,135.9,131.6,132.55,28405
2026-04-16 11:35:00,11:35:00,134.5,135.0,132.05,133.0,30810
2026-04-16 11:36:00,11:36:00,133.0,134.7,131.4,133.0,23855
2026-04-16 11:37:00,11:37:00,132.7,137.3,132.2,137.3,28990
2026-04-16 11:38:00,11:38:00,137.65,141.0,136.35,140.0,109200
2026-04-16 11:39:00,11:39:00,139.7,143.75,138.2,139.5,162240
2026-04-16 11:40:00,11:40:00,140.1,144.05,139.45,142.75,77220
2026-04-16 11:41:00,11:41:00,142.65,144.1,142.0,142.45,83980
2026-04-16 11:42:00,11:42:00,143.0,146.3,142.45,145.5,98280
2026-04-16 11:43:00,11:43:00,145.15,147.1,143.0,146.65,78455
2026-04-16 11:44:00,11:44:00,146.4,151.3,145.55,151.2,178685
2026-04-16 11:45:00,11:45:00,151.5,157.95,151.2,157.6,273000
2026-04-16 11:46:00,11:46:00,157.7,165.55,157.6,165.15,262470
2026-04-16 11:47:00,11:47:00,165.75,169.2,163.7,168.9,243620
2026-04-16 11:48:00,11:48:00,170.9,172.9,165.15,165.3,284180
2026-04-16 11:49:00,11:49:00,163.9,165.3,157.8,159.35,217425
2026-04-16 11:50:00,11:50:00,160.1,168.75,159.35,167.2,158405
2026-04-16 11:51:00,11:51:00,167.8,169.5,166.2,168.2,119730
2026-04-16 11:52:00,11:52:00,167.65,168.2,162.8,164.65,80795
2026-04-16 11:53:00,11:53:00,163.9,165.2,160.85,162.45,57070
2026-04-16 11:54:00,11:54:00,162.5,163.0,159.2,160.95,80730
2026-04-16 11:55:00,11:55:00,161.4,164.5,160.95,164.1,59475
2026-04-16 11:56:00,11:56:00,163.8,169.55,163.8,168.2,81835
2026-04-16 11:57:00,11:57:00,168.55,178.65,168.2,178.5,194025
2026-04-16 11:58:00,11:58:00,178.9,181.25,174.85,176.05,278265
2026-04-16 11:59:00,11:59:00,176.5,181.05,174.3,179.4,181090
2026-04-16 12:00:00,12:00:00,179.7,196.0,179.4,194.1,693225
2026-04-16 12:01:00,12:01:00,195.9,202.3,189.55,201.75,606190
2026-04-16 12:02:00,12:02:00,200.85,205.85,198.95,203.15,573625
2026-04-16 12:03:00,12:03:00,202.9,205.3,196.7,203.4,417625
2026-04-16 12:04:00,12:04:00,201.7,205.65,200.35,203.65,347620
2026-04-16 12:05:00,12:05:00,203.8,204.7,197.45,197.55,484055
2026-04-16 12:06:00,12:06:00,195.0,200.2,194.45,195.95,374465
2026-04-16 12:07:00,12:07:00,196.5,207.25,195.95,205.5,407225
2026-04-16 12:08:00,12:08:00,205.4,205.75,198.05,198.05,344955
2026-04-16 12:09:00,12:09:00,198.1,199.05,192.6,193.4,257595
2026-04-16 12:10:00,12:10:00,193.6,194.7,188.1,188.25,256685
2026-04-16 12:11:00,12:11:00,188.8,190.55,185.4,187.4,261885
2026-04-16 12:12:00,12:12:00,187.95,195.8,185.8,195.1,288535
2026-04-16 12:13:00,12:13:00,195.2,195.3,188.2,188.65,232310
2026-04-16 12:14:00,12:14:00,189.35,191.35,185.65,189.1,171405
2026-04-16 12:15:00,12:15:00,189.45,190.25,185.35,188.4,231725
2026-04-16 12:16:00,12:16:00,188.9,194.15,188.4,192.4,210405
2026-04-16 12:17:00,12:17:00,191.7,198.2,191.6,197.6,315185
2026-04-16 12:18:00,12:18:00,198.9,200.3,190.05,190.05,383695
2026-04-16 12:19:00,12:19:00,189.7,194.0,189.0,189.2,142220
2026-04-16 12:20:00,12:20:00,189.1,191.8,188.2,190.8,129480
2026-04-16 12:21:00,12:21:00,191.25,192.45,187.5,188.0,117325
2026-04-16 12:22:00,12:22:00,187.4,194.8,186.5,193.2,188370
2026-04-16 12:23:00,12:23:00,193.1,200.8,192.55,200.2,300820
2026-04-16 12:24:00,12:24:00,199.85,203.85,197.7,199.9,383370
2026-04-16 12:25:00,12:25:00,199.5,203.3,195.9,195.9,224510
2026-04-16 12:26:00,12:26:00,197.0,199.7,194.25,196.8,220025
2026-04-16 12:27:00,12:27:00,197.0,201.5,196.8,197.6,156845
2026-04-16 12:28:00,12:28:00,199.8,199.8,194.75,194.75,101140
2026-04-16 12:29:00,12:29:00,194.7,197.7,194.4,196.2,65715
2026-04-16 12:30:00,12:30:00,196.7,201.45,196.2,198.0,247130
2026-04-16 12:31:00,12:31:00,198.95,200.35,193.9,193.9,224055
2026-04-16 12:32:00,12:32:00,194.0,196.9,192.8,196.0,205985
2026-04-16 12:33:00,12:33:00,196.3,202.45,196.0,199.95,336180
2026-04-16 12:34:00,12:34:00,200.9,208.25,199.4,208.25,605410
2026-04-16 12:35:00,12:35:00,207.6,213.0,204.5,213.0,646100
2026-04-16 12:36:00,12:36:00,211.7,218.65,210.0,215.95,618930
2026-04-16 12:37:00,12:37:00,217.6,217.85,211.9,215.2,417040
2026-04-16 12:38:00,12:38:00,216.05,216.05,206.65,207.05,388570
2026-04-16 12:39:00,12:39:00,206.25,207.05,200.8,200.8,300625
2026-04-16 12:40:00,12:40:00,201.2,205.0,199.55,199.55,266435
2026-04-16 12:41:00,12:41:00,200.25,202.95,197.6,201.3,208780
2026-04-16 12:42:00,12:42:00,201.8,202.45,195.9,195.95,169715
2026-04-16 12:43:00,12:43:00,196.9,200.7,195.5,197.5,162760
2026-04-16 12:44:00,12:44:00,196.2,208.2,196.05,206.6,290485
2026-04-16 12:45:00,12:45:00,207.35,210.85,205.9,208.4,437320
2026-04-16 12:46:00,12:46:00,207.35,208.4,200.0,201.1,262080
2026-04-16 12:47:00,12:47:00,200.35,208.7,200.35,208.3,201630
2026-04-16 12:48:00,12:48:00,207.55,209.25,205.2,208.2,170690
2026-04-16 12:49:00,12:49:00,208.2,210.5,205.35,208.05,209690
2026-04-16 12:50:00,12:50:00,208.7,210.45,205.1,209.75,191230
2026-04-16 12:51:00,12:51:00,210.2,212.25,202.4,204.6,304005
2026-04-16 12:52:00,12:52:00,205.2,205.7,201.0,201.45,163215
2026-04-16 12:53:00,12:53:00,201.8,206.35,197.8,205.7,248300
2026-04-16 12:54:00,12:54:00,205.85,212.45,205.2,211.75,366600
2026-04-16 12:55:00,12:55:00,212.2,214.85,208.3,211.7,348270
2026-04-16 12:56:00,12:56:00,212.5,214.6,210.4,212.2,235560
2026-04-16 12:57:00,12:57:00,238.6,240.9,236.45,236.5,224770
2026-04-16 12:58:00,12:58:00,210.85,211.05,207.2,207.7,159380
2026-04-16 12:59:00,12:59:00,207.85,208.8,201.8,202.8,248690
2026-04-16 13:00:00,13:00:00,203.0,204.95,198.0,202.35,285415
2026-04-16 13:01:00,13:01:00,203.35,205.6,202.35,204.9,205205
2026-04-16 13:02:00,13:02:00,205.05,205.05,201.7,203.35,123955
2026-04-16 13:03:00,13:03:00,203.8,203.8,195.65,198.2,258830
2026-04-16 13:04:00,13:04:00,197.9,202.35,197.3,197.3,131755
2026-04-16 13:05:00,13:05:00,197.7,198.7,195.0,197.55,167310
2026-04-16 13:06:00,13:06:00,196.85,207.7,196.6,204.3,343980
2026-04-16 13:07:00,13:07:00,205.2,208.5,203.7,205.75,209755
2026-04-16 13:08:00,13:08:00,205.5,207.0,203.5,206.1,113295
2026-04-16 13:09:00,13:09:00,206.1,212.0,206.1,210.1,327600
2026-04-16 13:10:00,13:10:00,210.3,220.35,210.1,216.65,478595
2026-04-16 13:11:00,13:11:00,217.1,220.75,212.6,213.45,363025
2026-04-16 13:12:00,13:12:00,213.0,216.25,210.6,213.1,204165
2026-04-16 13:13:00,13:13:00,213.05,213.3,207.6,211.65,187785
2026-04-16 13:14:00,13:14:00,210.95,212.0,207.55,210.0,137475
2026-04-16 13:15:00,13:15:00,210.2,212.95,208.0,208.0,163150
2026-04-16 13:16:00,13:16:00,208.7,211.8,207.85,210.1,88140
2026-04-16 13:17:00,13:17:00,211.0,216.55,208.25,208.3,229255
2026-04-16 13:18:00,13:18:00,207.8,209.6,205.0,207.9,220090
2026-04-16 13:19:00,13:19:00,208.95,209.05,201.15,203.55,190190
2026-04-16 13:20:00,13:20:00,203.25,207.5,202.55,205.5,112385
2026-04-16 13:21:00,13:21:00,206.1,206.8,204.25,205.55,86060
2026-04-16 13:22:00,13:22:00,206.0,207.7,201.6,207.7,136240
2026-04-16 13:23:00,13:23:00,208.2,216.0,207.0,215.1,311870
2026-04-16 13:24:00,13:24:00,215.75,222.65,215.1,221.25,490555
2026-04-16 13:25:00,13:25:00,220.45,223.65,218.25,219.5,348595
2026-04-16 13:26:00,13:26:00,219.0,220.75,215.4,218.3,175890
2026-04-16 13:27:00,13:27:00,218.6,223.45,218.25,218.25,180310
2026-04-16 13:28:00,13:28:00,219.1,219.4,212.15,213.1,155155
2026-04-16 13:29:00,13:29:00,212.8,216.5,212.8,215.4,133250
2026-04-16 13:30:00,13:30:00,215.75,216.15,212.35,215.55,118105
2026-04-16 13:31:00,13:31:00,214.95,216.9,211.9,212.55,130195
2026-04-16 13:32:00,13:32:00,212.1,214.4,210.0,214.05,113750
2026-04-16 13:33:00,13:33:00,213.2,214.45,208.3,208.7,121420
2026-04-16 13:34:00,13:34:00,208.0,212.55,207.15,211.0,128765
2026-04-16 13:35:00,13:35:00,212.15,213.7,211.0,212.4,120120
2026-04-16 13:36:00,13:36:00,212.5,213.65,209.15,211.0,91910
2026-04-16 13:37:00,13:37:00,212.4,215.4,211.0,214.2,93665
2026-04-16 13:38:00,13:38:00,215.5,215.6,212.05,212.15,103935
2026-04-16 13:39:00,13:39:00,211.9,213.35,209.35,212.4,106730
2026-04-16 13:40:00,13:40:00,212.55,213.75,208.8,211.75,99580
2026-04-16 13:41:00,13:41:00,212.4,212.6,205.15,208.0,155675
2026-04-16 13:42:00,13:42:00,207.4,208.0,203.5,206.1,121550
2026-04-16 13:43:00,13:43:00,205.65,206.1,201.7,204.0,208910
2026-04-16 13:44:00,13:44:00,203.85,206.25,201.9,203.85,146900
2026-04-16 13:45:00,13:45:00,203.4,204.0,198.0,198.8,283660
2026-04-16 13:46:00,13:46:00,198.8,200.0,196.65,197.15,142545
2026-04-16 13:47:00,13:47:00,197.3,202.75,197.05,199.8,174915
2026-04-16 13:48:00,13:48:00,200.4,200.85,195.5,196.0,96590
2026-04-16 13:49:00,13:49:00,196.3,199.15,195.35,196.4,100425
2026-04-16 13:50:00,13:50:00,196.25,196.6,179.6,181.65,562575
2026-04-16 13:51:00,13:51:00,182.6,185.95,180.5,184.9,294970
2026-04-16 13:52:00,13:52:00,186.4,188.1,182.7,184.25,239395
2026-04-16 13:53:00,13:53:00,184.3,187.1,184.2,185.2,147420
2026-04-16 13:54:00,13:54:00,186.0,188.3,181.3,181.7,187265
2026-04-16 13:55:00,13:55:00,181.75,184.0,178.8,183.7,322270
2026-04-16 13:56:00,13:56:00,183.9,186.45,180.75,180.75,231140
2026-04-16 13:57:00,13:57:00,204.6,209.25,204.6,209.0,338715
2026-04-16 13:58:00,13:58:00,184.3,186.8,179.5,184.8,208520
2026-04-16 13:59:00,13:59:00,184.0,184.8,177.7,179.55,204555
2026-04-16 14:00:00,14:00:00,180.25,183.95,179.15,182.1,162565
2026-04-16 14:01:00,14:01:00,182.05,182.95,180.0,182.95,97630
2026-04-16 14:02:00,14:02:00,183.0,189.65,180.9,189.65,239200
2026-04-16 14:03:00,14:03:00,190.25,201.55,188.0,200.75,850525
2026-04-16 14:04:00,14:04:00,201.2,201.2,195.7,199.5,349505
2026-04-16 14:05:00,14:05:00,199.3,207.7,199.3,201.0,492440
2026-04-16 14:06:00,14:06:00,201.0,202.8,196.2,200.1,319995
2026-04-16 14:07:00,14:07:00,199.8,200.8,192.0,194.7,291330
2026-04-16 14:08:00,14:08:00,196.0,199.1,193.5,196.35,260195
2026-04-16 14:09:00,14:09:00,197.2,197.5,193.05,193.85,174980
2026-04-16 14:10:00,14:10:00,193.85,195.7,191.8,191.8,168155
2026-04-16 14:11:00,14:11:00,189.4,191.8,186.25,189.0,368810
2026-04-16 14:12:00,14:12:00,188.15,190.85,185.5,186.0,149305
2026-04-16 14:13:00,14:13:00,184.15,189.75,184.15,187.4,131495
2026-04-16 14:14:00,14:14:00,186.85,189.35,184.15,188.6,116415
2026-04-16 14:15:00,14:15:00,188.9,192.25,187.2,187.2,188240
2026-04-16 14:16:00,14:16:00,187.8,195.3,187.2,191.1,166985
2026-04-16 14:17:00,14:17:00,190.6,192.05,188.8,189.9,81120
2026-04-16 14:18:00,14:18:00,189.75,192.8,189.1,189.7,106600
2026-04-16 14:19:00,14:19:00,189.5,191.85,187.1,188.5,111410
2026-04-16 14:20:00,14:20:00,189.45,191.05,187.05,189.5,119925
2026-04-16 14:21:00,14:21:00,189.1,191.0,187.25,187.25,67405
2026-04-16 14:22:00,14:22:00,187.9,187.9,184.25,185.0,107055
2026-04-16 14:23:00,14:23:00,186.75,190.75,185.5,190.3,92820
2026-04-16 14:24:00,14:24:00,190.7,197.9,190.3,191.2,330005
2026-04-16 14:25:00,14:25:00,190.85,191.5,185.65,186.85,141050
2026-04-16 14:26:00,14:26:00,186.55,187.0,179.25,180.25,360685
2026-04-16 14:27:00,14:27:00,179.8,181.6,178.15,179.85,189410
2026-04-16 14:28:00,14:28:00,180.25,181.6,178.55,179.45,123760
2026-04-16 14:29:00,14:29:00,179.8,181.75,174.8,174.8,226005
2026-04-16 14:30:00,14:30:00,174.85,175.05,172.0,172.0,307450
2026-04-16 14:31:00,14:31:00,172.0,172.65,166.6,166.6,318825
2026-04-16 14:32:00,14:32:00,167.2,169.15,165.6,165.6,203710
2026-04-16 14:33:00,14:33:00,164.35,168.7,162.1,165.2,310635
2026-04-16 14:34:00,14:34:00,164.75,165.55,159.15,159.85,211250
2026-04-16 14:35:00,14:35:00,160.0,161.35,156.45,161.2,264875
2026-04-16 14:36:00,14:36:00,162.15,163.4,157.25,157.6,185380
2026-04-16 14:37:00,14:37:00,157.1,160.7,155.85,158.3,144820
2026-04-16 14:38:00,14:38:00,159.15,159.15,154.0,154.7,176605
2026-04-16 14:39:00,14:39:00,155.1,157.55,152.1,155.85,202670
2026-04-16 14:40:00,14:40:00,155.0,155.85,151.75,154.4,136435
2026-04-16 14:41:00,14:41:00,154.7,154.7,151.5,151.7,82810
2026-04-16 14:42:00,14:42:00,150.4,152.45,149.55,150.55,166400
2026-04-16 14:43:00,14:43:00,150.85,151.55,148.7,150.4,94965
2026-04-16 14:44:00,14:44:00,150.7,159.95,150.05,156.8,179660
2026-04-16 14:45:00,14:45:00,157.7,157.7,147.6,149.4,203775
2026-04-16 14:46:00,14:46:00,149.35,152.75,149.35,150.3,92495
2026-04-16 14:47:00,14:47:00,150.5,150.95,147.85,149.7,93210
2026-04-16 14:48:00,14:48:00,149.0,149.7,146.0,148.0,92820
2026-04-16 14:49:00,14:49:00,148.15,151.0,147.75,148.15,73385
2026-04-16 14:50:00,14:50:00,147.6,149.5,146.4,148.65,82745
2026-04-16 14:51:00,14:51:00,148.6,149.4,146.0,146.4,65910
2026-04-16 14:52:00,14:52:00,145.55,150.0,145.25,149.65,93860
2026-04-16 14:53:00,14:53:00,150.5,153.1,146.4,147.6,83850
2026-04-16 14:54:00,14:54:00,147.4,149.7,146.05,148.5,54600
2026-04-16 14:55:00,14:55:00,148.5,152.9,147.85,152.55,86450
2026-04-16 14:56:00,14:56:00,152.3,154.35,149.6,154.35,99190
2026-04-16 14:57:00,14:57:00,154.35,156.4,150.3,154.6,91390
2026-04-16 14:58:00,14:58:00,153.7,155.7,151.0,151.0,77545
2026-04-16 14:59:00,14:59:00,150.4,154.25,149.3,152.0,61815
2026-04-16 15:00:00,15:00:00,152.4,160.35,147.6,157.5,227435
2026-04-16 15:01:00,15:01:00,159.4,166.45,157.5,162.55,367965
2026-04-16 15:02:00,15:02:00,164.35,167.85,157.95,162.5,286390
2026-04-16 15:03:00,15:03:00,162.1,162.5,157.5,159.7,162110
2026-04-16 15:04:00,15:04:00,160.0,161.75,153.25,160.0,190450
2026-04-16 15:05:00,15:05:00,161.4,165.8,160.0,161.9,217490
2026-04-16 15:06:00,15:06:00,162.3,169.3,161.8,168.5,142285
2026-04-16 15:07:00,15:07:00,169.15,173.9,167.95,172.45,277485
2026-04-16 15:08:00,15:08:00,172.65,181.05,171.65,179.8,503360
2026-04-16 15:09:00,15:09:00,181.8,183.2,178.7,180.05,367055
2026-04-16 15:10:00,15:10:00,180.15,180.55,172.4,173.8,448435
2026-04-16 15:11:00,15:11:00,172.3,173.8,168.85,170.45,212355
2026-04-16 15:12:00,15:12:00,170.15,174.55,170.1,173.9,141115
2026-04-16 15:13:00,15:13:00,174.2,175.85,171.05,175.4,140465
2026-04-16 15:14:00,15:14:00,174.9,176.05,173.4,174.65,160615
2026-04-16 15:15:00,15:15:00,174.85,176.95,168.45,169.35,295620
2026-04-16 15:16:00,15:16:00,169.45,174.2,169.35,173.55,133965
2026-04-16 15:17:00,15:17:00,173.75,175.2,172.0,173.9,130455
2026-04-16 15:18:00,15:18:00,174.4,175.9,173.45,174.7,135330
2026-04-16 15:19:00,15:19:00,173.65,174.7,171.5,172.65,145405
2026-04-16 15:20:00,15:20:00,172.95,172.95,169.6,171.0,161785
2026-04-16 15:21:00,15:21:00,170.8,173.85,170.8,171.9,84955
2026-04-16 15:22:00,15:22:00,171.85,173.75,171.5,172.4,89960
2026-04-16 15:23:00,15:23:00,172.45,172.85,169.8,170.15,92430
2026-04-16 15:24:00,15:24:00,170.15,172.3,168.6,172.3,139555
2026-04-16 15:25:00,15:25:00,171.65,172.3,170.0,171.2,125060
2026-04-16 15:26:00,15:26:00,171.2,173.85,170.9,173.75,120055
2026-04-16 15:27:00,15:27:00,173.15,176.9,173.15,176.9,157560
2026-04-16 15:28:00,15:28:00,176.0,182.1,176.0,181.3,204035
2026-04-16 15:29:00,15:29:00,180.75,183.3,179.15,180.0,359255
2026-04-17 09:15:00,09:15:00,189.0,210.95,175.3,175.3,1841060
2026-04-17 09:16:00,09:16:00,173.35,177.0,152.7,174.35,1768325
2026-04-17 09:17:00,09:17:00,171.35,174.35,156.35,157.0,1281930
2026-04-17 09:18:00,09:18:00,157.8,159.15,153.0,157.8,665405
2026-04-17 09:19:00,09:19:00,156.25,162.65,155.5,156.9,535600
2026-04-17 09:20:00,09:20:00,155.45,156.9,151.15,153.1,586690
2026-04-17 09:21:00,09:21:00,153.85,156.0,150.8,153.0,416260
2026-04-17 09:22:00,09:22:00,153.05,153.05,148.05,152.0,501930
2026-04-17 09:23:00,09:23:00,151.9,152.7,148.35,149.7,335140
2026-04-17 09:24:00,09:24:00,149.85,160.5,149.25,160.5,521235
2026-04-17 09:25:00,09:25:00,158.95,160.5,153.9,154.45,602550
2026-04-17 09:26:00,09:26:00,152.75,155.2,149.0,149.8,388570
2026-04-17 09:27:00,09:27:00,149.3,151.6,147.05,150.05,377910
2026-04-17 09:28:00,09:28:00,149.9,150.3,144.55,146.4,398710
2026-04-17 09:29:00,09:29:00,146.6,148.3,143.8,143.8,263445
2026-04-17 09:30:00,09:30:00,144.25,153.35,142.95,153.25,529880
2026-04-17 09:31:00,09:31:00,154.45,157.9,153.05,155.55,566215
2026-04-17 09:32:00,09:32:00,155.3,157.6,151.5,155.35,332735
2026-04-17 09:33:00,09:33:00,155.8,160.6,154.7,157.55,511485
2026-04-17 09:34:00,09:34:00,157.4,163.6,156.0,162.45,552175
2026-04-17 09:35:00,09:35:00,163.9,169.25,162.45,168.15,1205620
2026-04-17 09:36:00,09:36:00,168.4,170.9,166.35,170.75,1000740
2026-04-17 09:37:00,09:37:00,169.5,174.95,169.1,171.0,1209780
2026-04-17 09:38:00,09:38:00,168.2,171.0,152.35,154.45,1535495
2026-04-17 09:39:00,09:39:00,154.6,156.7,149.35,155.3,630825
2026-04-17 09:40:00,09:40:00,155.0,155.3,148.65,150.95,477620
2026-04-17 09:41:00,09:41:00,150.35,158.6,150.0,158.0,399880
2026-04-17 09:42:00,09:42:00,159.2,164.95,158.0,164.75,915915
2026-04-17 09:43:00,09:43:00,164.4,168.5,161.25,163.95,809445
2026-04-17 09:44:00,09:44:00,163.9,163.95,160.3,161.1,394810
2026-04-17 09:45:00,09:45:00,161.05,163.05,157.05,161.7,577655
2026-04-17 09:46:00,09:46:00,161.75,161.75,157.05,157.6,330785
2026-04-17 09:47:00,09:47:00,158.25,158.3,152.6,153.75,460655
2026-04-17 09:48:00,09:48:00,154.0,154.0,150.0,153.0,372775
2026-04-17 09:49:00,09:49:00,153.0,153.4,147.7,150.6,374400
2026-04-17 09:50:00,09:50:00,150.0,150.6,145.0,149.15,492245
2026-04-17 09:51:00,09:51:00,149.15,149.25,145.5,147.75,201305
2026-04-17 09:52:00,09:52:00,147.85,148.9,144.8,144.8,275080
2026-04-17 09:53:00,09:53:00,144.9,147.65,143.75,146.25,297440
2026-04-17 09:54:00,09:54:00,145.55,149.05,144.45,145.8,333320
2026-04-17 09:55:00,09:55:00,146.4,151.5,144.15,148.4,458510
2026-04-17 09:56:00,09:56:00,148.35,149.0,139.2,140.8,653510
2026-04-17 09:57:00,09:57:00,141.5,143.35,138.35,143.15,408785
2026-04-17 09:58:00,09:58:00,142.3,148.45,141.0,147.5,416650
2026-04-17 09:59:00,09:59:00,147.5,148.0,141.1,142.45,263770
2026-04-17 10:00:00,10:00:00,142.8,142.8,139.55,139.95,291915
2026-04-17 10:01:00,10:01:00,139.7,151.3,137.45,146.8,586105
2026-04-17 10:02:00,10:02:00,144.95,147.95,142.15,142.65,337870
2026-04-17 10:03:00,10:03:00,142.55,144.65,136.25,137.45,428480
2026-04-17 10:04:00,10:04:00,137.35,137.45,130.3,131.35,697450
2026-04-17 10:05:00,10:05:00,131.2,131.85,128.3,128.8,519350
2026-04-17 10:06:00,10:06:00,128.6,128.8,125.5,125.75,484250
2026-04-17 10:07:00,10:07:00,125.55,126.6,124.0,124.3,351585
2026-04-17 10:08:00,10:08:00,124.4,127.85,123.65,127.45,325260
2026-04-17 10:09:00,10:09:00,127.75,129.05,126.4,127.55,233090
2026-04-17 10:10:00,10:10:00,127.4,129.25,127.2,128.2,213200
2026-04-17 10:11:00,10:11:00,127.8,128.2,125.9,126.05,227695
2026-04-17 10:12:00,10:12:00,126.1,127.5,124.2,124.3,169000
2026-04-17 10:13:00,10:13:00,124.45,125.1,121.9,123.3,248755
2026-04-17 10:14:00,10:14:00,123.15,124.05,121.4,121.65,136500
2026-04-17 10:15:00,10:15:00,121.2,121.65,118.15,118.55,393185
2026-04-17 10:16:00,10:16:00,118.75,119.35,117.05,117.05,255970
2026-04-17 10:17:00,10:17:00,116.6,119.95,116.05,118.85,288340
2026-04-17 10:18:00,10:18:00,118.9,119.55,117.25,117.5,117130
2026-04-17 10:19:00,10:19:00,117.6,118.95,117.0,117.95,105820
2026-04-17 10:20:00,10:20:00,117.8,118.6,116.55,118.2,201370
2026-04-17 10:21:00,10:21:00,118.25,118.85,116.15,116.75,141960
2026-04-17 10:22:00,10:22:00,116.8,116.8,114.35,114.35,241410
2026-04-17 10:23:00,10:23:00,114.65,117.95,114.35,117.85,133315
2026-04-17 10:24:00,10:24:00,117.5,117.85,114.9,115.85,134290
2026-04-17 10:25:00,10:25:00,115.55,115.85,112.65,115.0,201890
2026-04-17 10:26:00,10:26:00,115.0,115.05,112.4,113.4,175305
2026-04-17 10:27:00,10:27:00,113.65,115.0,112.2,112.9,176800
2026-04-17 10:28:00,10:28:00,113.0,114.2,111.95,113.5,171600
2026-04-17 10:29:00,10:29:00,113.7,116.9,112.5,116.6,146315
2026-04-17 10:30:00,10:30:00,116.3,117.0,113.65,116.85,282620
2026-04-17 10:31:00,10:31:00,116.85,119.25,116.55,117.4,362245
2026-04-17 10:32:00,10:32:00,117.95,123.6,117.4,123.6,357045
2026-04-17 10:33:00,10:33:00,122.7,123.6,121.05,121.9,319735
2026-04-17 10:34:00,10:34:00,121.5,126.2,121.5,123.65,344305
2026-04-17 10:35:00,10:35:00,124.5,125.05,121.5,121.5,263445
2026-04-17 10:36:00,10:36:00,121.8,123.4,119.9,120.85,249925
2026-04-17 10:37:00,10:37:00,120.25,125.95,120.25,124.8,278070
2026-04-17 10:38:00,10:38:00,125.3,126.65,124.25,125.65,295620
2026-04-17 10:39:00,10:39:00,125.7,128.5,124.0,127.85,348530
2026-04-17 10:40:00,10:40:00,127.0,130.75,127.0,128.35,433420
2026-04-17 10:41:00,10:41:00,128.6,129.05,124.6,125.25,348010
2026-04-17 10:42:00,10:42:00,124.9,126.15,121.4,124.5,253175
2026-04-17 10:43:00,10:43:00,124.6,127.6,123.0,127.0,178880
2026-04-17 10:44:00,10:44:00,126.85,127.4,123.3,124.2,146835
2026-04-17 10:45:00,10:45:00,124.25,126.8,124.05,124.3,116675
2026-04-17 10:46:00,10:46:00,123.8,124.3,120.55,124.05,282815
2026-04-17 10:47:00,10:47:00,123.85,124.9,121.55,124.25,140010
2026-04-17 10:48:00,10:48:00,124.25,126.1,123.6,125.05,126165
2026-04-17 10:49:00,10:49:00,124.15,125.05,121.3,123.1,179595
2026-04-17 10:50:00,10:50:00,123.2,124.6,121.2,121.85,120510
2026-04-17 10:51:00,10:51:00,122.15,126.5,121.85,125.2,209430
2026-04-17 10:52:00,10:52:00,125.2,125.85,123.65,124.0,115505
2026-04-17 10:53:00,10:53:00,124.05,125.9,124.0,125.55,85800
2026-04-17 10:54:00,10:54:00,125.45,125.55,122.0,124.0,103220
2026-04-17 10:55:00,10:55:00,124.7,124.7,122.25,122.9,91715
2026-04-17 10:56:00,10:56:00,122.95,123.95,121.3,121.3,92950
2026-04-17 10:57:00,10:57:00,121.75,123.9,121.3,122.75,94770
2026-04-17 10:58:00,10:58:00,122.65,125.9,122.65,125.1,122330
2026-04-17 10:59:00,10:59:00,124.65,126.0,123.35,125.65,73645
2026-04-17 11:00:00,11:00:00,125.65,127.45,124.95,125.15,216710
2026-04-17 11:01:00,11:01:00,125.2,125.7,122.6,124.9,119925
2026-04-17 11:02:00,11:02:00,124.8,127.15,123.25,126.9,94055
2026-04-17 11:03:00,11:03:00,127.2,130.35,126.15,129.8,284180
2026-04-17 11:04:00,11:04:00,129.7,133.0,128.4,129.75,419640
2026-04-17 11:05:00,11:05:00,129.35,129.75,125.6,126.6,232960
2026-04-17 11:06:00,11:06:00,126.75,129.7,124.4,127.65,246740
2026-04-17 11:07:00,11:07:00,128.15,128.2,122.0,125.75,246610
2026-04-17 11:08:00,11:08:00,125.65,126.45,124.2,124.3,102050
2026-04-17 11:09:00,11:09:00,124.7,125.85,123.6,123.9,93600
2026-04-17 11:10:00,11:10:00,123.65,124.95,117.45,117.55,439400
2026-04-17 11:11:00,11:11:00,117.7,119.35,115.65,118.75,282750
2026-04-17 11:12:00,11:12:00,119.0,121.45,117.4,121.3,149175
2026-04-17 11:13:00,11:13:00,121.1,122.05,118.65,119.45,106600
2026-04-17 11:14:00,11:14:00,119.15,122.15,118.9,120.9,68835
2026-04-17 11:15:00,11:15:00,120.2,120.9,117.35,117.45,183820
2026-04-17 11:16:00,11:16:00,117.65,118.6,116.35,116.7,90545
2026-04-17 11:17:00,11:17:00,115.8,118.0,115.8,118.0,108810
2026-04-17 11:18:00,11:18:00,118.4,118.45,114.7,116.05,142285
2026-04-17 11:19:00,11:19:00,116.75,117.6,115.0,115.0,68250
2026-04-17 11:20:00,11:20:00,114.95,116.65,113.8,115.75,114400
2026-04-17 11:21:00,11:21:00,115.5,115.75,114.5,114.5,105300
2026-04-17 11:22:00,11:22:00,114.55,115.5,113.0,114.0,115245
2026-04-17 11:23:00,11:23:00,113.75,114.45,113.0,114.1,88335
2026-04-17 11:24:00,11:24:00,113.9,118.0,113.65,117.15,114920
2026-04-17 11:25:00,11:25:00,117.0,117.2,113.55,113.85,150670
2026-04-17 11:26:00,11:26:00,113.55,115.55,113.55,114.05,62205
2026-04-17 11:27:00,11:27:00,114.0,119.8,114.0,117.35,178035
2026-04-17 11:28:00,11:28:00,117.65,119.45,116.3,116.3,164905
2026-04-17 11:29:00,11:29:00,116.55,117.3,114.45,114.85,84435
2026-04-17 11:30:00,11:30:00,114.4,115.3,111.45,114.45,243035
2026-04-17 11:31:00,11:31:00,114.65,116.25,114.2,115.55,97370
2026-04-17 11:32:00,11:32:00,115.15,115.85,114.1,115.25,49660
2026-04-17 11:33:00,11:33:00,114.9,115.25,111.6,111.9,125385
2026-04-17 11:34:00,11:34:00,111.45,113.5,111.15,111.25,117520
2026-04-17 11:35:00,11:35:00,111.25,112.9,109.9,110.45,168480
2026-04-17 11:36:00,11:36:00,110.7,110.8,107.85,110.0,182390
2026-04-17 11:37:00,11:37:00,109.5,110.0,107.5,109.2,90805
2026-04-17 11:38:00,11:38:00,109.2,110.4,108.45,109.75,78000
2026-04-17 11:39:00,11:39:00,109.6,112.7,109.3,110.65,107965
2026-04-17 11:40:00,11:40:00,111.05,111.55,109.1,109.55,89050
2026-04-17 11:41:00,11:41:00,109.45,110.0,107.8,110.0,95940
2026-04-17 11:42:00,11:42:00,109.7,111.15,108.35,108.45,92820
2026-04-17 11:43:00,11:43:00,108.3,108.8,106.35,106.7,177710
2026-04-17 11:44:00,11:44:00,106.55,108.6,105.9,108.5,180570
2026-04-17 11:45:00,11:45:00,108.3,110.65,108.2,109.9,138580
2026-04-17 11:46:00,11:46:00,109.65,110.9,107.8,109.45,144820
2026-04-17 11:47:00,11:47:00,109.35,112.0,108.4,111.95,128245
2026-04-17 11:48:00,11:48:00,112.15,114.25,111.4,111.85,221585
2026-04-17 11:49:00,11:49:00,111.55,114.3,111.55,112.6,135135
2026-04-17 11:50:00,11:50:00,112.3,112.6,108.05,108.45,198770
2026-04-17 11:51:00,11:51:00,108.45,109.3,106.55,106.55,152490
2026-04-17 11:52:00,11:52:00,106.8,108.75,106.55,108.65,91975
2026-04-17 11:53:00,11:53:00,108.3,109.65,105.25,105.65,232440
2026-04-17 11:54:00,11:54:00,105.65,105.65,102.5,103.5,397410
2026-04-17 11:55:00,11:55:00,103.5,104.25,101.3,101.75,251810
2026-04-17 11:56:00,11:56:00,101.9,104.2,101.75,103.6,171275
2026-04-17 11:57:00,11:57:00,103.75,104.25,102.7,103.15,122460
2026-04-17 11:58:00,11:58:00,103.0,107.05,102.85,106.8,175305
2026-04-17 11:59:00,11:59:00,106.45,112.3,106.05,112.3,316225
2026-04-17 12:00:00,12:00:00,111.8,116.9,110.95,115.5,530855
2026-04-17 12:01:00,12:01:00,115.45,115.85,112.2,112.25,367185
2026-04-17 12:02:00,12:02:00,112.35,113.8,112.0,113.35,195715
2026-04-17 12:03:00,12:03:00,113.5,116.8,113.25,115.8,245310
2026-04-17 12:04:00,12:04:00,116.5,117.7,115.8,117.65,165620
2026-04-17 12:05:00,12:05:00,117.55,119.4,116.6,118.05,279695
2026-04-17 12:06:00,12:06:00,117.6,118.05,114.45,114.55,221390
2026-04-17 12:07:00,12:07:00,114.35,114.6,111.25,111.6,227760
2026-04-17 12:08:00,12:08:00,111.5,112.0,109.35,110.8,192270
2026-04-17 12:09:00,12:09:00,110.9,112.25,109.4,111.0,101335
2026-04-17 12:10:00,12:10:00,111.25,112.1,109.9,111.55,121680
2026-04-17 12:11:00,12:11:00,111.8,112.25,108.55,108.55,156325
2026-04-17 12:12:00,12:12:00,108.4,110.0,107.95,108.8,104975
2026-04-17 12:13:00,12:13:00,108.8,112.25,108.45,110.3,113360
2026-04-17 12:14:00,12:14:00,110.45,110.6,107.8,108.0,78715
2026-04-17 12:15:00,12:15:00,107.9,110.55,106.25,106.25,126295
2026-04-17 12:16:00,12:16:00,106.2,108.05,105.4,107.4,122525
2026-04-17 12:17:00,12:17:00,107.0,108.1,106.5,107.2,60645
2026-04-17 12:18:00,12:18:00,107.5,108.0,105.85,107.2,51740
2026-04-17 12:19:00,12:19:00,107.1,109.0,106.35,108.65,41730
2026-04-17 12:20:00,12:20:00,108.8,109.9,107.1,109.9,113620
2026-04-17 12:21:00,12:21:00,109.95,109.95,106.45,109.0,110565
2026-04-17 12:22:00,12:22:00,108.6,109.95,106.75,107.15,71695
2026-04-17 12:23:00,12:23:00,107.15,108.4,106.35,106.85,58435
2026-04-17 12:24:00,12:24:00,106.7,107.2,105.6,105.9,85930
2026-04-17 12:25:00,12:25:00,106.1,107.85,105.65,107.05,42705
2026-04-17 12:26:00,12:26:00,106.75,107.65,105.45,105.45,64675
2026-04-17 12:27:00,12:27:00,105.2,106.95,105.2,106.55,50960
2026-04-17 12:28:00,12:28:00,106.5,108.3,106.2,108.3,78910
2026-04-17 12:29:00,12:29:00,108.5,108.9,107.55,108.9,80015
2026-04-17 12:30:00,12:30:00,109.1,110.65,108.0,108.85,131820
2026-04-17 12:31:00,12:31:00,109.0,110.2,108.0,110.2,119405
2026-04-17 12:32:00,12:32:00,110.35,114.65,109.85,113.0,267540
2026-04-17 12:33:00,12:33:00,113.65,115.75,112.15,112.25,216970
2026-04-17 12:34:00,12:34:00,112.4,116.45,112.25,116.45,132925
2026-04-17 12:35:00,12:35:00,116.65,116.85,113.3,113.65,145795
2026-04-17 12:36:00,12:36:00,113.25,115.0,112.0,114.6,133055
2026-04-17 12:37:00,12:37:00,114.45,115.5,113.05,115.5,72930
2026-04-17 12:38:00,12:38:00,115.2,115.85,113.5,114.05,84565
2026-04-17 12:39:00,12:39:00,114.95,117.05,114.05,116.85,122265
2026-04-17 12:40:00,12:40:00,117.35,118.75,115.35,115.45,221065
2026-04-17 12:41:00,12:41:00,115.25,115.55,113.8,113.8,104455
2026-04-17 12:42:00,12:42:00,113.6,114.4,111.25,111.8,201630
2026-04-17 12:43:00,12:43:00,111.55,113.4,111.15,112.9,99710
2026-04-17 12:44:00,12:44:00,113.3,117.8,112.9,114.1,206375
2026-04-17 12:45:00,12:45:00,114.2,114.85,111.1,111.75,179790
2026-04-17 12:46:00,12:46:00,111.85,112.8,110.75,112.0,73450
2026-04-17 12:47:00,12:47:00,112.55,114.25,111.1,113.7,65520
2026-04-17 12:48:00,12:48:00,113.8,117.4,113.7,115.4,168480
2026-04-17 12:49:00,12:49:00,115.0,115.4,112.75,113.5,84240
2026-04-17 12:50:00,12:50:00,112.85,113.5,111.3,113.3,104000
2026-04-17 12:51:00,12:51:00,113.15,116.35,113.15,115.4,135590
2026-04-17 12:52:00,12:52:00,114.9,118.0,114.4,116.95,166595
2026-04-17 12:53:00,12:53:00,117.15,118.15,115.6,115.6,135005
2026-04-17 12:54:00,12:54:00,115.55,117.2,114.8,116.65,110370
2026-04-17 12:55:00,12:55:00,116.25,117.55,114.6,114.6,100100
2026-04-17 12:56:00,12:56:00,114.3,115.1,113.15,114.35,97435
2026-04-17 12:57:00,12:57:00,114.0,117.5,113.75,117.2,112255
2026-04-17 12:58:00,12:58:00,116.75,118.45,116.5,116.6,142675
2026-04-17 12:59:00,12:59:00,116.5,117.75,114.25,114.4,115830
2026-04-17 13:00:00,13:00:00,115.05,115.7,112.15,112.15,139490
2026-04-17 13:01:00,13:01:00,112.4,114.9,111.85,113.05,116545
2026-04-17 13:02:00,13:02:00,112.75,113.9,111.05,113.05,123825
2026-04-17 13:03:00,13:03:00,112.8,115.45,112.8,113.8,95420
2026-04-17 13:04:00,13:04:00,113.5,113.85,111.15,113.45,93730
2026-04-17 13:05:00,13:05:00,113.35,113.85,111.0,111.0,99385
2026-04-17 13:06:00,13:06:00,111.4,111.4,108.8,110.05,255190
2026-04-17 13:07:00,13:07:00,110.25,111.0,108.0,108.3,144560
2026-04-17 13:08:00,13:08:00,108.2,108.3,106.15,106.15,161980
2026-04-17 13:09:00,13:09:00,106.05,106.75,104.65,106.7,218400
2026-04-17 13:10:00,13:10:00,106.05,106.7,104.55,104.55,99190
2026-04-17 13:11:00,13:11:00,104.5,105.6,103.6,104.0,131430
2026-04-17 13:12:00,13:12:00,104.25,105.0,102.9,103.1,138255
2026-04-17 13:13:00,13:13:00,103.5,105.3,103.1,104.9,96395
2026-04-17 13:14:00,13:14:00,104.7,105.65,104.1,105.35,109720
2026-04-17 13:15:00,13:15:00,105.4,105.8,103.9,104.8,111150
2026-04-17 13:16:00,13:16:00,104.7,107.0,104.45,105.85,165230
2026-04-17 13:17:00,13:17:00,105.9,108.7,105.75,107.25,200460
2026-04-17 13:18:00,13:18:00,107.1,109.0,107.0,108.3,115115
2026-04-17 13:19:00,13:19:00,108.1,109.5,107.25,108.9,166790
2026-04-17 13:20:00,13:20:00,108.9,109.05,106.9,107.4,113425
2026-04-17 13:21:00,13:21:00,107.85,109.6,107.4,109.05,138515
2026-04-17 13:22:00,13:22:00,108.95,109.5,106.0,106.3,150020
2026-04-17 13:23:00,13:23:00,105.95,106.5,102.6,104.4,256035
2026-04-17 13:24:00,13:24:00,104.7,108.5,103.9,108.45,121290
2026-04-17 13:25:00,13:25:00,107.8,109.25,107.55,108.3,193570
2026-04-17 13:26:00,13:26:00,108.4,110.15,106.8,106.85,199550
2026-04-17 13:27:00,13:27:00,107.0,108.2,104.0,104.1,165685
2026-04-17 13:28:00,13:28:00,104.45,104.9,101.9,101.9,170170
2026-04-17 13:29:00,13:29:00,102.2,103.6,100.8,101.15,149305
2026-04-17 13:30:00,13:30:00,100.55,102.5,99.65,102.0,245440
2026-04-17 13:31:00,13:31:00,102.2,102.7,100.4,100.85,94185
2026-04-17 13:32:00,13:32:00,101.25,102.95,100.55,100.55,103155
2026-04-17 13:33:00,13:33:00,100.75,101.65,100.35,101.0,98475
2026-04-17 13:34:00,13:34:00,100.8,101.15,100.2,100.4,73970
2026-04-17 13:35:00,13:35:00,99.9,102.85,99.8,102.85,94380
2026-04-17 13:36:00,13:36:00,102.7,103.3,101.85,102.6,100490
2026-04-17 13:37:00,13:37:00,102.4,102.6,101.0,101.25,52260
2026-04-17 13:38:00,13:38:00,101.05,102.2,100.25,100.6,77935
2026-04-17 13:39:00,13:39:00,100.8,100.8,97.8,99.5,264810
2026-04-17 13:40:00,13:40:00,100.1,100.4,98.05,98.2,172380
2026-04-17 13:41:00,13:41:00,98.7,99.0,96.0,96.1,213915
2026-04-17 13:42:00,13:42:00,95.75,97.25,95.4,95.65,199160
2026-04-17 13:43:00,13:43:00,95.5,99.2,95.5,98.0,174980
2026-04-17 13:44:00,13:44:00,97.9,100.6,97.9,100.4,209950
2026-04-17 13:45:00,13:45:00,100.35,100.4,98.2,99.45,108550
2026-04-17 13:46:00,13:46:00,99.2,100.45,98.05,98.3,89375
2026-04-17 13:47:00,13:47:00,98.1,99.0,97.8,98.4,80210
2026-04-17 13:48:00,13:48:00,98.0,98.4,97.1,97.85,94770
2026-04-17 13:49:00,13:49:00,98.15,99.1,97.5,98.25,47840
2026-04-17 13:50:00,13:50:00,98.1,99.1,97.8,98.45,73905
2026-04-17 13:51:00,13:51:00,98.65,99.1,98.0,98.05,51740
2026-04-17 13:52:00,13:52:00,98.3,98.9,97.45,98.2,78585
2026-04-17 13:53:00,13:53:00,98.3,100.6,98.0,99.25,153075
2026-04-17 13:54:00,13:54:00,99.4,99.6,97.5,97.6,92300
2026-04-17 13:55:00,13:55:00,97.6,98.45,97.25,98.45,80470
2026-04-17 13:56:00,13:56:00,98.55,102.0,98.45,100.2,241670
2026-04-17 13:57:00,13:57:00,100.45,100.45,98.25,98.85,90740
2026-04-17 13:58:00,13:58:00,98.6,99.2,97.6,98.05,103415
2026-04-17 13:59:00,13:59:00,97.85,98.9,97.1,98.8,103610
2026-04-17 14:00:00,14:00:00,98.75,98.8,96.2,97.0,131300
2026-04-17 14:01:00,14:01:00,96.7,97.0,95.6,95.75,118430
2026-04-17 14:02:00,14:02:00,95.65,96.8,95.45,95.5,52390
2026-04-17 14:03:00,14:03:00,95.85,96.6,95.25,96.6,65000
2026-04-17 14:04:00,14:04:00,96.45,100.75,96.45,100.0,225420
2026-04-17 14:05:00,14:05:00,100.45,100.9,98.0,98.0,168025
2026-04-17 14:06:00,14:06:00,98.2,98.8,96.05,97.4,136435
2026-04-17 14:07:00,14:07:00,97.35,97.4,94.65,95.55,152100
2026-04-17 14:08:00,14:08:00,95.8,98.0,95.35,96.5,93405
2026-04-17 14:09:00,14:09:00,96.0,96.5,94.7,95.7,114595
2026-04-17 14:10:00,14:10:00,95.95,96.4,94.25,94.4,91520
2026-04-17 14:11:00,14:11:00,94.8,94.8,92.45,93.55,228605
2026-04-17 14:12:00,14:12:00,92.9,93.7,92.65,93.35,78975
2026-04-17 14:13:00,14:13:00,93.7,95.5,93.3,95.35,121745
2026-04-17 14:14:00,14:14:00,95.5,97.5,95.35,96.75,165685
2026-04-17 14:15:00,14:15:00,96.55,96.75,95.2,95.85,89310
2026-04-17 14:16:00,14:16:00,95.75,95.9,93.85,93.85,128245
2026-04-17 14:17:00,14:17:00,93.5,95.25,91.4,95.25,247195
2026-04-17 14:18:00,14:18:00,96.25,96.75,92.7,93.2,182780
2026-04-17 14:19:00,14:19:00,93.95,94.3,93.2,93.95,70785
2026-04-17 14:20:00,14:20:00,93.85,93.95,90.15,90.9,310570
2026-04-17 14:21:00,14:21:00,90.85,92.5,90.65,91.15,156585
2026-04-17 14:22:00,14:22:00,91.6,95.3,91.15,93.55,225615
2026-04-17 14:23:00,14:23:00,93.5,94.3,93.0,93.55,73450
2026-04-17 14:24:00,14:24:00,93.45,93.8,91.7,92.35,99320
2026-04-17 14:25:00,14:25:00,92.2,93.95,92.2,93.65,63895
2026-04-17 14:26:00,14:26:00,93.2,96.75,93.2,96.4,153530
2026-04-17 14:27:00,14:27:00,96.55,96.7,95.4,95.7,117455
2026-04-17 14:28:00,14:28:00,95.2,97.25,94.75,96.8,169195
2026-04-17 14:29:00,14:29:00,96.85,97.55,96.1,97.05,151905
2026-04-17 14:30:00,14:30:00,96.95,98.55,95.6,96.1,260195
2026-04-17 14:31:00,14:31:00,96.55,96.55,95.0,95.65,146445
2026-04-17 14:32:00,14:32:00,95.7,96.9,95.3,95.3,83720
2026-04-17 14:33:00,14:33:00,95.55,96.3,94.1,95.3,100230
2026-04-17 14:34:00,14:34:00,95.1,95.8,93.15,93.15,150150
2026-04-17 14:35:00,14:35:00,93.2,94.35,92.35,93.35,126035
2026-04-17 14:36:00,14:36:00,94.0,94.0,90.25,91.0,311220
2026-04-17 14:37:00,14:37:00,90.65,91.2,89.55,90.75,148525
2026-04-17 14:38:00,14:38:00,90.85,91.75,88.75,88.75,201370
2026-04-17 14:39:00,14:39:00,88.75,89.8,88.35,89.35,152750
2026-04-17 14:40:00,14:40:00,89.55,90.15,88.3,89.95,158210
2026-04-17 14:41:00,14:41:00,89.75,90.85,89.1,89.1,101985
2026-04-17 14:42:00,14:42:00,89.0,89.55,87.3,88.2,139425
2026-04-17 14:43:00,14:43:00,88.3,88.95,86.4,88.5,256295
2026-04-17 14:44:00,14:44:00,88.3,88.5,86.5,86.55,268320
2026-04-17 14:45:00,14:45:00,86.85,87.6,84.45,84.45,408265
2026-04-17 14:46:00,14:46:00,84.7,85.1,81.9,82.15,583635
2026-04-17 14:47:00,14:47:00,82.35,86.6,81.95,86.1,272415
2026-04-17 14:48:00,14:48:00,86.0,86.55,85.0,86.05,159965
2026-04-17 14:49:00,14:49:00,86.55,86.55,84.35,84.8,123760
2026-04-17 14:50:00,14:50:00,84.6,85.45,84.55,84.75,97305
2026-04-17 14:51:00,14:51:00,84.75,85.0,82.55,82.75,142415
2026-04-17 14:52:00,14:52:00,82.7,84.15,82.2,83.25,234000
2026-04-17 14:53:00,14:53:00,83.1,83.5,82.6,83.15,84565
2026-04-17 14:54:00,14:54:00,83.3,84.15,82.8,84.0,74230
2026-04-17 14:55:00,14:55:00,83.9,85.0,83.85,84.1,105430
2026-04-17 14:56:00,14:56:00,84.5,85.5,84.1,84.9,111475
2026-04-17 14:57:00,14:57:00,84.95,85.7,83.1,83.35,141960
2026-04-17 14:58:00,14:58:00,83.2,83.8,82.4,83.25,141635
2026-04-17 14:59:00,14:59:00,83.25,83.55,81.85,82.9,153790
2026-04-17 15:00:00,15:00:00,82.65,88.6,80.4,86.8,546325
2026-04-17 15:01:00,15:01:00,86.9,87.55,85.5,87.0,288925
2026-04-17 15:02:00,15:02:00,87.15,88.8,86.55,87.75,296075
2026-04-17 15:03:00,15:03:00,87.85,88.1,86.0,86.25,210275
2026-04-17 15:04:00,15:04:00,86.1,86.25,82.55,82.95,285090
2026-04-17 15:05:00,15:05:00,82.85,83.35,81.25,82.0,228930
2026-04-17 15:06:00,15:06:00,81.95,83.3,81.6,82.9,155545
2026-04-17 15:07:00,15:07:00,82.6,83.05,82.2,82.3,81640
2026-04-17 15:08:00,15:08:00,82.55,83.75,80.7,81.65,186745
2026-04-17 15:09:00,15:09:00,81.9,82.35,81.65,82.1,85410
2026-04-17 15:10:00,15:10:00,82.75,82.8,81.5,82.35,146640
2026-04-17 15:11:00,15:11:00,82.3,82.8,81.6,81.6,100490
2026-04-17 15:12:00,15:12:00,81.7,82.2,80.7,81.05,191035
2026-04-17 15:13:00,15:13:00,80.9,81.05,78.8,80.65,294255
2026-04-17 15:14:00,15:14:00,80.55,81.15,79.9,80.65,148395
2026-04-17 15:15:00,15:15:00,81.0,83.6,80.65,83.3,338975
2026-04-17 15:16:00,15:16:00,83.4,83.9,82.05,82.95,199160
2026-04-17 15:17:00,15:17:00,82.85,83.6,81.55,82.65,183105
2026-04-17 15:18:00,15:18:00,82.5,83.3,82.05,82.9,176410
2026-04-17 15:19:00,15:19:00,82.75,83.2,81.7,83.2,221260
2026-04-17 15:20:00,15:20:00,83.35,83.75,83.0,83.2,193505
2026-04-17 15:21:00,15:21:00,83.6,84.7,82.7,83.55,199160
2026-04-17 15:22:00,15:22:00,83.2,83.55,80.55,82.05,299000
2026-04-17 15:23:00,15:23:00,82.0,82.6,81.2,82.2,214630
2026-04-17 15:24:00,15:24:00,82.45,82.8,81.7,82.8,144040
2026-04-17 15:25:00,15:25:00,83.2,84.15,82.8,83.9,310180
2026-04-17 15:26:00,15:26:00,83.95,83.95,82.7,83.0,306540
2026-04-17 15:27:00,15:27:00,82.95,83.2,82.5,83.0,239135
2026-04-17 15:28:00,15:28:00,82.9,83.35,82.0,82.5,360425
2026-04-17 15:29:00,15:29:00,82.6,82.8,78.0,78.0,497445
