datetime,time,open,high,low,close,volume
2026-02-03 09:15:00,09:15:00,19.0,44.95,2.6,38.6,2675920
2026-02-03 09:16:00,09:16:00,36.5,38.6,21.4,22.3,2695225
2026-02-03 09:17:00,09:17:00,21.75,23.2,16.3,18.0,2146300
2026-02-03 09:18:00,09:18:00,17.7,18.65,9.6,11.65,2105675
2026-02-03 09:19:00,09:19:00,11.9,14.95,11.65,14.15,1867710
2026-02-03 09:20:00,09:20:00,17.2,17.8,14.0,16.65,980525
2026-02-03 09:21:00,09:21:00,15.8,17.3,14.4,16.2,777270
2026-02-03 09:22:00,09:22:00,15.8,18.8,15.75,17.55,827060
2026-02-03 09:23:00,09:23:00,17.9,20.65,17.3,20.1,637260
2026-02-03 09:24:00,09:24:00,16.8,20.85,16.8,19.25,1865175
2026-02-03 09:25:00,09:25:00,18.2,21.95,17.85,20.5,2104960
2026-02-03 09:26:00,09:26:00,20.75,22.85,18.7,19.05,2010515
2026-02-03 09:27:00,09:27:00,19.25,21.95,18.9,19.55,1449890
2026-02-03 09:28:00,09:28:00,19.2,19.55,15.0,17.2,1671280
2026-02-03 09:29:00,09:29:00,17.05,17.75,16.2,17.5,1023360
2026-02-03 09:30:00,09:30:00,14.95,16.25,14.5,15.35,699335
2026-02-03 09:31:00,09:31:00,18.3,18.35,13.8,14.05,1621230
2026-02-03 09:32:00,09:32:00,13.6,16.1,11.8,15.3,1565070
2026-02-03 09:33:00,09:33:00,13.25,14.25,12.35,13.4,471315
2026-02-03 09:34:00,09:34:00,13.55,14.3,12.1,14.1,618150
2026-02-03 09:35:00,09:35:00,13.85,14.95,13.2,14.05,673335
2026-02-03 09:36:00,09:36:00,14.0,14.05,10.9,10.95,849615
2026-02-03 09:37:00,09:37:00,10.85,12.3,10.6,11.15,445185
2026-02-03 09:38:00,09:38:00,10.9,11.15,9.0,9.45,725140
2026-02-03 09:39:00,09:39:00,9.45,10.45,8.05,9.25,836095
2026-02-03 09:40:00,09:40:00,9.3,10.6,8.85,10.1,707265
2026-02-03 09:41:00,09:41:00,10.05,11.05,9.55,10.9,782535
2026-02-03 09:42:00,09:42:00,10.75,11.2,10.1,10.95,782665
2026-02-03 09:43:00,09:43:00,10.8,10.95,9.65,9.7,586560
2026-02-03 09:44:00,09:44:00,9.55,10.95,9.25,10.15,665340
2026-02-03 09:45:00,09:45:00,8.6,11.95,8.2,11.95,1174550
2026-02-03 09:46:00,09:46:00,11.95,12.1,10.25,11.05,1671215
2026-02-03 09:47:00,09:47:00,11.1,12.8,9.65,9.75,1997320
2026-02-03 09:48:00,09:48:00,11.8,11.95,8.95,9.1,1269840
2026-02-03 09:49:00,09:49:00,11.15,11.15,10.1,10.1,1660815
2026-02-03 09:50:00,09:50:00,10.0,11.05,9.9,10.45,1442805
2026-02-03 09:51:00,09:51:00,10.55,11.05,9.45,9.55,1102985
2026-02-03 09:52:00,09:52:00,7.8,7.85,6.95,7.35,707070
2026-02-03 09:53:00,09:53:00,7.3,8.0,7.3,7.5,457600
2026-02-03 09:54:00,09:54:00,7.5,8.6,7.25,8.55,411515
2026-02-03 09:55:00,09:55:00,8.5,8.55,7.35,7.6,417040
2026-02-03 09:56:00,09:56:00,7.6,8.05,7.05,7.9,418015
2026-02-03 09:57:00,09:57:00,7.85,7.95,7.2,7.45,290355
2026-02-03 09:58:00,09:58:00,6.1,6.75,5.95,6.7,605475
2026-02-03 09:59:00,09:59:00,6.65,7.2,6.45,6.75,1009970
2026-02-03 10:00:00,10:00:00,6.75,6.75,6.05,6.05,557245
2026-02-03 10:01:00,10:01:00,6.1,6.8,6.05,6.25,625950
2026-02-03 10:02:00,10:02:00,6.35,6.5,5.7,6.15,769795
2026-02-03 10:03:00,10:03:00,6.0,6.25,5.4,5.8,787800
2026-02-03 10:04:00,10:04:00,5.75,6.2,5.1,6.2,820170
2026-02-03 10:05:00,10:05:00,6.15,7.7,6.15,7.7,1373450
2026-02-03 10:06:00,10:06:00,7.95,9.1,7.3,7.45,2064335
2026-02-03 10:07:00,10:07:00,6.15,8.75,6.15,7.3,1206660
2026-02-03 10:08:00,10:08:00,7.25,7.35,6.25,6.25,544440
2026-02-03 10:09:00,10:09:00,7.45,7.6,6.65,7.35,1281995
2026-02-03 10:10:00,10:10:00,7.65,8.2,7.35,7.4,845910
2026-02-03 10:11:00,10:11:00,6.15,7.2,5.95,6.65,398385
2026-02-03 10:12:00,10:12:00,6.65,7.15,6.05,6.15,402350
2026-02-03 10:13:00,10:13:00,6.3,6.7,5.35,5.4,250250
2026-02-03 10:14:00,10:14:00,5.35,5.9,5.3,5.55,265200
2026-02-03 10:15:00,10:15:00,6.55,6.65,5.45,5.6,1135615
2026-02-03 10:16:00,10:16:00,6.95,7.2,6.65,6.7,644930
2026-02-03 10:17:00,10:17:00,6.65,7.0,6.55,6.8,569400
2026-02-03 10:18:00,10:18:00,6.85,7.0,6.65,6.95,399815
2026-02-03 10:19:00,10:19:00,6.85,7.5,6.8,7.3,380055
2026-02-03 10:20:00,10:20:00,7.25,7.3,6.85,7.0,309530
2026-02-03 10:21:00,10:21:00,6.95,7.15,6.35,6.5,387335
2026-02-03 10:22:00,10:22:00,6.4,6.85,6.35,6.8,307580
2026-02-03 10:23:00,10:23:00,6.8,7.2,6.8,6.95,302315
2026-02-03 10:24:00,10:24:00,8.3,8.35,7.55,7.85,749710
2026-02-03 10:25:00,10:25:00,6.65,7.05,6.6,7.0,220285
2026-02-03 10:26:00,10:26:00,8.3,8.55,7.9,8.1,680680
2026-02-03 10:27:00,10:27:00,8.1,8.2,7.8,8.15,686075
2026-02-03 10:28:00,10:28:00,8.2,8.5,8.15,8.4,553930
2026-02-03 10:29:00,10:29:00,6.95,7.3,6.95,7.2,206895
2026-02-03 10:30:00,10:30:00,6.95,7.2,6.6,6.8,281710
2026-02-03 10:31:00,10:31:00,8.45,8.45,7.5,7.65,709865
2026-02-03 10:32:00,10:32:00,7.65,7.7,6.4,6.6,1474005
2026-02-03 10:33:00,10:33:00,6.6,6.65,6.1,6.1,666575
2026-02-03 10:34:00,10:34:00,6.2,6.35,5.45,5.5,1086345
2026-02-03 10:35:00,10:35:00,5.55,5.75,5.45,5.55,1098565
2026-02-03 10:36:00,10:36:00,5.5,5.95,5.5,5.95,582465
2026-02-03 10:37:00,10:37:00,5.95,5.95,5.75,5.8,415740
2026-02-03 10:38:00,10:38:00,5.8,6.3,5.8,6.1,428610
2026-02-03 10:39:00,10:39:00,6.05,6.25,5.75,5.85,434980
2026-02-03 10:40:00,10:40:00,5.9,6.05,5.75,6.05,455390
2026-02-03 10:41:00,10:41:00,6.0,6.15,5.85,5.95,359970
2026-02-03 10:42:00,10:42:00,6.0,6.4,5.9,6.3,571285
2026-02-03 10:43:00,10:43:00,6.3,6.3,5.8,5.9,514735
2026-02-03 10:44:00,10:44:00,5.95,6.45,5.9,6.4,378105
2026-02-03 10:45:00,10:45:00,6.35,6.75,6.1,6.7,572780
2026-02-03 10:46:00,10:46:00,6.8,6.9,6.45,6.6,495690
2026-02-03 10:47:00,10:47:00,6.7,7.1,6.6,6.95,428350
2026-02-03 10:48:00,10:48:00,5.8,6.65,5.75,6.2,331370
2026-02-03 10:49:00,10:49:00,6.15,6.5,5.95,6.1,462410
2026-02-03 10:50:00,10:50:00,6.1,6.55,5.95,6.15,262080
2026-02-03 10:51:00,10:51:00,6.15,6.25,5.95,6.2,215670
2026-02-03 10:52:00,10:52:00,6.15,6.4,5.95,6.25,282165
2026-02-03 10:53:00,10:53:00,6.15,6.25,5.7,5.95,238810
2026-02-03 10:54:00,10:54:00,5.95,5.95,5.1,5.1,339300
2026-02-03 10:55:00,10:55:00,5.2,5.2,4.65,4.65,665730
2026-02-03 10:56:00,10:56:00,5.45,5.85,5.35,5.65,650000
2026-02-03 10:57:00,10:57:00,5.65,6.25,5.65,5.95,584740
2026-02-03 10:58:00,10:58:00,6.0,6.0,5.6,5.7,538720
2026-02-03 10:59:00,10:59:00,5.65,6.1,5.65,5.75,514540
2026-02-03 11:00:00,11:00:00,5.8,5.85,5.3,5.4,573755
2026-02-03 11:01:00,11:01:00,5.45,5.55,4.95,5.25,646685
2026-02-03 11:02:00,11:02:00,5.25,5.25,4.85,4.9,628875
2026-02-03 11:03:00,11:03:00,4.95,4.95,4.75,4.9,575640
2026-02-03 11:04:00,11:04:00,4.9,5.2,4.9,5.1,459680
2026-02-03 11:05:00,11:05:00,5.05,5.1,4.95,5.0,333450
2026-02-03 11:06:00,11:06:00,5.0,5.05,4.75,4.9,295945
2026-02-03 11:07:00,11:07:00,4.95,5.35,4.9,5.2,417430
2026-02-03 11:08:00,11:08:00,5.25,5.6,5.2,5.25,504790
2026-02-03 11:09:00,11:09:00,5.35,5.65,5.25,5.45,518895
2026-02-03 11:10:00,11:10:00,5.45,5.75,5.45,5.6,693290
2026-02-03 11:11:00,11:11:00,5.55,5.65,5.35,5.65,450645
2026-02-03 11:12:00,11:12:00,4.75,4.8,4.5,4.7,149435
2026-02-03 11:13:00,11:13:00,5.4,5.45,5.0,5.0,385970
2026-02-03 11:14:00,11:14:00,5.0,5.15,4.75,4.9,523965
2026-02-03 11:15:00,11:15:00,4.9,5.1,4.65,5.0,687570
2026-02-03 11:16:00,11:16:00,5.0,5.2,4.85,4.9,354640
2026-02-03 11:17:00,11:17:00,4.85,4.95,4.2,4.25,798655
2026-02-03 11:18:00,11:18:00,4.3,4.4,4.15,4.25,775060
2026-02-03 11:19:00,11:19:00,4.25,4.8,4.1,4.65,704535
2026-02-03 11:20:00,11:20:00,4.7,5.0,4.65,4.65,641355
2026-02-03 11:21:00,11:21:00,4.65,4.65,4.45,4.55,449735
2026-02-03 11:22:00,11:22:00,4.55,4.55,4.3,4.4,446745
2026-02-03 11:23:00,11:23:00,4.4,4.45,4.25,4.4,317330
2026-02-03 11:24:00,11:24:00,4.35,4.65,4.2,4.65,620490
2026-02-03 11:25:00,11:25:00,4.6,4.75,4.45,4.55,674635
2026-02-03 11:26:00,11:26:00,4.5,4.65,4.45,4.5,435825
2026-02-03 11:27:00,11:27:00,4.45,4.5,4.0,4.0,488345
2026-02-03 11:28:00,11:28:00,4.05,4.3,4.0,4.3,471575
2026-02-03 11:29:00,11:29:00,4.3,4.4,4.1,4.25,764530
2026-02-03 11:30:00,11:30:00,4.25,4.5,4.25,4.45,352690
2026-02-03 11:31:00,11:31:00,4.45,4.45,4.15,4.15,271375
2026-02-03 11:32:00,11:32:00,4.8,4.8,4.4,4.5,344305
2026-02-03 11:33:00,11:33:00,4.6,4.65,4.35,4.55,593580
2026-02-03 11:34:00,11:34:00,4.5,4.65,4.3,4.3,607230
2026-02-03 11:35:00,11:35:00,4.3,4.35,4.0,4.1,773500
2026-02-03 11:36:00,11:36:00,4.1,4.25,3.8,3.9,656110
2026-02-03 11:37:00,11:37:00,3.85,4.05,3.65,3.8,552760
2026-02-03 11:38:00,11:38:00,3.8,3.85,3.4,3.45,512655
2026-02-03 11:39:00,11:39:00,3.5,3.7,3.45,3.6,447850
2026-02-03 11:40:00,11:40:00,3.65,3.75,3.55,3.75,529685
2026-02-03 11:41:00,11:41:00,3.7,3.75,3.65,3.7,315835
2026-02-03 11:42:00,11:42:00,3.7,3.8,3.7,3.75,213135
2026-02-03 11:43:00,11:43:00,3.75,3.95,3.7,3.95,492570
2026-02-03 11:44:00,11:44:00,3.95,3.95,3.8,3.9,230165
2026-02-03 11:45:00,11:45:00,3.95,4.1,3.85,3.95,251030
2026-02-03 11:46:00,11:46:00,4.05,4.05,3.85,4.05,237705
2026-02-03 11:47:00,11:47:00,4.0,4.35,3.95,4.3,372710
2026-02-03 11:48:00,11:48:00,4.35,4.5,4.2,4.2,287755
2026-02-03 11:49:00,11:49:00,4.15,4.2,4.0,4.05,231595
2026-02-03 11:50:00,11:50:00,4.1,4.1,3.7,3.7,285935
2026-02-03 11:51:00,11:51:00,3.7,3.85,3.65,3.75,308880
2026-02-03 11:52:00,11:52:00,3.8,3.8,3.55,3.75,282620
2026-02-03 11:53:00,11:53:00,3.7,3.8,3.65,3.7,240955
2026-02-03 11:54:00,11:54:00,3.75,3.85,3.7,3.75,210925
2026-02-03 11:55:00,11:55:00,3.75,3.75,3.55,3.55,351390
2026-02-03 11:56:00,11:56:00,3.65,3.8,3.55,3.7,281580
2026-02-03 11:57:00,11:57:00,3.75,3.75,3.55,3.6,125450
2026-02-03 11:58:00,11:58:00,3.5,3.65,3.5,3.6,207090
2026-02-03 11:59:00,11:59:00,3.65,3.8,3.6,3.8,239005
2026-02-03 12:00:00,12:00:00,3.75,3.9,3.65,3.9,304395
2026-02-03 12:01:00,12:01:00,3.85,4.05,3.85,3.9,325715
2026-02-03 12:02:00,12:02:00,3.9,4.0,3.8,3.85,540605
2026-02-03 12:03:00,12:03:00,3.85,4.0,3.75,3.9,523510
2026-02-03 12:04:00,12:04:00,3.55,3.7,3.5,3.55,506805
2026-02-03 12:05:00,12:05:00,3.55,3.65,3.45,3.6,353145
2026-02-03 12:06:00,12:06:00,3.65,3.65,3.5,3.55,347750
2026-02-03 12:07:00,12:07:00,3.55,3.85,3.55,3.75,413270
2026-02-03 12:08:00,12:08:00,4.25,4.3,4.05,4.05,469820
2026-02-03 12:09:00,12:09:00,4.1,4.25,4.05,4.15,422175
2026-02-03 12:10:00,12:10:00,4.1,4.2,4.0,4.15,551200
2026-02-03 12:11:00,12:11:00,4.15,4.15,3.95,3.95,329615
2026-02-03 12:12:00,12:12:00,3.95,4.35,3.95,4.25,242775
2026-02-03 12:13:00,12:13:00,4.25,4.3,4.05,4.05,309400
2026-02-03 12:14:00,12:14:00,4.0,4.1,3.9,4.0,457600
2026-02-03 12:15:00,12:15:00,4.0,4.15,3.95,4.0,205725
2026-02-03 12:16:00,12:16:00,4.1,4.2,4.0,4.1,173810
2026-02-03 12:17:00,12:17:00,4.05,4.35,4.05,4.35,316160
2026-02-03 12:18:00,12:18:00,4.35,4.4,4.25,4.25,251940
2026-02-03 12:19:00,12:19:00,4.3,4.3,4.05,4.15,424255
2026-02-03 12:20:00,12:20:00,4.15,4.2,4.05,4.15,212875
2026-02-03 12:21:00,12:21:00,4.1,4.2,4.0,4.2,256555
2026-02-03 12:22:00,12:22:00,3.8,3.85,3.7,3.85,209690
2026-02-03 12:23:00,12:23:00,3.85,3.95,3.8,3.85,350415
2026-02-03 12:24:00,12:24:00,3.8,3.95,3.75,3.9,311935
2026-02-03 12:25:00,12:25:00,3.95,4.35,3.8,3.95,915915
2026-02-03 12:26:00,12:26:00,3.95,4.15,3.9,4.0,1042730
2026-02-03 12:27:00,12:27:00,4.05,4.1,3.95,4.1,610155
2026-02-03 12:28:00,12:28:00,4.25,4.8,4.1,4.4,1304940
2026-02-03 12:29:00,12:29:00,4.5,4.75,3.8,3.9,2363985
2026-02-03 12:30:00,12:30:00,3.95,4.3,3.6,3.7,1399320
2026-02-03 12:31:00,12:31:00,3.65,4.0,3.5,3.75,1324895
2026-02-03 12:32:00,12:32:00,3.75,3.85,3.5,3.6,1074840
2026-02-03 12:33:00,12:33:00,3.6,3.75,3.45,3.55,754585
2026-02-03 12:34:00,12:34:00,3.55,3.65,3.4,3.6,348465
2026-02-03 12:35:00,12:35:00,3.65,4.15,3.6,4.05,637975
2026-02-03 12:36:00,12:36:00,3.5,3.8,3.2,3.25,1036165
2026-02-03 12:37:00,12:37:00,3.75,3.8,3.5,3.65,775905
2026-02-03 12:38:00,12:38:00,3.65,3.8,3.45,3.55,833105
2026-02-03 12:39:00,12:39:00,3.5,3.55,3.3,3.35,617110
2026-02-03 12:40:00,12:40:00,3.35,3.5,3.3,3.3,612300
2026-02-03 12:41:00,12:41:00,3.35,3.5,3.3,3.45,486720
2026-02-03 12:42:00,12:42:00,3.4,3.45,3.2,3.2,483665
2026-02-03 12:43:00,12:43:00,3.2,3.3,3.1,3.25,380900
2026-02-03 12:44:00,12:44:00,3.25,3.3,3.05,3.1,373490
2026-02-03 12:45:00,12:45:00,3.1,3.1,2.95,3.0,709930
2026-02-03 12:46:00,12:46:00,3.0,3.2,3.0,3.0,528970
2026-02-03 12:47:00,12:47:00,3.0,3.3,3.0,3.3,689910
2026-02-03 12:48:00,12:48:00,3.35,3.45,3.25,3.4,546585
2026-02-03 12:49:00,12:49:00,3.35,3.5,3.3,3.4,481975
2026-02-03 12:50:00,12:50:00,3.5,3.55,3.2,3.5,876265
2026-02-03 12:51:00,12:51:00,3.55,3.6,3.45,3.55,406055
2026-02-03 12:52:00,12:52:00,3.55,3.65,3.25,3.3,534300
2026-02-03 12:53:00,12:53:00,3.25,3.35,3.0,3.0,568685
2026-02-03 12:54:00,12:54:00,3.0,3.2,3.0,3.15,515320
2026-02-03 12:55:00,12:55:00,3.2,3.2,2.85,3.1,933010
2026-02-03 12:56:00,12:56:00,3.1,3.4,3.1,3.35,634400
2026-02-03 12:57:00,12:57:00,3.3,3.6,3.3,3.45,543920
2026-02-03 12:58:00,12:58:00,3.4,3.55,3.4,3.45,533520
2026-02-03 12:59:00,12:59:00,3.5,3.6,3.35,3.5,407030
2026-02-03 13:00:00,13:00:00,3.5,3.55,3.35,3.4,421655
2026-02-03 13:01:00,13:01:00,3.4,3.4,3.25,3.35,473720
2026-02-03 13:02:00,13:02:00,3.3,3.35,3.2,3.3,529620
2026-02-03 13:03:00,13:03:00,3.3,3.4,3.25,3.35,431990
2026-02-03 13:04:00,13:04:00,3.4,3.4,3.3,3.35,352365
2026-02-03 13:05:00,13:05:00,3.35,3.45,3.3,3.45,313625
2026-02-03 13:06:00,13:06:00,3.45,3.45,3.2,3.2,458770
2026-02-03 13:07:00,13:07:00,3.25,3.3,3.2,3.3,262925
2026-02-03 13:08:00,13:08:00,3.3,3.45,3.25,3.4,333580
2026-02-03 13:09:00,13:09:00,3.35,3.45,3.25,3.3,288210
2026-02-03 13:10:00,13:10:00,3.25,3.55,3.25,3.45,465985
2026-02-03 13:11:00,13:11:00,3.5,3.65,3.45,3.65,384930
2026-02-03 13:12:00,13:12:00,3.5,3.85,3.5,3.75,387855
2026-02-03 13:13:00,13:13:00,3.75,3.8,3.65,3.75,411580
2026-02-03 13:14:00,13:14:00,3.7,3.9,3.7,3.85,288535
2026-02-03 13:15:00,13:15:00,3.8,3.85,3.55,3.65,535535
2026-02-03 13:16:00,13:16:00,3.6,3.75,3.5,3.5,327145
2026-02-03 13:17:00,13:17:00,3.45,3.5,3.4,3.45,317850
2026-02-03 13:18:00,13:18:00,3.4,3.45,3.2,3.35,534625
2026-02-03 13:19:00,13:19:00,3.35,3.4,3.25,3.4,426465
2026-02-03 13:20:00,13:20:00,3.35,3.5,3.3,3.45,374985
2026-02-03 13:21:00,13:21:00,3.45,3.55,3.4,3.45,356915
2026-02-03 13:22:00,13:22:00,3.4,3.5,3.25,3.25,542750
2026-02-03 13:23:00,13:23:00,3.3,3.45,3.25,3.45,274495
2026-02-03 13:24:00,13:24:00,3.4,3.5,3.3,3.4,252200
2026-02-03 13:25:00,13:25:00,3.45,3.65,3.4,3.6,431275
2026-02-03 13:26:00,13:26:00,3.65,4.45,3.4,3.5,2152475
2026-02-03 13:27:00,13:27:00,3.5,4.3,3.15,3.25,1533350
2026-02-03 13:28:00,13:28:00,3.25,3.3,3.1,3.15,720330
2026-02-03 13:29:00,13:29:00,3.15,3.25,2.95,3.1,607425
2026-02-03 13:30:00,13:30:00,3.1,3.35,3.05,3.25,511290
2026-02-03 13:31:00,13:31:00,3.25,3.45,3.25,3.45,298610
2026-02-03 13:32:00,13:32:00,3.45,3.45,3.15,3.15,251290
2026-02-03 13:33:00,13:33:00,3.2,3.3,2.5,2.55,468065
2026-02-03 13:34:00,13:34:00,2.5,2.85,2.5,2.75,484445
2026-02-03 13:35:00,13:35:00,2.75,3.25,2.5,2.8,998465
2026-02-03 13:36:00,13:36:00,2.8,2.95,2.3,2.45,1062035
2026-02-03 13:37:00,13:37:00,2.45,2.5,2.1,2.1,681265
2026-02-03 13:38:00,13:38:00,2.05,2.1,1.7,1.85,945100
2026-02-03 13:39:00,13:39:00,1.9,1.95,1.75,1.75,563615
2026-02-03 13:40:00,13:40:00,1.95,2.0,1.7,1.75,566735
2026-02-03 13:41:00,13:41:00,1.75,1.9,1.6,1.65,932555
2026-02-03 13:42:00,13:42:00,1.65,1.75,1.65,1.7,569335
2026-02-03 13:43:00,13:43:00,1.75,1.8,1.6,1.7,1962545
2026-02-03 13:44:00,13:44:00,1.7,1.75,1.6,1.65,837395
2026-02-03 13:45:00,13:45:00,1.65,1.75,1.6,1.7,737360
2026-02-03 13:46:00,13:46:00,1.7,1.8,1.65,1.7,606840
2026-02-03 13:47:00,13:47:00,1.65,1.8,1.65,1.7,1030770
2026-02-03 13:48:00,13:48:00,1.7,1.75,1.65,1.7,667225
2026-02-03 13:49:00,13:49:00,1.7,1.7,1.5,1.5,623935
2026-02-03 13:50:00,13:50:00,1.5,1.6,1.45,1.45,400985
2026-02-03 13:51:00,13:51:00,1.5,1.55,1.45,1.5,783250
2026-02-03 13:52:00,13:52:00,1.45,1.5,1.25,1.3,673205
2026-02-03 13:53:00,13:53:00,1.25,1.3,1.2,1.25,417495
2026-02-03 13:54:00,13:54:00,1.25,1.5,1.2,1.4,640575
2026-02-03 13:55:00,13:55:00,1.4,1.4,1.3,1.3,213850
2026-02-03 13:56:00,13:56:00,1.35,1.35,1.25,1.3,294125
2026-02-03 13:57:00,13:57:00,1.35,1.35,1.2,1.2,399880
2026-02-03 13:58:00,13:58:00,1.15,1.25,1.05,1.25,363610
2026-02-03 13:59:00,13:59:00,1.25,1.4,1.15,1.4,510965
2026-02-03 14:00:00,14:00:00,1.4,1.7,1.3,1.5,736710
2026-02-03 14:01:00,14:01:00,1.5,1.5,1.3,1.3,565240
2026-02-03 14:02:00,14:02:00,1.3,1.4,1.2,1.4,597090
2026-02-03 14:03:00,14:03:00,1.35,1.45,1.3,1.35,554255
2026-02-03 14:04:00,14:04:00,1.5,1.55,1.4,1.4,578435
2026-02-03 14:05:00,14:05:00,1.35,1.4,1.3,1.4,544960
2026-02-03 14:06:00,14:06:00,1.55,1.6,1.45,1.5,273585
2026-02-03 14:07:00,14:07:00,1.45,1.55,1.4,1.45,378950
2026-02-03 14:08:00,14:08:00,1.45,1.55,1.4,1.4,443170
2026-02-03 14:09:00,14:09:00,1.4,1.55,1.4,1.45,287430
2026-02-03 14:10:00,14:10:00,1.35,1.45,1.35,1.45,251030
2026-02-03 14:11:00,14:11:00,1.5,1.55,1.45,1.5,322140
2026-02-03 14:12:00,14:12:00,1.5,1.5,1.25,1.25,239720
2026-02-03 14:13:00,14:13:00,1.3,1.35,1.25,1.35,380770
2026-02-03 14:14:00,14:14:00,1.35,1.35,1.15,1.15,430820
2026-02-03 14:15:00,14:15:00,1.1,1.1,1.0,1.1,549120
2026-02-03 14:16:00,14:16:00,1.1,1.3,1.1,1.25,309270
2026-02-03 14:17:00,14:17:00,1.3,1.3,1.15,1.15,130780
2026-02-03 14:18:00,14:18:00,1.2,1.35,1.2,1.35,317135
2026-02-03 14:19:00,14:19:00,1.35,1.35,1.2,1.25,106015
2026-02-03 14:20:00,14:20:00,1.25,1.25,1.1,1.15,234390
2026-02-03 14:21:00,14:21:00,1.1,1.25,1.1,1.2,403780
2026-02-03 14:22:00,14:22:00,1.15,1.25,1.1,1.2,65390
2026-02-03 14:23:00,14:23:00,1.15,1.25,1.1,1.15,170625
2026-02-03 14:24:00,14:24:00,1.1,1.15,1.0,1.15,257725
2026-02-03 14:25:00,14:25:00,1.15,1.15,1.0,1.05,342680
2026-02-03 14:26:00,14:26:00,1.05,1.15,1.05,1.1,566605
2026-02-03 14:27:00,14:27:00,1.05,1.1,0.95,1.0,355940
2026-02-03 14:28:00,14:28:00,1.05,1.1,1.0,1.05,283790
2026-02-03 14:29:00,14:29:00,1.1,1.15,0.95,1.0,538460
2026-02-03 14:30:00,14:30:00,1.1,1.15,0.85,0.85,481260
2026-02-03 14:31:00,14:31:00,0.85,0.95,0.8,0.9,222495
2026-02-03 14:32:00,14:32:00,0.9,1.45,0.85,1.35,736710
2026-02-03 14:33:00,14:33:00,1.3,1.4,0.9,0.95,707980
2026-02-03 14:34:00,14:34:00,0.95,0.95,0.85,0.9,294710
2026-02-03 14:35:00,14:35:00,0.95,1.0,0.9,0.95,450710
2026-02-03 14:36:00,14:36:00,0.95,1.0,0.9,0.95,315055
2026-02-03 14:37:00,14:37:00,0.95,0.95,0.8,0.8,294515
2026-02-03 14:38:00,14:38:00,0.9,1.0,0.9,0.95,446940
2026-02-03 14:39:00,14:39:00,0.95,0.95,0.8,0.8,200655
2026-02-03 14:40:00,14:40:00,0.8,0.85,0.8,0.85,72475
2026-02-03 14:41:00,14:41:00,0.85,1.1,0.8,0.85,464295
2026-02-03 14:42:00,14:42:00,0.9,1.0,0.75,0.8,598390
2026-02-03 14:43:00,14:43:00,0.8,0.95,0.75,0.85,463905
2026-02-03 14:44:00,14:44:00,0.9,0.9,0.8,0.85,474110
2026-02-03 14:45:00,14:45:00,0.9,0.9,0.75,0.8,353535
2026-02-03 14:46:00,14:46:00,0.8,0.8,0.7,0.75,169195
2026-02-03 14:47:00,14:47:00,0.85,0.85,0.75,0.8,346450
2026-02-03 14:48:00,14:48:00,0.8,0.8,0.7,0.75,278590
2026-02-03 14:49:00,14:49:00,0.7,0.75,0.55,0.6,169455
2026-02-03 14:50:00,14:50:00,0.6,0.7,0.55,0.7,142090
2026-02-03 14:51:00,14:51:00,0.65,0.7,0.65,0.65,169260
2026-02-03 14:52:00,14:52:00,0.7,0.7,0.55,0.65,253305
2026-02-03 14:53:00,14:53:00,0.6,0.65,0.55,0.55,238030
2026-02-03 14:54:00,14:54:00,0.55,0.55,0.45,0.45,219245
2026-02-03 14:55:00,14:55:00,0.45,0.5,0.4,0.45,398255
2026-02-03 14:56:00,14:56:00,0.45,0.6,0.45,0.55,340080
2026-02-03 14:57:00,14:57:00,0.55,0.65,0.55,0.6,356265
2026-02-03 14:58:00,14:58:00,0.6,0.65,0.55,0.6,352625
2026-02-03 14:59:00,14:59:00,0.55,0.6,0.45,0.55,521495
2026-02-03 15:00:00,15:00:00,0.6,0.7,0.5,0.55,570830
2026-02-03 15:01:00,15:01:00,0.5,0.65,0.5,0.55,390260
2026-02-03 15:02:00,15:02:00,0.55,0.8,0.55,0.65,335270
2026-02-03 15:03:00,15:03:00,0.55,0.6,0.5,0.5,613470
2026-02-03 15:04:00,15:04:00,0.55,0.65,0.5,0.6,1012180
2026-02-03 15:05:00,15:05:00,0.65,0.65,0.45,0.45,933660
2026-02-03 15:06:00,15:06:00,0.45,0.45,0.35,0.35,380640
2026-02-03 15:07:00,15:07:00,0.35,0.4,0.3,0.3,210210
2026-02-03 15:08:00,15:08:00,0.35,0.35,0.25,0.25,759265
2026-02-03 15:09:00,15:09:00,0.3,0.3,0.2,0.2,428610
2026-02-03 15:10:00,15:10:00,0.2,0.2,0.1,0.15,464035
2026-02-03 15:11:00,15:11:00,0.1,0.15,0.1,0.1,160615
2026-02-03 15:12:00,15:12:00,0.15,0.15,0.1,0.1,167765
2026-02-03 15:13:00,15:13:00,0.15,0.2,0.1,0.15,315315
2026-02-03 15:14:00,15:14:00,0.2,0.2,0.1,0.1,430495
2026-02-03 15:15:00,15:15:00,0.1,0.15,0.1,0.1,172250
2026-02-03 15:16:00,15:16:00,0.15,0.15,0.1,0.1,36400
2026-02-03 15:17:00,15:17:00,0.15,0.15,0.1,0.1,97110
2026-02-03 15:18:00,15:18:00,0.15,0.15,0.1,0.1,680810
2026-02-03 15:19:00,15:19:00,0.1,0.1,0.05,0.1,319930
2026-02-03 15:20:00,15:20:00,0.1,0.1,0.05,0.1,299455
2026-02-03 15:21:00,15:21:00,0.05,0.1,0.05,0.05,664430
2026-02-03 15:22:00,15:22:00,0.05,0.1,0.05,0.05,166530
2026-02-03 15:23:00,15:23:00,0.05,0.1,0.05,0.05,148265
2026-02-03 15:24:00,15:24:00,0.05,0.1,0.05,0.05,193635
2026-02-03 15:25:00,15:25:00,0.05,0.1,0.05,0.05,341185
2026-02-03 15:26:00,15:26:00,0.05,0.1,0.05,0.05,181545
2026-02-03 15:27:00,15:27:00,0.05,0.1,0.05,0.05,138320
2026-02-03 15:28:00,15:28:00,0.05,0.05,0.05,0.05,424255
2026-02-03 15:29:00,15:29:00,0.05,0.05,0.05,0.05,7865
2026-02-04 09:15:00,09:15:00,35.05,42.85,35.0,39.15,269490
2026-02-04 09:16:00,09:16:00,43.95,45.65,41.35,41.35,563680
2026-02-04 09:17:00,09:17:00,41.6,42.3,39.1,40.0,365235
2026-02-04 09:18:00,09:18:00,46.65,47.05,45.65,45.75,132015
2026-02-04 09:19:00,09:19:00,39.95,41.2,39.25,41.0,283530
2026-02-04 09:20:00,09:20:00,46.1,47.2,45.0,45.4,114205
2026-02-04 09:21:00,09:21:00,39.65,40.75,39.25,40.75,137735
2026-02-04 09:22:00,09:22:00,46.7,47.05,44.05,44.05,111085
2026-02-04 09:23:00,09:23:00,44.35,44.45,41.6,41.6,134940
2026-02-04 09:24:00,09:24:00,41.8,42.0,40.55,41.05,103870
2026-02-04 09:25:00,09:25:00,40.8,41.05,38.85,39.45,146575
2026-02-04 09:26:00,09:26:00,45.05,45.2,43.05,44.45,231530
2026-02-04 09:27:00,09:27:00,44.75,45.5,43.7,44.2,262080
2026-02-04 09:28:00,09:28:00,38.85,40.05,38.7,39.75,54860
2026-02-04 09:29:00,09:29:00,39.85,40.9,39.6,40.35,55120
2026-02-04 09:30:00,09:30:00,40.25,40.55,39.2,39.6,47710
2026-02-04 09:31:00,09:31:00,44.7,45.1,42.35,42.65,245245
2026-02-04 09:32:00,09:32:00,42.9,44.2,42.55,42.95,210730
2026-02-04 09:33:00,09:33:00,43.15,44.55,42.5,44.5,145405
2026-02-04 09:34:00,09:34:00,38.95,39.95,38.0,39.65,54405
2026-02-04 09:35:00,09:35:00,39.65,41.15,39.4,39.5,67665
2026-02-04 09:36:00,09:36:00,39.45,40.95,39.15,40.75,60190
2026-02-04 09:37:00,09:37:00,40.6,43.4,40.45,42.65,99060
2026-02-04 09:38:00,09:38:00,42.55,44.35,41.8,42.2,156780
2026-02-04 09:39:00,09:39:00,42.5,43.2,41.85,43.2,90285
2026-02-04 09:40:00,09:40:00,43.15,43.2,40.7,41.2,75205
2026-02-04 09:41:00,09:41:00,41.15,41.2,39.0,39.3,85085
2026-02-04 09:42:00,09:42:00,44.75,44.75,43.35,43.55,148590
2026-02-04 09:43:00,09:43:00,43.4,44.45,42.5,42.6,194610
2026-02-04 09:44:00,09:44:00,42.8,42.85,41.9,41.95,160940
2026-02-04 09:45:00,09:45:00,42.15,43.75,41.95,42.5,170690
2026-02-04 09:46:00,09:46:00,42.85,43.1,42.3,42.65,103285
2026-02-04 09:47:00,09:47:00,42.35,42.65,41.25,42.4,141245
2026-02-04 09:48:00,09:48:00,42.25,42.4,41.3,42.1,91195
2026-02-04 09:49:00,09:49:00,42.2,42.9,42.0,42.6,186160
2026-02-04 09:50:00,09:50:00,42.65,44.15,42.6,43.5,144495
2026-02-04 09:51:00,09:51:00,37.9,38.6,37.4,37.8,58305
2026-02-04 09:52:00,09:52:00,37.65,38.5,37.3,38.35,89570
2026-02-04 09:53:00,09:53:00,38.5,39.8,38.3,39.6,82940
2026-02-04 09:54:00,09:54:00,39.5,39.6,37.35,37.55,79755
2026-02-04 09:55:00,09:55:00,37.45,38.0,37.05,37.45,34775
2026-02-04 09:56:00,09:56:00,37.5,38.15,37.15,37.9,25870
2026-02-04 09:57:00,09:57:00,38.0,38.8,37.55,38.65,38350
2026-02-04 09:58:00,09:58:00,44.15,44.4,40.75,41.15,155155
2026-02-04 09:59:00,09:59:00,41.0,41.4,40.2,40.45,82160
2026-02-04 10:00:00,10:00:00,40.55,41.55,39.7,40.6,195520
2026-02-04 10:01:00,10:01:00,40.9,41.65,40.3,40.7,70330
2026-02-04 10:02:00,10:02:00,40.75,41.25,40.2,40.85,66495
2026-02-04 10:03:00,10:03:00,40.5,41.55,40.15,41.0,94705
2026-02-04 10:04:00,10:04:00,40.8,41.65,40.4,41.45,110695
2026-02-04 10:05:00,10:05:00,41.35,41.45,38.6,39.25,177385
2026-02-04 10:06:00,10:06:00,39.85,40.6,39.25,40.35,65455
2026-02-04 10:07:00,10:07:00,40.2,42.1,40.05,40.3,95810
2026-02-04 10:08:00,10:08:00,40.0,40.3,38.9,38.9,94640
2026-02-04 10:09:00,10:09:00,38.65,39.4,38.45,38.7,121290
2026-02-04 10:10:00,10:10:00,38.5,39.4,38.3,39.1,110175
2026-02-04 10:11:00,10:11:00,38.9,40.0,38.9,40.0,99450
2026-02-04 10:12:00,10:12:00,39.95,40.5,39.2,40.3,98020
2026-02-04 10:13:00,10:13:00,40.35,40.6,39.55,40.6,99060
2026-02-04 10:14:00,10:14:00,40.55,41.4,40.05,40.6,59605
2026-02-04 10:15:00,10:15:00,40.5,41.4,39.9,40.45,87815
2026-02-04 10:16:00,10:16:00,40.4,41.15,40.15,40.65,30810
2026-02-04 10:17:00,10:17:00,35.35,36.25,35.2,36.1,36075
2026-02-04 10:18:00,10:18:00,36.05,36.2,35.1,36.15,36985
2026-02-04 10:19:00,10:19:00,36.05,37.65,36.05,37.55,95160
2026-02-04 10:20:00,10:20:00,37.85,37.85,36.0,36.3,56615
2026-02-04 10:21:00,10:21:00,36.35,37.75,35.7,37.75,57395
2026-02-04 10:22:00,10:22:00,37.75,38.2,37.3,38.0,75660
2026-02-04 10:23:00,10:23:00,38.0,38.85,37.55,38.2,91845
2026-02-04 10:24:00,10:24:00,38.05,38.2,37.4,37.5,50050
2026-02-04 10:25:00,10:25:00,37.85,38.95,37.4,37.4,96850
2026-02-04 10:26:00,10:26:00,37.35,37.75,36.6,37.3,78520
2026-02-04 10:27:00,10:27:00,37.25,38.45,37.25,38.4,22035
2026-02-04 10:28:00,10:28:00,39.0,39.0,37.25,37.55,73905
2026-02-04 10:29:00,10:29:00,37.45,38.0,36.4,37.4,46865
2026-02-04 10:30:00,10:30:00,37.2,37.95,37.0,37.6,57460
2026-02-04 10:31:00,10:31:00,37.65,37.65,36.1,36.8,54145
2026-02-04 10:32:00,10:32:00,36.3,37.45,36.25,36.95,39650
2026-02-04 10:33:00,10:33:00,37.05,38.2,36.95,38.05,75855
2026-02-04 10:34:00,10:34:00,37.7,39.25,37.5,38.6,146380
2026-02-04 10:35:00,10:35:00,38.55,39.05,37.7,38.85,77610
2026-02-04 10:36:00,10:36:00,33.85,34.65,33.8,33.95,109590
2026-02-04 10:37:00,10:37:00,33.8,34.6,33.2,34.15,126230
2026-02-04 10:38:00,10:38:00,34.2,34.75,33.5,33.5,91520
2026-02-04 10:39:00,10:39:00,38.35,38.7,36.8,36.8,101075
2026-02-04 10:40:00,10:40:00,36.7,37.25,35.6,37.25,154700
2026-02-04 10:41:00,10:41:00,37.45,38.35,36.6,36.7,64090
2026-02-04 10:42:00,10:42:00,36.8,37.65,36.7,36.9,20345
2026-02-04 10:43:00,10:43:00,36.5,37.1,35.25,35.3,57330
2026-02-04 10:44:00,10:44:00,35.3,36.5,34.9,35.45,53105
2026-02-04 10:45:00,10:45:00,35.3,36.8,35.1,36.8,35230
2026-02-04 10:46:00,10:46:00,37.0,37.3,35.65,36.15,40495
2026-02-04 10:47:00,10:47:00,35.9,36.15,34.35,35.05,57265
2026-02-04 10:48:00,10:48:00,34.9,35.05,33.6,33.95,48490
2026-02-04 10:49:00,10:49:00,33.9,34.15,33.2,33.85,50830
2026-02-04 10:50:00,10:50:00,33.7,35.2,33.45,34.45,51155
2026-02-04 10:51:00,10:51:00,34.3,35.0,33.35,33.85,67340
2026-02-04 10:52:00,10:52:00,33.45,34.45,32.95,33.8,49400
2026-02-04 10:53:00,10:53:00,33.6,34.05,33.0,33.95,31720
2026-02-04 10:54:00,10:54:00,34.15,35.7,33.95,34.85,46280
2026-02-04 10:55:00,10:55:00,35.0,35.4,34.1,34.75,46150
2026-02-04 10:56:00,10:56:00,34.9,35.05,33.65,34.7,27820
2026-02-04 10:57:00,10:57:00,34.6,35.65,34.35,35.3,45955
2026-02-04 10:58:00,10:58:00,35.25,35.3,34.2,34.95,32695
2026-02-04 10:59:00,10:59:00,35.0,35.0,33.1,33.75,50895
2026-02-04 11:00:00,11:00:00,33.9,33.9,32.8,33.4,21905
2026-02-04 11:01:00,11:01:00,33.1,33.4,32.5,33.1,38480
2026-02-04 11:02:00,11:02:00,33.3,34.5,32.9,33.2,36140
2026-02-04 11:03:00,11:03:00,33.3,33.3,31.55,31.6,56420
2026-02-04 11:04:00,11:04:00,31.5,33.2,31.5,32.8,65000
2026-02-04 11:05:00,11:05:00,32.75,34.05,32.75,33.15,29900
2026-02-04 11:06:00,11:06:00,32.9,33.15,31.75,31.75,41665
2026-02-04 11:07:00,11:07:00,31.85,33.05,31.75,32.7,35750
2026-02-04 11:08:00,11:08:00,32.8,33.35,32.7,33.35,21385
2026-02-04 11:09:00,11:09:00,33.3,34.65,33.25,34.35,34320
2026-02-04 11:10:00,11:10:00,34.2,35.85,34.0,35.65,53690
2026-02-04 11:11:00,11:11:00,30.9,31.4,30.5,31.25,154310
2026-02-04 11:12:00,11:12:00,31.1,32.1,31.1,31.45,145210
2026-02-04 11:13:00,11:13:00,36.55,37.0,35.35,35.5,61555
2026-02-04 11:14:00,11:14:00,30.55,31.45,30.55,30.8,49985
2026-02-04 11:15:00,11:15:00,30.8,32.2,30.8,32.1,76375
2026-02-04 11:16:00,11:16:00,31.95,32.5,31.4,32.45,88985
2026-02-04 11:17:00,11:17:00,32.6,33.2,31.5,32.15,124020
2026-02-04 11:18:00,11:18:00,32.3,32.5,31.15,31.25,84110
2026-02-04 11:19:00,11:19:00,31.2,31.7,31.1,31.4,79820
2026-02-04 11:20:00,11:20:00,31.4,31.5,30.3,30.6,121550
2026-02-04 11:21:00,11:21:00,30.55,31.3,30.55,30.65,50700
2026-02-04 11:22:00,11:22:00,30.35,30.65,29.75,30.5,85345
2026-02-04 11:23:00,11:23:00,30.35,31.4,30.2,31.4,47450
2026-02-04 11:24:00,11:24:00,31.4,32.75,31.4,32.5,104000
2026-02-04 11:25:00,11:25:00,32.4,32.5,31.2,32.0,123760
2026-02-04 11:26:00,11:26:00,32.15,32.45,31.7,31.75,62140
2026-02-04 11:27:00,11:27:00,31.85,33.4,31.6,33.0,111280
2026-02-04 11:28:00,11:28:00,33.0,33.5,31.0,31.35,120705
2026-02-04 11:29:00,11:29:00,31.4,31.7,30.6,31.15,45760
2026-02-04 11:30:00,11:30:00,31.3,32.2,31.15,31.8,103870
2026-02-04 11:31:00,11:31:00,31.75,32.65,30.35,30.4,219375
2026-02-04 11:32:00,11:32:00,30.45,31.0,30.25,30.65,106795
2026-02-04 11:33:00,11:33:00,30.45,31.65,30.45,31.15,60710
2026-02-04 11:34:00,11:34:00,31.15,31.4,30.45,31.0,63700
2026-02-04 11:35:00,11:35:00,31.0,31.55,30.75,31.3,37115
2026-02-04 11:36:00,11:36:00,31.6,32.0,31.1,31.95,36465
2026-02-04 11:37:00,11:37:00,32.0,32.0,30.8,30.95,45890
2026-02-04 11:38:00,11:38:00,30.95,31.3,30.4,30.55,31655
2026-02-04 11:39:00,11:39:00,30.5,30.95,30.05,30.65,34710
2026-02-04 11:40:00,11:40:00,30.75,30.75,29.6,29.7,60775
2026-02-04 11:41:00,11:41:00,29.5,29.7,28.75,29.4,99645
2026-02-04 11:42:00,11:42:00,29.5,29.6,28.55,28.75,146120
2026-02-04 11:43:00,11:43:00,28.9,29.75,28.75,29.3,59410
2026-02-04 11:44:00,11:44:00,29.3,29.75,28.75,28.75,35750
2026-02-04 11:45:00,11:45:00,28.8,28.8,27.85,28.15,204165
2026-02-04 11:46:00,11:46:00,28.3,28.95,28.1,28.8,64220
2026-02-04 11:47:00,11:47:00,28.7,30.15,28.65,30.1,62530
2026-02-04 11:48:00,11:48:00,29.85,30.1,28.65,28.8,70200
2026-02-04 11:49:00,11:49:00,28.85,30.0,28.5,28.7,51285
2026-02-04 11:50:00,11:50:00,28.6,30.4,28.6,29.6,81900
2026-02-04 11:51:00,11:51:00,29.6,30.75,29.6,30.45,99385
2026-02-04 11:52:00,11:52:00,30.6,30.65,29.5,29.55,68900
2026-02-04 11:53:00,11:53:00,29.3,30.3,29.25,29.5,81380
2026-02-04 11:54:00,11:54:00,29.35,29.5,27.45,27.5,109785
2026-02-04 11:55:00,11:55:00,32.35,32.9,31.65,31.65,59670
2026-02-04 11:56:00,11:56:00,27.2,27.9,26.85,27.8,122135
2026-02-04 11:57:00,11:57:00,27.85,27.9,26.95,27.35,59995
2026-02-04 11:58:00,11:58:00,31.95,32.0,31.15,31.65,22360
2026-02-04 11:59:00,11:59:00,31.7,31.8,31.0,31.0,20670
2026-02-04 12:00:00,12:00:00,30.8,31.0,30.2,30.45,116935
2026-02-04 12:01:00,12:01:00,30.45,31.15,30.45,30.55,22100
2026-02-04 12:02:00,12:02:00,26.2,27.05,26.1,26.75,91390
2026-02-04 12:03:00,12:03:00,26.65,27.6,26.65,27.4,72735
2026-02-04 12:04:00,12:04:00,27.4,27.75,26.6,26.6,85930
2026-02-04 12:05:00,12:05:00,26.6,26.8,26.25,26.5,37050
2026-02-04 12:06:00,12:06:00,26.5,26.85,26.15,26.75,46670
2026-02-04 12:07:00,12:07:00,30.95,31.0,29.55,29.85,42575
2026-02-04 12:08:00,12:08:00,29.75,30.05,29.35,29.45,31915
2026-02-04 12:09:00,12:09:00,29.5,29.55,29.0,29.45,29250
2026-02-04 12:10:00,12:10:00,29.3,29.6,29.15,29.25,30160
2026-02-04 12:11:00,12:11:00,29.25,30.0,29.2,29.45,35230
2026-02-04 12:12:00,12:12:00,29.5,30.05,29.25,29.75,20865
2026-02-04 12:13:00,12:13:00,29.85,30.3,29.7,29.75,36205
2026-02-04 12:14:00,12:14:00,29.7,29.75,29.05,29.2,35100
2026-02-04 12:15:00,12:15:00,29.3,29.35,28.55,29.05,52325
2026-02-04 12:16:00,12:16:00,29.1,29.7,28.75,29.7,28145
2026-02-04 12:17:00,12:17:00,29.85,29.85,29.0,29.35,18200
2026-02-04 12:18:00,12:18:00,29.4,30.15,29.3,29.55,27365
2026-02-04 12:19:00,12:19:00,29.9,30.4,29.55,30.2,18850
2026-02-04 12:20:00,12:20:00,30.15,30.5,29.55,29.7,36335
2026-02-04 12:21:00,12:21:00,29.45,30.5,29.45,30.0,16770
2026-02-04 12:22:00,12:22:00,30.35,30.9,30.0,30.7,34905
2026-02-04 12:23:00,12:23:00,30.65,30.7,29.9,30.05,21320
2026-02-04 12:24:00,12:24:00,30.15,30.9,30.05,30.4,34190
2026-02-04 12:25:00,12:25:00,30.45,30.45,29.8,29.85,21645
2026-02-04 12:26:00,12:26:00,29.7,29.9,28.7,29.0,60450
2026-02-04 12:27:00,12:27:00,28.9,29.0,28.2,28.3,37440
2026-02-04 12:28:00,12:28:00,27.95,28.4,27.95,28.3,70395
2026-02-04 12:29:00,12:29:00,28.05,28.85,28.05,28.85,31590
2026-02-04 12:30:00,12:30:00,28.95,29.7,28.6,29.7,56355
2026-02-04 12:31:00,12:31:00,29.65,30.35,29.55,29.7,72150
2026-02-04 12:32:00,12:32:00,29.8,29.95,29.4,29.5,27105
2026-02-04 12:33:00,12:33:00,29.45,30.15,29.45,30.0,37245
2026-02-04 12:34:00,12:34:00,29.9,30.1,29.5,29.5,65000
2026-02-04 12:35:00,12:35:00,29.45,30.15,29.45,30.05,18655
2026-02-04 12:36:00,12:36:00,30.15,30.7,30.05,30.65,40885
2026-02-04 12:37:00,12:37:00,30.65,30.75,29.0,29.05,46865
2026-02-04 12:38:00,12:38:00,29.05,29.95,29.05,29.9,27170
2026-02-04 12:39:00,12:39:00,29.7,29.9,29.0,29.25,17615
2026-02-04 12:40:00,12:40:00,29.25,29.3,28.4,28.75,27235
2026-02-04 12:41:00,12:41:00,28.65,28.75,28.0,28.25,28275
2026-02-04 12:42:00,12:42:00,28.1,28.25,27.4,27.75,55185
2026-02-04 12:43:00,12:43:00,28.0,28.4,27.75,28.15,13000
2026-02-04 12:44:00,12:44:00,28.2,29.0,28.15,29.0,42575
2026-02-04 12:45:00,12:45:00,29.15,29.6,28.85,28.95,47125
2026-02-04 12:46:00,12:46:00,28.85,29.75,28.85,29.05,27820
2026-02-04 12:47:00,12:47:00,29.05,29.9,29.05,29.7,29315
2026-02-04 12:48:00,12:48:00,29.65,30.05,29.5,30.0,40690
2026-02-04 12:49:00,12:49:00,25.85,26.15,25.75,26.1,47060
2026-02-04 12:50:00,12:50:00,25.95,26.5,25.85,26.25,92365
2026-02-04 12:51:00,12:51:00,26.35,26.6,25.95,26.1,123760
2026-02-04 12:52:00,12:52:00,26.25,26.45,25.95,26.4,381680
2026-02-04 12:53:00,12:53:00,26.45,26.8,26.2,26.8,281060
2026-02-04 12:54:00,12:54:00,26.75,27.15,26.0,26.2,132145
2026-02-04 12:55:00,12:55:00,26.2,26.8,26.05,26.45,40950
2026-02-04 12:56:00,12:56:00,26.5,26.5,25.8,26.1,50570
2026-02-04 12:57:00,12:57:00,26.1,26.65,26.0,26.65,38610
2026-02-04 12:58:00,12:58:00,26.7,27.0,26.55,26.85,59540
2026-02-04 12:59:00,12:59:00,26.8,27.6,26.45,27.25,95485
2026-02-04 13:00:00,13:00:00,27.1,27.25,26.75,27.05,123500
2026-02-04 13:01:00,13:01:00,27.15,27.9,27.05,27.5,84435
2026-02-04 13:02:00,13:02:00,27.25,27.5,27.0,27.1,53235
2026-02-04 13:03:00,13:03:00,26.75,27.25,26.6,27.1,60905
2026-02-04 13:04:00,13:04:00,27.0,27.1,26.15,26.25,206050
2026-02-04 13:05:00,13:05:00,26.25,26.4,25.9,25.95,112515
2026-02-04 13:06:00,13:06:00,25.95,26.2,25.55,25.65,39130
2026-02-04 13:07:00,13:07:00,25.55,26.0,25.1,25.1,140660
2026-02-04 13:08:00,13:08:00,29.25,29.65,28.7,28.7,56745
2026-02-04 13:09:00,13:09:00,28.5,29.0,28.2,28.95,41990
2026-02-04 13:10:00,13:10:00,28.8,29.25,28.7,29.15,18265
2026-02-04 13:11:00,13:11:00,29.15,29.35,28.6,28.8,16120
2026-02-04 13:12:00,13:12:00,28.75,28.8,28.05,28.05,33150
2026-02-04 13:13:00,13:13:00,28.0,28.5,27.95,28.2,26065
2026-02-04 13:14:00,13:14:00,27.9,28.45,27.75,28.2,37440
2026-02-04 13:15:00,13:15:00,28.2,28.45,27.8,28.2,20865
2026-02-04 13:16:00,13:16:00,28.1,28.4,28.0,28.3,7605
2026-02-04 13:17:00,13:17:00,28.4,28.55,27.95,28.05,19305
2026-02-04 13:18:00,13:18:00,28.05,28.3,27.6,28.2,30290
2026-02-04 13:19:00,13:19:00,28.4,28.7,27.85,27.95,25220
2026-02-04 13:20:00,13:20:00,27.9,28.1,27.4,27.65,26975
2026-02-04 13:21:00,13:21:00,27.55,27.9,27.3,27.75,16640
2026-02-04 13:22:00,13:22:00,27.8,27.8,26.9,27.05,41925
2026-02-04 13:23:00,13:23:00,27.25,27.25,26.35,26.5,35295
2026-02-04 13:24:00,13:24:00,26.55,26.95,26.45,26.8,26065
2026-02-04 13:25:00,13:25:00,26.65,27.1,26.4,26.9,18460
2026-02-04 13:26:00,13:26:00,26.25,27.1,26.2,27.1,106470
2026-02-04 13:27:00,13:27:00,27.0,27.1,26.6,26.8,43290
2026-02-04 13:28:00,13:28:00,26.7,26.8,26.4,26.45,24700
2026-02-04 13:29:00,13:29:00,26.3,26.7,26.15,26.4,22620
2026-02-04 13:30:00,13:30:00,26.1,26.6,26.0,26.45,27625
2026-02-04 13:31:00,13:31:00,26.45,26.85,26.25,26.4,13065
2026-02-04 13:32:00,13:32:00,26.4,26.45,26.1,26.35,119015
2026-02-04 13:33:00,13:33:00,26.6,27.15,26.35,27.1,86905
2026-02-04 13:34:00,13:34:00,27.0,27.1,26.6,26.65,19955
2026-02-04 13:35:00,13:35:00,26.55,27.0,26.3,26.9,24765
2026-02-04 13:36:00,13:36:00,26.8,27.1,26.25,26.25,21645
2026-02-04 13:37:00,13:37:00,26.15,26.75,26.15,26.55,36595
2026-02-04 13:38:00,13:38:00,26.6,26.7,26.15,26.7,36270
2026-02-04 13:39:00,13:39:00,26.75,26.75,26.15,26.45,33085
2026-02-04 13:40:00,13:40:00,26.55,26.85,26.4,26.6,32760
2026-02-04 13:41:00,13:41:00,26.6,26.65,26.35,26.6,8385
2026-02-04 13:42:00,13:42:00,26.75,26.95,26.45,26.65,22100
2026-02-04 13:43:00,13:43:00,26.65,27.0,26.6,26.9,14170
2026-02-04 13:44:00,13:44:00,26.85,26.95,26.5,26.65,44525
2026-02-04 13:45:00,13:45:00,26.6,27.05,26.4,26.95,34060
2026-02-04 13:46:00,13:46:00,26.95,27.0,26.65,27.0,20215
2026-02-04 13:47:00,13:47:00,26.7,27.0,26.55,26.85,18395
2026-02-04 13:48:00,13:48:00,26.85,27.0,26.4,26.6,18265
2026-02-04 13:49:00,13:49:00,26.55,26.95,26.45,26.85,8255
2026-02-04 13:50:00,13:50:00,26.8,27.05,26.7,27.05,11245
2026-02-04 13:51:00,13:51:00,27.05,27.05,26.25,26.25,22620
2026-02-04 13:52:00,13:52:00,29.9,30.25,29.45,30.15,141245
2026-02-04 13:53:00,13:53:00,30.2,30.3,29.65,29.65,40495
2026-02-04 13:54:00,13:54:00,29.7,30.5,29.5,29.7,131755
2026-02-04 13:55:00,13:55:00,29.6,30.55,29.6,30.3,83395
2026-02-04 13:56:00,13:56:00,30.2,30.95,30.0,30.8,55575
2026-02-04 13:57:00,13:57:00,30.8,30.85,30.3,30.5,40430
2026-02-04 13:58:00,13:58:00,30.55,30.9,30.05,30.45,90025
2026-02-04 13:59:00,13:59:00,30.5,30.8,30.2,30.55,52585
2026-02-04 14:00:00,14:00:00,26.4,26.9,26.2,26.75,21385
2026-02-04 14:01:00,14:01:00,26.55,26.75,26.3,26.45,15730
2026-02-04 14:02:00,14:02:00,26.45,27.1,26.45,27.05,28665
2026-02-04 14:03:00,14:03:00,26.85,27.15,26.75,26.85,35620
2026-02-04 14:04:00,14:04:00,26.8,26.85,26.25,26.65,25610
2026-02-04 14:05:00,14:05:00,26.4,26.8,26.3,26.6,27495
2026-02-04 14:06:00,14:06:00,26.75,27.15,26.6,27.0,16120
2026-02-04 14:07:00,14:07:00,27.05,27.2,26.35,26.7,10465
2026-02-04 14:08:00,14:08:00,26.45,26.7,26.15,26.25,9945
2026-02-04 14:09:00,14:09:00,26.2,26.25,25.8,25.95,26000
2026-02-04 14:10:00,14:10:00,29.9,30.1,29.15,29.15,58500
2026-02-04 14:11:00,14:11:00,29.25,29.25,28.5,28.55,101075
2026-02-04 14:12:00,14:12:00,28.65,28.65,28.0,28.05,117585
2026-02-04 14:13:00,14:13:00,27.5,28.1,27.5,27.8,85475
2026-02-04 14:14:00,14:14:00,27.75,27.9,27.55,27.6,91000
2026-02-04 14:15:00,14:15:00,27.55,27.8,27.35,27.6,76895
2026-02-04 14:16:00,14:16:00,27.6,28.05,27.5,28.05,69745
2026-02-04 14:17:00,14:17:00,27.9,28.05,27.6,27.8,107445
2026-02-04 14:18:00,14:18:00,27.75,27.8,27.05,27.6,235495
2026-02-04 14:19:00,14:19:00,27.55,27.8,27.2,27.25,274690
2026-02-04 14:20:00,14:20:00,27.2,27.25,26.95,27.0,205335
2026-02-04 14:21:00,14:21:00,26.9,27.0,26.4,26.45,110175
2026-02-04 14:22:00,14:22:00,26.5,27.6,26.45,27.6,157235
2026-02-04 14:23:00,14:23:00,27.55,27.6,27.3,27.45,63635
2026-02-04 14:24:00,14:24:00,27.4,28.05,27.4,27.85,66235
2026-02-04 14:25:00,14:25:00,27.85,28.1,27.8,27.95,60775
2026-02-04 14:26:00,14:26:00,28.05,28.35,27.6,27.8,80925
2026-02-04 14:27:00,14:27:00,27.6,27.8,27.5,27.65,35165
2026-02-04 14:28:00,14:28:00,27.65,28.1,27.65,27.75,34710
2026-02-04 14:29:00,14:29:00,27.65,27.85,27.6,27.85,38675
2026-02-04 14:30:00,14:30:00,27.75,28.1,27.4,28.1,123110
2026-02-04 14:31:00,14:31:00,27.95,28.15,27.6,27.75,22945
2026-02-04 14:32:00,14:32:00,27.75,28.0,27.55,27.85,28210
2026-02-04 14:33:00,14:33:00,27.8,28.0,27.7,27.7,35750
2026-02-04 14:34:00,14:34:00,27.8,28.05,27.55,27.85,24960
2026-02-04 14:35:00,14:35:00,27.9,27.9,27.6,27.8,24960
2026-02-04 14:36:00,14:36:00,27.95,28.0,27.4,27.65,68185
2026-02-04 14:37:00,14:37:00,27.65,27.7,27.35,27.45,57070
2026-02-04 14:38:00,14:38:00,27.5,27.8,27.15,27.25,77415
2026-02-04 14:39:00,14:39:00,27.3,27.45,27.1,27.35,86645
2026-02-04 14:40:00,14:40:00,27.35,27.75,27.35,27.4,46215
2026-02-04 14:41:00,14:41:00,27.4,27.9,27.4,27.9,30550
2026-02-04 14:42:00,14:42:00,27.95,27.95,27.5,27.65,11310
2026-02-04 14:43:00,14:43:00,27.75,28.05,27.65,27.9,31850
2026-02-04 14:44:00,14:44:00,27.8,28.05,27.6,27.95,84500
2026-02-04 14:45:00,14:45:00,28.15,28.15,27.8,28.05,30160
2026-02-04 14:46:00,14:46:00,28.05,28.35,27.8,28.3,78455
2026-02-04 14:47:00,14:47:00,28.15,29.35,28.15,29.35,114595
2026-02-04 14:48:00,14:48:00,29.3,29.4,28.3,28.3,77025
2026-02-04 14:49:00,14:49:00,28.4,28.95,28.25,28.8,65585
2026-02-04 14:50:00,14:50:00,28.7,28.95,28.55,28.85,35750
2026-02-04 14:51:00,14:51:00,28.75,29.05,28.55,28.7,35945
2026-02-04 14:52:00,14:52:00,28.75,28.95,28.65,28.9,28990
2026-02-04 14:53:00,14:53:00,28.85,29.05,28.75,29.0,65325
2026-02-04 14:54:00,14:54:00,29.1,29.35,29.0,29.1,36985
2026-02-04 14:55:00,14:55:00,29.15,29.3,28.8,29.2,41340
2026-02-04 14:56:00,14:56:00,29.1,29.4,29.0,29.1,43745
2026-02-04 14:57:00,14:57:00,29.15,29.85,29.1,29.25,47450
2026-02-04 14:58:00,14:58:00,29.1,29.3,28.75,29.15,63310
2026-02-04 14:59:00,14:59:00,29.1,29.85,29.1,29.55,79560
2026-02-04 15:00:00,15:00:00,28.6,29.55,27.95,28.45,188045
2026-02-04 15:01:00,15:01:00,28.3,29.2,27.9,29.2,110890
2026-02-04 15:02:00,15:02:00,29.25,29.65,29.05,29.4,47710
2026-02-04 15:03:00,15:03:00,29.35,29.8,28.85,29.05,52195
2026-02-04 15:04:00,15:04:00,29.05,29.55,28.85,29.25,51480
2026-02-04 15:05:00,15:05:00,29.3,29.45,28.85,29.1,127205
2026-02-04 15:06:00,15:06:00,29.05,29.45,29.05,29.45,109330
2026-02-04 15:07:00,15:07:00,29.5,30.6,29.35,30.6,292435
2026-02-04 15:08:00,15:08:00,30.65,31.0,30.55,30.6,103870
2026-02-04 15:09:00,15:09:00,30.95,31.6,30.6,30.9,135135
2026-02-04 15:10:00,15:10:00,31.25,32.5,30.9,32.35,139425
2026-02-04 15:11:00,15:11:00,32.2,32.6,31.25,32.15,109135
2026-02-04 15:12:00,15:12:00,32.15,32.3,31.6,32.1,79040
2026-02-04 15:13:00,15:13:00,32.2,32.2,31.8,32.05,58890
2026-02-04 15:14:00,15:14:00,32.0,32.35,31.75,32.0,185445
2026-02-04 15:15:00,15:15:00,32.3,32.45,31.35,32.1,184730
2026-02-04 15:16:00,15:16:00,32.05,32.1,31.3,31.8,161135
2026-02-04 15:17:00,15:17:00,31.8,32.25,30.9,32.25,165880
2026-02-04 15:18:00,15:18:00,32.25,32.6,32.1,32.35,162955
2026-02-04 15:19:00,15:19:00,28.2,29.35,27.95,28.85,39520
2026-02-04 15:20:00,15:20:00,29.4,29.7,28.85,29.65,88725
2026-02-04 15:21:00,15:21:00,29.7,31.4,29.65,31.4,79560
2026-02-04 15:22:00,15:22:00,31.55,31.55,30.15,30.65,139945
2026-02-04 15:23:00,15:23:00,30.45,31.25,30.3,31.05,74490
2026-02-04 15:24:00,15:24:00,31.05,31.75,30.75,31.65,72670
2026-02-04 15:25:00,15:25:00,31.95,32.5,31.45,32.0,173875
2026-02-04 15:26:00,15:26:00,31.95,32.45,31.7,32.35,99125
2026-02-04 15:27:00,15:27:00,32.5,33.65,32.35,33.5,354640
2026-02-04 15:28:00,15:28:00,33.45,35.0,33.45,35.0,154440
2026-02-04 15:29:00,15:29:00,35.15,35.6,33.55,34.5,350415
2026-02-05 09:15:00,09:15:00,40.0,40.0,25.05,25.25,648570
2026-02-05 09:16:00,09:16:00,25.1,25.25,23.2,24.25,412620
2026-02-05 09:17:00,09:17:00,28.6,28.95,26.85,27.25,125840
2026-02-05 09:18:00,09:18:00,27.35,27.95,26.3,26.45,66885
2026-02-05 09:19:00,09:19:00,26.8,27.8,26.05,27.65,73515
2026-02-05 09:20:00,09:20:00,23.75,24.7,23.65,24.0,233415
2026-02-05 09:21:00,09:21:00,24.0,25.0,24.0,25.0,235040
2026-02-05 09:22:00,09:22:00,25.2,26.0,24.85,25.4,497705
2026-02-05 09:23:00,09:23:00,25.45,25.45,24.15,25.2,367705
2026-02-05 09:24:00,09:24:00,25.0,26.45,24.8,25.85,330330
2026-02-05 09:25:00,09:25:00,22.7,23.35,22.45,22.85,93340
2026-02-05 09:26:00,09:26:00,26.1,26.1,24.35,24.95,300755
2026-02-05 09:27:00,09:27:00,21.85,23.1,21.85,22.95,90740
2026-02-05 09:28:00,09:28:00,22.95,23.0,22.25,22.6,52520
2026-02-05 09:29:00,09:29:00,26.0,26.0,23.95,24.05,205205
2026-02-05 09:30:00,09:30:00,23.9,24.2,23.0,23.6,148200
2026-02-05 09:31:00,09:31:00,23.55,23.6,22.25,23.0,272545
2026-02-05 09:32:00,09:32:00,22.9,23.35,21.95,22.75,172315
2026-02-05 09:33:00,09:33:00,22.8,23.45,21.45,23.3,144950
2026-02-05 09:34:00,09:34:00,23.1,24.15,22.35,23.75,120380
2026-02-05 09:35:00,09:35:00,23.6,23.75,22.55,23.6,82615
2026-02-05 09:36:00,09:36:00,23.5,24.3,23.0,24.3,98865
2026-02-05 09:37:00,09:37:00,24.3,24.65,23.6,23.7,150215
2026-02-05 09:38:00,09:38:00,21.2,21.75,20.7,21.45,36985
2026-02-05 09:39:00,09:39:00,24.65,25.5,23.6,23.75,128635
2026-02-05 09:40:00,09:40:00,20.85,21.75,20.6,21.5,420485
2026-02-05 09:41:00,09:41:00,21.45,22.1,21.25,21.95,58630
2026-02-05 09:42:00,09:42:00,22.05,23.65,21.95,22.4,119080
2026-02-05 09:43:00,09:43:00,22.55,23.05,22.35,22.9,262340
2026-02-05 09:44:00,09:44:00,22.75,23.7,22.1,23.25,336440
2026-02-05 09:45:00,09:45:00,23.2,24.8,23.2,24.05,628030
2026-02-05 09:46:00,09:46:00,24.15,24.55,23.1,24.55,111410
2026-02-05 09:47:00,09:47:00,24.45,24.8,23.65,24.25,74815
2026-02-05 09:48:00,09:48:00,20.9,22.7,20.75,22.7,176475
2026-02-05 09:49:00,09:49:00,26.65,26.95,24.65,25.05,105950
2026-02-05 09:50:00,09:50:00,25.1,25.2,23.8,24.2,112060
2026-02-05 09:51:00,09:51:00,24.6,25.8,24.15,25.65,80665
2026-02-05 09:52:00,09:52:00,25.4,26.7,25.2,26.15,92235
2026-02-05 09:53:00,09:53:00,26.3,26.4,25.05,25.6,85930
2026-02-05 09:54:00,09:54:00,22.15,23.3,22.05,22.5,145210
2026-02-05 09:55:00,09:55:00,22.75,22.95,21.85,22.2,136305
2026-02-05 09:56:00,09:56:00,25.9,28.05,25.45,25.8,148980
2026-02-05 09:57:00,09:57:00,25.6,25.95,24.35,24.95,99710
2026-02-05 09:58:00,09:58:00,24.85,25.75,24.1,24.35,58175
2026-02-05 09:59:00,09:59:00,24.25,24.4,23.7,24.25,47450
2026-02-05 10:00:00,10:00:00,24.15,25.05,23.7,24.6,73580
2026-02-05 10:01:00,10:01:00,24.55,25.2,23.65,25.2,83005
2026-02-05 10:02:00,10:02:00,25.15,25.7,24.5,25.5,41340
2026-02-05 10:03:00,10:03:00,25.55,25.7,24.55,24.9,48880
2026-02-05 10:04:00,10:04:00,24.8,24.95,23.4,24.0,54405
2026-02-05 10:05:00,10:05:00,23.6,24.5,23.45,24.35,44200
2026-02-05 10:06:00,10:06:00,24.35,24.55,23.65,24.15,38350
2026-02-05 10:07:00,10:07:00,24.05,24.55,23.35,23.45,39455
2026-02-05 10:08:00,10:08:00,23.5,24.55,22.75,24.1,133185
2026-02-05 10:09:00,10:09:00,24.25,24.45,23.3,23.65,47320
2026-02-05 10:10:00,10:10:00,23.55,23.65,22.2,22.25,66560
2026-02-05 10:11:00,10:11:00,22.05,22.4,21.45,21.7,78000
2026-02-05 10:12:00,10:12:00,21.75,22.05,21.2,22.05,43940
2026-02-05 10:13:00,10:13:00,21.85,22.4,21.3,21.6,57200
2026-02-05 10:14:00,10:14:00,21.7,21.8,20.9,21.4,66300
2026-02-05 10:15:00,10:15:00,21.35,22.1,21.15,21.8,44590
2026-02-05 10:16:00,10:16:00,21.8,21.9,21.05,21.45,30420
2026-02-05 10:17:00,10:17:00,21.65,22.25,21.45,22.0,25610
2026-02-05 10:18:00,10:18:00,22.1,22.2,21.4,21.85,24765
2026-02-05 10:19:00,10:19:00,21.65,21.85,20.5,20.6,43160
2026-02-05 10:20:00,10:20:00,23.85,23.85,22.75,22.8,175500
2026-02-05 10:21:00,10:21:00,22.75,23.7,22.6,22.75,115830
2026-02-05 10:22:00,10:22:00,22.8,23.1,21.75,22.1,161980
2026-02-05 10:23:00,10:23:00,22.05,22.3,21.7,22.1,84630
2026-02-05 10:24:00,10:24:00,22.0,22.2,21.6,22.1,191750
2026-02-05 10:25:00,10:25:00,22.15,22.3,21.65,21.8,61165
2026-02-05 10:26:00,10:26:00,21.85,22.0,21.4,21.85,141180
2026-02-05 10:27:00,10:27:00,21.75,22.2,21.4,22.15,46345
2026-02-05 10:28:00,10:28:00,22.25,22.5,21.9,22.5,64545
2026-02-05 10:29:00,10:29:00,19.4,19.55,19.0,19.55,35425
2026-02-05 10:30:00,10:30:00,19.4,19.7,19.15,19.55,55120
2026-02-05 10:31:00,10:31:00,19.7,20.5,19.55,19.7,101465
2026-02-05 10:32:00,10:32:00,19.7,20.2,19.1,19.95,90805
2026-02-05 10:33:00,10:33:00,20.05,20.45,19.9,20.4,51220
2026-02-05 10:34:00,10:34:00,20.45,21.05,20.1,20.25,69810
2026-02-05 10:35:00,10:35:00,20.2,20.65,19.65,20.65,33800
2026-02-05 10:36:00,10:36:00,20.9,21.0,20.25,20.7,40300
2026-02-05 10:37:00,10:37:00,20.5,20.85,20.1,20.6,17680
2026-02-05 10:38:00,10:38:00,20.7,21.95,20.6,21.95,62985
2026-02-05 10:39:00,10:39:00,21.9,22.6,21.8,22.25,73645
2026-02-05 10:40:00,10:40:00,22.25,22.55,21.5,21.5,71890
2026-02-05 10:41:00,10:41:00,21.45,21.5,20.4,20.45,78455
2026-02-05 10:42:00,10:42:00,20.45,21.25,20.45,21.15,41600
2026-02-05 10:43:00,10:43:00,21.05,21.3,20.55,20.6,48880
2026-02-05 10:44:00,10:44:00,20.7,21.7,20.6,21.7,31460
2026-02-05 10:45:00,10:45:00,21.6,22.1,21.35,21.45,35945
2026-02-05 10:46:00,10:46:00,21.5,21.65,20.95,21.45,28275
2026-02-05 10:47:00,10:47:00,21.2,21.85,21.1,21.35,14950
2026-02-05 10:48:00,10:48:00,21.9,22.25,21.35,22.05,41860
2026-02-05 10:49:00,10:49:00,22.3,22.45,21.7,22.0,33150
2026-02-05 10:50:00,10:50:00,22.25,22.25,21.1,21.45,22295
2026-02-05 10:51:00,10:51:00,21.4,21.7,21.0,21.4,17745
2026-02-05 10:52:00,10:52:00,21.5,21.9,21.25,21.4,24115
2026-02-05 10:53:00,10:53:00,21.25,22.0,21.25,21.95,30225
2026-02-05 10:54:00,10:54:00,21.9,22.2,21.4,21.9,31785
2026-02-05 10:55:00,10:55:00,22.1,22.7,21.75,21.9,35230
2026-02-05 10:56:00,10:56:00,18.8,19.1,18.7,18.95,23530
2026-02-05 10:57:00,10:57:00,18.95,20.35,18.8,19.05,143780
2026-02-05 10:58:00,10:58:00,19.0,19.25,18.75,19.1,35035
2026-02-05 10:59:00,10:59:00,19.15,19.65,18.75,19.35,72540
2026-02-05 11:00:00,11:00:00,19.3,19.8,19.25,19.6,60710
2026-02-05 11:01:00,11:01:00,19.65,20.5,19.3,20.5,57590
2026-02-05 11:02:00,11:02:00,24.3,24.75,22.05,22.05,103935
2026-02-05 11:03:00,11:03:00,22.05,22.05,21.4,21.75,56745
2026-02-05 11:04:00,11:04:00,21.7,21.8,21.15,21.8,36855
2026-02-05 11:05:00,11:05:00,21.7,21.85,21.25,21.4,17745
2026-02-05 11:06:00,11:06:00,21.4,21.5,20.7,21.3,53820
2026-02-05 11:07:00,11:07:00,21.4,21.4,20.45,20.75,36400
2026-02-05 11:08:00,11:08:00,20.75,20.75,20.1,20.1,28405
2026-02-05 11:09:00,11:09:00,20.2,20.65,19.7,19.9,32500
2026-02-05 11:10:00,11:10:00,19.9,20.35,19.9,20.15,17095
2026-02-05 11:11:00,11:11:00,20.1,20.35,19.75,19.75,24570
2026-02-05 11:12:00,11:12:00,19.75,19.8,19.35,19.4,20930
2026-02-05 11:13:00,11:13:00,19.4,19.85,19.05,19.85,30940
2026-02-05 11:14:00,11:14:00,19.7,19.85,19.35,19.75,29315
2026-02-05 11:15:00,11:15:00,19.7,20.1,19.4,19.95,23400
2026-02-05 11:16:00,11:16:00,19.9,20.0,19.75,20.0,19110
2026-02-05 11:17:00,11:17:00,20.0,20.3,19.85,20.15,21255
2026-02-05 11:18:00,11:18:00,20.2,20.6,20.05,20.55,26455
2026-02-05 11:19:00,11:19:00,20.55,20.8,20.3,20.5,34840
2026-02-05 11:20:00,11:20:00,20.55,20.65,20.05,20.35,22230
2026-02-05 11:21:00,11:21:00,20.3,20.75,20.2,20.45,22945
2026-02-05 11:22:00,11:22:00,20.4,20.55,20.1,20.35,28535
2026-02-05 11:23:00,11:23:00,20.25,20.5,20.15,20.35,14170
2026-02-05 11:24:00,11:24:00,20.35,20.95,20.25,20.7,33020
2026-02-05 11:25:00,11:25:00,20.7,21.05,20.45,20.45,35295
2026-02-05 11:26:00,11:26:00,20.6,20.6,20.0,20.2,24960
2026-02-05 11:27:00,11:27:00,20.1,20.25,19.85,20.0,22360
2026-02-05 11:28:00,11:28:00,19.9,20.05,19.55,19.75,19435
2026-02-05 11:29:00,11:29:00,19.7,20.0,19.7,19.95,9815
2026-02-05 11:30:00,11:30:00,19.85,19.95,19.15,19.55,25935
2026-02-05 11:31:00,11:31:00,19.5,19.85,19.45,19.75,16185
2026-02-05 11:32:00,11:32:00,19.85,20.3,19.75,19.9,34125
2026-02-05 11:33:00,11:33:00,20.1,20.15,19.65,19.95,12610
2026-02-05 11:34:00,11:34:00,19.9,20.45,19.85,20.4,16770
2026-02-05 11:35:00,11:35:00,20.4,20.85,20.35,20.55,17680
2026-02-05 11:36:00,11:36:00,20.6,20.6,19.35,19.35,31460
2026-02-05 11:37:00,11:37:00,19.35,19.65,19.1,19.45,26000
2026-02-05 11:38:00,11:38:00,19.4,19.45,19.05,19.1,14105
2026-02-05 11:39:00,11:39:00,19.1,19.2,18.55,18.95,39325
2026-02-05 11:40:00,11:40:00,19.0,19.35,18.9,18.9,58955
2026-02-05 11:41:00,11:41:00,18.85,19.25,18.8,19.25,16770
2026-02-05 11:42:00,11:42:00,19.2,19.25,18.7,19.0,18005
2026-02-05 11:43:00,11:43:00,22.4,22.4,21.65,21.65,34515
2026-02-05 11:44:00,11:44:00,18.6,19.15,18.6,19.15,12675
2026-02-05 11:45:00,11:45:00,19.05,19.3,19.05,19.2,9880
2026-02-05 11:46:00,11:46:00,19.1,19.35,19.0,19.0,21320
2026-02-05 11:47:00,11:47:00,18.85,19.3,18.85,19.2,11635
2026-02-05 11:48:00,11:48:00,19.1,20.0,19.1,19.95,65260
2026-02-05 11:49:00,11:49:00,20.0,20.8,19.95,20.35,70525
2026-02-05 11:50:00,11:50:00,20.3,20.6,20.2,20.4,121030
2026-02-05 11:51:00,11:51:00,20.25,20.4,19.95,20.1,64415
2026-02-05 11:52:00,11:52:00,20.05,20.4,20.05,20.15,36790
2026-02-05 11:53:00,11:53:00,19.95,20.3,19.8,20.3,22945
2026-02-05 11:54:00,11:54:00,20.3,20.3,19.85,20.05,20085
2026-02-05 11:55:00,11:55:00,20.0,20.15,19.65,19.65,15925
2026-02-05 11:56:00,11:56:00,19.6,20.05,19.5,20.0,17095
2026-02-05 11:57:00,11:57:00,20.0,20.45,19.95,20.35,28275
2026-02-05 11:58:00,11:58:00,20.25,20.35,20.1,20.1,59605
2026-02-05 11:59:00,11:59:00,20.05,20.2,19.45,19.45,27950
2026-02-05 12:00:00,12:00:00,19.5,20.15,19.35,20.15,18590
2026-02-05 12:01:00,12:01:00,20.2,20.7,20.05,20.7,18850
2026-02-05 12:02:00,12:02:00,20.45,20.7,19.65,19.7,24830
2026-02-05 12:03:00,12:03:00,19.6,19.8,19.3,19.3,16900
2026-02-05 12:04:00,12:04:00,19.3,19.3,18.85,19.15,27885
2026-02-05 12:05:00,12:05:00,19.0,19.15,18.85,19.15,11115
2026-02-05 12:06:00,12:06:00,19.1,19.2,18.95,19.1,9880
2026-02-05 12:07:00,12:07:00,19.35,19.95,19.1,19.9,24245
2026-02-05 12:08:00,12:08:00,19.65,20.35,19.65,20.3,63310
2026-02-05 12:09:00,12:09:00,20.25,20.5,19.9,20.05,23140
2026-02-05 12:10:00,12:10:00,20.05,20.2,19.75,20.15,18070
2026-02-05 12:11:00,12:11:00,20.15,20.45,20.05,20.4,8710
2026-02-05 12:12:00,12:12:00,20.25,20.8,20.2,20.75,35620
2026-02-05 12:13:00,12:13:00,20.65,20.85,20.35,20.5,17160
2026-02-05 12:14:00,12:14:00,20.45,21.05,20.35,20.6,38545
2026-02-05 12:15:00,12:15:00,17.6,18.15,17.55,17.95,61880
2026-02-05 12:16:00,12:16:00,17.9,18.3,17.9,17.95,31135
2026-02-05 12:17:00,12:17:00,18.0,19.05,17.9,18.65,44005
2026-02-05 12:18:00,12:18:00,18.75,18.75,18.1,18.45,54080
2026-02-05 12:19:00,12:19:00,18.45,19.2,18.35,19.05,34905
2026-02-05 12:20:00,12:20:00,18.95,19.55,18.4,18.85,53690
2026-02-05 12:21:00,12:21:00,18.85,19.8,18.55,19.65,55445
2026-02-05 12:22:00,12:22:00,19.65,20.0,18.95,19.0,87035
2026-02-05 12:23:00,12:23:00,19.05,19.55,19.0,19.45,44200
2026-02-05 12:24:00,12:24:00,19.35,19.5,19.05,19.25,46150
2026-02-05 12:25:00,12:25:00,19.2,19.6,19.05,19.05,36530
2026-02-05 12:26:00,12:26:00,18.95,19.35,18.65,18.7,68705
2026-02-05 12:27:00,12:27:00,18.7,19.1,18.5,19.0,36790
2026-02-05 12:28:00,12:28:00,18.95,19.7,18.95,19.3,47450
2026-02-05 12:29:00,12:29:00,19.05,19.3,18.5,18.9,48750
2026-02-05 12:30:00,12:30:00,18.85,19.2,18.2,18.2,28015
2026-02-05 12:31:00,12:31:00,21.3,21.5,20.5,20.95,40105
2026-02-05 12:32:00,12:32:00,17.8,18.8,17.8,18.8,31850
2026-02-05 12:33:00,12:33:00,18.8,20.35,18.75,20.2,97825
2026-02-05 12:34:00,12:34:00,20.1,20.3,18.8,18.8,51675
2026-02-05 12:35:00,12:35:00,21.9,22.05,21.3,21.45,62400
2026-02-05 12:36:00,12:36:00,18.3,18.7,18.15,18.45,22945
2026-02-05 12:37:00,12:37:00,18.45,18.9,18.45,18.5,18200
2026-02-05 12:38:00,12:38:00,18.45,18.5,17.9,18.05,38935
2026-02-05 12:39:00,12:39:00,18.1,18.5,17.95,18.5,13065
2026-02-05 12:40:00,12:40:00,18.45,18.8,18.4,18.75,21645
2026-02-05 12:41:00,12:41:00,18.65,18.7,18.3,18.5,15795
2026-02-05 12:42:00,12:42:00,18.45,18.55,18.2,18.4,21840
2026-02-05 12:43:00,12:43:00,18.2,18.45,17.85,17.95,17485
2026-02-05 12:44:00,12:44:00,18.0,18.85,17.95,18.65,33215
2026-02-05 12:45:00,12:45:00,21.85,21.85,20.8,20.9,28665
2026-02-05 12:46:00,12:46:00,17.95,18.2,17.7,18.2,24505
2026-02-05 12:47:00,12:47:00,18.2,18.35,18.05,18.2,6435
2026-02-05 12:48:00,12:48:00,18.25,18.4,18.05,18.4,35555
2026-02-05 12:49:00,12:49:00,21.35,21.45,20.75,21.1,23140
2026-02-05 12:50:00,12:50:00,21.0,21.1,20.35,20.65,41470
2026-02-05 12:51:00,12:51:00,20.5,21.0,20.3,20.45,12480
2026-02-05 12:52:00,12:52:00,20.45,20.7,20.15,20.4,30225
2026-02-05 12:53:00,12:53:00,20.55,21.2,20.4,20.7,15665
2026-02-05 12:54:00,12:54:00,17.8,18.35,17.75,18.0,34580
2026-02-05 12:55:00,12:55:00,17.95,18.55,17.95,18.45,32435
2026-02-05 12:56:00,12:56:00,18.45,19.25,18.45,18.6,69095
2026-02-05 12:57:00,12:57:00,21.7,21.9,20.9,21.05,14950
2026-02-05 12:58:00,12:58:00,20.8,21.05,20.2,20.25,46865
2026-02-05 12:59:00,12:59:00,20.3,20.5,19.8,20.45,54730
2026-02-05 13:00:00,13:00:00,20.5,20.8,20.35,20.5,19175
2026-02-05 13:01:00,13:01:00,20.35,20.8,20.15,20.25,6695
2026-02-05 13:02:00,13:02:00,20.2,20.65,20.15,20.3,15210
2026-02-05 13:03:00,13:03:00,20.25,20.4,20.15,20.25,17615
2026-02-05 13:04:00,13:04:00,20.2,20.5,20.2,20.5,14625
2026-02-05 13:05:00,13:05:00,20.4,20.55,20.05,20.1,20345
2026-02-05 13:06:00,13:06:00,19.9,20.1,19.85,19.95,33540
2026-02-05 13:07:00,13:07:00,19.9,20.45,19.9,20.15,20995
2026-02-05 13:08:00,13:08:00,20.15,20.45,20.1,20.4,16770
2026-02-05 13:09:00,13:09:00,20.35,20.5,19.5,19.7,37375
2026-02-05 13:10:00,13:10:00,19.65,20.05,19.35,20.05,33865
2026-02-05 13:11:00,13:11:00,19.9,20.15,19.9,20.15,13325
2026-02-05 13:12:00,13:12:00,20.45,20.55,20.1,20.45,37050
2026-02-05 13:13:00,13:13:00,20.45,20.7,20.4,20.5,7865
2026-02-05 13:14:00,13:14:00,20.35,20.5,20.0,20.25,21385
2026-02-05 13:15:00,13:15:00,20.1,20.25,19.65,19.8,15535
2026-02-05 13:16:00,13:16:00,20.05,20.05,19.7,19.75,9230
2026-02-05 13:17:00,13:17:00,19.85,20.0,19.0,19.05,36075
2026-02-05 13:18:00,13:18:00,19.0,19.45,18.9,19.4,21255
2026-02-05 13:19:00,13:19:00,19.45,19.45,19.05,19.05,7800
2026-02-05 13:20:00,13:20:00,19.15,19.55,18.95,19.45,16185
2026-02-05 13:21:00,13:21:00,19.35,19.65,19.3,19.6,14495
2026-02-05 13:22:00,13:22:00,19.6,19.75,19.15,19.35,8450
2026-02-05 13:23:00,13:23:00,19.5,19.65,19.3,19.65,32110
2026-02-05 13:24:00,13:24:00,19.65,20.15,19.6,20.05,44200
2026-02-05 13:25:00,13:25:00,20.05,20.65,20.05,20.45,43290
2026-02-05 13:26:00,13:26:00,20.45,21.1,20.35,20.95,25740
2026-02-05 13:27:00,13:27:00,20.85,21.2,20.8,20.95,44850
2026-02-05 13:28:00,13:28:00,18.25,19.6,18.05,19.55,314925
2026-02-05 13:29:00,13:29:00,19.5,20.0,19.2,19.95,58110
2026-02-05 13:30:00,13:30:00,19.8,19.95,18.7,19.15,71630
2026-02-05 13:31:00,13:31:00,19.15,19.6,18.55,18.75,47255
2026-02-05 13:32:00,13:32:00,21.55,22.45,21.05,21.35,49725
2026-02-05 13:33:00,13:33:00,21.4,21.75,21.15,21.55,20410
2026-02-05 13:34:00,13:34:00,21.45,21.9,21.05,21.1,34905
2026-02-05 13:35:00,13:35:00,21.5,21.5,20.4,20.9,39325
2026-02-05 13:36:00,13:36:00,20.9,21.45,20.9,21.15,45240
2026-02-05 13:37:00,13:37:00,20.9,21.15,20.85,20.9,18980
2026-02-05 13:38:00,13:38:00,20.75,20.9,20.0,20.2,37765
2026-02-05 13:39:00,13:39:00,20.3,20.3,19.65,20.0,24505
2026-02-05 13:40:00,13:40:00,20.0,20.6,20.0,20.6,21710
2026-02-05 13:41:00,13:41:00,20.4,20.6,19.8,20.05,11375
2026-02-05 13:42:00,13:42:00,19.85,20.4,19.85,20.25,24180
2026-02-05 13:43:00,13:43:00,20.25,20.5,20.25,20.45,5135
2026-02-05 13:44:00,13:44:00,20.5,20.6,20.1,20.35,38025
2026-02-05 13:45:00,13:45:00,20.2,20.65,20.05,20.4,70460
2026-02-05 13:46:00,13:46:00,20.4,20.4,20.1,20.1,14040
2026-02-05 13:47:00,13:47:00,20.1,20.25,19.9,20.05,18720
2026-02-05 13:48:00,13:48:00,19.9,20.15,19.6,19.75,18525
2026-02-05 13:49:00,13:49:00,19.8,20.1,19.65,20.1,9750
2026-02-05 13:50:00,13:50:00,19.95,20.1,19.75,19.75,7735
2026-02-05 13:51:00,13:51:00,19.65,19.9,19.55,19.9,48165
2026-02-05 13:52:00,13:52:00,19.85,20.3,19.75,19.8,21450
2026-02-05 13:53:00,13:53:00,19.95,20.5,19.8,20.3,40105
2026-02-05 13:54:00,13:54:00,20.45,20.65,20.25,20.45,41665
2026-02-05 13:55:00,13:55:00,20.35,20.7,20.2,20.55,16315
2026-02-05 13:56:00,13:56:00,20.45,20.75,20.15,20.25,23595
2026-02-05 13:57:00,13:57:00,20.25,20.5,19.95,20.45,31395
2026-02-05 13:58:00,13:58:00,20.75,20.85,20.2,20.5,30485
2026-02-05 13:59:00,13:59:00,20.5,20.55,19.9,19.9,12090
2026-02-05 14:00:00,14:00:00,19.95,20.35,19.85,20.3,27365
2026-02-05 14:01:00,14:01:00,20.3,20.35,19.8,19.9,12610
2026-02-05 14:02:00,14:02:00,19.9,20.7,19.85,20.7,23855
2026-02-05 14:03:00,14:03:00,20.7,21.15,20.6,21.0,24505
2026-02-05 14:04:00,14:04:00,20.85,21.2,20.65,20.85,64805
2026-02-05 14:05:00,14:05:00,17.95,18.6,17.9,18.45,46410
2026-02-05 14:06:00,14:06:00,18.45,18.8,18.4,18.8,39715
2026-02-05 14:07:00,14:07:00,18.75,19.4,18.5,19.4,73450
2026-02-05 14:08:00,14:08:00,19.2,19.55,18.85,19.15,98995
2026-02-05 14:09:00,14:09:00,19.5,19.8,19.15,19.4,75270
2026-02-05 14:10:00,14:10:00,19.4,19.9,19.25,19.7,97175
2026-02-05 14:11:00,14:11:00,19.7,21.25,19.7,20.8,246675
2026-02-05 14:12:00,14:12:00,20.75,21.05,20.2,20.25,156910
2026-02-05 14:13:00,14:13:00,20.2,20.8,19.9,20.6,113425
2026-02-05 14:14:00,14:14:00,20.5,20.6,19.65,20.15,68380
2026-02-05 14:15:00,14:15:00,20.0,20.55,19.7,20.35,75465
2026-02-05 14:16:00,14:16:00,20.25,20.75,20.05,20.4,79495
2026-02-05 14:17:00,14:17:00,20.35,20.8,20.1,20.15,75205
2026-02-05 14:18:00,14:18:00,20.25,20.45,19.75,20.25,97240
2026-02-05 14:19:00,14:19:00,20.35,20.4,19.75,20.15,53755
2026-02-05 14:20:00,14:20:00,20.05,20.15,19.65,19.8,51025
2026-02-05 14:21:00,14:21:00,19.9,19.9,19.3,19.7,123955
2026-02-05 14:22:00,14:22:00,19.6,20.4,19.6,19.8,91910
2026-02-05 14:23:00,14:23:00,19.75,20.1,19.5,19.6,48685
2026-02-05 14:24:00,14:24:00,19.6,20.2,19.55,19.85,42835
2026-02-05 14:25:00,14:25:00,19.9,20.1,19.6,19.75,240695
2026-02-05 14:26:00,14:26:00,19.7,19.75,18.45,18.45,125190
2026-02-05 14:27:00,14:27:00,18.4,18.55,18.15,18.2,51090
2026-02-05 14:28:00,14:28:00,18.35,18.7,18.1,18.35,44785
2026-02-05 14:29:00,14:29:00,18.35,18.45,17.8,18.45,53495
2026-02-05 14:30:00,14:30:00,18.45,18.7,18.15,18.5,41210
2026-02-05 14:31:00,14:31:00,18.5,18.5,17.9,18.15,31720
2026-02-05 14:32:00,14:32:00,18.05,18.2,17.35,17.35,63570
2026-02-05 14:33:00,14:33:00,17.4,18.05,17.35,17.95,95290
2026-02-05 14:34:00,14:34:00,20.85,20.9,20.15,20.3,22230
2026-02-05 14:35:00,14:35:00,20.3,20.5,20.0,20.5,33800
2026-02-05 14:36:00,14:36:00,20.5,20.5,20.0,20.05,31070
2026-02-05 14:37:00,14:37:00,20.1,20.35,20.0,20.25,21970
2026-02-05 14:38:00,14:38:00,20.15,20.25,19.75,19.9,28405
2026-02-05 14:39:00,14:39:00,19.85,20.4,19.85,20.4,27625
2026-02-05 14:40:00,14:40:00,17.5,18.05,17.45,18.05,51285
2026-02-05 14:41:00,14:41:00,17.9,18.05,17.6,17.85,81445
2026-02-05 14:42:00,14:42:00,20.7,20.85,20.0,20.2,25935
2026-02-05 14:43:00,14:43:00,20.0,20.7,19.8,20.45,23855
2026-02-05 14:44:00,14:44:00,17.55,17.8,17.55,17.65,14040
2026-02-05 14:45:00,14:45:00,17.8,17.85,17.55,17.8,23920
2026-02-05 14:46:00,14:46:00,17.8,17.9,17.6,17.9,24830
2026-02-05 14:47:00,14:47:00,17.8,18.3,17.7,18.0,49010
2026-02-05 14:48:00,14:48:00,18.05,18.15,17.85,18.05,22490
2026-02-05 14:49:00,14:49:00,18.0,18.05,17.55,17.65,16120
2026-02-05 14:50:00,14:50:00,17.6,17.8,17.5,17.6,21515
2026-02-05 14:51:00,14:51:00,17.6,17.95,17.55,17.9,14755
2026-02-05 14:52:00,14:52:00,17.8,17.9,17.6,17.9,19305
2026-02-05 14:53:00,14:53:00,21.05,21.05,20.35,20.65,47580
2026-02-05 14:54:00,14:54:00,20.7,20.8,20.25,20.35,53625
2026-02-05 14:55:00,14:55:00,20.15,20.35,19.4,19.95,58175
2026-02-05 14:56:00,14:56:00,19.9,20.0,19.65,19.95,38805
2026-02-05 14:57:00,14:57:00,19.85,20.0,19.65,19.75,42185
2026-02-05 14:58:00,14:58:00,19.75,19.9,19.45,19.75,37830
2026-02-05 14:59:00,14:59:00,19.75,20.35,19.7,20.25,39455
2026-02-05 15:00:00,15:00:00,19.5,20.25,19.05,19.8,120835
2026-02-05 15:01:00,15:01:00,19.65,20.05,19.55,20.0,52650
2026-02-05 15:02:00,15:02:00,19.85,20.2,19.7,20.15,35685
2026-02-05 15:03:00,15:03:00,20.05,20.15,19.75,19.85,14885
2026-02-05 15:04:00,15:04:00,19.8,19.85,19.05,19.4,47320
2026-02-05 15:05:00,15:05:00,19.4,19.4,18.5,19.15,82030
2026-02-05 15:06:00,15:06:00,19.1,19.65,18.95,19.6,76570
2026-02-05 15:07:00,15:07:00,19.6,19.9,19.1,19.1,74360
2026-02-05 15:08:00,15:08:00,19.05,19.2,18.95,19.05,30550
2026-02-05 15:09:00,15:09:00,19.1,19.2,18.85,18.85,40105
2026-02-05 15:10:00,15:10:00,18.85,18.85,18.45,18.5,62205
2026-02-05 15:11:00,15:11:00,18.5,18.5,18.05,18.35,54730
2026-02-05 15:12:00,15:12:00,18.35,18.35,17.65,18.0,66885
2026-02-05 15:13:00,15:13:00,18.1,18.1,17.8,17.95,35295
2026-02-05 15:14:00,15:14:00,17.8,18.05,17.25,17.6,43160
2026-02-05 15:15:00,15:15:00,17.65,18.2,17.5,17.9,95940
2026-02-05 15:16:00,15:16:00,17.85,18.05,17.3,17.95,97500
2026-02-05 15:17:00,15:17:00,17.9,18.2,17.15,18.15,73645
2026-02-05 15:18:00,15:18:00,18.1,18.15,17.65,17.8,70005
2026-02-05 15:19:00,15:19:00,17.9,18.15,17.55,18.1,78520
2026-02-05 15:20:00,15:20:00,18.15,18.3,17.95,18.1,131885
2026-02-05 15:21:00,15:21:00,18.25,19.3,18.1,18.75,190515
2026-02-05 15:22:00,15:22:00,18.7,19.05,18.35,19.05,54795
2026-02-05 15:23:00,15:23:00,19.05,19.2,18.6,18.9,72410
2026-02-05 15:24:00,15:24:00,19.0,19.0,18.5,18.75,123435
2026-02-05 15:25:00,15:25:00,19.2,22.0,18.75,21.05,333320
2026-02-05 15:26:00,15:26:00,21.2,21.95,21.0,21.35,147810
2026-02-05 15:27:00,15:27:00,21.55,21.6,20.9,20.9,64480
2026-02-05 15:28:00,15:28:00,20.85,21.2,20.45,20.45,70720
2026-02-05 15:29:00,15:29:00,20.5,20.55,19.3,19.45,131040
2026-02-06 09:15:00,09:15:00,25.0,25.0,16.05,16.4,506285
2026-02-06 09:16:00,09:16:00,16.45,17.0,15.6,16.5,598910
2026-02-06 09:17:00,09:17:00,16.3,16.5,15.4,15.5,373555
2026-02-06 09:18:00,09:18:00,18.05,18.5,17.85,17.85,185445
2026-02-06 09:19:00,09:19:00,15.1,15.85,15.1,15.75,288275
2026-02-06 09:20:00,09:20:00,15.8,16.2,15.4,15.4,266630
2026-02-06 09:21:00,09:21:00,15.3,15.9,15.1,15.15,182260
2026-02-06 09:22:00,09:22:00,15.0,15.55,14.9,15.45,163995
2026-02-06 09:23:00,09:23:00,15.3,15.9,15.3,15.35,138385
2026-02-06 09:24:00,09:24:00,15.3,15.5,14.55,14.55,171535
2026-02-06 09:25:00,09:25:00,14.5,15.05,14.0,14.6,266370
2026-02-06 09:26:00,09:26:00,14.4,15.25,14.2,15.25,223925
2026-02-06 09:27:00,09:27:00,15.05,15.25,14.4,14.4,257400
2026-02-06 09:28:00,09:28:00,14.25,14.5,13.65,14.5,249080
2026-02-06 09:29:00,09:29:00,12.5,13.1,12.5,12.85,84045
2026-02-06 09:30:00,09:30:00,12.75,13.15,12.65,12.8,94185
2026-02-06 09:31:00,09:31:00,12.7,12.8,12.2,12.5,65000
2026-02-06 09:32:00,09:32:00,12.75,13.1,12.35,12.35,68120
2026-02-06 09:33:00,09:33:00,12.4,12.5,11.65,12.15,100555
2026-02-06 09:34:00,09:34:00,12.15,12.45,11.95,12.1,43550
2026-02-06 09:35:00,09:35:00,11.95,12.45,11.9,12.3,54925
2026-02-06 09:36:00,09:36:00,12.5,13.1,12.3,12.65,91520
2026-02-06 09:37:00,09:37:00,12.55,13.1,12.45,12.95,60255
2026-02-06 09:38:00,09:38:00,13.1,13.95,12.95,13.5,218205
2026-02-06 09:39:00,09:39:00,13.45,13.5,12.5,12.75,204035
2026-02-06 09:40:00,09:40:00,12.85,13.0,12.55,12.65,58760
2026-02-06 09:41:00,09:41:00,12.65,13.05,12.5,12.9,60775
2026-02-06 09:42:00,09:42:00,12.8,12.9,12.55,12.8,69940
2026-02-06 09:43:00,09:43:00,12.85,13.95,12.8,13.65,136370
2026-02-06 09:44:00,09:44:00,13.7,14.05,13.4,13.45,130325
2026-02-06 09:45:00,09:45:00,13.45,13.55,12.35,12.5,117260
2026-02-06 09:46:00,09:46:00,12.35,12.7,12.25,12.45,68965
2026-02-06 09:47:00,09:47:00,12.55,12.6,11.9,12.05,80665
2026-02-06 09:48:00,09:48:00,12.1,12.25,11.7,11.8,72930
2026-02-06 09:49:00,09:49:00,12.0,12.25,11.8,11.9,39910
2026-02-06 09:50:00,09:50:00,11.8,12.4,11.8,12.2,46865
2026-02-06 09:51:00,09:51:00,12.15,12.35,12.0,12.05,19760
2026-02-06 09:52:00,09:52:00,12.1,12.35,12.05,12.1,41405
2026-02-06 09:53:00,09:53:00,12.05,12.3,11.95,11.95,34580
2026-02-06 09:54:00,09:54:00,12.0,12.25,11.95,12.1,31785
2026-02-06 09:55:00,09:55:00,12.15,12.45,12.1,12.3,35490
2026-02-06 09:56:00,09:56:00,12.3,12.3,12.1,12.15,57460
2026-02-06 09:57:00,09:57:00,12.3,12.35,11.95,12.15,30290
2026-02-06 09:58:00,09:58:00,12.15,12.15,11.8,12.05,35295
2026-02-06 09:59:00,09:59:00,12.05,12.05,11.45,11.45,49530
2026-02-06 10:00:00,10:00:00,11.45,11.8,11.25,11.6,51675
2026-02-06 10:01:00,10:01:00,11.65,11.9,11.6,11.9,72020
2026-02-06 10:02:00,10:02:00,11.9,12.55,11.7,12.1,98735
2026-02-06 10:03:00,10:03:00,10.55,10.8,10.35,10.55,538070
2026-02-06 10:04:00,10:04:00,12.05,12.2,11.35,11.65,154440
2026-02-06 10:05:00,10:05:00,11.65,11.7,11.3,11.4,85150
2026-02-06 10:06:00,10:06:00,11.55,12.1,11.4,12.1,79625
2026-02-06 10:07:00,10:07:00,12.15,12.5,12.1,12.15,53755
2026-02-06 10:08:00,10:08:00,12.1,12.3,11.95,12.0,50115
2026-02-06 10:09:00,10:09:00,12.05,12.2,11.85,12.0,44005
2026-02-06 10:10:00,10:10:00,10.55,10.9,10.45,10.8,163085
2026-02-06 10:11:00,10:11:00,10.8,11.8,10.75,11.3,719940
2026-02-06 10:12:00,10:12:00,11.4,12.0,11.15,11.15,659165
2026-02-06 10:13:00,10:13:00,11.3,11.5,11.1,11.35,306150
2026-02-06 10:14:00,10:14:00,11.35,11.7,11.3,11.4,186745
2026-02-06 10:15:00,10:15:00,11.35,11.5,11.05,11.3,270335
2026-02-06 10:16:00,10:16:00,11.3,11.6,11.25,11.25,199745
2026-02-06 10:17:00,10:17:00,12.85,12.9,11.95,12.0,109525
2026-02-06 10:18:00,10:18:00,12.05,12.1,11.5,11.55,121680
2026-02-06 10:19:00,10:19:00,11.45,11.75,11.45,11.65,52975
2026-02-06 10:20:00,10:20:00,11.65,11.65,11.35,11.65,68315
2026-02-06 10:21:00,10:21:00,11.65,11.8,11.4,11.55,111085
2026-02-06 10:22:00,10:22:00,11.55,11.6,11.05,11.1,55445
2026-02-06 10:23:00,10:23:00,11.1,11.2,10.9,11.1,114400
2026-02-06 10:24:00,10:24:00,11.15,11.4,11.0,11.3,35035
2026-02-06 10:25:00,10:25:00,11.3,11.75,11.3,11.7,36270
2026-02-06 10:26:00,10:26:00,11.7,11.75,11.25,11.3,41665
2026-02-06 10:27:00,10:27:00,11.35,11.6,11.3,11.4,73775
2026-02-06 10:28:00,10:28:00,10.15,10.5,10.15,10.25,171015
2026-02-06 10:29:00,10:29:00,10.3,11.2,10.25,11.15,354510
2026-02-06 10:30:00,10:30:00,11.1,12.0,11.0,11.0,857480
2026-02-06 10:31:00,10:31:00,11.15,11.8,11.0,11.5,374205
2026-02-06 10:32:00,10:32:00,11.4,11.5,11.05,11.45,247390
2026-02-06 10:33:00,10:33:00,11.4,12.0,11.4,12.0,202280
2026-02-06 10:34:00,10:34:00,12.1,12.5,11.9,12.0,543725
2026-02-06 10:35:00,10:35:00,12.0,12.15,11.45,11.45,252655
2026-02-06 10:36:00,10:36:00,11.55,11.8,11.1,11.15,334945
2026-02-06 10:37:00,10:37:00,11.2,12.2,11.15,12.2,247000
2026-02-06 10:38:00,10:38:00,12.05,12.2,11.3,11.45,301925
2026-02-06 10:39:00,10:39:00,11.4,11.5,11.1,11.15,167895
2026-02-06 10:40:00,10:40:00,11.25,11.65,11.15,11.55,134485
2026-02-06 10:41:00,10:41:00,11.55,12.05,11.55,11.9,202410
2026-02-06 10:42:00,10:42:00,11.85,12.0,11.6,11.8,213850
2026-02-06 10:43:00,10:43:00,11.8,12.0,11.65,12.0,247065
2026-02-06 10:44:00,10:44:00,11.95,12.15,11.7,11.85,220545
2026-02-06 10:45:00,10:45:00,11.95,12.3,11.85,11.9,333060
2026-02-06 10:46:00,10:46:00,11.85,12.0,11.45,11.55,286520
2026-02-06 10:47:00,10:47:00,11.6,11.7,11.4,11.5,458705
2026-02-06 10:48:00,10:48:00,11.6,12.05,11.5,11.75,247520
2026-02-06 10:49:00,10:49:00,11.75,11.8,11.35,11.6,219375
2026-02-06 10:50:00,10:50:00,11.7,11.9,11.5,11.7,165945
2026-02-06 10:51:00,10:51:00,11.8,11.9,11.6,11.6,199290
2026-02-06 10:52:00,10:52:00,11.55,12.0,11.45,11.5,267020
2026-02-06 10:53:00,10:53:00,11.6,11.6,11.15,11.5,263445
2026-02-06 10:54:00,10:54:00,11.45,11.7,11.4,11.6,114465
2026-02-06 10:55:00,10:55:00,11.6,11.95,11.6,11.6,195845
2026-02-06 10:56:00,10:56:00,11.6,11.7,11.25,11.35,242190
2026-02-06 10:57:00,10:57:00,11.35,11.5,11.0,11.05,253695
2026-02-06 10:58:00,10:58:00,11.0,11.1,10.85,10.95,197405
2026-02-06 10:59:00,10:59:00,11.0,11.05,10.7,10.8,257595
2026-02-06 11:00:00,11:00:00,12.35,12.4,11.9,12.0,70460
2026-02-06 11:01:00,11:01:00,11.95,12.1,11.75,11.8,41015
2026-02-06 11:02:00,11:02:00,11.75,11.8,11.5,11.8,82095
2026-02-06 11:03:00,11:03:00,11.75,12.0,11.7,11.95,53300
2026-02-06 11:04:00,11:04:00,11.8,11.95,11.55,11.7,46475
2026-02-06 11:05:00,11:05:00,11.65,11.8,11.45,11.6,52325
2026-02-06 11:06:00,11:06:00,11.8,11.8,11.5,11.7,36530
2026-02-06 11:07:00,11:07:00,11.7,11.85,11.6,11.7,86580
2026-02-06 11:08:00,11:08:00,11.7,11.9,11.65,11.7,27690
2026-02-06 11:09:00,11:09:00,11.7,12.05,11.7,11.85,54405
2026-02-06 11:10:00,11:10:00,11.85,12.0,11.45,11.45,65325
2026-02-06 11:11:00,11:11:00,11.6,11.85,11.45,11.8,81445
2026-02-06 11:12:00,11:12:00,11.7,12.0,11.6,11.9,58825
2026-02-06 11:13:00,11:13:00,11.9,12.0,11.75,11.75,52065
2026-02-06 11:14:00,11:14:00,13.7,13.9,13.3,13.3,170885
2026-02-06 11:15:00,11:15:00,11.5,11.65,11.4,11.65,85670
2026-02-06 11:16:00,11:16:00,11.65,11.75,11.5,11.7,63570
2026-02-06 11:17:00,11:17:00,13.5,13.5,13.0,13.05,246935
2026-02-06 11:18:00,11:18:00,11.2,11.55,11.15,11.45,78325
2026-02-06 11:19:00,11:19:00,13.2,13.4,13.05,13.25,99190
2026-02-06 11:20:00,11:20:00,13.35,13.4,12.7,12.8,231920
2026-02-06 11:21:00,11:21:00,12.75,12.8,12.15,12.5,377975
2026-02-06 11:22:00,11:22:00,12.5,12.65,12.2,12.4,217230
2026-02-06 11:23:00,11:23:00,12.4,12.8,12.2,12.6,348465
2026-02-06 11:24:00,11:24:00,12.55,12.65,12.3,12.4,114400
2026-02-06 11:25:00,11:25:00,12.5,12.5,12.15,12.4,116545
2026-02-06 11:26:00,11:26:00,12.35,12.55,12.3,12.5,95290
2026-02-06 11:27:00,11:27:00,12.4,12.7,12.4,12.6,84110
2026-02-06 11:28:00,11:28:00,12.65,12.7,12.5,12.6,53170
2026-02-06 11:29:00,11:29:00,12.6,12.75,12.45,12.55,63115
2026-02-06 11:30:00,11:30:00,12.55,12.8,12.45,12.7,68835
2026-02-06 11:31:00,11:31:00,12.7,12.75,12.6,12.6,64870
2026-02-06 11:32:00,11:32:00,12.6,12.75,12.5,12.7,54600
2026-02-06 11:33:00,11:33:00,12.7,12.75,12.4,12.5,61490
2026-02-06 11:34:00,11:34:00,12.5,12.55,11.75,11.95,310830
2026-02-06 11:35:00,11:35:00,12.0,12.45,11.95,12.3,894530
2026-02-06 11:36:00,11:36:00,12.25,12.4,12.2,12.35,172640
2026-02-06 11:37:00,11:37:00,12.4,12.4,12.1,12.3,122850
2026-02-06 11:38:00,11:38:00,13.95,14.05,13.8,13.9,104715
2026-02-06 11:39:00,11:39:00,13.9,14.2,13.7,14.1,184730
2026-02-06 11:40:00,11:40:00,14.15,14.15,13.9,13.9,109785
2026-02-06 11:41:00,11:41:00,13.95,14.0,13.7,13.9,113035
2026-02-06 11:42:00,11:42:00,13.95,14.1,13.8,14.0,55770
2026-02-06 11:43:00,11:43:00,14.05,14.15,14.0,14.15,60060
2026-02-06 11:44:00,11:44:00,12.55,12.7,12.5,12.5,91780
2026-02-06 11:45:00,11:45:00,12.5,12.9,12.5,12.9,182650
2026-02-06 11:46:00,11:46:00,14.6,14.65,14.2,14.25,270595
2026-02-06 11:47:00,11:47:00,14.2,14.4,14.05,14.3,39390
2026-02-06 11:48:00,11:48:00,14.35,14.6,14.3,14.5,22360
2026-02-06 11:49:00,11:49:00,14.45,14.55,14.25,14.4,141960
2026-02-06 11:50:00,11:50:00,14.5,14.55,14.3,14.3,227110
2026-02-06 11:51:00,11:51:00,14.3,14.6,14.3,14.6,31265
2026-02-06 11:52:00,11:52:00,14.55,14.65,14.5,14.55,48880
2026-02-06 11:53:00,11:53:00,14.65,14.9,14.55,14.7,61685
2026-02-06 11:54:00,11:54:00,14.6,14.85,14.6,14.85,27235
2026-02-06 11:55:00,11:55:00,14.75,14.85,14.45,14.65,52780
2026-02-06 11:56:00,11:56:00,12.9,13.05,12.75,13.05,55510
2026-02-06 11:57:00,11:57:00,13.0,13.2,12.85,12.9,107640
2026-02-06 11:58:00,11:58:00,14.6,14.85,14.55,14.6,38285
2026-02-06 11:59:00,11:59:00,14.7,14.7,14.35,14.4,40950
2026-02-06 12:00:00,12:00:00,14.3,14.4,14.0,14.0,133510
2026-02-06 12:01:00,12:01:00,14.0,14.1,13.8,14.0,124540
2026-02-06 12:02:00,12:02:00,14.0,14.3,14.0,14.15,44330
2026-02-06 12:03:00,12:03:00,14.2,14.45,14.15,14.4,43615
2026-02-06 12:04:00,12:04:00,12.65,13.0,12.65,12.95,63960
2026-02-06 12:05:00,12:05:00,13.05,13.15,12.85,13.1,112450
2026-02-06 12:06:00,12:06:00,13.1,13.25,12.85,12.85,111150
2026-02-06 12:07:00,12:07:00,12.85,12.9,12.65,12.7,104715
2026-02-06 12:08:00,12:08:00,12.7,12.85,12.7,12.75,81705
2026-02-06 12:09:00,12:09:00,12.8,13.05,12.75,13.05,71305
2026-02-06 12:10:00,12:10:00,13.0,13.15,12.8,12.8,134160
2026-02-06 12:11:00,12:11:00,12.8,12.9,12.7,12.7,60320
2026-02-06 12:12:00,12:12:00,12.75,12.8,12.65,12.75,57785
2026-02-06 12:13:00,12:13:00,12.65,12.75,12.4,12.4,114725
2026-02-06 12:14:00,12:14:00,12.4,12.5,12.1,12.15,173420
2026-02-06 12:15:00,12:15:00,12.15,12.6,12.05,12.55,314795
2026-02-06 12:16:00,12:16:00,12.6,12.65,12.35,12.45,213850
2026-02-06 12:17:00,12:17:00,12.45,12.6,12.25,12.55,242060
2026-02-06 12:18:00,12:18:00,12.6,12.6,12.1,12.15,134485
2026-02-06 12:19:00,12:19:00,12.1,12.2,11.95,12.2,112515
2026-02-06 12:20:00,12:20:00,12.15,12.4,12.15,12.4,31200
2026-02-06 12:21:00,12:21:00,12.45,12.7,12.4,12.5,179400
2026-02-06 12:22:00,12:22:00,12.5,12.75,12.45,12.7,60580
2026-02-06 12:23:00,12:23:00,12.6,12.75,12.45,12.7,54925
2026-02-06 12:24:00,12:24:00,11.2,11.25,11.0,11.2,33865
2026-02-06 12:25:00,12:25:00,11.25,11.35,11.1,11.35,37570
2026-02-06 12:26:00,12:26:00,11.35,11.35,11.2,11.3,41080
2026-02-06 12:27:00,12:27:00,11.15,11.3,10.95,11.1,110370
2026-02-06 12:28:00,12:28:00,11.05,11.1,10.85,10.95,53300
2026-02-06 12:29:00,12:29:00,10.9,10.95,10.7,10.8,36400
2026-02-06 12:30:00,12:30:00,10.85,11.15,10.8,11.1,41340
2026-02-06 12:31:00,12:31:00,11.15,11.4,11.0,11.2,75010
2026-02-06 12:32:00,12:32:00,11.35,11.35,11.15,11.25,35295
2026-02-06 12:33:00,12:33:00,11.15,11.9,11.15,11.55,93535
2026-02-06 12:34:00,12:34:00,11.55,11.95,11.55,11.6,99905
2026-02-06 12:35:00,12:35:00,11.45,11.7,11.45,11.55,62855
2026-02-06 12:36:00,12:36:00,11.6,11.6,11.25,11.3,75400
2026-02-06 12:37:00,12:37:00,11.35,11.45,11.25,11.4,55705
2026-02-06 12:38:00,12:38:00,11.45,11.7,11.35,11.55,40885
2026-02-06 12:39:00,12:39:00,11.7,11.7,11.45,11.6,32630
2026-02-06 12:40:00,12:40:00,11.55,11.6,11.25,11.3,49010
2026-02-06 12:41:00,12:41:00,11.35,11.65,11.3,11.45,93925
2026-02-06 12:42:00,12:42:00,11.5,11.65,11.45,11.55,207545
2026-02-06 12:43:00,12:43:00,11.6,11.65,11.35,11.45,71370
2026-02-06 12:44:00,12:44:00,11.45,11.55,11.3,11.4,36725
2026-02-06 12:45:00,12:45:00,11.4,11.55,11.15,11.2,56095
2026-02-06 12:46:00,12:46:00,11.2,11.25,10.95,10.95,74165
2026-02-06 12:47:00,12:47:00,10.95,10.95,10.7,10.75,104975
2026-02-06 12:48:00,12:48:00,10.8,11.15,10.75,11.15,43745
2026-02-06 12:49:00,12:49:00,11.1,11.5,11.1,11.4,40495
2026-02-06 12:50:00,12:50:00,11.4,11.5,11.15,11.3,32240
2026-02-06 12:51:00,12:51:00,11.4,11.4,11.25,11.3,20020
2026-02-06 12:52:00,12:52:00,11.25,11.55,11.2,11.3,35945
2026-02-06 12:53:00,12:53:00,11.3,11.4,11.3,11.3,15145
2026-02-06 12:54:00,12:54:00,11.3,11.45,11.25,11.4,19565
2026-02-06 12:55:00,12:55:00,11.55,11.55,11.05,11.1,39325
2026-02-06 12:56:00,12:56:00,11.1,11.3,11.1,11.1,24440
2026-02-06 12:57:00,12:57:00,11.1,11.15,10.85,10.85,15860
2026-02-06 12:58:00,12:58:00,10.9,10.95,10.6,10.6,71760
2026-02-06 12:59:00,12:59:00,10.65,10.7,10.55,10.6,28990
2026-02-06 13:00:00,13:00:00,10.65,10.85,10.55,10.75,31655
2026-02-06 13:01:00,13:01:00,10.85,10.95,10.75,10.8,53170
2026-02-06 13:02:00,13:02:00,10.9,10.9,10.7,10.75,31265
2026-02-06 13:03:00,13:03:00,10.85,10.85,10.5,10.5,36985
2026-02-06 13:04:00,13:04:00,10.55,10.7,10.45,10.45,51805
2026-02-06 13:05:00,13:05:00,10.45,10.5,10.2,10.2,56420
2026-02-06 13:06:00,13:06:00,10.15,10.4,10.1,10.2,28405
2026-02-06 13:07:00,13:07:00,10.3,10.4,10.15,10.15,91650
2026-02-06 13:08:00,13:08:00,10.2,10.35,10.1,10.3,15535
2026-02-06 13:09:00,13:09:00,10.3,10.4,10.15,10.15,28795
2026-02-06 13:10:00,13:10:00,10.15,10.15,10.0,10.0,39845
2026-02-06 13:11:00,13:11:00,10.0,10.2,10.0,10.1,16250
2026-02-06 13:12:00,13:12:00,10.2,10.3,10.0,10.1,12545
2026-02-06 13:13:00,13:13:00,10.05,10.3,10.05,10.2,37050
2026-02-06 13:14:00,13:14:00,10.15,10.2,10.0,10.0,36140
2026-02-06 13:15:00,13:15:00,10.1,10.1,9.8,9.9,35555
2026-02-06 13:16:00,13:16:00,9.85,10.0,9.8,10.0,22490
2026-02-06 13:17:00,13:17:00,10.05,10.1,9.8,10.0,21645
2026-02-06 13:18:00,13:18:00,10.05,10.05,9.85,9.95,11765
2026-02-06 13:19:00,13:19:00,10.0,10.0,9.8,9.8,20410
2026-02-06 13:20:00,13:20:00,9.9,10.0,9.8,10.0,16185
2026-02-06 13:21:00,13:21:00,9.95,10.05,9.8,9.8,25285
2026-02-06 13:22:00,13:22:00,9.85,10.0,9.8,9.95,9165
2026-02-06 13:23:00,13:23:00,9.9,9.95,9.75,9.75,22815
2026-02-06 13:24:00,13:24:00,9.75,10.0,9.7,9.95,37245
2026-02-06 13:25:00,13:25:00,9.95,9.95,9.8,9.85,12350
2026-02-06 13:26:00,13:26:00,9.85,9.95,9.75,9.85,31395
2026-02-06 13:27:00,13:27:00,9.85,10.0,9.75,9.95,18785
2026-02-06 13:28:00,13:28:00,9.85,9.95,9.8,9.95,10205
2026-02-06 13:29:00,13:29:00,10.0,10.05,9.85,9.9,80080
2026-02-06 13:30:00,13:30:00,9.85,10.05,9.7,9.95,18395
2026-02-06 13:31:00,13:31:00,9.9,10.1,9.85,10.1,11180
2026-02-06 13:32:00,13:32:00,10.1,10.3,10.1,10.3,71695
2026-02-06 13:33:00,13:33:00,10.35,10.6,10.2,10.25,38675
2026-02-06 13:34:00,13:34:00,10.2,10.3,10.1,10.15,35230
2026-02-06 13:35:00,13:35:00,10.15,10.2,9.95,10.15,27950
2026-02-06 13:36:00,13:36:00,11.65,11.7,11.2,11.35,84695
2026-02-06 13:37:00,13:37:00,11.35,11.4,11.2,11.25,40755
2026-02-06 13:38:00,13:38:00,11.25,11.25,11.0,11.2,145340
2026-02-06 13:39:00,13:39:00,11.2,11.35,11.15,11.2,70200
2026-02-06 13:40:00,13:40:00,11.15,11.2,11.0,11.05,184080
2026-02-06 13:41:00,13:41:00,11.1,11.25,11.05,11.15,57330
2026-02-06 13:42:00,13:42:00,11.15,11.35,11.05,11.3,99970
2026-02-06 13:43:00,13:43:00,11.35,11.35,11.15,11.3,52390
2026-02-06 13:44:00,13:44:00,11.25,11.3,11.0,11.05,93730
2026-02-06 13:45:00,13:45:00,11.05,11.15,10.9,11.05,31200
2026-02-06 13:46:00,13:46:00,11.0,11.15,11.0,11.15,38350
2026-02-06 13:47:00,13:47:00,9.8,9.9,9.75,9.8,9750
2026-02-06 13:48:00,13:48:00,11.15,11.15,10.9,10.9,32955
2026-02-06 13:49:00,13:49:00,10.9,10.95,10.7,10.85,81055
2026-02-06 13:50:00,13:50:00,10.9,10.95,10.8,10.85,105170
2026-02-06 13:51:00,13:51:00,10.85,10.9,10.7,10.75,76830
2026-02-06 13:52:00,13:52:00,10.8,10.85,10.5,10.55,212680
2026-02-06 13:53:00,13:53:00,10.5,10.75,10.5,10.75,186940
2026-02-06 13:54:00,13:54:00,10.75,10.8,10.65,10.8,224640
2026-02-06 13:55:00,13:55:00,10.75,10.8,10.6,10.65,147095
2026-02-06 13:56:00,13:56:00,10.65,10.8,10.65,10.75,81315
2026-02-06 13:57:00,13:57:00,10.8,10.85,10.7,10.8,104130
2026-02-06 13:58:00,13:58:00,10.8,10.9,10.75,10.85,120250
2026-02-06 13:59:00,13:59:00,10.85,10.85,10.65,10.7,77155
2026-02-06 14:00:00,14:00:00,10.7,10.75,10.6,10.65,93730
2026-02-06 14:01:00,14:01:00,11.95,12.0,11.75,11.9,62660
2026-02-06 14:02:00,14:02:00,11.9,12.0,11.85,11.9,76505
2026-02-06 14:03:00,14:03:00,10.65,10.8,10.6,10.75,68835
2026-02-06 14:04:00,14:04:00,10.75,10.85,10.65,10.85,128700
2026-02-06 14:05:00,14:05:00,10.8,10.85,10.7,10.75,46475
2026-02-06 14:06:00,14:06:00,10.8,10.9,10.7,10.9,42445
2026-02-06 14:07:00,14:07:00,12.25,12.3,12.1,12.1,65910
2026-02-06 14:08:00,14:08:00,12.05,12.2,12.05,12.1,12220
2026-02-06 14:09:00,14:09:00,12.15,12.4,12.1,12.4,26325
2026-02-06 14:10:00,14:10:00,11.05,11.15,11.05,11.15,55445
2026-02-06 14:11:00,14:11:00,11.15,11.3,11.1,11.25,49205
2026-02-06 14:12:00,14:12:00,11.3,11.3,11.15,11.2,118170
2026-02-06 14:13:00,14:13:00,11.2,11.35,11.15,11.35,74490
2026-02-06 14:14:00,14:14:00,11.4,11.45,11.3,11.45,69680
2026-02-06 14:15:00,14:15:00,11.45,11.6,11.3,11.3,54015
2026-02-06 14:16:00,14:16:00,11.35,11.45,11.3,11.35,109655
2026-02-06 14:17:00,14:17:00,11.35,11.5,11.3,11.35,82810
2026-02-06 14:18:00,14:18:00,11.35,11.4,11.25,11.3,44135
2026-02-06 14:19:00,14:19:00,11.2,11.3,11.1,11.25,31265
2026-02-06 14:20:00,14:20:00,12.6,12.65,12.45,12.45,43875
2026-02-06 14:21:00,14:21:00,12.55,12.55,12.4,12.5,30030
2026-02-06 14:22:00,14:22:00,11.15,11.35,11.1,11.35,62725
2026-02-06 14:23:00,14:23:00,11.35,11.45,11.25,11.3,58435
2026-02-06 14:24:00,14:24:00,11.3,11.6,11.25,11.6,57980
2026-02-06 14:25:00,14:25:00,11.55,11.6,11.3,11.35,60970
2026-02-06 14:26:00,14:26:00,11.3,11.45,11.2,11.4,19305
2026-02-06 14:27:00,14:27:00,11.4,11.55,11.4,11.4,20800
2026-02-06 14:28:00,14:28:00,11.4,11.45,11.35,11.45,39065
2026-02-06 14:29:00,14:29:00,11.45,11.45,11.3,11.4,51155
2026-02-06 14:30:00,14:30:00,11.45,11.55,11.35,11.4,51740
2026-02-06 14:31:00,14:31:00,11.5,11.5,11.15,11.25,72085
2026-02-06 14:32:00,14:32:00,11.25,11.4,11.2,11.3,28990
2026-02-06 14:33:00,14:33:00,11.3,11.45,11.2,11.25,36920
2026-02-06 14:34:00,14:34:00,11.25,11.3,11.1,11.2,27170
2026-02-06 14:35:00,14:35:00,11.15,11.3,11.15,11.3,26455
2026-02-06 14:36:00,14:36:00,12.65,12.65,12.5,12.6,9555
2026-02-06 14:37:00,14:37:00,12.6,12.7,12.45,12.6,7410
2026-02-06 14:38:00,14:38:00,12.55,12.6,12.45,12.5,91975
2026-02-06 14:39:00,14:39:00,12.5,12.6,12.4,12.45,163540
2026-02-06 14:40:00,14:40:00,12.5,12.5,12.3,12.3,54145
2026-02-06 14:41:00,14:41:00,12.25,12.3,12.15,12.25,80405
2026-02-06 14:42:00,14:42:00,12.2,12.3,12.15,12.25,42185
2026-02-06 14:43:00,14:43:00,12.2,12.5,12.2,12.45,136110
2026-02-06 14:44:00,14:44:00,12.45,12.5,12.35,12.45,187395
2026-02-06 14:45:00,14:45:00,12.55,12.65,12.25,12.5,113555
2026-02-06 14:46:00,14:46:00,12.4,12.65,12.35,12.6,99255
2026-02-06 14:47:00,14:47:00,12.6,12.8,12.6,12.8,26780
2026-02-06 14:48:00,14:48:00,12.75,13.05,12.65,13.0,55120
2026-02-06 14:49:00,14:49:00,13.0,13.05,12.8,13.0,26000
2026-02-06 14:50:00,14:50:00,12.95,13.0,12.8,12.9,44005
2026-02-06 14:51:00,14:51:00,12.9,13.0,12.8,12.9,48035
2026-02-06 14:52:00,14:52:00,12.95,13.15,12.9,13.15,51350
2026-02-06 14:53:00,14:53:00,13.15,13.15,12.95,12.95,29055
2026-02-06 14:54:00,14:54:00,13.05,13.05,12.9,13.0,49660
2026-02-06 14:55:00,14:55:00,13.05,13.1,12.85,12.85,57265
2026-02-06 14:56:00,14:56:00,12.9,13.05,12.8,12.85,46735
2026-02-06 14:57:00,14:57:00,12.65,13.0,12.65,12.85,94185
2026-02-06 14:58:00,14:58:00,12.75,13.0,12.6,12.95,55315
2026-02-06 14:59:00,14:59:00,13.0,13.05,12.7,12.8,71760
2026-02-06 15:00:00,15:00:00,14.0,14.15,13.7,13.7,464815
2026-02-06 15:01:00,15:01:00,13.8,14.15,13.7,13.8,188175
2026-02-06 15:02:00,15:02:00,13.85,14.0,13.65,13.9,351650
2026-02-06 15:03:00,15:03:00,13.8,14.15,13.8,14.0,260260
2026-02-06 15:04:00,15:04:00,14.05,14.05,13.8,14.0,96330
2026-02-06 15:05:00,15:05:00,14.05,14.1,13.65,13.7,135005
2026-02-06 15:06:00,15:06:00,13.85,14.15,13.7,14.15,122850
2026-02-06 15:07:00,15:07:00,14.1,14.3,13.85,14.0,182195
2026-02-06 15:08:00,15:08:00,14.05,14.45,14.0,14.35,168350
2026-02-06 15:09:00,15:09:00,14.5,14.5,14.3,14.5,113035
2026-02-06 15:10:00,15:10:00,14.45,14.65,14.45,14.65,168610
2026-02-06 15:11:00,15:11:00,14.65,14.9,14.6,14.75,150735
2026-02-06 15:12:00,15:12:00,14.8,14.85,14.6,14.7,171535
2026-02-06 15:13:00,15:13:00,14.8,14.85,14.45,14.65,184795
2026-02-06 15:14:00,15:14:00,14.75,14.95,14.65,14.85,245960
2026-02-06 15:15:00,15:15:00,15.05,15.25,14.85,15.1,405600
2026-02-06 15:16:00,15:16:00,15.05,15.25,14.95,15.15,317460
2026-02-06 15:17:00,15:17:00,15.25,15.45,15.05,15.05,258245
2026-02-06 15:18:00,15:18:00,15.15,15.3,15.05,15.25,300235
2026-02-06 15:19:00,15:19:00,15.3,15.8,15.25,15.8,353340
2026-02-06 15:20:00,15:20:00,16.0,16.8,15.8,16.4,433550
2026-02-06 15:21:00,15:21:00,16.55,17.2,16.4,17.05,453895
2026-02-06 15:22:00,15:22:00,17.25,17.35,15.95,16.0,449800
2026-02-06 15:23:00,15:23:00,16.15,16.7,16.0,16.45,310310
2026-02-06 15:24:00,15:24:00,16.5,16.7,16.4,16.6,355615
2026-02-06 15:25:00,15:25:00,16.95,17.6,16.6,17.35,590460
2026-02-06 15:26:00,15:26:00,17.5,17.8,17.2,17.5,338520
2026-02-06 15:27:00,15:27:00,17.5,17.85,17.45,17.7,390130
2026-02-06 15:28:00,15:28:00,17.75,17.9,17.15,17.6,396175
2026-02-06 15:29:00,15:29:00,15.95,16.1,14.8,14.9,158470
2026-02-09 09:15:00,09:15:00,18.2,18.2,7.25,7.6,1708720
2026-02-09 09:16:00,09:16:00,7.55,8.45,7.4,8.1,1403220
2026-02-09 09:17:00,09:17:00,7.25,7.3,6.9,7.0,1254370
2026-02-09 09:18:00,09:18:00,7.1,7.2,6.95,7.15,750945
2026-02-09 09:19:00,09:19:00,7.35,7.35,6.95,7.15,768560
2026-02-09 09:20:00,09:20:00,7.25,7.4,7.0,7.25,759655
2026-02-09 09:21:00,09:21:00,7.3,7.45,6.95,7.1,774345
2026-02-09 09:22:00,09:22:00,7.1,7.4,7.05,7.25,527735
2026-02-09 09:23:00,09:23:00,7.25,7.4,7.15,7.2,578435
2026-02-09 09:24:00,09:24:00,7.15,7.2,6.95,7.0,475670
2026-02-09 09:25:00,09:25:00,7.05,7.1,6.8,6.95,460525
2026-02-09 09:26:00,09:26:00,6.9,7.0,6.8,6.95,407745
2026-02-09 09:27:00,09:27:00,6.85,7.0,6.75,6.75,517595
2026-02-09 09:28:00,09:28:00,6.8,6.95,6.55,6.55,427635
2026-02-09 09:29:00,09:29:00,6.55,6.75,6.45,6.55,456040
2026-02-09 09:30:00,09:30:00,7.45,7.55,7.35,7.45,282165
2026-02-09 09:31:00,09:31:00,6.6,6.85,6.55,6.8,266565
2026-02-09 09:32:00,09:32:00,6.8,6.85,6.7,6.8,215930
2026-02-09 09:33:00,09:33:00,6.95,7.2,6.8,7.15,385320
2026-02-09 09:34:00,09:34:00,7.2,7.45,7.1,7.1,430170
2026-02-09 09:35:00,09:35:00,7.1,7.25,7.05,7.15,125255
2026-02-09 09:36:00,09:36:00,7.2,7.25,7.0,7.25,170625
2026-02-09 09:37:00,09:37:00,7.2,7.4,7.1,7.15,231790
2026-02-09 09:38:00,09:38:00,7.2,7.35,7.1,7.3,288015
2026-02-09 09:39:00,09:39:00,7.25,7.55,7.05,7.45,346710
2026-02-09 09:40:00,09:40:00,7.45,7.45,7.15,7.15,343265
2026-02-09 09:41:00,09:41:00,7.15,7.4,7.05,7.1,328055
2026-02-09 09:42:00,09:42:00,7.05,7.2,6.9,7.0,219635
2026-02-09 09:43:00,09:43:00,7.05,7.25,7.0,7.1,135460
2026-02-09 09:44:00,09:44:00,7.1,7.3,7.0,7.05,162240
2026-02-09 09:45:00,09:45:00,7.1,7.2,7.0,7.05,192790
2026-02-09 09:46:00,09:46:00,7.05,7.15,6.9,7.0,196625
2026-02-09 09:47:00,09:47:00,7.0,7.1,6.85,6.85,210990
2026-02-09 09:48:00,09:48:00,6.9,7.0,6.75,6.85,295100
2026-02-09 09:49:00,09:49:00,6.85,7.15,6.8,6.95,148850
2026-02-09 09:50:00,09:50:00,6.95,7.0,6.75,7.0,175630
2026-02-09 09:51:00,09:51:00,7.0,7.25,6.9,7.15,159575
2026-02-09 09:52:00,09:52:00,7.05,7.15,6.9,6.95,163865
2026-02-09 09:53:00,09:53:00,7.0,7.0,6.75,6.8,119210
2026-02-09 09:54:00,09:54:00,6.8,7.0,6.75,6.85,93340
2026-02-09 09:55:00,09:55:00,6.85,6.95,6.85,6.9,121940
2026-02-09 09:56:00,09:56:00,6.95,7.1,6.9,6.95,109005
2026-02-09 09:57:00,09:57:00,6.95,6.95,6.75,6.8,173420
2026-02-09 09:58:00,09:58:00,6.75,6.95,6.75,6.9,126750
2026-02-09 09:59:00,09:59:00,6.85,6.9,6.75,6.8,178750
2026-02-09 10:00:00,10:00:00,6.8,6.9,6.75,6.75,216255
2026-02-09 10:01:00,10:01:00,6.8,6.95,6.7,6.85,259610
2026-02-09 10:02:00,10:02:00,6.9,6.95,6.85,6.85,116220
2026-02-09 10:03:00,10:03:00,6.9,7.05,6.85,7.05,111085
2026-02-09 10:04:00,10:04:00,7.0,7.1,7.0,7.05,141960
2026-02-09 10:05:00,10:05:00,7.75,7.85,7.65,7.75,93795
2026-02-09 10:06:00,10:06:00,7.05,7.25,7.0,7.15,159250
2026-02-09 10:07:00,10:07:00,7.2,7.25,7.15,7.2,144950
2026-02-09 10:08:00,10:08:00,7.2,7.35,7.15,7.35,206245
2026-02-09 10:09:00,10:09:00,7.3,7.5,7.25,7.25,141310
2026-02-09 10:10:00,10:10:00,7.25,7.4,7.2,7.2,177385
2026-02-09 10:11:00,10:11:00,7.25,7.25,7.05,7.15,116285
2026-02-09 10:12:00,10:12:00,7.2,7.35,7.15,7.25,125125
2026-02-09 10:13:00,10:13:00,7.2,7.25,7.1,7.2,75660
2026-02-09 10:14:00,10:14:00,7.25,7.25,7.05,7.05,100685
2026-02-09 10:15:00,10:15:00,7.1,7.25,7.05,7.1,79625
2026-02-09 10:16:00,10:16:00,7.05,7.15,6.9,6.95,120900
2026-02-09 10:17:00,10:17:00,7.0,7.0,6.85,6.9,93860
2026-02-09 10:18:00,10:18:00,6.9,6.95,6.75,6.75,160030
2026-02-09 10:19:00,10:19:00,6.8,6.8,6.7,6.75,81835
2026-02-09 10:20:00,10:20:00,6.75,6.8,6.7,6.75,88465
2026-02-09 10:21:00,10:21:00,7.55,7.55,7.35,7.4,100685
2026-02-09 10:22:00,10:22:00,6.75,6.8,6.7,6.8,53430
2026-02-09 10:23:00,10:23:00,6.75,6.8,6.7,6.75,136045
2026-02-09 10:24:00,10:24:00,6.75,6.75,6.6,6.65,63895
2026-02-09 10:25:00,10:25:00,6.6,6.65,6.6,6.6,62010
2026-02-09 10:26:00,10:26:00,6.65,6.7,6.55,6.6,60450
2026-02-09 10:27:00,10:27:00,6.65,6.7,6.6,6.65,86255
2026-02-09 10:28:00,10:28:00,6.6,6.65,6.5,6.55,154895
2026-02-09 10:29:00,10:29:00,6.55,6.7,6.55,6.7,76635
2026-02-09 10:30:00,10:30:00,6.7,6.7,6.55,6.6,40105
2026-02-09 10:31:00,10:31:00,6.65,6.65,6.45,6.5,93535
2026-02-09 10:32:00,10:32:00,7.1,7.1,6.9,7.0,180440
2026-02-09 10:33:00,10:33:00,7.0,7.05,6.95,7.0,160485
2026-02-09 10:34:00,10:34:00,7.0,7.0,6.9,6.95,72930
2026-02-09 10:35:00,10:35:00,7.0,7.05,6.9,7.0,481325
2026-02-09 10:36:00,10:36:00,7.05,7.1,6.95,7.05,91650
2026-02-09 10:37:00,10:37:00,7.05,7.15,7.0,7.1,73970
2026-02-09 10:38:00,10:38:00,7.15,7.3,7.1,7.3,366470
2026-02-09 10:39:00,10:39:00,7.35,7.45,7.2,7.2,129610
2026-02-09 10:40:00,10:40:00,7.25,7.35,7.2,7.35,83655
2026-02-09 10:41:00,10:41:00,7.35,7.35,7.2,7.2,143910
2026-02-09 10:42:00,10:42:00,7.25,7.35,7.2,7.3,107120
2026-02-09 10:43:00,10:43:00,7.25,7.4,7.25,7.35,83265
2026-02-09 10:44:00,10:44:00,7.4,7.4,7.3,7.4,58500
2026-02-09 10:45:00,10:45:00,7.4,7.6,7.4,7.5,101725
2026-02-09 10:46:00,10:46:00,7.5,7.55,7.45,7.55,60385
2026-02-09 10:47:00,10:47:00,7.55,7.6,7.5,7.55,25805
2026-02-09 10:48:00,10:48:00,7.55,7.65,7.5,7.55,109005
2026-02-09 10:49:00,10:49:00,7.6,7.7,7.45,7.55,131365
2026-02-09 10:50:00,10:50:00,7.55,7.55,7.4,7.5,197990
2026-02-09 10:51:00,10:51:00,7.5,7.65,7.5,7.6,76180
2026-02-09 10:52:00,10:52:00,7.55,7.75,7.55,7.65,91585
2026-02-09 10:53:00,10:53:00,7.7,7.75,7.6,7.6,80665
2026-02-09 10:54:00,10:54:00,7.55,7.75,7.55,7.75,148915
2026-02-09 10:55:00,10:55:00,7.7,7.75,7.6,7.75,132275
2026-02-09 10:56:00,10:56:00,7.7,7.85,7.65,7.8,166335
2026-02-09 10:57:00,10:57:00,7.8,7.8,7.7,7.7,150475
2026-02-09 10:58:00,10:58:00,7.7,7.75,7.6,7.75,111605
2026-02-09 10:59:00,10:59:00,7.75,7.85,7.75,7.85,114790
2026-02-09 11:00:00,11:00:00,7.8,7.9,7.8,7.8,112710
2026-02-09 11:01:00,11:01:00,7.85,7.85,7.7,7.75,50700
2026-02-09 11:02:00,11:02:00,7.8,7.95,7.75,7.95,95680
2026-02-09 11:03:00,11:03:00,7.85,7.95,7.75,7.8,80665
2026-02-09 11:04:00,11:04:00,7.8,7.95,7.75,7.9,134810
2026-02-09 11:05:00,11:05:00,7.9,8.0,7.8,8.0,58110
2026-02-09 11:06:00,11:06:00,8.0,8.0,7.8,7.8,80795
2026-02-09 11:07:00,11:07:00,7.85,7.95,7.8,7.85,67080
2026-02-09 11:08:00,11:08:00,7.8,7.85,7.65,7.75,159055
2026-02-09 11:09:00,11:09:00,7.75,7.8,7.65,7.8,131300
2026-02-09 11:10:00,11:10:00,7.8,7.9,7.75,7.85,94770
2026-02-09 11:11:00,11:11:00,7.8,7.85,7.75,7.8,126490
2026-02-09 11:12:00,11:12:00,7.85,7.85,7.7,7.8,74880
2026-02-09 11:13:00,11:13:00,7.8,7.85,7.75,7.8,93210
2026-02-09 11:14:00,11:14:00,7.8,7.95,7.75,7.95,72735
2026-02-09 11:15:00,11:15:00,7.95,7.95,7.85,7.95,60840
2026-02-09 11:16:00,11:16:00,7.9,7.95,7.8,7.8,47710
2026-02-09 11:17:00,11:17:00,7.85,7.85,7.75,7.8,39390
2026-02-09 11:18:00,11:18:00,7.75,7.8,7.7,7.75,24375
2026-02-09 11:19:00,11:19:00,7.75,7.75,7.65,7.75,29055
2026-02-09 11:20:00,11:20:00,7.7,7.9,7.7,7.85,96590
2026-02-09 11:21:00,11:21:00,7.85,7.9,7.75,7.9,59150
2026-02-09 11:22:00,11:22:00,7.9,8.0,7.8,8.0,48880
2026-02-09 11:23:00,11:23:00,7.95,8.0,7.9,8.0,89635
2026-02-09 11:24:00,11:24:00,8.0,8.1,7.95,8.1,84045
2026-02-09 11:25:00,11:25:00,8.05,8.1,8.0,8.1,34060
2026-02-09 11:26:00,11:26:00,8.1,8.1,8.0,8.05,55835
2026-02-09 11:27:00,11:27:00,8.05,8.05,8.0,8.05,55965
2026-02-09 11:28:00,11:28:00,8.05,8.05,7.9,8.05,56290
2026-02-09 11:29:00,11:29:00,8.05,8.1,8.0,8.1,36270
2026-02-09 11:30:00,11:30:00,8.05,8.35,8.05,8.3,120705
2026-02-09 11:31:00,11:31:00,8.3,8.3,8.2,8.2,93015
2026-02-09 11:32:00,11:32:00,8.15,8.2,8.05,8.1,147225
2026-02-09 11:33:00,11:33:00,8.1,8.15,7.95,8.0,72215
2026-02-09 11:34:00,11:34:00,8.05,8.05,7.9,7.9,30940
2026-02-09 11:35:00,11:35:00,7.95,8.0,7.8,7.85,55445
2026-02-09 11:36:00,11:36:00,7.85,7.85,7.75,7.75,43160
2026-02-09 11:37:00,11:37:00,7.8,7.85,7.7,7.75,35295
2026-02-09 11:38:00,11:38:00,7.8,7.95,7.75,7.95,26780
2026-02-09 11:39:00,11:39:00,7.95,7.95,7.8,7.9,15860
2026-02-09 11:40:00,11:40:00,7.85,7.95,7.85,7.9,25805
2026-02-09 11:41:00,11:41:00,7.9,7.95,7.85,7.9,54145
2026-02-09 11:42:00,11:42:00,7.9,8.05,7.9,8.05,43095
2026-02-09 11:43:00,11:43:00,8.05,8.05,7.85,7.9,55640
2026-02-09 11:44:00,11:44:00,7.9,7.95,7.8,7.85,66365
2026-02-09 11:45:00,11:45:00,7.85,7.9,7.8,7.9,68770
2026-02-09 11:46:00,11:46:00,7.9,8.1,7.9,8.1,119730
2026-02-09 11:47:00,11:47:00,8.1,8.1,8.0,8.05,78455
2026-02-09 11:48:00,11:48:00,8.05,8.05,7.95,8.05,65195
2026-02-09 11:49:00,11:49:00,8.05,8.1,7.95,8.0,65975
2026-02-09 11:50:00,11:50:00,8.0,8.05,7.95,8.05,54990
2026-02-09 11:51:00,11:51:00,8.05,8.2,8.05,8.1,94640
2026-02-09 11:52:00,11:52:00,8.1,8.1,7.85,7.95,55445
2026-02-09 11:53:00,11:53:00,7.9,8.05,7.8,7.95,38480
2026-02-09 11:54:00,11:54:00,7.9,7.95,7.8,7.8,32695
2026-02-09 11:55:00,11:55:00,7.8,7.85,7.6,7.7,66885
2026-02-09 11:56:00,11:56:00,7.7,7.7,7.55,7.65,37505
2026-02-09 11:57:00,11:57:00,7.6,7.65,7.5,7.55,40365
2026-02-09 11:58:00,11:58:00,7.55,7.6,7.4,7.45,49400
2026-02-09 11:59:00,11:59:00,7.45,7.6,7.45,7.6,45760
2026-02-09 12:00:00,12:00:00,7.6,7.6,7.5,7.55,42510
2026-02-09 12:01:00,12:01:00,7.55,7.55,7.4,7.45,26845
2026-02-09 12:02:00,12:02:00,7.5,7.5,7.4,7.4,39585
2026-02-09 12:03:00,12:03:00,7.4,7.5,7.4,7.5,23595
2026-02-09 12:04:00,12:04:00,7.5,7.55,7.5,7.5,30160
2026-02-09 12:05:00,12:05:00,7.5,7.55,7.35,7.35,51090
2026-02-09 12:06:00,12:06:00,7.35,7.45,7.35,7.45,23920
2026-02-09 12:07:00,12:07:00,7.45,7.45,7.25,7.3,44915
2026-02-09 12:08:00,12:08:00,7.3,7.3,7.2,7.2,41080
2026-02-09 12:09:00,12:09:00,7.2,7.25,7.15,7.2,54405
2026-02-09 12:10:00,12:10:00,7.2,7.3,7.2,7.25,33670
2026-02-09 12:11:00,12:11:00,7.3,7.3,7.2,7.25,15730
2026-02-09 12:12:00,12:12:00,7.2,7.25,7.2,7.2,14950
2026-02-09 12:13:00,12:13:00,7.2,7.35,7.2,7.2,39065
2026-02-09 12:14:00,12:14:00,7.2,7.35,7.2,7.35,37895
2026-02-09 12:15:00,12:15:00,7.3,7.35,7.25,7.35,10010
2026-02-09 12:16:00,12:16:00,7.35,7.45,7.35,7.35,16120
2026-02-09 12:17:00,12:17:00,7.4,7.4,7.3,7.3,30095
2026-02-09 12:18:00,12:18:00,7.35,7.4,7.3,7.35,16835
2026-02-09 12:19:00,12:19:00,7.3,7.4,7.25,7.3,23335
2026-02-09 12:20:00,12:20:00,7.35,7.35,7.25,7.25,4940
2026-02-09 12:21:00,12:21:00,7.25,7.3,7.2,7.25,26910
2026-02-09 12:22:00,12:22:00,7.25,7.25,7.2,7.25,19175
2026-02-09 12:23:00,12:23:00,7.2,7.35,7.2,7.35,27690
2026-02-09 12:24:00,12:24:00,7.35,7.35,7.25,7.3,19240
2026-02-09 12:25:00,12:25:00,7.3,7.35,7.25,7.3,23790
2026-02-09 12:26:00,12:26:00,7.4,7.4,7.3,7.4,7605
2026-02-09 12:27:00,12:27:00,7.4,7.45,7.25,7.3,20735
2026-02-09 12:28:00,12:28:00,7.3,7.35,7.2,7.25,14820
2026-02-09 12:29:00,12:29:00,7.25,7.35,7.2,7.3,28990
2026-02-09 12:30:00,12:30:00,7.3,7.45,7.25,7.45,67665
2026-02-09 12:31:00,12:31:00,7.45,7.5,7.4,7.45,54730
2026-02-09 12:32:00,12:32:00,7.45,7.5,7.3,7.4,59475
2026-02-09 12:33:00,12:33:00,7.4,7.45,7.3,7.35,16640
2026-02-09 12:34:00,12:34:00,7.35,7.45,7.35,7.4,16380
2026-02-09 12:35:00,12:35:00,7.4,7.4,7.3,7.35,33670
2026-02-09 12:36:00,12:36:00,7.35,7.45,7.35,7.45,11050
2026-02-09 12:37:00,12:37:00,7.45,7.5,7.35,7.4,16640
2026-02-09 12:38:00,12:38:00,7.4,7.55,7.4,7.45,12285
2026-02-09 12:39:00,12:39:00,7.45,7.55,7.4,7.45,18915
2026-02-09 12:40:00,12:40:00,7.45,7.5,7.35,7.4,11505
2026-02-09 12:41:00,12:41:00,7.35,7.4,7.25,7.25,45110
2026-02-09 12:42:00,12:42:00,7.35,7.4,7.25,7.3,9360
2026-02-09 12:43:00,12:43:00,7.3,7.3,7.25,7.3,30485
2026-02-09 12:44:00,12:44:00,7.25,7.35,7.2,7.35,15470
2026-02-09 12:45:00,12:45:00,7.3,7.35,7.25,7.25,17485
2026-02-09 12:46:00,12:46:00,7.25,7.3,7.15,7.2,25675
2026-02-09 12:47:00,12:47:00,7.25,7.3,7.2,7.3,24375
2026-02-09 12:48:00,12:48:00,7.3,7.3,7.2,7.2,34645
2026-02-09 12:49:00,12:49:00,7.25,7.25,7.2,7.2,10660
2026-02-09 12:50:00,12:50:00,7.2,7.25,7.15,7.25,16835
2026-02-09 12:51:00,12:51:00,7.25,7.25,7.05,7.1,35360
2026-02-09 12:52:00,12:52:00,7.15,7.4,7.1,7.4,51610
2026-02-09 12:53:00,12:53:00,6.8,6.9,6.75,6.85,85605
2026-02-09 12:54:00,12:54:00,6.85,6.9,6.75,6.9,77610
2026-02-09 12:55:00,12:55:00,6.85,6.9,6.7,6.7,128505
2026-02-09 12:56:00,12:56:00,6.7,6.8,6.65,6.7,76310
2026-02-09 12:57:00,12:57:00,7.25,7.3,7.15,7.15,35880
2026-02-09 12:58:00,12:58:00,7.15,7.2,7.05,7.1,41600
2026-02-09 12:59:00,12:59:00,7.1,7.15,6.95,7.0,64415
2026-02-09 13:00:00,13:00:00,7.05,7.15,6.9,6.95,45500
2026-02-09 13:01:00,13:01:00,6.9,7.0,6.9,6.9,42185
2026-02-09 13:02:00,13:02:00,6.9,7.0,6.9,7.0,76570
2026-02-09 13:03:00,13:03:00,7.0,7.05,6.95,6.95,28860
2026-02-09 13:04:00,13:04:00,7.0,7.05,6.95,6.95,9360
2026-02-09 13:05:00,13:05:00,6.95,7.0,6.95,7.0,18460
2026-02-09 13:06:00,13:06:00,7.0,7.0,6.95,7.0,26845
2026-02-09 13:07:00,13:07:00,7.0,7.05,6.9,6.95,31135
2026-02-09 13:08:00,13:08:00,6.95,6.95,6.8,6.9,40105
2026-02-09 13:09:00,13:09:00,6.85,6.95,6.8,6.95,65780
2026-02-09 13:10:00,13:10:00,6.95,7.05,6.9,7.0,31720
2026-02-09 13:11:00,13:11:00,7.05,7.05,6.95,7.0,47645
2026-02-09 13:12:00,13:12:00,6.95,7.05,6.95,7.05,38220
2026-02-09 13:13:00,13:13:00,7.05,7.1,7.0,7.05,26715
2026-02-09 13:14:00,13:14:00,7.0,7.05,6.95,7.0,12870
2026-02-09 13:15:00,13:15:00,6.95,7.05,6.9,7.05,25090
2026-02-09 13:16:00,13:16:00,7.0,7.15,7.0,7.1,39195
2026-02-09 13:17:00,13:17:00,7.1,7.15,7.0,7.05,39000
2026-02-09 13:18:00,13:18:00,7.05,7.15,7.0,7.1,13520
2026-02-09 13:19:00,13:19:00,7.1,7.15,7.1,7.1,12935
2026-02-09 13:20:00,13:20:00,7.1,7.2,7.1,7.15,10725
2026-02-09 13:21:00,13:21:00,7.2,7.25,7.1,7.1,35880
2026-02-09 13:22:00,13:22:00,7.15,7.2,7.1,7.15,33410
2026-02-09 13:23:00,13:23:00,7.2,7.25,7.15,7.2,38090
2026-02-09 13:24:00,13:24:00,7.25,7.3,7.2,7.25,9295
2026-02-09 13:25:00,13:25:00,7.25,7.25,7.1,7.25,65910
2026-02-09 13:26:00,13:26:00,7.25,7.25,7.15,7.15,18135
2026-02-09 13:27:00,13:27:00,7.15,7.2,7.1,7.2,20930
2026-02-09 13:28:00,13:28:00,7.2,7.25,7.15,7.25,23140
2026-02-09 13:29:00,13:29:00,7.25,7.4,7.25,7.35,35945
2026-02-09 13:30:00,13:30:00,7.4,7.4,7.2,7.25,22685
2026-02-09 13:31:00,13:31:00,7.2,7.35,7.2,7.35,13975
2026-02-09 13:32:00,13:32:00,7.4,7.4,7.35,7.35,18720
2026-02-09 13:33:00,13:33:00,7.35,7.4,7.25,7.25,40170
2026-02-09 13:34:00,13:34:00,7.25,7.25,7.15,7.15,46345
2026-02-09 13:35:00,13:35:00,7.2,7.25,7.15,7.25,18460
2026-02-09 13:36:00,13:36:00,7.25,7.3,7.15,7.2,22295
2026-02-09 13:37:00,13:37:00,7.25,7.3,7.2,7.3,18850
2026-02-09 13:38:00,13:38:00,7.25,7.35,7.2,7.35,25870
2026-02-09 13:39:00,13:39:00,7.3,7.35,7.25,7.3,9230
2026-02-09 13:40:00,13:40:00,7.3,7.4,7.3,7.35,39065
2026-02-09 13:41:00,13:41:00,7.4,7.4,7.3,7.3,36465
2026-02-09 13:42:00,13:42:00,7.35,7.4,7.25,7.25,17420
2026-02-09 13:43:00,13:43:00,7.25,7.35,7.25,7.3,18980
2026-02-09 13:44:00,13:44:00,7.35,7.35,7.25,7.35,14170
2026-02-09 13:45:00,13:45:00,7.3,7.45,7.3,7.4,35620
2026-02-09 13:46:00,13:46:00,7.4,7.45,7.35,7.35,33605
2026-02-09 13:47:00,13:47:00,7.4,7.6,7.35,7.45,35100
2026-02-09 13:48:00,13:48:00,7.5,7.55,7.4,7.45,45175
2026-02-09 13:49:00,13:49:00,7.5,7.5,7.35,7.5,95940
2026-02-09 13:50:00,13:50:00,7.45,7.5,7.45,7.5,33865
2026-02-09 13:51:00,13:51:00,7.5,7.55,7.4,7.55,47645
2026-02-09 13:52:00,13:52:00,7.55,7.55,7.5,7.5,15600
2026-02-09 13:53:00,13:53:00,7.5,7.55,7.45,7.5,19890
2026-02-09 13:54:00,13:54:00,7.55,7.55,7.45,7.5,17420
2026-02-09 13:55:00,13:55:00,7.5,7.55,7.5,7.55,11570
2026-02-09 13:56:00,13:56:00,7.55,7.55,7.5,7.55,4680
2026-02-09 13:57:00,13:57:00,7.6,7.6,7.5,7.55,16380
2026-02-09 13:58:00,13:58:00,7.55,7.6,7.5,7.5,7865
2026-02-09 13:59:00,13:59:00,7.55,7.6,7.5,7.6,18850
2026-02-09 14:00:00,14:00:00,7.6,7.6,7.5,7.5,29185
2026-02-09 14:01:00,14:01:00,7.6,7.65,7.5,7.6,23920
2026-02-09 14:02:00,14:02:00,7.6,7.65,7.55,7.6,10075
2026-02-09 14:03:00,14:03:00,7.6,7.6,7.5,7.55,46150
2026-02-09 14:04:00,14:04:00,7.6,7.7,7.55,7.65,32305
2026-02-09 14:05:00,14:05:00,7.65,7.8,7.65,7.75,48230
2026-02-09 14:06:00,14:06:00,7.75,7.85,7.75,7.75,53235
2026-02-09 14:07:00,14:07:00,7.8,7.8,7.7,7.75,45045
2026-02-09 14:08:00,14:08:00,7.7,7.85,7.7,7.85,45500
2026-02-09 14:09:00,14:09:00,7.9,7.9,7.8,7.85,18980
2026-02-09 14:10:00,14:10:00,7.85,7.9,7.85,7.85,23660
2026-02-09 14:11:00,14:11:00,7.85,7.9,7.8,7.85,7800
2026-02-09 14:12:00,14:12:00,7.85,8.05,7.85,8.0,52195
2026-02-09 14:13:00,14:13:00,8.0,8.1,8.0,8.0,28015
2026-02-09 14:14:00,14:14:00,8.0,8.05,7.9,7.95,39000
2026-02-09 14:15:00,14:15:00,7.9,7.95,7.8,7.8,24700
2026-02-09 14:16:00,14:16:00,7.85,7.9,7.75,7.9,39130
2026-02-09 14:17:00,14:17:00,7.9,7.95,7.8,7.85,14755
2026-02-09 14:18:00,14:18:00,7.85,7.9,7.8,7.8,27105
2026-02-09 14:19:00,14:19:00,7.85,7.9,7.8,7.9,36205
2026-02-09 14:20:00,14:20:00,7.85,7.95,7.85,7.9,39650
2026-02-09 14:21:00,14:21:00,7.9,7.9,7.8,7.9,37830
2026-02-09 14:22:00,14:22:00,7.9,7.9,7.8,7.8,68055
2026-02-09 14:23:00,14:23:00,7.85,7.85,7.6,7.65,71305
2026-02-09 14:24:00,14:24:00,7.65,7.7,7.65,7.65,68055
2026-02-09 14:25:00,14:25:00,7.65,7.7,7.65,7.65,10335
2026-02-09 14:26:00,14:26:00,7.7,7.75,7.6,7.6,66495
2026-02-09 14:27:00,14:27:00,7.65,7.7,7.55,7.6,39715
2026-02-09 14:28:00,14:28:00,7.55,7.65,7.55,7.65,52975
2026-02-09 14:29:00,14:29:00,7.65,7.65,7.45,7.45,51870
2026-02-09 14:30:00,14:30:00,7.45,7.6,7.4,7.6,61490
2026-02-09 14:31:00,14:31:00,7.6,7.65,7.5,7.5,39780
2026-02-09 14:32:00,14:32:00,7.55,7.6,7.5,7.5,66560
2026-02-09 14:33:00,14:33:00,7.45,7.5,7.3,7.4,68575
2026-02-09 14:34:00,14:34:00,7.35,7.5,7.35,7.45,44590
2026-02-09 14:35:00,14:35:00,7.45,7.7,7.45,7.7,49725
2026-02-09 14:36:00,14:36:00,7.7,7.75,7.65,7.75,44330
2026-02-09 14:37:00,14:37:00,7.65,7.75,7.6,7.65,50245
2026-02-09 14:38:00,14:38:00,7.65,7.7,7.6,7.65,66365
2026-02-09 14:39:00,14:39:00,7.65,7.7,7.6,7.7,47190
2026-02-09 14:40:00,14:40:00,7.65,7.75,7.65,7.7,47125
2026-02-09 14:41:00,14:41:00,7.7,7.8,7.7,7.7,65455
2026-02-09 14:42:00,14:42:00,7.7,7.75,7.6,7.7,84695
2026-02-09 14:43:00,14:43:00,7.75,7.75,7.65,7.7,42445
2026-02-09 14:44:00,14:44:00,7.7,7.95,7.7,7.95,55575
2026-02-09 14:45:00,14:45:00,7.95,8.0,7.85,7.95,35425
2026-02-09 14:46:00,14:46:00,7.95,7.95,7.85,7.95,59995
2026-02-09 14:47:00,14:47:00,7.9,7.95,7.85,7.9,56160
2026-02-09 14:48:00,14:48:00,7.9,7.9,7.8,7.8,75725
2026-02-09 14:49:00,14:49:00,7.85,8.05,7.8,8.0,95225
2026-02-09 14:50:00,14:50:00,8.0,8.05,7.7,7.7,76310
2026-02-09 14:51:00,14:51:00,7.7,7.8,7.7,7.8,39780
2026-02-09 14:52:00,14:52:00,7.8,7.85,7.75,7.8,41145
2026-02-09 14:53:00,14:53:00,7.85,8.05,7.8,7.9,116155
2026-02-09 14:54:00,14:54:00,7.95,8.0,7.75,7.8,196235
2026-02-09 14:55:00,14:55:00,7.85,7.9,7.75,7.85,90480
2026-02-09 14:56:00,14:56:00,7.9,8.0,7.85,7.85,86255
2026-02-09 14:57:00,14:57:00,7.85,8.0,7.85,7.95,59735
2026-02-09 14:58:00,14:58:00,7.95,8.05,7.9,8.0,67990
2026-02-09 14:59:00,14:59:00,8.0,8.15,7.95,7.95,129805
2026-02-09 15:00:00,15:00:00,8.0,8.2,7.95,8.15,115050
2026-02-09 15:01:00,15:01:00,8.15,8.35,8.15,8.35,139165
2026-02-09 15:02:00,15:02:00,8.35,8.9,8.35,8.9,720135
2026-02-09 15:03:00,15:03:00,8.85,8.9,8.55,8.6,147615
2026-02-09 15:04:00,15:04:00,8.6,8.85,8.6,8.75,180505
2026-02-09 15:05:00,15:05:00,8.8,9.05,8.75,8.9,232635
2026-02-09 15:06:00,15:06:00,8.9,9.05,8.9,8.9,342225
2026-02-09 15:07:00,15:07:00,8.9,9.6,8.9,9.55,174655
2026-02-09 15:08:00,15:08:00,9.6,9.9,9.45,9.65,194870
2026-02-09 15:09:00,15:09:00,9.65,10.15,9.5,10.15,168740
2026-02-09 15:10:00,15:10:00,10.15,10.55,10.0,10.15,270335
2026-02-09 15:11:00,15:11:00,10.15,10.15,9.7,9.95,255905
2026-02-09 15:12:00,15:12:00,9.95,10.0,9.35,9.35,250835
2026-02-09 15:13:00,15:13:00,9.45,9.6,9.35,9.5,215345
2026-02-09 15:14:00,15:14:00,9.45,9.9,9.45,9.8,283855
2026-02-09 15:15:00,15:15:00,10.05,10.15,9.8,10.1,313170
2026-02-09 15:16:00,15:16:00,10.1,10.2,9.9,10.1,247455
2026-02-09 15:17:00,15:17:00,10.15,10.2,9.9,10.0,267215
2026-02-09 15:18:00,15:18:00,10.0,10.05,9.55,9.9,244595
2026-02-09 15:19:00,15:19:00,9.9,10.15,9.75,10.15,190450
2026-02-09 15:20:00,15:20:00,10.1,10.15,9.95,10.0,219635
2026-02-09 15:21:00,15:21:00,10.0,10.2,9.95,10.0,189800
2026-02-09 15:22:00,15:22:00,9.95,10.3,9.9,10.3,230750
2026-02-09 15:23:00,15:23:00,10.4,10.65,10.3,10.35,479050
2026-02-09 15:24:00,15:24:00,10.4,10.9,10.35,10.8,281580
2026-02-09 15:25:00,15:25:00,10.85,11.35,10.4,10.5,508625
2026-02-09 15:26:00,15:26:00,10.8,11.15,10.5,11.1,424645
2026-02-09 15:27:00,15:27:00,11.05,11.5,10.45,11.15,561405
2026-02-09 15:28:00,15:28:00,11.2,11.3,11.1,11.2,221715
2026-02-09 15:29:00,15:29:00,11.2,11.35,10.7,10.7,329030
2026-02-10 09:15:00,09:15:00,5.0,5.0,2.55,2.6,4294875
2026-02-10 09:16:00,09:16:00,2.8,2.8,2.5,2.6,1923610
2026-02-10 09:17:00,09:17:00,2.4,2.45,2.3,2.35,1823835
2026-02-10 09:18:00,09:18:00,2.6,2.65,2.55,2.6,1008215
2026-02-10 09:19:00,09:19:00,2.4,2.4,2.35,2.35,1264250
2026-02-10 09:20:00,09:20:00,2.4,2.65,2.35,2.55,2487485
2026-02-10 09:21:00,09:21:00,2.55,2.55,2.5,2.5,1167855
2026-02-10 09:22:00,09:22:00,2.5,2.55,2.45,2.5,1216930
2026-02-10 09:23:00,09:23:00,2.5,2.55,2.4,2.5,1258400
2026-02-10 09:24:00,09:24:00,2.5,2.55,2.45,2.55,881335
2026-02-10 09:25:00,09:25:00,2.55,2.65,2.5,2.65,1150500
2026-02-10 09:26:00,09:26:00,2.6,2.65,2.5,2.6,1167400
2026-02-10 09:27:00,09:27:00,2.6,2.6,2.4,2.4,655655
2026-02-10 09:28:00,09:28:00,2.4,2.45,2.35,2.45,851370
2026-02-10 09:29:00,09:29:00,2.45,2.45,2.3,2.3,582725
2026-02-10 09:30:00,09:30:00,2.3,2.4,2.25,2.3,838240
2026-02-10 09:31:00,09:31:00,2.3,2.35,2.25,2.25,963170
2026-02-10 09:32:00,09:32:00,2.25,2.3,2.2,2.3,739050
2026-02-10 09:33:00,09:33:00,2.45,2.6,2.45,2.6,787930
2026-02-10 09:34:00,09:34:00,2.55,2.8,2.55,2.75,786370
2026-02-10 09:35:00,09:35:00,2.75,2.85,2.65,2.75,662350
2026-02-10 09:36:00,09:36:00,2.8,2.9,2.75,2.85,819065
2026-02-10 09:37:00,09:37:00,2.9,3.0,2.85,2.9,776555
2026-02-10 09:38:00,09:38:00,2.9,2.95,2.8,2.95,744380
2026-02-10 09:39:00,09:39:00,2.9,2.95,2.75,2.8,334035
2026-02-10 09:40:00,09:40:00,2.75,2.9,2.75,2.85,497835
2026-02-10 09:41:00,09:41:00,2.85,2.9,2.8,2.9,407615
2026-02-10 09:42:00,09:42:00,2.9,2.95,2.85,2.85,339365
2026-02-10 09:43:00,09:43:00,2.85,2.85,2.75,2.8,269360
2026-02-10 09:44:00,09:44:00,2.75,2.85,2.75,2.85,218595
2026-02-10 09:45:00,09:45:00,2.8,2.9,2.75,2.75,444730
2026-02-10 09:46:00,09:46:00,2.8,2.9,2.75,2.85,251290
2026-02-10 09:47:00,09:47:00,2.9,2.95,2.85,2.95,306865
2026-02-10 09:48:00,09:48:00,2.9,3.0,2.9,2.95,232570
2026-02-10 09:49:00,09:49:00,2.95,3.0,2.9,2.9,445380
2026-02-10 09:50:00,09:50:00,2.9,2.95,2.85,2.85,332995
2026-02-10 09:51:00,09:51:00,2.85,2.9,2.85,2.85,259090
2026-02-10 09:52:00,09:52:00,2.9,2.95,2.85,2.85,313105
2026-02-10 09:53:00,09:53:00,2.9,2.95,2.85,2.9,210860
2026-02-10 09:54:00,09:54:00,2.85,2.95,2.85,2.9,176865
2026-02-10 09:55:00,09:55:00,2.9,2.95,2.85,2.85,382590
2026-02-10 09:56:00,09:56:00,2.9,2.9,2.75,2.75,171925
2026-02-10 09:57:00,09:57:00,2.75,2.8,2.7,2.7,101335
2026-02-10 09:58:00,09:58:00,2.75,2.75,2.7,2.75,78715
2026-02-10 09:59:00,09:59:00,2.7,2.75,2.6,2.6,142090
2026-02-10 10:00:00,10:00:00,2.6,2.7,2.6,2.7,226850
2026-02-10 10:01:00,10:01:00,2.65,2.7,2.65,2.7,114855
2026-02-10 10:02:00,10:02:00,2.7,2.75,2.65,2.75,231400
2026-02-10 10:03:00,10:03:00,2.7,2.75,2.7,2.7,195325
2026-02-10 10:04:00,10:04:00,2.75,2.8,2.7,2.75,166855
2026-02-10 10:05:00,10:05:00,2.8,2.9,2.75,2.85,266240
2026-02-10 10:06:00,10:06:00,2.8,2.9,2.8,2.85,184535
2026-02-10 10:07:00,10:07:00,2.9,2.9,2.8,2.9,198770
2026-02-10 10:08:00,10:08:00,2.9,2.9,2.8,2.85,197405
2026-02-10 10:09:00,10:09:00,2.8,2.9,2.8,2.85,113360
2026-02-10 10:10:00,10:10:00,2.85,2.9,2.8,2.85,144495
2026-02-10 10:11:00,10:11:00,2.85,2.85,2.75,2.8,142740
2026-02-10 10:12:00,10:12:00,2.75,2.85,2.75,2.85,149955
2026-02-10 10:13:00,10:13:00,2.85,2.9,2.8,2.9,235430
2026-02-10 10:14:00,10:14:00,2.8,2.9,2.8,2.85,119275
2026-02-10 10:15:00,10:15:00,2.85,2.9,2.85,2.85,42315
2026-02-10 10:16:00,10:16:00,2.9,3.0,2.85,2.95,212940
2026-02-10 10:17:00,10:17:00,3.0,3.0,2.95,3.0,257985
2026-02-10 10:18:00,10:18:00,3.0,3.05,2.95,2.95,414505
2026-02-10 10:19:00,10:19:00,3.0,3.15,2.95,3.1,387595
2026-02-10 10:20:00,10:20:00,3.15,3.2,3.1,3.15,292240
2026-02-10 10:21:00,10:21:00,3.15,3.2,3.0,3.05,143520
2026-02-10 10:22:00,10:22:00,3.0,3.1,3.0,3.05,188045
2026-02-10 10:23:00,10:23:00,3.1,3.1,2.95,3.0,227175
2026-02-10 10:24:00,10:24:00,3.0,3.05,3.0,3.0,140400
2026-02-10 10:25:00,10:25:00,3.0,3.1,3.0,3.05,164580
2026-02-10 10:26:00,10:26:00,3.05,3.1,2.95,3.05,195845
2026-02-10 10:27:00,10:27:00,3.05,3.05,3.0,3.05,86580
2026-02-10 10:28:00,10:28:00,3.05,3.05,2.9,2.95,211510
2026-02-10 10:29:00,10:29:00,2.95,3.05,2.95,3.0,139360
2026-02-10 10:30:00,10:30:00,2.95,3.05,2.95,3.05,225615
2026-02-10 10:31:00,10:31:00,3.0,3.1,3.0,3.05,195585
2026-02-10 10:32:00,10:32:00,3.05,3.15,3.0,3.1,203385
2026-02-10 10:33:00,10:33:00,3.3,3.3,3.2,3.25,221195
2026-02-10 10:34:00,10:34:00,3.2,3.3,3.2,3.3,455000
2026-02-10 10:35:00,10:35:00,3.15,3.2,3.1,3.15,343070
2026-02-10 10:36:00,10:36:00,3.15,3.25,3.1,3.15,413010
2026-02-10 10:37:00,10:37:00,3.3,3.35,3.2,3.3,234390
2026-02-10 10:38:00,10:38:00,3.15,3.15,2.95,3.0,260455
2026-02-10 10:39:00,10:39:00,2.95,3.0,2.9,2.9,253955
2026-02-10 10:40:00,10:40:00,2.95,2.95,2.75,2.75,185445
2026-02-10 10:41:00,10:41:00,2.75,2.75,2.6,2.6,221000
2026-02-10 10:42:00,10:42:00,2.65,2.65,2.45,2.5,264485
2026-02-10 10:43:00,10:43:00,2.55,2.55,2.3,2.35,256490
2026-02-10 10:44:00,10:44:00,2.35,2.35,2.1,2.1,368355
2026-02-10 10:45:00,10:45:00,2.1,2.15,2.0,2.0,228150
2026-02-10 10:46:00,10:46:00,2.05,2.2,2.0,2.2,470665
2026-02-10 10:47:00,10:47:00,2.15,2.2,2.1,2.15,233025
2026-02-10 10:48:00,10:48:00,2.15,2.25,2.15,2.25,114790
2026-02-10 10:49:00,10:49:00,2.2,2.25,2.1,2.15,374465
2026-02-10 10:50:00,10:50:00,2.15,2.3,2.15,2.3,206440
2026-02-10 10:51:00,10:51:00,2.3,2.35,2.25,2.3,218920
2026-02-10 10:52:00,10:52:00,2.3,2.35,2.25,2.3,136435
2026-02-10 10:53:00,10:53:00,2.25,2.3,2.15,2.2,80405
2026-02-10 10:54:00,10:54:00,2.15,2.3,2.15,2.25,207610
2026-02-10 10:55:00,10:55:00,2.25,2.35,2.25,2.3,120055
2026-02-10 10:56:00,10:56:00,2.35,2.35,2.25,2.35,135655
2026-02-10 10:57:00,10:57:00,2.35,2.35,2.3,2.35,38740
2026-02-10 10:58:00,10:58:00,2.35,2.35,2.3,2.3,198835
2026-02-10 10:59:00,10:59:00,2.35,2.4,2.3,2.35,159510
2026-02-10 11:00:00,11:00:00,2.35,2.4,2.35,2.35,125125
2026-02-10 11:01:00,11:01:00,2.35,2.4,2.3,2.35,76115
2026-02-10 11:02:00,11:02:00,2.35,2.4,2.3,2.35,146835
2026-02-10 11:03:00,11:03:00,2.4,2.4,2.35,2.35,54080
2026-02-10 11:04:00,11:04:00,2.35,2.35,2.3,2.35,122980
2026-02-10 11:05:00,11:05:00,2.35,2.35,2.3,2.35,125450
2026-02-10 11:06:00,11:06:00,2.3,2.35,2.25,2.35,121810
2026-02-10 11:07:00,11:07:00,2.35,2.4,2.3,2.35,168025
2026-02-10 11:08:00,11:08:00,2.3,2.4,2.3,2.35,75140
2026-02-10 11:09:00,11:09:00,2.4,2.4,2.35,2.4,148330
2026-02-10 11:10:00,11:10:00,2.35,2.45,2.35,2.4,99190
2026-02-10 11:11:00,11:11:00,2.45,2.45,2.4,2.4,85345
2026-02-10 11:12:00,11:12:00,2.4,2.45,2.3,2.35,603655
2026-02-10 11:13:00,11:13:00,2.35,2.5,2.35,2.4,447980
2026-02-10 11:14:00,11:14:00,2.4,2.55,2.4,2.5,382135
2026-02-10 11:15:00,11:15:00,2.5,2.55,2.45,2.55,257270
2026-02-10 11:16:00,11:16:00,2.55,2.55,2.45,2.55,171275
2026-02-10 11:17:00,11:17:00,2.5,2.55,2.45,2.45,196040
2026-02-10 11:18:00,11:18:00,2.45,2.55,2.45,2.45,229450
2026-02-10 11:19:00,11:19:00,2.5,2.5,2.45,2.5,88335
2026-02-10 11:20:00,11:20:00,2.45,2.5,2.4,2.4,99775
2026-02-10 11:21:00,11:21:00,2.4,2.45,2.4,2.4,110305
2026-02-10 11:22:00,11:22:00,2.45,2.45,2.35,2.35,149760
2026-02-10 11:23:00,11:23:00,2.4,2.4,2.3,2.35,179855
2026-02-10 11:24:00,11:24:00,2.35,2.4,2.35,2.35,96720
2026-02-10 11:25:00,11:25:00,2.35,2.4,2.3,2.3,149630
2026-02-10 11:26:00,11:26:00,2.3,2.3,2.25,2.25,212030
2026-02-10 11:27:00,11:27:00,2.3,2.3,2.25,2.3,108940
2026-02-10 11:28:00,11:28:00,2.3,2.3,2.25,2.25,61425
2026-02-10 11:29:00,11:29:00,2.3,2.35,2.25,2.25,171535
2026-02-10 11:30:00,11:30:00,2.3,2.3,2.25,2.25,137930
2026-02-10 11:31:00,11:31:00,2.25,2.35,2.25,2.3,118170
2026-02-10 11:32:00,11:32:00,2.3,2.35,2.25,2.3,119275
2026-02-10 11:33:00,11:33:00,2.3,2.3,2.25,2.3,166530
2026-02-10 11:34:00,11:34:00,2.25,2.3,2.2,2.2,127855
2026-02-10 11:35:00,11:35:00,2.2,2.25,2.2,2.25,94705
2026-02-10 11:36:00,11:36:00,2.25,2.25,2.15,2.15,105495
2026-02-10 11:37:00,11:37:00,2.15,2.2,2.15,2.2,163605
2026-02-10 11:38:00,11:38:00,2.15,2.2,2.15,2.15,109460
2026-02-10 11:39:00,11:39:00,2.15,2.25,2.15,2.2,102050
2026-02-10 11:40:00,11:40:00,2.2,2.3,2.2,2.25,103155
2026-02-10 11:41:00,11:41:00,2.3,2.35,2.25,2.35,57395
2026-02-10 11:42:00,11:42:00,2.3,2.35,2.3,2.3,29705
2026-02-10 11:43:00,11:43:00,2.3,2.3,2.25,2.3,90740
2026-02-10 11:44:00,11:44:00,2.25,2.35,2.25,2.3,47450
2026-02-10 11:45:00,11:45:00,2.35,2.35,2.3,2.3,76635
2026-02-10 11:46:00,11:46:00,2.35,2.35,2.25,2.25,79560
2026-02-10 11:47:00,11:47:00,2.25,2.3,2.25,2.3,172445
2026-02-10 11:48:00,11:48:00,2.3,2.35,2.25,2.25,49660
2026-02-10 11:49:00,11:49:00,2.25,2.3,2.25,2.25,41080
2026-02-10 11:50:00,11:50:00,2.25,2.3,2.25,2.25,73580
2026-02-10 11:51:00,11:51:00,2.25,2.3,2.2,2.2,134355
2026-02-10 11:52:00,11:52:00,2.2,2.25,2.2,2.2,41275
2026-02-10 11:53:00,11:53:00,2.2,2.2,2.1,2.15,137280
2026-02-10 11:54:00,11:54:00,2.15,2.15,2.0,2.05,268385
2026-02-10 11:55:00,11:55:00,2.0,2.05,2.0,2.05,94900
2026-02-10 11:56:00,11:56:00,2.0,2.1,2.0,2.05,444015
2026-02-10 11:57:00,11:57:00,2.05,2.1,2.0,2.1,204100
2026-02-10 11:58:00,11:58:00,2.05,2.1,2.05,2.1,75985
2026-02-10 11:59:00,11:59:00,2.1,2.1,1.95,2.05,446420
2026-02-10 12:00:00,12:00:00,2.05,2.1,2.0,2.0,295425
2026-02-10 12:01:00,12:01:00,2.0,2.05,1.8,1.85,645840
2026-02-10 12:02:00,12:02:00,1.9,1.9,1.8,1.85,218335
2026-02-10 12:03:00,12:03:00,1.9,1.9,1.8,1.85,295165
2026-02-10 12:04:00,12:04:00,1.85,1.85,1.75,1.75,220610
2026-02-10 12:05:00,12:05:00,1.8,1.9,1.75,1.9,314990
2026-02-10 12:06:00,12:06:00,1.9,1.9,1.85,1.85,77935
2026-02-10 12:07:00,12:07:00,1.9,1.9,1.8,1.85,67990
2026-02-10 12:08:00,12:08:00,1.85,1.85,1.6,1.6,405405
2026-02-10 12:09:00,12:09:00,1.65,1.65,1.55,1.55,209170
2026-02-10 12:10:00,12:10:00,1.55,1.65,1.55,1.65,158795
2026-02-10 12:11:00,12:11:00,1.65,1.65,1.55,1.6,178490
2026-02-10 12:12:00,12:12:00,1.6,1.65,1.55,1.6,180505
2026-02-10 12:13:00,12:13:00,1.65,1.65,1.5,1.5,253565
2026-02-10 12:14:00,12:14:00,1.5,1.5,1.4,1.45,163345
2026-02-10 12:15:00,12:15:00,1.4,1.45,1.35,1.4,247910
2026-02-10 12:16:00,12:16:00,1.4,1.45,1.4,1.45,132145
2026-02-10 12:17:00,12:17:00,1.45,1.45,1.4,1.4,148980
2026-02-10 12:18:00,12:18:00,1.4,1.45,1.4,1.4,190125
2026-02-10 12:19:00,12:19:00,1.45,1.5,1.4,1.45,479050
2026-02-10 12:20:00,12:20:00,1.45,1.45,1.35,1.35,406510
2026-02-10 12:21:00,12:21:00,1.4,1.45,1.35,1.4,248755
2026-02-10 12:22:00,12:22:00,1.35,1.4,1.35,1.35,140790
2026-02-10 12:23:00,12:23:00,1.35,1.45,1.35,1.35,165165
2026-02-10 12:24:00,12:24:00,1.35,1.4,1.35,1.35,55120
2026-02-10 12:25:00,12:25:00,1.35,1.4,1.3,1.35,90285
2026-02-10 12:26:00,12:26:00,1.3,1.35,1.3,1.3,39390
2026-02-10 12:27:00,12:27:00,1.35,1.35,1.3,1.3,58175
2026-02-10 12:28:00,12:28:00,1.35,1.35,1.3,1.35,160355
2026-02-10 12:29:00,12:29:00,1.35,1.35,1.3,1.35,163995
2026-02-10 12:30:00,12:30:00,1.35,1.35,1.3,1.3,124670
2026-02-10 12:31:00,12:31:00,1.3,1.4,1.3,1.3,179660
2026-02-10 12:32:00,12:32:00,1.35,1.35,1.25,1.3,254150
2026-02-10 12:33:00,12:33:00,1.3,1.35,1.2,1.25,207480
2026-02-10 12:34:00,12:34:00,1.25,1.25,1.15,1.2,117910
2026-02-10 12:35:00,12:35:00,1.15,1.2,1.15,1.15,80665
2026-02-10 12:36:00,12:36:00,1.2,1.2,1.15,1.2,59995
2026-02-10 12:37:00,12:37:00,1.15,1.2,1.05,1.1,158405
2026-02-10 12:38:00,12:38:00,1.1,1.15,1.05,1.05,213655
2026-02-10 12:39:00,12:39:00,1.1,1.15,1.05,1.1,316290
2026-02-10 12:40:00,12:40:00,1.05,1.1,1.05,1.1,87035
2026-02-10 12:41:00,12:41:00,1.05,1.1,1.05,1.05,34320
2026-02-10 12:42:00,12:42:00,1.1,1.1,1.05,1.1,216255
2026-02-10 12:43:00,12:43:00,1.1,1.1,1.05,1.1,70070
2026-02-10 12:44:00,12:44:00,1.1,1.15,1.05,1.1,120835
2026-02-10 12:45:00,12:45:00,1.1,1.2,1.1,1.15,230685
2026-02-10 12:46:00,12:46:00,1.2,1.2,1.1,1.15,270855
2026-02-10 12:47:00,12:47:00,1.1,1.15,1.05,1.1,269555
2026-02-10 12:48:00,12:48:00,1.15,1.15,1.05,1.1,403520
2026-02-10 12:49:00,12:49:00,1.1,1.15,1.05,1.1,446940
2026-02-10 12:50:00,12:50:00,1.15,1.3,1.1,1.25,849290
2026-02-10 12:51:00,12:51:00,1.3,1.35,1.25,1.25,422500
2026-02-10 12:52:00,12:52:00,1.3,1.4,1.25,1.4,455520
2026-02-10 12:53:00,12:53:00,1.35,1.5,1.3,1.45,874640
2026-02-10 12:54:00,12:54:00,1.5,1.6,1.45,1.6,540345
2026-02-10 12:55:00,12:55:00,1.6,1.6,1.5,1.55,938080
2026-02-10 12:56:00,12:56:00,1.55,1.55,1.45,1.55,274430
2026-02-10 12:57:00,12:57:00,1.55,1.6,1.45,1.55,541840
2026-02-10 12:58:00,12:58:00,1.5,1.55,1.3,1.35,959920
2026-02-10 12:59:00,12:59:00,1.3,1.4,1.3,1.35,230880
2026-02-10 13:00:00,13:00:00,1.35,1.45,1.35,1.35,271375
2026-02-10 13:01:00,13:01:00,1.4,1.45,1.35,1.35,422500
2026-02-10 13:02:00,13:02:00,1.4,1.5,1.3,1.4,392990
2026-02-10 13:03:00,13:03:00,1.45,1.5,1.35,1.35,104650
2026-02-10 13:04:00,13:04:00,1.4,1.45,1.35,1.35,50960
2026-02-10 13:05:00,13:05:00,1.4,1.4,1.3,1.35,168870
2026-02-10 13:06:00,13:06:00,1.35,1.35,1.2,1.2,221910
2026-02-10 13:07:00,13:07:00,1.15,1.2,1.1,1.15,241410
2026-02-10 13:08:00,13:08:00,1.25,1.3,1.15,1.15,312715
2026-02-10 13:09:00,13:09:00,1.15,1.2,1.05,1.05,369655
2026-02-10 13:10:00,13:10:00,1.1,1.1,1.05,1.05,211380
2026-02-10 13:11:00,13:11:00,1.1,1.1,1.0,1.0,439010
2026-02-10 13:12:00,13:12:00,1.05,1.05,1.0,1.0,372255
2026-02-10 13:13:00,13:13:00,1.0,1.1,1.0,1.05,195065
2026-02-10 13:14:00,13:14:00,1.05,1.15,1.0,1.05,263250
2026-02-10 13:15:00,13:15:00,1.0,1.1,1.0,1.0,162110
2026-02-10 13:16:00,13:16:00,1.05,1.05,0.9,0.9,493220
2026-02-10 13:17:00,13:17:00,0.95,0.95,0.9,0.95,275925
2026-02-10 13:18:00,13:18:00,0.9,0.95,0.8,0.8,607685
2026-02-10 13:19:00,13:19:00,0.8,0.85,0.75,0.75,674570
2026-02-10 13:20:00,13:20:00,0.8,0.8,0.7,0.7,349635
2026-02-10 13:21:00,13:21:00,0.75,0.75,0.65,0.65,422305
2026-02-10 13:22:00,13:22:00,0.65,0.7,0.6,0.65,1291420
2026-02-10 13:23:00,13:23:00,0.6,0.65,0.6,0.6,1075685
2026-02-10 13:24:00,13:24:00,0.65,0.65,0.55,0.65,749385
2026-02-10 13:25:00,13:25:00,0.65,0.75,0.6,0.7,678535
2026-02-10 13:26:00,13:26:00,0.7,0.75,0.5,0.55,768235
2026-02-10 13:27:00,13:27:00,0.55,0.6,0.5,0.5,675935
2026-02-10 13:28:00,13:28:00,0.55,0.65,0.5,0.65,165815
2026-02-10 13:29:00,13:29:00,0.65,0.7,0.55,0.6,422565
2026-02-10 13:30:00,13:30:00,0.55,0.6,0.45,0.45,789815
2026-02-10 13:31:00,13:31:00,0.45,0.5,0.45,0.5,847145
2026-02-10 13:32:00,13:32:00,0.45,0.5,0.45,0.5,553475
2026-02-10 13:33:00,13:33:00,0.5,0.55,0.5,0.5,489320
2026-02-10 13:34:00,13:34:00,0.55,0.55,0.5,0.5,551720
2026-02-10 13:35:00,13:35:00,0.55,0.55,0.45,0.5,1355185
2026-02-10 13:36:00,13:36:00,0.5,0.5,0.4,0.4,630500
2026-02-10 13:37:00,13:37:00,0.4,0.5,0.4,0.45,907920
2026-02-10 13:38:00,13:38:00,0.5,0.5,0.4,0.45,865670
2026-02-10 13:39:00,13:39:00,0.45,0.45,0.4,0.45,395265
2026-02-10 13:40:00,13:40:00,0.6,0.6,0.55,0.6,156520
2026-02-10 13:41:00,13:41:00,0.6,0.6,0.55,0.6,62660
2026-02-10 13:42:00,13:42:00,0.45,0.5,0.45,0.5,99580
2026-02-10 13:43:00,13:43:00,0.5,0.5,0.45,0.45,263055
2026-02-10 13:44:00,13:44:00,0.55,0.65,0.55,0.6,167245
2026-02-10 13:45:00,13:45:00,0.65,0.7,0.6,0.7,256360
2026-02-10 13:46:00,13:46:00,0.7,0.75,0.65,0.75,403000
2026-02-10 13:47:00,13:47:00,0.65,0.65,0.45,0.45,455390
2026-02-10 13:48:00,13:48:00,0.45,0.5,0.45,0.5,616200
2026-02-10 13:49:00,13:49:00,0.4,0.5,0.4,0.45,610480
2026-02-10 13:50:00,13:50:00,0.45,0.5,0.45,0.5,84305
2026-02-10 13:51:00,13:51:00,0.55,0.6,0.55,0.6,63765
2026-02-10 13:52:00,13:52:00,0.55,0.65,0.55,0.65,77610
2026-02-10 13:53:00,13:53:00,0.6,0.65,0.55,0.6,149435
2026-02-10 13:54:00,13:54:00,0.6,0.6,0.5,0.6,179010
2026-02-10 13:55:00,13:55:00,0.55,0.6,0.5,0.55,43680
2026-02-10 13:56:00,13:56:00,0.4,0.5,0.4,0.5,590200
2026-02-10 13:57:00,13:57:00,0.5,0.5,0.45,0.5,255255
2026-02-10 13:58:00,13:58:00,0.5,0.5,0.45,0.5,112255
2026-02-10 13:59:00,13:59:00,0.5,0.5,0.45,0.45,436280
2026-02-10 14:00:00,14:00:00,0.5,0.5,0.45,0.5,573885
2026-02-10 14:01:00,14:01:00,0.45,0.55,0.45,0.5,302575
2026-02-10 14:02:00,14:02:00,0.5,0.6,0.45,0.45,355940
2026-02-10 14:03:00,14:03:00,0.45,0.5,0.4,0.45,483340
2026-02-10 14:04:00,14:04:00,0.4,0.45,0.4,0.4,286780
2026-02-10 14:05:00,14:05:00,0.45,0.45,0.4,0.45,168025
2026-02-10 14:06:00,14:06:00,0.45,0.45,0.35,0.4,453310
2026-02-10 14:07:00,14:07:00,0.4,0.45,0.35,0.45,523185
2026-02-10 14:08:00,14:08:00,0.45,0.5,0.4,0.4,278980
2026-02-10 14:09:00,14:09:00,0.4,0.45,0.4,0.4,395915
2026-02-10 14:10:00,14:10:00,0.45,0.45,0.4,0.45,129480
2026-02-10 14:11:00,14:11:00,0.45,0.5,0.4,0.45,186615
2026-02-10 14:12:00,14:12:00,0.45,0.45,0.4,0.45,66755
2026-02-10 14:13:00,14:13:00,0.4,0.45,0.4,0.45,80600
2026-02-10 14:14:00,14:14:00,0.45,0.45,0.4,0.4,84825
2026-02-10 14:15:00,14:15:00,0.45,0.45,0.4,0.4,59085
2026-02-10 14:16:00,14:16:00,0.45,0.5,0.4,0.4,76180
2026-02-10 14:17:00,14:17:00,0.45,0.5,0.4,0.5,301080
2026-02-10 14:18:00,14:18:00,0.5,0.6,0.5,0.6,236795
2026-02-10 14:19:00,14:19:00,0.6,0.6,0.55,0.6,178295
2026-02-10 14:20:00,14:20:00,0.6,0.6,0.45,0.5,202150
2026-02-10 14:21:00,14:21:00,0.55,0.55,0.5,0.5,182390
2026-02-10 14:22:00,14:22:00,0.55,0.55,0.45,0.5,152490
2026-02-10 14:23:00,14:23:00,0.5,0.55,0.45,0.45,337935
2026-02-10 14:24:00,14:24:00,0.45,0.5,0.45,0.45,124540
2026-02-10 14:25:00,14:25:00,0.55,0.6,0.5,0.6,124605
2026-02-10 14:26:00,14:26:00,0.6,0.6,0.55,0.6,363805
2026-02-10 14:27:00,14:27:00,0.6,0.6,0.55,0.55,1105585
2026-02-10 14:28:00,14:28:00,0.55,0.6,0.5,0.5,417755
2026-02-10 14:29:00,14:29:00,0.55,0.55,0.5,0.55,335660
2026-02-10 14:30:00,14:30:00,0.55,0.55,0.5,0.55,569660
2026-02-10 14:31:00,14:31:00,0.55,0.7,0.5,0.65,490100
2026-02-10 14:32:00,14:32:00,0.7,0.7,0.6,0.6,529295
2026-02-10 14:33:00,14:33:00,0.6,0.65,0.5,0.6,666445
2026-02-10 14:34:00,14:34:00,0.55,0.65,0.55,0.6,303745
2026-02-10 14:35:00,14:35:00,0.6,0.65,0.55,0.55,517010
2026-02-10 14:36:00,14:36:00,0.55,0.7,0.55,0.7,307775
2026-02-10 14:37:00,14:37:00,0.75,0.75,0.55,0.6,462475
2026-02-10 14:38:00,14:38:00,0.55,0.6,0.4,0.45,1089075
2026-02-10 14:39:00,14:39:00,0.45,0.55,0.4,0.45,911495
2026-02-10 14:40:00,14:40:00,0.45,0.5,0.4,0.45,775970
2026-02-10 14:41:00,14:41:00,0.45,0.55,0.4,0.5,491595
2026-02-10 14:42:00,14:42:00,0.5,0.65,0.5,0.6,1332435
2026-02-10 14:43:00,14:43:00,0.6,0.65,0.45,0.5,667615
2026-02-10 14:44:00,14:44:00,0.45,0.5,0.35,0.35,539630
2026-02-10 14:45:00,14:45:00,0.4,0.45,0.35,0.4,450515
2026-02-10 14:46:00,14:46:00,0.35,0.4,0.3,0.3,280540
2026-02-10 14:47:00,14:47:00,0.35,0.35,0.25,0.3,406510
2026-02-10 14:48:00,14:48:00,0.25,0.3,0.25,0.25,142545
2026-02-10 14:49:00,14:49:00,0.3,0.3,0.25,0.3,211315
2026-02-10 14:50:00,14:50:00,0.25,0.3,0.2,0.2,228865
2026-02-10 14:51:00,14:51:00,0.25,0.25,0.2,0.2,129220
2026-02-10 14:52:00,14:52:00,0.25,0.25,0.2,0.25,475540
2026-02-10 14:53:00,14:53:00,0.2,0.25,0.2,0.2,311870
2026-02-10 14:54:00,14:54:00,0.2,0.25,0.15,0.15,366340
2026-02-10 14:55:00,14:55:00,0.2,0.25,0.15,0.2,214045
2026-02-10 14:56:00,14:56:00,0.2,0.2,0.15,0.2,234455
2026-02-10 14:57:00,14:57:00,0.2,0.25,0.15,0.25,385450
2026-02-10 14:58:00,14:58:00,0.2,0.25,0.2,0.2,177580
2026-02-10 14:59:00,14:59:00,0.25,0.3,0.2,0.2,377260
2026-02-10 15:00:00,15:00:00,0.25,0.3,0.2,0.2,1014520
2026-02-10 15:01:00,15:01:00,0.25,0.25,0.2,0.25,842595
2026-02-10 15:02:00,15:02:00,0.25,0.3,0.2,0.2,927095
2026-02-10 15:03:00,15:03:00,0.2,0.25,0.15,0.15,605735
2026-02-10 15:04:00,15:04:00,0.15,0.2,0.15,0.2,332475
2026-02-10 15:05:00,15:05:00,0.15,0.2,0.15,0.2,320645
2026-02-10 15:06:00,15:06:00,0.2,0.2,0.1,0.1,440635
2026-02-10 15:07:00,15:07:00,0.1,0.15,0.1,0.1,574600
2026-02-10 15:08:00,15:08:00,0.1,0.15,0.1,0.15,79040
2026-02-10 15:09:00,15:09:00,0.1,0.15,0.1,0.15,339625
2026-02-10 15:10:00,15:10:00,0.15,0.15,0.1,0.1,341770
2026-02-10 15:11:00,15:11:00,0.1,0.15,0.1,0.1,342615
2026-02-10 15:12:00,15:12:00,0.1,0.15,0.1,0.1,124475
2026-02-10 15:13:00,15:13:00,0.1,0.15,0.05,0.1,279760
2026-02-10 15:14:00,15:14:00,0.05,0.1,0.05,0.05,97045
2026-02-10 15:15:00,15:15:00,0.05,0.1,0.05,0.05,266110
2026-02-10 15:16:00,15:16:00,0.05,0.1,0.05,0.05,109785
2026-02-10 15:17:00,15:17:00,0.05,0.1,0.05,0.05,253955
2026-02-10 15:18:00,15:18:00,0.1,0.1,0.05,0.05,252265
2026-02-10 15:19:00,15:19:00,0.05,0.1,0.05,0.05,344240
2026-02-10 15:20:00,15:20:00,0.1,0.1,0.05,0.1,749125
2026-02-10 15:21:00,15:21:00,0.1,0.1,0.05,0.05,684580
2026-02-10 15:22:00,15:22:00,0.05,0.1,0.05,0.05,293995
2026-02-10 15:23:00,15:23:00,0.05,0.1,0.05,0.05,331500
2026-02-10 15:24:00,15:24:00,0.1,0.1,0.05,0.05,219765
2026-02-10 15:25:00,15:25:00,0.05,0.1,0.05,0.05,296725
2026-02-10 15:26:00,15:26:00,0.05,0.1,0.05,0.05,111735
2026-02-10 15:27:00,15:27:00,0.05,0.05,0.05,0.05,27040
2026-02-10 15:28:00,15:28:00,0.05,0.05,0.05,0.05,171795
2026-02-10 15:29:00,15:29:00,0.05,0.05,0.05,0.05,83785
2026-02-11 09:15:00,09:15:00,24.7,24.7,16.3,17.0,808015
2026-02-11 09:16:00,09:16:00,17.3,18.5,17.0,17.3,631540
2026-02-11 09:17:00,09:17:00,17.2,17.3,16.5,16.65,384995
2026-02-11 09:18:00,09:18:00,16.55,17.2,16.55,17.15,442000
2026-02-11 09:19:00,09:19:00,17.1,17.7,17.05,17.4,191490
2026-02-11 09:20:00,09:20:00,17.4,18.3,17.3,18.0,283465
2026-02-11 09:21:00,09:21:00,17.9,18.0,17.2,17.35,210340
2026-02-11 09:22:00,09:22:00,17.3,17.7,17.2,17.7,179465
2026-02-11 09:23:00,09:23:00,17.55,17.9,17.55,17.6,135200
2026-02-11 09:24:00,09:24:00,17.4,17.95,17.35,17.7,109330
2026-02-11 09:25:00,09:25:00,17.75,18.15,17.35,17.6,209430
2026-02-11 09:26:00,09:26:00,17.5,17.6,16.85,17.1,182910
2026-02-11 09:27:00,09:27:00,16.95,17.15,16.85,17.1,188565
2026-02-11 09:28:00,09:28:00,17.2,17.45,17.05,17.15,202345
2026-02-11 09:29:00,09:29:00,17.15,17.3,17.05,17.2,95875
2026-02-11 09:30:00,09:30:00,17.2,17.7,17.0,17.5,165165
2026-02-11 09:31:00,09:31:00,15.35,15.6,15.25,15.5,29250
2026-02-11 09:32:00,09:32:00,15.5,15.85,15.4,15.6,53495
2026-02-11 09:33:00,09:33:00,15.55,15.95,15.55,15.75,44980
2026-02-11 09:34:00,09:34:00,15.75,15.95,15.6,15.9,50375
2026-02-11 09:35:00,09:35:00,15.85,16.1,15.5,16.05,45695
2026-02-11 09:36:00,09:36:00,16.05,16.95,16.05,16.6,111605
2026-02-11 09:37:00,09:37:00,16.55,17.05,16.5,17.05,64870
2026-02-11 09:38:00,09:38:00,17.1,19.15,17.05,18.25,187330
2026-02-11 09:39:00,09:39:00,18.15,19.15,18.15,19.1,114660
2026-02-11 09:40:00,09:40:00,16.8,17.15,16.15,17.15,362895
2026-02-11 09:41:00,09:41:00,19.3,19.65,18.3,18.5,162760
2026-02-11 09:42:00,09:42:00,18.55,19.15,18.25,18.8,92170
2026-02-11 09:43:00,09:43:00,18.75,19.3,18.65,18.7,66690
2026-02-11 09:44:00,09:44:00,18.7,19.1,18.25,18.9,86905
2026-02-11 09:45:00,09:45:00,18.9,19.5,18.6,18.95,108550
2026-02-11 09:46:00,09:46:00,18.95,19.15,18.15,18.65,71500
2026-02-11 09:47:00,09:47:00,18.5,19.25,18.35,18.5,52390
2026-02-11 09:48:00,09:48:00,18.6,19.0,18.15,19.0,40040
2026-02-11 09:49:00,09:49:00,18.9,19.75,18.7,19.65,58890
2026-02-11 09:50:00,09:50:00,19.65,19.9,19.1,19.2,108810
2026-02-11 09:51:00,09:51:00,19.5,19.75,18.9,18.9,58760
2026-02-11 09:52:00,09:52:00,18.8,19.25,18.45,18.55,75335
2026-02-11 09:53:00,09:53:00,18.45,18.75,17.4,17.4,98865
2026-02-11 09:54:00,09:54:00,17.4,17.85,17.25,17.65,87685
2026-02-11 09:55:00,09:55:00,17.65,17.85,17.15,17.6,62400
2026-02-11 09:56:00,09:56:00,17.6,17.8,17.0,17.55,37245
2026-02-11 09:57:00,09:57:00,17.6,17.95,17.1,17.25,33020
2026-02-11 09:58:00,09:58:00,17.3,18.15,17.25,18.15,54795
2026-02-11 09:59:00,09:59:00,17.9,18.6,17.7,18.5,43810
2026-02-11 10:00:00,10:00:00,18.6,19.6,18.5,19.4,116805
2026-02-11 10:01:00,10:01:00,17.0,17.35,16.7,17.15,55250
2026-02-11 10:02:00,10:02:00,17.25,17.7,16.85,17.05,96590
2026-02-11 10:03:00,10:03:00,16.9,17.05,16.5,16.9,149305
2026-02-11 10:04:00,10:04:00,16.9,17.2,16.55,17.2,63570
2026-02-11 10:05:00,10:05:00,17.25,17.4,16.7,17.05,174980
2026-02-11 10:06:00,10:06:00,17.0,17.25,16.65,17.05,260000
2026-02-11 10:07:00,10:07:00,17.05,17.15,16.8,16.8,35230
2026-02-11 10:08:00,10:08:00,16.75,16.85,16.35,16.8,36725
2026-02-11 10:09:00,10:09:00,19.25,19.35,18.8,18.85,43550
2026-02-11 10:10:00,10:10:00,18.8,18.85,17.95,18.65,120380
2026-02-11 10:11:00,10:11:00,18.55,19.2,18.55,19.1,41665
2026-02-11 10:12:00,10:12:00,16.8,17.0,16.6,16.95,49335
2026-02-11 10:13:00,10:13:00,17.05,17.75,16.95,17.0,74490
2026-02-11 10:14:00,10:14:00,16.8,17.1,16.7,16.85,24180
2026-02-11 10:15:00,10:15:00,16.75,16.9,16.45,16.55,142610
2026-02-11 10:16:00,10:16:00,19.0,19.0,18.3,18.55,33345
2026-02-11 10:17:00,10:17:00,18.45,18.55,18.0,18.2,35880
2026-02-11 10:18:00,10:18:00,18.15,18.2,17.5,17.5,45240
2026-02-11 10:19:00,10:19:00,17.4,17.7,17.2,17.4,37310
2026-02-11 10:20:00,10:20:00,17.55,17.65,17.35,17.5,27170
2026-02-11 10:21:00,10:21:00,17.5,17.8,17.3,17.65,23985
2026-02-11 10:22:00,10:22:00,17.5,18.0,17.5,17.6,31135
2026-02-11 10:23:00,10:23:00,17.65,17.65,17.1,17.2,39260
2026-02-11 10:24:00,10:24:00,17.2,17.25,16.8,16.85,40885
2026-02-11 10:25:00,10:25:00,16.8,17.05,16.75,17.0,17940
2026-02-11 10:26:00,10:26:00,17.05,17.25,16.7,17.1,105755
2026-02-11 10:27:00,10:27:00,17.1,17.35,16.8,17.3,119990
2026-02-11 10:28:00,10:28:00,17.25,17.35,16.85,16.95,24375
2026-02-11 10:29:00,10:29:00,16.9,17.0,16.55,16.85,37895
2026-02-11 10:30:00,10:30:00,16.8,16.9,16.6,16.75,33345
2026-02-11 10:31:00,10:31:00,16.8,16.8,16.35,16.35,38480
2026-02-11 10:32:00,10:32:00,16.35,16.8,16.35,16.5,14105
2026-02-11 10:33:00,10:33:00,16.55,16.8,16.45,16.75,13065
2026-02-11 10:34:00,10:34:00,16.7,16.85,16.45,16.75,19955
2026-02-11 10:35:00,10:35:00,16.8,17.15,16.55,16.7,36790
2026-02-11 10:36:00,10:36:00,16.8,16.85,16.5,16.65,15145
2026-02-11 10:37:00,10:37:00,16.5,16.65,16.1,16.1,35295
2026-02-11 10:38:00,10:38:00,18.5,18.6,18.1,18.35,141245
2026-02-11 10:39:00,10:39:00,18.4,18.45,18.1,18.25,76180
2026-02-11 10:40:00,10:40:00,18.2,18.5,18.2,18.5,37310
2026-02-11 10:41:00,10:41:00,18.3,18.7,18.3,18.45,61035
2026-02-11 10:42:00,10:42:00,18.4,18.55,18.2,18.55,46085
2026-02-11 10:43:00,10:43:00,16.25,16.4,16.15,16.3,11310
2026-02-11 10:44:00,10:44:00,16.25,16.45,16.2,16.4,10010
2026-02-11 10:45:00,10:45:00,16.35,16.5,16.25,16.3,50570
2026-02-11 10:46:00,10:46:00,16.35,16.45,16.25,16.35,17355
2026-02-11 10:47:00,10:47:00,18.8,18.95,18.55,18.55,50310
2026-02-11 10:48:00,10:48:00,16.2,16.5,16.2,16.5,21450
2026-02-11 10:49:00,10:49:00,19.0,19.0,18.65,18.65,36660
2026-02-11 10:50:00,10:50:00,16.35,16.4,16.2,16.3,15340
2026-02-11 10:51:00,10:51:00,18.6,18.85,18.5,18.8,44785
2026-02-11 10:52:00,10:52:00,16.45,16.7,16.3,16.7,14235
2026-02-11 10:53:00,10:53:00,16.7,16.85,16.6,16.6,20150
2026-02-11 10:54:00,10:54:00,16.55,17.0,16.55,16.9,21840
2026-02-11 10:55:00,10:55:00,16.85,16.95,16.65,16.7,21905
2026-02-11 10:56:00,10:56:00,16.6,16.75,16.5,16.75,9555
2026-02-11 10:57:00,10:57:00,16.65,16.8,16.6,16.8,13000
2026-02-11 10:58:00,10:58:00,16.8,16.9,16.5,16.5,19240
2026-02-11 10:59:00,10:59:00,16.5,16.65,16.35,16.55,29575
2026-02-11 11:00:00,11:00:00,16.45,16.85,16.45,16.7,27625
2026-02-11 11:01:00,11:01:00,16.6,16.85,16.5,16.7,8450
2026-02-11 11:02:00,11:02:00,16.75,16.85,16.5,16.75,12090
2026-02-11 11:03:00,11:03:00,16.8,16.8,16.6,16.7,10790
2026-02-11 11:04:00,11:04:00,16.7,16.7,16.25,16.25,18590
2026-02-11 11:05:00,11:05:00,16.25,16.35,16.1,16.25,20020
2026-02-11 11:06:00,11:06:00,16.25,16.6,16.15,16.6,14950
2026-02-11 11:07:00,11:07:00,16.65,17.0,16.55,16.85,24635
2026-02-11 11:08:00,11:08:00,17.0,17.6,16.85,17.45,33410
2026-02-11 11:09:00,11:09:00,17.4,17.7,17.35,17.5,62335
2026-02-11 11:10:00,11:10:00,17.3,17.5,17.05,17.4,26065
2026-02-11 11:11:00,11:11:00,17.35,17.7,17.2,17.5,16185
2026-02-11 11:12:00,11:12:00,17.55,17.7,17.25,17.25,13000
2026-02-11 11:13:00,11:13:00,17.3,17.35,16.5,16.6,30615
2026-02-11 11:14:00,11:14:00,16.5,17.0,16.5,17.0,17030
2026-02-11 11:15:00,11:15:00,17.0,17.15,16.45,16.6,43875
2026-02-11 11:16:00,11:16:00,16.5,16.6,16.1,16.35,34060
2026-02-11 11:17:00,11:17:00,16.3,16.55,16.3,16.55,7995
2026-02-11 11:18:00,11:18:00,16.5,16.55,16.35,16.5,7605
2026-02-11 11:19:00,11:19:00,16.7,17.25,16.5,16.9,22100
2026-02-11 11:20:00,11:20:00,16.9,17.15,16.5,17.05,19175
2026-02-11 11:21:00,11:21:00,17.1,17.35,16.75,16.8,21125
2026-02-11 11:22:00,11:22:00,16.85,16.85,16.55,16.6,219245
2026-02-11 11:23:00,11:23:00,16.65,16.65,16.1,16.2,19955
2026-02-11 11:24:00,11:24:00,16.3,16.6,16.15,16.6,244790
2026-02-11 11:25:00,11:25:00,16.5,16.7,16.45,16.7,13195
2026-02-11 11:26:00,11:26:00,16.7,16.75,16.4,16.55,7930
2026-02-11 11:27:00,11:27:00,16.45,16.55,16.35,16.5,5330
2026-02-11 11:28:00,11:28:00,16.6,16.65,16.35,16.45,6565
2026-02-11 11:29:00,11:29:00,16.35,16.75,16.35,16.45,7735
2026-02-11 11:30:00,11:30:00,16.55,16.6,16.4,16.45,9750
2026-02-11 11:31:00,11:31:00,16.45,16.45,16.3,16.45,18980
2026-02-11 11:32:00,11:32:00,16.4,16.45,16.1,16.15,36660
2026-02-11 11:33:00,11:33:00,18.35,18.45,17.9,18.1,133640
2026-02-11 11:34:00,11:34:00,15.95,16.2,15.95,16.1,10465
2026-02-11 11:35:00,11:35:00,18.25,18.25,18.1,18.25,40820
2026-02-11 11:36:00,11:36:00,16.1,16.25,15.9,16.25,225225
2026-02-11 11:37:00,11:37:00,16.25,16.4,16.15,16.25,21060
2026-02-11 11:38:00,11:38:00,16.3,16.4,16.1,16.3,211185
2026-02-11 11:39:00,11:39:00,16.2,16.45,16.2,16.45,129870
2026-02-11 11:40:00,11:40:00,16.35,16.45,16.25,16.3,29055
2026-02-11 11:41:00,11:41:00,16.3,16.45,16.2,16.4,38675
2026-02-11 11:42:00,11:42:00,16.4,16.4,16.0,16.2,6175
2026-02-11 11:43:00,11:43:00,16.2,16.2,16.0,16.15,4615
2026-02-11 11:44:00,11:44:00,16.15,16.45,16.0,16.4,11635
2026-02-11 11:45:00,11:45:00,16.3,16.5,16.25,16.5,7475
2026-02-11 11:46:00,11:46:00,16.55,16.65,16.25,16.35,19370
2026-02-11 11:47:00,11:47:00,16.3,16.35,16.0,16.0,5590
2026-02-11 11:48:00,11:48:00,16.15,16.25,16.0,16.05,9100
2026-02-11 11:49:00,11:49:00,16.15,16.3,16.05,16.1,196040
2026-02-11 11:50:00,11:50:00,16.1,16.25,16.05,16.2,17160
2026-02-11 11:51:00,11:51:00,16.15,16.3,16.1,16.1,7280
2026-02-11 11:52:00,11:52:00,16.1,16.55,16.0,16.55,16055
2026-02-11 11:53:00,11:53:00,16.5,16.55,16.2,16.2,10270
2026-02-11 11:54:00,11:54:00,16.2,16.4,16.15,16.4,8190
2026-02-11 11:55:00,11:55:00,16.45,16.65,16.35,16.45,23335
2026-02-11 11:56:00,11:56:00,16.5,16.7,16.35,16.35,21385
2026-02-11 11:57:00,11:57:00,16.3,16.6,16.25,16.35,33085
2026-02-11 11:58:00,11:58:00,16.35,16.5,16.2,16.45,18330
2026-02-11 11:59:00,11:59:00,16.55,16.85,16.45,16.8,71500
2026-02-11 12:00:00,12:00:00,16.7,17.0,16.55,16.95,38090
2026-02-11 12:01:00,12:01:00,16.65,16.95,16.45,16.45,21320
2026-02-11 12:02:00,12:02:00,16.5,16.7,16.3,16.35,15535
2026-02-11 12:03:00,12:03:00,16.45,16.75,16.35,16.75,19565
2026-02-11 12:04:00,12:04:00,16.75,16.75,16.45,16.45,15795
2026-02-11 12:05:00,12:05:00,16.5,16.8,16.45,16.5,14495
2026-02-11 12:06:00,12:06:00,16.55,16.8,16.4,16.7,12675
2026-02-11 12:07:00,12:07:00,16.7,16.9,16.5,16.85,46475
2026-02-11 12:08:00,12:08:00,16.75,17.5,16.7,17.0,76700
2026-02-11 12:09:00,12:09:00,17.1,17.5,17.0,17.2,25740
2026-02-11 12:10:00,12:10:00,16.95,17.2,16.65,16.7,46280
2026-02-11 12:11:00,12:11:00,16.8,16.85,16.5,16.65,236405
2026-02-11 12:12:00,12:12:00,16.65,16.75,16.4,16.4,22295
2026-02-11 12:13:00,12:13:00,16.5,16.55,16.3,16.4,11310
2026-02-11 12:14:00,12:14:00,16.45,16.75,16.3,16.6,10725
2026-02-11 12:15:00,12:15:00,16.6,16.8,16.6,16.75,16770
2026-02-11 12:16:00,12:16:00,16.85,17.1,16.65,16.75,18265
2026-02-11 12:17:00,12:17:00,16.75,17.05,16.7,16.95,15210
2026-02-11 12:18:00,12:18:00,16.9,17.1,16.85,16.95,28080
2026-02-11 12:19:00,12:19:00,17.1,17.3,16.95,17.05,25220
2026-02-11 12:20:00,12:20:00,17.2,17.3,17.0,17.2,10400
2026-02-11 12:21:00,12:21:00,17.2,17.4,17.0,17.25,25220
2026-02-11 12:22:00,12:22:00,17.15,17.45,17.15,17.35,18980
2026-02-11 12:23:00,12:23:00,17.35,17.6,17.25,17.45,16965
2026-02-11 12:24:00,12:24:00,17.45,17.45,17.3,17.35,11115
2026-02-11 12:25:00,12:25:00,17.3,17.45,17.05,17.45,16510
2026-02-11 12:26:00,12:26:00,17.45,17.45,17.1,17.2,14170
2026-02-11 12:27:00,12:27:00,17.2,17.2,16.75,16.9,19240
2026-02-11 12:28:00,12:28:00,16.9,17.05,16.75,16.9,10140
2026-02-11 12:29:00,12:29:00,16.85,16.95,16.7,16.75,10335
2026-02-11 12:30:00,12:30:00,16.75,17.1,16.7,16.75,13065
2026-02-11 12:31:00,12:31:00,16.6,16.8,16.55,16.8,11635
2026-02-11 12:32:00,12:32:00,16.75,17.5,16.65,17.2,30225
2026-02-11 12:33:00,12:33:00,17.2,17.4,17.1,17.35,13195
2026-02-11 12:34:00,12:34:00,17.4,17.95,17.25,17.8,36465
2026-02-11 12:35:00,12:35:00,17.9,17.95,17.1,17.3,34190
2026-02-11 12:36:00,12:36:00,17.35,17.65,17.25,17.5,16835
2026-02-11 12:37:00,12:37:00,15.3,15.85,15.3,15.8,40235
2026-02-11 12:38:00,12:38:00,15.6,15.8,15.45,15.55,31980
2026-02-11 12:39:00,12:39:00,15.6,15.8,15.55,15.65,30485
2026-02-11 12:40:00,12:40:00,15.6,15.75,15.5,15.5,40105
2026-02-11 12:41:00,12:41:00,15.5,15.5,15.2,15.4,33345
2026-02-11 12:42:00,12:42:00,15.35,17.2,15.25,16.6,151970
2026-02-11 12:43:00,12:43:00,16.55,16.6,16.1,16.35,114920
2026-02-11 12:44:00,12:44:00,16.5,16.5,15.95,16.05,80405
2026-02-11 12:45:00,12:45:00,16.25,16.8,16.05,16.8,82810
2026-02-11 12:46:00,12:46:00,16.85,16.95,16.4,16.65,70005
2026-02-11 12:47:00,12:47:00,16.6,16.65,16.15,16.2,28925
2026-02-11 12:48:00,12:48:00,16.35,16.4,15.75,16.25,44785
2026-02-11 12:49:00,12:49:00,16.25,16.35,15.85,15.9,24310
2026-02-11 12:50:00,12:50:00,15.95,15.95,15.55,15.65,28015
2026-02-11 12:51:00,12:51:00,15.65,16.0,15.55,16.0,22035
2026-02-11 12:52:00,12:52:00,15.95,16.3,15.85,16.0,28340
2026-02-11 12:53:00,12:53:00,16.0,16.1,15.65,15.9,25805
2026-02-11 12:54:00,12:54:00,17.85,18.1,17.6,17.7,31525
2026-02-11 12:55:00,12:55:00,17.75,18.1,17.6,17.8,23920
2026-02-11 12:56:00,12:56:00,18.0,18.0,17.4,17.55,10595
2026-02-11 12:57:00,12:57:00,17.6,17.6,16.9,17.2,39325
2026-02-11 12:58:00,12:58:00,17.15,17.45,16.95,17.15,20605
2026-02-11 12:59:00,12:59:00,17.05,17.45,16.8,17.4,29575
2026-02-11 13:00:00,13:00:00,15.2,15.55,15.15,15.4,58045
2026-02-11 13:01:00,13:01:00,15.35,15.9,15.35,15.6,54470
2026-02-11 13:02:00,13:02:00,15.55,15.95,15.5,15.65,24570
2026-02-11 13:03:00,13:03:00,15.85,16.1,15.4,15.65,30940
2026-02-11 13:04:00,13:04:00,15.6,15.75,15.6,15.75,6500
2026-02-11 13:05:00,13:05:00,15.65,15.75,15.35,15.45,17875
2026-02-11 13:06:00,13:06:00,15.45,15.5,14.9,15.05,54470
2026-02-11 13:07:00,13:07:00,17.05,17.3,16.95,17.1,34775
2026-02-11 13:08:00,13:08:00,17.05,17.3,16.95,17.25,12155
2026-02-11 13:09:00,13:09:00,17.25,17.45,17.15,17.25,16380
2026-02-11 13:10:00,13:10:00,17.2,17.4,17.05,17.2,24180
2026-02-11 13:11:00,13:11:00,15.2,15.25,15.1,15.15,29900
2026-02-11 13:12:00,13:12:00,17.25,17.4,16.7,16.75,13130
2026-02-11 13:13:00,13:13:00,14.8,15.15,14.7,15.15,27820
2026-02-11 13:14:00,13:14:00,15.05,15.5,15.0,15.15,21970
2026-02-11 13:15:00,13:15:00,17.2,17.25,16.95,16.95,7475
2026-02-11 13:16:00,13:16:00,14.9,15.3,14.85,15.1,17680
2026-02-11 13:17:00,13:17:00,17.1,17.25,17.0,17.1,11245
2026-02-11 13:18:00,13:18:00,16.95,17.1,16.85,16.85,14235
2026-02-11 13:19:00,13:19:00,16.85,16.85,16.65,16.75,13585
2026-02-11 13:20:00,13:20:00,16.75,16.75,16.2,16.25,33540
2026-02-11 13:21:00,13:21:00,16.35,16.45,16.15,16.35,9035
2026-02-11 13:22:00,13:22:00,16.4,16.7,16.3,16.6,8905
2026-02-11 13:23:00,13:23:00,16.55,17.1,16.35,17.1,11570
2026-02-11 13:24:00,13:24:00,17.2,17.4,16.5,16.5,23140
2026-02-11 13:25:00,13:25:00,16.4,16.5,16.3,16.45,11765
2026-02-11 13:26:00,13:26:00,16.55,16.6,16.4,16.5,4290
2026-02-11 13:27:00,13:27:00,16.45,16.5,16.1,16.25,15405
2026-02-11 13:28:00,13:28:00,16.3,16.3,15.9,16.05,22880
2026-02-11 13:29:00,13:29:00,15.95,16.05,15.75,15.8,19175
2026-02-11 13:30:00,13:30:00,15.85,16.0,15.6,15.95,25675
2026-02-11 13:31:00,13:31:00,15.9,16.05,15.85,15.95,13780
2026-02-11 13:32:00,13:32:00,16.05,16.25,15.95,15.95,11050
2026-02-11 13:33:00,13:33:00,15.9,16.1,15.8,15.9,11375
2026-02-11 13:34:00,13:34:00,15.95,15.95,15.7,15.85,13910
2026-02-11 13:35:00,13:35:00,15.8,15.95,15.8,15.95,15665
2026-02-11 13:36:00,13:36:00,15.9,16.35,15.85,16.2,11960
2026-02-11 13:37:00,13:37:00,16.25,16.35,16.15,16.3,9360
2026-02-11 13:38:00,13:38:00,16.15,16.3,15.95,16.15,17485
2026-02-11 13:39:00,13:39:00,16.15,16.25,16.05,16.2,13650
2026-02-11 13:40:00,13:40:00,16.15,16.35,16.05,16.05,7280
2026-02-11 13:41:00,13:41:00,16.1,16.15,15.95,15.95,227760
2026-02-11 13:42:00,13:42:00,16.0,16.1,15.7,15.8,20995
2026-02-11 13:43:00,13:43:00,15.75,16.05,15.7,16.05,32630
2026-02-11 13:44:00,13:44:00,16.0,16.25,15.95,16.25,239590
2026-02-11 13:45:00,13:45:00,16.2,16.4,16.2,16.4,13000
2026-02-11 13:46:00,13:46:00,16.3,16.4,16.1,16.15,24505
2026-02-11 13:47:00,13:47:00,16.1,16.4,16.1,16.35,10140
2026-02-11 13:48:00,13:48:00,16.3,16.4,16.2,16.2,15665
2026-02-11 13:49:00,13:49:00,16.25,16.65,16.2,16.6,26130
2026-02-11 13:50:00,13:50:00,16.65,17.1,16.5,17.0,33020
2026-02-11 13:51:00,13:51:00,17.0,17.4,16.8,17.4,26195
2026-02-11 13:52:00,13:52:00,17.25,17.4,16.8,16.9,33540
2026-02-11 13:53:00,13:53:00,16.9,17.05,16.7,17.0,17355
2026-02-11 13:54:00,13:54:00,16.95,17.0,16.75,16.95,12935
2026-02-11 13:55:00,13:55:00,16.85,16.95,16.6,16.75,8645
2026-02-11 13:56:00,13:56:00,16.75,16.85,16.65,16.65,3315
2026-02-11 13:57:00,13:57:00,16.65,16.7,16.5,16.6,14560
2026-02-11 13:58:00,13:58:00,16.8,16.9,16.6,16.85,4485
2026-02-11 13:59:00,13:59:00,16.85,17.05,16.85,17.05,12805
2026-02-11 14:00:00,14:00:00,17.05,17.05,16.8,17.0,11570
2026-02-11 14:01:00,14:01:00,17.1,17.1,16.7,16.9,10465
2026-02-11 14:02:00,14:02:00,16.8,16.9,16.3,16.4,23270
2026-02-11 14:03:00,14:03:00,16.45,16.65,16.4,16.5,10335
2026-02-11 14:04:00,14:04:00,16.4,16.65,16.4,16.45,8255
2026-02-11 14:05:00,14:05:00,16.55,16.55,16.35,16.4,11375
2026-02-11 14:06:00,14:06:00,16.5,16.55,16.15,16.55,10855
2026-02-11 14:07:00,14:07:00,16.6,16.75,16.5,16.6,11310
2026-02-11 14:08:00,14:08:00,16.6,16.6,16.5,16.6,1430
2026-02-11 14:09:00,14:09:00,16.55,16.6,16.4,16.5,23465
2026-02-11 14:10:00,14:10:00,16.45,16.5,16.05,16.1,14430
2026-02-11 14:11:00,14:11:00,16.1,16.4,16.05,16.4,11895
2026-02-11 14:12:00,14:12:00,16.4,16.4,16.25,16.35,5980
2026-02-11 14:13:00,14:13:00,16.25,16.4,16.15,16.15,2925
2026-02-11 14:14:00,14:14:00,16.1,16.15,15.95,15.95,14625
2026-02-11 14:15:00,14:15:00,16.05,16.2,15.95,16.15,25285
2026-02-11 14:16:00,14:16:00,16.05,16.3,16.05,16.05,19045
2026-02-11 14:17:00,14:17:00,16.15,16.25,16.05,16.15,8450
2026-02-11 14:18:00,14:18:00,16.15,16.4,16.1,16.4,12740
2026-02-11 14:19:00,14:19:00,16.3,16.5,16.3,16.4,6630
2026-02-11 14:20:00,14:20:00,16.4,16.55,16.3,16.45,21645
2026-02-11 14:21:00,14:21:00,16.4,16.65,16.4,16.45,20995
2026-02-11 14:22:00,14:22:00,16.5,16.65,16.4,16.65,6500
2026-02-11 14:23:00,14:23:00,16.7,16.9,16.65,16.7,51025
2026-02-11 14:24:00,14:24:00,16.65,16.8,16.65,16.65,15795
2026-02-11 14:25:00,14:25:00,16.65,16.75,16.6,16.75,3185
2026-02-11 14:26:00,14:26:00,16.7,16.75,16.45,16.45,13260
2026-02-11 14:27:00,14:27:00,16.55,16.55,16.35,16.55,7410
2026-02-11 14:28:00,14:28:00,16.5,16.55,16.25,16.3,12675
2026-02-11 14:29:00,14:29:00,16.25,16.65,16.25,16.65,6045
2026-02-11 14:30:00,14:30:00,16.65,16.85,16.55,16.85,10855
2026-02-11 14:31:00,14:31:00,16.8,16.85,16.55,16.55,9035
2026-02-11 14:32:00,14:32:00,16.5,16.55,16.3,16.45,7995
2026-02-11 14:33:00,14:33:00,16.4,16.6,16.4,16.6,2340
2026-02-11 14:34:00,14:34:00,16.5,16.6,16.25,16.3,10920
2026-02-11 14:35:00,14:35:00,16.35,16.5,16.3,16.3,6370
2026-02-11 14:36:00,14:36:00,16.4,16.45,16.3,16.45,6370
2026-02-11 14:37:00,14:37:00,16.35,16.45,16.25,16.45,4355
2026-02-11 14:38:00,14:38:00,16.35,16.5,16.3,16.5,12545
2026-02-11 14:39:00,14:39:00,16.55,16.7,16.45,16.65,29510
2026-02-11 14:40:00,14:40:00,16.7,16.75,16.6,16.65,6825
2026-02-11 14:41:00,14:41:00,16.65,16.7,16.6,16.7,2340
2026-02-11 14:42:00,14:42:00,16.65,16.8,16.65,16.7,8710
2026-02-11 14:43:00,14:43:00,16.75,16.75,16.45,16.6,18070
2026-02-11 14:44:00,14:44:00,16.55,16.75,16.55,16.6,31525
2026-02-11 14:45:00,14:45:00,16.75,16.85,16.6,16.85,11115
2026-02-11 14:46:00,14:46:00,16.75,16.85,16.65,16.65,9490
2026-02-11 14:47:00,14:47:00,16.75,17.05,16.65,16.95,9425
2026-02-11 14:48:00,14:48:00,16.85,17.05,16.85,16.9,8970
2026-02-11 14:49:00,14:49:00,16.85,17.1,16.85,16.9,4940
2026-02-11 14:50:00,14:50:00,17.05,17.05,16.85,17.0,12285
2026-02-11 14:51:00,14:51:00,17.0,17.15,16.95,17.1,18915
2026-02-11 14:52:00,14:52:00,17.0,17.15,16.95,17.15,9035
2026-02-11 14:53:00,14:53:00,17.15,17.35,17.0,17.35,21775
2026-02-11 14:54:00,14:54:00,17.3,17.4,17.15,17.2,10660
2026-02-11 14:55:00,14:55:00,17.2,17.25,17.05,17.15,13845
2026-02-11 14:56:00,14:56:00,17.0,17.15,16.9,17.1,13520
2026-02-11 14:57:00,14:57:00,17.15,17.2,17.0,17.1,4745
2026-02-11 14:58:00,14:58:00,17.1,17.25,17.1,17.15,31460
2026-02-11 14:59:00,14:59:00,17.15,17.4,17.1,17.4,16445
2026-02-11 15:00:00,15:00:00,17.0,17.4,16.75,17.1,49790
2026-02-11 15:01:00,15:01:00,17.2,17.25,17.0,17.1,43875
2026-02-11 15:02:00,15:02:00,17.05,17.45,17.05,17.45,26390
2026-02-11 15:03:00,15:03:00,17.25,17.45,17.1,17.2,30095
2026-02-11 15:04:00,15:04:00,17.15,17.2,17.0,17.05,17680
2026-02-11 15:05:00,15:05:00,17.0,17.05,16.85,17.0,21580
2026-02-11 15:06:00,15:06:00,16.85,17.0,16.75,16.9,34905
2026-02-11 15:07:00,15:07:00,16.9,17.6,16.9,17.55,109395
2026-02-11 15:08:00,15:08:00,17.6,18.25,17.55,17.9,502385
2026-02-11 15:09:00,15:09:00,17.95,18.3,17.9,18.2,35555
2026-02-11 15:10:00,15:10:00,18.2,18.2,17.95,18.15,38610
2026-02-11 15:11:00,15:11:00,18.2,18.3,18.1,18.3,37245
2026-02-11 15:12:00,15:12:00,18.2,18.3,18.0,18.2,30875
2026-02-11 15:13:00,15:13:00,18.2,18.2,17.85,18.05,30355
2026-02-11 15:14:00,15:14:00,18.05,18.05,17.65,17.8,24505
2026-02-11 15:15:00,15:15:00,17.9,18.05,17.6,17.9,81835
2026-02-11 15:16:00,15:16:00,17.9,18.0,17.7,17.95,61490
2026-02-11 15:17:00,15:17:00,17.95,18.2,17.95,18.1,52390
2026-02-11 15:18:00,15:18:00,18.2,18.25,18.0,18.05,43940
2026-02-11 15:19:00,15:19:00,18.05,18.35,18.05,18.35,28600
2026-02-11 15:20:00,15:20:00,18.4,18.9,18.35,18.75,87100
2026-02-11 15:21:00,15:21:00,18.8,18.95,18.75,18.85,52000
2026-02-11 15:22:00,15:22:00,18.85,18.9,18.5,18.65,59150
2026-02-11 15:23:00,15:23:00,18.55,18.9,18.55,18.7,70265
2026-02-11 15:24:00,15:24:00,18.75,19.2,18.6,19.15,79235
2026-02-11 15:25:00,15:25:00,19.15,19.2,18.75,18.8,97305
2026-02-11 15:26:00,15:26:00,18.85,19.0,18.55,19.0,97695
2026-02-11 15:27:00,15:27:00,18.95,19.15,18.85,19.0,83525
2026-02-11 15:28:00,15:28:00,19.05,19.1,18.95,19.05,74035
2026-02-11 15:29:00,15:29:00,19.1,19.2,18.85,19.2,68835
2026-02-12 09:15:00,09:15:00,15.95,15.95,13.0,13.8,391300
2026-02-12 09:16:00,09:16:00,12.45,12.6,11.6,12.35,218205
2026-02-12 09:17:00,09:17:00,12.2,13.2,12.2,12.75,169975
2026-02-12 09:18:00,09:18:00,12.8,14.05,12.75,13.1,145535
2026-02-12 09:19:00,09:19:00,13.3,13.7,13.1,13.7,91260
2026-02-12 09:20:00,09:20:00,13.95,14.65,13.6,13.6,194545
2026-02-12 09:21:00,09:21:00,13.75,14.55,13.6,14.15,182715
2026-02-12 09:22:00,09:22:00,14.05,14.85,13.7,14.75,149110
2026-02-12 09:23:00,09:23:00,15.0,15.65,14.45,15.4,136240
2026-02-12 09:24:00,09:24:00,15.2,15.75,15.05,15.3,104585
2026-02-12 09:25:00,09:25:00,15.45,15.95,14.75,14.8,93990
2026-02-12 09:26:00,09:26:00,14.6,16.15,14.6,16.05,145340
2026-02-12 09:27:00,09:27:00,16.0,16.65,15.2,15.7,299520
2026-02-12 09:28:00,09:28:00,15.65,15.8,15.1,15.15,74425
2026-02-12 09:29:00,09:29:00,15.25,15.8,15.15,15.6,108160
2026-02-12 09:30:00,09:30:00,15.7,16.35,15.35,16.0,175695
2026-02-12 09:31:00,09:31:00,15.8,16.7,15.75,16.1,174460
2026-02-12 09:32:00,09:32:00,16.2,16.5,15.95,16.3,83200
2026-02-12 09:33:00,09:33:00,16.25,16.6,15.35,15.55,162500
2026-02-12 09:34:00,09:34:00,15.5,16.05,15.25,15.55,52975
2026-02-12 09:35:00,09:35:00,15.5,15.8,15.15,15.65,39715
2026-02-12 09:36:00,09:36:00,15.6,15.95,14.95,15.1,55120
2026-02-12 09:37:00,09:37:00,15.15,15.9,15.1,15.65,41275
2026-02-12 09:38:00,09:38:00,15.75,16.35,15.65,15.7,42900
2026-02-12 09:39:00,09:39:00,15.75,15.8,15.25,15.35,34190
2026-02-12 09:40:00,09:40:00,15.35,15.9,15.35,15.45,23595
2026-02-12 09:41:00,09:41:00,15.5,15.85,15.35,15.7,27040
2026-02-12 09:42:00,09:42:00,15.65,15.9,15.45,15.85,24765
2026-02-12 09:43:00,09:43:00,15.9,16.5,15.8,15.8,54925
2026-02-12 09:44:00,09:44:00,15.95,16.0,15.35,15.35,39000
2026-02-12 09:45:00,09:45:00,15.4,15.6,14.95,15.0,58370
2026-02-12 09:46:00,09:46:00,15.05,15.5,15.0,15.4,96135
2026-02-12 09:47:00,09:47:00,15.4,16.1,15.4,15.9,52585
2026-02-12 09:48:00,09:48:00,16.0,16.0,14.6,14.75,57915
2026-02-12 09:49:00,09:49:00,14.7,14.75,14.25,14.25,62660
2026-02-12 09:50:00,09:50:00,14.2,14.35,14.0,14.2,39845
2026-02-12 09:51:00,09:51:00,14.3,14.7,14.15,14.25,26260
2026-02-12 09:52:00,09:52:00,14.2,14.25,14.0,14.2,19435
2026-02-12 09:53:00,09:53:00,14.15,14.25,13.9,14.0,28990
2026-02-12 09:54:00,09:54:00,14.0,14.4,13.95,14.15,24700
2026-02-12 09:55:00,09:55:00,14.2,14.45,14.1,14.4,77220
2026-02-12 09:56:00,09:56:00,14.3,14.4,13.75,13.85,76765
2026-02-12 09:57:00,09:57:00,13.85,14.0,13.55,13.65,74620
2026-02-12 09:58:00,09:58:00,13.6,13.9,13.6,13.85,16120
2026-02-12 09:59:00,09:59:00,13.9,13.9,13.4,13.5,23530
2026-02-12 10:00:00,10:00:00,13.55,13.55,13.3,13.55,44525
2026-02-12 10:01:00,10:01:00,13.6,13.8,13.55,13.65,15860
2026-02-12 10:02:00,10:02:00,13.55,13.95,13.55,13.7,14885
2026-02-12 10:03:00,10:03:00,13.8,13.8,13.0,13.3,30420
2026-02-12 10:04:00,10:04:00,13.15,13.35,13.05,13.35,6500
2026-02-12 10:05:00,10:05:00,13.4,13.45,13.1,13.3,14950
2026-02-12 10:06:00,10:06:00,13.25,13.4,13.1,13.3,12870
2026-02-12 10:07:00,10:07:00,13.3,13.8,13.3,13.8,21580
2026-02-12 10:08:00,10:08:00,13.85,13.95,13.65,13.9,17095
2026-02-12 10:09:00,10:09:00,13.8,13.9,13.15,13.3,43225
2026-02-12 10:10:00,10:10:00,13.35,13.8,13.3,13.45,23400
2026-02-12 10:11:00,10:11:00,13.5,13.55,13.35,13.4,6825
2026-02-12 10:12:00,10:12:00,13.4,13.4,13.0,13.0,21450
2026-02-12 10:13:00,10:13:00,14.6,14.7,14.2,14.2,122525
2026-02-12 10:14:00,10:14:00,14.2,14.4,14.05,14.05,67015
2026-02-12 10:15:00,10:15:00,14.15,14.35,14.05,14.2,96070
2026-02-12 10:16:00,10:16:00,12.7,12.8,12.65,12.8,13130
2026-02-12 10:17:00,10:17:00,12.8,12.9,12.7,12.9,18720
2026-02-12 10:18:00,10:18:00,12.85,13.0,12.7,12.75,14625
2026-02-12 10:19:00,10:19:00,14.35,14.45,14.1,14.1,44655
2026-02-12 10:20:00,10:20:00,14.15,14.35,13.95,14.1,43940
2026-02-12 10:21:00,10:21:00,14.0,14.25,14.0,14.1,108485
2026-02-12 10:22:00,10:22:00,14.1,14.15,13.8,13.8,62660
2026-02-12 10:23:00,10:23:00,13.85,14.0,13.75,13.75,55315
2026-02-12 10:24:00,10:24:00,13.7,13.9,13.7,13.85,47775
2026-02-12 10:25:00,10:25:00,12.35,12.65,12.3,12.65,25870
2026-02-12 10:26:00,10:26:00,12.65,12.7,12.45,12.55,24765
2026-02-12 10:27:00,10:27:00,12.55,12.7,12.55,12.6,8320
2026-02-12 10:28:00,10:28:00,12.55,12.65,12.4,12.55,18785
2026-02-12 10:29:00,10:29:00,12.6,12.6,12.45,12.55,20215
2026-02-12 10:30:00,10:30:00,12.5,12.55,12.35,12.55,12545
2026-02-12 10:31:00,10:31:00,12.5,12.75,12.5,12.55,18395
2026-02-12 10:32:00,10:32:00,12.5,12.65,12.4,12.65,20475
2026-02-12 10:33:00,10:33:00,12.7,12.75,12.5,12.5,9555
2026-02-12 10:34:00,10:34:00,12.5,12.5,12.35,12.4,19890
2026-02-12 10:35:00,10:35:00,12.3,12.5,12.25,12.5,43030
2026-02-12 10:36:00,10:36:00,12.55,13.0,12.5,13.0,18265
2026-02-12 10:37:00,10:37:00,12.9,13.25,12.8,13.25,14040
2026-02-12 10:38:00,10:38:00,13.3,13.4,13.0,13.15,17225
2026-02-12 10:39:00,10:39:00,13.15,13.45,13.0,13.0,23790
2026-02-12 10:40:00,10:40:00,13.0,13.3,13.0,13.3,6890
2026-02-12 10:41:00,10:41:00,13.3,13.3,12.85,12.95,9555
2026-02-12 10:42:00,10:42:00,12.95,13.05,12.75,12.85,13260
2026-02-12 10:43:00,10:43:00,12.85,13.05,12.75,13.0,14170
2026-02-12 10:44:00,10:44:00,13.0,13.2,12.95,13.0,11050
2026-02-12 10:45:00,10:45:00,13.05,13.2,12.9,12.9,9295
2026-02-12 10:46:00,10:46:00,12.9,13.1,12.9,13.05,10010
2026-02-12 10:47:00,10:47:00,13.1,13.3,12.95,13.1,9165
2026-02-12 10:48:00,10:48:00,13.2,13.35,12.9,13.05,10595
2026-02-12 10:49:00,10:49:00,13.15,13.2,13.0,13.1,3900
2026-02-12 10:50:00,10:50:00,13.05,13.5,13.05,13.35,19630
2026-02-12 10:51:00,10:51:00,13.35,13.4,13.15,13.2,5070
2026-02-12 10:52:00,10:52:00,13.1,13.25,13.0,13.2,9555
2026-02-12 10:53:00,10:53:00,13.1,13.25,13.05,13.15,4485
2026-02-12 10:54:00,10:54:00,13.15,13.3,12.95,12.95,4485
2026-02-12 10:55:00,10:55:00,12.95,13.0,12.9,13.0,11830
2026-02-12 10:56:00,10:56:00,13.05,13.2,12.95,13.05,15080
2026-02-12 10:57:00,10:57:00,13.05,13.15,13.0,13.05,15080
2026-02-12 10:58:00,10:58:00,13.15,13.3,13.0,13.15,13780
2026-02-12 10:59:00,10:59:00,13.25,13.3,13.1,13.3,7150
2026-02-12 11:00:00,11:00:00,13.2,13.3,12.95,12.95,10140
2026-02-12 11:01:00,11:01:00,13.05,13.05,12.85,12.9,5590
2026-02-12 11:02:00,11:02:00,12.85,13.05,12.75,12.8,5005
2026-02-12 11:03:00,11:03:00,12.85,13.0,12.8,12.85,14365
2026-02-12 11:04:00,11:04:00,12.85,13.05,12.75,13.0,13975
2026-02-12 11:05:00,11:05:00,12.85,13.0,12.8,12.85,2860
2026-02-12 11:06:00,11:06:00,12.85,12.95,12.7,12.85,10920
2026-02-12 11:07:00,11:07:00,13.0,13.5,12.85,13.3,22295
2026-02-12 11:08:00,11:08:00,13.05,13.3,12.85,12.85,29315
2026-02-12 11:09:00,11:09:00,12.9,12.95,12.8,12.9,17355
2026-02-12 11:10:00,11:10:00,12.85,13.05,12.8,12.95,5915
2026-02-12 11:11:00,11:11:00,12.9,13.05,12.75,12.75,3185
2026-02-12 11:12:00,11:12:00,12.8,12.85,12.75,12.8,1950
2026-02-12 11:13:00,11:13:00,12.8,12.95,12.75,12.9,2145
2026-02-12 11:14:00,11:14:00,12.95,12.95,12.8,12.85,5005
2026-02-12 11:15:00,11:15:00,12.95,13.05,12.85,12.95,4810
2026-02-12 11:16:00,11:16:00,12.95,13.3,12.95,13.2,8320
2026-02-12 11:17:00,11:17:00,13.15,13.25,13.0,13.15,27235
2026-02-12 11:18:00,11:18:00,13.2,13.3,12.95,13.1,29770
2026-02-12 11:19:00,11:19:00,13.1,13.25,12.95,13.0,17810
2026-02-12 11:20:00,11:20:00,12.95,13.3,12.95,13.2,7800
2026-02-12 11:21:00,11:21:00,13.3,13.3,13.05,13.25,13845
2026-02-12 11:22:00,11:22:00,13.1,14.05,13.1,13.7,70135
2026-02-12 11:23:00,11:23:00,13.75,13.9,13.55,13.6,22685
2026-02-12 11:24:00,11:24:00,13.65,13.85,13.6,13.65,23985
2026-02-12 11:25:00,11:25:00,13.65,13.7,13.35,13.35,20670
2026-02-12 11:26:00,11:26:00,13.3,13.5,13.25,13.35,27885
2026-02-12 11:27:00,11:27:00,13.4,13.4,13.25,13.4,6565
2026-02-12 11:28:00,11:28:00,13.4,13.55,13.4,13.5,7800
2026-02-12 11:29:00,11:29:00,13.45,13.5,13.15,13.3,13780
2026-02-12 11:30:00,11:30:00,13.2,13.5,13.1,13.5,17810
2026-02-12 11:31:00,11:31:00,11.95,12.45,11.9,12.3,41730
2026-02-12 11:32:00,11:32:00,14.1,14.2,13.7,13.8,94900
2026-02-12 11:33:00,11:33:00,12.1,12.4,12.1,12.2,39715
2026-02-12 11:34:00,11:34:00,12.2,12.5,12.05,12.35,50245
2026-02-12 11:35:00,11:35:00,12.4,12.5,12.2,12.35,34905
2026-02-12 11:36:00,11:36:00,12.3,12.85,12.25,12.8,35880
2026-02-12 11:37:00,11:37:00,12.7,13.15,12.6,12.9,61230
2026-02-12 11:38:00,11:38:00,12.95,13.0,12.7,12.9,37765
2026-02-12 11:39:00,11:39:00,13.0,13.05,12.7,12.7,40625
2026-02-12 11:40:00,11:40:00,12.75,12.9,12.6,12.6,35685
2026-02-12 11:41:00,11:41:00,14.15,14.25,13.95,14.0,25220
2026-02-12 11:42:00,11:42:00,14.0,14.2,13.8,13.9,26975
2026-02-12 11:43:00,11:43:00,14.0,14.0,13.7,13.7,31070
2026-02-12 11:44:00,11:44:00,13.7,13.8,13.6,13.7,19045
2026-02-12 11:45:00,11:45:00,13.6,13.7,13.55,13.6,8190
2026-02-12 11:46:00,11:46:00,13.6,13.7,13.35,13.7,21970
2026-02-12 11:47:00,11:47:00,13.65,13.95,13.65,13.85,12220
2026-02-12 11:48:00,11:48:00,13.85,13.95,13.8,13.95,10140
2026-02-12 11:49:00,11:49:00,13.85,13.95,13.6,13.8,8905
2026-02-12 11:50:00,11:50:00,12.4,12.7,12.35,12.65,9815
2026-02-12 11:51:00,11:51:00,12.5,13.3,12.5,12.95,59865
2026-02-12 11:52:00,11:52:00,12.95,13.45,12.95,13.4,55055
2026-02-12 11:53:00,11:53:00,13.4,13.45,12.9,12.9,74425
2026-02-12 11:54:00,11:54:00,12.95,13.1,12.75,13.0,33410
2026-02-12 11:55:00,11:55:00,13.0,13.05,12.75,12.8,42120
2026-02-12 11:56:00,11:56:00,12.9,13.3,12.8,13.0,29315
2026-02-12 11:57:00,11:57:00,13.05,13.05,12.85,13.0,17875
2026-02-12 11:58:00,11:58:00,12.95,13.0,12.55,12.55,62595
2026-02-12 11:59:00,11:59:00,14.3,14.35,14.05,14.15,31915
2026-02-12 12:00:00,12:00:00,14.05,14.15,13.9,13.95,67990
2026-02-12 12:01:00,12:01:00,12.25,12.55,12.25,12.5,30680
2026-02-12 12:02:00,12:02:00,12.55,12.8,12.5,12.75,8060
2026-02-12 12:03:00,12:03:00,12.8,13.15,12.75,13.0,31070
2026-02-12 12:04:00,12:04:00,13.0,13.1,12.6,12.8,38805
2026-02-12 12:05:00,12:05:00,12.65,12.85,12.65,12.8,36660
2026-02-12 12:06:00,12:06:00,12.8,12.95,12.6,12.7,14170
2026-02-12 12:07:00,12:07:00,12.75,12.75,12.55,12.65,17095
2026-02-12 12:08:00,12:08:00,12.6,12.65,12.5,12.55,50050
2026-02-12 12:09:00,12:09:00,14.25,14.3,13.95,13.95,16445
2026-02-12 12:10:00,12:10:00,14.0,14.25,13.95,14.15,24375
2026-02-12 12:11:00,12:11:00,14.1,14.15,13.8,14.0,14495
2026-02-12 12:12:00,12:12:00,14.0,14.05,13.75,13.95,16900
2026-02-12 12:13:00,12:13:00,13.9,14.0,13.8,13.9,7540
2026-02-12 12:14:00,12:14:00,13.85,14.05,13.85,13.9,2925
2026-02-12 12:15:00,12:15:00,13.8,13.9,13.75,13.75,24310
2026-02-12 12:16:00,12:16:00,13.65,13.75,13.6,13.75,9165
2026-02-12 12:17:00,12:17:00,13.75,13.9,13.6,13.6,15860
2026-02-12 12:18:00,12:18:00,13.65,13.65,13.35,13.45,9880
2026-02-12 12:19:00,12:19:00,13.45,13.5,13.2,13.25,17095
2026-02-12 12:20:00,12:20:00,13.2,13.35,13.05,13.25,26455
2026-02-12 12:21:00,12:21:00,13.25,13.3,13.0,13.0,7800
2026-02-12 12:22:00,12:22:00,13.05,13.05,12.75,12.85,33280
2026-02-12 12:23:00,12:23:00,12.85,12.95,12.8,12.8,23595
2026-02-12 12:24:00,12:24:00,12.75,12.9,12.75,12.85,6630
2026-02-12 12:25:00,12:25:00,12.9,12.95,12.85,12.9,19890
2026-02-12 12:26:00,12:26:00,12.95,13.1,12.9,13.0,5135
2026-02-12 12:27:00,12:27:00,12.95,13.0,12.8,12.8,6240
2026-02-12 12:28:00,12:28:00,12.8,12.9,12.75,12.8,11440
2026-02-12 12:29:00,12:29:00,12.75,12.85,12.7,12.85,8385
2026-02-12 12:30:00,12:30:00,12.8,12.85,12.6,12.7,12025
2026-02-12 12:31:00,12:31:00,12.75,12.8,12.65,12.8,6890
2026-02-12 12:32:00,12:32:00,12.7,12.8,12.4,12.45,13585
2026-02-12 12:33:00,12:33:00,12.4,12.5,12.3,12.45,8515
2026-02-12 12:34:00,12:34:00,12.5,12.55,12.25,12.5,22815
2026-02-12 12:35:00,12:35:00,12.55,12.65,12.5,12.5,15470
2026-02-12 12:36:00,12:36:00,12.55,12.55,12.45,12.5,8710
2026-02-12 12:37:00,12:37:00,12.55,12.6,12.45,12.5,16315
2026-02-12 12:38:00,12:38:00,12.55,12.6,12.5,12.6,2665
2026-02-12 12:39:00,12:39:00,12.6,12.65,12.55,12.6,8775
2026-02-12 12:40:00,12:40:00,12.55,12.65,12.55,12.65,10010
2026-02-12 12:41:00,12:41:00,12.65,12.65,12.5,12.55,9815
2026-02-12 12:42:00,12:42:00,12.6,12.6,12.35,12.35,17940
2026-02-12 12:43:00,12:43:00,12.45,12.5,12.35,12.45,5915
2026-02-12 12:44:00,12:44:00,12.45,12.45,12.25,12.35,14430
2026-02-12 12:45:00,12:45:00,12.3,12.4,12.25,12.25,61165
2026-02-12 12:46:00,12:46:00,12.25,12.5,12.25,12.4,47190
2026-02-12 12:47:00,12:47:00,12.45,12.45,12.35,12.35,10660
2026-02-12 12:48:00,12:48:00,12.35,12.45,12.25,12.45,6370
2026-02-12 12:49:00,12:49:00,12.35,12.45,12.25,12.25,1365
2026-02-12 12:50:00,12:50:00,12.25,12.3,12.15,12.3,6305
2026-02-12 12:51:00,12:51:00,12.3,12.3,12.2,12.25,22490
2026-02-12 12:52:00,12:52:00,12.2,12.35,12.2,12.3,13780
2026-02-12 12:53:00,12:53:00,12.3,12.35,12.2,12.3,7345
2026-02-12 12:54:00,12:54:00,12.2,12.4,12.2,12.25,7605
2026-02-12 12:55:00,12:55:00,12.4,12.45,12.25,12.4,3120
2026-02-12 12:56:00,12:56:00,12.45,12.45,12.25,12.3,4745
2026-02-12 12:57:00,12:57:00,12.25,12.3,12.2,12.2,3900
2026-02-12 12:58:00,12:58:00,12.2,12.3,12.2,12.3,6240
2026-02-12 12:59:00,12:59:00,12.35,12.45,12.3,12.45,5525
2026-02-12 13:00:00,13:00:00,12.4,12.45,12.35,12.45,14885
2026-02-12 13:01:00,13:01:00,12.45,12.55,12.45,12.5,4095
2026-02-12 13:02:00,13:02:00,12.5,12.5,12.4,12.45,5850
2026-02-12 13:03:00,13:03:00,12.5,12.5,12.4,12.4,12805
2026-02-12 13:04:00,13:04:00,12.45,12.6,12.4,12.55,30550
2026-02-12 13:05:00,13:05:00,12.55,12.7,12.5,12.6,5980
2026-02-12 13:06:00,13:06:00,12.65,12.75,12.6,12.6,20800
2026-02-12 13:07:00,13:07:00,12.7,12.8,12.6,12.8,12545
2026-02-12 13:08:00,13:08:00,12.8,12.85,12.75,12.8,6695
2026-02-12 13:09:00,13:09:00,12.9,12.95,12.8,12.8,14820
2026-02-12 13:10:00,13:10:00,12.8,12.85,12.75,12.8,12545
2026-02-12 13:11:00,13:11:00,12.85,13.1,12.8,13.1,5785
2026-02-12 13:12:00,13:12:00,13.15,13.15,13.0,13.15,11700
2026-02-12 13:13:00,13:13:00,13.2,13.2,13.0,13.05,12610
2026-02-12 13:14:00,13:14:00,13.1,13.25,13.05,13.15,3965
2026-02-12 13:15:00,13:15:00,13.1,13.3,13.05,13.3,13195
2026-02-12 13:16:00,13:16:00,13.2,13.3,12.95,12.95,8125
2026-02-12 13:17:00,13:17:00,12.95,13.15,12.9,12.9,6565
2026-02-12 13:18:00,13:18:00,12.9,12.95,12.2,12.2,82485
2026-02-12 13:19:00,13:19:00,12.25,12.5,12.15,12.5,76960
2026-02-12 13:20:00,13:20:00,12.6,12.75,12.45,12.7,24830
2026-02-12 13:21:00,13:21:00,12.8,12.85,12.65,12.7,70980
2026-02-12 13:22:00,13:22:00,12.75,12.75,12.6,12.6,6890
2026-02-12 13:23:00,13:23:00,12.55,12.6,12.35,12.35,8970
2026-02-12 13:24:00,13:24:00,12.35,12.4,12.25,12.35,64675
2026-02-12 13:25:00,13:25:00,12.3,12.4,12.15,12.15,26845
2026-02-12 13:26:00,13:26:00,12.2,12.2,12.05,12.1,26780
2026-02-12 13:27:00,13:27:00,13.45,13.45,13.3,13.35,42770
2026-02-12 13:28:00,13:28:00,11.9,12.1,11.9,12.05,31915
2026-02-12 13:29:00,13:29:00,12.05,12.05,11.9,11.9,9880
2026-02-12 13:30:00,13:30:00,11.9,11.9,11.75,11.85,16900
2026-02-12 13:31:00,13:31:00,11.9,11.9,11.8,11.9,16055
2026-02-12 13:32:00,13:32:00,11.9,11.95,11.7,11.7,6045
2026-02-12 13:33:00,13:33:00,11.75,11.8,11.55,11.55,18395
2026-02-12 13:34:00,13:34:00,11.5,11.65,11.5,11.6,4095
2026-02-12 13:35:00,13:35:00,11.6,11.65,11.55,11.6,15600
2026-02-12 13:36:00,13:36:00,11.55,11.75,11.55,11.75,5785
2026-02-12 13:37:00,13:37:00,11.75,11.75,11.5,11.5,9035
2026-02-12 13:38:00,13:38:00,11.55,11.6,11.45,11.5,11895
2026-02-12 13:39:00,13:39:00,11.5,11.55,11.45,11.45,10075
2026-02-12 13:40:00,13:40:00,11.5,11.65,11.45,11.65,16445
2026-02-12 13:41:00,13:41:00,11.7,11.85,11.65,11.75,6500
2026-02-12 13:42:00,13:42:00,11.75,11.8,11.65,11.65,7345
2026-02-12 13:43:00,13:43:00,11.7,11.85,11.65,11.85,5655
2026-02-12 13:44:00,13:44:00,11.85,11.95,11.8,11.9,11050
2026-02-12 13:45:00,13:45:00,11.95,12.05,11.85,12.05,7410
2026-02-12 13:46:00,13:46:00,12.0,12.05,11.9,12.05,7020
2026-02-12 13:47:00,13:47:00,12.0,12.1,11.95,12.0,6175
2026-02-12 13:48:00,13:48:00,12.0,12.3,12.0,12.3,29835
2026-02-12 13:49:00,13:49:00,11.05,11.25,11.0,11.15,42510
2026-02-12 13:50:00,13:50:00,11.15,11.45,11.15,11.25,77545
2026-02-12 13:51:00,13:51:00,11.35,11.55,11.2,11.2,78000
2026-02-12 13:52:00,13:52:00,11.2,11.5,11.2,11.3,88855
2026-02-12 13:53:00,13:53:00,11.25,11.35,11.15,11.3,68835
2026-02-12 13:54:00,13:54:00,11.35,11.5,11.1,11.1,67990
2026-02-12 13:55:00,13:55:00,11.25,11.45,11.1,11.45,66040
2026-02-12 13:56:00,13:56:00,11.5,11.55,11.15,11.35,43420
2026-02-12 13:57:00,13:57:00,11.4,11.45,11.35,11.45,20930
2026-02-12 13:58:00,13:58:00,11.45,11.45,11.35,11.35,9100
2026-02-12 13:59:00,13:59:00,11.3,11.4,11.2,11.3,13780
2026-02-12 14:00:00,14:00:00,11.35,11.6,11.3,11.5,38545
2026-02-12 14:01:00,14:01:00,11.5,11.75,11.5,11.75,38350
2026-02-12 14:02:00,14:02:00,11.7,11.8,11.6,11.65,25090
2026-02-12 14:03:00,14:03:00,11.65,11.95,11.65,11.7,24115
2026-02-12 14:04:00,14:04:00,11.6,11.7,11.5,11.55,18850
2026-02-12 14:05:00,14:05:00,11.6,11.65,11.45,11.6,31590
2026-02-12 14:06:00,14:06:00,11.65,11.65,11.4,11.45,21645
2026-02-12 14:07:00,14:07:00,11.45,11.6,11.4,11.4,19305
2026-02-12 14:08:00,14:08:00,11.35,11.4,11.2,11.3,13975
2026-02-12 14:09:00,14:09:00,11.35,11.5,11.3,11.5,7475
2026-02-12 14:10:00,14:10:00,11.4,11.55,11.4,11.5,23335
2026-02-12 14:11:00,14:11:00,11.35,11.5,11.3,11.4,21840
2026-02-12 14:12:00,14:12:00,11.35,11.4,11.25,11.4,11635
2026-02-12 14:13:00,14:13:00,11.35,11.55,11.35,11.35,10205
2026-02-12 14:14:00,14:14:00,11.35,11.4,11.3,11.35,36790
2026-02-12 14:15:00,14:15:00,11.35,11.65,11.35,11.6,44070
2026-02-12 14:16:00,14:16:00,11.65,11.8,11.6,11.65,41795
2026-02-12 14:17:00,14:17:00,11.6,11.9,11.6,11.75,24570
2026-02-12 14:18:00,14:18:00,11.8,11.85,11.7,11.75,10075
2026-02-12 14:19:00,14:19:00,11.9,12.05,11.7,11.75,24635
2026-02-12 14:20:00,14:20:00,11.8,11.85,11.3,11.4,18590
2026-02-12 14:21:00,14:21:00,11.45,11.55,11.4,11.45,9100
2026-02-12 14:22:00,14:22:00,12.7,12.75,12.4,12.6,13910
2026-02-12 14:23:00,14:23:00,12.6,12.6,12.35,12.45,14040
2026-02-12 14:24:00,14:24:00,12.45,12.55,12.35,12.55,9230
2026-02-12 14:25:00,14:25:00,12.4,12.55,12.4,12.55,3120
2026-02-12 14:26:00,14:26:00,12.55,12.8,12.5,12.75,9945
2026-02-12 14:27:00,14:27:00,11.35,11.55,11.35,11.5,28340
2026-02-12 14:28:00,14:28:00,11.55,11.6,11.4,11.4,15080
2026-02-12 14:29:00,14:29:00,11.4,11.55,11.25,11.45,13845
2026-02-12 14:30:00,14:30:00,12.7,13.0,12.65,12.65,13780
2026-02-12 14:31:00,14:31:00,12.65,12.7,12.6,12.6,3380
2026-02-12 14:32:00,14:32:00,12.6,12.8,12.6,12.6,21190
2026-02-12 14:33:00,14:33:00,12.6,12.65,12.55,12.65,4225
2026-02-12 14:34:00,14:34:00,11.3,11.4,11.25,11.3,14820
2026-02-12 14:35:00,14:35:00,11.4,11.4,11.25,11.25,5200
2026-02-12 14:36:00,14:36:00,12.55,12.6,12.45,12.45,5330
2026-02-12 14:37:00,14:37:00,11.2,11.45,11.15,11.35,203580
2026-02-12 14:38:00,14:38:00,11.35,11.6,11.3,11.5,70915
2026-02-12 14:39:00,14:39:00,11.45,11.65,11.4,11.55,23920
2026-02-12 14:40:00,14:40:00,11.6,11.65,11.4,11.45,19045
2026-02-12 14:41:00,14:41:00,11.45,11.7,11.45,11.5,23140
2026-02-12 14:42:00,14:42:00,11.5,11.7,11.45,11.65,26260
2026-02-12 14:43:00,14:43:00,11.7,12.1,11.6,12.05,43680
2026-02-12 14:44:00,14:44:00,12.05,12.65,12.05,12.15,111930
2026-02-12 14:45:00,14:45:00,12.2,12.4,11.95,12.4,94510
2026-02-12 14:46:00,14:46:00,12.4,12.75,12.15,12.5,101920
2026-02-12 14:47:00,14:47:00,11.45,12.75,11.35,12.75,180050
2026-02-12 14:48:00,14:48:00,12.5,13.35,12.35,13.0,120380
2026-02-12 14:49:00,14:49:00,13.0,13.95,13.0,13.65,144235
2026-02-12 14:50:00,14:50:00,13.5,15.05,13.5,13.8,179530
2026-02-12 14:51:00,14:51:00,13.75,14.7,13.75,14.6,107250
2026-02-12 14:52:00,14:52:00,14.75,14.95,14.35,14.5,79690
2026-02-12 14:53:00,14:53:00,14.65,15.2,13.95,14.15,96785
2026-02-12 14:54:00,14:54:00,15.8,15.8,15.25,15.45,181350
2026-02-12 14:55:00,14:55:00,15.4,15.5,14.65,15.5,113945
2026-02-12 14:56:00,14:56:00,15.35,15.5,14.85,15.1,153595
2026-02-12 14:57:00,14:57:00,15.15,15.2,14.6,14.85,71435
2026-02-12 14:58:00,14:58:00,15.05,15.05,14.45,14.45,39780
2026-02-12 14:59:00,14:59:00,14.5,14.6,14.15,14.5,71695
2026-02-12 15:00:00,15:00:00,14.0,14.5,13.4,13.4,261105
2026-02-12 15:01:00,15:01:00,13.15,13.65,12.95,13.0,168285
2026-02-12 15:02:00,15:02:00,12.95,13.0,12.35,12.35,167505
2026-02-12 15:03:00,15:03:00,13.85,14.05,13.65,13.7,109135
2026-02-12 15:04:00,15:04:00,12.1,12.1,11.75,12.05,276250
2026-02-12 15:05:00,15:05:00,12.1,12.45,12.0,12.35,184210
2026-02-12 15:06:00,15:06:00,12.4,12.65,12.25,12.4,110110
2026-02-12 15:07:00,15:07:00,12.5,12.75,12.25,12.65,102570
2026-02-12 15:08:00,15:08:00,12.7,12.7,12.1,12.1,93990
2026-02-12 15:09:00,15:09:00,12.05,12.2,11.95,12.15,93275
2026-02-12 15:10:00,15:10:00,12.2,12.4,12.1,12.1,59540
2026-02-12 15:11:00,15:11:00,12.2,12.2,11.95,12.1,44980
2026-02-12 15:12:00,15:12:00,12.15,12.15,11.8,11.9,78975
2026-02-12 15:13:00,15:13:00,11.85,11.9,11.7,11.8,99190
2026-02-12 15:14:00,15:14:00,11.75,11.8,11.65,11.65,58500
2026-02-12 15:15:00,15:15:00,11.8,12.0,11.6,11.75,186030
2026-02-12 15:16:00,15:16:00,11.75,11.75,11.4,11.5,182130
2026-02-12 15:17:00,15:17:00,11.5,11.95,11.25,11.95,138515
2026-02-12 15:18:00,15:18:00,12.0,12.0,11.45,11.8,172445
2026-02-12 15:19:00,15:19:00,11.8,11.85,11.45,11.5,98280
2026-02-12 15:20:00,15:20:00,11.5,11.55,11.35,11.5,121810
2026-02-12 15:21:00,15:21:00,11.55,11.6,11.25,11.3,160875
2026-02-12 15:22:00,15:22:00,11.35,11.35,10.8,10.95,187785
2026-02-12 15:23:00,15:23:00,11.0,11.1,10.9,11.1,210015
2026-02-12 15:24:00,15:24:00,11.0,11.1,10.75,11.1,219245
2026-02-12 15:25:00,15:25:00,11.05,11.1,10.85,10.9,187655
2026-02-12 15:26:00,15:26:00,10.95,11.0,10.6,10.65,210015
2026-02-12 15:27:00,15:27:00,10.85,10.9,10.35,10.35,286000
2026-02-12 15:28:00,15:28:00,10.45,10.65,10.35,10.55,308230
2026-02-12 15:29:00,15:29:00,10.55,10.9,10.45,10.85,440895
2026-02-13 09:15:00,09:15:00,87.1,95.35,62.2,95.0,7021755
2026-02-13 09:16:00,09:16:00,99.2,110.0,95.0,96.4,6503900
2026-02-13 09:17:00,09:17:00,96.85,99.6,91.75,93.6,3524820
2026-02-13 09:18:00,09:18:00,93.6,93.6,84.05,89.35,3461640
2026-02-13 09:19:00,09:19:00,89.4,96.0,88.95,92.5,3956225
2026-02-13 09:20:00,09:20:00,93.3,99.7,92.5,93.15,4152785
2026-02-13 09:21:00,09:21:00,91.95,99.0,91.5,96.3,2369120
2026-02-13 09:22:00,09:22:00,94.0,100.95,93.5,100.0,3184480
2026-02-13 09:23:00,09:23:00,99.2,100.0,92.2,92.9,2345785
2026-02-13 09:24:00,09:24:00,92.75,94.3,89.8,90.4,2650245
2026-02-13 09:25:00,09:25:00,90.6,94.35,90.0,94.35,1945775
2026-02-13 09:26:00,09:26:00,93.9,97.2,88.15,96.0,2910960
2026-02-13 09:27:00,09:27:00,95.5,96.75,91.6,93.8,2022670
2026-02-13 09:28:00,09:28:00,93.3,96.3,92.8,94.45,1132430
2026-02-13 09:29:00,09:29:00,94.55,98.25,94.3,97.9,2040155
2026-02-13 09:30:00,09:30:00,76.55,85.3,76.55,84.85,3923920
2026-02-13 09:31:00,09:31:00,84.25,84.85,80.0,84.65,1990300
2026-02-13 09:32:00,09:32:00,84.45,89.1,84.45,87.7,3634475
2026-02-13 09:33:00,09:33:00,87.15,87.7,83.9,86.6,1937260
2026-02-13 09:34:00,09:34:00,86.6,94.7,86.3,91.15,3576625
2026-02-13 09:35:00,09:35:00,91.4,93.6,89.7,89.9,2239250
2026-02-13 09:36:00,09:36:00,90.05,97.95,89.55,97.95,2750215
2026-02-13 09:37:00,09:37:00,97.15,98.2,94.1,95.35,2045810
2026-02-13 09:38:00,09:38:00,94.85,95.35,93.0,95.1,1251055
2026-02-13 09:39:00,09:39:00,95.25,98.35,94.9,95.5,2155985
2026-02-13 09:40:00,09:40:00,95.65,106.2,94.85,101.65,4343690
2026-02-13 09:41:00,09:41:00,101.35,101.65,94.25,94.25,2109055
2026-02-13 09:42:00,09:42:00,93.75,95.65,90.45,92.75,1947140
2026-02-13 09:43:00,09:43:00,92.8,92.8,88.7,88.8,1511120
2026-02-13 09:44:00,09:44:00,88.65,93.1,87.6,89.65,1535105
2026-02-13 09:45:00,09:45:00,89.7,92.5,88.55,89.8,1173445
2026-02-13 09:46:00,09:46:00,89.35,94.05,88.35,90.25,1427725
2026-02-13 09:47:00,09:47:00,90.0,95.5,89.85,94.7,1310790
2026-02-13 09:48:00,09:48:00,95.55,95.55,90.55,94.6,1282320
2026-02-13 09:49:00,09:49:00,94.85,99.0,93.6,97.65,1914380
2026-02-13 09:50:00,09:50:00,97.55,98.9,94.55,97.4,1493375
2026-02-13 09:51:00,09:51:00,97.55,98.55,92.75,94.1,1296100
2026-02-13 09:52:00,09:52:00,93.6,94.1,89.9,91.75,1230060
2026-02-13 09:53:00,09:53:00,91.3,91.75,86.25,88.55,1533090
2026-02-13 09:54:00,09:54:00,88.15,92.2,86.5,92.15,1101620
2026-02-13 09:55:00,09:55:00,92.2,94.15,90.1,93.85,1302340
2026-02-13 09:56:00,09:56:00,94.05,100.25,93.85,97.35,2579915
2026-02-13 09:57:00,09:57:00,97.55,99.85,94.9,95.45,1614665
2026-02-13 09:58:00,09:58:00,95.35,97.7,93.3,95.75,1003990
2026-02-13 09:59:00,09:59:00,95.05,97.35,93.15,96.85,761085
2026-02-13 10:00:00,10:00:00,96.75,97.2,92.6,93.9,896480
2026-02-13 10:01:00,10:01:00,94.3,94.55,90.05,90.65,996450
2026-02-13 10:02:00,10:02:00,90.4,94.75,90.2,93.65,795860
2026-02-13 10:03:00,10:03:00,93.7,96.0,90.7,92.0,800280
2026-02-13 10:04:00,10:04:00,91.45,93.45,88.7,88.7,1009840
2026-02-13 10:05:00,10:05:00,88.7,93.4,88.7,92.3,766350
2026-02-13 10:06:00,10:06:00,92.55,95.0,92.1,94.7,832130
2026-02-13 10:07:00,10:07:00,94.6,95.9,91.8,93.7,790335
2026-02-13 10:08:00,10:08:00,94.5,96.8,92.75,95.5,944840
2026-02-13 10:09:00,10:09:00,95.15,97.35,94.4,95.2,956085
2026-02-13 10:10:00,10:10:00,95.95,97.9,95.15,97.5,841035
2026-02-13 10:11:00,10:11:00,96.95,97.5,94.6,95.4,712400
2026-02-13 10:12:00,10:12:00,96.1,96.45,90.65,91.05,958035
2026-02-13 10:13:00,10:13:00,91.0,96.35,90.85,96.25,663325
2026-02-13 10:14:00,10:14:00,96.05,98.75,94.0,97.75,1357915
2026-02-13 10:15:00,10:15:00,97.65,101.1,97.25,97.55,2403960
2026-02-13 10:16:00,10:16:00,77.15,80.35,76.75,78.85,1646255
2026-02-13 10:17:00,10:17:00,79.15,85.55,78.85,81.9,3878810
2026-02-13 10:18:00,10:18:00,103.25,104.45,98.25,100.3,1440205
2026-02-13 10:19:00,10:19:00,100.05,101.5,98.05,100.0,860860
2026-02-13 10:20:00,10:20:00,100.15,101.5,95.4,96.7,1158885
2026-02-13 10:21:00,10:21:00,97.0,100.9,97.0,98.05,854035
2026-02-13 10:22:00,10:22:00,98.2,101.3,98.05,99.65,677365
2026-02-13 10:23:00,10:23:00,99.3,99.85,94.0,94.85,1144130
2026-02-13 10:24:00,10:24:00,94.75,95.7,93.1,94.55,794625
2026-02-13 10:25:00,10:25:00,94.45,95.7,92.05,93.5,733980
2026-02-13 10:26:00,10:26:00,93.7,94.9,91.8,92.8,657995
2026-02-13 10:27:00,10:27:00,92.1,94.55,91.5,91.5,665145
2026-02-13 10:28:00,10:28:00,91.55,94.9,91.4,94.2,643500
2026-02-13 10:29:00,10:29:00,94.15,95.0,91.6,93.65,546910
2026-02-13 10:30:00,10:30:00,93.8,93.8,88.7,91.45,1468610
2026-02-13 10:31:00,10:31:00,91.25,93.15,89.2,89.65,952575
2026-02-13 10:32:00,10:32:00,89.75,90.4,87.55,88.65,1289860
2026-02-13 10:33:00,10:33:00,89.0,90.45,86.2,86.85,1141400
2026-02-13 10:34:00,10:34:00,86.65,86.85,83.55,85.2,1598285
2026-02-13 10:35:00,10:35:00,85.05,86.9,81.6,84.35,1245270
2026-02-13 10:36:00,10:36:00,84.1,87.35,83.7,85.1,994695
2026-02-13 10:37:00,10:37:00,84.9,86.15,81.3,82.6,1067300
2026-02-13 10:38:00,10:38:00,82.65,84.4,81.6,81.85,657605
2026-02-13 10:39:00,10:39:00,104.65,104.8,100.55,102.35,1695525
2026-02-13 10:40:00,10:40:00,102.35,104.1,101.25,101.4,1090895
2026-02-13 10:41:00,10:41:00,79.2,83.35,79.2,83.15,843505
2026-02-13 10:42:00,10:42:00,105.9,107.3,99.95,100.45,2182050
2026-02-13 10:43:00,10:43:00,101.15,101.65,99.55,101.25,1236820
2026-02-13 10:44:00,10:44:00,79.7,83.4,79.05,82.95,923520
2026-02-13 10:45:00,10:45:00,82.65,85.5,81.8,85.5,1367145
2026-02-13 10:46:00,10:46:00,85.4,87.0,83.1,83.5,1737385
2026-02-13 10:47:00,10:47:00,83.7,87.4,83.5,85.9,1131390
2026-02-13 10:48:00,10:48:00,86.05,86.9,84.2,84.95,755885
2026-02-13 10:49:00,10:49:00,85.3,89.2,84.95,89.2,1056705
2026-02-13 10:50:00,10:50:00,89.4,93.9,89.2,90.3,3133065
2026-02-13 10:51:00,10:51:00,90.4,90.5,87.25,87.95,1296230
2026-02-13 10:52:00,10:52:00,87.35,87.95,85.0,85.0,1186250
2026-02-13 10:53:00,10:53:00,84.55,88.1,83.75,88.1,905125
2026-02-13 10:54:00,10:54:00,88.25,88.65,85.8,86.55,663390
2026-02-13 10:55:00,10:55:00,86.2,87.55,83.0,83.15,961350
2026-02-13 10:56:00,10:56:00,83.15,84.0,80.05,81.4,1094275
2026-02-13 10:57:00,10:57:00,81.45,84.45,80.65,83.6,649480
2026-02-13 10:58:00,10:58:00,83.75,85.5,82.35,83.95,671190
2026-02-13 10:59:00,10:59:00,84.1,86.45,83.95,86.15,607165
2026-02-13 11:00:00,11:00:00,86.15,88.95,85.7,85.75,1263665
2026-02-13 11:01:00,11:01:00,85.7,88.45,85.35,87.85,620425
2026-02-13 11:02:00,11:02:00,88.1,92.8,87.85,90.8,1984970
2026-02-13 11:03:00,11:03:00,91.3,91.9,88.2,88.3,941330
2026-02-13 11:04:00,11:04:00,88.2,92.2,88.15,91.75,943215
2026-02-13 11:05:00,11:05:00,91.65,93.15,90.9,92.8,1233830
2026-02-13 11:06:00,11:06:00,92.65,93.0,90.5,90.95,734695
2026-02-13 11:07:00,11:07:00,91.2,93.35,90.95,93.0,833950
2026-02-13 11:08:00,11:08:00,92.85,94.5,90.65,92.15,1251900
2026-02-13 11:09:00,11:09:00,92.55,95.5,91.8,93.65,1223430
2026-02-13 11:10:00,11:10:00,93.5,93.65,90.7,92.0,769990
2026-02-13 11:11:00,11:11:00,91.8,93.1,90.25,92.35,701545
2026-02-13 11:12:00,11:12:00,92.7,92.95,90.75,92.0,441480
2026-02-13 11:13:00,11:13:00,91.1,92.05,89.55,90.15,556660
2026-02-13 11:14:00,11:14:00,90.25,90.55,87.35,87.6,735735
2026-02-13 11:15:00,11:15:00,87.2,90.25,86.05,89.65,1101620
2026-02-13 11:16:00,11:16:00,89.2,92.75,89.0,92.2,1107275
2026-02-13 11:17:00,11:17:00,92.15,97.65,92.0,96.85,1841710
2026-02-13 11:18:00,11:18:00,97.1,98.9,95.6,98.5,1718795
2026-02-13 11:19:00,11:19:00,98.0,99.0,96.55,97.1,1077570
2026-02-13 11:20:00,11:20:00,97.2,98.25,96.1,97.1,778765
2026-02-13 11:21:00,11:21:00,96.85,97.4,94.55,96.15,801515
2026-02-13 11:22:00,11:22:00,96.3,98.85,95.5,97.65,1016340
2026-02-13 11:23:00,11:23:00,97.25,99.7,96.65,97.05,924950
2026-02-13 11:24:00,11:24:00,97.05,99.2,96.55,96.9,647075
2026-02-13 11:25:00,11:25:00,96.8,97.0,95.0,96.0,704405
2026-02-13 11:26:00,11:26:00,96.3,97.3,91.55,91.55,1083355
2026-02-13 11:27:00,11:27:00,91.35,93.75,90.85,92.7,903565
2026-02-13 11:28:00,11:28:00,92.95,95.0,91.65,93.5,705315
2026-02-13 11:29:00,11:29:00,92.85,93.9,90.1,91.2,705965
2026-02-13 11:30:00,11:30:00,90.8,98.5,90.15,98.25,1515215
2026-02-13 11:31:00,11:31:00,98.5,98.85,93.7,94.65,1163305
2026-02-13 11:32:00,11:32:00,94.6,98.65,94.2,96.75,708890
2026-02-13 11:33:00,11:33:00,97.1,97.25,93.2,95.6,566930
2026-02-13 11:34:00,11:34:00,95.5,99.65,95.5,99.0,685230
2026-02-13 11:35:00,11:35:00,99.25,99.25,96.05,96.75,774540
2026-02-13 11:36:00,11:36:00,96.4,99.25,95.8,98.65,536770
2026-02-13 11:37:00,11:37:00,97.8,98.65,95.85,96.2,545610
2026-02-13 11:38:00,11:38:00,95.7,99.15,95.05,99.0,548275
2026-02-13 11:39:00,11:39:00,98.85,99.2,96.6,98.3,497445
2026-02-13 11:40:00,11:40:00,98.0,98.55,96.7,98.55,358215
2026-02-13 11:41:00,11:41:00,98.8,101.4,97.4,97.9,1605305
2026-02-13 11:42:00,11:42:00,97.75,98.65,95.0,96.6,918840
2026-02-13 11:43:00,11:43:00,96.45,96.6,93.5,95.25,697580
2026-02-13 11:44:00,11:44:00,94.35,95.25,89.1,89.2,1426945
2026-02-13 11:45:00,11:45:00,89.25,92.35,88.8,90.35,1185015
2026-02-13 11:46:00,11:46:00,90.35,92.1,89.65,91.85,635310
2026-02-13 11:47:00,11:47:00,91.85,92.45,89.9,90.2,566280
2026-02-13 11:48:00,11:48:00,90.65,91.95,89.0,91.8,509015
2026-02-13 11:49:00,11:49:00,91.4,93.15,90.2,90.7,830830
2026-02-13 11:50:00,11:50:00,90.3,92.2,89.8,90.3,414960
2026-02-13 11:51:00,11:51:00,90.2,90.7,87.9,89.25,840840
2026-02-13 11:52:00,11:52:00,89.65,91.5,89.25,90.1,462735
2026-02-13 11:53:00,11:53:00,90.0,90.45,88.2,89.0,397410
2026-02-13 11:54:00,11:54:00,88.55,90.35,87.6,90.25,497575
2026-02-13 11:55:00,11:55:00,90.35,91.7,88.05,88.6,655200
2026-02-13 11:56:00,11:56:00,88.4,90.6,86.7,89.5,521105
2026-02-13 11:57:00,11:57:00,89.3,90.35,87.15,88.0,432965
2026-02-13 11:58:00,11:58:00,88.0,88.55,86.2,88.3,894595
2026-02-13 11:59:00,11:59:00,88.45,89.75,86.05,86.05,662480
2026-02-13 12:00:00,12:00:00,86.25,87.15,84.0,86.8,1018745
2026-02-13 12:01:00,12:01:00,86.65,87.45,85.4,86.4,455195
2026-02-13 12:02:00,12:02:00,86.4,86.9,82.6,83.45,847015
2026-02-13 12:03:00,12:03:00,83.3,84.8,82.75,83.75,634270
2026-02-13 12:04:00,12:04:00,84.45,88.75,83.75,86.5,1139710
2026-02-13 12:05:00,12:05:00,86.0,86.5,84.7,85.55,637390
2026-02-13 12:06:00,12:06:00,85.25,85.9,80.55,80.95,941720
2026-02-13 12:07:00,12:07:00,80.6,84.35,80.6,83.8,791505
2026-02-13 12:08:00,12:08:00,83.45,84.5,82.9,84.35,500825
2026-02-13 12:09:00,12:09:00,84.15,84.35,80.9,84.25,762775
2026-02-13 12:10:00,12:10:00,84.25,86.05,84.0,85.45,806455
2026-02-13 12:11:00,12:11:00,85.25,85.45,81.65,83.4,661765
2026-02-13 12:12:00,12:12:00,83.05,85.5,81.55,84.65,574860
2026-02-13 12:13:00,12:13:00,84.6,85.3,83.15,84.25,464815
2026-02-13 12:14:00,12:14:00,84.05,85.1,82.45,82.95,406835
2026-02-13 12:15:00,12:15:00,82.7,84.85,82.2,84.85,398385
2026-02-13 12:16:00,12:16:00,85.25,86.0,84.25,85.9,896805
2026-02-13 12:17:00,12:17:00,85.35,87.75,84.5,86.75,1037140
2026-02-13 12:18:00,12:18:00,86.85,87.0,83.55,84.85,793715
2026-02-13 12:19:00,12:19:00,84.6,85.6,82.35,82.65,607165
2026-02-13 12:20:00,12:20:00,105.45,107.3,104.0,104.45,856375
2026-02-13 12:21:00,12:21:00,81.85,83.5,81.5,82.55,497770
2026-02-13 12:22:00,12:22:00,104.6,106.0,104.2,104.7,428090
2026-02-13 12:23:00,12:23:00,81.95,82.9,81.0,82.35,486460
2026-02-13 12:24:00,12:24:00,104.8,105.4,102.2,103.35,1163045
2026-02-13 12:25:00,12:25:00,103.05,104.5,102.35,102.35,600990
2026-02-13 12:26:00,12:26:00,102.65,102.7,99.05,100.3,1831570
2026-02-13 12:27:00,12:27:00,99.75,100.55,90.85,91.85,3175315
2026-02-13 12:28:00,12:28:00,91.65,97.7,91.65,97.7,2856490
2026-02-13 12:29:00,12:29:00,97.5,100.4,97.1,98.8,2009215
2026-02-13 12:30:00,12:30:00,99.45,103.25,98.6,101.4,2261220
2026-02-13 12:31:00,12:31:00,100.75,102.45,99.0,100.6,1468740
2026-02-13 12:32:00,12:32:00,100.35,102.95,99.6,99.9,1200095
2026-02-13 12:33:00,12:33:00,99.55,101.1,97.95,98.8,861185
2026-02-13 12:34:00,12:34:00,98.6,98.9,91.15,94.0,2334800
2026-02-13 12:35:00,12:35:00,94.0,96.8,93.8,96.1,1631955
2026-02-13 12:36:00,12:36:00,96.0,99.4,96.0,98.55,1485510
2026-02-13 12:37:00,12:37:00,98.85,101.95,97.85,98.05,1812070
2026-02-13 12:38:00,12:38:00,97.55,99.0,96.4,98.25,822055
2026-02-13 12:39:00,12:39:00,98.35,99.4,95.95,96.25,743275
2026-02-13 12:40:00,12:40:00,96.4,99.5,96.2,98.7,785980
2026-02-13 12:41:00,12:41:00,98.4,102.6,98.1,102.6,1245400
2026-02-13 12:42:00,12:42:00,102.45,102.65,98.55,99.5,1173315
2026-02-13 12:43:00,12:43:00,99.4,101.5,99.4,100.0,730405
2026-02-13 12:44:00,12:44:00,99.45,100.45,98.55,100.35,538785
2026-02-13 12:45:00,12:45:00,100.25,100.55,97.5,97.5,747435
2026-02-13 12:46:00,12:46:00,97.4,97.5,93.55,96.2,1643915
2026-02-13 12:47:00,12:47:00,96.2,99.95,96.2,99.95,1056900
2026-02-13 12:48:00,12:48:00,99.7,103.35,99.1,101.7,2073955
2026-02-13 12:49:00,12:49:00,79.45,82.4,78.7,81.75,1726010
2026-02-13 12:50:00,12:50:00,81.5,85.4,81.5,84.3,2436330
2026-02-13 12:51:00,12:51:00,83.65,84.3,80.9,82.35,1362270
2026-02-13 12:52:00,12:52:00,82.55,84.45,82.25,84.05,963885
2026-02-13 12:53:00,12:53:00,83.9,85.4,82.4,85.4,1255735
2026-02-13 12:54:00,12:54:00,85.4,86.15,84.55,85.3,1351090
2026-02-13 12:55:00,12:55:00,85.1,87.7,84.55,87.4,1302925
2026-02-13 12:56:00,12:56:00,87.15,88.65,86.45,87.75,1905475
2026-02-13 12:57:00,12:57:00,88.05,88.5,84.35,84.4,1420185
2026-02-13 12:58:00,12:58:00,84.15,87.75,83.05,87.3,1612910
2026-02-13 12:59:00,12:59:00,87.0,89.8,86.4,88.85,1931215
2026-02-13 13:00:00,13:00:00,88.35,89.0,85.15,87.4,1146925
2026-02-13 13:01:00,13:01:00,87.45,89.9,86.4,89.15,1085630
2026-02-13 13:02:00,13:02:00,89.1,93.6,88.75,92.65,1950000
2026-02-13 13:03:00,13:03:00,92.75,95.4,92.1,92.1,2376270
2026-02-13 13:04:00,13:04:00,91.45,93.55,90.8,91.5,1025830
2026-02-13 13:05:00,13:05:00,91.6,93.35,90.5,91.45,912795
2026-02-13 13:06:00,13:06:00,91.5,93.75,91.45,93.5,799175
2026-02-13 13:07:00,13:07:00,93.0,94.1,91.5,91.5,890955
2026-02-13 13:08:00,13:08:00,91.05,91.8,89.45,90.05,1050335
2026-02-13 13:09:00,13:09:00,89.3,90.05,87.1,87.6,1238380
2026-02-13 13:10:00,13:10:00,87.5,89.45,86.7,88.05,883480
2026-02-13 13:11:00,13:11:00,88.1,88.1,82.55,83.0,1330485
2026-02-13 13:12:00,13:12:00,82.7,83.35,79.7,81.2,1535495
2026-02-13 13:13:00,13:13:00,81.65,82.45,80.55,82.2,713180
2026-02-13 13:14:00,13:14:00,82.15,83.2,79.65,79.65,870025
2026-02-13 13:15:00,13:15:00,102.5,102.75,98.8,100.85,1503255
2026-02-13 13:16:00,13:16:00,78.2,82.0,77.35,80.75,1087580
2026-02-13 13:17:00,13:17:00,81.0,81.45,79.85,80.2,764595
2026-02-13 13:18:00,13:18:00,103.15,103.6,99.2,99.3,776750
2026-02-13 13:19:00,13:19:00,99.0,99.85,97.55,98.6,978120
2026-02-13 13:20:00,13:20:00,76.95,80.8,76.65,80.55,1120535
2026-02-13 13:21:00,13:21:00,80.7,82.25,80.55,81.05,1109030
2026-02-13 13:22:00,13:22:00,80.65,82.3,80.65,81.55,755755
2026-02-13 13:23:00,13:23:00,81.85,87.45,81.55,86.2,2145780
2026-02-13 13:24:00,13:24:00,86.15,86.8,84.1,86.8,1061320
2026-02-13 13:25:00,13:25:00,87.35,88.9,85.55,87.95,1419210
2026-02-13 13:26:00,13:26:00,87.8,89.4,86.55,88.8,1066585
2026-02-13 13:27:00,13:27:00,88.75,89.0,86.4,87.6,886990
2026-02-13 13:28:00,13:28:00,87.35,87.6,84.8,85.1,851435
2026-02-13 13:29:00,13:29:00,85.0,87.6,83.4,87.6,954915
2026-02-13 13:30:00,13:30:00,87.4,88.35,85.4,86.5,774475
2026-02-13 13:31:00,13:31:00,86.3,89.25,86.3,89.25,710190
2026-02-13 13:32:00,13:32:00,89.15,91.85,88.75,90.25,1640405
2026-02-13 13:33:00,13:33:00,90.65,90.75,86.45,87.1,1140230
2026-02-13 13:34:00,13:34:00,86.95,89.25,86.5,88.7,612300
2026-02-13 13:35:00,13:35:00,88.35,88.7,86.55,87.85,465985
2026-02-13 13:36:00,13:36:00,87.45,88.25,85.15,85.25,536445
2026-02-13 13:37:00,13:37:00,85.2,85.3,82.0,83.1,1187680
2026-02-13 13:38:00,13:38:00,83.0,88.15,83.0,87.15,950365
2026-02-13 13:39:00,13:39:00,87.25,88.35,86.25,87.2,702390
2026-02-13 13:40:00,13:40:00,86.95,88.05,85.05,86.9,497640
2026-02-13 13:41:00,13:41:00,86.75,87.95,84.8,85.0,473070
2026-02-13 13:42:00,13:42:00,85.0,85.5,83.75,84.95,481780
2026-02-13 13:43:00,13:43:00,85.05,89.1,84.9,88.55,756925
2026-02-13 13:44:00,13:44:00,88.9,91.1,87.9,91.1,976950
2026-02-13 13:45:00,13:45:00,91.0,92.65,90.0,92.65,1483365
2026-02-13 13:46:00,13:46:00,92.4,98.35,91.25,96.35,2243410
2026-02-13 13:47:00,13:47:00,75.45,83.15,75.15,83.1,4698915
2026-02-13 13:48:00,13:48:00,83.05,83.35,78.45,81.85,3346850
2026-02-13 13:49:00,13:49:00,82.0,91.75,81.35,88.6,6774690
2026-02-13 13:50:00,13:50:00,88.65,90.5,85.95,89.6,2761395
2026-02-13 13:51:00,13:51:00,89.75,95.0,88.05,93.8,3978520
2026-02-13 13:52:00,13:52:00,94.6,94.6,86.45,88.35,3122535
2026-02-13 13:53:00,13:53:00,88.1,93.0,88.1,90.1,2003755
2026-02-13 13:54:00,13:54:00,90.0,90.35,85.65,85.9,1652495
2026-02-13 13:55:00,13:55:00,86.05,86.35,81.6,84.1,2784405
2026-02-13 13:56:00,13:56:00,84.15,85.4,82.7,84.45,1350440
2026-02-13 13:57:00,13:57:00,107.1,107.35,102.05,104.9,771940
2026-02-13 13:58:00,13:58:00,104.1,105.95,100.55,101.6,762710
2026-02-13 13:59:00,13:59:00,78.7,82.25,77.65,81.2,1816685
2026-02-13 14:00:00,14:00:00,81.55,84.6,79.7,84.05,2021825
2026-02-13 14:01:00,14:01:00,83.85,86.8,83.35,86.8,2385760
2026-02-13 14:02:00,14:02:00,109.9,110.3,101.75,101.75,1129635
2026-02-13 14:03:00,14:03:00,102.4,104.0,100.35,101.65,769145
2026-02-13 14:04:00,14:04:00,101.4,103.4,100.3,102.85,544505
2026-02-13 14:05:00,14:05:00,103.3,104.0,97.3,99.35,1154985
2026-02-13 14:06:00,14:06:00,99.5,101.05,96.15,101.05,942825
2026-02-13 14:07:00,14:07:00,101.5,103.55,100.95,102.2,963105
2026-02-13 14:08:00,14:08:00,79.9,85.7,79.8,84.8,1882855
2026-02-13 14:09:00,14:09:00,84.85,86.3,83.15,84.4,1992835
2026-02-13 14:10:00,14:10:00,84.3,86.2,83.65,84.2,1451255
2026-02-13 14:11:00,14:11:00,106.9,107.45,100.25,102.6,1045460
2026-02-13 14:12:00,14:12:00,102.75,103.65,100.75,101.05,567515
2026-02-13 14:13:00,14:13:00,101.0,103.3,99.9,101.6,581035
2026-02-13 14:14:00,14:14:00,101.55,102.7,99.5,99.5,529880
2026-02-13 14:15:00,14:15:00,99.0,101.6,97.55,100.9,977860
2026-02-13 14:16:00,14:16:00,101.0,101.2,98.55,99.8,451165
2026-02-13 14:17:00,14:17:00,99.8,102.45,98.9,100.2,660790
2026-02-13 14:18:00,14:18:00,100.6,102.05,99.7,101.9,486850
2026-02-13 14:19:00,14:19:00,102.15,103.15,101.05,101.15,670020
2026-02-13 14:20:00,14:20:00,101.3,101.8,98.5,99.2,613405
2026-02-13 14:21:00,14:21:00,77.5,82.65,77.3,82.6,1243645
2026-02-13 14:22:00,14:22:00,82.0,83.9,80.7,83.0,1713205
2026-02-13 14:23:00,14:23:00,82.9,84.75,81.6,82.4,1409590
2026-02-13 14:24:00,14:24:00,104.9,105.05,101.0,101.0,641095
2026-02-13 14:25:00,14:25:00,101.65,101.65,98.55,99.7,969800
2026-02-13 14:26:00,14:26:00,99.4,100.85,97.9,100.55,732290
2026-02-13 14:27:00,14:27:00,100.2,101.1,99.6,100.55,440050
2026-02-13 14:28:00,14:28:00,100.65,101.35,97.8,98.35,662740
2026-02-13 14:29:00,14:29:00,98.25,100.7,97.65,100.7,543335
2026-02-13 14:30:00,14:30:00,99.7,103.0,98.4,102.05,644930
2026-02-13 14:31:00,14:31:00,101.55,103.85,101.2,101.9,888290
2026-02-13 14:32:00,14:32:00,101.55,104.85,101.05,104.65,658190
2026-02-13 14:33:00,14:33:00,81.95,84.5,81.95,83.65,1439815
2026-02-13 14:34:00,14:34:00,83.9,90.0,83.45,88.85,3106740
2026-02-13 14:35:00,14:35:00,87.3,88.85,84.25,86.75,2421770
2026-02-13 14:36:00,14:36:00,86.75,92.25,85.4,92.25,1985295
2026-02-13 14:37:00,14:37:00,91.45,93.35,89.4,92.3,3209115
2026-02-13 14:38:00,14:38:00,92.0,94.7,89.55,89.55,3514550
2026-02-13 14:39:00,14:39:00,89.0,89.55,83.1,86.35,2931435
2026-02-13 14:40:00,14:40:00,86.05,90.55,86.05,88.0,2037620
2026-02-13 14:41:00,14:41:00,87.85,91.2,85.55,90.5,1773200
2026-02-13 14:42:00,14:42:00,90.1,91.75,87.25,87.25,1596465
2026-02-13 14:43:00,14:43:00,87.15,87.55,85.5,87.5,1245855
2026-02-13 14:44:00,14:44:00,86.85,89.4,86.35,88.9,943345
2026-02-13 14:45:00,14:45:00,89.1,89.55,87.3,88.55,900640
2026-02-13 14:46:00,14:46:00,87.8,91.25,87.8,88.75,1266265
2026-02-13 14:47:00,14:47:00,88.5,90.3,87.9,88.55,659880
2026-02-13 14:48:00,14:48:00,88.65,90.4,87.0,87.7,1120405
2026-02-13 14:49:00,14:49:00,87.85,92.15,87.5,90.3,1226940
2026-02-13 14:50:00,14:50:00,90.1,91.45,87.6,90.5,1465360
2026-02-13 14:51:00,14:51:00,89.65,90.5,87.15,87.5,1239680
2026-02-13 14:52:00,14:52:00,87.45,87.7,85.5,87.2,1395550
2026-02-13 14:53:00,14:53:00,87.1,88.25,86.2,86.65,820820
2026-02-13 14:54:00,14:54:00,86.75,88.3,85.4,88.2,858975
2026-02-13 14:55:00,14:55:00,88.05,88.8,87.0,87.25,647985
2026-02-13 14:56:00,14:56:00,86.8,87.75,83.9,86.0,1492205
2026-02-13 14:57:00,14:57:00,85.75,86.05,83.6,84.5,1208350
2026-02-13 14:58:00,14:58:00,84.5,86.5,82.65,84.4,1596595
2026-02-13 14:59:00,14:59:00,83.9,86.8,83.3,86.25,1123850
2026-02-13 15:00:00,15:00:00,84.65,106.45,84.4,103.4,7436585
2026-02-13 15:01:00,15:01:00,103.4,109.9,100.3,106.7,6128915
2026-02-13 15:02:00,15:02:00,105.45,106.7,96.6,96.6,3733600
2026-02-13 15:03:00,15:03:00,95.9,100.6,95.6,98.05,2405130
2026-02-13 15:04:00,15:04:00,98.15,103.6,97.9,103.0,2146885
2026-02-13 15:05:00,15:05:00,103.35,108.05,102.15,108.05,2863315
2026-02-13 15:06:00,15:06:00,108.3,115.35,107.45,112.8,4744675
2026-02-13 15:07:00,15:07:00,112.4,118.9,110.8,117.95,3248960
2026-02-13 15:08:00,15:08:00,117.4,118.3,113.9,117.9,3081390
2026-02-13 15:09:00,15:09:00,117.6,122.0,114.1,114.7,3215810
2026-02-13 15:10:00,15:10:00,115.95,115.95,110.55,114.25,2174640
2026-02-13 15:11:00,15:11:00,113.5,114.25,111.15,111.65,1143805
2026-02-13 15:12:00,15:12:00,111.6,117.45,111.6,116.55,1800565
2026-02-13 15:13:00,15:13:00,115.95,116.6,112.95,113.65,1059370
2026-02-13 15:14:00,15:14:00,113.8,114.4,111.25,113.8,1027845
2026-02-13 15:15:00,15:15:00,112.85,113.8,108.35,109.2,1859325
2026-02-13 15:16:00,15:16:00,109.15,111.25,106.05,110.9,1599455
2026-02-13 15:17:00,15:17:00,88.75,90.25,86.5,89.5,738140
2026-02-13 15:18:00,15:18:00,109.9,111.6,104.8,108.65,1403610
2026-02-13 15:19:00,15:19:00,108.4,108.65,103.25,104.0,1178385
2026-02-13 15:20:00,15:20:00,103.85,106.2,101.4,105.9,1470040
2026-02-13 15:21:00,15:21:00,106.0,109.95,105.75,109.3,1287000
2026-02-13 15:22:00,15:22:00,109.05,111.0,108.25,110.45,1047735
2026-02-13 15:23:00,15:23:00,89.1,95.15,88.95,91.7,1215890
2026-02-13 15:24:00,15:24:00,91.2,95.5,91.2,95.5,1009385
2026-02-13 15:25:00,15:25:00,95.0,97.15,93.55,97.05,977210
2026-02-13 15:26:00,15:26:00,98.0,121.6,97.05,119.05,2092935
2026-02-13 15:27:00,15:27:00,119.6,122.55,113.5,122.55,1333540
2026-02-13 15:28:00,15:28:00,123.25,123.6,114.15,115.95,1104285
2026-02-13 15:29:00,15:29:00,116.2,117.05,109.7,117.05,980525
2026-02-16 09:15:00,09:15:00,110.9,159.0,110.9,141.0,2568995
2026-02-16 09:16:00,09:16:00,138.5,141.0,115.1,122.35,2568995
2026-02-16 09:17:00,09:17:00,120.65,125.55,118.8,119.15,1826565
2026-02-16 09:18:00,09:18:00,118.95,121.1,113.4,117.6,1922375
2026-02-16 09:19:00,09:19:00,116.05,117.6,105.0,105.0,2233660
2026-02-16 09:20:00,09:20:00,105.6,111.4,102.0,107.65,2906930
2026-02-16 09:21:00,09:21:00,107.2,109.05,100.8,104.2,1962805
2026-02-16 09:22:00,09:22:00,132.35,132.55,123.8,126.85,597090
2026-02-16 09:23:00,09:23:00,126.6,126.85,118.35,120.4,696735
2026-02-16 09:24:00,09:24:00,120.7,127.6,120.25,120.25,616330
2026-02-16 09:25:00,09:25:00,92.65,101.4,92.6,97.6,2381210
2026-02-16 09:26:00,09:26:00,98.55,104.65,97.6,102.75,3286270
2026-02-16 09:27:00,09:27:00,104.45,108.15,100.2,100.45,3359135
2026-02-16 09:28:00,09:28:00,130.55,131.2,119.35,119.4,829530
2026-02-16 09:29:00,09:29:00,93.05,98.75,92.25,98.75,1623505
2026-02-16 09:30:00,09:30:00,126.9,128.0,114.0,115.0,841555
2026-02-16 09:31:00,09:31:00,114.65,115.45,106.8,112.2,907595
2026-02-16 09:32:00,09:32:00,110.15,112.45,108.9,111.7,498030
2026-02-16 09:33:00,09:33:00,112.0,112.0,102.85,103.25,853645
2026-02-16 09:34:00,09:34:00,104.0,105.45,98.55,101.95,1193985
2026-02-16 09:35:00,09:35:00,101.9,105.65,101.5,104.8,946855
2026-02-16 09:36:00,09:36:00,103.8,107.85,103.7,107.3,902720
2026-02-16 09:37:00,09:37:00,107.2,114.1,107.1,111.8,1222000
2026-02-16 09:38:00,09:38:00,112.0,114.7,109.35,114.55,749970
2026-02-16 09:39:00,09:39:00,113.9,114.85,110.7,110.8,623935
2026-02-16 09:40:00,09:40:00,110.3,121.45,110.0,119.35,1409655
2026-02-16 09:41:00,09:41:00,119.15,124.45,117.0,117.0,1287715
2026-02-16 09:42:00,09:42:00,116.45,117.3,113.15,116.7,649220
2026-02-16 09:43:00,09:43:00,88.7,98.5,88.7,98.0,4475315
2026-02-16 09:44:00,09:44:00,97.85,103.6,97.7,100.9,4895215
2026-02-16 09:45:00,09:45:00,101.4,103.7,97.4,102.45,3375255
2026-02-16 09:46:00,09:46:00,102.0,103.65,94.05,96.1,3256695
2026-02-16 09:47:00,09:47:00,97.35,101.4,96.1,98.55,1913795
2026-02-16 09:48:00,09:48:00,98.55,104.35,98.55,103.0,2509520
2026-02-16 09:49:00,09:49:00,103.45,107.55,102.6,102.65,3577795
2026-02-16 09:50:00,09:50:00,102.8,106.25,100.85,104.0,2129205
2026-02-16 09:51:00,09:51:00,104.95,112.35,104.0,109.8,4824560
2026-02-16 09:52:00,09:52:00,110.8,116.25,109.8,112.0,4542655
2026-02-16 09:53:00,09:53:00,112.0,112.0,101.5,104.7,3668080
2026-02-16 09:54:00,09:54:00,104.2,106.1,96.95,96.95,2310555
2026-02-16 09:55:00,09:55:00,126.05,131.45,121.1,122.4,637780
2026-02-16 09:56:00,09:56:00,93.7,95.9,91.3,95.0,1916915
2026-02-16 09:57:00,09:57:00,124.45,125.25,111.1,112.2,793065
2026-02-16 09:58:00,09:58:00,112.2,114.9,109.2,114.1,638755
2026-02-16 09:59:00,09:59:00,114.6,116.35,108.75,108.95,584155
2026-02-16 10:00:00,10:00:00,108.5,109.4,101.7,107.85,1055080
2026-02-16 10:01:00,10:01:00,106.3,107.85,98.7,99.75,1067040
2026-02-16 10:02:00,10:02:00,101.5,102.5,93.5,95.7,1435590
2026-02-16 10:03:00,10:03:00,95.7,95.75,91.3,93.5,1337440
2026-02-16 10:04:00,10:04:00,122.4,126.7,119.9,120.1,931450
2026-02-16 10:05:00,10:05:00,119.75,121.65,118.1,120.95,747760
2026-02-16 10:06:00,10:06:00,92.1,95.9,90.25,95.9,986700
2026-02-16 10:07:00,10:07:00,95.7,98.55,95.35,96.3,1553760
2026-02-16 10:08:00,10:08:00,96.55,99.85,95.5,95.7,1014975
2026-02-16 10:09:00,10:09:00,95.5,97.25,93.35,94.25,644475
2026-02-16 10:10:00,10:10:00,94.35,96.7,93.85,96.45,475280
2026-02-16 10:11:00,10:11:00,95.3,96.45,90.7,93.8,891085
2026-02-16 10:12:00,10:12:00,122.85,122.9,106.8,107.0,1433640
2026-02-16 10:13:00,10:13:00,107.2,107.65,103.65,106.25,1388790
2026-02-16 10:14:00,10:14:00,107.35,113.4,106.25,107.6,1304680
2026-02-16 10:15:00,10:15:00,107.7,110.1,103.65,109.65,1013480
2026-02-16 10:16:00,10:16:00,109.9,112.35,109.15,109.6,1099345
2026-02-16 10:17:00,10:17:00,109.75,110.35,106.6,109.9,619515
2026-02-16 10:18:00,10:18:00,109.35,109.9,106.1,107.05,436930
2026-02-16 10:19:00,10:19:00,106.5,109.5,106.1,109.3,491985
2026-02-16 10:20:00,10:20:00,109.4,112.8,107.25,112.6,871975
2026-02-16 10:21:00,10:21:00,112.9,114.3,109.1,111.65,1001650
2026-02-16 10:22:00,10:22:00,110.9,112.55,110.3,111.65,470860
2026-02-16 10:23:00,10:23:00,111.5,115.15,110.7,114.75,805285
2026-02-16 10:24:00,10:24:00,114.6,118.5,113.15,117.75,1144585
2026-02-16 10:25:00,10:25:00,119.05,120.7,114.9,118.85,1238445
2026-02-16 10:26:00,10:26:00,91.55,92.5,89.6,90.95,1076010
2026-02-16 10:27:00,10:27:00,91.3,92.9,90.75,91.6,991965
2026-02-16 10:28:00,10:28:00,91.35,93.35,90.4,93.2,859170
2026-02-16 10:29:00,10:29:00,121.25,121.7,116.25,118.35,610740
2026-02-16 10:30:00,10:30:00,90.65,92.25,89.95,91.75,753350
2026-02-16 10:31:00,10:31:00,119.15,121.5,115.25,116.6,610220
2026-02-16 10:32:00,10:32:00,116.4,118.75,114.55,115.0,496990
2026-02-16 10:33:00,10:33:00,114.95,115.8,111.2,111.3,875420
2026-02-16 10:34:00,10:34:00,112.05,116.4,111.3,115.35,474500
2026-02-16 10:35:00,10:35:00,113.8,117.6,112.55,116.55,565305
2026-02-16 10:36:00,10:36:00,116.5,116.55,112.95,114.4,318955
2026-02-16 10:37:00,10:37:00,114.45,118.1,114.4,118.0,375310
2026-02-16 10:38:00,10:38:00,89.35,92.5,89.2,91.35,1103245
2026-02-16 10:39:00,10:39:00,119.1,119.4,114.85,116.2,482820
2026-02-16 10:40:00,10:40:00,116.3,116.7,112.6,112.6,460785
2026-02-16 10:41:00,10:41:00,112.6,114.45,110.65,111.3,545805
2026-02-16 10:42:00,10:42:00,110.95,118.6,110.9,118.6,434720
2026-02-16 10:43:00,10:43:00,90.4,92.5,87.85,89.7,1499810
2026-02-16 10:44:00,10:44:00,117.7,119.2,114.6,115.5,375050
2026-02-16 10:45:00,10:45:00,115.45,117.4,114.4,117.0,264030
2026-02-16 10:46:00,10:46:00,89.25,91.8,87.9,87.9,855205
2026-02-16 10:47:00,10:47:00,115.3,115.45,111.05,111.05,670540
2026-02-16 10:48:00,10:48:00,84.3,88.5,82.75,88.3,1046760
2026-02-16 10:49:00,10:49:00,88.4,93.0,88.3,92.5,1559805
2026-02-16 10:50:00,10:50:00,92.6,96.15,92.5,93.95,2167295
2026-02-16 10:51:00,10:51:00,94.55,95.15,88.55,88.85,1384305
2026-02-16 10:52:00,10:52:00,88.7,92.75,87.05,92.45,1156025
2026-02-16 10:53:00,10:53:00,92.15,95.0,90.75,92.35,954655
2026-02-16 10:54:00,10:54:00,93.0,94.9,92.35,92.75,628615
2026-02-16 10:55:00,10:55:00,92.9,94.7,90.0,93.9,830375
2026-02-16 10:56:00,10:56:00,93.65,95.4,92.3,92.3,896090
2026-02-16 10:57:00,10:57:00,92.5,93.7,92.25,92.45,480155
2026-02-16 10:58:00,10:58:00,91.45,92.45,89.8,90.5,753155
2026-02-16 10:59:00,10:59:00,89.9,90.5,88.6,88.6,598000
2026-02-16 11:00:00,11:00:00,88.45,93.7,87.45,92.95,918645
2026-02-16 11:01:00,11:01:00,92.95,98.15,92.85,97.8,1520610
2026-02-16 11:02:00,11:02:00,98.35,98.75,93.2,95.7,1141985
2026-02-16 11:03:00,11:03:00,95.6,97.95,90.3,91.25,928980
2026-02-16 11:04:00,11:04:00,119.9,119.9,112.0,113.4,1047670
2026-02-16 11:05:00,11:05:00,113.05,115.9,109.3,113.4,897130
2026-02-16 11:06:00,11:06:00,113.2,116.65,111.55,112.75,469625
2026-02-16 11:07:00,11:07:00,112.85,114.5,111.0,114.35,317525
2026-02-16 11:08:00,11:08:00,113.75,115.3,112.65,113.95,267670
2026-02-16 11:09:00,11:09:00,113.9,115.85,111.75,111.95,290290
2026-02-16 11:10:00,11:10:00,111.9,114.2,111.85,113.85,171470
2026-02-16 11:11:00,11:11:00,114.05,117.55,112.85,117.55,397410
2026-02-16 11:12:00,11:12:00,117.8,118.6,111.95,113.85,456495
2026-02-16 11:13:00,11:13:00,113.75,114.15,111.2,112.05,396695
2026-02-16 11:14:00,11:14:00,111.9,112.95,111.0,111.5,264745
2026-02-16 11:15:00,11:15:00,111.7,114.5,109.95,111.0,832910
2026-02-16 11:16:00,11:16:00,110.85,114.15,110.85,113.8,306215
2026-02-16 11:17:00,11:17:00,113.2,113.8,108.45,109.95,579475
2026-02-16 11:18:00,11:18:00,110.3,112.6,109.7,110.5,375050
2026-02-16 11:19:00,11:19:00,110.2,112.8,108.7,112.3,491530
2026-02-16 11:20:00,11:20:00,112.5,112.55,109.0,109.35,364975
2026-02-16 11:21:00,11:21:00,109.95,111.95,108.3,110.5,309725
2026-02-16 11:22:00,11:22:00,110.25,110.85,107.75,109.6,381550
2026-02-16 11:23:00,11:23:00,109.65,111.0,109.15,109.15,284700
2026-02-16 11:24:00,11:24:00,107.75,108.65,103.8,104.8,1101295
2026-02-16 11:25:00,11:25:00,105.0,111.3,102.25,110.7,1100840
2026-02-16 11:26:00,11:26:00,83.15,87.55,83.15,87.25,2031250
2026-02-16 11:27:00,11:27:00,115.55,115.9,110.65,113.25,807820
2026-02-16 11:28:00,11:28:00,84.65,87.8,83.8,87.65,629070
2026-02-16 11:29:00,11:29:00,87.9,93.55,87.65,90.2,2361645
2026-02-16 11:30:00,11:30:00,90.3,91.8,87.9,89.15,1300065
2026-02-16 11:31:00,11:31:00,89.35,90.75,87.1,87.5,852410
2026-02-16 11:32:00,11:32:00,88.0,88.25,85.2,86.0,715260
2026-02-16 11:33:00,11:33:00,114.1,114.2,111.4,112.95,446810
2026-02-16 11:34:00,11:34:00,84.7,91.1,84.0,90.9,880555
2026-02-16 11:35:00,11:35:00,91.2,93.45,90.25,92.95,1304095
2026-02-16 11:36:00,11:36:00,93.3,93.6,88.55,88.55,893815
2026-02-16 11:37:00,11:37:00,88.35,90.6,86.35,90.1,681655
2026-02-16 11:38:00,11:38:00,118.95,119.85,116.2,116.75,268060
2026-02-16 11:39:00,11:39:00,116.5,116.75,112.95,116.25,501865
2026-02-16 11:40:00,11:40:00,87.45,91.25,86.85,89.15,688870
2026-02-16 11:41:00,11:41:00,89.05,91.95,89.0,89.2,551785
2026-02-16 11:42:00,11:42:00,117.6,119.0,114.35,114.35,378495
2026-02-16 11:43:00,11:43:00,86.3,89.5,85.4,89.1,367250
2026-02-16 11:44:00,11:44:00,90.0,91.7,89.1,90.95,619645
2026-02-16 11:45:00,11:45:00,91.05,92.9,90.5,92.75,741130
2026-02-16 11:46:00,11:46:00,92.5,100.2,92.3,98.0,2504515
2026-02-16 11:47:00,11:47:00,98.3,98.7,91.5,94.1,1452620
2026-02-16 11:48:00,11:48:00,94.25,96.45,93.75,94.15,798525
2026-02-16 11:49:00,11:49:00,93.8,94.5,91.0,92.65,660400
2026-02-16 11:50:00,11:50:00,92.75,93.15,90.8,90.8,500045
2026-02-16 11:51:00,11:51:00,91.1,94.6,90.8,93.45,527670
2026-02-16 11:52:00,11:52:00,93.4,95.0,91.75,95.0,491660
2026-02-16 11:53:00,11:53:00,94.95,95.65,93.95,95.4,671060
2026-02-16 11:54:00,11:54:00,95.1,98.3,94.45,97.8,899210
2026-02-16 11:55:00,11:55:00,97.55,98.0,94.6,95.1,784875
2026-02-16 11:56:00,11:56:00,94.75,95.85,91.9,92.15,735410
2026-02-16 11:57:00,11:57:00,91.95,92.4,89.15,89.4,1073280
2026-02-16 11:58:00,11:58:00,89.15,89.85,87.5,88.25,851500
2026-02-16 11:59:00,11:59:00,116.85,117.5,113.7,114.25,511225
2026-02-16 12:00:00,12:00:00,114.25,115.35,112.65,112.65,455715
2026-02-16 12:01:00,12:01:00,112.3,114.0,110.55,113.45,658970
2026-02-16 12:02:00,12:02:00,113.8,113.8,109.4,112.35,613535
2026-02-16 12:03:00,12:03:00,111.5,112.35,108.9,108.95,362440
2026-02-16 12:04:00,12:04:00,108.6,112.95,108.6,110.4,336700
2026-02-16 12:05:00,12:05:00,110.0,111.7,109.5,111.35,287495
2026-02-16 12:06:00,12:06:00,110.75,111.35,108.35,111.15,487110
2026-02-16 12:07:00,12:07:00,110.85,112.35,108.3,109.4,333450
2026-02-16 12:08:00,12:08:00,109.4,109.5,107.25,108.35,420485
2026-02-16 12:09:00,12:09:00,108.25,109.9,107.6,107.95,275990
2026-02-16 12:10:00,12:10:00,107.8,108.2,104.05,104.05,811655
2026-02-16 12:11:00,12:11:00,103.5,104.05,99.8,103.1,1517685
2026-02-16 12:12:00,12:12:00,102.8,104.0,101.8,102.3,665925
2026-02-16 12:13:00,12:13:00,102.2,103.6,101.2,103.6,524550
2026-02-16 12:14:00,12:14:00,103.3,105.1,102.0,104.7,597870
2026-02-16 12:15:00,12:15:00,104.7,110.4,104.25,110.05,1171170
2026-02-16 12:16:00,12:16:00,110.0,111.15,103.7,103.7,1062100
2026-02-16 12:17:00,12:17:00,103.55,104.6,100.05,100.05,818545
2026-02-16 12:18:00,12:18:00,99.75,100.05,97.25,98.1,1177150
2026-02-16 12:19:00,12:19:00,97.85,98.1,93.65,96.5,1340105
2026-02-16 12:20:00,12:20:00,95.85,99.9,94.45,99.6,1047150
2026-02-16 12:21:00,12:21:00,99.15,99.75,97.0,99.0,696150
2026-02-16 12:22:00,12:22:00,99.15,100.65,97.4,97.65,830895
2026-02-16 12:23:00,12:23:00,97.55,98.6,96.9,97.8,361140
2026-02-16 12:24:00,12:24:00,97.55,98.9,95.7,96.65,492310
2026-02-16 12:25:00,12:25:00,96.85,99.05,96.65,99.05,497900
2026-02-16 12:26:00,12:26:00,99.35,99.65,92.9,92.9,1094925
2026-02-16 12:27:00,12:27:00,93.25,94.9,90.7,93.0,1210495
2026-02-16 12:28:00,12:28:00,92.9,93.25,91.85,91.85,681655
2026-02-16 12:29:00,12:29:00,121.6,121.95,117.15,117.15,242645
2026-02-16 12:30:00,12:30:00,115.15,117.6,113.5,114.95,578435
2026-02-16 12:31:00,12:31:00,115.2,116.15,111.7,115.7,421590
2026-02-16 12:32:00,12:32:00,115.15,120.05,114.65,115.0,564850
2026-02-16 12:33:00,12:33:00,114.6,117.6,113.75,114.6,175825
2026-02-16 12:34:00,12:34:00,114.45,114.6,112.95,114.25,184340
2026-02-16 12:35:00,12:35:00,114.3,115.85,112.2,113.8,240760
2026-02-16 12:36:00,12:36:00,113.15,114.55,112.0,114.05,261560
2026-02-16 12:37:00,12:37:00,113.8,118.15,113.8,115.25,367640
2026-02-16 12:38:00,12:38:00,114.9,117.7,113.0,116.25,278330
2026-02-16 12:39:00,12:39:00,87.75,89.0,86.95,88.65,725140
2026-02-16 12:40:00,12:40:00,88.7,89.7,87.75,88.5,1095380
2026-02-16 12:41:00,12:41:00,118.05,118.25,115.15,116.35,259675
2026-02-16 12:42:00,12:42:00,116.2,117.25,113.1,115.7,259285
2026-02-16 12:43:00,12:43:00,115.35,118.0,114.6,115.9,202150
2026-02-16 12:44:00,12:44:00,115.6,117.3,115.3,115.35,109980
2026-02-16 12:45:00,12:45:00,114.7,116.85,114.0,116.75,205270
2026-02-16 12:46:00,12:46:00,87.7,89.6,87.7,88.3,1121315
2026-02-16 12:47:00,12:47:00,88.5,89.5,87.6,89.1,851045
2026-02-16 12:48:00,12:48:00,88.85,90.75,88.55,90.6,1097330
2026-02-16 12:49:00,12:49:00,90.4,94.95,89.4,94.7,2210065
2026-02-16 12:50:00,12:50:00,94.35,95.0,92.05,94.95,2083575
2026-02-16 12:51:00,12:51:00,94.8,95.95,93.9,94.45,1483495
2026-02-16 12:52:00,12:52:00,94.55,95.45,90.05,91.8,1665365
2026-02-16 12:53:00,12:53:00,91.8,91.9,87.7,90.85,1319435
2026-02-16 12:54:00,12:54:00,90.8,92.35,89.9,90.3,738725
2026-02-16 12:55:00,12:55:00,89.8,90.4,87.45,89.6,885170
2026-02-16 12:56:00,12:56:00,89.7,94.2,89.6,93.85,1014975
2026-02-16 12:57:00,12:57:00,93.95,95.2,93.05,94.85,1167010
2026-02-16 12:58:00,12:58:00,95.1,98.85,94.85,97.35,1979965
2026-02-16 12:59:00,12:59:00,97.3,97.75,94.6,94.6,965640
2026-02-16 13:00:00,13:00:00,94.65,94.8,89.6,90.7,1580085
2026-02-16 13:01:00,13:01:00,121.0,121.25,113.55,113.95,463775
2026-02-16 13:02:00,13:02:00,113.8,116.3,112.85,115.45,351000
2026-02-16 13:03:00,13:03:00,115.15,117.4,113.35,114.25,215865
2026-02-16 13:04:00,13:04:00,85.35,88.6,85.2,87.45,730860
2026-02-16 13:05:00,13:05:00,86.9,87.75,86.05,87.25,510965
2026-02-16 13:06:00,13:06:00,87.45,89.15,86.4,88.65,722995
2026-02-16 13:07:00,13:07:00,88.7,89.0,87.3,87.7,659230
2026-02-16 13:08:00,13:08:00,87.75,87.9,86.45,87.05,397800
2026-02-16 13:09:00,13:09:00,116.7,117.45,114.85,114.85,137800
2026-02-16 13:10:00,13:10:00,114.95,115.2,111.55,112.2,328770
2026-02-16 13:11:00,13:11:00,112.2,114.6,112.05,112.9,161720
2026-02-16 13:12:00,13:12:00,84.35,87.2,83.7,86.9,953615
2026-02-16 13:13:00,13:13:00,115.95,116.65,115.0,115.85,140140
2026-02-16 13:14:00,13:14:00,86.6,87.35,85.35,86.95,538850
2026-02-16 13:15:00,13:15:00,86.85,88.0,86.4,87.6,767260
2026-02-16 13:16:00,13:16:00,87.2,88.6,86.8,87.85,818740
2026-02-16 13:17:00,13:17:00,87.8,89.2,87.65,88.65,739440
2026-02-16 13:18:00,13:18:00,88.85,90.6,88.65,89.7,1018420
2026-02-16 13:19:00,13:19:00,89.7,90.7,89.0,90.45,655395
2026-02-16 13:20:00,13:20:00,90.55,90.55,86.35,86.35,1002300
2026-02-16 13:21:00,13:21:00,86.2,89.0,85.65,88.85,695435
2026-02-16 13:22:00,13:22:00,119.15,121.5,113.3,113.3,371280
2026-02-16 13:23:00,13:23:00,84.4,87.3,83.0,86.2,1182805
2026-02-16 13:24:00,13:24:00,86.3,87.2,84.4,86.75,618020
2026-02-16 13:25:00,13:25:00,86.65,88.8,85.1,88.05,594750
2026-02-16 13:26:00,13:26:00,88.0,88.35,85.25,85.5,470470
2026-02-16 13:27:00,13:27:00,114.4,115.9,113.75,114.05,106535
2026-02-16 13:28:00,13:28:00,113.6,114.25,110.1,111.35,465270
2026-02-16 13:29:00,13:29:00,111.2,112.05,107.8,109.55,381355
2026-02-16 13:30:00,13:30:00,81.2,86.45,81.05,86.4,1326195
2026-02-16 13:31:00,13:31:00,86.6,89.55,86.15,88.35,1640795
2026-02-16 13:32:00,13:32:00,88.15,90.4,87.55,87.9,1230385
2026-02-16 13:33:00,13:33:00,117.2,118.55,110.75,111.35,335530
2026-02-16 13:34:00,13:34:00,111.4,114.9,110.25,113.0,280800
2026-02-16 13:35:00,13:35:00,113.05,113.65,108.55,110.7,285805
2026-02-16 13:36:00,13:36:00,110.25,111.35,105.45,106.55,449020
2026-02-16 13:37:00,13:37:00,106.9,108.35,106.05,106.15,192400
2026-02-16 13:38:00,13:38:00,105.9,110.15,104.6,109.35,466700
2026-02-16 13:39:00,13:39:00,108.9,109.35,104.2,105.9,320190
2026-02-16 13:40:00,13:40:00,105.7,108.4,105.65,106.45,173225
2026-02-16 13:41:00,13:41:00,106.35,107.15,103.35,106.0,247195
2026-02-16 13:42:00,13:42:00,106.95,107.55,105.45,107.1,146055
2026-02-16 13:43:00,13:43:00,107.6,108.2,104.5,106.4,203645
2026-02-16 13:44:00,13:44:00,106.1,107.0,104.85,106.45,120315
2026-02-16 13:45:00,13:45:00,106.15,107.85,104.55,107.65,175435
2026-02-16 13:46:00,13:46:00,107.35,108.85,105.6,107.0,269035
2026-02-16 13:47:00,13:47:00,107.5,108.1,106.9,107.6,168220
2026-02-16 13:48:00,13:48:00,107.5,109.4,107.15,108.9,225615
2026-02-16 13:49:00,13:49:00,108.6,110.35,107.8,109.9,249990
2026-02-16 13:50:00,13:50:00,109.9,109.9,106.5,107.05,198770
2026-02-16 13:51:00,13:51:00,107.25,110.0,106.45,108.7,177255
2026-02-16 13:52:00,13:52:00,80.15,84.7,80.1,84.5,1807845
2026-02-16 13:53:00,13:53:00,84.55,85.25,82.05,85.05,1641900
2026-02-16 13:54:00,13:54:00,85.1,85.65,83.85,85.55,1276080
2026-02-16 13:55:00,13:55:00,85.6,88.8,84.85,88.5,2371005
2026-02-16 13:56:00,13:56:00,88.35,92.75,87.6,92.65,3183635
2026-02-16 13:57:00,13:57:00,92.85,94.25,88.55,92.8,2946320
2026-02-16 13:58:00,13:58:00,92.7,93.05,88.4,89.4,1554345
2026-02-16 13:59:00,13:59:00,89.5,93.05,89.4,91.05,1295905
2026-02-16 14:00:00,14:00:00,91.1,91.55,87.15,87.75,1509950
2026-02-16 14:01:00,14:01:00,116.15,117.3,114.1,114.3,501930
2026-02-16 14:02:00,14:02:00,113.6,114.3,111.25,112.25,327340
2026-02-16 14:03:00,14:03:00,82.95,88.35,82.95,86.95,1695460
2026-02-16 14:04:00,14:04:00,115.45,116.95,113.2,115.75,185705
2026-02-16 14:05:00,14:05:00,85.65,92.75,85.15,92.3,2140775
2026-02-16 14:06:00,14:06:00,92.2,94.85,91.05,93.5,2423720
2026-02-16 14:07:00,14:07:00,92.95,93.5,86.25,87.5,1729455
2026-02-16 14:08:00,14:08:00,87.5,92.9,87.5,91.15,1574105
2026-02-16 14:09:00,14:09:00,91.4,94.2,91.15,94.0,1344330
2026-02-16 14:10:00,14:10:00,93.5,94.0,90.1,92.55,1300715
2026-02-16 14:11:00,14:11:00,92.05,92.55,87.35,87.35,1178385
2026-02-16 14:12:00,14:12:00,87.5,88.45,85.0,87.95,1543425
2026-02-16 14:13:00,14:13:00,118.1,118.15,108.9,110.0,495105
2026-02-16 14:14:00,14:14:00,110.7,112.85,109.6,110.95,302185
2026-02-16 14:15:00,14:15:00,110.6,112.4,109.3,110.15,236535
2026-02-16 14:16:00,14:16:00,110.2,111.25,108.15,111.25,227110
2026-02-16 14:17:00,14:17:00,111.35,111.6,108.65,109.2,168675
2026-02-16 14:18:00,14:18:00,109.5,111.65,109.1,110.1,190450
2026-02-16 14:19:00,14:19:00,110.0,113.5,109.4,112.15,254215
2026-02-16 14:20:00,14:20:00,112.15,112.15,108.35,110.0,231595
2026-02-16 14:21:00,14:21:00,109.95,113.5,109.6,109.6,243945
2026-02-16 14:22:00,14:22:00,109.55,110.85,108.6,110.6,118495
2026-02-16 14:23:00,14:23:00,110.85,111.35,108.65,109.1,159705
2026-02-16 14:24:00,14:24:00,109.2,111.1,108.9,109.1,96720
2026-02-16 14:25:00,14:25:00,108.95,109.1,105.95,106.2,419900
2026-02-16 14:26:00,14:26:00,106.55,108.1,105.15,106.25,360100
2026-02-16 14:27:00,14:27:00,106.45,106.55,98.4,101.3,1063855
2026-02-16 14:28:00,14:28:00,101.25,101.3,89.4,92.1,1601470
2026-02-16 14:29:00,14:29:00,92.3,92.3,87.3,88.0,1787500
2026-02-16 14:30:00,14:30:00,87.75,89.15,86.55,88.05,1199900
2026-02-16 14:31:00,14:31:00,87.9,88.2,85.1,86.25,1236105
2026-02-16 14:32:00,14:32:00,114.45,116.75,109.55,111.75,937755
2026-02-16 14:33:00,14:33:00,111.6,112.35,107.05,107.5,830440
2026-02-16 14:34:00,14:34:00,108.15,108.55,103.1,103.1,1301950
2026-02-16 14:35:00,14:35:00,103.35,107.25,102.5,107.25,1251445
2026-02-16 14:36:00,14:36:00,107.15,107.25,102.15,102.5,1027130
2026-02-16 14:37:00,14:37:00,102.85,105.45,102.2,105.45,658255
2026-02-16 14:38:00,14:38:00,106.2,109.3,105.45,108.6,1345825
2026-02-16 14:39:00,14:39:00,109.1,109.1,107.4,107.5,509730
2026-02-16 14:40:00,14:40:00,107.05,107.7,105.25,107.3,478985
2026-02-16 14:41:00,14:41:00,107.15,108.75,106.0,106.35,559130
2026-02-16 14:42:00,14:42:00,106.7,107.8,105.25,105.65,423020
2026-02-16 14:43:00,14:43:00,105.85,109.8,105.65,106.6,547235
2026-02-16 14:44:00,14:44:00,107.0,107.55,100.8,103.25,1044355
2026-02-16 14:45:00,14:45:00,103.95,106.0,102.85,105.85,666250
2026-02-16 14:46:00,14:46:00,105.9,105.9,102.35,103.75,518115
2026-02-16 14:47:00,14:47:00,103.9,105.55,102.35,103.95,406445
2026-02-16 14:48:00,14:48:00,103.05,103.95,97.25,97.9,1376050
2026-02-16 14:49:00,14:49:00,96.55,97.9,92.0,95.2,2236260
2026-02-16 14:50:00,14:50:00,95.1,99.75,95.1,96.8,1170065
2026-02-16 14:51:00,14:51:00,96.7,98.85,95.75,98.75,865345
2026-02-16 14:52:00,14:52:00,98.0,101.55,97.75,100.9,914940
2026-02-16 14:53:00,14:53:00,100.85,104.75,100.8,102.3,1213160
2026-02-16 14:54:00,14:54:00,101.9,102.3,99.2,101.7,630240
2026-02-16 14:55:00,14:55:00,101.65,102.1,99.25,99.25,521105
2026-02-16 14:56:00,14:56:00,99.9,99.9,97.55,98.4,704340
2026-02-16 14:57:00,14:57:00,99.0,100.8,98.4,99.3,532090
2026-02-16 14:58:00,14:58:00,98.7,99.4,95.3,96.55,1099150
2026-02-16 14:59:00,14:59:00,97.25,99.0,95.9,96.65,683020
2026-02-16 15:00:00,15:00:00,124.45,126.35,117.8,119.7,438165
2026-02-16 15:01:00,15:01:00,118.75,120.05,113.55,113.75,429390
2026-02-16 15:02:00,15:02:00,113.0,118.85,112.3,118.8,345410
2026-02-16 15:03:00,15:03:00,118.9,121.9,118.45,118.9,356395
2026-02-16 15:04:00,15:04:00,119.05,119.05,112.25,112.75,295945
2026-02-16 15:05:00,15:05:00,114.2,117.65,112.75,116.35,219180
2026-02-16 15:06:00,15:06:00,115.5,116.35,109.0,109.0,375635
2026-02-16 15:07:00,15:07:00,110.45,111.05,107.3,110.15,330720
2026-02-16 15:08:00,15:08:00,110.1,113.65,110.1,111.85,331890
2026-02-16 15:09:00,15:09:00,112.35,112.75,109.9,110.65,150800
2026-02-16 15:10:00,15:10:00,110.7,111.45,104.8,106.45,412880
2026-02-16 15:11:00,15:11:00,107.35,109.95,106.1,109.25,278785
2026-02-16 15:12:00,15:12:00,110.15,111.0,109.0,110.7,213070
2026-02-16 15:13:00,15:13:00,111.05,112.9,110.7,112.45,256945
2026-02-16 15:14:00,15:14:00,113.0,114.35,108.75,110.05,347880
2026-02-16 15:15:00,15:15:00,111.4,113.0,110.05,112.85,332475
2026-02-16 15:16:00,15:16:00,112.45,113.3,107.5,110.4,400855
2026-02-16 15:17:00,15:17:00,110.25,111.0,108.85,110.4,192790
2026-02-16 15:18:00,15:18:00,110.35,112.6,110.25,111.75,174525
2026-02-16 15:19:00,15:19:00,111.9,112.3,110.6,112.3,167245
2026-02-16 15:20:00,15:20:00,112.75,113.65,110.8,111.05,265590
2026-02-16 15:21:00,15:21:00,110.35,112.55,110.1,111.75,188045
2026-02-16 15:22:00,15:22:00,111.55,112.35,110.55,111.25,171145
2026-02-16 15:23:00,15:23:00,111.15,111.25,102.1,102.4,353210
2026-02-16 15:24:00,15:24:00,102.65,106.85,102.4,106.85,224965
2026-02-16 15:25:00,15:25:00,108.0,108.9,104.3,106.0,228865
2026-02-16 15:26:00,15:26:00,106.15,106.4,102.65,105.05,223080
2026-02-16 15:27:00,15:27:00,104.95,105.95,104.45,105.0,161005
2026-02-16 15:28:00,15:28:00,105.0,105.7,103.15,104.0,249470
2026-02-16 15:29:00,15:29:00,104.1,104.25,97.75,98.1,446940
