datetime,time,open,high,low,close,volume
2026-03-27 09:19:00,09:19:00,143.2,144.45,136.15,137.05,201370
2026-03-27 09:20:00,09:20:00,138.05,143.15,136.0,138.65,237770
2026-03-27 09:21:00,09:21:00,152.95,154.25,143.15,144.05,707720
2026-03-27 09:22:00,09:22:00,143.75,148.25,142.05,148.25,546455
2026-03-27 09:23:00,09:23:00,147.1,149.7,144.2,144.3,440310
2026-03-27 09:24:00,09:24:00,145.05,152.65,143.55,152.15,480610
2026-03-27 09:25:00,09:25:00,152.2,154.75,150.2,150.2,558805
2026-03-27 09:26:00,09:26:00,149.95,154.0,147.3,151.95,363935
2026-03-27 09:27:00,09:27:00,138.45,140.5,137.6,139.9,63115
2026-03-27 09:28:00,09:28:00,140.15,142.5,137.7,139.8,133315
2026-03-27 09:29:00,09:29:00,140.3,142.55,139.4,141.65,79950
2026-03-27 09:30:00,09:30:00,142.0,150.5,141.65,148.85,466895
2026-03-27 09:31:00,09:31:00,148.95,148.95,144.3,144.35,152100
2026-03-27 09:32:00,09:32:00,143.85,144.65,138.4,143.45,141635
2026-03-27 09:33:00,09:33:00,143.35,148.6,143.35,148.25,137605
2026-03-27 09:34:00,09:34:00,135.55,141.3,135.0,141.0,461370
2026-03-27 09:35:00,09:35:00,141.05,144.25,140.05,144.0,399555
2026-03-27 09:36:00,09:36:00,143.2,144.0,139.45,140.5,310375
2026-03-27 09:37:00,09:37:00,140.65,146.55,139.65,145.15,358865
2026-03-27 09:38:00,09:38:00,146.0,147.9,143.3,145.5,251420
2026-03-27 09:39:00,09:39:00,145.15,147.35,140.35,140.35,281645
2026-03-27 09:40:00,09:40:00,152.55,155.35,148.35,153.15,250835
2026-03-27 09:41:00,09:41:00,152.55,153.55,149.4,151.75,99905
2026-03-27 09:42:00,09:42:00,152.4,153.55,146.8,147.8,113750
2026-03-27 09:43:00,09:43:00,147.2,147.85,141.25,142.55,202475
2026-03-27 09:44:00,09:44:00,142.65,144.75,140.9,142.0,151775
2026-03-27 09:45:00,09:45:00,142.35,148.7,141.6,148.7,157625
2026-03-27 09:46:00,09:46:00,148.7,151.0,147.2,148.8,167960
2026-03-27 09:47:00,09:47:00,149.1,151.85,146.75,147.1,101270
2026-03-27 09:48:00,09:48:00,146.7,149.6,143.9,145.8,95485
2026-03-27 09:49:00,09:49:00,145.9,149.05,144.25,147.3,91715
2026-03-27 09:50:00,09:50:00,147.8,150.5,147.3,147.6,77805
2026-03-27 09:51:00,09:51:00,148.35,150.95,146.4,147.75,89375
2026-03-27 09:52:00,09:52:00,147.6,151.15,145.5,149.65,95420
2026-03-27 09:53:00,09:53:00,135.7,140.2,134.8,137.65,205595
2026-03-27 09:54:00,09:54:00,138.0,141.95,137.5,141.8,231985
2026-03-27 09:55:00,09:55:00,142.05,144.0,140.95,142.55,277095
2026-03-27 09:56:00,09:56:00,143.3,144.75,141.65,144.4,248820
2026-03-27 09:57:00,09:57:00,144.35,147.25,143.7,147.15,334100
2026-03-27 09:58:00,09:58:00,147.55,149.6,146.0,148.75,401505
2026-03-27 09:59:00,09:59:00,148.45,149.0,142.8,145.5,334425
2026-03-27 10:00:00,10:00:00,145.5,146.9,139.7,140.6,279890
2026-03-27 10:01:00,10:01:00,141.0,145.1,139.8,139.8,207870
2026-03-27 10:02:00,10:02:00,140.4,140.7,136.75,136.75,195975
2026-03-27 10:03:00,10:03:00,137.05,137.3,128.3,133.15,467480
2026-03-27 10:04:00,10:04:00,133.65,134.3,128.2,130.6,268905
2026-03-27 10:05:00,10:05:00,130.95,135.25,130.35,134.25,261170
2026-03-27 10:06:00,10:06:00,134.3,137.75,132.15,137.0,232310
2026-03-27 10:07:00,10:07:00,136.95,138.65,134.75,135.45,190320
2026-03-27 10:08:00,10:08:00,135.85,138.0,134.4,137.7,95485
2026-03-27 10:09:00,10:09:00,137.7,137.7,128.95,130.9,233805
2026-03-27 10:10:00,10:10:00,131.25,137.5,130.9,136.5,149565
2026-03-27 10:11:00,10:11:00,136.75,140.95,135.5,140.95,161785
2026-03-27 10:12:00,10:12:00,140.85,141.45,138.35,140.35,227955
2026-03-27 10:13:00,10:13:00,140.2,145.4,140.2,143.8,310440
2026-03-27 10:14:00,10:14:00,143.4,146.15,142.7,144.15,252395
2026-03-27 10:15:00,10:15:00,144.1,145.2,140.7,143.9,262405
2026-03-27 10:16:00,10:16:00,143.25,145.2,140.3,140.5,169780
2026-03-27 10:17:00,10:17:00,142.4,144.35,140.4,143.15,107900
2026-03-27 10:18:00,10:18:00,130.5,130.65,127.8,130.0,42640
2026-03-27 10:19:00,10:19:00,130.1,130.65,126.65,129.85,77350
2026-03-27 10:20:00,10:20:00,143.85,144.2,138.35,138.95,219310
2026-03-27 10:21:00,10:21:00,138.35,138.95,132.4,136.45,322725
2026-03-27 10:22:00,10:22:00,136.5,137.0,132.7,132.8,160030
2026-03-27 10:23:00,10:23:00,133.4,134.95,131.8,132.5,153595
2026-03-27 10:24:00,10:24:00,131.45,132.5,127.8,129.3,435565
2026-03-27 10:25:00,10:25:00,129.75,131.65,128.1,128.55,153985
2026-03-27 10:26:00,10:26:00,128.8,132.9,128.05,132.85,173355
2026-03-27 10:27:00,10:27:00,132.75,135.75,132.3,133.25,207805
2026-03-27 10:28:00,10:28:00,133.05,134.35,130.7,130.8,136825
2026-03-27 10:29:00,10:29:00,130.35,133.0,130.0,131.05,153010
2026-03-27 10:30:00,10:30:00,130.95,131.75,125.85,126.2,180310
2026-03-27 10:31:00,10:31:00,139.85,140.75,134.05,134.05,291590
2026-03-27 10:32:00,10:32:00,120.35,124.5,120.0,123.9,422110
2026-03-27 10:33:00,10:33:00,124.25,128.25,123.9,127.25,197795
2026-03-27 10:34:00,10:34:00,128.6,129.9,127.05,127.05,205140
2026-03-27 10:35:00,10:35:00,126.85,129.7,125.95,125.95,141960
2026-03-27 10:36:00,10:36:00,126.5,128.0,124.4,127.75,166335
2026-03-27 10:37:00,10:37:00,128.5,129.3,126.1,127.5,149110
2026-03-27 10:38:00,10:38:00,127.65,128.25,119.85,121.3,248885
2026-03-27 10:39:00,10:39:00,121.15,124.55,121.15,123.05,243165
2026-03-27 10:40:00,10:40:00,123.75,129.0,123.0,128.35,188565
2026-03-27 10:41:00,10:41:00,128.15,129.6,127.35,129.4,120315
2026-03-27 10:42:00,10:42:00,129.8,132.7,126.9,128.15,231920
2026-03-27 10:43:00,10:43:00,127.95,132.0,126.65,130.25,102765
2026-03-27 10:44:00,10:44:00,130.4,132.45,130.0,132.45,135135
2026-03-27 10:45:00,10:45:00,131.9,135.8,131.75,135.6,239655
2026-03-27 10:46:00,10:46:00,121.8,124.2,120.3,123.85,118170
2026-03-27 10:47:00,10:47:00,137.6,138.05,134.4,135.0,316810
2026-03-27 10:48:00,10:48:00,135.0,135.9,130.85,131.0,336050
2026-03-27 10:49:00,10:49:00,131.15,136.05,131.0,136.05,110955
2026-03-27 10:50:00,10:50:00,121.95,123.85,121.0,123.0,88725
2026-03-27 10:51:00,10:51:00,122.85,125.65,121.65,124.3,88465
2026-03-27 10:52:00,10:52:00,124.3,125.4,122.4,124.05,79430
2026-03-27 10:53:00,10:53:00,123.65,127.2,122.55,126.2,101400
2026-03-27 10:54:00,10:54:00,125.65,130.8,125.6,129.95,146445
2026-03-27 10:55:00,10:55:00,130.7,131.7,125.95,126.3,194805
2026-03-27 10:56:00,10:56:00,126.5,126.5,123.2,123.2,110890
2026-03-27 10:57:00,10:57:00,123.2,127.9,123.2,126.5,80665
2026-03-27 10:58:00,10:58:00,140.6,140.9,135.65,136.3,190320
2026-03-27 10:59:00,10:59:00,122.55,124.3,121.5,121.5,71890
2026-03-27 11:00:00,11:00:00,135.6,136.3,127.65,128.15,353600
2026-03-27 11:01:00,11:01:00,129.5,131.85,125.25,127.2,677755
2026-03-27 11:02:00,11:02:00,127.85,128.7,125.5,128.6,199550
2026-03-27 11:03:00,11:03:00,115.75,122.1,115.3,120.1,156000
2026-03-27 11:04:00,11:04:00,134.15,135.1,129.45,131.4,426920
2026-03-27 11:05:00,11:05:00,131.3,133.5,130.7,130.7,173030
2026-03-27 11:06:00,11:06:00,129.75,132.3,129.45,130.35,76180
2026-03-27 11:07:00,11:07:00,130.45,130.45,126.65,128.6,92430
2026-03-27 11:08:00,11:08:00,129.1,130.3,127.1,128.7,84695
2026-03-27 11:09:00,11:09:00,129.05,129.7,125.45,125.75,113685
2026-03-27 11:10:00,11:10:00,126.3,128.6,124.15,128.6,199290
2026-03-27 11:11:00,11:11:00,129.0,129.35,126.3,127.4,86255
2026-03-27 11:12:00,11:12:00,127.7,131.4,127.4,129.0,130585
2026-03-27 11:13:00,11:13:00,128.6,131.1,127.1,127.6,83200
2026-03-27 11:14:00,11:14:00,127.7,130.35,127.25,127.45,83070
2026-03-27 11:15:00,11:15:00,127.75,129.9,127.05,128.5,103350
2026-03-27 11:16:00,11:16:00,128.6,129.05,124.75,127.2,115960
2026-03-27 11:17:00,11:17:00,127.4,129.5,127.2,129.4,83135
2026-03-27 11:18:00,11:18:00,115.25,120.0,114.7,119.6,79040
2026-03-27 11:19:00,11:19:00,120.0,121.55,118.95,118.95,123305
2026-03-27 11:20:00,11:20:00,119.0,121.0,118.0,118.0,66755
2026-03-27 11:21:00,11:21:00,118.35,121.1,118.0,121.0,55185
2026-03-27 11:22:00,11:22:00,121.15,121.6,118.45,120.7,55315
2026-03-27 11:23:00,11:23:00,120.4,122.8,119.1,122.3,78065
2026-03-27 11:24:00,11:24:00,122.85,124.3,120.8,123.55,94705
2026-03-27 11:25:00,11:25:00,122.45,126.9,122.45,125.55,170105
2026-03-27 11:26:00,11:26:00,125.5,127.55,123.5,123.85,132340
2026-03-27 11:27:00,11:27:00,123.65,125.75,120.05,125.75,115115
2026-03-27 11:28:00,11:28:00,125.9,130.5,125.75,129.55,211250
2026-03-27 11:29:00,11:29:00,129.35,132.8,128.5,128.95,152295
2026-03-27 11:30:00,11:30:00,128.35,130.7,126.8,128.45,158210
2026-03-27 11:31:00,11:31:00,128.3,130.0,127.85,129.4,44395
2026-03-27 11:32:00,11:32:00,130.0,132.95,128.95,128.95,153985
2026-03-27 11:33:00,11:33:00,129.0,129.0,123.95,125.35,152230
2026-03-27 11:34:00,11:34:00,125.7,130.5,125.3,129.15,80080
2026-03-27 11:35:00,11:35:00,128.45,129.15,125.25,126.55,52975
2026-03-27 11:36:00,11:36:00,126.6,128.4,122.55,124.95,86060
2026-03-27 11:37:00,11:37:00,124.65,124.95,118.85,122.35,122980
2026-03-27 11:38:00,11:38:00,122.1,124.7,120.55,120.55,82160
2026-03-27 11:39:00,11:39:00,120.4,121.1,117.8,120.15,69225
2026-03-27 11:40:00,11:40:00,120.4,121.45,116.7,117.55,73125
2026-03-27 11:41:00,11:41:00,117.15,122.15,117.15,121.7,46540
2026-03-27 11:42:00,11:42:00,122.0,123.8,121.1,123.8,64870
2026-03-27 11:43:00,11:43:00,123.7,126.75,123.45,123.45,104065
2026-03-27 11:44:00,11:44:00,123.4,123.45,117.55,118.0,98410
2026-03-27 11:45:00,11:45:00,118.85,120.8,118.0,120.5,61100
2026-03-27 11:46:00,11:46:00,121.0,121.0,116.35,118.4,66495
2026-03-27 11:47:00,11:47:00,118.8,121.0,118.35,120.55,43290
2026-03-27 11:48:00,11:48:00,121.0,121.4,117.4,117.4,54665
2026-03-27 11:49:00,11:49:00,117.9,121.0,117.4,119.6,35685
2026-03-27 11:50:00,11:50:00,119.85,120.7,117.65,118.5,35945
2026-03-27 11:51:00,11:51:00,118.85,119.55,117.5,119.3,39910
2026-03-27 11:52:00,11:52:00,119.55,120.2,117.75,118.8,38350
2026-03-27 11:53:00,11:53:00,118.95,119.65,114.05,114.8,99450
2026-03-27 11:54:00,11:54:00,114.9,116.65,114.7,115.45,59150
2026-03-27 11:55:00,11:55:00,116.1,120.15,115.45,119.05,53495
2026-03-27 11:56:00,11:56:00,118.95,123.25,118.2,121.4,96460
2026-03-27 11:57:00,11:57:00,120.7,122.95,120.15,121.1,63960
2026-03-27 11:58:00,11:58:00,121.35,123.15,120.8,122.65,53560
2026-03-27 11:59:00,11:59:00,122.85,122.85,119.45,122.15,52260
2026-03-27 12:00:00,12:00:00,122.55,125.4,122.15,124.75,105560
2026-03-27 12:01:00,12:01:00,125.05,126.95,123.9,126.95,64610
2026-03-27 12:02:00,12:02:00,114.3,116.8,113.1,114.2,434655
2026-03-27 12:03:00,12:03:00,128.9,128.9,121.3,123.25,135330
2026-03-27 12:04:00,12:04:00,123.55,123.55,119.15,123.05,91000
2026-03-27 12:05:00,12:05:00,122.75,124.0,121.45,122.3,58110
2026-03-27 12:06:00,12:06:00,122.95,124.2,121.6,121.6,50765
2026-03-27 12:07:00,12:07:00,121.6,122.85,118.4,118.4,90220
2026-03-27 12:08:00,12:08:00,118.55,120.0,116.4,120.0,138385
2026-03-27 12:09:00,12:09:00,119.7,121.2,118.7,120.4,67015
2026-03-27 12:10:00,12:10:00,120.9,122.7,120.4,121.4,77090
2026-03-27 12:11:00,12:11:00,122.25,124.95,121.4,123.75,109070
2026-03-27 12:12:00,12:12:00,123.35,123.75,118.4,120.25,88140
2026-03-27 12:13:00,12:13:00,119.95,121.75,119.3,121.7,41925
2026-03-27 12:14:00,12:14:00,122.5,122.95,121.55,122.25,38545
2026-03-27 12:15:00,12:15:00,122.85,123.65,120.65,121.05,60775
2026-03-27 12:16:00,12:16:00,108.1,110.4,107.5,110.4,70070
2026-03-27 12:17:00,12:17:00,110.4,113.0,110.3,110.65,194155
2026-03-27 12:18:00,12:18:00,110.75,115.7,110.4,113.45,252720
2026-03-27 12:19:00,12:19:00,114.0,115.5,112.2,114.1,198185
2026-03-27 12:20:00,12:20:00,113.5,115.9,113.1,114.1,195130
2026-03-27 12:21:00,12:21:00,128.5,128.5,121.5,121.55,126555
2026-03-27 12:22:00,12:22:00,121.1,124.5,121.0,123.75,62205
2026-03-27 12:23:00,12:23:00,123.2,124.2,121.05,124.2,42055
2026-03-27 12:24:00,12:24:00,124.2,124.2,119.3,119.3,65650
2026-03-27 12:25:00,12:25:00,119.4,121.8,117.5,117.5,97045
2026-03-27 12:26:00,12:26:00,117.2,117.5,112.3,113.85,192660
2026-03-27 12:27:00,12:27:00,114.1,114.9,109.25,109.45,137280
2026-03-27 12:28:00,12:28:00,109.45,112.0,109.45,111.65,126945
2026-03-27 12:29:00,12:29:00,112.2,112.65,108.75,109.65,114855
2026-03-27 12:30:00,12:30:00,109.5,114.25,109.5,114.25,80990
2026-03-27 12:31:00,12:31:00,114.2,115.7,113.95,115.05,109005
2026-03-27 12:32:00,12:32:00,115.65,119.0,115.0,116.35,122395
2026-03-27 12:33:00,12:33:00,116.3,116.8,113.6,114.85,73060
2026-03-27 12:34:00,12:34:00,114.65,114.85,111.65,112.45,59150
2026-03-27 12:35:00,12:35:00,112.8,114.3,110.5,110.55,53950
2026-03-27 12:36:00,12:36:00,110.9,114.0,110.4,113.2,48685
2026-03-27 12:37:00,12:37:00,112.75,114.15,112.5,114.15,34645
2026-03-27 12:38:00,12:38:00,114.15,116.25,113.9,115.25,74685
2026-03-27 12:39:00,12:39:00,115.3,116.0,113.55,114.65,34060
2026-03-27 12:40:00,12:40:00,115.3,117.6,114.0,116.9,79560
2026-03-27 12:41:00,12:41:00,116.75,119.45,115.7,116.0,90480
2026-03-27 12:42:00,12:42:00,116.05,116.45,112.1,112.35,73775
2026-03-27 12:43:00,12:43:00,112.2,115.85,112.2,115.7,40560
2026-03-27 12:44:00,12:44:00,115.25,115.8,112.65,112.65,43290
2026-03-27 12:45:00,12:45:00,112.8,116.6,112.55,114.55,49790
2026-03-27 12:46:00,12:46:00,114.0,118.1,113.5,115.9,64025
2026-03-27 12:47:00,12:47:00,115.65,117.5,114.0,114.35,48555
2026-03-27 12:48:00,12:48:00,114.15,114.8,112.55,114.05,43290
2026-03-27 12:49:00,12:49:00,114.05,114.5,112.25,113.8,23790
2026-03-27 12:50:00,12:50:00,113.0,113.8,108.25,109.15,152360
2026-03-27 12:51:00,12:51:00,109.5,113.75,109.15,113.1,73905
2026-03-27 12:52:00,12:52:00,113.0,115.7,112.55,115.55,68315
2026-03-27 12:53:00,12:53:00,116.1,117.2,111.9,111.9,130130
2026-03-27 12:54:00,12:54:00,111.65,114.1,109.5,112.35,124865
2026-03-27 12:55:00,12:55:00,112.1,112.45,110.5,111.6,33995
2026-03-27 12:56:00,12:56:00,111.6,111.6,109.65,109.75,43420
2026-03-27 12:57:00,12:57:00,109.2,111.0,107.5,110.2,98995
2026-03-27 12:58:00,12:58:00,111.0,116.15,110.2,113.85,74425
2026-03-27 12:59:00,12:59:00,113.65,116.55,113.45,115.25,61035
2026-03-27 13:00:00,13:00:00,114.65,116.15,112.3,114.6,64610
2026-03-27 13:01:00,13:01:00,115.05,116.8,114.55,116.1,54925
2026-03-27 13:02:00,13:02:00,115.95,117.0,115.8,116.6,40690
2026-03-27 13:03:00,13:03:00,116.8,121.0,116.6,119.05,214110
2026-03-27 13:04:00,13:04:00,119.1,122.35,119.0,122.3,120445
2026-03-27 13:05:00,13:05:00,122.25,122.5,120.0,121.1,97890
2026-03-27 13:06:00,13:06:00,121.0,121.55,119.0,120.2,60775
2026-03-27 13:07:00,13:07:00,120.2,121.95,117.5,120.55,69550
2026-03-27 13:08:00,13:08:00,120.5,121.95,119.0,119.75,54080
2026-03-27 13:09:00,13:09:00,119.4,122.7,119.4,120.75,55900
2026-03-27 13:10:00,13:10:00,107.55,108.5,105.35,108.3,156325
2026-03-27 13:11:00,13:11:00,108.9,108.9,106.5,107.5,193375
2026-03-27 13:12:00,13:12:00,122.0,122.0,116.1,117.9,135135
2026-03-27 13:13:00,13:13:00,118.0,119.75,115.2,115.8,59410
2026-03-27 13:14:00,13:14:00,115.6,115.8,111.6,112.75,120965
2026-03-27 13:15:00,13:15:00,113.3,115.65,112.3,113.0,114400
2026-03-27 13:16:00,13:16:00,112.65,113.3,106.2,106.8,180115
2026-03-27 13:17:00,13:17:00,121.05,121.55,108.2,113.6,773890
2026-03-27 13:18:00,13:18:00,100.55,106.25,100.45,105.15,141180
2026-03-27 13:19:00,13:19:00,105.75,106.2,102.65,103.35,98930
2026-03-27 13:20:00,13:20:00,104.1,108.7,103.35,107.75,91520
2026-03-27 13:21:00,13:21:00,108.05,109.0,106.85,108.6,109720
2026-03-27 13:22:00,13:22:00,109.05,110.8,107.6,107.6,108680
2026-03-27 13:23:00,13:23:00,106.8,108.4,106.25,106.95,57070
2026-03-27 13:24:00,13:24:00,106.85,108.6,106.65,108.6,49595
2026-03-27 13:25:00,13:25:00,108.2,108.6,105.4,105.45,66235
2026-03-27 13:26:00,13:26:00,105.2,106.05,102.6,105.5,84240
2026-03-27 13:27:00,13:27:00,104.6,107.55,103.65,107.25,65520
2026-03-27 13:28:00,13:28:00,107.75,109.95,106.65,109.8,85085
2026-03-27 13:29:00,13:29:00,109.6,113.2,109.6,113.2,124150
2026-03-27 13:30:00,13:30:00,112.95,117.8,112.6,114.05,229450
2026-03-27 13:31:00,13:31:00,114.65,116.8,112.1,114.65,118430
2026-03-27 13:32:00,13:32:00,102.0,106.35,101.25,106.1,296465
2026-03-27 13:33:00,13:33:00,119.8,120.8,115.3,115.9,149955
2026-03-27 13:34:00,13:34:00,102.15,104.1,100.5,103.75,164190
2026-03-27 13:35:00,13:35:00,104.0,107.0,103.75,105.55,240435
2026-03-27 13:36:00,13:36:00,119.3,119.3,114.05,114.35,84565
2026-03-27 13:37:00,13:37:00,101.6,107.0,100.8,107.0,152360
2026-03-27 13:38:00,13:38:00,107.1,109.45,106.8,107.1,250770
2026-03-27 13:39:00,13:39:00,107.45,109.9,107.1,109.9,284115
2026-03-27 13:40:00,13:40:00,110.45,110.45,103.85,104.35,278135
2026-03-27 13:41:00,13:41:00,117.8,120.3,115.85,117.2,66235
2026-03-27 13:42:00,13:42:00,117.55,119.45,113.7,113.7,71435
2026-03-27 13:43:00,13:43:00,113.95,115.6,110.15,115.6,157690
2026-03-27 13:44:00,13:44:00,115.75,118.7,115.55,116.6,101985
2026-03-27 13:45:00,13:45:00,116.3,116.8,113.15,114.8,64220
2026-03-27 13:46:00,13:46:00,115.85,117.0,114.35,116.55,57915
2026-03-27 13:47:00,13:47:00,117.2,118.3,114.6,117.75,74815
2026-03-27 13:48:00,13:48:00,117.35,117.75,115.0,115.75,31785
2026-03-27 13:49:00,13:49:00,102.25,105.25,101.0,105.2,163215
2026-03-27 13:50:00,13:50:00,119.25,119.25,116.8,116.8,51870
2026-03-27 13:51:00,13:51:00,116.2,117.3,111.4,111.5,104325
2026-03-27 13:52:00,13:52:00,112.7,114.95,111.5,113.3,45825
2026-03-27 13:53:00,13:53:00,113.4,116.45,113.0,115.3,53170
2026-03-27 13:54:00,13:54:00,115.75,116.9,114.6,116.05,36595
2026-03-27 13:55:00,13:55:00,102.65,105.1,100.0,104.25,171990
2026-03-27 13:56:00,13:56:00,117.85,118.9,116.2,116.4,48685
2026-03-27 13:57:00,13:57:00,116.4,117.45,115.15,116.7,26650
2026-03-27 13:58:00,13:58:00,102.75,107.35,101.15,106.6,188435
2026-03-27 13:59:00,13:59:00,107.0,108.0,101.75,103.2,192400
2026-03-27 14:00:00,14:00:00,103.45,105.65,102.0,104.95,95420
2026-03-27 14:01:00,14:01:00,104.75,105.95,103.55,103.9,102375
2026-03-27 14:02:00,14:02:00,117.35,117.95,113.7,114.65,91260
2026-03-27 14:03:00,14:03:00,100.8,103.15,99.9,102.35,131235
2026-03-27 14:04:00,14:04:00,102.5,104.0,101.25,103.35,113230
2026-03-27 14:05:00,14:05:00,103.3,106.8,100.4,106.2,180960
2026-03-27 14:06:00,14:06:00,106.4,110.95,106.2,108.35,448890
2026-03-27 14:07:00,14:07:00,108.6,112.5,107.7,111.05,339950
2026-03-27 14:08:00,14:08:00,110.8,113.4,110.0,111.8,261430
2026-03-27 14:09:00,14:09:00,112.25,112.25,106.45,106.45,309725
2026-03-27 14:10:00,14:10:00,106.35,112.55,106.35,112.05,271505
2026-03-27 14:11:00,14:11:00,112.0,116.45,111.55,111.55,436020
2026-03-27 14:12:00,14:12:00,110.55,111.55,107.65,108.55,295685
2026-03-27 14:13:00,14:13:00,109.2,109.45,104.8,106.05,264745
2026-03-27 14:14:00,14:14:00,106.05,106.45,103.25,104.45,166855
2026-03-27 14:15:00,14:15:00,104.85,106.25,102.95,103.1,162500
2026-03-27 14:16:00,14:16:00,103.0,107.55,102.75,107.35,162370
2026-03-27 14:17:00,14:17:00,107.85,108.65,105.9,108.3,122200
2026-03-27 14:18:00,14:18:00,108.5,108.6,106.15,107.6,135070
2026-03-27 14:19:00,14:19:00,107.85,113.05,107.6,112.35,283920
2026-03-27 14:20:00,14:20:00,112.05,112.35,108.75,109.75,219830
2026-03-27 14:21:00,14:21:00,109.6,112.8,109.6,112.65,175955
2026-03-27 14:22:00,14:22:00,112.2,116.7,112.2,115.5,301860
2026-03-27 14:23:00,14:23:00,115.8,118.6,113.3,113.7,410670
2026-03-27 14:24:00,14:24:00,113.0,116.85,113.0,115.6,179010
2026-03-27 14:25:00,14:25:00,115.5,115.8,111.85,111.85,205725
2026-03-27 14:26:00,14:26:00,111.9,118.3,111.45,118.0,263835
2026-03-27 14:27:00,14:27:00,117.85,119.0,111.6,113.65,415740
2026-03-27 14:28:00,14:28:00,112.75,114.3,111.7,111.7,171405
2026-03-27 14:29:00,14:29:00,112.2,113.85,111.35,113.75,139815
2026-03-27 14:30:00,14:30:00,112.95,115.0,112.5,113.55,118625
2026-03-27 14:31:00,14:31:00,100.3,101.8,98.95,101.8,97240
2026-03-27 14:32:00,14:32:00,105.9,105.9,101.1,102.55,295360
2026-03-27 14:33:00,14:33:00,102.8,104.9,102.55,104.0,126490
2026-03-27 14:34:00,14:34:00,103.4,109.05,103.25,107.35,369915
2026-03-27 14:35:00,14:35:00,107.75,110.55,104.0,108.8,355420
2026-03-27 14:36:00,14:36:00,108.7,119.95,107.25,116.3,578760
2026-03-27 14:37:00,14:37:00,116.1,120.4,114.9,115.9,490880
2026-03-27 14:38:00,14:38:00,116.15,119.2,112.5,118.3,320255
2026-03-27 14:39:00,14:39:00,118.4,120.45,117.2,118.65,265070
2026-03-27 14:40:00,14:40:00,119.2,121.25,115.55,120.9,232310
2026-03-27 14:41:00,14:41:00,120.6,120.9,113.4,114.0,256750
2026-03-27 14:42:00,14:42:00,114.0,114.0,107.85,108.2,288535
2026-03-27 14:43:00,14:43:00,107.2,109.0,105.6,105.9,207220
2026-03-27 14:44:00,14:44:00,106.4,112.2,105.9,111.05,241735
2026-03-27 14:45:00,14:45:00,111.05,111.6,109.35,109.35,124345
2026-03-27 14:46:00,14:46:00,108.25,110.9,108.25,110.3,91260
2026-03-27 14:47:00,14:47:00,112.1,114.3,110.3,112.6,235235
2026-03-27 14:48:00,14:48:00,113.4,113.7,108.4,110.95,118040
2026-03-27 14:49:00,14:49:00,110.75,111.15,109.15,110.9,84305
2026-03-27 14:50:00,14:50:00,110.8,112.5,110.1,110.1,60385
2026-03-27 14:51:00,14:51:00,111.15,111.5,105.55,106.8,190190
2026-03-27 14:52:00,14:52:00,105.85,109.0,105.85,108.15,106275
2026-03-27 14:53:00,14:53:00,108.0,110.65,106.0,110.6,108355
2026-03-27 14:54:00,14:54:00,110.6,111.1,106.95,107.2,107835
2026-03-27 14:55:00,14:55:00,107.0,108.7,105.65,107.25,84110
2026-03-27 14:56:00,14:56:00,107.75,108.9,103.6,105.4,165815
2026-03-27 14:57:00,14:57:00,105.8,110.55,105.4,107.7,221390
2026-03-27 14:58:00,14:58:00,108.0,110.0,107.65,110.0,119990
2026-03-27 14:59:00,14:59:00,110.4,110.4,107.4,108.9,92625
2026-03-27 15:00:00,15:00:00,111.0,114.0,104.7,108.15,458900
2026-03-27 15:01:00,15:01:00,108.35,113.05,106.5,108.0,339430
2026-03-27 15:02:00,15:02:00,109.4,109.4,100.5,101.95,353080
2026-03-27 15:03:00,15:03:00,89.85,93.8,88.35,93.1,702910
2026-03-27 15:04:00,15:04:00,107.1,107.2,102.8,103.9,152620
2026-03-27 15:05:00,15:05:00,90.85,94.65,90.1,93.75,488345
2026-03-27 15:06:00,15:06:00,108.6,108.75,106.8,108.0,144300
2026-03-27 15:07:00,15:07:00,94.5,99.25,93.25,96.85,688350
2026-03-27 15:08:00,15:08:00,96.45,96.85,93.3,94.4,547885
2026-03-27 15:09:00,15:09:00,94.75,95.5,93.9,94.4,391365
2026-03-27 15:10:00,15:10:00,108.35,109.2,104.95,107.65,170430
2026-03-27 15:11:00,15:11:00,108.05,109.7,107.2,107.7,101790
2026-03-27 15:12:00,15:12:00,93.85,96.45,93.85,95.35,413660
2026-03-27 15:13:00,15:13:00,95.7,96.5,92.0,93.65,467870
2026-03-27 15:14:00,15:14:00,93.4,94.45,91.85,92.55,358475
2026-03-27 15:15:00,15:15:00,92.0,95.75,92.0,94.5,751075
2026-03-27 15:16:00,15:16:00,94.6,96.45,94.45,94.9,537225
2026-03-27 15:17:00,15:17:00,94.85,95.5,93.7,94.8,538070
2026-03-27 15:18:00,15:18:00,95.15,96.2,94.8,95.45,412620
2026-03-27 15:19:00,15:19:00,95.35,95.45,92.4,93.35,437060
2026-03-27 15:20:00,15:20:00,93.25,95.75,93.25,93.75,492830
2026-03-27 15:21:00,15:21:00,94.05,94.6,92.8,93.7,394810
2026-03-27 15:22:00,15:22:00,93.75,95.5,93.65,94.5,702455
2026-03-27 15:23:00,15:23:00,94.25,95.25,93.9,94.65,258960
2026-03-27 15:24:00,15:24:00,94.6,95.1,93.8,94.5,441480
2026-03-27 15:25:00,15:25:00,94.3,94.6,93.6,94.0,416780
2026-03-27 15:26:00,15:26:00,93.85,94.6,93.35,93.95,481910
2026-03-27 15:27:00,15:27:00,94.0,94.1,93.35,93.75,554580
2026-03-27 15:28:00,15:28:00,107.05,108.2,105.6,108.0,228995
2026-03-27 15:29:00,15:29:00,108.1,114.5,108.0,110.4,276965
2026-03-30 09:15:00,09:15:00,92.1,145.65,80.1,133.45,10077210
2026-03-30 09:16:00,09:16:00,136.05,136.05,108.95,126.8,8199880
2026-03-30 09:17:00,09:17:00,123.3,126.85,114.3,114.3,5109000
2026-03-30 09:18:00,09:18:00,113.6,120.6,107.0,116.05,5167630
2026-03-30 09:19:00,09:19:00,116.4,121.9,111.55,111.55,4232410
2026-03-30 09:20:00,09:20:00,114.95,121.4,110.6,116.55,4518865
2026-03-30 09:21:00,09:21:00,116.4,120.65,114.5,114.65,3454490
2026-03-30 09:22:00,09:22:00,141.0,143.1,123.75,132.8,2143765
2026-03-30 09:23:00,09:23:00,132.65,133.5,127.7,129.95,1194830
2026-03-30 09:24:00,09:24:00,129.45,139.15,126.3,133.35,1488500
2026-03-30 09:25:00,09:25:00,133.15,138.35,128.9,130.4,1198210
2026-03-30 09:26:00,09:26:00,130.05,130.4,120.45,126.7,1716845
2026-03-30 09:27:00,09:27:00,126.05,134.75,125.35,132.55,1138020
2026-03-30 09:28:00,09:28:00,134.35,136.1,121.6,122.6,1264835
2026-03-30 09:29:00,09:29:00,149.15,149.15,129.3,132.3,2646605
2026-03-30 09:30:00,09:30:00,132.2,134.55,119.8,133.8,2641080
2026-03-30 09:31:00,09:31:00,129.35,133.8,113.85,115.15,2724410
2026-03-30 09:32:00,09:32:00,138.35,138.95,128.8,136.45,1003080
2026-03-30 09:33:00,09:33:00,134.5,138.95,131.85,134.75,806130
2026-03-30 09:34:00,09:34:00,160.85,160.85,134.0,135.85,1576640
2026-03-30 09:35:00,09:35:00,114.45,121.0,111.55,118.45,1680055
2026-03-30 09:36:00,09:36:00,143.0,144.5,122.9,122.9,2022540
2026-03-30 09:37:00,09:37:00,125.5,135.65,122.9,129.85,2086305
2026-03-30 09:38:00,09:38:00,130.0,142.35,127.25,138.2,1906060
2026-03-30 09:39:00,09:39:00,139.3,142.8,132.95,139.35,1749540
2026-03-30 09:40:00,09:40:00,137.4,149.1,134.15,137.95,2353780
2026-03-30 09:41:00,09:41:00,136.7,137.95,125.55,133.4,1712945
2026-03-30 09:42:00,09:42:00,110.25,119.0,108.7,117.9,888940
2026-03-30 09:43:00,09:43:00,118.15,123.25,113.0,123.15,1086800
2026-03-30 09:44:00,09:44:00,123.5,128.4,122.55,124.1,1887795
2026-03-30 09:45:00,09:45:00,148.3,148.9,134.15,140.0,1594970
2026-03-30 09:46:00,09:46:00,138.8,140.1,130.7,135.75,1219270
2026-03-30 09:47:00,09:47:00,112.6,121.0,109.1,118.15,821470
2026-03-30 09:48:00,09:48:00,119.1,133.45,118.15,130.85,2437630
2026-03-30 09:49:00,09:49:00,130.8,136.0,125.4,131.85,1898260
2026-03-30 09:50:00,09:50:00,108.75,115.55,107.0,108.65,3040765
2026-03-30 09:51:00,09:51:00,133.05,134.55,112.8,119.45,1942070
2026-03-30 09:52:00,09:52:00,118.1,129.0,114.45,126.7,1345500
2026-03-30 09:53:00,09:53:00,126.0,131.75,121.9,129.65,1047540
2026-03-30 09:54:00,09:54:00,104.9,111.5,103.55,110.3,1710930
2026-03-30 09:55:00,09:55:00,111.15,117.6,108.45,115.6,3511950
2026-03-30 09:56:00,09:56:00,116.35,116.35,107.85,110.6,2163655
2026-03-30 09:57:00,09:57:00,110.45,111.45,103.6,108.95,1998555
2026-03-30 09:58:00,09:58:00,108.55,123.55,108.55,118.65,4280120
2026-03-30 09:59:00,09:59:00,118.65,118.65,108.15,110.6,2257710
2026-03-30 10:00:00,10:00:00,110.85,116.0,109.4,114.35,1629940
2026-03-30 10:01:00,10:01:00,115.0,115.5,105.65,107.7,1823575
2026-03-30 10:02:00,10:02:00,134.35,134.6,119.55,121.35,1465165
2026-03-30 10:03:00,10:03:00,121.8,121.8,106.8,109.8,1930500
2026-03-30 10:04:00,10:04:00,110.25,118.35,109.0,117.6,1320410
2026-03-30 10:05:00,10:05:00,118.6,123.6,116.0,122.05,1201005
2026-03-30 10:06:00,10:06:00,120.65,130.35,120.65,127.05,1337895
2026-03-30 10:07:00,10:07:00,102.95,110.75,102.8,109.35,2269215
2026-03-30 10:08:00,10:08:00,108.45,113.95,108.3,112.85,2927535
2026-03-30 10:09:00,10:09:00,111.8,118.9,109.8,114.55,2925845
2026-03-30 10:10:00,10:10:00,114.6,127.85,114.55,124.0,4912895
2026-03-30 10:11:00,10:11:00,99.0,104.6,96.9,104.05,1842815
2026-03-30 10:12:00,10:12:00,107.3,107.3,100.25,102.9,2091830
2026-03-30 10:13:00,10:13:00,101.45,110.65,100.25,101.6,2432105
2026-03-30 10:14:00,10:14:00,124.9,127.9,110.7,110.7,3608540
2026-03-30 10:15:00,10:15:00,111.8,122.25,106.2,121.4,3015480
2026-03-30 10:16:00,10:16:00,122.15,125.3,117.1,120.2,2276755
2026-03-30 10:17:00,10:17:00,95.35,102.3,95.05,101.9,1643915
2026-03-30 10:18:00,10:18:00,100.9,106.5,100.9,106.5,1715155
2026-03-30 10:19:00,10:19:00,104.6,106.5,100.95,102.8,1250145
2026-03-30 10:20:00,10:20:00,103.05,106.4,100.95,103.4,1365130
2026-03-30 10:21:00,10:21:00,104.45,106.4,98.8,102.65,1626040
2026-03-30 10:22:00,10:22:00,101.85,109.15,99.25,106.4,1859325
2026-03-30 10:23:00,10:23:00,105.0,113.95,102.7,110.8,2267525
2026-03-30 10:24:00,10:24:00,110.0,112.8,104.65,108.6,1825850
2026-03-30 10:25:00,10:25:00,109.2,109.4,99.95,101.7,1572285
2026-03-30 10:26:00,10:26:00,101.7,105.55,97.4,104.1,1598220
2026-03-30 10:27:00,10:27:00,104.15,108.6,100.85,107.5,1273220
2026-03-30 10:28:00,10:28:00,106.55,111.95,103.7,108.6,1732380
2026-03-30 10:29:00,10:29:00,108.3,112.8,105.15,111.9,1151475
2026-03-30 10:30:00,10:30:00,111.1,111.9,106.75,107.5,1354925
2026-03-30 10:31:00,10:31:00,107.5,112.3,106.0,112.3,1286350
2026-03-30 10:32:00,10:32:00,112.05,114.6,109.0,112.1,1644370
2026-03-30 10:33:00,10:33:00,86.65,90.2,85.45,89.3,2880540
2026-03-30 10:34:00,10:34:00,116.8,117.2,108.65,109.1,1519570
2026-03-30 10:35:00,10:35:00,109.05,109.1,101.2,104.15,1706380
2026-03-30 10:36:00,10:36:00,103.65,105.45,99.5,105.45,1357265
2026-03-30 10:37:00,10:37:00,105.55,111.4,102.55,108.95,1235325
2026-03-30 10:38:00,10:38:00,108.6,109.0,97.0,97.2,1588860
2026-03-30 10:39:00,10:39:00,98.0,101.8,94.85,100.55,1392235
2026-03-30 10:40:00,10:40:00,101.55,102.35,94.05,98.9,1236105
2026-03-30 10:41:00,10:41:00,98.7,109.05,97.05,107.25,1859390
2026-03-30 10:42:00,10:42:00,107.35,109.75,105.1,108.2,1120925
2026-03-30 10:43:00,10:43:00,82.3,91.15,81.8,89.5,4332250
2026-03-30 10:44:00,10:44:00,89.5,90.2,85.75,89.2,2803645
2026-03-30 10:45:00,10:45:00,89.2,90.5,86.6,87.3,2510040
2026-03-30 10:46:00,10:46:00,87.0,87.3,80.1,82.8,3291535
2026-03-30 10:47:00,10:47:00,108.95,115.4,102.7,103.0,1511900
2026-03-30 10:48:00,10:48:00,102.4,107.4,99.6,106.6,1421940
2026-03-30 10:49:00,10:49:00,105.45,107.6,101.9,104.7,953810
2026-03-30 10:50:00,10:50:00,106.1,106.4,101.8,102.95,721370
2026-03-30 10:51:00,10:51:00,78.1,85.45,77.65,85.0,2106520
2026-03-30 10:52:00,10:52:00,83.2,87.5,82.1,85.75,2188420
2026-03-30 10:53:00,10:53:00,85.9,99.6,85.4,99.6,5938725
2026-03-30 10:54:00,10:54:00,100.65,100.65,95.6,96.3,5001555
2026-03-30 10:55:00,10:55:00,95.5,103.75,95.5,100.5,5444465
2026-03-30 10:56:00,10:56:00,101.6,102.9,84.2,86.85,6119815
2026-03-30 10:57:00,10:57:00,86.9,88.3,80.0,83.75,3809065
2026-03-30 10:58:00,10:58:00,84.45,91.0,83.75,86.45,3566680
2026-03-30 10:59:00,10:59:00,86.25,97.05,85.4,97.05,3048240
2026-03-30 11:00:00,11:00:00,96.65,98.4,90.05,93.15,2668770
2026-03-30 11:01:00,11:01:00,93.7,98.4,93.15,97.4,2815865
2026-03-30 11:02:00,11:02:00,97.2,97.4,90.4,93.45,1976390
2026-03-30 11:03:00,11:03:00,94.1,94.2,83.55,83.6,2963740
2026-03-30 11:04:00,11:04:00,83.55,87.95,82.8,86.25,2017275
2026-03-30 11:05:00,11:05:00,87.2,88.4,84.55,87.9,1440270
2026-03-30 11:06:00,11:06:00,88.2,92.15,86.0,87.65,2061800
2026-03-30 11:07:00,11:07:00,87.25,90.4,86.0,88.05,1404000
2026-03-30 11:08:00,11:08:00,88.2,96.15,88.05,94.0,2767765
2026-03-30 11:09:00,11:09:00,69.4,76.85,69.35,76.3,2640950
2026-03-30 11:10:00,11:10:00,82.35,88.4,76.3,79.8,5538325
2026-03-30 11:11:00,11:11:00,80.85,86.65,79.8,85.3,2785640
2026-03-30 11:12:00,11:12:00,86.0,87.2,84.1,85.9,2264925
2026-03-30 11:13:00,11:13:00,113.25,114.05,99.15,100.3,3931525
2026-03-30 11:14:00,11:14:00,99.75,107.65,99.75,101.2,2575300
2026-03-30 11:15:00,11:15:00,73.4,78.95,73.2,78.6,1747265
2026-03-30 11:16:00,11:16:00,104.4,105.75,97.1,98.55,2468830
2026-03-30 11:17:00,11:17:00,71.95,76.1,71.3,74.1,1096225
2026-03-30 11:18:00,11:18:00,99.8,101.95,96.85,97.15,1403675
2026-03-30 11:19:00,11:19:00,97.0,100.8,93.95,96.05,1984905
2026-03-30 11:20:00,11:20:00,71.0,75.3,70.15,73.9,1513070
2026-03-30 11:21:00,11:21:00,100.75,101.85,92.2,94.5,2461355
2026-03-30 11:22:00,11:22:00,95.9,99.65,94.5,96.8,1528150
2026-03-30 11:23:00,11:23:00,71.75,74.65,68.5,73.85,1207180
2026-03-30 11:24:00,11:24:00,99.1,100.15,94.25,96.45,1210950
2026-03-30 11:25:00,11:25:00,95.35,98.5,95.35,97.9,1120730
2026-03-30 11:26:00,11:26:00,71.95,78.0,69.6,75.75,1921855
2026-03-30 11:27:00,11:27:00,74.65,77.2,73.5,76.75,1158040
2026-03-30 11:28:00,11:28:00,76.9,80.75,75.75,76.95,1864200
2026-03-30 11:29:00,11:29:00,77.15,79.7,74.9,77.7,1233765
2026-03-30 11:30:00,11:30:00,78.65,82.25,76.3,77.15,2613780
2026-03-30 11:31:00,11:31:00,104.65,106.25,92.35,93.25,2837380
2026-03-30 11:32:00,11:32:00,90.9,93.25,87.7,89.25,3722485
2026-03-30 11:33:00,11:33:00,89.6,97.35,89.25,93.8,2327455
2026-03-30 11:34:00,11:34:00,93.8,93.8,80.85,83.15,4215510
2026-03-30 11:35:00,11:35:00,82.55,83.15,72.7,76.1,4897425
2026-03-30 11:36:00,11:36:00,76.65,82.8,76.1,76.3,3392675
2026-03-30 11:37:00,11:37:00,102.4,103.7,92.65,93.55,1323660
2026-03-30 11:38:00,11:38:00,93.1,97.5,90.7,93.15,1207440
2026-03-30 11:39:00,11:39:00,68.85,78.5,66.95,74.7,3696420
2026-03-30 11:40:00,11:40:00,75.3,82.4,73.8,74.95,4565340
2026-03-30 11:41:00,11:41:00,73.75,81.2,73.0,79.25,2426970
2026-03-30 11:42:00,11:42:00,78.8,83.15,78.3,83.15,2194725
2026-03-30 11:43:00,11:43:00,82.65,86.6,80.95,81.65,3610360
2026-03-30 11:44:00,11:44:00,82.4,88.6,81.65,87.2,2463045
2026-03-30 11:45:00,11:45:00,62.2,67.9,61.9,67.6,2680600
2026-03-30 11:46:00,11:46:00,67.05,74.05,64.2,74.05,2935660
2026-03-30 11:47:00,11:47:00,76.15,76.8,72.0,74.25,3174210
2026-03-30 11:48:00,11:48:00,74.05,75.0,69.4,72.85,1683500
2026-03-30 11:49:00,11:49:00,72.85,74.95,71.1,74.45,1376700
2026-03-30 11:50:00,11:50:00,75.05,77.0,73.55,74.9,1928420
2026-03-30 11:51:00,11:51:00,74.15,75.25,70.6,73.95,1565265
2026-03-30 11:52:00,11:52:00,73.8,77.4,72.0,76.65,1135030
2026-03-30 11:53:00,11:53:00,76.3,76.65,72.9,75.45,1251185
2026-03-30 11:54:00,11:54:00,104.7,108.75,91.05,92.55,4510805
2026-03-30 11:55:00,11:55:00,92.35,92.9,82.8,82.8,3527095
2026-03-30 11:56:00,11:56:00,58.1,68.0,57.65,67.6,2317380
2026-03-30 11:57:00,11:57:00,94.65,96.2,89.8,91.75,2086110
2026-03-30 11:58:00,11:58:00,90.7,91.75,84.7,84.7,1649375
2026-03-30 11:59:00,11:59:00,84.95,89.0,84.45,87.95,1394055
2026-03-30 12:00:00,12:00:00,87.15,89.7,79.55,79.55,1657370
2026-03-30 12:01:00,12:01:00,79.75,79.75,72.3,72.75,4029870
2026-03-30 12:02:00,12:02:00,102.5,102.6,87.25,87.4,1743105
2026-03-30 12:03:00,12:03:00,88.95,89.6,75.8,81.15,2962635
2026-03-30 12:04:00,12:04:00,80.9,87.85,80.45,80.6,1722110
2026-03-30 12:05:00,12:05:00,80.9,82.2,65.5,76.55,4371250
2026-03-30 12:06:00,12:06:00,76.9,77.05,64.0,76.2,2818465
2026-03-30 12:07:00,12:07:00,77.0,79.1,71.05,76.75,1784315
2026-03-30 12:08:00,12:08:00,76.7,80.75,75.0,80.75,2220205
2026-03-30 12:09:00,12:09:00,81.3,82.6,74.55,75.5,1941420
2026-03-30 12:10:00,12:10:00,76.2,78.75,73.85,76.0,1163630
2026-03-30 12:11:00,12:11:00,76.0,76.2,69.65,72.6,1632865
2026-03-30 12:12:00,12:12:00,101.55,103.05,92.25,94.0,1174095
2026-03-30 12:13:00,12:13:00,68.4,74.9,67.0,73.8,1386645
2026-03-30 12:14:00,12:14:00,73.6,74.1,67.65,72.05,1169545
2026-03-30 12:15:00,12:15:00,71.3,77.0,66.15,75.9,1708265
2026-03-30 12:16:00,12:16:00,76.55,77.55,68.95,71.15,1754480
2026-03-30 12:17:00,12:17:00,71.4,77.05,68.15,75.75,1271335
2026-03-30 12:18:00,12:18:00,75.15,77.65,73.1,76.6,1688505
2026-03-30 12:19:00,12:19:00,75.6,77.0,73.55,75.55,1057355
2026-03-30 12:20:00,12:20:00,75.85,76.65,69.3,72.95,1377805
2026-03-30 12:21:00,12:21:00,99.6,99.9,83.35,89.25,2780505
2026-03-30 12:22:00,12:22:00,62.4,73.3,62.4,73.3,1705015
2026-03-30 12:23:00,12:23:00,72.85,82.8,72.85,82.8,3105050
2026-03-30 12:24:00,12:24:00,81.3,88.85,78.4,88.85,3390335
2026-03-30 12:25:00,12:25:00,87.65,92.35,83.65,84.95,2852785
2026-03-30 12:26:00,12:26:00,59.5,68.75,59.15,68.2,5906745
2026-03-30 12:27:00,12:27:00,68.3,70.15,61.6,69.7,4691960
2026-03-30 12:28:00,12:28:00,70.9,72.6,68.0,69.55,4570410
2026-03-30 12:29:00,12:29:00,69.45,75.55,63.1,63.1,5053685
2026-03-30 12:30:00,12:30:00,63.7,70.15,63.1,69.5,3475160
2026-03-30 12:31:00,12:31:00,70.3,71.05,64.35,64.4,2491775
2026-03-30 12:32:00,12:32:00,63.45,66.95,60.0,65.95,4068870
2026-03-30 12:33:00,12:33:00,65.75,69.9,65.25,68.4,2340455
2026-03-30 12:34:00,12:34:00,67.45,68.45,64.35,65.35,1963390
2026-03-30 12:35:00,12:35:00,64.7,67.05,60.0,61.25,2742350
2026-03-30 12:36:00,12:36:00,88.35,89.85,81.4,81.4,1307605
2026-03-30 12:37:00,12:37:00,81.2,82.5,77.15,80.9,1618110
2026-03-30 12:38:00,12:38:00,81.55,83.4,70.65,70.65,1921725
2026-03-30 12:39:00,12:39:00,69.2,70.65,61.0,63.85,3054415
2026-03-30 12:40:00,12:40:00,64.6,66.9,63.45,63.9,1823380
2026-03-30 12:41:00,12:41:00,64.25,66.6,59.35,62.65,1869205
2026-03-30 12:42:00,12:42:00,62.55,64.75,59.65,62.15,1697345
2026-03-30 12:43:00,12:43:00,61.75,68.15,61.45,64.4,1942395
2026-03-30 12:44:00,12:44:00,64.5,67.1,62.45,66.95,1093040
2026-03-30 12:45:00,12:45:00,66.6,69.0,64.75,66.65,1386970
2026-03-30 12:46:00,12:46:00,67.05,74.35,66.65,69.5,2575625
2026-03-30 12:47:00,12:47:00,69.3,77.25,69.3,73.7,2278250
2026-03-30 12:48:00,12:48:00,74.4,79.35,72.9,76.8,1687270
2026-03-30 12:49:00,12:49:00,78.05,81.45,75.7,79.95,2091505
2026-03-30 12:50:00,12:50:00,79.45,85.95,77.25,82.25,2145650
2026-03-30 12:51:00,12:51:00,81.7,84.1,77.8,79.15,1352715
2026-03-30 12:52:00,12:52:00,54.9,66.0,54.5,64.95,6160830
2026-03-30 12:53:00,12:53:00,64.25,81.2,64.15,77.1,9347065
2026-03-30 12:54:00,12:54:00,76.35,77.1,67.9,68.65,5165680
2026-03-30 12:55:00,12:55:00,68.9,73.1,67.95,69.4,3247400
2026-03-30 12:56:00,12:56:00,67.6,73.15,66.65,71.5,3165370
2026-03-30 12:57:00,12:57:00,73.65,75.65,66.15,66.15,3965130
2026-03-30 12:58:00,12:58:00,66.2,70.45,65.0,66.9,2526225
2026-03-30 12:59:00,12:59:00,68.1,69.65,65.75,66.45,1590940
2026-03-30 13:00:00,13:00:00,66.25,66.5,62.9,64.75,2523625
2026-03-30 13:01:00,13:01:00,66.25,72.35,64.75,69.8,3538405
2026-03-30 13:02:00,13:02:00,70.8,77.5,69.25,75.55,4012450
2026-03-30 13:03:00,13:03:00,74.85,77.45,70.95,74.25,3053765
2026-03-30 13:04:00,13:04:00,73.65,74.35,69.45,71.05,2403960
2026-03-30 13:05:00,13:05:00,71.45,76.15,65.7,66.05,3577795
2026-03-30 13:06:00,13:06:00,66.45,71.3,65.4,65.95,2144935
2026-03-30 13:07:00,13:07:00,64.65,71.3,63.75,71.1,2795195
2026-03-30 13:08:00,13:08:00,71.15,73.25,68.85,69.65,2496650
2026-03-30 13:09:00,13:09:00,70.25,71.7,68.55,68.85,1292980
2026-03-30 13:10:00,13:10:00,70.05,71.25,67.55,69.15,1420315
2026-03-30 13:11:00,13:11:00,69.1,75.05,65.15,67.15,3789955
2026-03-30 13:12:00,13:12:00,66.6,67.15,59.45,59.9,4058860
2026-03-30 13:13:00,13:13:00,60.65,75.25,59.9,74.55,4906135
2026-03-30 13:14:00,13:14:00,75.15,75.15,63.6,65.25,3649815
2026-03-30 13:15:00,13:15:00,66.75,67.2,61.65,62.95,2439905
2026-03-30 13:16:00,13:16:00,62.5,64.7,54.7,55.55,4076540
2026-03-30 13:17:00,13:17:00,56.6,68.7,55.55,68.7,4136730
2026-03-30 13:18:00,13:18:00,68.2,69.9,62.7,64.25,4446000
2026-03-30 13:19:00,13:19:00,65.5,70.9,64.25,68.7,2878330
2026-03-30 13:20:00,13:20:00,68.25,70.9,65.3,67.65,2337010
2026-03-30 13:21:00,13:21:00,68.15,70.0,62.7,67.5,2386670
2026-03-30 13:22:00,13:22:00,67.95,68.3,65.5,67.15,1271400
2026-03-30 13:23:00,13:23:00,68.0,68.55,66.0,67.0,1163890
2026-03-30 13:24:00,13:24:00,66.65,72.25,65.05,67.9,2668575
2026-03-30 13:25:00,13:25:00,43.65,52.2,43.3,50.05,4156945
2026-03-30 13:26:00,13:26:00,50.1,60.05,48.2,58.4,5745285
2026-03-30 13:27:00,13:27:00,57.75,58.7,49.1,50.25,3936595
2026-03-30 13:28:00,13:28:00,76.8,84.3,69.55,70.9,4143685
2026-03-30 13:29:00,13:29:00,70.8,74.2,69.8,71.55,2547220
2026-03-30 13:30:00,13:30:00,45.55,49.3,45.5,49.15,2131025
2026-03-30 13:31:00,13:31:00,50.1,54.85,47.9,53.0,3354455
2026-03-30 13:32:00,13:32:00,52.75,53.55,45.95,53.55,2852200
2026-03-30 13:33:00,13:33:00,52.15,53.55,48.25,48.3,2035930
2026-03-30 13:34:00,13:34:00,75.5,75.65,63.45,63.45,3561155
2026-03-30 13:35:00,13:35:00,62.8,64.1,54.95,58.6,6570785
2026-03-30 13:36:00,13:36:00,60.2,64.0,58.6,62.6,2896075
2026-03-30 13:37:00,13:37:00,64.3,69.85,62.6,69.2,3947840
2026-03-30 13:38:00,13:38:00,70.8,71.2,65.95,68.4,2526030
2026-03-30 13:39:00,13:39:00,67.8,68.4,55.95,55.95,3305770
2026-03-30 13:40:00,13:40:00,56.45,58.6,53.8,58.45,4332900
2026-03-30 13:41:00,13:41:00,57.7,63.4,57.7,62.6,3080220
2026-03-30 13:42:00,13:42:00,40.0,48.15,39.25,45.0,5333120
2026-03-30 13:43:00,13:43:00,45.6,53.95,43.2,53.05,5242445
2026-03-30 13:44:00,13:44:00,52.55,55.9,49.4,49.8,4402060
2026-03-30 13:45:00,13:45:00,49.5,54.35,47.2,48.6,3462810
2026-03-30 13:46:00,13:46:00,47.95,49.1,43.7,46.95,3471325
2026-03-30 13:47:00,13:47:00,46.6,56.5,46.6,50.25,4663880
2026-03-30 13:48:00,13:48:00,50.25,55.0,50.15,53.4,2652325
2026-03-30 13:49:00,13:49:00,53.4,59.3,50.1,58.55,3033485
2026-03-30 13:50:00,13:50:00,57.4,58.55,54.0,54.6,5827770
2026-03-30 13:51:00,13:51:00,53.8,57.95,52.45,56.0,3117985
2026-03-30 13:52:00,13:52:00,56.0,66.8,55.0,66.8,3326440
2026-03-30 13:53:00,13:53:00,68.75,74.1,62.2,70.3,8994700
2026-03-30 13:54:00,13:54:00,45.2,45.35,41.5,44.3,6019975
2026-03-30 13:55:00,13:55:00,70.15,71.3,64.05,68.05,3475745
2026-03-30 13:56:00,13:56:00,42.3,44.15,38.4,41.15,4719260
2026-03-30 13:57:00,13:57:00,66.45,67.8,54.5,59.8,4190680
2026-03-30 13:58:00,13:58:00,60.1,64.2,59.45,64.0,2393690
2026-03-30 13:59:00,13:59:00,63.8,67.45,62.95,63.95,2516800
2026-03-30 14:00:00,14:00:00,64.35,66.1,57.05,58.5,2846935
2026-03-30 14:01:00,14:01:00,58.3,59.15,47.35,47.35,4187495
2026-03-30 14:02:00,14:02:00,48.8,49.2,38.25,38.25,4994015
2026-03-30 14:03:00,14:03:00,37.6,40.05,31.3,38.0,9361950
2026-03-30 14:04:00,14:04:00,38.25,40.35,32.75,40.3,5058625
2026-03-30 14:05:00,14:05:00,40.5,41.1,37.0,37.35,4672720
2026-03-30 14:06:00,14:06:00,37.3,44.8,37.15,44.0,4607265
2026-03-30 14:07:00,14:07:00,44.35,44.65,38.45,39.95,3331770
2026-03-30 14:08:00,14:08:00,39.4,39.95,32.55,37.3,4788745
2026-03-30 14:09:00,14:09:00,38.0,42.1,36.3,42.0,4040400
2026-03-30 14:10:00,14:10:00,42.55,49.2,41.75,48.5,6635070
2026-03-30 14:11:00,14:11:00,49.55,55.05,48.5,54.0,6200155
2026-03-30 14:12:00,14:12:00,52.7,55.05,46.1,48.1,4865185
2026-03-30 14:13:00,14:13:00,26.0,34.25,25.4,34.15,8907210
2026-03-30 14:14:00,14:14:00,34.35,35.45,31.6,33.95,6852885
2026-03-30 14:15:00,14:15:00,32.95,36.0,30.3,33.0,8076705
2026-03-30 14:16:00,14:16:00,32.9,34.65,28.65,31.5,6549530
2026-03-30 14:17:00,14:17:00,31.05,35.6,30.25,32.8,6619145
2026-03-30 14:18:00,14:18:00,32.95,37.6,32.4,35.6,7734610
2026-03-30 14:19:00,14:19:00,35.05,35.6,31.7,34.8,5933135
2026-03-30 14:20:00,14:20:00,61.4,61.4,45.15,51.4,4997525
2026-03-30 14:21:00,14:21:00,28.45,37.15,26.85,35.85,8843185
2026-03-30 14:22:00,14:22:00,35.55,41.25,32.6,40.65,9159735
2026-03-30 14:23:00,14:23:00,40.3,49.3,36.4,36.55,18102370
2026-03-30 14:24:00,14:24:00,35.45,46.9,35.45,45.8,9389770
2026-03-30 14:25:00,14:25:00,45.75,46.6,40.35,44.1,7886580
2026-03-30 14:26:00,14:26:00,44.05,51.95,40.5,47.4,8425430
2026-03-30 14:27:00,14:27:00,47.5,47.5,40.95,46.15,5451290
2026-03-30 14:28:00,14:28:00,45.55,47.2,43.35,45.3,4576910
2026-03-30 14:29:00,14:29:00,44.7,54.85,43.2,50.55,6582420
2026-03-30 14:30:00,14:30:00,50.05,51.8,43.55,46.05,8048755
2026-03-30 14:31:00,14:31:00,45.85,46.65,28.9,39.0,13767130
2026-03-30 14:32:00,14:32:00,38.95,40.75,35.1,40.45,7492550
2026-03-30 14:33:00,14:33:00,39.85,45.95,38.1,44.85,7430085
2026-03-30 14:34:00,14:34:00,22.55,28.75,21.95,27.25,13967005
2026-03-30 14:35:00,14:35:00,30.8,35.05,26.25,30.65,16741465
2026-03-30 14:36:00,14:36:00,30.95,31.1,23.0,26.15,9571575
2026-03-30 14:37:00,14:37:00,26.7,28.7,23.35,26.2,7392060
2026-03-30 14:38:00,14:38:00,26.3,26.85,23.75,25.85,5278390
2026-03-30 14:39:00,14:39:00,26.3,29.95,25.6,26.25,7618455
2026-03-30 14:40:00,14:40:00,25.0,26.25,22.25,25.85,7480460
2026-03-30 14:41:00,14:41:00,25.4,27.15,23.5,24.35,5923515
2026-03-30 14:42:00,14:42:00,26.35,26.9,16.85,22.2,13486200
2026-03-30 14:43:00,14:43:00,22.05,25.25,21.0,21.2,8068580
2026-03-30 14:44:00,14:44:00,21.6,24.2,21.2,23.35,4060290
2026-03-30 14:45:00,14:45:00,21.55,24.3,17.4,23.5,11355435
2026-03-30 14:46:00,14:46:00,22.45,24.25,21.9,23.35,4938375
2026-03-30 14:47:00,14:47:00,23.75,27.9,21.95,26.3,9812660
2026-03-30 14:48:00,14:48:00,25.6,32.25,24.25,30.65,12023505
2026-03-30 14:49:00,14:49:00,31.4,32.55,22.95,23.9,11002355
2026-03-30 14:50:00,14:50:00,23.9,23.9,16.25,18.8,10959975
2026-03-30 14:51:00,14:51:00,18.55,21.75,18.45,21.4,6727435
2026-03-30 14:52:00,14:52:00,22.35,23.8,18.85,22.4,9067955
2026-03-30 14:53:00,14:53:00,22.55,25.65,21.0,23.35,8753355
2026-03-30 14:54:00,14:54:00,23.05,27.8,19.05,25.45,11811345
2026-03-30 14:55:00,14:55:00,25.15,26.6,22.7,22.95,7748715
2026-03-30 14:56:00,14:56:00,22.35,25.45,20.5,24.3,7897370
2026-03-30 14:57:00,14:57:00,24.7,33.8,19.35,21.9,16294655
2026-03-30 14:58:00,14:58:00,21.15,24.1,19.6,23.75,9679540
2026-03-30 14:59:00,14:59:00,21.8,26.05,21.8,23.35,9890075
2026-03-30 15:00:00,15:00:00,7.55,15.7,7.2,12.05,42501810
2026-03-30 15:01:00,15:01:00,39.5,39.5,21.4,33.5,19941350
2026-03-30 15:02:00,15:02:00,7.65,11.3,6.7,10.6,25991290
2026-03-30 15:03:00,15:03:00,11.15,13.45,8.5,13.2,28026765
2026-03-30 15:04:00,15:04:00,12.95,19.1,11.65,13.9,38123735
2026-03-30 15:05:00,15:05:00,13.35,16.45,11.05,15.0,26666185
2026-03-30 15:06:00,15:06:00,14.45,19.3,10.5,13.3,28735850
2026-03-30 15:07:00,15:07:00,13.25,13.7,10.1,11.75,19518590
2026-03-30 15:08:00,15:08:00,11.5,14.65,10.95,13.15,18760690
2026-03-30 15:09:00,15:09:00,13.35,13.6,8.45,8.55,18676645
2026-03-30 15:10:00,15:10:00,10.05,10.05,6.15,6.6,28757885
2026-03-30 15:11:00,15:11:00,6.95,7.1,1.6,2.05,48826310
2026-03-30 15:12:00,15:12:00,33.0,35.7,22.45,25.95,11245455
2026-03-30 15:13:00,15:13:00,24.1,34.8,24.1,30.4,10674950
2026-03-30 15:14:00,15:14:00,30.0,31.55,26.3,29.35,5077865
2026-03-30 15:15:00,15:15:00,28.75,32.55,25.05,25.1,6305195
2026-03-30 15:16:00,15:16:00,23.4,25.1,19.5,22.3,10315630
2026-03-30 15:17:00,15:17:00,21.6,26.55,20.9,23.1,8301930
2026-03-30 15:18:00,15:18:00,22.95,25.1,20.0,23.85,6386380
2026-03-30 15:19:00,15:19:00,23.9,25.75,23.5,24.4,4935710
2026-03-30 15:20:00,15:20:00,23.55,25.0,22.1,23.0,3738150
2026-03-30 15:21:00,15:21:00,22.75,23.6,20.8,21.8,4636905
2026-03-30 15:22:00,15:22:00,21.2,21.8,16.9,19.0,8079565
2026-03-30 15:23:00,15:23:00,19.0,19.0,17.0,17.9,4294420
2026-03-30 15:24:00,15:24:00,67.8,68.4,66.4,68.25,1228110
2026-03-30 15:25:00,15:25:00,18.5,20.95,18.3,20.0,5695300
2026-03-30 15:26:00,15:26:00,19.6,20.0,18.5,18.8,2924675
2026-03-30 15:27:00,15:27:00,18.75,18.8,16.5,18.6,4512105
2026-03-30 15:28:00,15:28:00,18.9,18.9,18.1,18.25,2848950
2026-03-30 15:29:00,15:29:00,68.2,68.45,67.65,68.15,1176565
2026-04-01 09:15:00,09:15:00,298.25,325.0,241.55,242.5,553540
2026-04-01 09:16:00,09:16:00,225.35,245.3,222.9,241.75,169910
2026-04-01 09:17:00,09:17:00,261.3,261.45,241.8,242.35,291265
2026-04-01 09:18:00,09:18:00,262.65,263.2,252.3,252.6,125580
2026-04-01 09:19:00,09:19:00,251.1,254.55,249.85,253.3,66495
2026-04-01 09:20:00,09:20:00,252.85,253.3,244.0,247.45,73255
2026-04-01 09:21:00,09:21:00,247.7,252.0,244.8,245.55,112385
2026-04-01 09:22:00,09:22:00,245.9,246.4,241.05,243.15,62790
2026-04-01 09:23:00,09:23:00,242.0,247.45,241.0,246.9,44070
2026-04-01 09:24:00,09:24:00,245.9,247.0,240.6,240.75,43940
2026-04-01 09:25:00,09:25:00,240.3,241.1,234.55,238.1,64025
2026-04-01 09:26:00,09:26:00,238.4,241.1,236.2,241.05,29900
2026-04-01 09:27:00,09:27:00,240.85,241.15,237.6,239.55,30875
2026-04-01 09:28:00,09:28:00,239.1,239.55,233.0,233.35,29835
2026-04-01 09:29:00,09:29:00,252.45,253.1,248.65,250.3,257010
2026-04-01 09:30:00,09:30:00,230.15,234.55,227.4,234.4,62205
2026-04-01 09:31:00,09:31:00,233.4,240.55,233.4,240.15,61490
2026-04-01 09:32:00,09:32:00,221.45,238.3,221.45,236.45,299780
2026-04-01 09:33:00,09:33:00,235.4,240.0,235.15,238.95,235430
2026-04-01 09:34:00,09:34:00,239.55,244.75,238.35,242.4,241735
2026-04-01 09:35:00,09:35:00,242.7,250.35,242.4,246.95,253565
2026-04-01 09:36:00,09:36:00,247.0,251.75,246.1,250.5,154765
2026-04-01 09:37:00,09:37:00,250.4,253.9,249.65,251.15,189735
2026-04-01 09:38:00,09:38:00,251.2,252.35,248.75,249.95,130195
2026-04-01 09:39:00,09:39:00,249.8,255.0,249.4,253.85,152295
2026-04-01 09:40:00,09:40:00,253.85,253.85,238.35,241.45,253110
2026-04-01 09:41:00,09:41:00,240.75,241.45,229.9,231.0,192270
2026-04-01 09:42:00,09:42:00,230.8,235.6,230.6,235.45,83525
2026-04-01 09:43:00,09:43:00,236.0,244.9,235.45,244.2,152425
2026-04-01 09:44:00,09:44:00,243.25,245.3,234.25,240.6,136370
2026-04-01 09:45:00,09:45:00,240.15,240.6,234.0,237.55,70785
2026-04-01 09:46:00,09:46:00,237.1,242.4,236.5,242.4,51480
2026-04-01 09:47:00,09:47:00,242.35,242.4,235.15,236.4,66820
2026-04-01 09:48:00,09:48:00,255.1,255.4,243.7,244.4,98475
2026-04-01 09:49:00,09:49:00,244.2,244.4,236.45,236.5,98410
2026-04-01 09:50:00,09:50:00,236.1,238.45,234.25,234.25,47255
2026-04-01 09:51:00,09:51:00,233.6,234.3,226.55,226.55,144365
2026-04-01 09:52:00,09:52:00,245.0,245.1,238.8,239.3,349050
2026-04-01 09:53:00,09:53:00,220.95,230.75,220.6,228.95,87815
2026-04-01 09:54:00,09:54:00,229.3,229.95,224.65,224.85,57005
2026-04-01 09:55:00,09:55:00,224.6,230.3,222.85,229.5,72670
2026-04-01 09:56:00,09:56:00,228.85,235.6,228.85,235.0,87945
2026-04-01 09:57:00,09:57:00,235.45,235.45,227.4,227.4,57785
2026-04-01 09:58:00,09:58:00,227.6,233.2,227.4,231.05,23790
2026-04-01 09:59:00,09:59:00,230.9,232.4,229.45,231.45,20930
2026-04-01 10:00:00,10:00:00,230.85,232.0,227.2,228.0,33020
2026-04-01 10:01:00,10:01:00,228.2,231.75,224.85,224.95,36725
2026-04-01 10:02:00,10:02:00,226.15,226.9,221.7,223.15,35685
2026-04-01 10:03:00,10:03:00,241.05,241.35,233.65,233.95,280865
2026-04-01 10:04:00,10:04:00,234.7,237.0,232.0,237.0,191425
2026-04-01 10:05:00,10:05:00,235.6,238.75,235.45,238.5,179920
2026-04-01 10:06:00,10:06:00,220.5,225.6,220.5,224.75,66300
2026-04-01 10:07:00,10:07:00,224.0,225.95,222.6,225.25,33280
2026-04-01 10:08:00,10:08:00,225.7,226.4,224.45,224.45,30615
2026-04-01 10:09:00,10:09:00,223.2,225.95,222.8,225.15,33865
2026-04-01 10:10:00,10:10:00,224.45,232.8,224.45,232.8,75985
2026-04-01 10:11:00,10:11:00,232.9,236.3,232.8,236.3,91910
2026-04-01 10:12:00,10:12:00,236.0,239.5,234.0,237.15,116090
2026-04-01 10:13:00,10:13:00,218.9,224.55,218.9,222.9,141115
2026-04-01 10:14:00,10:14:00,222.1,223.4,220.25,222.0,95290
2026-04-01 10:15:00,10:15:00,223.0,223.9,218.7,223.8,104910
2026-04-01 10:16:00,10:16:00,224.55,226.6,222.0,222.7,115830
2026-04-01 10:17:00,10:17:00,222.7,227.5,222.7,226.95,66235
2026-04-01 10:18:00,10:18:00,227.9,229.5,226.95,227.7,128375
2026-04-01 10:19:00,10:19:00,226.6,227.8,219.7,224.0,144625
2026-04-01 10:20:00,10:20:00,242.6,242.8,235.55,235.55,46215
2026-04-01 10:21:00,10:21:00,217.7,228.5,217.6,228.5,102245
2026-04-01 10:22:00,10:22:00,228.45,231.9,227.8,231.4,160745
2026-04-01 10:23:00,10:23:00,231.4,238.35,231.05,237.55,207805
2026-04-01 10:24:00,10:24:00,238.3,241.75,235.15,241.45,195065
2026-04-01 10:25:00,10:25:00,223.05,233.25,222.55,231.8,152100
2026-04-01 10:26:00,10:26:00,232.2,240.0,231.8,239.1,127140
2026-04-01 10:27:00,10:27:00,239.2,242.4,239.0,240.1,123760
2026-04-01 10:28:00,10:28:00,240.7,249.5,240.1,245.6,145990
2026-04-01 10:29:00,10:29:00,246.7,252.05,240.8,240.8,114010
2026-04-01 10:30:00,10:30:00,238.85,249.65,236.5,243.6,128635
2026-04-01 10:31:00,10:31:00,240.3,244.95,239.5,240.8,66300
2026-04-01 10:32:00,10:32:00,240.3,240.8,231.8,231.8,96525
2026-04-01 10:33:00,10:33:00,232.45,243.6,231.8,240.9,73450
2026-04-01 10:34:00,10:34:00,242.25,243.5,238.7,241.3,46735
2026-04-01 10:35:00,10:35:00,240.2,241.3,234.25,235.7,39520
2026-04-01 10:36:00,10:36:00,236.15,237.0,231.0,231.4,35880
2026-04-01 10:37:00,10:37:00,230.65,233.65,229.55,233.65,36205
2026-04-01 10:38:00,10:38:00,232.05,237.7,231.05,234.95,31135
2026-04-01 10:39:00,10:39:00,235.2,236.35,232.05,232.6,23855
2026-04-01 10:40:00,10:40:00,232.5,239.0,231.9,237.9,33150
2026-04-01 10:41:00,10:41:00,237.6,240.1,235.2,239.2,50570
2026-04-01 10:42:00,10:42:00,239.0,245.3,239.0,240.0,64285
2026-04-01 10:43:00,10:43:00,239.15,241.65,232.85,235.3,47385
2026-04-01 10:44:00,10:44:00,235.75,236.6,231.0,234.05,36920
2026-04-01 10:45:00,10:45:00,234.55,238.0,234.05,235.65,19435
2026-04-01 10:46:00,10:46:00,235.55,238.25,234.85,238.25,19175
2026-04-01 10:47:00,10:47:00,237.9,239.0,233.95,233.95,27950
2026-04-01 10:48:00,10:48:00,233.95,233.95,225.85,231.8,77870
2026-04-01 10:49:00,10:49:00,233.0,241.15,231.8,238.85,69810
2026-04-01 10:50:00,10:50:00,238.65,244.1,237.35,243.0,56615
2026-04-01 10:51:00,10:51:00,244.0,245.85,238.55,240.4,50765
2026-04-01 10:52:00,10:52:00,239.25,240.8,234.5,240.0,41210
2026-04-01 10:53:00,10:53:00,240.4,243.6,240.0,240.6,28535
2026-04-01 10:54:00,10:54:00,240.7,241.75,238.0,241.75,21905
2026-04-01 10:55:00,10:55:00,280.0,285.0,280.0,280.35,136110
2026-04-01 10:56:00,10:56:00,241.25,244.05,240.9,243.3,18330
2026-04-01 10:57:00,10:57:00,243.15,247.1,242.2,246.75,50245
2026-04-01 10:58:00,10:58:00,228.75,231.75,227.95,230.9,175305
2026-04-01 10:59:00,10:59:00,230.05,231.45,226.8,230.55,89635
2026-04-01 11:00:00,11:00:00,269.1,272.85,268.55,272.4,254345
2026-04-01 11:01:00,11:01:00,232.5,234.0,231.3,232.15,97240
2026-04-01 11:02:00,11:02:00,232.8,232.8,228.1,230.7,99775
2026-04-01 11:03:00,11:03:00,230.4,235.25,230.1,231.2,156585
2026-04-01 11:04:00,11:04:00,231.4,235.7,231.2,235.0,103610
2026-04-01 11:05:00,11:05:00,274.45,282.95,274.45,282.65,361595
2026-04-01 11:06:00,11:06:00,242.6,242.75,234.25,235.8,174005
2026-04-01 11:07:00,11:07:00,235.5,235.8,228.9,232.65,132795
2026-04-01 11:08:00,11:08:00,251.3,253.1,241.8,242.15,88400
2026-04-01 11:09:00,11:09:00,226.2,232.0,224.2,229.55,93210
2026-04-01 11:10:00,11:10:00,289.9,291.65,277.25,277.9,197665
2026-04-01 11:11:00,11:11:00,237.05,242.65,237.0,242.65,30095
2026-04-01 11:12:00,11:12:00,223.6,229.0,222.8,228.85,90610
2026-04-01 11:13:00,11:13:00,228.2,232.25,228.2,231.7,108485
2026-04-01 11:14:00,11:14:00,231.05,232.0,226.9,227.75,75270
2026-04-01 11:15:00,11:15:00,266.05,272.0,263.95,271.7,126165
2026-04-01 11:16:00,11:16:00,232.75,234.95,229.5,232.25,95875
2026-04-01 11:17:00,11:17:00,233.0,235.9,230.8,231.65,75075
2026-04-01 11:18:00,11:18:00,231.7,233.0,230.8,231.95,34580
2026-04-01 11:19:00,11:19:00,232.0,232.8,226.35,226.35,57655
2026-04-01 11:20:00,11:20:00,226.8,230.1,223.7,225.3,95940
2026-04-01 11:21:00,11:21:00,243.35,244.25,238.45,239.2,46930
2026-04-01 11:22:00,11:22:00,239.4,243.75,238.7,241.35,26195
2026-04-01 11:23:00,11:23:00,223.25,225.9,223.1,224.95,35750
2026-04-01 11:24:00,11:24:00,243.7,244.5,239.45,241.3,23920
2026-04-01 11:25:00,11:25:00,240.55,241.3,239.45,239.8,16055
2026-04-01 11:26:00,11:26:00,239.6,240.8,235.8,238.5,38090
2026-04-01 11:27:00,11:27:00,238.6,239.9,231.7,232.35,46735
2026-04-01 11:28:00,11:28:00,232.95,237.9,231.9,237.9,44135
2026-04-01 11:29:00,11:29:00,238.1,240.25,237.65,238.2,32955
2026-04-01 11:30:00,11:30:00,238.0,239.1,233.15,233.15,18395
2026-04-01 11:31:00,11:31:00,233.3,234.25,225.45,228.15,96785
2026-04-01 11:32:00,11:32:00,228.0,231.8,226.35,230.0,40105
2026-04-01 11:33:00,11:33:00,230.35,233.65,229.95,232.2,41795
2026-04-01 11:34:00,11:34:00,231.6,232.95,230.2,231.7,15795
2026-04-01 11:35:00,11:35:00,231.15,231.9,230.0,230.2,16120
2026-04-01 11:36:00,11:36:00,230.45,232.65,229.0,232.65,24830
2026-04-01 11:37:00,11:37:00,232.75,233.2,227.25,227.25,27170
2026-04-01 11:38:00,11:38:00,227.05,228.8,224.95,227.75,40235
2026-04-01 11:39:00,11:39:00,227.1,227.75,221.7,224.15,41860
2026-04-01 11:40:00,11:40:00,224.15,225.7,222.8,222.8,23010
2026-04-01 11:41:00,11:41:00,222.85,226.0,220.4,220.5,36400
2026-04-01 11:42:00,11:42:00,219.8,227.2,217.05,224.25,81640
2026-04-01 11:43:00,11:43:00,225.0,225.95,222.0,224.8,25350
2026-04-01 11:44:00,11:44:00,225.5,227.1,223.95,227.1,32175
2026-04-01 11:45:00,11:45:00,266.75,271.25,266.55,269.7,249470
2026-04-01 11:46:00,11:46:00,230.25,233.0,229.25,232.15,37245
2026-04-01 11:47:00,11:47:00,215.0,224.0,214.5,224.0,165555
2026-04-01 11:48:00,11:48:00,223.5,231.2,223.5,229.05,254995
2026-04-01 11:49:00,11:49:00,229.45,230.7,226.6,228.15,103285
2026-04-01 11:50:00,11:50:00,266.5,267.75,262.0,266.7,157300
2026-04-01 11:51:00,11:51:00,228.2,228.2,221.55,221.65,91260
2026-04-01 11:52:00,11:52:00,221.25,225.0,220.0,223.45,61360
2026-04-01 11:53:00,11:53:00,224.2,229.6,220.9,229.6,98345
2026-04-01 11:54:00,11:54:00,229.6,231.9,228.5,231.7,146315
2026-04-01 11:55:00,11:55:00,231.8,233.0,229.5,229.5,86840
2026-04-01 11:56:00,11:56:00,230.5,232.65,227.2,227.2,85020
2026-04-01 11:57:00,11:57:00,227.7,230.7,222.0,222.0,108160
2026-04-01 11:58:00,11:58:00,221.45,223.8,219.95,221.85,110435
2026-04-01 11:59:00,11:59:00,239.9,239.9,235.6,238.45,52520
2026-04-01 12:00:00,12:00:00,237.8,238.6,224.15,226.05,111280
2026-04-01 12:01:00,12:01:00,226.9,228.55,223.2,224.65,46605
2026-04-01 12:02:00,12:02:00,225.15,225.35,218.7,221.8,52130
2026-04-01 12:03:00,12:03:00,240.9,240.9,222.9,223.9,287885
2026-04-01 12:04:00,12:04:00,225.0,230.25,223.9,227.45,208130
2026-04-01 12:05:00,12:05:00,227.25,230.65,225.25,229.25,99775
2026-04-01 12:06:00,12:06:00,229.05,230.25,225.5,225.75,98605
2026-04-01 12:07:00,12:07:00,226.7,228.35,225.5,226.2,67730
2026-04-01 12:08:00,12:08:00,226.0,229.2,223.0,228.25,96005
2026-04-01 12:09:00,12:09:00,228.6,228.6,224.35,225.9,62335
2026-04-01 12:10:00,12:10:00,225.9,232.3,225.15,228.6,122265
2026-04-01 12:11:00,12:11:00,229.3,229.7,220.65,220.8,139555
2026-04-01 12:12:00,12:12:00,220.8,220.8,214.8,219.2,154895
2026-04-01 12:13:00,12:13:00,218.95,223.65,218.5,219.6,86515
2026-04-01 12:14:00,12:14:00,220.15,220.95,215.4,217.7,81640
2026-04-01 12:15:00,12:15:00,217.85,223.9,216.65,221.95,71825
2026-04-01 12:16:00,12:16:00,221.7,224.5,217.95,219.3,86840
2026-04-01 12:17:00,12:17:00,219.1,223.0,216.7,222.0,49920
2026-04-01 12:18:00,12:18:00,222.1,223.65,220.25,222.6,66235
2026-04-01 12:19:00,12:19:00,222.4,223.8,221.35,222.85,62335
2026-04-01 12:20:00,12:20:00,222.9,225.8,222.7,223.8,113555
2026-04-01 12:21:00,12:21:00,225.1,226.0,220.25,222.95,95615
2026-04-01 12:22:00,12:22:00,222.8,223.5,217.9,220.15,85995
2026-04-01 12:23:00,12:23:00,221.8,223.3,220.15,221.2,45630
2026-04-01 12:24:00,12:24:00,220.65,224.0,220.65,223.3,50245
2026-04-01 12:25:00,12:25:00,223.55,225.05,222.75,223.55,45045
2026-04-01 12:26:00,12:26:00,224.0,224.65,222.15,223.4,26585
2026-04-01 12:27:00,12:27:00,206.85,208.45,205.9,208.25,24375
2026-04-01 12:28:00,12:28:00,207.7,209.8,207.15,207.9,35165
2026-04-01 12:29:00,12:29:00,226.4,226.45,219.55,221.8,101335
2026-04-01 12:30:00,12:30:00,221.75,224.7,217.1,224.3,93470
2026-04-01 12:31:00,12:31:00,223.1,224.3,220.0,221.75,42900
2026-04-01 12:32:00,12:32:00,221.85,228.0,221.7,226.65,65520
2026-04-01 12:33:00,12:33:00,226.65,227.45,224.05,225.55,51935
2026-04-01 12:34:00,12:34:00,225.95,226.0,224.0,225.45,22425
2026-04-01 12:35:00,12:35:00,206.8,211.15,206.3,210.75,24700
2026-04-01 12:36:00,12:36:00,210.8,211.05,207.65,208.3,27170
2026-04-01 12:37:00,12:37:00,226.45,226.8,222.65,223.2,64285
2026-04-01 12:38:00,12:38:00,223.5,225.0,220.0,221.15,49725
2026-04-01 12:39:00,12:39:00,221.0,223.0,218.45,218.45,47645
2026-04-01 12:40:00,12:40:00,218.45,219.2,214.85,219.2,138450
2026-04-01 12:41:00,12:41:00,219.75,224.0,219.2,221.65,91455
2026-04-01 12:42:00,12:42:00,221.65,222.65,221.15,221.75,50570
2026-04-01 12:43:00,12:43:00,221.45,222.6,219.65,220.6,47255
2026-04-01 12:44:00,12:44:00,221.2,222.05,220.1,221.55,23985
2026-04-01 12:45:00,12:45:00,220.95,221.55,215.0,216.0,68900
2026-04-01 12:46:00,12:46:00,215.8,216.2,212.0,213.55,116090
2026-04-01 12:47:00,12:47:00,213.35,213.55,209.2,209.4,92170
2026-04-01 12:48:00,12:48:00,228.3,230.0,222.45,222.45,89830
2026-04-01 12:49:00,12:49:00,205.25,209.9,205.25,209.9,109590
2026-04-01 12:50:00,12:50:00,210.0,211.45,208.8,209.95,70070
2026-04-01 12:51:00,12:51:00,209.8,212.05,209.45,211.6,38740
2026-04-01 12:52:00,12:52:00,212.15,213.15,208.6,208.6,77545
2026-04-01 12:53:00,12:53:00,209.1,209.1,206.7,207.35,53625
2026-04-01 12:54:00,12:54:00,207.15,208.75,206.2,207.5,27625
2026-04-01 12:55:00,12:55:00,207.35,209.75,207.0,208.9,39455
2026-04-01 12:56:00,12:56:00,208.45,213.0,207.65,212.4,54080
2026-04-01 12:57:00,12:57:00,212.7,212.75,207.3,208.6,65520
2026-04-01 12:58:00,12:58:00,208.45,209.35,207.8,208.65,25090
2026-04-01 12:59:00,12:59:00,208.2,210.75,206.0,209.3,45500
2026-04-01 13:00:00,13:00:00,209.8,209.95,205.8,206.65,37830
2026-04-01 13:01:00,13:01:00,207.2,208.35,205.95,206.85,32630
2026-04-01 13:02:00,13:02:00,207.55,207.8,204.55,206.3,55835
2026-04-01 13:03:00,13:03:00,207.75,211.2,206.3,208.95,66690
2026-04-01 13:04:00,13:04:00,208.4,209.6,208.0,209.0,22425
2026-04-01 13:05:00,13:05:00,207.25,209.0,206.55,207.9,27040
2026-04-01 13:06:00,13:06:00,207.95,209.55,206.55,206.55,24505
2026-04-01 13:07:00,13:07:00,206.15,206.55,202.9,204.8,91000
2026-04-01 13:08:00,13:08:00,222.4,223.2,219.4,219.9,45630
2026-04-01 13:09:00,13:09:00,202.3,207.0,202.1,206.95,54080
2026-04-01 13:10:00,13:10:00,206.6,208.55,206.55,207.5,62335
2026-04-01 13:11:00,13:11:00,208.8,214.85,207.5,214.85,98930
2026-04-01 13:12:00,13:12:00,214.7,215.75,211.0,213.55,154310
2026-04-01 13:13:00,13:13:00,213.25,213.65,207.1,207.65,94055
2026-04-01 13:14:00,13:14:00,225.55,225.6,218.6,218.75,77480
2026-04-01 13:15:00,13:15:00,218.5,219.95,214.2,219.5,129675
2026-04-01 13:16:00,13:16:00,202.45,205.0,201.55,204.7,145015
2026-04-01 13:17:00,13:17:00,222.25,224.0,220.1,220.55,35360
2026-04-01 13:18:00,13:18:00,203.85,210.0,202.8,209.75,95290
2026-04-01 13:19:00,13:19:00,210.0,217.35,209.75,216.25,242385
2026-04-01 13:20:00,13:20:00,216.75,220.7,216.0,219.6,233805
2026-04-01 13:21:00,13:21:00,220.55,224.55,219.1,219.75,281320
2026-04-01 13:22:00,13:22:00,202.15,207.3,199.5,207.05,67470
2026-04-01 13:23:00,13:23:00,207.3,211.95,206.95,208.85,114140
2026-04-01 13:24:00,13:24:00,208.9,210.9,208.45,210.45,38415
2026-04-01 13:25:00,13:25:00,211.15,217.75,209.0,216.4,113685
2026-04-01 13:26:00,13:26:00,216.75,217.65,213.65,215.7,78585
2026-04-01 13:27:00,13:27:00,216.35,219.0,212.3,212.65,75205
2026-04-01 13:28:00,13:28:00,212.95,216.5,210.8,216.45,54145
2026-04-01 13:29:00,13:29:00,217.75,220.45,213.65,216.55,69680
2026-04-01 13:30:00,13:30:00,216.75,225.1,216.35,224.4,56745
2026-04-01 13:31:00,13:31:00,207.3,215.45,207.0,213.05,285090
2026-04-01 13:32:00,13:32:00,213.9,218.8,210.3,214.1,237055
2026-04-01 13:33:00,13:33:00,213.7,215.85,210.2,211.25,114595
2026-04-01 13:34:00,13:34:00,229.55,229.95,223.05,229.95,64415
2026-04-01 13:35:00,13:35:00,249.95,255.75,249.3,255.2,228085
2026-04-01 13:36:00,13:36:00,216.75,222.15,215.35,220.25,210665
2026-04-01 13:37:00,13:37:00,219.3,224.65,218.4,221.05,141115
2026-04-01 13:38:00,13:38:00,221.55,222.0,215.6,218.7,104975
2026-04-01 13:39:00,13:39:00,218.25,221.65,213.35,216.9,90805
2026-04-01 13:40:00,13:40:00,257.2,282.5,255.0,281.2,756535
2026-04-01 13:41:00,13:41:00,204.35,227.7,203.9,227.7,845910
2026-04-01 13:42:00,13:42:00,246.0,246.05,237.15,239.15,129805
2026-04-01 13:43:00,13:43:00,217.45,237.95,213.85,236.7,569075
2026-04-01 13:44:00,13:44:00,255.2,255.7,243.5,245.8,157170
2026-04-01 13:45:00,13:45:00,309.0,319.9,298.05,299.7,643240
2026-04-01 13:46:00,13:46:00,237.95,241.6,234.55,238.6,88725
2026-04-01 13:47:00,13:47:00,239.5,239.5,228.9,231.05,91130
2026-04-01 13:48:00,13:48:00,231.4,232.0,223.1,223.3,67015
2026-04-01 13:49:00,13:49:00,222.8,230.9,221.85,229.95,54405
2026-04-01 13:50:00,13:50:00,291.45,294.55,287.4,288.35,436735
2026-04-01 13:51:00,13:51:00,228.25,233.45,227.85,229.8,104390
2026-04-01 13:52:00,13:52:00,228.4,229.8,224.15,226.1,55445
2026-04-01 13:53:00,13:53:00,226.45,227.95,218.95,227.4,58565
2026-04-01 13:54:00,13:54:00,226.7,229.8,224.7,228.75,47970
2026-04-01 13:55:00,13:55:00,289.55,294.75,288.05,288.3,377585
2026-04-01 13:56:00,13:56:00,225.9,229.55,222.45,226.35,47905
2026-04-01 13:57:00,13:57:00,226.6,228.5,215.5,223.05,90675
2026-04-01 13:58:00,13:58:00,223.3,224.5,218.65,222.15,33735
2026-04-01 13:59:00,13:59:00,221.85,230.0,221.65,225.7,50375
2026-04-01 14:00:00,14:00:00,285.75,290.4,283.45,290.2,219570
2026-04-01 14:01:00,14:01:00,229.5,234.4,229.4,230.55,59540
2026-04-01 14:02:00,14:02:00,230.85,230.85,219.05,220.55,55705
2026-04-01 14:03:00,14:03:00,220.75,220.75,212.3,217.05,66755
2026-04-01 14:04:00,14:04:00,216.4,218.1,213.75,217.25,30290
2026-04-01 14:05:00,14:05:00,255.45,258.4,253.0,258.4,55055
2026-04-01 14:06:00,14:06:00,238.65,239.95,233.1,234.35,66885
2026-04-01 14:07:00,14:07:00,216.0,219.9,212.25,218.95,34450
2026-04-01 14:08:00,14:08:00,217.75,218.95,212.1,212.1,26325
2026-04-01 14:09:00,14:09:00,231.6,231.85,223.85,225.15,154830
2026-04-01 14:10:00,14:10:00,265.5,273.6,265.0,272.45,304460
2026-04-01 14:11:00,14:11:00,231.1,231.4,223.7,224.85,117130
2026-04-01 14:12:00,14:12:00,224.85,229.7,223.85,223.85,159965
2026-04-01 14:13:00,14:13:00,225.0,229.55,223.85,224.9,117325
2026-04-01 14:14:00,14:14:00,224.6,224.85,216.15,220.0,196820
2026-04-01 14:15:00,14:15:00,258.75,263.0,256.95,261.4,234455
2026-04-01 14:16:00,14:16:00,222.7,232.0,222.0,232.0,149110
2026-04-01 14:17:00,14:17:00,232.0,232.0,228.0,229.7,130000
2026-04-01 14:18:00,14:18:00,230.0,232.95,228.7,231.0,91845
2026-04-01 14:19:00,14:19:00,230.45,231.65,222.8,224.95,99320
2026-04-01 14:20:00,14:20:00,285.9,289.15,284.25,287.95,111215
2026-04-01 14:21:00,14:21:00,209.25,215.2,207.6,213.65,55770
2026-04-01 14:22:00,14:22:00,232.5,236.35,227.55,232.05,177970
2026-04-01 14:23:00,14:23:00,232.0,233.3,225.0,226.65,94120
2026-04-01 14:24:00,14:24:00,208.75,223.35,208.15,216.0,72150
2026-04-01 14:25:00,14:25:00,275.0,277.9,268.9,270.4,353860
2026-04-01 14:26:00,14:26:00,230.0,231.1,225.0,228.7,97240
2026-04-01 14:27:00,14:27:00,228.95,229.8,226.0,229.8,64805
2026-04-01 14:28:00,14:28:00,227.8,231.05,226.9,228.4,58175
2026-04-01 14:29:00,14:29:00,228.4,228.65,225.45,225.45,33605
2026-04-01 14:30:00,14:30:00,265.7,272.75,264.35,270.9,292240
2026-04-01 14:31:00,14:31:00,231.25,234.05,225.7,227.45,111865
2026-04-01 14:32:00,14:32:00,211.75,214.3,208.6,211.6,17680
2026-04-01 14:33:00,14:33:00,213.15,219.85,211.6,219.85,40625
2026-04-01 14:34:00,14:34:00,219.8,221.55,216.4,218.4,75530
2026-04-01 14:35:00,14:35:00,301.0,306.75,300.6,303.25,219180
2026-04-01 14:36:00,14:36:00,220.85,228.4,220.0,227.5,75335
2026-04-01 14:37:00,14:37:00,209.4,213.3,209.25,213.25,298415
2026-04-01 14:38:00,14:38:00,212.6,217.55,212.45,214.2,345670
2026-04-01 14:39:00,14:39:00,212.3,216.35,211.05,215.5,195520
2026-04-01 14:40:00,14:40:00,296.6,308.6,296.6,308.4,751335
2026-04-01 14:41:00,14:41:00,226.0,227.85,214.25,216.25,522600
2026-04-01 14:42:00,14:42:00,216.15,220.45,212.35,216.7,227500
2026-04-01 14:43:00,14:43:00,235.95,238.95,228.3,228.3,61035
2026-04-01 14:44:00,14:44:00,209.6,220.5,209.6,220.0,256750
2026-04-01 14:45:00,14:45:00,304.15,309.0,303.15,309.0,397020
2026-04-01 14:46:00,14:46:00,225.0,232.9,224.45,227.6,422760
2026-04-01 14:47:00,14:47:00,228.45,232.0,226.55,227.25,175760
2026-04-01 14:48:00,14:48:00,209.8,225.5,209.8,223.25,151645
2026-04-01 14:49:00,14:49:00,243.05,243.8,232.6,234.5,418860
2026-04-01 14:50:00,14:50:00,319.85,321.9,315.0,319.2,319735
2026-04-01 14:51:00,14:51:00,233.9,236.8,231.4,235.25,197600
2026-04-01 14:52:00,14:52:00,235.5,236.85,221.0,221.0,348595
2026-04-01 14:53:00,14:53:00,219.8,228.45,217.0,222.85,296335
2026-04-01 14:54:00,14:54:00,223.45,228.0,222.7,223.6,151060
2026-04-01 14:55:00,14:55:00,332.3,334.1,311.95,316.25,109135
2026-04-01 14:56:00,14:56:00,230.1,233.55,228.6,232.35,46150
2026-04-01 14:57:00,14:57:00,213.8,215.55,211.45,212.85,117975
2026-04-01 14:58:00,14:58:00,212.2,218.0,212.2,217.7,156520
2026-04-01 14:59:00,14:59:00,217.95,223.35,217.0,221.25,235950
2026-04-01 15:00:00,15:00:00,302.25,305.3,284.15,285.2,622960
2026-04-01 15:01:00,15:01:00,222.0,230.4,220.75,228.8,79235
2026-04-01 15:02:00,15:02:00,228.95,231.95,223.8,231.6,57525
2026-04-01 15:03:00,15:03:00,214.35,222.4,213.25,215.05,293605
2026-04-01 15:04:00,15:04:00,233.35,234.15,226.75,233.85,77870
2026-04-01 15:05:00,15:05:00,274.85,277.45,272.8,274.25,105755
2026-04-01 15:06:00,15:06:00,232.0,236.0,230.6,232.85,42900
2026-04-01 15:07:00,15:07:00,214.2,216.9,213.5,216.85,66820
2026-04-01 15:08:00,15:08:00,216.15,218.3,214.55,215.45,112320
2026-04-01 15:09:00,15:09:00,234.05,237.35,230.25,231.1,43810
2026-04-01 15:10:00,15:10:00,317.2,319.55,312.3,318.35,92560
2026-04-01 15:11:00,15:11:00,232.85,235.5,230.05,233.55,24505
2026-04-01 15:12:00,15:12:00,233.2,234.9,231.0,233.7,25545
2026-04-01 15:13:00,15:13:00,233.2,233.7,231.25,232.7,17875
2026-04-01 15:14:00,15:14:00,215.1,218.6,214.2,217.75,137995
2026-04-01 15:15:00,15:15:00,298.6,300.4,297.3,299.7,285220
2026-04-01 15:16:00,15:16:00,217.6,222.7,216.95,218.0,237510
2026-04-01 15:17:00,15:17:00,235.95,236.9,230.9,230.9,34840
2026-04-01 15:18:00,15:18:00,231.0,233.6,228.8,231.0,55250
2026-04-01 15:19:00,15:19:00,229.4,233.75,229.0,233.4,40690
2026-04-01 15:20:00,15:20:00,295.25,297.45,294.95,295.1,196560
2026-04-01 15:21:00,15:21:00,231.65,233.7,231.0,231.65,33475
2026-04-01 15:22:00,15:22:00,232.0,233.8,230.3,233.4,36725
2026-04-01 15:23:00,15:23:00,232.95,234.7,232.1,233.35,31915
2026-04-01 15:24:00,15:24:00,233.35,234.45,232.0,232.15,41665
2026-04-01 15:25:00,15:25:00,296.55,297.85,294.5,297.2,212615
2026-04-01 15:26:00,15:26:00,234.1,234.2,227.8,228.0,38805
2026-04-01 15:27:00,15:27:00,228.0,229.05,224.2,226.55,58760
2026-04-01 15:28:00,15:28:00,226.8,231.35,226.05,231.35,46280
2026-04-01 15:29:00,15:29:00,232.0,232.05,217.65,217.65,115570
2026-04-02 09:15:00,09:15:00,374.0,528.3,374.0,528.3,481130
2026-04-02 09:16:00,09:16:00,565.65,579.35,542.8,547.8,338065
2026-04-02 09:17:00,09:17:00,545.25,556.1,534.4,546.55,174135
2026-04-02 09:18:00,09:18:00,548.7,559.35,546.55,554.75,149110
2026-04-02 09:19:00,09:19:00,554.0,571.8,553.95,568.0,129545
2026-04-02 09:20:00,09:20:00,566.0,574.5,561.45,564.65,61880
2026-04-02 09:21:00,09:21:00,565.45,571.95,562.65,566.0,35880
2026-04-02 09:22:00,09:22:00,568.75,577.55,565.5,567.6,39845
2026-04-02 09:23:00,09:23:00,568.15,571.15,546.5,558.9,59735
2026-04-02 09:24:00,09:24:00,557.75,561.85,548.55,549.95,50440
2026-04-02 09:25:00,09:25:00,550.8,553.65,547.0,549.75,22230
2026-04-02 09:26:00,09:26:00,549.2,565.6,548.45,564.25,37375
2026-04-02 09:27:00,09:27:00,563.8,564.25,553.55,556.05,19760
2026-04-02 09:28:00,09:28:00,555.4,562.05,554.3,561.5,23075
2026-04-02 09:29:00,09:29:00,561.7,563.85,555.05,561.0,22620
2026-04-02 09:30:00,09:30:00,561.85,562.0,545.9,549.4,28470
2026-04-02 09:31:00,09:31:00,548.25,552.9,540.3,551.15,27950
2026-04-02 09:32:00,09:32:00,553.7,555.85,547.6,555.85,16705
2026-04-02 09:33:00,09:33:00,554.7,562.45,554.7,561.85,23010
2026-04-02 09:34:00,09:34:00,560.95,561.85,550.75,551.0,12415
2026-04-02 09:35:00,09:35:00,553.8,559.0,551.0,556.6,11635
2026-04-02 09:36:00,09:36:00,560.0,561.0,541.55,544.55,17355
2026-04-02 09:37:00,09:37:00,575.65,579.25,563.95,567.9,6240
2026-04-02 09:38:00,09:38:00,569.9,580.3,567.9,575.0,4225
2026-04-02 09:39:00,09:39:00,537.3,558.5,537.3,556.6,21970
2026-04-02 09:40:00,09:40:00,556.6,562.45,551.3,554.9,17095
2026-04-02 09:41:00,09:41:00,549.0,554.9,536.95,542.3,18135
2026-04-02 09:42:00,09:42:00,543.95,556.9,542.3,555.15,16250
2026-04-02 09:43:00,09:43:00,554.6,556.2,544.4,552.0,7735
2026-04-02 09:44:00,09:44:00,552.5,556.75,551.0,551.0,6045
2026-04-02 09:45:00,09:45:00,550.0,551.0,541.5,541.5,10465
2026-04-02 09:46:00,09:46:00,545.0,555.05,541.5,555.05,12545
2026-04-02 09:47:00,09:47:00,557.0,557.95,551.7,556.7,15275
2026-04-02 09:48:00,09:48:00,557.15,567.75,556.7,567.1,27950
2026-04-02 09:49:00,09:49:00,568.65,573.0,566.6,572.35,16250
2026-04-02 09:50:00,09:50:00,571.45,573.3,566.45,567.2,17745
2026-04-02 09:51:00,09:51:00,567.85,575.0,567.2,574.75,17420
2026-04-02 09:52:00,09:52:00,541.9,550.25,540.0,548.9,12090
2026-04-02 09:53:00,09:53:00,586.95,589.65,580.5,580.5,20930
2026-04-02 09:54:00,09:54:00,545.15,553.45,543.95,551.45,9750
2026-04-02 09:55:00,09:55:00,550.9,555.0,548.2,548.2,11310
2026-04-02 09:56:00,09:56:00,546.8,551.4,542.7,547.05,9360
2026-04-02 09:57:00,09:57:00,550.9,555.85,547.05,553.0,10985
2026-04-02 09:58:00,09:58:00,557.2,559.95,553.0,557.5,3575
2026-04-02 09:59:00,09:59:00,556.1,560.8,556.1,560.55,1820
2026-04-02 10:00:00,10:00:00,561.35,573.95,558.15,558.15,9750
2026-04-02 10:01:00,10:01:00,595.2,595.2,577.25,580.35,15210
2026-04-02 10:02:00,10:02:00,545.75,552.4,543.55,550.9,4875
2026-04-02 10:03:00,10:03:00,550.25,557.9,542.6,557.9,14170
2026-04-02 10:04:00,10:04:00,556.3,560.0,554.75,554.75,2080
2026-04-02 10:05:00,10:05:00,556.45,561.0,554.75,556.85,2340
2026-04-02 10:06:00,10:06:00,563.0,570.3,556.85,570.3,2990
2026-04-02 10:07:00,10:07:00,574.0,575.25,564.2,566.0,5005
2026-04-02 10:08:00,10:08:00,561.2,573.85,561.2,567.85,3055
2026-04-02 10:09:00,10:09:00,567.5,576.45,567.5,576.45,2860
2026-04-02 10:10:00,10:10:00,572.1,576.45,570.75,570.75,2470
2026-04-02 10:11:00,10:11:00,569.7,570.75,563.4,567.2,3445
2026-04-02 10:12:00,10:12:00,563.0,567.2,561.65,562.75,3640
2026-04-02 10:13:00,10:13:00,563.3,563.3,550.75,552.4,1365
2026-04-02 10:14:00,10:14:00,588.15,589.8,572.1,574.4,19500
2026-04-02 10:15:00,10:15:00,539.9,555.0,539.35,550.1,10140
2026-04-02 10:16:00,10:16:00,547.55,556.25,546.95,556.05,2535
2026-04-02 10:17:00,10:17:00,559.0,564.0,556.05,564.0,3120
2026-04-02 10:18:00,10:18:00,567.4,569.55,555.5,556.35,1235
2026-04-02 10:19:00,10:19:00,559.0,559.9,556.35,557.1,4810
2026-04-02 10:20:00,10:20:00,556.7,557.1,542.1,543.8,4095
2026-04-02 10:21:00,10:21:00,543.2,554.6,543.2,554.0,1105
2026-04-02 10:22:00,10:22:00,554.2,561.25,554.0,558.85,2210
2026-04-02 10:23:00,10:23:00,559.25,565.5,558.85,561.0,1755
2026-04-02 10:24:00,10:24:00,564.7,567.0,561.0,567.0,975
2026-04-02 10:25:00,10:25:00,567.85,567.85,557.45,557.45,2860
2026-04-02 10:26:00,10:26:00,554.9,557.9,548.2,551.6,1040
2026-04-02 10:27:00,10:27:00,553.2,553.2,546.15,546.15,1170
2026-04-02 10:28:00,10:28:00,549.75,549.75,546.15,547.9,585
2026-04-02 10:29:00,10:29:00,547.4,549.45,547.4,548.65,3445
2026-04-02 10:30:00,10:30:00,546.7,552.85,544.0,550.7,5460
2026-04-02 10:31:00,10:31:00,547.85,550.7,541.0,541.0,780
2026-04-02 10:32:00,10:32:00,540.45,545.6,539.3,545.5,4615
2026-04-02 10:33:00,10:33:00,545.5,545.5,540.0,541.15,1820
2026-04-02 10:34:00,10:34:00,552.0,553.7,541.15,553.7,260
2026-04-02 10:35:00,10:35:00,552.4,557.55,552.4,557.3,3120
2026-04-02 10:36:00,10:36:00,555.8,557.3,547.6,553.95,1950
2026-04-02 10:37:00,10:37:00,553.75,553.95,542.5,542.5,2730
2026-04-02 10:38:00,10:38:00,544.9,546.05,542.4,543.5,1820
2026-04-02 10:39:00,10:39:00,545.55,547.7,543.5,546.35,1300
2026-04-02 10:40:00,10:40:00,582.95,582.95,571.0,571.9,7995
2026-04-02 10:41:00,10:41:00,537.7,540.0,534.45,539.75,390
2026-04-02 10:42:00,10:42:00,580.7,580.7,569.2,572.9,4030
2026-04-02 10:43:00,10:43:00,570.65,577.2,568.7,571.3,2210
2026-04-02 10:44:00,10:44:00,534.3,545.5,534.3,543.2,1170
2026-04-02 10:45:00,10:45:00,542.7,544.6,541.55,542.2,1235
2026-04-02 10:46:00,10:46:00,545.0,550.65,542.2,549.55,845
2026-04-02 10:47:00,10:47:00,549.65,563.05,547.85,561.95,1560
2026-04-02 10:48:00,10:48:00,562.1,565.0,560.2,562.9,2470
2026-04-02 10:49:00,10:49:00,560.65,562.9,555.75,558.2,1300
2026-04-02 10:50:00,10:50:00,555.45,558.45,555.45,558.45,780
2026-04-02 10:51:00,10:51:00,554.45,558.45,554.45,556.95,1170
2026-04-02 10:52:00,10:52:00,554.7,556.95,554.0,555.4,3445
2026-04-02 10:53:00,10:53:00,592.7,594.3,573.1,574.3,5005
2026-04-02 10:54:00,10:54:00,570.8,577.4,567.45,575.65,5655
2026-04-02 10:55:00,10:55:00,577.0,580.6,572.2,572.2,3120
2026-04-02 10:56:00,10:56:00,574.25,574.25,562.9,563.5,14625
2026-04-02 10:57:00,10:57:00,563.95,567.65,558.0,567.65,8775
2026-04-02 10:58:00,10:58:00,566.9,570.85,562.0,569.7,7410
2026-04-02 10:59:00,10:59:00,573.0,574.0,562.45,562.45,4290
2026-04-02 11:00:00,11:00:00,561.0,565.05,557.05,562.7,7215
2026-04-02 11:01:00,11:01:00,565.75,572.55,562.7,569.75,2145
2026-04-02 11:02:00,11:02:00,568.75,571.1,559.55,562.75,2600
2026-04-02 11:03:00,11:03:00,559.6,571.0,559.6,567.6,2145
2026-04-02 11:04:00,11:04:00,568.0,569.9,565.0,567.35,650
2026-04-02 11:05:00,11:05:00,567.8,568.45,563.7,564.35,2080
2026-04-02 11:06:00,11:06:00,566.65,573.95,564.35,565.65,4030
2026-04-02 11:07:00,11:07:00,564.6,569.2,564.6,569.2,455
2026-04-02 11:08:00,11:08:00,564.0,574.55,561.5,574.55,10205
2026-04-02 11:09:00,11:09:00,578.55,579.6,569.05,572.6,14495
2026-04-02 11:10:00,11:10:00,573.6,581.65,572.6,577.8,6760
2026-04-02 11:11:00,11:11:00,579.85,581.95,577.05,579.7,2600
2026-04-02 11:12:00,11:12:00,542.0,543.75,539.35,541.2,1820
2026-04-02 11:13:00,11:13:00,579.7,584.4,577.05,578.7,2535
2026-04-02 11:14:00,11:14:00,578.1,580.25,574.45,576.25,2795
2026-04-02 11:15:00,11:15:00,542.1,542.3,539.45,541.0,1560
2026-04-02 11:16:00,11:16:00,579.65,583.0,578.65,581.05,1755
2026-04-02 11:17:00,11:17:00,543.7,557.95,543.7,554.15,2340
2026-04-02 11:18:00,11:18:00,552.55,555.0,543.4,547.0,6240
2026-04-02 11:19:00,11:19:00,546.4,552.45,546.4,551.35,2405
2026-04-02 11:20:00,11:20:00,550.85,556.8,550.65,552.35,975
2026-04-02 11:21:00,11:21:00,552.5,554.25,551.05,554.25,2665
2026-04-02 11:22:00,11:22:00,552.7,554.25,547.9,549.75,1885
2026-04-02 11:23:00,11:23:00,548.35,552.35,546.8,550.2,2925
2026-04-02 11:24:00,11:24:00,554.0,558.9,550.2,556.75,3575
2026-04-02 11:25:00,11:25:00,557.1,558.45,555.1,556.2,4745
2026-04-02 11:26:00,11:26:00,554.25,559.55,549.05,558.5,7670
2026-04-02 11:27:00,11:27:00,559.2,562.0,556.6,557.35,6370
2026-04-02 11:28:00,11:28:00,560.0,562.0,557.35,561.95,5005
2026-04-02 11:29:00,11:29:00,564.0,564.3,561.45,562.75,1300
2026-04-02 11:30:00,11:30:00,559.65,562.75,557.6,559.05,2990
2026-04-02 11:31:00,11:31:00,557.65,559.05,552.85,552.85,1170
2026-04-02 11:32:00,11:32:00,554.2,557.6,545.5,551.0,8580
2026-04-02 11:33:00,11:33:00,551.55,553.25,547.6,553.25,5915
2026-04-02 11:34:00,11:34:00,552.85,554.15,548.45,549.95,5135
2026-04-02 11:35:00,11:35:00,585.4,587.45,576.0,577.45,2405
2026-04-02 11:36:00,11:36:00,577.1,577.95,569.3,570.35,7735
2026-04-02 11:37:00,11:37:00,570.65,576.2,570.0,570.0,4615
2026-04-02 11:38:00,11:38:00,571.95,574.4,569.8,573.5,4225
2026-04-02 11:39:00,11:39:00,571.0,574.3,570.75,572.0,2535
2026-04-02 11:40:00,11:40:00,574.1,575.15,570.65,573.05,715
2026-04-02 11:41:00,11:41:00,573.55,582.95,573.05,578.95,7800
2026-04-02 11:42:00,11:42:00,543.9,545.6,540.0,544.0,2015
2026-04-02 11:43:00,11:43:00,580.1,581.8,577.0,577.0,1690
2026-04-02 11:44:00,11:44:00,543.05,544.25,543.05,543.2,130
2026-04-02 11:45:00,11:45:00,578.95,580.4,574.0,575.8,3770
2026-04-02 11:46:00,11:46:00,574.45,576.1,572.75,572.75,975
2026-04-02 11:47:00,11:47:00,572.8,572.8,564.0,565.0,5265
2026-04-02 11:48:00,11:48:00,563.1,572.4,563.1,564.4,3575
2026-04-02 11:49:00,11:49:00,564.05,569.25,562.9,568.3,4485
2026-04-02 11:50:00,11:50:00,564.65,568.3,561.05,565.3,2795
2026-04-02 11:51:00,11:51:00,563.9,565.3,558.45,558.95,4940
2026-04-02 11:52:00,11:52:00,559.0,563.05,555.9,563.05,3900
2026-04-02 11:53:00,11:53:00,564.05,566.5,559.75,559.75,2795
2026-04-02 11:54:00,11:54:00,559.2,564.3,559.0,560.8,6630
2026-04-02 11:55:00,11:55:00,525.55,528.55,525.55,527.0,845
2026-04-02 11:56:00,11:56:00,559.65,562.05,559.0,559.0,910
2026-04-02 11:57:00,11:57:00,589.85,597.0,571.3,572.4,8710
2026-04-02 11:58:00,11:58:00,572.45,572.45,552.2,552.2,2925
2026-04-02 11:59:00,11:59:00,553.3,572.6,552.2,571.1,3835
2026-04-02 12:00:00,12:00:00,572.0,572.85,567.0,569.0,3640
2026-04-02 12:01:00,12:01:00,536.5,543.9,533.15,540.9,6760
2026-04-02 12:02:00,12:02:00,540.5,551.9,540.5,547.3,7215
2026-04-02 12:03:00,12:03:00,582.1,583.5,576.15,576.15,1300
2026-04-02 12:04:00,12:04:00,539.75,547.15,539.75,545.0,2145
2026-04-02 12:05:00,12:05:00,545.1,556.65,545.0,555.0,6825
2026-04-02 12:06:00,12:06:00,555.0,559.9,552.0,558.15,8970
2026-04-02 12:07:00,12:07:00,560.0,565.5,558.15,561.95,6760
2026-04-02 12:08:00,12:08:00,561.5,562.65,546.9,548.7,15795
2026-04-02 12:09:00,12:09:00,549.5,551.75,545.7,547.05,5980
2026-04-02 12:10:00,12:10:00,545.7,548.5,544.15,547.8,2275
2026-04-02 12:11:00,12:11:00,546.0,547.8,538.65,546.4,10075
2026-04-02 12:12:00,12:12:00,544.8,546.5,543.25,544.5,1430
2026-04-02 12:13:00,12:13:00,542.45,548.25,539.95,548.25,10530
2026-04-02 12:14:00,12:14:00,547.05,551.0,544.1,545.0,10530
2026-04-02 12:15:00,12:15:00,544.4,547.4,543.2,543.45,3510
2026-04-02 12:16:00,12:16:00,542.4,547.0,542.4,544.05,1300
2026-04-02 12:17:00,12:17:00,546.05,548.8,544.05,544.6,3315
2026-04-02 12:18:00,12:18:00,543.0,546.05,543.0,543.3,1300
2026-04-02 12:19:00,12:19:00,543.0,553.0,542.35,551.35,2860
2026-04-02 12:20:00,12:20:00,547.15,555.0,546.35,555.0,2405
2026-04-02 12:21:00,12:21:00,557.0,570.25,554.85,561.9,18590
2026-04-02 12:22:00,12:22:00,565.0,567.85,556.45,556.45,1365
2026-04-02 12:23:00,12:23:00,558.5,559.45,553.45,553.95,3315
2026-04-02 12:24:00,12:24:00,553.7,553.95,546.9,552.7,3055
2026-04-02 12:25:00,12:25:00,513.25,518.15,510.8,517.05,3575
2026-04-02 12:26:00,12:26:00,581.0,587.8,569.1,572.9,1040
2026-04-02 12:27:00,12:27:00,537.05,545.8,535.0,543.9,7930
2026-04-02 12:28:00,12:28:00,579.4,581.4,575.25,575.25,1170
2026-04-02 12:29:00,12:29:00,570.85,575.25,561.7,561.7,715
2026-04-02 12:30:00,12:30:00,525.45,527.85,521.7,522.95,8060
2026-04-02 12:31:00,12:31:00,557.2,565.0,555.15,565.0,390
2026-04-02 12:32:00,12:32:00,563.35,565.0,551.55,551.55,2210
2026-04-02 12:33:00,12:33:00,548.9,551.55,538.9,545.1,9295
2026-04-02 12:34:00,12:34:00,545.75,546.95,541.85,542.5,2275
2026-04-02 12:35:00,12:35:00,509.5,515.55,501.7,503.35,11700
2026-04-02 12:36:00,12:36:00,575.3,575.3,556.55,556.55,9555
2026-04-02 12:37:00,12:37:00,554.9,564.4,540.0,564.4,21255
2026-04-02 12:38:00,12:38:00,563.05,564.4,552.45,552.45,10335
2026-04-02 12:39:00,12:39:00,551.0,562.2,549.0,561.8,12220
2026-04-02 12:40:00,12:40:00,491.1,491.65,483.7,485.4,13780
2026-04-02 12:41:00,12:41:00,553.5,556.8,549.0,549.0,3770
2026-04-02 12:42:00,12:42:00,550.1,568.0,548.85,565.35,10790
2026-04-02 12:43:00,12:43:00,565.85,565.85,546.7,548.5,4875
2026-04-02 12:44:00,12:44:00,549.95,550.0,544.65,548.5,6110
2026-04-02 12:45:00,12:45:00,479.0,484.05,477.5,481.05,18590
2026-04-02 12:46:00,12:46:00,552.0,566.0,549.0,563.55,8320
2026-04-02 12:47:00,12:47:00,563.4,564.3,552.0,552.1,6695
2026-04-02 12:48:00,12:48:00,553.3,554.35,546.45,546.45,5785
2026-04-02 12:49:00,12:49:00,545.65,556.05,542.0,555.75,8775
2026-04-02 12:50:00,12:50:00,520.0,521.6,515.7,521.6,1625
2026-04-02 12:51:00,12:51:00,561.9,562.0,555.0,555.0,4745
2026-04-02 12:52:00,12:52:00,558.7,572.25,555.0,572.25,6630
2026-04-02 12:53:00,12:53:00,570.25,572.25,564.4,564.65,3900
2026-04-02 12:54:00,12:54:00,568.9,579.6,564.65,577.55,7280
2026-04-02 12:55:00,12:55:00,506.55,506.75,494.05,494.25,10725
2026-04-02 12:56:00,12:56:00,563.85,569.35,561.05,563.0,1690
2026-04-02 12:57:00,12:57:00,564.65,565.8,551.0,551.0,2665
2026-04-02 12:58:00,12:58:00,552.45,552.45,542.6,545.95,4420
2026-04-02 12:59:00,12:59:00,546.15,549.35,545.1,546.95,1170
2026-04-02 13:00:00,13:00:00,506.6,510.75,490.15,491.85,14885
2026-04-02 13:01:00,13:01:00,559.7,562.25,555.3,559.6,1495
2026-04-02 13:02:00,13:02:00,559.5,565.85,558.65,565.0,1430
2026-04-02 13:03:00,13:03:00,567.0,572.2,565.0,572.2,1495
2026-04-02 13:04:00,13:04:00,538.75,542.9,538.7,539.0,7410
2026-04-02 13:05:00,13:05:00,438.05,441.7,436.8,441.35,11765
2026-04-02 13:06:00,13:06:00,542.0,555.55,541.75,554.0,14040
2026-04-02 13:07:00,13:07:00,555.9,564.2,554.0,557.85,14365
2026-04-02 13:08:00,13:08:00,559.9,559.9,537.0,538.05,18395
2026-04-02 13:09:00,13:09:00,577.75,577.75,572.65,573.7,650
2026-04-02 13:10:00,13:10:00,473.05,484.0,471.25,481.25,10400
2026-04-02 13:11:00,13:11:00,545.0,551.15,540.6,550.45,6825
2026-04-02 13:12:00,13:12:00,548.05,551.8,546.0,547.45,3900
2026-04-02 13:13:00,13:13:00,549.4,554.8,542.7,554.8,4030
2026-04-02 13:14:00,13:14:00,553.4,554.8,544.6,544.65,4745
2026-04-02 13:15:00,13:15:00,443.6,444.6,438.0,441.0,5330
2026-04-02 13:16:00,13:16:00,540.65,550.0,540.25,547.75,5720
2026-04-02 13:17:00,13:17:00,584.55,586.05,570.0,570.95,2405
2026-04-02 13:18:00,13:18:00,569.35,570.95,563.15,563.15,2145
2026-04-02 13:19:00,13:19:00,564.45,564.45,559.65,563.35,1625
2026-04-02 13:20:00,13:20:00,563.05,568.35,561.7,563.6,1690
2026-04-02 13:21:00,13:21:00,566.0,566.0,541.05,542.55,6565
2026-04-02 13:22:00,13:22:00,542.1,547.95,540.05,544.7,3120
2026-04-02 13:23:00,13:23:00,581.15,582.2,572.05,573.65,2665
2026-04-02 13:24:00,13:24:00,574.5,574.7,562.95,563.25,11700
2026-04-02 13:25:00,13:25:00,399.1,411.4,395.9,405.0,16185
2026-04-02 13:26:00,13:26:00,565.85,572.35,555.5,555.5,21970
2026-04-02 13:27:00,13:27:00,557.5,558.0,552.0,552.0,6565
2026-04-02 13:28:00,13:28:00,551.0,552.0,539.05,540.05,5135
2026-04-02 13:29:00,13:29:00,575.0,575.35,557.8,559.5,1430
2026-04-02 13:30:00,13:30:00,396.15,400.0,390.5,396.9,73710
2026-04-02 13:31:00,13:31:00,558.15,569.75,553.45,569.7,1365
2026-04-02 13:32:00,13:32:00,569.55,572.0,566.15,566.15,2145
2026-04-02 13:33:00,13:33:00,567.95,573.05,566.15,569.3,1105
2026-04-02 13:34:00,13:34:00,570.55,570.55,560.25,560.9,520
2026-04-02 13:35:00,13:35:00,373.1,386.55,372.25,384.75,22490
2026-04-02 13:36:00,13:36:00,579.1,579.1,562.75,563.75,1170
2026-04-02 13:37:00,13:37:00,552.75,563.75,547.7,551.8,3575
2026-04-02 13:38:00,13:38:00,549.9,551.8,545.0,545.0,2600
2026-04-02 13:39:00,13:39:00,541.75,552.5,541.75,546.55,2145
2026-04-02 13:40:00,13:40:00,390.0,392.15,378.7,385.65,41600
2026-04-02 13:41:00,13:41:00,542.05,549.5,541.9,549.5,780
2026-04-02 13:42:00,13:42:00,581.95,586.0,574.0,576.05,13455
2026-04-02 13:43:00,13:43:00,574.0,577.15,565.0,565.0,13910
2026-04-02 13:44:00,13:44:00,564.75,567.15,558.25,567.15,24895
2026-04-02 13:45:00,13:45:00,376.0,377.4,368.0,368.0,35555
2026-04-02 13:46:00,13:46:00,557.0,557.0,542.35,544.5,25740
2026-04-02 13:47:00,13:47:00,546.3,558.1,544.5,553.7,14235
2026-04-02 13:48:00,13:48:00,554.9,569.8,553.0,563.55,18200
2026-04-02 13:49:00,13:49:00,567.55,568.0,560.15,564.0,9295
2026-04-02 13:50:00,13:50:00,372.0,377.35,370.35,371.65,27300
2026-04-02 13:51:00,13:51:00,531.4,541.2,528.3,541.2,1105
2026-04-02 13:52:00,13:52:00,576.2,576.2,559.5,561.75,11180
2026-04-02 13:53:00,13:53:00,562.45,562.45,543.5,545.3,15470
2026-04-02 13:54:00,13:54:00,547.2,566.85,545.3,563.75,10725
2026-04-02 13:55:00,13:55:00,377.0,380.0,373.35,378.95,36595
2026-04-02 13:56:00,13:56:00,569.55,574.25,567.15,573.55,9425
2026-04-02 13:57:00,13:57:00,538.5,550.1,538.15,550.1,2730
2026-04-02 13:58:00,13:58:00,554.6,558.55,542.95,542.95,1430
2026-04-02 13:59:00,13:59:00,575.1,583.5,565.0,565.0,14495
2026-04-02 14:00:00,14:00:00,375.6,378.0,365.3,366.9,31850
2026-04-02 14:01:00,14:01:00,555.0,558.15,549.9,558.15,9295
2026-04-02 14:02:00,14:02:00,569.95,576.5,558.15,563.3,8580
2026-04-02 14:03:00,14:03:00,560.8,563.3,555.0,559.0,7085
2026-04-02 14:04:00,14:04:00,559.2,559.9,541.0,546.4,14495
2026-04-02 14:05:00,14:05:00,359.1,365.95,356.15,362.9,28080
2026-04-02 14:06:00,14:06:00,556.35,556.35,550.0,550.85,5005
2026-04-02 14:07:00,14:07:00,555.0,558.0,549.7,556.55,5590
2026-04-02 14:08:00,14:08:00,557.3,559.8,531.45,541.35,24830
2026-04-02 14:09:00,14:09:00,540.05,542.05,531.3,533.8,30680
2026-04-02 14:10:00,14:10:00,322.35,324.25,314.35,316.65,49335
2026-04-02 14:11:00,14:11:00,560.4,560.75,549.9,549.9,975
2026-04-02 14:12:00,14:12:00,552.5,552.5,541.6,541.6,2340
2026-04-02 14:13:00,14:13:00,577.7,577.7,562.7,564.35,2275
2026-04-02 14:14:00,14:14:00,564.05,579.1,564.05,566.95,5330
2026-04-02 14:15:00,14:15:00,325.3,325.3,313.25,313.5,167505
2026-04-02 14:16:00,14:16:00,548.5,558.15,534.15,556.9,6110
2026-04-02 14:17:00,14:17:00,556.9,571.9,554.55,570.05,3965
2026-04-02 14:18:00,14:18:00,530.5,536.9,530.0,536.9,1625
2026-04-02 14:19:00,14:19:00,564.5,572.0,544.6,544.6,2470
2026-04-02 14:20:00,14:20:00,312.65,314.1,306.9,309.15,130975
2026-04-02 14:21:00,14:21:00,554.95,554.95,544.9,545.2,1950
2026-04-02 14:22:00,14:22:00,549.5,551.8,545.2,548.55,2535
2026-04-02 14:23:00,14:23:00,552.2,558.85,548.55,554.1,1300
2026-04-02 14:24:00,14:24:00,549.1,554.1,531.8,531.95,910
2026-04-02 14:25:00,14:25:00,295.25,300.55,290.05,300.55,280150
2026-04-02 14:26:00,14:26:00,539.0,548.5,528.5,547.9,5395
2026-04-02 14:27:00,14:27:00,545.05,547.9,532.7,533.65,3445
2026-04-02 14:28:00,14:28:00,570.7,574.55,570.7,570.7,65
2026-04-02 14:29:00,14:29:00,535.55,535.55,528.25,533.0,1755
2026-04-02 14:30:00,14:30:00,274.2,280.2,272.4,274.5,144560
2026-04-02 14:31:00,14:31:00,534.1,539.05,515.6,528.45,5655
2026-04-02 14:32:00,14:32:00,561.9,561.9,561.3,561.9,65
2026-04-02 14:33:00,14:33:00,560.15,561.9,548.4,548.4,130
2026-04-02 14:34:00,14:34:00,547.2,562.45,547.2,560.8,520
2026-04-02 14:35:00,14:35:00,310.7,321.05,309.8,315.35,42510
2026-04-02 14:36:00,14:36:00,525.1,542.0,523.25,542.0,3575
2026-04-02 14:37:00,14:37:00,541.1,565.7,541.1,565.7,4420
2026-04-02 14:38:00,14:38:00,565.05,575.1,557.45,571.1,5005
2026-04-02 14:39:00,14:39:00,568.85,571.1,560.5,565.2,3055
2026-04-02 14:40:00,14:40:00,317.65,321.65,313.95,321.65,173745
2026-04-02 14:41:00,14:41:00,543.15,555.65,536.35,546.6,2730
2026-04-02 14:42:00,14:42:00,552.5,556.8,546.6,553.05,3250
2026-04-02 14:43:00,14:43:00,549.0,571.15,549.0,563.4,1625
2026-04-02 14:44:00,14:44:00,569.1,569.1,563.4,564.3,325
2026-04-02 14:45:00,14:45:00,346.3,354.45,341.35,341.35,286195
2026-04-02 14:46:00,14:46:00,594.8,599.75,570.0,570.0,4875
2026-04-02 14:47:00,14:47:00,533.95,552.65,531.75,544.4,650
2026-04-02 14:48:00,14:48:00,580.0,589.0,569.25,569.25,195
2026-04-02 14:49:00,14:49:00,539.0,539.55,534.45,539.55,390
2026-04-02 14:50:00,14:50:00,330.4,333.6,316.95,320.0,158600
2026-04-02 14:51:00,14:51:00,564.75,567.65,544.55,550.45,7605
2026-04-02 14:52:00,14:52:00,550.45,557.95,550.0,557.0,975
2026-04-02 14:53:00,14:53:00,567.0,567.0,556.8,556.8,2275
2026-04-02 14:54:00,14:54:00,556.75,560.95,552.0,552.0,975
2026-04-02 14:55:00,14:55:00,310.4,312.75,306.0,309.45,100750
2026-04-02 14:56:00,14:56:00,553.2,553.8,547.6,547.6,390
2026-04-02 14:57:00,14:57:00,551.65,559.8,545.4,550.15,715
2026-04-02 14:58:00,14:58:00,551.65,560.5,550.15,557.5,1430
2026-04-02 14:59:00,14:59:00,548.8,561.4,548.8,554.5,845
2026-04-02 15:00:00,15:00:00,309.4,309.6,291.2,295.5,315770
2026-04-02 15:01:00,15:01:00,566.35,577.5,566.35,577.5,130
2026-04-02 15:02:00,15:02:00,538.3,553.45,538.3,553.45,520
2026-04-02 15:03:00,15:03:00,557.7,557.7,546.45,546.45,5070
2026-04-02 15:04:00,15:04:00,579.9,586.0,574.4,574.4,195
2026-04-02 15:05:00,15:05:00,574.4,574.4,574.4,574.4,0
2026-04-02 15:06:00,15:06:00,565.0,574.4,565.0,565.0,130
2026-04-02 15:07:00,15:07:00,566.7,566.7,534.95,538.9,2015
2026-04-02 15:08:00,15:08:00,578.0,590.6,575.5,575.75,4095
2026-04-02 15:09:00,15:09:00,570.0,575.75,559.6,559.6,3770
2026-04-02 15:10:00,15:10:00,560.8,566.75,557.65,561.1,3055
2026-04-02 15:11:00,15:11:00,555.65,566.95,555.65,558.35,7995
2026-04-02 15:12:00,15:12:00,559.25,563.35,558.35,563.35,3965
2026-04-02 15:13:00,15:13:00,566.8,571.2,563.35,568.75,1690
2026-04-02 15:14:00,15:14:00,568.3,570.75,554.2,554.2,10335
2026-04-02 15:15:00,15:15:00,282.2,285.1,278.25,278.25,234845
2026-04-02 15:16:00,15:16:00,549.35,550.7,542.3,550.7,4030
2026-04-02 15:17:00,15:17:00,549.6,558.95,549.5,558.95,6305
2026-04-02 15:18:00,15:18:00,560.0,572.85,558.3,572.85,7345
2026-04-02 15:19:00,15:19:00,542.45,546.8,535.0,546.8,1950
2026-04-02 15:20:00,15:20:00,284.65,311.15,283.35,290.9,704145
2026-04-02 15:21:00,15:21:00,550.85,579.65,550.85,551.85,325
2026-04-02 15:22:00,15:22:00,561.65,571.9,551.85,568.05,1105
2026-04-02 15:23:00,15:23:00,568.7,568.7,568.05,568.7,65
2026-04-02 15:24:00,15:24:00,571.95,574.4,568.7,574.4,130
2026-04-02 15:25:00,15:25:00,293.5,294.7,288.4,288.4,320905
2026-04-02 15:26:00,15:26:00,562.65,573.15,553.3,554.25,2015
2026-04-02 15:27:00,15:27:00,550.4,554.25,545.95,545.95,845
2026-04-02 15:28:00,15:28:00,541.55,551.05,541.55,546.95,520
2026-04-02 15:29:00,15:29:00,546.45,550.0,527.5,531.65,1885
2026-04-06 09:15:00,09:15:00,298.8,299.15,224.35,254.05,1370460
2026-04-06 09:16:00,09:16:00,208.8,214.35,202.6,213.95,1340170
2026-04-06 09:17:00,09:17:00,213.0,241.7,213.0,227.9,1985360
2026-04-06 09:18:00,09:18:00,204.6,220.95,204.6,215.15,2194465
2026-04-06 09:19:00,09:19:00,239.1,239.3,213.4,213.4,1196260
2026-04-06 09:20:00,09:20:00,260.0,267.6,238.75,252.3,557830
2026-04-06 09:21:00,09:21:00,206.15,213.6,203.45,212.65,1020370
2026-04-06 09:22:00,09:22:00,214.7,224.6,212.65,217.8,1441050
2026-04-06 09:23:00,09:23:00,220.45,220.45,207.15,213.6,871910
2026-04-06 09:24:00,09:24:00,214.95,226.4,213.6,220.9,1114165
2026-04-06 09:25:00,09:25:00,222.2,227.6,218.4,226.65,1012440
2026-04-06 09:26:00,09:26:00,226.65,229.8,222.2,226.75,807885
2026-04-06 09:27:00,09:27:00,202.9,216.05,202.7,212.4,1798550
2026-04-06 09:28:00,09:28:00,211.7,220.25,210.7,218.0,1696955
2026-04-06 09:29:00,09:29:00,216.95,219.6,206.3,219.0,1685645
2026-04-06 09:30:00,09:30:00,220.9,223.75,213.4,214.4,2008240
2026-04-06 09:31:00,09:31:00,238.1,238.25,222.7,225.3,942370
2026-04-06 09:32:00,09:32:00,228.5,230.55,223.25,226.3,488800
2026-04-06 09:33:00,09:33:00,253.3,255.0,227.05,228.9,1343810
2026-04-06 09:34:00,09:34:00,229.1,231.9,227.15,229.95,674830
2026-04-06 09:35:00,09:35:00,229.25,231.45,212.0,214.2,1448915
2026-04-06 09:36:00,09:36:00,215.25,215.25,200.45,208.65,1543035
2026-04-06 09:37:00,09:37:00,232.5,232.7,218.9,228.5,470080
2026-04-06 09:38:00,09:38:00,206.3,207.05,201.0,203.25,906880
2026-04-06 09:39:00,09:39:00,201.95,214.4,201.95,213.1,1277380
2026-04-06 09:40:00,09:40:00,212.85,225.35,208.3,225.35,1723280
2026-04-06 09:41:00,09:41:00,203.8,223.75,201.0,223.2,1751880
2026-04-06 09:42:00,09:42:00,200.7,208.6,195.7,202.6,3009955
2026-04-06 09:43:00,09:43:00,204.2,212.7,202.6,210.8,1915875
2026-04-06 09:44:00,09:44:00,210.6,212.25,200.7,200.7,1203995
2026-04-06 09:45:00,09:45:00,225.0,229.3,217.95,221.95,730860
2026-04-06 09:46:00,09:46:00,200.4,205.65,197.1,202.0,881205
2026-04-06 09:47:00,09:47:00,201.7,211.9,195.7,208.2,1663480
2026-04-06 09:48:00,09:48:00,208.35,217.9,205.6,215.05,1552330
2026-04-06 09:49:00,09:49:00,215.0,217.4,210.55,216.7,1644045
2026-04-06 09:50:00,09:50:00,299.4,314.75,299.4,311.0,379535
2026-04-06 09:51:00,09:51:00,227.9,228.8,217.7,219.1,1464450
2026-04-06 09:52:00,09:52:00,218.05,224.95,208.4,217.95,1523470
2026-04-06 09:53:00,09:53:00,220.3,226.0,217.95,218.75,1318785
2026-04-06 09:54:00,09:54:00,195.8,204.35,192.0,202.0,617500
2026-04-06 09:55:00,09:55:00,310.8,313.7,300.9,305.0,127465
2026-04-06 09:56:00,09:56:00,222.35,227.9,218.8,218.9,904150
2026-04-06 09:57:00,09:57:00,219.6,225.3,218.9,220.85,694330
2026-04-06 09:58:00,09:58:00,197.6,203.0,197.0,201.3,380380
2026-04-06 09:59:00,09:59:00,201.85,203.35,199.15,199.85,468000
2026-04-06 10:00:00,10:00:00,199.5,205.55,190.35,200.25,1210040
2026-04-06 10:01:00,10:01:00,201.2,204.4,194.85,198.4,812695
2026-04-06 10:02:00,10:02:00,222.65,223.7,215.35,217.05,690950
2026-04-06 10:03:00,10:03:00,216.6,218.9,211.4,216.15,991575
2026-04-06 10:04:00,10:04:00,216.75,219.7,210.65,210.65,650910
2026-04-06 10:05:00,10:05:00,211.0,216.2,200.65,212.45,1910870
2026-04-06 10:06:00,10:06:00,213.1,213.35,198.25,201.95,1237600
2026-04-06 10:07:00,10:07:00,203.35,203.35,193.5,198.8,924625
2026-04-06 10:08:00,10:08:00,198.8,200.4,187.25,195.0,1184105
2026-04-06 10:09:00,10:09:00,196.8,200.75,194.95,198.3,1011270
2026-04-06 10:10:00,10:10:00,223.95,231.65,220.85,231.0,423020
2026-04-06 10:11:00,10:11:00,230.35,231.45,215.85,216.55,513110
2026-04-06 10:12:00,10:12:00,192.05,197.7,186.9,195.25,949455
2026-04-06 10:13:00,10:13:00,219.65,220.6,204.75,207.7,510185
2026-04-06 10:14:00,10:14:00,208.35,210.55,199.05,199.45,503490
2026-04-06 10:15:00,10:15:00,223.95,228.65,218.0,225.4,1023425
2026-04-06 10:16:00,10:16:00,202.45,202.45,189.85,199.95,755170
2026-04-06 10:17:00,10:17:00,201.1,205.5,199.95,201.95,651950
2026-04-06 10:18:00,10:18:00,179.6,194.65,176.6,190.15,1436240
2026-04-06 10:19:00,10:19:00,213.7,216.25,206.3,207.8,586755
2026-04-06 10:20:00,10:20:00,233.35,234.4,225.65,230.45,407940
2026-04-06 10:21:00,10:21:00,205.5,205.8,199.35,200.35,363740
2026-04-06 10:22:00,10:22:00,200.4,208.0,199.45,206.75,308685
2026-04-06 10:23:00,10:23:00,206.75,208.85,200.7,203.7,324285
2026-04-06 10:24:00,10:24:00,201.4,204.9,194.9,204.9,563355
2026-04-06 10:25:00,10:25:00,231.45,236.65,228.6,231.8,663260
2026-04-06 10:26:00,10:26:00,184.05,200.35,182.9,197.45,1959490
2026-04-06 10:27:00,10:27:00,199.0,204.9,192.55,197.05,1987310
2026-04-06 10:28:00,10:28:00,197.9,200.3,191.95,191.95,731445
2026-04-06 10:29:00,10:29:00,214.05,218.1,198.6,203.6,901810
2026-04-06 10:30:00,10:30:00,206.0,222.95,204.5,222.75,852150
2026-04-06 10:31:00,10:31:00,196.1,198.2,186.35,188.2,1123070
2026-04-06 10:32:00,10:32:00,190.2,193.35,185.2,189.65,663650
2026-04-06 10:33:00,10:33:00,214.65,215.75,198.2,202.15,516685
2026-04-06 10:34:00,10:34:00,204.8,210.45,202.15,203.85,296140
2026-04-06 10:35:00,10:35:00,229.45,233.25,225.05,227.5,251160
2026-04-06 10:36:00,10:36:00,202.75,205.35,199.85,203.15,246480
2026-04-06 10:37:00,10:37:00,203.2,203.2,193.95,194.7,444210
2026-04-06 10:38:00,10:38:00,194.25,202.7,191.75,202.7,461110
2026-04-06 10:39:00,10:39:00,202.2,202.7,192.45,193.6,331435
2026-04-06 10:40:00,10:40:00,220.3,228.25,217.5,228.25,317525
2026-04-06 10:41:00,10:41:00,202.75,205.0,197.55,205.0,303615
2026-04-06 10:42:00,10:42:00,205.75,210.0,204.7,208.8,547235
2026-04-06 10:43:00,10:43:00,208.05,210.1,200.05,207.5,445315
2026-04-06 10:44:00,10:44:00,206.85,207.9,197.4,199.8,367120
2026-04-06 10:45:00,10:45:00,222.05,228.35,219.25,226.7,351195
2026-04-06 10:46:00,10:46:00,202.5,205.0,198.75,199.3,300105
2026-04-06 10:47:00,10:47:00,199.05,199.9,192.0,193.75,459420
2026-04-06 10:48:00,10:48:00,194.35,200.5,193.75,199.7,282360
2026-04-06 10:49:00,10:49:00,199.1,200.1,192.0,192.95,259155
2026-04-06 10:50:00,10:50:00,193.0,193.7,187.6,190.4,564720
2026-04-06 10:51:00,10:51:00,168.65,185.9,167.45,184.65,871780
2026-04-06 10:52:00,10:52:00,185.0,192.45,180.85,192.45,1317550
2026-04-06 10:53:00,10:53:00,191.6,193.2,185.2,187.1,1399450
2026-04-06 10:54:00,10:54:00,187.9,192.3,187.1,189.2,650260
2026-04-06 10:55:00,10:55:00,213.5,219.15,208.8,214.1,652210
2026-04-06 10:56:00,10:56:00,213.15,213.35,197.75,200.75,630760
2026-04-06 10:57:00,10:57:00,200.0,202.6,194.75,195.1,420030
2026-04-06 10:58:00,10:58:00,194.9,204.8,194.25,199.85,388700
2026-04-06 10:59:00,10:59:00,199.6,205.0,197.0,203.55,311870
2026-04-06 11:00:00,11:00:00,180.3,188.9,179.75,188.85,953680
2026-04-06 11:01:00,11:01:00,188.45,195.7,186.4,195.7,1054495
2026-04-06 11:02:00,11:02:00,195.55,196.0,190.3,194.9,872430
2026-04-06 11:03:00,11:03:00,195.1,204.4,192.85,198.95,1609660
2026-04-06 11:04:00,11:04:00,199.9,204.55,198.95,203.0,1073150
2026-04-06 11:05:00,11:05:00,204.0,210.0,200.85,200.9,2123290
2026-04-06 11:06:00,11:06:00,201.1,204.4,197.35,201.45,922740
2026-04-06 11:07:00,11:07:00,200.8,207.8,199.05,207.8,691080
2026-04-06 11:08:00,11:08:00,207.3,208.05,200.9,202.2,669825
2026-04-06 11:09:00,11:09:00,202.35,208.35,201.65,207.7,660855
2026-04-06 11:10:00,11:10:00,260.6,268.3,260.55,268.0,567580
2026-04-06 11:11:00,11:11:00,192.0,204.75,190.2,201.45,1759680
2026-04-06 11:12:00,11:12:00,200.05,203.0,196.95,196.95,795990
2026-04-06 11:13:00,11:13:00,197.05,200.65,195.4,199.1,609440
2026-04-06 11:14:00,11:14:00,202.4,203.4,191.1,191.1,739895
2026-04-06 11:15:00,11:15:00,192.9,199.95,191.1,199.6,669500
2026-04-06 11:16:00,11:16:00,199.4,199.85,184.0,192.35,1093560
2026-04-06 11:17:00,11:17:00,216.7,217.35,204.65,207.75,804700
2026-04-06 11:18:00,11:18:00,207.0,207.75,197.5,203.45,1239940
2026-04-06 11:19:00,11:19:00,203.95,205.45,193.95,194.55,770705
2026-04-06 11:20:00,11:20:00,194.5,198.5,191.25,194.35,947700
2026-04-06 11:21:00,11:21:00,218.0,218.3,204.25,208.5,594425
2026-04-06 11:22:00,11:22:00,184.35,200.1,184.2,198.85,1635335
2026-04-06 11:23:00,11:23:00,200.0,200.2,185.85,191.8,1084265
2026-04-06 11:24:00,11:24:00,191.95,191.95,187.35,189.7,477295
2026-04-06 11:25:00,11:25:00,215.1,222.1,211.25,222.1,324675
2026-04-06 11:26:00,11:26:00,198.4,199.1,190.4,192.65,905190
2026-04-06 11:27:00,11:27:00,193.55,193.9,189.35,189.8,443755
2026-04-06 11:28:00,11:28:00,213.75,215.3,207.8,209.15,307320
2026-04-06 11:29:00,11:29:00,209.85,211.45,206.7,207.05,213785
2026-04-06 11:30:00,11:30:00,181.65,194.1,180.8,189.6,985205
2026-04-06 11:31:00,11:31:00,191.0,195.35,189.6,192.75,657215
2026-04-06 11:32:00,11:32:00,193.05,202.0,192.75,196.0,1071005
2026-04-06 11:33:00,11:33:00,196.8,203.4,196.0,201.4,859755
2026-04-06 11:34:00,11:34:00,201.0,201.4,193.4,196.05,751205
2026-04-06 11:35:00,11:35:00,196.25,198.3,190.6,191.05,572325
2026-04-06 11:36:00,11:36:00,190.5,195.5,186.5,188.65,638105
2026-04-06 11:37:00,11:37:00,213.0,213.0,199.3,202.2,675285
2026-04-06 11:38:00,11:38:00,204.0,205.25,200.65,201.95,350545
2026-04-06 11:39:00,11:39:00,178.5,187.1,178.5,186.55,737490
2026-04-06 11:40:00,11:40:00,238.15,248.55,230.8,232.7,603005
2026-04-06 11:41:00,11:41:00,206.5,208.8,204.3,206.7,222235
2026-04-06 11:42:00,11:42:00,206.45,211.25,199.9,203.35,387465
2026-04-06 11:43:00,11:43:00,202.15,204.15,200.6,201.85,153270
2026-04-06 11:44:00,11:44:00,202.0,202.15,195.8,198.7,423345
2026-04-06 11:45:00,11:45:00,223.95,232.0,223.95,231.55,302250
2026-04-06 11:46:00,11:46:00,204.85,206.0,197.9,198.25,319410
2026-04-06 11:47:00,11:47:00,197.15,198.4,193.5,194.05,411450
2026-04-06 11:48:00,11:48:00,194.45,200.0,194.45,197.85,316940
2026-04-06 11:49:00,11:49:00,198.8,201.15,197.1,199.4,277940
2026-04-06 11:50:00,11:50:00,224.35,225.8,214.2,218.7,504400
2026-04-06 11:51:00,11:51:00,193.05,193.45,188.35,188.65,283985
2026-04-06 11:52:00,11:52:00,188.5,191.65,186.25,191.15,460850
2026-04-06 11:53:00,11:53:00,192.0,196.6,191.15,194.2,451620
2026-04-06 11:54:00,11:54:00,193.1,194.2,190.4,191.05,228020
2026-04-06 11:55:00,11:55:00,190.6,193.9,188.4,190.75,245050
2026-04-06 11:56:00,11:56:00,214.65,216.25,196.1,196.7,988650
2026-04-06 11:57:00,11:57:00,196.35,203.3,193.5,203.3,1313520
2026-04-06 11:58:00,11:58:00,203.05,209.4,201.65,209.05,1059110
2026-04-06 11:59:00,11:59:00,210.05,213.45,208.45,209.6,739115
2026-04-06 12:00:00,12:00:00,234.95,239.7,233.2,235.45,117650
2026-04-06 12:01:00,12:01:00,208.6,211.35,206.95,206.95,345475
2026-04-06 12:02:00,12:02:00,182.45,189.95,182.25,189.95,283855
2026-04-06 12:03:00,12:03:00,190.1,191.85,187.5,191.0,543920
2026-04-06 12:04:00,12:04:00,191.05,193.0,189.85,191.85,582205
2026-04-06 12:05:00,12:05:00,215.9,217.75,211.85,213.85,540735
2026-04-06 12:06:00,12:06:00,213.85,215.4,208.5,210.55,332930
2026-04-06 12:07:00,12:07:00,210.15,214.0,209.3,212.0,281970
2026-04-06 12:08:00,12:08:00,213.35,213.85,208.25,209.35,221520
2026-04-06 12:09:00,12:09:00,183.35,191.2,181.4,190.8,429845
2026-04-06 12:10:00,12:10:00,215.65,217.75,213.45,213.45,684255
2026-04-06 12:11:00,12:11:00,188.0,189.55,184.7,188.0,418015
2026-04-06 12:12:00,12:12:00,188.05,192.7,187.45,191.2,269880
2026-04-06 12:13:00,12:13:00,192.3,192.9,188.0,190.5,386360
2026-04-06 12:14:00,12:14:00,190.95,193.0,190.4,191.6,351715
2026-04-06 12:15:00,12:15:00,217.5,223.55,217.45,219.05,1022190
2026-04-06 12:16:00,12:16:00,194.25,194.5,187.65,190.4,579865
2026-04-06 12:17:00,12:17:00,189.95,191.25,185.85,189.15,351780
2026-04-06 12:18:00,12:18:00,188.45,192.9,186.7,188.85,291200
2026-04-06 12:19:00,12:19:00,189.2,194.1,188.25,192.85,244725
2026-04-06 12:20:00,12:20:00,217.0,219.3,174.95,193.05,2885350
2026-04-06 12:21:00,12:21:00,189.15,193.5,182.95,188.55,1331525
2026-04-06 12:22:00,12:22:00,186.85,196.2,181.6,184.7,1095705
2026-04-06 12:23:00,12:23:00,184.7,195.95,184.7,192.4,655330
2026-04-06 12:24:00,12:24:00,192.4,197.8,192.1,196.8,580320
2026-04-06 12:25:00,12:25:00,196.9,198.55,191.8,193.1,684515
2026-04-06 12:26:00,12:26:00,192.1,193.1,189.55,191.75,416585
2026-04-06 12:27:00,12:27:00,191.7,192.95,186.5,187.35,492765
2026-04-06 12:28:00,12:28:00,211.7,212.75,205.95,208.3,244790
2026-04-06 12:29:00,12:29:00,184.85,188.45,182.8,188.15,485095
2026-04-06 12:30:00,12:30:00,213.45,216.65,210.0,211.0,334100
2026-04-06 12:31:00,12:31:00,186.8,192.2,186.75,191.65,408720
2026-04-06 12:32:00,12:32:00,191.95,201.9,189.65,201.6,1087645
2026-04-06 12:33:00,12:33:00,177.75,191.7,177.75,191.7,1164085
2026-04-06 12:34:00,12:34:00,191.3,197.85,190.55,197.6,1144780
2026-04-06 12:35:00,12:35:00,222.7,226.55,218.8,219.45,1257750
2026-04-06 12:36:00,12:36:00,194.7,196.3,187.65,187.65,773825
2026-04-06 12:37:00,12:37:00,187.85,190.9,180.7,190.15,875810
2026-04-06 12:38:00,12:38:00,190.35,193.6,186.5,187.9,657670
2026-04-06 12:39:00,12:39:00,188.0,189.2,184.0,186.85,323895
2026-04-06 12:40:00,12:40:00,209.6,211.95,199.2,200.9,718835
2026-04-06 12:41:00,12:41:00,177.85,193.0,177.35,191.35,778115
2026-04-06 12:42:00,12:42:00,191.2,194.8,187.05,194.25,446095
2026-04-06 12:43:00,12:43:00,195.65,195.65,182.0,184.05,803855
2026-04-06 12:44:00,12:44:00,208.15,211.6,203.4,205.6,417885
2026-04-06 12:45:00,12:45:00,204.5,205.6,197.0,197.75,766155
2026-04-06 12:46:00,12:46:00,197.1,198.25,187.9,187.9,920725
2026-04-06 12:47:00,12:47:00,187.95,190.4,182.35,184.2,821470
2026-04-06 12:48:00,12:48:00,208.9,209.35,196.45,197.0,429975
2026-04-06 12:49:00,12:49:00,197.05,198.5,189.2,189.5,597675
2026-04-06 12:50:00,12:50:00,147.1,147.75,141.9,143.7,864825
2026-04-06 12:51:00,12:51:00,207.9,209.0,201.8,204.0,538785
2026-04-06 12:52:00,12:52:00,181.0,190.7,180.05,188.3,1122745
2026-04-06 12:53:00,12:53:00,189.45,191.75,186.1,187.1,611715
2026-04-06 12:54:00,12:54:00,210.3,212.0,205.2,205.3,401635
2026-04-06 12:55:00,12:55:00,160.9,161.85,158.1,159.0,549900
2026-04-06 12:56:00,12:56:00,202.6,204.9,199.55,202.65,593905
2026-04-06 12:57:00,12:57:00,202.55,204.5,200.7,203.0,409435
2026-04-06 12:58:00,12:58:00,203.8,203.9,198.6,199.65,413855
2026-04-06 12:59:00,12:59:00,199.45,199.65,192.1,192.1,871585
2026-04-06 13:00:00,13:00:00,191.9,192.1,185.55,189.25,1209065
2026-04-06 13:01:00,13:01:00,190.0,194.6,189.25,192.65,807105
2026-04-06 13:02:00,13:02:00,192.5,197.4,190.45,197.0,781430
2026-04-06 13:03:00,13:03:00,174.4,183.65,173.9,183.65,850590
2026-04-06 13:04:00,13:04:00,183.3,185.55,178.8,179.9,792155
2026-04-06 13:05:00,13:05:00,158.55,159.55,155.7,156.5,429650
2026-04-06 13:06:00,13:06:00,200.5,202.8,197.0,199.0,381290
2026-04-06 13:07:00,13:07:00,200.3,201.45,191.2,192.6,638950
2026-04-06 13:08:00,13:08:00,192.8,196.0,190.6,193.15,496015
2026-04-06 13:09:00,13:09:00,193.3,193.6,188.7,188.7,437580
2026-04-06 13:10:00,13:10:00,188.65,188.7,181.4,181.45,1071395
2026-04-06 13:11:00,13:11:00,204.45,205.15,190.25,192.4,411190
2026-04-06 13:12:00,13:12:00,190.9,193.25,181.7,183.7,750945
2026-04-06 13:13:00,13:13:00,183.4,192.25,181.85,192.25,534690
2026-04-06 13:14:00,13:14:00,193.3,195.4,182.65,182.65,623285
2026-04-06 13:15:00,13:15:00,182.35,190.15,179.4,190.15,670865
2026-04-06 13:16:00,13:16:00,189.25,190.15,178.5,178.9,577200
2026-04-06 13:17:00,13:17:00,180.0,186.3,178.9,182.2,362440
2026-04-06 13:18:00,13:18:00,182.4,185.1,178.1,180.6,291330
2026-04-06 13:19:00,13:19:00,180.85,183.75,179.7,179.7,235625
2026-04-06 13:20:00,13:20:00,123.2,124.55,119.8,121.5,416845
2026-04-06 13:21:00,13:21:00,176.4,180.2,175.3,177.35,322270
2026-04-06 13:22:00,13:22:00,201.75,202.8,188.65,192.4,881920
2026-04-06 13:23:00,13:23:00,192.6,201.8,192.4,196.5,700700
2026-04-06 13:24:00,13:24:00,196.9,202.3,196.5,198.95,506415
2026-04-06 13:25:00,13:25:00,176.1,179.3,175.4,176.6,295880
2026-04-06 13:26:00,13:26:00,176.7,178.95,173.25,176.65,335205
2026-04-06 13:27:00,13:27:00,176.4,179.6,173.35,175.6,462215
2026-04-06 13:28:00,13:28:00,174.95,175.6,171.0,175.5,418275
2026-04-06 13:29:00,13:29:00,176.75,184.75,175.5,177.05,706810
2026-04-06 13:30:00,13:30:00,119.0,119.3,114.6,116.2,553930
2026-04-06 13:31:00,13:31:00,195.45,197.3,190.8,193.1,331175
2026-04-06 13:32:00,13:32:00,191.75,197.2,189.1,195.0,508365
2026-04-06 13:33:00,13:33:00,195.45,197.0,192.25,192.25,268840
2026-04-06 13:34:00,13:34:00,192.4,193.95,189.3,193.0,365300
2026-04-06 13:35:00,13:35:00,193.55,193.8,186.85,187.35,521170
2026-04-06 13:36:00,13:36:00,186.7,195.45,186.15,191.05,601315
2026-04-06 13:37:00,13:37:00,190.1,195.25,189.85,195.0,470795
2026-04-06 13:38:00,13:38:00,195.3,197.0,187.65,194.75,614575
2026-04-06 13:39:00,13:39:00,172.0,178.3,170.25,178.1,575445
2026-04-06 13:40:00,13:40:00,178.8,178.8,170.05,176.25,595920
2026-04-06 13:41:00,13:41:00,177.3,178.4,173.25,178.0,399360
2026-04-06 13:42:00,13:42:00,177.5,187.9,176.35,183.8,1278615
2026-04-06 13:43:00,13:43:00,184.2,187.8,181.2,182.6,738920
2026-04-06 13:44:00,13:44:00,182.65,184.9,174.9,184.05,675155
2026-04-06 13:45:00,13:45:00,183.75,185.4,177.0,177.3,640575
2026-04-06 13:46:00,13:46:00,178.0,185.5,177.3,180.95,405535
2026-04-06 13:47:00,13:47:00,180.85,180.95,174.3,177.7,490230
2026-04-06 13:48:00,13:48:00,178.4,184.75,177.7,181.0,413205
2026-04-06 13:49:00,13:49:00,180.2,188.7,179.1,187.9,478855
2026-04-06 13:50:00,13:50:00,111.2,112.1,105.1,105.25,213460
2026-04-06 13:51:00,13:51:00,178.3,180.0,173.3,175.6,493285
2026-04-06 13:52:00,13:52:00,177.25,177.95,170.8,172.1,536705
2026-04-06 13:53:00,13:53:00,196.15,199.0,194.4,198.85,300365
2026-04-06 13:54:00,13:54:00,198.4,201.0,192.5,194.65,426140
2026-04-06 13:55:00,13:55:00,195.0,195.95,193.0,193.25,240435
2026-04-06 13:56:00,13:56:00,171.2,178.95,170.45,176.8,541385
2026-04-06 13:57:00,13:57:00,177.3,179.1,176.0,178.05,338715
2026-04-06 13:58:00,13:58:00,178.35,180.35,175.0,178.2,390455
2026-04-06 13:59:00,13:59:00,177.8,180.0,176.0,176.15,256425
2026-04-06 14:00:00,14:00:00,105.2,106.1,103.15,104.95,134225
2026-04-06 14:01:00,14:01:00,176.9,178.45,174.0,175.0,288600
2026-04-06 14:02:00,14:02:00,197.5,202.6,188.6,188.6,625950
2026-04-06 14:03:00,14:03:00,163.0,177.3,163.0,176.0,1001000
2026-04-06 14:04:00,14:04:00,200.35,200.35,187.95,190.4,622375
2026-04-06 14:05:00,14:05:00,191.9,191.95,185.0,185.9,632840
2026-04-06 14:06:00,14:06:00,186.15,195.4,185.4,194.5,635050
2026-04-06 14:07:00,14:07:00,195.6,196.6,193.15,193.8,422760
2026-04-06 14:08:00,14:08:00,171.45,177.85,170.85,177.15,463645
2026-04-06 14:09:00,14:09:00,177.0,178.65,175.4,175.9,386035
2026-04-06 14:10:00,14:10:00,104.0,105.1,101.5,102.0,135330
2026-04-06 14:11:00,14:11:00,195.75,196.2,187.7,190.65,715455
2026-04-06 14:12:00,14:12:00,190.7,191.9,179.7,179.7,792805
2026-04-06 14:13:00,14:13:00,180.05,185.75,179.35,180.3,896675
2026-04-06 14:14:00,14:14:00,179.0,181.5,177.45,179.55,485875
2026-04-06 14:15:00,14:15:00,106.6,106.65,101.85,104.1,601250
2026-04-06 14:16:00,14:16:00,175.95,184.55,174.95,182.95,987805
2026-04-06 14:17:00,14:17:00,183.0,183.45,177.7,179.35,737425
2026-04-06 14:18:00,14:18:00,202.4,203.5,191.6,194.75,269165
2026-04-06 14:19:00,14:19:00,172.7,174.7,171.55,172.25,578045
2026-04-06 14:20:00,14:20:00,115.55,116.85,110.3,110.3,188890
2026-04-06 14:21:00,14:21:00,165.85,176.1,165.65,175.65,862420
2026-04-06 14:22:00,14:22:00,176.0,177.95,172.95,173.35,749450
2026-04-06 14:23:00,14:23:00,173.35,175.85,170.2,175.85,490490
2026-04-06 14:24:00,14:24:00,176.45,178.35,174.65,178.35,518635
2026-04-06 14:25:00,14:25:00,104.9,111.85,104.2,106.7,830310
2026-04-06 14:26:00,14:26:00,181.85,184.7,180.05,180.9,600795
2026-04-06 14:27:00,14:27:00,182.25,184.0,176.4,178.6,797030
2026-04-06 14:28:00,14:28:00,178.25,186.75,177.65,186.0,534560
2026-04-06 14:29:00,14:29:00,186.6,186.7,181.9,182.55,624325
2026-04-06 14:30:00,14:30:00,106.8,107.15,103.35,103.5,341055
2026-04-06 14:31:00,14:31:00,177.15,177.15,169.35,172.8,955955
2026-04-06 14:32:00,14:32:00,173.55,175.6,168.95,170.25,468585
2026-04-06 14:33:00,14:33:00,171.1,171.5,166.5,168.3,536120
2026-04-06 14:34:00,14:34:00,170.0,171.8,165.35,168.25,528450
2026-04-06 14:35:00,14:35:00,97.35,104.6,96.85,99.35,590980
2026-04-06 14:36:00,14:36:00,193.4,194.0,189.1,190.85,241540
2026-04-06 14:37:00,14:37:00,167.95,169.55,161.65,168.75,1001845
2026-04-06 14:38:00,14:38:00,169.3,171.5,165.85,169.9,698880
2026-04-06 14:39:00,14:39:00,169.75,175.0,168.0,173.25,644735
2026-04-06 14:40:00,14:40:00,101.25,101.3,97.2,100.0,273195
2026-04-06 14:41:00,14:41:00,173.25,177.5,169.75,172.35,858715
2026-04-06 14:42:00,14:42:00,171.8,178.6,171.8,177.8,777270
2026-04-06 14:43:00,14:43:00,178.0,180.4,171.3,173.95,822575
2026-04-06 14:44:00,14:44:00,174.6,178.3,173.95,175.65,438165
2026-04-06 14:45:00,14:45:00,103.8,105.0,101.7,101.85,439855
2026-04-06 14:46:00,14:46:00,173.0,175.85,170.1,174.95,710255
2026-04-06 14:47:00,14:47:00,174.9,177.6,174.3,176.15,417625
2026-04-06 14:48:00,14:48:00,177.0,179.25,171.35,174.0,707460
2026-04-06 14:49:00,14:49:00,173.4,176.25,171.35,171.35,346320
2026-04-06 14:50:00,14:50:00,115.6,116.8,112.6,115.2,129285
2026-04-06 14:51:00,14:51:00,171.55,179.2,170.6,172.15,595140
2026-04-06 14:52:00,14:52:00,194.15,195.45,189.5,192.25,250315
2026-04-06 14:53:00,14:53:00,169.0,173.35,167.25,173.0,414505
2026-04-06 14:54:00,14:54:00,172.65,178.3,172.65,177.05,979095
2026-04-06 14:55:00,14:55:00,103.15,109.85,103.15,105.5,1114230
2026-04-06 14:56:00,14:56:00,179.6,180.7,171.35,171.5,1226745
2026-04-06 14:57:00,14:57:00,169.95,175.4,169.15,171.45,779415
2026-04-06 14:58:00,14:58:00,173.75,179.0,171.45,176.55,656435
2026-04-06 14:59:00,14:59:00,178.05,178.05,165.1,171.95,1157715
2026-04-06 15:00:00,15:00:00,99.75,99.75,92.65,93.2,818480
2026-04-06 15:01:00,15:01:00,185.95,187.7,169.65,178.5,1097785
2026-04-06 15:02:00,15:02:00,177.65,178.55,165.4,169.55,811135
2026-04-06 15:03:00,15:03:00,170.1,180.5,168.4,180.25,828945
2026-04-06 15:04:00,15:04:00,180.15,181.0,170.3,171.15,492050
2026-04-06 15:05:00,15:05:00,74.3,74.6,70.55,71.25,284830
2026-04-06 15:06:00,15:06:00,165.55,169.8,163.85,167.5,449995
2026-04-06 15:07:00,15:07:00,166.85,170.35,166.3,168.2,320125
2026-04-06 15:08:00,15:08:00,170.0,171.0,166.8,166.85,286715
2026-04-06 15:09:00,15:09:00,190.7,192.9,187.2,188.85,487760
2026-04-06 15:10:00,15:10:00,71.35,74.1,70.95,72.1,269880
2026-04-06 15:11:00,15:11:00,189.6,189.6,180.2,182.3,933660
2026-04-06 15:12:00,15:12:00,182.45,182.7,173.9,176.45,989040
2026-04-06 15:13:00,15:13:00,176.85,181.7,176.45,179.4,786695
2026-04-06 15:14:00,15:14:00,179.7,183.7,179.4,181.45,597350
2026-04-06 15:15:00,15:15:00,92.35,97.45,91.95,94.05,383435
2026-04-06 15:16:00,15:16:00,187.5,188.8,185.6,188.8,487825
2026-04-06 15:17:00,15:17:00,163.25,172.45,162.7,168.2,438230
2026-04-06 15:18:00,15:18:00,169.3,171.1,166.7,168.25,408070
2026-04-06 15:19:00,15:19:00,168.0,171.45,168.0,169.6,301275
2026-04-06 15:20:00,15:20:00,87.55,92.9,86.7,90.4,746720
2026-04-06 15:21:00,15:21:00,174.0,174.9,167.5,171.85,479700
2026-04-06 15:22:00,15:22:00,171.0,173.6,170.3,171.9,243035
2026-04-06 15:23:00,15:23:00,170.75,172.5,169.8,171.2,240825
2026-04-06 15:24:00,15:24:00,171.9,177.1,171.2,174.75,386685
2026-04-06 15:25:00,15:25:00,91.75,93.25,90.3,92.3,693940
2026-04-06 15:26:00,15:26:00,175.1,175.9,172.9,173.55,244465
2026-04-06 15:27:00,15:27:00,173.4,176.4,173.4,175.35,349895
2026-04-06 15:28:00,15:28:00,175.6,176.9,172.85,175.9,311740
2026-04-06 15:29:00,15:29:00,175.9,177.8,174.45,177.1,496470
2026-04-07 09:21:00,09:21:00,69.8,73.45,66.3,66.4,2611050
2026-04-07 09:22:00,09:22:00,67.1,67.1,57.8,57.8,4545840
2026-04-07 09:23:00,09:23:00,58.9,63.7,54.9,58.25,3735940
2026-04-07 09:24:00,09:24:00,58.65,62.7,57.15,62.7,1982370
2026-04-07 09:25:00,09:25:00,62.15,62.7,56.65,57.85,1962155
2026-04-07 09:26:00,09:26:00,57.35,57.85,45.4,46.1,5630235
2026-04-07 09:27:00,09:27:00,46.2,48.45,41.15,44.0,4463355
2026-04-07 09:28:00,09:28:00,43.65,44.75,42.05,43.95,2111590
2026-04-07 09:29:00,09:29:00,43.5,44.25,41.1,41.25,2222285
2026-04-07 09:30:00,09:30:00,40.55,41.6,39.55,40.4,2724345
2026-04-07 09:31:00,09:31:00,40.1,44.05,40.1,43.35,2215720
2026-04-07 09:32:00,09:32:00,43.4,45.9,41.9,42.55,2324270
2026-04-07 09:33:00,09:33:00,42.35,45.3,41.75,43.85,1896115
2026-04-07 09:34:00,09:34:00,43.25,46.8,43.0,45.7,2464800
2026-04-07 09:35:00,09:35:00,45.65,50.85,44.7,49.85,3176810
2026-04-07 09:36:00,09:36:00,49.65,49.95,44.2,46.0,2527265
2026-04-07 09:37:00,09:37:00,45.9,46.35,40.05,43.3,2737735
2026-04-07 09:38:00,09:38:00,43.95,51.15,43.2,50.4,2288195
2026-04-07 09:39:00,09:39:00,50.05,50.4,46.0,47.8,1680835
2026-04-07 09:40:00,09:40:00,46.45,47.8,42.85,45.2,1559545
2026-04-07 09:41:00,09:41:00,45.25,49.75,43.45,49.45,1540305
2026-04-07 09:42:00,09:42:00,48.9,54.05,48.2,52.55,3976375
2026-04-07 09:43:00,09:43:00,52.6,64.15,52.55,63.7,6568705
2026-04-07 09:44:00,09:44:00,64.2,64.2,56.95,59.6,3271190
2026-04-07 09:45:00,09:45:00,58.9,59.6,52.7,53.85,2612155
2026-04-07 09:46:00,09:46:00,53.4,53.85,47.3,52.05,3219645
2026-04-07 09:47:00,09:47:00,51.45,52.05,44.8,44.8,2477670
2026-04-07 09:48:00,09:48:00,43.8,50.85,42.2,50.45,3495245
2026-04-07 09:49:00,09:49:00,49.7,54.5,49.7,50.8,2979730
2026-04-07 09:50:00,09:50:00,51.7,53.8,46.7,46.85,2205515
2026-04-07 09:51:00,09:51:00,46.6,51.15,45.65,45.9,1797835
2026-04-07 09:52:00,09:52:00,44.0,47.55,42.95,47.5,2021630
2026-04-07 09:53:00,09:53:00,47.65,48.35,43.9,44.0,1228695
2026-04-07 09:54:00,09:54:00,43.15,44.9,41.05,44.1,2054455
2026-04-07 09:55:00,09:55:00,44.5,44.5,38.35,39.35,2505620
2026-04-07 09:56:00,09:56:00,39.4,43.65,39.35,40.35,1983345
2026-04-07 09:57:00,09:57:00,40.65,40.75,37.2,38.15,1991340
2026-04-07 09:58:00,09:58:00,38.2,39.9,33.85,34.2,2940795
2026-04-07 09:59:00,09:59:00,34.65,35.35,31.9,33.25,2596295
2026-04-07 10:00:00,10:00:00,32.5,33.8,30.3,30.45,2453490
2026-04-07 10:01:00,10:01:00,30.1,30.45,27.05,28.1,4506060
2026-04-07 10:02:00,10:02:00,28.95,30.7,28.1,30.3,2755220
2026-04-07 10:03:00,10:03:00,30.8,32.2,27.75,28.45,2179450
2026-04-07 10:04:00,10:04:00,28.15,28.45,26.1,26.25,1710410
2026-04-07 10:05:00,10:05:00,26.25,26.25,23.6,25.95,3138265
2026-04-07 10:06:00,10:06:00,25.9,28.7,25.4,27.55,2145260
2026-04-07 10:07:00,10:07:00,27.5,28.45,26.4,27.3,1217385
2026-04-07 10:08:00,10:08:00,27.2,28.9,27.2,27.9,1117155
2026-04-07 10:09:00,10:09:00,27.6,29.05,27.45,28.05,1249690
2026-04-07 10:10:00,10:10:00,27.75,29.8,26.7,27.1,1963650
2026-04-07 10:11:00,10:11:00,26.75,27.65,24.95,25.85,1775670
2026-04-07 10:12:00,10:12:00,25.9,26.25,24.8,25.1,2165930
2026-04-07 10:13:00,10:13:00,25.55,26.8,25.1,26.6,1044095
2026-04-07 10:14:00,10:14:00,26.75,27.7,23.85,24.45,1876745
2026-04-07 10:15:00,10:15:00,24.55,24.9,23.2,23.5,2220205
2026-04-07 10:16:00,10:16:00,23.3,24.6,21.0,21.0,2025400
2026-04-07 10:17:00,10:17:00,20.6,21.0,18.8,19.05,4356235
2026-04-07 10:18:00,10:18:00,19.0,21.65,19.0,21.6,2128490
2026-04-07 10:19:00,10:19:00,21.9,21.9,18.1,18.4,2076230
2026-04-07 10:20:00,10:20:00,18.05,21.55,16.55,20.65,3774160
2026-04-07 10:21:00,10:21:00,20.45,21.6,20.05,21.0,1722500
2026-04-07 10:22:00,10:22:00,21.45,22.45,20.25,20.65,1855100
2026-04-07 10:23:00,10:23:00,20.5,22.2,19.8,20.2,1524120
2026-04-07 10:24:00,10:24:00,19.9,20.45,19.05,20.15,1127750
2026-04-07 10:25:00,10:25:00,20.15,21.1,19.55,19.6,1222000
2026-04-07 10:26:00,10:26:00,19.55,20.25,18.4,19.25,1474265
2026-04-07 10:27:00,10:27:00,19.25,19.55,17.9,17.9,995280
2026-04-07 10:28:00,10:28:00,17.65,18.5,17.35,17.35,1027390
2026-04-07 10:29:00,10:29:00,17.45,18.0,17.2,17.45,987740
2026-04-07 10:30:00,10:30:00,17.3,18.9,17.15,18.8,1023555
2026-04-07 10:31:00,10:31:00,19.15,19.35,17.05,17.05,1402440
2026-04-07 10:32:00,10:32:00,16.75,17.05,16.0,17.05,1783275
2026-04-07 10:33:00,10:33:00,16.8,17.75,16.6,17.2,691015
2026-04-07 10:34:00,10:34:00,17.3,20.8,17.2,20.2,1892865
2026-04-07 10:35:00,10:35:00,19.85,21.5,19.65,20.9,2956915
2026-04-07 10:36:00,10:36:00,21.05,25.8,20.3,24.4,4461860
2026-04-07 10:37:00,10:37:00,23.7,24.4,20.25,20.6,3456830
2026-04-07 10:38:00,10:38:00,19.9,20.7,19.5,19.75,1704235
2026-04-07 10:39:00,10:39:00,19.6,20.75,18.8,19.65,1541540
2026-04-07 10:40:00,10:40:00,19.35,19.75,17.05,17.05,2028130
2026-04-07 10:41:00,10:41:00,17.0,17.9,15.6,15.65,3195920
2026-04-07 10:42:00,10:42:00,15.65,15.65,14.2,14.2,3009955
2026-04-07 10:43:00,10:43:00,14.65,14.95,13.45,13.55,2562105
2026-04-07 10:44:00,10:44:00,13.5,14.7,13.5,14.0,2034890
2026-04-07 10:45:00,10:45:00,13.95,14.5,13.7,14.4,1195090
2026-04-07 10:46:00,10:46:00,14.45,15.1,13.85,14.0,1660685
2026-04-07 10:47:00,10:47:00,14.0,15.3,13.75,14.9,1320605
2026-04-07 10:48:00,10:48:00,14.75,15.0,14.3,14.65,730600
2026-04-07 10:49:00,10:49:00,14.55,16.85,14.45,16.5,2057510
2026-04-07 10:50:00,10:50:00,16.45,18.5,16.45,17.05,2718885
2026-04-07 10:51:00,10:51:00,17.85,19.75,17.05,17.75,2328690
2026-04-07 10:52:00,10:52:00,17.65,20.1,17.55,20.1,1521455
2026-04-07 10:53:00,10:53:00,19.95,29.1,19.95,27.25,6303765
2026-04-07 10:54:00,10:54:00,28.05,32.3,26.8,27.2,8484645
2026-04-07 10:55:00,10:55:00,26.95,28.95,22.65,28.35,5276960
2026-04-07 10:56:00,10:56:00,28.15,31.45,27.9,30.35,4700995
2026-04-07 10:57:00,10:57:00,29.8,30.85,28.3,29.45,3124225
2026-04-07 10:58:00,10:58:00,29.5,34.1,28.7,32.3,4766385
2026-04-07 10:59:00,10:59:00,32.85,36.6,31.45,33.55,5797025
2026-04-07 11:00:00,11:00:00,33.85,36.75,33.25,35.2,4630405
2026-04-07 11:01:00,11:01:00,34.35,35.2,29.35,32.6,4362085
2026-04-07 11:02:00,11:02:00,32.6,33.85,30.35,31.65,2520440
2026-04-07 11:03:00,11:03:00,33.0,33.15,29.6,29.85,1914185
2026-04-07 11:04:00,11:04:00,28.25,31.45,27.9,30.15,2363530
2026-04-07 11:05:00,11:05:00,30.2,31.7,25.9,26.6,3407365
2026-04-07 11:06:00,11:06:00,30.05,30.1,26.6,29.35,2066805
2026-04-07 11:07:00,11:07:00,28.75,29.6,25.35,25.35,1853865
2026-04-07 11:08:00,11:08:00,24.65,25.35,22.75,23.5,3351465
2026-04-07 11:09:00,11:09:00,23.75,27.35,23.45,26.45,2671305
2026-04-07 11:10:00,11:10:00,25.7,26.45,23.1,26.2,2101580
2026-04-07 11:11:00,11:11:00,26.5,30.2,25.75,26.8,3006705
2026-04-07 11:12:00,11:12:00,27.05,29.4,25.9,25.9,2373215
2026-04-07 11:13:00,11:13:00,25.7,28.25,25.25,27.85,1602640
2026-04-07 11:14:00,11:14:00,27.0,28.0,25.75,26.4,1377805
2026-04-07 11:15:00,11:15:00,26.1,27.95,20.85,22.05,3572855
2026-04-07 11:16:00,11:16:00,22.35,23.45,21.5,21.9,2661945
2026-04-07 11:17:00,11:17:00,21.9,23.05,19.85,19.85,2374450
2026-04-07 11:18:00,11:18:00,19.75,21.25,18.3,20.85,3423940
2026-04-07 11:19:00,11:19:00,20.5,20.85,19.0,19.1,1853670
2026-04-07 11:20:00,11:20:00,19.15,19.5,17.7,18.05,1967680
2026-04-07 11:21:00,11:21:00,17.85,18.05,15.55,15.65,2603055
2026-04-07 11:22:00,11:22:00,15.25,15.65,14.15,14.55,3902275
2026-04-07 11:23:00,11:23:00,14.75,16.35,14.55,15.45,3076385
2026-04-07 11:24:00,11:24:00,15.4,15.5,14.25,14.35,2122185
2026-04-07 11:25:00,11:25:00,14.3,15.0,13.75,14.55,2556320
2026-04-07 11:26:00,11:26:00,14.5,14.65,13.5,13.8,1484210
2026-04-07 11:27:00,11:27:00,13.85,14.0,12.7,13.1,3588000
2026-04-07 11:28:00,11:28:00,13.0,14.2,12.6,12.7,2434640
2026-04-07 11:29:00,11:29:00,12.35,12.7,11.8,12.15,2255630
2026-04-07 11:30:00,11:30:00,12.05,12.6,11.85,12.2,1887470
2026-04-07 11:31:00,11:31:00,12.1,13.05,12.1,12.2,1404130
2026-04-07 11:32:00,11:32:00,12.05,12.35,11.4,11.55,1389635
2026-04-07 11:33:00,11:33:00,11.5,12.35,11.45,12.0,1110200
2026-04-07 11:34:00,11:34:00,11.9,12.6,11.4,11.75,1336205
2026-04-07 11:35:00,11:35:00,11.7,12.55,11.55,11.9,1467700
2026-04-07 11:36:00,11:36:00,11.85,12.9,11.65,12.75,1476800
2026-04-07 11:37:00,11:37:00,12.65,12.95,11.85,12.65,1346150
2026-04-07 11:38:00,11:38:00,12.65,12.85,10.25,10.25,2719665
2026-04-07 11:39:00,11:39:00,10.25,11.5,9.8,11.5,3310710
2026-04-07 11:40:00,11:40:00,11.55,13.05,11.5,12.85,2644785
2026-04-07 11:41:00,11:41:00,12.95,14.35,12.5,12.7,3867890
2026-04-07 11:42:00,11:42:00,12.7,13.8,12.05,12.3,1940705
2026-04-07 11:43:00,11:43:00,12.3,13.6,11.95,13.6,1399125
2026-04-07 11:44:00,11:44:00,13.65,13.8,13.05,13.1,955370
2026-04-07 11:45:00,11:45:00,13.1,13.8,12.2,12.2,1773525
2026-04-07 11:46:00,11:46:00,12.2,14.65,12.0,14.65,1606475
2026-04-07 11:47:00,11:47:00,14.65,15.2,14.0,14.95,2467790
2026-04-07 11:48:00,11:48:00,14.9,15.55,13.25,13.25,2609945
2026-04-07 11:49:00,11:49:00,13.0,13.5,12.45,13.4,1875770
2026-04-07 11:50:00,11:50:00,13.35,13.55,12.8,13.25,982670
2026-04-07 11:51:00,11:51:00,13.35,13.6,11.55,12.5,1936155
2026-04-07 11:52:00,11:52:00,12.15,12.8,11.85,12.55,910000
2026-04-07 11:53:00,11:53:00,12.55,12.55,11.7,11.8,872105
2026-04-07 11:54:00,11:54:00,11.6,11.95,10.05,10.2,2066025
2026-04-07 11:55:00,11:55:00,10.05,10.25,9.15,9.3,3218865
2026-04-07 11:56:00,11:56:00,9.2,9.3,8.1,8.1,4752670
2026-04-07 11:57:00,11:57:00,8.1,8.15,7.2,7.2,5577455
2026-04-07 11:58:00,11:58:00,7.4,7.45,6.8,6.8,3501420
2026-04-07 11:59:00,11:59:00,6.75,6.9,6.2,6.2,2669030
2026-04-07 12:00:00,12:00:00,9.15,10.55,9.15,9.8,2707575
2026-04-07 12:04:00,12:04:00,9.05,9.05,8.1,8.95,2439645
2026-04-07 12:05:00,12:05:00,9.1,10.85,8.95,9.85,4198675
2026-04-07 12:06:00,12:06:00,9.9,10.15,8.8,8.8,2525055
2026-04-07 12:07:00,12:07:00,8.85,9.5,8.5,9.25,1957150
2026-04-07 12:08:00,12:08:00,9.25,9.85,8.65,9.2,1885975
2026-04-07 12:09:00,12:09:00,9.2,9.35,8.4,8.55,1295320
2026-04-07 12:10:00,12:10:00,8.55,9.75,8.55,9.65,1458405
2026-04-07 12:11:00,12:11:00,9.65,11.4,9.45,11.2,3201965
2026-04-07 12:12:00,12:12:00,10.8,13.0,10.65,11.25,5872230
2026-04-07 12:13:00,12:13:00,11.25,11.25,8.85,9.75,3476330
2026-04-07 12:14:00,12:14:00,9.7,10.05,8.7,9.1,1704430
2026-04-07 12:15:00,12:15:00,9.45,9.6,8.3,9.45,1805635
2026-04-07 12:16:00,12:16:00,9.6,10.3,9.1,9.25,2467140
2026-04-07 12:17:00,12:17:00,9.2,9.45,8.4,8.95,1543880
2026-04-07 12:18:00,12:18:00,8.9,9.95,8.35,9.95,1734785
2026-04-07 12:19:00,12:19:00,9.9,10.35,8.8,9.2,2341885
2026-04-07 12:20:00,12:20:00,9.15,10.45,8.9,9.6,1931280
2026-04-07 12:21:00,12:21:00,9.6,12.05,9.35,11.8,2737150
2026-04-07 12:22:00,12:22:00,11.75,12.05,11.05,11.35,2674035
2026-04-07 12:23:00,12:23:00,11.1,12.9,11.1,12.25,3013790
2026-04-07 12:24:00,12:24:00,12.05,12.35,11.05,11.05,2506205
2026-04-07 12:25:00,12:25:00,10.95,11.25,10.2,10.75,1951300
2026-04-07 12:26:00,12:26:00,11.25,12.3,10.75,11.65,2140645
2026-04-07 12:27:00,12:27:00,11.4,12.6,11.35,11.95,1996215
2026-04-07 12:28:00,12:28:00,12.1,12.5,9.75,11.25,3274635
2026-04-07 12:29:00,12:29:00,11.15,11.4,10.45,10.45,1798095
2026-04-07 12:30:00,12:30:00,10.45,10.6,9.75,10.35,1748305
2026-04-07 12:31:00,12:31:00,10.4,10.75,8.6,9.05,2842905
2026-04-07 12:32:00,12:32:00,9.05,9.05,7.6,8.75,2936765
2026-04-07 12:33:00,12:33:00,8.9,10.5,8.6,9.45,2326220
2026-04-07 12:34:00,12:34:00,9.45,9.7,8.4,8.4,1919125
2026-04-07 12:35:00,12:35:00,8.45,8.65,7.6,7.95,1870960
2026-04-07 12:36:00,12:36:00,8.0,9.55,7.95,8.85,1698840
2026-04-07 12:37:00,12:37:00,8.8,9.05,7.25,7.5,1931995
2026-04-07 12:38:00,12:38:00,7.4,8.45,7.35,7.7,1536145
2026-04-07 12:39:00,12:39:00,7.75,8.0,6.75,6.75,2184910
2026-04-07 12:40:00,12:40:00,6.75,7.1,6.4,6.7,2031965
2026-04-07 12:41:00,12:41:00,6.6,7.1,6.35,7.1,1603290
2026-04-07 12:42:00,12:42:00,7.05,7.55,6.85,7.45,1809080
2026-04-07 12:43:00,12:43:00,7.25,7.6,6.15,6.15,1841515
2026-04-07 12:44:00,12:44:00,6.0,6.25,5.8,5.9,2307175
2026-04-07 12:45:00,12:45:00,5.95,6.6,5.9,6.45,1441050
2026-04-07 12:46:00,12:46:00,6.4,7.1,5.95,6.95,1583855
2026-04-07 12:47:00,12:47:00,7.05,7.85,6.8,6.95,2047110
2026-04-07 12:48:00,12:48:00,6.95,7.15,6.35,6.35,1297270
2026-04-07 12:49:00,12:49:00,6.6,7.25,6.35,7.15,1198600
2026-04-07 12:50:00,12:50:00,7.0,7.15,6.55,7.1,1026415
2026-04-07 12:51:00,12:51:00,7.05,8.45,6.9,8.0,1640795
2026-04-07 12:52:00,12:52:00,8.1,8.8,7.75,7.8,3012165
2026-04-07 12:53:00,12:53:00,7.4,7.8,6.85,6.85,1937780
2026-04-07 12:54:00,12:54:00,6.85,7.6,6.2,6.35,1777945
2026-04-07 12:55:00,12:55:00,6.3,6.4,5.85,6.1,1639300
2026-04-07 12:56:00,12:56:00,6.1,7.4,6.05,7.25,1968200
2026-04-07 12:57:00,12:57:00,7.35,7.65,6.45,7.25,2282800
2026-04-07 12:58:00,12:58:00,7.2,8.7,7.05,7.85,2720250
2026-04-07 12:59:00,12:59:00,7.75,8.85,7.75,8.3,2633345
2026-04-07 13:00:00,13:00:00,8.15,8.75,7.5,8.15,2359955
2026-04-07 13:01:00,13:01:00,8.0,8.7,7.9,8.4,2371590
2026-04-07 13:02:00,13:02:00,9.15,9.9,6.45,6.6,4561505
2026-04-07 13:03:00,13:03:00,6.65,6.7,5.55,5.95,3602625
2026-04-07 13:04:00,13:04:00,5.9,6.05,5.35,5.65,2374710
2026-04-07 13:05:00,13:05:00,5.6,6.3,5.5,5.95,2131610
2026-04-07 13:06:00,13:06:00,5.9,6.7,5.9,6.55,2277860
2026-04-07 13:07:00,13:07:00,6.65,7.25,6.4,6.6,2206685
2026-04-07 13:08:00,13:08:00,6.65,8.05,6.6,7.05,2526095
2026-04-07 13:09:00,13:09:00,7.05,7.3,6.8,7.25,1707745
2026-04-07 13:10:00,13:10:00,7.25,8.3,7.1,7.2,2468375
2026-04-07 13:11:00,13:11:00,7.05,7.3,6.2,6.5,2635750
2026-04-07 13:12:00,13:12:00,6.45,6.6,5.45,5.45,2495220
2026-04-07 13:13:00,13:13:00,5.6,5.65,4.2,4.35,4868500
2026-04-07 13:14:00,13:14:00,4.3,4.9,3.9,4.7,3614195
2026-04-07 13:15:00,13:15:00,4.6,4.7,4.35,4.35,1567150
2026-04-07 13:16:00,13:16:00,4.25,4.35,3.8,3.85,2578290
2026-04-07 13:17:00,13:17:00,3.8,3.95,3.65,3.75,1898845
2026-04-07 13:18:00,13:18:00,3.7,3.8,3.4,3.4,2887300
2026-04-07 13:19:00,13:19:00,3.45,3.5,3.2,3.35,2367885
2026-04-07 13:20:00,13:20:00,3.35,3.65,3.3,3.55,2336100
2026-04-07 13:21:00,13:21:00,3.5,3.65,3.4,3.45,1043965
2026-04-07 13:22:00,13:22:00,3.4,3.45,3.15,3.25,1036685
2026-04-07 13:23:00,13:23:00,3.2,3.8,3.15,3.55,1591135
2026-04-07 13:24:00,13:24:00,3.55,3.7,3.4,3.55,979420
2026-04-07 13:25:00,13:25:00,3.5,3.9,3.5,3.65,958165
2026-04-07 13:26:00,13:26:00,3.65,4.6,3.65,3.85,2704845
2026-04-07 13:27:00,13:27:00,3.75,3.85,3.15,3.3,1892020
2026-04-07 13:28:00,13:28:00,3.25,3.3,3.05,3.1,1271205
2026-04-07 13:29:00,13:29:00,3.05,3.1,2.85,2.95,2172105
2026-04-07 13:30:00,13:30:00,2.95,2.95,2.5,2.5,3467230
2026-04-07 13:31:00,13:31:00,2.45,2.55,2.25,2.25,4322760
2026-04-07 13:32:00,13:32:00,2.25,2.35,1.85,1.95,8719035
2026-04-07 13:33:00,13:33:00,1.95,1.95,1.65,1.75,7098065
2026-04-07 13:34:00,13:34:00,1.7,1.85,1.7,1.7,4885985
2026-04-07 13:35:00,13:35:00,1.7,1.75,1.55,1.75,4981470
2026-04-07 13:36:00,13:36:00,1.8,1.9,1.55,1.55,3853525
2026-04-07 13:37:00,13:37:00,1.55,1.7,1.5,1.6,2497755
2026-04-07 13:38:00,13:38:00,1.65,1.7,1.6,1.65,2738450
2026-04-07 13:39:00,13:39:00,1.65,1.7,1.55,1.6,2492100
2026-04-07 13:40:00,13:40:00,1.6,1.6,1.45,1.45,2641340
2026-04-07 13:41:00,13:41:00,1.45,1.45,1.25,1.3,3427580
2026-04-07 13:42:00,13:42:00,1.3,1.35,1.2,1.25,4896970
2026-04-07 13:43:00,13:43:00,1.3,1.35,1.15,1.15,3193320
2026-04-07 13:44:00,13:44:00,1.15,1.25,1.1,1.15,3152955
2026-04-07 13:45:00,13:45:00,1.15,1.2,1.05,1.05,1227330
2026-04-07 13:46:00,13:46:00,1.05,1.1,1.0,1.0,1480375
2026-04-07 13:47:00,13:47:00,1.05,1.15,1.0,1.15,1588860
2026-04-07 13:48:00,13:48:00,1.15,1.2,1.05,1.05,2042885
2026-04-07 13:49:00,13:49:00,1.1,1.2,1.05,1.2,1944605
2026-04-07 13:50:00,13:50:00,1.2,1.5,1.2,1.35,5583890
2026-04-07 13:51:00,13:51:00,1.35,1.35,1.1,1.15,2415920
2026-04-07 13:52:00,13:52:00,1.15,1.2,1.05,1.05,2571530
2026-04-07 13:53:00,13:53:00,1.15,1.2,1.05,1.15,1751165
2026-04-07 13:54:00,13:54:00,1.15,1.2,1.05,1.2,1718340
2026-04-07 13:55:00,13:55:00,1.15,1.2,1.1,1.15,1594125
2026-04-07 13:56:00,13:56:00,1.15,1.3,1.15,1.3,3005600
2026-04-07 13:57:00,13:57:00,1.25,1.95,1.25,1.7,10939955
2026-04-07 13:58:00,13:58:00,1.75,2.85,1.6,2.4,9396270
2026-04-07 13:59:00,13:59:00,2.1,2.4,1.8,2.05,8566480
2026-04-07 14:00:00,14:00:00,1.95,2.05,1.65,1.85,7401680
2026-04-07 14:01:00,14:01:00,1.75,1.9,1.25,1.35,6354725
2026-04-07 14:02:00,14:02:00,1.35,1.4,0.95,1.05,4733560
2026-04-07 14:03:00,14:03:00,1.1,1.15,1.0,1.05,4227340
2026-04-07 14:04:00,14:04:00,1.05,1.1,0.85,0.9,4096560
2026-04-07 14:05:00,14:05:00,0.9,1.05,0.9,0.95,2767570
2026-04-07 14:06:00,14:06:00,1.0,1.0,0.9,1.0,1886105
2026-04-07 14:07:00,14:07:00,0.95,1.2,0.9,1.2,3092245
2026-04-07 14:08:00,14:08:00,1.15,1.2,0.85,0.85,2839655
2026-04-07 14:09:00,14:09:00,0.85,1.0,0.85,0.95,1562925
2026-04-07 14:10:00,14:10:00,0.95,1.0,0.85,0.95,2994680
2026-04-07 14:11:00,14:11:00,0.95,1.05,0.9,0.95,2681900
2026-04-07 14:12:00,14:12:00,0.95,1.05,0.9,1.05,2667340
2026-04-07 14:13:00,14:13:00,1.0,1.2,0.95,1.0,4485780
2026-04-07 14:14:00,14:14:00,1.0,1.05,0.75,0.75,3196180
2026-04-07 14:15:00,14:15:00,0.8,0.85,0.75,0.85,1720810
2026-04-07 14:16:00,14:16:00,0.9,0.9,0.75,0.75,1301105
2026-04-07 14:17:00,14:17:00,0.8,0.95,0.75,0.8,1787825
2026-04-07 14:18:00,14:18:00,0.8,0.9,0.75,0.9,2241785
2026-04-07 14:19:00,14:19:00,0.9,1.0,0.85,1.0,2020785
2026-04-07 14:20:00,14:20:00,1.0,1.05,0.9,1.0,1790360
2026-04-07 14:21:00,14:21:00,0.95,1.0,0.8,0.8,2003495
2026-04-07 14:22:00,14:22:00,0.8,0.85,0.65,0.65,3262545
2026-04-07 14:23:00,14:23:00,0.65,0.9,0.65,0.9,2086500
2026-04-07 14:24:00,14:24:00,0.85,0.9,0.75,0.75,2375750
2026-04-07 14:25:00,14:25:00,0.7,0.8,0.6,0.75,2745015
2026-04-07 14:26:00,14:26:00,0.75,0.85,0.7,0.8,3377920
2026-04-07 14:27:00,14:27:00,0.75,0.8,0.65,0.75,1210560
2026-04-07 14:28:00,14:28:00,0.7,0.75,0.55,0.55,2019680
2026-04-07 14:29:00,14:29:00,0.65,0.65,0.55,0.6,897000
2026-04-07 14:30:00,14:30:00,0.65,0.65,0.55,0.55,1267305
2026-04-07 14:31:00,14:31:00,0.6,0.6,0.55,0.6,1684345
2026-04-07 14:32:00,14:32:00,0.55,0.65,0.55,0.65,2574195
2026-04-07 14:33:00,14:33:00,0.65,0.65,0.55,0.65,2275260
2026-04-07 14:34:00,14:34:00,0.6,0.65,0.55,0.6,822380
2026-04-07 14:35:00,14:35:00,0.6,0.65,0.55,0.6,1442740
2026-04-07 14:36:00,14:36:00,0.6,0.7,0.55,0.65,2175485
2026-04-07 14:37:00,14:37:00,0.7,0.8,0.55,0.6,3261505
2026-04-07 14:38:00,14:38:00,0.6,0.6,0.5,0.5,873470
2026-04-07 14:39:00,14:39:00,0.55,0.55,0.4,0.5,2083120
2026-04-07 14:40:00,14:40:00,0.5,0.5,0.4,0.4,879580
2026-04-07 14:41:00,14:41:00,0.4,0.45,0.4,0.4,316550
2026-04-07 14:42:00,14:42:00,0.4,0.45,0.35,0.35,920595
2026-04-07 14:43:00,14:43:00,0.35,0.35,0.3,0.3,598000
2026-04-07 14:44:00,14:44:00,0.3,0.35,0.3,0.3,1006200
2026-04-07 14:45:00,14:45:00,0.35,0.35,0.25,0.25,1017900
2026-04-07 14:46:00,14:46:00,0.25,0.3,0.25,0.3,478075
2026-04-07 14:47:00,14:47:00,0.25,0.3,0.25,0.3,934635
2026-04-07 14:48:00,14:48:00,0.35,0.35,0.3,0.3,532740
2026-04-07 14:49:00,14:49:00,0.35,0.35,0.3,0.3,988780
2026-04-07 14:50:00,14:50:00,0.3,0.35,0.25,0.3,782015
2026-04-07 14:51:00,14:51:00,0.3,0.35,0.25,0.3,909480
2026-04-07 14:52:00,14:52:00,0.35,0.35,0.25,0.3,830245
2026-04-07 14:53:00,14:53:00,0.3,0.35,0.3,0.3,557115
2026-04-07 14:54:00,14:54:00,0.35,0.35,0.3,0.35,1382810
2026-04-07 14:55:00,14:55:00,0.3,0.35,0.3,0.35,1414985
2026-04-07 14:56:00,14:56:00,0.3,0.4,0.3,0.4,1837290
2026-04-07 14:57:00,14:57:00,0.4,0.45,0.35,0.4,1871480
2026-04-07 14:58:00,14:58:00,0.35,0.4,0.2,0.25,1669850
2026-04-07 14:59:00,14:59:00,0.25,0.3,0.25,0.3,593190
2026-04-07 15:00:00,15:00:00,0.3,0.35,0.25,0.3,1374620
2026-04-07 15:01:00,15:01:00,0.3,0.35,0.25,0.25,1616355
2026-04-07 15:02:00,15:02:00,0.25,0.25,0.2,0.2,721175
2026-04-07 15:03:00,15:03:00,0.2,0.25,0.2,0.25,947570
2026-04-07 15:04:00,15:04:00,0.2,0.25,0.2,0.2,731510
2026-04-07 15:05:00,15:05:00,0.25,0.25,0.15,0.15,1835795
2026-04-07 15:06:00,15:06:00,0.15,0.2,0.1,0.1,1251900
2026-04-07 15:08:00,15:08:00,0.15,0.15,0.1,0.15,393705
2026-04-07 15:10:00,15:10:00,0.15,0.15,0.1,0.1,330915
2026-04-07 15:11:00,15:11:00,0.1,0.15,0.1,0.15,540475
2026-04-07 15:12:00,15:12:00,0.1,0.15,0.1,0.15,335725
2026-04-07 15:13:00,15:13:00,0.15,0.15,0.05,0.05,931060
2026-04-07 15:14:00,15:14:00,0.1,0.1,0.05,0.05,601120
2026-04-07 15:15:00,15:15:00,0.05,0.1,0.05,0.05,560170
2026-04-07 15:16:00,15:16:00,0.1,0.1,0.05,0.1,572065
2026-04-07 15:17:00,15:17:00,0.1,0.1,0.05,0.05,259805
2026-04-07 15:19:00,15:19:00,0.1,0.1,0.05,0.1,222560
