datetime,time,open,high,low,close,volume
2026-04-15 09:15:00,09:15:00,160.0,209.5,159.9,171.3,622830
2026-04-15 09:16:00,09:16:00,172.0,172.4,162.9,168.95,357955
2026-04-15 09:17:00,09:17:00,168.3,170.7,164.55,166.5,227500
2026-04-15 09:18:00,09:18:00,166.35,172.6,164.35,168.7,178620
2026-04-15 09:19:00,09:19:00,168.6,169.9,166.25,168.05,133380
2026-04-15 09:20:00,09:20:00,167.7,170.35,166.55,168.45,157690
2026-04-15 09:21:00,09:21:00,169.1,169.5,163.85,166.35,164775
2026-04-15 09:22:00,09:22:00,165.6,169.05,163.0,166.1,150995
2026-04-15 09:23:00,09:23:00,165.65,168.05,164.4,167.25,95615
2026-04-15 09:24:00,09:24:00,166.4,167.25,163.3,163.4,72930
2026-04-15 09:25:00,09:25:00,163.65,165.4,161.7,164.6,116285
2026-04-15 09:26:00,09:26:00,165.0,165.0,162.5,162.55,67145
2026-04-15 09:27:00,09:27:00,162.8,163.9,156.35,158.1,213655
2026-04-15 09:28:00,09:28:00,157.7,160.6,156.95,160.0,93795
2026-04-15 09:29:00,09:29:00,159.4,160.35,158.25,160.25,95550
2026-04-15 09:30:00,09:30:00,160.65,161.0,155.95,158.4,135655
2026-04-15 09:31:00,09:31:00,158.1,159.0,155.85,158.0,88400
2026-04-15 09:32:00,09:32:00,157.7,159.6,156.35,158.95,62335
2026-04-15 09:33:00,09:33:00,159.45,160.2,156.4,156.8,64350
2026-04-15 09:34:00,09:34:00,156.95,157.8,153.0,156.3,188630
2026-04-15 09:35:00,09:35:00,156.35,158.0,155.8,157.7,58695
2026-04-15 09:36:00,09:36:00,157.65,160.65,157.65,159.7,95095
2026-04-15 09:37:00,09:37:00,159.65,160.2,158.0,158.85,47905
2026-04-15 09:38:00,09:38:00,158.05,158.85,151.6,151.6,126620
2026-04-15 09:39:00,09:39:00,151.45,155.15,151.2,154.2,109070
2026-04-15 09:40:00,09:40:00,154.4,159.2,153.05,159.0,140335
2026-04-15 09:41:00,09:41:00,158.45,160.85,158.0,159.9,139490
2026-04-15 09:42:00,09:42:00,160.3,163.7,159.9,163.7,166595
2026-04-15 09:43:00,09:43:00,163.85,168.05,163.35,167.8,201370
2026-04-15 09:44:00,09:44:00,168.8,169.7,165.7,166.3,156065
2026-04-15 09:45:00,09:45:00,167.2,171.2,166.3,171.05,233415
2026-04-15 09:46:00,09:46:00,171.05,172.15,169.4,171.15,185510
2026-04-15 09:47:00,09:47:00,171.2,171.95,167.75,169.15,128310
2026-04-15 09:48:00,09:48:00,168.55,169.15,160.9,163.15,192920
2026-04-15 09:49:00,09:49:00,163.4,164.0,159.45,160.0,92365
2026-04-15 09:50:00,09:50:00,159.8,161.2,155.7,157.8,127335
2026-04-15 09:51:00,09:51:00,157.7,163.3,157.7,161.55,90025
2026-04-15 09:52:00,09:52:00,161.85,167.25,161.55,166.4,113100
2026-04-15 09:53:00,09:53:00,166.35,167.3,164.8,166.9,70915
2026-04-15 09:54:00,09:54:00,166.9,168.25,165.1,165.1,104455
2026-04-15 09:55:00,09:55:00,164.45,170.6,164.45,170.2,117325
2026-04-15 09:56:00,09:56:00,169.6,170.2,167.2,168.45,72280
2026-04-15 09:57:00,09:57:00,168.4,171.25,167.3,169.5,88660
2026-04-15 09:58:00,09:58:00,169.65,169.65,163.5,166.4,84955
2026-04-15 09:59:00,09:59:00,166.25,168.55,164.45,167.75,50115
2026-04-15 10:00:00,10:00:00,167.75,170.7,167.7,169.25,98020
2026-04-15 10:01:00,10:01:00,168.5,172.5,167.4,167.45,167700
2026-04-15 10:02:00,10:02:00,167.9,169.1,165.0,167.3,91910
2026-04-15 10:03:00,10:03:00,167.4,170.1,167.15,169.5,49205
2026-04-15 10:04:00,10:04:00,170.4,171.85,168.85,171.4,99060
2026-04-15 10:05:00,10:05:00,172.0,174.95,171.4,173.5,235235
2026-04-15 10:06:00,10:06:00,173.95,176.0,172.35,174.8,163345
2026-04-15 10:07:00,10:07:00,175.75,178.7,174.8,175.95,192595
2026-04-15 10:08:00,10:08:00,176.55,176.85,172.0,173.85,103090
2026-04-15 10:09:00,10:09:00,173.65,175.75,172.45,174.5,67340
2026-04-15 10:10:00,10:10:00,174.0,177.95,173.8,177.05,100295
2026-04-15 10:11:00,10:11:00,177.55,178.1,174.4,175.9,116285
2026-04-15 10:12:00,10:12:00,176.3,178.55,175.9,176.2,134550
2026-04-15 10:13:00,10:13:00,175.9,176.8,174.3,175.75,82030
2026-04-15 10:14:00,10:14:00,175.25,175.9,174.0,175.3,58240
2026-04-15 10:15:00,10:15:00,175.7,178.65,175.3,176.75,94445
2026-04-15 10:16:00,10:16:00,176.95,178.6,176.0,178.2,71565
2026-04-15 10:17:00,10:17:00,177.6,178.7,176.8,177.6,65065
2026-04-15 10:18:00,10:18:00,178.0,180.9,176.5,180.6,127075
2026-04-15 10:19:00,10:19:00,180.3,184.8,180.3,184.2,208065
2026-04-15 10:20:00,10:20:00,184.8,186.55,183.2,186.0,177840
2026-04-15 10:21:00,10:21:00,185.55,186.0,180.6,180.95,138775
2026-04-15 10:22:00,10:22:00,180.5,183.55,177.95,183.45,143910
2026-04-15 10:23:00,10:23:00,183.35,188.0,182.6,188.0,188955
2026-04-15 10:24:00,10:24:00,186.8,188.5,184.1,185.0,138580
2026-04-15 10:25:00,10:25:00,184.6,185.1,180.8,184.4,138645
2026-04-15 10:26:00,10:26:00,184.4,185.85,182.4,183.4,53820
2026-04-15 10:27:00,10:27:00,183.35,186.6,183.2,186.1,54665
2026-04-15 10:28:00,10:28:00,185.75,186.55,183.25,183.25,53950
2026-04-15 10:29:00,10:29:00,183.3,184.5,181.5,183.6,67210
2026-04-15 10:30:00,10:30:00,184.05,190.7,183.6,189.5,242060
2026-04-15 10:31:00,10:31:00,189.15,189.55,184.4,185.0,96655
2026-04-15 10:32:00,10:32:00,185.25,187.45,183.45,186.0,81250
2026-04-15 10:33:00,10:33:00,185.8,186.0,183.25,184.5,46800
2026-04-15 10:34:00,10:34:00,184.9,186.5,180.2,183.3,95355
2026-04-15 10:35:00,10:35:00,183.0,183.95,180.85,181.15,50960
2026-04-15 10:36:00,10:36:00,181.15,183.0,176.0,176.75,116805
2026-04-15 10:37:00,10:37:00,176.5,181.0,176.5,180.85,78520
2026-04-15 10:38:00,10:38:00,179.5,182.0,179.1,179.85,62465
2026-04-15 10:39:00,10:39:00,179.6,180.0,175.3,177.0,103285
2026-04-15 10:40:00,10:40:00,177.15,180.45,176.9,179.65,72800
2026-04-15 10:41:00,10:41:00,179.7,180.9,177.05,177.65,45370
2026-04-15 10:42:00,10:42:00,178.3,180.0,177.65,179.9,44980
2026-04-15 10:43:00,10:43:00,179.8,179.9,177.2,178.15,47320
2026-04-15 10:44:00,10:44:00,177.5,178.15,174.05,176.55,103090
2026-04-15 10:45:00,10:45:00,176.25,179.35,175.8,176.9,70915
2026-04-15 10:46:00,10:46:00,177.05,178.85,176.55,177.05,34970
2026-04-15 10:47:00,10:47:00,177.0,178.0,175.2,177.0,42575
2026-04-15 10:48:00,10:48:00,177.35,180.2,175.85,177.7,77220
2026-04-15 10:49:00,10:49:00,178.0,179.4,177.2,177.2,31980
2026-04-15 10:50:00,10:50:00,177.0,177.5,170.0,170.7,216580
2026-04-15 10:51:00,10:51:00,170.9,172.8,168.3,170.0,156325
2026-04-15 10:52:00,10:52:00,170.05,170.05,166.65,166.9,107835
2026-04-15 10:53:00,10:53:00,166.6,166.9,161.55,162.75,225940
2026-04-15 10:54:00,10:54:00,162.9,169.55,162.3,168.3,129805
2026-04-15 10:55:00,10:55:00,168.0,171.0,167.6,169.7,130585
2026-04-15 10:56:00,10:56:00,169.45,170.0,167.5,168.85,50635
2026-04-15 10:57:00,10:57:00,169.3,171.3,168.35,171.15,50115
2026-04-15 10:58:00,10:58:00,171.15,171.9,167.9,168.6,84890
2026-04-15 10:59:00,10:59:00,168.75,169.2,166.75,166.75,49270
2026-04-15 11:00:00,11:00:00,166.4,166.75,162.6,163.85,151190
2026-04-15 11:01:00,11:01:00,163.85,166.75,163.0,165.25,65715
2026-04-15 11:02:00,11:02:00,165.6,167.75,165.2,166.0,55120
2026-04-15 11:03:00,11:03:00,166.2,166.2,164.0,165.6,50830
2026-04-15 11:04:00,11:04:00,165.2,166.85,165.0,165.8,31330
2026-04-15 11:05:00,11:05:00,165.75,166.35,163.35,163.9,39325
2026-04-15 11:06:00,11:06:00,163.65,163.9,161.2,162.2,88205
2026-04-15 11:07:00,11:07:00,162.15,162.2,158.3,159.5,126620
2026-04-15 11:08:00,11:08:00,160.4,162.0,159.5,161.35,50375
2026-04-15 11:09:00,11:09:00,160.8,161.55,158.25,158.85,58630
2026-04-15 11:10:00,11:10:00,158.8,159.75,155.1,155.45,133705
2026-04-15 11:11:00,11:11:00,155.15,158.0,154.75,157.5,95095
2026-04-15 11:12:00,11:12:00,157.75,159.1,155.85,156.55,83655
2026-04-15 11:13:00,11:13:00,156.6,157.85,155.55,157.0,59995
2026-04-15 11:14:00,11:14:00,157.7,159.1,157.0,157.25,68575
2026-04-15 11:15:00,11:15:00,156.95,158.25,153.9,158.25,138255
2026-04-15 11:16:00,11:16:00,159.15,159.65,157.5,158.85,89830
2026-04-15 11:17:00,11:17:00,159.05,161.3,158.8,160.45,113295
2026-04-15 11:18:00,11:18:00,160.5,162.9,159.7,159.7,127725
2026-04-15 11:19:00,11:19:00,160.0,160.3,156.4,157.8,82745
2026-04-15 11:20:00,11:20:00,157.7,161.55,157.7,160.85,56940
2026-04-15 11:21:00,11:21:00,161.3,162.0,160.2,161.55,52000
2026-04-15 11:22:00,11:22:00,161.9,163.7,161.55,162.3,99580
2026-04-15 11:23:00,11:23:00,161.75,163.4,160.4,160.4,51610
2026-04-15 11:24:00,11:24:00,160.35,163.15,160.05,163.0,38935
2026-04-15 11:25:00,11:25:00,162.3,163.0,160.3,160.5,40040
2026-04-15 11:26:00,11:26:00,160.6,161.7,157.9,157.9,60320
2026-04-15 11:27:00,11:27:00,157.75,161.95,157.75,161.95,61685
2026-04-15 11:28:00,11:28:00,162.25,162.25,158.8,160.65,34385
2026-04-15 11:29:00,11:29:00,160.8,162.0,159.75,160.5,36400
2026-04-15 11:30:00,11:30:00,160.85,162.7,160.0,161.15,47125
2026-04-15 11:31:00,11:31:00,161.25,161.85,160.05,161.0,26455
2026-04-15 11:32:00,11:32:00,161.2,161.25,159.25,160.15,31265
2026-04-15 11:33:00,11:33:00,160.15,160.7,159.25,159.25,20930
2026-04-15 11:34:00,11:34:00,159.35,160.8,159.0,159.5,23985
2026-04-15 11:35:00,11:35:00,159.75,162.6,159.35,162.45,57070
2026-04-15 11:36:00,11:36:00,162.15,162.9,160.95,162.65,45760
2026-04-15 11:37:00,11:37:00,162.35,163.6,162.3,162.55,78715
2026-04-15 11:38:00,11:38:00,162.45,163.2,162.45,162.6,38480
2026-04-15 11:39:00,11:39:00,162.3,163.2,161.75,162.85,30420
2026-04-15 11:40:00,11:40:00,162.85,163.85,160.9,162.65,52650
2026-04-15 11:41:00,11:41:00,162.9,165.6,162.65,164.9,95550
2026-04-15 11:42:00,11:42:00,164.75,166.0,163.95,166.0,60255
2026-04-15 11:43:00,11:43:00,166.2,167.2,165.7,167.0,101790
2026-04-15 11:44:00,11:44:00,166.8,168.0,165.3,168.0,76635
2026-04-15 11:45:00,11:45:00,167.8,168.5,164.6,166.1,96590
2026-04-15 11:46:00,11:46:00,166.0,166.65,165.1,165.75,33605
2026-04-15 11:47:00,11:47:00,165.65,167.25,164.6,167.25,61165
2026-04-15 11:48:00,11:48:00,167.15,171.05,167.0,170.7,127140
2026-04-15 11:49:00,11:49:00,171.35,172.4,170.15,171.75,122590
2026-04-15 11:50:00,11:50:00,171.8,172.2,170.1,170.9,99320
2026-04-15 11:51:00,11:51:00,170.65,173.35,170.6,172.0,103610
2026-04-15 11:52:00,11:52:00,171.9,172.1,170.0,170.75,65650
2026-04-15 11:53:00,11:53:00,170.0,170.75,168.3,169.25,74815
2026-04-15 11:54:00,11:54:00,169.35,172.0,168.95,171.3,66235
2026-04-15 11:55:00,11:55:00,170.8,171.45,169.2,170.85,49075
2026-04-15 11:56:00,11:56:00,170.5,171.85,169.6,170.4,46995
2026-04-15 11:57:00,11:57:00,170.05,171.0,168.1,168.1,43225
2026-04-15 11:58:00,11:58:00,168.25,169.65,167.3,167.9,42575
2026-04-15 11:59:00,11:59:00,168.0,169.35,167.15,168.9,25935
2026-04-15 12:00:00,12:00:00,169.4,172.2,168.8,171.7,82745
2026-04-15 12:01:00,12:01:00,172.1,172.15,169.2,169.95,55120
2026-04-15 12:02:00,12:02:00,170.05,171.0,168.7,170.3,33345
2026-04-15 12:03:00,12:03:00,170.45,171.5,169.4,170.55,33215
2026-04-15 12:04:00,12:04:00,170.65,173.2,170.2,172.35,82225
2026-04-15 12:05:00,12:05:00,172.55,172.55,170.2,170.6,56355
2026-04-15 12:06:00,12:06:00,170.0,172.5,169.75,171.6,43485
2026-04-15 12:07:00,12:07:00,171.7,171.9,171.1,171.7,22815
2026-04-15 12:08:00,12:08:00,171.15,172.1,170.65,172.0,32240
2026-04-15 12:09:00,12:09:00,171.8,172.75,171.3,171.6,29640
2026-04-15 12:10:00,12:10:00,172.05,173.45,171.6,172.95,56810
2026-04-15 12:11:00,12:11:00,173.1,173.45,172.3,172.4,36530
2026-04-15 12:12:00,12:12:00,172.5,173.4,171.65,172.85,50310
2026-04-15 12:13:00,12:13:00,172.9,173.0,170.45,171.15,39975
2026-04-15 12:14:00,12:14:00,170.9,172.5,170.5,171.55,20345
2026-04-15 12:15:00,12:15:00,171.6,172.5,171.05,172.5,33540
2026-04-15 12:16:00,12:16:00,172.45,173.4,172.15,172.85,29705
2026-04-15 12:17:00,12:17:00,172.85,173.1,167.25,168.35,113685
2026-04-15 12:18:00,12:18:00,167.75,168.55,166.0,168.55,75985
2026-04-15 12:19:00,12:19:00,168.9,169.65,166.75,168.25,43485
2026-04-15 12:20:00,12:20:00,167.45,169.25,166.55,166.8,30680
2026-04-15 12:21:00,12:21:00,166.6,167.0,159.35,162.2,168740
2026-04-15 12:22:00,12:22:00,162.5,162.5,158.85,161.45,82745
2026-04-15 12:23:00,12:23:00,161.8,164.0,161.45,163.9,81055
2026-04-15 12:24:00,12:24:00,163.75,167.5,163.45,165.7,87880
2026-04-15 12:25:00,12:25:00,165.75,167.3,164.6,165.8,70330
2026-04-15 12:26:00,12:26:00,165.35,167.0,164.75,166.8,50115
2026-04-15 12:27:00,12:27:00,166.8,170.15,166.8,168.05,110045
2026-04-15 12:28:00,12:28:00,167.8,168.05,164.2,166.45,57135
2026-04-15 12:29:00,12:29:00,166.4,166.5,163.2,163.9,50440
2026-04-15 12:30:00,12:30:00,164.15,165.0,161.9,162.6,51025
2026-04-15 12:31:00,12:31:00,163.1,164.75,160.65,162.0,54535
2026-04-15 12:32:00,12:32:00,162.2,163.55,160.8,162.35,33475
2026-04-15 12:33:00,12:33:00,162.05,163.3,161.4,161.55,19890
2026-04-15 12:34:00,12:34:00,161.35,164.45,161.0,164.1,34905
2026-04-15 12:35:00,12:35:00,163.7,166.15,162.95,165.85,50375
2026-04-15 12:36:00,12:36:00,165.75,168.0,165.65,167.95,60580
2026-04-15 12:37:00,12:37:00,167.7,168.0,166.65,167.5,42770
2026-04-15 12:38:00,12:38:00,167.8,170.5,167.05,170.25,62335
2026-04-15 12:39:00,12:39:00,170.1,170.6,167.9,168.55,74555
2026-04-15 12:40:00,12:40:00,168.35,169.0,166.8,168.4,33735
2026-04-15 12:41:00,12:41:00,168.2,169.8,166.85,167.55,36140
2026-04-15 12:42:00,12:42:00,168.1,168.5,164.6,165.6,44915
2026-04-15 12:43:00,12:43:00,165.0,167.8,164.5,167.7,37830
2026-04-15 12:44:00,12:44:00,167.8,168.1,165.95,166.0,33475
2026-04-15 12:45:00,12:45:00,166.65,168.7,165.85,168.45,43485
2026-04-15 12:46:00,12:46:00,168.35,168.45,164.55,166.05,43030
2026-04-15 12:47:00,12:47:00,165.75,166.05,160.9,161.75,69225
2026-04-15 12:48:00,12:48:00,161.5,161.8,159.05,159.3,78130
2026-04-15 12:49:00,12:49:00,159.65,161.2,159.3,160.8,53690
2026-04-15 12:50:00,12:50:00,161.3,161.9,160.8,161.3,54535
2026-04-15 12:51:00,12:51:00,161.7,166.65,161.3,165.4,74685
2026-04-15 12:52:00,12:52:00,165.65,165.65,160.5,160.8,43290
2026-04-15 12:53:00,12:53:00,161.0,161.15,155.95,157.65,133575
2026-04-15 12:54:00,12:54:00,157.3,158.8,156.55,158.8,80145
2026-04-15 12:55:00,12:55:00,158.45,159.5,157.85,158.5,49920
2026-04-15 12:56:00,12:56:00,158.5,160.75,157.65,160.75,30290
2026-04-15 12:57:00,12:57:00,160.5,161.0,159.05,159.6,36790
2026-04-15 12:58:00,12:58:00,158.2,159.6,156.85,157.75,50375
2026-04-15 12:59:00,12:59:00,157.1,158.3,156.05,156.05,29835
2026-04-15 13:00:00,13:00:00,156.0,156.55,154.7,154.75,95030
2026-04-15 13:01:00,13:01:00,154.0,158.9,154.0,158.2,64480
2026-04-15 13:02:00,13:02:00,158.5,160.0,157.85,159.75,71500
2026-04-15 13:03:00,13:03:00,159.75,160.75,158.55,159.25,60905
2026-04-15 13:04:00,13:04:00,159.45,159.45,157.2,157.95,23010
2026-04-15 13:05:00,13:05:00,158.0,158.85,157.25,157.75,25610
2026-04-15 13:06:00,13:06:00,157.1,158.8,157.0,157.7,22750
2026-04-15 13:07:00,13:07:00,158.0,158.9,156.1,156.45,34385
2026-04-15 13:08:00,13:08:00,156.0,157.95,155.4,157.95,25805
2026-04-15 13:09:00,13:09:00,158.15,160.3,157.95,160.2,58045
2026-04-15 13:10:00,13:10:00,160.4,160.95,159.9,160.9,51220
2026-04-15 13:11:00,13:11:00,161.0,161.4,159.8,161.4,57720
2026-04-15 13:12:00,13:12:00,161.65,165.0,160.8,163.7,87490
2026-04-15 13:13:00,13:13:00,163.3,164.3,161.25,163.5,58695
2026-04-15 13:14:00,13:14:00,163.75,164.25,162.3,163.95,34320
2026-04-15 13:15:00,13:15:00,163.2,163.95,160.2,161.75,46345
2026-04-15 13:16:00,13:16:00,161.65,163.85,160.2,162.75,46735
2026-04-15 13:17:00,13:17:00,162.65,163.7,162.0,163.2,33540
2026-04-15 13:18:00,13:18:00,163.5,164.4,162.95,163.8,33995
2026-04-15 13:19:00,13:19:00,163.65,166.2,163.1,166.0,104975
2026-04-15 13:20:00,13:20:00,165.7,167.55,165.7,166.55,91000
2026-04-15 13:21:00,13:21:00,166.85,166.85,163.6,163.6,81575
2026-04-15 13:22:00,13:22:00,163.6,164.1,159.65,161.6,108875
2026-04-15 13:23:00,13:23:00,161.5,162.5,157.1,157.3,84760
2026-04-15 13:24:00,13:24:00,157.4,157.4,145.75,150.55,402480
2026-04-15 13:25:00,13:25:00,150.1,153.0,150.0,152.0,105495
2026-04-15 13:26:00,13:26:00,152.0,152.85,149.75,152.25,60255
2026-04-15 13:27:00,13:27:00,152.5,154.5,151.8,152.4,72085
2026-04-15 13:28:00,13:28:00,153.05,153.75,150.65,150.95,70850
2026-04-15 13:29:00,13:29:00,151.2,152.7,150.7,151.95,39000
2026-04-15 13:30:00,13:30:00,151.8,151.95,149.75,150.95,73255
2026-04-15 13:31:00,13:31:00,150.95,154.0,150.9,153.5,82420
2026-04-15 13:32:00,13:32:00,153.6,158.6,153.1,158.55,147355
2026-04-15 13:33:00,13:33:00,158.35,161.05,158.35,160.45,128960
2026-04-15 13:34:00,13:34:00,160.3,161.35,156.75,156.75,70525
2026-04-15 13:35:00,13:35:00,156.2,161.45,155.6,161.45,83980
2026-04-15 13:36:00,13:36:00,161.25,161.6,159.6,160.05,98410
2026-04-15 13:37:00,13:37:00,159.9,160.2,157.6,158.4,40170
2026-04-15 13:38:00,13:38:00,157.6,158.4,155.9,156.0,43615
2026-04-15 13:39:00,13:39:00,155.8,156.0,148.25,150.45,171015
2026-04-15 13:40:00,13:40:00,150.4,153.3,149.45,152.85,64220
2026-04-15 13:41:00,13:41:00,152.85,154.95,152.75,154.6,51350
2026-04-15 13:42:00,13:42:00,154.55,157.05,154.55,156.2,60645
2026-04-15 13:43:00,13:43:00,156.25,157.15,155.25,156.7,32955
2026-04-15 13:44:00,13:44:00,156.4,158.15,156.25,157.45,42705
2026-04-15 13:45:00,13:45:00,157.3,159.4,156.25,158.4,77675
2026-04-15 13:46:00,13:46:00,158.75,159.5,156.4,156.4,53755
2026-04-15 13:47:00,13:47:00,156.65,157.7,155.4,156.05,47060
2026-04-15 13:48:00,13:48:00,156.3,157.2,154.85,155.75,28795
2026-04-15 13:49:00,13:49:00,155.65,157.45,153.8,157.0,40300
2026-04-15 13:50:00,13:50:00,157.5,158.0,156.3,157.35,23660
2026-04-15 13:51:00,13:51:00,157.75,158.3,156.45,157.25,28795
2026-04-15 13:52:00,13:52:00,157.05,157.25,154.05,155.8,45630
2026-04-15 13:53:00,13:53:00,155.4,156.0,153.65,156.0,28535
2026-04-15 13:54:00,13:54:00,156.0,157.05,154.45,155.0,21645
2026-04-15 13:55:00,13:55:00,155.05,157.9,155.0,157.6,29185
2026-04-15 13:56:00,13:56:00,157.7,160.8,157.6,160.35,80990
2026-04-15 13:57:00,13:57:00,160.35,160.75,159.35,159.8,48360
2026-04-15 13:58:00,13:58:00,159.35,161.7,159.0,160.1,65650
2026-04-15 13:59:00,13:59:00,159.95,162.6,159.0,162.05,67535
2026-04-15 14:00:00,14:00:00,162.15,163.5,161.4,162.25,73905
2026-04-15 14:01:00,14:01:00,162.25,163.45,161.55,162.65,61620
2026-04-15 14:02:00,14:02:00,163.15,164.0,162.65,162.85,41145
2026-04-15 14:03:00,14:03:00,161.9,165.75,161.9,165.2,86840
2026-04-15 14:04:00,14:04:00,165.8,166.3,162.15,164.6,79690
2026-04-15 14:05:00,14:05:00,164.75,165.2,163.3,163.3,45695
2026-04-15 14:06:00,14:06:00,163.5,165.5,163.05,164.45,34385
2026-04-15 14:07:00,14:07:00,164.4,165.8,164.1,164.3,58500
2026-04-15 14:08:00,14:08:00,164.4,164.75,162.1,163.0,47255
2026-04-15 14:09:00,14:09:00,163.2,163.75,161.95,162.5,41990
2026-04-15 14:10:00,14:10:00,162.75,162.75,159.75,160.55,77870
2026-04-15 14:11:00,14:11:00,160.65,162.4,158.05,161.8,60255
2026-04-15 14:12:00,14:12:00,162.25,167.1,161.8,167.0,155025
2026-04-15 14:13:00,14:13:00,166.2,167.0,163.0,163.8,78000
2026-04-15 14:14:00,14:14:00,163.0,163.8,160.7,162.4,56290
2026-04-15 14:15:00,14:15:00,161.4,162.4,159.2,160.0,51090
2026-04-15 14:16:00,14:16:00,159.6,161.9,159.25,161.5,20995
2026-04-15 14:17:00,14:17:00,161.7,163.95,161.15,162.3,37180
2026-04-15 14:18:00,14:18:00,162.15,162.75,159.25,160.5,33475
2026-04-15 14:19:00,14:19:00,160.05,162.7,160.0,162.45,15080
2026-04-15 14:20:00,14:20:00,162.5,163.8,161.3,162.75,44850
2026-04-15 14:21:00,14:21:00,162.85,166.0,162.75,165.0,58110
2026-04-15 14:22:00,14:22:00,165.0,166.3,163.35,163.65,75985
2026-04-15 14:23:00,14:23:00,164.1,164.1,160.85,161.9,72800
2026-04-15 14:24:00,14:24:00,162.1,163.25,160.75,161.25,35620
2026-04-15 14:25:00,14:25:00,161.05,163.95,160.75,163.7,43875
2026-04-15 14:26:00,14:26:00,163.35,164.7,162.95,163.95,39845
2026-04-15 14:27:00,14:27:00,163.9,165.5,163.3,163.5,48555
2026-04-15 14:28:00,14:28:00,163.25,163.6,162.0,163.6,25025
2026-04-15 14:29:00,14:29:00,163.35,164.6,162.55,164.2,27300
2026-04-15 14:30:00,14:30:00,164.3,166.8,164.2,165.55,102440
2026-04-15 14:31:00,14:31:00,164.6,166.5,164.25,165.5,58175
2026-04-15 14:32:00,14:32:00,165.6,166.0,159.55,162.05,100555
2026-04-15 14:33:00,14:33:00,162.7,163.4,161.3,161.9,33280
2026-04-15 14:34:00,14:34:00,161.85,163.6,161.85,163.2,34515
2026-04-15 14:35:00,14:35:00,162.85,163.2,160.0,162.15,36270
2026-04-15 14:36:00,14:36:00,162.4,162.5,160.0,160.85,30290
2026-04-15 14:37:00,14:37:00,160.55,160.9,156.6,158.15,122980
2026-04-15 14:38:00,14:38:00,158.65,158.7,155.0,155.0,83720
2026-04-15 14:39:00,14:39:00,154.6,158.0,154.6,158.0,68055
2026-04-15 14:40:00,14:40:00,158.3,159.3,157.15,158.6,48945
2026-04-15 14:41:00,14:41:00,158.6,159.6,157.3,158.95,48035
2026-04-15 14:42:00,14:42:00,159.1,161.65,158.05,161.3,54665
2026-04-15 14:43:00,14:43:00,161.8,163.1,160.9,162.1,65520
2026-04-15 14:44:00,14:44:00,162.0,163.45,160.85,163.45,95810
2026-04-15 14:45:00,14:45:00,163.85,166.4,163.45,163.8,136370
2026-04-15 14:46:00,14:46:00,163.6,164.2,162.8,163.75,33215
2026-04-15 14:47:00,14:47:00,163.8,166.35,162.8,165.7,56095
2026-04-15 14:48:00,14:48:00,166.0,166.2,164.05,165.25,31720
2026-04-15 14:49:00,14:49:00,165.0,168.0,164.8,168.0,78065
2026-04-15 14:50:00,14:50:00,168.0,168.05,165.1,166.7,84175
2026-04-15 14:51:00,14:51:00,166.75,174.8,166.7,174.75,278395
2026-04-15 14:52:00,14:52:00,174.5,176.7,173.05,175.7,232570
2026-04-15 14:53:00,14:53:00,174.65,175.7,171.15,171.2,192140
2026-04-15 14:54:00,14:54:00,170.55,173.4,169.65,172.15,136370
2026-04-15 14:55:00,14:55:00,172.6,172.8,170.6,172.25,53755
2026-04-15 14:56:00,14:56:00,172.2,172.75,169.3,172.3,118170
2026-04-15 14:57:00,14:57:00,172.4,173.75,171.6,172.85,97825
2026-04-15 14:58:00,14:58:00,173.0,173.65,171.85,172.95,54665
2026-04-15 14:59:00,14:59:00,174.0,174.9,172.2,172.35,120770
2026-04-15 15:00:00,15:00:00,174.7,174.7,160.2,163.0,313885
2026-04-15 15:01:00,15:01:00,164.0,164.0,160.05,162.75,121160
2026-04-15 15:02:00,15:02:00,163.2,164.35,160.7,162.7,101140
2026-04-15 15:03:00,15:03:00,163.35,164.95,162.7,164.3,53690
2026-04-15 15:04:00,15:04:00,163.9,165.35,163.2,165.35,45435
2026-04-15 15:05:00,15:05:00,166.0,166.0,162.25,162.25,65585
2026-04-15 15:06:00,15:06:00,163.25,163.4,161.55,162.0,62335
2026-04-15 15:07:00,15:07:00,161.95,162.0,155.15,157.2,182260
2026-04-15 15:08:00,15:08:00,158.0,159.35,154.55,157.2,95485
2026-04-15 15:09:00,15:09:00,158.1,160.2,157.2,158.9,80730
2026-04-15 15:10:00,15:10:00,159.25,161.1,158.4,160.1,58630
2026-04-15 15:11:00,15:11:00,159.2,160.1,158.05,158.9,37180
2026-04-15 15:12:00,15:12:00,158.5,159.9,156.95,158.8,53885
2026-04-15 15:13:00,15:13:00,158.35,159.3,158.15,158.8,38285
2026-04-15 15:14:00,15:14:00,158.85,160.5,158.7,159.0,156325
2026-04-15 15:15:00,15:15:00,158.8,160.35,157.1,160.1,219375
2026-04-15 15:16:00,15:16:00,159.8,160.1,158.85,160.0,55705
2026-04-15 15:17:00,15:17:00,159.75,160.7,159.2,160.4,71240
2026-04-15 15:18:00,15:18:00,160.3,160.8,159.75,160.1,55705
2026-04-15 15:19:00,15:19:00,160.4,160.5,157.9,158.45,93730
2026-04-15 15:20:00,15:20:00,158.5,160.25,158.4,159.75,93535
2026-04-15 15:21:00,15:21:00,159.9,160.4,159.55,160.2,62660
2026-04-15 15:22:00,15:22:00,160.0,160.25,158.15,160.0,86840
2026-04-15 15:23:00,15:23:00,159.95,160.15,158.6,159.75,63375
2026-04-15 15:24:00,15:24:00,159.75,160.0,158.8,159.95,52975
2026-04-15 15:25:00,15:25:00,160.0,161.4,159.85,160.7,122980
2026-04-15 15:26:00,15:26:00,160.35,160.7,158.1,158.65,51740
2026-04-15 15:27:00,15:27:00,158.3,158.65,156.55,156.75,65000
2026-04-15 15:28:00,15:28:00,156.8,157.05,153.85,155.45,115960
2026-04-15 15:29:00,15:29:00,155.05,155.45,152.55,153.0,149630
2026-04-16 09:15:00,09:15:00,220.0,235.35,203.3,216.05,1392300
2026-04-16 09:16:00,09:16:00,216.55,223.05,210.4,216.0,956995
2026-04-16 09:17:00,09:17:00,190.1,196.65,188.1,195.8,775970
2026-04-16 09:18:00,09:18:00,221.6,224.0,216.1,221.2,586625
2026-04-16 09:19:00,09:19:00,195.15,202.6,193.5,202.45,1085305
2026-04-16 09:20:00,09:20:00,203.1,207.3,202.4,204.3,829660
2026-04-16 09:21:00,09:21:00,205.8,205.8,201.85,203.45,412490
2026-04-16 09:22:00,09:22:00,203.35,206.95,200.55,206.2,439660
2026-04-16 09:23:00,09:23:00,204.9,206.2,198.95,199.7,486720
2026-04-16 09:24:00,09:24:00,198.85,201.4,192.9,200.45,546585
2026-04-16 09:25:00,09:25:00,200.75,209.0,200.45,206.1,985335
2026-04-16 09:26:00,09:26:00,205.0,207.0,201.1,203.95,446615
2026-04-16 09:27:00,09:27:00,203.4,208.2,200.95,201.05,400400
2026-04-16 09:28:00,09:28:00,200.3,206.05,198.25,206.05,381810
2026-04-16 09:29:00,09:29:00,205.65,207.15,203.05,203.35,249470
2026-04-16 09:30:00,09:30:00,203.7,206.8,201.95,202.95,208780
2026-04-16 09:31:00,09:31:00,202.55,203.35,197.5,198.05,322270
2026-04-16 09:32:00,09:32:00,226.3,226.6,218.65,218.65,426985
2026-04-16 09:33:00,09:33:00,218.2,220.3,216.5,219.1,363610
2026-04-16 09:34:00,09:34:00,218.55,219.1,213.5,217.0,335855
2026-04-16 09:35:00,09:35:00,217.6,218.0,211.55,213.8,274950
2026-04-16 09:36:00,09:36:00,214.35,218.7,213.4,215.45,330330
2026-04-16 09:37:00,09:37:00,214.4,215.45,206.0,206.7,535730
2026-04-16 09:38:00,09:38:00,235.85,236.0,220.8,222.7,260065
2026-04-16 09:39:00,09:39:00,194.4,204.5,193.05,202.85,1089595
2026-04-16 09:40:00,09:40:00,231.85,232.95,222.0,222.45,173030
2026-04-16 09:41:00,09:41:00,222.85,224.35,219.3,221.1,132210
2026-04-16 09:42:00,09:42:00,221.05,225.7,219.1,221.9,155805
2026-04-16 09:43:00,09:43:00,222.95,223.35,218.75,221.55,70915
2026-04-16 09:44:00,09:44:00,221.7,222.4,217.9,217.9,76115
2026-04-16 09:45:00,09:45:00,218.45,220.4,215.3,220.4,163475
2026-04-16 09:46:00,09:46:00,193.05,201.4,192.9,200.85,1320865
2026-04-16 09:47:00,09:47:00,229.05,231.0,225.5,226.85,129935
2026-04-16 09:48:00,09:48:00,197.9,201.85,197.65,200.35,474370
2026-04-16 09:49:00,09:49:00,198.9,201.25,197.7,201.2,274820
2026-04-16 09:50:00,09:50:00,200.45,204.55,200.0,202.95,575705
2026-04-16 09:51:00,09:51:00,203.1,203.1,196.6,202.1,546715
2026-04-16 09:52:00,09:52:00,201.2,205.0,200.55,200.7,533910
2026-04-16 09:53:00,09:53:00,228.55,229.05,219.6,220.35,122785
2026-04-16 09:54:00,09:54:00,220.2,224.55,217.15,222.25,109135
2026-04-16 09:55:00,09:55:00,222.5,222.6,218.45,219.15,69290
2026-04-16 09:56:00,09:56:00,219.35,220.45,213.3,214.75,177710
2026-04-16 09:57:00,09:57:00,214.25,214.75,207.45,208.45,215670
2026-04-16 09:58:00,09:58:00,208.45,210.95,206.1,209.1,202345
2026-04-16 09:59:00,09:59:00,237.5,238.2,232.0,232.95,172835
2026-04-16 10:00:00,10:00:00,232.5,235.3,231.3,232.9,199485
2026-04-16 10:01:00,10:01:00,205.0,211.65,204.2,211.65,249340
2026-04-16 10:02:00,10:02:00,211.9,214.0,211.1,211.8,320060
2026-04-16 10:03:00,10:03:00,211.4,212.85,208.55,211.75,165555
2026-04-16 10:04:00,10:04:00,211.7,218.1,210.9,217.65,234065
2026-04-16 10:05:00,10:05:00,217.1,217.65,214.8,217.25,186940
2026-04-16 10:06:00,10:06:00,216.7,217.25,210.5,211.1,139490
2026-04-16 10:07:00,10:07:00,211.25,217.9,210.5,217.65,159770
2026-04-16 10:08:00,10:08:00,217.5,220.75,216.65,220.45,219375
2026-04-16 10:09:00,10:09:00,220.5,221.75,218.05,220.35,163735
2026-04-16 10:10:00,10:10:00,220.9,225.6,220.25,223.75,212160
2026-04-16 10:11:00,10:11:00,225.05,225.05,221.5,223.25,98735
2026-04-16 10:12:00,10:12:00,223.8,223.8,216.6,218.25,181025
2026-04-16 10:13:00,10:13:00,218.3,223.65,218.1,221.1,102505
2026-04-16 10:14:00,10:14:00,221.05,222.25,219.7,221.15,53690
2026-04-16 10:15:00,10:15:00,220.0,221.4,213.9,216.35,136305
2026-04-16 10:16:00,10:16:00,215.7,220.1,213.75,220.1,123825
2026-04-16 10:17:00,10:17:00,220.1,221.6,216.55,218.2,98930
2026-04-16 10:18:00,10:18:00,219.35,224.6,218.2,224.0,135850
2026-04-16 10:19:00,10:19:00,224.55,225.8,217.55,219.1,174720
2026-04-16 10:20:00,10:20:00,219.0,219.8,216.6,219.8,84110
2026-04-16 10:21:00,10:21:00,219.5,219.95,213.1,214.0,84565
2026-04-16 10:22:00,10:22:00,214.1,217.85,213.9,217.5,39065
2026-04-16 10:23:00,10:23:00,217.45,219.0,215.95,218.3,48035
2026-04-16 10:24:00,10:24:00,218.15,219.35,215.05,215.75,44135
2026-04-16 10:25:00,10:25:00,215.0,220.0,214.3,220.0,64805
2026-04-16 10:26:00,10:26:00,219.75,221.65,219.25,219.85,68055
2026-04-16 10:27:00,10:27:00,219.95,222.9,212.5,212.5,105950
2026-04-16 10:28:00,10:28:00,212.5,214.6,209.65,213.95,184405
2026-04-16 10:29:00,10:29:00,214.0,217.95,212.0,214.1,83915
2026-04-16 10:30:00,10:30:00,214.5,220.0,214.1,217.4,76830
2026-04-16 10:31:00,10:31:00,217.0,222.0,216.35,220.85,92885
2026-04-16 10:32:00,10:32:00,221.5,221.95,216.05,216.7,97760
2026-04-16 10:33:00,10:33:00,215.65,219.8,215.65,219.05,68510
2026-04-16 10:34:00,10:34:00,219.0,220.85,217.2,220.4,54535
2026-04-16 10:35:00,10:35:00,220.7,222.65,219.15,220.4,130520
2026-04-16 10:36:00,10:36:00,221.3,224.7,220.1,222.25,141895
2026-04-16 10:37:00,10:37:00,222.6,224.0,219.55,223.2,96655
2026-04-16 10:38:00,10:38:00,223.4,223.4,217.2,217.5,59280
2026-04-16 10:39:00,10:39:00,216.6,217.5,210.0,212.7,165815
2026-04-16 10:40:00,10:40:00,212.45,213.35,211.0,212.4,56160
2026-04-16 10:41:00,10:41:00,212.0,217.6,212.0,216.35,64870
2026-04-16 10:42:00,10:42:00,216.4,219.95,215.65,218.7,93990
2026-04-16 10:43:00,10:43:00,219.0,219.65,217.15,219.55,29510
2026-04-16 10:44:00,10:44:00,219.2,219.65,217.0,217.3,23140
2026-04-16 10:45:00,10:45:00,217.15,221.65,217.0,219.3,89245
2026-04-16 10:46:00,10:46:00,219.4,222.65,218.25,221.9,71370
2026-04-16 10:47:00,10:47:00,221.85,222.05,219.5,221.45,84305
2026-04-16 10:48:00,10:48:00,221.65,223.65,220.1,220.45,106925
2026-04-16 10:49:00,10:49:00,220.45,221.5,218.8,221.0,47320
2026-04-16 10:50:00,10:50:00,221.3,221.55,218.9,220.45,32955
2026-04-16 10:51:00,10:51:00,221.0,221.9,218.25,218.45,34125
2026-04-16 10:52:00,10:52:00,219.0,219.75,216.15,217.35,44200
2026-04-16 10:53:00,10:53:00,217.45,221.3,217.35,219.5,23465
2026-04-16 10:54:00,10:54:00,219.2,219.5,217.1,218.65,24180
2026-04-16 10:55:00,10:55:00,218.3,218.65,214.65,216.35,64675
2026-04-16 10:56:00,10:56:00,216.9,216.9,212.55,214.1,59215
2026-04-16 10:57:00,10:57:00,213.9,217.4,213.7,217.1,65845
2026-04-16 10:58:00,10:58:00,216.5,217.1,213.45,214.85,40625
2026-04-16 10:59:00,10:59:00,214.75,215.7,213.45,214.9,39910
2026-04-16 11:00:00,11:00:00,215.1,218.2,214.65,217.95,36400
2026-04-16 11:01:00,11:01:00,218.5,221.95,217.95,218.3,82810
2026-04-16 11:02:00,11:02:00,218.2,221.35,216.5,219.75,38285
2026-04-16 11:03:00,11:03:00,220.1,222.95,219.35,221.45,64090
2026-04-16 11:04:00,11:04:00,221.4,222.8,220.15,221.25,83135
2026-04-16 11:05:00,11:05:00,193.45,195.45,191.9,193.75,379600
2026-04-16 11:06:00,11:06:00,220.55,223.05,220.55,222.0,43420
2026-04-16 11:07:00,11:07:00,222.05,222.55,218.55,219.75,74100
2026-04-16 11:08:00,11:08:00,191.0,194.95,188.45,194.6,427115
2026-04-16 11:09:00,11:09:00,222.0,224.05,220.55,221.05,83590
2026-04-16 11:10:00,11:10:00,220.2,221.1,217.1,217.7,48880
2026-04-16 11:11:00,11:11:00,217.7,219.05,216.0,216.0,55770
2026-04-16 11:12:00,11:12:00,216.15,217.2,212.5,212.5,86320
2026-04-16 11:13:00,11:13:00,213.0,216.6,212.5,214.5,107640
2026-04-16 11:14:00,11:14:00,214.05,215.95,214.05,215.95,30030
2026-04-16 11:15:00,11:15:00,215.8,217.45,210.95,210.95,124670
2026-04-16 11:16:00,11:16:00,210.3,212.6,210.1,210.6,105300
2026-04-16 11:17:00,11:17:00,210.0,211.2,207.1,208.75,148980
2026-04-16 11:18:00,11:18:00,207.35,213.45,207.35,213.35,93275
2026-04-16 11:19:00,11:19:00,212.45,215.8,211.35,215.8,91065
2026-04-16 11:20:00,11:20:00,215.85,219.9,214.5,217.45,113490
2026-04-16 11:21:00,11:21:00,216.9,219.0,215.3,217.4,57135
2026-04-16 11:22:00,11:22:00,217.3,217.4,211.25,212.85,67145
2026-04-16 11:23:00,11:23:00,213.1,213.1,208.7,210.0,105625
2026-04-16 11:24:00,11:24:00,210.05,210.95,209.0,210.3,62985
2026-04-16 11:25:00,11:25:00,210.2,211.0,206.45,206.45,122265
2026-04-16 11:26:00,11:26:00,206.3,206.9,202.3,202.75,264030
2026-04-16 11:27:00,11:27:00,202.3,205.5,201.0,203.05,161525
2026-04-16 11:28:00,11:28:00,203.0,205.95,199.9,205.05,164255
2026-04-16 11:29:00,11:29:00,205.85,206.65,204.5,206.25,87880
2026-04-16 11:30:00,11:30:00,206.0,207.0,204.4,205.55,79430
2026-04-16 11:31:00,11:31:00,205.05,207.25,202.75,202.75,69485
2026-04-16 11:32:00,11:32:00,203.1,206.0,201.7,205.6,57200
2026-04-16 11:33:00,11:33:00,205.6,205.6,202.65,204.05,39195
2026-04-16 11:34:00,11:34:00,204.1,206.15,202.6,205.3,37570
2026-04-16 11:35:00,11:35:00,204.0,205.9,203.0,205.3,41015
2026-04-16 11:36:00,11:36:00,205.3,206.2,203.5,205.0,38285
2026-04-16 11:37:00,11:37:00,204.9,205.3,199.5,199.5,111605
2026-04-16 11:38:00,11:38:00,199.5,200.45,195.25,196.55,204360
2026-04-16 11:39:00,11:39:00,196.35,196.55,190.95,194.55,301340
2026-04-16 11:40:00,11:40:00,221.65,223.05,218.45,218.7,152815
2026-04-16 11:41:00,11:41:00,219.75,220.8,218.3,219.7,147420
2026-04-16 11:42:00,11:42:00,220.3,220.3,216.05,216.55,145925
2026-04-16 11:43:00,11:43:00,217.4,220.15,216.55,217.65,135980
2026-04-16 11:44:00,11:44:00,217.75,218.7,212.35,212.65,260390
2026-04-16 11:45:00,11:45:00,212.25,212.8,208.55,209.3,297830
2026-04-16 11:46:00,11:46:00,209.4,209.45,202.0,202.4,448695
2026-04-16 11:47:00,11:47:00,230.25,231.8,226.0,226.0,93080
2026-04-16 11:48:00,11:48:00,198.4,201.5,196.1,201.5,478010
2026-04-16 11:49:00,11:49:00,201.75,208.0,201.5,206.4,775060
2026-04-16 11:50:00,11:50:00,204.8,206.4,199.2,200.1,378105
2026-04-16 11:51:00,11:51:00,227.3,228.0,224.2,224.85,73125
2026-04-16 11:52:00,11:52:00,197.95,201.5,197.35,200.35,249015
2026-04-16 11:53:00,11:53:00,200.5,202.8,199.0,202.0,211250
2026-04-16 11:54:00,11:54:00,201.65,204.6,201.65,203.0,230165
2026-04-16 11:55:00,11:55:00,202.75,203.1,200.8,200.8,175175
2026-04-16 11:56:00,11:56:00,229.05,229.2,224.8,225.0,37310
2026-04-16 11:57:00,11:57:00,224.55,225.0,215.35,215.35,89245
2026-04-16 11:58:00,11:58:00,215.45,219.75,213.65,218.25,128765
2026-04-16 11:59:00,11:59:00,218.5,220.7,214.45,214.65,106535
2026-04-16 12:00:00,12:00:00,214.3,214.65,203.3,206.5,361595
2026-04-16 12:01:00,12:01:00,233.15,237.45,226.55,226.55,221780
2026-04-16 12:02:00,12:02:00,226.65,231.0,226.55,230.2,157105
2026-04-16 12:03:00,12:03:00,230.6,233.8,228.45,229.5,123825
2026-04-16 12:04:00,12:04:00,230.55,230.6,225.0,225.8,90285
2026-04-16 12:05:00,12:05:00,226.8,230.3,225.45,230.3,147160
2026-04-16 12:06:00,12:06:00,230.3,232.35,226.35,230.6,165490
2026-04-16 12:07:00,12:07:00,230.55,231.55,220.95,222.0,193700
2026-04-16 12:08:00,12:08:00,221.3,226.15,220.6,226.15,157560
2026-04-16 12:09:00,12:09:00,226.0,230.6,225.65,229.5,154115
2026-04-16 12:10:00,12:10:00,201.7,205.5,201.4,205.4,249275
2026-04-16 12:11:00,12:11:00,205.35,207.75,204.05,206.9,286650
2026-04-16 12:12:00,12:12:00,234.7,236.7,229.55,230.3,187265
2026-04-16 12:13:00,12:13:00,203.25,208.0,202.95,207.5,115635
2026-04-16 12:14:00,12:14:00,207.25,209.45,205.85,207.75,155350
2026-04-16 12:15:00,12:15:00,207.0,209.5,206.7,208.35,209950
2026-04-16 12:16:00,12:16:00,236.0,236.2,232.15,233.2,76635
2026-04-16 12:17:00,12:17:00,233.7,233.9,228.45,228.45,125710
2026-04-16 12:18:00,12:18:00,200.6,206.5,199.85,206.5,194220
2026-04-16 12:19:00,12:19:00,206.85,206.95,203.5,206.9,110240
2026-04-16 12:20:00,12:20:00,206.75,207.0,204.4,205.8,104130
2026-04-16 12:21:00,12:21:00,205.2,207.7,204.55,207.6,94120
2026-04-16 12:22:00,12:22:00,235.95,236.6,230.65,231.75,56940
2026-04-16 12:23:00,12:23:00,231.4,232.15,225.45,225.95,107965
2026-04-16 12:24:00,12:24:00,225.95,228.85,223.6,227.4,208455
2026-04-16 12:25:00,12:25:00,227.45,229.4,224.25,228.9,100230
2026-04-16 12:26:00,12:26:00,228.7,229.65,226.3,227.75,64870
2026-04-16 12:27:00,12:27:00,226.5,227.75,223.3,225.75,77480
2026-04-16 12:28:00,12:28:00,225.2,227.0,224.3,226.65,50895
2026-04-16 12:29:00,12:29:00,227.35,227.35,223.5,225.15,57330
2026-04-16 12:30:00,12:30:00,225.0,225.15,221.15,223.2,109590
2026-04-16 12:31:00,12:31:00,223.55,226.8,222.0,225.7,79625
2026-04-16 12:32:00,12:32:00,225.95,228.0,224.3,225.25,63050
2026-04-16 12:33:00,12:33:00,225.05,225.25,219.5,221.2,153985
2026-04-16 12:34:00,12:34:00,221.0,222.0,212.45,212.45,301275
2026-04-16 12:35:00,12:35:00,212.6,215.9,210.9,211.65,228605
2026-04-16 12:36:00,12:36:00,211.5,213.6,207.9,209.3,239785
2026-04-16 12:37:00,12:37:00,208.55,213.85,208.55,213.75,190255
2026-04-16 12:38:00,12:38:00,213.5,217.55,213.4,217.15,173290
2026-04-16 12:39:00,12:39:00,217.9,222.0,217.15,222.0,188890
2026-04-16 12:40:00,12:40:00,222.0,224.0,220.35,223.95,207740
2026-04-16 12:41:00,12:41:00,224.15,225.25,221.5,221.9,131365
2026-04-16 12:42:00,12:42:00,221.9,225.2,220.75,225.0,99710
2026-04-16 12:43:00,12:43:00,224.7,225.9,222.3,223.3,89960
2026-04-16 12:44:00,12:44:00,224.2,224.95,215.55,216.8,154180
2026-04-16 12:45:00,12:45:00,217.0,217.1,213.0,214.6,254930
2026-04-16 12:46:00,12:46:00,215.1,221.35,215.1,219.8,184210
2026-04-16 12:47:00,12:47:00,219.0,219.8,213.55,214.05,129480
2026-04-16 12:48:00,12:48:00,214.55,216.45,213.25,214.6,88530
2026-04-16 12:49:00,12:49:00,214.25,215.6,212.15,213.0,104065
2026-04-16 12:50:00,12:50:00,212.55,214.85,210.35,210.4,125970
2026-04-16 12:51:00,12:51:00,210.0,216.45,208.05,213.6,217685
2026-04-16 12:52:00,12:52:00,213.55,216.3,213.5,216.15,146055
2026-04-16 12:53:00,12:53:00,216.3,218.95,213.0,213.4,197275
2026-04-16 12:54:00,12:54:00,242.05,242.05,234.45,235.05,49595
2026-04-16 12:55:00,12:55:00,206.8,209.55,204.6,207.6,348790
2026-04-16 12:56:00,12:56:00,234.9,235.3,231.95,232.75,24765
2026-04-16 12:57:00,12:57:00,205.15,205.5,201.7,205.15,159510
2026-04-16 12:58:00,12:58:00,205.2,207.0,204.75,206.65,127075
2026-04-16 12:59:00,12:59:00,206.0,211.5,205.25,210.3,233090
2026-04-16 13:00:00,13:00:00,209.85,216.2,208.65,212.85,275210
2026-04-16 13:01:00,13:01:00,210.85,213.75,210.4,210.4,129155
2026-04-16 13:02:00,13:02:00,210.7,213.6,210.4,211.45,84305
2026-04-16 13:03:00,13:03:00,211.65,218.35,211.2,216.95,181480
2026-04-16 13:04:00,13:04:00,216.15,216.95,212.2,216.6,141310
2026-04-16 13:05:00,13:05:00,216.85,218.5,215.3,216.3,178815
2026-04-16 13:06:00,13:06:00,216.35,217.1,207.75,211.65,255385
2026-04-16 13:07:00,13:07:00,211.0,211.65,206.55,209.0,185965
2026-04-16 13:08:00,13:08:00,210.3,211.6,208.6,209.3,81510
2026-04-16 13:09:00,13:09:00,235.65,236.7,232.05,234.4,46150
2026-04-16 13:10:00,13:10:00,234.2,234.4,225.45,228.1,46670
2026-04-16 13:11:00,13:11:00,228.25,233.05,226.8,232.55,62660
2026-04-16 13:12:00,13:12:00,231.8,233.85,230.1,231.3,28665
2026-04-16 13:13:00,13:13:00,231.9,233.95,230.35,230.6,43420
2026-04-16 13:14:00,13:14:00,230.75,233.6,229.3,231.05,30680
2026-04-16 13:15:00,13:15:00,230.55,232.25,228.85,232.15,25870
2026-04-16 13:16:00,13:16:00,231.75,232.5,228.6,229.9,20020
2026-04-16 13:17:00,13:17:00,201.7,202.95,197.15,202.95,260975
2026-04-16 13:18:00,13:18:00,203.45,206.0,202.95,204.3,290485
2026-04-16 13:19:00,13:19:00,203.5,209.0,203.0,206.9,232245
2026-04-16 13:20:00,13:20:00,206.95,208.35,204.45,206.0,137280
2026-04-16 13:21:00,13:21:00,206.0,207.6,205.5,207.5,104065
2026-04-16 13:22:00,13:22:00,206.35,209.8,205.2,205.35,232505
2026-04-16 13:23:00,13:23:00,232.5,233.6,225.6,226.1,34190
2026-04-16 13:24:00,13:24:00,226.25,226.25,220.45,221.2,66170
2026-04-16 13:25:00,13:25:00,221.55,223.95,219.9,222.15,52195
2026-04-16 13:26:00,13:26:00,222.9,223.65,217.9,219.75,33735
2026-04-16 13:27:00,13:27:00,220.25,220.25,216.15,219.9,48750
2026-04-16 13:28:00,13:28:00,220.3,226.25,219.9,226.0,36595
2026-04-16 13:29:00,13:29:00,225.55,226.0,222.4,223.7,32370
2026-04-16 13:30:00,13:30:00,223.7,225.9,222.6,223.95,24050
2026-04-16 13:31:00,13:31:00,224.0,225.55,222.1,225.3,19890
2026-04-16 13:32:00,13:32:00,224.8,227.0,224.4,224.6,22750
2026-04-16 13:33:00,13:33:00,197.45,200.9,196.2,200.55,132600
2026-04-16 13:34:00,13:34:00,228.75,229.45,224.65,226.05,30875
2026-04-16 13:35:00,13:35:00,225.9,226.05,223.8,225.15,29380
2026-04-16 13:36:00,13:36:00,224.9,228.4,223.75,226.15,13390
2026-04-16 13:37:00,13:37:00,225.75,226.2,222.0,223.8,27430
2026-04-16 13:38:00,13:38:00,223.55,226.1,222.85,226.1,14365
2026-04-16 13:39:00,13:39:00,226.45,228.65,225.55,226.35,22360
2026-04-16 13:40:00,13:40:00,198.75,201.9,197.55,199.45,166920
2026-04-16 13:41:00,13:41:00,199.15,205.4,198.6,203.55,314340
2026-04-16 13:42:00,13:42:00,204.6,207.0,203.55,204.6,306735
2026-04-16 13:43:00,13:43:00,205.0,208.4,204.6,206.45,302510
2026-04-16 13:44:00,13:44:00,207.1,208.9,205.55,207.7,256165
2026-04-16 13:45:00,13:45:00,207.8,212.3,207.8,211.75,470535
2026-04-16 13:46:00,13:46:00,211.75,214.25,210.45,213.05,409045
2026-04-16 13:47:00,13:47:00,213.85,213.85,208.7,212.0,287300
2026-04-16 13:48:00,13:48:00,210.45,215.4,210.3,215.3,198250
2026-04-16 13:49:00,13:49:00,214.9,215.3,211.7,213.8,175955
2026-04-16 13:50:00,13:50:00,186.95,203.15,186.55,201.4,832520
2026-04-16 13:51:00,13:51:00,229.0,231.45,224.6,226.2,564785
2026-04-16 13:52:00,13:52:00,226.35,227.55,221.9,226.4,232700
2026-04-16 13:53:00,13:53:00,225.15,226.4,222.35,224.8,155870
2026-04-16 13:54:00,13:54:00,196.15,199.7,193.3,199.3,266500
2026-04-16 13:55:00,13:55:00,199.25,202.0,196.0,196.65,377260
2026-04-16 13:56:00,13:56:00,196.1,197.9,192.6,197.9,289445
2026-04-16 13:57:00,13:57:00,197.6,197.6,194.1,194.35,141050
2026-04-16 13:58:00,13:58:00,222.15,227.1,218.3,220.2,206115
2026-04-16 13:59:00,13:59:00,192.75,198.75,192.6,196.85,169585
2026-04-16 14:00:00,14:00:00,196.9,197.15,192.1,193.85,136695
2026-04-16 14:01:00,14:01:00,193.7,196.0,192.7,193.0,79625
2026-04-16 14:02:00,14:02:00,220.2,222.25,213.0,213.0,239850
2026-04-16 14:03:00,14:03:00,212.35,215.65,204.2,204.75,476970
2026-04-16 14:04:00,14:04:00,205.05,209.6,204.75,206.8,179530
2026-04-16 14:05:00,14:05:00,206.9,206.9,200.55,205.6,303485
2026-04-16 14:06:00,14:06:00,207.4,209.7,205.15,206.85,225615
2026-04-16 14:07:00,14:07:00,207.05,213.7,206.65,211.0,202280
2026-04-16 14:08:00,14:08:00,210.1,211.75,206.6,208.95,162695
2026-04-16 14:09:00,14:09:00,208.0,211.45,207.9,211.0,89895
2026-04-16 14:10:00,14:10:00,211.4,212.6,209.05,212.6,99385
2026-04-16 14:11:00,14:11:00,215.25,218.95,212.6,216.5,250185
2026-04-16 14:12:00,14:12:00,216.7,218.95,214.65,218.95,154830
2026-04-16 14:13:00,14:13:00,219.25,219.95,215.3,218.75,152230
2026-04-16 14:14:00,14:14:00,218.0,221.1,216.0,217.7,160810
2026-04-16 14:15:00,14:15:00,217.55,219.05,214.35,219.05,150995
2026-04-16 14:16:00,14:16:00,218.6,219.05,211.0,215.15,130975
2026-04-16 14:17:00,14:17:00,215.2,217.0,213.7,215.75,64415
2026-04-16 14:18:00,14:18:00,216.1,216.1,212.45,215.95,85735
2026-04-16 14:19:00,14:19:00,215.7,217.75,213.55,216.25,90220
2026-04-16 14:20:00,14:20:00,215.5,218.3,214.0,215.6,83460
2026-04-16 14:21:00,14:21:00,215.9,217.5,214.5,217.05,56810
2026-04-16 14:22:00,14:22:00,217.0,220.5,217.0,220.5,139100
2026-04-16 14:23:00,14:23:00,219.75,220.5,214.5,214.5,95875
2026-04-16 14:24:00,14:24:00,215.1,215.55,208.55,215.1,236080
2026-04-16 14:25:00,14:25:00,214.75,220.0,214.7,219.85,170885
2026-04-16 14:26:00,14:26:00,192.5,199.6,192.0,198.55,416715
2026-04-16 14:27:00,14:27:00,198.8,200.4,197.3,198.75,303550
2026-04-16 14:28:00,14:28:00,199.05,199.75,196.5,198.3,213330
2026-04-16 14:29:00,14:29:00,198.45,202.95,195.7,202.7,213915
2026-04-16 14:30:00,14:30:00,204.0,209.0,202.7,209.0,524160
2026-04-16 14:31:00,14:31:00,208.3,215.4,208.3,215.2,572130
2026-04-16 14:32:00,14:32:00,214.9,218.8,212.75,218.8,408135
2026-04-16 14:33:00,14:33:00,219.4,223.95,216.05,220.3,531180
2026-04-16 14:34:00,14:34:00,221.2,226.8,220.1,225.95,271635
2026-04-16 14:35:00,14:35:00,226.05,229.05,219.75,219.75,376350
2026-04-16 14:36:00,14:36:00,219.05,221.7,217.3,221.0,212420
2026-04-16 14:37:00,14:37:00,221.25,223.1,217.1,217.8,172510
2026-04-16 14:38:00,14:38:00,216.9,221.0,216.9,220.9,166270
2026-04-16 14:39:00,14:39:00,220.35,223.5,217.0,219.7,201305
2026-04-16 14:40:00,14:40:00,193.45,197.7,192.45,195.0,618670
2026-04-16 14:41:00,14:41:00,194.15,198.2,194.15,198.15,378885
2026-04-16 14:42:00,14:42:00,198.0,199.55,196.0,198.0,609310
2026-04-16 14:43:00,14:43:00,197.1,198.95,195.1,197.6,434655
2026-04-16 14:44:00,14:44:00,226.2,226.65,214.35,218.8,226395
2026-04-16 14:45:00,14:45:00,190.7,201.25,190.7,199.2,1086020
2026-04-16 14:46:00,14:46:00,198.4,199.2,193.05,196.1,437385
2026-04-16 14:47:00,14:47:00,196.0,197.65,195.35,196.1,294320
2026-04-16 14:48:00,14:48:00,196.3,199.9,195.75,198.65,375115
2026-04-16 14:49:00,14:49:00,197.95,198.65,195.0,198.5,279500
2026-04-16 14:50:00,14:50:00,198.45,200.85,196.85,198.55,670735
2026-04-16 14:51:00,14:51:00,198.45,203.05,196.75,201.95,469755
2026-04-16 14:52:00,14:52:00,202.85,203.75,197.35,197.9,609050
2026-04-16 14:53:00,14:53:00,196.6,200.45,193.6,198.7,607945
2026-04-16 14:54:00,14:54:00,198.7,199.9,195.6,197.35,352430
2026-04-16 14:55:00,14:55:00,196.85,197.7,192.2,192.25,475670
2026-04-16 14:56:00,14:56:00,192.55,194.85,189.65,189.65,650195
2026-04-16 14:57:00,14:57:00,218.5,223.35,216.0,217.55,91845
2026-04-16 14:58:00,14:58:00,189.75,194.25,188.45,194.25,331175
2026-04-16 14:59:00,14:59:00,195.0,196.4,191.6,193.9,346840
2026-04-16 15:00:00,15:00:00,222.1,228.0,211.0,214.0,268385
2026-04-16 15:01:00,15:01:00,211.6,214.0,206.0,208.1,278330
2026-04-16 15:02:00,15:02:00,206.6,213.15,203.95,208.85,309790
2026-04-16 15:03:00,15:03:00,209.55,214.1,208.65,213.65,126100
2026-04-16 15:04:00,15:04:00,213.25,219.65,210.5,211.85,150150
2026-04-16 15:05:00,15:05:00,211.25,212.2,207.3,211.8,144495
2026-04-16 15:06:00,15:06:00,211.4,212.25,205.8,206.55,107965
2026-04-16 15:07:00,15:07:00,206.15,207.4,201.55,202.15,254930
2026-04-16 15:08:00,15:08:00,230.85,231.55,223.05,224.6,210600
2026-04-16 15:09:00,15:09:00,224.75,227.6,224.55,227.0,181480
2026-04-16 15:10:00,15:10:00,198.3,204.0,198.15,202.35,230620
2026-04-16 15:11:00,15:11:00,203.0,205.7,201.1,204.05,176085
2026-04-16 15:12:00,15:12:00,204.0,205.0,201.0,204.75,110630
2026-04-16 15:13:00,15:13:00,204.15,206.2,202.25,203.05,187200
2026-04-16 15:14:00,15:14:00,202.9,205.0,202.0,204.1,150735
2026-04-16 15:15:00,15:15:00,204.9,210.0,203.0,209.35,284180
2026-04-16 15:16:00,15:16:00,209.45,209.45,205.5,206.3,136175
2026-04-16 15:17:00,15:17:00,205.8,208.25,205.35,207.2,114140
2026-04-16 15:18:00,15:18:00,207.0,209.25,205.6,208.65,94705
2026-04-16 15:19:00,15:19:00,208.95,208.95,207.5,208.05,110110
2026-04-16 15:20:00,15:20:00,208.0,209.95,207.35,209.0,119860
2026-04-16 15:21:00,15:21:00,209.4,209.4,207.05,208.15,76960
2026-04-16 15:22:00,15:22:00,208.25,208.25,205.0,206.35,94185
2026-04-16 15:23:00,15:23:00,206.6,207.0,205.0,206.3,61750
2026-04-16 15:24:00,15:24:00,206.15,206.65,204.9,206.0,78130
2026-04-16 15:25:00,15:25:00,206.9,209.9,206.0,209.15,119145
2026-04-16 15:26:00,15:26:00,209.6,209.6,205.2,207.2,106795
2026-04-16 15:27:00,15:27:00,207.6,208.1,206.05,206.4,104390
2026-04-16 15:28:00,15:28:00,206.1,207.0,203.15,205.9,124215
2026-04-16 15:29:00,15:29:00,205.85,206.15,198.65,200.3,277680
2026-04-17 09:15:00,09:15:00,80.0,97.85,63.6,91.65,910130
2026-04-17 09:16:00,09:16:00,114.55,129.8,105.25,106.35,2062710
2026-04-17 09:17:00,09:17:00,91.2,106.85,88.95,105.45,897325
2026-04-17 09:18:00,09:18:00,104.25,108.85,103.5,107.3,741130
2026-04-17 09:19:00,09:19:00,108.05,108.7,101.0,104.5,569205
2026-04-17 09:20:00,09:20:00,104.85,109.1,104.5,109.0,606840
2026-04-17 09:21:00,09:21:00,109.05,111.7,105.65,108.35,515255
2026-04-17 09:22:00,09:22:00,108.45,112.15,108.0,108.4,473850
2026-04-17 09:23:00,09:23:00,90.45,94.4,89.4,92.55,831675
2026-04-17 09:24:00,09:24:00,110.85,112.45,102.5,104.1,489385
2026-04-17 09:25:00,09:25:00,103.5,110.0,103.5,110.0,433940
2026-04-17 09:26:00,09:26:00,91.25,94.25,90.3,93.7,953745
2026-04-17 09:27:00,09:27:00,111.8,112.65,109.15,109.15,233805
2026-04-17 09:28:00,09:28:00,90.75,95.35,90.65,94.75,716105
2026-04-17 09:29:00,09:29:00,94.9,95.0,92.8,94.65,423995
2026-04-17 09:30:00,09:30:00,113.7,115.45,106.6,108.45,479765
2026-04-17 09:31:00,09:31:00,107.4,108.45,103.7,106.1,465985
2026-04-17 09:32:00,09:32:00,106.35,109.75,105.0,106.8,390975
2026-04-17 09:33:00,09:33:00,106.65,106.8,102.45,104.65,269230
2026-04-17 09:34:00,09:34:00,104.7,105.85,101.6,102.5,222430
2026-04-17 09:35:00,09:35:00,101.3,102.5,97.95,97.95,497250
2026-04-17 09:36:00,09:36:00,98.7,99.9,96.85,97.05,291655
2026-04-17 09:37:00,09:37:00,115.9,116.65,112.25,113.7,833430
2026-04-17 09:38:00,09:38:00,96.2,106.95,94.7,106.35,916500
2026-04-17 09:39:00,09:39:00,106.45,109.0,102.6,103.55,568295
2026-04-17 09:40:00,09:40:00,103.4,108.2,103.1,108.1,411450
2026-04-17 09:41:00,09:41:00,107.5,108.1,101.0,101.0,359580
2026-04-17 09:42:00,09:42:00,100.8,101.0,96.0,97.5,645710
2026-04-17 09:43:00,09:43:00,97.9,99.45,94.0,97.55,334945
2026-04-17 09:44:00,09:44:00,97.7,99.45,96.4,97.65,258180
2026-04-17 09:45:00,09:45:00,97.4,99.15,96.1,97.35,223600
2026-04-17 09:46:00,09:46:00,97.35,100.3,97.35,99.8,323960
2026-04-17 09:47:00,09:47:00,100.3,103.0,99.8,102.95,272805
2026-04-17 09:48:00,09:48:00,103.3,106.05,102.75,104.2,353860
2026-04-17 09:49:00,09:49:00,104.2,108.35,104.05,107.3,310635
2026-04-17 09:50:00,09:50:00,107.65,111.05,107.25,107.4,440050
2026-04-17 09:51:00,09:51:00,107.75,110.3,107.4,108.1,229970
2026-04-17 09:52:00,09:52:00,89.5,91.6,88.25,91.25,382590
2026-04-17 09:53:00,09:53:00,92.5,92.5,89.75,90.95,464100
2026-04-17 09:54:00,09:54:00,110.25,110.8,107.1,108.95,226460
2026-04-17 09:55:00,09:55:00,109.6,110.75,105.2,108.55,292630
2026-04-17 09:56:00,09:56:00,89.6,94.95,89.0,93.55,701935
2026-04-17 09:57:00,09:57:00,93.45,96.8,92.65,92.9,971490
2026-04-17 09:58:00,09:58:00,113.0,114.1,106.25,106.5,370500
2026-04-17 09:59:00,09:59:00,88.65,92.75,88.05,92.2,384605
2026-04-17 10:00:00,10:00:00,91.35,93.85,91.35,93.85,356200
2026-04-17 10:01:00,10:01:00,113.7,114.55,102.85,108.0,600730
2026-04-17 10:02:00,10:02:00,89.3,91.5,87.85,91.2,630565
2026-04-17 10:03:00,10:03:00,91.45,96.55,89.85,95.9,825110
2026-04-17 10:04:00,10:04:00,96.7,103.6,95.9,103.6,1726465
2026-04-17 10:05:00,10:05:00,104.05,106.45,102.3,103.7,1369290
2026-04-17 10:06:00,10:06:00,104.2,108.35,103.7,108.3,1140555
2026-04-17 10:07:00,10:07:00,89.3,92.35,88.15,91.6,494260
2026-04-17 10:08:00,10:08:00,110.25,111.15,104.35,105.05,1123850
2026-04-17 10:09:00,10:09:00,104.55,106.55,103.45,105.9,567970
2026-04-17 10:10:00,10:10:00,106.0,106.0,101.8,104.1,527865
2026-04-17 10:11:00,10:11:00,104.1,104.6,102.35,103.45,287625
2026-04-17 10:12:00,10:12:00,103.15,106.0,102.3,105.9,476320
2026-04-17 10:13:00,10:13:00,105.8,108.65,105.65,107.3,648115
2026-04-17 10:14:00,10:14:00,107.4,108.55,106.45,108.3,381420
2026-04-17 10:15:00,10:15:00,89.7,96.0,89.4,95.95,712920
2026-04-17 10:16:00,10:16:00,94.95,97.0,94.7,96.35,491855
2026-04-17 10:17:00,10:17:00,96.45,97.15,92.15,93.35,459030
2026-04-17 10:18:00,10:18:00,93.65,94.95,91.85,94.65,249470
2026-04-17 10:19:00,10:19:00,94.9,94.9,91.55,92.0,211575
2026-04-17 10:20:00,10:20:00,92.2,93.85,90.75,91.7,192530
2026-04-17 10:21:00,10:21:00,92.2,94.0,90.8,93.6,238940
2026-04-17 10:22:00,10:22:00,93.55,95.0,93.25,94.75,237445
2026-04-17 10:23:00,10:23:00,95.0,95.0,91.55,91.55,265070
2026-04-17 10:24:00,10:24:00,92.0,94.35,91.55,94.1,178230
2026-04-17 10:25:00,10:25:00,93.7,98.9,93.7,95.65,391170
2026-04-17 10:26:00,10:26:00,95.5,99.05,95.5,98.7,353665
2026-04-17 10:27:00,10:27:00,98.55,101.5,96.3,99.7,484900
2026-04-17 10:28:00,10:28:00,99.75,100.1,96.85,97.05,372710
2026-04-17 10:29:00,10:29:00,97.1,99.4,94.65,94.85,373360
2026-04-17 10:30:00,10:30:00,94.65,98.3,94.65,95.4,315965
2026-04-17 10:31:00,10:31:00,95.25,95.65,93.05,95.4,351390
2026-04-17 10:32:00,10:32:00,114.95,115.2,107.55,107.95,734890
2026-04-17 10:33:00,10:33:00,108.8,110.3,107.95,108.7,466700
2026-04-17 10:34:00,10:34:00,110.0,110.0,104.95,108.75,716105
2026-04-17 10:35:00,10:35:00,107.8,109.2,106.9,109.2,258895
2026-04-17 10:36:00,10:36:00,109.35,110.45,107.6,110.4,420225
2026-04-17 10:37:00,10:37:00,110.6,110.6,104.65,106.65,640120
2026-04-17 10:38:00,10:38:00,106.35,106.65,102.8,103.4,568945
2026-04-17 10:39:00,10:39:00,103.6,105.25,100.8,101.8,576745
2026-04-17 10:40:00,10:40:00,102.45,102.65,98.55,101.2,620165
2026-04-17 10:41:00,10:41:00,101.7,104.0,100.7,104.0,549315
2026-04-17 10:42:00,10:42:00,104.0,107.9,103.55,105.45,611195
2026-04-17 10:43:00,10:43:00,104.35,106.35,102.15,103.05,488020
2026-04-17 10:44:00,10:44:00,103.2,105.7,102.75,105.7,217555
2026-04-17 10:45:00,10:45:00,105.5,106.25,103.35,106.25,235170
2026-04-17 10:46:00,10:46:00,106.45,109.0,105.3,106.0,568750
2026-04-17 10:47:00,10:47:00,105.85,107.8,104.5,104.9,316615
2026-04-17 10:48:00,10:48:00,104.9,105.95,102.85,104.0,277875
2026-04-17 10:49:00,10:49:00,104.35,106.45,104.0,104.55,215735
2026-04-17 10:50:00,10:50:00,104.6,106.45,103.3,105.2,196170
2026-04-17 10:51:00,10:51:00,105.0,105.2,101.35,102.7,317330
2026-04-17 10:52:00,10:52:00,102.1,104.0,102.0,102.8,157235
2026-04-17 10:53:00,10:53:00,103.4,103.55,101.35,102.0,178100
2026-04-17 10:54:00,10:54:00,102.0,105.35,101.7,104.0,222755
2026-04-17 10:55:00,10:55:00,103.6,105.2,103.35,104.7,136110
2026-04-17 10:56:00,10:56:00,104.3,106.25,103.8,106.0,194610
2026-04-17 10:57:00,10:57:00,105.65,106.15,103.4,105.0,183625
2026-04-17 10:58:00,10:58:00,104.25,105.0,101.5,102.3,302900
2026-04-17 10:59:00,10:59:00,103.0,103.65,101.35,101.35,149175
2026-04-17 11:00:00,11:00:00,101.7,102.4,100.1,101.85,467025
2026-04-17 11:01:00,11:01:00,102.0,104.0,101.65,102.55,263380
2026-04-17 11:02:00,11:02:00,102.45,103.85,100.2,100.2,196625
2026-04-17 11:03:00,11:03:00,100.0,100.9,96.85,97.9,599885
2026-04-17 11:04:00,11:04:00,98.0,98.7,94.4,98.7,713960
2026-04-17 11:05:00,11:05:00,98.6,100.85,98.0,99.95,420485
2026-04-17 11:06:00,11:06:00,100.4,101.85,97.0,98.5,428740
2026-04-17 11:07:00,11:07:00,98.4,103.6,98.2,100.6,383955
2026-04-17 11:08:00,11:08:00,100.55,101.4,99.85,101.35,184275
2026-04-17 11:09:00,11:09:00,101.25,101.7,99.65,101.05,150150
2026-04-17 11:10:00,11:10:00,101.25,106.85,100.4,106.75,702780
2026-04-17 11:11:00,11:11:00,107.0,108.75,105.95,106.8,787995
2026-04-17 11:12:00,11:12:00,106.6,107.4,103.25,103.8,460655
2026-04-17 11:13:00,11:13:00,103.45,105.8,102.7,105.5,298675
2026-04-17 11:14:00,11:14:00,105.85,105.85,102.95,104.8,189410
2026-04-17 11:15:00,11:15:00,104.75,107.7,104.7,107.55,291330
2026-04-17 11:16:00,11:16:00,107.5,108.3,106.45,108.3,364390
2026-04-17 11:17:00,11:17:00,108.5,108.85,105.8,106.15,333255
2026-04-17 11:18:00,11:18:00,87.0,89.5,86.8,87.3,181805
2026-04-17 11:19:00,11:19:00,87.75,88.9,86.6,88.7,118690
2026-04-17 11:20:00,11:20:00,89.1,89.8,87.5,88.25,187265
2026-04-17 11:21:00,11:21:00,88.3,88.95,87.8,88.8,95550
2026-04-17 11:22:00,11:22:00,89.45,90.0,88.6,89.5,183235
2026-04-17 11:23:00,11:23:00,89.65,90.7,89.3,89.75,185250
2026-04-17 11:24:00,11:24:00,109.9,110.0,106.1,107.4,325130
2026-04-17 11:25:00,11:25:00,87.9,90.25,87.0,89.8,163735
2026-04-17 11:26:00,11:26:00,89.95,90.35,88.65,89.6,105105
2026-04-17 11:27:00,11:27:00,109.05,109.45,103.9,107.0,442130
2026-04-17 11:28:00,11:28:00,106.2,107.3,104.45,106.5,187395
2026-04-17 11:29:00,11:29:00,87.8,88.35,86.7,87.75,101855
2026-04-17 11:30:00,11:30:00,88.0,91.6,87.75,88.8,362570
2026-04-17 11:31:00,11:31:00,108.15,108.55,105.85,107.0,241995
2026-04-17 11:32:00,11:32:00,87.55,88.0,86.75,87.45,85020
2026-04-17 11:33:00,11:33:00,87.6,90.45,87.4,90.25,157300
2026-04-17 11:34:00,11:34:00,90.65,90.95,88.7,90.7,148785
2026-04-17 11:35:00,11:35:00,90.85,91.5,89.0,90.7,254345
2026-04-17 11:36:00,11:36:00,90.9,92.7,90.7,91.4,301015
2026-04-17 11:37:00,11:37:00,91.45,93.3,91.3,91.4,241995
2026-04-17 11:38:00,11:38:00,91.55,92.65,90.6,91.3,157300
2026-04-17 11:39:00,11:39:00,91.3,91.55,88.85,90.5,267475
2026-04-17 11:40:00,11:40:00,90.75,92.1,90.0,91.35,128700
2026-04-17 11:41:00,11:41:00,91.0,92.85,90.95,91.2,195845
2026-04-17 11:42:00,11:42:00,91.0,92.3,90.2,92.3,108485
2026-04-17 11:43:00,11:43:00,92.15,96.2,92.1,95.3,401050
2026-04-17 11:44:00,11:44:00,95.85,98.0,93.9,94.0,412230
2026-04-17 11:45:00,11:45:00,94.25,94.35,92.0,92.4,207610
2026-04-17 11:46:00,11:46:00,92.5,94.25,91.5,92.65,180830
2026-04-17 11:47:00,11:47:00,92.65,93.65,89.55,89.55,221455
2026-04-17 11:48:00,11:48:00,89.75,90.0,87.1,89.4,241540
2026-04-17 11:49:00,11:49:00,89.7,89.8,87.15,88.95,153140
2026-04-17 11:50:00,11:50:00,89.3,93.8,88.95,93.35,257985
2026-04-17 11:51:00,11:51:00,93.1,95.65,92.55,95.65,295035
2026-04-17 11:52:00,11:52:00,96.0,96.0,93.0,93.05,223145
2026-04-17 11:53:00,11:53:00,93.5,97.4,92.15,97.0,254280
2026-04-17 11:54:00,11:54:00,96.4,102.8,96.4,100.9,794820
2026-04-17 11:55:00,11:55:00,100.85,103.05,99.4,102.75,439660
2026-04-17 11:56:00,11:56:00,102.4,102.75,98.0,98.35,425490
2026-04-17 11:57:00,11:57:00,98.0,99.7,97.05,99.05,223405
2026-04-17 11:58:00,11:58:00,98.85,99.05,93.05,93.05,419965
2026-04-17 11:59:00,11:59:00,114.1,114.65,107.6,108.35,896285
2026-04-17 12:00:00,12:00:00,108.1,108.9,103.9,105.4,986830
2026-04-17 12:01:00,12:01:00,86.5,89.85,86.15,89.55,350610
2026-04-17 12:02:00,12:02:00,108.65,109.0,107.6,108.0,377325
2026-04-17 12:03:00,12:03:00,108.15,108.15,105.1,105.75,322855
2026-04-17 12:04:00,12:04:00,105.65,106.55,104.7,105.15,280150
2026-04-17 12:05:00,12:05:00,104.8,105.7,103.05,103.85,421265
2026-04-17 12:06:00,12:06:00,104.0,107.1,103.85,106.95,344240
2026-04-17 12:07:00,12:07:00,87.8,89.85,87.8,89.5,286130
2026-04-17 12:08:00,12:08:00,89.45,90.0,88.35,88.45,243425
2026-04-17 12:09:00,12:09:00,88.7,89.8,87.6,89.0,144690
2026-04-17 12:10:00,12:10:00,88.9,89.65,88.05,88.05,135720
2026-04-17 12:11:00,12:11:00,87.8,90.4,87.25,90.0,143780
2026-04-17 12:12:00,12:12:00,90.25,91.0,89.1,90.25,166530
2026-04-17 12:13:00,12:13:00,90.5,90.6,87.5,89.1,114075
2026-04-17 12:14:00,12:14:00,89.0,90.95,89.0,90.85,107250
2026-04-17 12:15:00,12:15:00,90.65,92.2,89.25,92.2,190320
2026-04-17 12:16:00,12:16:00,92.2,93.0,90.6,91.4,227370
2026-04-17 12:17:00,12:17:00,91.15,92.1,90.05,91.15,121225
2026-04-17 12:18:00,12:18:00,90.7,92.0,90.5,90.95,78975
2026-04-17 12:19:00,12:19:00,91.1,92.3,90.0,90.25,101595
2026-04-17 12:20:00,12:20:00,90.25,91.4,88.8,89.2,134940
2026-04-17 12:21:00,12:21:00,89.1,91.4,89.0,89.1,97045
2026-04-17 12:22:00,12:22:00,89.9,91.0,88.3,90.6,105495
2026-04-17 12:23:00,12:23:00,90.85,91.35,89.55,90.75,76895
2026-04-17 12:24:00,12:24:00,91.3,92.0,90.75,91.85,115310
2026-04-17 12:25:00,12:25:00,91.8,92.0,90.15,90.9,64415
2026-04-17 12:26:00,12:26:00,91.0,91.95,90.25,91.9,71760
2026-04-17 12:27:00,12:27:00,91.95,92.05,90.45,90.65,72475
2026-04-17 12:28:00,12:28:00,90.95,91.0,89.05,89.35,103025
2026-04-17 12:29:00,12:29:00,89.1,90.15,88.8,88.9,117065
2026-04-17 12:30:00,12:30:00,88.55,89.7,87.75,89.1,204945
2026-04-17 12:31:00,12:31:00,88.95,89.55,88.0,88.0,78390
2026-04-17 12:32:00,12:32:00,106.8,107.45,104.05,105.65,416455
2026-04-17 12:33:00,12:33:00,105.7,106.7,103.75,106.5,286715
2026-04-17 12:34:00,12:34:00,106.2,106.5,103.5,103.85,174395
2026-04-17 12:35:00,12:35:00,103.6,105.9,103.45,105.6,146445
2026-04-17 12:36:00,12:36:00,105.9,106.8,104.95,104.95,205790
2026-04-17 12:37:00,12:37:00,104.95,106.3,104.0,104.0,127855
2026-04-17 12:38:00,12:38:00,104.15,105.85,103.85,105.25,133965
2026-04-17 12:39:00,12:39:00,104.6,105.25,102.6,102.95,258895
2026-04-17 12:40:00,12:40:00,102.65,103.8,101.25,103.8,391040
2026-04-17 12:41:00,12:41:00,103.45,104.9,103.45,104.9,172575
2026-04-17 12:42:00,12:42:00,105.1,106.7,104.45,106.7,319020
2026-04-17 12:43:00,12:43:00,106.55,106.95,104.55,105.5,215670
2026-04-17 12:44:00,12:44:00,104.8,105.5,101.55,103.65,289120
2026-04-17 12:45:00,12:45:00,103.95,106.0,103.5,105.6,179595
2026-04-17 12:46:00,12:46:00,86.4,87.0,85.55,86.25,101530
2026-04-17 12:47:00,12:47:00,105.25,106.0,103.85,103.85,165750
2026-04-17 12:48:00,12:48:00,103.7,104.25,101.0,102.45,349895
2026-04-17 12:49:00,12:49:00,102.05,104.7,102.05,104.2,179660
2026-04-17 12:50:00,12:50:00,104.45,105.3,103.85,103.85,203255
2026-04-17 12:51:00,12:51:00,103.65,103.9,101.15,102.0,233740
2026-04-17 12:52:00,12:52:00,101.9,102.5,98.7,100.0,513305
2026-04-17 12:53:00,12:53:00,99.85,100.0,98.25,100.0,276835
2026-04-17 12:54:00,12:54:00,100.3,100.45,98.8,99.15,165165
2026-04-17 12:55:00,12:55:00,99.4,101.3,98.9,101.3,142090
2026-04-17 12:56:00,12:56:00,101.45,102.6,101.05,102.15,208845
2026-04-17 12:57:00,12:57:00,102.0,102.45,99.85,100.3,164515
2026-04-17 12:58:00,12:58:00,100.6,100.65,99.25,100.4,99515
2026-04-17 12:59:00,12:59:00,100.65,101.95,99.35,101.45,172575
2026-04-17 13:00:00,13:00:00,101.15,102.6,100.35,102.6,176605
2026-04-17 13:01:00,13:01:00,102.9,103.0,100.6,102.15,236990
2026-04-17 13:02:00,13:02:00,102.4,103.8,101.7,102.1,260975
2026-04-17 13:03:00,13:03:00,102.6,102.65,100.4,101.25,146965
2026-04-17 13:04:00,13:04:00,101.4,103.9,101.25,101.85,188890
2026-04-17 13:05:00,13:05:00,101.8,104.5,101.8,104.5,128050
2026-04-17 13:06:00,13:06:00,85.2,86.9,85.2,86.2,215930
2026-04-17 13:07:00,13:07:00,86.15,87.2,85.25,86.9,116220
2026-04-17 13:08:00,13:08:00,87.5,88.4,86.7,88.4,279565
2026-04-17 13:09:00,13:09:00,88.35,90.25,88.2,88.7,305565
2026-04-17 13:10:00,13:10:00,88.8,89.9,88.4,89.8,130455
2026-04-17 13:11:00,13:11:00,89.75,90.15,88.75,90.0,189540
2026-04-17 13:12:00,13:12:00,90.0,91.8,89.45,91.5,312910
2026-04-17 13:13:00,13:13:00,91.45,91.9,90.0,90.3,191685
2026-04-17 13:14:00,13:14:00,90.1,90.6,89.05,89.75,147485
2026-04-17 13:15:00,13:15:00,89.3,91.0,88.65,90.3,164515
2026-04-17 13:16:00,13:16:00,90.4,90.9,87.45,88.55,150605
2026-04-17 13:17:00,13:17:00,88.3,88.95,85.45,87.4,192010
2026-04-17 13:18:00,13:18:00,106.85,107.0,104.25,104.7,198965
2026-04-17 13:19:00,13:19:00,104.9,105.55,102.8,103.2,560820
2026-04-17 13:20:00,13:20:00,103.05,105.65,103.05,105.1,191100
2026-04-17 13:21:00,13:21:00,104.5,105.15,102.9,103.9,163800
2026-04-17 13:22:00,13:22:00,103.7,107.0,103.25,106.8,159380
2026-04-17 13:23:00,13:23:00,87.25,90.35,86.65,89.2,225745
2026-04-17 13:24:00,13:24:00,108.6,109.45,104.25,105.0,357955
2026-04-17 13:25:00,13:25:00,104.8,105.75,103.85,104.8,246610
2026-04-17 13:26:00,13:26:00,104.15,106.0,102.8,106.0,289510
2026-04-17 13:27:00,13:27:00,86.8,89.15,85.45,88.85,215670
2026-04-17 13:28:00,13:28:00,88.4,90.4,88.4,90.4,191100
2026-04-17 13:29:00,13:29:00,89.85,91.1,89.1,91.1,205530
2026-04-17 13:30:00,13:30:00,91.6,91.75,89.85,90.05,173420
2026-04-17 13:31:00,13:31:00,89.85,91.85,89.4,91.25,159705
2026-04-17 13:32:00,13:32:00,91.3,92.0,89.35,92.0,148915
2026-04-17 13:33:00,13:33:00,92.35,92.6,91.0,91.55,190840
2026-04-17 13:34:00,13:34:00,91.6,92.7,91.35,92.7,124410
2026-04-17 13:35:00,13:35:00,92.9,93.0,90.05,90.05,188175
2026-04-17 13:36:00,13:36:00,90.2,91.15,89.7,90.45,114790
2026-04-17 13:37:00,13:37:00,90.35,91.95,90.35,91.65,85280
2026-04-17 13:38:00,13:38:00,91.8,92.95,90.75,92.95,110695
2026-04-17 13:39:00,13:39:00,93.0,96.4,92.95,95.7,454675
2026-04-17 13:40:00,13:40:00,95.25,98.3,94.8,97.7,394290
2026-04-17 13:41:00,13:41:00,97.35,101.5,97.2,101.5,597220
2026-04-17 13:42:00,13:42:00,101.2,102.05,98.9,100.5,373945
2026-04-17 13:43:00,13:43:00,100.5,100.6,95.1,97.1,456820
2026-04-17 13:44:00,13:44:00,96.55,97.1,93.0,93.1,311480
2026-04-17 13:45:00,13:45:00,94.0,96.2,93.1,94.8,271505
2026-04-17 13:46:00,13:46:00,94.4,96.2,93.3,95.85,194285
2026-04-17 13:47:00,13:47:00,94.9,96.05,94.8,95.45,139815
2026-04-17 13:48:00,13:48:00,95.45,96.25,95.25,95.3,89180
2026-04-17 13:49:00,13:49:00,95.05,95.75,93.75,94.6,122980
2026-04-17 13:50:00,13:50:00,95.0,95.6,93.7,94.15,95810
2026-04-17 13:51:00,13:51:00,93.8,94.4,92.85,94.4,146575
2026-04-17 13:52:00,13:52:00,94.2,95.0,93.25,94.0,90870
2026-04-17 13:53:00,13:53:00,93.85,94.05,90.9,92.95,345020
2026-04-17 13:54:00,13:54:00,92.7,94.8,92.4,94.5,118495
2026-04-17 13:55:00,13:55:00,94.45,95.35,93.55,93.55,138775
2026-04-17 13:56:00,13:56:00,93.75,93.8,90.05,92.6,250120
2026-04-17 13:57:00,13:57:00,92.3,93.95,91.8,93.75,108355
2026-04-17 13:58:00,13:58:00,93.6,94.8,92.9,94.35,133185
2026-04-17 13:59:00,13:59:00,94.65,95.0,93.1,93.1,124280
2026-04-17 14:00:00,14:00:00,93.35,96.4,93.1,95.95,221520
2026-04-17 14:01:00,14:01:00,96.0,96.7,95.7,96.2,127725
2026-04-17 14:02:00,14:02:00,96.6,96.6,95.5,96.5,133250
2026-04-17 14:03:00,14:03:00,96.45,96.95,95.7,96.0,119535
2026-04-17 14:04:00,14:04:00,95.95,96.35,91.3,92.2,333320
2026-04-17 14:05:00,14:05:00,92.4,94.0,91.35,93.9,133900
2026-04-17 14:06:00,14:06:00,94.0,96.3,93.2,95.05,158795
2026-04-17 14:07:00,14:07:00,95.0,97.8,95.0,97.4,172835
2026-04-17 14:08:00,14:08:00,97.6,97.6,94.2,95.8,176280
2026-04-17 14:09:00,14:09:00,96.2,97.6,95.55,96.0,147745
2026-04-17 14:10:00,14:10:00,96.0,98.75,95.55,97.95,187590
2026-04-17 14:11:00,14:11:00,98.3,99.45,97.95,98.5,359905
2026-04-17 14:12:00,14:12:00,98.05,98.75,96.9,97.15,154570
2026-04-17 14:13:00,14:13:00,97.4,97.9,95.0,95.0,218010
2026-04-17 14:14:00,14:14:00,95.2,95.2,93.05,94.6,208715
2026-04-17 14:15:00,14:15:00,94.85,95.6,94.05,94.6,120250
2026-04-17 14:16:00,14:16:00,94.7,96.8,94.5,96.5,162825
2026-04-17 14:17:00,14:17:00,96.45,98.9,94.8,94.8,326365
2026-04-17 14:18:00,14:18:00,93.8,98.1,93.65,97.8,227760
2026-04-17 14:19:00,14:19:00,96.85,97.9,96.85,97.45,119535
2026-04-17 14:20:00,14:20:00,97.3,101.6,97.3,101.3,459095
2026-04-17 14:21:00,14:21:00,82.95,82.95,81.05,81.7,589420
2026-04-17 14:22:00,14:22:00,99.6,100.4,95.3,97.9,336895
2026-04-17 14:23:00,14:23:00,97.95,98.25,97.0,97.35,137345
2026-04-17 14:24:00,14:24:00,97.6,99.9,97.2,99.2,174070
2026-04-17 14:25:00,14:25:00,99.1,99.5,97.0,97.6,151645
2026-04-17 14:26:00,14:26:00,97.85,97.85,94.6,94.95,280475
2026-04-17 14:27:00,14:27:00,95.05,96.15,94.0,95.2,185640
2026-04-17 14:28:00,14:28:00,95.05,96.1,92.65,93.35,216190
2026-04-17 14:29:00,14:29:00,93.1,94.0,92.05,92.25,191490
2026-04-17 14:30:00,14:30:00,92.45,94.75,91.45,94.15,208780
2026-04-17 14:31:00,14:31:00,94.15,95.65,93.95,94.65,186030
2026-04-17 14:32:00,14:32:00,94.65,95.35,93.75,95.0,103935
2026-04-17 14:33:00,14:33:00,95.5,96.1,94.1,95.05,139945
2026-04-17 14:34:00,14:34:00,95.5,97.0,94.4,96.85,127075
2026-04-17 14:35:00,14:35:00,97.0,97.8,95.9,96.75,175955
2026-04-17 14:36:00,14:36:00,96.35,101.7,96.0,100.95,577525
2026-04-17 14:37:00,14:37:00,101.55,101.7,99.65,100.0,291200
2026-04-17 14:38:00,14:38:00,81.1,83.2,79.6,82.95,586170
2026-04-17 14:39:00,14:39:00,83.2,83.85,81.95,82.15,683345
2026-04-17 14:40:00,14:40:00,81.7,84.55,81.45,81.45,943150
2026-04-17 14:41:00,14:41:00,81.6,82.9,81.1,82.9,468260
2026-04-17 14:42:00,14:42:00,83.35,86.75,82.8,86.45,1107535
2026-04-17 14:43:00,14:43:00,86.05,90.65,85.9,86.95,1860690
2026-04-17 14:44:00,14:44:00,87.3,91.95,86.95,91.65,1464125
2026-04-17 14:45:00,14:45:00,91.65,93.65,88.9,93.65,1533480
2026-04-17 14:46:00,14:46:00,92.8,99.05,91.75,97.3,2593825
2026-04-17 14:47:00,14:47:00,96.95,97.75,90.8,92.6,1677910
2026-04-17 14:48:00,14:48:00,92.75,93.9,90.7,92.7,895505
2026-04-17 14:49:00,14:49:00,92.25,94.5,92.25,92.5,612040
2026-04-17 14:50:00,14:50:00,92.5,93.45,91.2,93.45,686270
2026-04-17 14:51:00,14:51:00,93.25,95.55,92.7,95.2,857545
2026-04-17 14:52:00,14:52:00,95.35,96.85,93.35,94.55,995605
2026-04-17 14:53:00,14:53:00,94.75,95.35,93.2,93.95,416910
2026-04-17 14:54:00,14:54:00,94.05,94.65,92.7,94.25,447460
2026-04-17 14:55:00,14:55:00,93.55,95.0,92.6,94.0,462995
2026-04-17 14:56:00,14:56:00,93.85,94.0,91.15,92.4,687050
2026-04-17 14:57:00,14:57:00,92.25,92.95,89.8,92.7,882180
2026-04-17 14:58:00,14:58:00,92.65,93.95,92.65,93.25,580125
2026-04-17 14:59:00,14:59:00,92.65,94.25,92.0,92.25,434460
2026-04-17 15:00:00,15:00:00,92.65,95.65,82.95,85.25,2221440
2026-04-17 15:01:00,15:01:00,85.2,88.45,85.2,85.85,1204450
2026-04-17 15:02:00,15:02:00,85.45,86.55,83.75,86.4,834535
2026-04-17 15:03:00,15:03:00,86.6,87.75,85.65,86.3,679380
2026-04-17 15:04:00,15:04:00,86.9,91.65,86.3,91.65,918450
2026-04-17 15:05:00,15:05:00,91.55,94.25,90.9,94.1,1127945
2026-04-17 15:06:00,15:06:00,93.85,94.45,91.3,92.4,819130
2026-04-17 15:07:00,15:07:00,92.25,92.65,90.95,91.9,439855
2026-04-17 15:08:00,15:08:00,91.55,93.15,89.3,93.0,724490
2026-04-17 15:09:00,15:09:00,93.05,93.3,91.9,92.35,429650
2026-04-17 15:10:00,15:10:00,91.1,93.05,91.1,92.75,464750
2026-04-17 15:11:00,15:11:00,92.25,92.95,91.1,92.9,361595
2026-04-17 15:12:00,15:12:00,92.75,92.9,91.6,92.15,347490
2026-04-17 15:13:00,15:13:00,92.4,92.65,90.5,90.75,452790
2026-04-17 15:14:00,15:14:00,90.95,91.9,90.75,91.65,341640
2026-04-17 15:15:00,15:15:00,91.1,91.85,88.6,89.35,735410
2026-04-17 15:16:00,15:16:00,89.2,91.45,88.15,90.85,652080
2026-04-17 15:17:00,15:17:00,90.8,91.85,90.15,91.85,524160
2026-04-17 15:18:00,15:18:00,91.6,91.9,90.7,91.25,332085
2026-04-17 15:19:00,15:19:00,91.25,91.5,90.6,91.1,385125
2026-04-17 15:20:00,15:20:00,90.75,91.1,87.75,88.25,710125
2026-04-17 15:21:00,15:21:00,88.5,89.95,86.95,89.7,566020
2026-04-17 15:22:00,15:22:00,89.3,92.0,89.3,91.4,816855
2026-04-17 15:23:00,15:23:00,91.4,92.55,91.1,92.55,556985
2026-04-17 15:24:00,15:24:00,91.95,92.65,91.45,92.15,589810
2026-04-17 15:25:00,15:25:00,91.65,92.95,91.0,92.6,591760
2026-04-17 15:26:00,15:26:00,92.8,92.95,91.95,92.6,383630
2026-04-17 15:27:00,15:27:00,92.3,92.9,92.0,92.75,564915
2026-04-17 15:28:00,15:28:00,92.5,93.0,91.85,93.0,652860
2026-04-17 15:29:00,15:29:00,92.85,97.9,92.8,97.45,1227915
2026-04-20 09:15:00,09:15:00,232.15,233.1,150.7,156.1,743340
2026-04-20 09:16:00,09:16:00,191.4,195.15,162.85,175.35,1256645
2026-04-20 09:17:00,09:17:00,149.1,167.0,143.7,166.4,1463085
2026-04-20 09:18:00,09:18:00,165.05,171.85,157.4,159.95,760110
2026-04-20 09:19:00,09:19:00,131.65,152.9,129.8,152.4,2452060
2026-04-20 09:20:00,09:20:00,154.8,163.1,152.4,160.35,2966665
2026-04-20 09:21:00,09:21:00,162.2,166.95,154.15,166.75,2191540
2026-04-20 09:22:00,09:22:00,138.35,145.55,135.55,140.55,1722045
2026-04-20 09:23:00,09:23:00,142.05,151.9,140.55,147.95,1501240
2026-04-20 09:24:00,09:24:00,146.15,152.0,144.6,149.0,1053000
2026-04-20 09:25:00,09:25:00,148.8,166.95,148.0,161.3,2187250
2026-04-20 09:26:00,09:26:00,162.1,163.55,144.1,147.35,1179360
2026-04-20 09:27:00,09:27:00,145.65,152.1,145.6,150.0,666900
2026-04-20 09:28:00,09:28:00,152.0,162.5,150.0,155.9,1323790
2026-04-20 09:29:00,09:29:00,155.55,156.4,147.0,147.85,666705
2026-04-20 09:30:00,09:30:00,147.15,151.9,142.2,144.0,915330
2026-04-20 09:31:00,09:31:00,169.8,173.9,167.3,169.6,764530
2026-04-20 09:32:00,09:32:00,169.5,172.15,153.1,158.85,1143415
2026-04-20 09:33:00,09:33:00,157.55,169.7,157.0,168.0,1241760
2026-04-20 09:34:00,09:34:00,167.7,168.3,155.85,161.1,803205
2026-04-20 09:35:00,09:35:00,161.25,165.45,156.35,162.1,687960
2026-04-20 09:36:00,09:36:00,161.65,166.55,153.15,156.85,726505
2026-04-20 09:37:00,09:37:00,155.5,159.45,154.2,155.75,413985
2026-04-20 09:38:00,09:38:00,156.55,160.85,150.05,152.25,714740
2026-04-20 09:39:00,09:39:00,151.7,157.0,150.9,157.0,451555
2026-04-20 09:40:00,09:40:00,155.3,157.0,151.15,156.55,440895
2026-04-20 09:41:00,09:41:00,156.45,161.0,146.8,147.05,1075230
2026-04-20 09:42:00,09:42:00,176.1,181.35,170.45,175.4,257855
2026-04-20 09:43:00,09:43:00,176.0,176.0,163.75,164.1,305955
2026-04-20 09:44:00,09:44:00,164.0,165.3,156.95,159.0,505700
2026-04-20 09:45:00,09:45:00,158.0,159.05,151.6,155.45,541710
2026-04-20 09:46:00,09:46:00,156.7,156.7,150.55,150.55,295230
2026-04-20 09:47:00,09:47:00,149.65,150.55,145.9,148.3,497835
2026-04-20 09:48:00,09:48:00,147.95,150.3,146.45,149.55,448565
2026-04-20 09:49:00,09:49:00,148.5,153.8,148.4,150.5,516685
2026-04-20 09:50:00,09:50:00,151.4,151.4,146.45,149.65,365885
2026-04-20 09:51:00,09:51:00,149.4,155.2,148.45,152.1,554645
2026-04-20 09:52:00,09:52:00,151.9,158.2,151.9,157.7,462605
2026-04-20 09:53:00,09:53:00,156.85,166.55,156.7,162.2,691925
2026-04-20 09:54:00,09:54:00,135.15,150.2,135.15,149.8,2710045
2026-04-20 09:55:00,09:55:00,149.5,154.5,143.25,151.3,2478905
2026-04-20 09:56:00,09:56:00,150.85,151.3,140.95,143.8,1392365
2026-04-20 09:57:00,09:57:00,143.9,147.0,139.75,142.4,907140
2026-04-20 09:58:00,09:58:00,170.6,173.0,166.9,170.75,184730
2026-04-20 09:59:00,09:59:00,140.55,148.65,140.55,147.3,867880
2026-04-20 10:00:00,10:00:00,147.0,148.9,141.6,147.1,757445
2026-04-20 10:01:00,10:01:00,147.5,150.95,144.3,146.1,887380
2026-04-20 10:02:00,10:02:00,144.65,153.9,142.65,153.9,987155
2026-04-20 10:03:00,10:03:00,152.75,167.3,152.15,163.45,2950090
2026-04-20 10:04:00,10:04:00,162.3,163.45,154.4,161.7,1315015
2026-04-20 10:05:00,10:05:00,162.0,165.25,160.05,164.85,1016665
2026-04-20 10:06:00,10:06:00,163.6,164.85,157.55,161.5,840125
2026-04-20 10:07:00,10:07:00,161.0,168.0,160.55,166.75,1098760
2026-04-20 10:08:00,10:08:00,139.85,146.2,138.9,145.3,1794195
2026-04-20 10:09:00,10:09:00,144.4,151.3,142.8,150.75,1616290
2026-04-20 10:10:00,10:10:00,150.9,151.05,143.65,149.55,1208805
2026-04-20 10:11:00,10:11:00,148.55,149.55,144.8,146.05,478920
2026-04-20 10:12:00,10:12:00,175.6,178.55,167.25,168.3,722800
2026-04-20 10:13:00,10:13:00,167.7,173.95,167.7,173.85,402610
2026-04-20 10:14:00,10:14:00,142.3,149.7,141.3,146.85,693485
2026-04-20 10:15:00,10:15:00,148.5,150.05,143.65,149.75,726050
2026-04-20 10:16:00,10:16:00,150.8,154.55,149.75,151.6,1214655
2026-04-20 10:17:00,10:17:00,151.65,159.3,151.25,157.6,1379105
2026-04-20 10:18:00,10:18:00,157.85,159.5,150.55,155.15,955305
2026-04-20 10:19:00,10:19:00,155.2,155.2,150.05,152.5,476515
2026-04-20 10:20:00,10:20:00,152.9,155.7,147.0,148.15,640185
2026-04-20 10:21:00,10:21:00,147.95,150.4,142.2,150.4,800215
2026-04-20 10:22:00,10:22:00,151.15,155.2,149.25,152.15,681265
2026-04-20 10:23:00,10:23:00,152.1,155.6,150.4,155.6,443365
2026-04-20 10:24:00,10:24:00,156.5,162.0,155.6,157.0,1287975
2026-04-20 10:25:00,10:25:00,156.1,157.4,149.7,156.4,822315
2026-04-20 10:26:00,10:26:00,156.5,160.9,156.2,158.55,580125
2026-04-20 10:27:00,10:27:00,158.75,159.4,152.7,157.9,461500
2026-04-20 10:28:00,10:28:00,157.3,163.85,155.75,163.85,876200
2026-04-20 10:29:00,10:29:00,164.15,164.8,159.3,162.9,741975
2026-04-20 10:30:00,10:30:00,135.5,150.15,135.2,149.8,4817215
2026-04-20 10:31:00,10:31:00,150.75,154.1,147.4,153.2,2460510
2026-04-20 10:32:00,10:32:00,151.4,159.75,151.25,156.1,2620410
2026-04-20 10:33:00,10:33:00,156.9,158.3,150.6,155.9,1377285
2026-04-20 10:34:00,10:34:00,155.35,156.5,149.05,151.0,959595
2026-04-20 10:35:00,10:35:00,151.2,155.75,149.55,153.75,956865
2026-04-20 10:36:00,10:36:00,154.55,156.05,149.7,151.6,885495
2026-04-20 10:37:00,10:37:00,151.35,156.4,150.0,153.45,845390
2026-04-20 10:38:00,10:38:00,152.8,154.0,147.55,148.2,1008995
2026-04-20 10:39:00,10:39:00,147.7,151.5,143.85,150.85,1448720
2026-04-20 10:40:00,10:40:00,150.5,157.25,150.5,156.45,1539980
2026-04-20 10:41:00,10:41:00,156.55,156.85,152.75,153.45,863980
2026-04-20 10:42:00,10:42:00,154.35,155.05,150.55,154.9,629785
2026-04-20 10:43:00,10:43:00,154.35,154.9,150.95,154.35,420940
2026-04-20 10:44:00,10:44:00,154.45,156.1,152.75,153.2,539630
2026-04-20 10:45:00,10:45:00,152.25,153.2,147.0,147.2,1011530
2026-04-20 10:46:00,10:46:00,176.3,177.35,170.75,173.55,369720
2026-04-20 10:47:00,10:47:00,146.0,152.45,143.55,150.6,1048255
2026-04-20 10:48:00,10:48:00,151.0,153.3,149.85,153.3,644540
2026-04-20 10:49:00,10:49:00,152.5,153.3,147.35,149.9,450450
2026-04-20 10:50:00,10:50:00,179.8,179.9,171.5,172.45,240305
2026-04-20 10:51:00,10:51:00,172.75,173.25,167.55,168.45,309335
2026-04-20 10:52:00,10:52:00,170.1,177.75,168.45,172.65,292240
2026-04-20 10:53:00,10:53:00,144.15,147.45,143.55,146.95,382525
2026-04-20 10:54:00,10:54:00,147.65,149.0,144.55,147.0,586625
2026-04-20 10:55:00,10:55:00,175.5,176.0,169.35,171.2,251420
2026-04-20 10:56:00,10:56:00,171.2,173.4,168.95,172.55,117130
2026-04-20 10:57:00,10:57:00,144.0,148.35,143.8,146.95,620685
2026-04-20 10:58:00,10:58:00,147.2,149.9,145.55,148.95,683800
2026-04-20 10:59:00,10:59:00,149.1,149.9,146.75,149.0,537615
2026-04-20 11:00:00,11:00:00,177.9,178.5,169.1,174.3,316030
2026-04-20 11:01:00,11:01:00,174.6,176.1,170.7,172.25,114530
2026-04-20 11:02:00,11:02:00,173.6,175.05,169.45,171.35,145470
2026-04-20 11:03:00,11:03:00,171.35,177.75,170.05,177.55,128050
2026-04-20 11:04:00,11:04:00,148.05,154.9,146.35,154.0,1063400
2026-04-20 11:05:00,11:05:00,153.2,154.9,150.3,154.05,955435
2026-04-20 11:06:00,11:06:00,154.3,156.05,146.9,148.0,1237730
2026-04-20 11:07:00,11:07:00,148.7,151.0,148.0,148.95,399555
2026-04-20 11:08:00,11:08:00,178.1,179.25,171.05,171.5,211705
2026-04-20 11:09:00,11:09:00,171.25,171.55,166.4,167.9,318955
2026-04-20 11:10:00,11:10:00,167.15,169.55,161.5,168.55,659035
2026-04-20 11:11:00,11:11:00,167.65,169.6,165.45,166.3,232245
2026-04-20 11:12:00,11:12:00,166.55,172.75,166.3,170.0,285675
2026-04-20 11:13:00,11:13:00,167.8,171.45,167.3,171.05,177320
2026-04-20 11:14:00,11:14:00,171.45,171.6,163.05,163.05,281320
2026-04-20 11:15:00,11:15:00,163.05,173.75,163.05,173.75,224250
2026-04-20 11:16:00,11:16:00,174.3,177.5,169.6,170.5,367445
2026-04-20 11:17:00,11:17:00,169.6,175.75,169.6,174.6,133575
2026-04-20 11:18:00,11:18:00,145.7,152.7,145.05,149.7,1067820
2026-04-20 11:19:00,11:19:00,150.1,150.5,145.4,148.1,641550
2026-04-20 11:20:00,11:20:00,147.5,150.6,146.65,150.4,480285
2026-04-20 11:21:00,11:21:00,150.05,153.1,147.45,152.5,723385
2026-04-20 11:22:00,11:22:00,153.5,154.35,148.3,153.0,725010
2026-04-20 11:23:00,11:23:00,152.9,156.45,150.75,155.65,938665
2026-04-20 11:24:00,11:24:00,159.3,169.35,155.65,166.2,3103945
2026-04-20 11:25:00,11:25:00,166.75,169.1,164.4,167.6,1354405
2026-04-20 11:26:00,11:26:00,167.85,168.85,166.0,168.0,911690
2026-04-20 11:27:00,11:27:00,167.5,168.1,159.25,165.0,1149980
2026-04-20 11:28:00,11:28:00,165.9,168.85,165.0,167.9,715975
2026-04-20 11:29:00,11:29:00,168.1,172.0,166.7,167.15,1247415
2026-04-20 11:30:00,11:30:00,168.5,170.05,165.25,167.25,665860
2026-04-20 11:31:00,11:31:00,166.8,167.25,160.05,162.1,815815
2026-04-20 11:32:00,11:32:00,162.25,166.5,160.55,165.8,526825
2026-04-20 11:33:00,11:33:00,165.8,165.8,161.3,162.45,340145
2026-04-20 11:34:00,11:34:00,162.0,164.1,160.6,160.6,270400
2026-04-20 11:35:00,11:35:00,161.2,166.75,158.75,166.75,724945
2026-04-20 11:36:00,11:36:00,166.75,167.2,160.05,162.0,516815
2026-04-20 11:37:00,11:37:00,162.6,163.9,160.25,161.25,259220
2026-04-20 11:38:00,11:38:00,160.0,163.0,156.05,162.65,814515
2026-04-20 11:39:00,11:39:00,163.1,165.35,162.65,164.95,707655
2026-04-20 11:40:00,11:40:00,164.8,166.7,163.05,165.65,410540
2026-04-20 11:41:00,11:41:00,166.4,166.95,160.95,164.2,388765
2026-04-20 11:42:00,11:42:00,163.7,167.5,163.2,167.4,414960
2026-04-20 11:43:00,11:43:00,168.0,169.0,166.05,167.75,697515
2026-04-20 11:44:00,11:44:00,167.7,168.9,162.55,164.2,526500
2026-04-20 11:45:00,11:45:00,164.05,167.9,163.9,167.65,312130
2026-04-20 11:46:00,11:46:00,168.45,170.45,167.3,167.3,587340
2026-04-20 11:47:00,11:47:00,167.8,170.45,165.85,167.5,399620
2026-04-20 11:48:00,11:48:00,167.5,168.95,160.65,162.05,573950
2026-04-20 11:49:00,11:49:00,162.05,165.65,160.75,165.65,369525
2026-04-20 11:50:00,11:50:00,165.0,165.65,160.3,160.3,337610
2026-04-20 11:51:00,11:51:00,161.35,163.8,158.7,158.95,376350
2026-04-20 11:52:00,11:52:00,158.5,161.45,158.4,160.4,287430
2026-04-20 11:53:00,11:53:00,161.4,163.0,159.15,162.4,222560
2026-04-20 11:54:00,11:54:00,163.1,166.6,161.95,165.45,422500
2026-04-20 11:55:00,11:55:00,165.8,167.2,162.65,164.6,350610
2026-04-20 11:56:00,11:56:00,163.55,165.7,161.45,164.0,231855
2026-04-20 11:57:00,11:57:00,164.65,166.0,163.3,165.0,147940
2026-04-20 11:58:00,11:58:00,165.2,167.45,164.0,167.0,253110
2026-04-20 11:59:00,11:59:00,167.4,167.4,161.65,165.0,295555
2026-04-20 12:00:00,12:00:00,166.5,170.3,164.4,167.8,581815
2026-04-20 12:01:00,12:01:00,167.55,168.75,161.7,161.7,392145
2026-04-20 12:02:00,12:02:00,162.3,165.3,160.85,165.2,289965
2026-04-20 12:03:00,12:03:00,165.35,165.45,160.8,161.25,201305
2026-04-20 12:04:00,12:04:00,160.9,162.6,159.7,160.95,337610
2026-04-20 12:05:00,12:05:00,161.2,161.9,156.35,156.8,494715
2026-04-20 12:06:00,12:06:00,156.05,158.25,154.55,158.25,648570
2026-04-20 12:07:00,12:07:00,157.75,159.2,155.4,156.75,448695
2026-04-20 12:08:00,12:08:00,157.25,161.0,156.75,159.85,318890
2026-04-20 12:09:00,12:09:00,158.75,159.3,154.7,156.0,408525
2026-04-20 12:10:00,12:10:00,156.6,156.6,150.95,153.35,785785
2026-04-20 12:11:00,12:11:00,153.45,155.65,152.2,154.4,433355
2026-04-20 12:12:00,12:12:00,154.5,157.45,153.65,154.2,331240
2026-04-20 12:13:00,12:13:00,154.5,154.85,149.0,149.1,772655
2026-04-20 12:14:00,12:14:00,148.9,150.25,144.6,150.25,1307930
2026-04-20 12:15:00,12:15:00,149.65,151.15,147.9,150.45,694850
2026-04-20 12:16:00,12:16:00,151.0,153.4,143.4,146.45,957320
2026-04-20 12:17:00,12:17:00,146.8,148.3,144.5,146.25,380120
2026-04-20 12:18:00,12:18:00,146.85,148.35,144.8,147.85,265850
2026-04-20 12:19:00,12:19:00,147.8,147.85,143.55,147.2,421395
2026-04-20 12:20:00,12:20:00,146.85,150.5,146.6,150.45,571740
2026-04-20 12:21:00,12:21:00,150.5,152.3,149.0,149.55,715455
2026-04-20 12:22:00,12:22:00,148.7,154.25,148.7,153.75,577655
2026-04-20 12:23:00,12:23:00,154.35,155.35,150.45,153.75,623480
2026-04-20 12:24:00,12:24:00,153.6,155.2,151.6,155.05,359125
2026-04-20 12:25:00,12:25:00,155.35,157.8,154.0,157.8,614510
2026-04-20 12:26:00,12:26:00,157.45,167.25,152.7,166.85,1774890
2026-04-20 12:27:00,12:27:00,165.85,167.4,163.5,166.95,970645
2026-04-20 12:28:00,12:28:00,166.6,166.95,160.5,161.2,602550
2026-04-20 12:29:00,12:29:00,160.65,167.95,160.15,165.8,742820
2026-04-20 12:30:00,12:30:00,166.95,171.3,164.1,165.35,928525
2026-04-20 12:31:00,12:31:00,163.75,165.35,159.6,162.5,616135
2026-04-20 12:32:00,12:32:00,162.0,167.8,162.0,167.8,338585
2026-04-20 12:33:00,12:33:00,167.45,171.9,166.75,169.6,878475
2026-04-20 12:34:00,12:34:00,169.75,170.95,166.55,167.3,445120
2026-04-20 12:35:00,12:35:00,167.05,170.3,164.05,165.65,453895
2026-04-20 12:36:00,12:36:00,165.15,166.4,158.55,163.65,736060
2026-04-20 12:37:00,12:37:00,163.8,165.3,161.25,162.0,352885
2026-04-20 12:38:00,12:38:00,161.25,169.7,160.75,168.5,512265
2026-04-20 12:39:00,12:39:00,168.8,170.45,166.25,168.0,465595
2026-04-20 12:40:00,12:40:00,168.05,170.0,163.0,165.25,465010
2026-04-20 12:41:00,12:41:00,165.75,168.65,164.15,164.95,264615
2026-04-20 12:42:00,12:42:00,166.5,168.8,164.95,165.4,198575
2026-04-20 12:43:00,12:43:00,165.6,166.7,163.9,164.7,160550
2026-04-20 12:44:00,12:44:00,164.9,165.7,161.45,165.55,314405
2026-04-20 12:45:00,12:45:00,165.6,165.9,163.05,164.05,150020
2026-04-20 12:46:00,12:46:00,162.25,166.5,162.2,165.7,232895
2026-04-20 12:47:00,12:47:00,166.55,172.05,165.05,171.4,701870
2026-04-20 12:48:00,12:48:00,171.2,174.75,169.6,171.45,813930
2026-04-20 12:49:00,12:49:00,171.9,171.9,167.1,170.0,440245
2026-04-20 12:50:00,12:50:00,170.0,174.35,169.1,172.35,487500
2026-04-20 12:51:00,12:51:00,142.8,149.45,140.1,147.0,995345
2026-04-20 12:52:00,12:52:00,147.55,149.1,145.05,147.0,1015560
2026-04-20 12:53:00,12:53:00,146.8,147.45,142.0,144.6,674765
2026-04-20 12:54:00,12:54:00,176.3,178.85,168.65,169.4,632450
2026-04-20 12:55:00,12:55:00,141.5,143.3,138.95,143.0,564395
2026-04-20 12:56:00,12:56:00,172.9,173.0,166.05,166.1,449735
2026-04-20 12:57:00,12:57:00,167.05,170.0,164.4,165.2,463190
2026-04-20 12:58:00,12:58:00,165.35,165.35,160.95,164.25,535990
2026-04-20 12:59:00,12:59:00,165.0,165.45,162.0,162.9,293605
2026-04-20 13:00:00,13:00:00,162.65,163.55,132.3,148.8,2343380
2026-04-20 13:01:00,13:01:00,150.05,151.75,143.45,143.7,1436045
2026-04-20 13:02:00,13:02:00,144.5,150.55,143.7,149.2,832780
2026-04-20 13:03:00,13:03:00,149.45,152.5,146.9,149.6,679640
2026-04-20 13:04:00,13:04:00,149.3,149.95,147.0,148.25,408980
2026-04-20 13:05:00,13:05:00,149.15,153.3,146.0,150.95,779025
2026-04-20 13:06:00,13:06:00,148.95,150.95,138.35,140.55,1560260
2026-04-20 13:07:00,13:07:00,140.5,143.25,135.9,142.15,931060
2026-04-20 13:08:00,13:08:00,172.35,172.8,168.0,168.35,135330
2026-04-20 13:09:00,13:09:00,168.15,173.2,167.6,167.6,136890
2026-04-20 13:10:00,13:10:00,166.85,168.65,163.8,164.25,289120
2026-04-20 13:11:00,13:11:00,164.2,165.05,156.05,160.35,661440
2026-04-20 13:12:00,13:12:00,158.75,166.7,156.35,166.25,469495
2026-04-20 13:13:00,13:13:00,165.3,167.65,164.3,167.5,248495
2026-04-20 13:14:00,13:14:00,166.7,168.8,162.95,162.95,256815
2026-04-20 13:15:00,13:15:00,162.0,162.95,157.25,158.75,283920
2026-04-20 13:16:00,13:16:00,159.25,164.95,153.2,164.45,568425
2026-04-20 13:17:00,13:17:00,162.05,168.0,162.05,167.45,301730
2026-04-20 13:18:00,13:18:00,167.2,168.25,164.15,166.8,285480
2026-04-20 13:19:00,13:19:00,165.3,166.8,162.65,163.7,146445
2026-04-20 13:20:00,13:20:00,163.0,165.5,161.4,163.3,132145
2026-04-20 13:21:00,13:21:00,162.95,163.3,156.7,159.6,263510
2026-04-20 13:22:00,13:22:00,160.1,160.95,151.55,153.5,316420
2026-04-20 13:23:00,13:23:00,153.3,153.5,144.8,144.8,940680
2026-04-20 13:24:00,13:24:00,144.5,153.35,142.9,148.25,639470
2026-04-20 13:25:00,13:25:00,148.75,148.75,141.7,141.7,428090
2026-04-20 13:26:00,13:26:00,169.7,170.4,161.9,166.2,614445
2026-04-20 13:27:00,13:27:00,166.9,166.9,161.1,163.9,410280
2026-04-20 13:28:00,13:28:00,163.1,167.0,160.15,166.6,412425
2026-04-20 13:29:00,13:29:00,138.6,150.1,138.15,150.1,1026545
2026-04-20 13:30:00,13:30:00,150.45,154.3,147.45,148.2,1110590
2026-04-20 13:31:00,13:31:00,148.6,148.6,143.15,145.3,565110
2026-04-20 13:32:00,13:32:00,145.4,146.0,140.0,144.1,387205
2026-04-20 13:33:00,13:33:00,144.4,150.4,143.0,148.3,394420
2026-04-20 13:34:00,13:34:00,148.35,150.2,147.25,147.9,344500
2026-04-20 13:35:00,13:35:00,148.0,148.2,144.4,147.1,299390
2026-04-20 13:36:00,13:36:00,175.2,176.45,163.3,165.45,437970
2026-04-20 13:37:00,13:37:00,164.85,170.6,161.95,164.2,334945
2026-04-20 13:38:00,13:38:00,136.3,142.25,135.4,140.2,367120
2026-04-20 13:39:00,13:39:00,140.25,140.45,137.85,140.45,162500
2026-04-20 13:40:00,13:40:00,139.85,144.7,136.1,142.5,306345
2026-04-20 13:41:00,13:41:00,142.6,145.85,140.05,144.1,416780
2026-04-20 13:42:00,13:42:00,144.8,149.1,143.25,148.5,434460
2026-04-20 13:43:00,13:43:00,148.4,153.9,147.45,151.5,688220
2026-04-20 13:44:00,13:44:00,151.6,153.95,147.2,147.25,478400
2026-04-20 13:45:00,13:45:00,147.5,148.9,145.1,146.55,385970
2026-04-20 13:46:00,13:46:00,146.1,146.7,141.1,145.2,413465
2026-04-20 13:47:00,13:47:00,145.2,150.35,144.8,148.8,361725
2026-04-20 13:48:00,13:48:00,148.3,148.8,144.65,145.9,251030
2026-04-20 13:49:00,13:49:00,145.75,146.75,140.65,142.15,303030
2026-04-20 13:50:00,13:50:00,142.1,144.0,139.95,143.8,332280
2026-04-20 13:51:00,13:51:00,143.05,144.25,137.85,141.25,410150
2026-04-20 13:52:00,13:52:00,170.0,171.1,166.75,170.45,158860
2026-04-20 13:53:00,13:53:00,142.5,145.6,142.05,142.5,367445
2026-04-20 13:54:00,13:54:00,143.0,150.3,142.5,147.3,520000
2026-04-20 13:55:00,13:55:00,146.65,147.35,141.15,142.35,356785
2026-04-20 13:56:00,13:56:00,142.35,143.35,139.55,141.35,251940
2026-04-20 13:57:00,13:57:00,141.55,146.8,138.45,145.9,320580
2026-04-20 13:58:00,13:58:00,145.85,148.7,141.0,143.95,373815
2026-04-20 13:59:00,13:59:00,145.25,149.5,143.95,146.85,351000
2026-04-20 14:00:00,14:00:00,147.3,147.85,141.0,141.0,328315
2026-04-20 14:01:00,14:01:00,138.0,142.8,138.0,142.8,430170
2026-04-20 14:02:00,14:02:00,142.55,142.8,134.45,139.1,557310
2026-04-20 14:03:00,14:03:00,139.7,146.3,139.1,144.75,343135
2026-04-20 14:04:00,14:04:00,144.5,149.0,141.75,146.85,415935
2026-04-20 14:05:00,14:05:00,145.9,146.85,140.0,143.25,335075
2026-04-20 14:06:00,14:06:00,142.8,143.7,136.6,137.75,302120
2026-04-20 14:07:00,14:07:00,138.3,139.05,134.7,136.95,415285
2026-04-20 14:08:00,14:08:00,165.95,167.15,163.0,163.75,205400
2026-04-20 14:09:00,14:09:00,133.55,139.35,133.3,139.2,387530
2026-04-20 14:10:00,14:10:00,139.2,144.0,139.1,144.0,466050
2026-04-20 14:11:00,14:11:00,146.3,148.3,141.7,144.05,493935
2026-04-20 14:12:00,14:12:00,144.1,147.35,141.55,142.35,304460
2026-04-20 14:13:00,14:13:00,142.6,146.15,140.2,145.5,194220
2026-04-20 14:14:00,14:14:00,145.75,147.25,141.9,146.35,238420
2026-04-20 14:15:00,14:15:00,145.45,147.6,142.45,146.45,299260
2026-04-20 14:16:00,14:16:00,145.65,148.2,142.75,148.2,285025
2026-04-20 14:17:00,14:17:00,149.35,149.9,145.55,146.7,623285
2026-04-20 14:18:00,14:18:00,146.45,148.45,142.6,143.6,341770
2026-04-20 14:19:00,14:19:00,143.7,146.55,139.55,145.45,363415
2026-04-20 14:20:00,14:20:00,145.6,150.9,145.0,150.9,382590
2026-04-20 14:21:00,14:21:00,150.8,150.9,146.2,146.5,410280
2026-04-20 14:22:00,14:22:00,145.8,147.3,143.55,146.15,293930
2026-04-20 14:23:00,14:23:00,146.45,150.75,145.25,150.75,235560
2026-04-20 14:24:00,14:24:00,150.25,164.0,149.75,159.6,1574170
2026-04-20 14:25:00,14:25:00,159.7,168.5,159.6,163.05,1005875
2026-04-20 14:26:00,14:26:00,164.2,165.5,155.05,159.25,670995
2026-04-20 14:27:00,14:27:00,131.5,138.9,129.2,135.8,1948375
2026-04-20 14:28:00,14:28:00,135.25,141.2,135.25,139.3,2111850
2026-04-20 14:29:00,14:29:00,139.0,139.45,133.55,135.15,1310855
2026-04-20 14:30:00,14:30:00,163.55,164.05,155.2,155.8,519350
2026-04-20 14:31:00,14:31:00,155.45,159.6,155.45,157.85,334620
2026-04-20 14:32:00,14:32:00,158.45,158.45,149.5,155.5,656110
2026-04-20 14:33:00,14:33:00,155.3,160.2,153.75,159.65,350025
2026-04-20 14:34:00,14:34:00,159.15,161.35,155.65,158.85,309985
2026-04-20 14:35:00,14:35:00,159.15,160.75,157.0,157.85,254995
2026-04-20 14:36:00,14:36:00,130.4,135.0,129.75,133.1,1098305
2026-04-20 14:37:00,14:37:00,161.25,161.85,156.0,156.0,254540
2026-04-20 14:38:00,14:38:00,156.0,156.0,151.4,151.4,346255
2026-04-20 14:39:00,14:39:00,150.9,152.1,145.4,150.0,562120
2026-04-20 14:40:00,14:40:00,150.05,150.1,144.5,149.05,323310
2026-04-20 14:41:00,14:41:00,147.9,149.95,143.4,143.5,219830
2026-04-20 14:42:00,14:42:00,143.8,147.7,143.5,146.9,181805
2026-04-20 14:43:00,14:43:00,147.0,148.5,145.1,145.9,180115
2026-04-20 14:44:00,14:44:00,146.2,151.2,144.45,150.45,287300
2026-04-20 14:45:00,14:45:00,150.0,151.45,144.1,147.55,502320
2026-04-20 14:46:00,14:46:00,146.7,148.0,131.55,138.95,1170325
2026-04-20 14:47:00,14:47:00,138.1,140.55,133.1,134.35,498745
2026-04-20 14:48:00,14:48:00,133.45,139.5,133.45,138.4,373880
2026-04-20 14:49:00,14:49:00,139.0,145.7,138.4,145.2,481325
2026-04-20 14:50:00,14:50:00,145.65,146.5,142.2,143.8,431795
2026-04-20 14:51:00,14:51:00,144.0,147.2,142.5,146.35,255060
2026-04-20 14:52:00,14:52:00,146.45,148.65,146.05,147.7,301860
2026-04-20 14:53:00,14:53:00,147.2,148.25,145.45,147.3,191815
2026-04-20 14:54:00,14:54:00,147.45,151.5,145.95,150.55,289120
2026-04-20 14:55:00,14:55:00,149.9,152.8,144.5,146.35,516815
2026-04-20 14:56:00,14:56:00,146.2,148.95,145.9,146.8,338780
2026-04-20 14:57:00,14:57:00,146.8,148.5,142.8,142.8,419055
2026-04-20 14:58:00,14:58:00,143.15,147.95,142.8,147.1,172120
2026-04-20 14:59:00,14:59:00,147.75,151.45,147.1,148.4,459160
2026-04-20 15:00:00,15:00:00,149.05,163.65,148.4,156.65,1023360
2026-04-20 15:01:00,15:01:00,156.55,160.25,155.6,160.25,487175
2026-04-20 15:02:00,15:02:00,161.1,161.1,153.85,154.25,358345
2026-04-20 15:03:00,15:03:00,154.6,156.3,151.5,152.55,299975
2026-04-20 15:04:00,15:04:00,152.1,152.55,148.45,151.85,353795
2026-04-20 15:05:00,15:05:00,151.45,151.85,145.75,148.75,396630
2026-04-20 15:06:00,15:06:00,148.0,149.45,141.3,143.4,468130
2026-04-20 15:07:00,15:07:00,143.5,145.4,142.0,144.6,244855
2026-04-20 15:08:00,15:08:00,145.15,145.15,139.15,144.2,438945
2026-04-20 15:09:00,15:09:00,144.05,146.0,142.05,142.25,309725
2026-04-20 15:10:00,15:10:00,142.25,145.0,141.3,145.0,288665
2026-04-20 15:11:00,15:11:00,145.4,145.45,143.5,143.8,214500
2026-04-20 15:12:00,15:12:00,143.95,143.95,141.25,141.7,214110
2026-04-20 15:13:00,15:13:00,141.85,141.85,136.25,138.85,377195
2026-04-20 15:14:00,15:14:00,140.6,140.9,134.25,136.5,398190
2026-04-20 15:15:00,15:15:00,164.25,164.25,155.05,157.8,803400
2026-04-20 15:16:00,15:16:00,157.6,158.05,148.05,149.4,587860
2026-04-20 15:17:00,15:17:00,149.05,150.05,141.4,146.9,909025
2026-04-20 15:18:00,15:18:00,146.55,146.9,128.8,133.5,1250080
2026-04-20 15:19:00,15:19:00,132.95,135.9,127.4,130.05,821405
2026-04-20 15:20:00,15:20:00,130.15,139.4,129.75,137.6,980720
2026-04-20 15:21:00,15:21:00,136.45,137.6,133.65,135.95,632775
2026-04-20 15:22:00,15:22:00,135.0,138.45,133.4,134.0,641160
2026-04-20 15:23:00,15:23:00,134.0,135.15,131.5,133.25,528515
2026-04-20 15:24:00,15:24:00,160.6,161.25,152.8,156.3,141310
2026-04-20 15:25:00,15:25:00,128.05,135.7,128.05,133.95,776035
2026-04-20 15:26:00,15:26:00,133.8,137.35,133.8,135.8,603655
2026-04-20 15:27:00,15:27:00,135.0,139.4,134.85,137.75,517530
2026-04-20 15:28:00,15:28:00,138.0,138.0,132.65,132.65,571090
2026-04-20 15:29:00,15:29:00,133.65,135.05,132.15,132.45,1013480
2026-04-21 09:15:00,09:15:00,128.15,128.15,80.65,117.55,3975985
2026-04-21 09:16:00,09:16:00,116.65,125.0,113.1,117.55,3192020
2026-04-21 09:17:00,09:17:00,115.0,124.4,113.45,119.7,1303770
2026-04-21 09:18:00,09:18:00,119.5,132.2,119.5,131.15,1889745
2026-04-21 09:19:00,09:19:00,129.6,139.5,127.1,138.7,1459445
2026-04-21 09:20:00,09:20:00,139.8,150.95,138.7,141.85,1785355
2026-04-21 09:21:00,09:21:00,142.45,146.65,134.1,134.1,802295
2026-04-21 09:22:00,09:22:00,134.25,144.5,129.3,140.15,1123525
2026-04-21 09:23:00,09:23:00,107.65,113.4,104.9,113.4,2319005
2026-04-21 09:24:00,09:24:00,149.6,155.0,137.05,137.05,1153165
2026-04-21 09:25:00,09:25:00,137.2,140.8,125.25,140.2,1208480
2026-04-21 09:26:00,09:26:00,142.0,146.6,138.3,139.3,952445
2026-04-21 09:27:00,09:27:00,140.25,143.8,133.75,134.9,514150
2026-04-21 09:28:00,09:28:00,136.65,137.85,131.85,132.3,379600
2026-04-21 09:29:00,09:29:00,132.4,134.2,128.05,128.05,430885
2026-04-21 09:30:00,09:30:00,126.7,130.9,121.2,121.2,807235
2026-04-21 09:31:00,09:31:00,121.85,131.7,117.35,131.3,954070
2026-04-21 09:32:00,09:32:00,132.65,140.0,129.8,136.3,859105
2026-04-21 09:33:00,09:33:00,137.25,139.45,133.35,134.7,551265
2026-04-21 09:34:00,09:34:00,134.45,136.8,126.75,136.25,611195
2026-04-21 09:35:00,09:35:00,136.55,148.85,135.0,142.75,1477775
2026-04-21 09:36:00,09:36:00,144.8,147.6,132.95,136.6,931515
2026-04-21 09:37:00,09:37:00,136.4,141.9,135.0,137.5,409630
2026-04-21 09:38:00,09:38:00,138.45,150.75,137.5,144.85,857675
2026-04-21 09:39:00,09:39:00,143.65,146.25,138.0,140.1,418990
2026-04-21 09:40:00,09:40:00,140.8,141.1,127.15,128.15,676455
2026-04-21 09:41:00,09:41:00,126.5,136.85,126.5,136.7,618865
2026-04-21 09:42:00,09:42:00,141.3,141.3,133.05,133.05,554970
2026-04-21 09:43:00,09:43:00,132.4,132.6,123.3,131.8,741780
2026-04-21 09:44:00,09:44:00,131.4,140.4,131.4,138.7,528580
2026-04-21 09:45:00,09:45:00,100.0,132.15,100.0,130.95,7174895
2026-04-21 09:46:00,09:46:00,132.5,141.7,125.5,135.5,5378685
2026-04-21 09:47:00,09:47:00,136.75,137.7,124.4,126.2,2203045
2026-04-21 09:48:00,09:48:00,126.2,133.75,126.2,129.7,1599520
2026-04-21 09:49:00,09:49:00,130.65,132.15,127.95,131.3,867750
2026-04-21 09:50:00,09:50:00,129.55,137.15,128.65,137.15,1523925
2026-04-21 09:51:00,09:51:00,137.3,137.6,127.5,128.85,1785810
2026-04-21 09:52:00,09:52:00,129.1,131.5,118.0,118.7,1890460
2026-04-21 09:53:00,09:53:00,119.15,122.35,117.0,120.05,1196585
2026-04-21 09:54:00,09:54:00,119.8,126.6,114.8,126.15,1725555
2026-04-21 09:55:00,09:55:00,125.75,127.65,121.0,124.25,1171755
2026-04-21 09:56:00,09:56:00,124.4,126.2,119.0,120.95,790725
2026-04-21 09:57:00,09:57:00,118.85,128.45,118.6,127.85,987805
2026-04-21 09:58:00,09:58:00,126.25,127.85,122.45,123.45,640315
2026-04-21 09:59:00,09:59:00,123.85,127.55,123.45,127.55,521365
2026-04-21 10:00:00,10:00:00,128.75,132.05,125.5,130.0,1379560
2026-04-21 10:01:00,10:01:00,130.0,131.35,124.6,125.9,893295
2026-04-21 10:02:00,10:02:00,124.55,128.35,123.25,124.55,551655
2026-04-21 10:03:00,10:03:00,124.7,136.05,123.0,134.65,1357850
2026-04-21 10:04:00,10:04:00,136.05,140.4,132.1,140.2,1796730
2026-04-21 10:05:00,10:05:00,140.4,140.6,132.0,134.05,1732770
2026-04-21 10:06:00,10:06:00,136.2,139.5,129.4,138.1,1130220
2026-04-21 10:07:00,10:07:00,137.45,143.25,136.9,139.9,1393080
2026-04-21 10:08:00,10:08:00,139.25,147.0,138.05,142.85,1395485
2026-04-21 10:09:00,10:09:00,143.1,144.4,139.3,144.0,729755
2026-04-21 10:10:00,10:10:00,145.2,145.3,135.75,141.35,1129895
2026-04-21 10:11:00,10:11:00,141.25,141.6,131.75,134.25,878605
2026-04-21 10:12:00,10:12:00,133.85,138.65,133.65,136.25,561145
2026-04-21 10:13:00,10:13:00,136.05,140.7,136.0,138.45,444340
2026-04-21 10:14:00,10:14:00,138.35,138.45,131.5,133.85,666055
2026-04-21 10:15:00,10:15:00,134.45,139.25,133.85,137.45,581230
2026-04-21 10:16:00,10:16:00,137.6,139.35,132.6,134.4,595660
2026-04-21 10:17:00,10:17:00,133.9,134.7,130.4,134.25,640965
2026-04-21 10:18:00,10:18:00,132.75,134.25,127.85,129.2,568165
2026-04-21 10:19:00,10:19:00,128.25,132.35,124.5,124.85,678210
2026-04-21 10:20:00,10:20:00,124.95,124.95,118.55,123.55,1195025
2026-04-21 10:21:00,10:21:00,123.65,125.1,117.6,122.55,789100
2026-04-21 10:22:00,10:22:00,123.0,123.0,117.25,117.95,568295
2026-04-21 10:23:00,10:23:00,118.05,118.95,115.4,116.8,700635
2026-04-21 10:24:00,10:24:00,117.0,119.45,116.25,119.45,597090
2026-04-21 10:25:00,10:25:00,119.5,119.7,111.55,117.55,1269580
2026-04-21 10:26:00,10:26:00,116.45,119.4,114.2,115.9,624650
2026-04-21 10:27:00,10:27:00,115.85,118.3,111.0,111.8,822900
2026-04-21 10:28:00,10:28:00,110.0,115.7,109.8,111.5,817570
2026-04-21 10:29:00,10:29:00,112.05,117.2,109.7,116.35,763620
2026-04-21 10:30:00,10:30:00,116.75,121.75,114.65,121.3,1398735
2026-04-21 10:31:00,10:31:00,124.3,129.7,121.3,125.95,2449915
2026-04-21 10:32:00,10:32:00,124.85,128.35,120.0,121.45,1111110
2026-04-21 10:33:00,10:33:00,121.7,135.7,121.45,131.55,1938235
2026-04-21 10:34:00,10:34:00,91.4,104.4,90.95,103.05,2970890
2026-04-21 10:35:00,10:35:00,102.9,109.55,102.9,109.3,3078985
2026-04-21 10:36:00,10:36:00,107.2,109.3,103.85,106.35,1486680
2026-04-21 10:37:00,10:37:00,106.0,106.35,99.45,101.5,1275365
2026-04-21 10:38:00,10:38:00,101.6,103.45,99.9,103.0,706680
2026-04-21 10:39:00,10:39:00,103.5,107.1,101.8,105.7,913445
2026-04-21 10:40:00,10:40:00,105.35,106.5,104.0,106.05,609830
2026-04-21 10:41:00,10:41:00,148.6,149.45,135.35,135.35,1137825
2026-04-21 10:42:00,10:42:00,133.95,141.0,133.9,138.4,823095
2026-04-21 10:43:00,10:43:00,98.6,101.35,96.65,100.05,811980
2026-04-21 10:44:00,10:44:00,101.0,102.3,99.1,100.75,603395
2026-04-21 10:45:00,10:45:00,100.95,105.8,100.35,103.45,980135
2026-04-21 10:46:00,10:46:00,144.8,145.95,139.95,141.45,501930
2026-04-21 10:47:00,10:47:00,141.9,142.25,137.2,138.4,430560
2026-04-21 10:48:00,10:48:00,138.95,141.25,137.15,140.5,321100
2026-04-21 10:49:00,10:49:00,98.85,101.0,98.8,100.25,588380
2026-04-21 10:50:00,10:50:00,100.1,101.5,96.9,100.0,531310
2026-04-21 10:51:00,10:51:00,99.9,109.1,99.9,108.7,1377610
2026-04-21 10:52:00,10:52:00,108.75,109.0,103.2,105.15,1095055
2026-04-21 10:53:00,10:53:00,104.7,107.0,102.6,105.35,672165
2026-04-21 10:54:00,10:54:00,105.4,112.75,105.35,109.6,1645605
2026-04-21 10:55:00,10:55:00,110.35,119.45,109.6,113.0,2678325
2026-04-21 10:56:00,10:56:00,113.4,116.05,111.15,112.65,925210
2026-04-21 10:57:00,10:57:00,112.9,114.2,109.95,113.95,822900
2026-04-21 10:58:00,10:58:00,113.55,125.0,113.55,122.05,2122705
2026-04-21 10:59:00,10:59:00,121.4,126.75,117.4,120.2,1622855
2026-04-21 11:00:00,11:00:00,119.8,122.0,115.7,121.0,923715
2026-04-21 11:01:00,11:01:00,120.25,121.0,110.2,111.55,1034605
2026-04-21 11:02:00,11:02:00,111.55,115.05,109.25,114.45,819650
2026-04-21 11:03:00,11:03:00,114.45,115.95,112.7,114.3,480155
2026-04-21 11:04:00,11:04:00,114.3,119.25,114.3,119.05,515580
2026-04-21 11:05:00,11:05:00,119.1,122.7,118.4,122.6,976365
2026-04-21 11:06:00,11:06:00,122.45,122.95,118.05,120.65,643955
2026-04-21 11:07:00,11:07:00,120.65,124.85,120.65,122.9,820625
2026-04-21 11:08:00,11:08:00,122.4,124.8,121.4,122.65,739440
2026-04-21 11:09:00,11:09:00,123.6,124.45,117.55,118.5,633880
2026-04-21 11:10:00,11:10:00,118.9,118.9,112.0,115.55,763360
2026-04-21 11:11:00,11:11:00,114.8,116.9,114.0,115.75,321555
2026-04-21 11:12:00,11:12:00,115.6,118.0,115.15,117.85,237120
2026-04-21 11:13:00,11:13:00,117.95,121.25,116.35,117.6,546520
2026-04-21 11:14:00,11:14:00,118.3,121.0,117.4,119.3,309920
2026-04-21 11:15:00,11:15:00,119.1,120.4,116.0,116.0,339235
2026-04-21 11:16:00,11:16:00,116.9,116.95,112.25,112.25,476190
2026-04-21 11:17:00,11:17:00,111.7,117.05,111.45,115.85,307190
2026-04-21 11:18:00,11:18:00,115.95,117.75,113.7,115.3,368355
2026-04-21 11:19:00,11:19:00,115.0,116.85,114.9,115.5,159705
2026-04-21 11:20:00,11:20:00,115.6,115.9,113.2,114.0,301470
2026-04-21 11:21:00,11:21:00,113.2,114.45,110.8,111.2,323895
2026-04-21 11:22:00,11:22:00,111.2,111.2,106.35,109.3,885950
2026-04-21 11:23:00,11:23:00,109.8,109.95,106.15,107.8,386750
2026-04-21 11:24:00,11:24:00,109.0,111.55,107.8,109.3,471835
2026-04-21 11:25:00,11:25:00,109.2,112.0,108.95,109.1,334100
2026-04-21 11:26:00,11:26:00,109.1,109.1,105.3,106.4,374725
2026-04-21 11:27:00,11:27:00,106.75,107.6,102.05,103.95,590460
2026-04-21 11:28:00,11:28:00,104.1,104.4,98.5,103.8,918840
2026-04-21 11:29:00,11:29:00,103.35,104.75,102.15,103.1,430365
2026-04-21 11:30:00,11:30:00,103.8,104.7,100.7,101.05,454545
2026-04-21 11:31:00,11:31:00,101.2,103.5,98.1,98.1,405990
2026-04-21 11:32:00,11:32:00,141.9,144.0,135.6,135.6,515190
2026-04-21 11:33:00,11:33:00,136.2,139.25,132.5,136.15,845130
2026-04-21 11:34:00,11:34:00,137.3,137.65,133.4,134.6,397865
2026-04-21 11:35:00,11:35:00,133.85,134.6,127.3,129.35,767910
2026-04-21 11:36:00,11:36:00,89.05,98.55,88.65,96.45,1665040
2026-04-21 11:37:00,11:37:00,95.65,99.2,93.4,96.95,845325
2026-04-21 11:38:00,11:38:00,96.9,101.45,96.85,100.85,957190
2026-04-21 11:39:00,11:39:00,143.85,145.2,139.2,139.5,593190
2026-04-21 11:40:00,11:40:00,138.55,141.0,136.3,139.95,317590
2026-04-21 11:41:00,11:41:00,140.2,142.85,138.5,138.95,278395
2026-04-21 11:42:00,11:42:00,138.4,143.0,136.95,140.9,515580
2026-04-21 11:43:00,11:43:00,141.0,143.7,140.6,142.45,246480
2026-04-21 11:44:00,11:44:00,99.4,103.05,98.25,101.75,747630
2026-04-21 11:45:00,11:45:00,102.75,105.5,101.75,104.25,1015300
2026-04-21 11:46:00,11:46:00,104.55,107.95,104.25,107.9,1043965
2026-04-21 11:47:00,11:47:00,108.1,110.55,106.3,109.5,1079520
2026-04-21 11:48:00,11:48:00,108.7,109.5,102.55,105.95,823095
2026-04-21 11:49:00,11:49:00,106.4,106.6,101.2,103.6,538200
2026-04-21 11:50:00,11:50:00,104.0,106.65,95.8,96.0,940940
2026-04-21 11:51:00,11:51:00,94.75,103.75,94.75,98.35,887445
2026-04-21 11:52:00,11:52:00,142.2,142.2,134.6,140.8,600795
2026-04-21 11:53:00,11:53:00,97.9,101.15,97.45,99.25,436540
2026-04-21 11:54:00,11:54:00,99.7,101.6,98.4,101.4,335790
2026-04-21 11:55:00,11:55:00,100.9,103.0,100.05,102.6,465140
2026-04-21 11:56:00,11:56:00,103.4,105.5,101.25,105.3,748150
2026-04-21 11:57:00,11:57:00,104.0,105.3,96.1,98.0,795275
2026-04-21 11:58:00,11:58:00,141.6,143.25,135.8,137.6,342810
2026-04-21 11:59:00,11:59:00,94.15,101.0,92.6,100.65,622895
2026-04-21 12:00:00,12:00:00,100.65,104.1,96.5,99.8,645645
2026-04-21 12:01:00,12:01:00,99.55,104.05,98.7,104.05,393900
2026-04-21 12:02:00,12:02:00,104.4,108.0,104.05,105.4,1008410
2026-04-21 12:03:00,12:03:00,105.75,109.85,105.4,108.75,775385
2026-04-21 12:04:00,12:04:00,108.8,111.05,108.55,108.9,600015
2026-04-21 12:05:00,12:05:00,109.05,109.1,105.35,105.4,536445
2026-04-21 12:06:00,12:06:00,105.35,110.5,104.7,110.2,519025
2026-04-21 12:07:00,12:07:00,110.45,111.4,108.8,111.05,606775
2026-04-21 12:08:00,12:08:00,111.4,113.5,108.45,108.5,774735
2026-04-21 12:09:00,12:09:00,108.15,110.95,107.3,110.55,410865
2026-04-21 12:10:00,12:10:00,110.55,120.4,110.55,118.15,1082120
2026-04-21 12:11:00,12:11:00,117.2,122.95,115.65,122.6,1588925
2026-04-21 12:12:00,12:12:00,122.0,123.45,118.0,118.1,813150
2026-04-21 12:13:00,12:13:00,118.45,124.95,118.1,122.9,904020
2026-04-21 12:14:00,12:14:00,123.1,123.9,119.35,120.1,644865
2026-04-21 12:15:00,12:15:00,120.4,122.1,119.7,120.25,387335
2026-04-21 12:16:00,12:16:00,118.6,120.25,116.0,117.9,579475
2026-04-21 12:17:00,12:17:00,118.15,118.15,111.1,111.1,681135
2026-04-21 12:18:00,12:18:00,110.3,117.7,109.95,117.5,730795
2026-04-21 12:19:00,12:19:00,117.5,123.8,117.5,121.8,881595
2026-04-21 12:20:00,12:20:00,120.9,122.9,116.4,122.9,666770
2026-04-21 12:21:00,12:21:00,123.4,126.7,120.6,120.6,993395
2026-04-21 12:22:00,12:22:00,121.0,125.25,120.6,124.5,423345
2026-04-21 12:23:00,12:23:00,124.9,135.2,124.5,130.25,2055755
2026-04-21 12:24:00,12:24:00,129.25,130.9,120.75,123.45,1001910
2026-04-21 12:25:00,12:25:00,123.15,125.75,119.9,123.4,711815
2026-04-21 12:26:00,12:26:00,124.65,125.15,121.75,122.0,273065
2026-04-21 12:27:00,12:27:00,122.2,122.2,118.5,119.15,358345
2026-04-21 12:28:00,12:28:00,120.0,120.9,116.55,117.7,442715
2026-04-21 12:29:00,12:29:00,120.25,120.25,115.3,118.0,383045
2026-04-21 12:30:00,12:30:00,118.0,120.9,118.0,120.75,411580
2026-04-21 12:31:00,12:31:00,121.5,124.5,120.15,123.8,618605
2026-04-21 12:32:00,12:32:00,124.1,125.1,119.2,120.8,582660
2026-04-21 12:33:00,12:33:00,121.0,122.6,112.7,112.7,616200
2026-04-21 12:34:00,12:34:00,113.45,114.8,107.65,108.1,782665
2026-04-21 12:35:00,12:35:00,107.8,112.4,106.85,112.2,626600
2026-04-21 12:36:00,12:36:00,112.55,117.3,112.55,114.55,659425
2026-04-21 12:37:00,12:37:00,115.7,117.6,114.55,116.4,435305
2026-04-21 12:38:00,12:38:00,116.1,117.95,113.1,114.85,316875
2026-04-21 12:39:00,12:39:00,114.6,116.0,111.55,114.7,331305
2026-04-21 12:40:00,12:40:00,114.8,115.2,111.7,113.15,252070
2026-04-21 12:41:00,12:41:00,114.05,115.25,111.35,112.65,298480
2026-04-21 12:42:00,12:42:00,113.8,115.0,112.5,113.8,196950
2026-04-21 12:43:00,12:43:00,113.6,113.8,110.4,112.65,345800
2026-04-21 12:44:00,12:44:00,112.4,112.65,108.4,108.75,285545
2026-04-21 12:45:00,12:45:00,109.2,110.7,102.0,105.05,1109615
2026-04-21 12:46:00,12:46:00,106.45,106.45,95.25,98.2,1190800
2026-04-21 12:47:00,12:47:00,99.75,99.95,90.0,92.05,1239225
2026-04-21 12:48:00,12:48:00,94.35,97.15,92.05,94.45,795665
2026-04-21 12:49:00,12:49:00,95.45,99.75,94.45,97.85,911040
2026-04-21 12:50:00,12:50:00,97.65,98.35,93.75,95.6,881140
2026-04-21 12:51:00,12:51:00,95.35,97.15,91.15,92.5,883805
2026-04-21 12:52:00,12:52:00,92.55,102.15,92.5,96.9,1187355
2026-04-21 12:53:00,12:53:00,98.15,100.05,93.3,99.55,1038635
2026-04-21 12:54:00,12:54:00,99.25,100.45,96.75,97.2,708305
2026-04-21 12:55:00,12:55:00,97.5,104.4,96.05,104.25,751465
2026-04-21 12:56:00,12:56:00,103.8,104.25,99.3,102.5,852930
2026-04-21 12:57:00,12:57:00,103.2,103.8,94.45,95.6,992420
2026-04-21 12:58:00,12:58:00,96.0,100.2,95.6,99.25,461890
2026-04-21 12:59:00,12:59:00,99.65,99.9,96.35,98.35,362180
2026-04-21 13:00:00,13:00:00,98.1,100.5,96.35,97.9,544245
2026-04-21 13:01:00,13:01:00,98.2,98.9,88.65,91.2,1617655
2026-04-21 13:02:00,13:02:00,90.65,91.65,86.8,91.35,1058720
2026-04-21 13:03:00,13:03:00,91.25,93.6,89.3,93.0,723905
2026-04-21 13:04:00,13:04:00,93.25,93.25,84.65,85.65,885560
2026-04-21 13:05:00,13:05:00,86.1,91.5,82.85,90.2,1167205
2026-04-21 13:06:00,13:06:00,90.85,92.5,89.35,90.6,708045
2026-04-21 13:07:00,13:07:00,91.05,94.25,88.7,90.75,685490
2026-04-21 13:08:00,13:08:00,90.45,93.2,88.35,92.35,371020
2026-04-21 13:09:00,13:09:00,92.75,94.85,89.55,89.55,685685
2026-04-21 13:10:00,13:10:00,89.2,90.0,82.85,86.55,1060865
2026-04-21 13:11:00,13:11:00,87.2,92.45,86.55,91.55,718445
2026-04-21 13:12:00,13:12:00,92.5,99.25,91.55,96.65,1234870
2026-04-21 13:13:00,13:13:00,97.25,98.55,94.95,98.2,809315
2026-04-21 13:14:00,13:14:00,98.0,101.3,97.7,98.2,965835
2026-04-21 13:15:00,13:15:00,99.0,104.95,98.2,103.1,1208090
2026-04-21 13:16:00,13:16:00,105.8,114.2,103.1,111.3,1992705
2026-04-21 13:17:00,13:17:00,111.8,111.9,105.1,108.45,880750
2026-04-21 13:18:00,13:18:00,107.75,108.45,104.3,105.95,579215
2026-04-21 13:19:00,13:19:00,105.35,105.95,100.15,103.3,768560
2026-04-21 13:20:00,13:20:00,104.1,110.5,100.65,108.25,880880
2026-04-21 13:21:00,13:21:00,108.3,109.4,104.0,106.3,461630
2026-04-21 13:22:00,13:22:00,105.9,106.5,100.1,101.75,530660
2026-04-21 13:23:00,13:23:00,101.0,105.2,101.0,103.3,441805
2026-04-21 13:24:00,13:24:00,103.75,104.1,100.3,103.5,373880
2026-04-21 13:25:00,13:25:00,103.75,105.15,101.7,104.55,403195
2026-04-21 13:26:00,13:26:00,105.7,106.6,104.1,106.35,749190
2026-04-21 13:27:00,13:27:00,106.7,107.65,104.95,105.5,782795
2026-04-21 13:28:00,13:28:00,105.8,107.65,104.5,105.7,508820
2026-04-21 13:29:00,13:29:00,105.7,109.25,100.85,108.2,701675
2026-04-21 13:30:00,13:30:00,107.5,110.65,106.4,110.05,691015
2026-04-21 13:31:00,13:31:00,111.45,112.25,109.15,112.2,791375
2026-04-21 13:32:00,13:32:00,110.8,123.7,110.8,122.3,1836380
2026-04-21 13:33:00,13:33:00,123.5,125.75,119.7,120.65,1226615
2026-04-21 13:34:00,13:34:00,119.2,121.55,114.4,119.0,754975
2026-04-21 13:35:00,13:35:00,119.7,120.4,113.85,116.35,699270
2026-04-21 13:36:00,13:36:00,116.0,117.05,103.95,104.6,933530
2026-04-21 13:37:00,13:37:00,105.9,107.1,98.35,99.5,931970
2026-04-21 13:38:00,13:38:00,98.05,101.5,95.1,101.0,1072175
2026-04-21 13:39:00,13:39:00,101.35,105.2,100.65,103.25,1283685
2026-04-21 13:40:00,13:40:00,103.4,106.4,101.4,104.65,564655
2026-04-21 13:41:00,13:41:00,104.1,105.25,98.3,99.05,523640
2026-04-21 13:42:00,13:42:00,98.5,99.45,89.85,93.3,1329185
2026-04-21 13:43:00,13:43:00,92.5,93.3,75.4,78.75,2431325
2026-04-21 13:44:00,13:44:00,80.65,84.8,78.75,84.6,1261520
2026-04-21 13:45:00,13:45:00,84.85,86.45,80.2,86.45,1201785
2026-04-21 13:46:00,13:46:00,87.05,90.05,85.35,89.6,1825135
2026-04-21 13:47:00,13:47:00,89.25,89.6,80.5,85.3,1504815
2026-04-21 13:48:00,13:48:00,86.05,87.1,82.0,85.65,602225
2026-04-21 13:49:00,13:49:00,86.4,91.2,84.6,89.95,713440
2026-04-21 13:50:00,13:50:00,90.6,93.2,87.25,87.25,1350505
2026-04-21 13:51:00,13:51:00,87.35,99.75,87.25,99.55,1339715
2026-04-21 13:52:00,13:52:00,100.3,103.45,97.95,99.3,1422590
2026-04-21 13:53:00,13:53:00,99.95,102.1,97.75,97.75,715650
2026-04-21 13:54:00,13:54:00,97.8,102.55,95.55,102.4,760110
2026-04-21 13:55:00,13:55:00,101.85,111.1,101.85,110.8,1641185
2026-04-21 13:56:00,13:56:00,112.2,117.2,110.8,114.35,1429220
2026-04-21 13:57:00,13:57:00,114.4,114.55,109.95,109.95,844220
2026-04-21 13:58:00,13:58:00,111.15,115.2,109.95,111.3,571090
2026-04-21 13:59:00,13:59:00,111.0,112.3,108.35,109.2,489060
2026-04-21 14:00:00,14:00:00,110.0,110.95,101.4,102.15,915200
2026-04-21 14:01:00,14:01:00,100.15,106.05,97.6,102.25,803660
2026-04-21 14:02:00,14:02:00,102.05,103.3,96.5,100.6,682305
2026-04-21 14:03:00,14:03:00,100.9,105.45,99.5,100.0,1219270
2026-04-21 14:04:00,14:04:00,100.0,101.05,93.95,95.35,879710
2026-04-21 14:05:00,14:05:00,95.2,95.35,90.5,91.1,824525
2026-04-21 14:06:00,14:06:00,91.5,93.6,84.9,88.4,1092390
2026-04-21 14:07:00,14:07:00,87.65,91.35,87.4,89.25,522925
2026-04-21 14:08:00,14:08:00,88.75,93.8,85.7,85.85,1089855
2026-04-21 14:09:00,14:09:00,86.4,87.55,81.85,86.45,1030055
2026-04-21 14:10:00,14:10:00,86.1,88.0,81.95,85.4,939315
2026-04-21 14:11:00,14:11:00,85.3,86.1,78.3,82.9,1410630
2026-04-21 14:12:00,14:12:00,84.4,89.6,82.8,89.45,1029210
2026-04-21 14:13:00,14:13:00,89.85,95.45,85.95,92.35,1517100
2026-04-21 14:14:00,14:14:00,90.65,93.5,87.85,89.5,1043900
2026-04-21 14:15:00,14:15:00,89.55,96.8,87.15,96.5,1159535
2026-04-21 14:16:00,14:16:00,95.7,103.0,95.7,101.7,1899040
2026-04-21 14:17:00,14:17:00,103.1,109.5,101.7,108.3,1893190
2026-04-21 14:18:00,14:18:00,108.6,113.1,108.05,110.35,1307085
2026-04-21 14:19:00,14:19:00,110.0,111.9,103.65,105.15,1163175
2026-04-21 14:20:00,14:20:00,106.0,114.25,105.15,111.0,970190
2026-04-21 14:21:00,14:21:00,110.7,121.9,108.0,121.9,1297205
2026-04-21 14:22:00,14:22:00,70.9,90.1,70.9,89.5,11793145
2026-04-21 14:23:00,14:23:00,137.85,138.25,126.0,130.65,1253720
2026-04-21 14:24:00,14:24:00,83.0,86.7,79.25,86.65,2856100
2026-04-21 14:25:00,14:25:00,135.85,135.85,119.0,121.85,1644565
2026-04-21 14:26:00,14:26:00,123.2,127.25,114.45,124.15,1178515
2026-04-21 14:27:00,14:27:00,124.4,124.8,116.9,117.65,521365
2026-04-21 14:28:00,14:28:00,119.3,127.7,117.65,124.0,569075
2026-04-21 14:29:00,14:29:00,123.75,126.35,122.85,125.4,336830
2026-04-21 14:30:00,14:30:00,124.9,125.9,114.5,116.95,642850
2026-04-21 14:31:00,14:31:00,117.05,117.65,110.6,113.7,523705
2026-04-21 14:32:00,14:32:00,114.2,120.0,111.9,115.95,541060
2026-04-21 14:33:00,14:33:00,115.65,117.75,113.0,113.75,376220
2026-04-21 14:34:00,14:34:00,113.85,113.85,105.45,105.85,576030
2026-04-21 14:35:00,14:35:00,103.95,107.0,99.75,106.35,1056510
2026-04-21 14:36:00,14:36:00,106.2,111.6,104.1,107.25,686205
2026-04-21 14:37:00,14:37:00,108.0,113.9,107.1,107.6,746980
2026-04-21 14:38:00,14:38:00,107.25,107.6,99.85,105.45,854230
2026-04-21 14:39:00,14:39:00,103.6,105.45,97.45,97.8,650910
2026-04-21 14:40:00,14:40:00,98.05,105.6,95.75,103.7,905060
2026-04-21 14:41:00,14:41:00,104.5,107.3,96.1,96.45,810030
2026-04-21 14:42:00,14:42:00,96.5,99.4,87.75,89.5,1183650
2026-04-21 14:43:00,14:43:00,91.6,91.65,78.0,91.0,2349295
2026-04-21 14:44:00,14:44:00,92.55,94.8,83.85,84.0,1505530
2026-04-21 14:45:00,14:45:00,86.0,92.1,84.0,90.45,836030
2026-04-21 14:46:00,14:46:00,88.3,91.0,83.8,89.5,861510
2026-04-21 14:47:00,14:47:00,89.35,101.65,88.6,101.05,1901510
2026-04-21 14:48:00,14:48:00,101.85,102.05,94.6,95.9,1038765
2026-04-21 14:49:00,14:49:00,96.45,105.3,94.6,102.85,897780
2026-04-21 14:50:00,14:50:00,103.75,113.55,102.4,113.45,1577680
2026-04-21 14:51:00,14:51:00,114.65,115.3,107.55,109.6,1353495
2026-04-21 14:52:00,14:52:00,109.65,113.3,106.5,110.0,651885
2026-04-21 14:53:00,14:53:00,109.9,112.2,107.35,111.3,422435
2026-04-21 14:54:00,14:54:00,111.4,116.0,109.2,113.85,728195
2026-04-21 14:55:00,14:55:00,113.1,119.8,112.55,116.9,871130
2026-04-21 14:56:00,14:56:00,117.7,125.3,116.9,125.0,1074645
2026-04-21 14:57:00,14:57:00,126.0,127.1,118.85,119.9,826085
2026-04-21 14:58:00,14:58:00,118.3,120.95,112.5,120.5,743470
2026-04-21 14:59:00,14:59:00,121.55,123.35,116.4,119.5,489255
2026-04-21 15:00:00,15:00:00,70.7,93.15,69.4,87.95,10894455
2026-04-21 15:01:00,15:01:00,89.1,93.1,79.85,79.85,5934760
2026-04-21 15:02:00,15:02:00,130.0,132.45,114.9,122.95,1588795
2026-04-21 15:03:00,15:03:00,121.95,128.9,120.55,122.5,1500590
2026-04-21 15:04:00,15:04:00,122.5,123.8,117.8,123.45,1100970
2026-04-21 15:05:00,15:05:00,123.55,127.2,121.7,123.15,561665
2026-04-21 15:06:00,15:06:00,73.55,74.55,70.2,73.3,2560740
2026-04-21 15:07:00,15:07:00,72.35,78.75,71.7,75.95,3652025
2026-04-21 15:08:00,15:08:00,126.6,126.65,120.55,123.05,464945
2026-04-21 15:09:00,15:09:00,123.0,124.8,120.9,123.85,266890
2026-04-21 15:10:00,15:10:00,123.6,124.0,121.05,123.0,205920
2026-04-21 15:11:00,15:11:00,73.2,76.15,73.1,74.4,2019160
2026-04-21 15:12:00,15:12:00,74.7,74.95,72.25,73.75,1321255
2026-04-21 15:13:00,15:13:00,123.9,124.8,122.15,123.75,342160
2026-04-21 15:14:00,15:14:00,124.45,124.55,121.1,122.5,299975
2026-04-21 15:15:00,15:15:00,72.95,74.75,71.35,74.4,1462240
2026-04-21 15:16:00,15:16:00,74.75,78.0,74.3,77.9,2082405
2026-04-21 15:17:00,15:17:00,78.05,80.0,76.8,78.6,1768520
2026-04-21 15:18:00,15:18:00,79.0,79.0,75.75,77.4,1563640
2026-04-21 15:19:00,15:19:00,77.25,77.95,76.6,76.75,731640
2026-04-21 15:20:00,15:20:00,77.0,79.0,76.75,77.15,799370
2026-04-21 15:21:00,15:21:00,77.35,78.6,76.85,77.4,827060
2026-04-21 15:22:00,15:22:00,127.6,128.0,126.8,127.1,157495
2026-04-21 15:23:00,15:23:00,77.15,78.0,76.65,78.0,686855
2026-04-21 15:24:00,15:24:00,78.0,78.0,77.3,77.65,501670
2026-04-21 15:25:00,15:25:00,127.85,127.9,126.6,126.8,267540
2026-04-21 15:26:00,15:26:00,127.1,127.2,126.05,126.65,129805
2026-04-21 15:27:00,15:27:00,126.6,127.0,126.2,126.95,81640
2026-04-21 15:28:00,15:28:00,127.0,127.25,126.15,126.5,105170
2026-04-21 15:29:00,15:29:00,76.45,76.5,76.1,76.45,980395
