datetime,time,open,high,low,close,volume
2026-03-09 09:15:00,09:15:00,392.0,630.2,380.15,580.75,6500
2026-03-09 09:16:00,09:16:00,580.75,580.75,580.75,580.75,0
2026-03-09 09:17:00,09:17:00,619.7,625.35,590.2,590.2,5590
2026-03-09 09:18:00,09:18:00,610.95,638.75,610.95,610.95,390
2026-03-09 09:19:00,09:19:00,601.95,634.95,601.95,634.95,1625
2026-03-09 09:20:00,09:20:00,605.7,634.95,605.7,605.7,65
2026-03-09 09:21:00,09:21:00,614.1,614.1,597.9,601.0,2470
2026-03-09 09:22:00,09:22:00,617.75,617.75,601.0,608.95,195
2026-03-09 09:23:00,09:23:00,599.05,608.95,596.0,596.0,260
2026-03-09 09:24:00,09:24:00,635.0,638.1,618.4,618.4,12805
2026-03-09 09:25:00,09:25:00,619.85,626.4,613.6,623.25,2860
2026-03-09 09:26:00,09:26:00,614.9,623.25,602.55,602.65,1430
2026-03-09 09:27:00,09:27:00,600.0,622.95,594.7,622.45,2470
2026-03-09 09:28:00,09:28:00,568.3,574.6,568.3,572.5,520
2026-03-09 09:29:00,09:29:00,588.1,589.05,572.5,586.4,325
2026-03-09 09:30:00,09:30:00,551.0,570.95,542.25,568.45,7280
2026-03-09 09:31:00,09:31:00,563.4,588.4,563.0,584.25,5655
2026-03-09 09:32:00,09:32:00,619.15,621.15,602.0,602.0,260
2026-03-09 09:33:00,09:33:00,599.1,608.35,596.55,607.8,975
2026-03-09 09:34:00,09:34:00,614.25,614.25,607.8,614.25,650
2026-03-09 09:35:00,09:35:00,614.25,614.25,614.25,614.25,0
2026-03-09 09:36:00,09:36:00,614.25,614.25,614.25,614.25,0
2026-03-09 09:37:00,09:37:00,610.6,614.25,607.8,607.8,195
2026-03-09 09:38:00,09:38:00,607.25,616.25,607.25,614.6,7345
2026-03-09 09:39:00,09:39:00,618.7,618.7,604.6,604.6,585
2026-03-09 09:40:00,09:40:00,613.3,613.3,604.6,613.3,65
2026-03-09 09:41:00,09:41:00,603.4,613.3,603.4,607.25,130
2026-03-09 09:42:00,09:42:00,603.4,607.25,603.4,603.4,130
2026-03-09 09:43:00,09:43:00,595.7,603.4,595.65,595.65,455
2026-03-09 09:44:00,09:44:00,591.25,595.65,586.7,587.35,910
2026-03-09 09:45:00,09:45:00,627.25,630.0,607.25,607.25,585
2026-03-09 09:46:00,09:46:00,566.95,576.85,566.25,571.85,2665
2026-03-09 09:47:00,09:47:00,585.05,587.05,571.85,587.05,195
2026-03-09 09:48:00,09:48:00,587.05,587.05,587.05,587.05,0
2026-03-09 09:49:00,09:49:00,601.45,601.45,587.05,601.45,65
2026-03-09 09:50:00,09:50:00,601.45,601.45,601.45,601.45,0
2026-03-09 09:51:00,09:51:00,601.45,601.45,601.45,601.45,0
2026-03-09 09:52:00,09:52:00,616.45,616.45,601.45,614.3,130
2026-03-09 09:53:00,09:53:00,614.3,614.3,614.3,614.3,0
2026-03-09 09:54:00,09:54:00,564.0,570.0,558.0,570.0,4875
2026-03-09 09:55:00,09:55:00,570.0,571.55,570.0,571.55,2795
2026-03-09 09:56:00,09:56:00,568.9,573.0,568.9,573.0,325
2026-03-09 09:57:00,09:57:00,573.75,575.45,572.7,572.7,1170
2026-03-09 09:58:00,09:58:00,612.4,614.85,607.9,607.9,1300
2026-03-09 09:59:00,09:59:00,607.9,607.9,607.9,607.9,0
2026-03-09 10:00:00,10:00:00,607.9,607.9,607.9,607.9,0
2026-03-09 10:01:00,10:01:00,616.0,616.25,607.9,616.05,780
2026-03-09 10:02:00,10:02:00,604.15,616.05,604.0,604.0,9035
2026-03-09 10:03:00,10:03:00,594.9,604.0,594.4,598.6,585
2026-03-09 10:04:00,10:04:00,596.5,598.6,596.5,596.5,65
2026-03-09 10:05:00,10:05:00,596.5,596.5,596.5,596.5,0
2026-03-09 10:06:00,10:06:00,563.0,579.8,557.45,577.0,4485
2026-03-09 10:07:00,10:07:00,575.0,579.95,573.55,579.95,2405
2026-03-09 10:08:00,10:08:00,583.0,588.3,579.95,588.3,2860
2026-03-09 10:09:00,10:09:00,590.0,592.6,588.15,590.0,2730
2026-03-09 10:10:00,10:10:00,588.4,602.7,588.4,602.7,2665
2026-03-09 10:11:00,10:11:00,560.95,569.0,560.95,565.9,715
2026-03-09 10:12:00,10:12:00,564.4,565.9,561.8,562.35,4680
2026-03-09 10:13:00,10:13:00,602.5,603.2,589.6,589.6,1170
2026-03-09 10:14:00,10:14:00,591.55,593.15,589.25,590.9,1885
2026-03-09 10:15:00,10:15:00,580.5,590.9,564.6,564.6,2210
2026-03-09 10:16:00,10:16:00,560.2,571.25,559.0,571.25,4550
2026-03-09 10:17:00,10:17:00,613.0,613.0,600.9,600.9,260
2026-03-09 10:18:00,10:18:00,602.1,602.1,590.0,596.1,845
2026-03-09 10:19:00,10:19:00,597.75,597.75,596.1,597.75,65
2026-03-09 10:20:00,10:20:00,552.4,577.2,552.4,577.2,6695
2026-03-09 10:21:00,10:21:00,570.05,577.7,563.9,563.9,2275
2026-03-09 10:22:00,10:22:00,562.65,563.9,559.85,563.5,780
2026-03-09 10:23:00,10:23:00,604.0,604.0,597.5,597.5,390
2026-03-09 10:24:00,10:24:00,557.6,557.65,552.2,552.2,650
2026-03-09 10:25:00,10:25:00,598.0,598.1,598.0,598.0,65
2026-03-09 10:26:00,10:26:00,548.6,560.25,548.1,560.25,845
2026-03-09 10:27:00,10:27:00,564.0,565.95,560.25,564.1,2145
2026-03-09 10:28:00,10:28:00,562.6,565.75,562.6,562.75,325
2026-03-09 10:29:00,10:29:00,564.0,564.0,562.55,562.55,455
2026-03-09 10:30:00,10:30:00,562.55,562.55,562.55,562.55,65
2026-03-09 10:31:00,10:31:00,605.4,605.4,605.4,605.4,0
2026-03-09 10:32:00,10:32:00,581.45,605.4,581.45,583.75,520
2026-03-09 10:33:00,10:33:00,578.95,592.7,578.95,592.7,3510
2026-03-09 10:34:00,10:34:00,590.8,592.7,590.8,590.8,195
2026-03-09 10:35:00,10:35:00,580.85,590.8,579.65,584.25,1430
2026-03-09 10:36:00,10:36:00,581.6,589.05,579.25,589.05,1105
2026-03-09 10:37:00,10:37:00,549.4,562.55,549.4,560.1,3575
2026-03-09 10:38:00,10:38:00,614.55,614.55,605.45,609.2,1625
2026-03-09 10:39:00,10:39:00,603.05,609.2,597.6,602.55,2145
2026-03-09 10:40:00,10:40:00,606.0,606.0,602.55,606.0,130
2026-03-09 10:41:00,10:41:00,595.75,606.0,595.75,595.75,65
2026-03-09 10:42:00,10:42:00,551.0,559.0,549.55,559.0,1950
2026-03-09 10:43:00,10:43:00,560.05,565.95,559.0,565.95,780
2026-03-09 10:44:00,10:44:00,555.2,565.95,555.2,565.95,520
2026-03-09 10:45:00,10:45:00,565.95,565.95,556.45,556.45,195
2026-03-09 10:46:00,10:46:00,597.25,605.55,597.25,597.25,65
2026-03-09 10:47:00,10:47:00,589.3,597.25,589.3,589.3,65
2026-03-09 10:48:00,10:48:00,587.95,589.3,587.95,587.95,65
2026-03-09 10:49:00,10:49:00,580.4,587.95,580.4,585.25,520
2026-03-09 10:50:00,10:50:00,540.0,590.25,540.0,571.15,25090
2026-03-09 10:51:00,10:51:00,538.5,592.2,528.8,592.2,8320
2026-03-09 10:52:00,10:52:00,595.0,595.0,559.9,579.4,4030
2026-03-09 10:53:00,10:53:00,585.1,594.35,579.4,591.7,1430
2026-03-09 10:54:00,10:54:00,593.3,595.05,591.6,591.6,1430
2026-03-09 10:55:00,10:55:00,586.9,609.45,584.8,598.25,2535
2026-03-09 10:56:00,10:56:00,551.5,586.4,546.4,586.4,7800
2026-03-09 10:57:00,10:57:00,582.8,590.65,564.35,570.9,9620
2026-03-09 10:58:00,10:58:00,614.1,614.1,614.1,614.1,0
2026-03-09 10:59:00,10:59:00,590.7,614.1,589.95,591.4,1235
2026-03-09 11:00:00,11:00:00,603.85,603.85,578.8,581.35,4745
2026-03-09 11:01:00,11:01:00,577.9,581.6,577.9,581.45,1755
2026-03-09 11:02:00,11:02:00,584.2,584.25,581.45,581.75,715
2026-03-09 11:03:00,11:03:00,576.45,586.3,570.5,579.4,1235
2026-03-09 11:04:00,11:04:00,586.0,586.0,578.65,580.8,455
2026-03-09 11:05:00,11:05:00,571.75,580.8,571.75,571.8,3055
2026-03-09 11:06:00,11:06:00,580.75,586.15,571.8,582.85,520
2026-03-09 11:07:00,11:07:00,576.5,582.85,576.5,579.2,715
2026-03-09 11:08:00,11:08:00,572.6,579.2,572.6,572.6,390
2026-03-09 11:09:00,11:09:00,569.3,572.6,555.25,562.95,2665
2026-03-09 11:10:00,11:10:00,607.4,607.4,581.9,591.6,8515
2026-03-09 11:11:00,11:11:00,581.95,591.6,564.7,573.6,4030
2026-03-09 11:12:00,11:12:00,570.75,573.6,563.25,564.9,1950
2026-03-09 11:13:00,11:13:00,571.35,596.25,564.9,596.25,6890
2026-03-09 11:14:00,11:14:00,595.35,596.55,589.0,595.5,2860
2026-03-09 11:15:00,11:15:00,587.55,595.5,580.2,580.5,1690
2026-03-09 11:16:00,11:16:00,579.75,580.5,569.6,577.0,1430
2026-03-09 11:17:00,11:17:00,574.0,590.8,572.05,588.95,2860
2026-03-09 11:18:00,11:18:00,545.75,573.5,545.75,573.5,2470
2026-03-09 11:19:00,11:19:00,573.5,573.5,573.5,573.5,0
2026-03-09 11:20:00,11:20:00,564.0,573.5,560.1,560.1,650
2026-03-09 11:21:00,11:21:00,571.85,571.85,560.1,571.85,130
2026-03-09 11:22:00,11:22:00,578.25,585.05,571.85,585.05,1235
2026-03-09 11:23:00,11:23:00,582.75,591.2,582.75,588.8,585
2026-03-09 11:24:00,11:24:00,577.65,588.8,575.2,577.3,1560
2026-03-09 11:25:00,11:25:00,575.85,577.3,575.85,575.85,390
2026-03-09 11:26:00,11:26:00,575.3,575.85,569.0,569.0,780
2026-03-09 11:27:00,11:27:00,580.15,581.75,569.0,581.3,1105
2026-03-09 11:28:00,11:28:00,540.0,567.05,537.5,566.7,10010
2026-03-09 11:29:00,11:29:00,566.95,566.95,554.1,562.2,1690
2026-03-09 11:30:00,11:30:00,558.0,564.5,555.0,563.25,715
2026-03-09 11:31:00,11:31:00,568.0,570.65,563.25,566.05,1300
2026-03-09 11:32:00,11:32:00,560.4,566.05,553.25,560.9,2080
2026-03-09 11:33:00,11:33:00,596.0,604.55,589.85,593.55,260
2026-03-09 11:34:00,11:34:00,551.6,567.8,551.15,564.2,1105
2026-03-09 11:35:00,11:35:00,567.05,571.3,564.2,567.0,1040
2026-03-09 11:36:00,11:36:00,562.35,567.0,562.35,563.9,260
2026-03-09 11:37:00,11:37:00,567.75,575.0,563.9,575.0,650
2026-03-09 11:38:00,11:38:00,574.4,579.0,574.0,576.45,3315
2026-03-09 11:39:00,11:39:00,575.0,590.0,573.6,586.7,1430
2026-03-09 11:40:00,11:40:00,546.25,569.95,545.0,565.15,1170
2026-03-09 11:41:00,11:41:00,567.05,568.8,563.85,563.85,1495
2026-03-09 11:42:00,11:42:00,598.2,605.95,585.65,585.65,2535
2026-03-09 11:43:00,11:43:00,586.55,591.0,573.6,577.75,845
2026-03-09 11:44:00,11:44:00,576.7,585.65,576.7,577.8,1950
2026-03-09 11:45:00,11:45:00,580.0,580.0,568.55,568.55,3770
2026-03-09 11:46:00,11:46:00,564.5,568.55,563.7,565.0,1755
2026-03-09 11:47:00,11:47:00,575.25,588.0,565.0,582.25,2405
2026-03-09 11:48:00,11:48:00,581.25,583.15,574.8,574.8,1105
2026-03-09 11:49:00,11:49:00,574.0,575.65,569.9,572.15,1300
2026-03-09 11:50:00,11:50:00,568.65,572.15,564.0,569.4,780
2026-03-09 11:51:00,11:51:00,571.15,571.85,568.35,569.0,715
2026-03-09 11:52:00,11:52:00,566.3,574.55,566.3,574.55,520
2026-03-09 11:53:00,11:53:00,565.85,574.55,560.85,565.7,1040
2026-03-09 11:54:00,11:54:00,560.95,566.45,560.95,566.45,780
2026-03-09 11:55:00,11:55:00,560.0,566.45,557.65,558.1,585
2026-03-09 11:56:00,11:56:00,560.95,566.1,558.1,566.1,260
2026-03-09 11:57:00,11:57:00,565.0,568.05,565.0,568.05,455
2026-03-09 11:58:00,11:58:00,572.35,572.35,561.15,561.15,195
2026-03-09 11:59:00,11:59:00,559.55,563.75,558.4,561.0,585
2026-03-09 12:00:00,12:00:00,603.6,605.3,597.55,597.55,195
2026-03-09 12:01:00,12:01:00,551.0,555.65,549.0,555.65,260
2026-03-09 12:02:00,12:02:00,561.55,561.55,554.75,554.75,455
2026-03-09 12:03:00,12:03:00,596.55,596.65,589.25,589.25,390
2026-03-09 12:04:00,12:04:00,543.55,562.7,543.55,561.55,520
2026-03-09 12:05:00,12:05:00,598.5,606.6,598.5,598.5,65
2026-03-09 12:06:00,12:06:00,598.5,598.5,598.5,598.5,0
2026-03-09 12:07:00,12:07:00,598.5,598.5,598.5,598.5,0
2026-03-09 12:08:00,12:08:00,578.25,598.5,576.1,576.1,390
2026-03-09 12:09:00,12:09:00,563.95,576.1,560.25,560.25,195
2026-03-09 12:10:00,12:10:00,560.25,564.1,556.85,564.1,585
2026-03-09 12:11:00,12:11:00,566.7,581.05,564.1,574.85,585
2026-03-09 12:12:00,12:12:00,573.55,574.85,570.25,570.25,260
2026-03-09 12:13:00,12:13:00,570.0,570.25,567.35,567.35,130
2026-03-09 12:14:00,12:14:00,567.15,571.6,564.4,571.6,975
2026-03-09 12:15:00,12:15:00,571.6,571.6,571.6,571.6,0
2026-03-09 12:16:00,12:16:00,571.6,571.6,571.6,571.6,0
2026-03-09 12:17:00,12:17:00,576.95,576.95,571.6,576.95,130
2026-03-09 12:18:00,12:18:00,576.95,576.95,576.95,576.95,0
2026-03-09 12:19:00,12:19:00,567.6,576.95,567.6,567.6,65
2026-03-09 12:20:00,12:20:00,565.55,567.6,565.55,565.65,195
2026-03-09 12:21:00,12:21:00,561.55,569.75,561.55,569.75,325
2026-03-09 12:22:00,12:22:00,576.0,576.0,569.75,576.0,260
2026-03-09 12:23:00,12:23:00,563.8,576.0,563.8,563.8,130
2026-03-09 12:24:00,12:24:00,566.8,580.0,563.8,580.0,520
2026-03-09 12:25:00,12:25:00,581.15,581.15,572.95,575.3,1430
2026-03-09 12:26:00,12:26:00,575.3,575.3,575.3,575.3,0
2026-03-09 12:27:00,12:27:00,584.35,584.35,575.3,581.85,260
2026-03-09 12:28:00,12:28:00,580.0,581.85,580.0,580.0,130
2026-03-09 12:29:00,12:29:00,569.7,580.0,568.2,570.55,1235
2026-03-09 12:30:00,12:30:00,579.2,579.2,570.55,579.2,195
2026-03-09 12:31:00,12:31:00,568.0,580.5,568.0,580.5,715
2026-03-09 12:32:00,12:32:00,582.4,582.4,580.5,582.4,195
2026-03-09 12:33:00,12:33:00,571.95,582.4,571.95,571.95,65
2026-03-09 12:34:00,12:34:00,569.9,571.95,569.9,569.9,65
2026-03-09 12:35:00,12:35:00,569.9,569.9,569.9,569.9,0
2026-03-09 12:36:00,12:36:00,563.75,569.9,563.75,563.75,780
2026-03-09 12:37:00,12:37:00,563.75,563.75,563.75,563.75,0
2026-03-09 12:38:00,12:38:00,563.75,563.75,563.75,563.75,0
2026-03-09 12:39:00,12:39:00,585.0,587.2,563.75,587.2,1365
2026-03-09 12:40:00,12:40:00,587.2,587.2,587.2,587.2,0
2026-03-09 12:41:00,12:41:00,595.0,595.0,587.2,591.4,130
2026-03-09 12:42:00,12:42:00,591.4,591.4,591.4,591.4,0
2026-03-09 12:43:00,12:43:00,548.75,555.0,548.75,554.35,1560
2026-03-09 12:44:00,12:44:00,598.3,598.3,597.4,598.3,65
2026-03-09 12:45:00,12:45:00,549.9,561.75,548.0,561.0,910
2026-03-09 12:46:00,12:46:00,560.2,562.0,556.25,556.25,975
2026-03-09 12:47:00,12:47:00,597.25,600.0,595.75,598.15,650
2026-03-09 12:48:00,12:48:00,594.8,598.15,585.1,585.1,325
2026-03-09 12:49:00,12:49:00,579.0,585.1,571.5,574.6,1430
2026-03-09 12:50:00,12:50:00,574.6,574.6,574.6,574.6,0
2026-03-09 12:51:00,12:51:00,579.0,580.9,574.6,580.9,195
2026-03-09 12:52:00,12:52:00,579.7,580.9,579.7,579.7,65
2026-03-09 12:53:00,12:53:00,538.8,565.05,538.8,565.05,1170
2026-03-09 12:54:00,12:54:00,559.75,567.9,559.75,567.85,1170
2026-03-09 12:55:00,12:55:00,570.85,574.2,562.2,574.2,2600
2026-03-09 12:56:00,12:56:00,572.35,574.2,565.6,569.0,195
2026-03-09 12:57:00,12:57:00,575.0,581.1,569.0,581.1,1495
2026-03-09 12:58:00,12:58:00,577.35,581.85,573.7,579.65,975
2026-03-09 12:59:00,12:59:00,583.05,586.75,579.65,585.45,325
2026-03-09 13:00:00,13:00:00,579.5,585.45,576.7,576.7,325
2026-03-09 13:01:00,13:01:00,572.05,588.8,571.7,586.5,2925
2026-03-09 13:02:00,13:02:00,585.65,586.5,578.7,585.5,1300
2026-03-09 13:03:00,13:03:00,583.05,585.5,575.0,579.8,1560
2026-03-09 13:04:00,13:04:00,574.45,583.35,562.9,583.35,1365
2026-03-09 13:05:00,13:05:00,580.6,583.35,575.1,575.1,455
2026-03-09 13:06:00,13:06:00,583.4,583.95,575.1,578.5,715
2026-03-09 13:07:00,13:07:00,578.05,579.65,575.55,576.85,1885
2026-03-09 13:08:00,13:08:00,574.1,576.85,570.0,571.9,1495
2026-03-09 13:09:00,13:09:00,574.05,574.05,570.4,570.4,325
2026-03-09 13:10:00,13:10:00,574.25,574.3,570.4,574.3,260
2026-03-09 13:11:00,13:11:00,572.85,574.3,564.45,564.45,260
2026-03-09 13:12:00,13:12:00,566.5,570.65,559.75,570.35,1235
2026-03-09 13:13:00,13:13:00,592.8,614.2,588.25,588.7,715
2026-03-09 13:14:00,13:14:00,588.7,588.7,588.7,588.7,0
2026-03-09 13:15:00,13:15:00,552.2,560.85,545.25,560.85,585
2026-03-09 13:16:00,13:16:00,595.7,596.35,595.7,595.7,260
2026-03-09 13:17:00,13:17:00,590.5,595.7,589.85,589.85,195
2026-03-09 13:18:00,13:18:00,581.85,589.85,581.85,581.85,65
2026-03-09 13:19:00,13:19:00,581.85,581.85,581.85,581.85,0
2026-03-09 13:20:00,13:20:00,550.6,584.55,547.3,584.55,3055
2026-03-09 13:21:00,13:21:00,619.55,625.95,605.7,605.7,520
2026-03-09 13:22:00,13:22:00,598.5,605.7,598.5,598.5,130
2026-03-09 13:23:00,13:23:00,599.0,599.9,598.5,599.9,130
2026-03-09 13:24:00,13:24:00,599.9,599.9,599.9,599.9,0
2026-03-09 13:25:00,13:25:00,546.8,556.0,541.0,555.1,16185
2026-03-09 13:26:00,13:26:00,558.0,576.55,555.1,576.45,17095
2026-03-09 13:27:00,13:27:00,574.35,585.95,571.8,582.35,5850
2026-03-09 13:28:00,13:28:00,580.1,585.0,578.9,579.7,975
2026-03-09 13:29:00,13:29:00,583.75,583.75,571.0,572.2,975
2026-03-09 13:30:00,13:30:00,574.1,578.55,571.55,578.55,780
2026-03-09 13:31:00,13:31:00,578.5,578.55,578.5,578.5,65
2026-03-09 13:32:00,13:32:00,582.5,592.8,578.5,584.1,2990
2026-03-09 13:33:00,13:33:00,544.55,588.2,543.75,575.9,2600
2026-03-09 13:34:00,13:34:00,618.85,630.0,597.65,597.65,1625
2026-03-09 13:35:00,13:35:00,592.55,599.8,588.9,590.6,2665
2026-03-09 13:36:00,13:36:00,585.0,590.6,580.0,581.55,2275
2026-03-09 13:37:00,13:37:00,576.1,586.0,575.85,586.0,715
2026-03-09 13:38:00,13:38:00,586.65,586.65,580.0,585.95,325
2026-03-09 13:39:00,13:39:00,588.9,600.85,585.95,596.35,1170
2026-03-09 13:40:00,13:40:00,595.0,603.2,595.0,598.95,910
2026-03-09 13:41:00,13:41:00,596.0,598.95,589.0,589.0,325
2026-03-09 13:42:00,13:42:00,590.45,591.15,587.0,587.0,4940
2026-03-09 13:43:00,13:43:00,586.0,594.2,580.0,594.2,2275
2026-03-09 13:44:00,13:44:00,597.0,602.2,594.2,597.75,650
2026-03-09 13:45:00,13:45:00,595.5,597.75,576.5,576.5,1560
2026-03-09 13:46:00,13:46:00,575.6,576.5,564.0,565.05,1820
2026-03-09 13:47:00,13:47:00,564.3,572.0,560.2,572.0,2015
2026-03-09 13:48:00,13:48:00,580.0,593.25,572.0,578.6,1885
2026-03-09 13:49:00,13:49:00,577.25,578.6,571.65,573.2,1300
2026-03-09 13:50:00,13:50:00,573.2,578.6,573.2,573.2,390
2026-03-09 13:51:00,13:51:00,573.2,574.0,573.2,574.0,195
2026-03-09 13:52:00,13:52:00,576.65,595.0,574.0,595.0,1560
2026-03-09 13:53:00,13:53:00,594.0,600.5,592.85,597.7,1950
2026-03-09 13:54:00,13:54:00,594.25,597.7,580.95,580.95,910
2026-03-09 13:55:00,13:55:00,590.7,595.1,580.95,585.2,195
2026-03-09 13:56:00,13:56:00,593.65,594.85,585.2,589.65,1040
2026-03-09 13:57:00,13:57:00,589.65,590.8,588.2,590.8,455
2026-03-09 13:58:00,13:58:00,594.05,594.05,567.5,567.5,975
2026-03-09 13:59:00,13:59:00,564.15,567.5,561.75,562.75,1495
2026-03-09 14:00:00,14:00:00,600.0,610.45,600.0,602.25,1820
2026-03-09 14:01:00,14:01:00,596.5,602.25,596.5,601.25,780
2026-03-09 14:02:00,14:02:00,603.35,603.35,591.65,591.65,195
2026-03-09 14:03:00,14:03:00,554.1,574.0,549.25,569.1,3705
2026-03-09 14:04:00,14:04:00,567.05,573.3,560.0,573.3,1300
2026-03-09 14:05:00,14:05:00,571.65,575.0,566.7,566.7,975
2026-03-09 14:06:00,14:06:00,572.9,572.9,566.7,569.65,845
2026-03-09 14:07:00,14:07:00,565.3,576.5,565.3,576.5,585
2026-03-09 14:08:00,14:08:00,586.1,586.1,574.6,575.0,4160
2026-03-09 14:09:00,14:09:00,578.0,579.7,575.0,577.6,1170
2026-03-09 14:10:00,14:10:00,579.25,580.6,577.6,580.6,130
2026-03-09 14:11:00,14:11:00,582.35,582.35,573.9,573.9,8580
2026-03-09 14:12:00,14:12:00,571.15,578.25,564.55,578.25,1365
2026-03-09 14:13:00,14:13:00,583.2,584.5,573.0,573.0,1560
2026-03-09 14:14:00,14:14:00,564.9,573.0,559.6,559.6,975
2026-03-09 14:15:00,14:15:00,595.6,600.25,591.1,591.75,910
2026-03-09 14:16:00,14:16:00,591.75,591.75,591.75,591.75,0
2026-03-09 14:17:00,14:17:00,592.15,592.15,591.75,592.15,130
2026-03-09 14:18:00,14:18:00,546.3,566.1,546.3,558.45,1690
2026-03-09 14:19:00,14:19:00,555.75,560.95,555.75,560.95,2210
2026-03-09 14:20:00,14:20:00,591.05,598.45,591.05,591.05,195
2026-03-09 14:21:00,14:21:00,593.95,602.85,591.05,598.65,650
2026-03-09 14:22:00,14:22:00,557.25,579.0,556.25,579.0,1690
2026-03-09 14:23:00,14:23:00,576.05,581.4,575.0,576.65,4875
2026-03-09 14:24:00,14:24:00,577.15,586.55,576.65,584.2,1235
2026-03-09 14:25:00,14:25:00,586.55,593.35,584.2,592.0,1495
2026-03-09 14:26:00,14:26:00,591.85,592.0,577.25,588.65,5655
2026-03-09 14:27:00,14:27:00,589.95,592.35,588.65,592.3,1170
2026-03-09 14:28:00,14:28:00,585.0,592.3,574.1,574.1,3445
2026-03-09 14:29:00,14:29:00,575.25,588.5,574.1,586.85,2535
2026-03-09 14:30:00,14:30:00,590.0,592.35,578.2,580.2,2470
2026-03-09 14:31:00,14:31:00,577.85,599.1,577.85,599.1,3315
2026-03-09 14:32:00,14:32:00,600.3,607.8,598.8,598.8,1300
2026-03-09 14:33:00,14:33:00,605.75,605.75,594.65,601.3,975
2026-03-09 14:34:00,14:34:00,582.4,601.3,582.4,591.75,2730
2026-03-09 14:35:00,14:35:00,587.4,591.75,578.9,589.15,845
2026-03-09 14:36:00,14:36:00,596.25,598.45,589.15,590.2,325
2026-03-09 14:37:00,14:37:00,589.15,594.9,589.15,594.9,520
2026-03-09 14:38:00,14:38:00,600.8,601.45,593.35,593.35,520
2026-03-09 14:39:00,14:39:00,556.2,568.05,556.2,568.05,130
2026-03-09 14:40:00,14:40:00,561.25,568.05,561.25,565.6,325
2026-03-09 14:41:00,14:41:00,549.55,565.6,546.1,552.0,845
2026-03-09 14:42:00,14:42:00,555.25,569.7,552.0,569.7,1755
2026-03-09 14:43:00,14:43:00,576.0,576.0,569.7,571.5,520
2026-03-09 14:44:00,14:44:00,582.8,582.8,571.5,579.05,260
2026-03-09 14:45:00,14:45:00,584.1,601.45,571.5,601.45,2600
2026-03-09 14:46:00,14:46:00,573.0,604.9,568.6,586.45,85605
2026-03-09 14:47:00,14:47:00,584.1,595.05,578.0,586.8,23595
2026-03-09 14:48:00,14:48:00,586.2,600.0,584.15,589.1,39000
2026-03-09 14:49:00,14:49:00,590.15,590.15,557.85,567.85,41860
2026-03-09 14:50:00,14:50:00,570.1,581.5,567.85,571.4,15015
2026-03-09 14:51:00,14:51:00,579.0,586.0,571.0,586.0,16900
2026-03-09 14:52:00,14:52:00,587.1,591.8,558.9,558.9,16835
2026-03-09 14:53:00,14:53:00,555.35,568.75,544.5,568.75,40170
2026-03-09 14:54:00,14:54:00,567.85,589.0,567.85,583.35,29965
2026-03-09 14:55:00,14:55:00,589.4,593.0,581.65,585.0,23790
2026-03-09 14:56:00,14:56:00,580.0,592.2,580.0,581.9,12610
2026-03-09 14:57:00,14:57:00,581.55,586.85,559.85,584.55,17745
2026-03-09 14:58:00,14:58:00,587.95,588.95,579.0,584.3,7605
2026-03-09 14:59:00,14:59:00,582.4,591.9,571.05,591.9,9620
2026-03-09 15:00:00,15:00:00,594.15,594.15,556.0,565.4,26000
2026-03-09 15:01:00,15:01:00,561.1,571.7,544.85,567.2,41210
2026-03-09 15:02:00,15:02:00,566.4,589.05,566.4,586.1,27235
2026-03-09 15:03:00,15:03:00,551.45,584.75,540.95,574.55,17745
2026-03-09 15:04:00,15:04:00,573.6,581.5,570.6,573.8,4615
2026-03-09 15:05:00,15:05:00,575.95,594.25,573.8,594.25,5200
2026-03-09 15:06:00,15:06:00,592.9,614.85,586.3,587.05,5915
2026-03-09 15:07:00,15:07:00,578.0,587.05,556.7,558.3,5200
2026-03-09 15:08:00,15:08:00,555.6,559.8,540.65,559.8,6500
2026-03-09 15:09:00,15:09:00,560.2,561.3,550.25,561.3,1300
2026-03-09 15:10:00,15:10:00,556.0,562.3,553.75,559.25,585
2026-03-09 15:11:00,15:11:00,575.2,575.2,559.25,567.95,455
2026-03-09 15:12:00,15:12:00,567.95,585.8,566.0,585.8,910
2026-03-09 15:13:00,15:13:00,585.0,585.8,570.75,573.3,1625
2026-03-09 15:14:00,15:14:00,576.85,576.85,567.7,575.0,520
2026-03-09 15:15:00,15:15:00,573.0,584.15,570.75,578.4,2145
2026-03-09 15:16:00,15:16:00,573.3,578.4,567.15,568.15,845
2026-03-09 15:17:00,15:17:00,574.8,576.9,568.15,574.7,1105
2026-03-09 15:18:00,15:18:00,573.7,574.7,564.45,569.7,4030
2026-03-09 15:19:00,15:19:00,569.9,570.35,563.25,564.65,9230
2026-03-09 15:20:00,15:20:00,606.5,606.5,567.3,576.6,32630
2026-03-09 15:21:00,15:21:00,570.7,582.8,567.9,575.0,11895
2026-03-09 15:22:00,15:22:00,575.0,585.0,572.3,580.1,10985
2026-03-09 15:23:00,15:23:00,577.7,586.5,576.25,576.25,8450
2026-03-09 15:24:00,15:24:00,573.0,576.8,567.85,574.45,6565
2026-03-09 15:25:00,15:25:00,573.75,574.95,567.0,574.95,12025
2026-03-09 15:26:00,15:26:00,575.95,578.0,566.5,567.0,9945
2026-03-09 15:27:00,15:27:00,563.55,567.0,555.0,558.2,13650
2026-03-09 15:28:00,15:28:00,555.0,563.55,552.2,560.25,12090
2026-03-09 15:29:00,15:29:00,562.1,580.0,560.25,570.9,13260
2026-03-12 09:15:00,09:15:00,564.25,570.2,526.0,526.0,15535
2026-03-12 09:16:00,09:16:00,523.8,544.15,518.3,518.3,9360
2026-03-12 09:17:00,09:17:00,556.3,563.7,552.0,554.9,12935
2026-03-12 09:18:00,09:18:00,554.7,559.45,550.45,556.2,30290
2026-03-12 09:19:00,09:19:00,558.0,558.55,552.55,554.3,7735
2026-03-12 09:20:00,09:20:00,519.3,526.0,510.0,525.65,8125
2026-03-12 09:21:00,09:21:00,572.2,572.2,550.0,550.75,7280
2026-03-12 09:22:00,09:22:00,549.85,558.65,549.85,550.6,5655
2026-03-12 09:23:00,09:23:00,514.85,521.25,510.85,521.25,2860
2026-03-12 09:24:00,09:24:00,529.85,533.75,521.25,533.75,2535
2026-03-12 09:25:00,09:25:00,528.05,533.75,525.65,530.2,3835
2026-03-12 09:26:00,09:26:00,530.8,533.45,525.8,532.2,3445
2026-03-12 09:27:00,09:27:00,535.0,538.2,525.95,530.2,3315
2026-03-12 09:28:00,09:28:00,523.8,532.05,523.8,527.2,2340
2026-03-12 09:29:00,09:29:00,527.65,533.8,527.2,533.8,2015
2026-03-12 09:30:00,09:30:00,526.25,533.8,525.5,525.5,3510
2026-03-12 09:31:00,09:31:00,534.25,537.7,525.5,537.15,2990
2026-03-12 09:32:00,09:32:00,536.15,539.8,532.4,535.25,2990
2026-03-12 09:33:00,09:33:00,533.9,540.35,529.95,534.2,3770
2026-03-12 09:34:00,09:34:00,533.05,534.2,526.9,528.9,1495
2026-03-12 09:35:00,09:35:00,527.6,530.1,521.0,526.3,2405
2026-03-12 09:36:00,09:36:00,524.9,532.55,524.5,527.25,2080
2026-03-12 09:37:00,09:37:00,527.2,535.35,524.8,535.3,2080
2026-03-12 09:38:00,09:38:00,538.25,540.65,528.35,528.35,5460
2026-03-12 09:39:00,09:39:00,565.95,571.5,553.1,553.1,2730
2026-03-12 09:40:00,09:40:00,515.65,521.15,514.05,519.95,2600
2026-03-12 09:41:00,09:41:00,516.65,521.0,515.7,519.8,520
2026-03-12 09:42:00,09:42:00,518.55,530.0,518.55,528.75,780
2026-03-12 09:43:00,09:43:00,533.35,533.95,528.75,533.95,715
2026-03-12 09:44:00,09:44:00,529.65,536.0,529.65,534.4,2470
2026-03-12 09:45:00,09:45:00,534.95,536.9,531.35,535.65,1820
2026-03-12 09:46:00,09:46:00,537.0,537.0,529.55,529.55,650
2026-03-12 09:47:00,09:47:00,532.95,533.85,529.55,529.8,1170
2026-03-12 09:48:00,09:48:00,533.35,536.75,529.8,536.75,2145
2026-03-12 09:49:00,09:49:00,537.5,546.5,536.15,546.5,1560
2026-03-12 09:50:00,09:50:00,510.35,514.5,505.65,510.4,10010
2026-03-12 09:51:00,09:51:00,510.35,525.25,509.8,522.05,10530
2026-03-12 09:52:00,09:52:00,523.0,532.2,521.0,528.5,9685
2026-03-12 09:53:00,09:53:00,526.15,528.6,523.95,527.2,9425
2026-03-12 09:54:00,09:54:00,528.65,539.9,527.2,537.45,6110
2026-03-12 09:55:00,09:55:00,538.5,538.5,528.0,533.2,7995
2026-03-12 09:56:00,09:56:00,532.8,538.0,531.05,536.35,5135
2026-03-12 09:57:00,09:57:00,539.1,550.7,536.35,547.75,9295
2026-03-12 09:58:00,09:58:00,513.05,517.35,510.8,517.0,2665
2026-03-12 09:59:00,09:59:00,525.85,530.3,517.0,526.25,2535
2026-03-12 10:00:00,10:00:00,528.35,528.35,512.05,512.05,3250
2026-03-12 10:01:00,10:01:00,510.65,512.65,507.15,508.0,2860
2026-03-12 10:02:00,10:02:00,511.55,524.15,508.0,521.7,2535
2026-03-12 10:03:00,10:03:00,514.45,521.7,510.3,510.3,910
2026-03-12 10:04:00,10:04:00,512.05,514.0,506.05,508.85,1755
2026-03-12 10:05:00,10:05:00,542.0,543.3,529.9,531.55,7995
2026-03-12 10:06:00,10:06:00,527.45,532.1,527.45,529.8,2535
2026-03-12 10:07:00,10:07:00,528.85,529.8,518.65,518.65,9620
2026-03-12 10:08:00,10:08:00,520.95,520.95,507.75,508.2,7150
2026-03-12 10:09:00,10:09:00,509.95,514.8,504.15,510.0,3770
2026-03-12 10:10:00,10:10:00,510.7,522.3,510.0,521.65,7280
2026-03-12 10:11:00,10:11:00,516.5,521.65,509.4,510.0,2990
2026-03-12 10:12:00,10:12:00,511.6,514.9,505.95,507.4,2015
2026-03-12 10:13:00,10:13:00,540.7,547.0,538.1,539.5,455
2026-03-12 10:14:00,10:14:00,540.7,540.7,530.05,533.9,1105
2026-03-12 10:15:00,10:15:00,534.45,534.45,532.1,532.1,910
2026-03-12 10:16:00,10:16:00,527.55,532.1,522.55,523.4,1365
2026-03-12 10:17:00,10:17:00,520.6,527.2,515.7,515.7,1365
2026-03-12 10:18:00,10:18:00,517.15,527.9,515.7,525.7,2015
2026-03-12 10:19:00,10:19:00,526.8,530.0,525.7,527.95,1365
2026-03-12 10:20:00,10:20:00,528.0,528.85,527.1,528.1,845
2026-03-12 10:21:00,10:21:00,530.55,537.15,528.1,537.15,260
2026-03-12 10:22:00,10:22:00,542.3,542.3,535.65,535.65,780
2026-03-12 10:23:00,10:23:00,535.55,535.65,527.6,529.45,1235
2026-03-12 10:24:00,10:24:00,528.95,529.45,528.95,529.3,325
2026-03-12 10:25:00,10:25:00,504.0,515.05,496.2,513.15,11505
2026-03-12 10:26:00,10:26:00,510.65,542.15,507.6,542.15,50115
2026-03-12 10:27:00,10:27:00,540.4,550.75,534.85,534.85,27560
2026-03-12 10:28:00,10:28:00,537.2,537.3,520.9,529.8,13910
2026-03-12 10:29:00,10:29:00,531.9,537.0,527.8,537.0,9750
2026-03-12 10:30:00,10:30:00,537.6,539.0,516.7,516.7,6955
2026-03-12 10:31:00,10:31:00,517.25,517.25,509.6,512.9,5460
2026-03-12 10:32:00,10:32:00,517.55,537.8,512.9,537.8,3965
2026-03-12 10:33:00,10:33:00,537.25,547.5,533.85,541.35,22815
2026-03-12 10:34:00,10:34:00,501.5,513.15,501.5,511.1,1625
2026-03-12 10:35:00,10:35:00,512.25,514.2,504.45,505.95,3120
2026-03-12 10:36:00,10:36:00,500.0,513.1,499.35,513.1,2080
2026-03-12 10:37:00,10:37:00,516.3,533.2,513.1,530.25,2535
2026-03-12 10:38:00,10:38:00,533.1,535.7,526.2,535.7,845
2026-03-12 10:39:00,10:39:00,533.7,535.7,527.3,527.3,1235
2026-03-12 10:40:00,10:40:00,532.4,533.35,527.3,533.0,585
2026-03-12 10:41:00,10:41:00,530.45,533.0,521.0,531.9,1755
2026-03-12 10:42:00,10:42:00,528.7,531.9,524.7,524.7,325
2026-03-12 10:43:00,10:43:00,519.75,524.7,509.9,513.65,2925
2026-03-12 10:44:00,10:44:00,514.4,522.8,511.7,514.25,520
2026-03-12 10:45:00,10:45:00,516.6,521.1,514.25,517.0,845
2026-03-12 10:46:00,10:46:00,524.15,524.15,514.0,514.0,585
2026-03-12 10:47:00,10:47:00,512.35,523.0,512.35,521.35,1040
2026-03-12 10:48:00,10:48:00,513.2,521.35,513.2,513.2,130
2026-03-12 10:49:00,10:49:00,509.05,513.2,509.05,509.9,780
2026-03-12 10:50:00,10:50:00,503.2,509.9,496.8,498.35,1235
2026-03-12 10:51:00,10:51:00,499.5,503.7,498.35,503.25,1235
2026-03-12 10:52:00,10:52:00,535.0,538.55,529.05,530.4,7540
2026-03-12 10:53:00,10:53:00,498.1,522.95,496.25,522.95,1820
2026-03-12 10:54:00,10:54:00,526.15,526.15,513.8,513.8,715
2026-03-12 10:55:00,10:55:00,509.65,513.8,500.35,502.95,4225
2026-03-12 10:56:00,10:56:00,509.75,510.7,502.95,510.7,260
2026-03-12 10:57:00,10:57:00,517.55,531.0,510.7,531.0,1170
2026-03-12 10:58:00,10:58:00,495.45,507.0,491.65,507.0,24115
2026-03-12 10:59:00,10:59:00,504.0,507.0,500.0,504.5,17420
2026-03-12 11:00:00,11:00:00,505.45,507.6,501.55,504.7,16575
2026-03-12 11:01:00,11:01:00,504.6,520.75,503.8,514.5,25350
2026-03-12 11:02:00,11:02:00,511.65,520.55,511.65,517.7,11505
2026-03-12 11:03:00,11:03:00,519.45,525.0,511.55,515.55,13910
2026-03-12 11:04:00,11:04:00,516.45,527.9,515.55,526.3,15340
2026-03-12 11:05:00,11:05:00,528.0,531.05,515.05,519.25,13780
2026-03-12 11:06:00,11:06:00,515.95,519.25,503.55,506.0,8905
2026-03-12 11:07:00,11:07:00,505.15,509.0,497.55,505.0,8970
2026-03-12 11:08:00,11:08:00,501.9,508.35,499.55,505.0,2665
2026-03-12 11:09:00,11:09:00,504.85,507.2,500.0,502.85,1885
2026-03-12 11:10:00,11:10:00,504.5,516.65,502.85,516.65,5330
2026-03-12 11:11:00,11:11:00,518.5,522.0,511.3,511.3,7995
2026-03-12 11:12:00,11:12:00,513.6,513.6,503.35,503.35,8710
2026-03-12 11:13:00,11:13:00,510.0,511.5,501.0,505.85,5460
2026-03-12 11:14:00,11:14:00,510.0,511.9,502.0,502.55,4745
2026-03-12 11:15:00,11:15:00,505.0,512.0,502.55,512.0,6110
2026-03-12 11:16:00,11:16:00,513.05,516.3,508.0,512.8,2600
2026-03-12 11:17:00,11:17:00,506.75,512.8,502.0,505.75,2860
2026-03-12 11:18:00,11:18:00,535.05,540.0,495.4,495.4,14300
2026-03-12 11:19:00,11:19:00,502.3,515.45,495.4,513.25,6825
2026-03-12 11:20:00,11:20:00,509.65,513.25,499.7,499.7,1235
2026-03-12 11:21:00,11:21:00,536.45,536.45,524.0,524.0,3185
2026-03-12 11:22:00,11:22:00,528.7,532.3,524.0,529.5,6110
2026-03-12 11:23:00,11:23:00,526.9,535.0,526.9,532.0,5135
2026-03-12 11:24:00,11:24:00,496.3,514.8,495.6,514.8,1105
2026-03-12 11:25:00,11:25:00,510.9,514.8,506.3,506.3,910
2026-03-12 11:26:00,11:26:00,511.05,511.05,506.2,508.5,520
2026-03-12 11:27:00,11:27:00,516.1,516.1,504.8,504.8,650
2026-03-12 11:28:00,11:28:00,506.7,510.7,504.8,510.7,845
2026-03-12 11:29:00,11:29:00,513.0,513.25,510.7,513.25,455
2026-03-12 11:30:00,11:30:00,509.95,513.25,504.25,505.05,1105
2026-03-12 11:31:00,11:31:00,504.1,505.05,500.9,500.9,1950
2026-03-12 11:32:00,11:32:00,499.8,501.25,495.75,498.1,1885
2026-03-12 11:33:00,11:33:00,500.45,505.75,498.1,504.0,2145
2026-03-12 11:34:00,11:34:00,506.05,510.25,504.0,509.05,1105
2026-03-12 11:35:00,11:35:00,513.45,513.45,509.05,512.4,260
2026-03-12 11:36:00,11:36:00,512.8,512.8,507.4,507.4,455
2026-03-12 11:37:00,11:37:00,507.45,509.45,507.4,509.45,260
2026-03-12 11:38:00,11:38:00,499.8,510.0,499.8,510.0,1040
2026-03-12 11:39:00,11:39:00,510.1,510.75,510.0,510.75,195
2026-03-12 11:40:00,11:40:00,512.0,517.85,510.75,515.65,390
2026-03-12 11:41:00,11:41:00,522.5,522.5,508.35,508.35,845
2026-03-12 11:42:00,11:42:00,508.4,510.5,508.35,510.5,195
2026-03-12 11:43:00,11:43:00,521.1,522.35,510.5,516.7,390
2026-03-12 11:44:00,11:44:00,522.25,522.25,516.7,518.1,260
2026-03-12 11:45:00,11:45:00,520.6,526.0,518.1,526.0,1430
2026-03-12 11:46:00,11:46:00,527.3,527.3,519.95,519.95,325
2026-03-12 11:47:00,11:47:00,520.2,524.05,519.95,524.05,455
2026-03-12 11:48:00,11:48:00,520.0,524.05,515.8,515.8,2015
2026-03-12 11:49:00,11:49:00,510.0,515.8,504.95,504.95,845
2026-03-12 11:50:00,11:50:00,512.45,512.45,504.95,512.45,195
2026-03-12 11:51:00,11:51:00,515.05,515.05,512.45,515.05,260
2026-03-12 11:52:00,11:52:00,512.05,515.05,510.0,510.0,455
2026-03-12 11:53:00,11:53:00,515.1,517.0,510.0,517.0,390
2026-03-12 11:54:00,11:54:00,522.0,522.7,517.0,519.3,2145
2026-03-12 11:55:00,11:55:00,515.15,519.3,514.6,514.6,195
2026-03-12 11:56:00,11:56:00,479.75,497.95,478.0,497.95,7215
2026-03-12 11:57:00,11:57:00,493.8,498.0,492.95,497.0,15015
2026-03-12 11:58:00,11:58:00,492.65,497.0,490.7,494.05,3380
2026-03-12 11:59:00,11:59:00,496.85,502.0,494.05,497.7,4745
2026-03-12 12:00:00,12:00:00,495.8,500.8,494.75,496.8,1885
2026-03-12 12:01:00,12:01:00,498.95,503.0,493.7,494.55,4160
2026-03-12 12:02:00,12:02:00,497.95,498.0,494.35,498.0,3705
2026-03-12 12:03:00,12:03:00,498.95,502.0,498.0,500.0,4745
2026-03-12 12:04:00,12:04:00,500.0,503.0,495.6,495.95,5525
2026-03-12 12:05:00,12:05:00,500.0,501.5,487.55,487.55,2340
2026-03-12 12:06:00,12:06:00,487.8,491.7,485.4,491.7,3250
2026-03-12 12:07:00,12:07:00,526.55,529.5,520.8,520.85,2405
2026-03-12 12:08:00,12:08:00,516.4,520.85,516.0,516.0,1170
2026-03-12 12:09:00,12:09:00,481.0,488.0,479.75,484.0,1820
2026-03-12 12:10:00,12:10:00,520.55,522.35,516.0,522.35,780
2026-03-12 12:11:00,12:11:00,521.05,522.35,510.0,510.0,195
2026-03-12 12:12:00,12:12:00,472.75,482.0,471.0,482.0,3055
2026-03-12 12:13:00,12:13:00,485.0,490.6,482.0,490.0,16640
2026-03-12 12:14:00,12:14:00,488.9,503.0,488.9,497.65,9945
2026-03-12 12:15:00,12:15:00,496.65,497.65,490.85,496.6,10985
2026-03-12 12:16:00,12:16:00,536.0,536.4,513.85,513.85,1430
2026-03-12 12:17:00,12:17:00,477.4,487.0,477.4,487.0,2795
2026-03-12 12:18:00,12:18:00,488.0,491.7,483.4,483.4,7410
2026-03-12 12:19:00,12:19:00,527.9,527.9,527.9,527.9,0
2026-03-12 12:20:00,12:20:00,482.2,486.2,480.4,485.15,975
2026-03-12 12:21:00,12:21:00,486.0,495.6,485.15,495.3,4420
2026-03-12 12:22:00,12:22:00,495.9,506.0,494.3,502.3,12545
2026-03-12 12:23:00,12:23:00,501.5,503.1,490.65,493.9,8905
2026-03-12 12:24:00,12:24:00,490.2,500.85,490.0,500.85,2145
2026-03-12 12:25:00,12:25:00,500.0,500.85,495.0,495.0,3185
2026-03-12 12:26:00,12:26:00,494.75,505.05,494.75,501.85,9425
2026-03-12 12:27:00,12:27:00,500.0,502.9,494.75,496.45,7410
2026-03-12 12:28:00,12:28:00,499.45,499.7,487.75,488.0,5590
2026-03-12 12:29:00,12:29:00,486.2,493.0,485.85,493.0,1885
2026-03-12 12:30:00,12:30:00,492.6,494.0,490.0,490.0,1105
2026-03-12 12:31:00,12:31:00,491.0,494.9,490.0,494.9,715
2026-03-12 12:32:00,12:32:00,493.35,494.9,482.8,482.8,4160
2026-03-12 12:33:00,12:33:00,523.4,527.0,514.1,514.1,260
2026-03-12 12:34:00,12:34:00,514.4,520.6,514.1,517.2,1820
2026-03-12 12:35:00,12:35:00,476.9,482.0,475.8,482.0,2990
2026-03-12 12:36:00,12:36:00,519.05,522.9,513.8,515.25,650
2026-03-12 12:37:00,12:37:00,506.2,515.25,505.1,512.95,715
2026-03-12 12:38:00,12:38:00,511.05,512.95,511.05,511.65,260
2026-03-12 12:39:00,12:39:00,500.05,511.65,500.0,505.0,910
2026-03-12 12:40:00,12:40:00,501.75,505.0,501.4,505.0,390
2026-03-12 12:41:00,12:41:00,507.05,507.05,505.0,507.0,195
2026-03-12 12:42:00,12:42:00,511.45,511.45,507.0,508.9,390
2026-03-12 12:43:00,12:43:00,508.6,508.9,508.6,508.6,65
2026-03-12 12:44:00,12:44:00,504.45,508.6,504.45,506.8,325
2026-03-12 12:45:00,12:45:00,509.6,509.75,504.35,504.35,390
2026-03-12 12:46:00,12:46:00,517.0,517.0,504.35,517.0,65
2026-03-12 12:47:00,12:47:00,474.1,479.5,474.1,479.5,7930
2026-03-12 12:48:00,12:48:00,514.05,514.05,514.05,514.05,0
2026-03-12 12:49:00,12:49:00,514.05,514.05,514.05,514.05,0
2026-03-12 12:50:00,12:50:00,473.05,476.95,471.2,476.95,3705
2026-03-12 12:51:00,12:51:00,516.4,516.4,508.5,510.1,260
2026-03-12 12:52:00,12:52:00,511.45,512.1,505.95,512.1,585
2026-03-12 12:53:00,12:53:00,499.85,512.1,497.0,497.0,260
2026-03-12 12:54:00,12:54:00,503.3,503.3,497.0,502.25,455
2026-03-12 12:55:00,12:55:00,503.9,503.9,496.75,499.65,390
2026-03-12 12:56:00,12:56:00,502.35,503.0,499.65,502.45,325
2026-03-12 12:57:00,12:57:00,502.95,508.95,502.45,507.0,5135
2026-03-12 12:58:00,12:58:00,506.95,508.45,506.95,508.35,195
2026-03-12 12:59:00,12:59:00,506.7,508.35,506.4,506.4,130
2026-03-12 13:00:00,13:00:00,507.1,507.1,500.0,501.0,260
2026-03-12 13:01:00,13:01:00,501.35,501.35,493.5,493.5,260
2026-03-12 13:02:00,13:02:00,487.7,493.5,487.7,490.35,325
2026-03-12 13:03:00,13:03:00,492.5,494.35,490.35,494.35,195
2026-03-12 13:04:00,13:04:00,496.65,497.3,494.35,496.65,260
2026-03-12 13:05:00,13:05:00,533.1,533.2,507.1,507.1,5590
2026-03-12 13:06:00,13:06:00,505.0,507.1,500.4,501.65,4810
2026-03-12 13:07:00,13:07:00,503.25,515.0,501.65,513.7,1300
2026-03-12 13:08:00,13:08:00,475.25,476.1,471.25,474.5,910
2026-03-12 13:09:00,13:09:00,475.95,480.75,474.5,480.75,650
2026-03-12 13:10:00,13:10:00,479.2,484.3,478.15,483.45,585
2026-03-12 13:11:00,13:11:00,489.35,489.35,483.45,489.35,65
2026-03-12 13:12:00,13:12:00,488.75,497.35,488.75,494.65,910
2026-03-12 13:13:00,13:13:00,497.3,501.0,494.65,501.0,260
2026-03-12 13:14:00,13:14:00,499.05,508.0,499.05,503.5,1170
2026-03-12 13:15:00,13:15:00,502.2,503.6,502.2,503.0,455
2026-03-12 13:16:00,13:16:00,500.0,505.0,500.0,505.0,455
2026-03-12 13:17:00,13:17:00,506.3,509.95,505.0,509.95,390
2026-03-12 13:18:00,13:18:00,507.5,509.95,495.6,495.6,520
2026-03-12 13:19:00,13:19:00,497.3,497.9,492.7,497.9,1300
2026-03-12 13:20:00,13:20:00,497.25,498.15,496.7,496.7,195
2026-03-12 13:21:00,13:21:00,494.55,496.7,492.3,495.2,390
2026-03-12 13:22:00,13:22:00,497.3,509.3,495.2,509.3,1235
2026-03-12 13:23:00,13:23:00,471.7,481.95,471.0,477.85,10075
2026-03-12 13:24:00,13:24:00,482.0,487.75,477.85,485.0,16185
2026-03-12 13:25:00,13:25:00,486.0,496.0,482.0,493.25,9035
2026-03-12 13:26:00,13:26:00,494.7,500.0,491.75,493.45,11505
2026-03-12 13:27:00,13:27:00,495.0,502.0,488.75,500.9,9555
2026-03-12 13:28:00,13:28:00,504.6,509.75,499.1,502.55,14040
2026-03-12 13:29:00,13:29:00,505.55,510.5,495.0,506.3,7540
2026-03-12 13:30:00,13:30:00,470.9,481.65,468.15,480.6,4225
2026-03-12 13:31:00,13:31:00,479.45,485.5,476.55,483.4,2145
2026-03-12 13:32:00,13:32:00,482.3,483.4,475.95,479.7,3120
2026-03-12 13:33:00,13:33:00,479.6,503.3,478.05,502.1,9555
2026-03-12 13:34:00,13:34:00,510.6,517.1,502.1,506.2,14040
2026-03-12 13:35:00,13:35:00,506.3,516.8,500.35,514.85,3445
2026-03-12 13:36:00,13:36:00,515.85,515.9,508.4,513.1,3965
2026-03-12 13:37:00,13:37:00,512.95,516.0,503.75,504.1,2990
2026-03-12 13:38:00,13:38:00,504.7,507.2,503.0,504.95,1235
2026-03-12 13:39:00,13:39:00,504.9,510.35,500.8,506.9,2145
2026-03-12 13:40:00,13:40:00,510.35,515.85,506.9,515.0,3120
2026-03-12 13:41:00,13:41:00,525.0,526.85,505.7,505.7,8840
2026-03-12 13:42:00,13:42:00,506.1,506.1,492.0,493.0,6175
2026-03-12 13:43:00,13:43:00,500.8,500.8,484.65,489.9,3315
2026-03-12 13:44:00,13:44:00,489.5,493.4,486.3,490.3,5005
2026-03-12 13:45:00,13:45:00,489.25,496.45,481.6,494.9,1820
2026-03-12 13:46:00,13:46:00,496.75,502.55,491.5,491.5,2275
2026-03-12 13:47:00,13:47:00,490.3,495.4,486.35,495.4,1690
2026-03-12 13:48:00,13:48:00,493.05,500.2,493.05,495.15,1040
2026-03-12 13:49:00,13:49:00,489.2,495.15,487.55,489.1,2340
2026-03-12 13:50:00,13:50:00,491.0,496.45,486.2,491.8,1235
2026-03-12 13:51:00,13:51:00,521.2,522.35,509.4,519.7,9230
2026-03-12 13:52:00,13:52:00,518.6,519.7,513.0,519.65,1430
2026-03-12 13:53:00,13:53:00,514.9,519.65,507.45,508.0,7215
2026-03-12 13:54:00,13:54:00,512.7,518.9,508.0,513.25,3315
2026-03-12 13:55:00,13:55:00,513.5,513.7,500.0,501.35,4485
2026-03-12 13:56:00,13:56:00,499.65,506.45,499.65,505.65,3445
2026-03-12 13:57:00,13:57:00,503.2,506.6,493.15,495.55,6695
2026-03-12 13:58:00,13:58:00,493.8,501.45,493.75,500.4,4095
2026-03-12 13:59:00,13:59:00,490.05,500.4,482.75,484.25,5200
2026-03-12 14:00:00,14:00:00,482.5,501.9,480.0,501.9,6955
2026-03-12 14:01:00,14:01:00,501.05,505.95,497.3,498.0,9685
2026-03-12 14:02:00,14:02:00,502.0,502.0,492.0,498.9,1495
2026-03-12 14:03:00,14:03:00,497.3,498.9,495.35,495.35,260
2026-03-12 14:04:00,14:04:00,492.0,495.35,488.3,493.0,4940
2026-03-12 14:05:00,14:05:00,493.6,510.5,493.0,504.1,11765
2026-03-12 14:06:00,14:06:00,505.5,505.5,499.55,499.85,1495
2026-03-12 14:07:00,14:07:00,498.2,499.85,483.75,486.0,3380
2026-03-12 14:08:00,14:08:00,485.4,490.85,480.0,480.0,5720
2026-03-12 14:09:00,14:09:00,519.5,523.15,511.05,511.05,1040
2026-03-12 14:10:00,14:10:00,510.6,511.05,505.0,509.7,7345
2026-03-12 14:11:00,14:11:00,506.1,510.1,502.95,505.2,2080
2026-03-12 14:12:00,14:12:00,504.6,508.25,502.0,504.4,1300
2026-03-12 14:13:00,14:13:00,507.6,517.85,504.4,517.35,1430
2026-03-12 14:14:00,14:14:00,478.4,497.0,478.4,490.35,24960
2026-03-12 14:15:00,14:15:00,490.9,502.1,481.0,501.0,16315
2026-03-12 14:16:00,14:16:00,500.55,506.85,495.0,496.25,7735
2026-03-12 14:17:00,14:17:00,490.0,496.25,482.35,483.95,6695
2026-03-12 14:18:00,14:18:00,487.75,492.3,483.95,492.3,5135
2026-03-12 14:19:00,14:19:00,492.05,497.4,492.05,495.75,975
2026-03-12 14:20:00,14:20:00,500.0,500.3,493.7,496.3,5785
2026-03-12 14:21:00,14:21:00,495.0,496.3,488.7,488.7,2145
2026-03-12 14:22:00,14:22:00,490.2,495.0,488.7,490.75,1235
2026-03-12 14:23:00,14:23:00,491.65,498.15,490.75,498.15,1625
2026-03-12 14:24:00,14:24:00,492.75,498.15,476.55,478.4,5070
2026-03-12 14:25:00,14:25:00,484.95,484.95,478.4,484.45,2925
2026-03-12 14:26:00,14:26:00,481.25,490.15,480.9,490.15,780
2026-03-12 14:27:00,14:27:00,491.05,491.05,482.0,483.2,520
2026-03-12 14:28:00,14:28:00,514.05,520.0,511.4,513.7,2470
2026-03-12 14:29:00,14:29:00,516.55,516.55,511.9,514.3,715
2026-03-12 14:30:00,14:30:00,471.0,478.0,467.25,478.0,4615
2026-03-12 14:31:00,14:31:00,510.2,511.55,510.2,510.2,260
2026-03-12 14:32:00,14:32:00,510.2,510.2,510.2,510.2,0
2026-03-12 14:33:00,14:33:00,473.7,487.85,469.7,480.0,9425
2026-03-12 14:34:00,14:34:00,481.45,486.3,480.0,481.9,5655
2026-03-12 14:35:00,14:35:00,480.75,487.0,480.75,482.0,8580
2026-03-12 14:36:00,14:36:00,480.3,485.9,476.2,476.2,1820
2026-03-12 14:37:00,14:37:00,475.65,476.3,466.65,471.7,8905
2026-03-12 14:38:00,14:38:00,473.7,479.35,470.75,479.35,1820
2026-03-12 14:39:00,14:39:00,508.45,512.05,505.45,505.45,260
2026-03-12 14:40:00,14:40:00,494.3,505.45,490.0,496.95,2080
2026-03-12 14:41:00,14:41:00,495.45,496.95,494.8,494.8,195
2026-03-12 14:42:00,14:42:00,493.35,494.8,490.0,490.0,195
2026-03-12 14:43:00,14:43:00,491.8,492.45,484.75,484.8,715
2026-03-12 14:44:00,14:44:00,522.5,522.5,509.9,514.25,3120
2026-03-12 14:45:00,14:45:00,475.6,481.3,469.0,478.6,2535
2026-03-12 14:46:00,14:46:00,516.3,520.0,505.0,506.55,2210
2026-03-12 14:47:00,14:47:00,507.8,510.45,504.2,504.2,3510
2026-03-12 14:48:00,14:48:00,509.95,517.45,504.2,517.45,1365
2026-03-12 14:49:00,14:49:00,515.5,517.45,513.35,517.15,1235
2026-03-12 14:50:00,14:50:00,515.4,517.15,485.1,485.1,7020
2026-03-12 14:51:00,14:51:00,515.25,522.75,508.95,509.75,3900
2026-03-12 14:52:00,14:52:00,506.4,510.6,499.8,506.3,4550
2026-03-12 14:53:00,14:53:00,472.0,481.0,469.25,479.75,14885
2026-03-12 14:54:00,14:54:00,479.25,483.9,476.3,479.7,5720
2026-03-12 14:55:00,14:55:00,475.8,480.0,469.55,478.05,3055
2026-03-12 14:56:00,14:56:00,482.8,488.0,478.05,487.95,7410
2026-03-12 14:57:00,14:57:00,487.15,487.95,482.55,482.7,2665
2026-03-12 14:58:00,14:58:00,482.5,484.35,480.0,484.05,8125
2026-03-12 14:59:00,14:59:00,482.0,490.5,481.5,487.1,2925
2026-03-12 15:00:00,15:00:00,525.8,525.8,513.2,513.2,715
2026-03-12 15:01:00,15:01:00,512.0,516.75,505.0,505.0,585
2026-03-12 15:02:00,15:02:00,505.0,505.0,505.0,505.0,0
2026-03-12 15:03:00,15:03:00,479.0,482.3,478.0,482.3,2600
2026-03-12 15:04:00,15:04:00,486.9,495.7,482.3,495.0,2470
2026-03-12 15:05:00,15:05:00,493.8,504.1,493.8,500.0,7670
2026-03-12 15:06:00,15:06:00,499.4,501.05,492.9,492.9,3120
2026-03-12 15:07:00,15:07:00,496.0,500.45,492.9,493.05,1625
2026-03-12 15:08:00,15:08:00,493.05,495.85,492.5,495.85,1170
2026-03-12 15:09:00,15:09:00,499.75,512.25,495.85,512.25,4745
2026-03-12 15:10:00,15:10:00,470.8,480.0,470.8,480.0,780
2026-03-12 15:11:00,15:11:00,513.4,520.05,506.7,507.85,12805
2026-03-12 15:12:00,15:12:00,505.2,507.85,494.25,498.05,2990
2026-03-12 15:13:00,15:13:00,496.55,502.45,496.55,499.4,10140
2026-03-12 15:14:00,15:14:00,508.0,509.5,497.0,499.25,3510
2026-03-12 15:15:00,15:15:00,500.4,500.4,495.0,496.4,1885
2026-03-12 15:16:00,15:16:00,497.6,500.15,496.4,499.15,15860
2026-03-12 15:17:00,15:17:00,496.15,504.0,493.2,504.0,9750
2026-03-12 15:18:00,15:18:00,505.55,505.55,499.8,501.0,7995
2026-03-12 15:19:00,15:19:00,501.3,506.2,501.0,506.2,3900
2026-03-12 15:20:00,15:20:00,506.35,506.35,495.95,495.95,6110
2026-03-12 15:21:00,15:21:00,497.9,502.1,495.95,498.6,1755
2026-03-12 15:22:00,15:22:00,499.6,500.35,496.35,497.95,1365
2026-03-12 15:23:00,15:23:00,496.7,497.95,493.6,496.1,1300
2026-03-12 15:24:00,15:24:00,496.5,496.5,489.65,490.45,4290
2026-03-12 15:25:00,15:25:00,491.15,491.15,481.2,484.6,10140
2026-03-12 15:26:00,15:26:00,485.4,492.0,484.6,492.0,4550
2026-03-12 15:27:00,15:27:00,491.95,494.35,491.95,494.35,3120
2026-03-12 15:28:00,15:28:00,494.95,495.65,491.15,491.15,3770
2026-03-12 15:29:00,15:29:00,492.55,493.45,489.65,493.4,14105
2026-03-13 09:15:00,09:15:00,494.45,494.45,352.85,372.75,71760
2026-03-13 09:16:00,09:16:00,375.75,384.3,364.9,364.9,38935
2026-03-13 09:17:00,09:17:00,370.0,371.9,362.4,367.1,16575
2026-03-13 09:18:00,09:18:00,367.4,375.65,363.05,363.35,12610
2026-03-13 09:19:00,09:19:00,363.95,365.15,356.95,360.8,12025
2026-03-13 09:20:00,09:20:00,394.95,395.25,379.4,381.5,75465
2026-03-13 09:21:00,09:21:00,348.15,361.55,346.4,360.6,19890
2026-03-13 09:22:00,09:22:00,361.0,364.65,354.5,354.5,12155
2026-03-13 09:23:00,09:23:00,354.7,355.55,343.7,348.9,11375
2026-03-13 09:24:00,09:24:00,350.5,355.45,347.15,353.8,15210
2026-03-13 09:25:00,09:25:00,352.9,353.8,347.0,353.45,12545
2026-03-13 09:26:00,09:26:00,353.7,362.2,353.45,360.1,14820
2026-03-13 09:27:00,09:27:00,363.0,372.7,360.1,372.1,18005
2026-03-13 09:28:00,09:28:00,373.1,375.8,368.9,375.7,19500
2026-03-13 09:29:00,09:29:00,375.4,377.15,370.2,373.6,19890
2026-03-13 09:30:00,09:30:00,373.25,375.75,368.0,375.75,11180
2026-03-13 09:31:00,09:31:00,343.0,353.65,341.75,352.3,151385
2026-03-13 09:32:00,09:32:00,383.95,385.35,368.35,373.95,25740
2026-03-13 09:33:00,09:33:00,376.15,382.2,369.65,369.65,16055
2026-03-13 09:34:00,09:34:00,370.8,371.35,361.9,369.0,26585
2026-03-13 09:35:00,09:35:00,369.05,370.0,363.2,364.0,13520
2026-03-13 09:36:00,09:36:00,363.75,364.15,354.75,359.5,17810
2026-03-13 09:37:00,09:37:00,358.35,363.8,354.35,363.6,10270
2026-03-13 09:38:00,09:38:00,363.6,376.5,363.6,368.05,22295
2026-03-13 09:39:00,09:39:00,367.1,368.75,359.1,363.7,9360
2026-03-13 09:40:00,09:40:00,364.15,367.1,360.35,364.3,5525
2026-03-13 09:41:00,09:41:00,364.25,364.3,357.5,362.5,6435
2026-03-13 09:42:00,09:42:00,362.0,362.7,358.2,358.2,3120
2026-03-13 09:43:00,09:43:00,357.0,358.75,354.15,355.5,8645
2026-03-13 09:44:00,09:44:00,356.5,356.95,351.0,351.55,10140
2026-03-13 09:45:00,09:45:00,384.8,385.3,379.45,379.9,34905
2026-03-13 09:46:00,09:46:00,380.3,380.6,371.65,371.65,55900
2026-03-13 09:47:00,09:47:00,372.0,372.75,362.25,362.25,75270
2026-03-13 09:48:00,09:48:00,363.7,375.3,361.4,368.55,62530
2026-03-13 09:49:00,09:49:00,368.75,373.65,366.0,367.3,30420
2026-03-13 09:50:00,09:50:00,366.0,367.3,362.25,364.65,31265
2026-03-13 09:51:00,09:51:00,365.1,368.45,357.9,359.45,43095
2026-03-13 09:52:00,09:52:00,394.35,394.35,384.5,389.65,12805
2026-03-13 09:53:00,09:53:00,355.55,360.25,355.55,357.65,34190
2026-03-13 09:54:00,09:54:00,390.85,391.9,383.1,383.1,13455
2026-03-13 09:55:00,09:55:00,382.8,384.15,379.35,381.55,6110
2026-03-13 09:56:00,09:56:00,383.4,389.35,381.5,381.5,8580
2026-03-13 09:57:00,09:57:00,382.05,388.1,381.5,383.8,8320
2026-03-13 09:58:00,09:58:00,384.05,384.05,374.1,375.55,7995
2026-03-13 09:59:00,09:59:00,375.05,380.4,373.8,375.5,7085
2026-03-13 10:00:00,10:00:00,375.55,375.55,368.35,370.0,7540
2026-03-13 10:01:00,10:01:00,369.85,377.75,367.4,373.9,9555
2026-03-13 10:02:00,10:02:00,373.45,385.0,373.0,385.0,9945
2026-03-13 10:03:00,10:03:00,385.75,385.95,379.25,380.6,7865
2026-03-13 10:04:00,10:04:00,381.55,383.5,379.9,380.75,3575
2026-03-13 10:05:00,10:05:00,380.35,380.75,370.65,371.75,4550
2026-03-13 10:06:00,10:06:00,370.9,371.75,361.15,362.7,11440
2026-03-13 10:07:00,10:07:00,363.5,372.95,362.7,372.95,6240
2026-03-13 10:08:00,10:08:00,372.35,372.95,369.6,371.15,2600
2026-03-13 10:09:00,10:09:00,372.7,372.7,368.5,368.5,5980
2026-03-13 10:10:00,10:10:00,368.8,370.65,366.9,370.65,3770
2026-03-13 10:11:00,10:11:00,371.8,373.75,366.1,366.9,5330
2026-03-13 10:12:00,10:12:00,401.6,402.65,394.35,395.0,13845
2026-03-13 10:13:00,10:13:00,396.0,401.35,395.0,398.95,6695
2026-03-13 10:14:00,10:14:00,363.25,368.3,358.9,368.3,8840
2026-03-13 10:15:00,10:15:00,368.45,373.55,367.0,372.6,13390
2026-03-13 10:16:00,10:16:00,370.8,372.6,364.25,367.75,7670
2026-03-13 10:17:00,10:17:00,402.0,402.0,396.9,399.15,9360
2026-03-13 10:18:00,10:18:00,365.0,372.5,364.3,372.1,3055
2026-03-13 10:19:00,10:19:00,407.05,407.05,394.65,395.4,8580
2026-03-13 10:20:00,10:20:00,362.85,367.15,361.5,365.2,5395
2026-03-13 10:21:00,10:21:00,399.45,405.15,399.05,399.15,10400
2026-03-13 10:22:00,10:22:00,399.9,399.9,390.0,397.15,23400
2026-03-13 10:23:00,10:23:00,400.1,401.1,391.55,391.55,14365
2026-03-13 10:24:00,10:24:00,391.25,395.55,387.1,391.25,18135
2026-03-13 10:25:00,10:25:00,392.05,395.8,390.6,393.35,8515
2026-03-13 10:26:00,10:26:00,392.95,396.7,391.9,395.75,7995
2026-03-13 10:27:00,10:27:00,361.8,369.0,361.25,368.5,11765
2026-03-13 10:28:00,10:28:00,367.85,375.0,365.7,373.55,10595
2026-03-13 10:29:00,10:29:00,373.05,376.7,370.9,375.25,9555
2026-03-13 10:30:00,10:30:00,376.45,377.95,371.6,374.5,6890
2026-03-13 10:31:00,10:31:00,374.5,378.0,373.0,376.7,7800
2026-03-13 10:32:00,10:32:00,379.0,380.0,372.6,377.0,6305
2026-03-13 10:33:00,10:33:00,376.0,377.0,365.4,366.15,3900
2026-03-13 10:34:00,10:34:00,367.85,367.85,360.05,360.95,5655
2026-03-13 10:35:00,10:35:00,395.0,397.65,393.15,395.05,6760
2026-03-13 10:36:00,10:36:00,362.05,365.45,362.05,363.95,4030
2026-03-13 10:37:00,10:37:00,365.0,366.2,363.0,365.7,4225
2026-03-13 10:38:00,10:38:00,366.15,366.15,360.45,364.6,3575
2026-03-13 10:39:00,10:39:00,366.45,368.6,364.6,368.35,7605
2026-03-13 10:40:00,10:40:00,365.1,368.35,361.35,361.35,2860
2026-03-13 10:41:00,10:41:00,362.15,370.0,361.35,366.5,5590
2026-03-13 10:42:00,10:42:00,366.6,366.6,358.7,359.05,2795
2026-03-13 10:43:00,10:43:00,393.5,393.5,385.2,385.2,18070
2026-03-13 10:44:00,10:44:00,386.0,395.6,384.4,393.55,14950
2026-03-13 10:45:00,10:45:00,359.5,362.55,356.5,360.25,4420
2026-03-13 10:46:00,10:46:00,396.35,396.35,393.55,393.55,5200
2026-03-13 10:47:00,10:47:00,393.15,393.55,382.75,386.55,14885
2026-03-13 10:48:00,10:48:00,354.65,360.1,353.45,360.1,8710
2026-03-13 10:49:00,10:49:00,360.55,365.35,359.65,360.6,11570
2026-03-13 10:50:00,10:50:00,362.15,371.5,360.6,369.9,9295
2026-03-13 10:51:00,10:51:00,370.75,379.5,369.9,376.75,19370
2026-03-13 10:52:00,10:52:00,378.0,385.05,376.75,381.85,14495
2026-03-13 10:53:00,10:53:00,381.55,389.25,380.0,386.55,8060
2026-03-13 10:54:00,10:54:00,386.55,386.6,378.8,381.3,9815
2026-03-13 10:55:00,10:55:00,381.5,381.5,373.7,379.4,7215
2026-03-13 10:56:00,10:56:00,378.75,382.3,378.0,381.9,2860
2026-03-13 10:57:00,10:57:00,382.45,382.45,371.0,371.35,5135
2026-03-13 10:58:00,10:58:00,372.3,378.65,371.35,378.65,4290
2026-03-13 10:59:00,10:59:00,379.95,385.7,378.05,385.55,10140
2026-03-13 11:00:00,11:00:00,383.4,385.55,377.35,377.35,3120
2026-03-13 11:01:00,11:01:00,378.9,384.1,377.35,383.6,4485
2026-03-13 11:02:00,11:02:00,383.95,385.05,374.1,374.1,6760
2026-03-13 11:03:00,11:03:00,375.35,382.0,374.1,382.0,2340
2026-03-13 11:04:00,11:04:00,381.75,383.4,379.6,379.6,3055
2026-03-13 11:05:00,11:05:00,376.9,379.6,370.35,376.85,12350
2026-03-13 11:06:00,11:06:00,377.2,377.2,372.6,376.15,1885
2026-03-13 11:07:00,11:07:00,375.7,378.8,371.2,371.2,2665
2026-03-13 11:08:00,11:08:00,370.3,374.9,367.95,372.45,7735
2026-03-13 11:09:00,11:09:00,371.55,372.45,361.95,361.95,9360
2026-03-13 11:10:00,11:10:00,360.0,364.25,358.8,363.75,4875
2026-03-13 11:11:00,11:11:00,362.7,365.85,360.3,365.85,4355
2026-03-13 11:12:00,11:12:00,365.15,365.85,358.8,359.9,2990
2026-03-13 11:13:00,11:13:00,360.65,364.95,359.9,360.0,2340
2026-03-13 11:14:00,11:14:00,394.5,395.0,386.6,388.35,13065
2026-03-13 11:15:00,11:15:00,387.6,388.35,381.0,381.0,27105
2026-03-13 11:16:00,11:16:00,381.6,391.0,380.15,390.7,31135
2026-03-13 11:17:00,11:17:00,357.0,359.15,354.45,357.7,10855
2026-03-13 11:18:00,11:18:00,392.55,392.85,387.5,391.5,8840
2026-03-13 11:19:00,11:19:00,392.0,392.8,389.75,389.9,4290
2026-03-13 11:20:00,11:20:00,388.2,390.5,387.55,389.4,5720
2026-03-13 11:21:00,11:21:00,356.25,363.25,356.25,362.25,6955
2026-03-13 11:22:00,11:22:00,362.85,366.75,359.35,359.35,6175
2026-03-13 11:23:00,11:23:00,358.9,359.65,356.35,359.5,6500
2026-03-13 11:24:00,11:24:00,359.6,363.25,358.0,361.4,4940
2026-03-13 11:25:00,11:25:00,361.35,364.2,359.7,362.35,3055
2026-03-13 11:26:00,11:26:00,365.0,369.35,362.35,369.35,7280
2026-03-13 11:27:00,11:27:00,369.9,375.15,366.35,375.0,18265
2026-03-13 11:28:00,11:28:00,375.1,385.0,375.0,385.0,11895
2026-03-13 11:29:00,11:29:00,352.0,358.35,349.6,355.55,170040
2026-03-13 11:30:00,11:30:00,390.0,394.1,387.0,392.2,11830
2026-03-13 11:31:00,11:31:00,358.95,359.7,352.1,359.7,55900
2026-03-13 11:32:00,11:32:00,360.0,364.15,357.9,362.85,105885
2026-03-13 11:33:00,11:33:00,364.0,376.0,362.85,370.75,161330
2026-03-13 11:34:00,11:34:00,371.1,371.1,363.6,366.8,60125
2026-03-13 11:35:00,11:35:00,367.95,374.55,366.8,372.05,54990
2026-03-13 11:36:00,11:36:00,371.5,373.65,363.5,364.0,56940
2026-03-13 11:37:00,11:37:00,362.4,365.45,359.1,362.15,69940
2026-03-13 11:38:00,11:38:00,365.35,380.3,362.15,379.5,156390
2026-03-13 11:39:00,11:39:00,379.25,383.0,376.65,378.35,63505
2026-03-13 11:40:00,11:40:00,377.25,379.1,369.0,370.25,52910
2026-03-13 11:41:00,11:41:00,370.4,377.15,368.2,375.3,54925
2026-03-13 11:42:00,11:42:00,375.15,380.0,374.65,375.15,36855
2026-03-13 11:43:00,11:43:00,376.0,380.65,370.3,375.25,72995
2026-03-13 11:44:00,11:44:00,375.95,376.2,370.0,372.15,43355
2026-03-13 11:45:00,11:45:00,372.65,372.9,366.45,372.5,34645
2026-03-13 11:46:00,11:46:00,370.75,372.5,361.35,370.5,38025
2026-03-13 11:47:00,11:47:00,371.15,374.35,367.65,368.05,39910
2026-03-13 11:48:00,11:48:00,368.6,369.2,363.2,366.9,17290
2026-03-13 11:49:00,11:49:00,366.3,371.9,366.3,371.0,22295
2026-03-13 11:50:00,11:50:00,370.75,372.95,368.2,372.95,19630
2026-03-13 11:51:00,11:51:00,372.7,373.45,361.05,365.3,59735
2026-03-13 11:52:00,11:52:00,364.2,365.3,359.2,362.7,47190
2026-03-13 11:53:00,11:53:00,362.85,373.8,362.7,368.75,43810
2026-03-13 11:54:00,11:54:00,368.15,368.75,359.1,359.1,26065
2026-03-13 11:55:00,11:55:00,357.2,359.1,351.35,351.35,69420
2026-03-13 11:56:00,11:56:00,351.3,352.05,346.0,350.65,73710
2026-03-13 11:57:00,11:57:00,350.0,352.0,344.05,351.15,35295
2026-03-13 11:58:00,11:58:00,383.9,384.5,374.2,378.45,3900
2026-03-13 11:59:00,11:59:00,378.15,378.95,371.75,372.15,9165
2026-03-13 12:00:00,12:00:00,372.1,375.15,367.7,369.85,4355
2026-03-13 12:01:00,12:01:00,370.15,370.15,363.25,363.25,4550
2026-03-13 12:02:00,12:02:00,362.3,363.25,358.0,358.45,13130
2026-03-13 12:03:00,12:03:00,358.5,364.5,357.4,362.45,8775
2026-03-13 12:04:00,12:04:00,362.4,363.15,360.85,362.15,3900
2026-03-13 12:05:00,12:05:00,362.4,362.4,359.95,361.3,3770
2026-03-13 12:06:00,12:06:00,362.15,362.95,360.15,361.85,4680
2026-03-13 12:07:00,12:07:00,362.9,364.75,360.55,361.9,6630
2026-03-13 12:08:00,12:08:00,362.7,363.55,348.8,352.2,16965
2026-03-13 12:09:00,12:09:00,351.3,356.5,348.35,356.5,8320
2026-03-13 12:10:00,12:10:00,355.7,356.5,349.6,351.1,9035
2026-03-13 12:11:00,12:11:00,384.65,385.1,378.75,383.9,14040
2026-03-13 12:12:00,12:12:00,350.0,356.65,348.95,356.0,6435
2026-03-13 12:13:00,12:13:00,357.55,359.35,352.8,354.25,17485
2026-03-13 12:14:00,12:14:00,353.9,359.85,353.15,356.15,7280
2026-03-13 12:15:00,12:15:00,356.2,357.25,353.0,353.0,5395
2026-03-13 12:16:00,12:16:00,353.05,356.1,352.4,353.55,7345
2026-03-13 12:17:00,12:17:00,352.35,358.8,351.8,357.05,6890
2026-03-13 12:18:00,12:18:00,357.65,359.1,352.05,355.15,5850
2026-03-13 12:19:00,12:19:00,389.55,390.0,375.9,378.0,26130
2026-03-13 12:20:00,12:20:00,375.9,378.0,370.15,375.25,24830
2026-03-13 12:21:00,12:21:00,374.65,379.4,373.95,374.45,20670
2026-03-13 12:22:00,12:22:00,372.85,374.45,360.1,360.1,28145
2026-03-13 12:23:00,12:23:00,396.9,396.9,381.3,386.8,22165
2026-03-13 12:24:00,12:24:00,386.55,397.2,384.0,385.0,16055
2026-03-13 12:25:00,12:25:00,386.3,393.65,383.25,390.7,11830
2026-03-13 12:26:00,12:26:00,357.95,360.65,356.05,359.5,13715
2026-03-13 12:27:00,12:27:00,359.35,359.85,352.1,353.3,29510
2026-03-13 12:28:00,12:28:00,354.45,362.65,353.15,360.7,15925
2026-03-13 12:29:00,12:29:00,361.8,361.85,355.5,355.5,18785
2026-03-13 12:30:00,12:30:00,387.65,390.25,382.9,382.9,6305
2026-03-13 12:31:00,12:31:00,383.65,383.75,361.95,361.95,19825
2026-03-13 12:32:00,12:32:00,364.4,375.55,358.8,373.65,33800
2026-03-13 12:33:00,12:33:00,374.0,378.45,373.05,373.35,14950
2026-03-13 12:34:00,12:34:00,372.8,373.35,366.75,369.4,6240
2026-03-13 12:35:00,12:35:00,368.7,370.95,366.4,367.45,5590
2026-03-13 12:36:00,12:36:00,367.55,370.7,365.4,366.45,5785
2026-03-13 12:37:00,12:37:00,368.3,368.3,364.65,365.85,8840
2026-03-13 12:38:00,12:38:00,400.05,401.55,385.35,386.1,111670
2026-03-13 12:39:00,12:39:00,386.55,394.95,386.1,393.15,98020
2026-03-13 12:40:00,12:40:00,393.4,395.85,390.9,391.0,58110
2026-03-13 12:41:00,12:41:00,391.35,391.35,382.85,386.75,170300
2026-03-13 12:42:00,12:42:00,386.0,394.7,386.0,392.75,123695
2026-03-13 12:43:00,12:43:00,392.7,393.25,388.0,390.2,94185
2026-03-13 12:44:00,12:44:00,391.4,394.0,389.3,390.0,53625
2026-03-13 12:45:00,12:45:00,390.3,399.5,387.45,399.5,73190
2026-03-13 12:46:00,12:46:00,367.0,371.65,363.3,371.0,24505
2026-03-13 12:47:00,12:47:00,371.95,371.95,366.85,368.85,10660
2026-03-13 12:48:00,12:48:00,367.9,373.0,366.5,367.6,8060
2026-03-13 12:49:00,12:49:00,367.8,371.35,365.75,369.0,5265
2026-03-13 12:50:00,12:50:00,369.35,374.0,366.45,374.0,6435
2026-03-13 12:51:00,12:51:00,374.55,375.3,368.65,369.2,10660
2026-03-13 12:52:00,12:52:00,368.0,369.2,362.8,363.5,11960
2026-03-13 12:53:00,12:53:00,396.45,397.0,389.1,391.0,56225
2026-03-13 12:54:00,12:54:00,358.15,365.3,356.0,365.3,8645
2026-03-13 12:55:00,12:55:00,365.0,366.85,362.85,366.1,4030
2026-03-13 12:56:00,12:56:00,400.15,400.8,394.5,394.5,34450
2026-03-13 12:57:00,12:57:00,394.95,395.8,388.8,392.75,22035
2026-03-13 12:58:00,12:58:00,361.4,366.55,359.4,366.55,4420
2026-03-13 12:59:00,12:59:00,369.7,372.25,366.15,366.15,13520
2026-03-13 13:00:00,13:00:00,364.9,368.7,364.8,366.15,4680
2026-03-13 13:01:00,13:01:00,363.6,366.15,361.6,363.5,6045
2026-03-13 13:02:00,13:02:00,365.85,368.0,363.5,368.0,2080
2026-03-13 13:03:00,13:03:00,401.4,403.65,393.0,393.1,23920
2026-03-13 13:04:00,13:04:00,392.7,395.3,390.0,395.3,30355
2026-03-13 13:05:00,13:05:00,394.9,397.0,393.45,394.05,20215
2026-03-13 13:06:00,13:06:00,393.3,396.0,392.25,394.4,19565
2026-03-13 13:07:00,13:07:00,394.0,396.0,392.45,393.6,11310
2026-03-13 13:08:00,13:08:00,393.95,393.95,380.7,381.45,101920
2026-03-13 13:09:00,13:09:00,384.65,386.0,372.8,377.0,131040
2026-03-13 13:10:00,13:10:00,377.0,377.0,366.6,369.3,123955
2026-03-13 13:11:00,13:11:00,369.95,385.0,365.4,381.75,161525
2026-03-13 13:12:00,13:12:00,382.05,382.65,373.25,377.3,58370
2026-03-13 13:13:00,13:13:00,377.8,378.1,362.05,363.45,66105
2026-03-13 13:14:00,13:14:00,363.85,368.2,360.15,361.9,104845
2026-03-13 13:15:00,13:15:00,393.95,399.35,390.85,394.05,4940
2026-03-13 13:16:00,13:16:00,359.1,363.75,358.0,363.6,59085
2026-03-13 13:17:00,13:17:00,363.6,371.9,363.6,368.0,102115
2026-03-13 13:18:00,13:18:00,368.35,368.95,360.0,361.9,74750
2026-03-13 13:19:00,13:19:00,395.2,396.0,389.55,391.3,5200
2026-03-13 13:20:00,13:20:00,358.7,369.0,358.1,365.3,68445
2026-03-13 13:21:00,13:21:00,367.15,369.0,360.45,360.45,41470
2026-03-13 13:22:00,13:22:00,361.1,365.15,360.45,361.9,31330
2026-03-13 13:23:00,13:23:00,396.75,396.75,392.05,394.7,2015
2026-03-13 13:24:00,13:24:00,394.6,394.7,369.75,374.8,15470
2026-03-13 13:25:00,13:25:00,373.2,386.35,372.2,386.35,13455
2026-03-13 13:26:00,13:26:00,385.95,392.5,385.95,391.05,10205
2026-03-13 13:27:00,13:27:00,393.0,393.85,390.0,393.7,3770
2026-03-13 13:28:00,13:28:00,361.0,371.55,360.0,370.0,110370
2026-03-13 13:29:00,13:29:00,371.1,371.95,367.4,369.95,69290
2026-03-13 13:30:00,13:30:00,371.0,372.8,365.95,372.0,70590
2026-03-13 13:31:00,13:31:00,371.05,376.6,368.35,368.4,111150
2026-03-13 13:32:00,13:32:00,368.2,368.85,362.45,362.45,68315
2026-03-13 13:33:00,13:33:00,395.0,397.2,388.75,389.3,13000
2026-03-13 13:34:00,13:34:00,390.05,393.7,389.3,392.0,2535
2026-03-13 13:35:00,13:35:00,390.85,392.4,382.5,383.25,8515
2026-03-13 13:36:00,13:36:00,387.3,389.85,383.25,385.3,3445
2026-03-13 13:37:00,13:37:00,384.55,385.3,378.8,383.85,3835
2026-03-13 13:38:00,13:38:00,384.8,384.8,374.4,376.0,6825
2026-03-13 13:39:00,13:39:00,376.5,380.6,375.05,376.55,2535
2026-03-13 13:40:00,13:40:00,377.35,379.35,374.3,374.3,4160
2026-03-13 13:41:00,13:41:00,373.65,377.35,363.3,374.0,9555
2026-03-13 13:42:00,13:42:00,374.7,385.0,374.0,382.0,15210
2026-03-13 13:43:00,13:43:00,380.75,382.0,378.75,379.05,2535
2026-03-13 13:44:00,13:44:00,380.4,381.35,374.75,377.2,7410
2026-03-13 13:45:00,13:45:00,377.5,379.55,373.0,376.4,3835
2026-03-13 13:46:00,13:46:00,376.6,379.25,376.4,377.2,3250
2026-03-13 13:47:00,13:47:00,377.6,383.7,376.65,379.65,4745
2026-03-13 13:48:00,13:48:00,379.85,384.2,378.0,380.0,8840
2026-03-13 13:49:00,13:49:00,379.55,383.0,378.05,379.9,4680
2026-03-13 13:50:00,13:50:00,380.15,381.55,376.3,376.3,6500
2026-03-13 13:51:00,13:51:00,372.4,376.3,363.35,366.05,12805
2026-03-13 13:52:00,13:52:00,366.2,377.35,355.9,374.0,23465
2026-03-13 13:53:00,13:53:00,374.9,379.25,370.45,378.4,7930
2026-03-13 13:54:00,13:54:00,378.65,379.0,370.25,370.9,14365
2026-03-13 13:55:00,13:55:00,370.3,375.25,369.75,372.75,5850
2026-03-13 13:56:00,13:56:00,372.05,375.65,371.1,373.55,3640
2026-03-13 13:57:00,13:57:00,374.5,374.5,365.7,365.7,5200
2026-03-13 13:58:00,13:58:00,365.15,365.7,357.0,359.45,9750
2026-03-13 13:59:00,13:59:00,391.25,391.45,382.3,388.2,61750
2026-03-13 14:00:00,14:00:00,355.35,364.0,355.35,362.65,14170
2026-03-13 14:01:00,14:01:00,359.75,365.4,359.75,364.0,4810
2026-03-13 14:02:00,14:02:00,365.45,376.1,364.0,375.6,14040
2026-03-13 14:03:00,14:03:00,374.85,378.6,370.45,370.45,16705
2026-03-13 14:04:00,14:04:00,370.7,375.1,370.15,373.3,5655
2026-03-13 14:05:00,14:05:00,373.35,384.0,372.2,382.0,9555
2026-03-13 14:06:00,14:06:00,382.85,391.25,382.0,389.5,10400
2026-03-13 14:07:00,14:07:00,392.1,396.0,389.2,391.3,12350
2026-03-13 14:08:00,14:08:00,391.25,392.3,384.5,391.6,8060
2026-03-13 14:09:00,14:09:00,391.4,395.25,388.4,392.55,5330
2026-03-13 14:10:00,14:10:00,359.65,366.15,354.9,364.2,90155
2026-03-13 14:11:00,14:11:00,395.65,398.0,387.85,395.05,4680
2026-03-13 14:12:00,14:12:00,391.85,395.7,390.0,390.5,2275
2026-03-13 14:13:00,14:13:00,354.8,363.35,352.85,361.35,72345
2026-03-13 14:14:00,14:14:00,362.0,376.2,361.35,372.9,203190
2026-03-13 14:15:00,14:15:00,373.05,377.55,363.4,365.0,136500
2026-03-13 14:16:00,14:16:00,365.4,369.7,362.5,364.95,96265
2026-03-13 14:17:00,14:17:00,364.25,374.95,362.95,372.15,122720
2026-03-13 14:18:00,14:18:00,373.3,374.9,366.2,370.3,84825
2026-03-13 14:19:00,14:19:00,371.0,390.6,369.95,390.6,186290
2026-03-13 14:20:00,14:20:00,392.25,396.95,385.25,393.9,204945
2026-03-13 14:21:00,14:21:00,393.85,398.2,382.4,384.75,174655
2026-03-13 14:22:00,14:22:00,383.8,388.0,376.35,385.25,107380
2026-03-13 14:23:00,14:23:00,387.3,388.8,380.15,386.95,45695
2026-03-13 14:24:00,14:24:00,387.65,389.0,382.0,382.0,43485
2026-03-13 14:25:00,14:25:00,385.15,385.6,381.6,383.2,34190
2026-03-13 14:26:00,14:26:00,381.0,384.35,376.9,382.35,76895
2026-03-13 14:27:00,14:27:00,382.25,389.4,380.8,383.75,68380
2026-03-13 14:28:00,14:28:00,385.5,395.0,383.75,388.6,82940
2026-03-13 14:29:00,14:29:00,388.5,390.0,375.65,375.65,70915
2026-03-13 14:30:00,14:30:00,376.1,394.55,375.65,388.55,121745
2026-03-13 14:31:00,14:31:00,356.2,361.75,351.1,361.75,19760
2026-03-13 14:32:00,14:32:00,362.95,373.05,361.75,372.8,59670
2026-03-13 14:33:00,14:33:00,372.1,376.6,369.15,372.2,41080
2026-03-13 14:34:00,14:34:00,372.35,376.8,362.55,363.15,23985
2026-03-13 14:35:00,14:35:00,363.85,365.6,349.75,357.65,32630
2026-03-13 14:36:00,14:36:00,357.95,362.05,356.35,360.3,13520
2026-03-13 14:37:00,14:37:00,360.35,364.05,352.45,362.0,19695
2026-03-13 14:38:00,14:38:00,364.65,368.55,356.75,359.55,18785
2026-03-13 14:39:00,14:39:00,392.0,392.15,378.5,380.05,118625
2026-03-13 14:40:00,14:40:00,380.0,388.2,378.55,383.7,81900
2026-03-13 14:41:00,14:41:00,384.65,387.95,382.0,384.75,44655
2026-03-13 14:42:00,14:42:00,384.55,386.55,376.95,380.8,94835
2026-03-13 14:43:00,14:43:00,381.2,385.0,378.75,384.6,32110
2026-03-13 14:44:00,14:44:00,383.85,392.85,383.85,392.85,104065
2026-03-13 14:45:00,14:45:00,391.5,393.3,381.05,381.05,61035
2026-03-13 14:46:00,14:46:00,381.05,385.95,368.4,368.55,123760
2026-03-13 14:47:00,14:47:00,369.35,375.8,362.5,374.75,139035
2026-03-13 14:48:00,14:48:00,374.65,378.3,372.35,375.65,49075
2026-03-13 14:49:00,14:49:00,376.85,381.6,371.2,371.25,71955
2026-03-13 14:50:00,14:50:00,373.6,386.05,371.25,385.9,85215
2026-03-13 14:51:00,14:51:00,384.75,388.65,381.05,383.35,67210
2026-03-13 14:52:00,14:52:00,383.55,385.0,374.25,374.25,46345
2026-03-13 14:53:00,14:53:00,407.1,408.3,393.25,393.25,9165
2026-03-13 14:54:00,14:54:00,392.9,400.7,390.0,391.05,11505
2026-03-13 14:55:00,14:55:00,393.6,394.7,378.55,379.6,9750
2026-03-13 14:56:00,14:56:00,378.0,379.6,371.6,374.25,18460
2026-03-13 14:57:00,14:57:00,374.55,378.55,372.4,378.55,8840
2026-03-13 14:58:00,14:58:00,380.55,385.25,378.55,384.75,8450
2026-03-13 14:59:00,14:59:00,352.75,361.5,350.35,358.95,112385
2026-03-13 15:00:00,15:00:00,361.0,369.25,355.0,366.8,158275
2026-03-13 15:01:00,15:01:00,397.6,400.25,387.2,388.95,6305
2026-03-13 15:02:00,15:02:00,387.55,388.95,379.95,381.95,6435
2026-03-13 15:03:00,15:03:00,380.15,381.95,374.05,376.6,5850
2026-03-13 15:04:00,15:04:00,378.35,379.5,357.85,358.1,10335
2026-03-13 15:05:00,15:05:00,357.35,364.8,354.9,361.45,12805
2026-03-13 15:06:00,15:06:00,361.05,362.1,355.7,360.6,6825
2026-03-13 15:07:00,15:07:00,359.45,365.65,357.65,365.3,10790
2026-03-13 15:08:00,15:08:00,361.8,365.3,351.0,351.0,4550
2026-03-13 15:09:00,15:09:00,349.75,351.35,346.35,351.35,11570
2026-03-13 15:10:00,15:10:00,353.9,355.3,349.2,354.35,6760
2026-03-13 15:11:00,15:11:00,353.2,362.5,352.8,362.05,6825
2026-03-13 15:12:00,15:12:00,365.0,366.7,362.05,364.0,10400
2026-03-13 15:13:00,15:13:00,364.1,364.2,358.8,362.35,6435
2026-03-13 15:14:00,15:14:00,362.3,365.0,360.95,363.9,8190
2026-03-13 15:15:00,15:15:00,364.75,366.1,359.6,361.3,29835
2026-03-13 15:16:00,15:16:00,361.25,362.0,356.3,362.0,10595
2026-03-13 15:17:00,15:17:00,359.6,364.15,356.45,363.35,10010
2026-03-13 15:18:00,15:18:00,361.15,363.35,358.7,359.85,6110
2026-03-13 15:19:00,15:19:00,360.05,362.4,357.75,359.8,7345
2026-03-13 15:20:00,15:20:00,357.0,359.8,353.85,357.75,6955
2026-03-13 15:21:00,15:21:00,357.65,368.25,357.65,368.25,7540
2026-03-13 15:22:00,15:22:00,368.7,372.7,361.85,364.4,10400
2026-03-13 15:23:00,15:23:00,362.8,364.8,359.95,364.8,3120
2026-03-13 15:24:00,15:24:00,366.5,370.0,362.4,370.0,4420
2026-03-13 15:25:00,15:25:00,373.4,380.0,370.0,376.8,5720
2026-03-13 15:26:00,15:26:00,376.15,378.25,373.5,377.0,4680
2026-03-13 15:27:00,15:27:00,378.85,378.85,376.0,376.05,3055
2026-03-13 15:28:00,15:28:00,377.2,378.85,375.1,377.2,9880
2026-03-13 15:29:00,15:29:00,378.05,393.65,377.2,393.65,8905
2026-03-16 09:15:00,09:15:00,234.0,237.2,180.0,188.35,3213600
2026-03-16 09:16:00,09:16:00,190.0,199.0,154.1,154.5,3003195
2026-03-16 09:17:00,09:17:00,159.65,168.0,151.4,160.95,2120885
2026-03-16 09:18:00,09:18:00,162.0,174.15,155.4,173.25,1643980
2026-03-16 09:19:00,09:19:00,173.3,180.95,167.25,170.4,2306785
2026-03-16 09:20:00,09:20:00,172.05,178.25,161.15,164.7,1983670
2026-03-16 09:21:00,09:21:00,164.25,164.7,154.1,159.75,1735435
2026-03-16 09:22:00,09:22:00,158.5,165.8,154.8,163.35,1352325
2026-03-16 09:23:00,09:23:00,163.25,172.1,161.2,163.5,1402830
2026-03-16 09:24:00,09:24:00,163.1,165.1,147.5,151.65,1717170
2026-03-16 09:25:00,09:25:00,179.75,182.25,167.5,171.25,1232010
2026-03-16 09:26:00,09:26:00,171.75,175.75,169.15,171.15,769210
2026-03-16 09:27:00,09:27:00,146.0,158.2,144.1,155.3,1330745
2026-03-16 09:28:00,09:28:00,156.05,169.8,155.3,163.9,2070185
2026-03-16 09:29:00,09:29:00,163.45,164.9,159.95,162.55,835770
2026-03-16 09:30:00,09:30:00,140.15,154.95,138.75,151.35,982345
2026-03-16 09:31:00,09:31:00,150.8,161.05,146.25,157.65,1149655
2026-03-16 09:32:00,09:32:00,157.5,160.55,151.6,155.2,771355
2026-03-16 09:33:00,09:33:00,156.25,166.35,155.2,159.75,1204255
2026-03-16 09:34:00,09:34:00,160.0,169.25,158.95,167.0,1122355
2026-03-16 09:35:00,09:35:00,142.15,148.3,138.55,143.8,1409460
2026-03-16 09:36:00,09:36:00,144.95,154.6,143.5,151.85,2209610
2026-03-16 09:37:00,09:37:00,152.65,167.7,147.3,164.6,2458235
2026-03-16 09:38:00,09:38:00,163.8,169.15,160.55,163.3,2149095
2026-03-16 09:39:00,09:39:00,163.85,164.55,152.0,156.65,1424670
2026-03-16 09:40:00,09:40:00,155.3,172.65,154.65,171.8,2033525
2026-03-16 09:41:00,09:41:00,146.45,153.4,145.0,147.7,1260675
2026-03-16 09:42:00,09:42:00,170.65,172.85,163.9,165.2,1506375
2026-03-16 09:43:00,09:43:00,163.65,165.2,154.85,156.55,1462695
2026-03-16 09:44:00,09:44:00,157.3,159.05,150.45,152.0,1146600
2026-03-16 09:45:00,09:45:00,153.1,169.1,150.85,166.35,1952730
2026-03-16 09:46:00,09:46:00,164.85,170.45,163.15,163.6,1407510
2026-03-16 09:47:00,09:47:00,161.7,163.6,146.5,147.9,1835925
2026-03-16 09:48:00,09:48:00,149.7,157.3,147.9,156.1,950690
2026-03-16 09:49:00,09:49:00,155.0,159.4,152.85,155.25,706615
2026-03-16 09:50:00,09:50:00,155.3,156.3,150.65,153.35,647530
2026-03-16 09:51:00,09:51:00,152.45,159.05,148.45,159.05,971295
2026-03-16 09:52:00,09:52:00,158.6,164.1,154.4,159.3,1185015
2026-03-16 09:53:00,09:53:00,159.2,161.85,150.2,150.5,857220
2026-03-16 09:54:00,09:54:00,150.75,151.75,143.8,146.9,1194765
2026-03-16 09:55:00,09:55:00,145.65,150.75,144.35,150.1,689715
2026-03-16 09:56:00,09:56:00,170.5,173.7,165.25,168.0,683605
2026-03-16 09:57:00,09:57:00,168.2,174.8,166.25,166.35,607880
2026-03-16 09:58:00,09:58:00,165.45,166.35,155.45,155.45,1225770
2026-03-16 09:59:00,09:59:00,179.9,181.4,166.8,169.45,2502955
2026-03-16 10:00:00,10:00:00,145.9,151.85,145.6,150.75,867750
2026-03-16 10:01:00,10:01:00,179.05,180.75,167.75,168.2,1521390
2026-03-16 10:02:00,10:02:00,166.75,173.25,166.5,168.0,837135
2026-03-16 10:03:00,10:03:00,168.1,171.5,164.75,166.3,849225
2026-03-16 10:04:00,10:04:00,142.8,155.4,142.0,155.2,758030
2026-03-16 10:05:00,10:05:00,156.8,160.6,153.15,158.6,1095380
2026-03-16 10:06:00,10:06:00,155.55,159.4,151.55,155.7,756990
2026-03-16 10:07:00,10:07:00,157.15,157.35,150.6,153.25,382395
2026-03-16 10:08:00,10:08:00,152.8,155.75,148.25,153.75,381680
2026-03-16 10:09:00,10:09:00,152.3,153.75,145.4,148.05,398775
2026-03-16 10:10:00,10:10:00,148.15,150.15,143.9,145.9,351715
2026-03-16 10:11:00,10:11:00,173.6,173.6,163.2,163.2,951860
2026-03-16 10:12:00,10:12:00,161.65,163.2,157.2,158.2,1236365
2026-03-16 10:13:00,10:13:00,156.15,159.05,152.55,154.75,1005030
2026-03-16 10:14:00,10:14:00,153.25,158.3,152.05,157.35,771875
2026-03-16 10:15:00,10:15:00,156.05,157.35,151.2,153.0,928070
2026-03-16 10:16:00,10:16:00,153.25,153.7,142.2,149.4,1750840
2026-03-16 10:17:00,10:17:00,175.0,175.4,163.35,164.7,697840
2026-03-16 10:18:00,10:18:00,163.05,168.1,160.65,165.6,748215
2026-03-16 10:19:00,10:19:00,165.45,165.6,156.0,157.05,712595
2026-03-16 10:20:00,10:20:00,182.9,182.9,165.3,165.3,1884415
2026-03-16 10:21:00,10:21:00,141.25,149.45,141.25,147.85,841945
2026-03-16 10:22:00,10:22:00,172.75,174.5,169.45,174.2,674440
2026-03-16 10:23:00,10:23:00,175.0,176.8,169.65,169.65,660270
2026-03-16 10:24:00,10:24:00,170.65,171.0,165.5,166.45,509405
2026-03-16 10:25:00,10:25:00,165.25,170.1,161.5,167.25,1041300
2026-03-16 10:26:00,10:26:00,166.95,169.75,163.2,163.2,636220
2026-03-16 10:27:00,10:27:00,163.2,164.25,159.0,163.0,768300
2026-03-16 10:28:00,10:28:00,162.75,163.7,157.1,158.4,617890
2026-03-16 10:29:00,10:29:00,183.75,185.7,178.9,179.85,362765
2026-03-16 10:30:00,10:30:00,155.05,167.6,155.05,165.55,1071070
2026-03-16 10:31:00,10:31:00,165.75,171.4,165.55,169.7,913510
2026-03-16 10:32:00,10:32:00,168.65,170.55,165.85,166.75,606710
2026-03-16 10:33:00,10:33:00,167.2,167.2,160.8,161.1,578435
2026-03-16 10:34:00,10:34:00,160.75,163.85,158.65,163.0,437255
2026-03-16 10:35:00,10:35:00,161.75,168.4,159.1,167.0,559000
2026-03-16 10:36:00,10:36:00,166.95,169.25,165.75,168.75,654095
2026-03-16 10:37:00,10:37:00,168.75,170.75,162.8,166.25,571935
2026-03-16 10:38:00,10:38:00,168.85,171.75,166.25,169.35,741845
2026-03-16 10:39:00,10:39:00,169.2,170.05,162.75,164.05,520325
2026-03-16 10:40:00,10:40:00,163.25,166.15,161.45,165.05,398450
2026-03-16 10:41:00,10:41:00,164.7,170.1,161.1,169.3,519350
2026-03-16 10:42:00,10:42:00,168.4,169.3,162.75,164.65,374790
2026-03-16 10:43:00,10:43:00,164.6,166.6,161.4,165.45,374920
2026-03-16 10:44:00,10:44:00,164.7,165.5,160.85,162.8,297505
2026-03-16 10:45:00,10:45:00,162.55,163.25,158.5,160.2,481000
2026-03-16 10:46:00,10:46:00,159.95,166.15,158.1,162.75,553475
2026-03-16 10:47:00,10:47:00,163.85,169.0,161.7,162.35,639535
2026-03-16 10:48:00,10:48:00,163.1,163.1,154.0,155.6,786825
2026-03-16 10:49:00,10:49:00,155.0,157.5,151.6,155.95,673660
2026-03-16 10:50:00,10:50:00,182.65,184.1,174.35,175.5,440115
2026-03-16 10:51:00,10:51:00,175.35,181.0,168.9,168.9,436345
2026-03-16 10:52:00,10:52:00,169.2,172.45,164.95,166.2,564200
2026-03-16 10:53:00,10:53:00,166.2,167.45,157.1,158.3,704470
2026-03-16 10:54:00,10:54:00,158.3,161.15,155.2,157.55,509015
2026-03-16 10:55:00,10:55:00,181.4,184.75,172.55,175.4,1420510
2026-03-16 10:56:00,10:56:00,175.75,176.9,167.75,170.0,1277640
2026-03-16 10:57:00,10:57:00,145.35,154.8,145.1,153.9,472810
2026-03-16 10:58:00,10:58:00,154.1,164.35,153.9,162.4,730470
2026-03-16 10:59:00,10:59:00,140.35,150.05,138.4,148.65,1217840
2026-03-16 11:00:00,11:00:00,171.55,173.45,165.4,165.55,661505
2026-03-16 11:01:00,11:01:00,141.1,150.65,139.75,148.95,837785
2026-03-16 11:02:00,11:02:00,149.5,150.95,145.4,147.85,763425
2026-03-16 11:03:00,11:03:00,147.55,151.8,144.8,151.8,541970
2026-03-16 11:04:00,11:04:00,151.6,153.25,149.25,149.4,718900
2026-03-16 11:05:00,11:05:00,149.3,154.0,145.2,152.55,661245
2026-03-16 11:06:00,11:06:00,152.9,159.1,149.5,158.1,857415
2026-03-16 11:07:00,11:07:00,161.3,166.75,158.1,164.6,1484080
2026-03-16 11:08:00,11:08:00,165.5,168.9,163.3,165.6,1159340
2026-03-16 11:09:00,11:09:00,142.25,147.75,138.45,145.7,575575
2026-03-16 11:10:00,11:10:00,145.9,155.25,145.7,148.1,876525
2026-03-16 11:11:00,11:11:00,172.8,173.1,164.3,168.1,1175655
2026-03-16 11:12:00,11:12:00,144.3,154.85,143.0,154.85,474175
2026-03-16 11:13:00,11:13:00,153.95,157.3,148.45,154.3,541840
2026-03-16 11:14:00,11:14:00,155.8,160.35,154.3,159.45,685685
2026-03-16 11:15:00,11:15:00,158.8,168.65,155.55,168.65,860015
2026-03-16 11:16:00,11:16:00,168.15,174.15,165.95,173.95,1340495
2026-03-16 11:17:00,11:17:00,149.75,161.9,146.75,155.55,2598310
2026-03-16 11:18:00,11:18:00,154.55,162.9,148.3,161.95,1931150
2026-03-16 11:19:00,11:19:00,143.1,159.15,138.15,157.3,1874535
2026-03-16 11:20:00,11:20:00,157.0,159.85,147.6,157.5,1409265
2026-03-16 11:21:00,11:21:00,158.9,164.1,155.0,161.55,1237860
2026-03-16 11:22:00,11:22:00,161.85,164.75,155.0,158.1,842855
2026-03-16 11:23:00,11:23:00,159.3,162.15,155.65,157.25,455455
2026-03-16 11:24:00,11:24:00,158.0,172.85,153.6,159.9,1045720
2026-03-16 11:25:00,11:25:00,184.6,186.05,174.5,178.3,1491035
2026-03-16 11:26:00,11:26:00,177.8,188.25,177.8,181.3,1159210
2026-03-16 11:27:00,11:27:00,157.1,159.5,154.05,159.5,347230
2026-03-16 11:28:00,11:28:00,185.85,187.0,177.45,179.0,814450
2026-03-16 11:29:00,11:29:00,179.55,179.55,170.6,178.45,1174095
2026-03-16 11:30:00,11:30:00,177.9,178.45,171.8,178.15,701480
2026-03-16 11:31:00,11:31:00,153.45,166.65,152.2,160.4,972270
2026-03-16 11:32:00,11:32:00,162.8,174.5,160.4,169.0,1575015
2026-03-16 11:33:00,11:33:00,166.55,169.0,158.7,160.75,830245
2026-03-16 11:34:00,11:34:00,161.65,161.65,155.95,157.9,464750
2026-03-16 11:35:00,11:35:00,158.1,164.35,155.75,158.3,661180
2026-03-16 11:36:00,11:36:00,158.95,158.95,149.55,152.25,615095
2026-03-16 11:37:00,11:37:00,152.45,152.45,146.75,149.3,542100
2026-03-16 11:38:00,11:38:00,149.6,153.7,146.85,149.6,502060
2026-03-16 11:39:00,11:39:00,175.25,176.25,164.1,167.55,1326780
2026-03-16 11:40:00,11:40:00,166.4,170.6,164.4,169.55,668200
2026-03-16 11:41:00,11:41:00,171.45,173.4,166.2,172.3,773760
2026-03-16 11:42:00,11:42:00,146.7,152.95,142.85,152.45,381095
2026-03-16 11:43:00,11:43:00,178.55,178.85,162.55,164.25,1005095
2026-03-16 11:44:00,11:44:00,163.55,164.5,155.95,157.65,1343355
2026-03-16 11:45:00,11:45:00,157.85,168.15,157.65,165.7,1002430
2026-03-16 11:46:00,11:46:00,165.7,166.0,159.1,161.25,494780
2026-03-16 11:47:00,11:47:00,160.7,165.95,160.35,162.6,414895
2026-03-16 11:48:00,11:48:00,162.8,166.5,156.95,164.35,722995
2026-03-16 11:49:00,11:49:00,164.0,168.1,162.2,164.4,766025
2026-03-16 11:50:00,11:50:00,164.55,167.5,162.45,166.6,501865
2026-03-16 11:51:00,11:51:00,166.55,169.75,158.9,160.7,800800
2026-03-16 11:52:00,11:52:00,161.0,164.7,154.95,164.0,860665
2026-03-16 11:53:00,11:53:00,165.25,166.15,160.8,161.5,485745
2026-03-16 11:54:00,11:54:00,160.8,163.75,159.35,159.35,381420
2026-03-16 11:55:00,11:55:00,158.7,161.0,152.7,152.7,799760
2026-03-16 11:56:00,11:56:00,152.95,164.1,152.1,164.1,934440
2026-03-16 11:57:00,11:57:00,163.7,173.85,160.35,171.2,1274650
2026-03-16 11:58:00,11:58:00,171.15,171.3,156.8,156.8,1115400
2026-03-16 11:59:00,11:59:00,157.65,161.7,152.8,154.5,746200
2026-03-16 12:00:00,12:00:00,154.6,169.15,154.5,166.3,873990
2026-03-16 12:01:00,12:01:00,142.7,150.6,142.15,149.35,571220
2026-03-16 12:02:00,12:02:00,147.15,152.55,147.1,151.1,486525
2026-03-16 12:03:00,12:03:00,150.6,157.1,150.15,154.95,584415
2026-03-16 12:04:00,12:04:00,181.0,182.25,159.65,160.35,1616160
2026-03-16 12:05:00,12:05:00,160.9,166.75,160.35,161.4,872105
2026-03-16 12:06:00,12:06:00,162.25,165.15,156.7,164.5,864500
2026-03-16 12:07:00,12:07:00,163.4,167.9,158.05,166.8,637845
2026-03-16 12:08:00,12:08:00,167.3,169.0,163.0,166.8,548470
2026-03-16 12:09:00,12:09:00,164.75,166.8,161.85,163.15,375050
2026-03-16 12:10:00,12:10:00,163.25,163.5,156.1,156.8,700895
2026-03-16 12:11:00,12:11:00,155.75,167.2,155.75,164.3,794040
2026-03-16 12:12:00,12:12:00,140.05,146.7,140.05,146.7,322465
2026-03-16 12:13:00,12:13:00,148.3,151.6,144.5,144.75,500760
2026-03-16 12:14:00,12:14:00,169.65,169.65,161.55,163.4,746850
2026-03-16 12:15:00,12:15:00,163.4,167.8,161.35,163.35,490100
2026-03-16 12:16:00,12:16:00,163.65,165.25,158.9,160.55,631020
2026-03-16 12:17:00,12:17:00,161.15,166.6,159.45,160.8,610870
2026-03-16 12:18:00,12:18:00,160.0,161.4,155.85,158.75,815620
2026-03-16 12:19:00,12:19:00,158.8,164.25,158.75,163.25,623155
2026-03-16 12:20:00,12:20:00,163.6,164.7,157.7,163.05,538395
2026-03-16 12:21:00,12:21:00,163.35,165.2,161.35,164.3,620945
2026-03-16 12:22:00,12:22:00,164.15,164.95,160.7,162.25,431275
2026-03-16 12:23:00,12:23:00,163.5,166.65,162.25,166.15,659685
2026-03-16 12:24:00,12:24:00,141.15,152.5,138.4,151.45,548145
2026-03-16 12:25:00,12:25:00,150.0,152.7,145.05,152.4,575510
2026-03-16 12:26:00,12:26:00,152.25,157.7,149.45,152.65,857025
2026-03-16 12:27:00,12:27:00,153.3,154.15,146.8,150.05,426790
2026-03-16 12:28:00,12:28:00,149.9,150.05,139.1,143.45,540605
2026-03-16 12:29:00,12:29:00,143.75,152.1,143.15,145.6,461045
2026-03-16 12:30:00,12:30:00,169.0,170.75,163.2,167.75,977275
2026-03-16 12:31:00,12:31:00,143.2,147.35,140.35,142.25,241085
2026-03-16 12:32:00,12:32:00,142.95,148.6,140.95,141.8,243620
2026-03-16 12:33:00,12:33:00,167.4,168.9,159.45,159.45,996515
2026-03-16 12:34:00,12:34:00,159.5,159.55,148.85,153.1,2085200
2026-03-16 12:35:00,12:35:00,179.15,179.45,161.25,164.7,1041300
2026-03-16 12:36:00,12:36:00,139.35,151.2,136.65,150.4,1408485
2026-03-16 12:37:00,12:37:00,150.75,156.3,146.55,153.45,1249365
2026-03-16 12:38:00,12:38:00,154.8,156.75,149.85,151.75,1137825
2026-03-16 12:39:00,12:39:00,153.9,157.2,151.5,155.8,801515
2026-03-16 12:40:00,12:40:00,155.8,156.0,151.4,153.6,587795
2026-03-16 12:41:00,12:41:00,153.1,159.05,152.2,155.0,969215
2026-03-16 12:42:00,12:42:00,154.65,157.6,152.7,152.8,730015
2026-03-16 12:43:00,12:43:00,152.3,159.15,151.7,156.65,1014975
2026-03-16 12:44:00,12:44:00,156.75,156.75,146.7,148.75,1110330
2026-03-16 12:45:00,12:45:00,147.3,149.55,141.55,141.55,1050595
2026-03-16 12:46:00,12:46:00,167.2,169.05,157.0,159.95,913120
2026-03-16 12:47:00,12:47:00,161.0,162.0,156.0,158.55,533195
2026-03-16 12:48:00,12:48:00,158.3,159.0,149.6,150.45,691730
2026-03-16 12:49:00,12:49:00,150.05,150.65,145.2,145.4,654615
2026-03-16 12:50:00,12:50:00,145.45,148.85,143.0,143.8,506805
2026-03-16 12:51:00,12:51:00,143.6,147.05,142.2,143.85,374660
2026-03-16 12:52:00,12:52:00,144.4,150.35,143.85,150.35,432835
2026-03-16 12:53:00,12:53:00,125.6,136.05,124.45,131.95,1449240
2026-03-16 12:54:00,12:54:00,156.85,159.55,155.45,156.7,539045
2026-03-16 12:55:00,12:55:00,157.3,158.25,152.6,155.05,444405
2026-03-16 12:56:00,12:56:00,154.25,160.4,154.25,156.9,513565
2026-03-16 12:57:00,12:57:00,156.5,156.9,151.85,156.45,310960
2026-03-16 12:58:00,12:58:00,155.65,156.55,152.1,153.05,158665
2026-03-16 12:59:00,12:59:00,129.2,138.15,128.65,136.25,665730
2026-03-16 13:00:00,13:00:00,136.65,140.0,135.05,137.95,837590
2026-03-16 13:01:00,13:01:00,137.05,148.7,136.8,147.85,1311635
2026-03-16 13:02:00,13:02:00,148.6,161.2,147.85,159.4,2083380
2026-03-16 13:03:00,13:03:00,157.8,161.35,155.8,157.45,1327235
2026-03-16 13:04:00,13:04:00,185.35,189.65,158.3,158.3,1398280
2026-03-16 13:05:00,13:05:00,158.25,159.3,135.05,152.75,1870895
2026-03-16 13:06:00,13:06:00,152.65,160.0,151.75,158.15,675415
2026-03-16 13:07:00,13:07:00,157.8,158.25,151.05,157.8,433355
2026-03-16 13:08:00,13:08:00,157.15,162.35,153.05,160.5,616980
2026-03-16 13:09:00,13:09:00,160.8,167.9,155.75,158.4,995995
2026-03-16 13:10:00,13:10:00,157.95,158.5,153.9,157.95,437385
2026-03-16 13:11:00,13:11:00,133.15,140.7,130.0,140.25,752960
2026-03-16 13:12:00,13:12:00,139.55,148.4,136.3,136.3,1290705
2026-03-16 13:13:00,13:13:00,161.3,162.9,156.4,158.55,417885
2026-03-16 13:14:00,13:14:00,156.4,161.35,154.85,156.7,469495
2026-03-16 13:15:00,13:15:00,131.5,139.6,131.1,136.75,555035
2026-03-16 13:16:00,13:16:00,138.0,143.75,136.75,143.75,588510
2026-03-16 13:17:00,13:17:00,142.95,150.7,141.95,147.2,963625
2026-03-16 13:18:00,13:18:00,146.8,148.8,142.1,144.8,634140
2026-03-16 13:19:00,13:19:00,144.25,150.0,143.65,149.65,633555
2026-03-16 13:20:00,13:20:00,149.4,152.4,146.8,149.2,755430
2026-03-16 13:21:00,13:21:00,149.1,150.7,146.55,148.3,660270
2026-03-16 13:22:00,13:22:00,148.35,155.8,148.3,153.0,1039090
2026-03-16 13:23:00,13:23:00,153.0,156.5,146.3,146.7,1124565
2026-03-16 13:24:00,13:24:00,146.6,148.2,141.7,145.75,878280
2026-03-16 13:25:00,13:25:00,145.85,149.5,144.0,146.4,855335
2026-03-16 13:26:00,13:26:00,146.4,151.25,142.7,143.2,723385
2026-03-16 13:27:00,13:27:00,142.35,143.2,137.0,137.15,962585
2026-03-16 13:28:00,13:28:00,138.3,138.3,131.65,135.5,880360
2026-03-16 13:29:00,13:29:00,159.15,163.1,157.4,158.3,431665
2026-03-16 13:30:00,13:30:00,133.6,143.6,132.0,143.25,1025895
2026-03-16 13:31:00,13:31:00,167.25,173.35,158.3,158.3,740675
2026-03-16 13:32:00,13:32:00,157.95,161.8,156.0,158.8,462085
2026-03-16 13:33:00,13:33:00,157.8,158.8,150.05,156.55,743470
2026-03-16 13:34:00,13:34:00,157.0,157.0,151.75,155.2,331240
2026-03-16 13:35:00,13:35:00,155.1,158.7,153.45,157.4,358150
2026-03-16 13:36:00,13:36:00,157.85,162.9,157.4,162.9,719355
2026-03-16 13:37:00,13:37:00,163.9,168.05,161.7,163.45,765505
2026-03-16 13:38:00,13:38:00,138.45,140.15,133.65,138.4,654550
2026-03-16 13:39:00,13:39:00,137.9,141.6,134.4,140.85,502905
2026-03-16 13:40:00,13:40:00,139.3,143.9,136.65,142.95,592085
2026-03-16 13:41:00,13:41:00,142.3,154.2,140.15,150.0,1314755
2026-03-16 13:42:00,13:42:00,174.0,176.9,165.2,168.7,929370
2026-03-16 13:43:00,13:43:00,142.7,147.55,139.45,140.8,842400
2026-03-16 13:44:00,13:44:00,165.8,166.55,154.5,154.85,865020
2026-03-16 13:45:00,13:45:00,154.7,157.7,149.0,150.2,813995
2026-03-16 13:46:00,13:46:00,149.65,159.7,147.8,157.8,720070
2026-03-16 13:47:00,13:47:00,157.5,160.85,155.5,158.1,536575
2026-03-16 13:48:00,13:48:00,157.9,158.1,148.4,148.55,511810
2026-03-16 13:49:00,13:49:00,148.15,156.75,147.7,151.25,426335
2026-03-16 13:50:00,13:50:00,151.0,153.9,146.0,147.9,404040
2026-03-16 13:51:00,13:51:00,147.05,154.25,147.05,152.3,375570
2026-03-16 13:52:00,13:52:00,127.65,137.0,127.45,137.0,964015
2026-03-16 13:53:00,13:53:00,137.35,140.65,135.6,140.65,1162590
2026-03-16 13:54:00,13:54:00,140.55,141.4,133.65,133.65,712205
2026-03-16 13:55:00,13:55:00,158.05,159.85,153.45,156.7,719940
2026-03-16 13:56:00,13:56:00,131.35,134.35,126.0,134.35,784095
2026-03-16 13:57:00,13:57:00,133.8,135.15,130.3,132.7,505115
2026-03-16 13:58:00,13:58:00,132.85,133.1,128.75,132.75,388635
2026-03-16 13:59:00,13:59:00,132.6,134.6,130.0,133.3,523640
2026-03-16 14:00:00,14:00:00,133.25,135.95,131.3,133.4,505375
2026-03-16 14:01:00,14:01:00,133.55,133.8,128.45,131.85,479765
2026-03-16 14:02:00,14:02:00,131.5,132.15,128.0,129.6,369135
2026-03-16 14:03:00,14:03:00,129.05,131.45,126.6,129.15,540215
2026-03-16 14:04:00,14:04:00,153.25,155.8,149.2,150.4,447590
2026-03-16 14:05:00,14:05:00,126.0,132.6,125.5,132.35,691795
2026-03-16 14:06:00,14:06:00,157.2,158.25,147.9,149.7,814320
2026-03-16 14:07:00,14:07:00,125.95,132.25,124.25,132.05,657345
2026-03-16 14:08:00,14:08:00,131.95,132.9,126.25,129.25,575185
2026-03-16 14:09:00,14:09:00,127.55,135.55,127.1,131.05,854685
2026-03-16 14:10:00,14:10:00,130.5,135.1,130.5,133.5,718900
2026-03-16 14:11:00,14:11:00,110.4,131.45,109.3,130.55,1261910
2026-03-16 14:12:00,14:12:00,131.75,133.0,127.15,129.9,963690
2026-03-16 14:13:00,14:13:00,153.7,158.45,144.75,145.35,1849770
2026-03-16 14:14:00,14:14:00,145.75,146.9,139.3,141.8,1384890
2026-03-16 14:15:00,14:15:00,143.15,146.9,136.75,137.75,1484405
2026-03-16 14:16:00,14:16:00,138.65,138.65,130.7,131.55,1116375
2026-03-16 14:17:00,14:17:00,131.3,141.3,130.4,141.3,962585
2026-03-16 14:18:00,14:18:00,116.2,143.95,116.2,143.6,1865435
2026-03-16 14:19:00,14:19:00,120.4,124.4,118.1,123.6,2576405
2026-03-16 14:20:00,14:20:00,123.35,132.15,122.95,129.2,2870790
2026-03-16 14:21:00,14:21:00,129.1,146.0,129.1,138.25,3870100
2026-03-16 14:22:00,14:22:00,117.75,129.45,116.4,128.1,1714895
2026-03-16 14:23:00,14:23:00,128.9,142.8,128.1,141.4,2424240
2026-03-16 14:24:00,14:24:00,121.2,136.4,114.8,136.4,3308630
2026-03-16 14:25:00,14:25:00,162.1,172.55,146.7,147.45,3535090
2026-03-16 14:26:00,14:26:00,126.0,138.6,116.9,135.45,2742870
2026-03-16 14:27:00,14:27:00,136.85,140.95,129.85,139.9,2297490
2026-03-16 14:28:00,14:28:00,139.55,142.05,128.2,136.75,2520700
2026-03-16 14:29:00,14:29:00,136.7,138.6,126.9,132.5,1717235
2026-03-16 14:30:00,14:30:00,133.65,141.05,126.15,126.15,2325635
2026-03-16 14:31:00,14:31:00,127.85,137.9,125.05,134.7,1622205
2026-03-16 14:32:00,14:32:00,135.65,139.65,131.85,134.45,1338220
2026-03-16 14:33:00,14:33:00,134.7,145.65,133.4,138.15,2815020
2026-03-16 14:34:00,14:34:00,138.3,141.5,131.2,131.2,1855100
2026-03-16 14:35:00,14:35:00,132.65,137.1,128.85,134.15,1758640
2026-03-16 14:36:00,14:36:00,111.45,119.1,109.3,115.75,887965
2026-03-16 14:37:00,14:37:00,116.65,121.1,113.95,114.75,938795
2026-03-16 14:38:00,14:38:00,139.45,142.75,135.1,138.0,1446445
2026-03-16 14:39:00,14:39:00,116.0,138.25,114.4,136.7,1946555
2026-03-16 14:40:00,14:40:00,138.45,143.45,127.95,134.75,2590380
2026-03-16 14:41:00,14:41:00,134.0,136.2,122.95,123.7,1777685
2026-03-16 14:42:00,14:42:00,125.1,135.0,121.85,134.85,997035
2026-03-16 14:43:00,14:43:00,111.2,123.55,110.6,116.9,3724955
2026-03-16 14:44:00,14:44:00,119.4,128.0,115.35,118.85,3820440
2026-03-16 14:45:00,14:45:00,144.7,145.7,139.7,140.35,1351350
2026-03-16 14:46:00,14:46:00,139.8,141.6,135.6,141.2,1065155
2026-03-16 14:47:00,14:47:00,117.75,126.5,116.95,123.4,2575495
2026-03-16 14:48:00,14:48:00,125.7,132.7,122.85,127.9,3083795
2026-03-16 14:49:00,14:49:00,128.6,131.95,122.9,130.05,2151175
2026-03-16 14:50:00,14:50:00,129.55,131.9,119.5,122.8,2479815
2026-03-16 14:51:00,14:51:00,126.6,126.95,121.0,121.7,1468155
2026-03-16 14:52:00,14:52:00,121.3,128.85,117.35,127.85,2383355
2026-03-16 14:53:00,14:53:00,106.4,129.9,105.35,125.25,2701725
2026-03-16 14:54:00,14:54:00,144.45,148.3,128.35,131.0,3589300
2026-03-16 14:55:00,14:55:00,133.8,133.8,120.8,125.25,2443090
2026-03-16 14:56:00,14:56:00,127.15,133.05,124.0,124.0,1949155
2026-03-16 14:57:00,14:57:00,124.75,138.95,124.0,129.7,2890095
2026-03-16 14:58:00,14:58:00,130.0,131.8,124.5,129.9,1454310
2026-03-16 14:59:00,14:59:00,129.7,134.1,122.6,126.7,1910545
2026-03-16 15:00:00,15:00:00,151.75,151.75,131.15,132.5,1939275
2026-03-16 15:01:00,15:01:00,131.85,136.15,123.25,123.4,1313520
2026-03-16 15:02:00,15:02:00,124.2,125.95,116.9,117.7,1457690
2026-03-16 15:03:00,15:03:00,121.55,130.6,117.7,126.65,1099995
2026-03-16 15:04:00,15:04:00,128.8,129.95,121.1,121.35,680030
2026-03-16 15:05:00,15:05:00,124.55,130.0,121.35,126.0,705185
2026-03-16 15:06:00,15:06:00,103.7,126.25,102.65,123.9,3923140
2026-03-16 15:07:00,15:07:00,122.1,124.0,116.2,117.9,2464605
2026-03-16 15:08:00,15:08:00,116.05,118.75,110.0,110.0,1876290
2026-03-16 15:09:00,15:09:00,111.05,116.95,110.0,116.5,1341340
2026-03-16 15:10:00,15:10:00,116.65,119.35,114.3,116.4,1193530
2026-03-16 15:11:00,15:11:00,117.0,119.0,112.7,117.8,1007045
2026-03-16 15:12:00,15:12:00,118.95,120.5,104.65,108.1,2439645
2026-03-16 15:13:00,15:13:00,134.1,134.1,123.55,128.5,908115
2026-03-16 15:14:00,15:14:00,105.2,107.4,103.4,106.4,1006200
2026-03-16 15:15:00,15:15:00,129.3,130.75,122.45,125.4,873210
2026-03-16 15:16:00,15:16:00,125.65,125.65,115.35,119.45,965120
2026-03-16 15:17:00,15:17:00,120.3,123.0,118.0,120.25,640900
2026-03-16 15:18:00,15:18:00,119.9,121.3,116.7,120.8,463320
2026-03-16 15:19:00,15:19:00,120.55,122.5,105.05,107.6,1104025
2026-03-16 15:20:00,15:20:00,107.35,108.5,101.35,105.85,709540
2026-03-16 15:21:00,15:21:00,107.65,110.55,105.6,108.45,589810
2026-03-16 15:22:00,15:22:00,106.9,109.0,104.45,108.95,543530
2026-03-16 15:23:00,15:23:00,132.6,133.15,122.85,123.05,769405
2026-03-16 15:24:00,15:24:00,123.2,123.4,117.0,117.8,1107860
2026-03-16 15:25:00,15:25:00,118.6,119.95,113.4,117.7,1036360
2026-03-16 15:26:00,15:26:00,117.85,120.0,114.2,116.8,599235
2026-03-16 15:27:00,15:27:00,116.3,118.65,114.05,117.1,459095
2026-03-16 15:28:00,15:28:00,116.85,117.95,115.55,117.25,732160
2026-03-16 15:29:00,15:29:00,117.75,118.0,115.1,116.0,1067755
2026-03-17 09:15:00,09:15:00,243.0,250.65,180.85,183.1,312000
2026-03-17 09:16:00,09:16:00,181.2,183.1,161.0,177.9,632125
2026-03-17 09:17:00,09:17:00,172.65,177.9,152.8,169.2,533780
2026-03-17 09:18:00,09:18:00,166.3,176.3,161.75,170.55,350285
2026-03-17 09:19:00,09:19:00,168.8,188.7,167.25,170.6,479375
2026-03-17 09:20:00,09:20:00,166.7,170.6,153.0,156.9,294710
2026-03-17 09:21:00,09:21:00,152.05,168.05,152.05,159.7,236210
2026-03-17 09:22:00,09:22:00,158.0,192.05,158.0,176.05,447850
2026-03-17 09:23:00,09:23:00,174.9,179.0,155.3,162.65,272415
2026-03-17 09:24:00,09:24:00,200.45,208.1,184.7,187.8,318760
2026-03-17 09:25:00,09:25:00,181.2,195.05,180.55,186.9,317330
2026-03-17 09:26:00,09:26:00,187.5,198.0,182.7,191.0,273260
2026-03-17 09:27:00,09:27:00,191.7,191.7,174.1,184.75,364520
2026-03-17 09:28:00,09:28:00,146.9,160.0,146.55,157.85,313365
2026-03-17 09:29:00,09:29:00,197.7,208.55,189.65,194.45,356330
2026-03-17 09:30:00,09:30:00,198.5,208.0,185.35,186.05,320125
2026-03-17 09:31:00,09:31:00,187.85,197.35,180.2,192.8,257725
2026-03-17 09:32:00,09:32:00,156.4,162.5,148.4,162.5,183885
2026-03-17 09:33:00,09:33:00,160.65,182.1,160.65,172.65,481585
2026-03-17 09:34:00,09:34:00,174.15,183.5,170.1,170.6,350220
2026-03-17 09:35:00,09:35:00,172.6,196.8,166.95,190.55,531050
2026-03-17 09:36:00,09:36:00,154.55,169.05,153.55,166.3,1963910
2026-03-17 09:37:00,09:37:00,166.7,169.75,156.1,164.0,1220635
2026-03-17 09:38:00,09:38:00,203.5,204.5,183.65,186.0,260000
2026-03-17 09:39:00,09:39:00,149.4,170.0,148.55,166.0,1178710
2026-03-17 09:40:00,09:40:00,167.6,187.7,165.8,180.25,2030925
2026-03-17 09:41:00,09:41:00,184.55,186.6,170.75,173.65,874640
2026-03-17 09:42:00,09:42:00,214.75,217.9,192.15,193.25,206440
2026-03-17 09:43:00,09:43:00,154.55,163.9,149.9,161.95,756600
2026-03-17 09:44:00,09:44:00,164.0,179.75,161.95,179.5,934570
2026-03-17 09:45:00,09:45:00,179.4,182.2,164.65,164.65,564395
2026-03-17 09:46:00,09:46:00,164.5,185.45,158.6,181.45,1075750
2026-03-17 09:47:00,09:47:00,143.5,160.95,142.1,158.65,1812915
2026-03-17 09:48:00,09:48:00,155.85,158.65,148.95,155.35,1059110
2026-03-17 09:49:00,09:49:00,157.0,162.65,150.25,158.45,805545
2026-03-17 09:50:00,09:50:00,159.95,159.95,152.05,154.05,610740
2026-03-17 09:51:00,09:51:00,155.5,157.7,151.25,151.25,420095
2026-03-17 09:52:00,09:52:00,183.25,192.4,173.65,192.4,945230
2026-03-17 09:53:00,09:53:00,154.8,164.15,152.95,154.6,1144325
2026-03-17 09:54:00,09:54:00,155.3,161.95,148.7,158.05,639665
2026-03-17 09:55:00,09:55:00,198.7,199.0,187.2,191.25,382200
2026-03-17 09:56:00,09:56:00,187.8,191.25,182.7,187.85,374010
2026-03-17 09:57:00,09:57:00,188.3,192.85,183.65,191.1,236015
2026-03-17 09:58:00,09:58:00,155.1,180.45,150.85,168.65,1789255
2026-03-17 09:59:00,09:59:00,167.4,172.5,154.2,169.0,733200
2026-03-17 10:00:00,10:00:00,171.1,179.85,165.9,169.2,828360
2026-03-17 10:01:00,10:01:00,172.0,190.0,169.2,185.3,708825
2026-03-17 10:02:00,10:02:00,183.7,194.35,179.35,191.1,885690
2026-03-17 10:03:00,10:03:00,192.8,192.8,179.8,185.7,568750
2026-03-17 10:04:00,10:04:00,187.65,188.05,173.05,183.2,435370
2026-03-17 10:05:00,10:05:00,144.05,155.1,144.05,155.1,2020135
2026-03-17 10:06:00,10:06:00,192.5,193.35,185.45,187.8,341185
2026-03-17 10:07:00,10:07:00,147.65,153.5,144.1,152.6,1108510
2026-03-17 10:08:00,10:08:00,189.95,192.1,177.25,183.4,376480
2026-03-17 10:09:00,10:09:00,185.8,189.15,183.4,184.85,251940
2026-03-17 10:10:00,10:10:00,183.45,188.3,179.05,184.8,222430
2026-03-17 10:11:00,10:11:00,184.75,190.7,179.55,188.9,255060
2026-03-17 10:12:00,10:12:00,186.9,204.55,184.05,187.9,800865
2026-03-17 10:13:00,10:13:00,186.95,188.75,174.4,175.0,504270
2026-03-17 10:14:00,10:14:00,136.5,153.25,132.95,153.25,1693770
2026-03-17 10:15:00,10:15:00,154.1,164.75,153.25,163.2,2510430
2026-03-17 10:16:00,10:16:00,160.2,163.8,157.6,162.7,1151345
2026-03-17 10:17:00,10:17:00,163.9,169.75,159.95,161.85,1370525
2026-03-17 10:18:00,10:18:00,160.5,169.65,159.1,161.45,1042015
2026-03-17 10:19:00,10:19:00,162.75,177.05,161.45,174.3,1358305
2026-03-17 10:20:00,10:20:00,174.1,179.0,158.45,179.0,1796665
2026-03-17 10:21:00,10:21:00,179.75,181.6,170.3,178.8,1143415
2026-03-17 10:22:00,10:22:00,179.1,190.8,176.85,188.65,1562015
2026-03-17 10:23:00,10:23:00,188.8,191.05,181.65,188.0,839280
2026-03-17 10:24:00,10:24:00,191.85,194.2,174.25,179.7,1000675
2026-03-17 10:25:00,10:25:00,179.9,181.15,163.4,165.3,921180
2026-03-17 10:26:00,10:26:00,166.2,166.8,157.05,157.35,735345
2026-03-17 10:27:00,10:27:00,157.25,162.3,149.8,151.55,871130
2026-03-17 10:28:00,10:28:00,155.45,159.95,143.9,143.95,1002820
2026-03-17 10:29:00,10:29:00,184.3,190.0,164.55,166.5,422500
2026-03-17 10:30:00,10:30:00,163.75,166.65,151.15,151.5,502515
2026-03-17 10:31:00,10:31:00,154.05,175.95,151.5,168.65,549770
2026-03-17 10:32:00,10:32:00,167.95,172.2,157.15,157.9,325065
2026-03-17 10:33:00,10:33:00,158.05,158.05,139.8,145.4,499265
2026-03-17 10:34:00,10:34:00,183.55,192.95,176.0,176.0,360490
2026-03-17 10:35:00,10:35:00,175.55,187.9,171.55,174.5,562510
2026-03-17 10:36:00,10:36:00,174.1,174.5,162.75,162.75,609375
2026-03-17 10:37:00,10:37:00,163.35,179.5,158.4,179.5,681070
2026-03-17 10:38:00,10:38:00,140.25,151.65,138.4,149.05,570635
2026-03-17 10:39:00,10:39:00,148.55,156.95,141.4,154.6,435955
2026-03-17 10:40:00,10:40:00,153.9,159.85,142.75,144.35,509535
2026-03-17 10:41:00,10:41:00,182.85,184.45,171.45,181.5,415545
2026-03-17 10:42:00,10:42:00,141.65,149.95,138.2,147.7,281905
2026-03-17 10:43:00,10:43:00,149.6,157.25,147.6,149.6,364975
2026-03-17 10:44:00,10:44:00,148.7,152.55,144.95,151.0,181285
2026-03-17 10:45:00,10:45:00,152.2,153.3,147.9,149.35,187070
2026-03-17 10:46:00,10:46:00,148.6,165.55,147.25,162.85,458055
2026-03-17 10:47:00,10:47:00,162.15,164.45,142.1,150.55,398840
2026-03-17 10:48:00,10:48:00,150.2,160.45,149.45,160.45,235105
2026-03-17 10:49:00,10:49:00,160.55,188.3,160.45,186.15,649025
2026-03-17 10:50:00,10:50:00,192.45,197.9,180.25,181.4,671580
2026-03-17 10:51:00,10:51:00,139.35,153.45,132.75,151.15,1799720
2026-03-17 10:52:00,10:52:00,151.65,152.05,141.15,147.2,989885
2026-03-17 10:53:00,10:53:00,190.0,195.8,185.1,185.3,243945
2026-03-17 10:54:00,10:54:00,183.95,191.0,180.0,183.4,187070
2026-03-17 10:55:00,10:55:00,142.3,152.0,142.25,152.0,599365
2026-03-17 10:56:00,10:56:00,151.85,154.5,141.4,146.65,943215
2026-03-17 10:57:00,10:57:00,187.45,189.75,170.5,174.1,336570
2026-03-17 10:58:00,10:58:00,175.65,188.55,174.1,184.8,253110
2026-03-17 10:59:00,10:59:00,185.75,187.9,180.5,182.2,118430
2026-03-17 11:00:00,11:00:00,182.65,188.4,172.6,178.2,199095
2026-03-17 11:01:00,11:01:00,178.85,185.95,177.4,182.8,152035
2026-03-17 11:02:00,11:02:00,183.0,187.8,179.65,181.8,177710
2026-03-17 11:03:00,11:03:00,182.3,182.3,168.65,173.7,312000
2026-03-17 11:04:00,11:04:00,174.75,177.7,170.15,173.75,138710
2026-03-17 11:05:00,11:05:00,173.9,182.5,172.05,181.0,149890
2026-03-17 11:06:00,11:06:00,181.75,186.55,172.75,173.85,195390
2026-03-17 11:07:00,11:07:00,174.0,177.25,166.9,171.15,212095
2026-03-17 11:08:00,11:08:00,172.15,172.3,144.4,146.55,420355
2026-03-17 11:09:00,11:09:00,146.65,157.05,146.55,151.95,296140
2026-03-17 11:10:00,11:10:00,157.25,160.0,151.05,157.1,236340
2026-03-17 11:11:00,11:11:00,158.25,163.8,154.4,160.6,226720
2026-03-17 11:12:00,11:12:00,161.2,167.55,152.45,152.45,259350
2026-03-17 11:13:00,11:13:00,192.75,196.35,175.0,178.25,368875
2026-03-17 11:14:00,11:14:00,175.0,187.4,174.35,175.0,331630
2026-03-17 11:15:00,11:15:00,176.95,183.8,162.45,163.95,408655
2026-03-17 11:16:00,11:16:00,167.45,170.3,161.25,162.6,334555
2026-03-17 11:17:00,11:17:00,163.9,163.9,150.35,153.5,426595
2026-03-17 11:18:00,11:18:00,152.2,160.55,150.8,153.3,329550
2026-03-17 11:19:00,11:19:00,153.8,166.0,148.55,148.55,503425
2026-03-17 11:20:00,11:20:00,149.5,154.5,146.75,152.95,331435
2026-03-17 11:21:00,11:21:00,196.35,199.3,166.65,177.5,190385
2026-03-17 11:22:00,11:22:00,137.75,148.15,136.1,138.3,477750
2026-03-17 11:23:00,11:23:00,138.35,143.35,131.6,139.05,398450
2026-03-17 11:24:00,11:24:00,180.8,180.8,168.2,168.45,110110
2026-03-17 11:25:00,11:25:00,168.6,173.8,155.1,155.1,219310
2026-03-17 11:26:00,11:26:00,151.55,163.75,147.35,150.35,324610
2026-03-17 11:27:00,11:27:00,152.7,157.95,148.5,150.0,145275
2026-03-17 11:28:00,11:28:00,151.9,159.6,145.6,147.4,187785
2026-03-17 11:29:00,11:29:00,149.1,151.95,144.35,151.2,135655
2026-03-17 11:30:00,11:30:00,151.45,155.5,143.05,144.2,240695
2026-03-17 11:31:00,11:31:00,147.0,157.0,144.2,149.5,161200
2026-03-17 11:32:00,11:32:00,149.1,149.5,143.6,145.35,169065
2026-03-17 11:33:00,11:33:00,186.5,195.7,177.1,177.1,185640
2026-03-17 11:34:00,11:34:00,175.25,184.7,172.8,174.25,309465
2026-03-17 11:35:00,11:35:00,175.65,185.8,174.25,177.05,184080
2026-03-17 11:36:00,11:36:00,176.3,178.05,164.25,175.6,325260
2026-03-17 11:37:00,11:37:00,139.5,145.85,135.4,144.7,225745
2026-03-17 11:38:00,11:38:00,145.4,171.25,144.05,163.8,526890
2026-03-17 11:39:00,11:39:00,164.55,164.55,150.9,151.2,213655
2026-03-17 11:40:00,11:40:00,150.0,160.6,148.8,154.45,203385
2026-03-17 11:41:00,11:41:00,155.65,160.55,150.5,158.4,140985
2026-03-17 11:42:00,11:42:00,158.35,164.3,157.75,161.4,184275
2026-03-17 11:43:00,11:43:00,161.9,167.6,158.75,163.4,141180
2026-03-17 11:44:00,11:44:00,164.0,164.0,143.7,152.95,229320
2026-03-17 11:45:00,11:45:00,154.9,161.4,150.9,161.4,136565
2026-03-17 11:46:00,11:46:00,162.65,168.85,156.65,168.35,180375
2026-03-17 11:47:00,11:47:00,169.3,176.2,161.35,161.35,294775
2026-03-17 11:48:00,11:48:00,160.2,162.25,151.0,152.95,178230
2026-03-17 11:49:00,11:49:00,152.35,159.25,151.05,155.65,112450
2026-03-17 11:50:00,11:50:00,155.5,177.15,153.5,174.0,226720
2026-03-17 11:51:00,11:51:00,174.0,188.9,170.0,183.45,259545
2026-03-17 11:52:00,11:52:00,143.2,148.15,137.0,145.65,1102985
2026-03-17 11:53:00,11:53:00,187.55,187.55,166.85,171.7,147940
2026-03-17 11:54:00,11:54:00,171.35,176.05,168.9,172.55,109070
2026-03-17 11:55:00,11:55:00,172.35,173.25,155.95,155.95,198120
2026-03-17 11:56:00,11:56:00,154.75,155.95,139.45,143.55,295620
2026-03-17 11:57:00,11:57:00,143.7,160.0,143.55,156.0,191555
2026-03-17 11:58:00,11:58:00,157.75,174.3,156.0,174.1,242125
2026-03-17 11:59:00,11:59:00,176.05,179.8,169.05,172.75,207935
2026-03-17 12:00:00,12:00:00,170.55,172.75,161.6,162.5,126685
2026-03-17 12:01:00,12:01:00,163.05,180.8,160.75,180.0,160875
2026-03-17 12:02:00,12:02:00,182.0,182.0,170.15,177.2,131560
2026-03-17 12:03:00,12:03:00,178.4,182.0,167.0,167.0,118365
2026-03-17 12:04:00,12:04:00,168.25,174.5,165.7,168.7,84435
2026-03-17 12:05:00,12:05:00,168.3,177.65,167.25,174.8,104195
2026-03-17 12:06:00,12:06:00,175.8,181.3,172.7,174.0,97370
2026-03-17 12:07:00,12:07:00,133.0,142.5,131.95,136.65,499460
2026-03-17 12:08:00,12:08:00,139.2,155.0,136.65,152.7,1212185
2026-03-17 12:09:00,12:09:00,153.0,153.0,146.05,150.6,450385
2026-03-17 12:10:00,12:10:00,151.8,151.8,138.7,144.05,596505
2026-03-17 12:11:00,12:11:00,147.45,154.4,143.95,149.9,684450
2026-03-17 12:12:00,12:12:00,151.65,153.4,146.25,147.1,354510
2026-03-17 12:13:00,12:13:00,147.6,157.2,147.1,153.05,668525
2026-03-17 12:14:00,12:14:00,151.8,153.05,142.35,148.5,443560
2026-03-17 12:15:00,12:15:00,192.4,192.65,174.8,175.1,124670
2026-03-17 12:16:00,12:16:00,175.0,176.75,163.75,163.75,212030
2026-03-17 12:17:00,12:17:00,165.4,170.4,154.1,169.9,194870
2026-03-17 12:18:00,12:18:00,170.4,170.75,154.55,154.55,143650
2026-03-17 12:19:00,12:19:00,154.95,155.2,142.1,142.3,240695
2026-03-17 12:20:00,12:20:00,141.8,155.2,141.8,155.15,162630
2026-03-17 12:21:00,12:21:00,155.0,161.9,153.85,160.2,135525
2026-03-17 12:22:00,12:22:00,163.0,167.8,158.2,163.8,172575
2026-03-17 12:23:00,12:23:00,164.0,167.7,156.0,158.7,104585
2026-03-17 12:24:00,12:24:00,157.75,159.1,143.15,143.15,159445
2026-03-17 12:25:00,12:25:00,143.45,158.85,143.15,154.0,119275
2026-03-17 12:26:00,12:26:00,153.65,160.1,151.6,155.0,92300
2026-03-17 12:27:00,12:27:00,154.35,159.05,153.9,155.75,63440
2026-03-17 12:28:00,12:28:00,157.75,157.75,143.25,145.4,135525
2026-03-17 12:29:00,12:29:00,147.1,164.6,145.4,163.25,195260
2026-03-17 12:30:00,12:30:00,163.2,163.25,145.85,150.8,114790
2026-03-17 12:31:00,12:31:00,150.25,150.8,139.5,145.35,162500
2026-03-17 12:32:00,12:32:00,147.3,157.2,145.35,157.2,129090
2026-03-17 12:33:00,12:33:00,157.3,166.5,157.2,165.55,185575
2026-03-17 12:34:00,12:34:00,165.65,173.3,165.45,169.0,198900
2026-03-17 12:35:00,12:35:00,128.7,143.35,124.4,138.55,1125995
2026-03-17 12:36:00,12:36:00,181.4,188.05,174.3,176.65,183690
2026-03-17 12:37:00,12:37:00,176.3,180.55,171.8,173.05,99450
2026-03-17 12:38:00,12:38:00,172.95,182.65,169.55,181.95,110045
2026-03-17 12:39:00,12:39:00,182.3,196.75,177.4,177.4,194740
2026-03-17 12:40:00,12:40:00,177.0,180.0,173.45,176.05,98280
2026-03-17 12:41:00,12:41:00,175.7,176.65,165.55,175.35,196040
2026-03-17 12:42:00,12:42:00,135.0,141.85,129.2,139.0,577525
2026-03-17 12:43:00,12:43:00,138.5,163.55,132.45,159.45,1165710
2026-03-17 12:44:00,12:44:00,160.45,162.6,151.8,157.35,635375
2026-03-17 12:45:00,12:45:00,157.55,181.8,157.2,172.25,1312285
2026-03-17 12:46:00,12:46:00,173.7,175.6,164.8,172.3,577590
2026-03-17 12:47:00,12:47:00,171.6,178.0,166.6,174.5,498030
2026-03-17 12:48:00,12:48:00,177.3,179.25,167.4,177.0,478725
2026-03-17 12:49:00,12:49:00,134.35,152.7,131.6,152.7,1339845
2026-03-17 12:50:00,12:50:00,157.95,159.95,137.1,148.1,1341015
2026-03-17 12:51:00,12:51:00,195.45,197.0,179.75,181.65,469365
2026-03-17 12:52:00,12:52:00,181.25,181.9,170.25,172.95,439400
2026-03-17 12:53:00,12:53:00,173.0,184.3,168.7,168.7,420875
2026-03-17 12:54:00,12:54:00,170.3,178.45,163.9,169.85,410670
2026-03-17 12:55:00,12:55:00,169.8,172.25,160.95,163.25,352170
2026-03-17 12:56:00,12:56:00,163.05,179.45,162.55,178.9,390585
2026-03-17 12:57:00,12:57:00,180.0,185.0,170.05,172.0,447460
2026-03-17 12:58:00,12:58:00,129.2,139.0,127.65,134.95,357565
2026-03-17 12:59:00,12:59:00,132.0,141.95,131.85,140.15,395005
2026-03-17 13:00:00,13:00:00,142.5,149.4,136.8,148.8,881140
2026-03-17 13:01:00,13:01:00,146.6,154.1,142.4,152.8,705640
2026-03-17 13:02:00,13:02:00,153.55,160.2,145.9,160.2,629265
2026-03-17 13:03:00,13:03:00,164.95,169.3,157.8,165.8,1032720
2026-03-17 13:04:00,13:04:00,163.8,166.0,155.6,159.6,409110
2026-03-17 13:05:00,13:05:00,158.8,168.6,155.05,156.6,451165
2026-03-17 13:06:00,13:06:00,153.5,156.6,137.3,144.15,686985
2026-03-17 13:07:00,13:07:00,144.0,159.5,144.0,158.4,476190
2026-03-17 13:08:00,13:08:00,160.7,171.6,158.4,170.6,671255
2026-03-17 13:09:00,13:09:00,170.4,173.85,160.75,171.55,624325
2026-03-17 13:10:00,13:10:00,171.25,179.3,167.0,171.45,626600
2026-03-17 13:11:00,13:11:00,172.1,178.7,167.1,169.3,346580
2026-03-17 13:12:00,13:12:00,171.85,178.55,168.95,171.15,367055
2026-03-17 13:13:00,13:13:00,127.05,132.1,121.7,128.85,1165840
2026-03-17 13:14:00,13:14:00,127.85,140.0,127.85,135.65,1409720
2026-03-17 13:15:00,13:15:00,139.0,160.7,135.65,160.7,3157570
2026-03-17 13:16:00,13:16:00,161.75,166.4,154.0,154.75,2570750
2026-03-17 13:17:00,13:17:00,155.65,158.0,145.4,156.7,1276015
2026-03-17 13:18:00,13:18:00,155.8,163.2,152.25,153.0,1161290
2026-03-17 13:19:00,13:19:00,153.2,161.1,149.5,159.7,880945
2026-03-17 13:20:00,13:20:00,161.8,165.75,152.0,161.1,1242865
2026-03-17 13:21:00,13:21:00,158.65,161.65,147.2,150.2,780585
2026-03-17 13:22:00,13:22:00,150.75,160.15,148.15,148.55,773760
2026-03-17 13:23:00,13:23:00,148.9,150.1,138.5,141.85,1136460
2026-03-17 13:24:00,13:24:00,147.0,148.35,139.45,140.5,482365
2026-03-17 13:25:00,13:25:00,141.25,145.0,136.4,139.65,630630
2026-03-17 13:26:00,13:26:00,138.4,144.95,135.0,136.35,774345
2026-03-17 13:27:00,13:27:00,135.7,139.45,127.85,133.7,912860
2026-03-17 13:28:00,13:28:00,134.35,149.35,133.7,144.1,1207895
2026-03-17 13:29:00,13:29:00,146.0,152.15,140.65,146.65,746070
2026-03-17 13:30:00,13:30:00,150.25,183.2,146.65,180.2,2734550
2026-03-17 13:31:00,13:31:00,180.55,197.9,171.6,174.2,2281760
2026-03-17 13:32:00,13:32:00,174.6,182.7,169.7,177.6,1218815
2026-03-17 13:33:00,13:33:00,178.45,180.6,170.75,170.75,469885
2026-03-17 13:34:00,13:34:00,169.3,170.75,145.6,152.15,1325545
2026-03-17 13:35:00,13:35:00,150.45,158.85,148.75,148.75,647205
2026-03-17 13:36:00,13:36:00,149.0,156.0,143.9,143.9,522340
2026-03-17 13:37:00,13:37:00,143.35,147.1,139.25,144.85,730275
2026-03-17 13:38:00,13:38:00,147.9,155.7,144.8,145.3,706485
2026-03-17 13:39:00,13:39:00,189.2,189.85,160.8,161.9,460265
2026-03-17 13:40:00,13:40:00,165.3,178.6,161.9,165.55,271960
2026-03-17 13:41:00,13:41:00,166.4,169.2,154.0,154.0,192725
2026-03-17 13:42:00,13:42:00,156.2,167.1,151.45,166.2,283855
2026-03-17 13:43:00,13:43:00,121.65,146.2,120.2,142.5,1399060
2026-03-17 13:44:00,13:44:00,141.25,142.5,130.15,135.7,834730
2026-03-17 13:45:00,13:45:00,139.7,145.15,135.45,144.3,779870
2026-03-17 13:46:00,13:46:00,146.6,153.45,141.7,148.75,1010295
2026-03-17 13:47:00,13:47:00,148.55,160.0,148.55,153.25,1134900
2026-03-17 13:48:00,13:48:00,150.0,153.25,137.55,142.6,963495
2026-03-17 13:49:00,13:49:00,143.2,159.3,142.4,159.15,935350
2026-03-17 13:50:00,13:50:00,158.6,171.0,152.05,152.05,1382615
2026-03-17 13:51:00,13:51:00,153.5,161.1,148.0,158.0,846365
2026-03-17 13:52:00,13:52:00,157.6,165.35,154.6,157.0,770380
2026-03-17 13:53:00,13:53:00,156.9,157.35,147.95,150.15,471770
2026-03-17 13:54:00,13:54:00,149.25,158.0,147.05,147.05,417170
2026-03-17 13:55:00,13:55:00,148.75,153.6,144.15,153.3,499265
2026-03-17 13:56:00,13:56:00,152.25,153.7,146.3,147.65,373945
2026-03-17 13:57:00,13:57:00,147.15,157.9,146.35,150.35,417950
2026-03-17 13:58:00,13:58:00,150.15,151.1,130.5,134.45,939185
2026-03-17 13:59:00,13:59:00,136.25,148.55,134.0,142.15,698360
2026-03-17 14:00:00,14:00:00,143.95,157.8,142.15,152.1,740675
2026-03-17 14:01:00,14:01:00,152.65,162.35,139.6,139.6,992745
2026-03-17 14:02:00,14:02:00,137.35,146.1,132.55,142.5,851825
2026-03-17 14:03:00,14:03:00,143.8,171.5,142.5,167.3,1346345
2026-03-17 14:04:00,14:04:00,166.25,173.2,160.95,169.3,902460
2026-03-17 14:05:00,14:05:00,164.25,171.45,152.0,152.0,908440
2026-03-17 14:06:00,14:06:00,152.1,152.1,136.95,144.0,1011335
2026-03-17 14:07:00,14:07:00,143.5,158.25,142.3,157.65,626600
2026-03-17 14:08:00,14:08:00,159.65,166.95,147.9,166.95,691925
2026-03-17 14:09:00,14:09:00,164.9,175.05,164.25,171.0,965380
2026-03-17 14:10:00,14:10:00,127.5,142.1,125.3,141.8,1495845
2026-03-17 14:11:00,14:11:00,145.3,153.0,141.05,148.75,1231230
2026-03-17 14:12:00,14:12:00,149.75,149.9,141.85,142.95,787670
2026-03-17 14:13:00,14:13:00,143.95,157.1,141.95,154.3,1136330
2026-03-17 14:14:00,14:14:00,149.5,154.3,142.35,145.4,658710
2026-03-17 14:15:00,14:15:00,146.05,155.8,143.9,149.9,678340
2026-03-17 14:16:00,14:16:00,192.9,196.85,153.35,162.0,1588080
2026-03-17 14:17:00,14:17:00,164.45,181.35,155.6,157.2,1093495
2026-03-17 14:18:00,14:18:00,158.4,171.35,157.2,158.1,598650
2026-03-17 14:19:00,14:19:00,158.9,160.9,153.5,158.1,428090
2026-03-17 14:20:00,14:20:00,158.6,171.0,158.1,162.55,562900
2026-03-17 14:21:00,14:21:00,158.7,162.55,142.95,146.75,821340
2026-03-17 14:22:00,14:22:00,147.0,150.75,133.0,135.95,720460
2026-03-17 14:23:00,14:23:00,137.2,148.15,128.15,130.3,867945
2026-03-17 14:24:00,14:24:00,130.15,147.55,129.8,136.7,757510
2026-03-17 14:25:00,14:25:00,139.4,148.25,130.0,133.85,619125
2026-03-17 14:26:00,14:26:00,135.05,137.7,119.7,122.9,893685
2026-03-17 14:27:00,14:27:00,121.95,141.8,121.95,136.4,875615
2026-03-17 14:28:00,14:28:00,138.1,148.9,136.4,143.5,720980
2026-03-17 14:29:00,14:29:00,142.05,154.5,142.0,144.85,711750
2026-03-17 14:30:00,14:30:00,147.3,169.75,144.85,164.5,1105585
2026-03-17 14:31:00,14:31:00,113.1,127.65,109.7,125.0,1022515
2026-03-17 14:32:00,14:32:00,129.75,134.2,123.55,132.85,991185
2026-03-17 14:33:00,14:33:00,132.85,132.85,113.5,121.45,906750
2026-03-17 14:34:00,14:34:00,124.15,131.1,118.25,126.25,625430
2026-03-17 14:35:00,14:35:00,126.75,137.6,121.85,134.5,922285
2026-03-17 14:36:00,14:36:00,134.8,145.55,130.0,130.0,1015235
2026-03-17 14:37:00,14:37:00,131.05,131.05,116.55,124.8,776750
2026-03-17 14:38:00,14:38:00,124.95,147.2,124.8,138.15,1016990
2026-03-17 14:39:00,14:39:00,137.35,139.95,128.15,137.0,555620
2026-03-17 14:40:00,14:40:00,141.05,145.4,133.35,140.2,562315
2026-03-17 14:41:00,14:41:00,140.95,155.3,140.0,155.3,741780
2026-03-17 14:42:00,14:42:00,152.85,165.9,131.95,131.95,1082510
2026-03-17 14:43:00,14:43:00,132.45,144.1,130.6,130.6,590330
2026-03-17 14:44:00,14:44:00,131.75,136.6,127.05,133.3,474045
2026-03-17 14:45:00,14:45:00,131.25,142.4,122.3,123.25,733070
2026-03-17 14:46:00,14:46:00,123.95,145.25,121.15,140.6,680355
2026-03-17 14:47:00,14:47:00,144.7,145.3,136.35,138.15,377195
2026-03-17 14:48:00,14:48:00,135.75,138.15,112.3,122.75,893230
2026-03-17 14:49:00,14:49:00,121.8,149.65,117.25,147.6,739310
2026-03-17 14:50:00,14:50:00,151.7,167.15,147.6,163.7,996320
2026-03-17 14:51:00,14:51:00,164.95,166.4,139.9,164.8,767195
2026-03-17 14:52:00,14:52:00,162.4,166.55,152.3,161.5,401115
2026-03-17 14:53:00,14:53:00,162.05,170.0,151.6,154.2,772200
2026-03-17 14:54:00,14:54:00,153.65,177.3,145.8,171.25,776230
2026-03-17 14:55:00,14:55:00,123.0,133.8,121.65,127.85,3169595
2026-03-17 14:56:00,14:56:00,130.8,133.8,121.3,122.75,2009605
2026-03-17 14:57:00,14:57:00,124.75,130.55,115.4,130.55,2490475
2026-03-17 14:58:00,14:58:00,130.6,143.5,126.7,141.75,2007135
2026-03-17 14:59:00,14:59:00,144.65,149.1,133.15,149.1,2159105
2026-03-17 15:00:00,15:00:00,198.35,198.8,162.4,179.85,712985
2026-03-17 15:01:00,15:01:00,126.9,135.75,126.45,128.8,2000310
2026-03-17 15:02:00,15:02:00,174.05,178.9,153.25,153.25,515645
2026-03-17 15:03:00,15:03:00,151.65,153.25,135.15,143.0,1004445
2026-03-17 15:04:00,15:04:00,143.2,153.6,137.7,153.6,712660
2026-03-17 15:05:00,15:05:00,151.4,153.6,132.95,133.2,911495
2026-03-17 15:06:00,15:06:00,130.7,141.15,128.85,132.0,485420
2026-03-17 15:07:00,15:07:00,133.55,137.6,131.3,135.0,340665
2026-03-17 15:08:00,15:08:00,134.55,141.75,133.05,138.8,368485
2026-03-17 15:09:00,15:09:00,141.25,147.75,136.0,136.85,531050
2026-03-17 15:10:00,15:10:00,188.2,188.2,177.45,179.15,385255
2026-03-17 15:11:00,15:11:00,180.0,183.9,179.15,183.0,171990
2026-03-17 15:12:00,15:12:00,132.85,137.05,129.5,136.0,238745
2026-03-17 15:13:00,15:13:00,136.65,139.3,134.2,137.75,340795
2026-03-17 15:14:00,15:14:00,138.85,142.95,137.4,140.1,350155
2026-03-17 15:15:00,15:15:00,191.0,191.4,183.5,184.95,453050
2026-03-17 15:16:00,15:16:00,184.95,186.4,182.7,183.15,238290
2026-03-17 15:17:00,15:17:00,182.45,183.25,179.4,182.45,399035
2026-03-17 15:18:00,15:18:00,182.6,182.6,177.2,179.1,278525
2026-03-17 15:19:00,15:19:00,180.05,181.7,178.1,179.5,345735
2026-03-17 15:20:00,15:20:00,179.4,183.9,179.4,181.75,255580
2026-03-17 15:21:00,15:21:00,181.9,182.45,180.25,180.9,132925
2026-03-17 15:22:00,15:22:00,180.9,181.45,179.85,181.0,130390
2026-03-17 15:23:00,15:23:00,180.45,181.0,179.5,180.5,99060
2026-03-17 15:24:00,15:24:00,180.8,181.45,180.2,181.1,78780
2026-03-17 15:25:00,15:25:00,181.0,181.1,180.0,180.95,91910
2026-03-17 15:26:00,15:26:00,180.7,180.95,180.1,180.3,58110
2026-03-17 15:27:00,15:27:00,180.75,180.9,180.15,180.25,74815
2026-03-17 15:28:00,15:28:00,180.65,180.9,180.25,180.4,185185
2026-03-17 15:29:00,15:29:00,180.7,181.2,180.4,181.15,86775
