datetime,time,open,high,low,close,volume
2026-02-13 09:15:00,09:15:00,97.05,129.9,97.05,102.2,1985230
2026-02-13 09:16:00,09:16:00,100.15,102.55,95.15,102.35,2073240
2026-02-13 09:17:00,09:17:00,100.9,105.2,100.25,102.25,1372800
2026-02-13 09:18:00,09:18:00,102.65,108.65,102.25,103.95,1529645
2026-02-13 09:19:00,09:19:00,103.25,103.95,94.0,97.4,1476215
2026-02-13 09:20:00,09:20:00,96.95,97.4,90.8,96.65,1329055
2026-02-13 09:21:00,09:21:00,98.05,98.05,92.6,93.1,897260
2026-02-13 09:22:00,09:22:00,93.7,95.65,87.6,87.7,1293370
2026-02-13 09:23:00,09:23:00,88.55,93.1,87.7,91.65,969150
2026-02-13 09:24:00,09:24:00,91.75,94.3,90.75,93.75,1062945
2026-02-13 09:25:00,09:25:00,93.5,94.0,90.75,91.0,948870
2026-02-13 09:26:00,09:26:00,90.2,94.15,87.35,87.85,994175
2026-02-13 09:27:00,09:27:00,88.6,91.5,87.85,89.75,681070
2026-02-13 09:28:00,09:28:00,90.0,90.45,87.9,88.6,571350
2026-02-13 09:29:00,09:29:00,88.05,88.7,84.3,84.3,926315
2026-02-13 09:30:00,09:30:00,108.0,109.0,102.05,103.05,2682745
2026-02-13 09:31:00,09:31:00,104.9,106.85,103.05,103.5,1572675
2026-02-13 09:32:00,09:32:00,103.2,104.3,101.05,102.15,1851915
2026-02-13 09:33:00,09:33:00,101.8,104.2,101.7,102.9,1232400
2026-02-13 09:34:00,09:34:00,101.9,102.9,97.75,99.8,2181530
2026-02-13 09:35:00,09:35:00,100.3,101.45,98.65,101.05,1316120
2026-02-13 09:36:00,09:36:00,101.0,101.55,98.55,98.55,1279200
2026-02-13 09:37:00,09:37:00,99.55,100.4,98.3,99.15,1058655
2026-02-13 09:38:00,09:38:00,99.0,100.2,97.25,97.5,1103895
2026-02-13 09:39:00,09:39:00,97.5,97.75,94.95,96.0,1747980
2026-02-13 09:40:00,09:40:00,96.3,96.4,90.35,95.3,2412735
2026-02-13 09:41:00,09:41:00,95.1,100.1,95.0,99.9,2114970
2026-02-13 09:42:00,09:42:00,100.35,101.7,97.8,99.8,2239185
2026-02-13 09:43:00,09:43:00,99.6,101.6,98.6,99.85,1354080
2026-02-13 09:44:00,09:44:00,100.55,100.85,97.1,99.4,1490905
2026-02-13 09:45:00,09:45:00,99.25,101.1,97.75,100.6,1105780
2026-02-13 09:46:00,09:46:00,100.8,101.35,96.6,99.5,1362530
2026-02-13 09:47:00,09:47:00,99.55,100.1,96.05,96.2,1041170
2026-02-13 09:48:00,09:48:00,96.1,98.65,95.15,95.5,1767285
2026-02-13 09:49:00,09:49:00,95.6,96.65,93.0,93.7,1551290
2026-02-13 09:50:00,09:50:00,93.8,95.8,93.0,93.85,974220
2026-02-13 09:51:00,09:51:00,94.1,96.55,93.0,95.95,1047930
2026-02-13 09:52:00,09:52:00,96.0,99.2,95.95,97.7,1487655
2026-02-13 09:53:00,09:53:00,98.0,102.0,97.7,100.4,1605955
2026-02-13 09:54:00,09:54:00,100.75,101.3,97.1,97.1,1254305
2026-02-13 09:55:00,09:55:00,97.2,97.85,95.0,95.25,1081080
2026-02-13 09:56:00,09:56:00,95.0,95.25,90.4,92.4,2562690
2026-02-13 09:57:00,09:57:00,92.25,93.2,90.95,92.85,1338610
2026-02-13 09:58:00,09:58:00,93.05,94.35,91.9,93.0,869895
2026-02-13 09:59:00,09:59:00,92.9,94.4,92.05,92.25,679120
2026-02-13 10:00:00,10:00:00,92.45,95.25,92.25,93.9,808730
2026-02-13 10:01:00,10:01:00,94.3,96.5,93.65,95.9,804050
2026-02-13 10:02:00,10:02:00,95.8,96.0,93.1,94.0,675155
2026-02-13 10:03:00,10:03:00,93.75,95.8,92.8,94.8,577980
2026-02-13 10:04:00,10:04:00,94.85,97.4,93.6,97.4,767195
2026-02-13 10:05:00,10:05:00,97.1,97.4,94.75,95.15,700115
2026-02-13 10:06:00,10:06:00,95.6,95.65,92.55,92.55,667290
2026-02-13 10:07:00,10:07:00,92.85,94.8,92.0,92.95,675090
2026-02-13 10:08:00,10:08:00,93.0,94.1,91.55,92.8,752765
2026-02-13 10:09:00,10:09:00,93.45,93.7,91.0,92.4,686270
2026-02-13 10:10:00,10:10:00,92.45,93.15,91.25,92.05,504400
2026-02-13 10:11:00,10:11:00,91.9,93.75,91.85,92.8,525720
2026-02-13 10:12:00,10:12:00,93.0,96.6,92.5,96.55,836355
2026-02-13 10:13:00,10:13:00,96.85,96.85,92.2,92.25,717600
2026-02-13 10:14:00,10:14:00,92.15,93.7,90.05,91.2,1220570
2026-02-13 10:15:00,10:15:00,91.2,91.4,88.1,90.7,1941290
2026-02-13 10:16:00,10:16:00,115.6,116.2,113.35,114.45,487045
2026-02-13 10:17:00,10:17:00,114.75,114.75,109.6,111.8,1171235
2026-02-13 10:18:00,10:18:00,87.85,91.45,87.4,90.3,1283750
2026-02-13 10:19:00,10:19:00,90.2,91.55,89.7,90.85,902265
2026-02-13 10:20:00,10:20:00,90.65,93.6,89.95,92.65,1056510
2026-02-13 10:21:00,10:21:00,92.55,92.65,89.8,91.95,814905
2026-02-13 10:22:00,10:22:00,91.3,91.95,90.15,91.5,470015
2026-02-13 10:23:00,10:23:00,91.25,94.4,91.25,94.3,995280
2026-02-13 10:24:00,10:24:00,94.35,94.8,93.2,94.05,773305
2026-02-13 10:25:00,10:25:00,93.95,95.2,93.6,94.5,1052870
2026-02-13 10:26:00,10:26:00,94.5,95.45,93.35,95.0,812565
2026-02-13 10:27:00,10:27:00,95.2,95.7,93.6,95.65,710320
2026-02-13 10:28:00,10:28:00,95.6,95.8,93.5,93.8,545025
2026-02-13 10:29:00,10:29:00,93.85,95.3,93.35,93.9,507195
2026-02-13 10:30:00,10:30:00,94.5,97.25,93.9,95.05,1407900
2026-02-13 10:31:00,10:31:00,95.4,96.7,94.0,96.65,924235
2026-02-13 10:32:00,10:32:00,96.45,97.75,95.9,96.3,1086670
2026-02-13 10:33:00,10:33:00,96.2,98.45,95.0,97.9,1228760
2026-02-13 10:34:00,10:34:00,98.1,99.95,97.7,99.0,1802060
2026-02-13 10:35:00,10:35:00,99.0,100.95,97.1,99.15,1781650
2026-02-13 10:36:00,10:36:00,99.15,99.75,97.3,98.7,1041560
2026-02-13 10:37:00,10:37:00,99.1,100.8,98.15,99.55,1195610
2026-02-13 10:38:00,10:38:00,99.7,100.4,98.4,100.2,987740
2026-02-13 10:39:00,10:39:00,77.3,80.55,77.05,79.3,968435
2026-02-13 10:40:00,10:40:00,79.55,79.7,77.65,79.65,502060
2026-02-13 10:41:00,10:41:00,103.5,103.5,99.65,99.65,1164345
2026-02-13 10:42:00,10:42:00,76.8,80.4,75.9,79.7,663065
2026-02-13 10:43:00,10:43:00,79.6,80.05,78.35,78.7,435305
2026-02-13 10:44:00,10:44:00,101.85,102.6,98.95,99.3,1016795
2026-02-13 10:45:00,10:45:00,99.1,100.05,96.9,96.9,1133730
2026-02-13 10:46:00,10:46:00,96.55,99.25,95.55,98.85,1267240
2026-02-13 10:47:00,10:47:00,98.75,98.95,94.75,96.1,1030445
2026-02-13 10:48:00,10:48:00,95.9,97.85,95.15,97.1,729430
2026-02-13 10:49:00,10:49:00,96.75,97.1,91.9,91.9,1182610
2026-02-13 10:50:00,10:50:00,92.1,92.1,87.3,91.4,2444065
2026-02-13 10:51:00,10:51:00,91.15,93.55,91.1,93.0,1107210
2026-02-13 10:52:00,10:52:00,93.8,94.95,92.7,94.65,1088425
2026-02-13 10:53:00,10:53:00,95.45,95.75,92.0,92.0,1037530
2026-02-13 10:54:00,10:54:00,91.8,93.75,91.3,93.25,641875
2026-02-13 10:55:00,10:55:00,93.6,96.15,92.4,96.15,962585
2026-02-13 10:56:00,10:56:00,96.1,98.45,95.2,97.1,1591590
2026-02-13 10:57:00,10:57:00,97.6,98.45,94.05,94.6,1289925
2026-02-13 10:58:00,10:58:00,94.7,95.6,92.8,93.5,770965
2026-02-13 10:59:00,10:59:00,93.65,93.65,91.3,91.85,709150
2026-02-13 11:00:00,11:00:00,91.45,93.35,90.25,93.35,931840
2026-02-13 11:01:00,11:01:00,93.2,93.5,90.8,91.1,585130
2026-02-13 11:02:00,11:02:00,91.0,91.1,86.9,88.2,1807780
2026-02-13 11:03:00,11:03:00,87.75,89.85,87.65,89.6,804180
2026-02-13 11:04:00,11:04:00,89.85,89.85,86.8,86.95,754195
2026-02-13 11:05:00,11:05:00,86.95,87.65,85.75,86.65,808340
2026-02-13 11:06:00,11:06:00,86.5,87.9,86.1,87.6,621010
2026-02-13 11:07:00,11:07:00,87.5,87.6,85.4,85.55,898495
2026-02-13 11:08:00,11:08:00,85.6,86.8,84.95,85.9,1019590
2026-02-13 11:09:00,11:09:00,85.55,86.35,84.25,85.45,596180
2026-02-13 11:10:00,11:10:00,85.75,87.55,85.45,86.95,635440
2026-02-13 11:11:00,11:11:00,87.05,87.9,85.95,86.2,687245
2026-02-13 11:12:00,11:12:00,86.2,87.2,85.55,86.75,386100
2026-02-13 11:13:00,11:13:00,87.2,87.55,86.15,87.15,408200
2026-02-13 11:14:00,11:14:00,86.95,89.0,86.85,89.0,593970
2026-02-13 11:15:00,11:15:00,89.0,90.0,87.45,87.95,971555
2026-02-13 11:16:00,11:16:00,88.0,88.5,85.45,85.95,723515
2026-02-13 11:17:00,11:17:00,85.85,85.95,81.0,81.1,2007785
2026-02-13 11:18:00,11:18:00,81.25,82.45,80.1,80.65,1204255
2026-02-13 11:19:00,11:19:00,81.05,82.0,80.2,81.5,855985
2026-02-13 11:20:00,11:20:00,81.65,82.15,81.05,81.85,594165
2026-02-13 11:21:00,11:21:00,81.7,83.25,81.5,82.3,586235
2026-02-13 11:22:00,11:22:00,82.35,82.75,80.8,81.4,648115
2026-02-13 11:23:00,11:23:00,81.7,82.2,80.3,81.5,650520
2026-02-13 11:24:00,11:24:00,81.65,82.2,80.85,82.0,489970
2026-02-13 11:25:00,11:25:00,81.9,82.75,81.9,82.55,644735
2026-02-13 11:26:00,11:26:00,82.15,85.25,81.95,85.25,848640
2026-02-13 11:27:00,11:27:00,85.45,85.8,84.2,84.5,814905
2026-02-13 11:28:00,11:28:00,84.95,85.6,83.7,84.5,532090
2026-02-13 11:29:00,11:29:00,84.7,86.25,84.2,85.25,588120
2026-02-13 11:30:00,11:30:00,85.7,86.1,81.05,81.2,1030705
2026-02-13 11:31:00,11:31:00,81.4,84.0,80.7,83.7,837265
2026-02-13 11:32:00,11:32:00,83.85,83.9,81.15,82.45,530790
2026-02-13 11:33:00,11:33:00,82.0,84.55,82.0,83.0,481065
2026-02-13 11:34:00,11:34:00,83.1,83.1,80.9,81.15,819065
2026-02-13 11:35:00,11:35:00,81.0,82.65,80.6,82.5,514670
2026-02-13 11:36:00,11:36:00,82.55,83.0,81.1,81.4,498745
2026-02-13 11:37:00,11:37:00,81.8,82.8,81.4,82.7,400595
2026-02-13 11:38:00,11:38:00,82.8,83.3,81.15,81.15,505375
2026-02-13 11:39:00,11:39:00,81.0,82.35,80.9,81.3,297180
2026-02-13 11:40:00,11:40:00,81.5,82.1,80.85,80.85,412230
2026-02-13 11:41:00,11:41:00,80.6,81.25,78.8,81.1,1549925
2026-02-13 11:42:00,11:42:00,81.2,82.75,80.8,82.2,584415
2026-02-13 11:43:00,11:43:00,82.3,83.7,82.15,83.2,596570
2026-02-13 11:44:00,11:44:00,83.35,87.3,83.2,86.8,1256450
2026-02-13 11:45:00,11:45:00,86.8,87.6,84.85,86.15,1481480
2026-02-13 11:46:00,11:46:00,86.2,86.75,84.55,84.6,721500
2026-02-13 11:47:00,11:47:00,84.95,86.45,84.35,86.0,511355
2026-02-13 11:48:00,11:48:00,85.85,86.5,84.65,84.65,670150
2026-02-13 11:49:00,11:49:00,84.9,85.5,83.3,85.35,605995
2026-02-13 11:50:00,11:50:00,85.4,86.1,84.6,86.0,648960
2026-02-13 11:51:00,11:51:00,86.15,87.3,85.8,86.35,707330
2026-02-13 11:52:00,11:52:00,86.25,86.75,84.9,86.0,529685
2026-02-13 11:53:00,11:53:00,85.85,87.25,85.75,87.0,587990
2026-02-13 11:54:00,11:54:00,87.0,87.85,85.6,85.85,619190
2026-02-13 11:55:00,11:55:00,86.0,86.9,84.0,86.75,629395
2026-02-13 11:56:00,11:56:00,87.0,87.5,85.35,86.7,553150
2026-02-13 11:57:00,11:57:00,86.55,87.85,86.0,87.3,536770
2026-02-13 11:58:00,11:58:00,87.55,88.6,86.75,86.75,1112345
2026-02-13 11:59:00,11:59:00,87.1,88.3,86.0,88.1,668265
2026-02-13 12:00:00,12:00:00,88.2,89.9,87.5,87.6,1213420
2026-02-13 12:01:00,12:01:00,87.75,88.85,87.5,88.0,506545
2026-02-13 12:02:00,12:02:00,88.2,91.85,87.9,91.35,1265875
2026-02-13 12:03:00,12:03:00,91.45,91.9,90.45,91.5,1068405
2026-02-13 12:04:00,12:04:00,90.75,91.5,86.8,89.15,1260675
2026-02-13 12:05:00,12:05:00,89.7,90.6,89.15,90.35,633425
2026-02-13 12:06:00,12:06:00,90.4,94.25,90.1,94.1,1296685
2026-02-13 12:07:00,12:07:00,93.95,94.2,90.95,91.85,1312025
2026-02-13 12:08:00,12:08:00,91.85,92.95,91.3,91.6,499460
2026-02-13 12:09:00,12:09:00,91.6,94.9,91.05,91.1,1310790
2026-02-13 12:10:00,12:10:00,91.05,91.7,89.75,91.15,822770
2026-02-13 12:11:00,12:11:00,91.25,95.0,90.9,93.2,1193790
2026-02-13 12:12:00,12:12:00,93.65,94.95,90.65,91.6,1275950
2026-02-13 12:13:00,12:13:00,91.9,93.4,91.35,92.7,518895
2026-02-13 12:14:00,12:14:00,92.5,94.2,91.25,93.9,552695
2026-02-13 12:15:00,12:15:00,94.05,94.3,91.65,91.9,800410
2026-02-13 12:16:00,12:16:00,91.4,92.4,90.6,91.05,828750
2026-02-13 12:17:00,12:17:00,91.05,92.1,88.6,89.5,1225250
2026-02-13 12:18:00,12:18:00,89.45,92.8,89.35,91.9,798135
2026-02-13 12:19:00,12:19:00,91.85,94.4,91.0,94.4,797095
2026-02-13 12:20:00,12:20:00,72.25,74.0,71.15,73.8,470925
2026-02-13 12:21:00,12:21:00,96.3,96.3,94.0,94.8,1150565
2026-02-13 12:22:00,12:22:00,72.85,73.3,71.75,72.5,284765
2026-02-13 12:23:00,12:23:00,95.2,95.95,94.0,94.45,908960
2026-02-13 12:24:00,12:24:00,72.2,74.25,71.9,72.95,440765
2026-02-13 12:25:00,12:25:00,72.85,73.8,72.1,73.4,282035
2026-02-13 12:26:00,12:26:00,73.8,76.35,73.4,75.6,783315
2026-02-13 12:27:00,12:27:00,75.55,83.4,75.2,82.6,1708460
2026-02-13 12:28:00,12:28:00,82.55,82.8,79.05,79.55,1475305
2026-02-13 12:29:00,12:29:00,79.7,79.8,77.0,77.6,746915
2026-02-13 12:30:00,12:30:00,77.6,78.95,75.6,77.05,771225
2026-02-13 12:31:00,12:31:00,77.4,78.7,76.15,78.1,527995
2026-02-13 12:32:00,12:32:00,77.75,78.85,76.2,78.7,389610
2026-02-13 12:33:00,12:33:00,78.7,79.6,77.05,78.8,495495
2026-02-13 12:34:00,12:34:00,79.15,87.45,78.8,84.65,2161120
2026-02-13 12:35:00,12:35:00,84.75,84.75,81.9,82.9,984490
2026-02-13 12:36:00,12:36:00,82.75,82.9,79.65,80.35,720395
2026-02-13 12:37:00,12:37:00,79.8,80.4,76.45,80.1,725725
2026-02-13 12:38:00,12:38:00,80.1,80.8,78.8,79.25,432965
2026-02-13 12:39:00,12:39:00,79.4,81.6,78.05,81.35,356395
2026-02-13 12:40:00,12:40:00,80.95,81.35,78.45,79.1,367185
2026-02-13 12:41:00,12:41:00,79.1,80.0,75.95,75.95,466115
2026-02-13 12:42:00,12:42:00,75.4,78.8,75.4,78.55,415545
2026-02-13 12:43:00,12:43:00,78.0,78.55,76.4,77.45,238810
2026-02-13 12:44:00,12:44:00,78.0,78.8,77.25,77.25,182845
2026-02-13 12:45:00,12:45:00,77.35,79.5,77.15,79.05,283465
2026-02-13 12:46:00,12:46:00,79.65,84.55,79.05,81.35,921570
2026-02-13 12:47:00,12:47:00,81.6,81.65,77.2,77.4,659295
2026-02-13 12:48:00,12:48:00,77.55,77.7,73.7,75.6,850785
2026-02-13 12:49:00,12:49:00,99.0,100.1,93.45,95.7,1789905
2026-02-13 12:50:00,12:50:00,95.75,95.75,90.35,91.95,1775605
2026-02-13 12:51:00,12:51:00,92.6,95.95,91.95,94.25,1143870
2026-02-13 12:52:00,12:52:00,94.25,94.25,90.9,90.9,761020
2026-02-13 12:53:00,12:53:00,91.05,92.9,88.0,88.1,1351675
2026-02-13 12:54:00,12:54:00,88.45,89.0,87.25,88.4,1184560
2026-02-13 12:55:00,12:55:00,88.2,89.0,85.6,85.65,1078610
2026-02-13 12:56:00,12:56:00,85.75,86.6,84.2,85.75,1416740
2026-02-13 12:57:00,12:57:00,85.4,88.1,85.25,87.95,1011725
2026-02-13 12:58:00,12:58:00,88.4,89.25,85.25,85.6,1037465
2026-02-13 12:59:00,12:59:00,85.7,86.35,83.7,84.7,1259440
2026-02-13 13:00:00,13:00:00,84.55,87.55,84.3,85.85,1228305
2026-02-13 13:01:00,13:01:00,85.5,86.75,83.0,84.0,1081080
2026-02-13 13:02:00,13:02:00,83.9,84.25,81.95,82.6,979290
2026-02-13 13:03:00,13:03:00,82.25,82.6,80.2,82.4,1432600
2026-02-13 13:04:00,13:04:00,82.25,83.3,81.35,82.75,686010
2026-02-13 13:05:00,13:05:00,82.9,83.55,82.0,83.0,593840
2026-02-13 13:06:00,13:06:00,82.95,82.95,81.5,82.0,531180
2026-02-13 13:07:00,13:07:00,81.65,82.8,81.0,82.8,595205
2026-02-13 13:08:00,13:08:00,83.15,83.8,82.6,83.6,829920
2026-02-13 13:09:00,13:09:00,83.95,86.15,83.6,86.1,1498835
2026-02-13 13:10:00,13:10:00,86.0,86.5,84.55,85.4,1126840
2026-02-13 13:11:00,13:11:00,85.4,89.45,85.4,88.95,1774825
2026-02-13 13:12:00,13:12:00,89.25,91.9,88.4,89.7,2682030
2026-02-13 13:13:00,13:13:00,89.6,91.0,89.0,89.0,1200940
2026-02-13 13:14:00,13:14:00,88.9,91.45,88.2,91.45,993785
2026-02-13 13:15:00,13:15:00,69.55,72.15,69.35,70.95,1040780
2026-02-13 13:16:00,13:16:00,93.5,94.0,89.25,90.8,1637870
2026-02-13 13:17:00,13:17:00,90.3,90.95,89.25,90.5,748280
2026-02-13 13:18:00,13:18:00,68.45,71.9,68.35,71.8,471120
2026-02-13 13:19:00,13:19:00,72.0,73.0,71.6,72.0,735280
2026-02-13 13:20:00,13:20:00,94.85,94.85,89.6,90.25,1710020
2026-02-13 13:21:00,13:21:00,90.35,90.55,88.6,89.7,876525
2026-02-13 13:22:00,13:22:00,89.7,90.3,87.75,89.1,789360
2026-02-13 13:23:00,13:23:00,88.6,89.1,82.1,84.2,2215005
2026-02-13 13:24:00,13:24:00,84.05,85.8,83.8,84.0,745225
2026-02-13 13:25:00,13:25:00,83.6,84.45,81.5,82.4,1077895
2026-02-13 13:26:00,13:26:00,82.6,83.45,81.2,81.6,770965
2026-02-13 13:27:00,13:27:00,81.45,83.4,81.45,82.5,577070
2026-02-13 13:28:00,13:28:00,82.6,84.75,82.5,84.75,753740
2026-02-13 13:29:00,13:29:00,84.85,86.35,82.9,82.95,1104935
2026-02-13 13:30:00,13:30:00,82.6,85.15,82.5,84.6,631215
2026-02-13 13:31:00,13:31:00,84.35,84.6,82.2,82.35,465205
2026-02-13 13:32:00,13:32:00,82.15,82.8,80.8,81.7,1212510
2026-02-13 13:33:00,13:33:00,81.65,83.95,81.35,83.7,697580
2026-02-13 13:34:00,13:34:00,83.6,83.95,82.3,83.05,535600
2026-02-13 13:35:00,13:35:00,83.45,84.55,83.05,83.45,446745
2026-02-13 13:36:00,13:36:00,83.65,84.9,82.9,84.65,457795
2026-02-13 13:37:00,13:37:00,84.75,87.4,84.65,86.75,1236560
2026-02-13 13:38:00,13:38:00,86.55,86.75,83.25,84.2,809510
2026-02-13 13:39:00,13:39:00,84.3,84.7,82.7,83.9,561340
2026-02-13 13:40:00,13:40:00,83.95,85.65,83.2,84.0,511680
2026-02-13 13:41:00,13:41:00,84.05,85.15,83.05,85.0,334165
2026-02-13 13:42:00,13:42:00,85.3,86.35,85.0,85.95,618605
2026-02-13 13:43:00,13:43:00,85.6,85.95,82.7,83.45,747500
2026-02-13 13:44:00,13:44:00,83.1,84.0,81.95,82.15,673465
2026-02-13 13:45:00,13:45:00,82.2,82.8,81.3,81.6,753545
2026-02-13 13:46:00,13:46:00,81.65,82.7,78.35,80.2,1909505
2026-02-13 13:47:00,13:47:00,104.0,104.35,97.5,97.5,1504555
2026-02-13 13:48:00,13:48:00,97.35,101.9,96.9,99.7,1170390
2026-02-13 13:49:00,13:49:00,99.45,99.7,95.05,97.6,1611610
2026-02-13 13:50:00,13:50:00,97.3,99.8,96.9,97.05,1091025
2026-02-13 13:51:00,13:51:00,96.95,98.2,94.6,95.2,1119105
2026-02-13 13:52:00,13:52:00,95.05,99.1,95.05,97.75,1018680
2026-02-13 13:53:00,13:53:00,97.95,98.25,95.65,97.0,641615
2026-02-13 13:54:00,13:54:00,96.95,98.75,96.3,98.4,574080
2026-02-13 13:55:00,13:55:00,98.75,101.7,98.4,99.35,1552005
2026-02-13 13:56:00,13:56:00,99.75,100.75,98.55,99.25,609115
2026-02-13 13:57:00,13:57:00,76.95,78.45,76.85,77.35,531050
2026-02-13 13:58:00,13:58:00,77.2,78.2,76.85,77.8,763750
2026-02-13 13:59:00,13:59:00,100.95,101.4,98.8,99.2,615810
2026-02-13 14:00:00,14:00:00,99.15,100.3,97.5,98.1,712985
2026-02-13 14:01:00,14:01:00,97.9,98.15,95.75,95.75,650780
2026-02-13 14:02:00,14:02:00,74.0,77.65,74.0,77.55,816205
2026-02-13 14:03:00,14:03:00,77.45,78.0,76.3,77.8,712985
2026-02-13 14:04:00,14:04:00,77.8,78.45,76.8,77.1,725725
2026-02-13 14:05:00,14:05:00,76.9,79.05,76.45,78.35,997555
2026-02-13 14:06:00,14:06:00,78.35,79.4,76.9,76.9,1007045
2026-02-13 14:07:00,14:07:00,76.65,77.95,75.85,77.25,591305
2026-02-13 14:08:00,14:08:00,99.75,100.2,95.6,96.1,761150
2026-02-13 14:09:00,14:09:00,96.1,98.25,95.8,97.9,546585
2026-02-13 14:10:00,14:10:00,97.85,98.2,96.7,97.75,346255
2026-02-13 14:11:00,14:11:00,75.7,78.7,75.3,77.65,673010
2026-02-13 14:12:00,14:12:00,77.55,78.15,76.3,77.8,520130
2026-02-13 14:13:00,14:13:00,77.65,78.5,76.45,77.65,421070
2026-02-13 14:14:00,14:14:00,77.85,78.95,77.4,78.8,481650
2026-02-13 14:15:00,14:15:00,79.1,79.85,77.85,78.2,884455
2026-02-13 14:16:00,14:16:00,78.25,79.7,78.2,78.85,500240
2026-02-13 14:17:00,14:17:00,78.75,79.2,76.95,78.25,592020
2026-02-13 14:18:00,14:18:00,78.1,78.7,77.3,77.6,331240
2026-02-13 14:19:00,14:19:00,77.4,77.85,76.65,77.85,445900
2026-02-13 14:20:00,14:20:00,77.65,79.05,77.4,78.8,463190
2026-02-13 14:21:00,14:21:00,102.05,102.1,98.7,98.7,564005
2026-02-13 14:22:00,14:22:00,98.6,100.1,97.85,98.0,598390
2026-02-13 14:23:00,14:23:00,98.0,99.7,97.5,99.5,433290
2026-02-13 14:24:00,14:24:00,76.75,78.65,76.75,78.65,463255
2026-02-13 14:25:00,14:25:00,78.75,80.6,78.5,79.8,1038310
2026-02-13 14:26:00,14:26:00,79.85,80.85,78.6,79.05,701090
2026-02-13 14:27:00,14:27:00,79.35,79.35,78.45,78.7,362765
2026-02-13 14:28:00,14:28:00,78.7,80.5,78.0,80.3,734565
2026-02-13 14:29:00,14:29:00,80.35,80.45,78.5,78.8,585195
2026-02-13 14:30:00,14:30:00,79.2,80.1,77.2,78.1,566215
2026-02-13 14:31:00,14:31:00,77.95,78.85,76.8,78.3,602225
2026-02-13 14:32:00,14:32:00,78.7,79.1,76.7,77.05,473330
2026-02-13 14:33:00,14:33:00,99.35,99.65,97.45,98.8,597415
2026-02-13 14:34:00,14:34:00,98.6,99.3,95.15,95.55,1082965
2026-02-13 14:35:00,14:35:00,96.4,98.95,95.55,97.7,811915
2026-02-13 14:36:00,14:36:00,97.65,98.15,93.2,93.35,804700
2026-02-13 14:37:00,14:37:00,94.65,95.4,92.75,93.5,941785
2026-02-13 14:38:00,14:38:00,93.8,95.45,92.45,95.15,947960
2026-02-13 14:39:00,14:39:00,95.85,99.65,95.15,97.4,1264575
2026-02-13 14:40:00,14:40:00,97.75,97.75,94.75,96.9,598130
2026-02-13 14:41:00,14:41:00,97.05,98.1,95.25,95.5,633685
2026-02-13 14:42:00,14:42:00,96.1,97.75,95.2,97.75,389090
2026-02-13 14:43:00,14:43:00,97.7,98.75,97.6,98.1,659685
2026-02-13 14:44:00,14:44:00,98.0,98.5,97.45,98.15,409695
2026-02-13 14:45:00,14:45:00,98.55,99.2,97.9,98.35,634985
2026-02-13 14:46:00,14:46:00,98.8,98.8,96.75,97.8,459875
2026-02-13 14:47:00,14:47:00,97.7,97.85,96.75,97.4,273000
2026-02-13 14:48:00,14:48:00,97.1,97.6,95.45,97.25,512980
2026-02-13 14:49:00,14:49:00,97.5,97.5,94.65,96.4,476320
2026-02-13 14:50:00,14:50:00,96.6,98.0,95.8,96.5,403065
2026-02-13 14:51:00,14:51:00,96.7,98.4,96.35,98.4,394550
2026-02-13 14:52:00,14:52:00,98.1,99.0,98.0,98.4,631540
2026-02-13 14:53:00,14:53:00,98.3,98.9,97.5,98.5,419185
2026-02-13 14:54:00,14:54:00,98.7,99.25,97.8,98.15,536055
2026-02-13 14:55:00,14:55:00,98.25,98.95,97.95,98.45,320320
2026-02-13 14:56:00,14:56:00,98.8,100.5,98.0,99.15,660920
2026-02-13 14:57:00,14:57:00,99.15,100.6,99.15,99.9,698750
2026-02-13 14:58:00,14:58:00,99.95,101.65,98.5,99.45,824785
2026-02-13 14:59:00,14:59:00,99.95,100.85,98.95,99.35,500825
2026-02-13 15:00:00,15:00:00,100.95,100.95,87.3,87.75,2978495
2026-02-13 15:01:00,15:01:00,88.4,90.85,87.75,90.3,1465490
2026-02-13 15:02:00,15:02:00,90.4,93.4,90.3,93.4,1024010
2026-02-13 15:03:00,15:03:00,93.75,94.4,91.85,94.0,829335
2026-02-13 15:04:00,15:04:00,93.85,94.2,91.7,92.35,609830
2026-02-13 15:05:00,15:05:00,92.0,93.75,91.85,91.95,559390
2026-02-13 15:06:00,15:06:00,92.15,92.2,88.6,90.2,1059890
2026-02-13 15:07:00,15:07:00,90.35,90.95,88.7,90.1,733720
2026-02-13 15:08:00,15:08:00,90.4,91.4,89.85,90.0,696540
2026-02-13 15:09:00,15:09:00,89.85,92.0,89.15,91.75,751335
2026-02-13 15:10:00,15:10:00,91.45,93.1,91.2,92.1,815880
2026-02-13 15:11:00,15:11:00,92.45,92.5,90.4,91.1,598910
2026-02-13 15:12:00,15:12:00,91.15,91.15,88.7,90.6,813865
2026-02-13 15:13:00,15:13:00,90.8,92.0,90.3,91.65,494130
2026-02-13 15:14:00,15:14:00,92.25,92.25,91.2,91.75,556855
2026-02-13 15:15:00,15:15:00,92.2,93.5,91.75,93.1,848510
2026-02-13 15:16:00,15:16:00,93.0,93.3,90.0,90.9,751530
2026-02-13 15:17:00,15:17:00,114.9,115.0,111.15,112.55,1104285
2026-02-13 15:18:00,15:18:00,89.85,92.35,89.35,91.7,517530
2026-02-13 15:19:00,15:19:00,91.7,93.15,91.7,93.15,683215
2026-02-13 15:20:00,15:20:00,93.2,95.0,93.05,93.6,1016340
2026-02-13 15:21:00,15:21:00,93.9,94.2,92.0,92.4,493935
2026-02-13 15:22:00,15:22:00,92.5,92.6,89.1,90.9,601770
2026-02-13 15:23:00,15:23:00,114.45,114.7,108.0,109.9,1316510
2026-02-13 15:24:00,15:24:00,110.35,110.95,109.45,110.3,755950
2026-02-13 15:25:00,15:25:00,111.0,112.35,110.0,110.0,882960
2026-02-13 15:26:00,15:26:00,110.45,110.85,96.2,99.55,1763515
2026-02-13 15:27:00,15:27:00,100.5,104.35,99.55,103.85,1327105
2026-02-13 15:28:00,15:28:00,103.95,105.0,102.0,102.7,1036230
2026-02-13 15:29:00,15:29:00,102.9,103.2,97.7,98.0,1370070
2026-02-16 09:15:00,09:15:00,73.6,73.6,42.45,47.15,3033290
2026-02-16 09:16:00,09:16:00,47.5,58.6,47.15,52.3,2436005
2026-02-16 09:17:00,09:17:00,52.6,54.2,50.2,52.8,1441505
2026-02-16 09:18:00,09:18:00,53.65,57.45,52.8,54.85,1460745
2026-02-16 09:19:00,09:19:00,56.15,61.8,54.85,61.8,1792635
2026-02-16 09:20:00,09:20:00,62.1,64.25,57.15,60.7,2247050
2026-02-16 09:21:00,09:21:00,60.45,64.75,59.4,61.7,1634620
2026-02-16 09:22:00,09:22:00,45.15,46.5,43.7,43.95,2128035
2026-02-16 09:23:00,09:23:00,43.65,45.6,42.4,44.75,2387515
2026-02-16 09:24:00,09:24:00,44.05,44.75,41.3,42.9,2036190
2026-02-16 09:25:00,09:25:00,59.9,60.15,54.6,57.15,1405885
2026-02-16 09:26:00,09:26:00,56.2,57.15,52.75,53.4,1637090
2026-02-16 09:27:00,09:27:00,52.85,54.35,49.7,54.35,1739075
2026-02-16 09:28:00,09:28:00,38.55,42.35,38.35,42.2,2214485
2026-02-16 09:29:00,09:29:00,58.2,58.95,54.7,54.7,1061060
2026-02-16 09:30:00,09:30:00,39.2,43.75,38.7,42.95,2145715
2026-02-16 09:31:00,09:31:00,43.15,48.0,42.9,44.5,3233165
2026-02-16 09:32:00,09:32:00,45.7,47.85,44.5,45.95,2334410
2026-02-16 09:33:00,09:33:00,45.75,48.35,45.5,48.2,1728350
2026-02-16 09:34:00,09:34:00,48.0,52.4,46.75,50.55,3806335
2026-02-16 09:35:00,09:35:00,50.75,51.1,48.2,49.95,2160210
2026-02-16 09:36:00,09:36:00,49.7,49.95,47.4,48.25,1321970
2026-02-16 09:37:00,09:37:00,48.1,48.25,44.3,45.3,2051725
2026-02-16 09:38:00,09:38:00,45.3,46.15,43.1,43.15,1423760
2026-02-16 09:39:00,09:39:00,43.85,45.4,43.15,45.0,1002365
2026-02-16 09:40:00,09:40:00,45.5,45.5,40.45,41.0,2192255
2026-02-16 09:41:00,09:41:00,41.4,41.75,38.45,41.65,1946035
2026-02-16 09:42:00,09:42:00,41.85,43.05,41.2,41.35,1534520
2026-02-16 09:43:00,09:43:00,58.4,58.4,51.5,51.55,1827540
2026-02-16 09:44:00,09:44:00,51.75,52.05,49.25,50.55,1630135
2026-02-16 09:45:00,09:45:00,50.0,52.15,49.15,49.8,1095250
2026-02-16 09:46:00,09:46:00,49.7,52.9,48.45,51.95,1327040
2026-02-16 09:47:00,09:47:00,51.65,51.95,49.45,51.05,655915
2026-02-16 09:48:00,09:48:00,51.05,51.05,48.25,48.35,727415
2026-02-16 09:49:00,09:49:00,48.45,48.5,46.9,48.35,1162135
2026-02-16 09:50:00,09:50:00,48.45,49.35,47.1,47.5,847600
2026-02-16 09:51:00,09:51:00,47.4,47.5,43.65,44.6,1565785
2026-02-16 09:52:00,09:52:00,44.75,44.75,42.45,43.8,1045135
2026-02-16 09:53:00,09:53:00,43.7,48.65,43.7,47.65,1428960
2026-02-16 09:54:00,09:54:00,47.85,51.05,47.15,51.05,1311830
2026-02-16 09:55:00,09:55:00,35.9,37.55,35.05,37.3,2344420
2026-02-16 09:56:00,09:56:00,52.7,53.7,50.75,51.35,1418170
2026-02-16 09:57:00,09:57:00,35.75,40.95,35.75,40.85,1996930
2026-02-16 09:58:00,09:58:00,40.4,41.8,38.7,38.9,2093065
2026-02-16 09:59:00,09:59:00,38.7,41.25,38.0,40.85,1574105
2026-02-16 10:00:00,10:00:00,40.95,45.3,40.85,41.85,3419520
2026-02-16 10:01:00,10:01:00,42.8,47.65,41.85,47.65,3717155
2026-02-16 10:02:00,10:02:00,46.65,52.25,46.0,50.0,4760990
2026-02-16 10:03:00,10:03:00,50.8,56.2,50.0,54.75,5382520
2026-02-16 10:04:00,10:04:00,39.05,40.05,36.75,40.05,1410305
2026-02-16 10:05:00,10:05:00,40.1,42.85,39.95,40.95,1718925
2026-02-16 10:06:00,10:06:00,57.1,59.1,54.25,54.95,2574130
2026-02-16 10:07:00,10:07:00,54.8,55.15,51.75,53.7,1986920
2026-02-16 10:08:00,10:08:00,53.5,53.85,50.5,53.85,1364675
2026-02-16 10:09:00,10:09:00,53.6,55.55,52.35,55.15,1456845
2026-02-16 10:10:00,10:10:00,54.8,55.15,52.8,52.8,1057290
2026-02-16 10:11:00,10:11:00,53.05,58.25,52.8,55.55,1996345
2026-02-16 10:12:00,10:12:00,39.75,50.85,39.65,50.6,2619825
2026-02-16 10:13:00,10:13:00,50.0,56.0,50.0,52.1,3759145
2026-02-16 10:14:00,10:14:00,52.05,52.1,46.15,50.8,1986530
2026-02-16 10:15:00,10:15:00,51.05,55.2,49.15,49.7,2886195
2026-02-16 10:16:00,10:16:00,50.0,50.0,46.75,48.4,1212900
2026-02-16 10:17:00,10:17:00,49.15,51.9,48.4,48.9,1275495
2026-02-16 10:18:00,10:18:00,49.05,51.25,48.15,50.3,798200
2026-02-16 10:19:00,10:19:00,50.45,51.75,48.45,48.8,837915
2026-02-16 10:20:00,10:20:00,48.7,49.95,46.05,46.25,969670
2026-02-16 10:21:00,10:21:00,46.3,49.3,45.15,47.6,1388075
2026-02-16 10:22:00,10:22:00,48.1,48.3,46.5,47.25,443755
2026-02-16 10:23:00,10:23:00,47.4,48.2,44.6,45.05,1269840
2026-02-16 10:24:00,10:24:00,45.1,46.2,43.2,43.6,1224405
2026-02-16 10:25:00,10:25:00,43.45,45.05,41.5,42.8,1977430
2026-02-16 10:26:00,10:26:00,59.75,60.6,57.85,58.55,1482975
2026-02-16 10:27:00,10:27:00,59.2,59.75,57.2,59.05,1076530
2026-02-16 10:28:00,10:28:00,59.45,60.1,56.55,56.75,1378650
2026-02-16 10:29:00,10:29:00,40.65,43.05,40.6,41.55,668330
2026-02-16 10:30:00,10:30:00,58.25,58.4,55.55,56.2,1522950
2026-02-16 10:31:00,10:31:00,40.35,42.35,39.0,41.8,772135
2026-02-16 10:32:00,10:32:00,41.7,42.3,40.25,41.55,599755
2026-02-16 10:33:00,10:33:00,41.6,44.3,41.55,43.95,1186055
2026-02-16 10:34:00,10:34:00,43.9,43.95,41.0,41.1,643825
2026-02-16 10:35:00,10:35:00,42.0,43.1,40.85,41.65,461630
2026-02-16 10:36:00,10:36:00,41.6,43.6,41.6,42.95,316225
2026-02-16 10:37:00,10:37:00,42.8,42.95,40.6,40.85,397735
2026-02-16 10:38:00,10:38:00,58.1,58.6,55.15,56.65,1549990
2026-02-16 10:39:00,10:39:00,40.1,41.55,40.0,40.9,516880
2026-02-16 10:40:00,10:40:00,40.7,43.55,40.7,42.65,565240
2026-02-16 10:41:00,10:41:00,42.55,43.9,41.85,43.7,492505
2026-02-16 10:42:00,10:42:00,43.7,43.75,39.8,39.8,558545
2026-02-16 10:43:00,10:43:00,56.2,57.8,53.75,56.6,2133040
2026-02-16 10:44:00,10:44:00,39.4,41.0,39.1,41.0,348660
2026-02-16 10:45:00,10:45:00,40.45,41.2,39.8,39.95,344890
2026-02-16 10:46:00,10:46:00,56.45,57.5,54.4,57.35,941135
2026-02-16 10:47:00,10:47:00,40.75,43.35,40.2,43.2,642200
2026-02-16 10:48:00,10:48:00,61.2,62.0,57.0,57.35,1267370
2026-02-16 10:49:00,10:49:00,57.15,57.35,53.75,54.4,1416740
2026-02-16 10:50:00,10:50:00,54.3,54.4,51.5,53.2,1976065
2026-02-16 10:51:00,10:51:00,52.0,56.25,51.8,56.2,1766180
2026-02-16 10:52:00,10:52:00,56.2,57.6,53.75,54.15,1484015
2026-02-16 10:53:00,10:53:00,54.1,55.25,52.2,53.8,960310
2026-02-16 10:54:00,10:54:00,53.65,53.8,52.35,53.4,569855
2026-02-16 10:55:00,10:55:00,53.2,55.55,52.1,52.7,969150
2026-02-16 10:56:00,10:56:00,52.65,53.0,51.2,52.65,911560
2026-02-16 10:57:00,10:57:00,53.5,53.5,51.85,52.6,572195
2026-02-16 10:58:00,10:58:00,53.3,54.4,52.6,54.05,869960
2026-02-16 10:59:00,10:59:00,54.3,55.95,54.05,55.3,1041690
2026-02-16 11:00:00,11:00:00,55.2,56.8,51.55,51.7,1517490
2026-02-16 11:01:00,11:01:00,52.0,52.15,48.2,48.8,2395185
2026-02-16 11:02:00,11:02:00,48.25,51.15,48.25,49.4,1301300
2026-02-16 11:03:00,11:03:00,49.1,52.4,47.65,52.4,1574105
2026-02-16 11:04:00,11:04:00,36.2,40.45,36.0,40.4,1015105
2026-02-16 11:05:00,11:05:00,40.65,42.05,38.8,40.25,1088295
2026-02-16 11:06:00,11:06:00,40.4,40.85,38.25,40.35,580905
2026-02-16 11:07:00,11:07:00,40.6,40.95,39.25,39.25,650000
2026-02-16 11:08:00,11:08:00,39.5,39.95,38.3,39.05,364000
2026-02-16 11:09:00,11:09:00,39.2,40.1,38.1,39.95,458575
2026-02-16 11:10:00,11:10:00,40.15,40.15,38.65,38.85,297570
2026-02-16 11:11:00,11:11:00,38.85,39.4,36.8,37.0,521885
2026-02-16 11:12:00,11:12:00,36.55,39.75,36.55,38.75,510640
2026-02-16 11:13:00,11:13:00,38.7,40.3,38.45,40.0,428415
2026-02-16 11:14:00,11:14:00,40.15,40.85,39.6,40.45,413465
2026-02-16 11:15:00,11:15:00,40.5,41.8,38.85,41.35,806780
2026-02-16 11:16:00,11:16:00,41.25,41.35,39.0,39.3,359580
2026-02-16 11:17:00,11:17:00,39.5,42.35,39.3,41.7,471965
2026-02-16 11:18:00,11:18:00,41.45,41.95,40.45,41.65,427570
2026-02-16 11:19:00,11:19:00,41.65,42.5,40.0,40.3,600145
2026-02-16 11:20:00,11:20:00,40.25,42.2,39.7,42.2,571545
2026-02-16 11:21:00,11:21:00,41.95,42.3,40.55,41.25,380250
2026-02-16 11:22:00,11:22:00,41.3,42.7,40.85,41.5,453180
2026-02-16 11:23:00,11:23:00,41.55,41.7,40.5,41.7,303290
2026-02-16 11:24:00,11:24:00,42.35,45.05,41.7,43.85,1084785
2026-02-16 11:25:00,11:25:00,44.0,46.1,40.35,40.55,1099540
2026-02-16 11:26:00,11:26:00,58.1,58.1,53.6,54.0,2168075
2026-02-16 11:27:00,11:27:00,37.7,40.0,37.7,38.65,719485
2026-02-16 11:28:00,11:28:00,56.1,56.65,52.75,53.35,1077960
2026-02-16 11:29:00,11:29:00,53.1,53.35,49.45,51.1,2402725
2026-02-16 11:30:00,11:30:00,51.0,52.7,50.45,52.05,1213940
2026-02-16 11:31:00,11:31:00,52.1,53.15,50.8,52.35,1379365
2026-02-16 11:32:00,11:32:00,52.3,54.2,52.1,53.65,1175525
2026-02-16 11:33:00,11:33:00,37.1,38.2,37.1,37.6,461955
2026-02-16 11:34:00,11:34:00,54.4,54.75,50.1,50.45,1545765
2026-02-16 11:35:00,11:35:00,50.35,50.7,48.4,48.4,1511900
2026-02-16 11:36:00,11:36:00,48.45,51.1,48.05,50.75,1193465
2026-02-16 11:37:00,11:37:00,50.95,52.45,49.7,50.05,1318200
2026-02-16 11:38:00,11:38:00,34.75,35.6,34.15,35.45,320255
2026-02-16 11:39:00,11:39:00,35.6,37.0,35.45,35.8,354900
2026-02-16 11:40:00,11:40:00,51.6,52.0,49.2,50.3,969085
2026-02-16 11:41:00,11:41:00,50.45,50.45,48.65,49.95,794820
2026-02-16 11:42:00,11:42:00,34.65,36.1,34.3,36.05,401310
2026-02-16 11:43:00,11:43:00,52.0,52.55,49.9,50.1,759460
2026-02-16 11:44:00,11:44:00,49.5,50.1,48.45,48.55,843245
2026-02-16 11:45:00,11:45:00,48.7,49.1,47.25,47.4,1255670
2026-02-16 11:46:00,11:46:00,47.6,47.6,42.9,44.4,2850640
2026-02-16 11:47:00,11:47:00,44.05,48.35,44.05,46.75,1595230
2026-02-16 11:48:00,11:48:00,46.6,46.75,45.15,45.85,732940
2026-02-16 11:49:00,11:49:00,45.9,47.45,45.45,47.0,743860
2026-02-16 11:50:00,11:50:00,46.85,47.4,46.0,47.2,440375
2026-02-16 11:51:00,11:51:00,47.2,47.25,45.45,46.0,622440
2026-02-16 11:52:00,11:52:00,46.1,47.1,45.2,45.2,539435
2026-02-16 11:53:00,11:53:00,45.25,45.6,44.4,44.55,801580
2026-02-16 11:54:00,11:54:00,44.5,45.1,43.15,43.5,1260090
2026-02-16 11:55:00,11:55:00,43.6,44.9,43.4,44.8,1090700
2026-02-16 11:56:00,11:56:00,45.1,46.65,44.15,46.4,808600
2026-02-16 11:57:00,11:57:00,46.85,48.55,46.4,48.1,1371890
2026-02-16 11:58:00,11:58:00,48.35,49.15,47.5,48.5,1033955
2026-02-16 11:59:00,11:59:00,33.6,34.75,33.15,34.4,561405
2026-02-16 12:00:00,12:00:00,34.7,35.45,34.25,35.45,689845
2026-02-16 12:01:00,12:01:00,35.6,36.55,34.5,34.85,749190
2026-02-16 12:02:00,12:02:00,34.85,36.7,34.8,35.65,624130
2026-02-16 12:03:00,12:03:00,35.7,36.75,35.25,36.5,358930
2026-02-16 12:04:00,12:04:00,36.55,36.55,34.5,35.65,434265
2026-02-16 12:05:00,12:05:00,35.8,36.15,35.2,35.35,328965
2026-02-16 12:06:00,12:06:00,35.5,36.85,35.35,35.75,519415
2026-02-16 12:07:00,12:07:00,35.75,37.15,34.95,36.5,455195
2026-02-16 12:08:00,12:08:00,36.5,38.55,36.5,38.05,632580
2026-02-16 12:09:00,12:09:00,38.1,38.5,37.0,37.95,536250
2026-02-16 12:10:00,12:10:00,38.7,41.85,37.95,41.85,1025570
2026-02-16 12:11:00,12:11:00,41.95,44.2,41.35,42.55,1832610
2026-02-16 12:12:00,12:12:00,42.5,43.1,41.7,42.65,865865
2026-02-16 12:13:00,12:13:00,42.55,42.95,41.35,41.4,608530
2026-02-16 12:14:00,12:14:00,41.45,42.35,40.15,40.55,852475
2026-02-16 12:15:00,12:15:00,40.35,40.55,37.15,37.4,1279590
2026-02-16 12:16:00,12:16:00,37.4,40.6,36.7,40.6,887640
2026-02-16 12:17:00,12:17:00,40.6,43.1,40.3,42.75,1128270
2026-02-16 12:18:00,12:18:00,43.05,44.35,42.75,43.7,1267500
2026-02-16 12:19:00,12:19:00,43.7,47.3,43.7,45.2,1942005
2026-02-16 12:20:00,12:20:00,45.55,46.4,42.5,42.5,1581580
2026-02-16 12:21:00,12:21:00,43.15,44.4,42.45,42.45,1036295
2026-02-16 12:22:00,12:22:00,42.75,43.55,41.25,43.25,939900
2026-02-16 12:23:00,12:23:00,43.3,44.0,42.75,43.65,527540
2026-02-16 12:24:00,12:24:00,43.55,45.4,42.75,44.55,899925
2026-02-16 12:25:00,12:25:00,44.7,44.7,42.55,42.85,819260
2026-02-16 12:26:00,12:26:00,42.8,48.9,42.5,48.9,1418885
2026-02-16 12:27:00,12:27:00,49.8,50.45,46.95,48.45,2213120
2026-02-16 12:28:00,12:28:00,48.55,48.7,46.35,47.1,1274585
2026-02-16 12:29:00,12:29:00,32.2,33.4,32.0,33.4,833885
2026-02-16 12:30:00,12:30:00,34.85,36.95,33.4,34.85,2580955
2026-02-16 12:31:00,12:31:00,34.75,37.3,33.95,34.85,2025140
2026-02-16 12:32:00,12:32:00,35.3,35.3,32.75,35.25,1419990
2026-02-16 12:33:00,12:33:00,35.3,35.9,33.85,35.5,866125
2026-02-16 12:34:00,12:34:00,35.55,36.5,35.05,35.3,1136330
2026-02-16 12:35:00,12:35:00,35.4,36.4,34.4,35.6,1267565
2026-02-16 12:36:00,12:36:00,35.9,36.9,34.7,35.05,1339260
2026-02-16 12:37:00,12:37:00,34.95,35.05,33.0,34.25,1086865
2026-02-16 12:38:00,12:38:00,34.35,35.35,33.05,33.75,808795
2026-02-16 12:39:00,12:39:00,49.25,50.1,48.0,48.2,637325
2026-02-16 12:40:00,12:40:00,48.25,48.75,46.95,47.85,734630
2026-02-16 12:41:00,12:41:00,32.65,33.8,32.1,33.15,811265
2026-02-16 12:42:00,12:42:00,33.15,34.85,32.45,33.55,905775
2026-02-16 12:43:00,12:43:00,33.75,33.95,32.45,33.35,668135
2026-02-16 12:44:00,12:44:00,33.55,33.75,32.55,33.5,412620
2026-02-16 12:45:00,12:45:00,33.7,34.45,32.65,32.85,534040
2026-02-16 12:46:00,12:46:00,48.4,48.4,45.8,47.0,970710
2026-02-16 12:47:00,12:47:00,47.05,47.7,45.8,46.3,582270
2026-02-16 12:48:00,12:48:00,46.6,46.9,45.0,45.5,735605
2026-02-16 12:49:00,12:49:00,45.55,46.15,41.55,41.7,1604720
2026-02-16 12:50:00,12:50:00,41.75,43.1,41.2,41.8,1690520
2026-02-16 12:51:00,12:51:00,41.9,42.05,40.45,41.65,983970
2026-02-16 12:52:00,12:52:00,41.45,44.4,40.8,43.6,1012180
2026-02-16 12:53:00,12:53:00,43.8,46.5,43.6,44.8,1029080
2026-02-16 12:54:00,12:54:00,44.45,44.95,43.45,44.65,544635
2026-02-16 12:55:00,12:55:00,45.1,46.85,44.65,45.4,858390
2026-02-16 12:56:00,12:56:00,45.35,45.4,41.85,42.1,780195
2026-02-16 12:57:00,12:57:00,42.05,42.65,40.95,41.2,718705
2026-02-16 12:58:00,12:58:00,41.0,41.2,38.75,39.7,1271920
2026-02-16 12:59:00,12:59:00,39.5,41.35,39.3,41.05,514280
2026-02-16 13:00:00,13:00:00,41.1,44.65,41.05,43.85,999635
2026-02-16 13:01:00,13:01:00,29.8,32.65,29.6,32.45,1151020
2026-02-16 13:02:00,13:02:00,32.55,33.2,31.5,31.7,1447875
2026-02-16 13:03:00,13:03:00,31.8,32.45,30.85,31.9,871390
2026-02-16 13:04:00,13:04:00,47.05,47.05,44.0,45.05,772785
2026-02-16 13:05:00,13:05:00,45.15,45.85,44.75,44.8,591565
2026-02-16 13:06:00,13:06:00,44.7,45.5,43.3,43.65,616525
2026-02-16 13:07:00,13:07:00,43.6,44.7,43.15,44.3,493675
2026-02-16 13:08:00,13:08:00,44.3,45.25,44.05,44.8,399945
2026-02-16 13:09:00,13:09:00,30.4,31.6,30.2,31.55,541580
2026-02-16 13:10:00,13:10:00,31.6,32.85,31.4,32.4,951665
2026-02-16 13:11:00,13:11:00,32.45,32.6,31.35,32.3,707850
2026-02-16 13:12:00,13:12:00,47.25,47.7,44.9,45.1,793585
2026-02-16 13:13:00,13:13:00,30.65,31.35,30.45,30.7,410345
2026-02-16 13:14:00,13:14:00,45.5,46.3,44.7,45.25,396305
2026-02-16 13:15:00,13:15:00,45.25,46.05,44.4,44.85,459355
2026-02-16 13:16:00,13:16:00,44.7,45.55,44.0,44.5,444340
2026-02-16 13:17:00,13:17:00,44.5,44.5,43.35,43.55,403065
2026-02-16 13:18:00,13:18:00,43.6,43.7,42.5,42.95,637845
2026-02-16 13:19:00,13:19:00,43.5,43.5,42.1,42.15,353600
2026-02-16 13:20:00,13:20:00,42.55,45.35,42.15,45.35,594555
2026-02-16 13:21:00,13:21:00,45.35,46.0,43.3,43.6,767390
2026-02-16 13:22:00,13:22:00,29.05,31.65,28.2,31.65,893425
2026-02-16 13:23:00,13:23:00,46.95,47.9,44.5,45.3,1301105
2026-02-16 13:24:00,13:24:00,45.15,46.95,44.75,45.3,514150
2026-02-16 13:25:00,13:25:00,45.35,46.6,43.8,44.45,547300
2026-02-16 13:26:00,13:26:00,44.55,46.4,44.3,46.4,443105
2026-02-16 13:27:00,13:27:00,31.45,31.75,30.75,31.7,462215
2026-02-16 13:28:00,13:28:00,31.75,33.3,31.5,32.35,912080
2026-02-16 13:29:00,13:29:00,32.6,33.8,31.95,33.15,1044940
2026-02-16 13:30:00,13:30:00,48.7,48.75,44.3,44.45,1495845
2026-02-16 13:31:00,13:31:00,44.25,44.9,42.5,43.8,1281735
2026-02-16 13:32:00,13:32:00,43.85,44.0,42.3,43.55,842855
2026-02-16 13:33:00,13:33:00,29.55,32.4,29.35,31.95,864825
2026-02-16 13:34:00,13:34:00,32.1,32.45,30.4,31.05,731055
2026-02-16 13:35:00,13:35:00,31.2,33.15,30.95,31.95,827060
2026-02-16 13:36:00,13:36:00,32.0,34.2,31.5,33.5,1155310
2026-02-16 13:37:00,13:37:00,33.4,33.9,32.75,33.9,938860
2026-02-16 13:38:00,13:38:00,33.65,34.5,31.8,32.6,1141530
2026-02-16 13:39:00,13:39:00,32.3,35.25,32.3,34.15,1483820
2026-02-16 13:40:00,13:40:00,34.1,34.15,32.75,33.8,909220
2026-02-16 13:41:00,13:41:00,33.75,35.4,33.55,34.15,1012310
2026-02-16 13:42:00,13:42:00,33.8,34.8,33.05,34.0,749905
2026-02-16 13:43:00,13:43:00,33.65,35.25,33.45,34.05,635765
2026-02-16 13:44:00,13:44:00,34.3,35.05,33.75,33.95,761150
2026-02-16 13:45:00,13:45:00,34.25,35.15,33.35,33.55,1000805
2026-02-16 13:46:00,13:46:00,33.55,34.35,32.65,33.45,744770
2026-02-16 13:47:00,13:47:00,33.25,33.45,32.7,32.85,431080
2026-02-16 13:48:00,13:48:00,33.05,33.05,31.55,32.0,793585
2026-02-16 13:49:00,13:49:00,32.05,32.3,31.3,31.55,557505
2026-02-16 13:50:00,13:50:00,31.6,33.65,31.55,33.2,686660
2026-02-16 13:51:00,13:51:00,33.25,33.45,31.85,32.5,623805
2026-02-16 13:52:00,13:52:00,48.15,48.15,44.4,44.65,1101035
2026-02-16 13:53:00,13:53:00,44.55,46.45,44.1,44.1,731445
2026-02-16 13:54:00,13:54:00,44.25,45.15,43.9,44.1,718835
2026-02-16 13:55:00,13:55:00,44.3,44.6,42.7,43.0,911495
2026-02-16 13:56:00,13:56:00,43.35,43.7,42.15,42.2,981890
2026-02-16 13:57:00,13:57:00,42.05,44.2,41.5,42.15,1276145
2026-02-16 13:58:00,13:58:00,42.25,44.65,42.0,44.25,890305
2026-02-16 13:59:00,13:59:00,44.0,44.25,42.15,43.15,652015
2026-02-16 14:00:00,14:00:00,43.05,45.0,42.8,44.35,1044030
2026-02-16 14:01:00,14:01:00,30.45,31.1,30.15,31.05,1013480
2026-02-16 14:02:00,14:02:00,31.15,31.5,30.7,30.85,1019785
2026-02-16 14:03:00,14:03:00,45.65,45.65,42.65,43.65,930150
2026-02-16 14:04:00,14:04:00,29.9,30.5,29.45,29.85,646945
2026-02-16 14:05:00,14:05:00,44.25,44.75,40.75,40.95,1135225
2026-02-16 14:06:00,14:06:00,41.05,41.3,39.3,39.85,1173705
2026-02-16 14:07:00,14:07:00,40.2,43.7,39.85,43.4,1553305
2026-02-16 14:08:00,14:08:00,43.3,43.4,40.45,41.45,825695
2026-02-16 14:09:00,14:09:00,41.5,41.5,39.95,40.2,947765
2026-02-16 14:10:00,14:10:00,40.3,42.05,40.2,40.9,628680
2026-02-16 14:11:00,14:11:00,41.05,43.6,40.9,43.6,579150
2026-02-16 14:12:00,14:12:00,43.5,45.3,43.1,43.4,1031615
2026-02-16 14:13:00,14:13:00,29.55,33.1,29.5,32.6,1163890
2026-02-16 14:14:00,14:14:00,32.3,32.95,31.35,32.35,984425
2026-02-16 14:15:00,14:15:00,32.25,32.7,31.55,32.2,915070
2026-02-16 14:16:00,14:16:00,32.1,33.2,31.9,31.9,1005550
2026-02-16 14:17:00,14:17:00,31.85,32.75,31.7,32.6,588900
2026-02-16 14:18:00,14:18:00,32.55,32.6,31.25,32.1,636805
2026-02-16 14:19:00,14:19:00,32.15,32.35,30.35,31.15,595270
2026-02-16 14:20:00,14:20:00,31.0,33.0,31.0,32.25,710970
2026-02-16 14:21:00,14:21:00,32.25,32.3,30.4,32.25,613340
2026-02-16 14:22:00,14:22:00,32.15,32.75,31.75,31.95,567125
2026-02-16 14:23:00,14:23:00,31.95,32.9,31.5,32.45,441545
2026-02-16 14:24:00,14:24:00,32.2,32.5,31.55,32.25,337480
2026-02-16 14:25:00,14:25:00,32.3,34.25,32.25,34.15,1232010
2026-02-16 14:26:00,14:26:00,34.05,35.1,33.25,34.85,1517620
2026-02-16 14:27:00,14:27:00,34.7,39.75,34.6,37.85,3631615
2026-02-16 14:28:00,14:28:00,38.15,47.35,37.85,45.2,5836350
2026-02-16 14:29:00,14:29:00,45.5,52.25,45.2,48.55,6099665
2026-02-16 14:30:00,14:30:00,48.25,51.95,47.75,51.05,4181970
2026-02-16 14:31:00,14:31:00,52.6,54.45,50.4,52.1,3765840
2026-02-16 14:32:00,14:32:00,37.15,40.2,35.35,37.75,2734420
2026-02-16 14:33:00,14:33:00,37.4,41.0,36.85,40.15,2080000
2026-02-16 14:34:00,14:34:00,40.4,47.45,39.55,47.45,3551990
2026-02-16 14:35:00,14:35:00,46.75,50.15,43.45,44.25,3908515
2026-02-16 14:36:00,14:36:00,43.75,46.75,43.1,46.35,2141685
2026-02-16 14:37:00,14:37:00,45.75,46.5,44.55,44.65,1391520
2026-02-16 14:38:00,14:38:00,43.7,44.65,39.55,40.45,3057405
2026-02-16 14:39:00,14:39:00,40.45,41.5,40.1,40.85,1276340
2026-02-16 14:40:00,14:40:00,41.75,43.6,40.85,41.2,1342315
2026-02-16 14:41:00,14:41:00,41.45,41.7,39.55,41.5,1089140
2026-02-16 14:42:00,14:42:00,41.1,42.0,39.9,40.95,907595
2026-02-16 14:43:00,14:43:00,40.9,41.0,38.3,40.75,978445
2026-02-16 14:44:00,14:44:00,40.75,45.95,40.35,44.8,2011555
2026-02-16 14:45:00,14:45:00,44.7,46.1,42.25,43.0,1581580
2026-02-16 14:46:00,14:46:00,42.65,46.0,42.6,44.15,1222585
2026-02-16 14:47:00,14:47:00,43.9,46.0,43.5,45.3,936065
2026-02-16 14:48:00,14:48:00,45.8,52.25,45.3,52.2,2849340
2026-02-16 14:49:00,14:49:00,53.2,56.1,51.45,53.45,5145335
2026-02-16 14:50:00,14:50:00,53.85,53.95,49.2,53.1,2297100
2026-02-16 14:51:00,14:51:00,52.55,54.7,52.0,52.5,1950520
2026-02-16 14:52:00,14:52:00,52.35,52.55,48.75,49.55,1388335
2026-02-16 14:53:00,14:53:00,49.6,49.75,46.0,48.1,1728090
2026-02-16 14:54:00,14:54:00,47.85,50.45,47.75,49.2,1251510
2026-02-16 14:55:00,14:55:00,49.4,51.05,48.35,50.95,1080885
2026-02-16 14:56:00,14:56:00,50.9,52.5,50.85,52.0,1169025
2026-02-16 14:57:00,14:57:00,50.8,52.0,48.35,49.25,1071525
2026-02-16 14:58:00,14:58:00,49.8,53.4,49.25,52.3,1333150
2026-02-16 14:59:00,14:59:00,51.55,52.55,49.9,51.7,1083745
2026-02-16 15:00:00,15:00:00,36.25,40.55,36.25,38.6,3100630
2026-02-16 15:01:00,15:01:00,38.55,39.5,36.75,39.15,2042820
2026-02-16 15:02:00,15:02:00,39.1,39.2,35.4,35.4,1962870
2026-02-16 15:03:00,15:03:00,35.35,36.45,33.95,35.9,3273140
2026-02-16 15:04:00,15:04:00,36.2,38.75,35.9,38.1,1692730
2026-02-16 15:05:00,15:05:00,37.4,38.1,35.25,35.55,2336230
2026-02-16 15:06:00,15:06:00,36.1,38.75,35.55,38.75,1297335
2026-02-16 15:07:00,15:07:00,37.6,38.9,37.2,37.4,1896440
2026-02-16 15:08:00,15:08:00,37.25,37.95,35.85,37.45,1258205
2026-02-16 15:09:00,15:09:00,37.3,38.05,36.9,37.45,779025
2026-02-16 15:10:00,15:10:00,37.0,41.15,37.0,40.35,2574065
2026-02-16 15:11:00,15:11:00,39.6,40.35,37.45,37.75,1762475
2026-02-16 15:12:00,15:12:00,37.3,38.0,36.8,37.25,1004445
2026-02-16 15:13:00,15:13:00,37.15,37.25,35.7,36.1,1256385
2026-02-16 15:14:00,15:14:00,35.85,37.0,34.9,36.7,1562145
2026-02-16 15:15:00,15:15:00,36.55,36.75,35.35,35.8,1058070
2026-02-16 15:16:00,15:16:00,36.25,37.75,35.05,36.8,1591070
2026-02-16 15:17:00,15:17:00,36.65,37.8,36.55,36.85,1093690
2026-02-16 15:18:00,15:18:00,36.95,37.0,36.0,36.95,836160
2026-02-16 15:19:00,15:19:00,37.0,37.35,36.55,36.55,766935
2026-02-16 15:20:00,15:20:00,36.2,36.65,35.35,36.55,1398995
2026-02-16 15:21:00,15:21:00,36.5,37.1,35.7,36.85,1383525
2026-02-16 15:22:00,15:22:00,36.5,37.1,36.15,36.5,975195
2026-02-16 15:23:00,15:23:00,36.45,37.55,35.85,37.35,1120015
2026-02-16 15:24:00,15:24:00,37.45,37.9,37.05,37.55,1242020
2026-02-16 15:25:00,15:25:00,37.6,37.6,36.35,36.7,1348035
2026-02-16 15:26:00,15:26:00,36.6,37.3,36.4,37.1,1053325
2026-02-16 15:27:00,15:27:00,37.1,37.1,35.45,36.6,1066650
2026-02-16 15:28:00,15:28:00,36.55,36.6,35.7,36.6,1312090
2026-02-16 15:29:00,15:29:00,36.55,38.0,36.25,37.55,2365285
2026-02-17 09:15:00,09:15:00,118.0,118.0,54.3,58.15,9224605
2026-02-17 09:16:00,09:16:00,56.2,58.15,47.4,51.25,10680410
2026-02-17 09:17:00,09:17:00,50.1,52.45,47.55,51.5,7156500
2026-02-17 09:18:00,09:18:00,50.95,55.4,50.1,52.15,5880550
2026-02-17 09:19:00,09:19:00,51.8,54.7,49.45,50.55,5786560
2026-02-17 09:20:00,09:20:00,48.8,50.55,40.5,40.5,10725390
2026-02-17 09:21:00,09:21:00,40.9,45.9,40.5,42.6,7217340
2026-02-17 09:22:00,09:22:00,41.95,51.45,41.95,47.2,9594715
2026-02-17 09:23:00,09:23:00,46.4,51.0,42.3,42.75,6499350
2026-02-17 09:24:00,09:24:00,42.3,43.95,37.9,38.25,8223215
2026-02-17 09:25:00,09:25:00,38.0,41.9,36.35,40.0,8237970
2026-02-17 09:26:00,09:26:00,40.75,45.25,39.6,41.2,6861660
2026-02-17 09:27:00,09:27:00,40.3,43.0,39.25,39.35,3648385
2026-02-17 09:28:00,09:28:00,39.1,44.6,39.1,43.8,4048720
2026-02-17 09:29:00,09:29:00,43.85,44.75,41.85,42.9,3607435
2026-02-17 09:30:00,09:30:00,42.4,42.9,38.35,41.65,5193565
2026-02-17 09:31:00,09:31:00,42.35,42.45,38.5,40.0,4425785
2026-02-17 09:32:00,09:32:00,39.7,48.45,37.6,48.45,8302905
2026-02-17 09:33:00,09:33:00,47.7,54.0,45.15,51.45,15015325
2026-02-17 09:34:00,09:34:00,51.25,52.55,46.75,50.35,8184280
2026-02-17 09:35:00,09:35:00,50.55,50.85,46.65,47.3,4984135
2026-02-17 09:36:00,09:36:00,47.0,47.3,37.9,37.9,8978320
2026-02-17 09:37:00,09:37:00,37.35,44.2,36.75,41.75,7481305
2026-02-17 09:38:00,09:38:00,41.85,50.0,41.75,49.9,6454500
2026-02-17 09:39:00,09:39:00,50.35,53.9,49.6,52.25,9861605
2026-02-17 09:40:00,09:40:00,52.3,52.3,46.5,49.15,5593380
2026-02-17 09:41:00,09:41:00,49.8,52.6,47.1,50.85,4104685
2026-02-17 09:42:00,09:42:00,51.05,60.1,49.95,55.8,10967255
2026-02-17 09:43:00,09:43:00,32.9,39.15,32.8,38.4,10196355
2026-02-17 09:44:00,09:44:00,38.2,52.6,37.3,50.4,13515645
2026-02-17 09:45:00,09:45:00,50.6,52.2,45.7,51.8,11247795
2026-02-17 09:46:00,09:46:00,51.05,51.8,45.9,48.6,5694260
2026-02-17 09:47:00,09:47:00,48.75,49.4,42.05,43.1,6298175
2026-02-17 09:48:00,09:48:00,43.45,47.6,41.5,43.55,3934515
2026-02-17 09:49:00,09:49:00,44.1,48.75,42.8,47.4,4434430
2026-02-17 09:50:00,09:50:00,47.1,48.95,41.4,46.0,6164730
2026-02-17 09:51:00,09:51:00,45.8,50.1,45.0,50.1,5329350
2026-02-17 09:52:00,09:52:00,49.8,56.35,48.5,52.35,9039810
2026-02-17 09:53:00,09:53:00,53.0,57.7,52.25,55.05,6310655
2026-02-17 09:54:00,09:54:00,53.75,56.05,50.05,54.1,5143385
2026-02-17 09:55:00,09:55:00,54.2,54.7,50.3,50.8,4137770
2026-02-17 09:56:00,09:56:00,50.7,52.0,48.3,50.1,3412370
2026-02-17 09:57:00,09:57:00,49.5,62.3,48.35,60.75,8559135
2026-02-17 09:58:00,09:58:00,60.35,66.9,55.85,63.0,9112220
2026-02-17 09:59:00,09:59:00,63.25,63.25,55.5,57.35,5581940
2026-02-17 10:00:00,10:00:00,56.85,57.35,51.55,55.2,4334005
2026-02-17 10:01:00,10:01:00,55.3,60.7,55.2,58.1,4456725
2026-02-17 10:02:00,10:02:00,57.85,58.1,49.55,52.7,4595825
2026-02-17 10:03:00,10:03:00,53.4,55.1,51.0,52.6,2875210
2026-02-17 10:04:00,10:04:00,52.95,55.25,50.0,54.5,2359175
2026-02-17 10:05:00,10:05:00,54.2,54.6,51.5,52.85,2101905
2026-02-17 10:06:00,10:06:00,52.6,57.5,50.45,55.3,3403595
2026-02-17 10:07:00,10:07:00,55.5,57.65,53.25,54.9,2821780
2026-02-17 10:08:00,10:08:00,55.1,57.0,51.2,57.0,2618005
2026-02-17 10:09:00,10:09:00,57.2,61.15,54.35,55.15,4509310
2026-02-17 10:10:00,10:10:00,54.3,56.3,53.2,54.3,2021175
2026-02-17 10:11:00,10:11:00,54.2,55.1,51.4,54.55,2130960
2026-02-17 10:12:00,10:12:00,55.5,59.9,54.55,58.55,3631745
2026-02-17 10:13:00,10:13:00,35.65,38.5,35.2,37.4,7245810
2026-02-17 10:14:00,10:14:00,37.4,38.6,35.55,37.4,5164380
2026-02-17 10:15:00,10:15:00,61.8,62.6,54.25,54.25,4256590
2026-02-17 10:16:00,10:16:00,54.65,59.5,52.75,57.2,3508700
2026-02-17 10:17:00,10:17:00,57.3,59.5,56.2,57.2,1913405
2026-02-17 10:18:00,10:18:00,33.95,38.55,33.7,37.35,5194865
2026-02-17 10:19:00,10:19:00,37.6,48.9,37.35,45.4,15935660
2026-02-17 10:20:00,10:20:00,45.7,48.35,44.2,48.25,8643765
2026-02-17 10:21:00,10:21:00,47.85,48.25,42.2,42.6,7004010
2026-02-17 10:22:00,10:22:00,42.4,45.9,41.6,44.25,5340075
2026-02-17 10:23:00,10:23:00,44.25,46.7,42.9,45.2,5738330
2026-02-17 10:24:00,10:24:00,45.2,45.2,42.2,44.7,3209895
2026-02-17 10:25:00,10:25:00,44.3,46.0,43.05,43.2,3209050
2026-02-17 10:26:00,10:26:00,43.1,59.8,43.1,58.8,13562900
2026-02-17 10:27:00,10:27:00,58.25,69.4,55.85,64.25,15548455
2026-02-17 10:28:00,10:28:00,40.65,43.45,36.55,43.45,6668025
2026-02-17 10:29:00,10:29:00,69.55,70.8,62.25,66.65,8215090
2026-02-17 10:30:00,10:30:00,41.4,43.45,38.55,42.35,7020065
2026-02-17 10:31:00,10:31:00,42.0,43.65,40.15,40.8,4987840
2026-02-17 10:32:00,10:32:00,65.9,69.75,65.1,65.6,4280250
2026-02-17 10:33:00,10:33:00,66.25,66.25,59.15,59.95,5863650
2026-02-17 10:34:00,10:34:00,60.15,60.15,53.1,54.0,6816160
2026-02-17 10:35:00,10:35:00,53.7,56.5,49.55,51.75,6908655
2026-02-17 10:36:00,10:36:00,52.5,55.5,51.75,52.9,3205085
2026-02-17 10:37:00,10:37:00,53.6,55.0,49.0,49.9,4439890
2026-02-17 10:38:00,10:38:00,49.85,49.9,44.8,47.35,6923800
2026-02-17 10:39:00,10:39:00,47.55,48.6,44.65,45.2,4014010
2026-02-17 10:40:00,10:40:00,45.0,48.7,43.7,46.75,4807075
2026-02-17 10:41:00,10:41:00,46.6,47.45,42.4,42.7,4569630
2026-02-17 10:42:00,10:42:00,43.1,44.6,39.85,41.2,5996510
2026-02-17 10:43:00,10:43:00,69.05,69.75,54.7,55.05,4927520
2026-02-17 10:44:00,10:44:00,53.9,55.05,48.95,50.65,6860880
2026-02-17 10:45:00,10:45:00,50.7,54.0,47.15,52.65,5851495
2026-02-17 10:46:00,10:46:00,53.35,53.5,45.95,46.25,4321200
2026-02-17 10:47:00,10:47:00,46.2,47.5,40.7,45.2,6510660
2026-02-17 10:48:00,10:48:00,45.35,48.0,41.95,47.15,4697745
2026-02-17 10:49:00,10:49:00,47.5,51.4,46.1,46.85,5089565
2026-02-17 10:50:00,10:50:00,47.2,48.3,43.85,47.7,3269500
2026-02-17 10:51:00,10:51:00,47.9,47.9,45.4,47.2,1871155
2026-02-17 10:52:00,10:52:00,47.4,47.4,44.7,46.8,2052180
2026-02-17 10:53:00,10:53:00,47.2,47.2,42.3,42.35,3124160
2026-02-17 10:54:00,10:54:00,42.55,45.6,42.05,45.15,2246010
2026-02-17 10:55:00,10:55:00,45.45,50.25,45.15,47.25,4748835
2026-02-17 10:56:00,10:56:00,47.5,50.35,45.4,46.1,3482375
2026-02-17 10:57:00,10:57:00,45.65,46.9,43.8,45.35,2580435
2026-02-17 10:58:00,10:58:00,45.3,49.5,45.2,47.35,2274285
2026-02-17 10:59:00,10:59:00,47.25,51.35,47.25,50.55,3630640
2026-02-17 11:00:00,11:00:00,50.25,50.75,45.05,47.55,3549650
2026-02-17 11:01:00,11:01:00,47.95,52.75,47.55,50.45,4715360
2026-02-17 11:02:00,11:02:00,50.15,50.45,43.05,48.4,4650880
2026-02-17 11:03:00,11:03:00,48.35,49.6,44.3,45.95,2490150
2026-02-17 11:04:00,11:04:00,45.75,49.6,45.75,49.4,1878305
2026-02-17 11:05:00,11:05:00,49.05,49.9,45.6,46.3,1851330
2026-02-17 11:06:00,11:06:00,46.35,46.6,40.35,43.6,4402645
2026-02-17 11:07:00,11:07:00,43.75,46.95,43.0,46.95,2699385
2026-02-17 11:08:00,11:08:00,46.75,52.3,46.65,52.2,4690335
2026-02-17 11:09:00,11:09:00,52.5,53.05,48.35,50.3,4167930
2026-02-17 11:10:00,11:10:00,50.6,50.6,45.5,47.4,2944890
2026-02-17 11:11:00,11:11:00,47.0,51.1,45.65,50.45,2455830
2026-02-17 11:12:00,11:12:00,50.8,53.75,49.95,51.4,3728920
2026-02-17 11:13:00,11:13:00,51.85,52.25,49.75,51.55,1904175
2026-02-17 11:14:00,11:14:00,51.65,53.25,49.7,53.25,1628380
2026-02-17 11:15:00,11:15:00,29.45,29.45,26.6,28.9,3491020
2026-02-17 11:16:00,11:16:00,28.9,32.5,28.75,30.15,9760530
2026-02-17 11:17:00,11:17:00,30.35,35.65,30.15,35.25,9688965
2026-02-17 11:18:00,11:18:00,35.15,39.45,34.5,35.1,11252410
2026-02-17 11:19:00,11:19:00,35.1,35.1,32.1,34.55,7128095
2026-02-17 11:20:00,11:20:00,34.5,38.1,34.5,37.65,7258225
2026-02-17 11:21:00,11:21:00,37.75,37.85,32.75,32.95,6254820
2026-02-17 11:22:00,11:22:00,32.45,36.2,32.25,34.5,4544215
2026-02-17 11:23:00,11:23:00,36.05,36.5,34.3,34.75,3821025
2026-02-17 11:24:00,11:24:00,34.8,36.1,34.7,35.95,3036410
2026-02-17 11:25:00,11:25:00,35.8,35.95,33.1,33.7,3363815
2026-02-17 11:26:00,11:26:00,34.0,35.25,33.0,35.1,2717325
2026-02-17 11:27:00,11:27:00,35.2,36.45,33.2,35.4,4540965
2026-02-17 11:28:00,11:28:00,35.15,37.0,34.2,34.95,3741205
2026-02-17 11:29:00,11:29:00,35.0,36.35,33.8,35.2,2987725
2026-02-17 11:30:00,11:30:00,35.3,38.1,33.4,35.25,4238910
2026-02-17 11:31:00,11:31:00,34.65,36.1,33.7,33.8,3353155
2026-02-17 11:32:00,11:32:00,33.45,45.0,33.45,45.0,6525415
2026-02-17 11:33:00,11:33:00,43.9,57.05,42.35,54.35,22498190
2026-02-17 11:34:00,11:34:00,53.95,55.35,51.3,53.95,8620365
2026-02-17 11:35:00,11:35:00,54.3,60.0,53.1,58.3,9734010
2026-02-17 11:36:00,11:36:00,34.05,38.25,30.9,36.05,10385635
2026-02-17 11:37:00,11:37:00,35.75,39.3,34.85,39.3,8694075
2026-02-17 11:38:00,11:38:00,39.1,45.8,35.1,38.05,15911025
2026-02-17 11:39:00,11:39:00,37.7,38.7,34.15,35.1,6502470
2026-02-17 11:40:00,11:40:00,35.15,36.05,31.9,33.75,6011330
2026-02-17 11:41:00,11:41:00,60.85,62.1,58.0,58.75,3885440
2026-02-17 11:42:00,11:42:00,58.1,58.75,46.9,47.15,8657220
2026-02-17 11:43:00,11:43:00,47.85,52.9,47.15,51.0,4971135
2026-02-17 11:44:00,11:44:00,52.0,52.0,48.9,51.2,3683550
2026-02-17 11:45:00,11:45:00,27.0,31.5,26.65,31.5,6894225
2026-02-17 11:46:00,11:46:00,31.25,34.3,30.5,33.3,7628855
2026-02-17 11:47:00,11:47:00,33.45,33.85,30.15,31.5,5586360
2026-02-17 11:48:00,11:48:00,31.75,34.0,31.3,31.6,4935905
2026-02-17 11:49:00,11:49:00,31.3,33.3,30.85,32.5,3150290
2026-02-17 11:50:00,11:50:00,32.55,33.35,30.95,32.45,3130010
2026-02-17 11:51:00,11:51:00,33.0,33.15,31.5,31.65,2363725
2026-02-17 11:52:00,11:52:00,31.55,38.15,31.55,34.9,8146580
2026-02-17 11:53:00,11:53:00,34.4,37.4,33.65,36.75,4046380
2026-02-17 11:54:00,11:54:00,36.7,37.45,35.7,37.3,3570580
2026-02-17 11:55:00,11:55:00,37.25,37.3,34.05,34.85,3860155
2026-02-17 11:56:00,11:56:00,34.95,35.65,33.95,34.05,2418975
2026-02-17 11:57:00,11:57:00,34.25,35.7,31.25,31.25,3757195
2026-02-17 11:58:00,11:58:00,31.4,33.3,29.5,31.75,5243420
2026-02-17 11:59:00,11:59:00,31.85,33.45,30.8,32.25,2388750
2026-02-17 12:00:00,12:00:00,32.4,33.55,31.0,31.8,2961400
2026-02-17 12:01:00,12:01:00,31.8,34.05,31.1,33.6,2275845
2026-02-17 12:02:00,12:02:00,33.7,35.55,32.6,33.15,3812705
2026-02-17 12:03:00,12:03:00,33.3,33.85,31.4,31.4,1974245
2026-02-17 12:04:00,12:04:00,59.55,59.8,53.3,54.9,4336930
2026-02-17 12:05:00,12:05:00,28.0,31.35,27.25,29.2,4193215
2026-02-17 12:06:00,12:06:00,29.2,31.2,27.35,30.95,3306875
2026-02-17 12:07:00,12:07:00,31.2,33.3,29.1,32.3,4052295
2026-02-17 12:08:00,12:08:00,32.45,32.45,28.55,28.75,3146975
2026-02-17 12:09:00,12:09:00,28.5,29.4,27.55,28.4,2919670
2026-02-17 12:10:00,12:10:00,28.4,30.95,28.4,29.8,2565160
2026-02-17 12:11:00,12:11:00,56.6,56.8,50.55,50.55,2531555
2026-02-17 12:12:00,12:12:00,25.65,28.35,25.6,28.1,3765580
2026-02-17 12:13:00,12:13:00,28.4,29.25,27.05,28.95,2619435
2026-02-17 12:14:00,12:14:00,56.2,57.05,52.2,52.95,1749930
2026-02-17 12:15:00,12:15:00,27.45,28.95,26.7,28.4,3300440
2026-02-17 12:16:00,12:16:00,28.6,31.0,28.4,30.05,4766905
2026-02-17 12:17:00,12:17:00,30.45,33.3,30.05,32.9,5990075
2026-02-17 12:18:00,12:18:00,33.35,36.45,32.9,35.6,8011770
2026-02-17 12:19:00,12:19:00,36.75,39.65,34.8,35.9,9016930
2026-02-17 12:20:00,12:20:00,36.05,38.35,35.4,36.15,6250595
2026-02-17 12:21:00,12:21:00,36.15,36.15,32.45,34.7,5502770
2026-02-17 12:22:00,12:22:00,34.45,34.7,32.1,32.8,3168360
2026-02-17 12:23:00,12:23:00,33.35,41.75,32.8,38.05,9881950
2026-02-17 12:24:00,12:24:00,38.7,42.65,36.75,39.8,7924475
2026-02-17 12:25:00,12:25:00,39.7,41.0,38.6,40.15,4338230
2026-02-17 12:26:00,12:26:00,40.05,41.8,33.75,33.75,8445580
2026-02-17 12:27:00,12:27:00,33.65,35.1,30.0,30.05,6808360
2026-02-17 12:28:00,12:28:00,29.45,31.05,27.9,28.55,6679465
2026-02-17 12:29:00,12:29:00,28.5,28.55,25.45,27.45,6714305
2026-02-17 12:30:00,12:30:00,28.15,29.95,25.7,26.55,5851820
2026-02-17 12:31:00,12:31:00,26.6,27.45,25.2,27.45,4127565
2026-02-17 12:32:00,12:32:00,27.25,30.1,26.95,27.9,5830955
2026-02-17 12:33:00,12:33:00,28.0,29.25,27.15,27.85,2967445
2026-02-17 12:34:00,12:34:00,27.6,28.45,26.4,27.85,2597790
2026-02-17 12:35:00,12:35:00,27.6,28.0,26.3,27.7,2428335
2026-02-17 12:36:00,12:36:00,27.85,28.65,26.45,26.55,2701270
2026-02-17 12:37:00,12:37:00,26.65,27.05,25.7,25.95,3438435
2026-02-17 12:38:00,12:38:00,25.9,26.9,23.3,25.0,6354595
2026-02-17 12:39:00,12:39:00,24.8,27.4,24.6,26.95,4025320
2026-02-17 12:40:00,12:40:00,27.0,29.05,26.1,28.3,4428710
2026-02-17 12:41:00,12:41:00,27.95,28.3,23.1,25.15,5808075
2026-02-17 12:42:00,12:42:00,25.15,26.75,24.6,25.9,3143855
2026-02-17 12:43:00,12:43:00,25.7,28.4,25.55,26.8,3899675
2026-02-17 12:44:00,12:44:00,26.9,28.2,25.95,28.05,2938455
2026-02-17 12:45:00,12:45:00,27.95,30.3,27.35,29.2,6248645
2026-02-17 12:46:00,12:46:00,29.1,29.7,28.05,29.55,3136445
2026-02-17 12:47:00,12:47:00,29.65,31.15,26.65,27.3,6170190
2026-02-17 12:48:00,12:48:00,27.45,29.5,26.7,28.85,2829255
2026-02-17 12:49:00,12:49:00,28.8,29.6,27.9,29.35,2101775
2026-02-17 12:50:00,12:50:00,29.4,29.7,27.5,28.65,2768740
2026-02-17 12:51:00,12:51:00,28.7,29.45,28.05,29.45,2363140
2026-02-17 12:52:00,12:52:00,29.6,36.55,29.45,36.0,10707840
2026-02-17 12:53:00,12:53:00,35.45,40.9,35.15,38.6,12995905
2026-02-17 12:54:00,12:54:00,38.35,39.0,35.35,35.8,6504550
2026-02-17 12:55:00,12:55:00,36.15,38.1,34.3,34.75,5037890
2026-02-17 12:56:00,12:56:00,34.65,35.05,27.55,27.75,8425755
2026-02-17 12:57:00,12:57:00,27.8,27.8,23.95,24.75,9838465
2026-02-17 12:58:00,12:58:00,24.5,25.4,22.75,24.25,6499220
2026-02-17 12:59:00,12:59:00,24.5,25.9,22.55,22.9,5455580
2026-02-17 13:00:00,13:00:00,22.85,25.2,22.7,23.05,4262505
2026-02-17 13:01:00,13:01:00,23.1,24.4,22.2,24.4,6424015
2026-02-17 13:02:00,13:02:00,24.35,26.55,24.05,24.65,6002100
2026-02-17 13:03:00,13:03:00,24.75,24.75,23.3,23.75,3311620
2026-02-17 13:04:00,13:04:00,52.1,52.2,41.5,41.5,7405840
2026-02-17 13:05:00,13:05:00,42.0,44.3,39.8,43.35,6775665
2026-02-17 13:06:00,13:06:00,18.9,23.15,18.85,23.15,9542130
2026-02-17 13:07:00,13:07:00,23.8,27.65,23.15,25.5,14468805
2026-02-17 13:08:00,13:08:00,25.1,30.25,25.1,29.2,11919895
2026-02-17 13:09:00,13:09:00,29.8,36.65,29.3,35.9,14417325
2026-02-17 13:10:00,13:10:00,35.95,37.3,30.1,33.35,11205285
2026-02-17 13:11:00,13:11:00,33.7,33.8,28.1,28.15,8212945
2026-02-17 13:12:00,13:12:00,27.2,31.4,27.2,27.75,6112990
2026-02-17 13:13:00,13:13:00,27.3,27.75,22.15,23.25,11588395
2026-02-17 13:14:00,13:14:00,22.85,24.35,21.0,24.1,7962305
2026-02-17 13:15:00,13:15:00,23.4,24.1,21.0,22.8,5985265
2026-02-17 13:16:00,13:16:00,22.65,24.15,22.05,23.6,4912765
2026-02-17 13:17:00,13:17:00,23.65,24.8,22.95,23.95,4794985
2026-02-17 13:18:00,13:18:00,23.5,23.95,22.7,23.15,3585140
2026-02-17 13:19:00,13:19:00,23.05,26.05,23.05,24.15,7040800
2026-02-17 13:20:00,13:20:00,24.1,26.65,23.9,25.0,5592730
2026-02-17 13:21:00,13:21:00,25.05,25.05,23.7,24.1,4522050
2026-02-17 13:22:00,13:22:00,24.1,25.85,22.5,25.5,6228040
2026-02-17 13:23:00,13:23:00,25.5,26.2,22.25,22.3,5824845
2026-02-17 13:24:00,13:24:00,22.1,24.35,20.8,22.95,6855225
2026-02-17 13:25:00,13:25:00,22.85,24.0,21.45,22.65,4014205
2026-02-17 13:26:00,13:26:00,22.9,24.75,21.6,22.05,3869905
2026-02-17 13:27:00,13:27:00,22.1,23.0,21.25,22.65,2724865
2026-02-17 13:28:00,13:28:00,22.7,24.0,22.6,23.1,3064035
2026-02-17 13:29:00,13:29:00,23.25,24.4,22.35,23.65,3791775
2026-02-17 13:30:00,13:30:00,23.75,28.5,23.45,28.5,8717735
2026-02-17 13:31:00,13:31:00,28.25,30.6,27.55,30.55,9694490
2026-02-17 13:32:00,13:32:00,30.3,33.0,27.6,32.8,11882780
2026-02-17 13:33:00,13:33:00,33.5,34.85,31.85,33.65,10469875
2026-02-17 13:34:00,13:34:00,33.6,34.1,28.9,31.1,7849335
2026-02-17 13:35:00,13:35:00,31.05,31.9,27.05,31.7,6684535
2026-02-17 13:36:00,13:36:00,32.25,34.1,29.75,33.65,7567625
2026-02-17 13:37:00,13:37:00,33.05,33.65,30.75,31.1,5510895
2026-02-17 13:38:00,13:38:00,30.65,31.5,24.1,25.05,10257455
2026-02-17 13:39:00,13:39:00,25.3,27.6,24.15,24.5,6797310
2026-02-17 13:40:00,13:40:00,24.7,28.45,24.5,26.2,4846725
2026-02-17 13:41:00,13:41:00,26.2,30.05,25.95,27.55,6391905
2026-02-17 13:42:00,13:42:00,27.85,32.25,27.55,31.15,6135545
2026-02-17 13:43:00,13:43:00,31.3,32.2,29.8,31.1,4344470
2026-02-17 13:44:00,13:44:00,31.3,31.7,27.65,28.35,4472975
2026-02-17 13:45:00,13:45:00,28.7,30.2,27.6,27.65,3718845
2026-02-17 13:46:00,13:46:00,27.05,30.2,26.7,27.4,4960605
2026-02-17 13:47:00,13:47:00,27.35,27.6,21.1,21.5,9384700
2026-02-17 13:48:00,13:48:00,22.35,24.65,21.5,22.7,6986525
2026-02-17 13:49:00,13:49:00,22.6,25.05,21.25,21.3,6463145
2026-02-17 13:50:00,13:50:00,21.5,21.5,18.8,19.05,9484475
2026-02-17 13:51:00,13:51:00,19.65,19.65,17.75,19.25,7793110
2026-02-17 13:52:00,13:52:00,19.35,22.55,18.5,18.85,10737285
2026-02-17 13:53:00,13:53:00,19.05,21.85,18.8,20.3,5815095
2026-02-17 13:54:00,13:54:00,20.0,20.3,16.05,16.65,8232705
2026-02-17 13:55:00,13:55:00,40.75,43.2,37.4,37.9,7757620
2026-02-17 13:56:00,13:56:00,38.5,38.5,34.65,34.75,6915285
2026-02-17 13:57:00,13:57:00,34.2,34.75,28.6,28.95,11883690
2026-02-17 13:58:00,13:58:00,28.2,31.9,28.15,30.65,7139145
2026-02-17 13:59:00,13:59:00,30.95,32.6,29.75,30.25,6055855
2026-02-17 14:00:00,14:00:00,29.65,36.7,28.55,36.7,8397805
2026-02-17 14:01:00,14:01:00,37.8,47.65,34.7,45.15,18625490
2026-02-17 14:02:00,14:02:00,44.0,45.15,35.85,40.8,9424545
2026-02-17 14:03:00,14:03:00,14.75,17.4,14.15,14.5,13799370
2026-02-17 14:04:00,14:04:00,14.35,16.4,14.35,15.0,9315085
2026-02-17 14:05:00,14:05:00,15.2,16.55,13.95,14.05,11372075
2026-02-17 14:06:00,14:06:00,14.15,14.15,11.65,13.25,13394940
2026-02-17 14:07:00,14:07:00,13.45,13.6,12.55,13.35,6627725
2026-02-17 14:08:00,14:08:00,13.3,15.55,12.05,12.15,11043435
2026-02-17 14:09:00,14:09:00,37.6,38.65,28.0,28.0,8578505
2026-02-17 14:10:00,14:10:00,28.95,29.85,26.4,27.85,9887670
2026-02-17 14:11:00,14:11:00,27.2,30.7,26.55,27.95,6397365
2026-02-17 14:12:00,14:12:00,28.65,29.1,20.35,21.85,15291965
2026-02-17 14:13:00,14:13:00,53.9,54.3,38.0,42.3,7753980
2026-02-17 14:14:00,14:14:00,41.35,45.3,38.6,39.7,6650670
2026-02-17 14:15:00,14:15:00,39.05,42.9,37.1,42.15,6903455
2026-02-17 14:16:00,14:16:00,15.6,24.0,15.1,24.0,30709055
2026-02-17 14:17:00,14:17:00,24.6,24.8,18.65,18.8,18781685
2026-02-17 14:18:00,14:18:00,20.05,21.55,18.8,21.35,9482330
2026-02-17 14:19:00,14:19:00,21.45,23.6,19.35,20.15,13072280
2026-02-17 14:20:00,14:20:00,20.1,21.65,19.75,21.4,6788730
2026-02-17 14:21:00,14:21:00,22.05,25.65,20.75,24.8,14157975
2026-02-17 14:22:00,14:22:00,24.3,24.8,20.2,21.7,10572315
2026-02-17 14:23:00,14:23:00,21.95,22.1,16.45,21.0,12937275
2026-02-17 14:24:00,14:24:00,19.95,21.0,18.6,20.15,7060105
2026-02-17 14:25:00,14:25:00,20.15,20.55,18.7,19.0,6026020
2026-02-17 14:26:00,14:26:00,19.1,21.05,17.65,20.8,8608080
2026-02-17 14:27:00,14:27:00,21.3,25.25,18.65,19.05,15876640
2026-02-17 14:28:00,14:28:00,19.35,19.85,14.35,14.45,17013750
2026-02-17 14:29:00,14:29:00,14.25,16.7,13.4,13.4,12957165
2026-02-17 14:30:00,14:30:00,13.75,15.0,12.3,13.25,13766805
2026-02-17 14:31:00,14:31:00,13.4,14.4,10.1,10.1,15123160
2026-02-17 14:32:00,14:32:00,10.25,14.6,10.1,12.85,18761535
2026-02-17 14:33:00,14:33:00,12.75,17.15,12.25,16.9,18640830
2026-02-17 14:34:00,14:34:00,16.95,18.65,13.6,18.25,19352515
2026-02-17 14:35:00,14:35:00,18.25,18.25,15.9,17.35,12238850
2026-02-17 14:36:00,14:36:00,17.3,23.75,16.45,23.45,19003270
2026-02-17 14:37:00,14:37:00,23.85,29.7,23.45,27.0,29909815
2026-02-17 14:38:00,14:38:00,27.35,33.1,25.95,33.1,18762705
2026-02-17 14:39:00,14:39:00,34.5,42.7,33.1,37.7,28164630
2026-02-17 14:40:00,14:40:00,9.0,11.75,7.8,8.35,32902155
2026-02-17 14:41:00,14:41:00,34.9,35.45,25.75,34.0,17895540
2026-02-17 14:42:00,14:42:00,8.25,9.55,7.85,8.95,19404060
2026-02-17 14:43:00,14:43:00,9.1,11.65,7.5,7.65,26851500
2026-02-17 14:44:00,14:44:00,32.7,32.7,26.05,26.35,11937965
2026-02-17 14:45:00,14:45:00,29.2,31.15,23.65,26.85,13221325
2026-02-17 14:46:00,14:46:00,27.0,27.8,23.65,26.65,8986705
2026-02-17 14:47:00,14:47:00,26.75,27.1,23.0,26.2,9253465
2026-02-17 14:48:00,14:48:00,26.9,26.9,18.5,19.85,16582995
2026-02-17 14:49:00,14:49:00,19.95,25.6,18.25,22.8,12428650
2026-02-17 14:50:00,14:50:00,23.1,23.85,18.7,21.85,11284845
2026-02-17 14:51:00,14:51:00,21.5,25.25,20.1,25.25,9421100
2026-02-17 14:52:00,14:52:00,25.75,29.65,24.1,26.6,16411785
2026-02-17 14:53:00,14:53:00,26.3,26.6,19.25,24.85,14037270
2026-02-17 14:54:00,14:54:00,25.2,29.9,23.85,28.6,12175670
2026-02-17 14:55:00,14:55:00,28.8,30.3,21.0,21.0,15625935
2026-02-17 14:56:00,14:56:00,20.35,21.0,10.65,14.55,38623910
2026-02-17 14:57:00,14:57:00,14.4,15.1,10.25,10.7,26871130
2026-02-17 14:58:00,14:58:00,11.2,21.8,10.7,21.1,30032535
2026-02-17 14:59:00,14:59:00,20.4,24.1,16.7,20.8,24908520
2026-02-17 15:00:00,15:00:00,2.05,4.75,1.9,2.75,67349685
2026-02-17 15:01:00,15:01:00,2.4,5.3,1.55,3.25,73170630
2026-02-17 15:02:00,15:02:00,38.9,41.35,25.3,27.9,19651060
2026-02-17 15:03:00,15:03:00,29.35,32.8,27.1,29.55,15163200
2026-02-17 15:04:00,15:04:00,30.0,30.0,20.95,22.85,19702150
2026-02-17 15:05:00,15:05:00,23.8,27.2,18.95,26.75,21690435
2026-02-17 15:06:00,15:06:00,0.55,1.0,0.55,0.9,43750850
2026-02-17 15:07:00,15:07:00,0.95,0.95,0.5,0.5,35742265
2026-02-17 15:08:00,15:08:00,0.5,0.85,0.3,0.3,39137150
2026-02-17 15:09:00,15:09:00,0.3,0.6,0.25,0.6,22644505
2026-02-17 15:10:00,15:10:00,31.0,31.0,23.6,23.6,12576460
2026-02-17 15:11:00,15:11:00,24.3,28.7,23.6,27.75,9854975
2026-02-17 15:12:00,15:12:00,27.2,29.45,27.0,28.2,6620120
2026-02-17 15:13:00,15:13:00,0.15,0.2,0.15,0.15,4301440
2026-02-17 15:14:00,15:14:00,27.9,27.9,25.3,27.3,6142175
2026-02-17 15:15:00,15:15:00,26.6,27.7,25.55,25.85,5889455
2026-02-17 15:16:00,15:16:00,0.15,0.15,0.1,0.1,4824170
2026-02-17 15:17:00,15:17:00,0.15,0.15,0.1,0.1,4658810
2026-02-17 15:18:00,15:18:00,27.15,27.15,22.45,22.8,9829235
2026-02-17 15:19:00,15:19:00,22.6,25.2,22.5,24.95,7720700
2026-02-17 15:20:00,15:20:00,0.1,0.1,0.05,0.05,4793945
2026-02-17 15:21:00,15:21:00,0.05,0.1,0.05,0.05,3334890
2026-02-17 15:22:00,15:22:00,0.1,0.1,0.05,0.05,3316105
2026-02-17 15:23:00,15:23:00,0.05,0.1,0.05,0.05,3374930
2026-02-17 15:24:00,15:24:00,26.15,26.35,25.6,25.95,2816710
2026-02-17 15:25:00,15:25:00,25.8,26.75,25.8,26.2,3068520
2026-02-17 15:26:00,15:26:00,26.1,26.2,25.35,25.8,3062865
2026-02-17 15:27:00,15:27:00,25.75,25.85,25.55,25.65,2290405
2026-02-17 15:28:00,15:28:00,25.5,25.7,25.5,25.6,2016690
2026-02-17 15:29:00,15:29:00,25.65,25.65,25.3,25.3,3183245
2026-02-18 09:15:00,09:15:00,277.05,287.9,261.9,261.9,56550
2026-02-18 09:16:00,09:16:00,257.8,262.15,257.4,261.25,43550
2026-02-18 09:17:00,09:17:00,224.9,230.8,223.45,230.0,257660
2026-02-18 09:18:00,09:18:00,229.5,231.3,224.95,228.55,267280
2026-02-18 09:19:00,09:19:00,230.5,239.0,228.55,233.5,318825
2026-02-18 09:20:00,09:20:00,231.65,233.5,223.45,223.45,241020
2026-02-18 09:21:00,09:21:00,259.05,263.25,254.25,258.2,46085
2026-02-18 09:22:00,09:22:00,259.4,262.55,255.25,257.2,18590
2026-02-18 09:23:00,09:23:00,257.7,260.5,247.05,248.05,36205
2026-02-18 09:24:00,09:24:00,249.4,252.25,243.0,243.0,25545
2026-02-18 09:25:00,09:25:00,243.35,256.1,240.3,254.05,86970
2026-02-18 09:26:00,09:26:00,255.4,256.75,250.0,256.75,32175
2026-02-18 09:27:00,09:27:00,221.8,228.45,221.4,226.4,554840
2026-02-18 09:28:00,09:28:00,264.7,266.6,251.4,251.7,31655
2026-02-18 09:29:00,09:29:00,216.25,223.85,216.25,221.55,154115
2026-02-18 09:30:00,09:30:00,256.8,261.1,251.75,254.35,24700
2026-02-18 09:31:00,09:31:00,255.25,255.3,244.55,244.65,31850
2026-02-18 09:32:00,09:32:00,244.95,257.1,244.5,248.7,49075
2026-02-18 09:33:00,09:33:00,215.9,228.05,213.8,221.6,339950
2026-02-18 09:34:00,09:34:00,222.5,225.15,217.5,224.35,219180
2026-02-18 09:35:00,09:35:00,223.75,227.0,219.0,224.8,152360
2026-02-18 09:36:00,09:36:00,225.2,230.8,221.55,229.1,204035
2026-02-18 09:37:00,09:37:00,228.9,231.6,225.65,228.7,330785
2026-02-18 09:38:00,09:38:00,229.75,231.9,225.45,231.5,134875
2026-02-18 09:39:00,09:39:00,232.6,233.8,227.65,227.65,231530
2026-02-18 09:40:00,09:40:00,226.15,232.9,225.15,228.1,204750
2026-02-18 09:41:00,09:41:00,227.5,232.55,227.0,230.95,196755
2026-02-18 09:42:00,09:42:00,231.15,233.2,223.9,225.55,206440
2026-02-18 09:43:00,09:43:00,226.25,231.45,224.5,230.85,141570
2026-02-18 09:44:00,09:44:00,231.65,235.7,227.9,231.4,243295
2026-02-18 09:45:00,09:45:00,231.55,232.2,225.9,227.55,95615
2026-02-18 09:46:00,09:46:00,228.3,228.3,222.2,222.6,124280
2026-02-18 09:47:00,09:47:00,258.0,259.0,250.0,252.95,51935
2026-02-18 09:48:00,09:48:00,253.15,257.0,250.65,256.4,28470
2026-02-18 09:49:00,09:49:00,256.65,259.0,252.65,253.75,26130
2026-02-18 09:50:00,09:50:00,254.25,256.1,251.2,254.0,11765
2026-02-18 09:51:00,09:51:00,253.8,257.55,251.5,252.55,19175
2026-02-18 09:52:00,09:52:00,252.35,254.65,249.55,249.55,19240
2026-02-18 09:53:00,09:53:00,249.6,252.65,245.1,250.3,37375
2026-02-18 09:54:00,09:54:00,250.3,251.05,240.8,242.7,27625
2026-02-18 09:55:00,09:55:00,242.1,242.7,228.4,228.4,70005
2026-02-18 09:56:00,09:56:00,228.55,230.85,225.3,229.35,68055
2026-02-18 09:57:00,09:57:00,264.15,265.95,257.55,261.3,119925
2026-02-18 09:58:00,09:58:00,260.8,264.0,256.95,258.0,135395
2026-02-18 09:59:00,09:59:00,258.0,259.55,253.65,258.9,161005
2026-02-18 10:00:00,10:00:00,259.35,259.35,249.6,252.5,253305
2026-02-18 10:01:00,10:01:00,252.4,256.9,249.4,254.9,130065
2026-02-18 10:02:00,10:02:00,255.3,255.3,250.4,254.6,55510
2026-02-18 10:03:00,10:03:00,254.95,256.45,252.95,256.45,68380
2026-02-18 10:04:00,10:04:00,256.8,259.9,255.65,257.9,113880
2026-02-18 10:05:00,10:05:00,258.8,263.7,257.9,261.5,142870
2026-02-18 10:06:00,10:06:00,260.15,262.95,260.15,261.85,56550
2026-02-18 10:07:00,10:07:00,261.8,262.0,252.0,252.2,84760
2026-02-18 10:08:00,10:08:00,251.45,257.55,247.0,256.8,122525
2026-02-18 10:09:00,10:09:00,256.8,260.75,256.35,257.7,63375
2026-02-18 10:10:00,10:10:00,257.55,258.95,254.1,255.45,57330
2026-02-18 10:11:00,10:11:00,255.4,261.3,255.2,261.3,65715
2026-02-18 10:12:00,10:12:00,261.55,262.7,258.55,260.8,69030
2026-02-18 10:13:00,10:13:00,261.75,261.75,253.7,256.3,65260
2026-02-18 10:14:00,10:14:00,257.5,258.9,252.4,252.5,50310
2026-02-18 10:15:00,10:15:00,252.5,255.85,251.7,253.2,52390
2026-02-18 10:16:00,10:16:00,253.5,253.5,250.0,250.25,64610
2026-02-18 10:17:00,10:17:00,249.8,250.4,242.35,246.95,155935
2026-02-18 10:18:00,10:18:00,246.45,260.0,246.45,260.0,171210
2026-02-18 10:19:00,10:19:00,260.55,263.35,259.0,260.4,104195
2026-02-18 10:20:00,10:20:00,260.55,262.0,255.9,255.9,55835
2026-02-18 10:21:00,10:21:00,257.05,259.9,254.6,257.4,37635
2026-02-18 10:22:00,10:22:00,257.7,260.0,254.35,256.9,44070
2026-02-18 10:23:00,10:23:00,258.1,259.45,256.0,256.5,35165
2026-02-18 10:24:00,10:24:00,257.25,263.95,256.45,257.0,71890
2026-02-18 10:25:00,10:25:00,257.65,257.9,252.25,252.7,43810
2026-02-18 10:26:00,10:26:00,252.7,252.85,246.05,248.3,86190
2026-02-18 10:27:00,10:27:00,249.3,250.0,245.0,245.8,74815
2026-02-18 10:28:00,10:28:00,246.25,249.0,243.4,248.6,86320
2026-02-18 10:29:00,10:29:00,249.85,256.9,248.6,256.3,95030
2026-02-18 10:30:00,10:30:00,256.65,257.35,250.95,254.05,71825
2026-02-18 10:31:00,10:31:00,254.1,258.85,253.85,258.05,44980
2026-02-18 10:32:00,10:32:00,257.9,258.5,255.55,256.1,54535
2026-02-18 10:33:00,10:33:00,256.6,260.8,255.0,260.0,75205
2026-02-18 10:34:00,10:34:00,259.65,261.0,257.5,259.25,30615
2026-02-18 10:35:00,10:35:00,223.05,228.45,221.95,226.2,59345
2026-02-18 10:36:00,10:36:00,226.5,227.0,223.6,226.45,37375
2026-02-18 10:37:00,10:37:00,226.35,231.25,223.6,224.35,79235
2026-02-18 10:38:00,10:38:00,260.5,260.55,250.85,251.95,89440
2026-02-18 10:39:00,10:39:00,251.55,255.6,249.05,249.05,66820
2026-02-18 10:40:00,10:40:00,249.75,251.95,246.8,247.95,66170
2026-02-18 10:41:00,10:41:00,249.8,250.25,246.3,250.25,64415
2026-02-18 10:42:00,10:42:00,251.55,254.55,250.25,252.65,62530
2026-02-18 10:43:00,10:43:00,253.25,253.25,249.45,250.8,29120
2026-02-18 10:44:00,10:44:00,250.3,253.0,249.1,249.4,16510
2026-02-18 10:45:00,10:45:00,249.15,255.0,247.9,252.0,52000
2026-02-18 10:46:00,10:46:00,251.6,258.9,251.6,258.9,58435
2026-02-18 10:47:00,10:47:00,223.5,226.9,223.15,225.35,42575
2026-02-18 10:48:00,10:48:00,226.0,226.1,221.0,224.25,25740
2026-02-18 10:49:00,10:49:00,224.45,226.05,223.3,223.85,47515
2026-02-18 10:50:00,10:50:00,223.9,226.45,223.45,225.25,16640
2026-02-18 10:51:00,10:51:00,224.8,225.4,222.0,224.95,40885
2026-02-18 10:52:00,10:52:00,224.4,228.8,224.4,227.4,30680
2026-02-18 10:53:00,10:53:00,228.0,235.0,227.4,234.7,107770
2026-02-18 10:54:00,10:54:00,235.2,236.65,230.45,232.5,65455
2026-02-18 10:55:00,10:55:00,232.35,234.6,229.55,233.45,62725
2026-02-18 10:56:00,10:56:00,234.4,237.4,233.15,235.05,38285
2026-02-18 10:57:00,10:57:00,233.95,237.85,233.95,237.1,49075
2026-02-18 10:58:00,10:58:00,237.5,243.7,236.9,242.7,67795
2026-02-18 10:59:00,10:59:00,242.7,244.95,240.95,242.05,46475
2026-02-18 11:00:00,11:00:00,243.0,244.9,240.7,243.65,37180
2026-02-18 11:01:00,11:01:00,243.5,244.4,239.4,242.0,32695
2026-02-18 11:02:00,11:02:00,242.0,247.9,241.95,245.75,74620
2026-02-18 11:03:00,11:03:00,245.9,245.9,239.5,241.25,43940
2026-02-18 11:04:00,11:04:00,241.0,247.55,241.0,244.85,42380
2026-02-18 11:05:00,11:05:00,244.2,244.85,240.55,240.85,18590
2026-02-18 11:06:00,11:06:00,240.25,242.9,239.15,242.05,37960
2026-02-18 11:07:00,11:07:00,242.0,244.5,239.2,241.1,17290
2026-02-18 11:08:00,11:08:00,242.2,245.0,239.8,243.35,26585
2026-02-18 11:09:00,11:09:00,244.7,247.0,243.1,244.65,21580
2026-02-18 11:10:00,11:10:00,244.8,246.9,243.6,245.2,16900
2026-02-18 11:11:00,11:11:00,245.9,245.9,241.35,242.15,19240
2026-02-18 11:12:00,11:12:00,242.7,242.7,232.45,233.1,55900
2026-02-18 11:13:00,11:13:00,231.95,239.0,230.0,237.25,44005
2026-02-18 11:14:00,11:14:00,238.5,246.35,237.25,243.0,44590
2026-02-18 11:15:00,11:15:00,242.5,244.15,237.05,239.55,39455
2026-02-18 11:16:00,11:16:00,239.9,239.9,233.35,234.0,25610
2026-02-18 11:17:00,11:17:00,234.7,234.7,228.6,230.45,29575
2026-02-18 11:18:00,11:18:00,230.75,236.6,230.1,230.8,28665
2026-02-18 11:19:00,11:19:00,230.45,232.5,227.3,230.75,25155
2026-02-18 11:20:00,11:20:00,230.9,233.8,229.35,233.75,21385
2026-02-18 11:21:00,11:21:00,233.5,235.6,231.05,232.45,18785
2026-02-18 11:22:00,11:22:00,233.05,236.65,232.45,235.45,15210
2026-02-18 11:23:00,11:23:00,236.35,238.75,232.05,233.55,16705
2026-02-18 11:24:00,11:24:00,233.75,233.75,227.0,227.6,21970
2026-02-18 11:25:00,11:25:00,228.35,229.6,225.7,225.85,27495
2026-02-18 11:26:00,11:26:00,225.5,229.7,220.75,229.65,61750
2026-02-18 11:27:00,11:27:00,229.75,232.0,228.15,232.0,24765
2026-02-18 11:28:00,11:28:00,233.1,235.95,231.1,234.3,28600
2026-02-18 11:29:00,11:29:00,234.7,238.4,232.15,237.05,17290
2026-02-18 11:30:00,11:30:00,237.1,239.4,231.15,235.1,35555
2026-02-18 11:31:00,11:31:00,235.0,238.85,233.8,235.2,24505
2026-02-18 11:32:00,11:32:00,235.2,241.05,234.7,237.35,30680
2026-02-18 11:33:00,11:33:00,235.95,244.9,235.95,244.9,32500
2026-02-18 11:34:00,11:34:00,246.0,255.95,244.5,252.05,95680
2026-02-18 11:35:00,11:35:00,251.1,253.6,248.1,251.35,56290
2026-02-18 11:36:00,11:36:00,253.3,253.3,244.65,245.2,31655
2026-02-18 11:37:00,11:37:00,243.7,245.2,239.4,243.35,41990
2026-02-18 11:38:00,11:38:00,243.3,245.1,239.15,239.45,26910
2026-02-18 11:39:00,11:39:00,237.6,239.45,235.1,237.75,31005
2026-02-18 11:40:00,11:40:00,237.3,241.0,235.3,235.5,15860
2026-02-18 11:41:00,11:41:00,235.15,235.5,227.5,229.0,45890
2026-02-18 11:42:00,11:42:00,227.75,229.0,223.75,223.75,29835
2026-02-18 11:43:00,11:43:00,223.05,225.85,221.65,225.0,32890
2026-02-18 11:44:00,11:44:00,225.1,228.6,224.35,227.3,24050
2026-02-18 11:45:00,11:45:00,227.3,229.25,224.65,225.35,21385
2026-02-18 11:46:00,11:46:00,224.85,227.05,223.45,227.05,20605
2026-02-18 11:47:00,11:47:00,227.1,229.0,226.35,227.9,12480
2026-02-18 11:48:00,11:48:00,228.4,228.4,223.3,226.45,10920
2026-02-18 11:49:00,11:49:00,226.35,228.9,224.9,228.35,14170
2026-02-18 11:50:00,11:50:00,229.35,231.9,228.35,230.5,27755
2026-02-18 11:51:00,11:51:00,230.4,230.55,227.05,228.0,20540
2026-02-18 11:52:00,11:52:00,227.55,228.9,224.8,225.55,16380
2026-02-18 11:53:00,11:53:00,226.15,228.9,225.35,227.15,5135
2026-02-18 11:54:00,11:54:00,227.4,231.75,227.1,230.55,16185
2026-02-18 11:55:00,11:55:00,231.3,231.5,227.0,231.5,15405
2026-02-18 11:56:00,11:56:00,231.3,231.5,229.4,230.4,8970
2026-02-18 11:57:00,11:57:00,231.0,232.55,228.45,232.3,8775
2026-02-18 11:58:00,11:58:00,232.2,233.65,229.4,229.7,20670
2026-02-18 11:59:00,11:59:00,229.55,237.5,229.55,237.5,25025
2026-02-18 12:00:00,12:00:00,237.4,239.55,234.4,239.45,38480
2026-02-18 12:01:00,12:01:00,240.15,244.5,239.45,244.5,43420
2026-02-18 12:02:00,12:02:00,245.15,246.15,240.0,240.0,27885
2026-02-18 12:03:00,12:03:00,239.0,240.0,235.9,237.95,20020
2026-02-18 12:04:00,12:04:00,237.3,241.05,236.55,238.0,14820
2026-02-18 12:05:00,12:05:00,237.95,240.0,236.0,239.7,11245
2026-02-18 12:06:00,12:06:00,239.6,243.2,238.85,242.25,14365
2026-02-18 12:07:00,12:07:00,242.6,245.75,242.15,243.75,31265
2026-02-18 12:08:00,12:08:00,244.3,248.25,243.75,246.0,46475
2026-02-18 12:09:00,12:09:00,245.8,247.65,244.0,244.0,22555
2026-02-18 12:10:00,12:10:00,244.0,246.5,243.55,244.3,10140
2026-02-18 12:11:00,12:11:00,244.8,247.25,241.3,246.25,33865
2026-02-18 12:12:00,12:12:00,246.0,246.8,242.2,243.15,12740
2026-02-18 12:13:00,12:13:00,242.9,245.0,239.85,244.15,14365
2026-02-18 12:14:00,12:14:00,244.05,247.0,244.05,244.8,15145
2026-02-18 12:15:00,12:15:00,244.5,249.5,244.5,248.15,52780
2026-02-18 12:16:00,12:16:00,249.2,253.9,248.15,250.85,41145
2026-02-18 12:17:00,12:17:00,251.95,251.95,245.9,248.5,27235
2026-02-18 12:18:00,12:18:00,249.1,250.45,246.4,246.4,14820
2026-02-18 12:19:00,12:19:00,247.35,248.25,243.25,244.0,20995
2026-02-18 12:20:00,12:20:00,244.0,247.45,242.6,245.75,32760
2026-02-18 12:21:00,12:21:00,245.25,251.8,244.8,249.4,23400
2026-02-18 12:22:00,12:22:00,250.15,254.0,247.8,249.4,27495
2026-02-18 12:23:00,12:23:00,249.05,251.8,246.55,251.8,23400
2026-02-18 12:24:00,12:24:00,252.15,255.6,251.8,253.3,30030
2026-02-18 12:25:00,12:25:00,253.5,256.35,242.25,242.25,39520
2026-02-18 12:26:00,12:26:00,242.85,243.3,237.25,242.45,67340
2026-02-18 12:27:00,12:27:00,241.85,244.2,238.75,243.4,15925
2026-02-18 12:28:00,12:28:00,243.8,250.6,243.35,250.6,15145
2026-02-18 12:29:00,12:29:00,250.4,252.4,247.0,247.35,27170
2026-02-18 12:30:00,12:30:00,246.0,250.35,243.6,250.05,19500
2026-02-18 12:31:00,12:31:00,251.0,252.05,249.1,251.4,23465
2026-02-18 12:32:00,12:32:00,252.4,256.5,251.0,255.55,22815
2026-02-18 12:33:00,12:33:00,254.9,255.55,251.4,253.6,19890
2026-02-18 12:34:00,12:34:00,253.7,257.35,252.55,252.8,21710
2026-02-18 12:35:00,12:35:00,216.65,221.65,216.3,216.3,207025
2026-02-18 12:36:00,12:36:00,253.35,255.7,250.7,253.0,21060
2026-02-18 12:37:00,12:37:00,216.05,221.95,215.0,219.9,143585
2026-02-18 12:38:00,12:38:00,219.65,221.0,218.55,220.8,109525
2026-02-18 12:39:00,12:39:00,222.3,223.85,218.55,222.45,459875
2026-02-18 12:40:00,12:40:00,259.85,259.85,252.55,253.0,39065
2026-02-18 12:41:00,12:41:00,252.7,253.0,248.95,250.1,38480
2026-02-18 12:42:00,12:42:00,214.15,220.9,213.2,220.0,142740
2026-02-18 12:43:00,12:43:00,220.05,221.8,217.7,219.7,74750
2026-02-18 12:44:00,12:44:00,220.0,221.5,217.4,220.1,89115
2026-02-18 12:45:00,12:45:00,258.05,259.5,253.85,254.1,8450
2026-02-18 12:46:00,12:46:00,217.15,220.0,217.15,219.6,74750
2026-02-18 12:47:00,12:47:00,220.15,220.55,216.75,218.1,54665
2026-02-18 12:48:00,12:48:00,255.75,256.5,251.9,252.4,8580
2026-02-18 12:49:00,12:49:00,252.95,253.05,246.0,246.0,23920
2026-02-18 12:50:00,12:50:00,246.25,249.15,245.0,249.15,15340
2026-02-18 12:51:00,12:51:00,249.1,250.2,246.5,246.55,10985
2026-02-18 12:52:00,12:52:00,248.0,251.2,246.55,250.95,10335
2026-02-18 12:53:00,12:53:00,214.4,221.35,214.4,220.5,235105
2026-02-18 12:54:00,12:54:00,221.0,221.8,218.3,218.8,127140
2026-02-18 12:55:00,12:55:00,255.75,257.0,252.5,252.5,16055
2026-02-18 12:56:00,12:56:00,252.8,257.0,251.3,256.95,8840
2026-02-18 12:57:00,12:57:00,220.5,222.3,219.75,220.45,121290
2026-02-18 12:58:00,12:58:00,220.3,225.15,220.2,223.3,208845
2026-02-18 12:59:00,12:59:00,223.4,225.3,221.0,224.6,113035
2026-02-18 13:00:00,13:00:00,224.4,226.65,221.25,225.8,200915
2026-02-18 13:01:00,13:01:00,227.05,231.05,225.7,226.65,412165
2026-02-18 13:02:00,13:02:00,227.35,227.9,218.45,218.45,260975
2026-02-18 13:03:00,13:03:00,219.35,219.5,212.8,218.3,357695
2026-02-18 13:04:00,13:04:00,218.55,226.0,218.3,225.45,253890
2026-02-18 13:05:00,13:05:00,225.0,227.3,223.45,226.55,169650
2026-02-18 13:06:00,13:06:00,226.45,227.2,222.8,224.7,109135
2026-02-18 13:07:00,13:07:00,224.5,224.7,220.75,221.3,64220
2026-02-18 13:08:00,13:08:00,221.55,223.9,220.85,222.0,54990
2026-02-18 13:09:00,13:09:00,222.6,223.6,221.1,222.15,34905
2026-02-18 13:10:00,13:10:00,261.1,261.15,252.5,253.1,24440
2026-02-18 13:11:00,13:11:00,252.3,255.5,250.3,254.9,20215
2026-02-18 13:12:00,13:12:00,218.55,221.7,217.55,221.65,97045
2026-02-18 13:13:00,13:13:00,222.05,222.5,219.05,221.0,79690
2026-02-18 13:14:00,13:14:00,221.55,225.4,220.45,224.6,137085
2026-02-18 13:15:00,13:15:00,225.9,230.8,224.6,229.0,245505
2026-02-18 13:16:00,13:16:00,230.0,231.25,226.4,226.4,208975
2026-02-18 13:17:00,13:17:00,226.15,226.5,220.0,223.95,222040
2026-02-18 13:18:00,13:18:00,224.0,226.2,223.95,225.05,48880
2026-02-18 13:19:00,13:19:00,225.35,229.55,225.05,227.8,62790
2026-02-18 13:20:00,13:20:00,228.15,230.2,226.65,227.9,87100
2026-02-18 13:21:00,13:21:00,228.0,230.3,226.0,226.0,117520
2026-02-18 13:22:00,13:22:00,226.9,229.55,223.9,228.65,89245
2026-02-18 13:23:00,13:23:00,229.0,232.6,228.45,232.35,146705
2026-02-18 13:24:00,13:24:00,235.3,235.4,227.75,228.4,276250
2026-02-18 13:25:00,13:25:00,228.5,229.85,222.5,222.5,119015
2026-02-18 13:26:00,13:26:00,222.65,226.4,221.4,225.95,124930
2026-02-18 13:27:00,13:27:00,225.4,225.95,221.0,221.1,70655
2026-02-18 13:28:00,13:28:00,259.7,259.7,255.95,255.95,19110
2026-02-18 13:29:00,13:29:00,218.5,223.3,217.5,223.3,103220
2026-02-18 13:30:00,13:30:00,223.15,224.0,221.0,221.0,99385
2026-02-18 13:31:00,13:31:00,221.1,225.5,221.0,223.25,86060
2026-02-18 13:32:00,13:32:00,223.25,225.85,220.0,222.05,59995
2026-02-18 13:33:00,13:33:00,223.0,224.6,220.8,222.25,32435
2026-02-18 13:34:00,13:34:00,222.85,224.2,222.0,222.1,37700
2026-02-18 13:35:00,13:35:00,222.95,224.9,222.1,223.6,33865
2026-02-18 13:36:00,13:36:00,260.55,261.4,256.0,256.0,13910
2026-02-18 13:37:00,13:37:00,257.05,260.0,254.95,255.5,24830
2026-02-18 13:38:00,13:38:00,217.65,222.5,217.65,222.0,45825
2026-02-18 13:39:00,13:39:00,260.0,260.35,255.35,255.55,7215
2026-02-18 13:40:00,13:40:00,218.3,223.55,218.3,222.75,40040
2026-02-18 13:41:00,13:41:00,260.2,262.0,258.9,259.0,6890
2026-02-18 13:42:00,13:42:00,258.25,259.2,254.0,254.15,7280
2026-02-18 13:43:00,13:43:00,254.35,257.1,253.85,255.65,16770
2026-02-18 13:44:00,13:44:00,255.95,261.0,255.65,260.4,7995
2026-02-18 13:45:00,13:45:00,223.35,229.1,222.05,228.9,172575
2026-02-18 13:46:00,13:46:00,229.1,231.0,225.0,226.95,184535
2026-02-18 13:47:00,13:47:00,227.55,228.5,222.15,223.6,110435
2026-02-18 13:48:00,13:48:00,223.95,230.25,222.25,228.6,107965
2026-02-18 13:49:00,13:49:00,229.2,229.7,225.0,227.3,73840
2026-02-18 13:50:00,13:50:00,227.0,229.35,226.8,228.8,42185
2026-02-18 13:51:00,13:51:00,229.3,233.65,228.8,231.7,136955
2026-02-18 13:52:00,13:52:00,232.6,234.5,223.15,223.15,200200
2026-02-18 13:53:00,13:53:00,261.3,261.45,250.9,253.25,30940
2026-02-18 13:54:00,13:54:00,253.85,253.85,245.9,245.9,21645
2026-02-18 13:55:00,13:55:00,245.3,249.45,243.0,247.95,30810
2026-02-18 13:56:00,13:56:00,247.3,251.0,244.25,251.0,11440
2026-02-18 13:57:00,13:57:00,251.7,253.95,249.7,251.2,32695
2026-02-18 13:58:00,13:58:00,251.75,256.0,251.2,254.0,23075
2026-02-18 13:59:00,13:59:00,254.15,255.0,251.25,253.95,12025
2026-02-18 14:00:00,14:00:00,216.9,218.95,215.8,216.45,79820
2026-02-18 14:01:00,14:01:00,253.15,253.4,250.75,251.45,9035
2026-02-18 14:02:00,14:02:00,251.0,252.7,250.0,252.7,10855
2026-02-18 14:03:00,14:03:00,254.0,256.15,252.35,254.75,22425
2026-02-18 14:04:00,14:04:00,217.6,218.3,215.0,217.8,47645
2026-02-18 14:05:00,14:05:00,218.85,222.55,217.6,220.7,123825
2026-02-18 14:06:00,14:06:00,220.35,221.25,219.2,219.6,55900
2026-02-18 14:07:00,14:07:00,219.1,221.15,218.4,221.15,42835
2026-02-18 14:08:00,14:08:00,222.25,223.8,221.15,223.6,85865
2026-02-18 14:09:00,14:09:00,223.2,225.8,222.55,224.8,112060
2026-02-18 14:10:00,14:10:00,225.0,227.7,224.1,227.6,85865
2026-02-18 14:11:00,14:11:00,227.15,240.05,227.1,237.7,315770
2026-02-18 14:12:00,14:12:00,237.3,247.45,237.3,247.45,367900
2026-02-18 14:13:00,14:13:00,247.0,249.25,243.4,243.6,250640
2026-02-18 14:14:00,14:14:00,243.5,248.0,243.3,248.0,95615
2026-02-18 14:15:00,14:15:00,247.9,252.45,247.3,247.7,286130
2026-02-18 14:16:00,14:16:00,245.95,247.7,240.1,246.35,193375
2026-02-18 14:17:00,14:17:00,246.65,252.5,246.35,250.75,160550
2026-02-18 14:18:00,14:18:00,252.5,259.65,250.75,258.1,191620
2026-02-18 14:19:00,14:19:00,258.8,264.6,257.9,264.05,284635
2026-02-18 14:20:00,14:20:00,227.4,233.1,225.1,233.1,335010
2026-02-18 14:21:00,14:21:00,232.9,237.55,232.15,234.95,306735
2026-02-18 14:22:00,14:22:00,234.3,246.4,234.3,241.3,251355
2026-02-18 14:23:00,14:23:00,241.4,247.7,241.3,246.7,182910
2026-02-18 14:24:00,14:24:00,247.25,247.25,240.2,246.2,186615
2026-02-18 14:25:00,14:25:00,247.1,247.1,235.7,236.9,177320
2026-02-18 14:26:00,14:26:00,235.8,243.25,235.3,242.95,101335
2026-02-18 14:27:00,14:27:00,243.1,248.2,242.0,245.8,137020
2026-02-18 14:28:00,14:28:00,246.65,247.45,238.8,239.15,87620
2026-02-18 14:29:00,14:29:00,239.75,240.0,235.5,238.5,86710
2026-02-18 14:30:00,14:30:00,238.85,238.85,232.65,232.65,73645
2026-02-18 14:31:00,14:31:00,232.9,234.5,227.3,229.45,124345
2026-02-18 14:32:00,14:32:00,230.35,237.95,229.45,237.2,84045
2026-02-18 14:33:00,14:33:00,238.5,242.9,236.8,237.1,130845
2026-02-18 14:34:00,14:34:00,236.95,237.7,228.45,231.7,77090
2026-02-18 14:35:00,14:35:00,230.35,235.45,230.35,233.85,44850
2026-02-18 14:36:00,14:36:00,234.2,239.65,233.8,236.3,90545
2026-02-18 14:37:00,14:37:00,236.7,237.2,231.9,233.45,47190
2026-02-18 14:38:00,14:38:00,233.55,235.2,229.4,233.0,54210
2026-02-18 14:39:00,14:39:00,232.25,233.0,229.7,231.35,30810
2026-02-18 14:40:00,14:40:00,231.95,233.0,228.25,230.7,37505
2026-02-18 14:41:00,14:41:00,231.0,234.25,230.55,231.0,41665
2026-02-18 14:42:00,14:42:00,231.95,232.25,228.0,228.0,49075
2026-02-18 14:43:00,14:43:00,228.5,231.55,225.8,230.3,67145
2026-02-18 14:44:00,14:44:00,229.9,233.45,229.85,229.85,107315
2026-02-18 14:45:00,14:45:00,231.4,232.15,226.65,228.85,72540
2026-02-18 14:46:00,14:46:00,267.2,267.3,261.95,265.0,54275
2026-02-18 14:47:00,14:47:00,227.4,232.65,226.95,228.75,44200
2026-02-18 14:48:00,14:48:00,228.8,230.6,223.7,230.15,57460
2026-02-18 14:49:00,14:49:00,229.4,232.2,228.55,231.45,51025
2026-02-18 14:50:00,14:50:00,232.95,235.9,231.05,235.85,96005
2026-02-18 14:51:00,14:51:00,235.15,239.4,233.8,239.4,102180
2026-02-18 14:52:00,14:52:00,239.2,239.4,233.05,236.3,76635
2026-02-18 14:53:00,14:53:00,236.4,238.15,234.4,235.1,39650
2026-02-18 14:54:00,14:54:00,233.2,237.15,232.45,236.85,47060
2026-02-18 14:55:00,14:55:00,236.35,238.6,235.85,238.15,48360
2026-02-18 14:56:00,14:56:00,238.5,241.4,235.2,239.1,93795
2026-02-18 14:57:00,14:57:00,239.2,241.2,237.3,238.9,45565
2026-02-18 14:58:00,14:58:00,239.85,240.65,235.95,238.05,70460
2026-02-18 14:59:00,14:59:00,238.1,239.2,235.25,239.2,38480
2026-02-18 15:00:00,15:00:00,243.5,261.5,239.2,260.6,371215
2026-02-18 15:01:00,15:01:00,222.7,222.75,214.55,220.35,891540
2026-02-18 15:02:00,15:02:00,257.5,258.35,241.05,248.55,225810
2026-02-18 15:03:00,15:03:00,248.75,249.8,245.25,247.7,115765
2026-02-18 15:04:00,15:04:00,248.2,250.9,245.75,247.1,59800
2026-02-18 15:05:00,15:05:00,247.15,249.95,243.05,243.4,72865
2026-02-18 15:06:00,15:06:00,243.0,247.0,242.5,247.0,50960
2026-02-18 15:07:00,15:07:00,248.1,252.05,247.0,252.05,58825
2026-02-18 15:08:00,15:08:00,252.1,252.1,245.0,247.6,51805
2026-02-18 15:09:00,15:09:00,210.6,215.5,209.45,215.5,272870
2026-02-18 15:10:00,15:10:00,215.35,215.5,212.45,213.2,280215
2026-02-18 15:11:00,15:11:00,249.05,251.8,248.5,249.1,29445
2026-02-18 15:12:00,15:12:00,249.05,249.75,247.8,249.7,29510
2026-02-18 15:13:00,15:13:00,248.65,249.7,246.2,246.6,39455
2026-02-18 15:14:00,15:14:00,246.75,248.0,244.45,248.0,76115
2026-02-18 15:15:00,15:15:00,246.75,250.7,245.4,248.85,147810
2026-02-18 15:16:00,15:16:00,248.5,249.25,244.1,248.5,62270
2026-02-18 15:17:00,15:17:00,248.55,249.55,247.05,249.45,34385
2026-02-18 15:18:00,15:18:00,212.45,212.8,209.7,212.0,149175
2026-02-18 15:19:00,15:19:00,248.5,248.5,240.55,241.75,60775
2026-02-18 15:20:00,15:20:00,241.85,245.95,241.75,244.9,77935
2026-02-18 15:21:00,15:21:00,245.0,245.8,243.8,245.75,76505
2026-02-18 15:22:00,15:22:00,245.75,246.5,244.75,246.05,37375
2026-02-18 15:23:00,15:23:00,246.3,246.35,244.5,245.9,20995
2026-02-18 15:24:00,15:24:00,245.35,247.55,245.0,246.85,37570
2026-02-18 15:25:00,15:25:00,245.75,246.85,244.5,245.5,51155
2026-02-18 15:26:00,15:26:00,245.35,246.7,244.8,244.9,36660
2026-02-18 15:27:00,15:27:00,245.05,245.9,244.05,244.45,40105
2026-02-18 15:28:00,15:28:00,244.45,246.35,244.45,246.15,56745
2026-02-18 15:29:00,15:29:00,246.15,246.4,245.0,245.0,59020
2026-02-19 09:15:00,09:15:00,264.95,265.7,247.55,251.5,107250
2026-02-19 09:16:00,09:16:00,246.0,256.0,244.45,250.1,49595
2026-02-19 09:17:00,09:17:00,249.5,268.35,248.0,268.35,93535
2026-02-19 09:18:00,09:18:00,265.25,268.35,259.25,262.35,52065
2026-02-19 09:19:00,09:19:00,258.75,262.35,254.45,254.55,70135
2026-02-19 09:20:00,09:20:00,254.0,266.75,251.65,266.5,42575
2026-02-19 09:21:00,09:21:00,268.15,273.35,263.15,266.5,90285
2026-02-19 09:22:00,09:22:00,265.7,270.8,265.7,267.05,33930
2026-02-19 09:23:00,09:23:00,265.9,268.3,255.2,265.1,42250
2026-02-19 09:24:00,09:24:00,264.35,265.1,254.35,254.35,28080
2026-02-19 09:25:00,09:25:00,253.75,254.5,245.15,246.8,51415
2026-02-19 09:26:00,09:26:00,244.15,248.1,240.0,240.0,38415
2026-02-19 09:27:00,09:27:00,240.0,244.3,237.55,239.25,56485
2026-02-19 09:28:00,09:28:00,279.5,282.4,268.4,269.6,88010
2026-02-19 09:29:00,09:29:00,269.95,276.3,268.35,269.0,83590
2026-02-19 09:30:00,09:30:00,269.0,272.6,263.95,265.55,77740
2026-02-19 09:31:00,09:31:00,266.4,272.8,262.35,263.65,51220
2026-02-19 09:32:00,09:32:00,265.0,270.05,262.2,265.8,44395
2026-02-19 09:33:00,09:33:00,265.9,266.45,262.5,263.45,36075
2026-02-19 09:34:00,09:34:00,262.85,265.3,259.7,260.8,72085
2026-02-19 09:35:00,09:35:00,262.0,269.65,260.8,265.4,66690
2026-02-19 09:36:00,09:36:00,264.85,269.2,261.6,264.65,42575
2026-02-19 09:37:00,09:37:00,264.65,266.2,246.7,249.6,154895
2026-02-19 09:38:00,09:38:00,249.0,251.9,245.0,245.0,125515
2026-02-19 09:39:00,09:39:00,245.3,253.95,243.95,250.3,99710
2026-02-19 09:40:00,09:40:00,250.3,254.45,248.45,250.6,40690
2026-02-19 09:41:00,09:41:00,249.35,252.8,248.4,252.8,21450
2026-02-19 09:42:00,09:42:00,253.15,254.3,248.6,250.0,58240
2026-02-19 09:43:00,09:43:00,249.8,252.0,245.8,248.25,79950
2026-02-19 09:44:00,09:44:00,248.7,250.75,246.5,247.4,32630
2026-02-19 09:45:00,09:45:00,246.5,249.25,245.0,249.25,56940
2026-02-19 09:46:00,09:46:00,249.85,253.55,246.0,253.5,51090
2026-02-19 09:47:00,09:47:00,254.2,257.3,251.15,256.6,102830
2026-02-19 09:48:00,09:48:00,257.0,264.0,255.5,259.15,139100
2026-02-19 09:49:00,09:49:00,261.8,266.1,259.15,264.0,77740
2026-02-19 09:50:00,09:50:00,263.55,265.4,257.95,258.2,71760
2026-02-19 09:51:00,09:51:00,259.2,261.3,252.15,252.65,59345
2026-02-19 09:52:00,09:52:00,253.45,259.65,248.4,248.65,60060
2026-02-19 09:53:00,09:53:00,248.4,253.2,245.25,250.0,49595
2026-02-19 09:54:00,09:54:00,250.85,253.3,245.7,246.6,30420
2026-02-19 09:55:00,09:55:00,247.05,250.15,245.5,249.0,31590
2026-02-19 09:56:00,09:56:00,248.1,249.45,243.35,248.75,46800
2026-02-19 09:57:00,09:57:00,246.55,249.0,245.65,246.3,23530
2026-02-19 09:58:00,09:58:00,284.85,285.55,277.3,283.2,16575
2026-02-19 09:59:00,09:59:00,281.35,283.75,280.0,282.25,6630
2026-02-19 10:00:00,10:00:00,282.7,287.95,279.7,282.25,13845
2026-02-19 10:01:00,10:01:00,282.7,287.1,279.4,280.7,9165
2026-02-19 10:02:00,10:02:00,280.0,280.7,275.2,280.25,17225
2026-02-19 10:03:00,10:03:00,240.9,250.0,240.85,248.4,96980
2026-02-19 10:04:00,10:04:00,248.0,251.35,246.5,250.9,65780
2026-02-19 10:05:00,10:05:00,250.85,253.8,249.0,253.25,60060
2026-02-19 10:06:00,10:06:00,252.2,254.2,250.1,253.4,46735
2026-02-19 10:07:00,10:07:00,252.6,253.4,244.1,247.25,47775
2026-02-19 10:08:00,10:08:00,248.0,249.75,242.5,248.3,45955
2026-02-19 10:09:00,10:09:00,250.8,250.8,244.05,245.5,50830
2026-02-19 10:10:00,10:10:00,245.2,248.4,243.0,245.6,29185
2026-02-19 10:11:00,10:11:00,284.0,285.45,275.0,281.15,21060
2026-02-19 10:12:00,10:12:00,282.75,284.4,276.5,279.7,9230
2026-02-19 10:13:00,10:13:00,278.35,279.85,273.35,274.7,8580
2026-02-19 10:14:00,10:14:00,273.35,274.7,263.85,268.0,35815
2026-02-19 10:15:00,10:15:00,267.8,268.4,260.95,264.0,39000
2026-02-19 10:16:00,10:16:00,262.8,270.1,262.8,267.05,18070
2026-02-19 10:17:00,10:17:00,268.3,271.5,265.65,271.15,8970
2026-02-19 10:18:00,10:18:00,271.45,274.8,270.25,274.3,14755
2026-02-19 10:19:00,10:19:00,273.9,275.3,268.0,268.0,17875
2026-02-19 10:20:00,10:20:00,268.0,269.4,264.6,264.6,5005
2026-02-19 10:21:00,10:21:00,263.6,267.75,261.75,264.7,12350
2026-02-19 10:22:00,10:22:00,263.0,269.85,262.0,268.65,13195
2026-02-19 10:23:00,10:23:00,268.6,274.4,268.6,273.7,7735
2026-02-19 10:24:00,10:24:00,274.0,274.3,267.95,269.0,8125
2026-02-19 10:25:00,10:25:00,270.0,271.3,265.8,265.8,6500
2026-02-19 10:26:00,10:26:00,266.9,267.8,263.35,265.05,12025
2026-02-19 10:27:00,10:27:00,264.25,265.05,255.25,260.15,35360
2026-02-19 10:28:00,10:28:00,259.6,261.95,256.1,261.95,10270
2026-02-19 10:29:00,10:29:00,261.9,268.15,261.9,265.1,18590
2026-02-19 10:30:00,10:30:00,263.35,265.1,258.4,259.0,6890
2026-02-19 10:31:00,10:31:00,259.05,266.3,257.95,265.3,10400
2026-02-19 10:32:00,10:32:00,265.15,269.55,264.95,266.5,8450
2026-02-19 10:33:00,10:33:00,266.9,268.95,264.25,264.35,11115
2026-02-19 10:34:00,10:34:00,264.1,265.25,255.4,257.85,11440
2026-02-19 10:35:00,10:35:00,257.4,261.8,256.15,258.0,8905
2026-02-19 10:36:00,10:36:00,258.25,258.45,253.25,254.85,24310
2026-02-19 10:37:00,10:37:00,295.1,295.1,285.0,285.1,116415
2026-02-19 10:38:00,10:38:00,284.9,287.3,281.25,286.8,81510
2026-02-19 10:39:00,10:39:00,287.3,287.85,282.0,282.45,60905
2026-02-19 10:40:00,10:40:00,282.4,284.55,276.7,283.4,125775
2026-02-19 10:41:00,10:41:00,245.5,251.0,245.0,250.95,23790
2026-02-19 10:42:00,10:42:00,250.0,251.1,245.0,248.1,17225
2026-02-19 10:43:00,10:43:00,248.7,254.0,248.1,252.1,14365
2026-02-19 10:44:00,10:44:00,252.15,253.45,249.3,249.85,12870
2026-02-19 10:45:00,10:45:00,250.25,251.2,246.3,247.95,17355
2026-02-19 10:46:00,10:46:00,248.45,250.45,246.45,250.0,10790
2026-02-19 10:47:00,10:47:00,289.1,291.0,285.1,285.1,27105
2026-02-19 10:48:00,10:48:00,286.0,286.95,284.4,284.4,36465
2026-02-19 10:49:00,10:49:00,284.0,289.75,283.7,287.1,56355
2026-02-19 10:50:00,10:50:00,287.75,287.95,285.15,286.75,18785
2026-02-19 10:51:00,10:51:00,249.15,253.25,249.15,252.3,9815
2026-02-19 10:52:00,10:52:00,252.2,254.7,250.35,254.15,11440
2026-02-19 10:53:00,10:53:00,254.75,255.7,249.15,253.0,13715
2026-02-19 10:54:00,10:54:00,253.6,256.7,251.1,256.7,7540
2026-02-19 10:55:00,10:55:00,256.0,256.7,250.95,251.25,9555
2026-02-19 10:56:00,10:56:00,289.6,290.25,285.1,287.5,59085
2026-02-19 10:57:00,10:57:00,248.45,254.55,248.45,253.75,11180
2026-02-19 10:58:00,10:58:00,253.85,258.4,252.55,258.4,10205
2026-02-19 10:59:00,10:59:00,259.0,260.9,256.6,256.6,21190
2026-02-19 11:00:00,11:00:00,256.25,258.6,253.95,257.7,10530
2026-02-19 11:01:00,11:01:00,257.5,262.55,254.4,254.85,25350
2026-02-19 11:02:00,11:02:00,254.15,255.45,251.6,252.8,11765
2026-02-19 11:03:00,11:03:00,253.0,257.8,252.55,257.5,3640
2026-02-19 11:04:00,11:04:00,258.05,259.5,256.35,256.45,10205
2026-02-19 11:05:00,11:05:00,256.2,256.95,253.05,254.35,4940
2026-02-19 11:06:00,11:06:00,252.85,256.65,252.0,256.65,7345
2026-02-19 11:07:00,11:07:00,258.75,262.5,256.65,261.6,11180
2026-02-19 11:08:00,11:08:00,262.05,263.35,258.0,258.3,9880
2026-02-19 11:09:00,11:09:00,257.0,258.3,252.2,254.1,7605
2026-02-19 11:10:00,11:10:00,254.15,257.75,253.2,255.55,7085
2026-02-19 11:11:00,11:11:00,256.25,258.8,255.0,255.0,4355
2026-02-19 11:12:00,11:12:00,255.15,255.95,253.2,254.95,4160
2026-02-19 11:13:00,11:13:00,294.6,295.8,283.0,283.0,147875
2026-02-19 11:14:00,11:14:00,283.6,286.0,279.75,281.75,67210
2026-02-19 11:15:00,11:15:00,281.35,285.65,279.2,279.3,41600
2026-02-19 11:16:00,11:16:00,279.25,281.4,275.85,277.6,48165
2026-02-19 11:17:00,11:17:00,279.15,285.0,276.95,284.15,32630
2026-02-19 11:18:00,11:18:00,284.4,284.4,272.25,274.1,63505
2026-02-19 11:19:00,11:19:00,273.75,276.85,271.45,273.05,96655
2026-02-19 11:20:00,11:20:00,271.85,275.6,270.45,274.8,60905
2026-02-19 11:21:00,11:21:00,275.6,277.3,271.25,272.75,32565
2026-02-19 11:22:00,11:22:00,272.0,274.05,266.85,267.05,55445
2026-02-19 11:23:00,11:23:00,266.1,269.0,258.9,258.9,72280
2026-02-19 11:24:00,11:24:00,256.75,260.35,252.2,254.8,162045
2026-02-19 11:25:00,11:25:00,255.05,262.4,254.8,262.4,95810
2026-02-19 11:26:00,11:26:00,262.5,263.35,258.5,261.5,87425
2026-02-19 11:27:00,11:27:00,260.9,261.85,254.05,254.7,80275
2026-02-19 11:28:00,11:28:00,256.0,261.55,254.7,260.0,39260
2026-02-19 11:29:00,11:29:00,259.65,261.75,256.8,256.8,42705
2026-02-19 11:30:00,11:30:00,255.55,258.85,254.5,254.85,95420
2026-02-19 11:31:00,11:31:00,253.8,256.0,252.35,255.7,65000
2026-02-19 11:32:00,11:32:00,256.95,259.5,255.45,258.0,33085
2026-02-19 11:33:00,11:33:00,257.9,259.5,257.3,259.5,28795
2026-02-19 11:34:00,11:34:00,259.95,260.5,255.25,257.75,38220
2026-02-19 11:35:00,11:35:00,256.9,257.75,253.0,257.0,57135
2026-02-19 11:36:00,11:36:00,256.95,257.0,246.45,251.6,182000
2026-02-19 11:37:00,11:37:00,251.7,255.75,250.8,252.0,98280
2026-02-19 11:38:00,11:38:00,251.8,256.65,251.8,253.0,47645
2026-02-19 11:39:00,11:39:00,253.2,258.0,253.0,255.7,33215
2026-02-19 11:40:00,11:40:00,255.35,257.75,254.25,257.0,31005
2026-02-19 11:41:00,11:41:00,256.55,257.0,250.35,250.6,38610
2026-02-19 11:42:00,11:42:00,289.7,291.2,283.1,283.1,3250
2026-02-19 11:43:00,11:43:00,246.2,253.25,244.95,252.6,92170
2026-02-19 11:44:00,11:44:00,252.6,254.1,250.85,252.6,86710
2026-02-19 11:45:00,11:45:00,290.6,292.0,288.35,288.35,715
2026-02-19 11:46:00,11:46:00,287.5,288.75,281.45,281.45,3835
2026-02-19 11:47:00,11:47:00,282.9,289.7,281.45,287.0,3575
2026-02-19 11:48:00,11:48:00,286.85,287.0,277.15,284.1,13390
2026-02-19 11:49:00,11:49:00,284.05,288.15,284.05,286.65,8710
2026-02-19 11:50:00,11:50:00,285.35,286.65,281.8,283.75,7280
2026-02-19 11:51:00,11:51:00,281.95,285.55,278.5,284.25,5980
2026-02-19 11:52:00,11:52:00,284.35,285.7,282.3,282.3,2990
2026-02-19 11:53:00,11:53:00,283.45,284.05,280.5,281.6,5525
2026-02-19 11:54:00,11:54:00,284.05,285.3,281.6,284.95,2275
2026-02-19 11:55:00,11:55:00,284.0,287.0,283.65,286.25,3185
2026-02-19 11:56:00,11:56:00,286.25,286.25,279.4,279.4,5915
2026-02-19 11:57:00,11:57:00,278.65,281.5,278.65,280.25,8190
2026-02-19 11:58:00,11:58:00,279.8,284.0,279.8,284.0,4420
2026-02-19 11:59:00,11:59:00,283.8,288.3,283.8,285.35,5005
2026-02-19 12:00:00,12:00:00,283.25,285.35,280.25,280.25,4810
2026-02-19 12:01:00,12:01:00,280.3,280.3,269.05,272.9,19175
2026-02-19 12:02:00,12:02:00,274.2,280.3,272.15,277.95,13260
2026-02-19 12:03:00,12:03:00,277.95,279.6,274.35,279.6,14560
2026-02-19 12:04:00,12:04:00,278.95,279.6,274.05,277.05,11440
2026-02-19 12:05:00,12:05:00,277.3,278.35,275.2,277.3,5005
2026-02-19 12:06:00,12:06:00,278.0,279.85,276.85,278.0,3380
2026-02-19 12:07:00,12:07:00,277.1,278.0,274.75,274.75,3055
2026-02-19 12:08:00,12:08:00,272.4,276.0,270.8,274.2,6890
2026-02-19 12:09:00,12:09:00,273.0,274.2,264.9,265.95,13845
2026-02-19 12:10:00,12:10:00,264.9,265.95,258.65,262.9,35035
2026-02-19 12:11:00,12:11:00,301.1,301.1,295.0,296.8,34970
2026-02-19 12:12:00,12:12:00,294.9,296.8,289.95,291.45,52585
2026-02-19 12:13:00,12:13:00,291.2,291.45,283.7,285.9,39130
2026-02-19 12:14:00,12:14:00,286.8,291.2,282.6,283.45,30940
2026-02-19 12:15:00,12:15:00,282.6,283.45,277.25,282.65,93210
2026-02-19 12:16:00,12:16:00,282.5,284.1,280.4,281.45,31915
2026-02-19 12:17:00,12:17:00,281.7,282.1,277.0,280.75,38155
2026-02-19 12:18:00,12:18:00,281.9,293.15,280.75,290.55,77870
2026-02-19 12:19:00,12:19:00,290.75,292.45,288.45,292.4,23010
2026-02-19 12:20:00,12:20:00,291.05,296.4,289.0,295.35,43160
2026-02-19 12:21:00,12:21:00,258.75,264.25,257.85,263.55,36855
2026-02-19 12:22:00,12:22:00,263.65,263.65,258.15,258.15,10725
2026-02-19 12:23:00,12:23:00,257.5,261.6,256.35,261.15,18135
2026-02-19 12:24:00,12:24:00,261.35,264.2,259.5,259.9,6825
2026-02-19 12:25:00,12:25:00,258.35,260.05,256.85,258.7,6760
2026-02-19 12:26:00,12:26:00,297.05,297.6,291.3,296.35,23725
2026-02-19 12:27:00,12:27:00,296.7,299.0,294.55,297.0,9035
2026-02-19 12:28:00,12:28:00,259.4,264.3,258.6,264.3,5135
2026-02-19 12:29:00,12:29:00,265.0,266.85,260.55,260.65,13000
2026-02-19 12:30:00,12:30:00,261.65,262.65,259.1,262.05,10790
2026-02-19 12:31:00,12:31:00,299.65,302.0,296.85,296.85,11830
2026-02-19 12:32:00,12:32:00,296.65,297.55,292.0,292.55,13195
2026-02-19 12:33:00,12:33:00,292.75,294.9,290.95,290.95,17940
2026-02-19 12:34:00,12:34:00,290.85,298.8,289.65,294.95,16965
2026-02-19 12:35:00,12:35:00,294.25,296.6,293.05,295.2,6110
2026-02-19 12:36:00,12:36:00,295.0,295.65,288.9,290.65,15470
2026-02-19 12:37:00,12:37:00,289.55,292.25,286.55,290.1,14950
2026-02-19 12:38:00,12:38:00,290.3,290.85,284.6,285.0,14885
2026-02-19 12:39:00,12:39:00,283.3,285.0,276.7,276.9,48035
2026-02-19 12:40:00,12:40:00,277.4,283.7,276.05,278.0,27755
2026-02-19 12:41:00,12:41:00,277.6,279.15,264.6,270.45,52715
2026-02-19 12:42:00,12:42:00,270.65,270.9,264.3,264.3,45240
2026-02-19 12:43:00,12:43:00,302.6,305.7,298.0,298.0,7150
2026-02-19 12:44:00,12:44:00,261.0,269.35,261.0,266.65,39130
2026-02-19 12:45:00,12:45:00,267.75,267.95,264.75,267.4,54080
2026-02-19 12:46:00,12:46:00,266.7,268.6,264.9,265.95,24115
2026-02-19 12:47:00,12:47:00,305.0,305.35,302.65,303.6,2210
2026-02-19 12:48:00,12:48:00,302.0,307.8,300.3,303.75,6305
2026-02-19 12:49:00,12:49:00,266.7,274.1,265.85,272.75,35945
2026-02-19 12:50:00,12:50:00,273.5,275.0,269.9,271.15,38675
2026-02-19 12:51:00,12:51:00,271.2,275.3,270.8,275.0,42770
2026-02-19 12:52:00,12:52:00,275.45,280.7,275.0,280.7,37050
2026-02-19 12:53:00,12:53:00,280.7,286.9,279.3,280.3,42575
2026-02-19 12:54:00,12:54:00,279.6,281.0,276.0,277.9,19695
2026-02-19 12:55:00,12:55:00,280.0,284.4,277.9,282.85,13780
2026-02-19 12:56:00,12:56:00,284.0,284.15,279.4,279.4,9750
2026-02-19 12:57:00,12:57:00,279.3,281.9,278.9,280.15,5070
2026-02-19 12:58:00,12:58:00,280.1,280.25,277.5,279.5,9425
2026-02-19 12:59:00,12:59:00,280.0,281.95,277.15,281.5,8060
2026-02-19 13:00:00,13:00:00,280.75,281.5,275.4,278.3,17875
2026-02-19 13:01:00,13:01:00,279.4,283.45,278.3,279.0,36595
2026-02-19 13:02:00,13:02:00,277.75,281.15,277.75,278.0,11440
2026-02-19 13:03:00,13:03:00,278.8,282.0,277.7,280.55,7930
2026-02-19 13:04:00,13:04:00,280.85,284.5,280.55,284.5,13520
2026-02-19 13:05:00,13:05:00,284.5,288.0,283.4,287.7,22620
2026-02-19 13:06:00,13:06:00,288.4,290.0,285.2,289.0,29900
2026-02-19 13:07:00,13:07:00,287.5,291.3,285.75,289.85,24830
2026-02-19 13:08:00,13:08:00,289.1,296.55,287.75,294.1,38480
2026-02-19 13:09:00,13:09:00,256.5,261.55,256.4,261.15,22230
2026-02-19 13:10:00,13:10:00,261.35,261.35,258.0,259.15,15210
2026-02-19 13:11:00,13:11:00,297.85,299.1,296.0,297.1,18655
2026-02-19 13:12:00,13:12:00,296.75,299.95,293.05,293.05,46995
2026-02-19 13:13:00,13:13:00,293.8,298.3,292.1,295.85,20995
2026-02-19 13:14:00,13:14:00,293.65,297.65,293.65,295.65,8060
2026-02-19 13:15:00,13:15:00,290.25,295.65,285.35,285.55,36985
2026-02-19 13:16:00,13:16:00,284.25,287.75,282.1,283.0,20800
2026-02-19 13:17:00,13:17:00,282.6,290.5,282.6,285.5,40755
2026-02-19 13:18:00,13:18:00,286.2,292.25,285.5,290.7,13000
2026-02-19 13:19:00,13:19:00,291.0,291.45,288.25,288.25,5070
2026-02-19 13:20:00,13:20:00,287.65,289.25,284.3,289.25,10140
2026-02-19 13:21:00,13:21:00,252.1,260.0,251.7,260.0,24440
2026-02-19 13:22:00,13:22:00,259.0,261.45,257.05,259.35,14560
2026-02-19 13:23:00,13:23:00,259.2,260.45,257.0,258.6,9815
2026-02-19 13:24:00,13:24:00,259.0,261.45,257.7,259.25,12350
2026-02-19 13:25:00,13:25:00,259.75,261.5,256.6,256.6,11505
2026-02-19 13:26:00,13:26:00,295.15,295.7,284.05,284.7,31330
2026-02-19 13:27:00,13:27:00,284.0,286.55,280.85,286.55,34320
2026-02-19 13:28:00,13:28:00,285.05,292.5,282.85,292.5,14755
2026-02-19 13:29:00,13:29:00,292.5,295.5,291.05,292.75,20865
2026-02-19 13:30:00,13:30:00,293.0,293.15,279.05,279.05,23140
2026-02-19 13:31:00,13:31:00,279.5,279.5,271.95,273.2,55835
2026-02-19 13:32:00,13:32:00,272.95,273.7,269.25,269.65,50440
2026-02-19 13:33:00,13:33:00,269.5,269.65,264.0,266.6,35620
2026-02-19 13:34:00,13:34:00,265.3,276.45,263.75,273.8,70200
2026-02-19 13:35:00,13:35:00,272.8,273.8,267.85,271.4,22165
2026-02-19 13:36:00,13:36:00,271.85,274.0,269.35,273.3,15730
2026-02-19 13:37:00,13:37:00,274.95,282.0,273.3,281.75,37700
2026-02-19 13:38:00,13:38:00,282.0,283.5,277.6,279.4,24180
2026-02-19 13:39:00,13:39:00,279.0,280.6,275.8,280.0,15210
2026-02-19 13:40:00,13:40:00,279.6,284.6,278.0,284.6,13715
2026-02-19 13:41:00,13:41:00,284.8,285.8,281.8,281.8,44070
2026-02-19 13:42:00,13:42:00,282.6,282.8,273.4,273.4,25025
2026-02-19 13:43:00,13:43:00,273.25,278.9,272.0,278.2,13715
2026-02-19 13:44:00,13:44:00,278.2,283.0,278.0,278.0,14755
2026-02-19 13:45:00,13:45:00,278.0,281.3,274.6,275.1,9165
2026-02-19 13:46:00,13:46:00,275.1,276.05,271.4,273.05,14625
2026-02-19 13:47:00,13:47:00,273.95,274.9,267.75,267.75,12090
2026-02-19 13:48:00,13:48:00,268.55,269.4,262.1,269.4,43355
2026-02-19 13:49:00,13:49:00,267.9,269.4,264.55,268.05,21255
2026-02-19 13:50:00,13:50:00,268.9,270.1,265.0,265.9,27690
2026-02-19 13:51:00,13:51:00,266.15,268.4,265.4,266.55,12155
2026-02-19 13:52:00,13:52:00,305.6,306.3,293.3,296.05,7735
2026-02-19 13:53:00,13:53:00,295.85,299.0,290.0,299.0,11960
2026-02-19 13:54:00,13:54:00,261.35,267.75,259.3,263.9,58370
2026-02-19 13:55:00,13:55:00,263.6,265.45,260.8,261.6,27560
2026-02-19 13:56:00,13:56:00,300.15,300.5,296.2,296.2,4160
2026-02-19 13:57:00,13:57:00,294.0,295.2,292.95,294.9,5265
2026-02-19 13:58:00,13:58:00,292.6,294.9,288.35,291.0,5655
2026-02-19 13:59:00,13:59:00,289.1,291.0,286.9,287.0,9295
2026-02-19 14:00:00,14:00:00,286.5,290.0,285.9,289.35,14105
2026-02-19 14:01:00,14:01:00,288.85,290.55,281.0,283.45,17615
2026-02-19 14:02:00,14:02:00,282.45,284.4,278.0,283.65,9100
2026-02-19 14:03:00,14:03:00,283.35,284.2,277.15,277.15,15535
2026-02-19 14:04:00,14:04:00,278.85,278.85,274.7,277.55,21255
2026-02-19 14:05:00,14:05:00,275.2,277.55,271.45,274.9,13455
2026-02-19 14:06:00,14:06:00,272.5,280.5,271.6,280.35,11700
2026-02-19 14:07:00,14:07:00,280.25,285.5,280.0,282.05,3900
2026-02-19 14:08:00,14:08:00,282.7,284.8,282.05,282.8,2535
2026-02-19 14:09:00,14:09:00,284.05,288.05,282.65,287.0,5265
2026-02-19 14:10:00,14:10:00,288.05,294.25,285.65,285.65,9815
2026-02-19 14:11:00,14:11:00,286.5,288.7,285.65,287.0,2730
2026-02-19 14:12:00,14:12:00,286.9,288.95,282.2,282.8,1365
2026-02-19 14:13:00,14:13:00,283.3,291.45,282.8,291.45,3965
2026-02-19 14:14:00,14:14:00,291.8,295.05,291.45,293.05,5655
2026-02-19 14:15:00,14:15:00,254.1,256.55,252.2,255.55,28990
2026-02-19 14:16:00,14:16:00,255.9,263.8,255.55,262.9,85800
2026-02-19 14:17:00,14:17:00,262.5,264.8,258.55,263.0,40885
2026-02-19 14:18:00,14:18:00,263.7,264.15,260.75,261.25,24440
2026-02-19 14:19:00,14:19:00,259.75,265.4,257.9,263.35,38740
2026-02-19 14:20:00,14:20:00,263.4,271.4,261.5,269.35,72345
2026-02-19 14:21:00,14:21:00,270.0,270.95,258.1,258.1,62725
2026-02-19 14:22:00,14:22:00,257.5,262.6,257.15,258.7,59345
2026-02-19 14:23:00,14:23:00,257.4,258.45,253.7,258.0,54925
2026-02-19 14:24:00,14:24:00,258.5,263.35,258.0,259.3,20410
2026-02-19 14:25:00,14:25:00,295.05,298.85,293.35,293.35,2470
2026-02-19 14:26:00,14:26:00,293.15,294.25,290.4,290.75,11180
2026-02-19 14:27:00,14:27:00,289.15,290.75,281.1,282.0,11505
2026-02-19 14:28:00,14:28:00,282.25,286.3,282.0,284.0,5850
2026-02-19 14:29:00,14:29:00,280.0,284.0,270.35,271.6,11505
2026-02-19 14:30:00,14:30:00,272.05,286.0,271.6,286.0,11310
2026-02-19 14:31:00,14:31:00,287.3,288.85,285.2,288.6,7670
2026-02-19 14:32:00,14:32:00,288.15,289.6,286.25,289.5,5330
2026-02-19 14:33:00,14:33:00,289.6,291.0,284.55,285.7,5005
2026-02-19 14:34:00,14:34:00,287.25,287.25,285.7,286.6,260
2026-02-19 14:35:00,14:35:00,287.2,291.35,285.8,290.3,5850
2026-02-19 14:36:00,14:36:00,290.2,290.9,287.3,288.65,3185
2026-02-19 14:37:00,14:37:00,288.35,291.0,284.8,284.8,1365
2026-02-19 14:38:00,14:38:00,284.85,288.0,284.8,287.0,2080
2026-02-19 14:39:00,14:39:00,284.0,290.0,284.0,287.65,2600
2026-02-19 14:40:00,14:40:00,287.4,290.0,284.95,285.8,4095
2026-02-19 14:41:00,14:41:00,285.55,285.8,275.1,275.1,7865
2026-02-19 14:42:00,14:42:00,274.9,278.5,269.15,269.85,10790
2026-02-19 14:43:00,14:43:00,265.95,269.85,260.2,261.0,16575
2026-02-19 14:44:00,14:44:00,299.3,301.6,292.7,292.7,33540
2026-02-19 14:45:00,14:45:00,291.05,293.6,285.0,292.2,39585
2026-02-19 14:46:00,14:46:00,295.0,296.2,284.25,285.6,33410
2026-02-19 14:47:00,14:47:00,285.75,286.6,278.9,280.0,38480
2026-02-19 14:48:00,14:48:00,279.9,283.8,272.1,275.65,40690
2026-02-19 14:49:00,14:49:00,275.4,290.25,272.0,288.9,48035
2026-02-19 14:50:00,14:50:00,287.2,289.7,284.55,285.15,63050
2026-02-19 14:51:00,14:51:00,286.4,290.15,284.25,287.3,10075
2026-02-19 14:52:00,14:52:00,288.45,290.85,286.55,290.05,12025
2026-02-19 14:53:00,14:53:00,289.5,290.45,283.2,284.95,24765
2026-02-19 14:54:00,14:54:00,284.95,289.0,284.65,287.3,11310
2026-02-19 14:55:00,14:55:00,288.1,288.1,279.5,283.95,22880
2026-02-19 14:56:00,14:56:00,283.25,287.9,282.15,284.05,12285
2026-02-19 14:57:00,14:57:00,245.2,255.0,240.0,253.05,23530
2026-02-19 14:58:00,14:58:00,254.55,254.55,247.15,249.6,14495
2026-02-19 14:59:00,14:59:00,288.6,291.5,283.75,283.75,12870
2026-02-19 15:00:00,15:00:00,283.55,283.75,271.35,274.45,38415
2026-02-19 15:01:00,15:01:00,312.6,312.65,293.8,293.8,15990
2026-02-19 15:02:00,15:02:00,254.95,259.0,249.3,259.0,109915
2026-02-19 15:03:00,15:03:00,260.15,268.55,259.0,264.75,64675
2026-02-19 15:04:00,15:04:00,263.9,265.25,259.6,264.85,26520
2026-02-19 15:05:00,15:05:00,264.65,267.6,260.1,260.1,53170
2026-02-19 15:06:00,15:06:00,299.6,299.6,288.65,290.35,6110
2026-02-19 15:07:00,15:07:00,290.2,290.35,273.4,277.1,11440
2026-02-19 15:08:00,15:08:00,276.75,282.8,268.4,276.45,10725
2026-02-19 15:09:00,15:09:00,239.6,255.0,237.0,254.65,96590
2026-02-19 15:10:00,15:10:00,254.85,262.35,251.3,261.1,48620
2026-02-19 15:11:00,15:11:00,261.4,261.4,257.1,259.3,32565
2026-02-19 15:12:00,15:12:00,258.75,259.3,253.5,253.9,62595
2026-02-19 15:13:00,15:13:00,292.2,292.55,283.65,287.1,13585
2026-02-19 15:14:00,15:14:00,287.6,287.6,277.55,279.3,10400
2026-02-19 15:15:00,15:15:00,279.6,281.7,274.15,278.5,10530
2026-02-19 15:16:00,15:16:00,277.65,278.5,264.6,268.45,25675
2026-02-19 15:17:00,15:17:00,269.4,269.75,259.75,265.4,21580
2026-02-19 15:18:00,15:18:00,302.65,303.6,297.5,298.95,22035
2026-02-19 15:19:00,15:19:00,298.2,298.95,284.55,291.05,48815
2026-02-19 15:20:00,15:20:00,292.3,297.4,283.05,286.9,29640
2026-02-19 15:21:00,15:21:00,285.85,293.6,280.4,293.6,49855
2026-02-19 15:22:00,15:22:00,295.5,296.9,282.8,285.5,36010
2026-02-19 15:23:00,15:23:00,285.4,287.0,285.0,286.0,19240
2026-02-19 15:24:00,15:24:00,288.0,290.65,285.1,289.35,46670
2026-02-19 15:25:00,15:25:00,289.8,291.7,287.7,288.65,31590
2026-02-19 15:26:00,15:26:00,289.0,289.1,283.3,283.3,19760
2026-02-19 15:27:00,15:27:00,283.6,283.85,278.4,278.85,31135
2026-02-19 15:28:00,15:28:00,278.45,282.4,278.45,282.4,15080
2026-02-19 15:29:00,15:29:00,281.9,286.55,281.9,286.55,35750
2026-02-20 09:15:00,09:15:00,74.0,75.85,60.1,74.3,2813330
2026-02-20 09:16:00,09:16:00,74.85,80.65,72.7,74.8,2679625
2026-02-20 09:17:00,09:17:00,77.3,77.7,67.2,67.2,2090400
2026-02-20 09:18:00,09:18:00,68.15,71.2,64.4,68.8,1646840
2026-02-20 09:19:00,09:19:00,69.8,72.6,67.2,71.35,1440400
2026-02-20 09:20:00,09:20:00,71.4,73.75,68.7,71.05,1409460
2026-02-20 09:21:00,09:21:00,71.3,77.05,71.05,72.2,1673425
2026-02-20 09:22:00,09:22:00,72.4,75.8,71.15,72.0,1243970
2026-02-20 09:23:00,09:23:00,73.35,73.4,66.5,66.5,1242280
2026-02-20 09:24:00,09:24:00,66.7,67.55,60.7,60.7,1525225
2026-02-20 09:25:00,09:25:00,77.5,78.7,73.65,74.9,1200290
2026-02-20 09:26:00,09:26:00,75.4,80.4,74.9,77.95,667030
2026-02-20 09:27:00,09:27:00,78.6,80.95,76.6,78.55,450710
2026-02-20 09:28:00,09:28:00,79.0,79.0,74.6,74.75,430885
2026-02-20 09:29:00,09:29:00,74.9,75.95,68.25,68.25,1164215
2026-02-20 09:30:00,09:30:00,69.2,79.4,68.25,79.4,851370
2026-02-20 09:31:00,09:31:00,79.75,79.95,73.15,73.35,762320
2026-02-20 09:32:00,09:32:00,58.15,64.95,57.5,64.8,974350
2026-02-20 09:33:00,09:33:00,64.95,70.85,64.6,70.05,2084615
2026-02-20 09:34:00,09:34:00,69.1,76.0,68.7,75.15,2301325
2026-02-20 09:35:00,09:35:00,74.8,77.2,72.85,73.3,1896505
2026-02-20 09:36:00,09:36:00,57.95,61.9,57.5,59.75,566735
2026-02-20 09:37:00,09:37:00,75.9,76.95,72.0,75.55,1224275
2026-02-20 09:38:00,09:38:00,75.35,75.6,69.3,72.45,1093365
2026-02-20 09:39:00,09:39:00,71.85,74.95,71.75,73.95,868595
2026-02-20 09:40:00,09:40:00,74.0,74.0,69.1,72.0,893295
2026-02-20 09:41:00,09:41:00,72.9,73.2,69.75,70.5,602225
2026-02-20 09:42:00,09:42:00,70.65,78.9,69.2,75.35,1283230
2026-02-20 09:43:00,09:43:00,60.05,63.7,59.6,62.8,638885
2026-02-20 09:44:00,09:44:00,62.45,65.7,61.15,63.6,777595
2026-02-20 09:45:00,09:45:00,63.4,65.85,61.75,64.1,587535
2026-02-20 09:46:00,09:46:00,63.5,65.6,62.7,64.0,605670
2026-02-20 09:47:00,09:47:00,63.7,68.2,63.7,67.15,769860
2026-02-20 09:48:00,09:48:00,66.9,75.9,66.6,75.8,1444560
2026-02-20 09:49:00,09:49:00,77.0,77.0,71.05,75.0,1040325
2026-02-20 09:50:00,09:50:00,75.1,80.5,74.05,78.55,1200030
2026-02-20 09:51:00,09:51:00,78.3,80.3,75.6,78.45,818025
2026-02-20 09:52:00,09:52:00,79.2,79.2,72.35,72.7,898625
2026-02-20 09:53:00,09:53:00,72.65,75.5,71.7,72.75,492115
2026-02-20 09:54:00,09:54:00,72.75,74.85,70.6,74.8,594165
2026-02-20 09:55:00,09:55:00,74.75,76.55,72.7,75.9,465920
2026-02-20 09:56:00,09:56:00,76.25,83.15,75.9,80.65,1334320
2026-02-20 09:57:00,09:57:00,80.5,82.05,78.1,82.05,844935
2026-02-20 09:58:00,09:58:00,81.4,82.05,76.2,79.55,635635
2026-02-20 09:59:00,09:59:00,80.5,83.6,78.6,82.45,632515
2026-02-20 10:00:00,10:00:00,82.15,82.55,75.75,76.85,772785
2026-02-20 10:01:00,10:01:00,76.9,80.3,75.6,76.2,479375
2026-02-20 10:02:00,10:02:00,76.6,77.45,74.85,76.9,437060
2026-02-20 10:03:00,10:03:00,76.9,78.55,72.2,72.4,584675
2026-02-20 10:04:00,10:04:00,72.05,75.1,71.95,73.45,472225
2026-02-20 10:05:00,10:05:00,74.2,76.9,73.4,73.4,417690
2026-02-20 10:06:00,10:06:00,74.25,78.75,73.4,74.85,507325
2026-02-20 10:07:00,10:07:00,74.85,75.35,71.65,73.0,480870
2026-02-20 10:08:00,10:08:00,73.25,74.2,64.55,64.95,1215370
2026-02-20 10:09:00,10:09:00,64.3,65.5,61.2,65.15,936065
2026-02-20 10:10:00,10:10:00,64.95,68.55,64.5,68.05,590525
2026-02-20 10:11:00,10:11:00,68.2,72.7,67.15,72.6,713830
2026-02-20 10:12:00,10:12:00,71.6,74.3,70.0,70.95,596505
2026-02-20 10:13:00,10:13:00,71.7,72.8,66.55,66.55,545220
2026-02-20 10:14:00,10:14:00,66.25,67.55,63.75,66.25,580515
2026-02-20 10:15:00,10:15:00,65.6,71.5,65.6,71.2,546000
2026-02-20 10:16:00,10:16:00,71.1,78.25,71.1,77.05,1003925
2026-02-20 10:17:00,10:17:00,77.4,79.95,76.15,79.65,882505
2026-02-20 10:18:00,10:18:00,63.6,69.25,63.25,68.45,2300415
2026-02-20 10:19:00,10:19:00,68.25,69.75,66.6,68.0,1657825
2026-02-20 10:20:00,10:20:00,67.85,68.85,65.6,67.9,1589380
2026-02-20 10:21:00,10:21:00,67.75,69.2,66.25,68.05,771615
2026-02-20 10:22:00,10:22:00,67.95,74.9,67.95,72.1,2170155
2026-02-20 10:23:00,10:23:00,72.45,73.1,68.0,69.7,1081535
2026-02-20 10:24:00,10:24:00,69.45,72.35,68.8,71.5,673595
2026-02-20 10:25:00,10:25:00,71.8,75.1,71.5,73.75,1089660
2026-02-20 10:26:00,10:26:00,74.0,81.4,71.75,79.7,1840540
2026-02-20 10:27:00,10:27:00,79.35,80.95,77.45,77.45,1955460
2026-02-20 10:28:00,10:28:00,77.15,77.9,74.0,74.25,1073670
2026-02-20 10:29:00,10:29:00,74.95,75.9,73.25,75.55,965965
2026-02-20 10:30:00,10:30:00,76.35,84.8,75.55,82.25,3424395
2026-02-20 10:31:00,10:31:00,82.7,85.65,81.25,83.5,1795690
2026-02-20 10:32:00,10:32:00,83.75,90.0,83.5,88.3,1792440
2026-02-20 10:33:00,10:33:00,71.35,74.4,69.05,74.1,876655
2026-02-20 10:34:00,10:34:00,91.35,91.6,86.5,88.6,1221740
2026-02-20 10:35:00,10:35:00,89.05,92.6,87.45,89.1,1532765
2026-02-20 10:36:00,10:36:00,88.4,90.0,87.2,89.3,684060
2026-02-20 10:37:00,10:37:00,88.75,90.35,86.3,87.2,737360
2026-02-20 10:38:00,10:38:00,87.55,87.65,84.7,86.25,875095
2026-02-20 10:39:00,10:39:00,70.2,73.95,69.2,73.6,585325
2026-02-20 10:40:00,10:40:00,74.55,81.75,72.5,81.15,1542125
2026-02-20 10:41:00,10:41:00,81.75,87.85,81.15,84.6,1589445
2026-02-20 10:42:00,10:42:00,85.15,85.15,78.65,83.5,1091675
2026-02-20 10:43:00,10:43:00,83.5,84.45,81.5,82.6,525655
2026-02-20 10:44:00,10:44:00,82.5,84.85,81.45,82.95,491985
2026-02-20 10:45:00,10:45:00,83.35,86.0,82.95,83.6,898235
2026-02-20 10:46:00,10:46:00,83.5,83.6,79.3,83.45,769470
2026-02-20 10:47:00,10:47:00,83.0,83.45,74.0,74.0,880100
2026-02-20 10:48:00,10:48:00,73.55,80.3,72.65,78.0,872950
2026-02-20 10:49:00,10:49:00,77.85,79.05,74.0,75.85,472745
2026-02-20 10:50:00,10:50:00,76.3,78.2,70.2,70.85,731250
2026-02-20 10:51:00,10:51:00,71.65,76.45,70.85,74.65,535600
2026-02-20 10:52:00,10:52:00,74.6,79.45,74.2,76.2,648635
2026-02-20 10:53:00,10:53:00,75.7,78.85,73.35,74.7,424320
2026-02-20 10:54:00,10:54:00,74.35,78.1,74.35,75.75,301210
2026-02-20 10:55:00,10:55:00,75.75,77.9,74.75,75.8,288860
2026-02-20 10:56:00,10:56:00,75.55,77.8,74.85,75.35,258960
2026-02-20 10:57:00,10:57:00,76.6,77.4,73.75,74.5,336635
2026-02-20 10:58:00,10:58:00,74.15,74.5,69.0,69.15,748735
2026-02-20 10:59:00,10:59:00,69.8,74.85,69.15,72.15,750100
2026-02-20 11:00:00,11:00:00,72.9,75.95,72.15,75.75,318240
2026-02-20 11:01:00,11:01:00,75.15,75.85,69.8,72.45,467805
2026-02-20 11:02:00,11:02:00,89.95,90.8,84.55,85.5,1088295
2026-02-20 11:03:00,11:03:00,86.2,89.4,85.3,85.9,902785
2026-02-20 11:04:00,11:04:00,69.2,72.65,68.55,71.4,386425
2026-02-20 11:05:00,11:05:00,71.05,75.35,71.05,73.35,378495
2026-02-20 11:06:00,11:06:00,74.2,75.6,71.0,71.0,337740
2026-02-20 11:07:00,11:07:00,88.65,91.6,87.35,87.35,629590
2026-02-20 11:08:00,11:08:00,87.6,88.8,83.75,87.65,1198210
2026-02-20 11:09:00,11:09:00,87.65,88.15,84.8,87.35,463190
2026-02-20 11:10:00,11:10:00,87.1,88.1,85.6,86.0,413790
2026-02-20 11:11:00,11:11:00,85.4,88.2,83.0,86.9,1080235
2026-02-20 11:12:00,11:12:00,69.55,73.8,69.55,73.8,483990
2026-02-20 11:13:00,11:13:00,92.35,93.75,85.25,85.3,1186315
2026-02-20 11:14:00,11:14:00,85.15,85.45,82.7,84.25,1286025
2026-02-20 11:15:00,11:15:00,68.1,74.4,67.15,71.75,604695
2026-02-20 11:16:00,11:16:00,72.25,73.1,70.9,71.95,343590
2026-02-20 11:17:00,11:17:00,90.2,90.2,85.4,88.75,755755
2026-02-20 11:18:00,11:18:00,71.0,71.9,69.6,71.9,237640
2026-02-20 11:19:00,11:19:00,71.95,74.0,69.5,72.0,322400
2026-02-20 11:20:00,11:20:00,72.3,73.8,70.95,71.05,281255
2026-02-20 11:21:00,11:21:00,89.35,91.85,86.0,86.3,559260
2026-02-20 11:22:00,11:22:00,87.05,87.05,82.4,84.1,1258335
2026-02-20 11:23:00,11:23:00,84.85,86.35,81.5,82.9,705510
2026-02-20 11:24:00,11:24:00,83.0,86.0,82.9,84.5,557440
2026-02-20 11:25:00,11:25:00,85.0,86.65,82.15,86.1,496990
2026-02-20 11:26:00,11:26:00,68.7,70.2,67.25,70.15,312000
2026-02-20 11:27:00,11:27:00,70.95,73.6,70.15,72.15,596440
2026-02-20 11:28:00,11:28:00,72.05,78.6,72.05,77.05,935935
2026-02-20 11:29:00,11:29:00,77.05,78.35,72.4,73.2,716365
2026-02-20 11:30:00,11:30:00,72.75,79.3,72.75,77.9,641680
2026-02-20 11:31:00,11:31:00,78.0,79.95,75.9,78.65,619970
2026-02-20 11:32:00,11:32:00,79.05,79.05,71.0,71.2,675285
2026-02-20 11:33:00,11:33:00,71.5,74.7,69.5,73.35,551330
2026-02-20 11:34:00,11:34:00,73.05,74.95,72.05,74.6,301925
2026-02-20 11:35:00,11:35:00,74.85,75.4,73.15,73.2,269035
2026-02-20 11:36:00,11:36:00,73.55,76.55,71.6,75.15,341510
2026-02-20 11:37:00,11:37:00,74.7,77.6,74.45,77.25,390260
2026-02-20 11:38:00,11:38:00,77.9,79.3,75.25,76.35,568100
2026-02-20 11:39:00,11:39:00,77.2,78.45,75.6,77.15,307450
2026-02-20 11:40:00,11:40:00,76.65,78.1,75.2,75.75,265005
2026-02-20 11:41:00,11:41:00,75.75,78.55,75.1,76.85,403065
2026-02-20 11:42:00,11:42:00,77.25,78.65,74.15,76.2,396955
2026-02-20 11:43:00,11:43:00,75.95,76.95,75.0,75.95,184990
2026-02-20 11:44:00,11:44:00,76.4,76.9,75.05,75.8,181675
2026-02-20 11:45:00,11:45:00,75.9,78.45,75.8,77.55,337480
2026-02-20 11:46:00,11:46:00,77.9,84.45,76.5,83.2,1142830
2026-02-20 11:47:00,11:47:00,83.0,83.2,78.65,78.65,900640
2026-02-20 11:48:00,11:48:00,78.65,79.3,71.75,72.25,1023490
2026-02-20 11:49:00,11:49:00,71.75,74.35,70.5,74.35,462410
2026-02-20 11:50:00,11:50:00,74.3,74.35,71.9,73.9,323505
2026-02-20 11:51:00,11:51:00,74.35,75.3,73.75,73.8,292955
2026-02-20 11:52:00,11:52:00,75.05,76.85,73.45,75.0,361660
2026-02-20 11:53:00,11:53:00,75.05,75.85,72.75,73.65,212680
2026-02-20 11:54:00,11:54:00,73.65,73.65,68.4,70.25,620360
2026-02-20 11:55:00,11:55:00,70.4,71.7,68.8,71.7,315315
2026-02-20 11:56:00,11:56:00,72.05,73.65,71.7,73.25,383565
2026-02-20 11:57:00,11:57:00,73.55,78.15,73.0,77.95,512850
2026-02-20 11:58:00,11:58:00,78.35,80.15,75.3,77.55,641160
2026-02-20 11:59:00,11:59:00,76.95,78.4,74.15,74.15,412295
2026-02-20 12:00:00,12:00:00,74.45,76.35,73.55,73.7,281060
2026-02-20 12:01:00,12:01:00,73.3,74.7,69.85,70.6,500240
2026-02-20 12:02:00,12:02:00,70.4,71.2,68.1,69.6,368420
2026-02-20 12:03:00,12:03:00,70.0,71.35,69.05,69.6,249795
2026-02-20 12:04:00,12:04:00,69.5,70.65,69.0,70.15,190385
2026-02-20 12:05:00,12:05:00,70.65,71.2,69.0,69.7,182455
2026-02-20 12:06:00,12:06:00,69.8,70.85,68.4,70.35,183300
2026-02-20 12:07:00,12:07:00,70.45,71.55,68.35,70.45,217165
2026-02-20 12:08:00,12:08:00,70.9,71.95,69.85,69.9,195910
2026-02-20 12:09:00,12:09:00,70.15,70.8,67.65,70.7,361985
2026-02-20 12:10:00,12:10:00,70.9,71.25,69.65,70.5,200460
2026-02-20 12:11:00,12:11:00,70.45,71.85,70.15,71.25,233220
2026-02-20 12:12:00,12:12:00,71.2,71.35,69.35,70.95,186355
2026-02-20 12:13:00,12:13:00,70.75,72.55,69.55,72.55,186680
2026-02-20 12:14:00,12:14:00,72.3,76.0,72.1,74.8,520845
2026-02-20 12:15:00,12:15:00,74.85,79.8,74.8,78.45,719550
2026-02-20 12:16:00,12:16:00,77.85,82.05,77.55,80.3,1108770
2026-02-20 12:17:00,12:17:00,63.75,69.3,63.2,64.8,2211495
2026-02-20 12:18:00,12:18:00,64.75,71.35,64.55,71.35,2012595
2026-02-20 12:19:00,12:19:00,69.8,72.1,69.5,70.25,2043600
2026-02-20 12:20:00,12:20:00,71.3,76.35,70.25,71.2,2515695
2026-02-20 12:21:00,12:21:00,72.3,73.95,69.75,73.3,1408875
2026-02-20 12:22:00,12:22:00,72.35,76.05,70.65,76.05,1271530
2026-02-20 12:23:00,12:23:00,75.2,76.2,73.8,75.85,1541215
2026-02-20 12:24:00,12:24:00,75.4,75.85,73.05,73.5,1053780
2026-02-20 12:25:00,12:25:00,73.55,74.55,72.2,72.55,783510
2026-02-20 12:26:00,12:26:00,73.4,79.45,72.55,79.45,1932775
2026-02-20 12:27:00,12:27:00,79.5,79.5,74.5,76.65,1473030
2026-02-20 12:28:00,12:28:00,76.3,80.0,75.9,76.15,1245205
2026-02-20 12:29:00,12:29:00,76.2,78.05,75.7,76.95,658710
2026-02-20 12:30:00,12:30:00,77.05,78.35,75.45,77.0,682305
2026-02-20 12:31:00,12:31:00,76.4,78.25,75.7,77.4,578695
2026-02-20 12:32:00,12:32:00,76.95,77.4,74.2,74.2,894790
2026-02-20 12:33:00,12:33:00,74.35,75.35,70.3,70.85,1378780
2026-02-20 12:34:00,12:34:00,71.15,73.25,70.0,71.75,709670
2026-02-20 12:35:00,12:35:00,72.0,73.9,71.2,71.55,682825
2026-02-20 12:36:00,12:36:00,71.2,73.5,70.0,71.25,623415
2026-02-20 12:37:00,12:37:00,71.5,72.3,68.45,69.65,836940
2026-02-20 12:38:00,12:38:00,69.65,71.3,68.45,68.55,520910
2026-02-20 12:39:00,12:39:00,68.4,69.55,67.7,68.65,515710
2026-02-20 12:40:00,12:40:00,68.7,69.55,67.2,68.0,560690
2026-02-20 12:41:00,12:41:00,68.0,69.4,65.8,65.8,665795
2026-02-20 12:42:00,12:42:00,83.85,85.65,81.5,82.05,609635
2026-02-20 12:43:00,12:43:00,82.7,83.0,75.55,75.9,1404455
2026-02-20 12:44:00,12:44:00,76.9,77.7,74.05,75.25,783120
2026-02-20 12:45:00,12:45:00,74.6,76.4,73.75,75.4,678535
2026-02-20 12:46:00,12:46:00,74.9,75.4,71.6,72.35,716885
2026-02-20 12:47:00,12:47:00,72.6,74.1,72.25,73.65,538980
2026-02-20 12:48:00,12:48:00,73.75,79.95,73.0,79.55,1019265
2026-02-20 12:49:00,12:49:00,80.0,81.45,74.75,74.95,1197365
2026-02-20 12:50:00,12:50:00,74.6,77.35,73.7,74.45,499785
2026-02-20 12:51:00,12:51:00,74.75,77.15,74.35,76.75,407745
2026-02-20 12:52:00,12:52:00,76.1,76.75,75.0,76.25,231725
2026-02-20 12:53:00,12:53:00,76.55,76.55,72.3,74.05,483470
2026-02-20 12:54:00,12:54:00,74.0,77.6,74.0,76.85,281645
2026-02-20 12:55:00,12:55:00,76.65,77.2,74.7,75.5,329160
2026-02-20 12:56:00,12:56:00,75.3,75.5,69.55,71.25,907920
2026-02-20 12:57:00,12:57:00,70.6,71.25,66.2,66.35,767325
2026-02-20 12:58:00,12:58:00,66.3,69.65,64.65,69.2,866125
2026-02-20 12:59:00,12:59:00,69.3,71.0,68.4,70.5,541125
2026-02-20 13:00:00,13:00:00,70.5,73.75,70.5,72.3,675935
2026-02-20 13:01:00,13:01:00,72.65,72.95,70.8,71.75,409955
2026-02-20 13:02:00,13:02:00,71.9,71.9,66.8,67.0,488085
2026-02-20 13:03:00,13:03:00,67.35,68.2,65.35,65.35,548795
2026-02-20 13:04:00,13:04:00,65.15,68.55,65.1,66.5,393770
2026-02-20 13:05:00,13:05:00,66.9,67.5,65.5,66.25,260000
2026-02-20 13:06:00,13:06:00,66.4,66.7,64.35,64.35,355810
2026-02-20 13:07:00,13:07:00,81.8,82.1,78.85,79.35,1285245
2026-02-20 13:08:00,13:08:00,78.85,79.75,75.3,77.95,1530945
2026-02-20 13:09:00,13:09:00,77.8,78.6,75.1,76.15,871260
2026-02-20 13:10:00,13:10:00,76.9,78.95,72.0,72.65,1239615
2026-02-20 13:11:00,13:11:00,73.05,73.3,67.05,68.55,2633410
2026-02-20 13:12:00,13:12:00,69.65,71.0,68.55,70.3,1396330
2026-02-20 13:13:00,13:13:00,70.6,74.6,70.3,74.4,987805
2026-02-20 13:14:00,13:14:00,74.6,76.0,73.8,74.2,987610
2026-02-20 13:15:00,13:15:00,72.35,74.2,70.05,70.2,865085
2026-02-20 13:16:00,13:16:00,70.4,73.25,69.2,73.1,840840
2026-02-20 13:17:00,13:17:00,73.85,76.65,73.1,75.1,1203605
2026-02-20 13:18:00,13:18:00,75.05,75.85,72.65,73.3,540930
2026-02-20 13:19:00,13:19:00,73.45,73.65,71.2,73.5,447265
2026-02-20 13:20:00,13:20:00,73.45,75.3,72.4,72.65,511160
2026-02-20 13:21:00,13:21:00,72.75,73.1,68.7,69.95,811460
2026-02-20 13:22:00,13:22:00,70.0,73.9,69.7,73.6,522015
2026-02-20 13:23:00,13:23:00,73.9,73.9,70.65,72.0,449215
2026-02-20 13:24:00,13:24:00,72.75,75.65,72.0,74.6,424450
2026-02-20 13:25:00,13:25:00,74.6,75.3,72.2,74.9,560885
2026-02-20 13:26:00,13:26:00,75.35,77.4,73.6,74.25,1055600
2026-02-20 13:27:00,13:27:00,74.4,76.9,73.05,74.95,839930
2026-02-20 13:28:00,13:28:00,74.95,80.3,74.95,78.75,1458860
2026-02-20 13:29:00,13:29:00,79.1,80.95,77.0,78.3,1140425
2026-02-20 13:30:00,13:30:00,61.4,66.15,61.25,63.4,902785
2026-02-20 13:31:00,13:31:00,63.3,66.2,63.3,64.7,687895
2026-02-20 13:32:00,13:32:00,64.55,66.0,64.1,65.35,622505
2026-02-20 13:33:00,13:33:00,65.1,65.35,62.8,64.1,479440
2026-02-20 13:34:00,13:34:00,63.8,68.15,63.45,68.0,515385
2026-02-20 13:35:00,13:35:00,67.35,74.1,66.6,72.0,1471535
2026-02-20 13:36:00,13:36:00,70.95,72.0,65.0,65.0,1060995
2026-02-20 13:37:00,13:37:00,65.35,66.2,62.95,65.75,665145
2026-02-20 13:38:00,13:38:00,65.7,67.25,64.1,65.3,406835
2026-02-20 13:39:00,13:39:00,82.65,84.25,79.75,83.75,821600
2026-02-20 13:40:00,13:40:00,82.1,83.75,79.6,79.6,517465
2026-02-20 13:41:00,13:41:00,79.8,81.6,79.0,79.25,548535
2026-02-20 13:42:00,13:42:00,79.2,79.8,73.05,76.9,1780155
2026-02-20 13:43:00,13:43:00,60.7,65.45,60.7,64.7,539500
2026-02-20 13:44:00,13:44:00,81.55,83.65,79.75,79.75,903890
2026-02-20 13:45:00,13:45:00,63.0,67.6,62.95,63.65,596635
2026-02-20 13:46:00,13:46:00,64.1,64.25,62.2,63.9,308815
2026-02-20 13:47:00,13:47:00,81.0,81.0,78.1,78.7,502385
2026-02-20 13:48:00,13:48:00,62.35,64.15,61.15,63.7,253955
2026-02-20 13:49:00,13:49:00,63.6,65.45,63.05,64.5,426595
2026-02-20 13:50:00,13:50:00,64.95,65.9,64.3,65.3,267020
2026-02-20 13:51:00,13:51:00,65.55,65.95,63.15,63.35,264810
2026-02-20 13:52:00,13:52:00,80.6,81.5,79.0,79.9,478270
2026-02-20 13:53:00,13:53:00,79.9,81.3,79.25,80.6,254345
2026-02-20 13:54:00,13:54:00,80.95,80.95,76.8,76.85,612235
2026-02-20 13:55:00,13:55:00,76.4,80.45,76.15,80.25,705770
2026-02-20 13:56:00,13:56:00,63.15,64.9,62.15,64.8,284830
2026-02-20 13:57:00,13:57:00,64.65,67.5,63.45,66.95,518505
2026-02-20 13:58:00,13:58:00,67.7,72.4,66.95,69.6,1027065
2026-02-20 13:59:00,13:59:00,69.25,72.9,69.25,72.75,629330
2026-02-20 14:00:00,14:00:00,72.1,73.05,69.8,71.45,745550
2026-02-20 14:01:00,14:01:00,71.6,76.4,71.25,73.9,1027520
2026-02-20 14:02:00,14:02:00,73.55,73.9,69.2,69.5,682565
2026-02-20 14:03:00,14:03:00,69.75,72.85,69.5,71.25,425425
2026-02-20 14:04:00,14:04:00,71.6,72.9,67.85,67.85,384410
2026-02-20 14:05:00,14:05:00,67.75,68.5,62.6,67.45,1154920
2026-02-20 14:06:00,14:06:00,67.5,69.7,67.45,68.85,502580
2026-02-20 14:07:00,14:07:00,69.05,71.85,66.8,70.65,454675
2026-02-20 14:08:00,14:08:00,70.6,72.0,68.7,69.3,374855
2026-02-20 14:09:00,14:09:00,69.8,70.65,68.95,70.15,259155
2026-02-20 14:10:00,14:10:00,70.4,71.75,69.4,69.95,269490
2026-02-20 14:11:00,14:11:00,69.5,71.0,68.2,70.3,297960
2026-02-20 14:12:00,14:12:00,70.8,71.05,68.5,69.9,266760
2026-02-20 14:13:00,14:13:00,69.85,70.1,68.1,69.95,227370
2026-02-20 14:14:00,14:14:00,69.95,71.0,68.6,70.0,321750
2026-02-20 14:15:00,14:15:00,69.9,73.25,69.9,72.0,721760
2026-02-20 14:16:00,14:16:00,71.8,75.4,71.8,73.4,776100
2026-02-20 14:17:00,14:17:00,73.55,75.2,72.45,75.2,531895
2026-02-20 14:18:00,14:18:00,61.55,62.2,58.5,61.1,2942875
2026-02-20 14:19:00,14:19:00,61.0,62.9,59.7,61.3,1267760
2026-02-20 14:20:00,14:20:00,77.9,78.75,75.25,77.35,782990
2026-02-20 14:21:00,14:21:00,59.65,64.05,59.65,63.9,1474915
2026-02-20 14:22:00,14:22:00,80.55,80.75,76.4,77.7,701675
2026-02-20 14:23:00,14:23:00,77.5,77.8,73.6,73.95,658710
2026-02-20 14:24:00,14:24:00,73.9,75.55,71.7,73.4,579865
2026-02-20 14:25:00,14:25:00,73.0,73.4,71.05,73.0,538785
2026-02-20 14:26:00,14:26:00,72.95,73.6,69.4,69.7,673075
2026-02-20 14:27:00,14:27:00,69.7,72.9,69.7,70.1,396890
2026-02-20 14:28:00,14:28:00,70.1,70.1,66.6,67.9,718185
2026-02-20 14:29:00,14:29:00,68.0,70.6,65.05,65.05,478660
2026-02-20 14:30:00,14:30:00,65.35,68.75,63.8,67.8,672815
2026-02-20 14:31:00,14:31:00,68.25,69.85,67.45,69.55,350870
2026-02-20 14:32:00,14:32:00,70.2,71.35,67.55,70.15,556140
2026-02-20 14:33:00,14:33:00,69.6,70.65,67.95,70.65,267215
2026-02-20 14:34:00,14:34:00,70.1,71.4,68.1,70.35,361075
2026-02-20 14:35:00,14:35:00,69.85,75.15,69.85,74.6,639015
2026-02-20 14:36:00,14:36:00,74.95,76.4,71.15,73.55,817635
2026-02-20 14:37:00,14:37:00,74.0,74.45,70.55,70.55,362440
2026-02-20 14:38:00,14:38:00,70.05,70.8,68.0,68.65,657020
2026-02-20 14:39:00,14:39:00,68.75,73.35,68.65,72.65,422825
2026-02-20 14:40:00,14:40:00,73.1,75.65,72.15,72.95,671905
2026-02-20 14:41:00,14:41:00,72.9,75.3,71.45,75.3,377520
2026-02-20 14:42:00,14:42:00,75.4,75.7,72.95,74.75,344500
2026-02-20 14:43:00,14:43:00,74.65,77.9,73.65,77.25,686920
2026-02-20 14:44:00,14:44:00,59.8,66.3,59.8,62.4,2020135
2026-02-20 14:45:00,14:45:00,62.9,68.45,61.45,66.95,1714700
2026-02-20 14:46:00,14:46:00,66.45,69.0,65.2,68.05,1647490
2026-02-20 14:47:00,14:47:00,68.2,68.2,63.7,66.95,1236560
2026-02-20 14:48:00,14:48:00,67.05,70.55,65.95,69.5,1508715
2026-02-20 14:49:00,14:49:00,68.8,71.75,67.9,70.3,1566955
2026-02-20 14:50:00,14:50:00,70.0,70.3,62.95,64.0,1689805
2026-02-20 14:51:00,14:51:00,63.5,64.0,57.15,62.6,2145585
2026-02-20 14:52:00,14:52:00,62.45,63.5,60.2,63.25,1029860
2026-02-20 14:53:00,14:53:00,63.0,63.25,59.45,60.6,814190
2026-02-20 14:54:00,14:54:00,60.9,62.4,59.3,62.0,572975
2026-02-20 14:55:00,14:55:00,61.4,63.55,60.0,62.7,629200
2026-02-20 14:56:00,14:56:00,62.6,62.8,60.0,61.65,600405
2026-02-20 14:57:00,14:57:00,61.9,61.95,60.05,60.9,394030
2026-02-20 14:58:00,14:58:00,61.0,62.25,60.0,61.8,456300
2026-02-20 14:59:00,14:59:00,62.25,66.65,61.8,65.5,1112410
2026-02-20 15:00:00,15:00:00,84.45,84.45,75.6,75.8,1277250
2026-02-20 15:01:00,15:01:00,57.2,60.2,57.1,58.65,1115595
2026-02-20 15:02:00,15:02:00,76.1,77.15,67.0,67.75,1185470
2026-02-20 15:03:00,15:03:00,68.75,72.4,66.75,69.5,790140
2026-02-20 15:04:00,15:04:00,68.15,69.5,62.3,63.6,1382095
2026-02-20 15:05:00,15:05:00,63.85,65.05,62.05,62.2,615550
2026-02-20 15:06:00,15:06:00,60.95,62.2,56.75,59.5,1171885
2026-02-20 15:07:00,15:07:00,77.45,77.85,71.05,71.05,1260870
2026-02-20 15:08:00,15:08:00,54.75,57.6,53.35,56.6,1086540
2026-02-20 15:09:00,15:09:00,73.95,76.0,71.4,73.7,1098565
2026-02-20 15:10:00,15:10:00,72.6,73.7,68.7,69.2,1067625
2026-02-20 15:11:00,15:11:00,70.45,73.0,69.2,70.6,1009580
2026-02-20 15:12:00,15:12:00,70.55,72.35,69.5,72.1,715325
2026-02-20 15:13:00,15:13:00,72.25,72.25,69.05,70.55,841750
2026-02-20 15:14:00,15:14:00,70.25,74.25,69.55,71.95,972400
2026-02-20 15:15:00,15:15:00,71.8,73.05,69.55,72.15,929630
2026-02-20 15:16:00,15:16:00,71.9,74.2,71.3,72.85,704730
2026-02-20 15:17:00,15:17:00,73.3,73.8,70.4,71.95,603135
2026-02-20 15:18:00,15:18:00,71.9,71.95,69.65,70.55,611325
2026-02-20 15:19:00,15:19:00,70.65,70.7,61.85,63.4,1594125
2026-02-20 15:20:00,15:20:00,62.65,63.4,56.45,58.7,2132325
2026-02-20 15:21:00,15:21:00,59.05,60.0,56.65,58.15,1350635
2026-02-20 15:22:00,15:22:00,57.5,70.35,57.3,68.9,2239900
2026-02-20 15:23:00,15:23:00,70.1,70.7,60.45,64.5,1145690
2026-02-20 15:24:00,15:24:00,64.7,70.45,63.4,70.45,714935
2026-02-20 15:25:00,15:25:00,69.9,70.45,67.45,67.75,890305
2026-02-20 15:26:00,15:26:00,67.0,67.7,62.2,65.45,922155
2026-02-20 15:27:00,15:27:00,65.9,66.45,64.4,65.85,601900
2026-02-20 15:28:00,15:28:00,65.7,66.65,64.0,66.35,947180
2026-02-20 15:29:00,15:29:00,66.6,66.75,62.9,63.0,1402570
2026-02-23 09:15:00,09:15:00,235.0,235.05,193.8,193.8,906555
2026-02-23 09:16:00,09:16:00,192.25,217.45,192.05,210.6,672165
2026-02-23 09:17:00,09:17:00,171.5,205.7,171.5,203.4,1009125
2026-02-23 09:18:00,09:18:00,203.9,205.85,191.25,198.8,501735
2026-02-23 09:19:00,09:19:00,196.9,209.25,196.9,205.0,376220
2026-02-23 09:20:00,09:20:00,208.2,222.6,205.0,222.35,733655
2026-02-23 09:21:00,09:21:00,224.15,227.75,214.25,215.65,424775
2026-02-23 09:22:00,09:22:00,216.0,224.5,208.9,218.8,713050
2026-02-23 09:23:00,09:23:00,181.15,193.0,179.6,192.95,1373645
2026-02-23 09:24:00,09:24:00,190.65,203.35,190.65,197.15,1787955
2026-02-23 09:25:00,09:25:00,196.95,202.95,194.0,201.4,909805
2026-02-23 09:26:00,09:26:00,201.55,208.65,200.25,205.6,1092455
2026-02-23 09:27:00,09:27:00,204.5,212.85,202.5,212.85,905710
2026-02-23 09:28:00,09:28:00,213.0,216.45,207.1,208.0,1181375
2026-02-23 09:29:00,09:29:00,208.9,213.7,201.0,213.7,781625
2026-02-23 09:30:00,09:30:00,214.95,219.8,212.65,219.6,852085
2026-02-23 09:31:00,09:31:00,219.7,222.75,205.95,206.6,1083680
2026-02-23 09:32:00,09:32:00,206.2,209.65,200.25,206.15,746200
2026-02-23 09:33:00,09:33:00,207.8,209.4,202.7,204.6,330590
2026-02-23 09:34:00,09:34:00,205.45,206.75,200.5,202.95,322270
2026-02-23 09:35:00,09:35:00,205.2,217.4,202.95,207.65,888290
2026-02-23 09:36:00,09:36:00,209.3,213.7,204.45,213.7,275795
2026-02-23 09:37:00,09:37:00,212.85,216.1,210.55,216.0,389935
2026-02-23 09:38:00,09:38:00,216.5,224.25,208.15,208.15,805415
2026-02-23 09:39:00,09:39:00,206.95,208.15,191.7,191.7,789295
2026-02-23 09:40:00,09:40:00,231.5,237.4,228.9,230.35,83460
2026-02-23 09:41:00,09:41:00,191.45,200.0,189.05,200.0,611585
2026-02-23 09:42:00,09:42:00,200.3,205.1,195.3,198.95,449670
2026-02-23 09:43:00,09:43:00,198.85,203.0,197.15,200.25,239850
2026-02-23 09:44:00,09:44:00,200.25,203.55,195.2,196.2,275665
2026-02-23 09:45:00,09:45:00,196.95,203.3,196.2,201.25,318240
2026-02-23 09:46:00,09:46:00,200.85,203.3,191.35,191.35,355550
2026-02-23 09:47:00,09:47:00,189.95,206.85,189.95,203.1,655265
2026-02-23 09:48:00,09:48:00,203.5,209.9,200.35,208.25,731965
2026-02-23 09:49:00,09:49:00,206.95,211.35,201.6,202.05,375830
2026-02-23 09:50:00,09:50:00,202.9,207.65,195.3,198.85,384085
2026-02-23 09:51:00,09:51:00,199.0,207.25,198.85,204.1,276900
2026-02-23 09:52:00,09:52:00,203.45,204.1,196.65,199.6,185770
2026-02-23 09:53:00,09:53:00,236.25,238.6,219.0,221.9,147225
2026-02-23 09:54:00,09:54:00,222.7,225.9,216.9,224.25,81705
2026-02-23 09:55:00,09:55:00,185.4,192.0,180.05,191.75,525655
2026-02-23 09:56:00,09:56:00,193.4,203.8,191.75,198.55,1015625
2026-02-23 09:57:00,09:57:00,200.0,202.55,192.2,194.25,369330
2026-02-23 09:58:00,09:58:00,194.4,196.25,186.5,193.2,582855
2026-02-23 09:59:00,09:59:00,193.7,196.75,189.05,192.2,349180
2026-02-23 10:00:00,10:00:00,232.45,233.75,225.0,226.5,57135
2026-02-23 10:01:00,10:01:00,186.5,195.05,185.65,193.85,262470
2026-02-23 10:02:00,10:02:00,194.2,197.1,188.45,193.35,248430
2026-02-23 10:03:00,10:03:00,193.7,198.6,192.55,194.75,453830
2026-02-23 10:04:00,10:04:00,194.2,196.0,190.6,192.7,215540
2026-02-23 10:05:00,10:05:00,193.3,197.15,190.6,190.9,180310
2026-02-23 10:06:00,10:06:00,190.75,195.45,186.55,189.9,638885
2026-02-23 10:07:00,10:07:00,230.5,230.75,219.85,221.85,73385
2026-02-23 10:08:00,10:08:00,223.15,230.7,221.85,222.95,61035
2026-02-23 10:09:00,10:09:00,182.7,191.05,182.7,189.4,279955
2026-02-23 10:10:00,10:10:00,189.3,190.85,186.35,187.1,146185
2026-02-23 10:11:00,10:11:00,226.0,231.2,220.8,223.0,54470
2026-02-23 10:12:00,10:12:00,222.8,223.4,215.65,219.15,75270
2026-02-23 10:13:00,10:13:00,216.0,219.15,207.95,210.9,119795
2026-02-23 10:14:00,10:14:00,210.25,221.65,209.2,217.95,68705
2026-02-23 10:15:00,10:15:00,219.25,227.85,216.8,216.8,128375
2026-02-23 10:16:00,10:16:00,217.4,224.7,212.8,221.0,61230
2026-02-23 10:17:00,10:17:00,182.85,189.85,182.85,188.75,659230
2026-02-23 10:18:00,10:18:00,189.4,192.3,184.4,192.3,850005
2026-02-23 10:19:00,10:19:00,192.9,194.85,184.4,187.6,744640
2026-02-23 10:20:00,10:20:00,226.0,228.9,218.5,222.0,76050
2026-02-23 10:21:00,10:21:00,222.1,224.9,215.6,221.0,72150
2026-02-23 10:22:00,10:22:00,182.35,188.15,179.25,185.1,495755
2026-02-23 10:23:00,10:23:00,186.2,190.4,184.65,187.7,294450
2026-02-23 10:24:00,10:24:00,188.05,188.15,182.45,185.5,187265
2026-02-23 10:25:00,10:25:00,223.8,224.55,216.0,217.85,49465
2026-02-23 10:26:00,10:26:00,217.65,219.65,212.4,218.75,42705
2026-02-23 10:27:00,10:27:00,218.85,221.0,204.6,211.3,94380
2026-02-23 10:28:00,10:28:00,208.25,211.8,201.9,202.85,72280
2026-02-23 10:29:00,10:29:00,203.15,208.6,199.1,208.4,98345
2026-02-23 10:30:00,10:30:00,208.3,209.4,202.55,204.35,76245
2026-02-23 10:31:00,10:31:00,204.2,205.9,198.25,202.55,84825
2026-02-23 10:32:00,10:32:00,201.55,203.25,196.5,198.2,63050
2026-02-23 10:33:00,10:33:00,196.7,205.0,196.7,202.7,61945
2026-02-23 10:34:00,10:34:00,201.8,209.5,200.0,203.35,94640
2026-02-23 10:35:00,10:35:00,203.4,209.8,203.35,208.25,49530
2026-02-23 10:36:00,10:36:00,208.65,209.05,199.35,203.65,79755
2026-02-23 10:37:00,10:37:00,204.4,204.4,196.0,197.25,80535
2026-02-23 10:38:00,10:38:00,195.6,197.4,188.9,190.75,130780
2026-02-23 10:39:00,10:39:00,189.55,194.65,189.05,192.4,71305
2026-02-23 10:40:00,10:40:00,192.05,194.0,182.6,182.6,65390
2026-02-23 10:41:00,10:41:00,186.45,189.85,182.6,186.45,117000
2026-02-23 10:42:00,10:42:00,185.55,188.55,181.25,188.5,81705
2026-02-23 10:43:00,10:43:00,227.2,228.55,214.65,214.65,180765
2026-02-23 10:44:00,10:44:00,214.95,215.65,206.1,208.35,363220
2026-02-23 10:45:00,10:45:00,208.0,213.1,202.25,202.25,281970
2026-02-23 10:46:00,10:46:00,202.4,204.15,200.0,201.0,322400
2026-02-23 10:47:00,10:47:00,202.15,209.65,199.7,209.65,264875
2026-02-23 10:48:00,10:48:00,209.1,212.0,205.75,208.7,329030
2026-02-23 10:49:00,10:49:00,210.3,214.5,205.35,207.25,248560
2026-02-23 10:50:00,10:50:00,206.7,211.0,205.9,210.95,94250
2026-02-23 10:51:00,10:51:00,211.5,221.0,210.95,219.9,406705
2026-02-23 10:52:00,10:52:00,218.75,220.4,212.1,214.0,173355
2026-02-23 10:53:00,10:53:00,213.0,221.7,213.0,217.95,227435
2026-02-23 10:54:00,10:54:00,217.3,221.65,213.25,217.1,185770
2026-02-23 10:55:00,10:55:00,215.9,217.55,212.4,214.55,86125
2026-02-23 10:56:00,10:56:00,215.6,217.75,212.4,217.75,77740
2026-02-23 10:57:00,10:57:00,180.05,183.2,177.95,182.55,126555
2026-02-23 10:58:00,10:58:00,220.7,222.8,218.05,219.55,115635
2026-02-23 10:59:00,10:59:00,218.9,219.55,213.45,213.75,116090
2026-02-23 11:00:00,11:00:00,213.5,221.65,212.7,219.8,127855
2026-02-23 11:01:00,11:01:00,180.95,185.75,180.75,185.75,124215
2026-02-23 11:02:00,11:02:00,185.6,194.5,185.4,194.5,233415
2026-02-23 11:03:00,11:03:00,194.7,196.0,187.35,187.95,181740
2026-02-23 11:04:00,11:04:00,188.0,192.15,185.55,185.65,97695
2026-02-23 11:05:00,11:05:00,184.4,186.35,179.4,179.8,140400
2026-02-23 11:06:00,11:06:00,217.8,217.95,204.8,204.8,303095
2026-02-23 11:07:00,11:07:00,204.4,208.7,196.8,206.95,322660
2026-02-23 11:08:00,11:08:00,206.65,213.0,206.65,212.0,203385
2026-02-23 11:09:00,11:09:00,174.2,186.75,171.95,185.9,165165
2026-02-23 11:10:00,11:10:00,185.3,194.85,184.0,192.75,426205
2026-02-23 11:11:00,11:11:00,191.4,193.05,187.55,187.55,147355
2026-02-23 11:12:00,11:12:00,187.85,189.1,176.2,182.3,189735
2026-02-23 11:13:00,11:13:00,182.7,190.8,181.3,190.8,129480
2026-02-23 11:14:00,11:14:00,192.0,199.5,190.8,197.25,249210
2026-02-23 11:15:00,11:15:00,197.25,200.8,191.05,193.05,201175
2026-02-23 11:16:00,11:16:00,193.25,199.0,193.05,197.3,117845
2026-02-23 11:17:00,11:17:00,197.35,197.35,192.0,192.6,82550
2026-02-23 11:18:00,11:18:00,190.7,192.6,182.0,182.0,156845
2026-02-23 11:19:00,11:19:00,220.5,226.6,217.25,217.95,166465
2026-02-23 11:20:00,11:20:00,180.5,184.35,179.65,182.25,82355
2026-02-23 11:21:00,11:21:00,220.8,221.45,215.6,219.0,98735
2026-02-23 11:22:00,11:22:00,220.65,222.7,207.4,211.15,213395
2026-02-23 11:23:00,11:23:00,212.05,212.9,208.0,211.3,103480
2026-02-23 11:24:00,11:24:00,211.25,213.0,207.9,212.0,91520
2026-02-23 11:25:00,11:25:00,211.65,215.3,209.6,210.2,96200
2026-02-23 11:26:00,11:26:00,210.0,212.4,205.0,205.0,150605
2026-02-23 11:27:00,11:27:00,204.55,209.5,202.2,207.7,151840
2026-02-23 11:28:00,11:28:00,207.75,211.9,207.15,209.75,122980
2026-02-23 11:29:00,11:29:00,210.9,212.3,206.15,206.7,108940
2026-02-23 11:30:00,11:30:00,206.5,206.7,200.5,203.55,200135
2026-02-23 11:31:00,11:31:00,203.25,208.05,201.75,204.15,126230
2026-02-23 11:32:00,11:32:00,204.9,208.5,202.55,208.5,66300
2026-02-23 11:33:00,11:33:00,207.75,208.5,203.55,205.0,83850
2026-02-23 11:34:00,11:34:00,204.25,207.5,202.25,202.25,51480
2026-02-23 11:35:00,11:35:00,202.15,206.7,199.85,206.0,122395
2026-02-23 11:36:00,11:36:00,206.65,216.3,206.0,212.0,271245
2026-02-23 11:37:00,11:37:00,214.5,214.5,206.15,211.75,166660
2026-02-23 11:38:00,11:38:00,210.9,212.75,209.55,210.35,77090
2026-02-23 11:39:00,11:39:00,209.7,213.15,207.0,211.0,89895
2026-02-23 11:40:00,11:40:00,211.55,213.0,207.0,207.25,96915
2026-02-23 11:41:00,11:41:00,206.65,211.75,205.0,207.8,102310
2026-02-23 11:42:00,11:42:00,207.75,212.0,207.75,210.9,77415
2026-02-23 11:43:00,11:43:00,210.85,211.85,205.5,208.1,55120
2026-02-23 11:44:00,11:44:00,207.35,213.7,207.0,212.4,78910
2026-02-23 11:45:00,11:45:00,209.75,214.65,206.35,208.9,133510
2026-02-23 11:46:00,11:46:00,209.05,210.55,204.9,207.5,95355
2026-02-23 11:47:00,11:47:00,206.7,209.35,203.45,207.5,69615
2026-02-23 11:48:00,11:48:00,207.55,207.55,193.1,194.75,301015
2026-02-23 11:49:00,11:49:00,193.25,197.0,181.45,194.35,496795
2026-02-23 11:50:00,11:50:00,195.05,195.05,184.1,184.1,217685
2026-02-23 11:51:00,11:51:00,179.95,192.9,179.65,192.3,416845
2026-02-23 11:52:00,11:52:00,193.35,195.6,188.65,192.95,312390
2026-02-23 11:53:00,11:53:00,193.85,208.05,192.95,207.05,478465
2026-02-23 11:54:00,11:54:00,207.25,210.8,202.1,204.3,416000
2026-02-23 11:55:00,11:55:00,203.65,204.3,195.4,202.1,356785
2026-02-23 11:56:00,11:56:00,201.8,207.95,200.25,202.15,316355
2026-02-23 11:57:00,11:57:00,203.0,206.55,202.05,202.05,170885
2026-02-23 11:58:00,11:58:00,201.9,203.4,195.8,197.0,181935
2026-02-23 11:59:00,11:59:00,196.95,198.2,192.5,195.1,233415
2026-02-23 12:00:00,12:00:00,194.45,197.0,191.55,192.45,149955
2026-02-23 12:01:00,12:01:00,192.2,197.1,191.0,196.15,167700
2026-02-23 12:02:00,12:02:00,196.6,207.15,194.25,207.15,253305
2026-02-23 12:03:00,12:03:00,206.05,208.1,202.5,204.6,175760
2026-02-23 12:04:00,12:04:00,205.1,206.7,198.9,206.7,199810
2026-02-23 12:05:00,12:05:00,206.8,208.6,201.95,208.6,194545
2026-02-23 12:06:00,12:06:00,208.7,212.1,206.65,210.45,364845
2026-02-23 12:07:00,12:07:00,208.05,213.95,206.0,213.9,191815
2026-02-23 12:08:00,12:08:00,213.25,216.4,209.0,213.35,269165
2026-02-23 12:09:00,12:09:00,213.95,215.6,206.95,207.4,155090
2026-02-23 12:10:00,12:10:00,207.9,207.9,199.0,199.45,301405
2026-02-23 12:11:00,12:11:00,198.85,208.45,196.35,206.8,302900
2026-02-23 12:12:00,12:12:00,208.55,214.75,205.45,214.45,364390
2026-02-23 12:13:00,12:13:00,213.9,215.95,204.5,204.5,214175
2026-02-23 12:14:00,12:14:00,203.7,206.6,201.25,205.0,193440
2026-02-23 12:15:00,12:15:00,204.9,210.35,201.45,203.55,179790
2026-02-23 12:16:00,12:16:00,204.35,211.8,203.0,209.1,137605
2026-02-23 12:17:00,12:17:00,171.25,183.25,170.95,181.5,289120
2026-02-23 12:18:00,12:18:00,221.3,224.0,212.55,213.75,246870
2026-02-23 12:19:00,12:19:00,214.25,217.75,210.5,215.2,171470
2026-02-23 12:20:00,12:20:00,215.4,215.95,211.7,212.7,76375
2026-02-23 12:21:00,12:21:00,212.0,217.05,208.25,213.9,121550
2026-02-23 12:22:00,12:22:00,212.4,213.9,199.2,199.2,289835
2026-02-23 12:23:00,12:23:00,198.65,204.25,196.7,202.35,184730
2026-02-23 12:24:00,12:24:00,201.15,204.15,198.7,198.7,90805
2026-02-23 12:25:00,12:25:00,199.45,202.9,196.0,197.45,105820
2026-02-23 12:26:00,12:26:00,197.65,202.4,194.05,196.0,117325
2026-02-23 12:27:00,12:27:00,196.3,199.0,193.55,194.8,84370
2026-02-23 12:28:00,12:28:00,196.0,201.0,194.8,200.6,96915
2026-02-23 12:29:00,12:29:00,200.0,201.55,195.8,196.55,86905
2026-02-23 12:30:00,12:30:00,195.55,197.8,191.0,191.45,221195
2026-02-23 12:31:00,12:31:00,190.75,193.95,183.1,192.15,361985
2026-02-23 12:32:00,12:32:00,192.45,199.2,189.9,197.3,223925
2026-02-23 12:33:00,12:33:00,196.2,198.95,192.75,193.95,125970
2026-02-23 12:34:00,12:34:00,193.3,201.0,193.3,199.85,221845
2026-02-23 12:35:00,12:35:00,200.15,201.15,196.7,197.15,150345
2026-02-23 12:36:00,12:36:00,197.6,200.85,197.1,198.95,140205
2026-02-23 12:37:00,12:37:00,199.0,202.4,198.25,199.8,206830
2026-02-23 12:38:00,12:38:00,199.35,200.7,197.1,197.6,116545
2026-02-23 12:39:00,12:39:00,197.25,207.5,196.8,204.65,234390
2026-02-23 12:40:00,12:40:00,204.5,206.4,201.5,203.0,181155
2026-02-23 12:41:00,12:41:00,202.0,209.7,202.0,206.65,219700
2026-02-23 12:42:00,12:42:00,207.2,210.15,204.0,210.15,250120
2026-02-23 12:43:00,12:43:00,171.75,178.45,169.6,177.5,188890
2026-02-23 12:44:00,12:44:00,177.7,181.4,175.0,181.4,164515
2026-02-23 12:45:00,12:45:00,182.6,184.4,178.85,182.75,293410
2026-02-23 12:46:00,12:46:00,184.0,186.7,177.4,177.4,231725
2026-02-23 12:47:00,12:47:00,215.35,217.6,208.35,212.3,264680
2026-02-23 12:48:00,12:48:00,211.5,216.55,211.5,215.15,88075
2026-02-23 12:49:00,12:49:00,214.1,215.15,204.6,206.7,139230
2026-02-23 12:50:00,12:50:00,206.7,211.2,202.2,202.85,161525
2026-02-23 12:51:00,12:51:00,201.65,202.85,195.15,195.75,339820
2026-02-23 12:52:00,12:52:00,195.0,195.75,189.3,192.4,315250
2026-02-23 12:53:00,12:53:00,192.95,197.05,188.7,188.7,180115
2026-02-23 12:54:00,12:54:00,188.8,198.5,186.8,197.55,182065
2026-02-23 12:55:00,12:55:00,196.75,198.2,191.2,192.65,139100
2026-02-23 12:56:00,12:56:00,192.7,195.45,189.45,190.65,158470
2026-02-23 12:57:00,12:57:00,190.5,195.25,190.0,190.35,151320
2026-02-23 12:58:00,12:58:00,190.45,193.2,186.95,188.6,138385
2026-02-23 12:59:00,12:59:00,188.05,188.6,180.25,181.55,307190
2026-02-23 13:00:00,13:00:00,181.15,184.45,177.45,183.0,357890
2026-02-23 13:01:00,13:01:00,182.5,184.0,179.0,182.3,178945
2026-02-23 13:02:00,13:02:00,182.0,182.3,177.2,179.4,158925
2026-02-23 13:03:00,13:03:00,178.9,182.15,176.25,180.3,227955
2026-02-23 13:04:00,13:04:00,180.5,182.5,178.05,181.7,101465
2026-02-23 13:05:00,13:05:00,182.0,189.0,181.7,185.25,338325
2026-02-23 13:06:00,13:06:00,185.05,188.0,184.05,185.6,149695
2026-02-23 13:07:00,13:07:00,185.85,188.75,181.35,181.8,135655
2026-02-23 13:08:00,13:08:00,182.9,188.0,181.8,187.8,102375
2026-02-23 13:09:00,13:09:00,189.05,191.6,185.15,185.6,255450
2026-02-23 13:10:00,13:10:00,186.0,189.4,185.6,188.4,105950
2026-02-23 13:11:00,13:11:00,188.3,191.8,186.55,187.4,126360
2026-02-23 13:12:00,13:12:00,186.7,187.4,183.0,183.5,142220
2026-02-23 13:13:00,13:13:00,183.25,183.75,177.45,177.45,166335
2026-02-23 13:14:00,13:14:00,177.15,183.0,174.8,178.05,300365
2026-02-23 13:15:00,13:15:00,177.55,178.05,172.65,172.8,221585
2026-02-23 13:16:00,13:16:00,173.4,177.0,172.8,175.6,133900
2026-02-23 13:17:00,13:17:00,175.35,188.1,172.8,187.3,309660
2026-02-23 13:18:00,13:18:00,188.2,190.85,186.15,188.4,259870
2026-02-23 13:19:00,13:19:00,188.2,192.0,183.85,185.5,232765
2026-02-23 13:20:00,13:20:00,185.3,191.95,185.3,190.95,162370
2026-02-23 13:21:00,13:21:00,189.95,191.95,186.25,189.2,115635
2026-02-23 13:22:00,13:22:00,188.25,190.6,185.0,185.15,60645
2026-02-23 13:23:00,13:23:00,183.95,190.6,183.35,189.2,157625
2026-02-23 13:24:00,13:24:00,189.55,194.0,188.7,190.2,208520
2026-02-23 13:25:00,13:25:00,189.75,195.3,185.65,185.7,215410
2026-02-23 13:26:00,13:26:00,186.3,193.7,185.7,193.7,151320
2026-02-23 13:27:00,13:27:00,194.05,195.4,190.3,190.3,200330
2026-02-23 13:28:00,13:28:00,190.5,196.65,189.8,194.45,191295
2026-02-23 13:29:00,13:29:00,195.65,198.85,194.45,197.9,192335
2026-02-23 13:30:00,13:30:00,160.95,166.3,159.0,165.0,324935
2026-02-23 13:31:00,13:31:00,204.5,209.95,196.0,196.0,627380
2026-02-23 13:32:00,13:32:00,196.1,198.3,193.0,197.0,250120
2026-02-23 13:33:00,13:33:00,195.75,197.0,188.15,190.45,276380
2026-02-23 13:34:00,13:34:00,189.1,191.5,186.45,186.75,166140
2026-02-23 13:35:00,13:35:00,188.2,188.9,184.7,187.4,110565
2026-02-23 13:36:00,13:36:00,187.45,194.8,187.4,188.85,203775
2026-02-23 13:37:00,13:37:00,188.4,193.35,187.9,187.9,114920
2026-02-23 13:38:00,13:38:00,188.05,192.6,186.55,191.9,168935
2026-02-23 13:39:00,13:39:00,190.2,194.8,190.0,191.4,87035
2026-02-23 13:40:00,13:40:00,190.95,191.4,186.05,186.35,78520
2026-02-23 13:41:00,13:41:00,185.5,189.35,183.1,188.7,297050
2026-02-23 13:42:00,13:42:00,188.7,200.65,186.95,198.65,198120
2026-02-23 13:43:00,13:43:00,198.45,207.45,198.45,204.8,426920
2026-02-23 13:44:00,13:44:00,204.45,210.55,203.4,206.65,282230
2026-02-23 13:45:00,13:45:00,206.2,206.7,198.25,204.0,165295
2026-02-23 13:46:00,13:46:00,203.95,208.65,203.45,207.9,149695
2026-02-23 13:47:00,13:47:00,207.65,208.4,193.8,194.85,304265
2026-02-23 13:48:00,13:48:00,194.2,199.05,193.75,196.3,115180
2026-02-23 13:49:00,13:49:00,196.65,199.6,191.25,193.9,127075
2026-02-23 13:50:00,13:50:00,193.7,199.75,192.75,197.8,71500
2026-02-23 13:51:00,13:51:00,197.05,198.0,194.0,194.6,66040
2026-02-23 13:52:00,13:52:00,194.1,195.55,192.55,193.4,52585
2026-02-23 13:53:00,13:53:00,192.7,198.35,190.45,195.7,210015
2026-02-23 13:54:00,13:54:00,195.45,198.45,190.1,191.1,159770
2026-02-23 13:55:00,13:55:00,191.15,194.5,186.9,190.0,114205
2026-02-23 13:56:00,13:56:00,189.8,195.8,189.55,189.55,98540
2026-02-23 13:57:00,13:57:00,189.35,189.55,184.0,184.05,160290
2026-02-23 13:58:00,13:58:00,183.25,187.6,181.7,187.15,168415
2026-02-23 13:59:00,13:59:00,186.5,188.9,179.0,179.0,233870
2026-02-23 14:00:00,14:00:00,179.8,185.4,179.0,181.5,129480
2026-02-23 14:01:00,14:01:00,181.85,182.5,177.5,178.5,188630
2026-02-23 14:02:00,14:02:00,178.85,180.25,170.0,170.0,241215
2026-02-23 14:03:00,14:03:00,210.3,210.3,199.7,202.45,90155
2026-02-23 14:04:00,14:04:00,200.75,208.45,195.2,207.75,69095
2026-02-23 14:05:00,14:05:00,207.15,210.65,202.45,202.85,39520
2026-02-23 14:06:00,14:06:00,202.3,208.4,201.45,208.4,86060
2026-02-23 14:07:00,14:07:00,169.65,180.1,168.6,176.8,460265
2026-02-23 14:08:00,14:08:00,176.4,178.25,170.4,170.4,243945
2026-02-23 14:09:00,14:09:00,170.3,172.4,168.6,168.85,150215
2026-02-23 14:10:00,14:10:00,170.1,171.35,165.55,165.55,165360
2026-02-23 14:11:00,14:11:00,205.1,206.55,201.1,201.3,26715
2026-02-23 14:12:00,14:12:00,199.55,203.6,197.15,202.05,48490
2026-02-23 14:13:00,14:13:00,163.4,172.3,162.7,172.3,261040
2026-02-23 14:14:00,14:14:00,172.4,175.8,170.25,171.15,200525
2026-02-23 14:15:00,14:15:00,173.0,175.75,171.15,174.8,173615
2026-02-23 14:16:00,14:16:00,214.6,216.95,205.0,207.35,51220
2026-02-23 14:17:00,14:17:00,167.15,172.5,164.75,171.35,183300
2026-02-23 14:18:00,14:18:00,170.55,184.9,170.0,183.85,278265
2026-02-23 14:19:00,14:19:00,182.85,184.3,178.2,181.2,323895
2026-02-23 14:20:00,14:20:00,182.1,182.45,178.4,181.0,157365
2026-02-23 14:21:00,14:21:00,181.0,184.7,181.0,182.6,222885
2026-02-23 14:22:00,14:22:00,182.45,186.95,181.5,181.85,291330
2026-02-23 14:23:00,14:23:00,181.8,188.45,180.0,187.15,190450
2026-02-23 14:24:00,14:24:00,185.85,187.15,181.55,185.0,118495
2026-02-23 14:25:00,14:25:00,184.95,189.4,184.4,184.7,209625
2026-02-23 14:26:00,14:26:00,184.35,184.75,178.65,181.25,223990
2026-02-23 14:27:00,14:27:00,180.5,185.55,177.0,184.25,182520
2026-02-23 14:28:00,14:28:00,184.65,198.05,184.25,198.05,339690
2026-02-23 14:29:00,14:29:00,197.8,209.7,197.8,209.7,685035
2026-02-23 14:30:00,14:30:00,171.3,191.55,169.1,190.2,884325
2026-02-23 14:31:00,14:31:00,188.9,199.65,188.9,189.4,574275
2026-02-23 14:32:00,14:32:00,186.7,191.55,182.85,186.85,426205
2026-02-23 14:33:00,14:33:00,185.7,186.85,177.65,186.6,610155
2026-02-23 14:34:00,14:34:00,186.15,195.15,186.15,193.5,451815
2026-02-23 14:35:00,14:35:00,193.3,203.4,191.9,195.55,620425
2026-02-23 14:36:00,14:36:00,195.2,195.95,183.5,187.25,301860
2026-02-23 14:37:00,14:37:00,188.05,188.05,179.95,185.05,166270
2026-02-23 14:38:00,14:38:00,185.05,187.3,177.0,186.2,261495
2026-02-23 14:39:00,14:39:00,185.75,186.6,180.0,182.5,98995
2026-02-23 14:40:00,14:40:00,182.55,185.5,177.0,180.05,96850
2026-02-23 14:41:00,14:41:00,180.1,186.25,180.0,183.5,114465
2026-02-23 14:42:00,14:42:00,182.7,186.25,181.8,184.35,115765
2026-02-23 14:43:00,14:43:00,184.35,185.15,177.7,178.2,122590
2026-02-23 14:44:00,14:44:00,218.9,220.0,199.0,212.2,550290
2026-02-23 14:45:00,14:45:00,210.5,219.45,207.6,212.95,276185
2026-02-23 14:46:00,14:46:00,174.1,186.25,173.4,182.05,286585
2026-02-23 14:47:00,14:47:00,182.7,188.8,181.85,186.3,181675
2026-02-23 14:48:00,14:48:00,186.55,188.1,179.8,180.65,128830
2026-02-23 14:49:00,14:49:00,180.4,195.3,179.15,194.15,207025
2026-02-23 14:50:00,14:50:00,192.75,194.15,183.15,184.5,141245
2026-02-23 14:51:00,14:51:00,182.9,187.7,180.75,182.6,119210
2026-02-23 14:52:00,14:52:00,183.1,183.3,176.1,176.1,115245
2026-02-23 14:53:00,14:53:00,175.55,178.2,171.85,175.9,227760
2026-02-23 14:54:00,14:54:00,176.5,180.45,172.0,176.85,96460
2026-02-23 14:55:00,14:55:00,177.1,178.85,173.95,174.05,72215
2026-02-23 14:56:00,14:56:00,173.95,176.85,169.5,173.8,140790
2026-02-23 14:57:00,14:57:00,173.9,180.55,172.5,176.55,147940
2026-02-23 14:58:00,14:58:00,214.85,215.1,208.85,210.0,123565
2026-02-23 14:59:00,14:59:00,208.9,215.7,206.0,210.4,177320
2026-02-23 15:00:00,15:00:00,172.9,190.1,170.6,190.1,469820
2026-02-23 15:01:00,15:01:00,189.85,199.65,184.8,193.75,519415
2026-02-23 15:02:00,15:02:00,193.85,207.95,193.75,204.25,413205
2026-02-23 15:03:00,15:03:00,203.7,206.35,199.25,205.2,265915
2026-02-23 15:04:00,15:04:00,204.7,205.2,196.45,198.7,172445
2026-02-23 15:05:00,15:05:00,159.55,167.15,158.95,163.5,879320
2026-02-23 15:06:00,15:06:00,163.35,165.85,160.85,161.05,617500
2026-02-23 15:07:00,15:07:00,201.4,203.75,191.1,195.3,220740
2026-02-23 15:08:00,15:08:00,196.0,197.0,185.6,186.25,162370
2026-02-23 15:09:00,15:09:00,185.5,189.0,181.2,183.9,203190
2026-02-23 15:10:00,15:10:00,185.45,188.0,181.8,181.8,86320
2026-02-23 15:11:00,15:11:00,182.45,189.5,181.8,187.7,101140
2026-02-23 15:12:00,15:12:00,189.5,193.05,187.7,192.15,95550
2026-02-23 15:13:00,15:13:00,193.3,196.75,187.85,189.8,99580
2026-02-23 15:14:00,15:14:00,191.0,191.05,186.8,189.35,63960
2026-02-23 15:15:00,15:15:00,189.65,205.2,188.7,205.2,163605
2026-02-23 15:16:00,15:16:00,206.1,206.1,196.8,198.35,111670
2026-02-23 15:17:00,15:17:00,197.3,198.75,193.65,197.05,195260
2026-02-23 15:18:00,15:18:00,197.8,200.25,194.6,199.95,47060
2026-02-23 15:19:00,15:19:00,201.85,201.9,196.95,197.85,69030
2026-02-23 15:20:00,15:20:00,197.4,197.85,193.2,194.4,87620
2026-02-23 15:21:00,15:21:00,195.5,195.5,190.6,190.65,116480
2026-02-23 15:22:00,15:22:00,189.6,190.65,181.6,185.8,114075
2026-02-23 15:23:00,15:23:00,185.0,190.7,184.05,188.0,46930
2026-02-23 15:24:00,15:24:00,188.25,197.25,187.0,197.0,101725
2026-02-23 15:25:00,15:25:00,194.85,197.0,188.75,190.0,122655
2026-02-23 15:26:00,15:26:00,190.5,193.4,189.2,191.75,72995
2026-02-23 15:27:00,15:27:00,191.35,192.15,186.5,188.75,67925
2026-02-23 15:28:00,15:28:00,188.7,188.75,186.3,188.55,65845
2026-02-23 15:29:00,15:29:00,188.55,188.55,183.0,183.0,135135
