datetime,time,open,high,low,close,volume
2026-04-20 09:15:00,09:15:00,9.0,25.45,9.0,23.6,2478775
2026-04-20 09:16:00,09:16:00,18.7,20.35,17.4,18.25,668265
2026-04-20 09:17:00,09:17:00,22.15,22.9,18.9,19.2,1489605
2026-04-20 09:18:00,09:18:00,19.25,20.55,18.85,20.0,912730
2026-04-20 09:19:00,09:19:00,24.3,24.95,22.05,22.15,403455
2026-04-20 09:20:00,09:20:00,21.7,22.15,19.7,19.9,456885
2026-04-20 09:21:00,09:21:00,19.75,20.5,19.5,19.8,245635
2026-04-20 09:22:00,09:22:00,23.7,24.1,22.75,23.25,486460
2026-04-20 09:23:00,09:23:00,23.2,23.4,22.45,23.0,831610
2026-04-20 09:24:00,09:24:00,23.2,23.2,22.05,22.5,316940
2026-04-20 09:25:00,09:25:00,22.8,22.8,20.9,21.3,449995
2026-04-20 09:26:00,09:26:00,21.25,22.5,21.0,22.1,425100
2026-04-20 09:27:00,09:27:00,22.3,22.3,21.3,21.35,283205
2026-04-20 09:28:00,09:28:00,21.3,21.35,20.25,21.2,288925
2026-04-20 09:29:00,09:29:00,21.15,22.15,21.05,22.1,193700
2026-04-20 09:30:00,09:30:00,22.05,22.25,21.2,21.9,234325
2026-04-20 09:31:00,09:31:00,18.05,19.3,17.95,19.0,206180
2026-04-20 09:32:00,09:32:00,19.05,22.15,18.7,21.45,315835
2026-04-20 09:33:00,09:33:00,21.25,21.45,18.5,19.05,279565
2026-04-20 09:34:00,09:34:00,19.1,20.55,18.9,19.35,182130
2026-04-20 09:35:00,09:35:00,19.2,20.05,18.35,18.85,176735
2026-04-20 09:36:00,09:36:00,18.9,19.95,18.15,19.5,162630
2026-04-20 09:37:00,09:37:00,19.55,19.75,18.8,19.3,144300
2026-04-20 09:38:00,09:38:00,19.05,20.2,18.4,19.75,134160
2026-04-20 09:39:00,09:39:00,19.9,20.2,18.95,19.65,130390
2026-04-20 09:40:00,09:40:00,19.8,21.1,19.6,19.6,206505
2026-04-20 09:41:00,09:41:00,19.75,21.2,18.95,21.15,182910
2026-04-20 09:42:00,09:42:00,17.3,17.9,16.3,17.3,422695
2026-04-20 09:43:00,09:43:00,17.1,19.15,17.1,18.95,590525
2026-04-20 09:44:00,09:44:00,19.0,19.85,18.6,19.1,525395
2026-04-20 09:45:00,09:45:00,19.45,19.95,18.85,19.0,506480
2026-04-20 09:46:00,09:46:00,18.8,20.45,18.8,20.1,384670
2026-04-20 09:47:00,09:47:00,20.85,22.45,20.1,21.8,725985
2026-04-20 09:48:00,09:48:00,21.45,22.0,21.1,21.8,556140
2026-04-20 09:49:00,09:49:00,21.9,22.15,20.4,21.15,400400
2026-04-20 09:50:00,09:50:00,20.95,22.1,20.4,20.5,359320
2026-04-20 09:51:00,09:51:00,20.65,21.15,19.45,20.2,332735
2026-04-20 09:52:00,09:52:00,20.35,20.5,19.1,19.3,293670
2026-04-20 09:53:00,09:53:00,19.6,19.6,17.65,18.4,474045
2026-04-20 09:54:00,09:54:00,22.85,22.85,20.5,20.5,205660
2026-04-20 09:55:00,09:55:00,20.5,21.75,20.3,20.55,140140
2026-04-20 09:56:00,09:56:00,20.6,21.9,20.55,21.5,174135
2026-04-20 09:57:00,09:57:00,21.65,22.35,21.1,21.95,141505
2026-04-20 09:58:00,09:58:00,17.7,18.25,17.6,17.7,183300
2026-04-20 09:59:00,09:59:00,21.95,22.05,21.05,21.3,87750
2026-04-20 10:00:00,10:00:00,21.4,22.05,21.05,21.15,100035
2026-04-20 10:01:00,10:01:00,21.05,21.45,20.45,21.0,110695
2026-04-20 10:02:00,10:02:00,21.15,21.55,19.35,19.35,219700
2026-04-20 10:03:00,10:03:00,19.35,19.35,17.8,18.15,348790
2026-04-20 10:04:00,10:04:00,18.3,19.6,18.15,18.65,96980
2026-04-20 10:05:00,10:05:00,18.55,18.65,18.15,18.2,118430
2026-04-20 10:06:00,10:06:00,18.25,19.15,18.1,18.7,120965
2026-04-20 10:07:00,10:07:00,18.8,18.9,17.9,17.9,68900
2026-04-20 10:08:00,10:08:00,22.05,22.05,21.1,21.15,357890
2026-04-20 10:09:00,10:09:00,21.25,21.35,20.7,21.15,318760
2026-04-20 10:10:00,10:10:00,21.05,21.65,20.7,20.7,280410
2026-04-20 10:11:00,10:11:00,20.85,21.4,20.7,21.2,160290
2026-04-20 10:12:00,10:12:00,17.25,18.2,17.25,18.2,87815
2026-04-20 10:13:00,10:13:00,18.25,18.25,17.5,17.5,66365
2026-04-20 10:14:00,10:14:00,21.85,21.9,21.0,21.35,111670
2026-04-20 10:15:00,10:15:00,21.3,22.15,21.15,21.6,179140
2026-04-20 10:16:00,10:16:00,21.4,21.6,21.0,21.1,177190
2026-04-20 10:17:00,10:17:00,21.1,21.15,20.1,20.5,257270
2026-04-20 10:18:00,10:18:00,20.4,21.2,20.3,20.65,122785
2026-04-20 10:19:00,10:19:00,20.75,21.0,20.35,20.55,184535
2026-04-20 10:20:00,10:20:00,20.5,20.95,20.25,20.8,128895
2026-04-20 10:21:00,10:21:00,20.75,21.55,20.75,20.95,201565
2026-04-20 10:22:00,10:22:00,20.8,20.95,20.1,20.2,226265
2026-04-20 10:23:00,10:23:00,20.2,20.4,19.85,19.95,227500
2026-04-20 10:24:00,10:24:00,19.8,20.0,19.6,19.95,186355
2026-04-20 10:25:00,10:25:00,20.3,20.9,19.9,20.5,182195
2026-04-20 10:26:00,10:26:00,20.45,20.5,19.85,19.9,117585
2026-04-20 10:27:00,10:27:00,20.15,20.8,19.9,20.3,93405
2026-04-20 10:28:00,10:28:00,20.25,20.55,19.65,19.65,338975
2026-04-20 10:29:00,10:29:00,19.75,20.15,19.55,19.6,686595
2026-04-20 10:30:00,10:30:00,23.7,23.75,22.35,22.35,335140
2026-04-20 10:31:00,10:31:00,22.2,22.35,21.3,21.35,420745
2026-04-20 10:32:00,10:32:00,21.55,21.55,20.65,20.8,290875
2026-04-20 10:33:00,10:33:00,20.7,21.55,20.5,20.85,213005
2026-04-20 10:34:00,10:34:00,20.8,21.4,20.7,21.2,142740
2026-04-20 10:35:00,10:35:00,21.15,21.4,20.65,20.8,171730
2026-04-20 10:36:00,10:36:00,20.8,21.5,20.7,21.5,77870
2026-04-20 10:37:00,10:37:00,21.5,21.6,21.1,21.2,92365
2026-04-20 10:38:00,10:38:00,21.2,21.45,20.95,21.35,136045
2026-04-20 10:39:00,10:39:00,21.35,21.7,20.7,20.85,127465
2026-04-20 10:40:00,10:40:00,21.0,21.0,20.1,20.1,167505
2026-04-20 10:41:00,10:41:00,20.2,20.6,20.1,20.45,73710
2026-04-20 10:42:00,10:42:00,20.45,21.0,20.25,20.45,58305
2026-04-20 10:43:00,10:43:00,20.45,20.75,20.0,20.15,104390
2026-04-20 10:44:00,10:44:00,20.2,20.55,20.1,20.55,60190
2026-04-20 10:45:00,10:45:00,20.7,21.3,20.55,21.15,99775
2026-04-20 10:46:00,10:46:00,17.6,17.95,17.55,17.65,166595
2026-04-20 10:47:00,10:47:00,21.35,21.4,20.8,21.15,133965
2026-04-20 10:48:00,10:48:00,21.0,21.45,20.95,21.2,79495
2026-04-20 10:49:00,10:49:00,21.25,21.65,21.15,21.15,65390
2026-04-20 10:50:00,10:50:00,17.55,18.25,17.5,18.05,148720
2026-04-20 10:51:00,10:51:00,18.1,18.8,18.05,18.6,140400
2026-04-20 10:52:00,10:52:00,18.5,18.6,18.0,18.25,170300
2026-04-20 10:53:00,10:53:00,22.2,22.2,21.7,21.75,72345
2026-04-20 10:54:00,10:54:00,21.65,22.0,21.6,21.65,41210
2026-04-20 10:55:00,10:55:00,17.9,18.55,17.8,18.4,95095
2026-04-20 10:56:00,10:56:00,18.45,18.75,18.1,18.35,92430
2026-04-20 10:57:00,10:57:00,22.2,22.25,21.7,21.8,76505
2026-04-20 10:58:00,10:58:00,21.8,21.85,21.2,21.35,105690
2026-04-20 10:59:00,10:59:00,21.35,21.7,21.2,21.3,124800
2026-04-20 11:00:00,11:00:00,17.55,18.65,17.55,18.2,92625
2026-04-20 11:01:00,11:01:00,18.1,18.4,17.9,18.3,79755
2026-04-20 11:02:00,11:02:00,18.1,18.65,18.0,18.4,81900
2026-04-20 11:03:00,11:03:00,18.35,18.55,17.85,17.95,58890
2026-04-20 11:04:00,11:04:00,21.75,22.0,21.05,21.15,115440
2026-04-20 11:05:00,11:05:00,21.3,21.55,21.0,21.1,104130
2026-04-20 11:06:00,11:06:00,20.95,22.0,20.65,21.85,106275
2026-04-20 11:07:00,11:07:00,21.85,21.85,21.35,21.65,67795
2026-04-20 11:08:00,11:08:00,17.8,19.05,17.75,18.9,88855
2026-04-20 11:09:00,11:09:00,18.9,19.65,18.9,19.35,168675
2026-04-20 11:10:00,11:10:00,19.4,20.25,18.9,19.05,313885
2026-04-20 11:11:00,11:11:00,19.25,19.5,19.05,19.4,108030
2026-04-20 11:12:00,11:12:00,19.35,19.4,18.35,18.4,143520
2026-04-20 11:13:00,11:13:00,18.7,18.9,18.0,18.0,101530
2026-04-20 11:14:00,11:14:00,17.95,19.25,17.9,19.25,173615
2026-04-20 11:15:00,11:15:00,19.2,19.25,17.8,17.85,105690
2026-04-20 11:16:00,11:16:00,17.95,18.5,17.6,18.35,100815
2026-04-20 11:17:00,11:17:00,18.45,18.45,17.8,17.95,56095
2026-04-20 11:18:00,11:18:00,21.7,21.8,20.9,21.35,89960
2026-04-20 11:19:00,11:19:00,21.35,22.05,21.35,21.6,76765
2026-04-20 11:20:00,11:20:00,21.6,21.6,20.9,20.9,70070
2026-04-20 11:21:00,11:21:00,21.0,21.45,20.7,20.75,70265
2026-04-20 11:22:00,11:22:00,20.65,21.45,20.6,20.95,123955
2026-04-20 11:23:00,11:23:00,21.0,21.2,20.6,20.7,52650
2026-04-20 11:24:00,11:24:00,20.45,20.7,19.85,20.2,199940
2026-04-20 11:25:00,11:25:00,20.3,20.4,19.45,19.45,130325
2026-04-20 11:26:00,11:26:00,19.6,19.95,19.45,19.95,107380
2026-04-20 11:27:00,11:27:00,19.95,20.75,19.85,20.1,62075
2026-04-20 11:28:00,11:28:00,20.1,20.15,19.3,19.4,90545
2026-04-20 11:29:00,11:29:00,19.25,19.4,19.05,19.25,146705
2026-04-20 11:30:00,11:30:00,19.1,19.35,18.8,19.1,137215
2026-04-20 11:31:00,11:31:00,19.25,19.6,18.95,19.1,102700
2026-04-20 11:32:00,11:32:00,19.1,19.15,18.6,18.8,94185
2026-04-20 11:33:00,11:33:00,18.75,19.0,18.15,18.3,93730
2026-04-20 11:34:00,11:34:00,18.4,18.5,18.15,18.45,53950
2026-04-20 11:35:00,11:35:00,18.3,18.75,18.25,18.6,62920
2026-04-20 11:36:00,11:36:00,18.6,19.1,18.5,18.9,152750
2026-04-20 11:37:00,11:37:00,18.9,19.25,18.8,19.15,86645
2026-04-20 11:38:00,11:38:00,19.15,20.0,19.15,19.45,155935
2026-04-20 11:39:00,11:39:00,19.4,19.55,19.15,19.25,57135
2026-04-20 11:40:00,11:40:00,19.25,19.5,19.1,19.3,37635
2026-04-20 11:41:00,11:41:00,19.2,19.8,19.15,19.3,65975
2026-04-20 11:42:00,11:42:00,19.4,19.45,18.95,19.0,66040
2026-04-20 11:43:00,11:43:00,18.9,19.05,18.7,18.85,75205
2026-04-20 11:44:00,11:44:00,18.85,19.3,18.65,19.05,76245
2026-04-20 11:45:00,11:45:00,19.05,19.05,18.7,18.75,25220
2026-04-20 11:46:00,11:46:00,18.65,18.75,18.3,18.55,65195
2026-04-20 11:47:00,11:47:00,18.45,18.55,18.2,18.3,56225
2026-04-20 11:48:00,11:48:00,18.25,19.05,18.1,18.85,47580
2026-04-20 11:49:00,11:49:00,18.85,18.95,18.45,18.5,82160
2026-04-20 11:50:00,11:50:00,18.65,18.8,18.5,18.75,31135
2026-04-20 11:51:00,11:51:00,18.75,19.3,18.6,19.05,63050
2026-04-20 11:52:00,11:52:00,19.1,19.2,18.75,18.9,51220
2026-04-20 11:53:00,11:53:00,18.7,18.95,18.65,18.65,32045
2026-04-20 11:54:00,11:54:00,18.65,18.75,18.35,18.45,57850
2026-04-20 11:55:00,11:55:00,18.45,18.9,18.35,18.9,17095
2026-04-20 11:56:00,11:56:00,18.9,19.25,18.85,18.95,30030
2026-04-20 11:57:00,11:57:00,18.95,19.0,18.7,18.75,25025
2026-04-20 11:58:00,11:58:00,18.7,18.75,18.35,18.4,44200
2026-04-20 11:59:00,11:59:00,18.3,18.95,18.3,18.6,47645
2026-04-20 12:00:00,12:00:00,18.55,18.65,18.2,18.5,70070
2026-04-20 12:01:00,12:01:00,18.45,18.9,18.35,18.9,22620
2026-04-20 12:02:00,12:02:00,19.0,19.15,18.4,18.45,51740
2026-04-20 12:03:00,12:03:00,18.3,18.9,18.3,18.9,39585
2026-04-20 12:04:00,12:04:00,18.9,19.2,18.7,18.95,54600
2026-04-20 12:05:00,12:05:00,18.85,19.55,18.8,19.4,61815
2026-04-20 12:06:00,12:06:00,19.5,19.7,19.0,19.0,105950
2026-04-20 12:07:00,12:07:00,19.05,19.25,18.75,19.2,71695
2026-04-20 12:08:00,12:08:00,19.15,19.2,18.9,19.0,57070
2026-04-20 12:09:00,12:09:00,19.05,19.7,19.0,19.65,89050
2026-04-20 12:10:00,12:10:00,19.6,20.2,19.6,19.8,109005
2026-04-20 12:11:00,12:11:00,19.9,20.1,19.7,20.0,98475
2026-04-20 12:12:00,12:12:00,20.0,20.15,19.65,20.15,58045
2026-04-20 12:13:00,12:13:00,20.1,21.1,20.0,20.95,98475
2026-04-20 12:14:00,12:14:00,21.1,22.35,20.95,21.1,224380
2026-04-20 12:15:00,12:15:00,21.05,21.3,20.85,21.25,151580
2026-04-20 12:16:00,12:16:00,20.9,22.05,20.6,21.45,125060
2026-04-20 12:17:00,12:17:00,21.4,21.65,20.9,21.25,199875
2026-04-20 12:18:00,12:18:00,21.1,21.4,20.7,21.0,95095
2026-04-20 12:19:00,12:19:00,20.95,21.75,20.65,20.7,101790
2026-04-20 12:20:00,12:20:00,20.7,20.75,20.45,20.65,124800
2026-04-20 12:21:00,12:21:00,20.6,21.0,20.45,20.9,126880
2026-04-20 12:22:00,12:22:00,20.95,21.15,20.05,20.25,97695
2026-04-20 12:23:00,12:23:00,20.25,20.8,20.05,20.3,82940
2026-04-20 12:24:00,12:24:00,20.25,20.5,19.8,19.9,77805
2026-04-20 12:25:00,12:25:00,19.75,20.1,19.6,19.6,74100
2026-04-20 12:26:00,12:26:00,19.55,20.25,18.45,18.65,180180
2026-04-20 12:27:00,12:27:00,18.65,18.85,18.15,18.15,112190
2026-04-20 12:28:00,12:28:00,18.25,19.3,18.05,19.05,89765
2026-04-20 12:29:00,12:29:00,19.05,19.15,18.0,18.15,99515
2026-04-20 12:30:00,12:30:00,17.8,18.5,17.6,18.2,112710
2026-04-20 12:31:00,12:31:00,18.4,19.25,18.2,18.65,92820
2026-04-20 12:32:00,12:32:00,18.55,18.65,17.8,17.8,78585
2026-04-20 12:33:00,12:33:00,17.9,17.95,17.4,17.65,133380
2026-04-20 12:34:00,12:34:00,17.6,17.7,17.3,17.55,104195
2026-04-20 12:35:00,12:35:00,17.6,17.95,17.25,17.9,57460
2026-04-20 12:36:00,12:36:00,17.8,18.9,17.65,18.1,113620
2026-04-20 12:37:00,12:37:00,18.1,18.6,18.05,18.6,69680
2026-04-20 12:38:00,12:38:00,18.7,18.85,17.8,17.9,87815
2026-04-20 12:39:00,12:39:00,18.0,18.3,17.8,18.1,60060
2026-04-20 12:40:00,12:40:00,18.05,18.45,17.8,18.3,76050
2026-04-20 12:41:00,12:41:00,18.2,18.35,17.9,18.1,60320
2026-04-20 12:42:00,12:42:00,17.95,18.1,17.65,17.9,63830
2026-04-20 12:43:00,12:43:00,17.95,18.2,17.8,18.1,19695
2026-04-20 12:44:00,12:44:00,18.1,18.7,18.05,18.3,47905
2026-04-20 12:45:00,12:45:00,18.3,18.7,18.2,18.6,31005
2026-04-20 12:46:00,12:46:00,18.75,19.0,18.45,18.45,114400
2026-04-20 12:47:00,12:47:00,18.4,18.55,17.85,17.85,75530
2026-04-20 12:48:00,12:48:00,17.85,18.2,17.55,17.7,76180
2026-04-20 12:49:00,12:49:00,17.65,18.15,17.55,17.85,58695
2026-04-20 12:50:00,12:50:00,17.9,18.0,17.5,17.7,46930
2026-04-20 12:51:00,12:51:00,21.45,21.9,20.8,20.95,355875
2026-04-20 12:52:00,12:52:00,20.95,21.2,20.7,21.0,386945
2026-04-20 12:53:00,12:53:00,21.0,21.85,20.9,21.35,306670
2026-04-20 12:54:00,12:54:00,17.55,18.05,17.2,17.85,88335
2026-04-20 12:55:00,12:55:00,21.6,22.0,21.5,21.5,179400
2026-04-20 12:56:00,12:56:00,17.75,18.5,17.75,18.45,72150
2026-04-20 12:57:00,12:57:00,18.35,18.8,18.25,18.8,65000
2026-04-20 12:58:00,12:58:00,18.8,19.8,18.75,19.2,102180
2026-04-20 12:59:00,12:59:00,19.2,19.4,18.95,19.0,70330
2026-04-20 13:00:00,13:00:00,19.05,22.8,18.75,20.1,542945
2026-04-20 13:01:00,13:01:00,20.1,21.85,20.0,21.5,374075
2026-04-20 13:02:00,13:02:00,21.8,21.8,20.45,20.8,249080
2026-04-20 13:03:00,13:03:00,20.7,21.2,20.0,20.6,181480
2026-04-20 13:04:00,13:04:00,20.55,20.9,20.25,20.65,97370
2026-04-20 13:05:00,13:05:00,20.65,21.05,19.7,20.25,138060
2026-04-20 13:06:00,13:06:00,20.4,22.1,20.25,21.75,317525
2026-04-20 13:07:00,13:07:00,21.7,22.6,21.0,21.3,293540
2026-04-20 13:08:00,13:08:00,17.45,18.6,17.35,18.6,133510
2026-04-20 13:09:00,13:09:00,18.8,18.85,17.7,18.7,176410
2026-04-20 13:10:00,13:10:00,18.95,19.2,18.25,19.15,335790
2026-04-20 13:11:00,13:11:00,19.15,21.65,19.15,20.8,728715
2026-04-20 13:12:00,13:12:00,21.05,22.1,19.45,19.65,540995
2026-04-20 13:13:00,13:13:00,19.6,19.9,18.75,18.85,251290
2026-04-20 13:14:00,13:14:00,18.9,19.55,18.3,19.5,211445
2026-04-20 13:15:00,13:15:00,19.55,21.7,19.5,21.1,338845
2026-04-20 13:16:00,13:16:00,21.15,22.3,19.2,19.35,733525
2026-04-20 13:17:00,13:17:00,19.6,19.6,18.6,18.6,315185
2026-04-20 13:18:00,13:18:00,18.7,19.65,18.5,19.2,159445
2026-04-20 13:19:00,13:19:00,19.4,20.0,19.2,19.7,153075
2026-04-20 13:20:00,13:20:00,19.7,20.0,19.0,19.5,160940
2026-04-20 13:21:00,13:21:00,19.6,21.2,19.5,20.95,237380
2026-04-20 13:22:00,13:22:00,20.7,22.5,20.7,21.55,360555
2026-04-20 13:23:00,13:23:00,21.65,23.05,21.55,23.0,703105
2026-04-20 13:24:00,13:24:00,22.9,23.7,20.85,21.9,738010
2026-04-20 13:25:00,13:25:00,21.8,23.3,21.8,23.3,399750
2026-04-20 13:26:00,13:26:00,18.9,19.6,18.3,18.7,287105
2026-04-20 13:27:00,13:27:00,18.75,19.3,18.2,18.2,211120
2026-04-20 13:28:00,13:28:00,18.25,18.95,17.7,17.7,187265
2026-04-20 13:29:00,13:29:00,21.8,21.95,20.05,20.05,505180
2026-04-20 13:30:00,13:30:00,20.15,20.8,19.6,20.8,436540
2026-04-20 13:31:00,13:31:00,20.65,21.75,20.65,20.95,438100
2026-04-20 13:32:00,13:32:00,21.1,22.25,20.95,21.15,398125
2026-04-20 13:33:00,13:33:00,21.2,21.55,20.25,20.6,225160
2026-04-20 13:34:00,13:34:00,20.65,20.75,20.0,20.75,157430
2026-04-20 13:35:00,13:35:00,20.45,21.5,20.45,20.65,195260
2026-04-20 13:36:00,13:36:00,17.1,18.9,16.7,18.8,178360
2026-04-20 13:37:00,13:37:00,18.65,19.05,17.8,18.4,137280
2026-04-20 13:38:00,13:38:00,22.55,22.95,21.7,22.0,282230
2026-04-20 13:39:00,13:39:00,22.1,22.6,21.9,21.9,172640
2026-04-20 13:40:00,13:40:00,22.1,22.85,20.9,21.3,279955
2026-04-20 13:41:00,13:41:00,21.35,21.7,20.5,20.95,216905
2026-04-20 13:42:00,13:42:00,20.75,21.15,20.35,20.35,163735
2026-04-20 13:43:00,13:43:00,20.55,20.7,19.75,20.3,293865
2026-04-20 13:44:00,13:44:00,20.4,21.15,19.9,21.15,169780
2026-04-20 13:45:00,13:45:00,21.15,21.6,20.85,21.1,207025
2026-04-20 13:46:00,13:46:00,21.15,22.55,21.05,21.9,214045
2026-04-20 13:47:00,13:47:00,21.6,21.9,21.05,21.4,200460
2026-04-20 13:48:00,13:48:00,21.5,22.15,21.2,21.65,136500
2026-04-20 13:49:00,13:49:00,21.6,22.75,21.45,22.5,155350
2026-04-20 13:50:00,13:50:00,22.35,23.0,22.0,22.15,257985
2026-04-20 13:51:00,13:51:00,22.15,23.1,21.85,21.9,319215
2026-04-20 13:52:00,13:52:00,17.85,18.4,17.65,17.95,79755
2026-04-20 13:53:00,13:53:00,21.6,22.05,21.2,21.75,201305
2026-04-20 13:54:00,13:54:00,21.7,21.75,20.55,21.05,288665
2026-04-20 13:55:00,13:55:00,21.15,21.8,21.05,21.55,158340
2026-04-20 13:56:00,13:56:00,21.7,22.25,21.4,21.85,138905
2026-04-20 13:57:00,13:57:00,21.9,22.4,20.6,20.85,223795
2026-04-20 13:58:00,13:58:00,20.85,21.5,20.2,20.95,194025
2026-04-20 13:59:00,13:59:00,20.8,20.95,19.7,20.1,306540
2026-04-20 14:00:00,14:00:00,20.3,21.5,19.85,21.5,221130
2026-04-20 14:01:00,14:01:00,22.1,22.1,21.0,21.2,232115
2026-04-20 14:02:00,14:02:00,21.4,22.7,21.2,22.1,232505
2026-04-20 14:03:00,14:03:00,22.0,22.1,20.8,21.1,154635
2026-04-20 14:04:00,14:04:00,21.2,21.5,20.25,20.65,191360
2026-04-20 14:05:00,14:05:00,20.85,22.0,20.65,21.2,162695
2026-04-20 14:06:00,14:06:00,21.35,22.5,20.9,22.3,177255
2026-04-20 14:07:00,14:07:00,22.3,22.85,21.9,22.4,235430
2026-04-20 14:08:00,14:08:00,18.35,19.15,18.3,18.85,200330
2026-04-20 14:09:00,14:09:00,23.45,23.55,22.0,22.15,260780
2026-04-20 14:10:00,14:10:00,22.0,22.15,20.6,20.6,205920
2026-04-20 14:11:00,14:11:00,20.25,21.05,19.7,20.5,277615
2026-04-20 14:12:00,14:12:00,20.55,20.65,19.65,20.35,193830
2026-04-20 14:13:00,14:13:00,20.35,20.6,19.3,19.35,163215
2026-04-20 14:14:00,14:14:00,19.35,19.85,18.8,18.8,201825
2026-04-20 14:15:00,14:15:00,19.2,19.8,18.8,19.0,136825
2026-04-20 14:16:00,14:16:00,19.2,19.65,18.4,18.45,143000
2026-04-20 14:17:00,14:17:00,18.35,19.05,18.2,18.95,423930
2026-04-20 14:18:00,14:18:00,19.0,19.9,18.55,19.75,177125
2026-04-20 14:19:00,14:19:00,19.8,20.95,19.4,19.85,245830
2026-04-20 14:20:00,14:20:00,19.9,19.95,18.3,18.3,134745
2026-04-20 14:21:00,14:21:00,18.45,19.3,18.3,19.2,123045
2026-04-20 14:22:00,14:22:00,19.35,19.95,19.0,19.2,139490
2026-04-20 14:23:00,14:23:00,19.1,19.2,18.0,18.0,235820
2026-04-20 14:24:00,14:24:00,18.0,18.15,16.5,17.65,822380
2026-04-20 14:25:00,14:25:00,17.7,17.75,16.7,17.35,428220
2026-04-20 14:26:00,14:26:00,17.3,18.8,17.1,18.4,295360
2026-04-20 14:27:00,14:27:00,22.25,22.7,20.3,20.6,142610
2026-04-20 14:28:00,14:28:00,20.7,20.8,20.0,20.3,184210
2026-04-20 14:29:00,14:29:00,20.4,20.85,20.25,20.4,108940
2026-04-20 14:30:00,14:30:00,16.75,17.95,16.75,17.9,254995
2026-04-20 14:31:00,14:31:00,18.05,18.3,17.7,17.95,193115
2026-04-20 14:32:00,14:32:00,17.95,19.45,17.9,18.6,266695
2026-04-20 14:33:00,14:33:00,18.65,18.95,17.45,17.5,222560
2026-04-20 14:34:00,14:34:00,17.55,18.0,17.1,17.2,117325
2026-04-20 14:35:00,14:35:00,17.2,17.7,17.0,17.55,153465
2026-04-20 14:36:00,14:36:00,21.35,21.55,20.3,21.05,87230
2026-04-20 14:37:00,14:37:00,17.15,17.8,17.0,17.8,110435
2026-04-20 14:38:00,14:38:00,18.1,18.95,17.8,18.95,121550
2026-04-20 14:39:00,14:39:00,18.95,19.8,18.75,19.15,228865
2026-04-20 14:40:00,14:40:00,19.1,20.3,19.1,19.6,250705
2026-04-20 14:41:00,14:41:00,19.6,20.1,19.3,20.1,217750
2026-04-20 14:42:00,14:42:00,19.9,20.1,19.0,19.0,205985
2026-04-20 14:43:00,14:43:00,19.0,19.5,18.75,19.1,258570
2026-04-20 14:44:00,14:44:00,19.05,19.45,18.7,18.8,162760
2026-04-20 14:45:00,14:45:00,18.9,20.25,18.35,19.55,584090
2026-04-20 14:46:00,14:46:00,19.5,22.9,19.45,20.6,923325
2026-04-20 14:47:00,14:47:00,20.65,21.95,20.1,21.85,371735
2026-04-20 14:48:00,14:48:00,21.85,21.85,20.55,20.85,291850
2026-04-20 14:49:00,14:49:00,20.8,20.85,19.1,19.25,267865
2026-04-20 14:50:00,14:50:00,19.45,20.1,19.0,19.45,244985
2026-04-20 14:51:00,14:51:00,19.5,19.55,18.85,18.9,219505
2026-04-20 14:52:00,14:52:00,18.95,19.05,18.65,19.0,248885
2026-04-20 14:53:00,14:53:00,18.95,19.35,18.7,18.85,131040
2026-04-20 14:54:00,14:54:00,18.85,18.95,17.85,18.05,286325
2026-04-20 14:55:00,14:55:00,18.05,18.45,17.65,18.25,249600
2026-04-20 14:56:00,14:56:00,18.35,18.55,17.95,18.4,143195
2026-04-20 14:57:00,14:57:00,18.35,18.75,18.05,18.75,223860
2026-04-20 14:58:00,14:58:00,18.8,18.85,17.95,18.1,204360
2026-04-20 14:59:00,14:59:00,17.95,18.15,17.45,17.9,431470
2026-04-20 15:00:00,15:00:00,17.75,18.0,15.75,16.45,712270
2026-04-20 15:01:00,15:01:00,16.5,16.65,15.85,16.15,442845
2026-04-20 15:02:00,15:02:00,15.85,17.25,15.75,17.2,495495
2026-04-20 15:03:00,15:03:00,17.15,17.5,16.9,17.25,164515
2026-04-20 15:04:00,15:04:00,17.2,18.15,17.2,17.8,498290
2026-04-20 15:05:00,15:05:00,17.75,19.15,17.75,19.1,303225
2026-04-20 15:06:00,15:06:00,19.05,20.4,18.55,19.9,402155
2026-04-20 15:07:00,15:07:00,19.9,21.55,19.9,21.3,971425
2026-04-20 15:08:00,15:08:00,20.95,22.1,20.8,21.2,573430
2026-04-20 15:09:00,15:09:00,20.95,21.65,20.5,21.65,292435
2026-04-20 15:10:00,15:10:00,21.55,22.0,21.15,21.6,437905
2026-04-20 15:11:00,15:11:00,21.05,21.6,20.35,20.55,320970
2026-04-20 15:12:00,15:12:00,20.55,21.15,20.15,21.05,251030
2026-04-20 15:13:00,15:13:00,21.05,22.2,20.75,21.5,320450
2026-04-20 15:14:00,15:14:00,21.35,21.7,20.75,21.35,277810
2026-04-20 15:15:00,15:15:00,17.4,18.45,17.05,18.05,327275
2026-04-20 15:16:00,15:16:00,17.9,18.85,17.7,18.8,236340
2026-04-20 15:17:00,15:17:00,18.8,20.55,18.75,20.25,695955
2026-04-20 15:18:00,15:18:00,20.15,23.05,20.1,22.9,716755
2026-04-20 15:19:00,15:19:00,22.6,23.25,21.0,21.75,381160
2026-04-20 15:20:00,15:20:00,21.9,22.5,19.8,20.6,414635
2026-04-20 15:21:00,15:21:00,20.8,21.8,20.6,21.65,190905
2026-04-20 15:22:00,15:22:00,21.55,21.65,19.6,20.45,432185
2026-04-20 15:23:00,15:23:00,20.55,21.15,20.3,20.95,206375
2026-04-20 15:24:00,15:24:00,16.6,16.9,16.05,16.25,443950
2026-04-20 15:25:00,15:25:00,20.7,21.0,19.65,20.25,264290
2026-04-20 15:26:00,15:26:00,20.1,20.65,19.1,19.3,374140
2026-04-20 15:27:00,15:27:00,19.25,20.05,18.55,19.9,310310
2026-04-20 15:28:00,15:28:00,19.8,20.9,19.75,20.6,238810
2026-04-20 15:29:00,15:29:00,20.7,20.7,20.0,20.3,340470
2026-04-21 09:15:00,09:15:00,9.7,9.7,2.4,2.4,3151200
2026-04-21 09:16:00,09:16:00,2.4,2.4,1.95,2.1,2531360
2026-04-21 09:17:00,09:17:00,2.15,2.3,1.95,2.0,2162290
2026-04-21 09:18:00,09:18:00,1.95,2.05,1.95,2.05,1008410
2026-04-21 09:19:00,09:19:00,2.0,2.1,2.0,2.0,1635660
2026-04-21 09:20:00,09:20:00,2.05,2.25,2.0,2.15,1540305
2026-04-21 09:21:00,09:21:00,2.15,2.25,2.1,2.1,625365
2026-04-21 09:22:00,09:22:00,2.15,2.15,2.05,2.05,431535
2026-04-21 09:23:00,09:23:00,2.65,2.7,2.5,2.55,1384695
2026-04-21 09:24:00,09:24:00,2.05,2.05,1.95,2.05,705315
2026-04-21 09:25:00,09:25:00,2.0,2.05,1.95,1.95,571545
2026-04-21 09:26:00,09:26:00,1.95,2.0,1.95,2.0,247585
2026-04-21 09:27:00,09:27:00,2.0,2.0,1.9,1.95,289185
2026-04-21 09:28:00,09:28:00,1.95,1.95,1.85,1.9,161070
2026-04-21 09:29:00,09:29:00,1.9,2.05,1.9,2.05,359775
2026-04-21 09:30:00,09:30:00,2.05,2.05,1.9,2.0,606515
2026-04-21 09:31:00,09:31:00,1.95,2.0,1.85,1.9,346905
2026-04-21 09:32:00,09:32:00,1.95,1.95,1.8,1.85,423020
2026-04-21 09:33:00,09:33:00,1.85,1.85,1.7,1.7,313365
2026-04-21 09:34:00,09:34:00,1.75,1.75,1.65,1.7,287430
2026-04-21 09:35:00,09:35:00,1.65,1.75,1.65,1.7,539825
2026-04-21 09:36:00,09:36:00,1.7,1.7,1.65,1.65,192075
2026-04-21 09:37:00,09:37:00,1.7,1.7,1.6,1.65,515385
2026-04-21 09:38:00,09:38:00,1.65,1.65,1.6,1.65,237575
2026-04-21 09:39:00,09:39:00,1.65,1.65,1.6,1.6,134160
2026-04-21 09:40:00,09:40:00,1.65,1.65,1.6,1.65,99125
2026-04-21 09:41:00,09:41:00,1.65,1.65,1.6,1.65,111020
2026-04-21 09:42:00,09:42:00,1.6,1.65,1.6,1.6,305370
2026-04-21 09:43:00,09:43:00,1.65,1.7,1.6,1.7,191035
2026-04-21 09:44:00,09:44:00,1.7,1.7,1.6,1.65,230815
2026-04-21 09:45:00,09:45:00,1.95,2.0,1.8,1.85,1588860
2026-04-21 09:46:00,09:46:00,1.8,1.85,1.7,1.7,2989935
2026-04-21 09:47:00,09:47:00,1.7,1.8,1.7,1.7,1549730
2026-04-21 09:48:00,09:48:00,1.75,1.8,1.7,1.7,1242735
2026-04-21 09:49:00,09:49:00,1.75,1.75,1.65,1.65,915070
2026-04-21 09:50:00,09:50:00,1.7,1.7,1.65,1.7,1089010
2026-04-21 09:51:00,09:51:00,1.7,1.75,1.65,1.7,821730
2026-04-21 09:52:00,09:52:00,1.65,1.7,1.65,1.7,517660
2026-04-21 09:53:00,09:53:00,1.65,1.7,1.65,1.65,623415
2026-04-21 09:54:00,09:54:00,1.7,1.75,1.65,1.7,874900
2026-04-21 09:55:00,09:55:00,1.75,1.75,1.7,1.7,389220
2026-04-21 09:56:00,09:56:00,1.7,1.75,1.7,1.7,364260
2026-04-21 09:57:00,09:57:00,1.75,1.8,1.7,1.75,637325
2026-04-21 09:58:00,09:58:00,1.75,1.75,1.7,1.75,380965
2026-04-21 09:59:00,09:59:00,1.75,1.8,1.7,1.75,704535
2026-04-21 10:00:00,10:00:00,1.8,1.8,1.7,1.75,686855
2026-04-21 10:01:00,10:01:00,1.75,1.75,1.7,1.75,364845
2026-04-21 10:02:00,10:02:00,1.7,1.75,1.65,1.75,491335
2026-04-21 10:03:00,10:03:00,1.75,1.75,1.65,1.7,584480
2026-04-21 10:04:00,10:04:00,1.65,1.7,1.6,1.6,826020
2026-04-21 10:05:00,10:05:00,1.65,1.65,1.6,1.6,859690
2026-04-21 10:06:00,10:06:00,1.65,1.65,1.6,1.65,522145
2026-04-21 10:07:00,10:07:00,1.65,1.65,1.6,1.65,484835
2026-04-21 10:08:00,10:08:00,1.65,1.65,1.6,1.65,610025
2026-04-21 10:09:00,10:09:00,1.65,1.65,1.6,1.65,707525
2026-04-21 10:10:00,10:10:00,1.6,1.7,1.6,1.65,844285
2026-04-21 10:11:00,10:11:00,1.65,1.65,1.6,1.65,701350
2026-04-21 10:12:00,10:12:00,1.6,1.7,1.6,1.65,593645
2026-04-21 10:13:00,10:13:00,1.65,1.65,1.6,1.65,273520
2026-04-21 10:14:00,10:14:00,1.65,1.65,1.6,1.6,646360
2026-04-21 10:15:00,10:15:00,1.6,1.65,1.6,1.65,614705
2026-04-21 10:16:00,10:16:00,1.6,1.7,1.6,1.7,507455
2026-04-21 10:17:00,10:17:00,1.65,1.7,1.6,1.65,461760
2026-04-21 10:18:00,10:18:00,1.65,1.7,1.6,1.65,300430
2026-04-21 10:19:00,10:19:00,1.7,1.7,1.65,1.7,349765
2026-04-21 10:20:00,10:20:00,1.7,1.75,1.65,1.75,749125
2026-04-21 10:21:00,10:21:00,1.75,1.75,1.65,1.7,261755
2026-04-21 10:22:00,10:22:00,1.75,1.75,1.7,1.75,220220
2026-04-21 10:23:00,10:23:00,1.7,1.75,1.7,1.75,400400
2026-04-21 10:24:00,10:24:00,1.7,1.75,1.65,1.65,254475
2026-04-21 10:25:00,10:25:00,1.7,1.7,1.65,1.65,211185
2026-04-21 10:26:00,10:26:00,1.7,1.7,1.6,1.65,450190
2026-04-21 10:27:00,10:27:00,1.65,1.7,1.6,1.65,309270
2026-04-21 10:28:00,10:28:00,1.65,1.7,1.6,1.7,389610
2026-04-21 10:29:00,10:29:00,1.7,1.7,1.65,1.7,339365
2026-04-21 10:30:00,10:30:00,1.7,1.7,1.6,1.6,410670
2026-04-21 10:31:00,10:31:00,1.65,1.65,1.55,1.6,462605
2026-04-21 10:32:00,10:32:00,1.6,1.6,1.55,1.55,622245
2026-04-21 10:33:00,10:33:00,1.55,1.6,1.5,1.5,580515
2026-04-21 10:34:00,10:34:00,1.7,1.7,1.6,1.65,244075
2026-04-21 10:35:00,10:35:00,1.65,1.65,1.6,1.65,670995
2026-04-21 10:36:00,10:36:00,1.65,1.65,1.6,1.65,409435
2026-04-21 10:37:00,10:37:00,1.6,1.65,1.55,1.6,405665
2026-04-21 10:38:00,10:38:00,1.6,1.65,1.5,1.55,464165
2026-04-21 10:39:00,10:39:00,1.55,1.55,1.5,1.55,470275
2026-04-21 10:40:00,10:40:00,1.55,1.55,1.5,1.5,106405
2026-04-21 10:41:00,10:41:00,1.35,1.4,1.3,1.3,405080
2026-04-21 10:42:00,10:42:00,1.35,1.35,1.3,1.35,184990
2026-04-21 10:43:00,10:43:00,1.45,1.5,1.45,1.5,93015
2026-04-21 10:44:00,10:44:00,1.5,1.5,1.4,1.45,661050
2026-04-21 10:45:00,10:45:00,1.45,1.45,1.4,1.45,434070
2026-04-21 10:46:00,10:46:00,1.3,1.35,1.25,1.3,404300
2026-04-21 10:47:00,10:47:00,1.35,1.35,1.3,1.3,239785
2026-04-21 10:48:00,10:48:00,1.35,1.35,1.3,1.35,329940
2026-04-21 10:49:00,10:49:00,1.45,1.5,1.45,1.5,41665
2026-04-21 10:50:00,10:50:00,1.5,1.55,1.45,1.55,85215
2026-04-21 10:51:00,10:51:00,1.55,1.55,1.5,1.5,93925
2026-04-21 10:52:00,10:52:00,1.55,1.55,1.5,1.5,95290
2026-04-21 10:53:00,10:53:00,1.5,1.55,1.5,1.55,97305
2026-04-21 10:54:00,10:54:00,1.55,1.55,1.45,1.55,319475
2026-04-21 10:55:00,10:55:00,1.55,1.55,1.45,1.5,382850
2026-04-21 10:56:00,10:56:00,1.5,1.6,1.5,1.6,975975
2026-04-21 10:57:00,10:57:00,1.65,1.65,1.6,1.6,396240
2026-04-21 10:58:00,10:58:00,1.6,1.65,1.55,1.6,595140
2026-04-21 10:59:00,10:59:00,1.65,1.7,1.55,1.55,498095
2026-04-21 11:00:00,11:00:00,1.6,1.65,1.5,1.55,984620
2026-04-21 11:01:00,11:01:00,1.5,1.6,1.5,1.55,387920
2026-04-21 11:02:00,11:02:00,1.55,1.55,1.45,1.45,315185
2026-04-21 11:03:00,11:03:00,1.5,1.55,1.45,1.5,251225
2026-04-21 11:04:00,11:04:00,1.5,1.55,1.5,1.55,86385
2026-04-21 11:05:00,11:05:00,1.55,1.6,1.5,1.6,181610
2026-04-21 11:06:00,11:06:00,1.6,1.6,1.5,1.55,92040
2026-04-21 11:07:00,11:07:00,1.55,1.6,1.5,1.6,206960
2026-04-21 11:08:00,11:08:00,1.6,1.6,1.55,1.6,130975
2026-04-21 11:09:00,11:09:00,1.55,1.75,1.55,1.75,569855
2026-04-21 11:10:00,11:10:00,1.75,1.75,1.65,1.7,385320
2026-04-21 11:11:00,11:11:00,1.65,1.7,1.6,1.6,229125
2026-04-21 11:12:00,11:12:00,1.6,1.65,1.6,1.65,171600
2026-04-21 11:13:00,11:13:00,1.65,1.65,1.6,1.6,299455
2026-04-21 11:14:00,11:14:00,1.6,1.65,1.55,1.65,206180
2026-04-21 11:15:00,11:15:00,1.65,1.65,1.6,1.65,176410
2026-04-21 11:16:00,11:16:00,1.6,1.65,1.6,1.65,257205
2026-04-21 11:17:00,11:17:00,1.6,1.7,1.6,1.65,219375
2026-04-21 11:18:00,11:18:00,1.7,1.7,1.65,1.7,78130
2026-04-21 11:19:00,11:19:00,1.7,1.7,1.65,1.7,81640
2026-04-21 11:20:00,11:20:00,1.7,1.7,1.65,1.7,51285
2026-04-21 11:21:00,11:21:00,1.7,1.7,1.65,1.65,129350
2026-04-21 11:22:00,11:22:00,1.7,1.7,1.6,1.6,191425
2026-04-21 11:23:00,11:23:00,1.55,1.6,1.55,1.6,108680
2026-04-21 11:24:00,11:24:00,1.55,1.6,1.5,1.55,281710
2026-04-21 11:25:00,11:25:00,1.55,1.6,1.5,1.55,134160
2026-04-21 11:26:00,11:26:00,1.55,1.6,1.55,1.55,40040
2026-04-21 11:27:00,11:27:00,1.55,1.6,1.55,1.55,70070
2026-04-21 11:28:00,11:28:00,1.6,1.6,1.55,1.6,105495
2026-04-21 11:29:00,11:29:00,1.55,1.6,1.5,1.55,134420
2026-04-21 11:30:00,11:30:00,1.55,1.6,1.5,1.55,230100
2026-04-21 11:31:00,11:31:00,1.55,1.55,1.5,1.5,187915
2026-04-21 11:32:00,11:32:00,1.45,1.45,1.4,1.4,319085
2026-04-21 11:33:00,11:33:00,1.45,1.45,1.35,1.4,459485
2026-04-21 11:34:00,11:34:00,1.35,1.45,1.35,1.35,266890
2026-04-21 11:35:00,11:35:00,1.4,1.4,1.35,1.4,487695
2026-04-21 11:36:00,11:36:00,1.5,1.55,1.45,1.5,142740
2026-04-21 11:37:00,11:37:00,1.5,1.55,1.45,1.45,349765
2026-04-21 11:38:00,11:38:00,1.45,1.5,1.45,1.45,88985
2026-04-21 11:39:00,11:39:00,1.35,1.35,1.3,1.35,125190
2026-04-21 11:40:00,11:40:00,1.35,1.35,1.3,1.3,259805
2026-04-21 11:41:00,11:41:00,1.3,1.35,1.25,1.3,295035
2026-04-21 11:42:00,11:42:00,1.3,1.35,1.25,1.25,176150
2026-04-21 11:43:00,11:43:00,1.3,1.3,1.25,1.3,202540
2026-04-21 11:44:00,11:44:00,1.45,1.45,1.35,1.35,147030
2026-04-21 11:45:00,11:45:00,1.35,1.4,1.35,1.35,66755
2026-04-21 11:46:00,11:46:00,1.35,1.4,1.3,1.35,224965
2026-04-21 11:47:00,11:47:00,1.4,1.4,1.3,1.35,282620
2026-04-21 11:48:00,11:48:00,1.4,1.4,1.3,1.3,86775
2026-04-21 11:49:00,11:49:00,1.3,1.35,1.3,1.35,23660
2026-04-21 11:50:00,11:50:00,1.35,1.35,1.3,1.3,287430
2026-04-21 11:51:00,11:51:00,1.25,1.35,1.25,1.35,184470
2026-04-21 11:52:00,11:52:00,1.15,1.2,1.15,1.2,210730
2026-04-21 11:53:00,11:53:00,1.3,1.35,1.3,1.3,154570
2026-04-21 11:54:00,11:54:00,1.3,1.35,1.25,1.3,79625
2026-04-21 11:55:00,11:55:00,1.3,1.35,1.3,1.35,44005
2026-04-21 11:56:00,11:56:00,1.35,1.35,1.3,1.3,20800
2026-04-21 11:57:00,11:57:00,1.35,1.35,1.25,1.25,223925
2026-04-21 11:58:00,11:58:00,1.25,1.25,1.15,1.2,525005
2026-04-21 11:59:00,11:59:00,1.25,1.35,1.25,1.3,156065
2026-04-21 12:00:00,12:00:00,1.35,1.35,1.25,1.3,95030
2026-04-21 12:01:00,12:01:00,1.25,1.3,1.25,1.25,139425
2026-04-21 12:02:00,12:02:00,1.25,1.3,1.25,1.25,222950
2026-04-21 12:03:00,12:03:00,1.25,1.3,1.2,1.2,154310
2026-04-21 12:04:00,12:04:00,1.25,1.25,1.15,1.2,276640
2026-04-21 12:05:00,12:05:00,1.2,1.2,1.15,1.15,115505
2026-04-21 12:06:00,12:06:00,1.15,1.2,1.15,1.15,139620
2026-04-21 12:07:00,12:07:00,1.2,1.2,1.15,1.15,242645
2026-04-21 12:08:00,12:08:00,1.15,1.2,1.1,1.15,317460
2026-04-21 12:09:00,12:09:00,1.15,1.2,1.1,1.1,148070
2026-04-21 12:10:00,12:10:00,1.15,1.2,1.1,1.15,342550
2026-04-21 12:11:00,12:11:00,1.2,1.2,1.1,1.2,363220
2026-04-21 12:12:00,12:12:00,1.2,1.2,1.1,1.1,262795
2026-04-21 12:13:00,12:13:00,1.15,1.15,1.1,1.1,117325
2026-04-21 12:14:00,12:14:00,1.15,1.2,1.1,1.1,587340
2026-04-21 12:15:00,12:15:00,1.1,1.2,1.1,1.1,568750
2026-04-21 12:16:00,12:16:00,1.15,1.2,1.1,1.15,681330
2026-04-21 12:17:00,12:17:00,1.15,1.2,1.1,1.2,732485
2026-04-21 12:18:00,12:18:00,1.2,1.2,1.15,1.15,649090
2026-04-21 12:19:00,12:19:00,1.2,1.2,1.1,1.2,424645
2026-04-21 12:20:00,12:20:00,1.15,1.25,1.15,1.15,317850
2026-04-21 12:21:00,12:21:00,1.15,1.2,1.15,1.2,172835
2026-04-21 12:22:00,12:22:00,1.2,1.2,1.15,1.15,127920
2026-04-21 12:23:00,12:23:00,1.15,1.35,1.15,1.25,548080
2026-04-21 12:24:00,12:24:00,1.3,1.3,1.2,1.2,312780
2026-04-21 12:25:00,12:25:00,1.25,1.25,1.2,1.25,284115
2026-04-21 12:26:00,12:26:00,1.25,1.45,1.2,1.35,876655
2026-04-21 12:27:00,12:27:00,1.35,1.4,1.3,1.35,232115
2026-04-21 12:28:00,12:28:00,1.35,1.35,1.25,1.25,253695
2026-04-21 12:29:00,12:29:00,1.3,1.3,1.25,1.25,248430
2026-04-21 12:30:00,12:30:00,1.25,1.3,1.25,1.25,271700
2026-04-21 12:31:00,12:31:00,1.25,1.3,1.2,1.3,370565
2026-04-21 12:32:00,12:32:00,1.3,1.35,1.25,1.25,440830
2026-04-21 12:33:00,12:33:00,1.25,1.3,1.25,1.3,181090
2026-04-21 12:34:00,12:34:00,1.25,1.3,1.25,1.25,165620
2026-04-21 12:35:00,12:35:00,1.3,1.3,1.2,1.25,165750
2026-04-21 12:36:00,12:36:00,1.3,1.3,1.2,1.3,148330
2026-04-21 12:37:00,12:37:00,1.3,1.3,1.25,1.25,52130
2026-04-21 12:38:00,12:38:00,1.3,1.3,1.25,1.3,69485
2026-04-21 12:39:00,12:39:00,1.3,1.3,1.2,1.25,56940
2026-04-21 12:40:00,12:40:00,1.25,1.3,1.2,1.25,165880
2026-04-21 12:41:00,12:41:00,1.2,1.25,1.2,1.25,164385
2026-04-21 12:42:00,12:42:00,1.2,1.3,1.2,1.25,208845
2026-04-21 12:43:00,12:43:00,1.25,1.25,1.2,1.2,62075
2026-04-21 12:44:00,12:44:00,1.2,1.25,1.15,1.15,365755
2026-04-21 12:45:00,12:45:00,1.2,1.2,1.15,1.15,217490
2026-04-21 12:46:00,12:46:00,1.15,1.2,1.05,1.05,1588535
2026-04-21 12:47:00,12:47:00,1.1,1.15,1.05,1.05,952835
2026-04-21 12:48:00,12:48:00,1.05,1.1,1.0,1.0,208780
2026-04-21 12:49:00,12:49:00,1.0,1.05,1.0,1.0,171730
2026-04-21 12:50:00,12:50:00,1.05,1.1,1.0,1.05,171535
2026-04-21 12:51:00,12:51:00,1.1,1.1,1.05,1.1,93405
2026-04-21 12:52:00,12:52:00,1.1,1.1,1.0,1.05,403975
2026-04-21 12:53:00,12:53:00,1.05,1.05,1.0,1.05,115180
2026-04-21 12:54:00,12:54:00,1.05,1.05,1.0,1.0,122200
2026-04-21 12:55:00,12:55:00,1.0,1.05,0.95,0.95,340015
2026-04-21 12:56:00,12:56:00,0.95,1.0,0.95,0.95,138190
2026-04-21 12:57:00,12:57:00,0.95,1.0,0.95,0.95,324285
2026-04-21 12:58:00,12:58:00,0.95,1.0,0.95,0.95,97435
2026-04-21 12:59:00,12:59:00,0.95,1.0,0.95,1.0,10985
2026-04-21 13:00:00,13:00:00,1.0,1.0,0.95,0.95,178360
2026-04-21 13:01:00,13:01:00,1.0,1.0,0.95,1.0,145860
2026-04-21 13:02:00,13:02:00,1.0,1.0,0.95,1.0,64870
2026-04-21 13:03:00,13:03:00,0.95,1.0,0.9,0.9,416130
2026-04-21 13:04:00,13:04:00,0.95,1.0,0.9,0.95,137735
2026-04-21 13:05:00,13:05:00,0.95,0.95,0.9,0.9,145470
2026-04-21 13:06:00,13:06:00,0.95,0.95,0.9,0.9,91520
2026-04-21 13:07:00,13:07:00,0.9,0.95,0.9,0.95,29965
2026-04-21 13:08:00,13:08:00,0.9,0.95,0.9,0.9,37830
2026-04-21 13:09:00,13:09:00,0.9,0.95,0.9,0.95,251225
2026-04-21 13:10:00,13:10:00,0.9,0.95,0.85,0.85,257400
2026-04-21 13:11:00,13:11:00,0.85,0.9,0.85,0.9,61100
2026-04-21 13:12:00,13:12:00,0.85,0.9,0.8,0.8,152425
2026-04-21 13:13:00,13:13:00,0.85,0.85,0.75,0.75,151125
2026-04-21 13:14:00,13:14:00,0.8,0.8,0.75,0.75,205140
2026-04-21 13:15:00,13:15:00,0.75,0.8,0.7,0.75,364455
2026-04-21 13:16:00,13:16:00,0.75,0.8,0.7,0.75,301860
2026-04-21 13:17:00,13:17:00,0.8,0.8,0.75,0.75,359580
2026-04-21 13:18:00,13:18:00,0.75,0.8,0.7,0.7,348010
2026-04-21 13:19:00,13:19:00,0.75,0.75,0.7,0.7,280020
2026-04-21 13:20:00,13:20:00,0.75,0.75,0.7,0.75,112970
2026-04-21 13:21:00,13:21:00,0.75,0.8,0.7,0.8,123630
2026-04-21 13:22:00,13:22:00,0.75,0.8,0.75,0.8,43225
2026-04-21 13:23:00,13:23:00,0.75,0.8,0.75,0.8,210145
2026-04-21 13:24:00,13:24:00,0.8,0.8,0.7,0.75,200980
2026-04-21 13:25:00,13:25:00,0.8,0.8,0.75,0.8,35035
2026-04-21 13:26:00,13:26:00,0.8,0.8,0.75,0.8,77870
2026-04-21 13:27:00,13:27:00,0.8,0.8,0.7,0.7,142090
2026-04-21 13:28:00,13:28:00,0.75,0.75,0.7,0.7,77480
2026-04-21 13:29:00,13:29:00,0.75,0.75,0.7,0.75,111800
2026-04-21 13:30:00,13:30:00,0.75,0.75,0.7,0.7,47710
2026-04-21 13:31:00,13:31:00,0.7,0.75,0.7,0.75,339105
2026-04-21 13:32:00,13:32:00,0.75,0.75,0.65,0.7,226525
2026-04-21 13:33:00,13:33:00,0.75,0.75,0.65,0.7,664300
2026-04-21 13:34:00,13:34:00,0.75,0.75,0.65,0.7,354575
2026-04-21 13:35:00,13:35:00,0.7,0.75,0.7,0.7,336830
2026-04-21 13:36:00,13:36:00,0.7,0.75,0.7,0.75,231205
2026-04-21 13:37:00,13:37:00,0.7,0.75,0.65,0.7,209040
2026-04-21 13:38:00,13:38:00,0.65,0.7,0.65,0.65,103805
2026-04-21 13:39:00,13:39:00,0.65,0.7,0.6,0.6,280475
2026-04-21 13:40:00,13:40:00,0.65,0.7,0.6,0.7,358800
2026-04-21 13:41:00,13:41:00,0.7,0.7,0.65,0.65,297440
2026-04-21 13:42:00,13:42:00,0.65,0.7,0.6,0.65,207285
2026-04-21 13:43:00,13:43:00,0.6,0.65,0.55,0.55,771225
2026-04-21 13:44:00,13:44:00,0.55,0.6,0.55,0.6,185120
2026-04-21 13:45:00,13:45:00,0.55,0.6,0.5,0.5,656370
2026-04-21 13:46:00,13:46:00,0.5,0.55,0.5,0.55,393770
2026-04-21 13:47:00,13:47:00,0.55,0.55,0.5,0.55,337415
2026-04-21 13:48:00,13:48:00,0.5,0.55,0.5,0.5,27300
2026-04-21 13:49:00,13:49:00,0.5,0.55,0.5,0.5,72215
2026-04-21 13:50:00,13:50:00,0.55,0.55,0.5,0.5,62140
2026-04-21 13:51:00,13:51:00,0.5,0.55,0.5,0.55,285155
2026-04-21 13:52:00,13:52:00,0.55,0.55,0.5,0.5,221845
2026-04-21 13:53:00,13:53:00,0.5,0.55,0.45,0.45,378105
2026-04-21 13:54:00,13:54:00,0.5,0.55,0.45,0.45,407420
2026-04-21 13:55:00,13:55:00,0.5,0.55,0.45,0.5,388960
2026-04-21 13:56:00,13:56:00,0.5,0.55,0.45,0.5,570700
2026-04-21 13:57:00,13:57:00,0.5,0.5,0.45,0.45,162045
2026-04-21 13:58:00,13:58:00,0.45,0.5,0.45,0.45,98280
2026-04-21 13:59:00,13:59:00,0.45,0.5,0.4,0.45,144235
2026-04-21 14:00:00,14:00:00,0.45,0.45,0.4,0.45,113815
2026-04-21 14:01:00,14:01:00,0.4,0.45,0.4,0.45,104325
2026-04-21 14:02:00,14:02:00,0.4,0.45,0.4,0.45,70655
2026-04-21 14:03:00,14:03:00,0.45,0.45,0.4,0.45,807365
2026-04-21 14:04:00,14:04:00,0.45,0.45,0.4,0.45,171600
2026-04-21 14:05:00,14:05:00,0.45,0.45,0.4,0.4,336960
2026-04-21 14:06:00,14:06:00,0.45,0.45,0.35,0.45,477815
2026-04-21 14:07:00,14:07:00,0.4,0.45,0.35,0.4,73255
2026-04-21 14:08:00,14:08:00,0.35,0.4,0.35,0.35,164580
2026-04-21 14:09:00,14:09:00,0.35,0.4,0.35,0.4,78130
2026-04-21 14:10:00,14:10:00,0.35,0.4,0.35,0.35,171795
2026-04-21 14:11:00,14:11:00,0.35,0.4,0.3,0.35,567775
2026-04-21 14:12:00,14:12:00,0.35,0.4,0.35,0.4,290355
2026-04-21 14:13:00,14:13:00,0.4,0.45,0.35,0.45,564850
2026-04-21 14:14:00,14:14:00,0.4,0.45,0.35,0.35,323635
2026-04-21 14:15:00,14:15:00,0.35,0.35,0.3,0.35,613405
2026-04-21 14:16:00,14:16:00,0.35,0.4,0.35,0.35,78000
2026-04-21 14:17:00,14:17:00,0.4,0.4,0.35,0.35,232245
2026-04-21 14:18:00,14:18:00,0.4,0.4,0.35,0.4,275665
2026-04-21 14:19:00,14:19:00,0.35,0.4,0.3,0.3,670735
2026-04-21 14:20:00,14:20:00,0.35,0.4,0.3,0.35,612170
2026-04-21 14:21:00,14:21:00,0.35,0.4,0.3,0.35,423345
2026-04-21 14:22:00,14:22:00,0.35,0.35,0.3,0.3,633620
2026-04-21 14:23:00,14:23:00,0.35,0.4,0.3,0.35,512005
2026-04-21 14:24:00,14:24:00,0.3,0.4,0.3,0.35,582205
2026-04-21 14:25:00,14:25:00,0.35,0.4,0.3,0.4,477230
2026-04-21 14:26:00,14:26:00,0.4,0.4,0.3,0.35,679445
2026-04-21 14:27:00,14:27:00,0.35,0.35,0.3,0.35,202735
2026-04-21 14:28:00,14:28:00,0.35,0.35,0.3,0.35,387335
2026-04-21 14:29:00,14:29:00,0.35,0.35,0.3,0.35,280215
2026-04-21 14:30:00,14:30:00,0.35,0.35,0.3,0.35,134225
2026-04-21 14:31:00,14:31:00,0.3,0.35,0.25,0.3,572780
2026-04-21 14:32:00,14:32:00,0.25,0.35,0.25,0.3,289705
2026-04-21 14:33:00,14:33:00,0.3,0.4,0.3,0.3,385190
2026-04-21 14:34:00,14:34:00,0.35,0.35,0.3,0.3,124410
2026-04-21 14:35:00,14:35:00,0.35,0.35,0.25,0.3,604045
2026-04-21 14:36:00,14:36:00,0.3,0.3,0.25,0.25,85410
2026-04-21 14:37:00,14:37:00,0.25,0.3,0.25,0.25,110370
2026-04-21 14:38:00,14:38:00,0.3,0.3,0.25,0.25,245310
2026-04-21 14:39:00,14:39:00,0.25,0.3,0.25,0.25,96655
2026-04-21 14:40:00,14:40:00,0.3,0.3,0.25,0.25,132340
2026-04-21 14:41:00,14:41:00,0.3,0.3,0.25,0.25,112320
2026-04-21 14:42:00,14:42:00,0.3,0.3,0.25,0.25,302835
2026-04-21 14:43:00,14:43:00,0.3,0.3,0.2,0.2,685685
2026-04-21 14:44:00,14:44:00,0.2,0.25,0.2,0.2,460915
2026-04-21 14:45:00,14:45:00,0.2,0.25,0.2,0.25,177320
2026-04-21 14:46:00,14:46:00,0.2,0.25,0.2,0.2,166010
2026-04-21 14:47:00,14:47:00,0.25,0.25,0.15,0.2,955500
2026-04-21 14:48:00,14:48:00,0.15,0.2,0.15,0.15,267085
2026-04-21 14:49:00,14:49:00,0.15,0.2,0.15,0.2,210860
2026-04-21 14:50:00,14:50:00,0.15,0.2,0.15,0.15,344695
2026-04-21 14:51:00,14:51:00,0.15,0.2,0.15,0.2,164515
2026-04-21 14:52:00,14:52:00,0.2,0.25,0.15,0.2,636740
2026-04-21 14:53:00,14:53:00,0.2,0.2,0.15,0.15,410865
2026-04-21 14:54:00,14:54:00,0.2,0.2,0.1,0.1,871455
2026-04-21 14:55:00,14:55:00,0.15,0.15,0.1,0.15,379210
2026-04-21 14:56:00,14:56:00,0.1,0.15,0.1,0.15,438880
2026-04-21 14:57:00,14:57:00,0.1,0.2,0.1,0.2,268645
2026-04-21 14:58:00,14:58:00,0.15,0.2,0.15,0.15,183885
2026-04-21 14:59:00,14:59:00,0.15,0.2,0.15,0.2,328445
2026-04-21 15:00:00,15:00:00,0.15,0.2,0.1,0.15,609960
2026-04-21 15:01:00,15:01:00,0.2,0.2,0.15,0.15,473980
2026-04-21 15:02:00,15:02:00,0.15,0.15,0.1,0.1,557310
2026-04-21 15:03:00,15:03:00,0.1,0.15,0.1,0.1,516165
2026-04-21 15:04:00,15:04:00,0.15,0.15,0.1,0.1,900770
2026-04-21 15:05:00,15:05:00,0.1,0.15,0.1,0.1,240305
2026-04-21 15:06:00,15:06:00,0.1,0.15,0.1,0.1,437970
2026-04-21 15:07:00,15:07:00,0.1,0.15,0.1,0.1,192725
2026-04-21 15:08:00,15:08:00,0.1,0.15,0.1,0.1,206830
2026-04-21 15:09:00,15:09:00,0.1,0.15,0.05,0.05,462540
2026-04-21 15:10:00,15:10:00,0.1,0.1,0.05,0.05,357955
2026-04-21 15:11:00,15:11:00,0.1,0.15,0.1,0.1,888680
2026-04-21 15:12:00,15:12:00,0.15,0.15,0.05,0.1,598390
2026-04-21 15:13:00,15:13:00,0.1,0.1,0.05,0.05,107705
2026-04-21 15:14:00,15:14:00,0.05,0.1,0.05,0.1,71630
2026-04-21 15:15:00,15:15:00,0.05,0.1,0.05,0.1,157690
2026-04-21 15:16:00,15:16:00,0.1,0.1,0.05,0.1,245245
2026-04-21 15:17:00,15:17:00,0.05,0.1,0.05,0.05,419315
2026-04-21 15:18:00,15:18:00,0.05,0.1,0.05,0.1,127595
2026-04-21 15:19:00,15:19:00,0.05,0.1,0.05,0.1,157105
2026-04-21 15:20:00,15:20:00,0.1,0.1,0.05,0.05,498875
2026-04-21 15:21:00,15:21:00,0.05,0.1,0.05,0.05,114725
2026-04-21 15:22:00,15:22:00,0.05,0.1,0.05,0.05,138970
2026-04-21 15:23:00,15:23:00,0.1,0.1,0.05,0.05,2012400
2026-04-21 15:24:00,15:24:00,0.05,0.05,0.05,0.05,165490
2026-04-21 15:25:00,15:25:00,0.05,0.05,0.05,0.05,65845
2026-04-21 15:26:00,15:26:00,0.05,0.05,0.05,0.05,35295
2026-04-21 15:27:00,15:27:00,0.05,0.05,0.05,0.05,2795
2026-04-21 15:28:00,15:28:00,0.05,0.05,0.05,0.05,7345
2026-04-21 15:29:00,15:29:00,0.05,0.05,0.05,0.05,7150
2026-04-22 09:15:00,09:15:00,77.0,93.5,77.0,83.9,1413360
2026-04-22 09:16:00,09:16:00,85.25,89.2,82.35,83.35,675610
2026-04-22 09:17:00,09:17:00,83.25,84.35,79.75,80.2,527410
2026-04-22 09:18:00,09:18:00,80.3,83.45,80.05,81.15,421720
2026-04-22 09:19:00,09:19:00,81.55,84.5,81.15,83.65,414570
2026-04-22 09:20:00,09:20:00,84.0,85.25,80.8,81.9,479700
2026-04-22 09:21:00,09:21:00,82.05,82.45,77.35,77.5,475215
2026-04-22 09:22:00,09:22:00,78.1,81.75,76.5,80.4,486135
2026-04-22 09:23:00,09:23:00,80.6,81.2,78.05,79.1,242970
2026-04-22 09:24:00,09:24:00,71.1,76.45,69.95,75.7,103545
2026-04-22 09:25:00,09:25:00,75.9,79.55,75.7,79.0,115895
2026-04-22 09:26:00,09:26:00,78.9,79.0,76.0,77.8,108810
2026-04-22 09:27:00,09:27:00,78.55,78.65,77.25,77.9,54080
2026-04-22 09:28:00,09:28:00,78.1,81.55,77.75,80.6,103415
2026-04-22 09:29:00,09:29:00,80.55,82.8,78.45,82.7,63505
2026-04-22 09:30:00,09:30:00,83.0,85.2,81.4,81.4,175305
2026-04-22 09:31:00,09:31:00,81.05,83.35,80.25,81.9,107770
2026-04-22 09:32:00,09:32:00,81.45,82.55,79.7,79.7,54340
2026-04-22 09:33:00,09:33:00,79.7,81.85,77.7,81.85,86645
2026-04-22 09:34:00,09:34:00,81.45,84.6,81.25,81.35,78000
2026-04-22 09:35:00,09:35:00,80.65,82.5,78.6,82.5,61945
2026-04-22 09:36:00,09:36:00,83.0,83.25,77.65,77.9,66625
2026-04-22 09:37:00,09:37:00,78.0,80.7,77.9,79.55,33735
2026-04-22 09:38:00,09:38:00,79.8,81.85,79.55,81.1,51415
2026-04-22 09:39:00,09:39:00,81.55,83.7,80.7,83.4,73125
2026-04-22 09:40:00,09:40:00,84.25,86.15,83.1,83.8,106730
2026-04-22 09:41:00,09:41:00,83.25,86.1,83.25,85.3,69680
2026-04-22 09:42:00,09:42:00,85.4,85.9,83.05,84.9,47645
2026-04-22 09:43:00,09:43:00,75.7,78.35,75.5,78.2,207350
2026-04-22 09:44:00,09:44:00,78.9,78.9,77.25,77.4,127400
2026-04-22 09:45:00,09:45:00,87.5,89.05,86.4,87.15,80860
2026-04-22 09:46:00,09:46:00,76.85,81.3,75.35,80.95,192010
2026-04-22 09:47:00,09:47:00,81.0,81.4,79.1,79.35,117065
2026-04-22 09:48:00,09:48:00,79.4,82.2,79.35,79.65,153855
2026-04-22 09:49:00,09:49:00,79.65,80.5,78.55,78.65,201045
2026-04-22 09:50:00,09:50:00,78.2,80.1,77.7,80.1,137865
2026-04-22 09:51:00,09:51:00,79.75,81.5,77.0,77.0,139620
2026-04-22 09:52:00,09:52:00,77.05,79.65,75.6,79.0,92105
2026-04-22 09:53:00,09:53:00,79.2,79.4,76.8,78.0,54405
2026-04-22 09:54:00,09:54:00,78.1,81.2,77.9,80.65,88790
2026-04-22 09:55:00,09:55:00,80.8,82.7,79.5,80.2,153985
2026-04-22 09:56:00,09:56:00,80.3,81.5,79.35,79.5,52000
2026-04-22 09:57:00,09:57:00,79.45,83.65,79.45,82.25,108030
2026-04-22 09:58:00,09:58:00,82.25,82.5,80.65,81.05,58565
2026-04-22 09:59:00,09:59:00,81.15,83.05,80.15,83.05,91325
2026-04-22 10:00:00,10:00:00,73.95,80.95,73.4,78.0,209690
2026-04-22 10:01:00,10:01:00,78.6,79.75,75.4,76.25,62530
2026-04-22 10:02:00,10:02:00,85.9,87.3,84.1,85.2,114010
2026-04-22 10:03:00,10:03:00,85.0,87.4,85.0,86.95,69810
2026-04-22 10:04:00,10:04:00,86.85,87.35,85.65,86.3,249535
2026-04-22 10:05:00,10:05:00,76.9,79.9,76.45,79.0,38740
2026-04-22 10:06:00,10:06:00,88.95,89.3,87.15,87.95,72995
2026-04-22 10:07:00,10:07:00,87.9,88.6,85.9,86.8,56615
2026-04-22 10:08:00,10:08:00,77.0,78.9,76.6,78.6,16575
2026-04-22 10:09:00,10:09:00,88.6,88.7,86.15,86.15,85345
2026-04-22 10:10:00,10:10:00,86.1,86.15,84.05,85.05,92105
2026-04-22 10:11:00,10:11:00,85.05,87.75,84.95,86.55,52845
2026-04-22 10:12:00,10:12:00,86.4,87.85,84.65,87.4,136500
2026-04-22 10:13:00,10:13:00,87.9,88.0,86.7,87.05,62400
2026-04-22 10:14:00,10:14:00,77.35,78.85,77.2,77.6,35945
2026-04-22 10:15:00,10:15:00,87.9,88.8,85.35,85.35,50635
2026-04-22 10:16:00,10:16:00,85.1,86.85,84.45,86.85,89245
2026-04-22 10:17:00,10:17:00,86.85,87.85,85.25,85.25,43030
2026-04-22 10:18:00,10:18:00,85.4,87.15,84.75,86.45,49595
2026-04-22 10:19:00,10:19:00,86.05,87.35,85.25,86.3,25610
2026-04-22 10:20:00,10:20:00,76.1,78.75,76.1,77.0,27235
2026-04-22 10:21:00,10:21:00,78.25,80.0,77.0,80.0,106600
2026-04-22 10:22:00,10:22:00,79.75,82.6,79.75,81.5,98085
2026-04-22 10:23:00,10:23:00,82.05,83.8,79.5,82.15,103935
2026-04-22 10:24:00,10:24:00,81.75,82.15,79.85,80.65,31200
2026-04-22 10:25:00,10:25:00,81.65,81.65,78.4,78.7,49400
2026-04-22 10:26:00,10:26:00,78.7,79.05,76.65,78.6,39130
2026-04-22 10:27:00,10:27:00,78.7,79.05,77.6,77.65,17615
2026-04-22 10:28:00,10:28:00,78.1,78.3,76.9,77.7,20540
2026-04-22 10:29:00,10:29:00,77.85,78.85,76.45,77.2,20345
2026-04-22 10:30:00,10:30:00,77.45,78.85,76.55,76.7,28405
2026-04-22 10:31:00,10:31:00,86.5,88.4,86.1,86.1,25610
2026-04-22 10:32:00,10:32:00,85.9,87.3,85.4,87.0,55640
2026-04-22 10:33:00,10:33:00,86.85,87.2,84.8,85.1,54600
2026-04-22 10:34:00,10:34:00,85.1,86.35,84.45,86.25,36660
2026-04-22 10:35:00,10:35:00,85.95,86.7,84.75,86.5,31265
2026-04-22 10:36:00,10:36:00,86.5,87.75,84.6,84.8,48490
2026-04-22 10:37:00,10:37:00,85.15,85.15,83.3,83.65,63765
2026-04-22 10:38:00,10:38:00,83.6,83.95,81.65,82.35,82225
2026-04-22 10:39:00,10:39:00,82.4,83.3,80.4,80.6,65715
2026-04-22 10:40:00,10:40:00,80.55,81.7,80.2,80.7,67470
2026-04-22 10:41:00,10:41:00,80.6,81.4,79.45,79.9,186875
2026-04-22 10:42:00,10:42:00,79.7,79.9,77.4,77.4,120055
2026-04-22 10:43:00,10:43:00,77.9,78.25,76.35,76.85,85540
2026-04-22 10:44:00,10:44:00,77.05,77.35,76.4,77.0,58630
2026-04-22 10:45:00,10:45:00,76.95,78.7,76.85,78.0,67405
2026-04-22 10:46:00,10:46:00,88.1,88.45,82.2,84.3,169650
2026-04-22 10:47:00,10:47:00,84.35,84.4,81.5,82.35,56030
2026-04-22 10:48:00,10:48:00,82.05,85.0,82.05,84.1,45110
2026-04-22 10:49:00,10:49:00,74.3,75.15,73.7,73.75,51675
2026-04-22 10:50:00,10:50:00,83.25,83.85,82.0,82.0,30420
2026-04-22 10:51:00,10:51:00,82.2,82.3,79.95,80.9,37115
2026-04-22 10:52:00,10:52:00,80.5,81.6,79.8,79.8,11570
2026-04-22 10:53:00,10:53:00,79.5,80.95,78.8,79.25,39910
2026-04-22 10:54:00,10:54:00,79.05,79.35,78.2,79.0,50245
2026-04-22 10:55:00,10:55:00,78.95,79.15,77.35,78.7,47905
2026-04-22 10:56:00,10:56:00,79.5,80.3,78.7,79.05,28925
2026-04-22 10:57:00,10:57:00,79.0,79.7,78.4,79.5,15665
2026-04-22 10:58:00,10:58:00,79.75,80.55,79.35,79.9,21580
2026-04-22 10:59:00,10:59:00,79.9,80.45,79.3,79.4,21125
2026-04-22 11:00:00,11:00:00,79.65,81.75,79.4,81.45,42315
2026-04-22 11:01:00,11:01:00,81.5,81.65,79.65,80.1,46735
2026-04-22 11:02:00,11:02:00,79.7,80.1,77.85,79.3,31980
2026-04-22 11:03:00,11:03:00,78.95,80.85,78.95,80.85,14365
2026-04-22 11:04:00,11:04:00,80.55,80.85,77.7,77.7,28080
2026-04-22 11:05:00,11:05:00,77.7,80.1,77.65,79.7,17875
2026-04-22 11:06:00,11:06:00,79.8,80.8,79.45,80.4,21125
2026-04-22 11:07:00,11:07:00,81.0,81.4,80.05,81.05,12480
2026-04-22 11:08:00,11:08:00,80.9,81.65,79.7,80.7,22165
2026-04-22 11:09:00,11:09:00,71.4,73.4,71.1,73.4,49985
2026-04-22 11:10:00,11:10:00,73.45,76.0,73.1,75.25,199615
2026-04-22 11:11:00,11:11:00,75.25,75.6,74.0,74.0,71045
2026-04-22 11:12:00,11:12:00,83.8,84.0,81.25,81.25,35165
2026-04-22 11:13:00,11:13:00,81.65,83.5,81.25,82.05,17290
2026-04-22 11:14:00,11:14:00,82.1,82.15,79.95,82.1,26325
2026-04-22 11:15:00,11:15:00,82.25,82.8,80.85,82.65,18265
2026-04-22 11:16:00,11:16:00,82.95,83.1,81.75,82.5,20865
2026-04-22 11:17:00,11:17:00,82.5,82.5,80.15,81.0,31200
2026-04-22 11:18:00,11:18:00,81.05,81.15,79.35,79.35,14170
2026-04-22 11:19:00,11:19:00,79.15,79.7,77.9,77.95,30940
2026-04-22 11:20:00,11:20:00,77.95,80.95,77.85,80.4,26650
2026-04-22 11:21:00,11:21:00,79.75,80.4,77.4,78.35,20410
2026-04-22 11:22:00,11:22:00,78.9,79.2,76.35,76.9,31330
2026-04-22 11:23:00,11:23:00,76.8,78.55,76.8,77.0,19760
2026-04-22 11:24:00,11:24:00,76.9,77.0,75.1,75.1,39390
2026-04-22 11:25:00,11:25:00,75.0,76.3,74.6,75.35,30420
2026-04-22 11:26:00,11:26:00,75.25,75.55,74.0,74.5,38025
2026-04-22 11:27:00,11:27:00,74.25,76.0,74.25,75.65,14495
2026-04-22 11:28:00,11:28:00,76.05,77.6,75.65,76.6,18460
2026-04-22 11:29:00,11:29:00,76.4,78.6,76.4,78.1,19110
2026-04-22 11:30:00,11:30:00,78.0,78.35,76.8,77.45,34125
2026-04-22 11:31:00,11:31:00,77.15,77.95,76.65,77.95,15730
2026-04-22 11:32:00,11:32:00,77.45,77.95,75.3,76.2,15990
2026-04-22 11:33:00,11:33:00,74.85,76.2,72.5,72.65,56225
2026-04-22 11:34:00,11:34:00,73.2,75.45,72.65,74.15,23985
2026-04-22 11:35:00,11:35:00,74.6,77.25,74.15,76.2,10660
2026-04-22 11:36:00,11:36:00,76.5,76.9,75.75,76.3,23140
2026-04-22 11:37:00,11:37:00,76.1,76.7,75.35,76.35,15730
2026-04-22 11:38:00,11:38:00,76.65,76.95,75.45,75.45,9100
2026-04-22 11:39:00,11:39:00,75.55,77.5,75.25,77.0,27755
2026-04-22 11:40:00,11:40:00,77.15,77.4,74.85,75.55,35100
2026-04-22 11:41:00,11:41:00,75.65,76.4,75.5,76.2,13780
2026-04-22 11:42:00,11:42:00,76.5,77.0,74.65,76.9,22750
2026-04-22 11:43:00,11:43:00,77.3,78.75,76.9,77.35,47190
2026-04-22 11:44:00,11:44:00,68.0,70.65,67.5,70.6,52780
2026-04-22 11:45:00,11:45:00,70.3,72.9,70.3,72.9,90155
2026-04-22 11:46:00,11:46:00,72.25,75.3,72.25,75.15,171145
2026-04-22 11:47:00,11:47:00,75.5,76.9,74.1,76.7,130585
2026-04-22 11:48:00,11:48:00,76.8,78.0,75.2,75.25,117195
2026-04-22 11:49:00,11:49:00,74.9,75.25,72.1,73.75,112775
2026-04-22 11:50:00,11:50:00,73.65,74.2,71.35,71.75,85930
2026-04-22 11:51:00,11:51:00,71.6,72.95,71.2,72.7,39975
2026-04-22 11:52:00,11:52:00,72.45,73.35,70.2,70.2,29250
2026-04-22 11:53:00,11:53:00,70.15,70.9,69.35,69.4,71890
2026-04-22 11:54:00,11:54:00,70.0,70.95,68.7,68.7,34385
2026-04-22 11:55:00,11:55:00,68.5,68.8,67.65,68.15,57395
2026-04-22 11:56:00,11:56:00,68.6,69.0,67.85,67.85,24115
2026-04-22 11:57:00,11:57:00,67.9,68.95,66.25,66.35,39975
2026-04-22 11:58:00,11:58:00,66.2,67.0,65.3,65.3,40560
2026-04-22 11:59:00,11:59:00,74.2,74.65,72.85,72.85,47320
2026-04-22 12:00:00,12:00:00,72.8,73.15,71.0,72.95,44395
2026-04-22 12:01:00,12:01:00,72.8,74.25,72.8,73.35,36595
2026-04-22 12:02:00,12:02:00,73.15,73.35,72.45,72.75,9620
2026-04-22 12:03:00,12:03:00,72.75,73.0,71.6,71.95,38350
2026-04-22 12:04:00,12:04:00,71.95,72.1,70.6,71.0,31135
2026-04-22 12:05:00,12:05:00,71.3,72.65,71.0,71.65,20800
2026-04-22 12:06:00,12:06:00,71.55,72.7,71.15,71.15,19045
2026-04-22 12:07:00,12:07:00,71.3,72.45,70.7,71.45,9490
2026-04-22 12:08:00,12:08:00,71.45,73.25,71.4,72.9,18850
2026-04-22 12:09:00,12:09:00,64.05,65.2,63.85,64.95,37310
2026-04-22 12:10:00,12:10:00,65.2,66.25,64.85,65.35,50635
2026-04-22 12:11:00,12:11:00,74.7,74.7,72.85,73.0,45500
2026-04-22 12:12:00,12:12:00,64.35,67.5,64.2,67.25,57720
2026-04-22 12:13:00,12:13:00,67.25,68.85,66.6,67.0,69095
2026-04-22 12:14:00,12:14:00,67.25,67.55,66.0,66.75,22815
2026-04-22 12:15:00,12:15:00,66.75,68.0,66.75,67.8,24765
2026-04-22 12:16:00,12:16:00,67.75,68.0,67.0,67.4,30160
2026-04-22 12:17:00,12:17:00,67.3,67.4,64.85,66.1,71955
2026-04-22 12:18:00,12:18:00,66.35,67.8,66.1,67.8,39845
2026-04-22 12:19:00,12:19:00,68.0,68.65,67.6,68.2,39780
2026-04-22 12:20:00,12:20:00,68.3,68.8,67.2,68.45,34710
2026-04-22 12:21:00,12:21:00,68.5,68.6,66.4,66.9,48815
2026-04-22 12:22:00,12:22:00,66.75,67.65,66.2,67.65,17290
2026-04-22 12:23:00,12:23:00,67.7,68.7,67.65,68.7,17355
2026-04-22 12:24:00,12:24:00,69.0,70.4,68.0,69.5,54275
2026-04-22 12:25:00,12:25:00,69.5,70.0,67.6,69.0,73125
2026-04-22 12:26:00,12:26:00,68.9,69.0,67.25,67.25,21190
2026-04-22 12:27:00,12:27:00,67.15,69.8,66.9,69.8,24700
2026-04-22 12:28:00,12:28:00,69.8,71.5,69.5,70.2,59670
2026-04-22 12:29:00,12:29:00,70.5,70.5,67.45,68.55,51025
2026-04-22 12:30:00,12:30:00,68.6,68.6,64.8,65.5,58370
2026-04-22 12:31:00,12:31:00,65.1,66.5,65.0,65.85,31265
2026-04-22 12:32:00,12:32:00,65.8,66.95,64.8,66.95,26845
2026-04-22 12:33:00,12:33:00,67.0,67.35,65.05,65.4,21125
2026-04-22 12:34:00,12:34:00,65.4,67.0,65.15,65.85,16835
2026-04-22 12:35:00,12:35:00,65.8,67.5,65.6,66.3,31915
2026-04-22 12:36:00,12:36:00,66.95,68.0,66.1,67.95,28080
2026-04-22 12:37:00,12:37:00,68.0,71.25,67.5,71.25,49140
2026-04-22 12:38:00,12:38:00,71.35,72.75,69.3,70.0,77350
2026-04-22 12:39:00,12:39:00,69.7,70.0,67.1,67.45,112385
2026-04-22 12:40:00,12:40:00,67.35,68.75,66.15,68.75,27040
2026-04-22 12:41:00,12:41:00,68.45,68.75,66.7,66.8,15990
2026-04-22 12:42:00,12:42:00,66.75,66.8,65.15,66.6,51935
2026-04-22 12:43:00,12:43:00,66.65,67.05,64.5,64.5,224510
2026-04-22 12:44:00,12:44:00,64.7,65.4,64.1,64.2,30615
2026-04-22 12:45:00,12:45:00,64.05,65.3,64.05,64.5,43420
2026-04-22 12:46:00,12:46:00,64.4,65.95,64.4,65.35,19565
2026-04-22 12:47:00,12:47:00,65.0,66.85,65.0,66.4,26910
2026-04-22 12:48:00,12:48:00,66.6,68.35,66.2,68.35,37375
2026-04-22 12:49:00,12:49:00,68.35,70.35,67.75,68.75,59605
2026-04-22 12:50:00,12:50:00,69.5,69.55,67.7,68.0,58370
2026-04-22 12:51:00,12:51:00,67.95,69.0,66.3,66.3,28210
2026-04-22 12:52:00,12:52:00,66.2,66.3,63.05,64.65,92625
2026-04-22 12:53:00,12:53:00,64.6,65.1,63.95,64.65,47385
2026-04-22 12:54:00,12:54:00,64.7,65.85,64.25,65.1,31265
2026-04-22 12:55:00,12:55:00,73.9,74.35,71.6,71.6,21775
2026-04-22 12:56:00,12:56:00,72.25,73.2,71.2,71.25,20020
2026-04-22 12:57:00,12:57:00,71.15,71.25,69.65,71.2,38025
2026-04-22 12:58:00,12:58:00,71.5,71.5,70.0,71.0,26195
2026-04-22 12:59:00,12:59:00,70.8,71.2,69.85,70.55,13325
2026-04-22 13:00:00,13:00:00,70.6,71.8,70.4,70.6,15535
2026-04-22 13:01:00,13:01:00,70.35,74.25,70.35,72.3,47255
2026-04-22 13:02:00,13:02:00,72.0,72.75,71.3,72.25,12350
2026-04-22 13:03:00,13:03:00,63.65,66.0,63.55,64.65,39195
2026-04-22 13:04:00,13:04:00,73.4,73.5,71.0,71.0,16185
2026-04-22 13:05:00,13:05:00,71.15,71.6,70.0,71.1,35815
2026-04-22 13:06:00,13:06:00,70.95,71.1,69.65,70.0,20605
2026-04-22 13:07:00,13:07:00,70.05,70.75,69.5,69.75,15470
2026-04-22 13:08:00,13:08:00,69.6,70.3,68.6,69.05,38350
2026-04-22 13:09:00,13:09:00,69.3,71.3,69.05,70.5,21970
2026-04-22 13:10:00,13:10:00,70.2,72.6,70.0,72.05,52455
2026-04-22 13:11:00,13:11:00,72.2,72.2,70.8,71.7,27885
2026-04-22 13:12:00,13:12:00,63.2,65.45,62.8,64.7,67340
2026-04-22 13:13:00,13:13:00,64.55,64.7,62.2,62.3,29640
2026-04-22 13:14:00,13:14:00,70.8,71.7,69.3,69.45,49790
2026-04-22 13:15:00,13:15:00,69.3,70.8,68.75,70.8,36075
2026-04-22 13:16:00,13:16:00,70.6,72.5,70.6,71.0,28730
2026-04-22 13:17:00,13:17:00,62.65,64.65,62.4,64.65,20735
2026-04-22 13:18:00,13:18:00,64.65,65.2,63.65,63.9,40170
2026-04-22 13:19:00,13:19:00,63.7,67.1,63.7,66.85,108485
2026-04-22 13:20:00,13:20:00,66.6,69.1,66.05,68.85,71695
2026-04-22 13:21:00,13:21:00,68.95,69.45,67.6,67.6,96850
2026-04-22 13:22:00,13:22:00,67.45,71.45,67.25,70.2,117000
2026-04-22 13:23:00,13:23:00,70.45,72.4,69.8,69.8,100100
2026-04-22 13:24:00,13:24:00,69.4,72.0,69.05,71.45,132080
2026-04-22 13:25:00,13:25:00,71.6,72.4,70.25,70.95,53430
2026-04-22 13:26:00,13:26:00,71.15,71.15,68.85,69.7,58695
2026-04-22 13:27:00,13:27:00,69.8,69.9,67.75,68.6,48360
2026-04-22 13:28:00,13:28:00,68.4,69.2,67.6,67.6,45240
2026-04-22 13:29:00,13:29:00,67.6,67.65,65.1,65.95,71240
2026-04-22 13:30:00,13:30:00,65.6,66.35,64.25,65.8,88335
2026-04-22 13:31:00,13:31:00,65.7,67.05,65.1,65.7,36530
2026-04-22 13:32:00,13:32:00,65.65,67.1,63.7,63.8,58435
2026-04-22 13:33:00,13:33:00,73.0,73.0,70.5,71.55,62985
2026-04-22 13:34:00,13:34:00,62.55,63.55,62.15,63.1,52000
2026-04-22 13:35:00,13:35:00,72.1,72.1,70.3,71.1,24505
2026-04-22 13:36:00,13:36:00,71.0,71.95,70.5,70.5,19500
2026-04-22 13:37:00,13:37:00,70.15,71.6,70.15,71.45,21710
2026-04-22 13:38:00,13:38:00,62.65,64.0,62.35,64.0,51090
2026-04-22 13:39:00,13:39:00,64.2,64.55,62.9,63.4,150345
2026-04-22 13:40:00,13:40:00,72.45,72.55,70.9,70.9,16965
2026-04-22 13:41:00,13:41:00,70.6,71.55,70.0,70.5,28600
2026-04-22 13:42:00,13:42:00,70.05,72.2,69.75,72.2,29900
2026-04-22 13:43:00,13:43:00,72.2,72.35,70.8,71.15,22295
2026-04-22 13:44:00,13:44:00,71.15,71.5,70.0,70.0,26065
2026-04-22 13:45:00,13:45:00,70.0,71.7,69.9,71.55,31135
2026-04-22 13:46:00,13:46:00,71.2,71.95,70.85,71.25,16640
2026-04-22 13:47:00,13:47:00,71.7,71.95,71.25,71.75,8905
2026-04-22 13:48:00,13:48:00,71.6,71.75,70.0,70.0,13455
2026-04-22 13:49:00,13:49:00,70.0,71.35,70.0,70.65,22685
2026-04-22 13:50:00,13:50:00,70.55,72.0,70.45,71.8,12155
2026-04-22 13:51:00,13:51:00,72.25,73.0,71.8,71.8,29510
2026-04-22 13:52:00,13:52:00,63.3,64.9,63.25,64.9,44980
2026-04-22 13:53:00,13:53:00,65.1,66.2,64.3,65.85,108615
2026-04-22 13:54:00,13:54:00,66.0,66.5,64.3,64.45,95745
2026-04-22 13:55:00,13:55:00,73.1,74.7,70.6,71.15,40430
2026-04-22 13:56:00,13:56:00,71.05,71.15,68.45,69.2,58955
2026-04-22 13:57:00,13:57:00,69.15,70.4,67.55,67.9,58240
2026-04-22 13:58:00,13:58:00,67.35,68.0,66.1,67.5,76765
2026-04-22 13:59:00,13:59:00,67.35,67.7,66.6,67.25,22685
2026-04-22 14:00:00,14:00:00,67.05,67.25,64.6,65.15,116220
2026-04-22 14:01:00,14:01:00,65.05,67.7,64.6,66.45,51025
2026-04-22 14:02:00,14:02:00,66.8,67.85,66.45,67.85,20605
2026-04-22 14:03:00,14:03:00,67.9,71.05,67.85,70.55,158860
2026-04-22 14:04:00,14:04:00,62.05,64.5,62.05,64.4,86320
2026-04-22 14:05:00,14:05:00,72.9,73.4,70.9,71.75,44070
2026-04-22 14:06:00,14:06:00,62.7,64.05,62.25,64.05,77025
2026-04-22 14:07:00,14:07:00,72.95,73.35,70.9,71.6,33410
2026-04-22 14:08:00,14:08:00,71.25,72.05,70.35,71.25,18590
2026-04-22 14:09:00,14:09:00,63.2,64.0,62.55,63.75,16185
2026-04-22 14:10:00,14:10:00,64.35,66.25,63.75,65.6,97955
2026-04-22 14:11:00,14:11:00,66.0,66.8,65.5,66.8,55250
2026-04-22 14:12:00,14:12:00,66.65,66.85,65.7,66.15,28015
2026-04-22 14:13:00,14:13:00,66.4,68.0,65.75,67.5,54925
2026-04-22 14:14:00,14:14:00,67.55,67.55,65.3,66.15,56615
2026-04-22 14:15:00,14:15:00,66.0,67.6,65.35,67.6,36660
2026-04-22 14:16:00,14:16:00,67.55,70.6,66.55,69.25,75595
2026-04-22 14:17:00,14:17:00,69.1,72.45,68.7,71.7,106665
2026-04-22 14:18:00,14:18:00,71.6,73.3,71.45,73.05,88075
2026-04-22 14:19:00,14:19:00,73.1,73.2,69.4,69.45,110045
2026-04-22 14:20:00,14:20:00,69.45,72.4,69.45,72.25,49920
2026-04-22 14:21:00,14:21:00,72.35,72.35,67.6,68.8,75920
2026-04-22 14:22:00,14:22:00,68.6,69.15,67.75,67.75,26000
2026-04-22 14:23:00,14:23:00,67.15,68.9,66.85,68.0,36790
2026-04-22 14:24:00,14:24:00,68.2,68.75,67.0,67.0,18200
2026-04-22 14:25:00,14:25:00,67.0,67.0,65.3,66.2,64415
2026-04-22 14:26:00,14:26:00,66.25,67.8,65.95,67.7,13195
2026-04-22 14:27:00,14:27:00,68.0,68.55,66.3,67.0,30615
2026-04-22 14:28:00,14:28:00,67.4,68.45,66.85,67.4,25220
2026-04-22 14:29:00,14:29:00,66.8,68.1,66.5,67.35,21710
2026-04-22 14:30:00,14:30:00,67.5,69.25,66.4,66.95,77805
2026-04-22 14:31:00,14:31:00,66.85,67.55,65.25,67.55,37505
2026-04-22 14:32:00,14:32:00,67.6,68.6,66.05,67.35,25155
2026-04-22 14:33:00,14:33:00,66.95,67.35,65.35,66.15,17095
2026-04-22 14:34:00,14:34:00,65.9,66.8,65.2,66.45,26325
2026-04-22 14:35:00,14:35:00,66.3,66.85,65.8,65.8,12740
2026-04-22 14:36:00,14:36:00,65.55,66.1,63.0,63.0,74685
2026-04-22 14:37:00,14:37:00,72.45,72.45,70.6,71.45,35685
2026-04-22 14:38:00,14:38:00,62.7,66.15,62.65,65.6,42120
2026-04-22 14:39:00,14:39:00,65.85,66.25,64.7,64.9,67210
2026-04-22 14:40:00,14:40:00,63.95,66.15,63.8,66.15,38285
2026-04-22 14:41:00,14:41:00,66.25,66.25,64.6,64.95,27300
2026-04-22 14:42:00,14:42:00,65.0,65.75,64.5,65.75,60255
2026-04-22 14:43:00,14:43:00,65.7,66.2,64.8,65.2,34970
2026-04-22 14:44:00,14:44:00,64.7,67.5,64.7,67.2,54860
2026-04-22 14:45:00,14:45:00,67.2,68.0,66.2,66.55,79300
2026-04-22 14:46:00,14:46:00,67.1,67.25,65.85,66.15,28535
2026-04-22 14:47:00,14:47:00,66.0,66.15,64.6,64.8,33735
2026-04-22 14:48:00,14:48:00,64.75,65.1,63.6,64.65,34515
2026-04-22 14:49:00,14:49:00,64.55,65.65,64.25,65.5,8970
2026-04-22 14:50:00,14:50:00,66.0,67.15,65.5,66.3,45695
2026-04-22 14:51:00,14:51:00,66.15,66.5,64.15,64.4,46995
2026-04-22 14:52:00,14:52:00,64.15,64.85,63.4,64.45,45240
2026-04-22 14:53:00,14:53:00,64.5,64.75,63.9,64.5,24310
2026-04-22 14:54:00,14:54:00,64.6,64.95,63.4,63.85,15860
2026-04-22 14:55:00,14:55:00,72.85,72.85,71.15,72.15,24570
2026-04-22 14:56:00,14:56:00,73.1,73.2,72.15,73.05,17095
2026-04-22 14:57:00,14:57:00,73.35,73.8,72.2,73.5,20670
2026-04-22 14:58:00,14:58:00,64.5,65.0,63.95,63.95,20735
2026-04-22 14:59:00,14:59:00,72.9,73.25,71.85,72.55,24245
2026-04-22 15:00:00,15:00:00,64.0,68.55,63.6,68.55,121290
2026-04-22 15:01:00,15:01:00,68.05,70.5,67.7,68.95,123435
2026-04-22 15:02:00,15:02:00,68.35,70.8,67.6,67.95,110240
2026-04-22 15:03:00,15:03:00,68.0,71.35,67.95,70.1,105950
2026-04-22 15:04:00,15:04:00,70.1,71.2,69.15,70.3,79625
2026-04-22 15:05:00,15:05:00,70.25,72.15,70.25,71.2,109200
2026-04-22 15:06:00,15:06:00,71.3,71.75,70.6,71.3,78650
2026-04-22 15:07:00,15:07:00,71.35,71.35,69.5,70.75,139555
2026-04-22 15:08:00,15:08:00,71.15,71.95,70.7,70.75,119665
2026-04-22 15:09:00,15:09:00,71.05,71.85,70.5,71.25,98930
2026-04-22 15:10:00,15:10:00,71.75,73.0,71.25,72.1,126230
2026-04-22 15:11:00,15:11:00,71.6,72.1,70.3,71.0,381420
2026-04-22 15:12:00,15:12:00,71.1,71.45,69.85,70.25,115505
2026-04-22 15:13:00,15:13:00,70.6,70.6,68.0,68.75,110630
2026-04-22 15:14:00,15:14:00,68.55,68.75,66.7,67.35,65585
2026-04-22 15:15:00,15:15:00,67.8,68.4,63.9,64.75,121875
2026-04-22 15:16:00,15:16:00,64.85,66.5,64.4,65.85,114075
2026-04-22 15:17:00,15:17:00,66.0,66.2,65.35,65.95,57915
2026-04-22 15:18:00,15:18:00,66.0,67.65,65.95,67.6,70590
2026-04-22 15:19:00,15:19:00,67.45,67.6,66.5,67.25,54340
2026-04-22 15:20:00,15:20:00,67.15,68.35,67.15,67.8,64090
2026-04-22 15:21:00,15:21:00,67.95,68.1,66.85,66.9,45370
2026-04-22 15:22:00,15:22:00,66.65,66.9,64.9,66.55,107900
2026-04-22 15:23:00,15:23:00,66.6,68.5,66.05,68.0,41665
2026-04-22 15:24:00,15:24:00,59.6,59.8,58.9,59.75,21060
2026-04-22 15:25:00,15:25:00,59.75,60.0,58.35,59.35,40300
2026-04-22 15:26:00,15:26:00,59.3,59.6,58.85,59.15,25545
2026-04-22 15:27:00,15:27:00,59.05,59.25,58.1,58.25,41015
2026-04-22 15:28:00,15:28:00,58.0,58.7,57.9,58.3,29185
2026-04-22 15:29:00,15:29:00,58.5,58.65,55.4,55.95,53560
2026-04-23 09:15:00,09:15:00,75.3,96.6,75.0,91.05,960310
2026-04-23 09:16:00,09:16:00,104.5,109.95,95.3,95.65,232375
2026-04-23 09:17:00,09:17:00,94.75,97.4,94.1,96.1,155675
2026-04-23 09:18:00,09:18:00,96.25,97.05,92.0,93.55,94770
2026-04-23 09:19:00,09:19:00,92.5,93.95,90.25,91.8,57525
2026-04-23 09:20:00,09:20:00,92.1,93.65,87.5,87.7,104260
2026-04-23 09:21:00,09:21:00,86.05,88.75,85.4,86.35,103415
2026-04-23 09:22:00,09:22:00,86.85,91.25,86.35,89.75,130780
2026-04-23 09:23:00,09:23:00,90.7,90.7,85.8,88.85,73515
2026-04-23 09:24:00,09:24:00,88.5,91.4,87.9,90.25,49400
2026-04-23 09:25:00,09:25:00,90.45,93.1,87.55,92.75,55965
2026-04-23 09:26:00,09:26:00,92.55,95.0,91.9,93.0,95160
2026-04-23 09:27:00,09:27:00,92.5,94.0,89.75,89.85,67860
2026-04-23 09:28:00,09:28:00,102.6,103.1,97.9,98.85,161330
2026-04-23 09:29:00,09:29:00,97.9,99.05,96.6,97.1,138190
2026-04-23 09:30:00,09:30:00,97.2,101.0,95.2,96.85,147745
2026-04-23 09:31:00,09:31:00,96.7,97.65,90.75,97.0,187980
2026-04-23 09:32:00,09:32:00,96.8,99.5,96.45,98.9,127855
2026-04-23 09:33:00,09:33:00,85.75,89.0,85.2,89.0,51025
2026-04-23 09:34:00,09:34:00,89.85,89.95,86.0,87.9,58370
2026-04-23 09:35:00,09:35:00,87.25,89.5,85.75,89.35,41795
2026-04-23 09:36:00,09:36:00,89.55,92.25,88.8,90.9,80015
2026-04-23 09:37:00,09:37:00,91.0,91.3,86.9,88.75,48620
2026-04-23 09:38:00,09:38:00,88.85,90.9,87.0,87.0,45370
2026-04-23 09:39:00,09:39:00,87.0,87.0,82.9,84.95,76960
2026-04-23 09:40:00,09:40:00,85.15,87.9,84.5,85.7,66365
2026-04-23 09:41:00,09:41:00,85.05,85.7,80.8,81.65,58240
2026-04-23 09:42:00,09:42:00,93.7,94.2,91.1,92.0,186160
2026-04-23 09:43:00,09:43:00,91.85,92.0,88.65,90.35,204880
2026-04-23 09:44:00,09:44:00,90.75,91.75,90.0,91.0,89895
2026-04-23 09:45:00,09:45:00,91.0,92.7,90.0,90.15,119535
2026-04-23 09:46:00,09:46:00,90.25,90.75,88.65,88.8,119080
2026-04-23 09:47:00,09:47:00,88.05,88.9,87.0,87.25,308490
2026-04-23 09:48:00,09:48:00,87.45,87.85,84.7,84.7,134160
2026-04-23 09:49:00,09:49:00,85.3,85.9,83.5,84.55,460330
2026-04-23 09:50:00,09:50:00,97.25,97.25,94.6,95.6,90935
2026-04-23 09:51:00,09:51:00,82.9,83.9,80.75,83.25,121420
2026-04-23 09:52:00,09:52:00,95.7,95.9,93.1,93.65,87685
2026-04-23 09:53:00,09:53:00,93.35,93.65,91.2,92.5,66625
2026-04-23 09:54:00,09:54:00,92.7,93.25,91.3,93.25,52650
2026-04-23 09:55:00,09:55:00,93.4,93.4,91.1,91.25,42835
2026-04-23 09:56:00,09:56:00,91.35,92.25,90.4,90.4,36790
2026-04-23 09:57:00,09:57:00,90.15,91.8,89.8,91.45,60840
2026-04-23 09:58:00,09:58:00,91.65,91.95,90.2,90.2,44720
2026-04-23 09:59:00,09:59:00,90.3,91.6,89.55,90.65,65845
2026-04-23 10:00:00,10:00:00,90.6,92.4,89.8,92.25,55510
2026-04-23 10:01:00,10:01:00,79.55,81.5,78.55,79.7,141895
2026-04-23 10:02:00,10:02:00,92.3,93.25,90.3,90.55,39390
2026-04-23 10:03:00,10:03:00,90.45,90.55,87.3,88.25,66495
2026-04-23 10:04:00,10:04:00,87.95,88.25,86.15,86.3,74230
2026-04-23 10:05:00,10:05:00,87.35,87.7,86.0,87.55,46345
2026-04-23 10:06:00,10:06:00,87.5,89.15,86.9,89.0,40560
2026-04-23 10:07:00,10:07:00,88.85,90.5,88.05,90.4,25870
2026-04-23 10:08:00,10:08:00,90.65,91.75,89.45,91.1,49075
2026-04-23 10:09:00,10:09:00,91.45,91.45,90.15,90.75,29250
2026-04-23 10:10:00,10:10:00,90.55,93.45,90.45,92.45,51545
2026-04-23 10:11:00,10:11:00,92.05,92.45,91.15,91.9,35880
2026-04-23 10:12:00,10:12:00,91.7,92.4,90.45,91.4,26715
2026-04-23 10:13:00,10:13:00,79.0,80.85,78.7,80.6,73255
2026-04-23 10:14:00,10:14:00,93.1,94.0,91.3,91.3,61100
2026-04-23 10:15:00,10:15:00,79.8,80.6,79.0,79.65,94705
2026-04-23 10:16:00,10:16:00,92.5,93.4,89.35,89.9,86515
2026-04-23 10:17:00,10:17:00,89.9,91.55,89.7,91.0,19955
2026-04-23 10:18:00,10:18:00,78.65,79.45,77.5,77.6,71110
2026-04-23 10:19:00,10:19:00,90.15,90.15,87.1,87.1,51025
2026-04-23 10:20:00,10:20:00,87.3,88.65,86.15,88.3,36270
2026-04-23 10:21:00,10:21:00,75.85,78.8,74.9,78.8,110955
2026-04-23 10:22:00,10:22:00,78.65,79.8,78.5,78.5,321620
2026-04-23 10:23:00,10:23:00,78.65,79.05,77.55,78.05,76310
2026-04-23 10:24:00,10:24:00,77.85,78.05,76.55,77.4,64805
2026-04-23 10:25:00,10:25:00,78.55,80.7,77.4,78.35,240500
2026-04-23 10:26:00,10:26:00,77.5,78.35,76.7,77.2,83980
2026-04-23 10:27:00,10:27:00,89.65,90.0,87.75,88.6,41535
2026-04-23 10:28:00,10:28:00,76.9,79.3,76.65,78.9,58760
2026-04-23 10:29:00,10:29:00,79.0,80.45,78.5,80.15,46280
2026-04-23 10:30:00,10:30:00,79.75,81.15,79.0,80.25,83460
2026-04-23 10:31:00,10:31:00,80.4,83.3,80.25,82.55,128700
2026-04-23 10:32:00,10:32:00,82.7,83.4,81.6,83.25,112320
2026-04-23 10:33:00,10:33:00,83.3,85.8,83.15,85.4,274625
2026-04-23 10:34:00,10:34:00,85.6,87.1,84.7,86.4,417820
2026-04-23 10:35:00,10:35:00,85.7,89.3,84.6,88.4,401570
2026-04-23 10:36:00,10:36:00,88.1,89.35,88.05,89.1,180895
2026-04-23 10:37:00,10:37:00,89.5,90.4,88.5,90.4,210795
2026-04-23 10:38:00,10:38:00,90.55,93.65,90.1,92.05,209560
2026-04-23 10:39:00,10:39:00,92.5,92.5,90.0,90.7,138320
2026-04-23 10:40:00,10:40:00,90.75,91.8,90.55,90.55,84955
2026-04-23 10:41:00,10:41:00,90.85,91.45,89.3,90.15,170430
2026-04-23 10:42:00,10:42:00,90.45,91.0,88.75,89.15,144430
2026-04-23 10:43:00,10:43:00,76.7,79.4,76.7,79.0,109070
2026-04-23 10:44:00,10:44:00,78.7,79.6,78.35,78.65,38025
2026-04-23 10:45:00,10:45:00,78.25,79.65,77.65,79.65,43290
2026-04-23 10:46:00,10:46:00,79.0,85.55,78.95,84.9,120705
2026-04-23 10:47:00,10:47:00,85.3,90.6,82.9,85.0,235040
2026-04-23 10:48:00,10:48:00,85.4,86.1,83.2,84.4,52520
2026-04-23 10:49:00,10:49:00,83.75,85.15,82.4,84.35,48360
2026-04-23 10:50:00,10:50:00,84.4,85.4,84.15,85.15,40235
2026-04-23 10:51:00,10:51:00,85.25,87.4,83.75,84.2,48490
2026-04-23 10:52:00,10:52:00,84.3,84.3,82.0,84.1,42965
2026-04-23 10:53:00,10:53:00,83.45,84.1,80.05,82.0,64350
2026-04-23 10:54:00,10:54:00,81.95,82.3,80.3,82.1,24700
2026-04-23 10:55:00,10:55:00,82.1,83.75,81.9,83.7,25285
2026-04-23 10:56:00,10:56:00,83.45,85.65,83.05,85.4,36335
2026-04-23 10:57:00,10:57:00,85.1,85.4,83.0,84.6,27365
2026-04-23 10:58:00,10:58:00,84.35,84.8,77.75,79.1,74750
2026-04-23 10:59:00,10:59:00,78.95,80.5,78.9,80.4,48295
2026-04-23 11:00:00,11:00:00,80.45,81.45,79.2,79.3,15275
2026-04-23 11:01:00,11:01:00,79.0,80.2,77.9,79.85,42055
2026-04-23 11:02:00,11:02:00,79.45,79.85,77.3,78.45,29250
2026-04-23 11:03:00,11:03:00,78.15,79.15,77.75,77.75,56225
2026-04-23 11:04:00,11:04:00,77.5,78.7,76.05,76.25,42965
2026-04-23 11:05:00,11:05:00,76.35,77.75,75.75,76.6,24375
2026-04-23 11:06:00,11:06:00,77.75,79.85,76.6,79.2,36855
2026-04-23 11:07:00,11:07:00,79.25,79.25,77.15,77.15,13000
2026-04-23 11:08:00,11:08:00,77.2,77.5,75.2,75.75,42120
2026-04-23 11:09:00,11:09:00,75.5,79.5,75.5,79.5,18850
2026-04-23 11:10:00,11:10:00,79.5,80.0,78.0,78.7,19630
2026-04-23 11:11:00,11:11:00,79.3,80.6,78.05,78.5,38025
2026-04-23 11:12:00,11:12:00,79.0,83.0,78.5,82.9,61035
2026-04-23 11:13:00,11:13:00,82.95,84.3,81.85,83.95,65520
2026-04-23 11:14:00,11:14:00,84.0,85.2,83.35,84.85,29835
2026-04-23 11:15:00,11:15:00,85.5,85.85,83.05,83.5,62660
2026-04-23 11:16:00,11:16:00,83.35,83.6,80.3,82.35,33215
2026-04-23 11:17:00,11:17:00,82.35,82.45,78.8,81.4,40300
2026-04-23 11:18:00,11:18:00,81.25,81.55,78.9,81.5,16055
2026-04-23 11:19:00,11:19:00,80.85,84.45,80.85,84.45,33800
2026-04-23 11:20:00,11:20:00,84.5,84.5,81.65,81.8,39390
2026-04-23 11:21:00,11:21:00,81.6,81.8,79.8,81.1,24375
2026-04-23 11:22:00,11:22:00,80.9,82.1,78.7,80.4,21775
2026-04-23 11:23:00,11:23:00,80.45,82.4,80.4,82.25,19500
2026-04-23 11:24:00,11:24:00,82.4,84.25,82.25,83.5,21905
2026-04-23 11:25:00,11:25:00,83.7,83.7,80.45,80.8,24310
2026-04-23 11:26:00,11:26:00,80.4,81.8,79.6,81.8,23985
2026-04-23 11:27:00,11:27:00,81.3,82.7,80.05,80.05,17420
2026-04-23 11:28:00,11:28:00,81.0,81.45,78.85,79.2,26845
2026-04-23 11:29:00,11:29:00,79.7,80.0,78.15,79.0,17290
2026-04-23 11:30:00,11:30:00,79.25,79.7,77.05,78.05,26195
2026-04-23 11:31:00,11:31:00,78.2,79.15,76.15,76.55,22555
2026-04-23 11:32:00,11:32:00,76.65,79.05,76.5,79.05,13715
2026-04-23 11:33:00,11:33:00,79.25,79.55,77.55,78.3,15405
2026-04-23 11:34:00,11:34:00,78.75,80.2,78.3,79.3,20280
2026-04-23 11:35:00,11:35:00,79.35,83.45,79.3,80.35,40300
2026-04-23 11:36:00,11:36:00,80.55,81.7,78.0,80.15,32760
2026-04-23 11:37:00,11:37:00,80.6,82.0,78.7,79.6,40365
2026-04-23 11:38:00,11:38:00,79.2,79.6,76.8,77.6,45955
2026-04-23 11:39:00,11:39:00,77.65,78.4,77.0,77.15,18395
2026-04-23 11:40:00,11:40:00,77.25,79.0,76.5,79.0,27430
2026-04-23 11:41:00,11:41:00,79.05,80.9,78.95,80.9,18655
2026-04-23 11:42:00,11:42:00,80.8,82.6,80.75,81.95,45240
2026-04-23 11:43:00,11:43:00,81.6,82.1,80.2,81.75,29705
2026-04-23 11:44:00,11:44:00,82.1,83.15,80.95,82.65,32630
2026-04-23 11:45:00,11:45:00,82.4,83.0,79.5,80.1,42900
2026-04-23 11:46:00,11:46:00,80.55,81.2,80.1,80.7,22230
2026-04-23 11:47:00,11:47:00,80.95,81.4,78.2,78.7,18460
2026-04-23 11:48:00,11:48:00,78.3,78.7,77.0,77.15,30160
2026-04-23 11:49:00,11:49:00,76.7,78.05,75.85,77.95,60190
2026-04-23 11:50:00,11:50:00,77.55,79.2,77.25,77.9,13845
2026-04-23 11:51:00,11:51:00,77.4,77.9,74.7,75.45,32435
2026-04-23 11:52:00,11:52:00,75.25,76.15,74.0,74.0,35035
2026-04-23 11:53:00,11:53:00,73.8,74.15,72.3,73.1,50895
2026-04-23 11:54:00,11:54:00,72.95,73.35,71.6,72.75,38610
2026-04-23 11:55:00,11:55:00,72.75,73.3,71.5,72.8,14430
2026-04-23 11:56:00,11:56:00,72.3,73.0,71.5,72.85,16055
2026-04-23 11:57:00,11:57:00,72.75,74.3,72.4,72.5,25740
2026-04-23 11:58:00,11:58:00,73.25,73.8,72.05,73.8,8450
2026-04-23 11:59:00,11:59:00,73.5,73.8,71.45,72.3,22230
2026-04-23 12:00:00,12:00:00,71.65,74.35,71.65,74.25,21190
2026-04-23 12:01:00,12:01:00,74.35,75.6,73.1,73.1,50180
2026-04-23 12:02:00,12:02:00,73.45,73.5,72.6,73.35,17745
2026-04-23 12:03:00,12:03:00,73.0,74.0,73.0,73.3,9555
2026-04-23 12:04:00,12:04:00,73.7,75.4,73.3,74.3,16640
2026-04-23 12:05:00,12:05:00,74.8,76.0,73.65,73.7,21970
2026-04-23 12:06:00,12:06:00,73.95,75.7,73.7,74.8,16315
2026-04-23 12:07:00,12:07:00,74.0,74.8,71.05,72.0,24050
2026-04-23 12:08:00,12:08:00,72.9,73.0,69.85,69.85,36725
2026-04-23 12:09:00,12:09:00,70.0,72.1,69.7,72.1,35945
2026-04-23 12:10:00,12:10:00,72.6,72.6,70.0,70.15,33735
2026-04-23 12:11:00,12:11:00,70.05,70.6,68.95,69.05,31850
2026-04-23 12:12:00,12:12:00,69.2,69.8,68.05,68.65,36335
2026-04-23 12:13:00,12:13:00,68.5,70.15,68.4,69.2,18785
2026-04-23 12:14:00,12:14:00,69.3,70.25,68.7,70.25,18460
2026-04-23 12:15:00,12:15:00,70.65,70.85,69.25,70.05,18785
2026-04-23 12:16:00,12:16:00,70.15,70.15,68.4,69.0,16250
2026-04-23 12:17:00,12:17:00,69.2,70.0,69.0,69.5,10075
2026-04-23 12:18:00,12:18:00,69.0,69.65,68.75,69.45,6110
2026-04-23 12:19:00,12:19:00,69.3,71.5,69.3,71.5,19565
2026-04-23 12:20:00,12:20:00,70.95,71.75,70.2,71.15,22360
2026-04-23 12:21:00,12:21:00,71.25,71.25,69.0,69.05,10530
2026-04-23 12:22:00,12:22:00,80.7,81.1,76.65,77.15,140465
2026-04-23 12:23:00,12:23:00,66.5,68.35,66.25,67.9,32630
2026-04-23 12:24:00,12:24:00,67.75,69.2,67.0,69.2,16120
2026-04-23 12:25:00,12:25:00,68.9,72.95,68.9,72.95,54470
2026-04-23 12:26:00,12:26:00,73.05,74.6,72.55,74.6,64285
2026-04-23 12:27:00,12:27:00,75.15,76.55,74.0,75.6,61100
2026-04-23 12:28:00,12:28:00,75.75,77.3,75.1,75.8,42835
2026-04-23 12:29:00,12:29:00,75.8,77.1,75.8,76.4,62465
2026-04-23 12:30:00,12:30:00,76.9,80.3,76.05,80.3,87425
2026-04-23 12:31:00,12:31:00,68.45,70.85,67.9,70.65,181805
2026-04-23 12:32:00,12:32:00,70.95,70.95,68.75,69.45,272870
2026-04-23 12:33:00,12:33:00,81.25,81.4,78.3,79.3,47450
2026-04-23 12:34:00,12:34:00,79.4,81.25,77.65,80.2,43420
2026-04-23 12:35:00,12:35:00,68.65,69.75,67.3,69.75,68250
2026-04-23 12:36:00,12:36:00,69.85,70.2,68.7,68.7,75660
2026-04-23 12:37:00,12:37:00,80.1,80.45,77.7,79.1,47840
2026-04-23 12:38:00,12:38:00,79.55,79.55,76.2,76.2,47385
2026-04-23 12:39:00,12:39:00,76.05,77.2,75.65,76.35,25610
2026-04-23 12:40:00,12:40:00,76.15,76.75,74.35,75.0,39650
2026-04-23 12:41:00,12:41:00,75.2,76.45,74.6,75.1,28210
2026-04-23 12:42:00,12:42:00,75.6,77.15,75.1,75.85,29835
2026-04-23 12:43:00,12:43:00,76.2,76.35,74.2,75.9,15860
2026-04-23 12:44:00,12:44:00,75.95,76.25,72.3,72.65,27560
2026-04-23 12:45:00,12:45:00,72.0,74.7,71.8,74.25,40950
2026-04-23 12:46:00,12:46:00,74.45,74.9,72.5,73.65,15210
2026-04-23 12:47:00,12:47:00,73.65,73.95,72.8,73.45,17160
2026-04-23 12:48:00,12:48:00,73.5,76.5,72.85,76.5,30550
2026-04-23 12:49:00,12:49:00,76.55,76.55,73.8,74.05,20215
2026-04-23 12:50:00,12:50:00,74.05,75.35,74.0,74.9,26715
2026-04-23 12:51:00,12:51:00,74.9,76.9,74.9,76.9,18850
2026-04-23 12:52:00,12:52:00,76.6,76.9,73.5,73.7,20475
2026-04-23 12:53:00,12:53:00,73.7,74.45,72.35,72.6,27690
2026-04-23 12:54:00,12:54:00,72.45,73.0,71.25,72.25,23985
2026-04-23 12:55:00,12:55:00,72.15,72.35,70.5,70.9,28080
2026-04-23 12:56:00,12:56:00,70.5,71.75,70.1,70.85,18460
2026-04-23 12:57:00,12:57:00,71.3,71.3,70.1,70.85,10790
2026-04-23 12:58:00,12:58:00,70.6,71.0,69.2,69.95,20410
2026-04-23 12:59:00,12:59:00,69.25,70.0,68.55,69.7,20930
2026-04-23 13:00:00,13:00:00,69.75,70.2,69.15,70.0,18915
2026-04-23 13:01:00,13:01:00,69.9,72.05,69.85,71.7,13065
2026-04-23 13:02:00,13:02:00,72.0,72.0,70.5,71.3,13520
2026-04-23 13:03:00,13:03:00,71.05,72.05,70.45,71.6,9815
2026-04-23 13:04:00,13:04:00,71.4,71.6,69.85,70.0,18005
2026-04-23 13:05:00,13:05:00,69.8,70.2,68.0,68.7,29380
2026-04-23 13:06:00,13:06:00,68.8,70.9,68.2,70.9,7995
2026-04-23 13:07:00,13:07:00,70.9,73.1,70.75,72.35,20280
2026-04-23 13:08:00,13:08:00,72.85,72.9,70.0,70.4,30485
2026-04-23 13:09:00,13:09:00,70.05,70.4,67.9,68.1,23595
2026-04-23 13:10:00,13:10:00,67.6,68.8,67.25,68.5,14885
2026-04-23 13:11:00,13:11:00,68.8,70.1,68.5,69.2,26390
2026-04-23 13:12:00,13:12:00,69.5,69.5,68.35,68.7,10530
2026-04-23 13:13:00,13:13:00,68.65,69.1,67.65,68.05,14300
2026-04-23 13:14:00,13:14:00,68.3,68.35,66.2,66.85,18655
2026-04-23 13:15:00,13:15:00,66.9,67.8,66.35,67.55,20020
2026-04-23 13:16:00,13:16:00,67.95,68.65,66.95,67.55,18395
2026-04-23 13:17:00,13:17:00,67.4,67.55,65.5,66.25,41730
2026-04-23 13:18:00,13:18:00,77.35,77.85,74.3,75.25,172965
2026-04-23 13:19:00,13:19:00,74.9,75.25,71.5,71.55,216450
2026-04-23 13:20:00,13:20:00,71.3,71.55,68.1,68.45,253110
2026-04-23 13:21:00,13:21:00,68.6,69.15,66.8,67.65,209105
2026-04-23 13:22:00,13:22:00,68.0,68.4,66.0,66.0,117715
2026-04-23 13:23:00,13:23:00,65.75,66.0,63.05,63.05,521430
2026-04-23 13:24:00,13:24:00,63.65,63.65,62.4,63.25,524940
2026-04-23 13:25:00,13:25:00,63.55,63.55,61.25,62.85,329290
2026-04-23 13:26:00,13:26:00,63.5,64.1,62.75,63.1,679705
2026-04-23 13:27:00,13:27:00,63.15,63.2,61.85,62.75,330915
2026-04-23 13:28:00,13:28:00,62.6,63.15,60.8,61.95,301665
2026-04-23 13:29:00,13:29:00,61.55,62.0,60.75,61.75,168870
2026-04-23 13:30:00,13:30:00,61.25,63.45,60.9,63.45,168610
2026-04-23 13:31:00,13:31:00,63.8,64.4,63.45,64.1,135720
2026-04-23 13:32:00,13:32:00,64.85,64.85,63.75,64.05,198445
2026-04-23 13:33:00,13:33:00,63.95,65.65,63.9,65.15,98735
2026-04-23 13:34:00,13:34:00,65.15,66.7,64.5,66.7,82420
2026-04-23 13:35:00,13:35:00,67.15,68.2,66.1,66.8,116350
2026-04-23 13:36:00,13:36:00,67.1,68.65,66.8,68.65,105820
2026-04-23 13:37:00,13:37:00,68.85,70.95,68.35,70.85,379990
2026-04-23 13:38:00,13:38:00,61.05,66.5,60.8,65.95,77675
2026-04-23 13:39:00,13:39:00,66.5,67.6,64.75,65.3,90090
2026-04-23 13:40:00,13:40:00,65.0,66.15,64.2,64.6,70070
2026-04-23 13:41:00,13:41:00,64.8,68.25,64.6,67.4,76375
2026-04-23 13:42:00,13:42:00,67.9,68.0,64.9,64.9,50440
2026-04-23 13:43:00,13:43:00,65.6,66.0,64.85,65.5,31525
2026-04-23 13:44:00,13:44:00,65.5,66.0,64.25,64.95,16900
2026-04-23 13:45:00,13:45:00,64.95,66.95,64.0,64.05,24440
2026-04-23 13:46:00,13:46:00,63.6,65.0,63.0,63.5,29055
2026-04-23 13:47:00,13:47:00,63.75,65.8,63.5,63.7,19825
2026-04-23 13:48:00,13:48:00,63.9,64.05,62.55,64.05,29120
2026-04-23 13:49:00,13:49:00,63.95,65.5,62.7,62.9,17225
2026-04-23 13:50:00,13:50:00,72.9,73.45,71.3,71.75,117585
2026-04-23 13:51:00,13:51:00,72.2,72.5,70.55,70.95,95615
2026-04-23 13:52:00,13:52:00,70.55,72.0,69.6,71.0,108030
2026-04-23 13:53:00,13:53:00,70.95,73.95,70.95,71.95,106405
2026-04-23 13:54:00,13:54:00,72.1,72.15,69.5,69.5,46670
2026-04-23 13:55:00,13:55:00,69.7,70.2,69.1,69.5,69355
2026-04-23 13:56:00,13:56:00,69.7,70.7,65.85,66.55,179465
2026-04-23 13:57:00,13:57:00,66.75,67.3,65.7,66.05,78650
2026-04-23 13:58:00,13:58:00,66.1,68.75,65.85,68.1,49010
2026-04-23 13:59:00,13:59:00,68.6,69.45,67.35,67.65,71240
2026-04-23 14:00:00,14:00:00,68.0,70.8,67.65,68.0,83200
2026-04-23 14:01:00,14:01:00,68.6,69.6,68.0,69.6,89700
2026-04-23 14:02:00,14:02:00,69.5,71.0,69.2,70.05,91130
2026-04-23 14:03:00,14:03:00,70.3,71.5,69.0,69.05,69225
2026-04-23 14:04:00,14:04:00,68.7,69.6,67.6,69.0,58630
2026-04-23 14:05:00,14:05:00,69.4,70.15,68.75,69.1,91520
2026-04-23 14:06:00,14:06:00,68.75,70.15,68.3,70.15,48685
2026-04-23 14:07:00,14:07:00,69.9,70.8,68.85,70.7,69875
2026-04-23 14:08:00,14:08:00,60.25,62.4,60.25,61.7,33540
2026-04-23 14:09:00,14:09:00,61.7,63.1,61.55,63.1,45630
2026-04-23 14:10:00,14:10:00,63.35,65.85,62.95,65.85,53950
2026-04-23 14:11:00,14:11:00,65.9,66.1,64.5,66.0,43290
2026-04-23 14:12:00,14:12:00,66.0,66.15,64.05,64.75,33605
2026-04-23 14:13:00,14:13:00,64.55,66.0,64.4,65.75,32955
2026-04-23 14:14:00,14:14:00,66.05,66.25,64.7,65.8,45695
2026-04-23 14:15:00,14:15:00,66.0,66.1,63.3,64.4,36270
2026-04-23 14:16:00,14:16:00,64.45,65.25,62.45,62.7,38935
2026-04-23 14:17:00,14:17:00,62.6,63.95,62.3,63.0,22815
2026-04-23 14:18:00,14:18:00,62.55,64.5,62.5,62.5,17680
2026-04-23 14:19:00,14:19:00,62.5,67.35,62.5,67.2,29185
2026-04-23 14:20:00,14:20:00,67.2,70.5,66.5,66.5,106210
2026-04-23 14:21:00,14:21:00,66.55,68.75,66.0,68.75,29835
2026-04-23 14:22:00,14:22:00,68.8,69.0,64.95,65.05,33540
2026-04-23 14:23:00,14:23:00,64.85,65.15,63.6,64.9,31720
2026-04-23 14:24:00,14:24:00,64.75,66.15,62.95,66.05,28795
2026-04-23 14:25:00,14:25:00,66.75,67.85,65.9,66.75,29835
2026-04-23 14:26:00,14:26:00,66.9,68.05,66.3,66.55,33670
2026-04-23 14:27:00,14:27:00,66.65,67.6,66.2,67.05,18915
2026-04-23 14:28:00,14:28:00,67.1,69.0,66.95,67.0,29315
2026-04-23 14:29:00,14:29:00,67.55,70.3,66.65,69.2,42900
2026-04-23 14:30:00,14:30:00,68.85,70.9,68.4,70.3,51870
2026-04-23 14:31:00,14:31:00,70.7,71.15,68.3,70.4,37570
2026-04-23 14:32:00,14:32:00,69.7,71.3,69.0,69.85,34645
2026-04-23 14:33:00,14:33:00,69.8,73.65,69.8,72.35,54860
2026-04-23 14:34:00,14:34:00,72.25,77.45,72.25,77.05,148655
2026-04-23 14:35:00,14:35:00,65.35,67.95,64.7,64.85,355940
2026-04-23 14:36:00,14:36:00,76.0,76.6,73.35,75.5,76700
2026-04-23 14:37:00,14:37:00,64.2,65.0,61.8,64.0,171795
2026-04-23 14:38:00,14:38:00,75.25,75.75,72.95,73.0,29315
2026-04-23 14:39:00,14:39:00,73.2,75.25,72.7,75.25,23075
2026-04-23 14:40:00,14:40:00,64.4,65.8,62.3,64.4,162305
2026-04-23 14:41:00,14:41:00,76.2,77.95,74.2,75.35,40040
2026-04-23 14:42:00,14:42:00,75.45,78.2,73.65,75.25,65000
2026-04-23 14:43:00,14:43:00,63.65,69.15,63.05,69.1,195975
2026-04-23 14:44:00,14:44:00,69.6,70.8,68.65,69.45,461370
2026-04-23 14:45:00,14:45:00,69.2,72.7,67.0,67.0,310830
2026-04-23 14:46:00,14:46:00,65.6,68.6,65.2,65.2,194935
2026-04-23 14:47:00,14:47:00,76.15,77.6,74.4,75.2,61425
2026-04-23 14:48:00,14:48:00,75.1,75.2,72.65,74.55,60060
2026-04-23 14:49:00,14:49:00,74.75,76.75,73.8,76.4,63050
2026-04-23 14:50:00,14:50:00,76.45,76.45,72.45,72.45,29120
2026-04-23 14:51:00,14:51:00,72.45,75.4,72.45,75.1,27365
2026-04-23 14:52:00,14:52:00,75.25,76.05,73.0,73.5,38870
2026-04-23 14:53:00,14:53:00,73.3,75.3,73.2,73.8,42900
2026-04-23 14:54:00,14:54:00,73.6,75.25,72.15,74.3,37115
2026-04-23 14:55:00,14:55:00,73.65,74.6,73.35,73.95,17095
2026-04-23 14:56:00,14:56:00,73.7,74.4,72.15,73.05,59150
2026-04-23 14:57:00,14:57:00,73.1,75.4,73.0,74.1,46930
2026-04-23 14:58:00,14:58:00,74.65,75.35,73.6,73.95,27885
2026-04-23 14:59:00,14:59:00,73.4,76.3,73.4,74.75,43355
2026-04-23 15:00:00,15:00:00,73.8,75.1,72.5,72.5,84825
2026-04-23 15:01:00,15:01:00,73.2,73.45,69.9,70.6,74880
2026-04-23 15:02:00,15:02:00,70.45,71.1,68.55,70.75,73645
2026-04-23 15:03:00,15:03:00,70.7,71.95,69.05,70.25,36660
2026-04-23 15:04:00,15:04:00,69.35,71.5,69.35,70.65,29120
2026-04-23 15:05:00,15:05:00,71.15,72.45,70.65,71.9,30355
2026-04-23 15:06:00,15:06:00,71.95,74.45,71.9,74.0,55250
2026-04-23 15:07:00,15:07:00,73.9,75.9,73.9,75.25,61815
2026-04-23 15:08:00,15:08:00,74.8,75.25,73.35,73.6,61100
2026-04-23 15:09:00,15:09:00,73.9,75.8,73.55,74.5,57200
2026-04-23 15:10:00,15:10:00,74.65,77.35,74.5,76.7,66235
2026-04-23 15:11:00,15:11:00,65.15,67.45,65.0,66.7,171665
2026-04-23 15:12:00,15:12:00,66.55,70.0,66.0,68.7,157495
2026-04-23 15:13:00,15:13:00,68.8,69.45,68.2,68.85,122200
2026-04-23 15:14:00,15:14:00,69.6,70.7,68.3,69.8,129415
2026-04-23 15:15:00,15:15:00,69.85,69.85,68.55,68.95,139945
2026-04-23 15:16:00,15:16:00,69.3,69.85,68.55,68.9,163865
2026-04-23 15:17:00,15:17:00,68.15,68.9,65.05,66.15,213135
2026-04-23 15:18:00,15:18:00,66.65,67.6,66.15,67.5,107185
2026-04-23 15:19:00,15:19:00,67.4,67.5,65.25,65.6,112905
2026-04-23 15:20:00,15:20:00,65.5,65.75,61.9,61.9,191230
2026-04-23 15:21:00,15:21:00,62.2,63.1,61.75,62.1,100165
2026-04-23 15:22:00,15:22:00,61.95,64.7,61.7,64.7,116740
2026-04-23 15:23:00,15:23:00,64.35,65.35,63.35,65.35,108485
2026-04-23 15:24:00,15:24:00,65.2,66.2,65.2,66.0,111475
2026-04-23 15:25:00,15:25:00,65.8,66.0,63.85,64.4,113945
2026-04-23 15:26:00,15:26:00,64.75,64.8,62.4,62.7,200200
2026-04-23 15:27:00,15:27:00,62.55,63.75,62.3,62.6,104520
2026-04-23 15:28:00,15:28:00,62.7,64.0,62.55,63.55,196885
2026-04-23 15:29:00,15:29:00,63.7,63.7,62.55,63.0,289770
2026-04-24 09:15:00,09:15:00,130.0,133.55,81.2,102.9,2739360
2026-04-24 09:16:00,09:16:00,103.1,112.0,102.75,104.7,1434420
2026-04-24 09:17:00,09:17:00,86.95,98.35,86.75,98.35,496275
2026-04-24 09:18:00,09:18:00,95.55,99.6,92.4,96.0,422500
2026-04-24 09:19:00,09:19:00,96.05,98.25,91.15,94.8,336050
2026-04-24 09:20:00,09:20:00,95.05,106.85,94.35,106.85,608530
2026-04-24 09:21:00,09:21:00,106.7,111.8,103.2,107.65,776750
2026-04-24 09:22:00,09:22:00,106.1,107.65,98.8,100.8,428155
2026-04-24 09:23:00,09:23:00,99.65,102.9,96.1,102.9,265395
2026-04-24 09:24:00,09:24:00,102.25,108.55,102.0,107.75,369655
2026-04-24 09:25:00,09:25:00,108.9,113.5,107.75,112.0,581555
2026-04-24 09:26:00,09:26:00,112.15,114.0,110.0,113.05,382850
2026-04-24 09:27:00,09:27:00,96.4,99.55,94.3,97.8,891735
2026-04-24 09:28:00,09:28:00,98.1,100.7,95.8,100.4,1004770
2026-04-24 09:29:00,09:29:00,100.3,102.6,98.65,102.4,1163565
2026-04-24 09:30:00,09:30:00,103.8,110.7,101.95,104.6,1565850
2026-04-24 09:31:00,09:31:00,104.0,107.25,100.75,106.35,600860
2026-04-24 09:32:00,09:32:00,105.35,114.2,105.35,112.15,943345
2026-04-24 09:33:00,09:33:00,112.25,114.45,110.75,110.8,832650
2026-04-24 09:34:00,09:34:00,93.55,102.1,92.1,99.15,604240
2026-04-24 09:35:00,09:35:00,117.25,118.05,110.4,111.8,974155
2026-04-24 09:36:00,09:36:00,95.3,104.1,95.3,103.25,334100
2026-04-24 09:37:00,09:37:00,102.8,105.8,99.2,102.25,392210
2026-04-24 09:38:00,09:38:00,103.35,104.45,100.8,100.8,218985
2026-04-24 09:39:00,09:39:00,100.35,104.1,99.0,104.1,249210
2026-04-24 09:40:00,09:40:00,104.0,107.6,100.55,102.35,427440
2026-04-24 09:41:00,09:41:00,103.25,107.9,102.35,106.95,317915
2026-04-24 09:42:00,09:42:00,107.4,107.5,102.15,103.95,239655
2026-04-24 09:43:00,09:43:00,104.3,109.5,102.7,108.8,284960
2026-04-24 09:44:00,09:44:00,109.05,111.05,107.7,110.7,373620
2026-04-24 09:45:00,09:45:00,94.8,102.65,94.65,102.6,1418105
2026-04-24 09:46:00,09:46:00,102.65,109.1,101.5,108.9,1152580
2026-04-24 09:47:00,09:47:00,109.15,111.55,106.15,111.0,1065935
2026-04-24 09:48:00,09:48:00,111.3,111.3,99.5,102.2,956215
2026-04-24 09:49:00,09:49:00,119.35,120.3,113.3,114.6,307385
2026-04-24 09:50:00,09:50:00,97.55,105.25,96.85,104.35,712335
2026-04-24 09:51:00,09:51:00,122.35,122.35,113.4,114.5,270790
2026-04-24 09:52:00,09:52:00,114.85,118.2,114.15,115.6,149110
2026-04-24 09:53:00,09:53:00,99.15,100.8,98.0,100.35,247845
2026-04-24 09:54:00,09:54:00,100.2,106.8,100.2,106.35,669760
2026-04-24 09:55:00,09:55:00,107.35,111.1,104.9,107.2,1330420
2026-04-24 09:56:00,09:56:00,106.5,109.4,104.3,109.05,515840
2026-04-24 09:57:00,09:57:00,109.7,110.4,107.05,108.6,430430
2026-04-24 09:58:00,09:58:00,108.3,109.55,105.85,106.75,398255
2026-04-24 09:59:00,09:59:00,105.9,107.4,102.0,106.4,438620
2026-04-24 10:00:00,10:00:00,124.15,125.35,114.95,114.95,333515
2026-04-24 10:01:00,10:01:00,114.5,115.65,108.85,110.6,301535
2026-04-24 10:02:00,10:02:00,110.8,112.1,107.45,110.75,196820
2026-04-24 10:03:00,10:03:00,110.85,110.95,105.9,109.7,207610
2026-04-24 10:04:00,10:04:00,109.3,110.65,107.0,109.65,139620
2026-04-24 10:05:00,10:05:00,108.65,109.65,105.6,108.4,194675
2026-04-24 10:06:00,10:06:00,108.1,109.3,104.65,104.7,164710
2026-04-24 10:07:00,10:07:00,104.3,109.0,103.85,109.0,182130
2026-04-24 10:08:00,10:08:00,109.45,111.85,107.55,109.0,243230
2026-04-24 10:09:00,10:09:00,109.2,112.15,108.2,112.1,160940
2026-04-24 10:10:00,10:10:00,112.05,115.9,109.15,110.6,454480
2026-04-24 10:11:00,10:11:00,110.45,110.6,105.65,107.9,185770
2026-04-24 10:12:00,10:12:00,107.8,108.75,102.85,103.2,225160
2026-04-24 10:13:00,10:13:00,103.25,106.0,100.85,104.75,231465
2026-04-24 10:14:00,10:14:00,105.7,107.25,104.4,107.05,127205
2026-04-24 10:15:00,10:15:00,107.95,111.4,107.05,110.8,259935
2026-04-24 10:16:00,10:16:00,111.15,112.6,109.65,112.6,197015
2026-04-24 10:17:00,10:17:00,112.05,113.15,110.05,110.3,160160
2026-04-24 10:18:00,10:18:00,111.4,113.0,106.75,108.9,179530
2026-04-24 10:19:00,10:19:00,91.7,97.7,91.35,96.1,330135
2026-04-24 10:20:00,10:20:00,96.15,99.5,94.2,98.2,557375
2026-04-24 10:21:00,10:21:00,98.65,101.45,97.5,100.9,623220
2026-04-24 10:22:00,10:22:00,101.25,101.6,97.0,100.2,764270
2026-04-24 10:23:00,10:23:00,100.0,102.25,99.0,100.4,458575
2026-04-24 10:24:00,10:24:00,100.75,106.8,99.55,106.3,693290
2026-04-24 10:25:00,10:25:00,106.35,109.3,102.85,103.5,1068080
2026-04-24 10:26:00,10:26:00,103.1,103.5,100.1,103.0,609310
2026-04-24 10:27:00,10:27:00,103.0,103.5,101.7,103.5,219960
2026-04-24 10:28:00,10:28:00,103.3,105.8,101.25,101.8,322530
2026-04-24 10:29:00,10:29:00,102.2,102.75,99.1,101.95,608660
2026-04-24 10:30:00,10:30:00,102.1,103.6,99.6,100.0,719550
2026-04-24 10:31:00,10:31:00,100.3,102.6,98.15,101.75,304395
2026-04-24 10:32:00,10:32:00,101.85,104.3,100.35,100.45,343915
2026-04-24 10:33:00,10:33:00,99.05,100.55,98.0,98.8,227370
2026-04-24 10:34:00,10:34:00,98.5,99.95,95.8,99.95,314925
2026-04-24 10:35:00,10:35:00,99.95,102.05,98.25,102.05,211380
2026-04-24 10:36:00,10:36:00,102.35,104.9,100.8,100.85,436020
2026-04-24 10:37:00,10:37:00,100.5,101.8,98.0,100.4,299260
2026-04-24 10:38:00,10:38:00,100.15,104.85,100.15,104.0,248430
2026-04-24 10:39:00,10:39:00,104.3,106.4,101.7,102.0,613665
2026-04-24 10:40:00,10:40:00,102.6,104.9,100.0,101.0,304135
2026-04-24 10:41:00,10:41:00,100.3,105.95,100.2,105.8,324675
2026-04-24 10:42:00,10:42:00,106.1,107.75,105.25,105.95,518960
2026-04-24 10:43:00,10:43:00,106.0,108.65,104.45,108.65,365885
2026-04-24 10:44:00,10:44:00,107.75,111.4,106.2,110.2,652795
2026-04-24 10:45:00,10:45:00,111.2,112.0,106.6,107.05,572325
2026-04-24 10:46:00,10:46:00,106.75,108.5,106.0,107.65,276315
2026-04-24 10:47:00,10:47:00,107.25,112.5,107.1,110.9,513175
2026-04-24 10:48:00,10:48:00,94.9,98.2,94.0,96.85,467545
2026-04-24 10:49:00,10:49:00,96.65,98.2,94.45,95.75,324740
2026-04-24 10:50:00,10:50:00,96.75,97.1,94.05,94.85,202410
2026-04-24 10:51:00,10:51:00,111.55,111.9,104.6,106.7,638235
2026-04-24 10:52:00,10:52:00,107.15,107.15,102.4,104.55,447005
2026-04-24 10:53:00,10:53:00,103.95,106.9,102.1,106.2,366860
2026-04-24 10:54:00,10:54:00,105.8,106.2,103.0,103.6,202150
2026-04-24 10:55:00,10:55:00,104.4,104.75,102.05,103.65,231660
2026-04-24 10:56:00,10:56:00,104.15,105.1,101.6,102.8,230035
2026-04-24 10:57:00,10:57:00,102.85,107.6,102.2,107.6,303615
2026-04-24 10:58:00,10:58:00,107.6,108.85,104.45,106.85,407940
2026-04-24 10:59:00,10:59:00,106.8,109.85,106.75,108.8,299325
2026-04-24 11:00:00,11:00:00,90.9,94.4,90.2,93.65,248170
2026-04-24 11:01:00,11:01:00,94.35,95.5,93.45,94.3,211185
2026-04-24 11:02:00,11:02:00,94.15,94.8,91.65,93.05,177905
2026-04-24 11:03:00,11:03:00,93.05,94.45,91.65,92.2,97110
2026-04-24 11:04:00,11:04:00,108.55,110.2,105.7,109.85,273260
2026-04-24 11:05:00,11:05:00,110.35,110.7,104.45,106.25,270855
2026-04-24 11:06:00,11:06:00,105.5,106.35,102.4,103.9,291200
2026-04-24 11:07:00,11:07:00,103.6,107.5,102.1,107.5,380445
2026-04-24 11:08:00,11:08:00,106.0,107.55,105.15,107.0,178425
2026-04-24 11:09:00,11:09:00,90.1,93.7,89.4,93.6,149110
2026-04-24 11:10:00,11:10:00,93.95,93.95,90.5,92.0,99970
2026-04-24 11:11:00,11:11:00,92.2,94.3,92.0,93.9,120250
2026-04-24 11:12:00,11:12:00,94.1,96.25,93.35,94.75,283270
2026-04-24 11:13:00,11:13:00,94.85,96.4,94.6,95.15,184600
2026-04-24 11:14:00,11:14:00,95.1,95.7,93.1,95.7,148720
2026-04-24 11:15:00,11:15:00,95.3,97.4,94.05,94.05,220285
2026-04-24 11:16:00,11:16:00,94.8,97.3,92.6,97.3,195390
2026-04-24 11:17:00,11:17:00,97.7,99.7,96.3,99.3,308685
2026-04-24 11:18:00,11:18:00,98.75,99.3,92.4,94.25,305435
2026-04-24 11:19:00,11:19:00,94.35,95.15,90.15,93.2,250510
2026-04-24 11:20:00,11:20:00,109.9,111.0,106.2,107.1,254410
2026-04-24 11:21:00,11:21:00,107.5,108.35,104.9,106.65,324220
2026-04-24 11:22:00,11:22:00,106.8,106.85,103.3,105.0,297830
2026-04-24 11:23:00,11:23:00,105.25,108.15,105.0,107.65,262405
2026-04-24 11:24:00,11:24:00,107.4,108.0,105.8,108.0,144105
2026-04-24 11:25:00,11:25:00,108.25,108.25,103.3,103.85,355615
2026-04-24 11:26:00,11:26:00,103.95,104.7,101.4,103.25,340600
2026-04-24 11:27:00,11:27:00,103.8,105.9,103.1,105.35,196625
2026-04-24 11:28:00,11:28:00,105.55,106.85,104.0,105.35,179660
2026-04-24 11:29:00,11:29:00,105.4,107.1,104.7,106.05,190970
2026-04-24 11:30:00,11:30:00,106.85,106.85,102.25,102.8,206375
2026-04-24 11:31:00,11:31:00,102.8,104.6,102.5,102.55,117260
2026-04-24 11:32:00,11:32:00,102.35,102.55,99.55,99.85,451035
2026-04-24 11:33:00,11:33:00,100.15,100.15,98.4,99.05,306215
2026-04-24 11:34:00,11:34:00,99.15,102.7,98.95,102.15,298285
2026-04-24 11:35:00,11:35:00,103.3,104.55,102.15,104.55,385125
2026-04-24 11:36:00,11:36:00,104.85,106.45,104.0,106.45,619190
2026-04-24 11:37:00,11:37:00,106.2,108.65,106.2,107.5,524420
2026-04-24 11:38:00,11:38:00,107.25,107.5,104.0,104.15,284310
2026-04-24 11:39:00,11:39:00,104.2,105.75,102.85,104.0,173680
2026-04-24 11:40:00,11:40:00,103.9,108.0,103.6,107.1,221650
2026-04-24 11:41:00,11:41:00,90.45,90.85,89.25,89.8,91260
2026-04-24 11:42:00,11:42:00,90.0,91.15,88.75,89.3,102245
2026-04-24 11:43:00,11:43:00,105.7,106.6,103.65,106.5,193375
2026-04-24 11:44:00,11:44:00,106.25,107.2,105.45,106.7,118235
2026-04-24 11:45:00,11:45:00,90.2,93.9,90.15,92.45,233025
2026-04-24 11:46:00,11:46:00,92.4,93.0,89.95,91.2,119405
2026-04-24 11:47:00,11:47:00,91.9,94.15,91.2,93.95,120965
2026-04-24 11:48:00,11:48:00,94.25,96.4,93.95,96.25,261040
2026-04-24 11:49:00,11:49:00,96.0,97.4,94.75,96.05,222040
2026-04-24 11:50:00,11:50:00,96.4,100.95,96.05,99.75,495690
2026-04-24 11:51:00,11:51:00,100.5,101.6,95.9,98.6,369330
2026-04-24 11:52:00,11:52:00,98.85,100.7,98.0,98.0,248235
2026-04-24 11:53:00,11:53:00,98.1,99.45,97.25,98.4,113620
2026-04-24 11:54:00,11:54:00,97.8,99.45,96.1,99.45,132015
2026-04-24 11:55:00,11:55:00,99.0,101.65,98.15,101.2,244270
2026-04-24 11:56:00,11:56:00,100.7,101.2,97.1,98.05,185510
2026-04-24 11:57:00,11:57:00,97.45,98.4,96.15,97.7,101075
2026-04-24 11:58:00,11:58:00,97.3,99.75,97.3,98.65,119340
2026-04-24 11:59:00,11:59:00,98.8,99.25,97.6,98.55,107640
2026-04-24 12:00:00,12:00:00,98.15,100.25,98.1,99.7,119925
2026-04-24 12:01:00,12:01:00,99.5,100.2,95.75,96.0,187395
2026-04-24 12:02:00,12:02:00,96.0,98.05,95.7,96.3,107315
2026-04-24 12:03:00,12:03:00,96.55,98.7,96.3,98.4,94900
2026-04-24 12:04:00,12:04:00,99.7,100.35,94.9,95.75,184340
2026-04-24 12:05:00,12:05:00,95.75,96.15,93.45,95.2,139815
2026-04-24 12:06:00,12:06:00,94.2,96.1,92.8,96.1,121550
2026-04-24 12:07:00,12:07:00,96.35,97.3,94.0,95.7,111150
2026-04-24 12:08:00,12:08:00,95.8,95.85,90.65,91.6,142090
2026-04-24 12:09:00,12:09:00,91.65,91.9,90.0,90.7,123110
2026-04-24 12:10:00,12:10:00,106.85,109.0,105.0,105.0,329550
2026-04-24 12:11:00,12:11:00,88.7,91.0,88.5,89.4,194870
2026-04-24 12:12:00,12:12:00,89.9,90.85,88.65,88.7,78325
2026-04-24 12:13:00,12:13:00,88.85,90.2,88.15,89.2,98605
2026-04-24 12:14:00,12:14:00,105.45,105.7,102.1,102.8,484315
2026-04-24 12:15:00,12:15:00,102.75,106.9,101.75,105.7,357955
2026-04-24 12:16:00,12:16:00,106.65,106.8,104.2,104.2,285480
2026-04-24 12:17:00,12:17:00,104.35,104.35,101.95,102.3,248560
2026-04-24 12:18:00,12:18:00,101.9,105.45,101.9,103.95,198770
2026-04-24 12:19:00,12:19:00,104.0,104.0,102.0,103.05,211510
2026-04-24 12:20:00,12:20:00,87.2,92.15,86.9,91.45,225030
2026-04-24 12:21:00,12:21:00,91.6,93.35,90.1,90.1,265200
2026-04-24 12:22:00,12:22:00,90.45,94.25,90.1,93.5,161525
2026-04-24 12:23:00,12:23:00,93.35,96.2,93.35,96.15,212095
2026-04-24 12:24:00,12:24:00,95.55,99.55,95.55,99.4,330200
2026-04-24 12:25:00,12:25:00,98.2,106.55,98.2,105.5,730600
2026-04-24 12:26:00,12:26:00,105.5,105.95,99.35,100.75,479830
2026-04-24 12:27:00,12:27:00,100.6,105.05,99.6,105.0,240890
2026-04-24 12:28:00,12:28:00,104.6,106.65,101.75,101.75,366730
2026-04-24 12:29:00,12:29:00,100.7,103.8,98.95,103.4,253630
2026-04-24 12:30:00,12:30:00,104.2,104.35,100.2,102.5,199550
2026-04-24 12:31:00,12:31:00,102.3,102.5,99.6,100.15,167440
2026-04-24 12:32:00,12:32:00,100.45,100.9,98.35,99.15,142350
2026-04-24 12:33:00,12:33:00,98.95,99.25,95.0,95.15,240435
2026-04-24 12:34:00,12:34:00,95.0,97.0,93.8,93.8,210730
2026-04-24 12:35:00,12:35:00,94.1,97.95,93.6,97.55,258245
2026-04-24 12:36:00,12:36:00,96.85,98.2,95.95,98.2,135460
2026-04-24 12:37:00,12:37:00,96.75,98.2,94.4,94.5,136370
2026-04-24 12:38:00,12:38:00,94.35,94.85,90.0,91.1,304980
2026-04-24 12:39:00,12:39:00,91.3,94.55,89.95,93.3,196170
2026-04-24 12:40:00,12:40:00,93.9,96.3,93.15,96.3,150605
2026-04-24 12:41:00,12:41:00,96.05,96.3,91.7,94.25,160680
2026-04-24 12:42:00,12:42:00,93.75,95.45,93.2,93.4,112060
2026-04-24 12:43:00,12:43:00,93.95,98.3,93.4,97.6,140725
2026-04-24 12:44:00,12:44:00,97.05,102.35,96.0,102.05,307255
2026-04-24 12:45:00,12:45:00,102.05,102.05,98.1,98.1,222950
2026-04-24 12:46:00,12:46:00,98.1,99.6,96.7,98.15,158665
2026-04-24 12:47:00,12:47:00,98.05,99.4,95.15,95.45,134225
2026-04-24 12:48:00,12:48:00,95.35,96.1,93.55,93.65,141310
2026-04-24 12:49:00,12:49:00,93.5,97.05,92.65,95.8,180310
2026-04-24 12:50:00,12:50:00,95.35,95.85,91.7,92.4,163085
2026-04-24 12:51:00,12:51:00,92.5,97.2,92.4,95.15,148005
2026-04-24 12:52:00,12:52:00,94.8,95.8,93.55,94.0,50505
2026-04-24 12:53:00,12:53:00,93.1,94.0,91.9,92.7,102505
2026-04-24 12:54:00,12:54:00,92.95,94.65,92.55,93.4,98930
2026-04-24 12:55:00,12:55:00,93.6,94.25,92.0,92.65,75660
2026-04-24 12:56:00,12:56:00,93.1,93.25,89.55,90.25,226980
2026-04-24 12:57:00,12:57:00,90.2,93.35,89.35,92.95,133120
2026-04-24 12:58:00,12:58:00,92.15,95.85,92.15,94.35,172510
2026-04-24 12:59:00,12:59:00,94.8,95.55,91.9,93.15,124150
2026-04-24 13:00:00,13:00:00,93.05,97.4,92.5,96.8,216970
2026-04-24 13:01:00,13:01:00,96.8,99.8,96.1,98.7,223210
2026-04-24 13:02:00,13:02:00,98.25,99.75,96.7,99.75,213850
2026-04-24 13:03:00,13:03:00,100.3,102.2,99.75,101.5,278330
2026-04-24 13:04:00,13:04:00,101.5,104.0,101.35,103.95,235040
2026-04-24 13:05:00,13:05:00,104.75,106.3,102.1,103.15,358150
2026-04-24 13:06:00,13:06:00,103.45,105.9,103.15,104.75,228995
2026-04-24 13:07:00,13:07:00,104.85,105.2,99.7,103.6,260455
2026-04-24 13:08:00,13:08:00,102.85,104.0,101.35,101.35,112320
2026-04-24 13:09:00,13:09:00,85.35,90.3,85.15,89.35,321100
2026-04-24 13:10:00,13:10:00,89.45,92.95,89.0,89.0,825500
2026-04-24 13:11:00,13:11:00,88.7,91.25,87.6,90.5,324415
2026-04-24 13:12:00,13:12:00,90.85,96.5,89.5,94.7,601510
2026-04-24 13:13:00,13:13:00,94.6,96.15,93.2,96.15,496860
2026-04-24 13:14:00,13:14:00,97.0,101.6,91.75,92.85,991185
2026-04-24 13:15:00,13:15:00,92.95,95.55,92.85,94.6,492505
2026-04-24 13:16:00,13:16:00,95.05,96.6,93.0,96.1,351520
2026-04-24 13:17:00,13:17:00,96.35,96.35,93.7,95.65,242450
2026-04-24 13:18:00,13:18:00,95.75,95.75,92.1,94.25,221650
2026-04-24 13:19:00,13:19:00,93.35,94.85,90.2,91.2,284635
2026-04-24 13:20:00,13:20:00,91.5,92.0,89.55,90.95,350415
2026-04-24 13:21:00,13:21:00,90.9,95.5,90.45,93.65,381420
2026-04-24 13:22:00,13:22:00,110.5,111.05,106.05,107.75,248040
2026-04-24 13:23:00,13:23:00,90.65,91.8,90.1,90.8,116675
2026-04-24 13:24:00,13:24:00,91.0,93.0,90.8,92.7,124670
2026-04-24 13:25:00,13:25:00,92.9,94.65,92.6,93.75,235430
2026-04-24 13:26:00,13:26:00,92.55,93.75,91.0,91.3,140595
2026-04-24 13:27:00,13:27:00,91.15,92.8,91.0,92.8,110565
2026-04-24 13:28:00,13:28:00,91.75,93.9,91.3,92.25,153270
2026-04-24 13:29:00,13:29:00,109.3,109.3,104.6,106.1,202800
2026-04-24 13:30:00,13:30:00,90.2,94.0,89.1,93.85,243490
2026-04-24 13:31:00,13:31:00,93.05,94.05,91.2,93.85,232245
2026-04-24 13:32:00,13:32:00,93.35,96.25,93.35,95.65,350220
2026-04-24 13:33:00,13:33:00,95.55,97.8,94.75,97.0,379730
2026-04-24 13:34:00,13:34:00,97.05,101.2,96.55,98.95,606320
2026-04-24 13:35:00,13:35:00,99.65,100.2,94.2,96.75,447265
2026-04-24 13:36:00,13:36:00,96.3,99.5,95.95,99.1,283465
2026-04-24 13:37:00,13:37:00,99.65,100.65,98.5,99.15,344110
2026-04-24 13:38:00,13:38:00,99.6,104.6,99.0,104.3,625950
2026-04-24 13:39:00,13:39:00,104.85,108.9,104.3,106.4,1129830
2026-04-24 13:40:00,13:40:00,107.45,108.0,104.8,105.3,485095
2026-04-24 13:41:00,13:41:00,104.75,109.5,102.3,109.5,588250
2026-04-24 13:42:00,13:42:00,110.15,110.15,105.1,105.1,541710
2026-04-24 13:43:00,13:43:00,105.9,113.35,105.1,111.75,697125
2026-04-24 13:44:00,13:44:00,112.0,112.5,106.6,112.2,545285
2026-04-24 13:45:00,13:45:00,112.3,112.3,100.85,101.8,613275
2026-04-24 13:46:00,13:46:00,101.65,102.0,98.25,100.75,454805
2026-04-24 13:47:00,13:47:00,101.15,101.65,98.25,100.0,398775
2026-04-24 13:48:00,13:48:00,99.8,103.2,98.1,101.55,274170
2026-04-24 13:49:00,13:49:00,100.7,101.55,97.0,99.8,265525
2026-04-24 13:50:00,13:50:00,99.85,101.0,97.25,97.85,211380
2026-04-24 13:51:00,13:51:00,97.5,100.0,96.35,100.0,272090
2026-04-24 13:52:00,13:52:00,100.2,102.1,99.25,100.8,279695
2026-04-24 13:53:00,13:53:00,100.95,102.6,100.2,100.2,208910
2026-04-24 13:54:00,13:54:00,100.55,100.6,97.3,99.15,220610
2026-04-24 13:55:00,13:55:00,100.5,102.4,99.15,101.4,273845
2026-04-24 13:56:00,13:56:00,100.85,102.3,100.75,101.05,167310
2026-04-24 13:57:00,13:57:00,101.15,105.25,101.05,104.0,398320
2026-04-24 13:58:00,13:58:00,103.95,105.9,102.85,103.65,409175
2026-04-24 13:59:00,13:59:00,102.3,103.95,101.3,102.9,160875
2026-04-24 14:00:00,14:00:00,102.0,105.3,101.75,103.55,233090
2026-04-24 14:01:00,14:01:00,103.5,105.85,103.3,104.3,176475
2026-04-24 14:02:00,14:02:00,103.8,105.6,103.55,105.0,187460
2026-04-24 14:03:00,14:03:00,104.5,105.5,103.05,104.85,206245
2026-04-24 14:04:00,14:04:00,104.55,108.0,103.65,107.0,259935
2026-04-24 14:05:00,14:05:00,106.4,111.4,105.75,110.45,467350
2026-04-24 14:06:00,14:06:00,93.55,102.6,93.55,102.1,511355
2026-04-24 14:07:00,14:07:00,118.25,119.55,114.1,116.25,665795
2026-04-24 14:08:00,14:08:00,115.4,117.15,111.4,111.6,452920
2026-04-24 14:09:00,14:09:00,109.85,111.6,107.5,109.85,509145
2026-04-24 14:10:00,14:10:00,109.45,109.95,107.1,109.15,242775
2026-04-24 14:11:00,14:11:00,108.45,109.15,106.55,108.0,150800
2026-04-24 14:12:00,14:12:00,106.55,108.0,105.5,106.05,266045
2026-04-24 14:13:00,14:13:00,105.6,108.15,105.3,106.3,157365
2026-04-24 14:14:00,14:14:00,106.1,109.1,105.85,108.15,180960
2026-04-24 14:15:00,14:15:00,108.0,109.3,106.2,107.45,125840
2026-04-24 14:16:00,14:16:00,108.15,108.35,100.8,101.35,472485
2026-04-24 14:17:00,14:17:00,100.3,103.15,99.75,101.75,411450
2026-04-24 14:18:00,14:18:00,101.95,105.2,101.0,101.2,287365
2026-04-24 14:19:00,14:19:00,100.85,102.2,98.65,99.25,226980
2026-04-24 14:20:00,14:20:00,100.3,101.3,99.15,99.5,178750
2026-04-24 14:21:00,14:21:00,99.25,99.65,97.55,97.6,205595
2026-04-24 14:22:00,14:22:00,97.35,97.6,94.5,96.5,631930
2026-04-24 14:23:00,14:23:00,96.65,97.25,95.7,96.9,252330
2026-04-24 14:24:00,14:24:00,96.75,99.2,95.85,98.5,349700
2026-04-24 14:25:00,14:25:00,98.75,101.7,97.7,99.5,380445
2026-04-24 14:26:00,14:26:00,116.1,116.65,110.25,112.7,240760
2026-04-24 14:27:00,14:27:00,113.1,114.2,109.2,109.2,179790
2026-04-24 14:28:00,14:28:00,109.7,110.05,106.9,107.05,268775
2026-04-24 14:29:00,14:29:00,107.2,107.2,104.45,106.2,224250
2026-04-24 14:30:00,14:30:00,105.9,106.6,97.05,97.9,605150
2026-04-24 14:31:00,14:31:00,98.05,100.25,95.55,98.25,412620
2026-04-24 14:32:00,14:32:00,98.85,105.75,98.25,105.75,380250
2026-04-24 14:33:00,14:33:00,105.25,105.75,101.4,103.45,176410
2026-04-24 14:34:00,14:34:00,103.5,104.2,101.45,102.6,91975
2026-04-24 14:35:00,14:35:00,101.9,102.6,97.25,97.25,217880
2026-04-24 14:36:00,14:36:00,97.8,98.9,95.7,96.7,319735
2026-04-24 14:37:00,14:37:00,97.2,103.0,96.7,102.15,238420
2026-04-24 14:38:00,14:38:00,102.4,102.4,98.25,98.35,179335
2026-04-24 14:39:00,14:39:00,98.0,98.55,96.4,97.85,182325
2026-04-24 14:40:00,14:40:00,98.0,98.1,96.4,98.0,123760
2026-04-24 14:41:00,14:41:00,98.1,102.0,97.45,100.45,208520
2026-04-24 14:42:00,14:42:00,99.9,100.45,95.4,98.7,265915
2026-04-24 14:43:00,14:43:00,98.85,101.25,97.0,98.4,141700
2026-04-24 14:44:00,14:44:00,114.95,117.5,114.0,115.05,350350
2026-04-24 14:45:00,14:45:00,114.75,116.7,113.0,114.35,700830
2026-04-24 14:46:00,14:46:00,98.75,102.0,97.7,100.65,229580
2026-04-24 14:47:00,14:47:00,100.95,101.8,97.55,99.5,120055
2026-04-24 14:48:00,14:48:00,100.6,101.95,99.5,99.85,128245
2026-04-24 14:49:00,14:49:00,99.65,101.4,98.4,99.4,105300
2026-04-24 14:50:00,14:50:00,99.25,101.8,98.35,100.1,117780
2026-04-24 14:51:00,14:51:00,117.15,117.25,111.15,112.5,587990
2026-04-24 14:52:00,14:52:00,95.9,104.7,94.9,103.25,537160
2026-04-24 14:53:00,14:53:00,102.35,104.15,97.75,101.55,347945
2026-04-24 14:54:00,14:54:00,101.4,103.5,100.25,101.0,125710
2026-04-24 14:55:00,14:55:00,99.9,103.55,99.7,102.9,186875
2026-04-24 14:56:00,14:56:00,101.4,102.9,99.7,101.05,109525
2026-04-24 14:57:00,14:57:00,101.35,101.65,97.95,99.25,171340
2026-04-24 14:58:00,14:58:00,97.95,99.25,95.5,96.15,176085
2026-04-24 14:59:00,14:59:00,95.15,99.5,94.85,99.5,241150
2026-04-24 15:00:00,15:00:00,98.95,105.5,98.95,105.5,572520
2026-04-24 15:01:00,15:01:00,104.7,107.8,103.55,105.15,507260
2026-04-24 15:02:00,15:02:00,104.55,108.8,104.55,105.9,404430
2026-04-24 15:03:00,15:03:00,104.55,110.5,103.6,109.4,410605
2026-04-24 15:04:00,15:04:00,93.35,97.45,92.8,95.95,872690
2026-04-24 15:05:00,15:05:00,95.95,99.5,95.95,96.85,796705
2026-04-24 15:06:00,15:06:00,113.7,114.25,107.9,109.95,360945
2026-04-24 15:07:00,15:07:00,110.2,110.2,105.15,106.9,285610
2026-04-24 15:08:00,15:08:00,106.65,108.15,105.1,105.6,172835
2026-04-24 15:09:00,15:09:00,105.6,106.5,101.6,103.4,255580
2026-04-24 15:10:00,15:10:00,102.65,106.95,101.55,106.0,269620
2026-04-24 15:11:00,15:11:00,106.35,106.35,103.45,105.1,129155
2026-04-24 15:12:00,15:12:00,104.7,106.0,103.55,105.65,90025
2026-04-24 15:13:00,15:13:00,105.35,105.7,103.7,105.1,86320
2026-04-24 15:14:00,15:14:00,104.0,106.35,104.0,104.75,103675
2026-04-24 15:15:00,15:15:00,104.9,105.0,98.8,99.6,368225
2026-04-24 15:16:00,15:16:00,100.05,100.4,94.1,94.9,382525
2026-04-24 15:17:00,15:17:00,95.15,95.3,91.75,92.9,361465
2026-04-24 15:18:00,15:18:00,93.5,96.4,92.9,95.7,224835
2026-04-24 15:19:00,15:19:00,95.95,96.35,92.75,93.25,185120
2026-04-24 15:20:00,15:20:00,93.2,95.95,93.2,95.05,190645
2026-04-24 15:21:00,15:21:00,94.95,99.5,94.85,99.0,219180
2026-04-24 15:22:00,15:22:00,98.55,100.5,98.05,99.5,305955
2026-04-24 15:23:00,15:23:00,99.65,100.1,98.55,98.95,190645
2026-04-24 15:24:00,15:24:00,98.95,99.1,97.2,97.8,231920
2026-04-24 15:25:00,15:25:00,98.3,99.2,95.7,98.3,241865
2026-04-24 15:26:00,15:26:00,98.05,98.75,96.45,96.85,134810
2026-04-24 15:27:00,15:27:00,97.1,98.2,96.4,97.95,124605
2026-04-24 15:28:00,15:28:00,98.0,98.55,97.45,98.45,194805
2026-04-24 15:29:00,15:29:00,98.55,102.8,97.3,101.2,425620
