datetime,time,open,high,low,close,volume
2026-04-09 09:15:00,09:15:00,354.6,423.85,354.6,420.1,131040
2026-04-09 09:16:00,09:16:00,414.9,421.25,394.45,395.55,74620
2026-04-09 09:17:00,09:17:00,395.85,398.7,374.55,378.0,43160
2026-04-09 09:18:00,09:18:00,381.1,381.1,367.95,373.05,28470
2026-04-09 09:19:00,09:19:00,373.9,374.5,360.15,360.65,36855
2026-04-09 09:20:00,09:20:00,362.7,366.75,347.7,352.9,77545
2026-04-09 09:21:00,09:21:00,352.05,358.8,343.3,345.2,31395
2026-04-09 09:22:00,09:22:00,345.8,349.0,338.0,346.45,53300
2026-04-09 09:23:00,09:23:00,347.6,351.35,344.5,349.8,42770
2026-04-09 09:24:00,09:24:00,350.65,350.65,330.2,333.5,44135
2026-04-09 09:25:00,09:25:00,335.2,339.1,330.05,332.85,40950
2026-04-09 09:26:00,09:26:00,332.75,335.9,327.75,328.4,28795
2026-04-09 09:27:00,09:27:00,327.75,330.65,320.5,323.25,58500
2026-04-09 09:28:00,09:28:00,324.35,329.55,321.45,326.75,31785
2026-04-09 09:29:00,09:29:00,328.55,333.0,324.0,325.8,29380
2026-04-09 09:30:00,09:30:00,324.0,344.25,320.7,344.25,80405
2026-04-09 09:31:00,09:31:00,341.95,357.0,340.65,354.75,75985
2026-04-09 09:32:00,09:32:00,356.25,363.4,345.1,363.15,62335
2026-04-09 09:33:00,09:33:00,362.7,372.0,362.7,371.65,64545
2026-04-09 09:34:00,09:34:00,372.4,378.0,364.7,378.0,74945
2026-04-09 09:35:00,09:35:00,379.0,379.5,361.25,363.0,56420
2026-04-09 09:36:00,09:36:00,362.25,364.45,351.85,356.15,33735
2026-04-09 09:37:00,09:37:00,354.9,371.55,353.45,369.65,42315
2026-04-09 09:38:00,09:38:00,369.05,378.95,366.4,377.5,51805
2026-04-09 09:39:00,09:39:00,378.35,385.0,372.95,376.25,63765
2026-04-09 09:40:00,09:40:00,376.95,377.95,369.2,374.2,19695
2026-04-09 09:41:00,09:41:00,378.0,394.2,374.2,394.2,56420
2026-04-09 09:42:00,09:42:00,395.8,400.75,389.55,397.5,47905
2026-04-09 09:43:00,09:43:00,397.5,400.65,393.75,399.3,20735
2026-04-09 09:44:00,09:44:00,393.6,403.95,393.6,400.3,25350
2026-04-09 09:45:00,09:45:00,398.55,401.45,385.1,401.45,26065
2026-04-09 09:46:00,09:46:00,401.95,410.65,398.55,398.55,44265
2026-04-09 09:47:00,09:47:00,399.45,416.3,398.55,416.3,34580
2026-04-09 09:48:00,09:48:00,417.15,425.0,411.6,425.0,64480
2026-04-09 09:49:00,09:49:00,422.6,438.15,422.6,438.15,37635
2026-04-09 09:50:00,09:50:00,438.55,446.15,438.15,443.0,38740
2026-04-09 09:51:00,09:51:00,446.15,459.2,439.5,452.15,28925
2026-04-09 09:52:00,09:52:00,449.05,452.85,434.2,436.15,21775
2026-04-09 09:53:00,09:53:00,432.0,448.35,432.0,446.15,20345
2026-04-09 09:54:00,09:54:00,446.85,452.5,443.75,450.0,8320
2026-04-09 09:55:00,09:55:00,448.15,463.2,448.15,455.25,41340
2026-04-09 09:56:00,09:56:00,453.65,461.1,451.9,455.2,15470
2026-04-09 09:57:00,09:57:00,453.8,463.4,449.15,460.9,13520
2026-04-09 09:58:00,09:58:00,460.6,469.55,456.0,466.3,18720
2026-04-09 09:59:00,09:59:00,465.4,477.85,461.85,463.95,32695
2026-04-09 10:00:00,10:00:00,465.5,489.7,463.95,472.85,25870
2026-04-09 10:01:00,10:01:00,468.4,472.85,453.95,457.3,15600
2026-04-09 10:02:00,10:02:00,459.1,464.9,447.65,449.05,13195
2026-04-09 10:03:00,10:03:00,450.0,452.95,437.45,444.6,27625
2026-04-09 10:04:00,10:04:00,443.8,447.75,437.45,443.05,19630
2026-04-09 10:05:00,10:05:00,445.25,450.3,434.0,435.9,17485
2026-04-09 10:06:00,10:06:00,431.7,441.0,431.6,439.7,11180
2026-04-09 10:07:00,10:07:00,441.8,446.0,436.2,445.25,13130
2026-04-09 10:08:00,10:08:00,448.3,450.0,437.75,438.8,7280
2026-04-09 10:09:00,10:09:00,434.75,443.6,433.3,435.65,10335
2026-04-09 10:10:00,10:10:00,430.3,435.65,422.5,425.2,17030
2026-04-09 10:11:00,10:11:00,429.75,429.75,412.1,414.9,15600
2026-04-09 10:12:00,10:12:00,413.6,420.0,412.25,412.25,8125
2026-04-09 10:13:00,10:13:00,412.8,421.75,412.25,420.0,9945
2026-04-09 10:14:00,10:14:00,416.0,423.9,410.75,422.9,10725
2026-04-09 10:15:00,10:15:00,422.35,435.3,422.35,435.3,16315
2026-04-09 10:16:00,10:16:00,434.0,438.6,426.6,431.25,15600
2026-04-09 10:17:00,10:17:00,429.8,431.25,417.05,417.1,21320
2026-04-09 10:18:00,10:18:00,415.35,417.1,403.1,405.75,29120
2026-04-09 10:19:00,10:19:00,405.0,409.2,400.2,400.2,16770
2026-04-09 10:20:00,10:20:00,402.45,408.0,400.2,405.35,13000
2026-04-09 10:21:00,10:21:00,409.0,410.65,405.0,405.55,9165
2026-04-09 10:22:00,10:22:00,408.0,415.8,398.5,415.8,15730
2026-04-09 10:23:00,10:23:00,416.0,417.85,406.15,407.7,24830
2026-04-09 10:24:00,10:24:00,409.7,409.7,401.0,401.0,5135
2026-04-09 10:25:00,10:25:00,401.0,413.75,399.05,412.9,11635
2026-04-09 10:26:00,10:26:00,414.5,437.65,412.9,428.55,30225
2026-04-09 10:27:00,10:27:00,428.75,434.2,425.0,430.35,20410
2026-04-09 10:28:00,10:28:00,426.0,432.35,418.95,429.65,10790
2026-04-09 10:29:00,10:29:00,429.45,429.7,420.0,420.0,5590
2026-04-09 10:30:00,10:30:00,420.1,420.1,407.3,407.75,16510
2026-04-09 10:31:00,10:31:00,409.1,424.5,407.75,423.55,11505
2026-04-09 10:32:00,10:32:00,421.65,423.55,409.85,410.0,10465
2026-04-09 10:33:00,10:33:00,405.0,410.0,403.35,409.0,12090
2026-04-09 10:34:00,10:34:00,410.4,417.7,405.0,405.0,8255
2026-04-09 10:35:00,10:35:00,410.0,411.95,397.0,398.7,15145
2026-04-09 10:36:00,10:36:00,398.65,419.35,397.75,415.5,19240
2026-04-09 10:37:00,10:37:00,413.2,415.5,407.15,409.0,5265
2026-04-09 10:38:00,10:38:00,415.0,428.6,409.0,426.4,13910
2026-04-09 10:39:00,10:39:00,426.5,427.5,421.2,426.4,8255
2026-04-09 10:40:00,10:40:00,426.3,438.85,424.95,436.05,30030
2026-04-09 10:41:00,10:41:00,433.55,436.45,423.0,423.0,10725
2026-04-09 10:42:00,10:42:00,423.95,436.3,421.9,434.75,12090
2026-04-09 10:43:00,10:43:00,435.55,442.0,430.7,442.0,14430
2026-04-09 10:44:00,10:44:00,442.95,449.75,442.0,445.3,20085
2026-04-09 10:45:00,10:45:00,445.0,445.3,434.45,437.2,19175
2026-04-09 10:46:00,10:46:00,437.0,440.0,430.3,430.3,5720
2026-04-09 10:47:00,10:47:00,434.0,437.25,427.0,427.4,16705
2026-04-09 10:48:00,10:48:00,426.75,433.65,426.75,433.65,7345
2026-04-09 10:49:00,10:49:00,434.15,436.25,430.0,432.45,4160
2026-04-09 10:50:00,10:50:00,433.25,435.85,432.1,432.3,5655
2026-04-09 10:51:00,10:51:00,432.0,437.15,428.0,437.15,16640
2026-04-09 10:52:00,10:52:00,438.65,438.65,429.75,435.15,5200
2026-04-09 10:53:00,10:53:00,434.25,441.4,426.55,433.45,23660
2026-04-09 10:54:00,10:54:00,438.55,439.0,430.0,430.0,6565
2026-04-09 10:55:00,10:55:00,426.0,430.0,419.0,420.75,17160
2026-04-09 10:56:00,10:56:00,422.0,422.9,415.15,420.2,9425
2026-04-09 10:57:00,10:57:00,422.7,430.8,420.2,423.4,11830
2026-04-09 10:58:00,10:58:00,424.7,430.0,423.4,429.55,4940
2026-04-09 10:59:00,10:59:00,430.0,430.0,425.65,427.1,6370
2026-04-09 11:00:00,11:00:00,425.0,428.05,409.45,410.15,14105
2026-04-09 11:01:00,11:01:00,409.0,416.75,407.25,408.85,16250
2026-04-09 11:02:00,11:02:00,408.7,408.9,401.15,407.5,17420
2026-04-09 11:03:00,11:03:00,406.25,420.0,406.25,411.0,16705
2026-04-09 11:04:00,11:04:00,412.4,419.5,408.75,414.15,6630
2026-04-09 11:05:00,11:05:00,415.55,416.1,411.25,414.55,4745
2026-04-09 11:06:00,11:06:00,411.55,427.7,411.55,427.7,13975
2026-04-09 11:07:00,11:07:00,428.15,428.7,408.55,412.55,14300
2026-04-09 11:08:00,11:08:00,410.9,412.55,402.05,402.3,12025
2026-04-09 11:09:00,11:09:00,402.0,405.1,398.65,405.1,9100
2026-04-09 11:10:00,11:10:00,404.35,405.1,395.75,396.2,11830
2026-04-09 11:11:00,11:11:00,395.4,402.2,394.3,402.15,19630
2026-04-09 11:12:00,11:12:00,402.65,410.7,402.15,410.05,7345
2026-04-09 11:13:00,11:13:00,410.05,411.7,405.05,408.25,8515
2026-04-09 11:14:00,11:14:00,408.7,409.0,405.0,408.25,4225
2026-04-09 11:15:00,11:15:00,405.9,408.25,402.0,402.0,4095
2026-04-09 11:16:00,11:16:00,404.55,414.55,402.0,414.0,15080
2026-04-09 11:17:00,11:17:00,414.5,426.0,414.0,424.45,27300
2026-04-09 11:18:00,11:18:00,425.55,430.2,424.45,430.2,17550
2026-04-09 11:19:00,11:19:00,430.2,434.0,424.4,430.0,4810
2026-04-09 11:20:00,11:20:00,427.95,432.3,418.8,432.3,4745
2026-04-09 11:21:00,11:21:00,433.5,441.25,432.3,439.45,19695
2026-04-09 11:22:00,11:22:00,439.3,440.0,426.0,426.75,4615
2026-04-09 11:23:00,11:23:00,425.0,428.35,423.35,425.7,4355
2026-04-09 11:24:00,11:24:00,426.0,426.0,413.05,423.4,7475
2026-04-09 11:25:00,11:25:00,423.0,423.4,414.55,414.85,4940
2026-04-09 11:26:00,11:26:00,412.55,417.3,408.8,411.0,5135
2026-04-09 11:27:00,11:27:00,409.25,413.6,407.85,413.4,3575
2026-04-09 11:28:00,11:28:00,414.8,415.0,400.85,403.55,14560
2026-04-09 11:29:00,11:29:00,406.3,408.1,403.55,404.45,2405
2026-04-09 11:30:00,11:30:00,405.0,405.0,391.05,394.65,12350
2026-04-09 11:31:00,11:31:00,394.05,395.0,389.25,394.65,12740
2026-04-09 11:32:00,11:32:00,394.0,396.95,394.0,394.4,9230
2026-04-09 11:33:00,11:33:00,393.0,401.6,388.85,401.2,22620
2026-04-09 11:34:00,11:34:00,402.0,410.55,401.2,403.75,11180
2026-04-09 11:35:00,11:35:00,404.25,407.9,401.65,407.9,3510
2026-04-09 11:36:00,11:36:00,407.0,408.15,400.3,401.9,7475
2026-04-09 11:37:00,11:37:00,402.0,404.15,400.0,404.15,3055
2026-04-09 11:38:00,11:38:00,403.4,406.0,398.0,398.85,4030
2026-04-09 11:39:00,11:39:00,398.0,402.2,397.0,402.2,2730
2026-04-09 11:40:00,11:40:00,404.1,409.35,402.2,402.9,2795
2026-04-09 11:41:00,11:41:00,403.0,403.0,391.0,392.55,6825
2026-04-09 11:42:00,11:42:00,393.45,402.0,392.55,402.0,3575
2026-04-09 11:43:00,11:43:00,402.3,402.7,399.45,399.45,5330
2026-04-09 11:44:00,11:44:00,396.8,399.45,393.25,394.25,2535
2026-04-09 11:45:00,11:45:00,394.65,403.2,394.25,402.95,6045
2026-04-09 11:46:00,11:46:00,403.0,405.0,400.8,402.65,9360
2026-04-09 11:47:00,11:47:00,403.2,403.2,396.75,396.75,10530
2026-04-09 11:48:00,11:48:00,396.3,397.2,384.8,385.25,21450
2026-04-09 11:49:00,11:49:00,388.15,389.1,376.4,377.75,20020
2026-04-09 11:50:00,11:50:00,375.0,390.0,375.0,387.9,9425
2026-04-09 11:51:00,11:51:00,387.65,387.9,375.6,379.0,7800
2026-04-09 11:52:00,11:52:00,382.35,382.35,375.5,380.0,5135
2026-04-09 11:53:00,11:53:00,377.75,380.0,370.4,374.3,13715
2026-04-09 11:54:00,11:54:00,375.0,385.65,374.3,379.75,18200
2026-04-09 11:55:00,11:55:00,379.4,380.45,361.2,367.75,15210
2026-04-09 11:56:00,11:56:00,367.25,376.0,367.1,376.0,7735
2026-04-09 11:57:00,11:57:00,378.3,378.3,369.4,369.4,9295
2026-04-09 11:58:00,11:58:00,372.9,386.75,369.4,384.4,13780
2026-04-09 11:59:00,11:59:00,383.2,384.4,373.0,375.6,7085
2026-04-09 12:00:00,12:00:00,373.5,375.6,367.8,368.0,6955
2026-04-09 12:01:00,12:01:00,370.25,374.2,364.6,371.55,9750
2026-04-09 12:02:00,12:02:00,374.0,382.95,371.55,380.4,7215
2026-04-09 12:03:00,12:03:00,378.1,383.75,376.85,381.05,8385
2026-04-09 12:04:00,12:04:00,380.05,385.95,380.0,380.85,11505
2026-04-09 12:05:00,12:05:00,382.5,395.2,380.85,386.7,29900
2026-04-09 12:06:00,12:06:00,387.6,388.5,383.2,385.0,10270
2026-04-09 12:07:00,12:07:00,382.2,385.0,375.95,376.4,8515
2026-04-09 12:08:00,12:08:00,378.6,379.9,370.35,371.55,7150
2026-04-09 12:09:00,12:09:00,371.3,371.55,365.0,366.0,11050
2026-04-09 12:10:00,12:10:00,365.55,369.7,362.75,364.1,9945
2026-04-09 12:11:00,12:11:00,365.8,367.35,358.95,367.35,23660
2026-04-09 12:12:00,12:12:00,366.0,371.7,365.75,371.1,6435
2026-04-09 12:13:00,12:13:00,371.2,375.5,365.0,375.5,6110
2026-04-09 12:14:00,12:14:00,376.8,379.95,375.0,375.95,9490
2026-04-09 12:15:00,12:15:00,377.0,380.1,373.8,378.4,11115
2026-04-09 12:16:00,12:16:00,379.35,380.4,375.0,377.2,2795
2026-04-09 12:17:00,12:17:00,375.3,379.95,374.4,379.95,2015
2026-04-09 12:18:00,12:18:00,377.1,382.7,375.0,382.0,5720
2026-04-09 12:19:00,12:19:00,381.9,383.9,378.95,381.45,15275
2026-04-09 12:20:00,12:20:00,382.35,387.45,381.45,385.0,8775
2026-04-09 12:21:00,12:21:00,384.45,385.0,377.55,379.75,9490
2026-04-09 12:22:00,12:22:00,378.0,380.0,376.65,376.65,1690
2026-04-09 12:23:00,12:23:00,379.6,385.05,376.65,382.45,2925
2026-04-09 12:24:00,12:24:00,382.15,390.75,382.15,388.6,12480
2026-04-09 12:25:00,12:25:00,388.25,397.75,387.0,395.65,15080
2026-04-09 12:26:00,12:26:00,397.5,399.75,393.0,393.05,16640
2026-04-09 12:27:00,12:27:00,394.6,400.0,386.0,386.4,20020
2026-04-09 12:28:00,12:28:00,385.8,387.65,379.45,379.45,15145
2026-04-09 12:29:00,12:29:00,376.2,381.15,375.0,380.75,11570
2026-04-09 12:30:00,12:30:00,381.0,382.35,373.1,374.15,6045
2026-04-09 12:31:00,12:31:00,379.35,379.35,373.2,373.2,3510
2026-04-09 12:32:00,12:32:00,374.75,378.15,373.2,374.9,1300
2026-04-09 12:33:00,12:33:00,376.45,388.8,374.9,388.8,6110
2026-04-09 12:34:00,12:34:00,390.0,391.6,386.15,389.35,5460
2026-04-09 12:35:00,12:35:00,386.5,389.35,383.5,385.15,3510
2026-04-09 12:36:00,12:36:00,385.5,393.15,385.15,392.8,4290
2026-04-09 12:37:00,12:37:00,394.4,401.7,392.8,394.4,13455
2026-04-09 12:38:00,12:38:00,395.0,399.05,391.65,397.2,9490
2026-04-09 12:39:00,12:39:00,397.8,405.0,395.4,395.9,10140
2026-04-09 12:40:00,12:40:00,396.8,398.9,387.9,393.4,8840
2026-04-09 12:41:00,12:41:00,393.15,396.2,391.7,395.25,5460
2026-04-09 12:42:00,12:42:00,396.25,398.7,394.0,396.5,3315
2026-04-09 12:43:00,12:43:00,397.35,405.9,396.0,404.0,9295
2026-04-09 12:44:00,12:44:00,401.45,404.0,399.85,400.7,6305
2026-04-09 12:45:00,12:45:00,405.45,409.0,400.7,405.55,7865
2026-04-09 12:46:00,12:46:00,406.8,428.1,405.55,425.0,36595
2026-04-09 12:47:00,12:47:00,425.8,434.0,422.75,434.0,29575
2026-04-09 12:48:00,12:48:00,434.45,444.6,434.0,442.4,26195
2026-04-09 12:49:00,12:49:00,442.2,446.0,438.5,440.6,21255
2026-04-09 12:50:00,12:50:00,440.55,449.3,434.9,434.95,26650
2026-04-09 12:51:00,12:51:00,442.1,442.1,429.5,435.6,12090
2026-04-09 12:52:00,12:52:00,435.1,435.6,428.0,430.0,4290
2026-04-09 12:53:00,12:53:00,429.15,435.0,427.45,431.05,11050
2026-04-09 12:54:00,12:54:00,428.3,432.8,417.65,423.9,8450
2026-04-09 12:55:00,12:55:00,420.7,425.0,415.55,418.15,9035
2026-04-09 12:56:00,12:56:00,418.95,426.5,415.3,426.5,7150
2026-04-09 12:57:00,12:57:00,422.45,426.5,421.15,424.1,4485
2026-04-09 12:58:00,12:58:00,424.95,426.75,413.5,421.35,11440
2026-04-09 12:59:00,12:59:00,420.95,425.0,418.0,423.5,3315
2026-04-09 13:00:00,13:00:00,422.55,423.5,417.0,418.9,4615
2026-04-09 13:01:00,13:01:00,421.35,423.15,414.6,414.6,2990
2026-04-09 13:02:00,13:02:00,414.75,429.3,413.0,428.25,7735
2026-04-09 13:03:00,13:03:00,428.35,430.0,418.0,418.95,8320
2026-04-09 13:04:00,13:04:00,425.0,425.0,418.95,422.85,4745
2026-04-09 13:05:00,13:05:00,422.85,429.0,422.25,427.5,3445
2026-04-09 13:06:00,13:06:00,428.6,434.0,427.5,428.4,8580
2026-04-09 13:07:00,13:07:00,425.8,428.4,417.0,423.05,4680
2026-04-09 13:08:00,13:08:00,424.4,425.2,422.5,424.05,2145
2026-04-09 13:09:00,13:09:00,422.65,424.05,419.45,421.0,5720
2026-04-09 13:10:00,13:10:00,423.05,433.75,421.0,431.55,20800
2026-04-09 13:11:00,13:11:00,433.75,436.7,431.55,435.75,6435
2026-04-09 13:12:00,13:12:00,437.0,446.6,435.75,442.4,12090
2026-04-09 13:13:00,13:13:00,440.3,442.4,430.7,430.7,7410
2026-04-09 13:14:00,13:14:00,430.2,437.7,430.2,434.0,3770
2026-04-09 13:15:00,13:15:00,435.25,441.45,434.0,438.45,7605
2026-04-09 13:16:00,13:16:00,439.5,445.8,438.45,443.05,6305
2026-04-09 13:17:00,13:17:00,444.3,446.65,443.0,445.15,3510
2026-04-09 13:18:00,13:18:00,444.0,449.65,443.5,446.15,5785
2026-04-09 13:19:00,13:19:00,446.05,447.55,441.85,444.6,6760
2026-04-09 13:20:00,13:20:00,448.7,455.0,444.6,455.0,17095
2026-04-09 13:21:00,13:21:00,456.95,469.8,455.0,469.25,25350
2026-04-09 13:22:00,13:22:00,472.75,475.85,456.15,456.15,18135
2026-04-09 13:23:00,13:23:00,456.6,466.8,456.15,460.7,6305
2026-04-09 13:24:00,13:24:00,459.4,466.95,459.4,463.05,7020
2026-04-09 13:25:00,13:25:00,463.65,466.9,460.85,466.0,4355
2026-04-09 13:26:00,13:26:00,466.9,467.6,457.2,460.4,4810
2026-04-09 13:27:00,13:27:00,459.8,466.2,458.5,465.1,1690
2026-04-09 13:28:00,13:28:00,463.5,471.0,463.5,469.0,11115
2026-04-09 13:29:00,13:29:00,470.95,474.55,469.0,474.55,7020
2026-04-09 13:30:00,13:30:00,474.75,474.75,463.15,474.2,9100
2026-04-09 13:31:00,13:31:00,473.95,487.05,473.95,479.75,32370
2026-04-09 13:32:00,13:32:00,480.0,483.25,470.85,472.0,9815
2026-04-09 13:33:00,13:33:00,468.6,472.0,457.25,459.1,11375
2026-04-09 13:34:00,13:34:00,458.85,466.7,455.5,459.5,6240
2026-04-09 13:35:00,13:35:00,461.8,463.05,456.0,457.8,4940
2026-04-09 13:36:00,13:36:00,456.4,461.65,451.1,456.95,7800
2026-04-09 13:37:00,13:37:00,453.6,468.75,452.7,468.75,6370
2026-04-09 13:38:00,13:38:00,469.0,473.4,462.45,463.0,10920
2026-04-09 13:39:00,13:39:00,463.8,470.45,463.0,469.6,1950
2026-04-09 13:40:00,13:40:00,469.2,473.4,468.0,472.15,2015
2026-04-09 13:41:00,13:41:00,474.7,481.0,472.15,480.0,12870
2026-04-09 13:42:00,13:42:00,478.0,481.3,475.0,475.0,3575
2026-04-09 13:43:00,13:43:00,477.0,484.1,475.0,480.65,2925
2026-04-09 13:44:00,13:44:00,479.45,484.35,479.45,482.5,8255
2026-04-09 13:45:00,13:45:00,483.5,483.5,475.65,476.0,3315
2026-04-09 13:46:00,13:46:00,474.9,485.95,474.9,484.75,4940
2026-04-09 13:47:00,13:47:00,486.0,499.0,484.75,496.3,13455
2026-04-09 13:48:00,13:48:00,494.3,496.3,478.85,484.0,10985
2026-04-09 13:49:00,13:49:00,483.1,484.0,477.0,482.0,5850
2026-04-09 13:50:00,13:50:00,483.0,483.35,465.6,465.6,9490
2026-04-09 13:51:00,13:51:00,466.3,468.55,461.3,466.0,7020
2026-04-09 13:52:00,13:52:00,472.0,475.7,466.0,473.1,6565
2026-04-09 13:53:00,13:53:00,475.3,484.5,473.1,480.0,6045
2026-04-09 13:54:00,13:54:00,480.0,480.2,469.55,470.0,5005
2026-04-09 13:55:00,13:55:00,472.0,473.0,468.0,468.0,1170
2026-04-09 13:56:00,13:56:00,468.1,468.1,461.5,461.5,4550
2026-04-09 13:57:00,13:57:00,466.55,470.05,461.5,467.65,5005
2026-04-09 13:58:00,13:58:00,468.0,473.4,465.35,473.4,3965
2026-04-09 13:59:00,13:59:00,474.5,475.95,470.8,471.0,6435
2026-04-09 14:00:00,14:00:00,470.65,480.0,470.0,471.85,8645
2026-04-09 14:01:00,14:01:00,471.85,472.9,464.0,467.45,2925
2026-04-09 14:02:00,14:02:00,465.2,469.9,464.0,467.65,3055
2026-04-09 14:03:00,14:03:00,468.8,468.8,459.0,459.0,7670
2026-04-09 14:04:00,14:04:00,459.5,459.5,451.05,457.45,8905
2026-04-09 14:05:00,14:05:00,460.7,472.9,457.45,468.1,10400
2026-04-09 14:06:00,14:06:00,468.05,468.1,458.15,458.15,4550
2026-04-09 14:07:00,14:07:00,460.0,465.45,457.0,457.0,4095
2026-04-09 14:08:00,14:08:00,454.5,457.0,447.9,447.9,6240
2026-04-09 14:09:00,14:09:00,447.0,457.7,446.35,454.0,5460
2026-04-09 14:10:00,14:10:00,455.3,472.75,454.0,471.1,7020
2026-04-09 14:11:00,14:11:00,471.05,475.7,467.8,475.7,7150
2026-04-09 14:12:00,14:12:00,474.0,484.0,474.0,476.3,11700
2026-04-09 14:13:00,14:13:00,475.0,476.3,465.55,470.3,8320
2026-04-09 14:14:00,14:14:00,472.75,480.1,470.3,480.0,7475
2026-04-09 14:15:00,14:15:00,479.65,482.0,475.15,482.0,4680
2026-04-09 14:16:00,14:16:00,486.8,487.0,480.45,481.5,8125
2026-04-09 14:17:00,14:17:00,480.0,481.5,473.8,477.05,5525
2026-04-09 14:18:00,14:18:00,477.0,486.0,477.0,484.5,5720
2026-04-09 14:19:00,14:19:00,481.1,490.0,480.35,490.0,8515
2026-04-09 14:20:00,14:20:00,487.45,490.0,478.3,483.35,5135
2026-04-09 14:21:00,14:21:00,485.0,486.95,478.8,486.95,4420
2026-04-09 14:22:00,14:22:00,487.45,495.15,486.95,493.55,9425
2026-04-09 14:23:00,14:23:00,493.1,503.8,493.1,502.85,14820
2026-04-09 14:24:00,14:24:00,501.5,509.0,497.75,500.75,15600
2026-04-09 14:25:00,14:25:00,499.9,507.35,499.3,504.8,30940
2026-04-09 14:26:00,14:26:00,505.8,516.6,503.95,513.65,9230
2026-04-09 14:27:00,14:27:00,515.6,523.0,511.5,511.5,10855
2026-04-09 14:28:00,14:28:00,511.0,511.5,502.8,509.9,6110
2026-04-09 14:29:00,14:29:00,512.0,512.0,507.2,509.2,2275
2026-04-09 14:30:00,14:30:00,508.9,513.9,508.15,513.0,5720
2026-04-09 14:31:00,14:31:00,510.05,545.3,507.3,539.85,17030
2026-04-09 14:32:00,14:32:00,538.7,545.6,525.0,525.9,12675
2026-04-09 14:33:00,14:33:00,524.55,526.75,520.0,523.35,7410
2026-04-09 14:34:00,14:34:00,526.7,532.7,523.35,527.55,3965
2026-04-09 14:35:00,14:35:00,527.15,529.95,518.75,525.25,3510
2026-04-09 14:36:00,14:36:00,525.25,530.0,525.25,528.85,1365
2026-04-09 14:37:00,14:37:00,524.0,529.2,519.0,524.8,2860
2026-04-09 14:38:00,14:38:00,526.15,527.4,524.75,524.75,1885
2026-04-09 14:39:00,14:39:00,524.15,527.9,514.3,518.0,3965
2026-04-09 14:40:00,14:40:00,517.0,521.0,515.0,515.0,2600
2026-04-09 14:41:00,14:41:00,514.75,515.05,506.0,506.0,6760
2026-04-09 14:42:00,14:42:00,505.0,506.9,498.0,499.95,7150
2026-04-09 14:43:00,14:43:00,500.0,500.0,482.1,488.8,15145
2026-04-09 14:44:00,14:44:00,486.1,496.3,486.1,496.3,5330
2026-04-09 14:45:00,14:45:00,496.3,499.9,491.05,494.95,9945
2026-04-09 14:46:00,14:46:00,497.0,500.5,494.0,496.0,4615
2026-04-09 14:47:00,14:47:00,495.1,498.05,488.1,488.4,6110
2026-04-09 14:48:00,14:48:00,487.0,498.65,481.2,498.65,6955
2026-04-09 14:49:00,14:49:00,500.0,500.0,493.65,493.65,3185
2026-04-09 14:50:00,14:50:00,490.0,497.5,489.15,496.45,4680
2026-04-09 14:51:00,14:51:00,497.4,499.7,488.0,488.0,7280
2026-04-09 14:52:00,14:52:00,488.55,490.75,479.0,484.45,6305
2026-04-09 14:53:00,14:53:00,481.05,486.2,480.0,480.0,4095
2026-04-09 14:54:00,14:54:00,480.5,481.7,475.2,479.4,4940
2026-04-09 14:55:00,14:55:00,478.7,488.6,478.7,486.4,3250
2026-04-09 14:56:00,14:56:00,480.0,486.4,472.0,482.25,6955
2026-04-09 14:57:00,14:57:00,483.7,484.65,475.0,479.6,2600
2026-04-09 14:58:00,14:58:00,483.35,489.9,479.6,488.2,2600
2026-04-09 14:59:00,14:59:00,487.55,488.2,479.6,481.55,3575
2026-04-09 15:00:00,15:00:00,477.65,492.95,468.55,483.4,14950
2026-04-09 15:01:00,15:01:00,485.25,485.25,460.0,463.05,15015
2026-04-09 15:02:00,15:02:00,461.1,463.05,441.7,447.1,22295
2026-04-09 15:03:00,15:03:00,447.1,448.0,427.95,445.2,24115
2026-04-09 15:04:00,15:04:00,448.5,465.85,445.2,460.6,19890
2026-04-09 15:05:00,15:05:00,463.4,472.6,456.55,456.55,18460
2026-04-09 15:06:00,15:06:00,451.5,463.25,448.3,448.3,15925
2026-04-09 15:07:00,15:07:00,451.7,461.85,448.3,455.1,2535
2026-04-09 15:08:00,15:08:00,457.15,459.5,449.15,449.15,5720
2026-04-09 15:09:00,15:09:00,445.2,449.15,436.0,441.65,16900
2026-04-09 15:10:00,15:10:00,439.9,441.65,436.5,439.2,6110
2026-04-09 15:11:00,15:11:00,436.0,441.8,434.25,438.2,7475
2026-04-09 15:12:00,15:12:00,436.0,438.2,425.25,429.0,14170
2026-04-09 15:13:00,15:13:00,430.0,438.55,428.4,436.0,5785
2026-04-09 15:14:00,15:14:00,436.45,439.15,432.25,438.5,5850
2026-04-09 15:15:00,15:15:00,438.25,449.35,436.6,445.65,14430
2026-04-09 15:16:00,15:16:00,447.25,449.45,443.6,443.8,5005
2026-04-09 15:17:00,15:17:00,442.7,445.15,437.85,444.35,3445
2026-04-09 15:18:00,15:18:00,445.15,449.35,444.35,445.7,3250
2026-04-09 15:19:00,15:19:00,444.9,448.0,442.45,445.4,3705
2026-04-09 15:20:00,15:20:00,445.8,446.15,440.0,440.0,4355
2026-04-09 15:21:00,15:21:00,438.1,444.0,437.95,438.8,3835
2026-04-09 15:22:00,15:22:00,437.0,441.3,436.0,436.0,3315
2026-04-09 15:23:00,15:23:00,436.35,441.0,433.65,440.75,3965
2026-04-09 15:24:00,15:24:00,439.4,440.75,438.55,440.0,19955
2026-04-09 15:25:00,15:25:00,439.75,441.95,438.15,441.95,18590
2026-04-09 15:26:00,15:26:00,441.25,441.95,435.8,441.05,9620
2026-04-09 15:27:00,15:27:00,441.35,441.7,440.0,441.7,3380
2026-04-09 15:28:00,15:28:00,441.15,441.7,437.4,439.05,5720
2026-04-09 15:29:00,15:29:00,439.05,444.0,437.55,441.0,11895
2026-04-10 09:15:00,09:15:00,392.35,395.5,343.65,357.95,92235
2026-04-10 09:16:00,09:16:00,355.8,357.95,318.6,323.1,87425
2026-04-10 09:17:00,09:17:00,322.6,325.5,316.0,321.15,64935
2026-04-10 09:18:00,09:18:00,318.85,325.7,311.6,320.55,74880
2026-04-10 09:19:00,09:19:00,320.85,320.85,304.85,305.7,73710
2026-04-10 09:20:00,09:20:00,304.85,313.75,298.1,305.5,128700
2026-04-10 09:21:00,09:21:00,304.85,312.0,304.0,309.65,91260
2026-04-10 09:22:00,09:22:00,309.8,312.65,305.4,312.2,52390
2026-04-10 09:23:00,09:23:00,309.15,318.45,307.7,316.9,78390
2026-04-10 09:24:00,09:24:00,318.0,330.4,316.25,328.0,113490
2026-04-10 09:25:00,09:25:00,325.0,328.0,310.85,313.75,91910
2026-04-10 09:26:00,09:26:00,314.75,337.35,313.75,337.35,114465
2026-04-10 09:27:00,09:27:00,338.0,344.9,333.65,338.95,152230
2026-04-10 09:28:00,09:28:00,334.6,339.35,321.8,321.8,76050
2026-04-10 09:29:00,09:29:00,325.15,331.0,318.0,318.05,43160
2026-04-10 09:30:00,09:30:00,315.0,319.25,310.1,313.3,58045
2026-04-10 09:31:00,09:31:00,311.5,324.5,310.0,323.95,81575
2026-04-10 09:32:00,09:32:00,324.1,329.25,312.1,313.0,60255
2026-04-10 09:33:00,09:33:00,312.1,316.2,305.1,309.05,62465
2026-04-10 09:34:00,09:34:00,310.1,318.45,305.0,318.05,62920
2026-04-10 09:35:00,09:35:00,317.25,328.95,315.85,326.85,67925
2026-04-10 09:36:00,09:36:00,327.3,332.25,323.25,325.9,121940
2026-04-10 09:37:00,09:37:00,324.55,328.6,318.95,321.0,41795
2026-04-10 09:38:00,09:38:00,317.1,326.15,313.0,322.6,43420
2026-04-10 09:39:00,09:39:00,322.85,327.6,314.1,317.8,33670
2026-04-10 09:40:00,09:40:00,318.2,320.15,313.0,318.9,24180
2026-04-10 09:41:00,09:41:00,315.75,323.0,310.25,319.6,33280
2026-04-10 09:42:00,09:42:00,316.5,319.6,310.0,310.95,19955
2026-04-10 09:43:00,09:43:00,308.1,311.55,302.65,306.0,73255
2026-04-10 09:44:00,09:44:00,306.0,316.0,305.75,311.25,26455
2026-04-10 09:45:00,09:45:00,309.9,314.4,307.0,308.0,26585
2026-04-10 09:46:00,09:46:00,307.0,308.0,295.0,295.5,128310
2026-04-10 09:47:00,09:47:00,294.95,298.75,285.7,288.0,100360
2026-04-10 09:48:00,09:48:00,287.7,290.85,278.8,290.85,93665
2026-04-10 09:49:00,09:49:00,291.7,297.6,290.4,291.0,104585
2026-04-10 09:50:00,09:50:00,291.95,291.95,284.0,286.8,57850
2026-04-10 09:51:00,09:51:00,285.75,290.7,285.7,290.7,69420
2026-04-10 09:52:00,09:52:00,288.7,291.9,286.65,286.65,28210
2026-04-10 09:53:00,09:53:00,285.45,287.8,282.7,283.1,38805
2026-04-10 09:54:00,09:54:00,283.55,285.4,280.3,281.2,64805
2026-04-10 09:55:00,09:55:00,281.2,285.95,277.8,285.85,74295
2026-04-10 09:56:00,09:56:00,285.45,285.85,282.15,284.05,36270
2026-04-10 09:57:00,09:57:00,282.8,284.05,277.9,280.8,47060
2026-04-10 09:58:00,09:58:00,281.7,282.6,276.0,280.1,65585
2026-04-10 09:59:00,09:59:00,278.7,282.4,278.5,282.4,27040
2026-04-10 10:00:00,10:00:00,281.75,282.4,275.65,278.9,56095
2026-04-10 10:01:00,10:01:00,277.95,281.1,273.5,274.15,46020
2026-04-10 10:02:00,10:02:00,273.75,285.55,273.75,284.8,64220
2026-04-10 10:03:00,10:03:00,282.45,288.3,281.25,288.3,68510
2026-04-10 10:04:00,10:04:00,289.4,292.0,287.7,291.75,143650
2026-04-10 10:05:00,10:05:00,291.05,320.0,291.05,314.2,247780
2026-04-10 10:06:00,10:06:00,315.0,315.15,305.85,314.2,117975
2026-04-10 10:07:00,10:07:00,314.5,316.25,310.0,311.6,75270
2026-04-10 10:08:00,10:08:00,308.35,318.25,307.15,310.5,66950
2026-04-10 10:09:00,10:09:00,309.0,310.5,295.2,299.2,62660
2026-04-10 10:10:00,10:10:00,299.2,301.05,290.05,292.0,75075
2026-04-10 10:11:00,10:11:00,290.0,292.0,286.5,289.5,47905
2026-04-10 10:12:00,10:12:00,290.45,290.45,284.6,286.5,51285
2026-04-10 10:13:00,10:13:00,287.95,287.95,276.35,277.85,90610
2026-04-10 10:14:00,10:14:00,277.85,282.0,273.25,274.0,59800
2026-04-10 10:15:00,10:15:00,271.2,274.0,265.85,266.65,119990
2026-04-10 10:16:00,10:16:00,267.95,269.8,260.85,262.0,81705
2026-04-10 10:17:00,10:17:00,262.2,267.4,259.5,264.1,134810
2026-04-10 10:18:00,10:18:00,262.6,265.5,261.4,262.85,57200
2026-04-10 10:19:00,10:19:00,261.35,264.25,258.45,258.9,67015
2026-04-10 10:20:00,10:20:00,257.8,258.9,254.0,257.85,100815
2026-04-10 10:21:00,10:21:00,256.7,259.55,253.2,257.0,78975
2026-04-10 10:22:00,10:22:00,256.8,258.5,254.0,258.1,45500
2026-04-10 10:23:00,10:23:00,257.25,261.5,253.2,253.2,124735
2026-04-10 10:24:00,10:24:00,253.3,256.2,251.15,251.4,75985
2026-04-10 10:25:00,10:25:00,251.45,252.2,245.3,247.05,179530
2026-04-10 10:26:00,10:26:00,246.35,252.95,244.6,252.95,108485
2026-04-10 10:27:00,10:27:00,253.05,259.5,252.0,259.5,136890
2026-04-10 10:28:00,10:28:00,259.8,263.9,258.65,263.5,160420
2026-04-10 10:29:00,10:29:00,263.5,264.1,258.05,258.05,66625
2026-04-10 10:30:00,10:30:00,257.3,258.2,252.05,253.7,74035
2026-04-10 10:31:00,10:31:00,254.1,258.8,251.0,258.45,64675
2026-04-10 10:32:00,10:32:00,257.75,262.15,257.0,258.3,48555
2026-04-10 10:33:00,10:33:00,258.95,264.95,258.1,264.3,69290
2026-04-10 10:34:00,10:34:00,264.3,264.4,253.95,253.95,63960
2026-04-10 10:35:00,10:35:00,253.55,258.8,251.25,258.8,69420
2026-04-10 10:36:00,10:36:00,258.1,258.8,253.5,257.0,58370
2026-04-10 10:37:00,10:37:00,256.95,262.0,256.85,259.8,48490
2026-04-10 10:38:00,10:38:00,259.15,263.1,258.8,263.1,44525
2026-04-10 10:39:00,10:39:00,262.35,263.2,259.25,261.05,41080
2026-04-10 10:40:00,10:40:00,260.2,261.75,255.1,257.55,74230
2026-04-10 10:41:00,10:41:00,257.0,263.85,256.25,261.2,58825
2026-04-10 10:42:00,10:42:00,260.85,262.2,258.85,260.6,13715
2026-04-10 10:43:00,10:43:00,260.5,262.65,258.0,262.65,24310
2026-04-10 10:44:00,10:44:00,262.5,264.1,261.5,263.95,43745
2026-04-10 10:45:00,10:45:00,264.5,270.5,263.95,267.75,111150
2026-04-10 10:46:00,10:46:00,267.2,271.7,262.0,271.3,91975
2026-04-10 10:47:00,10:47:00,270.75,271.65,263.1,263.25,53755
2026-04-10 10:48:00,10:48:00,263.0,271.8,261.25,271.25,55185
2026-04-10 10:49:00,10:49:00,271.9,272.2,268.9,271.8,52520
2026-04-10 10:50:00,10:50:00,271.85,274.0,269.3,272.4,72540
2026-04-10 10:51:00,10:51:00,272.55,273.7,270.1,272.7,56160
2026-04-10 10:52:00,10:52:00,272.1,274.75,271.4,272.95,39455
2026-04-10 10:53:00,10:53:00,271.9,275.35,269.6,272.0,59670
2026-04-10 10:54:00,10:54:00,272.55,274.3,270.8,273.1,18590
2026-04-10 10:55:00,10:55:00,272.85,274.4,272.4,273.8,23660
2026-04-10 10:56:00,10:56:00,274.15,279.35,273.0,279.35,95615
2026-04-10 10:57:00,10:57:00,278.85,285.0,278.6,285.0,114400
2026-04-10 10:58:00,10:58:00,284.6,285.0,274.2,274.2,69160
2026-04-10 10:59:00,10:59:00,274.6,274.6,264.0,265.9,137800
2026-04-10 11:00:00,11:00:00,265.5,269.2,261.0,262.7,128765
2026-04-10 11:01:00,11:01:00,261.15,263.05,257.85,260.0,67145
2026-04-10 11:02:00,11:02:00,261.55,266.0,259.8,265.2,49270
2026-04-10 11:03:00,11:03:00,267.8,271.55,265.2,266.0,66365
2026-04-10 11:04:00,11:04:00,266.85,270.8,265.8,267.2,27820
2026-04-10 11:05:00,11:05:00,268.4,273.55,265.55,270.4,41145
2026-04-10 11:06:00,11:06:00,270.45,270.7,265.65,266.9,15795
2026-04-10 11:07:00,11:07:00,268.0,270.55,265.45,265.6,14820
2026-04-10 11:08:00,11:08:00,264.6,266.3,260.95,264.0,33150
2026-04-10 11:09:00,11:09:00,264.6,264.6,259.05,259.55,35685
2026-04-10 11:10:00,11:10:00,258.7,262.45,258.0,258.05,30745
2026-04-10 11:11:00,11:11:00,257.35,259.35,254.8,257.15,61100
2026-04-10 11:12:00,11:12:00,256.9,259.9,254.1,254.1,29445
2026-04-10 11:13:00,11:13:00,254.8,258.65,252.6,258.2,62985
2026-04-10 11:14:00,11:14:00,258.5,260.15,256.5,259.8,42640
2026-04-10 11:15:00,11:15:00,257.7,262.25,254.9,260.25,33410
2026-04-10 11:16:00,11:16:00,259.6,264.0,259.5,262.5,121875
2026-04-10 11:17:00,11:17:00,262.4,272.4,262.4,271.85,108615
2026-04-10 11:18:00,11:18:00,272.0,274.9,269.55,274.9,90480
2026-04-10 11:19:00,11:19:00,274.5,275.0,268.0,268.25,76245
2026-04-10 11:20:00,11:20:00,268.25,270.9,266.3,268.05,40820
2026-04-10 11:21:00,11:21:00,267.75,272.6,263.4,269.55,51480
2026-04-10 11:22:00,11:22:00,268.95,269.55,262.0,264.0,51870
2026-04-10 11:23:00,11:23:00,265.15,269.75,264.0,267.0,32110
2026-04-10 11:24:00,11:24:00,266.45,271.3,266.0,268.4,26130
2026-04-10 11:25:00,11:25:00,268.7,268.7,262.5,264.05,27820
2026-04-10 11:26:00,11:26:00,263.85,264.05,259.25,262.25,71045
2026-04-10 11:27:00,11:27:00,263.0,268.1,262.0,267.75,68055
2026-04-10 11:28:00,11:28:00,267.0,271.5,266.05,271.45,78325
2026-04-10 11:29:00,11:29:00,271.0,276.7,270.65,276.0,92560
2026-04-10 11:30:00,11:30:00,276.55,276.55,268.65,269.35,78455
2026-04-10 11:31:00,11:31:00,268.8,271.95,264.4,265.9,62920
2026-04-10 11:32:00,11:32:00,266.3,266.45,262.2,265.0,46995
2026-04-10 11:33:00,11:33:00,266.0,268.05,262.45,264.8,42315
2026-04-10 11:34:00,11:34:00,265.0,266.2,261.35,262.6,33150
2026-04-10 11:35:00,11:35:00,262.55,266.65,261.0,263.55,37830
2026-04-10 11:36:00,11:36:00,264.0,271.3,263.55,271.3,40690
2026-04-10 11:37:00,11:37:00,272.15,277.55,271.2,275.45,83850
2026-04-10 11:38:00,11:38:00,275.2,276.75,268.9,269.75,39780
2026-04-10 11:39:00,11:39:00,269.15,274.7,261.8,273.3,114530
2026-04-10 11:40:00,11:40:00,273.9,276.4,270.0,276.4,57915
2026-04-10 11:41:00,11:41:00,276.0,278.55,274.25,277.8,57135
2026-04-10 11:42:00,11:42:00,277.1,284.8,275.25,282.05,109850
2026-04-10 11:43:00,11:43:00,281.3,283.5,273.75,275.6,54535
2026-04-10 11:44:00,11:44:00,273.6,278.7,272.5,278.6,31655
2026-04-10 11:45:00,11:45:00,277.65,278.6,272.85,273.75,28015
2026-04-10 11:46:00,11:46:00,273.95,279.25,272.4,276.25,39325
2026-04-10 11:47:00,11:47:00,276.8,288.8,276.25,288.8,59800
2026-04-10 11:48:00,11:48:00,291.1,294.0,286.25,289.7,141895
2026-04-10 11:49:00,11:49:00,291.0,297.9,288.9,290.5,118950
2026-04-10 11:50:00,11:50:00,290.4,290.5,275.8,275.8,91260
2026-04-10 11:51:00,11:51:00,276.15,278.0,272.15,276.75,99710
2026-04-10 11:52:00,11:52:00,276.6,279.0,275.5,277.05,42835
2026-04-10 11:53:00,11:53:00,276.95,280.1,275.35,278.15,26650
2026-04-10 11:54:00,11:54:00,279.15,281.2,274.0,274.0,34515
2026-04-10 11:55:00,11:55:00,273.4,278.8,272.55,276.1,34905
2026-04-10 11:56:00,11:56:00,276.0,277.5,272.0,277.5,25545
2026-04-10 11:57:00,11:57:00,275.95,277.5,267.6,271.4,71305
2026-04-10 11:58:00,11:58:00,271.9,273.75,268.4,270.4,29900
2026-04-10 11:59:00,11:59:00,270.65,272.7,268.4,270.0,23075
2026-04-10 12:00:00,12:00:00,269.05,274.0,266.25,270.6,53235
2026-04-10 12:01:00,12:01:00,270.05,271.15,265.35,266.0,41145
2026-04-10 12:02:00,12:02:00,266.55,268.0,263.95,263.95,38415
2026-04-10 12:03:00,12:03:00,263.4,263.95,258.55,260.2,149630
2026-04-10 12:04:00,12:04:00,260.25,260.25,255.15,256.3,78195
2026-04-10 12:05:00,12:05:00,256.45,259.0,255.35,258.8,55315
2026-04-10 12:06:00,12:06:00,259.0,259.95,255.0,255.05,71955
2026-04-10 12:07:00,12:07:00,255.55,257.3,252.65,253.8,77935
2026-04-10 12:08:00,12:08:00,253.85,256.0,251.25,254.95,92950
2026-04-10 12:09:00,12:09:00,255.0,257.1,253.0,253.15,66820
2026-04-10 12:10:00,12:10:00,252.7,257.1,252.1,255.65,64610
2026-04-10 12:11:00,12:11:00,256.45,256.45,253.75,254.6,30550
2026-04-10 12:12:00,12:12:00,254.75,256.95,253.9,254.3,47190
2026-04-10 12:13:00,12:13:00,254.6,254.6,251.3,251.3,29705
2026-04-10 12:14:00,12:14:00,251.0,255.9,249.9,255.75,84175
2026-04-10 12:15:00,12:15:00,256.0,263.85,253.4,262.8,134485
2026-04-10 12:16:00,12:16:00,264.0,264.0,257.4,257.4,59280
2026-04-10 12:17:00,12:17:00,257.3,257.6,254.0,257.05,40430
2026-04-10 12:18:00,12:18:00,257.8,263.7,257.05,259.35,94445
2026-04-10 12:19:00,12:19:00,259.05,261.9,256.35,257.0,12740
2026-04-10 12:20:00,12:20:00,258.2,260.15,255.35,259.55,31590
2026-04-10 12:21:00,12:21:00,259.45,264.0,259.2,260.65,83005
2026-04-10 12:22:00,12:22:00,260.65,261.7,257.75,260.0,16965
2026-04-10 12:23:00,12:23:00,260.25,260.25,253.0,253.1,48620
2026-04-10 12:24:00,12:24:00,253.05,253.1,245.0,245.0,122525
2026-04-10 12:25:00,12:25:00,244.0,246.15,238.65,239.4,128180
2026-04-10 12:26:00,12:26:00,239.55,246.9,238.35,245.95,132470
2026-04-10 12:27:00,12:27:00,246.9,253.0,245.95,251.45,118300
2026-04-10 12:28:00,12:28:00,251.3,258.8,251.25,255.95,112320
2026-04-10 12:29:00,12:29:00,256.0,257.6,250.2,251.5,40690
2026-04-10 12:30:00,12:30:00,251.45,254.5,247.25,248.3,87620
2026-04-10 12:31:00,12:31:00,248.5,252.1,247.05,251.45,29770
2026-04-10 12:32:00,12:32:00,251.4,253.0,249.5,252.05,71435
2026-04-10 12:33:00,12:33:00,251.4,253.65,248.85,253.35,66560
2026-04-10 12:34:00,12:34:00,252.65,255.65,252.4,254.8,99515
2026-04-10 12:35:00,12:35:00,254.15,254.8,250.45,250.95,28015
2026-04-10 12:36:00,12:36:00,250.8,252.35,247.15,247.4,62010
2026-04-10 12:37:00,12:37:00,247.45,251.5,247.15,250.7,55835
2026-04-10 12:38:00,12:38:00,249.85,252.45,249.25,250.5,21125
2026-04-10 12:39:00,12:39:00,250.25,253.05,247.95,248.9,33800
2026-04-10 12:40:00,12:40:00,248.8,249.05,245.8,246.75,55250
2026-04-10 12:41:00,12:41:00,247.25,251.05,244.65,249.45,51480
2026-04-10 12:42:00,12:42:00,249.95,250.45,246.45,250.1,28990
2026-04-10 12:43:00,12:43:00,250.35,254.2,248.0,253.05,36790
2026-04-10 12:44:00,12:44:00,253.15,257.3,252.8,257.3,61555
2026-04-10 12:45:00,12:45:00,256.9,259.2,255.05,255.9,79040
2026-04-10 12:46:00,12:46:00,256.6,257.9,253.95,257.15,40495
2026-04-10 12:47:00,12:47:00,257.35,259.0,253.85,253.95,38025
2026-04-10 12:48:00,12:48:00,254.0,254.5,247.2,248.75,55770
2026-04-10 12:49:00,12:49:00,248.25,252.3,247.1,252.3,24895
2026-04-10 12:50:00,12:50:00,252.55,262.0,252.0,261.15,66885
2026-04-10 12:51:00,12:51:00,259.25,262.05,257.3,258.7,62010
2026-04-10 12:52:00,12:52:00,258.0,258.7,252.75,256.0,48490
2026-04-10 12:53:00,12:53:00,256.0,257.45,253.3,255.0,42705
2026-04-10 12:54:00,12:54:00,255.0,260.7,254.0,255.45,50310
2026-04-10 12:55:00,12:55:00,255.6,258.8,255.0,256.35,17225
2026-04-10 12:56:00,12:56:00,256.5,259.2,255.2,257.25,24895
2026-04-10 12:57:00,12:57:00,257.95,260.85,254.25,255.45,77480
2026-04-10 12:58:00,12:58:00,255.95,257.15,252.1,253.2,29055
2026-04-10 12:59:00,12:59:00,253.25,254.8,250.35,254.8,23660
2026-04-10 13:00:00,13:00:00,252.15,255.0,250.75,253.25,36010
2026-04-10 13:01:00,13:01:00,251.3,253.8,248.1,252.3,48880
2026-04-10 13:02:00,13:02:00,251.8,254.5,250.9,251.05,32955
2026-04-10 13:03:00,13:03:00,250.65,251.1,246.15,250.0,57460
2026-04-10 13:04:00,13:04:00,249.9,250.7,248.0,248.2,23595
2026-04-10 13:05:00,13:05:00,248.0,253.4,248.0,251.3,18525
2026-04-10 13:06:00,13:06:00,251.0,251.3,246.8,248.5,24050
2026-04-10 13:07:00,13:07:00,247.95,249.75,247.55,249.4,21450
2026-04-10 13:08:00,13:08:00,249.35,249.45,243.2,246.45,60645
2026-04-10 13:09:00,13:09:00,246.25,249.45,245.4,246.6,20410
2026-04-10 13:10:00,13:10:00,246.45,252.0,245.7,249.5,37180
2026-04-10 13:11:00,13:11:00,248.7,253.15,248.7,252.85,45110
2026-04-10 13:12:00,13:12:00,251.7,257.9,251.0,256.6,70200
2026-04-10 13:13:00,13:13:00,255.1,261.2,254.9,260.2,61490
2026-04-10 13:14:00,13:14:00,260.7,261.9,255.8,257.9,54860
2026-04-10 13:15:00,13:15:00,258.0,260.0,255.1,256.6,32435
2026-04-10 13:16:00,13:16:00,255.65,260.0,255.45,257.45,31655
2026-04-10 13:17:00,13:17:00,256.95,257.45,250.3,252.75,57330
2026-04-10 13:18:00,13:18:00,252.0,259.75,252.0,259.75,32500
2026-04-10 13:19:00,13:19:00,260.0,260.9,257.0,259.6,30485
2026-04-10 13:20:00,13:20:00,259.0,261.0,256.1,256.4,47450
2026-04-10 13:21:00,13:21:00,256.4,259.7,256.4,258.5,32890
2026-04-10 13:22:00,13:22:00,259.1,259.7,253.95,256.55,34775
2026-04-10 13:23:00,13:23:00,256.5,259.45,256.45,259.45,53170
2026-04-10 13:24:00,13:24:00,260.2,261.0,256.05,259.8,23075
2026-04-10 13:25:00,13:25:00,259.85,261.0,255.65,255.9,36790
2026-04-10 13:26:00,13:26:00,255.35,255.9,250.8,253.55,57070
2026-04-10 13:27:00,13:27:00,253.55,258.9,252.5,257.1,34710
2026-04-10 13:28:00,13:28:00,256.0,257.1,254.4,254.8,19435
2026-04-10 13:29:00,13:29:00,253.55,256.6,252.2,253.45,17485
2026-04-10 13:30:00,13:30:00,253.45,256.0,251.05,254.35,18395
2026-04-10 13:31:00,13:31:00,253.05,254.8,250.8,252.35,22815
2026-04-10 13:32:00,13:32:00,251.95,252.35,246.3,246.7,76440
2026-04-10 13:33:00,13:33:00,246.55,253.35,246.55,253.0,51155
2026-04-10 13:34:00,13:34:00,255.0,257.7,253.0,256.05,64285
2026-04-10 13:35:00,13:35:00,256.25,261.65,255.0,258.9,43875
2026-04-10 13:36:00,13:36:00,259.8,259.8,253.0,254.1,19695
2026-04-10 13:37:00,13:37:00,254.55,256.0,251.5,254.8,24310
2026-04-10 13:38:00,13:38:00,255.15,255.15,251.9,253.8,27365
2026-04-10 13:39:00,13:39:00,253.3,253.8,248.2,249.3,39715
2026-04-10 13:40:00,13:40:00,249.0,249.9,246.75,247.65,98020
2026-04-10 13:41:00,13:41:00,248.35,248.35,244.0,246.85,148590
2026-04-10 13:42:00,13:42:00,247.45,247.8,241.0,243.6,82550
2026-04-10 13:43:00,13:43:00,243.15,244.1,240.6,244.1,72995
2026-04-10 13:44:00,13:44:00,243.6,244.9,242.0,243.0,70200
2026-04-10 13:45:00,13:45:00,243.95,243.95,239.45,240.1,106795
2026-04-10 13:46:00,13:46:00,237.05,242.15,236.75,240.25,81900
2026-04-10 13:47:00,13:47:00,240.0,243.6,238.6,243.6,30355
2026-04-10 13:48:00,13:48:00,244.4,251.85,243.6,248.3,194415
2026-04-10 13:49:00,13:49:00,248.25,250.85,248.0,248.05,69420
2026-04-10 13:50:00,13:50:00,248.6,252.0,248.05,249.55,75140
2026-04-10 13:51:00,13:51:00,249.3,250.25,243.75,244.2,45890
2026-04-10 13:52:00,13:52:00,243.55,247.5,242.6,246.15,39780
2026-04-10 13:53:00,13:53:00,246.0,246.9,243.0,244.15,16965
2026-04-10 13:54:00,13:54:00,243.95,245.05,243.0,243.9,17745
2026-04-10 13:55:00,13:55:00,244.4,245.35,242.05,242.2,21385
2026-04-10 13:56:00,13:56:00,242.4,242.75,239.65,241.3,44070
2026-04-10 13:57:00,13:57:00,241.25,241.3,238.1,238.1,39845
2026-04-10 13:58:00,13:58:00,237.3,238.5,229.05,229.35,184015
2026-04-10 13:59:00,13:59:00,230.15,232.35,223.1,228.3,218075
2026-04-10 14:00:00,14:00:00,228.15,232.3,223.55,229.05,161135
2026-04-10 14:01:00,14:01:00,228.4,229.05,224.1,224.1,81055
2026-04-10 14:02:00,14:02:00,224.85,231.55,224.1,230.3,152360
2026-04-10 14:03:00,14:03:00,230.25,230.65,227.5,229.8,95095
2026-04-10 14:04:00,14:04:00,230.3,231.0,228.05,230.0,70330
2026-04-10 14:05:00,14:05:00,230.1,230.1,227.0,227.95,62075
2026-04-10 14:06:00,14:06:00,227.3,230.7,227.3,228.4,47515
2026-04-10 14:07:00,14:07:00,229.15,233.0,228.4,230.1,75075
2026-04-10 14:08:00,14:08:00,230.65,233.9,230.1,233.0,76505
2026-04-10 14:09:00,14:09:00,232.5,233.3,229.3,229.3,44460
2026-04-10 14:10:00,14:10:00,229.25,234.15,228.9,232.35,52845
2026-04-10 14:11:00,14:11:00,232.5,233.0,229.0,231.25,65910
2026-04-10 14:12:00,14:12:00,230.8,231.75,225.3,225.65,95290
2026-04-10 14:13:00,14:13:00,225.45,230.0,223.6,228.2,72540
2026-04-10 14:14:00,14:14:00,226.7,258.0,226.45,242.35,465465
2026-04-10 14:15:00,14:15:00,277.25,343.15,277.25,322.35,141115
2026-04-10 14:16:00,14:16:00,278.85,294.0,263.6,291.8,342095
2026-04-10 14:17:00,14:17:00,289.15,291.8,264.75,270.9,233350
2026-04-10 14:18:00,14:18:00,269.95,270.9,260.75,262.25,117325
2026-04-10 14:19:00,14:19:00,265.75,272.0,262.25,264.3,139620
2026-04-10 14:20:00,14:20:00,263.6,266.65,257.15,258.65,99125
2026-04-10 14:21:00,14:21:00,257.3,260.8,253.75,255.0,117520
2026-04-10 14:22:00,14:22:00,253.0,273.85,251.35,273.0,253305
2026-04-10 14:23:00,14:23:00,271.1,286.95,271.1,284.5,307255
2026-04-10 14:24:00,14:24:00,286.8,297.15,283.8,294.25,264355
2026-04-10 14:25:00,14:25:00,296.65,304.85,290.75,291.45,304135
2026-04-10 14:26:00,14:26:00,291.0,297.8,287.55,288.2,138710
2026-04-10 14:27:00,14:27:00,288.95,303.45,288.2,298.15,177125
2026-04-10 14:28:00,14:28:00,296.6,298.15,289.1,293.6,65715
2026-04-10 14:29:00,14:29:00,292.55,301.2,288.55,293.9,72605
2026-04-10 14:30:00,14:30:00,293.5,297.65,281.7,286.75,143260
2026-04-10 14:31:00,14:31:00,288.6,294.55,286.5,292.35,75855
2026-04-10 14:32:00,14:32:00,292.85,295.0,288.65,293.45,68640
2026-04-10 14:33:00,14:33:00,291.15,293.45,275.95,284.25,229905
2026-04-10 14:34:00,14:34:00,284.5,287.65,280.55,285.5,80080
2026-04-10 14:35:00,14:35:00,285.4,290.3,282.05,289.05,113295
2026-04-10 14:36:00,14:36:00,289.9,301.4,288.2,293.3,173030
2026-04-10 14:37:00,14:37:00,293.8,298.0,290.0,291.75,57850
2026-04-10 14:38:00,14:38:00,289.6,292.15,283.7,286.8,58890
2026-04-10 14:39:00,14:39:00,286.95,290.25,280.35,290.25,78195
2026-04-10 14:40:00,14:40:00,290.1,291.9,283.0,286.0,54470
2026-04-10 14:41:00,14:41:00,286.35,288.1,273.9,281.1,70980
2026-04-10 14:42:00,14:42:00,281.05,284.8,276.05,277.4,54275
2026-04-10 14:43:00,14:43:00,277.45,284.85,274.15,283.95,52065
2026-04-10 14:44:00,14:44:00,284.35,287.2,278.8,281.95,53105
2026-04-10 14:45:00,14:45:00,282.2,291.95,281.95,286.0,129740
2026-04-10 14:46:00,14:46:00,285.6,289.0,280.1,289.0,72995
2026-04-10 14:47:00,14:47:00,290.4,293.4,285.3,289.5,78065
2026-04-10 14:48:00,14:48:00,289.45,292.75,280.4,280.4,91910
2026-04-10 14:49:00,14:49:00,284.0,284.7,248.75,251.4,315770
2026-04-10 14:50:00,14:50:00,253.0,266.0,251.4,264.85,113425
2026-04-10 14:51:00,14:51:00,267.15,267.45,257.4,260.7,94705
2026-04-10 14:52:00,14:52:00,259.7,263.5,254.95,260.95,106405
2026-04-10 14:53:00,14:53:00,262.9,263.8,256.5,257.5,50830
2026-04-10 14:54:00,14:54:00,259.2,270.15,257.4,266.3,78455
2026-04-10 14:55:00,14:55:00,264.7,266.3,259.0,265.0,34645
2026-04-10 14:56:00,14:56:00,264.25,266.05,258.7,260.0,28210
2026-04-10 14:57:00,14:57:00,260.55,266.0,259.95,262.05,67275
2026-04-10 14:58:00,14:58:00,262.05,262.8,257.7,258.95,38285
2026-04-10 14:59:00,14:59:00,259.85,266.15,258.95,266.15,44070
2026-04-10 15:00:00,15:00:00,264.0,266.15,253.6,257.25,66040
2026-04-10 15:01:00,15:01:00,256.2,260.4,241.55,248.7,160160
2026-04-10 15:02:00,15:02:00,249.0,256.2,246.0,246.0,124020
2026-04-10 15:03:00,15:03:00,246.7,246.7,238.85,240.1,109135
2026-04-10 15:04:00,15:04:00,238.3,241.95,235.95,236.55,98475
2026-04-10 15:05:00,15:05:00,236.7,236.7,225.5,227.9,198315
2026-04-10 15:06:00,15:06:00,228.0,229.95,223.95,224.35,286260
2026-04-10 15:07:00,15:07:00,226.5,227.5,219.9,220.2,126295
2026-04-10 15:08:00,15:08:00,218.85,220.2,212.4,216.35,211900
2026-04-10 15:09:00,15:09:00,217.4,219.15,215.65,217.65,129870
2026-04-10 15:10:00,15:10:00,217.5,218.1,212.0,213.65,125450
2026-04-10 15:11:00,15:11:00,214.4,214.4,210.45,211.5,116285
2026-04-10 15:12:00,15:12:00,209.25,218.0,206.3,216.75,279630
2026-04-10 15:13:00,15:13:00,215.65,217.45,212.95,216.3,107900
2026-04-10 15:14:00,15:14:00,216.05,218.5,215.95,218.4,123565
2026-04-10 15:15:00,15:15:00,219.7,228.55,217.55,225.7,433355
2026-04-10 15:16:00,15:16:00,224.7,225.7,220.15,222.0,142025
2026-04-10 15:17:00,15:17:00,222.3,223.15,216.05,222.65,81185
2026-04-10 15:18:00,15:18:00,222.5,224.45,219.9,222.3,84955
2026-04-10 15:19:00,15:19:00,222.85,224.9,222.25,224.1,58890
2026-04-10 15:20:00,15:20:00,223.2,227.0,220.6,222.2,93665
2026-04-10 15:21:00,15:21:00,221.7,222.65,220.6,222.0,48100
2026-04-10 15:22:00,15:22:00,222.0,223.9,221.0,222.6,50505
2026-04-10 15:23:00,15:23:00,222.6,223.3,221.85,222.05,43810
2026-04-10 15:24:00,15:24:00,221.2,222.95,219.95,222.95,58890
2026-04-10 15:25:00,15:25:00,222.95,222.95,221.05,221.55,68315
2026-04-10 15:26:00,15:26:00,221.9,221.9,217.5,218.8,64285
2026-04-10 15:27:00,15:27:00,218.9,219.9,217.4,218.2,33995
2026-04-10 15:28:00,15:28:00,218.5,220.85,216.3,220.35,93600
2026-04-10 15:29:00,15:29:00,221.0,223.7,219.25,223.0,99645
2026-04-13 10:07:00,10:07:00,549.15,555.0,535.0,540.75,5200
2026-04-13 10:09:00,10:09:00,548.2,550.15,537.05,539.15,17225
2026-04-13 10:11:00,10:11:00,545.0,550.85,538.15,540.0,8060
2026-04-13 10:12:00,10:12:00,534.05,541.9,529.0,535.55,7670
2026-04-13 10:20:00,10:20:00,540.7,540.7,521.0,522.0,6890
2026-04-13 10:21:00,10:21:00,517.75,522.0,485.35,493.85,37700
2026-04-13 10:22:00,10:22:00,491.35,500.45,484.0,484.0,10595
2026-04-13 10:23:00,10:23:00,483.9,498.85,483.9,489.45,9620
2026-04-13 10:24:00,10:24:00,488.7,498.75,480.1,496.3,24505
2026-04-13 10:25:00,10:25:00,494.4,499.8,490.25,494.3,10010
2026-04-13 10:26:00,10:26:00,495.85,501.1,490.95,490.95,17290
2026-04-13 10:27:00,10:27:00,485.35,490.95,476.2,483.85,19240
2026-04-13 10:28:00,10:28:00,481.05,486.35,480.4,484.0,2795
2026-04-13 10:29:00,10:29:00,487.25,490.1,484.0,489.0,6045
2026-04-13 10:30:00,10:30:00,486.7,489.5,479.0,489.5,7280
2026-04-13 10:31:00,10:31:00,482.8,489.5,482.8,486.55,3510
2026-04-13 10:32:00,10:32:00,486.55,486.55,483.95,485.75,4485
2026-04-13 10:33:00,10:33:00,484.7,497.75,484.7,493.15,10010
2026-04-13 10:34:00,10:34:00,492.0,493.15,488.55,488.55,1365
2026-04-13 10:35:00,10:35:00,489.6,496.0,484.15,496.0,2925
2026-04-13 10:36:00,10:36:00,497.5,499.75,491.05,496.7,8645
2026-04-13 10:37:00,10:37:00,497.6,502.0,495.0,495.0,7150
2026-04-13 10:38:00,10:38:00,493.9,499.0,491.65,494.95,5850
2026-04-13 10:39:00,10:39:00,494.45,494.95,478.0,480.8,6890
2026-04-13 10:40:00,10:40:00,476.7,481.8,473.0,479.4,7085
2026-04-13 10:41:00,10:41:00,475.0,505.0,468.55,497.7,17485
2026-04-13 10:42:00,10:42:00,494.45,505.9,494.15,504.65,7540
2026-04-13 10:43:00,10:43:00,505.1,505.15,490.0,490.0,6630
2026-04-13 10:44:00,10:44:00,484.75,491.7,484.4,490.4,4225
2026-04-13 10:45:00,10:45:00,483.35,490.4,472.5,479.25,4030
2026-04-13 10:46:00,10:46:00,476.0,479.25,463.0,467.65,11960
2026-04-13 10:47:00,10:47:00,473.4,480.0,467.65,474.8,2470
2026-04-13 10:48:00,10:48:00,471.0,474.8,466.7,474.35,3055
2026-04-13 10:49:00,10:49:00,475.45,484.0,474.35,480.2,4745
2026-04-13 10:50:00,10:50:00,473.0,480.2,471.0,475.85,6175
2026-04-13 10:51:00,10:51:00,475.7,479.35,472.0,478.3,1430
2026-04-13 10:52:00,10:52:00,472.05,478.3,465.0,465.7,6240
2026-04-13 10:53:00,10:53:00,464.1,471.45,458.65,470.6,9880
2026-04-13 10:54:00,10:54:00,469.15,470.6,462.9,467.0,3900
2026-04-13 10:55:00,10:55:00,468.3,468.3,459.35,465.55,5655
2026-04-13 10:56:00,10:56:00,461.05,465.55,455.0,455.0,5915
2026-04-13 10:57:00,10:57:00,452.0,456.2,449.65,456.2,8515
2026-04-13 10:58:00,10:58:00,459.85,467.85,456.2,467.85,5915
2026-04-13 10:59:00,10:59:00,470.0,476.15,467.6,467.6,13390
2026-04-13 11:00:00,11:00:00,468.65,476.15,467.6,472.1,1820
2026-04-13 11:01:00,11:01:00,471.4,478.8,471.4,477.95,19565
2026-04-13 11:02:00,11:02:00,478.0,478.0,470.65,472.0,2860
2026-04-13 11:03:00,11:03:00,471.15,477.0,471.15,475.65,650
2026-04-13 11:04:00,11:04:00,474.0,477.15,474.0,476.1,975
2026-04-13 11:05:00,11:05:00,465.5,476.1,460.0,460.0,7020
2026-04-13 11:06:00,11:06:00,462.1,472.25,460.0,472.25,3640
2026-04-13 11:07:00,11:07:00,472.0,472.25,463.5,464.7,2405
2026-04-13 11:08:00,11:08:00,462.7,468.2,460.0,462.0,2730
2026-04-13 11:09:00,11:09:00,460.0,462.55,457.5,460.65,2340
2026-04-13 11:10:00,11:10:00,460.65,476.05,460.65,476.05,3055
2026-04-13 11:11:00,11:11:00,476.25,480.0,472.95,474.9,2990
2026-04-13 11:12:00,11:12:00,471.3,474.9,464.9,464.9,1755
2026-04-13 11:13:00,11:13:00,464.5,468.15,461.8,466.3,1690
2026-04-13 11:14:00,11:14:00,472.9,472.9,466.3,469.55,2795
2026-04-13 11:15:00,11:15:00,466.0,469.55,463.2,464.6,5005
2026-04-13 11:16:00,11:16:00,463.8,465.95,460.0,465.95,4030
2026-04-13 11:17:00,11:17:00,465.85,466.0,460.0,463.3,1430
2026-04-13 11:18:00,11:18:00,461.0,463.3,459.6,461.75,5200
2026-04-13 11:19:00,11:19:00,462.6,462.6,458.0,461.85,3315
2026-04-13 11:20:00,11:20:00,459.85,467.65,459.5,467.65,1820
2026-04-13 11:21:00,11:21:00,470.75,476.2,467.65,474.6,8645
2026-04-13 11:22:00,11:22:00,474.5,474.6,454.05,457.35,12545
2026-04-13 11:23:00,11:23:00,454.95,461.1,447.7,461.1,7280
2026-04-13 11:24:00,11:24:00,457.3,467.4,456.1,466.45,3380
2026-04-13 11:25:00,11:25:00,467.05,467.05,454.6,456.0,4225
2026-04-13 11:26:00,11:26:00,456.0,458.95,456.0,458.95,1300
2026-04-13 11:27:00,11:27:00,465.95,467.45,458.95,467.1,2600
2026-04-13 11:28:00,11:28:00,466.75,467.1,463.9,463.9,650
2026-04-13 11:29:00,11:29:00,468.0,473.8,463.9,470.1,10075
2026-04-13 11:30:00,11:30:00,470.0,470.35,463.0,464.8,1430
2026-04-13 11:31:00,11:31:00,462.1,474.0,462.1,472.9,5915
2026-04-13 11:32:00,11:32:00,478.0,478.0,469.0,475.85,11700
2026-04-13 11:33:00,11:33:00,475.55,478.0,473.3,478.0,975
2026-04-13 11:34:00,11:34:00,477.4,478.0,469.0,469.35,2730
2026-04-13 11:35:00,11:35:00,471.0,471.0,460.05,460.05,3510
2026-04-13 11:36:00,11:36:00,459.7,466.85,458.0,458.0,8060
2026-04-13 11:37:00,11:37:00,458.3,459.9,447.95,452.25,12090
2026-04-13 11:38:00,11:38:00,454.6,454.6,438.05,445.0,15405
2026-04-13 11:39:00,11:39:00,445.0,452.0,440.0,448.45,5590
2026-04-13 11:40:00,11:40:00,448.45,450.45,444.6,446.5,9880
2026-04-13 11:41:00,11:41:00,454.0,454.0,446.5,450.0,2730
2026-04-13 11:42:00,11:42:00,449.35,453.4,449.35,453.0,15535
2026-04-13 11:43:00,11:43:00,454.2,458.0,451.7,458.0,3575
2026-04-13 11:44:00,11:44:00,459.4,459.4,452.8,453.15,3835
2026-04-13 11:45:00,11:45:00,455.35,455.4,444.0,444.0,2145
2026-04-13 11:46:00,11:46:00,442.05,444.0,437.85,441.9,13065
2026-04-13 11:47:00,11:47:00,443.0,444.55,440.0,442.2,4160
2026-04-13 11:48:00,11:48:00,441.05,442.2,434.0,439.2,5590
2026-04-13 11:49:00,11:49:00,435.95,439.5,426.95,426.95,9230
2026-04-13 11:50:00,11:50:00,421.8,429.15,403.65,409.9,30225
2026-04-13 11:51:00,11:51:00,400.0,410.8,398.0,403.95,15340
2026-04-13 11:52:00,11:52:00,407.1,420.0,403.95,420.0,16835
2026-04-13 11:53:00,11:53:00,416.0,421.4,415.0,415.0,5460
2026-04-13 11:54:00,11:54:00,414.0,415.0,398.6,401.35,12155
2026-04-13 11:55:00,11:55:00,401.35,401.35,387.45,396.4,20670
2026-04-13 11:56:00,11:56:00,394.55,408.0,394.55,406.25,11765
2026-04-13 11:57:00,11:57:00,408.5,409.15,403.0,407.6,8255
2026-04-13 11:58:00,11:58:00,405.7,412.7,405.7,409.35,15730
2026-04-13 11:59:00,11:59:00,408.55,416.35,408.0,413.9,4615
2026-04-13 12:00:00,12:00:00,410.0,413.9,407.25,407.25,7605
2026-04-13 12:01:00,12:01:00,406.2,418.0,405.0,416.0,7865
2026-04-13 12:02:00,12:02:00,413.5,416.0,412.0,415.55,14625
2026-04-13 12:03:00,12:03:00,416.6,418.05,412.4,412.4,9295
2026-04-13 12:04:00,12:04:00,412.0,415.6,412.0,413.4,3965
2026-04-13 12:05:00,12:05:00,408.8,413.4,406.6,407.4,3250
2026-04-13 12:06:00,12:06:00,408.5,408.5,398.0,398.0,12415
2026-04-13 12:07:00,12:07:00,397.8,404.3,397.0,401.4,6305
2026-04-13 12:08:00,12:08:00,401.9,410.05,401.4,409.35,1950
2026-04-13 12:09:00,12:09:00,405.65,409.35,400.45,402.3,1105
2026-04-13 12:10:00,12:10:00,401.0,402.3,391.45,394.1,9360
2026-04-13 12:11:00,12:11:00,393.95,405.55,393.3,404.2,2535
2026-04-13 12:12:00,12:12:00,404.1,405.0,401.0,401.6,2145
2026-04-13 12:13:00,12:13:00,401.0,401.6,395.9,396.45,2015
2026-04-13 12:14:00,12:14:00,396.5,396.5,384.5,390.25,16380
2026-04-13 12:15:00,12:15:00,389.55,394.35,384.0,394.05,9880
2026-04-13 12:16:00,12:16:00,394.55,397.65,388.85,390.55,2730
2026-04-13 12:17:00,12:17:00,390.2,392.6,387.5,388.85,2990
2026-04-13 12:18:00,12:18:00,392.0,399.4,388.85,393.9,3315
2026-04-13 12:19:00,12:19:00,394.2,394.6,385.0,385.3,4225
2026-04-13 12:20:00,12:20:00,384.3,388.6,382.9,386.15,7930
2026-04-13 12:21:00,12:21:00,387.45,398.0,384.75,398.0,3510
2026-04-13 12:22:00,12:22:00,400.0,405.9,395.9,404.0,12220
2026-04-13 12:23:00,12:23:00,403.75,404.9,398.15,400.05,6565
2026-04-13 12:24:00,12:24:00,400.0,404.0,394.8,396.1,6045
2026-04-13 12:25:00,12:25:00,395.05,396.1,391.25,391.25,6565
2026-04-13 12:26:00,12:26:00,392.8,392.8,371.4,375.55,15275
2026-04-13 12:27:00,12:27:00,375.8,381.85,367.0,367.0,23400
2026-04-13 12:28:00,12:28:00,366.65,374.1,364.45,367.8,18200
2026-04-13 12:29:00,12:29:00,367.95,370.0,362.25,362.25,15210
2026-04-13 12:30:00,12:30:00,361.0,371.4,358.8,365.05,19500
2026-04-13 12:31:00,12:31:00,367.55,367.8,362.0,366.0,19435
2026-04-13 12:32:00,12:32:00,366.0,369.0,364.95,366.0,15860
2026-04-13 12:33:00,12:33:00,367.15,377.95,365.0,368.4,26910
2026-04-13 12:34:00,12:34:00,369.15,374.4,368.4,372.25,9815
2026-04-13 12:35:00,12:35:00,369.1,372.8,366.8,372.8,7475
2026-04-13 12:36:00,12:36:00,372.8,379.65,368.55,374.35,10660
2026-04-13 12:37:00,12:37:00,373.2,374.35,367.75,368.7,7800
2026-04-13 12:38:00,12:38:00,365.7,368.7,361.0,361.55,9555
2026-04-13 12:39:00,12:39:00,360.95,369.65,357.35,369.65,20540
2026-04-13 12:40:00,12:40:00,370.0,379.6,367.75,371.0,9685
2026-04-13 12:41:00,12:41:00,372.2,372.2,368.0,371.25,5525
2026-04-13 12:42:00,12:42:00,369.6,371.25,361.15,361.35,12805
2026-04-13 12:43:00,12:43:00,362.3,367.15,361.35,366.8,6565
2026-04-13 12:44:00,12:44:00,366.85,366.85,360.9,363.05,7540
2026-04-13 12:45:00,12:45:00,362.75,374.4,362.65,373.4,12545
2026-04-13 12:46:00,12:46:00,372.65,378.7,372.0,372.9,15925
2026-04-13 12:47:00,12:47:00,370.0,373.0,366.4,368.5,2470
2026-04-13 12:48:00,12:48:00,366.0,373.6,365.45,370.0,6435
2026-04-13 12:49:00,12:49:00,368.0,370.0,364.05,366.3,5850
2026-04-13 12:50:00,12:50:00,366.05,370.5,366.05,369.2,2275
2026-04-13 12:51:00,12:51:00,368.65,378.45,368.65,370.8,5070
2026-04-13 12:52:00,12:52:00,369.0,371.6,368.05,369.2,1625
2026-04-13 12:53:00,12:53:00,369.6,373.0,368.8,370.0,1430
2026-04-13 12:54:00,12:54:00,372.9,386.05,370.0,383.95,13910
2026-04-13 12:55:00,12:55:00,384.45,390.0,382.25,385.55,17550
2026-04-13 12:56:00,12:56:00,383.0,406.0,381.75,406.0,23595
2026-04-13 12:57:00,12:57:00,404.45,423.65,400.05,400.05,31395
2026-04-13 12:58:00,12:58:00,398.2,400.05,384.0,394.35,22360
2026-04-13 12:59:00,12:59:00,394.7,396.65,390.0,391.65,7735
2026-04-13 13:00:00,13:00:00,400.0,406.0,391.65,393.7,15340
2026-04-13 13:01:00,13:01:00,390.65,397.15,388.1,393.95,8970
2026-04-13 13:02:00,13:02:00,394.15,417.05,393.95,417.05,15665
2026-04-13 13:03:00,13:03:00,417.35,433.05,414.3,427.05,33540
2026-04-13 13:04:00,13:04:00,420.45,427.05,415.15,420.1,13520
2026-04-13 13:05:00,13:05:00,417.3,420.1,410.0,413.5,12415
2026-04-13 13:06:00,13:06:00,412.0,413.5,400.55,401.85,7280
2026-04-13 13:07:00,13:07:00,405.5,405.85,398.05,400.45,8190
2026-04-13 13:08:00,13:08:00,403.3,403.3,393.0,393.45,7995
2026-04-13 13:09:00,13:09:00,395.1,396.3,387.45,395.55,13650
2026-04-13 13:10:00,13:10:00,401.6,403.0,395.55,398.2,7345
2026-04-13 13:11:00,13:11:00,400.35,400.35,390.0,390.0,2665
2026-04-13 13:12:00,13:12:00,387.45,390.0,378.5,380.65,33020
2026-04-13 13:13:00,13:13:00,379.7,394.0,377.6,393.55,11375
2026-04-13 13:14:00,13:14:00,393.2,396.2,379.0,379.0,10205
2026-04-13 13:15:00,13:15:00,378.4,384.6,371.45,379.1,26715
2026-04-13 13:16:00,13:16:00,382.65,393.7,379.1,392.45,10400
2026-04-13 13:17:00,13:17:00,395.0,396.2,389.7,393.0,7930
2026-04-13 13:18:00,13:18:00,395.4,396.75,378.4,378.4,10465
2026-04-13 13:19:00,13:19:00,375.9,378.4,365.6,365.6,12025
2026-04-13 13:20:00,13:20:00,365.25,377.45,365.0,372.85,7735
2026-04-13 13:21:00,13:21:00,372.85,374.65,368.85,370.7,10270
2026-04-13 13:22:00,13:22:00,371.15,378.9,368.0,378.9,8515
2026-04-13 13:23:00,13:23:00,378.4,381.6,372.05,374.6,7475
2026-04-13 13:24:00,13:24:00,374.0,380.7,371.05,373.15,5655
2026-04-13 13:25:00,13:25:00,372.2,375.35,369.25,373.85,7020
2026-04-13 13:26:00,13:26:00,374.45,380.6,372.0,379.85,11505
2026-04-13 13:27:00,13:27:00,377.85,380.6,373.75,376.1,5395
2026-04-13 13:28:00,13:28:00,378.35,378.35,372.55,374.45,2210
2026-04-13 13:29:00,13:29:00,375.0,379.0,373.3,379.0,4810
2026-04-13 13:30:00,13:30:00,374.35,379.0,369.25,371.95,4355
2026-04-13 13:31:00,13:31:00,371.75,378.0,363.6,363.6,6305
2026-04-13 13:32:00,13:32:00,365.4,370.0,355.65,355.65,23530
2026-04-13 13:33:00,13:33:00,359.15,363.0,347.6,356.5,26390
2026-04-13 13:34:00,13:34:00,355.9,356.5,346.65,353.5,26000
2026-04-13 13:35:00,13:35:00,353.25,360.95,349.0,351.4,14950
2026-04-13 13:36:00,13:36:00,349.1,363.35,349.1,357.0,7995
2026-04-13 13:37:00,13:37:00,355.25,357.0,348.25,350.6,10075
2026-04-13 13:38:00,13:38:00,349.05,356.5,349.05,356.5,6890
2026-04-13 13:39:00,13:39:00,359.25,366.95,356.5,363.9,16835
2026-04-13 13:40:00,13:40:00,365.0,366.2,359.35,363.8,6110
2026-04-13 13:41:00,13:41:00,362.8,371.2,362.55,363.0,8645
2026-04-13 13:42:00,13:42:00,364.75,369.15,356.5,367.7,10400
2026-04-13 13:43:00,13:43:00,367.35,368.0,361.65,362.4,17355
2026-04-13 13:44:00,13:44:00,362.0,367.85,359.75,363.9,3445
2026-04-13 13:45:00,13:45:00,363.6,373.35,362.95,369.95,10530
2026-04-13 13:46:00,13:46:00,368.0,371.5,365.6,371.5,5525
2026-04-13 13:47:00,13:47:00,366.0,371.5,365.0,370.95,1690
2026-04-13 13:48:00,13:48:00,372.0,374.15,361.0,361.0,7735
2026-04-13 13:49:00,13:49:00,357.3,364.35,357.25,361.65,10530
2026-04-13 13:50:00,13:50:00,359.4,364.75,355.55,357.05,6760
2026-04-13 13:51:00,13:51:00,355.9,363.75,353.0,353.6,5005
2026-04-13 13:52:00,13:52:00,352.25,353.6,327.45,330.1,71825
2026-04-13 13:53:00,13:53:00,330.75,338.15,327.0,327.25,69030
2026-04-13 13:54:00,13:54:00,328.0,330.45,316.45,320.45,33995
2026-04-13 13:55:00,13:55:00,319.8,323.6,310.0,310.25,42900
2026-04-13 13:56:00,13:56:00,309.4,314.15,303.55,305.75,66560
2026-04-13 13:57:00,13:57:00,309.95,311.4,296.3,306.05,73125
2026-04-13 13:58:00,13:58:00,305.2,308.3,296.3,307.95,54535
2026-04-13 13:59:00,13:59:00,306.0,308.7,300.85,306.9,29380
2026-04-13 14:00:00,14:00:00,305.95,313.05,300.1,308.7,42835
2026-04-13 14:01:00,14:01:00,308.7,308.85,303.55,308.0,11700
2026-04-13 14:02:00,14:02:00,310.0,319.0,306.3,315.5,34190
2026-04-13 14:03:00,14:03:00,315.35,319.45,313.5,315.0,21125
2026-04-13 14:04:00,14:04:00,313.85,318.6,309.5,310.75,9425
2026-04-13 14:05:00,14:05:00,311.35,331.95,310.75,325.25,31005
2026-04-13 14:06:00,14:06:00,324.2,340.25,323.65,339.25,39195
2026-04-13 14:07:00,14:07:00,339.1,342.8,329.25,331.0,36790
2026-04-13 14:08:00,14:08:00,330.15,333.35,326.0,332.1,11635
2026-04-13 14:09:00,14:09:00,330.7,349.05,330.5,348.0,23790
2026-04-13 14:10:00,14:10:00,348.6,358.4,347.4,354.0,47905
2026-04-13 14:11:00,14:11:00,355.7,369.55,353.85,368.1,27040
2026-04-13 14:12:00,14:12:00,368.3,369.05,354.7,355.6,21970
2026-04-13 14:13:00,14:13:00,354.95,363.25,353.85,357.5,8580
2026-04-13 14:14:00,14:14:00,357.4,362.25,348.9,348.9,50635
2026-04-13 14:15:00,14:15:00,349.55,366.0,341.7,363.9,25935
2026-04-13 14:16:00,14:16:00,364.8,366.0,355.0,358.25,10530
2026-04-13 14:17:00,14:17:00,358.6,362.2,349.2,349.2,9165
2026-04-13 14:18:00,14:18:00,349.95,353.1,339.0,353.1,25805
2026-04-13 14:19:00,14:19:00,352.45,358.0,347.85,348.95,9425
2026-04-13 14:20:00,14:20:00,346.4,348.95,339.6,345.2,8255
2026-04-13 14:21:00,14:21:00,349.0,350.8,345.0,345.3,14235
2026-04-13 14:22:00,14:22:00,349.75,353.1,334.4,337.2,15340
2026-04-13 14:23:00,14:23:00,340.0,344.0,334.75,341.0,22295
2026-04-13 14:24:00,14:24:00,341.9,346.75,338.65,342.0,8580
2026-04-13 14:25:00,14:25:00,339.75,342.0,326.4,330.25,32890
2026-04-13 14:26:00,14:26:00,330.5,336.2,317.4,319.0,42055
2026-04-13 14:27:00,14:27:00,322.2,323.7,315.0,319.55,28015
2026-04-13 14:28:00,14:28:00,319.3,326.6,318.8,326.0,16705
2026-04-13 14:29:00,14:29:00,329.0,335.0,326.0,329.9,39975
2026-04-13 14:30:00,14:30:00,333.05,333.05,306.25,306.35,39195
2026-04-13 14:31:00,14:31:00,308.25,317.25,305.2,314.6,25025
2026-04-13 14:32:00,14:32:00,314.6,319.0,307.0,310.0,13910
2026-04-13 14:33:00,14:33:00,309.85,310.0,300.65,310.0,16055
2026-04-13 14:34:00,14:34:00,311.15,315.0,308.75,312.2,23530
2026-04-13 14:35:00,14:35:00,313.25,320.0,307.0,309.75,18980
2026-04-13 14:36:00,14:36:00,311.65,319.55,309.3,314.5,8385
2026-04-13 14:37:00,14:37:00,314.4,319.1,310.8,314.2,9035
2026-04-13 14:38:00,14:38:00,313.55,314.2,303.0,307.6,32110
2026-04-13 14:39:00,14:39:00,310.4,334.1,307.6,330.85,40105
2026-04-13 14:40:00,14:40:00,328.3,341.0,321.8,329.8,38610
2026-04-13 14:41:00,14:41:00,328.85,331.35,323.7,329.15,11960
2026-04-13 14:42:00,14:42:00,328.3,342.0,327.85,342.0,29120
2026-04-13 14:43:00,14:43:00,343.15,352.75,339.4,349.9,51220
2026-04-13 14:44:00,14:44:00,350.25,352.9,332.9,338.55,24895
2026-04-13 14:45:00,14:45:00,337.6,341.7,330.35,331.05,17550
2026-04-13 14:46:00,14:46:00,331.25,334.25,323.9,334.05,12480
2026-04-13 14:47:00,14:47:00,332.8,339.9,330.0,330.9,24960
2026-04-13 14:48:00,14:48:00,334.3,334.3,314.1,314.5,32825
2026-04-13 14:49:00,14:49:00,313.0,318.95,310.0,311.7,48295
2026-04-13 14:50:00,14:50:00,312.8,322.0,311.7,315.4,31850
2026-04-13 14:51:00,14:51:00,315.35,315.4,307.75,313.1,12740
2026-04-13 14:52:00,14:52:00,312.1,313.1,304.05,312.95,27950
2026-04-13 14:53:00,14:53:00,311.55,319.0,309.6,311.0,25870
2026-04-13 14:54:00,14:54:00,313.95,320.0,306.8,306.8,31460
2026-04-13 14:55:00,14:55:00,302.9,310.25,300.35,306.35,42445
2026-04-13 14:56:00,14:56:00,308.0,313.9,306.0,309.2,20280
2026-04-13 14:57:00,14:57:00,312.0,313.8,307.15,307.45,14755
2026-04-13 14:58:00,14:58:00,307.0,312.0,301.35,302.0,26455
2026-04-13 14:59:00,14:59:00,304.05,317.0,300.9,315.5,32110
2026-04-13 15:00:00,15:00:00,317.0,362.7,315.5,361.5,102635
2026-04-13 15:01:00,15:01:00,362.1,371.6,352.1,356.3,92820
2026-04-13 15:02:00,15:02:00,358.45,358.45,336.15,338.4,38220
2026-04-13 15:03:00,15:03:00,336.0,346.25,325.7,344.9,39130
2026-04-13 15:04:00,15:04:00,343.5,356.0,338.85,356.0,33345
2026-04-13 15:05:00,15:05:00,357.95,361.4,350.15,354.25,38935
2026-04-13 15:06:00,15:06:00,352.75,354.25,345.4,348.55,36855
2026-04-13 15:07:00,15:07:00,346.1,362.3,346.1,361.0,25740
2026-04-13 15:08:00,15:08:00,361.6,372.65,357.7,370.45,47060
2026-04-13 15:09:00,15:09:00,370.8,370.8,362.8,367.0,30745
2026-04-13 15:10:00,15:10:00,369.15,374.85,367.0,368.5,17810
2026-04-13 15:11:00,15:11:00,365.15,368.5,361.45,361.45,15730
2026-04-13 15:12:00,15:12:00,360.0,363.0,354.5,363.0,11830
2026-04-13 15:13:00,15:13:00,362.6,368.05,362.6,365.8,14885
2026-04-13 15:14:00,15:14:00,365.55,365.85,360.0,361.55,5720
2026-04-13 15:15:00,15:15:00,362.2,366.0,361.55,363.1,4485
2026-04-13 15:16:00,15:16:00,362.3,363.75,360.75,363.75,3835
2026-04-13 15:17:00,15:17:00,362.0,364.15,360.5,361.6,5915
2026-04-13 15:18:00,15:18:00,360.1,363.0,360.1,362.35,4485
2026-04-13 15:19:00,15:19:00,362.6,362.7,358.7,362.7,16900
2026-04-13 15:20:00,15:20:00,363.75,364.35,361.7,361.7,11635
2026-04-13 15:21:00,15:21:00,361.7,361.75,361.1,361.1,3055
2026-04-13 15:22:00,15:22:00,361.5,361.5,359.4,361.0,6435
2026-04-13 15:23:00,15:23:00,361.1,362.1,361.0,361.35,3380
2026-04-13 15:24:00,15:24:00,361.1,361.35,358.6,359.5,19370
2026-04-13 15:25:00,15:25:00,359.85,361.0,358.1,358.5,10270
2026-04-13 15:26:00,15:26:00,359.0,359.0,357.9,358.0,3185
2026-04-13 15:27:00,15:27:00,358.0,358.55,356.65,356.65,11115
2026-04-13 15:28:00,15:28:00,356.25,357.0,356.25,357.0,3445
2026-04-13 15:29:00,15:29:00,357.9,357.9,356.3,356.75,9945
2026-04-15 09:15:00,09:15:00,221.3,278.15,185.3,195.05,1819025
2026-04-15 09:16:00,09:16:00,197.85,208.55,195.05,195.55,1309230
2026-04-15 09:17:00,09:17:00,199.0,203.5,195.3,200.1,811460
2026-04-15 09:18:00,09:18:00,200.15,201.45,191.7,196.05,821340
2026-04-15 09:19:00,09:19:00,195.9,197.75,194.0,195.7,565630
2026-04-15 09:20:00,09:20:00,196.1,196.6,191.5,194.9,545675
2026-04-15 09:21:00,09:21:00,195.1,203.9,193.4,202.75,872820
2026-04-15 09:22:00,09:22:00,204.45,207.45,198.2,205.0,964080
2026-04-15 09:23:00,09:23:00,206.0,206.65,199.5,201.85,668200
2026-04-15 09:24:00,09:24:00,201.65,208.5,201.55,206.9,678405
2026-04-15 09:25:00,09:25:00,206.75,209.75,204.25,204.85,915850
2026-04-15 09:26:00,09:26:00,205.8,210.45,204.85,210.45,632125
2026-04-15 09:27:00,09:27:00,210.1,221.85,208.35,221.0,1514435
2026-04-15 09:28:00,09:28:00,221.55,225.0,217.45,221.35,1261520
2026-04-15 09:29:00,09:29:00,222.2,224.65,219.1,221.65,660140
2026-04-15 09:30:00,09:30:00,220.3,231.1,219.35,228.8,1216995
2026-04-15 09:31:00,09:31:00,228.75,232.75,227.45,228.7,868855
2026-04-15 09:32:00,09:32:00,228.4,234.45,227.65,228.15,758290
2026-04-15 09:33:00,09:33:00,227.0,236.3,225.85,234.0,856765
2026-04-15 09:34:00,09:34:00,233.55,240.5,232.7,237.3,876135
2026-04-15 09:35:00,09:35:00,238.9,239.8,234.6,237.75,542750
2026-04-15 09:36:00,09:36:00,237.15,240.0,232.05,238.65,650325
2026-04-15 09:37:00,09:37:00,236.75,239.2,235.0,237.5,399165
2026-04-15 09:38:00,09:38:00,237.4,255.5,236.55,255.5,1354730
2026-04-15 09:39:00,09:39:00,255.25,257.1,249.15,252.8,1011335
2026-04-15 09:40:00,09:40:00,251.45,253.8,239.7,240.65,857285
2026-04-15 09:41:00,09:41:00,241.25,241.8,235.6,237.3,508300
2026-04-15 09:42:00,09:42:00,235.9,237.3,230.6,230.9,692445
2026-04-15 09:43:00,09:43:00,229.25,231.0,219.7,220.0,897000
2026-04-15 09:44:00,09:44:00,218.2,220.35,215.95,220.35,783445
2026-04-15 09:45:00,09:45:00,219.5,220.35,210.55,211.1,965185
2026-04-15 09:46:00,09:46:00,210.35,214.5,209.5,211.9,601185
2026-04-15 09:47:00,09:47:00,211.2,215.75,210.1,214.1,440050
2026-04-15 09:48:00,09:48:00,214.65,224.0,214.1,221.85,1480115
2026-04-15 09:49:00,09:49:00,222.95,226.95,220.65,225.5,697320
2026-04-15 09:50:00,09:50:00,226.0,232.35,224.9,230.25,1059890
2026-04-15 09:51:00,09:51:00,229.55,230.25,222.45,225.65,632385
2026-04-15 09:52:00,09:52:00,225.05,225.65,217.05,218.45,524225
2026-04-15 09:53:00,09:53:00,218.15,221.15,217.15,218.2,273195
2026-04-15 09:54:00,09:54:00,217.5,219.35,214.0,219.35,442195
2026-04-15 09:55:00,09:55:00,219.1,219.35,210.5,211.0,482365
2026-04-15 09:56:00,09:56:00,212.55,216.05,211.0,213.75,291850
2026-04-15 09:57:00,09:57:00,213.8,215.75,209.95,212.05,402480
2026-04-15 09:58:00,09:58:00,211.65,219.5,211.65,217.45,504725
2026-04-15 09:59:00,09:59:00,217.65,218.4,213.05,213.7,335790
2026-04-15 10:00:00,10:00:00,213.95,213.95,209.3,211.15,503360
2026-04-15 10:01:00,10:01:00,212.45,214.2,205.7,214.2,605475
2026-04-15 10:02:00,10:02:00,214.6,217.7,213.0,214.9,506935
2026-04-15 10:03:00,10:03:00,215.2,215.2,210.4,210.95,287105
2026-04-15 10:04:00,10:04:00,210.25,211.4,206.8,207.35,344695
2026-04-15 10:05:00,10:05:00,206.3,207.35,203.65,206.45,618930
2026-04-15 10:06:00,10:06:00,205.65,206.85,201.2,202.25,451165
2026-04-15 10:07:00,10:07:00,201.7,202.25,197.65,201.15,706095
2026-04-15 10:08:00,10:08:00,200.75,205.5,200.35,203.6,414960
2026-04-15 10:09:00,10:09:00,204.35,204.7,199.6,201.45,339430
2026-04-15 10:10:00,10:10:00,201.9,202.3,196.65,197.6,403390
2026-04-15 10:11:00,10:11:00,197.6,200.05,196.1,197.65,359970
2026-04-15 10:12:00,10:12:00,197.45,197.65,193.1,197.0,557310
2026-04-15 10:13:00,10:13:00,197.75,199.55,196.1,198.0,269425
2026-04-15 10:14:00,10:14:00,198.65,198.85,196.8,197.3,220155
2026-04-15 10:15:00,10:15:00,195.6,197.35,192.45,195.75,338065
2026-04-15 10:16:00,10:16:00,195.6,197.25,194.25,194.4,220480
2026-04-15 10:17:00,10:17:00,194.85,196.55,194.4,195.95,166010
2026-04-15 10:18:00,10:18:00,195.95,196.65,192.3,193.3,261885
2026-04-15 10:19:00,10:19:00,193.4,193.4,190.35,191.8,356915
2026-04-15 10:20:00,10:20:00,191.65,191.8,187.5,188.25,483795
2026-04-15 10:21:00,10:21:00,188.35,192.95,188.25,192.95,318240
2026-04-15 10:22:00,10:22:00,192.6,195.65,191.7,192.05,473200
2026-04-15 10:23:00,10:23:00,192.5,193.0,186.8,188.35,380640
2026-04-15 10:24:00,10:24:00,188.1,191.75,187.5,191.7,219180
2026-04-15 10:25:00,10:25:00,191.65,194.25,190.65,191.95,299065
2026-04-15 10:26:00,10:26:00,191.4,193.0,190.4,192.55,365950
2026-04-15 10:27:00,10:27:00,192.7,192.9,189.55,189.85,162760
2026-04-15 10:28:00,10:28:00,190.1,192.75,189.85,192.2,140010
2026-04-15 10:29:00,10:29:00,192.35,193.75,191.0,191.15,181545
2026-04-15 10:30:00,10:30:00,191.1,191.65,186.45,188.25,502190
2026-04-15 10:31:00,10:31:00,188.55,191.75,188.25,191.1,192400
2026-04-15 10:32:00,10:32:00,191.75,192.5,189.65,190.5,218205
2026-04-15 10:33:00,10:33:00,190.45,192.0,190.1,190.3,110045
2026-04-15 10:34:00,10:34:00,190.85,194.5,189.05,192.4,263445
2026-04-15 10:35:00,10:35:00,192.0,194.0,191.2,193.45,249470
2026-04-15 10:36:00,10:36:00,193.65,197.55,192.2,197.55,440895
2026-04-15 10:37:00,10:37:00,197.4,197.85,193.55,193.55,533780
2026-04-15 10:38:00,10:38:00,194.6,194.9,191.5,194.0,218920
2026-04-15 10:39:00,10:39:00,193.55,197.7,193.5,196.4,352040
2026-04-15 10:40:00,10:40:00,196.85,196.85,193.7,194.9,293995
2026-04-15 10:41:00,10:41:00,195.1,197.7,194.0,196.5,283270
2026-04-15 10:42:00,10:42:00,196.3,197.35,195.2,195.75,239070
2026-04-15 10:43:00,10:43:00,195.5,197.7,195.2,197.7,185250
2026-04-15 10:44:00,10:44:00,197.9,200.7,197.15,198.45,622830
2026-04-15 10:45:00,10:45:00,198.45,198.6,194.5,197.55,341120
2026-04-15 10:46:00,10:46:00,197.7,198.3,195.15,197.45,152815
2026-04-15 10:47:00,10:47:00,197.2,197.85,194.85,195.45,191490
2026-04-15 10:48:00,10:48:00,196.55,197.0,192.0,195.35,330980
2026-04-15 10:49:00,10:49:00,195.05,196.45,193.95,196.45,170755
2026-04-15 10:50:00,10:50:00,197.0,204.0,195.5,203.2,867165
2026-04-15 10:51:00,10:51:00,202.9,205.6,201.0,204.95,844285
2026-04-15 10:52:00,10:52:00,204.75,208.2,204.25,208.15,631345
2026-04-15 10:53:00,10:53:00,208.6,217.0,208.15,216.0,1271270
2026-04-15 10:54:00,10:54:00,216.55,216.65,207.1,209.9,915395
2026-04-15 10:55:00,10:55:00,210.5,210.7,205.05,208.4,407225
2026-04-15 10:56:00,10:56:00,209.35,211.6,208.0,209.45,396435
2026-04-15 10:57:00,10:57:00,209.15,210.4,205.3,205.95,364975
2026-04-15 10:58:00,10:58:00,205.05,211.5,205.0,210.5,391820
2026-04-15 10:59:00,10:59:00,210.2,211.95,209.0,211.95,306085
2026-04-15 11:00:00,11:00:00,211.9,218.25,211.6,215.05,1056120
2026-04-15 11:01:00,11:01:00,215.5,216.45,210.8,213.3,581360
2026-04-15 11:02:00,11:02:00,211.95,213.3,208.65,211.2,303745
2026-04-15 11:03:00,11:03:00,211.95,215.65,211.2,212.65,409370
2026-04-15 11:04:00,11:04:00,213.05,214.05,211.25,213.1,212810
2026-04-15 11:05:00,11:05:00,213.2,217.0,212.3,216.25,325520
2026-04-15 11:06:00,11:06:00,217.0,219.9,216.25,218.85,830830
2026-04-15 11:07:00,11:07:00,219.0,224.75,218.8,223.1,874900
2026-04-15 11:08:00,11:08:00,222.25,223.1,219.2,220.65,506480
2026-04-15 11:09:00,11:09:00,220.6,228.6,220.6,227.6,780195
2026-04-15 11:10:00,11:10:00,227.0,234.0,225.0,232.05,1105520
2026-04-15 11:11:00,11:11:00,233.7,233.7,226.3,228.35,884260
2026-04-15 11:12:00,11:12:00,228.15,230.65,224.7,229.4,440310
2026-04-15 11:13:00,11:13:00,229.0,231.0,227.25,229.6,296140
2026-04-15 11:14:00,11:14:00,230.0,230.95,226.65,230.75,350155
2026-04-15 11:15:00,11:15:00,231.85,237.3,228.95,229.0,905320
2026-04-15 11:16:00,11:16:00,227.1,230.0,225.6,226.95,442000
2026-04-15 11:17:00,11:17:00,226.45,226.95,221.1,224.25,628810
2026-04-15 11:18:00,11:18:00,223.95,226.25,218.9,226.25,547300
2026-04-15 11:19:00,11:19:00,226.15,232.25,225.1,230.5,566020
2026-04-15 11:20:00,11:20:00,230.35,230.65,225.55,227.7,359255
2026-04-15 11:21:00,11:21:00,226.7,228.9,225.6,225.6,190840
2026-04-15 11:22:00,11:22:00,225.7,227.25,223.3,226.05,331435
2026-04-15 11:23:00,11:23:00,226.05,228.5,223.8,228.5,247195
2026-04-15 11:24:00,11:24:00,228.65,229.0,223.0,223.0,238160
2026-04-15 11:25:00,11:25:00,223.35,228.2,223.0,226.65,252915
2026-04-15 11:26:00,11:26:00,226.6,232.0,225.2,231.5,570635
2026-04-15 11:27:00,11:27:00,231.85,231.85,224.9,224.9,371410
2026-04-15 11:28:00,11:28:00,225.1,230.0,224.3,228.8,249340
2026-04-15 11:29:00,11:29:00,228.1,229.5,225.25,228.1,138060
2026-04-15 11:30:00,11:30:00,228.0,228.95,224.25,226.7,279760
2026-04-15 11:31:00,11:31:00,227.0,228.85,226.0,226.3,180180
2026-04-15 11:32:00,11:32:00,226.15,229.05,225.7,228.25,143195
2026-04-15 11:33:00,11:33:00,227.85,228.85,226.0,228.25,147680
2026-04-15 11:34:00,11:34:00,228.15,228.25,224.4,227.7,146445
2026-04-15 11:35:00,11:35:00,227.35,227.7,221.25,221.25,296530
2026-04-15 11:36:00,11:36:00,221.9,224.25,220.9,222.1,223860
2026-04-15 11:37:00,11:37:00,222.1,223.15,220.35,223.1,254995
2026-04-15 11:38:00,11:38:00,223.5,224.0,222.1,223.85,130390
2026-04-15 11:39:00,11:39:00,224.15,224.25,221.25,221.95,140530
2026-04-15 11:40:00,11:40:00,221.25,224.65,219.9,222.0,361530
2026-04-15 11:41:00,11:41:00,221.3,222.0,216.7,219.55,436150
2026-04-15 11:42:00,11:42:00,219.85,221.0,216.2,216.2,248690
2026-04-15 11:43:00,11:43:00,215.05,216.25,213.5,214.5,353080
2026-04-15 11:44:00,11:44:00,214.3,216.75,212.1,212.3,563940
2026-04-15 11:45:00,11:45:00,212.3,219.0,210.55,216.9,558090
2026-04-15 11:46:00,11:46:00,216.65,218.4,215.3,217.0,226720
2026-04-15 11:47:00,11:47:00,216.75,218.9,213.15,213.4,185510
2026-04-15 11:48:00,11:48:00,212.75,213.4,206.6,206.9,404430
2026-04-15 11:49:00,11:49:00,206.2,206.9,203.6,204.65,552500
2026-04-15 11:50:00,11:50:00,204.45,206.55,203.1,205.35,206570
2026-04-15 11:51:00,11:51:00,205.35,205.75,201.65,204.95,239135
2026-04-15 11:52:00,11:52:00,205.0,207.0,204.95,206.9,178035
2026-04-15 11:53:00,11:53:00,207.0,208.0,206.0,206.95,201955
2026-04-15 11:54:00,11:54:00,206.95,206.95,203.1,204.4,223925
2026-04-15 11:55:00,11:55:00,204.15,206.5,203.5,204.35,161005
2026-04-15 11:56:00,11:56:00,204.05,206.15,202.65,205.65,220350
2026-04-15 11:57:00,11:57:00,205.65,206.75,204.5,206.75,122915
2026-04-15 11:58:00,11:58:00,206.75,208.0,205.0,207.35,246350
2026-04-15 11:59:00,11:59:00,207.25,207.75,205.05,206.1,150280
2026-04-15 12:00:00,12:00:00,205.4,206.1,200.6,201.55,400400
2026-04-15 12:01:00,12:01:00,201.55,204.9,201.0,202.9,162045
2026-04-15 12:02:00,12:02:00,203.65,205.1,201.75,202.6,167115
2026-04-15 12:03:00,12:03:00,202.45,204.4,200.85,201.6,158145
2026-04-15 12:04:00,12:04:00,201.9,202.5,198.15,200.75,351390
2026-04-15 12:05:00,12:05:00,200.85,203.8,200.35,203.25,163670
2026-04-15 12:06:00,12:06:00,203.25,204.5,200.5,202.75,159575
2026-04-15 12:07:00,12:07:00,203.1,203.9,202.5,203.25,109200
2026-04-15 12:08:00,12:08:00,203.25,204.5,202.25,202.75,112970
2026-04-15 12:09:00,12:09:00,202.7,203.7,201.05,203.6,86320
2026-04-15 12:10:00,12:10:00,203.35,203.6,200.5,201.05,123500
2026-04-15 12:11:00,12:11:00,201.5,201.5,200.15,201.25,89960
2026-04-15 12:12:00,12:12:00,201.25,202.55,199.4,200.8,200070
2026-04-15 12:13:00,12:13:00,200.5,204.0,200.3,203.45,160420
2026-04-15 12:14:00,12:14:00,203.35,203.6,200.9,202.75,74425
2026-04-15 12:15:00,12:15:00,202.3,202.75,200.1,201.2,93210
2026-04-15 12:16:00,12:16:00,201.15,202.45,200.0,200.2,107380
2026-04-15 12:17:00,12:17:00,200.0,205.75,200.0,205.55,335920
2026-04-15 12:18:00,12:18:00,206.0,209.1,205.55,207.0,600665
2026-04-15 12:19:00,12:19:00,207.45,209.5,205.4,207.9,299650
2026-04-15 12:20:00,12:20:00,208.85,210.0,205.6,210.0,321230
2026-04-15 12:21:00,12:21:00,209.55,217.35,209.15,216.15,917345
2026-04-15 12:22:00,12:22:00,215.9,219.45,215.85,215.85,784810
2026-04-15 12:23:00,12:23:00,215.0,216.0,212.15,212.75,409045
2026-04-15 12:24:00,12:24:00,213.0,213.0,206.2,208.1,616850
2026-04-15 12:25:00,12:25:00,208.2,209.4,205.0,206.35,307710
2026-04-15 12:26:00,12:26:00,207.6,208.15,203.35,203.45,339755
2026-04-15 12:27:00,12:27:00,203.2,203.6,199.55,203.1,506480
2026-04-15 12:28:00,12:28:00,203.6,207.75,203.1,205.1,315770
2026-04-15 12:29:00,12:29:00,205.2,208.45,205.0,207.6,155545
2026-04-15 12:30:00,12:30:00,207.5,209.8,206.95,209.1,325260
2026-04-15 12:31:00,12:31:00,208.0,212.0,206.95,210.95,317720
2026-04-15 12:32:00,12:32:00,210.1,212.55,208.1,210.7,251485
2026-04-15 12:33:00,12:33:00,211.3,211.5,208.4,210.45,206765
2026-04-15 12:34:00,12:34:00,211.25,212.2,207.55,208.0,230555
2026-04-15 12:35:00,12:35:00,208.1,209.65,203.85,203.85,319540
2026-04-15 12:36:00,12:36:00,203.65,205.6,202.15,202.15,346255
2026-04-15 12:37:00,12:37:00,203.4,204.7,202.15,203.05,143325
2026-04-15 12:38:00,12:38:00,203.95,204.0,200.6,201.4,242710
2026-04-15 12:39:00,12:39:00,201.35,204.6,200.6,203.85,213005
2026-04-15 12:40:00,12:40:00,204.0,206.3,203.15,204.75,187070
2026-04-15 12:41:00,12:41:00,204.5,206.9,203.0,206.0,181415
2026-04-15 12:42:00,12:42:00,205.5,207.9,204.5,207.15,243555
2026-04-15 12:43:00,12:43:00,207.9,208.0,204.45,204.45,293150
2026-04-15 12:44:00,12:44:00,204.75,206.85,203.7,205.85,375700
2026-04-15 12:45:00,12:45:00,204.9,205.85,201.5,202.15,186940
2026-04-15 12:46:00,12:46:00,201.5,206.25,201.5,205.1,190710
2026-04-15 12:47:00,12:47:00,204.5,210.75,204.1,210.65,445835
2026-04-15 12:48:00,12:48:00,210.85,216.3,210.65,216.3,709020
2026-04-15 12:49:00,12:49:00,216.65,216.65,213.4,213.9,404040
2026-04-15 12:50:00,12:50:00,213.9,213.9,211.6,212.1,283725
2026-04-15 12:51:00,12:51:00,212.05,212.4,202.95,206.3,515515
2026-04-15 12:52:00,12:52:00,205.8,210.9,205.6,210.2,252850
2026-04-15 12:53:00,12:53:00,211.1,218.55,210.2,216.7,637520
2026-04-15 12:54:00,12:54:00,217.65,219.85,215.95,215.95,621920
2026-04-15 12:55:00,12:55:00,216.45,217.25,214.45,216.3,278720
2026-04-15 12:56:00,12:56:00,215.9,217.4,212.05,212.05,260845
2026-04-15 12:57:00,12:57:00,211.8,215.4,211.8,214.25,209560
2026-04-15 12:58:00,12:58:00,214.7,219.0,214.25,218.25,360295
2026-04-15 12:59:00,12:59:00,217.7,219.75,217.0,219.05,268840
2026-04-15 13:00:00,13:00:00,219.9,222.3,218.85,222.15,613015
2026-04-15 13:01:00,13:01:00,222.7,222.9,214.8,214.8,566540
2026-04-15 13:02:00,13:02:00,215.05,217.2,213.15,213.65,322205
2026-04-15 13:03:00,13:03:00,213.2,215.2,210.1,213.95,368290
2026-04-15 13:04:00,13:04:00,213.9,216.7,213.75,215.65,230295
2026-04-15 13:05:00,13:05:00,215.7,218.0,214.05,217.75,203385
2026-04-15 13:06:00,13:06:00,217.9,218.3,215.3,217.05,196690
2026-04-15 13:07:00,13:07:00,217.05,220.6,216.0,220.5,226070
2026-04-15 13:08:00,13:08:00,220.25,221.4,217.0,217.0,295100
2026-04-15 13:09:00,13:09:00,216.9,217.0,213.0,213.05,293995
2026-04-15 13:10:00,13:10:00,212.8,213.55,210.7,210.7,202475
2026-04-15 13:11:00,13:11:00,210.4,212.45,206.7,206.7,354640
2026-04-15 13:12:00,13:12:00,206.65,209.0,202.1,206.25,560625
2026-04-15 13:13:00,13:13:00,206.1,210.0,205.0,207.2,276380
2026-04-15 13:14:00,13:14:00,207.2,208.5,204.5,205.1,168805
2026-04-15 13:15:00,13:15:00,205.25,209.75,205.05,206.35,191425
2026-04-15 13:16:00,13:16:00,206.0,207.15,202.95,204.95,226850
2026-04-15 13:17:00,13:17:00,204.5,206.85,203.4,204.25,181935
2026-04-15 13:18:00,13:18:00,204.0,204.75,202.4,203.4,205855
2026-04-15 13:19:00,13:19:00,203.45,204.5,201.05,201.85,311480
2026-04-15 13:20:00,13:20:00,201.85,203.25,200.55,203.0,252980
2026-04-15 13:21:00,13:21:00,202.9,207.45,202.45,206.5,306215
2026-04-15 13:22:00,13:22:00,207.25,212.0,206.5,210.25,775645
2026-04-15 13:23:00,13:23:00,211.0,215.15,209.8,215.0,658385
2026-04-15 13:24:00,13:24:00,215.3,225.1,215.0,224.0,1479140
2026-04-15 13:25:00,13:25:00,224.1,225.15,220.5,222.6,798005
2026-04-15 13:26:00,13:26:00,222.95,224.7,220.35,220.35,461695
2026-04-15 13:27:00,13:27:00,220.35,222.3,218.15,222.05,410475
2026-04-15 13:28:00,13:28:00,221.5,224.8,220.55,223.65,284310
2026-04-15 13:29:00,13:29:00,223.7,225.75,222.3,223.45,418990
2026-04-15 13:30:00,13:30:00,224.2,227.85,223.45,224.05,660400
2026-04-15 13:31:00,13:31:00,224.3,224.35,219.25,220.05,482755
2026-04-15 13:32:00,13:32:00,220.65,220.9,211.45,211.75,835185
2026-04-15 13:33:00,13:33:00,211.15,211.75,206.9,208.35,690560
2026-04-15 13:34:00,13:34:00,208.55,213.45,207.1,212.35,413790
2026-04-15 13:35:00,13:35:00,213.1,214.45,205.75,205.75,471380
2026-04-15 13:36:00,13:36:00,205.6,207.7,204.95,207.4,316225
2026-04-15 13:37:00,13:37:00,207.15,210.0,207.15,209.7,232180
2026-04-15 13:38:00,13:38:00,210.25,212.7,209.7,212.7,253825
2026-04-15 13:39:00,13:39:00,212.85,225.0,212.7,223.85,1291875
2026-04-15 13:40:00,13:40:00,223.95,226.2,218.55,218.85,626730
2026-04-15 13:41:00,13:41:00,219.4,219.45,214.35,214.45,403780
2026-04-15 13:42:00,13:42:00,213.4,214.15,210.0,211.6,372255
2026-04-15 13:43:00,13:43:00,211.7,213.25,209.7,210.6,216060
2026-04-15 13:44:00,13:44:00,210.95,211.6,208.85,210.55,258960
2026-04-15 13:45:00,13:45:00,209.85,211.8,207.5,209.8,404170
2026-04-15 13:46:00,13:46:00,210.5,212.8,209.4,212.7,198900
2026-04-15 13:47:00,13:47:00,212.45,214.7,211.4,213.8,333450
2026-04-15 13:48:00,13:48:00,213.0,214.8,212.1,214.3,218920
2026-04-15 13:49:00,13:49:00,214.3,216.15,212.0,212.0,344955
2026-04-15 13:50:00,13:50:00,211.5,213.65,210.75,211.5,193700
2026-04-15 13:51:00,13:51:00,211.1,213.15,210.0,212.85,128895
2026-04-15 13:52:00,13:52:00,212.35,217.0,212.2,215.9,348985
2026-04-15 13:53:00,13:53:00,215.9,218.9,215.4,215.75,367380
2026-04-15 13:54:00,13:54:00,215.2,218.0,213.0,217.0,282620
2026-04-15 13:55:00,13:55:00,217.25,217.65,212.2,212.2,245440
2026-04-15 13:56:00,13:56:00,212.25,212.25,206.65,207.55,452205
2026-04-15 13:57:00,13:57:00,207.8,209.35,206.65,208.95,210340
2026-04-15 13:58:00,13:58:00,209.15,209.9,205.5,208.45,301210
2026-04-15 13:59:00,13:59:00,208.25,209.3,204.55,205.55,370500
2026-04-15 14:00:00,14:00:00,205.65,206.5,203.65,205.1,447460
2026-04-15 14:01:00,14:01:00,205.5,206.45,203.8,204.6,212420
2026-04-15 14:02:00,14:02:00,204.45,204.6,201.85,203.55,465400
2026-04-15 14:03:00,14:03:00,203.75,204.35,199.4,200.55,758225
2026-04-15 14:04:00,14:04:00,200.25,204.05,199.25,202.5,340015
2026-04-15 14:05:00,14:05:00,201.55,203.5,201.2,202.85,176085
2026-04-15 14:06:00,14:06:00,202.6,203.0,200.0,200.8,156910
2026-04-15 14:07:00,14:07:00,201.3,201.3,198.7,200.75,308815
2026-04-15 14:08:00,14:08:00,200.45,201.45,198.7,200.6,365755
2026-04-15 14:09:00,14:09:00,200.2,201.9,199.5,201.25,220415
2026-04-15 14:10:00,14:10:00,201.0,205.0,200.75,204.45,426400
2026-04-15 14:11:00,14:11:00,204.05,207.5,202.25,202.25,484640
2026-04-15 14:12:00,14:12:00,201.8,202.2,194.9,195.7,947570
2026-04-15 14:13:00,14:13:00,195.7,201.5,195.7,200.7,362245
2026-04-15 14:14:00,14:14:00,201.6,202.7,200.4,201.25,226265
2026-04-15 14:15:00,14:15:00,201.3,205.2,201.1,204.6,375765
2026-04-15 14:16:00,14:16:00,204.9,205.7,202.0,202.25,289055
2026-04-15 14:17:00,14:17:00,202.3,202.75,199.0,201.25,264875
2026-04-15 14:18:00,14:18:00,201.3,204.3,200.45,203.55,175630
2026-04-15 14:19:00,14:19:00,203.55,204.0,200.4,201.0,121615
2026-04-15 14:20:00,14:20:00,201.1,202.85,199.45,199.8,161395
2026-04-15 14:21:00,14:21:00,199.8,200.15,196.5,197.05,295035
2026-04-15 14:22:00,14:22:00,197.7,199.5,195.5,198.95,578305
2026-04-15 14:23:00,14:23:00,198.9,202.65,198.9,201.6,350740
2026-04-15 14:24:00,14:24:00,201.75,202.8,200.0,201.75,314145
2026-04-15 14:25:00,14:25:00,201.8,202.75,198.55,199.2,520000
2026-04-15 14:26:00,14:26:00,199.3,199.9,197.05,198.4,222560
2026-04-15 14:27:00,14:27:00,198.05,198.9,195.5,198.9,284830
2026-04-15 14:28:00,14:28:00,198.9,200.0,197.6,197.9,169585
2026-04-15 14:29:00,14:29:00,197.6,198.7,195.15,195.85,159445
2026-04-15 14:30:00,14:30:00,195.05,195.85,191.05,194.35,691600
2026-04-15 14:31:00,14:31:00,194.95,195.5,192.5,193.95,214890
2026-04-15 14:32:00,14:32:00,194.15,201.05,193.6,198.8,461565
2026-04-15 14:33:00,14:33:00,199.3,200.15,197.0,198.9,297570
2026-04-15 14:34:00,14:34:00,198.55,198.9,196.2,197.35,210145
2026-04-15 14:35:00,14:35:00,197.25,201.1,197.25,199.9,287495
2026-04-15 14:36:00,14:36:00,199.45,201.45,198.55,200.9,160875
2026-04-15 14:37:00,14:37:00,201.3,204.75,200.55,203.4,598650
2026-04-15 14:38:00,14:38:00,203.0,205.3,202.05,205.3,370370
2026-04-15 14:39:00,14:39:00,205.15,205.5,203.15,203.2,308230
2026-04-15 14:40:00,14:40:00,203.3,204.0,201.5,201.95,269295
2026-04-15 14:41:00,14:41:00,202.05,204.5,201.75,203.0,183235
2026-04-15 14:42:00,14:42:00,203.4,204.0,200.0,200.0,260975
2026-04-15 14:43:00,14:43:00,200.05,201.75,199.15,201.75,261820
2026-04-15 14:44:00,14:44:00,201.25,204.0,200.9,203.6,221390
2026-04-15 14:45:00,14:45:00,203.15,205.4,201.4,204.6,394485
2026-04-15 14:46:00,14:46:00,204.4,205.0,203.15,204.0,193570
2026-04-15 14:47:00,14:47:00,203.9,204.5,199.6,200.6,252330
2026-04-15 14:48:00,14:48:00,200.2,203.35,199.8,202.0,183170
2026-04-15 14:49:00,14:49:00,202.6,202.6,197.55,198.45,300430
2026-04-15 14:50:00,14:50:00,198.55,202.25,198.45,200.9,257270
2026-04-15 14:51:00,14:51:00,200.8,201.2,194.15,194.8,596830
2026-04-15 14:52:00,14:52:00,194.55,195.5,191.25,192.3,422045
2026-04-15 14:53:00,14:53:00,192.6,195.0,191.4,194.55,361465
2026-04-15 14:54:00,14:54:00,195.4,195.95,194.0,194.15,302835
2026-04-15 14:55:00,14:55:00,194.8,196.55,194.15,194.9,337480
2026-04-15 14:56:00,14:56:00,195.25,197.2,193.65,193.65,352170
2026-04-15 14:57:00,14:57:00,194.2,195.95,193.0,194.1,213200
2026-04-15 14:58:00,14:58:00,193.95,194.65,192.3,192.3,246675
2026-04-15 14:59:00,14:59:00,191.35,192.3,188.75,190.8,626925
2026-04-15 15:00:00,15:00:00,189.55,201.5,189.55,198.45,1133860
2026-04-15 15:01:00,15:01:00,199.1,202.35,198.4,200.6,707850
2026-04-15 15:02:00,15:02:00,200.35,201.75,197.85,200.5,360620
2026-04-15 15:03:00,15:03:00,199.5,201.3,198.35,200.0,218530
2026-04-15 15:04:00,15:04:00,200.0,201.5,197.95,197.95,231400
2026-04-15 15:05:00,15:05:00,198.1,201.1,197.5,201.1,280150
2026-04-15 15:06:00,15:06:00,200.9,202.0,200.4,201.85,432510
2026-04-15 15:07:00,15:07:00,202.0,210.1,201.85,208.35,979355
2026-04-15 15:08:00,15:08:00,207.95,212.0,206.5,210.7,668850
2026-04-15 15:09:00,15:09:00,210.9,213.8,208.95,210.8,795405
2026-04-15 15:10:00,15:10:00,210.7,213.65,208.9,210.3,467740
2026-04-15 15:11:00,15:11:00,210.1,213.0,210.1,212.05,298350
2026-04-15 15:12:00,15:12:00,212.45,212.7,209.1,210.4,375700
2026-04-15 15:13:00,15:13:00,210.95,211.1,207.0,209.0,315185
2026-04-15 15:14:00,15:14:00,209.55,211.0,207.25,211.0,255320
2026-04-15 15:15:00,15:15:00,210.9,213.65,207.95,208.55,642005
2026-04-15 15:16:00,15:16:00,208.5,211.4,207.9,210.6,281060
2026-04-15 15:17:00,15:17:00,210.7,211.5,208.6,209.85,329810
2026-04-15 15:18:00,15:18:00,209.85,210.4,208.3,209.35,215215
2026-04-15 15:19:00,15:19:00,209.5,213.0,209.3,212.4,373815
2026-04-15 15:20:00,15:20:00,212.55,212.55,210.1,210.9,328185
2026-04-15 15:21:00,15:21:00,211.0,212.4,210.9,212.0,172250
2026-04-15 15:22:00,15:22:00,211.8,212.45,211.25,212.0,201500
2026-04-15 15:23:00,15:23:00,211.8,213.55,211.25,213.5,196495
2026-04-15 15:24:00,15:24:00,213.4,214.0,212.7,213.35,309985
2026-04-15 15:25:00,15:25:00,214.0,215.0,212.45,214.85,435435
2026-04-15 15:26:00,15:26:00,214.8,215.5,214.0,215.05,337415
2026-04-15 15:27:00,15:27:00,215.1,215.35,214.55,214.85,230295
2026-04-15 15:28:00,15:28:00,214.4,215.9,214.1,215.9,395655
2026-04-15 15:29:00,15:29:00,215.95,217.5,215.0,216.55,509535
2026-04-16 09:15:00,09:15:00,144.0,178.0,130.5,142.6,1129765
2026-04-16 09:16:00,09:16:00,142.75,146.8,140.0,142.25,667485
2026-04-16 09:17:00,09:17:00,142.35,142.35,134.2,134.4,544050
2026-04-16 09:18:00,09:18:00,120.1,120.75,115.8,115.8,151385
2026-04-16 09:19:00,09:19:00,131.9,132.0,126.3,126.3,478335
2026-04-16 09:20:00,09:20:00,127.1,128.6,123.8,127.65,521235
2026-04-16 09:21:00,09:21:00,127.7,128.45,126.05,126.7,239460
2026-04-16 09:22:00,09:22:00,127.0,129.15,125.1,125.1,231530
2026-04-16 09:23:00,09:23:00,126.0,128.1,123.8,125.2,319540
2026-04-16 09:24:00,09:24:00,125.0,128.95,120.7,122.05,474045
2026-04-16 09:25:00,09:25:00,121.7,122.05,117.15,120.05,622700
2026-04-16 09:26:00,09:26:00,121.0,122.0,118.8,120.25,221780
2026-04-16 09:27:00,09:27:00,120.6,121.55,117.1,120.9,189670
2026-04-16 09:28:00,09:28:00,121.95,123.8,119.35,119.35,210080
2026-04-16 09:29:00,09:29:00,119.55,122.95,117.7,121.9,134355
2026-04-16 09:30:00,09:30:00,121.75,122.35,119.2,120.95,121030
2026-04-16 09:31:00,09:31:00,121.5,126.35,120.65,125.6,242970
2026-04-16 09:32:00,09:32:00,126.05,131.1,125.2,131.1,423020
2026-04-16 09:33:00,09:33:00,131.7,132.8,129.75,130.7,408915
2026-04-16 09:34:00,09:34:00,130.75,133.3,130.55,130.85,251485
2026-04-16 09:35:00,09:35:00,130.55,134.4,130.55,133.3,291980
2026-04-16 09:36:00,09:36:00,133.0,135.5,131.05,133.95,305695
2026-04-16 09:37:00,09:37:00,134.45,142.3,133.95,141.35,557245
2026-04-16 09:38:00,09:38:00,141.6,153.4,140.8,151.55,820950
2026-04-16 09:39:00,09:39:00,151.9,154.65,144.7,145.2,624000
2026-04-16 09:40:00,09:40:00,144.05,155.35,143.25,154.7,518440
2026-04-16 09:41:00,09:41:00,154.55,157.25,152.2,155.6,526370
2026-04-16 09:42:00,09:42:00,155.9,158.6,151.4,155.4,383760
2026-04-16 09:43:00,09:43:00,155.0,158.25,153.25,156.5,352170
2026-04-16 09:44:00,09:44:00,155.45,159.1,154.1,159.1,252070
2026-04-16 09:45:00,09:45:00,158.6,162.7,157.25,157.25,554710
2026-04-16 09:46:00,09:46:00,156.75,157.25,147.35,148.0,527345
2026-04-16 09:47:00,09:47:00,148.0,150.9,145.2,149.9,271765
2026-04-16 09:48:00,09:48:00,150.65,150.85,144.8,147.15,237770
2026-04-16 09:49:00,09:49:00,148.4,149.55,145.0,145.7,148720
2026-04-16 09:50:00,09:50:00,145.95,146.3,142.6,144.65,170885
2026-04-16 09:51:00,09:51:00,144.9,150.5,144.0,144.95,279240
2026-04-16 09:52:00,09:52:00,145.55,147.0,142.1,145.6,182715
2026-04-16 09:53:00,09:53:00,145.8,155.0,145.6,154.5,309530
2026-04-16 09:54:00,09:54:00,154.75,157.0,150.75,152.4,309010
2026-04-16 09:55:00,09:55:00,152.45,156.8,152.15,155.8,262600
2026-04-16 09:56:00,09:56:00,155.6,162.0,155.05,161.0,451425
2026-04-16 09:57:00,09:57:00,161.8,168.5,161.0,167.15,665275
2026-04-16 09:58:00,09:58:00,167.9,168.7,163.65,166.0,433745
2026-04-16 09:59:00,09:59:00,166.45,171.45,165.5,170.2,410150
2026-04-16 10:00:00,10:00:00,170.5,171.6,167.4,170.15,415350
2026-04-16 10:01:00,10:01:00,169.2,172.75,163.6,164.55,481715
2026-04-16 10:02:00,10:02:00,163.8,165.1,161.5,163.0,313755
2026-04-16 10:03:00,10:03:00,163.35,166.15,162.1,163.6,218140
2026-04-16 10:04:00,10:04:00,163.0,164.1,154.65,155.4,364260
2026-04-16 10:05:00,10:05:00,156.5,159.25,155.0,156.6,239005
2026-04-16 10:06:00,10:06:00,157.15,164.4,156.6,164.35,216645
2026-04-16 10:07:00,10:07:00,163.7,164.35,157.55,157.55,262145
2026-04-16 10:08:00,10:08:00,157.3,157.75,152.3,152.7,267995
2026-04-16 10:09:00,10:09:00,152.45,155.5,150.55,153.0,190840
2026-04-16 10:10:00,10:10:00,152.8,153.35,149.15,150.6,237900
2026-04-16 10:11:00,10:11:00,150.0,152.95,149.9,151.0,175435
2026-04-16 10:12:00,10:12:00,151.25,157.65,151.0,156.2,277810
2026-04-16 10:13:00,10:13:00,156.05,156.2,150.45,152.7,170820
2026-04-16 10:14:00,10:14:00,152.55,153.6,150.1,151.65,83720
2026-04-16 10:15:00,10:15:00,151.8,157.75,150.6,155.75,174460
2026-04-16 10:16:00,10:16:00,157.0,158.5,150.8,150.85,238680
2026-04-16 10:17:00,10:17:00,151.4,154.85,150.4,153.45,144105
2026-04-16 10:18:00,10:18:00,152.8,153.45,146.25,146.75,291135
2026-04-16 10:19:00,10:19:00,146.15,151.65,144.1,150.7,308360
2026-04-16 10:20:00,10:20:00,151.5,152.6,149.75,149.75,143585
2026-04-16 10:21:00,10:21:00,149.7,155.65,149.7,155.25,230555
2026-04-16 10:22:00,10:22:00,155.15,155.25,152.1,152.25,121160
2026-04-16 10:23:00,10:23:00,152.45,153.5,150.65,150.75,64870
2026-04-16 10:24:00,10:24:00,150.8,152.8,149.75,151.65,117650
2026-04-16 10:25:00,10:25:00,152.5,152.75,147.3,147.55,164970
2026-04-16 10:26:00,10:26:00,147.35,149.0,146.7,148.45,99580
2026-04-16 10:27:00,10:27:00,147.95,157.0,145.75,157.0,176410
2026-04-16 10:28:00,10:28:00,156.8,159.05,155.0,155.0,377845
2026-04-16 10:29:00,10:29:00,155.0,157.0,150.2,153.4,178295
2026-04-16 10:30:00,10:30:00,153.9,153.9,147.65,149.85,137865
2026-04-16 10:31:00,10:31:00,151.3,151.55,145.1,146.9,161980
2026-04-16 10:32:00,10:32:00,146.9,150.65,145.85,150.65,131430
2026-04-16 10:33:00,10:33:00,151.8,151.9,146.65,147.0,94770
2026-04-16 10:34:00,10:34:00,147.75,148.95,145.55,146.4,93730
2026-04-16 10:35:00,10:35:00,146.25,146.7,143.7,145.15,148655
2026-04-16 10:36:00,10:36:00,144.95,145.15,141.2,144.65,207675
2026-04-16 10:37:00,10:37:00,143.95,146.0,142.6,142.65,87230
2026-04-16 10:38:00,10:38:00,143.05,148.25,142.65,148.25,113945
2026-04-16 10:39:00,10:39:00,148.65,155.35,148.25,152.55,274040
2026-04-16 10:40:00,10:40:00,153.3,154.85,151.95,153.6,130845
2026-04-16 10:41:00,10:41:00,153.7,153.7,147.35,148.1,116610
2026-04-16 10:42:00,10:42:00,148.0,148.9,144.3,145.55,126685
2026-04-16 10:43:00,10:43:00,145.4,147.0,144.0,144.0,69550
2026-04-16 10:44:00,10:44:00,144.55,146.2,143.45,146.0,58110
2026-04-16 10:45:00,10:45:00,146.5,146.5,142.6,144.9,150930
2026-04-16 10:46:00,10:46:00,143.85,145.35,141.3,141.3,81640
2026-04-16 10:47:00,10:47:00,142.1,143.65,141.3,142.05,84370
2026-04-16 10:48:00,10:48:00,141.55,142.9,139.4,142.9,192270
2026-04-16 10:49:00,10:49:00,142.8,143.75,141.2,141.2,87685
2026-04-16 10:50:00,10:50:00,141.5,143.0,141.1,141.3,62660
2026-04-16 10:51:00,10:51:00,141.2,143.4,140.0,142.75,81900
2026-04-16 10:52:00,10:52:00,143.4,144.95,141.8,143.2,83395
2026-04-16 10:53:00,10:53:00,142.85,143.2,140.3,141.6,38155
2026-04-16 10:54:00,10:54:00,141.75,143.8,141.4,142.35,66560
2026-04-16 10:55:00,10:55:00,142.7,146.2,142.35,145.4,105430
2026-04-16 10:56:00,10:56:00,145.65,149.1,145.2,147.5,115505
2026-04-16 10:57:00,10:57:00,147.75,148.1,144.0,144.5,81835
2026-04-16 10:58:00,10:58:00,144.55,148.0,144.5,147.0,77935
2026-04-16 10:59:00,10:59:00,146.9,148.2,145.65,146.0,50505
2026-04-16 11:00:00,11:00:00,145.65,146.0,142.05,142.6,97500
2026-04-16 11:01:00,11:01:00,142.8,143.3,138.75,143.15,220220
2026-04-16 11:02:00,11:02:00,142.65,143.9,140.0,141.65,129220
2026-04-16 11:03:00,11:03:00,141.4,142.25,138.0,138.6,103870
2026-04-16 11:04:00,11:04:00,139.45,140.75,137.8,139.2,123890
2026-04-16 11:05:00,11:05:00,139.2,140.55,136.9,138.9,172835
2026-04-16 11:06:00,11:06:00,139.0,139.95,138.0,138.6,79105
2026-04-16 11:07:00,11:07:00,138.55,140.7,138.55,139.8,114400
2026-04-16 11:08:00,11:08:00,140.15,142.8,136.65,137.0,138125
2026-04-16 11:09:00,11:09:00,137.35,139.8,135.65,138.65,133965
2026-04-16 11:10:00,11:10:00,139.7,141.7,138.0,141.2,103870
2026-04-16 11:11:00,11:11:00,141.45,142.6,139.8,141.7,100490
2026-04-16 11:12:00,11:12:00,142.05,146.65,140.75,146.65,161590
2026-04-16 11:13:00,11:13:00,145.8,146.65,143.3,145.35,136175
2026-04-16 11:14:00,11:14:00,145.2,145.55,143.0,143.0,50960
2026-04-16 11:15:00,11:15:00,143.45,147.8,140.7,147.8,119210
2026-04-16 11:16:00,11:16:00,147.8,149.4,146.8,148.95,189995
2026-04-16 11:17:00,11:17:00,149.5,153.3,148.95,152.6,260780
2026-04-16 11:18:00,11:18:00,153.4,153.4,146.3,146.85,182975
2026-04-16 11:19:00,11:19:00,147.25,148.65,143.2,143.2,159185
2026-04-16 11:20:00,11:20:00,143.3,144.0,139.0,142.25,168415
2026-04-16 11:21:00,11:21:00,142.4,143.65,139.6,141.5,135395
2026-04-16 11:22:00,11:22:00,141.1,146.2,141.1,144.1,143520
2026-04-16 11:23:00,11:23:00,144.25,148.0,144.05,146.7,170625
2026-04-16 11:24:00,11:24:00,146.45,148.55,146.25,148.15,132275
2026-04-16 11:25:00,11:25:00,147.55,152.2,147.4,151.85,157430
2026-04-16 11:26:00,11:26:00,152.4,157.55,151.85,156.9,435305
2026-04-16 11:27:00,11:27:00,157.45,158.5,152.8,156.4,316355
2026-04-16 11:28:00,11:28:00,156.35,159.75,152.5,152.9,264745
2026-04-16 11:29:00,11:29:00,151.7,153.5,150.75,150.75,142155
2026-04-16 11:30:00,11:30:00,150.8,153.05,149.45,151.7,151060
2026-04-16 11:31:00,11:31:00,152.45,154.9,149.9,154.7,140660
2026-04-16 11:32:00,11:32:00,155.35,156.15,151.15,152.0,140400
2026-04-16 11:33:00,11:33:00,152.1,154.5,151.8,152.9,72670
2026-04-16 11:34:00,11:34:00,153.0,154.5,150.05,151.4,86775
2026-04-16 11:35:00,11:35:00,152.5,154.05,150.55,151.0,93535
2026-04-16 11:36:00,11:36:00,151.35,153.1,150.1,151.75,89245
2026-04-16 11:37:00,11:37:00,151.05,157.05,150.8,157.05,112840
2026-04-16 11:38:00,11:38:00,157.15,161.35,155.65,159.1,334685
2026-04-16 11:39:00,11:39:00,159.75,163.55,157.7,159.05,410735
2026-04-16 11:40:00,11:40:00,159.65,163.45,158.55,162.85,270790
2026-04-16 11:41:00,11:41:00,162.4,163.8,161.6,162.4,264030
2026-04-16 11:42:00,11:42:00,162.35,166.15,162.35,165.6,296205
2026-04-16 11:43:00,11:43:00,165.5,166.4,162.1,166.4,234910
2026-04-16 11:44:00,11:44:00,166.0,171.7,165.35,171.4,748735
2026-04-16 11:45:00,11:45:00,172.6,178.65,171.4,178.65,852670
2026-04-16 11:46:00,11:46:00,179.0,185.4,178.4,185.4,968045
2026-04-16 11:47:00,11:47:00,187.05,191.35,185.4,191.35,875290
2026-04-16 11:48:00,11:48:00,191.2,195.0,186.6,186.6,1014975
2026-04-16 11:49:00,11:49:00,185.0,186.6,178.45,180.25,783315
2026-04-16 11:50:00,11:50:00,182.7,190.5,180.25,189.3,624910
2026-04-16 11:51:00,11:51:00,189.1,191.25,188.05,189.7,668980
2026-04-16 11:52:00,11:52:00,189.45,189.7,184.25,186.05,420160
2026-04-16 11:53:00,11:53:00,186.0,187.1,182.2,183.75,256945
2026-04-16 11:54:00,11:54:00,184.35,184.55,180.0,182.55,351975
2026-04-16 11:55:00,11:55:00,182.75,186.0,182.5,185.85,239525
2026-04-16 11:56:00,11:56:00,185.75,191.6,185.75,190.5,394550
2026-04-16 11:57:00,11:57:00,191.05,201.95,190.5,201.95,915850
2026-04-16 11:58:00,11:58:00,201.5,203.7,197.05,199.2,1095315
2026-04-16 11:59:00,11:59:00,199.4,204.35,196.7,203.0,668850
2026-04-16 12:00:00,12:00:00,203.2,220.05,202.9,218.45,1829035
2026-04-16 12:01:00,12:01:00,219.75,227.45,213.2,226.8,1054105
2026-04-16 12:02:00,12:02:00,227.9,230.45,223.3,227.8,837525
2026-04-16 12:03:00,12:03:00,227.4,229.8,221.2,227.25,615745
2026-04-16 12:04:00,12:04:00,226.25,230.9,224.75,229.15,502840
2026-04-16 12:05:00,12:05:00,229.0,229.65,219.75,219.75,573690
2026-04-16 12:06:00,12:06:00,219.6,225.1,217.95,221.4,511225
2026-04-16 12:07:00,12:07:00,221.1,231.95,220.55,231.0,610220
2026-04-16 12:08:00,12:08:00,230.25,231.0,222.6,222.9,477425
2026-04-16 12:09:00,12:09:00,222.55,223.95,217.1,218.0,422695
2026-04-16 12:10:00,12:10:00,218.3,219.85,212.25,212.25,337545
2026-04-16 12:11:00,12:11:00,213.0,214.95,209.1,210.8,383305
2026-04-16 12:12:00,12:12:00,211.95,220.35,209.3,219.45,396955
2026-04-16 12:13:00,12:13:00,219.15,219.45,212.05,212.1,303550
2026-04-16 12:14:00,12:14:00,213.25,214.7,209.5,212.95,182845
2026-04-16 12:15:00,12:15:00,213.0,214.25,209.25,212.2,284505
2026-04-16 12:16:00,12:16:00,212.0,218.65,212.0,216.7,324415
2026-04-16 12:17:00,12:17:00,216.4,222.35,215.3,222.15,394485
2026-04-16 12:18:00,12:18:00,223.7,224.7,214.05,214.05,470210
2026-04-16 12:19:00,12:19:00,213.6,218.3,213.0,213.5,177970
2026-04-16 12:20:00,12:20:00,213.35,216.7,212.45,214.35,169065
2026-04-16 12:21:00,12:21:00,215.7,216.6,211.0,211.45,151840
2026-04-16 12:22:00,12:22:00,211.05,219.1,210.55,217.4,238160
2026-04-16 12:23:00,12:23:00,217.35,225.1,216.65,224.5,386555
2026-04-16 12:24:00,12:24:00,224.6,229.05,222.35,223.8,484835
2026-04-16 12:25:00,12:25:00,224.8,228.35,220.75,221.0,332085
2026-04-16 12:26:00,12:26:00,220.5,224.2,218.6,220.95,193115
2026-04-16 12:27:00,12:27:00,223.2,226.3,220.95,224.0,196430
2026-04-16 12:28:00,12:28:00,224.6,224.6,219.95,219.95,107705
2026-04-16 12:29:00,12:29:00,219.45,222.65,219.45,220.7,104130
2026-04-16 12:30:00,12:30:00,222.0,226.3,221.4,222.75,247585
2026-04-16 12:31:00,12:31:00,224.15,225.75,218.15,219.35,259220
2026-04-16 12:32:00,12:32:00,218.55,221.8,217.55,220.75,198965
2026-04-16 12:33:00,12:33:00,221.5,227.9,220.75,225.5,366145
2026-04-16 12:34:00,12:34:00,226.0,234.55,224.5,234.1,765440
2026-04-16 12:35:00,12:35:00,234.25,239.0,229.5,239.0,631995
2026-04-16 12:36:00,12:36:00,237.4,243.85,235.85,242.65,717340
2026-04-16 12:37:00,12:37:00,243.5,244.4,237.8,241.5,414570
2026-04-16 12:38:00,12:38:00,242.0,242.0,231.95,231.95,380445
2026-04-16 12:39:00,12:39:00,232.6,232.6,225.85,225.85,366600
2026-04-16 12:40:00,12:40:00,226.7,230.15,224.1,224.1,265915
2026-04-16 12:41:00,12:41:00,224.95,228.0,222.9,226.6,208130
2026-04-16 12:42:00,12:42:00,226.5,227.5,220.65,220.65,203450
2026-04-16 12:43:00,12:43:00,223.0,225.45,220.35,221.45,280735
2026-04-16 12:44:00,12:44:00,221.0,233.8,220.7,232.3,423995
2026-04-16 12:45:00,12:45:00,232.35,236.55,231.7,234.9,504855
2026-04-16 12:46:00,12:46:00,233.4,234.9,224.85,226.2,336050
2026-04-16 12:47:00,12:47:00,225.4,233.9,225.4,233.6,196560
2026-04-16 12:48:00,12:48:00,233.0,235.0,230.7,233.75,183170
2026-04-16 12:49:00,12:49:00,234.6,236.55,231.1,233.8,200655
2026-04-16 12:50:00,12:50:00,234.7,236.35,230.4,235.8,209300
2026-04-16 12:51:00,12:51:00,236.0,238.55,228.0,231.2,295880
2026-04-16 12:52:00,12:52:00,231.0,231.45,226.2,226.25,191100
2026-04-16 12:53:00,12:53:00,227.0,232.0,223.0,230.5,311740
2026-04-16 12:54:00,12:54:00,231.45,238.55,230.5,237.75,441610
2026-04-16 12:55:00,12:55:00,238.9,241.5,234.65,238.0,353210
2026-04-16 12:56:00,12:56:00,238.4,241.0,236.05,238.6,209560
2026-04-16 12:57:00,12:57:00,266.9,269.7,264.3,264.3,52390
2026-04-16 12:58:00,12:58:00,236.9,237.15,233.85,233.85,165100
2026-04-16 12:59:00,12:59:00,234.0,235.4,227.0,229.4,249600
2026-04-16 13:00:00,13:00:00,229.4,230.85,223.2,227.8,311480
2026-04-16 13:01:00,13:01:00,228.65,231.15,227.8,230.75,197210
2026-04-16 13:02:00,13:02:00,230.9,230.9,227.15,229.05,81250
2026-04-16 13:03:00,13:03:00,228.55,229.05,220.7,223.0,249015
2026-04-16 13:04:00,13:04:00,223.3,228.0,222.0,223.45,148655
2026-04-16 13:05:00,13:05:00,222.45,224.0,219.95,222.8,191685
2026-04-16 13:06:00,13:06:00,222.5,233.35,221.75,230.4,313690
2026-04-16 13:07:00,13:07:00,229.95,235.35,229.95,232.55,283010
2026-04-16 13:08:00,13:08:00,232.5,233.5,229.2,232.3,124410
2026-04-16 13:09:00,13:09:00,232.15,238.45,232.15,236.5,293215
2026-04-16 13:10:00,13:10:00,236.2,247.7,236.2,244.9,410020
2026-04-16 13:11:00,13:11:00,244.65,247.75,239.2,240.25,350610
2026-04-16 13:12:00,13:12:00,240.1,242.75,236.8,239.55,190450
2026-04-16 13:13:00,13:13:00,239.2,239.55,233.85,238.15,162045
2026-04-16 13:14:00,13:14:00,237.7,238.45,233.65,236.15,99905
2026-04-16 13:15:00,13:15:00,236.95,239.85,234.35,234.7,120640
2026-04-16 13:16:00,13:16:00,234.2,238.0,234.15,236.7,79885
2026-04-16 13:17:00,13:17:00,236.6,243.6,233.8,233.8,246935
2026-04-16 13:18:00,13:18:00,234.0,235.4,230.7,234.45,213655
2026-04-16 13:19:00,13:19:00,234.85,235.45,226.9,229.3,184730
2026-04-16 13:20:00,13:20:00,229.2,233.45,228.75,231.55,101335
2026-04-16 13:21:00,13:21:00,232.2,232.9,230.4,231.55,99320
2026-04-16 13:22:00,13:22:00,231.6,233.75,227.35,233.75,150280
2026-04-16 13:23:00,13:23:00,234.25,242.65,233.3,242.4,316095
2026-04-16 13:24:00,13:24:00,242.5,249.4,241.6,248.0,463775
2026-04-16 13:25:00,13:25:00,247.5,251.5,245.1,246.15,403910
2026-04-16 13:26:00,13:26:00,245.65,249.0,242.3,245.5,161785
2026-04-16 13:27:00,13:27:00,245.9,250.7,245.5,246.0,202605
2026-04-16 13:28:00,13:28:00,245.95,246.7,239.0,239.4,201630
2026-04-16 13:29:00,13:29:00,239.1,243.5,238.95,241.85,97955
2026-04-16 13:30:00,13:30:00,241.8,243.2,239.0,242.5,94250
2026-04-16 13:31:00,13:31:00,242.0,243.95,238.65,238.95,99190
2026-04-16 13:32:00,13:32:00,239.3,241.0,236.4,240.3,103935
2026-04-16 13:33:00,13:33:00,240.4,241.1,234.5,234.8,99125
2026-04-16 13:34:00,13:34:00,234.35,239.5,233.4,237.85,131885
2026-04-16 13:35:00,13:35:00,238.1,240.45,237.45,239.1,267150
2026-04-16 13:36:00,13:36:00,239.0,240.55,235.15,237.85,137605
2026-04-16 13:37:00,13:37:00,237.7,241.95,237.7,241.55,114075
2026-04-16 13:38:00,13:38:00,241.55,242.35,238.1,238.65,63700
2026-04-16 13:39:00,13:39:00,238.15,239.65,235.5,238.65,85280
2026-04-16 13:40:00,13:40:00,238.9,240.4,234.85,238.3,104260
2026-04-16 13:41:00,13:41:00,239.0,239.35,231.2,234.1,164905
2026-04-16 13:42:00,13:42:00,233.0,234.1,229.3,232.65,164710
2026-04-16 13:43:00,13:43:00,231.55,232.65,227.45,230.15,135655
2026-04-16 13:44:00,13:44:00,230.05,231.8,227.55,229.2,111345
2026-04-16 13:45:00,13:45:00,229.4,229.4,223.3,224.6,323310
2026-04-16 13:46:00,13:46:00,223.7,225.7,221.05,222.65,170105
2026-04-16 13:47:00,13:47:00,222.6,228.45,221.75,224.85,237185
2026-04-16 13:48:00,13:48:00,225.3,226.25,220.5,220.65,150540
2026-04-16 13:49:00,13:49:00,221.4,224.5,220.45,221.95,110110
2026-04-16 13:50:00,13:50:00,221.4,221.95,203.05,204.35,654875
2026-04-16 13:51:00,13:51:00,206.6,211.1,204.2,209.0,376090
2026-04-16 13:52:00,13:52:00,209.8,212.95,207.0,208.4,313885
2026-04-16 13:53:00,13:53:00,208.7,211.8,208.7,209.1,249990
2026-04-16 13:54:00,13:54:00,208.2,212.45,205.2,205.5,298545
2026-04-16 13:55:00,13:55:00,205.7,208.5,202.5,207.65,411515
2026-04-16 13:56:00,13:56:00,208.05,211.1,204.15,204.6,379730
2026-04-16 13:57:00,13:57:00,231.55,236.35,230.95,235.5,44590
2026-04-16 13:58:00,13:58:00,208.8,211.7,203.8,208.9,455910
2026-04-16 13:59:00,13:59:00,208.55,208.9,201.6,204.7,270595
2026-04-16 14:00:00,14:00:00,203.3,208.15,203.3,205.7,182260
2026-04-16 14:01:00,14:01:00,206.9,206.9,203.75,206.6,124865
2026-04-16 14:02:00,14:02:00,207.7,214.3,205.0,214.3,333580
2026-04-16 14:03:00,14:03:00,216.3,227.0,213.45,226.6,954720
2026-04-16 14:04:00,14:04:00,226.7,226.7,221.15,224.65,373035
2026-04-16 14:05:00,14:05:00,224.9,234.0,224.65,226.8,553995
2026-04-16 14:06:00,14:06:00,225.7,228.45,221.8,226.2,301990
2026-04-16 14:07:00,14:07:00,226.0,226.2,217.2,220.65,319150
2026-04-16 14:08:00,14:08:00,221.7,224.75,218.95,221.45,204815
2026-04-16 14:09:00,14:09:00,223.0,223.0,218.05,219.6,119665
2026-04-16 14:10:00,14:10:00,219.0,221.15,217.2,217.2,125385
2026-04-16 14:11:00,14:11:00,214.8,217.2,210.4,213.9,391105
2026-04-16 14:12:00,14:12:00,213.3,216.2,210.2,210.2,172185
2026-04-16 14:13:00,14:13:00,209.9,215.0,208.95,211.6,171080
2026-04-16 14:14:00,14:14:00,211.7,214.45,208.05,213.5,172055
2026-04-16 14:15:00,14:15:00,213.65,217.0,212.35,212.5,199485
2026-04-16 14:16:00,14:16:00,212.45,220.9,212.0,215.65,195260
2026-04-16 14:17:00,14:17:00,217.65,217.9,213.55,215.1,134290
2026-04-16 14:18:00,14:18:00,214.85,218.1,214.35,214.35,161330
2026-04-16 14:19:00,14:19:00,214.35,216.9,212.4,214.1,115050
2026-04-16 14:20:00,14:20:00,214.9,216.2,212.3,214.75,146640
2026-04-16 14:21:00,14:21:00,215.1,216.3,212.2,212.6,62140
2026-04-16 14:22:00,14:22:00,213.4,213.4,209.6,210.65,180440
2026-04-16 14:23:00,14:23:00,211.5,215.95,210.65,215.5,121680
2026-04-16 14:24:00,14:24:00,216.7,223.4,215.5,216.4,523900
2026-04-16 14:25:00,14:25:00,215.0,216.55,210.6,211.35,161590
2026-04-16 14:26:00,14:26:00,211.6,211.65,203.35,204.95,317980
2026-04-16 14:27:00,14:27:00,204.55,205.95,202.2,204.1,270530
2026-04-16 14:28:00,14:28:00,204.3,206.1,202.75,203.95,267410
2026-04-16 14:29:00,14:29:00,203.9,206.2,198.35,198.85,400010
2026-04-16 14:30:00,14:30:00,198.3,199.1,194.3,194.3,616785
2026-04-16 14:31:00,14:31:00,195.45,196.0,189.5,189.5,585195
2026-04-16 14:32:00,14:32:00,190.6,192.25,188.4,188.4,391950
2026-04-16 14:33:00,14:33:00,187.1,191.7,184.0,188.05,564915
2026-04-16 14:34:00,14:34:00,187.25,188.05,180.65,181.25,701220
2026-04-16 14:35:00,14:35:00,181.2,183.6,177.75,183.4,854035
2026-04-16 14:36:00,14:36:00,184.0,185.45,179.55,180.0,474045
2026-04-16 14:37:00,14:37:00,179.15,182.25,178.0,181.8,264940
2026-04-16 14:38:00,14:38:00,180.7,181.8,176.45,177.0,313560
2026-04-16 14:39:00,14:39:00,177.1,179.4,174.05,177.5,312130
2026-04-16 14:40:00,14:40:00,176.85,177.55,173.65,176.2,261625
2026-04-16 14:41:00,14:41:00,176.7,176.7,172.95,173.15,226590
2026-04-16 14:42:00,14:42:00,172.4,174.35,171.2,172.35,370435
2026-04-16 14:43:00,14:43:00,173.0,173.6,170.0,172.3,317720
2026-04-16 14:44:00,14:44:00,172.05,182.8,171.9,179.0,683280
2026-04-16 14:45:00,14:45:00,180.05,180.05,168.0,170.3,679250
2026-04-16 14:46:00,14:46:00,170.4,174.6,170.3,171.85,295425
2026-04-16 14:47:00,14:47:00,172.0,172.3,169.0,171.0,249210
2026-04-16 14:48:00,14:48:00,170.55,171.05,167.0,169.0,236925
2026-04-16 14:49:00,14:49:00,169.55,172.6,169.0,169.0,202475
2026-04-16 14:50:00,14:50:00,168.75,170.75,167.35,169.75,245440
2026-04-16 14:51:00,14:51:00,169.3,170.8,166.7,167.25,332800
2026-04-16 14:52:00,14:52:00,166.25,171.55,166.0,170.65,255905
2026-04-16 14:53:00,14:53:00,172.05,175.0,167.3,168.3,395330
2026-04-16 14:54:00,14:54:00,168.05,170.85,166.9,169.9,211055
2026-04-16 14:55:00,14:55:00,169.7,174.3,169.25,173.8,350675
2026-04-16 14:56:00,14:56:00,173.75,176.8,171.2,176.3,541905
2026-04-16 14:57:00,14:57:00,176.2,177.8,172.0,175.9,400335
2026-04-16 14:58:00,14:58:00,175.9,177.85,172.2,172.25,354575
2026-04-16 14:59:00,14:59:00,171.15,176.0,170.3,173.65,271895
2026-04-16 15:00:00,15:00:00,171.95,182.45,168.2,180.45,733070
2026-04-16 15:01:00,15:01:00,182.45,189.55,180.45,185.8,1043575
2026-04-16 15:02:00,15:02:00,187.05,189.95,180.5,184.9,803920
2026-04-16 15:03:00,15:03:00,184.25,184.95,179.0,182.3,419315
2026-04-16 15:04:00,15:04:00,182.0,184.85,175.0,183.1,521430
2026-04-16 15:05:00,15:05:00,184.5,189.0,183.1,184.85,555945
2026-04-16 15:06:00,15:06:00,184.4,192.0,184.0,191.9,373555
2026-04-16 15:07:00,15:07:00,191.5,196.9,191.05,195.25,609895
2026-04-16 15:08:00,15:08:00,195.55,205.0,195.0,203.8,912990
2026-04-16 15:09:00,15:09:00,204.7,206.2,202.05,203.8,684125
2026-04-16 15:10:00,15:10:00,203.75,204.15,195.6,197.0,653965
2026-04-16 15:11:00,15:11:00,195.6,197.0,191.75,193.55,385970
2026-04-16 15:12:00,15:12:00,193.55,198.7,193.0,197.0,265850
2026-04-16 15:13:00,15:13:00,195.75,199.25,194.55,198.85,265525
2026-04-16 15:14:00,15:14:00,197.9,199.3,196.45,197.85,300300
2026-04-16 15:15:00,15:15:00,197.85,200.35,191.25,191.9,601250
2026-04-16 15:16:00,15:16:00,192.25,196.8,191.9,196.8,224380
2026-04-16 15:17:00,15:17:00,196.5,198.65,194.8,196.75,229320
2026-04-16 15:18:00,15:18:00,197.25,199.45,196.6,198.0,277615
2026-04-16 15:19:00,15:19:00,197.2,198.0,195.2,196.65,252655
2026-04-16 15:20:00,15:20:00,196.5,196.65,192.65,194.75,383630
2026-04-16 15:21:00,15:21:00,194.6,197.6,194.35,195.8,231530
2026-04-16 15:22:00,15:22:00,195.35,197.5,195.35,196.4,246415
2026-04-16 15:23:00,15:23:00,196.2,196.5,193.1,193.35,226200
2026-04-16 15:24:00,15:24:00,194.2,195.85,192.0,195.8,218660
2026-04-16 15:25:00,15:25:00,195.8,195.8,193.6,194.9,219830
2026-04-16 15:26:00,15:26:00,194.1,197.8,194.1,197.35,342680
2026-04-16 15:27:00,15:27:00,197.5,201.0,197.05,201.0,502190
2026-04-16 15:28:00,15:28:00,200.35,206.25,199.75,205.4,432640
2026-04-16 15:29:00,15:29:00,204.05,207.0,203.55,205.0,503230
2026-04-17 09:15:00,09:15:00,215.15,237.2,201.3,201.3,2221700
2026-04-17 09:16:00,09:16:00,199.0,202.65,175.75,197.7,3151395
2026-04-17 09:17:00,09:17:00,197.5,197.95,180.0,180.0,1721395
2026-04-17 09:18:00,09:18:00,179.25,182.2,175.6,180.85,1688440
2026-04-17 09:19:00,09:19:00,178.6,185.35,178.05,180.05,1287325
2026-04-17 09:20:00,09:20:00,178.45,180.05,173.6,174.85,1296620
2026-04-17 09:21:00,09:21:00,175.9,178.5,173.1,175.5,867815
2026-04-17 09:22:00,09:22:00,174.8,175.5,170.3,174.25,1018225
2026-04-17 09:23:00,09:23:00,174.15,175.25,170.25,171.35,637715
2026-04-17 09:24:00,09:24:00,171.2,183.1,170.9,181.85,1309425
2026-04-17 09:25:00,09:25:00,180.4,182.55,175.4,175.4,1535560
2026-04-17 09:26:00,09:26:00,175.65,177.45,170.8,171.6,937040
2026-04-17 09:27:00,09:27:00,170.6,173.6,168.3,172.25,1028950
2026-04-17 09:28:00,09:28:00,172.4,172.8,165.6,167.7,942500
2026-04-17 09:29:00,09:29:00,168.0,170.0,165.5,165.6,760955
2026-04-17 09:30:00,09:30:00,165.25,175.8,164.15,175.55,1682915
2026-04-17 09:31:00,09:31:00,176.35,180.65,175.4,178.85,1843465
2026-04-17 09:32:00,09:32:00,178.4,180.8,173.55,178.75,1231425
2026-04-17 09:33:00,09:33:00,177.6,183.95,177.3,181.1,1741610
2026-04-17 09:34:00,09:34:00,180.5,187.3,178.95,185.7,1548430
2026-04-17 09:35:00,09:35:00,186.8,192.7,185.7,192.3,3018145
2026-04-17 09:36:00,09:36:00,191.5,194.75,189.75,194.0,2130440
2026-04-17 09:37:00,09:37:00,193.5,199.15,193.05,195.05,2188095
2026-04-17 09:38:00,09:38:00,192.2,195.05,174.3,176.6,2760095
2026-04-17 09:39:00,09:39:00,177.0,179.15,171.25,177.8,1552330
2026-04-17 09:40:00,09:40:00,177.75,177.8,170.7,171.8,1031095
2026-04-17 09:41:00,09:41:00,172.1,181.45,171.8,180.5,995735
2026-04-17 09:42:00,09:42:00,182.45,188.25,180.5,188.15,1857375
2026-04-17 09:43:00,09:43:00,187.8,193.1,184.35,187.4,1594515
2026-04-17 09:44:00,09:44:00,187.65,187.65,183.3,185.35,736515
2026-04-17 09:45:00,09:45:00,185.45,187.0,180.0,184.75,1076400
2026-04-17 09:46:00,09:46:00,184.7,184.85,179.35,181.05,739180
2026-04-17 09:47:00,09:47:00,180.9,181.55,175.1,176.35,1009580
2026-04-17 09:48:00,09:48:00,176.4,176.85,172.2,175.45,817310
2026-04-17 09:49:00,09:49:00,175.45,176.0,169.8,172.6,1074775
2026-04-17 09:50:00,09:50:00,171.9,172.6,166.45,171.55,1303640
2026-04-17 09:51:00,09:51:00,171.1,171.55,167.25,169.45,509860
2026-04-17 09:52:00,09:52:00,169.35,170.65,166.55,167.3,668330
2026-04-17 09:53:00,09:53:00,166.25,169.5,165.15,167.5,816335
2026-04-17 09:54:00,09:54:00,167.5,171.2,166.0,167.9,849745
2026-04-17 09:55:00,09:55:00,167.65,173.4,165.6,169.7,1181115
2026-04-17 09:56:00,09:56:00,170.55,171.05,160.45,162.5,1568190
2026-04-17 09:57:00,09:57:00,162.0,164.8,159.25,164.65,1201850
2026-04-17 09:58:00,09:58:00,164.65,170.35,162.55,170.0,1058980
2026-04-17 09:59:00,09:59:00,169.65,170.25,162.6,164.05,756080
2026-04-17 10:00:00,10:00:00,164.65,164.65,160.55,160.55,609375
2026-04-17 10:01:00,10:01:00,160.5,173.95,158.65,167.55,1990495
2026-04-17 10:02:00,10:02:00,166.2,170.0,163.5,164.0,907270
2026-04-17 10:03:00,10:03:00,164.1,166.4,157.2,157.95,1121510
2026-04-17 10:04:00,10:04:00,158.1,158.1,150.7,151.45,1954030
2026-04-17 10:05:00,10:05:00,151.05,151.6,147.8,148.5,1367990
2026-04-17 10:06:00,10:06:00,148.35,149.05,144.9,145.1,1225575
2026-04-17 10:07:00,10:07:00,145.0,146.05,142.5,142.9,916890
2026-04-17 10:08:00,10:08:00,143.5,147.75,142.6,147.1,896155
2026-04-17 10:09:00,10:09:00,147.6,149.1,146.1,147.3,747110
2026-04-17 10:10:00,10:10:00,146.65,149.3,146.55,147.35,695955
2026-04-17 10:11:00,10:11:00,147.25,148.25,145.65,146.05,467025
2026-04-17 10:12:00,10:12:00,146.15,147.25,143.65,144.05,474370
2026-04-17 10:13:00,10:13:00,143.85,144.85,141.2,142.9,597610
2026-04-17 10:14:00,10:14:00,142.6,143.75,140.55,141.45,432250
2026-04-17 10:15:00,10:15:00,140.9,141.45,136.9,137.0,1099345
2026-04-17 10:16:00,10:16:00,137.45,138.2,135.6,135.6,789945
2026-04-17 10:17:00,10:17:00,135.7,138.65,134.0,137.6,988520
2026-04-17 10:18:00,10:18:00,137.65,138.45,135.7,135.7,426465
2026-04-17 10:19:00,10:19:00,135.95,137.75,135.7,136.6,323180
2026-04-17 10:20:00,10:20:00,136.3,137.55,135.1,137.0,422630
2026-04-17 10:21:00,10:21:00,136.65,137.7,134.65,134.9,425035
2026-04-17 10:22:00,10:22:00,135.0,135.1,132.6,132.65,538460
2026-04-17 10:23:00,10:23:00,132.9,136.6,132.65,136.5,648895
2026-04-17 10:24:00,10:24:00,136.0,136.5,133.35,133.95,324870
2026-04-17 10:25:00,10:25:00,134.2,134.25,130.85,133.15,573820
2026-04-17 10:26:00,10:26:00,133.05,133.4,130.3,131.3,521040
2026-04-17 10:27:00,10:27:00,131.65,132.95,130.1,131.0,579930
2026-04-17 10:28:00,10:28:00,130.55,131.9,129.35,131.6,587080
2026-04-17 10:29:00,10:29:00,131.3,135.05,130.2,134.55,545805
2026-04-17 10:30:00,10:30:00,135.25,135.35,131.45,135.15,734955
2026-04-17 10:31:00,10:31:00,135.25,138.0,135.0,135.85,1041950
2026-04-17 10:32:00,10:32:00,136.3,142.55,135.85,142.55,976690
2026-04-17 10:33:00,10:33:00,141.7,142.55,140.1,141.85,979030
2026-04-17 10:34:00,10:34:00,140.55,145.5,140.35,142.75,1105975
2026-04-17 10:35:00,10:35:00,143.8,144.25,140.5,140.5,639145
2026-04-17 10:36:00,10:36:00,140.0,142.35,139.35,139.35,582335
2026-04-17 10:37:00,10:37:00,139.0,145.2,139.0,144.1,694070
2026-04-17 10:38:00,10:38:00,144.3,146.05,143.65,145.05,839865
2026-04-17 10:39:00,10:39:00,145.65,148.2,143.5,147.6,777075
2026-04-17 10:40:00,10:40:00,146.6,150.85,146.6,148.7,1431755
2026-04-17 10:41:00,10:41:00,148.6,149.0,144.1,144.75,860340
2026-04-17 10:42:00,10:42:00,144.6,145.75,140.1,142.7,789555
2026-04-17 10:43:00,10:43:00,144.0,147.0,142.0,146.6,509340
2026-04-17 10:44:00,10:44:00,146.1,146.7,142.55,143.85,341055
2026-04-17 10:45:00,10:45:00,143.55,146.65,143.4,143.5,333645
2026-04-17 10:46:00,10:46:00,143.7,143.7,139.4,143.2,677300
2026-04-17 10:47:00,10:47:00,143.3,144.4,140.9,143.85,294125
2026-04-17 10:48:00,10:48:00,143.75,145.6,142.75,143.55,402480
2026-04-17 10:49:00,10:49:00,143.95,144.15,140.35,142.5,397605
2026-04-17 10:50:00,10:50:00,142.15,144.45,140.1,141.05,298415
2026-04-17 10:51:00,10:51:00,142.0,146.1,141.05,145.0,531960
2026-04-17 10:52:00,10:52:00,145.1,145.45,142.7,144.15,289575
2026-04-17 10:53:00,10:53:00,143.3,145.5,143.3,144.75,263510
2026-04-17 10:54:00,10:54:00,144.65,145.0,141.15,143.5,346840
2026-04-17 10:55:00,10:55:00,144.2,144.25,141.8,142.5,184600
2026-04-17 10:56:00,10:56:00,142.4,143.15,140.3,140.9,330135
2026-04-17 10:57:00,10:57:00,141.2,143.4,140.25,141.1,255385
2026-04-17 10:58:00,10:58:00,142.1,145.35,141.1,144.75,263575
2026-04-17 10:59:00,10:59:00,144.1,145.2,142.8,145.05,259415
2026-04-17 11:00:00,11:00:00,145.05,147.3,144.35,144.5,629720
2026-04-17 11:01:00,11:01:00,144.65,145.1,141.65,144.4,406835
2026-04-17 11:02:00,11:02:00,144.25,146.8,142.75,146.55,279890
2026-04-17 11:03:00,11:03:00,146.8,150.25,145.6,149.4,921050
2026-04-17 11:04:00,11:04:00,149.0,153.45,148.3,149.35,1434485
2026-04-17 11:05:00,11:05:00,148.9,149.35,145.1,146.1,776100
2026-04-17 11:06:00,11:06:00,146.2,149.5,143.7,147.7,736970
2026-04-17 11:07:00,11:07:00,147.6,147.95,141.1,145.3,645255
2026-04-17 11:08:00,11:08:00,145.15,145.85,143.55,143.75,305695
2026-04-17 11:09:00,11:09:00,144.15,145.3,143.1,143.75,244660
2026-04-17 11:10:00,11:10:00,143.2,144.4,136.0,136.0,1229085
2026-04-17 11:11:00,11:11:00,134.45,137.5,134.1,137.05,817180
2026-04-17 11:12:00,11:12:00,137.0,140.3,136.05,139.95,436670
2026-04-17 11:13:00,11:13:00,139.95,141.0,137.6,138.7,271050
2026-04-17 11:14:00,11:14:00,138.0,141.0,137.85,139.85,199095
2026-04-17 11:15:00,11:15:00,139.55,139.85,135.95,135.95,393120
2026-04-17 11:16:00,11:16:00,135.9,137.35,134.75,134.75,284700
2026-04-17 11:17:00,11:17:00,134.4,136.9,134.4,136.9,249145
2026-04-17 11:18:00,11:18:00,137.05,137.05,132.4,135.0,434330
2026-04-17 11:19:00,11:19:00,135.4,136.15,133.5,133.8,233545
2026-04-17 11:20:00,11:20:00,133.2,135.1,131.7,134.05,381745
2026-04-17 11:21:00,11:21:00,134.0,134.15,132.5,132.5,197860
2026-04-17 11:22:00,11:22:00,132.5,133.5,130.95,131.95,402155
2026-04-17 11:23:00,11:23:00,132.0,132.5,131.05,132.0,266630
2026-04-17 11:24:00,11:24:00,132.1,136.35,131.65,135.4,368810
2026-04-17 11:25:00,11:25:00,135.45,135.55,131.4,131.45,372970
2026-04-17 11:26:00,11:26:00,131.6,133.45,131.45,132.1,285480
2026-04-17 11:27:00,11:27:00,132.25,138.5,132.1,135.55,579020
2026-04-17 11:28:00,11:28:00,136.2,137.75,134.75,135.0,390650
2026-04-17 11:29:00,11:29:00,134.6,135.9,132.5,133.25,241605
2026-04-17 11:30:00,11:30:00,132.85,133.55,129.2,132.6,788645
2026-04-17 11:31:00,11:31:00,132.95,134.55,132.15,134.0,388375
2026-04-17 11:32:00,11:32:00,133.7,134.35,132.2,133.45,204620
2026-04-17 11:33:00,11:33:00,133.2,133.45,129.55,129.6,326105
2026-04-17 11:34:00,11:34:00,129.55,131.5,129.05,129.5,380120
2026-04-17 11:35:00,11:35:00,129.2,131.0,127.6,128.5,444340
2026-04-17 11:36:00,11:36:00,128.55,128.55,125.8,127.7,583960
2026-04-17 11:37:00,11:37:00,127.65,127.7,125.1,126.85,430950
2026-04-17 11:38:00,11:38:00,126.75,128.0,126.1,127.25,331695
2026-04-17 11:39:00,11:39:00,127.1,130.3,127.0,128.75,307125
2026-04-17 11:40:00,11:40:00,128.1,129.15,126.8,127.2,250185
2026-04-17 11:41:00,11:41:00,127.6,127.7,125.55,127.5,193960
2026-04-17 11:42:00,11:42:00,127.8,129.0,126.0,126.2,174265
2026-04-17 11:43:00,11:43:00,125.85,126.55,123.6,123.6,476450
2026-04-17 11:44:00,11:44:00,124.0,126.2,123.05,125.55,557960
2026-04-17 11:45:00,11:45:00,125.65,128.3,125.55,127.7,390780
2026-04-17 11:46:00,11:46:00,127.45,128.65,125.4,126.8,286455
2026-04-17 11:47:00,11:47:00,126.65,129.9,125.85,129.6,291850
2026-04-17 11:48:00,11:48:00,129.95,132.0,129.15,129.15,630240
2026-04-17 11:49:00,11:49:00,129.45,132.55,129.15,130.45,396305
2026-04-17 11:50:00,11:50:00,130.15,130.5,125.55,126.0,601705
2026-04-17 11:51:00,11:51:00,126.05,127.0,124.0,124.0,482105
2026-04-17 11:52:00,11:52:00,123.7,126.3,123.7,126.3,310245
2026-04-17 11:53:00,11:53:00,126.1,127.3,121.75,122.3,514280
2026-04-17 11:54:00,11:54:00,122.65,122.65,118.75,120.05,1108445
2026-04-17 11:55:00,11:55:00,120.6,121.1,118.05,118.75,601835
2026-04-17 11:56:00,11:56:00,118.15,121.3,118.15,120.45,629330
2026-04-17 11:57:00,11:57:00,120.45,121.25,119.6,120.25,387140
2026-04-17 11:58:00,11:58:00,120.05,124.65,120.05,124.65,494585
2026-04-17 11:59:00,11:59:00,124.2,130.75,123.65,129.75,1274780
2026-04-17 12:00:00,12:00:00,129.7,136.05,128.7,134.6,1756820
2026-04-17 12:01:00,12:01:00,134.6,135.0,130.5,130.95,1292850
2026-04-17 12:02:00,12:02:00,130.8,132.4,130.5,132.35,427440
2026-04-17 12:03:00,12:03:00,132.15,135.75,131.8,134.9,676065
2026-04-17 12:04:00,12:04:00,135.45,136.9,134.7,136.9,759070
2026-04-17 12:05:00,12:05:00,136.75,138.85,135.5,137.0,792285
2026-04-17 12:06:00,12:06:00,137.15,137.15,133.0,133.6,641940
2026-04-17 12:07:00,12:07:00,133.5,133.6,129.25,130.0,726505
2026-04-17 12:08:00,12:08:00,130.05,130.2,127.35,129.35,589810
2026-04-17 12:09:00,12:09:00,129.05,130.4,127.45,129.1,243490
2026-04-17 12:10:00,12:10:00,129.6,130.6,128.25,129.9,249080
2026-04-17 12:11:00,12:11:00,130.0,130.8,126.8,126.95,340990
2026-04-17 12:12:00,12:12:00,126.6,128.35,126.05,126.85,248105
2026-04-17 12:13:00,12:13:00,127.0,130.85,126.5,127.85,318175
2026-04-17 12:14:00,12:14:00,128.85,129.2,125.4,126.1,246350
2026-04-17 12:15:00,12:15:00,125.9,128.9,124.05,124.05,332475
2026-04-17 12:16:00,12:16:00,124.1,126.0,123.25,125.1,359060
2026-04-17 12:17:00,12:17:00,125.3,126.15,124.1,125.0,177580
2026-04-17 12:18:00,12:18:00,125.25,126.0,123.75,125.35,183300
2026-04-17 12:19:00,12:19:00,125.0,127.05,124.2,126.35,153660
2026-04-17 12:20:00,12:20:00,126.8,128.0,124.9,128.0,277680
2026-04-17 12:21:00,12:21:00,128.0,128.2,124.3,127.3,219765
2026-04-17 12:22:00,12:22:00,127.0,128.35,124.6,125.35,251810
2026-04-17 12:23:00,12:23:00,124.95,126.5,124.2,125.05,136695
2026-04-17 12:24:00,12:24:00,124.5,125.05,123.3,124.0,192790
2026-04-17 12:25:00,12:25:00,124.15,125.95,123.15,124.8,139945
2026-04-17 12:26:00,12:26:00,124.75,125.6,123.4,123.4,143000
2026-04-17 12:27:00,12:27:00,123.05,124.95,122.75,124.6,251680
2026-04-17 12:28:00,12:28:00,124.5,126.4,124.05,126.1,194740
2026-04-17 12:29:00,12:29:00,126.5,127.15,125.65,126.9,147290
2026-04-17 12:30:00,12:30:00,127.2,129.1,126.2,127.3,352820
2026-04-17 12:31:00,12:31:00,127.1,128.55,126.25,128.55,266565
2026-04-17 12:32:00,12:32:00,129.0,133.6,128.3,131.9,773695
2026-04-17 12:33:00,12:33:00,132.45,134.5,130.55,130.55,668850
2026-04-17 12:34:00,12:34:00,131.4,135.45,130.55,135.45,439920
2026-04-17 12:35:00,12:35:00,135.6,135.8,132.0,132.1,444600
2026-04-17 12:36:00,12:36:00,132.1,133.6,130.6,133.45,373815
2026-04-17 12:37:00,12:37:00,132.9,134.5,131.75,134.5,204230
2026-04-17 12:38:00,12:38:00,134.5,134.75,132.0,133.05,320710
2026-04-17 12:39:00,12:39:00,133.8,135.75,133.05,135.55,419120
2026-04-17 12:40:00,12:40:00,135.85,137.65,134.0,134.25,824200
2026-04-17 12:41:00,12:41:00,134.35,134.45,132.55,132.55,318890
2026-04-17 12:42:00,12:42:00,132.15,133.2,129.8,130.55,484640
2026-04-17 12:43:00,12:43:00,130.05,132.25,129.4,131.2,222365
2026-04-17 12:44:00,12:44:00,132.0,136.6,131.25,132.6,456105
2026-04-17 12:45:00,12:45:00,132.6,133.6,129.4,130.25,323570
2026-04-17 12:46:00,12:46:00,130.4,131.35,129.05,130.5,212680
2026-04-17 12:47:00,12:47:00,130.7,133.05,129.5,132.6,207740
2026-04-17 12:48:00,12:48:00,133.0,136.4,132.45,134.2,413530
2026-04-17 12:49:00,12:49:00,134.7,134.7,131.2,132.45,270790
2026-04-17 12:50:00,12:50:00,131.95,132.45,129.95,131.6,236860
2026-04-17 12:51:00,12:51:00,131.8,135.55,131.6,134.05,398775
2026-04-17 12:52:00,12:52:00,134.0,137.35,133.35,136.5,578435
2026-04-17 12:53:00,12:53:00,136.15,137.5,134.7,134.7,505765
2026-04-17 12:54:00,12:54:00,134.65,136.5,133.95,135.95,308555
2026-04-17 12:55:00,12:55:00,135.6,136.95,133.6,133.6,248885
2026-04-17 12:56:00,12:56:00,133.3,134.25,131.85,133.15,288990
2026-04-17 12:57:00,12:57:00,132.65,136.65,132.65,136.1,341705
2026-04-17 12:58:00,12:58:00,136.35,137.75,135.55,135.85,326300
2026-04-17 12:59:00,12:59:00,135.8,137.0,132.8,133.55,377195
2026-04-17 13:00:00,13:00:00,133.65,134.75,131.0,131.0,301210
2026-04-17 13:01:00,13:01:00,130.75,133.95,130.55,132.15,290225
2026-04-17 13:02:00,13:02:00,131.95,132.65,129.55,131.95,364845
2026-04-17 13:03:00,13:03:00,131.6,134.5,131.25,132.9,212355
2026-04-17 13:04:00,13:04:00,132.4,132.9,129.85,132.1,227955
2026-04-17 13:05:00,13:05:00,132.1,132.8,129.4,129.4,163020
2026-04-17 13:06:00,13:06:00,129.75,129.75,126.85,128.6,614510
2026-04-17 13:07:00,13:07:00,128.65,129.45,126.05,126.45,310830
2026-04-17 13:08:00,13:08:00,125.45,126.65,124.2,124.2,482300
2026-04-17 13:09:00,13:09:00,124.15,124.7,122.4,124.65,491205
2026-04-17 13:10:00,13:10:00,124.3,124.65,122.15,122.4,272480
2026-04-17 13:11:00,13:11:00,122.5,123.6,121.55,122.0,266110
2026-04-17 13:12:00,13:12:00,121.65,122.8,120.35,120.85,372385
2026-04-17 13:13:00,13:13:00,121.0,123.25,120.85,122.5,246415
2026-04-17 13:14:00,13:14:00,122.35,123.3,122.0,123.0,249860
2026-04-17 13:15:00,13:15:00,123.1,123.65,121.7,122.7,284765
2026-04-17 13:16:00,13:16:00,122.15,125.3,122.15,124.2,348985
2026-04-17 13:17:00,13:17:00,124.25,127.0,123.6,125.3,463580
2026-04-17 13:18:00,13:18:00,125.4,127.25,125.25,126.4,301275
2026-04-17 13:19:00,13:19:00,126.3,127.9,125.5,127.65,353665
2026-04-17 13:20:00,13:20:00,127.55,127.65,125.1,125.55,305500
2026-04-17 13:21:00,13:21:00,126.3,128.05,125.55,127.1,262730
2026-04-17 13:22:00,13:22:00,127.6,127.75,124.0,124.2,344305
2026-04-17 13:23:00,13:23:00,124.55,124.6,120.25,122.05,583895
2026-04-17 13:24:00,13:24:00,122.35,126.95,121.95,126.5,258895
2026-04-17 13:25:00,13:25:00,126.5,127.5,126.0,126.4,389090
2026-04-17 13:26:00,13:26:00,127.2,129.0,125.15,125.15,458315
2026-04-17 13:27:00,13:27:00,125.15,126.8,122.0,122.0,387530
2026-04-17 13:28:00,13:28:00,122.0,122.85,120.25,120.65,345800
2026-04-17 13:29:00,13:29:00,119.75,121.4,118.5,118.65,573040
2026-04-17 13:30:00,13:30:00,118.0,120.25,117.15,119.7,474500
2026-04-17 13:31:00,13:31:00,119.6,120.45,117.75,118.2,270855
2026-04-17 13:32:00,13:32:00,118.6,120.8,118.0,118.0,304915
2026-04-17 13:33:00,13:33:00,118.0,119.05,117.55,118.6,217100
2026-04-17 13:34:00,13:34:00,118.5,118.65,117.65,117.65,226200
2026-04-17 13:35:00,13:35:00,117.5,120.45,117.45,120.45,305955
2026-04-17 13:36:00,13:36:00,120.1,120.95,119.25,120.1,285155
2026-04-17 13:37:00,13:37:00,120.3,120.3,118.3,118.8,342095
2026-04-17 13:38:00,13:38:00,118.7,119.8,117.6,118.25,158925
2026-04-17 13:39:00,13:39:00,117.75,118.25,114.75,116.6,840515
2026-04-17 13:40:00,13:40:00,117.55,117.65,115.0,115.75,375765
2026-04-17 13:41:00,13:41:00,115.45,116.0,112.6,112.8,541775
2026-04-17 13:42:00,13:42:00,112.35,113.95,112.0,112.0,524745
2026-04-17 13:43:00,13:43:00,112.05,116.15,111.9,114.8,461370
2026-04-17 13:44:00,13:44:00,114.8,117.85,114.7,117.85,469690
2026-04-17 13:45:00,13:45:00,117.5,117.85,115.15,116.5,272350
2026-04-17 13:46:00,13:46:00,116.35,117.5,114.9,115.3,272350
2026-04-17 13:47:00,13:47:00,114.95,116.15,114.95,115.25,120510
2026-04-17 13:48:00,13:48:00,115.3,115.3,114.0,115.0,218595
2026-04-17 13:49:00,13:49:00,114.85,116.1,114.55,115.05,155025
2026-04-17 13:50:00,13:50:00,115.35,116.3,114.7,115.4,151320
2026-04-17 13:51:00,13:51:00,115.9,116.35,115.05,115.3,226070
2026-04-17 13:52:00,13:52:00,115.4,116.1,114.25,115.55,241215
2026-04-17 13:53:00,13:53:00,115.85,118.0,115.05,117.0,370435
2026-04-17 13:54:00,13:54:00,116.95,117.0,114.6,114.7,287755
2026-04-17 13:55:00,13:55:00,115.05,116.0,114.5,116.0,190125
2026-04-17 13:56:00,13:56:00,115.75,120.0,115.75,117.75,590720
2026-04-17 13:57:00,13:57:00,117.75,117.8,115.6,115.9,312845
2026-04-17 13:58:00,13:58:00,115.85,116.7,114.8,115.1,207935
2026-04-17 13:59:00,13:59:00,115.2,116.25,114.45,116.25,165425
2026-04-17 14:00:00,14:00:00,115.9,116.25,113.25,113.65,269620
2026-04-17 14:01:00,14:01:00,113.95,113.95,112.55,112.7,224835
2026-04-17 14:02:00,14:02:00,112.9,114.0,112.5,112.85,130000
2026-04-17 14:03:00,14:03:00,112.95,113.85,112.2,113.85,181090
2026-04-17 14:04:00,14:04:00,113.55,118.3,113.5,117.7,451880
2026-04-17 14:05:00,14:05:00,117.95,118.3,115.2,115.2,402740
2026-04-17 14:06:00,14:06:00,115.05,116.35,113.2,114.35,318760
2026-04-17 14:07:00,14:07:00,114.75,114.75,111.65,112.4,281515
2026-04-17 14:08:00,14:08:00,112.85,115.2,112.35,113.6,217815
2026-04-17 14:09:00,14:09:00,113.35,113.75,111.6,112.95,284635
2026-04-17 14:10:00,14:10:00,112.8,113.6,111.0,111.75,240955
2026-04-17 14:11:00,14:11:00,111.55,111.75,109.2,110.0,689780
2026-04-17 14:12:00,14:12:00,110.3,110.55,109.0,110.15,335205
2026-04-17 14:13:00,14:13:00,110.55,112.8,109.9,112.7,285545
2026-04-17 14:14:00,14:14:00,112.25,114.7,112.25,113.7,347165
2026-04-17 14:15:00,14:15:00,113.4,113.7,112.25,113.0,185965
2026-04-17 14:16:00,14:16:00,112.95,113.0,110.8,110.8,222690
2026-04-17 14:17:00,14:17:00,110.6,112.3,107.7,112.2,492765
2026-04-17 14:18:00,14:18:00,112.8,114.05,109.35,110.85,393770
2026-04-17 14:19:00,14:19:00,110.8,111.2,110.2,110.55,118495
2026-04-17 14:20:00,14:20:00,110.8,110.8,106.0,107.3,577070
2026-04-17 14:21:00,14:21:00,107.0,108.85,107.0,107.5,361205
2026-04-17 14:22:00,14:22:00,108.05,112.5,107.5,110.4,617695
2026-04-17 14:23:00,14:23:00,110.3,111.0,109.6,110.35,172445
2026-04-17 14:24:00,14:24:00,110.1,110.75,108.2,109.05,196430
2026-04-17 14:25:00,14:25:00,108.9,110.8,108.75,110.2,200135
2026-04-17 14:26:00,14:26:00,110.2,113.55,110.0,113.45,293410
2026-04-17 14:27:00,14:27:00,113.4,113.8,112.1,112.9,326365
2026-04-17 14:28:00,14:28:00,112.4,114.65,111.3,113.8,357240
2026-04-17 14:29:00,14:29:00,114.1,114.95,113.1,114.5,428220
2026-04-17 14:30:00,14:30:00,114.6,115.95,112.4,113.1,580450
2026-04-17 14:31:00,14:31:00,113.35,113.8,111.95,112.65,257920
2026-04-17 14:32:00,14:32:00,112.7,114.15,112.1,112.5,179010
2026-04-17 14:33:00,14:33:00,112.0,113.4,110.85,112.15,297830
2026-04-17 14:34:00,14:34:00,111.75,112.85,109.7,109.7,314730
2026-04-17 14:35:00,14:35:00,109.5,111.1,108.85,110.15,321750
2026-04-17 14:36:00,14:36:00,110.6,110.75,106.25,107.1,593645
2026-04-17 14:37:00,14:37:00,106.55,107.5,105.75,107.2,387855
2026-04-17 14:38:00,14:38:00,106.9,108.4,104.9,105.15,494065
2026-04-17 14:39:00,14:39:00,105.0,106.05,104.35,105.8,439855
2026-04-17 14:40:00,14:40:00,105.9,106.5,104.35,106.5,367120
2026-04-17 14:41:00,14:41:00,106.0,107.25,105.45,105.45,264030
2026-04-17 14:42:00,14:42:00,105.0,105.75,103.5,103.5,415415
2026-04-17 14:43:00,14:43:00,104.55,105.0,102.0,104.6,736320
2026-04-17 14:44:00,14:44:00,104.6,104.6,102.05,102.05,491270
2026-04-17 14:45:00,14:45:00,103.3,103.3,99.85,100.1,792220
2026-04-17 14:46:00,14:46:00,100.35,100.35,97.05,97.2,1241955
2026-04-17 14:47:00,14:47:00,97.4,102.5,97.2,102.0,789750
2026-04-17 14:48:00,14:48:00,101.8,102.45,100.6,102.15,416585
2026-04-17 14:49:00,14:49:00,102.15,102.15,100.0,100.2,333450
2026-04-17 14:50:00,14:50:00,100.4,101.15,100.0,100.05,253500
2026-04-17 14:51:00,14:51:00,100.25,100.45,97.75,98.2,467935
2026-04-17 14:52:00,14:52:00,97.95,99.55,97.4,98.6,512460
2026-04-17 14:53:00,14:53:00,98.55,99.1,97.9,98.65,228800
2026-04-17 14:54:00,14:54:00,98.85,99.55,98.25,99.0,305500
2026-04-17 14:55:00,14:55:00,99.4,100.5,99.0,99.45,282165
2026-04-17 14:56:00,14:56:00,99.8,100.95,99.45,100.3,337740
2026-04-17 14:57:00,14:57:00,100.15,101.2,98.35,98.35,363805
2026-04-17 14:58:00,14:58:00,98.75,99.0,97.5,98.4,359515
2026-04-17 14:59:00,14:59:00,98.4,98.7,96.75,97.95,393315
2026-04-17 15:00:00,15:00:00,97.95,104.6,95.45,103.05,1250275
2026-04-17 15:01:00,15:01:00,103.05,103.5,101.1,102.95,796770
2026-04-17 15:02:00,15:02:00,103.05,104.9,102.5,103.9,671840
2026-04-17 15:03:00,15:03:00,104.0,104.0,101.7,101.9,483015
2026-04-17 15:04:00,15:04:00,101.45,101.9,97.4,98.2,706550
2026-04-17 15:05:00,15:05:00,98.0,98.5,96.15,96.8,631475
2026-04-17 15:06:00,15:06:00,97.1,98.5,96.3,98.05,402415
2026-04-17 15:07:00,15:07:00,98.2,98.25,97.3,97.6,306475
2026-04-17 15:08:00,15:08:00,97.85,99.05,96.05,96.8,518895
2026-04-17 15:09:00,15:09:00,97.05,97.5,96.75,97.5,327210
2026-04-17 15:10:00,15:10:00,97.5,98.0,96.5,97.2,322595
2026-04-17 15:11:00,15:11:00,97.25,97.95,96.3,96.35,622505
2026-04-17 15:12:00,15:12:00,96.4,97.1,95.45,95.65,403780
2026-04-17 15:13:00,15:13:00,94.45,95.65,93.15,95.05,905125
2026-04-17 15:14:00,15:14:00,95.3,95.8,94.55,95.4,455390
2026-04-17 15:15:00,15:15:00,95.65,98.45,95.4,98.25,735345
2026-04-17 15:16:00,15:16:00,98.25,98.8,96.35,97.6,484640
2026-04-17 15:17:00,15:17:00,97.55,98.2,96.0,97.1,550940
2026-04-17 15:18:00,15:18:00,96.75,97.9,96.35,97.5,309985
2026-04-17 15:19:00,15:19:00,97.35,97.5,96.05,97.45,449150
2026-04-17 15:20:00,15:20:00,97.75,98.1,97.1,97.55,575575
2026-04-17 15:21:00,15:21:00,97.9,99.0,97.0,97.6,389545
2026-04-17 15:22:00,15:22:00,97.65,97.65,94.6,96.0,658645
2026-04-17 15:23:00,15:23:00,95.95,96.5,95.2,96.2,302510
2026-04-17 15:24:00,15:24:00,96.3,96.85,95.7,96.85,343005
2026-04-17 15:25:00,15:25:00,97.4,98.2,96.85,97.9,587795
2026-04-17 15:26:00,15:26:00,97.95,97.95,96.75,97.15,474630
2026-04-17 15:27:00,15:27:00,96.9,97.15,96.5,96.75,544050
2026-04-17 15:28:00,15:28:00,96.8,97.3,95.7,95.9,713895
2026-04-17 15:29:00,15:29:00,96.2,96.6,90.85,91.3,970710
