datetime,time,open,high,low,close,volume
2026-03-23 09:15:00,09:15:00,223.0,223.0,121.1,129.95,1053910
2026-03-23 09:16:00,09:16:00,113.8,119.85,109.4,119.5,1226745
2026-03-23 09:17:00,09:17:00,121.35,123.15,118.75,121.85,882310
2026-03-23 09:18:00,09:18:00,120.2,121.85,113.45,114.7,632970
2026-03-23 09:19:00,09:19:00,115.0,115.25,112.3,114.4,435305
2026-03-23 09:20:00,09:20:00,112.3,118.45,111.5,118.25,457990
2026-03-23 09:21:00,09:21:00,117.7,127.35,116.7,126.15,758355
2026-03-23 09:22:00,09:22:00,126.2,130.75,120.4,120.4,707980
2026-03-23 09:23:00,09:23:00,122.05,130.2,120.4,127.4,402415
2026-03-23 09:24:00,09:24:00,126.45,129.15,120.5,121.1,343655
2026-03-23 09:25:00,09:25:00,120.85,125.85,120.6,123.6,296855
2026-03-23 09:26:00,09:26:00,123.75,126.3,121.15,123.2,268840
2026-03-23 09:27:00,09:27:00,123.55,130.0,123.2,127.45,353600
2026-03-23 09:28:00,09:28:00,128.0,128.45,121.25,122.0,282815
2026-03-23 09:29:00,09:29:00,122.25,125.0,121.7,121.75,220610
2026-03-23 09:30:00,09:30:00,121.1,128.65,120.7,127.3,396370
2026-03-23 09:31:00,09:31:00,127.45,128.0,122.65,122.95,234650
2026-03-23 09:32:00,09:32:00,123.55,125.3,121.55,122.85,178490
2026-03-23 09:33:00,09:33:00,123.7,128.8,122.0,124.3,266240
2026-03-23 09:34:00,09:34:00,124.8,128.0,122.6,126.65,217035
2026-03-23 09:35:00,09:35:00,108.05,117.65,105.6,117.25,372840
2026-03-23 09:36:00,09:36:00,117.3,121.1,112.15,119.2,389090
2026-03-23 09:37:00,09:37:00,118.4,119.2,113.3,115.25,278590
2026-03-23 09:38:00,09:38:00,134.75,136.15,128.3,131.3,382070
2026-03-23 09:39:00,09:39:00,131.2,131.3,125.45,127.85,333775
2026-03-23 09:40:00,09:40:00,127.15,129.0,119.3,120.35,504790
2026-03-23 09:41:00,09:41:00,119.3,125.85,118.3,123.2,372450
2026-03-23 09:42:00,09:42:00,123.7,123.75,118.3,120.5,330850
2026-03-23 09:43:00,09:43:00,119.65,121.5,119.25,119.85,290030
2026-03-23 09:44:00,09:44:00,118.1,124.5,116.35,122.15,345735
2026-03-23 09:45:00,09:45:00,121.65,122.15,117.5,119.9,214045
2026-03-23 09:46:00,09:46:00,119.55,119.9,116.2,117.4,222300
2026-03-23 09:47:00,09:47:00,117.5,117.5,112.6,114.25,417495
2026-03-23 09:48:00,09:48:00,132.45,133.25,124.5,126.9,409435
2026-03-23 09:49:00,09:49:00,126.95,127.65,124.9,126.35,151905
2026-03-23 09:50:00,09:50:00,126.2,127.6,124.6,125.7,150215
2026-03-23 09:51:00,09:51:00,125.25,127.1,122.95,123.05,149305
2026-03-23 09:52:00,09:52:00,123.15,126.5,121.7,125.85,201110
2026-03-23 09:53:00,09:53:00,125.75,125.85,120.0,120.2,189540
2026-03-23 09:54:00,09:54:00,120.0,120.3,117.75,119.2,255580
2026-03-23 09:55:00,09:55:00,119.2,120.0,118.2,119.5,170040
2026-03-23 09:56:00,09:56:00,138.5,140.5,135.25,136.0,608335
2026-03-23 09:57:00,09:57:00,136.2,137.2,134.25,135.05,595205
2026-03-23 09:58:00,09:58:00,135.75,141.45,135.05,138.05,652275
2026-03-23 09:59:00,09:59:00,138.8,138.8,131.45,133.35,613145
2026-03-23 10:00:00,10:00:00,133.1,134.25,130.5,131.9,507520
2026-03-23 10:01:00,10:01:00,132.0,135.4,131.15,132.25,450515
2026-03-23 10:02:00,10:02:00,132.4,136.0,132.25,135.8,309920
2026-03-23 10:03:00,10:03:00,136.2,137.2,133.75,133.75,477685
2026-03-23 10:04:00,10:04:00,134.0,138.75,132.9,138.5,340340
2026-03-23 10:05:00,10:05:00,138.45,140.9,138.0,139.25,536055
2026-03-23 10:06:00,10:06:00,138.6,141.6,138.0,141.6,382460
2026-03-23 10:07:00,10:07:00,142.35,143.25,138.3,139.1,442195
2026-03-23 10:08:00,10:08:00,138.35,139.1,136.6,138.15,375570
2026-03-23 10:09:00,10:09:00,137.6,138.15,136.5,136.9,140465
2026-03-23 10:10:00,10:10:00,137.1,137.5,134.2,136.75,317720
2026-03-23 10:11:00,10:11:00,136.3,138.5,135.0,135.2,242775
2026-03-23 10:12:00,10:12:00,135.15,135.2,129.9,132.05,568230
2026-03-23 10:13:00,10:13:00,131.9,133.4,129.45,131.8,469495
2026-03-23 10:14:00,10:14:00,151.25,151.45,149.05,149.65,166725
2026-03-23 10:15:00,10:15:00,149.55,151.2,145.95,146.65,253565
2026-03-23 10:16:00,10:16:00,146.25,147.7,144.8,144.8,230750
2026-03-23 10:17:00,10:17:00,126.25,132.35,126.25,131.75,556985
2026-03-23 10:18:00,10:18:00,150.75,151.4,146.1,146.85,126685
2026-03-23 10:19:00,10:19:00,147.0,147.65,143.1,143.1,224120
2026-03-23 10:20:00,10:20:00,143.25,145.2,140.1,141.35,265265
2026-03-23 10:21:00,10:21:00,141.3,143.05,139.9,142.45,213070
2026-03-23 10:22:00,10:22:00,142.1,144.05,138.45,140.95,236340
2026-03-23 10:23:00,10:23:00,140.85,143.5,139.05,141.95,186095
2026-03-23 10:24:00,10:24:00,142.0,142.3,137.95,138.7,136695
2026-03-23 10:25:00,10:25:00,138.75,139.75,137.6,138.25,116480
2026-03-23 10:26:00,10:26:00,138.55,142.9,138.25,142.45,184145
2026-03-23 10:27:00,10:27:00,142.55,143.75,140.75,140.95,148395
2026-03-23 10:28:00,10:28:00,140.05,140.95,135.05,135.3,254345
2026-03-23 10:29:00,10:29:00,135.6,139.5,135.1,136.6,223730
2026-03-23 10:30:00,10:30:00,136.35,141.45,134.95,140.7,219440
2026-03-23 10:31:00,10:31:00,141.3,142.9,140.0,140.8,172510
2026-03-23 10:32:00,10:32:00,140.95,143.0,139.65,141.85,128115
2026-03-23 10:33:00,10:33:00,141.45,143.2,139.45,142.5,168480
2026-03-23 10:34:00,10:34:00,142.35,143.0,136.1,136.1,175695
2026-03-23 10:35:00,10:35:00,136.6,141.05,136.1,141.05,103610
2026-03-23 10:36:00,10:36:00,122.7,127.35,121.85,127.0,417365
2026-03-23 10:37:00,10:37:00,126.8,127.9,124.15,126.0,446810
2026-03-23 10:38:00,10:38:00,145.35,145.8,142.15,142.55,168155
2026-03-23 10:39:00,10:39:00,142.0,144.8,140.1,141.05,159965
2026-03-23 10:40:00,10:40:00,140.5,141.05,135.4,136.25,335270
2026-03-23 10:41:00,10:41:00,137.05,139.9,135.8,139.9,142350
2026-03-23 10:42:00,10:42:00,139.3,142.15,136.75,141.65,122980
2026-03-23 10:43:00,10:43:00,140.85,142.75,137.9,142.75,97825
2026-03-23 10:44:00,10:44:00,142.95,143.0,138.3,140.4,123240
2026-03-23 10:45:00,10:45:00,140.25,141.05,138.75,140.9,62335
2026-03-23 10:46:00,10:46:00,141.15,141.45,138.0,139.15,98280
2026-03-23 10:47:00,10:47:00,138.8,139.2,136.65,137.4,95420
2026-03-23 10:48:00,10:48:00,137.55,139.15,135.25,135.45,143845
2026-03-23 10:49:00,10:49:00,135.9,139.55,134.6,137.75,159705
2026-03-23 10:50:00,10:50:00,137.9,137.9,128.0,128.0,503490
2026-03-23 10:51:00,10:51:00,146.4,146.8,143.4,145.25,901875
2026-03-23 10:52:00,10:52:00,143.95,145.6,142.95,144.85,463775
2026-03-23 10:53:00,10:53:00,126.8,130.3,126.5,129.55,205010
2026-03-23 10:54:00,10:54:00,128.7,131.4,127.35,127.35,224120
2026-03-23 10:55:00,10:55:00,146.3,147.3,143.4,144.35,364260
2026-03-23 10:56:00,10:56:00,125.7,130.4,125.6,128.5,211315
2026-03-23 10:57:00,10:57:00,147.7,148.5,142.1,144.45,387855
2026-03-23 10:58:00,10:58:00,125.4,128.45,125.2,128.45,108615
2026-03-23 10:59:00,10:59:00,128.25,129.8,125.9,128.4,103025
2026-03-23 11:00:00,11:00:00,147.7,147.95,139.75,141.55,620360
2026-03-23 11:01:00,11:01:00,141.2,141.55,138.45,139.8,531375
2026-03-23 11:02:00,11:02:00,138.55,143.65,138.15,143.65,383955
2026-03-23 11:03:00,11:03:00,144.35,148.7,143.2,147.45,443690
2026-03-23 11:04:00,11:04:00,129.75,132.6,128.25,132.6,161655
2026-03-23 11:05:00,11:05:00,132.35,133.95,130.25,133.4,183755
2026-03-23 11:06:00,11:06:00,132.95,135.8,130.4,135.8,181935
2026-03-23 11:07:00,11:07:00,117.15,125.5,117.15,124.35,846950
2026-03-23 11:08:00,11:08:00,143.0,143.35,138.55,141.85,398905
2026-03-23 11:09:00,11:09:00,141.15,141.85,136.4,139.2,299975
2026-03-23 11:10:00,11:10:00,140.25,140.25,136.7,139.1,141115
2026-03-23 11:11:00,11:11:00,138.4,139.7,135.85,138.55,138645
2026-03-23 11:12:00,11:12:00,137.45,139.35,134.0,134.3,171015
2026-03-23 11:13:00,11:13:00,133.85,136.1,132.75,134.55,158990
2026-03-23 11:14:00,11:14:00,135.2,138.15,133.15,134.8,152360
2026-03-23 11:15:00,11:15:00,133.6,134.8,130.05,131.4,212355
2026-03-23 11:16:00,11:16:00,131.4,131.4,128.0,128.9,188760
2026-03-23 11:17:00,11:17:00,128.4,130.3,126.55,129.2,169910
2026-03-23 11:18:00,11:18:00,128.8,129.3,126.35,127.35,135915
2026-03-23 11:19:00,11:19:00,127.25,129.35,126.15,127.2,89440
2026-03-23 11:20:00,11:20:00,126.95,134.85,126.95,132.9,200785
2026-03-23 11:21:00,11:21:00,132.3,133.9,130.75,131.75,185380
2026-03-23 11:22:00,11:22:00,132.05,132.3,125.15,126.0,268970
2026-03-23 11:23:00,11:23:00,127.6,132.7,125.5,132.7,136110
2026-03-23 11:24:00,11:24:00,132.75,133.45,129.0,131.9,146965
2026-03-23 11:25:00,11:25:00,130.95,133.55,129.6,132.4,188110
2026-03-23 11:26:00,11:26:00,131.0,136.45,130.8,135.2,303550
2026-03-23 11:27:00,11:27:00,134.8,136.3,131.15,131.8,159705
2026-03-23 11:28:00,11:28:00,131.5,132.5,127.2,127.2,338520
2026-03-23 11:29:00,11:29:00,127.65,134.95,127.0,133.25,172965
2026-03-23 11:30:00,11:30:00,133.0,134.5,130.45,131.5,107705
2026-03-23 11:31:00,11:31:00,131.75,135.2,130.7,135.2,83915
2026-03-23 11:32:00,11:32:00,136.2,137.75,130.45,131.35,293215
2026-03-23 11:33:00,11:33:00,130.7,131.35,124.4,124.4,260910
2026-03-23 11:34:00,11:34:00,124.9,128.25,123.95,127.2,175955
2026-03-23 11:35:00,11:35:00,146.0,146.0,139.25,139.75,574405
2026-03-23 11:36:00,11:36:00,140.25,143.0,139.75,141.45,330655
2026-03-23 11:37:00,11:37:00,123.15,125.25,122.6,123.85,85930
2026-03-23 11:38:00,11:38:00,123.8,125.55,122.8,124.4,73385
2026-03-23 11:39:00,11:39:00,124.8,128.7,124.4,127.1,117910
2026-03-23 11:40:00,11:40:00,127.05,133.0,126.0,126.7,233415
2026-03-23 11:41:00,11:41:00,126.3,131.0,126.3,130.35,85215
2026-03-23 11:42:00,11:42:00,130.7,131.1,124.8,126.4,157235
2026-03-23 11:43:00,11:43:00,145.15,145.35,137.55,137.75,507260
2026-03-23 11:44:00,11:44:00,138.0,140.55,135.0,139.0,794430
2026-03-23 11:45:00,11:45:00,121.4,125.35,121.0,123.0,170235
2026-03-23 11:46:00,11:46:00,124.1,124.1,120.35,123.25,125385
2026-03-23 11:47:00,11:47:00,141.7,143.25,139.65,141.9,171080
2026-03-23 11:48:00,11:48:00,123.05,126.0,122.5,123.45,103090
2026-03-23 11:49:00,11:49:00,123.55,125.1,121.3,124.6,62790
2026-03-23 11:50:00,11:50:00,124.35,125.7,122.05,124.85,62790
2026-03-23 11:51:00,11:51:00,125.8,131.9,124.85,130.35,236795
2026-03-23 11:52:00,11:52:00,130.6,134.3,129.9,131.4,246480
2026-03-23 11:53:00,11:53:00,132.2,135.65,129.8,131.95,267605
2026-03-23 11:54:00,11:54:00,132.55,133.5,130.1,131.6,107770
2026-03-23 11:55:00,11:55:00,132.2,132.85,130.1,130.8,80860
2026-03-23 11:56:00,11:56:00,131.1,131.5,125.45,127.4,192010
2026-03-23 11:57:00,11:57:00,126.8,133.75,126.8,133.65,127465
2026-03-23 11:58:00,11:58:00,133.85,135.25,129.95,132.8,466700
2026-03-23 11:59:00,11:59:00,132.2,133.7,128.05,131.45,153660
2026-03-23 12:00:00,12:00:00,131.25,131.6,126.35,127.4,120510
2026-03-23 12:01:00,12:01:00,127.4,131.65,126.75,131.1,139230
2026-03-23 12:02:00,12:02:00,131.15,133.6,128.25,133.6,117195
2026-03-23 12:03:00,12:03:00,134.0,134.8,128.7,130.45,112905
2026-03-23 12:04:00,12:04:00,129.9,133.6,129.2,129.2,97500
2026-03-23 12:05:00,12:05:00,129.55,132.1,127.85,130.35,303680
2026-03-23 12:06:00,12:06:00,129.95,131.35,126.7,126.7,84175
2026-03-23 12:07:00,12:07:00,126.75,126.85,123.05,126.85,216645
2026-03-23 12:08:00,12:08:00,126.9,128.15,124.7,126.65,106535
2026-03-23 12:09:00,12:09:00,127.2,129.65,125.0,129.65,94575
2026-03-23 12:10:00,12:10:00,129.9,135.45,129.65,133.0,296270
2026-03-23 12:11:00,12:11:00,133.6,135.75,132.1,134.55,93990
2026-03-23 12:12:00,12:12:00,134.5,134.65,129.25,129.6,169520
2026-03-23 12:13:00,12:13:00,130.25,130.75,125.1,127.2,167505
2026-03-23 12:14:00,12:14:00,126.7,127.2,124.65,124.9,133445
2026-03-23 12:15:00,12:15:00,123.85,126.05,120.55,124.1,231335
2026-03-23 12:16:00,12:16:00,142.35,142.9,139.1,141.4,281515
2026-03-23 12:17:00,12:17:00,123.0,124.05,120.35,122.55,117845
2026-03-23 12:18:00,12:18:00,140.7,141.0,138.65,138.65,188305
2026-03-23 12:19:00,12:19:00,121.05,123.65,119.95,122.1,132275
2026-03-23 12:20:00,12:20:00,140.55,141.0,138.0,139.4,205855
2026-03-23 12:21:00,12:21:00,139.05,140.45,137.95,138.95,233285
2026-03-23 12:22:00,12:22:00,138.25,141.0,137.4,137.5,232635
2026-03-23 12:23:00,12:23:00,137.45,139.55,137.3,139.2,198900
2026-03-23 12:24:00,12:24:00,138.95,139.35,128.45,130.25,988520
2026-03-23 12:25:00,12:25:00,131.6,132.5,128.75,130.9,718445
2026-03-23 12:26:00,12:26:00,130.6,131.7,129.3,131.1,465725
2026-03-23 12:27:00,12:27:00,130.8,134.9,130.8,134.4,443885
2026-03-23 12:28:00,12:28:00,133.7,138.7,132.9,138.25,394355
2026-03-23 12:29:00,12:29:00,138.45,141.65,138.25,139.3,596440
2026-03-23 12:30:00,12:30:00,139.65,141.5,136.55,139.75,388895
2026-03-23 12:31:00,12:31:00,138.5,142.45,136.9,139.1,424905
2026-03-23 12:32:00,12:32:00,139.15,139.15,134.15,136.4,334555
2026-03-23 12:33:00,12:33:00,136.5,141.0,136.4,137.5,334685
2026-03-23 12:34:00,12:34:00,137.75,142.15,137.5,139.85,292565
2026-03-23 12:35:00,12:35:00,122.0,124.85,121.8,123.7,148005
2026-03-23 12:36:00,12:36:00,141.95,142.8,138.35,141.55,342745
2026-03-23 12:37:00,12:37:00,123.0,133.35,123.0,132.2,446745
2026-03-23 12:38:00,12:38:00,132.55,132.9,128.25,128.25,280670
2026-03-23 12:39:00,12:39:00,147.85,148.5,145.3,145.35,339625
2026-03-23 12:40:00,12:40:00,126.9,130.35,126.65,129.2,96590
2026-03-23 12:41:00,12:41:00,129.6,131.7,128.55,129.45,138710
2026-03-23 12:42:00,12:42:00,148.7,148.9,143.9,144.9,385385
2026-03-23 12:43:00,12:43:00,145.0,146.4,142.05,145.8,478660
2026-03-23 12:44:00,12:44:00,127.15,131.75,126.9,129.55,251680
2026-03-23 12:45:00,12:45:00,129.8,130.95,126.0,127.35,147810
2026-03-23 12:46:00,12:46:00,127.5,129.85,126.25,129.85,74685
2026-03-23 12:47:00,12:47:00,129.2,134.95,129.2,132.15,311870
2026-03-23 12:48:00,12:48:00,130.85,132.35,129.9,130.5,109460
2026-03-23 12:49:00,12:49:00,131.95,134.3,130.45,132.0,157950
2026-03-23 12:50:00,12:50:00,132.1,132.2,126.5,128.9,169715
2026-03-23 12:51:00,12:51:00,128.7,133.5,127.55,130.95,148785
2026-03-23 12:52:00,12:52:00,150.05,150.05,141.7,141.7,473265
2026-03-23 12:53:00,12:53:00,141.5,145.0,140.95,143.6,367510
2026-03-23 12:54:00,12:54:00,143.25,145.0,141.0,141.75,303160
2026-03-23 12:55:00,12:55:00,141.25,142.05,136.25,140.8,682955
2026-03-23 12:56:00,12:56:00,140.85,142.7,137.6,137.9,342160
2026-03-23 12:57:00,12:57:00,137.05,139.15,136.0,137.75,288145
2026-03-23 12:58:00,12:58:00,138.0,140.1,133.15,139.6,546130
2026-03-23 12:59:00,12:59:00,140.3,140.65,136.95,139.0,290745
2026-03-23 13:00:00,13:00:00,138.1,139.0,134.55,136.0,304460
2026-03-23 13:01:00,13:01:00,135.9,139.8,134.2,137.85,273000
2026-03-23 13:02:00,13:02:00,138.1,138.25,133.4,135.55,364780
2026-03-23 13:03:00,13:03:00,135.55,136.0,132.8,132.8,238420
2026-03-23 13:04:00,13:04:00,133.5,135.75,132.4,133.25,202995
2026-03-23 13:05:00,13:05:00,133.0,134.75,132.25,134.75,236275
2026-03-23 13:06:00,13:06:00,133.6,139.6,133.6,136.8,379080
2026-03-23 13:07:00,13:07:00,135.75,138.35,135.3,138.15,219635
2026-03-23 13:08:00,13:08:00,138.2,141.5,137.4,141.5,241345
2026-03-23 13:09:00,13:09:00,141.3,142.25,134.2,135.7,587015
2026-03-23 13:10:00,13:10:00,135.8,137.65,134.8,134.8,179530
2026-03-23 13:11:00,13:11:00,134.0,136.0,132.2,133.2,293865
2026-03-23 13:12:00,13:12:00,134.0,135.05,131.4,132.75,321750
2026-03-23 13:13:00,13:13:00,132.95,137.0,132.0,132.7,234780
2026-03-23 13:14:00,13:14:00,132.45,138.75,132.35,138.75,165880
2026-03-23 13:15:00,13:15:00,138.35,142.8,137.9,142.0,612560
2026-03-23 13:16:00,13:16:00,142.1,142.3,139.75,140.2,310115
2026-03-23 13:17:00,13:17:00,140.0,140.9,138.15,139.25,189020
2026-03-23 13:18:00,13:18:00,139.15,141.7,138.8,138.9,157040
2026-03-23 13:19:00,13:19:00,138.0,139.55,136.25,136.25,237705
2026-03-23 13:20:00,13:20:00,135.7,138.95,134.15,137.9,333190
2026-03-23 13:21:00,13:21:00,137.2,142.95,137.2,142.55,373295
2026-03-23 13:22:00,13:22:00,142.8,142.8,138.15,139.3,340730
2026-03-23 13:23:00,13:23:00,139.0,139.35,135.3,137.95,319735
2026-03-23 13:24:00,13:24:00,138.45,140.35,137.6,138.1,155090
2026-03-23 13:25:00,13:25:00,137.45,139.0,133.0,137.75,432445
2026-03-23 13:26:00,13:26:00,137.55,142.2,137.25,141.35,319410
2026-03-23 13:27:00,13:27:00,141.2,143.0,133.35,134.65,384150
2026-03-23 13:28:00,13:28:00,134.9,139.0,134.35,136.85,248170
2026-03-23 13:29:00,13:29:00,136.8,138.3,132.9,134.6,313560
2026-03-23 13:30:00,13:30:00,134.45,145.75,134.45,144.35,707395
2026-03-23 13:31:00,13:31:00,144.9,144.9,139.25,139.95,325845
2026-03-23 13:32:00,13:32:00,140.0,145.8,137.2,145.6,359580
2026-03-23 13:33:00,13:33:00,143.9,145.6,138.0,140.85,363155
2026-03-23 13:34:00,13:34:00,140.2,144.75,137.85,144.1,284440
2026-03-23 13:35:00,13:35:00,143.45,147.0,142.0,142.2,584610
2026-03-23 13:36:00,13:36:00,143.05,147.25,141.45,146.45,395590
2026-03-23 13:37:00,13:37:00,146.65,147.7,143.55,143.75,315965
2026-03-23 13:38:00,13:38:00,144.05,146.7,142.85,145.1,255710
2026-03-23 13:39:00,13:39:00,145.95,146.45,143.65,144.3,193440
2026-03-23 13:40:00,13:40:00,145.4,148.25,143.45,146.1,352755
2026-03-23 13:41:00,13:41:00,126.8,133.9,125.5,133.9,306215
2026-03-23 13:42:00,13:42:00,134.0,139.0,131.5,131.5,521495
2026-03-23 13:43:00,13:43:00,131.1,138.3,128.95,134.55,323050
2026-03-23 13:44:00,13:44:00,135.05,145.0,134.55,141.0,737425
2026-03-23 13:45:00,13:45:00,142.5,142.95,138.4,142.9,537550
2026-03-23 13:46:00,13:46:00,140.25,143.15,136.95,139.3,585975
2026-03-23 13:47:00,13:47:00,119.6,124.0,118.25,122.75,460915
2026-03-23 13:48:00,13:48:00,122.5,127.15,119.15,124.9,706550
2026-03-23 13:49:00,13:49:00,125.15,128.0,123.45,126.0,665470
2026-03-23 13:50:00,13:50:00,127.05,131.5,126.0,131.35,1069705
2026-03-23 13:51:00,13:51:00,131.15,134.1,122.0,123.9,1311310
2026-03-23 13:52:00,13:52:00,125.0,130.75,121.1,130.65,834210
2026-03-23 13:53:00,13:53:00,130.8,131.0,126.1,129.2,519545
2026-03-23 13:54:00,13:54:00,129.05,129.2,121.85,125.4,483210
2026-03-23 13:55:00,13:55:00,125.4,128.9,123.85,126.9,388050
2026-03-23 13:56:00,13:56:00,126.35,129.05,123.3,127.6,405275
2026-03-23 13:57:00,13:57:00,127.55,128.65,123.3,127.5,298675
2026-03-23 13:58:00,13:58:00,129.45,129.7,123.2,125.0,402740
2026-03-23 13:59:00,13:59:00,126.35,126.5,121.45,121.45,344500
2026-03-23 14:00:00,14:00:00,121.1,125.15,118.85,124.0,710515
2026-03-23 14:01:00,14:01:00,124.3,131.0,122.5,130.25,669695
2026-03-23 14:02:00,14:02:00,111.45,115.8,111.25,113.7,390780
2026-03-23 14:03:00,14:03:00,113.95,116.3,113.6,115.35,274950
2026-03-23 14:04:00,14:04:00,115.25,120.4,112.7,116.75,509015
2026-03-23 14:05:00,14:05:00,117.1,121.3,116.05,116.15,426335
2026-03-23 14:06:00,14:06:00,117.35,121.3,116.15,118.8,224965
2026-03-23 14:07:00,14:07:00,119.5,121.0,111.6,114.35,348920
2026-03-23 14:08:00,14:08:00,133.6,133.9,121.1,125.45,1003080
2026-03-23 14:09:00,14:09:00,107.6,112.85,106.85,112.05,221455
2026-03-23 14:10:00,14:10:00,130.3,130.9,125.3,127.75,352235
2026-03-23 14:11:00,14:11:00,110.3,112.95,107.7,112.95,113230
2026-03-23 14:12:00,14:12:00,112.65,116.5,110.4,110.4,254475
2026-03-23 14:13:00,14:13:00,128.5,131.95,123.9,124.35,389025
2026-03-23 14:14:00,14:14:00,125.0,128.55,124.35,125.15,298415
2026-03-23 14:15:00,14:15:00,125.9,127.5,122.7,126.55,518960
2026-03-23 14:16:00,14:16:00,108.85,113.7,107.4,111.75,157430
2026-03-23 14:17:00,14:17:00,110.9,116.05,110.9,114.7,212290
2026-03-23 14:18:00,14:18:00,115.85,117.6,112.8,114.6,238160
2026-03-23 14:19:00,14:19:00,115.05,116.9,111.5,112.9,197600
2026-03-23 14:20:00,14:20:00,112.5,116.05,110.15,113.3,143780
2026-03-23 14:21:00,14:21:00,113.8,115.35,112.0,112.65,122590
2026-03-23 14:22:00,14:22:00,111.55,113.5,109.25,110.65,133835
2026-03-23 14:23:00,14:23:00,110.45,114.0,108.3,113.9,125190
2026-03-23 14:24:00,14:24:00,113.55,116.0,106.35,106.35,256685
2026-03-23 14:25:00,14:25:00,124.0,124.3,111.85,114.2,1401855
2026-03-23 14:26:00,14:26:00,114.6,119.6,111.45,118.0,590070
2026-03-23 14:27:00,14:27:00,100.3,105.15,99.7,102.85,319150
2026-03-23 14:28:00,14:28:00,120.75,122.35,115.45,116.85,454480
2026-03-23 14:29:00,14:29:00,116.9,116.9,112.0,112.95,397280
2026-03-23 14:30:00,14:30:00,111.85,112.95,105.15,105.6,746590
2026-03-23 14:31:00,14:31:00,124.0,125.25,116.75,117.65,527930
2026-03-23 14:32:00,14:32:00,116.2,117.65,108.55,112.4,623545
2026-03-23 14:33:00,14:33:00,130.95,131.75,107.95,107.95,1739855
2026-03-23 14:34:00,14:34:00,95.95,102.25,91.2,95.65,635180
2026-03-23 14:35:00,14:35:00,96.7,97.5,94.5,95.05,415415
2026-03-23 14:36:00,14:36:00,95.5,111.85,95.05,111.55,629850
2026-03-23 14:37:00,14:37:00,93.4,104.7,93.4,100.75,1301625
2026-03-23 14:38:00,14:38:00,118.25,120.55,111.7,112.7,399230
2026-03-23 14:39:00,14:39:00,110.0,112.7,106.3,109.8,462605
2026-03-23 14:40:00,14:40:00,108.6,112.55,105.45,109.55,361595
2026-03-23 14:41:00,14:41:00,107.9,111.0,106.3,111.0,203320
2026-03-23 14:42:00,14:42:00,110.2,112.45,105.15,106.3,282620
2026-03-23 14:43:00,14:43:00,89.75,101.05,89.0,101.05,526630
2026-03-23 14:44:00,14:44:00,101.15,107.8,99.6,107.5,1225250
2026-03-23 14:45:00,14:45:00,107.85,110.45,103.25,107.2,910065
2026-03-23 14:46:00,14:46:00,108.3,108.35,102.7,105.45,639925
2026-03-23 14:47:00,14:47:00,104.5,109.65,103.0,103.55,589420
2026-03-23 14:48:00,14:48:00,103.85,106.55,99.0,105.65,625885
2026-03-23 14:49:00,14:49:00,107.1,108.25,102.0,107.45,436670
2026-03-23 14:50:00,14:50:00,108.25,119.65,107.45,116.65,1332695
2026-03-23 14:51:00,14:51:00,98.35,108.85,98.35,107.4,862355
2026-03-23 14:52:00,14:52:00,106.75,107.4,101.5,106.15,428545
2026-03-23 14:53:00,14:53:00,106.95,108.1,102.95,103.95,352625
2026-03-23 14:54:00,14:54:00,120.8,122.15,110.2,111.2,1004055
2026-03-23 14:55:00,14:55:00,111.7,115.45,102.5,104.35,891735
2026-03-23 14:56:00,14:56:00,106.8,108.65,104.35,107.45,495690
2026-03-23 14:57:00,14:57:00,105.8,110.25,104.0,105.7,459940
2026-03-23 14:58:00,14:58:00,104.75,108.1,100.8,105.95,793585
2026-03-23 14:59:00,14:59:00,105.75,110.4,105.25,110.0,512525
2026-03-23 15:00:00,15:00:00,110.15,110.15,92.65,95.75,1502020
2026-03-23 15:01:00,15:01:00,113.3,113.7,105.0,112.3,565565
2026-03-23 15:02:00,15:02:00,113.65,113.65,101.9,105.2,430885
2026-03-23 15:03:00,15:03:00,103.35,105.2,98.8,98.95,426855
2026-03-23 15:04:00,15:04:00,115.2,116.9,108.75,109.8,1299350
2026-03-23 15:05:00,15:05:00,110.25,111.15,107.05,110.45,988520
2026-03-23 15:06:00,15:06:00,109.7,111.15,103.0,104.6,1338285
2026-03-23 15:07:00,15:07:00,104.4,112.15,104.4,110.5,833885
2026-03-23 15:08:00,15:08:00,109.1,111.85,108.3,111.85,645450
2026-03-23 15:09:00,15:09:00,111.45,119.85,111.25,118.0,968240
2026-03-23 15:10:00,15:10:00,99.9,105.0,98.4,104.35,431665
2026-03-23 15:11:00,15:11:00,104.5,106.5,102.7,105.55,428480
2026-03-23 15:12:00,15:12:00,122.15,123.9,116.55,117.65,695500
2026-03-23 15:13:00,15:13:00,116.75,118.25,114.7,117.65,427375
2026-03-23 15:14:00,15:14:00,117.65,117.65,112.15,116.0,562640
2026-03-23 15:15:00,15:15:00,114.8,116.0,107.2,111.3,886340
2026-03-23 15:16:00,15:16:00,111.2,112.55,105.55,109.85,504400
2026-03-23 15:17:00,15:17:00,110.95,112.5,108.7,108.7,512200
2026-03-23 15:18:00,15:18:00,108.1,109.0,103.25,105.85,640705
2026-03-23 15:19:00,15:19:00,106.4,107.4,104.75,106.3,498485
2026-03-23 15:20:00,15:20:00,107.05,108.0,103.75,106.55,597610
2026-03-23 15:21:00,15:21:00,105.05,106.55,98.65,101.15,832650
2026-03-23 15:22:00,15:22:00,100.2,105.25,100.2,105.0,945880
2026-03-23 15:23:00,15:23:00,104.3,106.75,103.35,106.75,414960
2026-03-23 15:24:00,15:24:00,106.6,107.0,102.6,106.65,643630
2026-03-23 15:25:00,15:25:00,106.3,110.4,105.8,109.9,897910
2026-03-23 15:26:00,15:26:00,109.85,109.9,105.65,107.2,569075
2026-03-23 15:27:00,15:27:00,106.95,107.2,103.7,105.15,439465
2026-03-23 15:28:00,15:28:00,104.75,105.6,102.6,102.8,585975
2026-03-23 15:29:00,15:29:00,102.8,107.7,101.45,106.35,1087645
2026-03-24 09:15:00,09:15:00,67.2,93.0,67.2,74.65,3246035
2026-03-24 09:16:00,09:16:00,88.95,97.85,66.1,70.5,7601425
2026-03-24 09:17:00,09:17:00,70.8,79.2,70.0,75.1,4283305
2026-03-24 09:18:00,09:18:00,78.6,81.85,68.15,71.45,3733730
2026-03-24 09:19:00,09:19:00,71.65,72.9,64.6,68.55,2852330
2026-03-24 09:20:00,09:20:00,70.25,70.45,58.7,58.7,3105245
2026-03-24 09:21:00,09:21:00,59.25,62.6,57.55,61.5,2777645
2026-03-24 09:22:00,09:22:00,79.3,83.75,71.95,74.55,1948895
2026-03-24 09:23:00,09:23:00,56.3,64.2,56.3,64.15,1982110
2026-03-24 09:24:00,09:24:00,63.75,74.0,61.7,71.9,3665675
2026-03-24 09:25:00,09:25:00,72.3,77.45,69.45,75.5,4378270
2026-03-24 09:26:00,09:26:00,57.15,64.15,54.15,61.8,2256605
2026-03-24 09:27:00,09:27:00,62.45,63.9,58.55,61.25,2065505
2026-03-24 09:28:00,09:28:00,61.2,62.4,54.8,55.1,1682850
2026-03-24 09:29:00,09:29:00,54.8,62.0,52.4,60.15,1625650
2026-03-24 09:30:00,09:30:00,60.8,63.8,59.85,60.45,1701830
2026-03-24 09:31:00,09:31:00,59.7,61.75,54.05,55.75,1527240
2026-03-24 09:32:00,09:32:00,55.4,57.15,49.8,56.15,1583335
2026-03-24 09:33:00,09:33:00,56.9,57.25,51.55,56.5,769340
2026-03-24 09:34:00,09:34:00,73.9,75.0,67.15,67.5,1670305
2026-03-24 09:35:00,09:35:00,66.95,75.3,66.45,69.7,1948050
2026-03-24 09:36:00,09:36:00,69.7,72.9,68.0,70.95,1349400
2026-03-24 09:37:00,09:37:00,70.15,70.95,56.4,59.1,3987555
2026-03-24 09:38:00,09:38:00,59.65,59.65,54.1,54.85,2696265
2026-03-24 09:39:00,09:39:00,72.7,74.2,64.95,65.85,2896660
2026-03-24 09:40:00,09:40:00,49.15,54.3,47.1,52.3,2689310
2026-03-24 09:41:00,09:41:00,51.95,54.0,49.6,53.35,1606280
2026-03-24 09:42:00,09:42:00,71.4,72.4,59.0,59.0,1973400
2026-03-24 09:43:00,09:43:00,57.9,59.15,54.0,55.65,3008525
2026-03-24 09:44:00,09:44:00,55.5,59.45,53.7,58.45,1582230
2026-03-24 09:45:00,09:45:00,79.8,79.8,68.05,69.3,3322475
2026-03-24 09:46:00,09:46:00,68.5,72.15,67.7,69.15,2638805
2026-03-24 09:47:00,09:47:00,69.0,74.8,68.0,68.95,2225405
2026-03-24 09:48:00,09:48:00,67.6,69.6,65.9,67.4,2230280
2026-03-24 09:49:00,09:49:00,67.5,72.75,67.0,68.25,2153775
2026-03-24 09:50:00,09:50:00,68.0,74.55,65.8,68.1,2421575
2026-03-24 09:51:00,09:51:00,67.8,69.9,63.45,68.9,2857920
2026-03-24 09:52:00,09:52:00,68.2,70.6,65.75,68.9,1743885
2026-03-24 09:53:00,09:53:00,69.1,72.25,66.1,71.15,1520025
2026-03-24 09:54:00,09:54:00,53.2,56.25,51.9,53.35,1419340
2026-03-24 09:55:00,09:55:00,52.9,62.4,51.35,62.4,1645800
2026-03-24 09:56:00,09:56:00,63.6,67.9,61.8,65.75,3529370
2026-03-24 09:57:00,09:57:00,65.0,68.45,60.1,66.65,2093975
2026-03-24 09:58:00,09:58:00,67.25,67.9,56.9,60.25,2207660
2026-03-24 09:59:00,09:59:00,59.9,64.55,54.55,59.25,1742650
2026-03-24 10:00:00,10:00:00,58.6,60.6,55.2,56.25,1268540
2026-03-24 10:01:00,10:01:00,75.0,75.6,62.9,62.95,4538950
2026-03-24 10:02:00,10:02:00,62.1,69.1,60.6,64.2,3430375
2026-03-24 10:03:00,10:03:00,64.0,66.2,60.0,60.6,2560090
2026-03-24 10:04:00,10:04:00,59.75,62.25,55.45,56.5,3348670
2026-03-24 10:05:00,10:05:00,56.65,62.55,56.5,62.05,2103985
2026-03-24 10:06:00,10:06:00,62.75,64.2,58.0,58.1,1772810
2026-03-24 10:07:00,10:07:00,57.5,58.1,53.9,55.0,2665260
2026-03-24 10:08:00,10:08:00,54.5,55.55,51.55,52.2,2034825
2026-03-24 10:09:00,10:09:00,52.2,55.75,50.0,50.3,2562690
2026-03-24 10:10:00,10:10:00,50.1,54.0,49.6,53.35,1675635
2026-03-24 10:11:00,10:11:00,53.55,54.8,50.7,50.7,1375140
2026-03-24 10:12:00,10:12:00,50.85,52.5,50.6,51.85,1048645
2026-03-24 10:13:00,10:13:00,51.95,57.25,51.55,57.25,2094040
2026-03-24 10:14:00,10:14:00,59.45,59.55,55.8,55.8,2641730
2026-03-24 10:15:00,10:15:00,55.65,58.55,53.7,56.5,1900405
2026-03-24 10:16:00,10:16:00,41.7,45.7,40.35,45.1,1639300
2026-03-24 10:17:00,10:17:00,45.35,49.3,44.6,48.25,2212795
2026-03-24 10:18:00,10:18:00,47.85,51.85,46.55,48.6,1866280
2026-03-24 10:19:00,10:19:00,48.15,48.6,44.15,45.5,1365325
2026-03-24 10:20:00,10:20:00,63.15,65.1,55.4,55.9,2366065
2026-03-24 10:21:00,10:21:00,40.2,47.3,39.1,47.3,1487395
2026-03-24 10:22:00,10:22:00,45.25,50.05,45.25,49.0,1513915
2026-03-24 10:23:00,10:23:00,50.1,60.65,49.0,60.6,3151525
2026-03-24 10:24:00,10:24:00,61.7,62.0,55.2,57.15,2370810
2026-03-24 10:25:00,10:25:00,56.95,57.15,51.55,55.55,2059850
2026-03-24 10:26:00,10:26:00,56.05,56.05,44.45,45.2,1920230
2026-03-24 10:27:00,10:27:00,44.5,45.65,41.7,42.4,1616160
2026-03-24 10:28:00,10:28:00,42.7,44.5,40.7,43.3,1164345
2026-03-24 10:29:00,10:29:00,43.4,44.95,41.5,44.6,907595
2026-03-24 10:30:00,10:30:00,61.9,62.0,53.45,53.45,2270775
2026-03-24 10:31:00,10:31:00,52.1,54.65,46.8,47.65,3790280
2026-03-24 10:32:00,10:32:00,46.55,49.25,44.75,44.75,3057665
2026-03-24 10:33:00,10:33:00,44.0,45.7,40.25,41.15,3776045
2026-03-24 10:34:00,10:34:00,57.2,57.5,51.55,52.25,2345005
2026-03-24 10:35:00,10:35:00,50.9,52.85,48.6,49.25,2612870
2026-03-24 10:36:00,10:36:00,49.45,51.1,44.9,45.75,2230215
2026-03-24 10:37:00,10:37:00,44.95,45.75,41.95,45.3,3060135
2026-03-24 10:38:00,10:38:00,45.55,48.7,43.2,47.85,1761955
2026-03-24 10:39:00,10:39:00,48.15,48.15,42.9,43.05,1141985
2026-03-24 10:40:00,10:40:00,43.6,45.45,42.85,45.1,1165190
2026-03-24 10:41:00,10:41:00,45.05,49.95,43.6,47.15,1407055
2026-03-24 10:42:00,10:42:00,47.25,51.8,45.6,50.85,1572090
2026-03-24 10:43:00,10:43:00,51.55,55.6,50.5,53.5,2187055
2026-03-24 10:44:00,10:44:00,52.25,57.9,51.9,52.85,1894815
2026-03-24 10:45:00,10:45:00,52.6,54.15,50.5,50.8,1192815
2026-03-24 10:46:00,10:46:00,50.25,53.4,48.2,50.4,1347450
2026-03-24 10:47:00,10:47:00,51.0,54.3,49.0,51.1,1165190
2026-03-24 10:48:00,10:48:00,36.35,53.85,35.2,53.85,6275555
2026-03-24 10:49:00,10:49:00,55.4,55.4,42.45,42.95,5812625
2026-03-24 10:50:00,10:50:00,42.45,48.65,42.0,48.65,3427580
2026-03-24 10:51:00,10:51:00,48.75,49.0,38.15,38.15,3173950
2026-03-24 10:52:00,10:52:00,52.4,55.5,46.35,47.25,2593435
2026-03-24 10:53:00,10:53:00,48.6,51.35,45.8,49.15,1483495
2026-03-24 10:54:00,10:54:00,51.85,51.85,46.6,49.0,1248260
2026-03-24 10:55:00,10:55:00,49.45,52.35,47.85,49.85,1078675
2026-03-24 10:56:00,10:56:00,50.65,50.65,45.8,47.4,932230
2026-03-24 10:57:00,10:57:00,47.05,48.05,42.9,43.0,1255670
2026-03-24 10:58:00,10:58:00,42.95,43.55,38.05,38.5,1999400
2026-03-24 10:59:00,10:59:00,38.5,40.95,36.1,38.65,1712425
2026-03-24 11:00:00,11:00:00,38.6,43.8,38.6,43.65,1584830
2026-03-24 11:01:00,11:01:00,43.8,45.4,41.05,44.45,1373190
2026-03-24 11:02:00,11:02:00,44.2,44.95,42.35,43.55,854490
2026-03-24 11:03:00,11:03:00,44.05,46.45,43.4,44.35,996385
2026-03-24 11:04:00,11:04:00,30.65,34.75,30.65,34.4,2122770
2026-03-24 11:05:00,11:05:00,49.1,49.5,45.5,48.25,1037660
2026-03-24 11:06:00,11:06:00,48.2,49.5,44.75,45.45,985985
2026-03-24 11:07:00,11:07:00,45.55,48.5,45.45,47.05,671905
2026-03-24 11:08:00,11:08:00,33.05,39.3,33.0,38.3,2956525
2026-03-24 11:09:00,11:09:00,38.2,38.6,35.05,37.35,2015000
2026-03-24 11:10:00,11:10:00,37.3,44.2,37.1,40.85,3661905
2026-03-24 11:11:00,11:11:00,41.5,49.8,40.85,44.2,4654585
2026-03-24 11:12:00,11:12:00,43.8,46.15,42.2,44.45,2527330
2026-03-24 11:13:00,11:13:00,44.3,46.45,41.35,43.15,2329535
2026-03-24 11:14:00,11:14:00,43.2,46.55,39.45,45.55,2172300
2026-03-24 11:15:00,11:15:00,45.1,47.1,42.15,46.2,2807415
2026-03-24 11:16:00,11:16:00,46.65,50.75,46.2,46.55,3421405
2026-03-24 11:17:00,11:17:00,46.75,52.55,45.3,52.55,2671110
2026-03-24 11:18:00,11:18:00,37.35,38.0,33.6,36.8,1910935
2026-03-24 11:19:00,11:19:00,36.8,38.1,33.5,34.5,1782430
2026-03-24 11:20:00,11:20:00,34.95,41.2,33.3,38.55,2706665
2026-03-24 11:21:00,11:21:00,37.6,38.55,32.35,32.85,1937585
2026-03-24 11:22:00,11:22:00,33.35,38.4,32.4,33.9,1667380
2026-03-24 11:23:00,11:23:00,49.0,51.5,43.3,43.3,2942940
2026-03-24 11:24:00,11:24:00,43.65,46.0,38.7,38.7,3042260
2026-03-24 11:25:00,11:25:00,38.45,45.65,35.15,45.05,3366480
2026-03-24 11:26:00,11:26:00,44.6,47.5,41.75,47.5,2045615
2026-03-24 11:27:00,11:27:00,47.15,48.95,43.6,45.8,2646215
2026-03-24 11:28:00,11:28:00,32.3,35.85,31.3,31.6,1506635
2026-03-24 11:29:00,11:29:00,32.05,33.05,30.35,31.55,920595
2026-03-24 11:30:00,11:30:00,32.3,37.35,31.55,33.0,1807845
2026-03-24 11:31:00,11:31:00,33.3,33.35,31.1,33.1,876980
2026-03-24 11:32:00,11:32:00,34.45,37.2,33.1,35.9,1192165
2026-03-24 11:33:00,11:33:00,35.5,36.6,33.0,35.9,934895
2026-03-24 11:34:00,11:34:00,35.3,43.0,33.5,39.3,2488655
2026-03-24 11:35:00,11:35:00,39.35,48.05,38.85,43.0,4520360
2026-03-24 11:36:00,11:36:00,43.8,44.2,39.25,42.3,2112435
2026-03-24 11:37:00,11:37:00,43.1,45.7,40.5,41.55,1668030
2026-03-24 11:38:00,11:38:00,41.2,45.05,41.15,41.9,1455740
2026-03-24 11:39:00,11:39:00,42.1,46.6,40.35,46.2,1480635
2026-03-24 11:40:00,11:40:00,45.95,48.4,43.05,44.35,2223975
2026-03-24 11:41:00,11:41:00,44.35,44.75,34.2,34.6,2934880
2026-03-24 11:42:00,11:42:00,34.5,39.15,33.1,37.5,2068625
2026-03-24 11:43:00,11:43:00,37.85,39.15,34.55,34.95,1378325
2026-03-24 11:44:00,11:44:00,36.5,40.15,34.95,38.75,1412385
2026-03-24 11:45:00,11:45:00,38.3,39.15,35.75,38.85,1165320
2026-03-24 11:46:00,11:46:00,25.6,36.0,25.6,34.6,5172180
2026-03-24 11:47:00,11:47:00,36.2,38.1,29.3,32.45,4662840
2026-03-24 11:48:00,11:48:00,50.35,50.4,40.3,43.5,2448225
2026-03-24 11:49:00,11:49:00,41.95,44.4,39.75,40.45,1886885
2026-03-24 11:50:00,11:50:00,40.3,44.1,36.05,42.3,2497105
2026-03-24 11:51:00,11:51:00,41.9,44.5,40.55,44.1,1248325
2026-03-24 11:52:00,11:52:00,29.7,34.7,29.7,33.35,3459170
2026-03-24 11:53:00,11:53:00,32.4,35.0,32.1,32.55,2692105
2026-03-24 11:54:00,11:54:00,32.3,33.65,30.0,30.2,1991795
2026-03-24 11:55:00,11:55:00,30.0,34.8,29.9,34.4,2950220
2026-03-24 11:56:00,11:56:00,22.05,30.35,21.9,30.35,5359510
2026-03-24 11:57:00,11:57:00,46.25,46.45,40.1,40.7,4873505
2026-03-24 11:58:00,11:58:00,40.8,41.45,36.3,36.3,3144960
2026-03-24 11:59:00,11:59:00,35.9,38.0,35.0,36.4,2462850
2026-03-24 12:00:00,12:00:00,36.3,41.15,36.3,38.75,2747225
2026-03-24 12:01:00,12:01:00,38.3,38.75,33.65,35.25,2996500
2026-03-24 12:02:00,12:02:00,34.95,35.5,31.45,34.1,2679820
2026-03-24 12:03:00,12:03:00,35.35,35.6,31.15,32.95,2139345
2026-03-24 12:04:00,12:04:00,33.0,33.35,30.1,30.95,2195960
2026-03-24 12:05:00,12:05:00,47.15,47.15,37.3,37.3,4309630
2026-03-24 12:06:00,12:06:00,37.45,39.4,35.65,35.65,2361775
2026-03-24 12:07:00,12:07:00,22.85,27.7,22.55,26.05,2840240
2026-03-24 12:08:00,12:08:00,40.05,41.7,34.8,35.7,2236520
2026-03-24 12:09:00,12:09:00,36.2,37.9,33.45,36.1,1811940
2026-03-24 12:10:00,12:10:00,22.45,24.25,20.35,24.25,2278770
2026-03-24 12:11:00,12:11:00,24.55,26.45,23.55,25.1,2720445
2026-03-24 12:12:00,12:12:00,39.35,40.45,33.0,33.0,1986075
2026-03-24 12:13:00,12:13:00,33.25,34.55,31.5,31.85,1934205
2026-03-24 12:14:00,12:14:00,32.0,33.5,31.15,31.15,1146730
2026-03-24 12:15:00,12:15:00,31.8,37.2,31.15,33.4,1710410
2026-03-24 12:16:00,12:16:00,33.7,35.6,31.05,33.7,1987440
2026-03-24 12:17:00,12:17:00,33.65,33.7,29.0,29.0,1601340
2026-03-24 12:18:00,12:18:00,29.1,30.65,27.95,30.4,2112955
2026-03-24 12:19:00,12:19:00,30.55,30.55,27.6,29.3,1247025
2026-03-24 12:20:00,12:20:00,29.35,31.65,28.15,29.95,1452295
2026-03-24 12:21:00,12:21:00,29.85,33.65,29.1,32.5,1268995
2026-03-24 12:22:00,12:22:00,12.35,28.15,11.75,27.5,9033505
2026-03-24 12:23:00,12:23:00,27.65,37.25,21.4,35.6,7081945
2026-03-24 12:24:00,12:24:00,23.35,36.05,20.55,36.05,14242085
2026-03-24 12:25:00,12:25:00,34.65,47.1,31.5,47.1,15975310
2026-03-24 12:26:00,12:26:00,35.35,37.3,29.0,36.75,6765720
2026-03-24 12:27:00,12:27:00,54.6,58.0,39.95,42.3,13730340
2026-03-24 12:28:00,12:28:00,58.7,65.7,38.4,38.4,6602635
2026-03-24 12:29:00,12:29:00,37.35,39.55,31.55,36.6,5780125
2026-03-24 12:30:00,12:30:00,34.95,42.85,34.65,41.15,4250805
2026-03-24 12:31:00,12:31:00,42.05,43.3,35.05,39.95,3227705
2026-03-24 12:32:00,12:32:00,27.4,36.95,26.8,36.15,8553285
2026-03-24 12:33:00,12:33:00,36.05,45.25,35.4,43.65,8900060
2026-03-24 12:34:00,12:34:00,43.15,49.7,41.05,49.7,8618740
2026-03-24 12:35:00,12:35:00,33.3,44.15,28.9,42.8,4525625
2026-03-24 12:36:00,12:36:00,43.3,45.8,36.3,39.15,5194930
2026-03-24 12:37:00,12:37:00,40.75,41.55,34.15,39.05,3060460
2026-03-24 12:38:00,12:38:00,37.7,40.0,33.9,37.9,2275325
2026-03-24 12:39:00,12:39:00,38.0,44.15,35.85,43.95,2904200
2026-03-24 12:40:00,12:40:00,43.75,43.95,37.1,40.5,3175965
2026-03-24 12:41:00,12:41:00,39.3,46.8,36.8,39.95,3362320
2026-03-24 12:42:00,12:42:00,40.45,52.1,39.95,50.8,4378530
2026-03-24 12:43:00,12:43:00,51.35,58.35,46.6,47.25,4845165
2026-03-24 12:44:00,12:44:00,46.7,51.8,41.8,42.45,2897050
2026-03-24 12:45:00,12:45:00,43.0,51.0,42.45,47.55,2718495
2026-03-24 12:46:00,12:46:00,48.1,54.6,47.55,52.15,3071120
2026-03-24 12:47:00,12:47:00,37.75,40.85,34.4,36.55,4517370
2026-03-24 12:48:00,12:48:00,35.45,43.05,34.05,43.05,4677790
2026-03-24 12:49:00,12:49:00,40.9,43.05,36.4,40.7,4776850
2026-03-24 12:50:00,12:50:00,41.25,41.75,36.5,40.05,3530995
2026-03-24 12:51:00,12:51:00,40.35,44.05,37.8,40.0,3211390
2026-03-24 12:52:00,12:52:00,40.1,60.5,39.35,58.95,9255675
2026-03-24 12:53:00,12:53:00,62.75,64.5,51.5,53.8,6176040
2026-03-24 12:54:00,12:54:00,55.05,56.95,49.9,53.7,4235010
2026-03-24 12:55:00,12:55:00,52.25,53.7,41.0,41.0,4461275
2026-03-24 12:56:00,12:56:00,38.1,42.55,35.3,37.1,4472325
2026-03-24 12:57:00,12:57:00,51.7,52.45,44.2,47.5,3170960
2026-03-24 12:58:00,12:58:00,48.35,53.65,47.5,52.0,2195440
2026-03-24 12:59:00,12:59:00,52.6,54.65,50.15,51.3,1684670
2026-03-24 13:00:00,13:00:00,50.65,53.8,45.15,47.05,2132325
2026-03-24 13:01:00,13:01:00,47.7,52.8,45.45,48.1,1792310
2026-03-24 13:02:00,13:02:00,48.3,48.35,39.3,40.25,2786420
2026-03-24 13:03:00,13:03:00,42.1,42.85,34.4,37.05,2983110
2026-03-24 13:04:00,13:04:00,37.05,37.05,33.3,35.95,1903525
2026-03-24 13:05:00,13:05:00,51.55,51.55,38.95,38.95,5723185
2026-03-24 13:06:00,13:06:00,25.95,32.15,25.6,31.05,2889380
2026-03-24 13:07:00,13:07:00,31.1,36.95,30.6,36.8,2314065
2026-03-24 13:08:00,13:08:00,37.1,40.1,34.2,38.25,2655575
2026-03-24 13:09:00,13:09:00,38.4,38.4,33.25,34.45,2065245
2026-03-24 13:10:00,13:10:00,34.45,37.55,33.15,36.1,1694420
2026-03-24 13:11:00,13:11:00,24.9,39.6,24.6,34.45,4797520
2026-03-24 13:12:00,13:12:00,49.6,49.6,40.3,44.8,3521050
2026-03-24 13:13:00,13:13:00,45.0,47.9,39.35,46.75,2294175
2026-03-24 13:14:00,13:14:00,34.15,39.7,31.7,39.7,4478370
2026-03-24 13:15:00,13:15:00,55.3,55.3,40.2,40.9,4003415
2026-03-24 13:16:00,13:16:00,40.8,48.6,40.8,45.95,2200965
2026-03-24 13:17:00,13:17:00,31.3,34.05,29.45,34.05,2065505
2026-03-24 13:18:00,13:18:00,35.95,36.45,31.1,31.1,3551925
2026-03-24 13:19:00,13:19:00,32.05,35.85,31.1,34.45,2395380
2026-03-24 13:20:00,13:20:00,32.8,34.45,27.6,33.2,4236505
2026-03-24 13:21:00,13:21:00,33.35,42.1,33.05,39.85,5622305
2026-03-24 13:22:00,13:22:00,39.8,43.55,39.15,41.1,4694560
2026-03-24 13:23:00,13:23:00,40.9,41.85,37.55,41.0,3589820
2026-03-24 13:24:00,13:24:00,40.85,41.45,31.6,34.0,4196660
2026-03-24 13:25:00,13:25:00,33.8,35.5,29.3,35.5,4269070
2026-03-24 13:26:00,13:26:00,35.9,40.05,34.75,39.0,3789110
2026-03-24 13:27:00,13:27:00,38.9,41.55,37.7,40.05,3674840
2026-03-24 13:28:00,13:28:00,40.15,41.35,37.75,39.2,2477085
2026-03-24 13:29:00,13:29:00,38.7,42.45,37.25,40.0,3965975
2026-03-24 13:30:00,13:30:00,25.15,30.3,19.15,29.05,5163405
2026-03-24 13:31:00,13:31:00,43.65,46.0,34.2,34.45,5711550
2026-03-24 13:32:00,13:32:00,21.85,28.35,21.25,26.8,3056105
2026-03-24 13:33:00,13:33:00,26.9,27.1,24.15,24.15,2140255
2026-03-24 13:34:00,13:34:00,24.7,28.35,23.1,26.25,2618590
2026-03-24 13:35:00,13:35:00,26.9,31.6,25.7,31.6,3750305
2026-03-24 13:36:00,13:36:00,31.05,31.85,28.1,29.65,4428515
2026-03-24 13:37:00,13:37:00,29.85,30.3,24.55,24.55,3272555
2026-03-24 13:38:00,13:38:00,25.05,27.75,20.65,21.55,4264390
2026-03-24 13:39:00,13:39:00,21.05,22.8,18.95,22.05,3508440
2026-03-24 13:40:00,13:40:00,22.5,25.2,20.25,23.15,3113955
2026-03-24 13:41:00,13:41:00,23.05,24.5,21.9,24.45,1965860
2026-03-24 13:42:00,13:42:00,24.75,30.45,22.2,29.65,3584490
2026-03-24 13:43:00,13:43:00,29.25,29.65,22.75,22.75,3421925
2026-03-24 13:44:00,13:44:00,21.9,22.85,20.45,22.0,2775760
2026-03-24 13:45:00,13:45:00,22.6,25.95,20.9,21.35,2557425
2026-03-24 13:46:00,13:46:00,20.95,25.05,20.9,20.9,2415985
2026-03-24 13:47:00,13:47:00,34.0,35.35,26.75,28.1,7192120
2026-03-24 13:48:00,13:48:00,27.85,29.15,23.8,23.8,5517200
2026-03-24 13:49:00,13:49:00,39.65,39.85,29.05,30.7,5982015
2026-03-24 13:50:00,13:50:00,29.5,33.8,29.35,30.8,5301010
2026-03-24 13:51:00,13:51:00,30.1,31.35,24.65,26.1,5026385
2026-03-24 13:52:00,13:52:00,15.9,19.55,15.4,18.75,4909450
2026-03-24 13:53:00,13:53:00,18.25,22.65,17.75,20.3,5535660
2026-03-24 13:54:00,13:54:00,34.0,36.3,27.4,27.85,3853720
2026-03-24 13:55:00,13:55:00,16.25,18.9,15.85,16.55,3834480
2026-03-24 13:56:00,13:56:00,17.15,22.25,16.55,16.8,5062720
2026-03-24 13:57:00,13:57:00,16.65,20.6,16.0,20.6,3581630
2026-03-24 13:58:00,13:58:00,21.4,21.9,17.2,17.95,3252080
2026-03-24 13:59:00,13:59:00,18.75,20.45,15.45,16.0,3549000
2026-03-24 14:00:00,14:00:00,15.8,19.0,11.8,16.9,8406645
2026-03-24 14:01:00,14:01:00,16.95,20.2,16.15,19.5,5522855
2026-03-24 14:02:00,14:02:00,19.4,20.45,15.7,16.8,4759040
2026-03-24 14:03:00,14:03:00,29.95,31.6,23.9,24.5,3406195
2026-03-24 14:04:00,14:04:00,25.05,28.6,24.35,26.65,2519335
2026-03-24 14:05:00,14:05:00,15.5,20.1,15.1,20.1,3727945
2026-03-24 14:06:00,14:06:00,19.95,20.3,17.15,18.35,4206410
2026-03-24 14:07:00,14:07:00,18.75,19.75,15.9,17.25,3907800
2026-03-24 14:08:00,14:08:00,30.15,35.25,24.15,24.2,4728230
2026-03-24 14:09:00,14:09:00,24.5,26.35,21.3,24.7,4709510
2026-03-24 14:10:00,14:10:00,13.9,19.45,13.8,18.7,6184750
2026-03-24 14:11:00,14:11:00,18.15,18.75,15.35,16.05,5077670
2026-03-24 14:12:00,14:12:00,27.7,29.6,21.85,22.4,4757870
2026-03-24 14:13:00,14:13:00,12.35,13.9,12.35,13.45,4172025
2026-03-24 14:14:00,14:14:00,13.05,17.5,12.5,16.8,5754190
2026-03-24 14:15:00,14:15:00,16.35,21.0,16.3,16.55,9254310
2026-03-24 14:16:00,14:16:00,15.35,34.25,15.35,22.95,16311360
2026-03-24 14:17:00,14:17:00,22.15,28.85,20.75,25.5,10041265
2026-03-24 14:18:00,14:18:00,26.25,26.95,19.35,20.95,7419295
2026-03-24 14:19:00,14:19:00,20.95,21.8,12.8,13.1,11575070
2026-03-24 14:20:00,14:20:00,13.45,17.3,12.85,13.55,9172865
2026-03-24 14:21:00,14:21:00,24.5,25.75,10.55,10.55,12651860
2026-03-24 14:22:00,14:22:00,10.8,16.5,10.55,16.35,7631715
2026-03-24 14:23:00,14:23:00,17.2,19.7,15.25,16.4,5817175
2026-03-24 14:24:00,14:24:00,16.55,19.5,14.25,14.9,5118360
2026-03-24 14:25:00,14:25:00,15.55,17.15,14.65,16.4,3038555
2026-03-24 14:26:00,14:26:00,15.85,16.4,9.25,10.05,7566845
2026-03-24 14:27:00,14:27:00,9.8,11.95,8.6,8.9,5409625
2026-03-24 14:28:00,14:28:00,9.35,13.05,8.9,10.85,5300230
2026-03-24 14:29:00,14:29:00,10.7,13.05,10.05,10.7,4039425
2026-03-24 14:30:00,14:30:00,11.0,11.0,8.2,9.55,5228015
2026-03-24 14:31:00,14:31:00,10.0,12.1,9.55,10.55,3485625
2026-03-24 14:32:00,14:32:00,10.45,15.0,10.35,14.45,5094765
2026-03-24 14:33:00,14:33:00,14.3,14.45,11.1,11.6,3923985
2026-03-24 14:34:00,14:34:00,12.55,12.8,10.35,11.4,3303625
2026-03-24 14:35:00,14:35:00,11.45,12.55,10.1,10.95,4338880
2026-03-24 14:36:00,14:36:00,10.95,11.0,6.2,7.6,7955415
2026-03-24 14:37:00,14:37:00,15.75,19.3,8.3,9.2,14570920
2026-03-24 14:38:00,14:38:00,8.55,10.7,8.0,8.5,15571140
2026-03-24 14:39:00,14:39:00,8.75,9.8,7.2,7.45,10780510
2026-03-24 14:40:00,14:40:00,7.5,9.0,5.8,6.6,13700310
2026-03-24 14:41:00,14:41:00,6.55,8.65,6.55,8.0,9445735
2026-03-24 14:42:00,14:42:00,8.25,10.25,7.8,9.45,12558715
2026-03-24 14:43:00,14:43:00,9.75,16.75,8.9,11.1,16615040
2026-03-24 14:44:00,14:44:00,10.8,11.1,8.05,8.05,9439430
2026-03-24 14:45:00,14:45:00,8.25,11.25,7.65,9.1,9744865
2026-03-24 14:46:00,14:46:00,8.85,9.1,6.35,8.0,9594650
2026-03-24 14:47:00,14:47:00,8.8,9.95,7.75,9.05,7852195
2026-03-24 14:48:00,14:48:00,9.05,9.4,6.2,6.45,9188790
2026-03-24 14:49:00,14:49:00,6.55,8.25,6.0,8.25,10580700
2026-03-24 14:50:00,14:50:00,9.05,9.05,5.1,5.7,15518295
2026-03-24 14:51:00,14:51:00,5.95,6.1,3.15,4.25,22587305
2026-03-24 14:52:00,14:52:00,4.35,6.0,3.85,5.6,14364350
2026-03-24 14:53:00,14:53:00,5.15,5.6,3.5,3.5,10547550
2026-03-24 14:54:00,14:54:00,3.4,4.85,3.1,4.2,11937445
2026-03-24 14:55:00,14:55:00,4.5,6.35,3.85,4.05,15507960
2026-03-24 14:56:00,14:56:00,4.1,6.2,3.15,3.7,13230555
2026-03-24 14:57:00,14:57:00,3.7,5.65,3.45,4.95,12831780
2026-03-24 14:58:00,14:58:00,4.8,7.1,3.0,4.45,19914310
2026-03-24 14:59:00,14:59:00,4.45,5.2,3.1,3.15,18186935
2026-03-24 15:00:00,15:00:00,2.75,3.15,0.7,0.8,40804075
2026-03-24 15:01:00,15:01:00,0.85,1.1,0.55,0.55,19974045
2026-03-24 15:02:00,15:02:00,0.65,1.25,0.55,0.85,21496215
2026-03-24 15:03:00,15:03:00,0.9,1.0,0.5,0.6,18419570
2026-03-24 15:04:00,15:04:00,0.6,0.65,0.5,0.55,7061080
2026-03-24 15:05:00,15:05:00,0.55,0.55,0.4,0.4,9920495
2026-03-24 15:06:00,15:06:00,0.35,0.4,0.3,0.3,5719480
2026-03-24 15:07:00,15:07:00,0.35,0.4,0.3,0.4,5501145
2026-03-24 15:08:00,15:08:00,0.35,0.45,0.3,0.3,5956405
2026-03-24 15:09:00,15:09:00,0.3,0.35,0.25,0.25,3520855
2026-03-24 15:10:00,15:10:00,0.3,0.3,0.2,0.2,3068325
2026-03-24 15:11:00,15:11:00,0.25,0.25,0.2,0.2,2595255
2026-03-24 15:12:00,15:12:00,0.25,0.25,0.15,0.15,5302570
2026-03-24 15:13:00,15:13:00,0.15,0.2,0.15,0.15,1327560
2026-03-24 15:14:00,15:14:00,0.15,0.2,0.1,0.15,2054130
2026-03-24 15:15:00,15:15:00,0.1,0.15,0.1,0.1,1670500
2026-03-24 15:16:00,15:16:00,0.15,0.15,0.1,0.1,2873650
2026-03-24 15:17:00,15:17:00,0.1,0.15,0.1,0.1,1359215
2026-03-24 15:18:00,15:18:00,0.1,0.15,0.1,0.1,4218110
2026-03-24 15:19:00,15:19:00,0.1,0.1,0.05,0.1,1260415
2026-03-24 15:20:00,15:20:00,0.05,0.1,0.05,0.1,1112800
2026-03-24 15:21:00,15:21:00,0.1,0.1,0.05,0.05,1037465
2026-03-24 15:22:00,15:22:00,0.1,0.1,0.05,0.05,890500
2026-03-24 15:23:00,15:23:00,0.05,0.1,0.05,0.05,842010
2026-03-24 15:24:00,15:24:00,0.05,0.1,0.05,0.1,173160
2026-03-24 15:25:00,15:25:00,0.05,0.1,0.05,0.05,301990
2026-03-24 15:26:00,15:26:00,0.05,0.1,0.05,0.05,383305
2026-03-24 15:27:00,15:27:00,0.05,0.1,0.05,0.05,551070
2026-03-24 15:28:00,15:28:00,0.05,0.1,0.05,0.05,2046850
2026-03-24 15:29:00,15:29:00,0.05,0.05,0.05,0.05,146640
2026-03-25 09:15:00,09:15:00,495.0,495.0,468.25,495.0,262080
2026-03-25 09:16:00,09:16:00,495.4,521.8,494.6,518.2,107835
2026-03-25 09:17:00,09:17:00,518.95,537.2,517.0,532.65,96655
2026-03-25 09:18:00,09:18:00,532.35,532.8,514.2,514.2,75855
2026-03-25 09:19:00,09:19:00,512.5,528.0,510.3,522.6,48750
2026-03-25 09:20:00,09:20:00,490.1,503.5,487.25,498.8,11830
2026-03-25 09:21:00,09:21:00,500.6,509.05,497.5,509.05,10140
2026-03-25 09:22:00,09:22:00,509.6,513.5,499.1,504.6,9880
2026-03-25 09:23:00,09:23:00,502.2,505.3,497.1,505.3,6760
2026-03-25 09:24:00,09:24:00,509.6,517.85,505.3,511.45,11375
2026-03-25 09:25:00,09:25:00,510.0,520.0,510.0,513.5,12090
2026-03-25 09:26:00,09:26:00,512.75,520.5,511.8,520.5,9490
2026-03-25 09:27:00,09:27:00,522.1,531.8,517.5,517.5,7020
2026-03-25 09:28:00,09:28:00,518.85,529.35,517.5,526.3,6435
2026-03-25 09:29:00,09:29:00,527.2,535.55,526.25,532.6,5135
2026-03-25 09:30:00,09:30:00,531.7,535.3,527.1,534.9,4810
2026-03-25 09:31:00,09:31:00,536.5,540.0,533.75,534.8,5070
2026-03-25 09:32:00,09:32:00,533.3,538.7,528.7,530.45,8775
2026-03-25 09:33:00,09:33:00,530.2,536.55,529.7,531.85,2080
2026-03-25 09:34:00,09:34:00,498.0,511.55,497.7,509.3,46800
2026-03-25 09:35:00,09:35:00,509.8,512.8,505.4,508.8,57070
2026-03-25 09:36:00,09:36:00,544.25,545.1,532.8,536.0,4875
2026-03-25 09:37:00,09:37:00,535.1,541.1,531.5,532.45,3250
2026-03-25 09:38:00,09:38:00,535.6,537.1,520.1,525.75,3445
2026-03-25 09:39:00,09:39:00,524.1,526.5,518.0,526.5,3640
2026-03-25 09:40:00,09:40:00,530.6,531.65,524.1,524.1,2990
2026-03-25 09:41:00,09:41:00,522.0,530.9,522.0,530.9,845
2026-03-25 09:42:00,09:42:00,492.2,504.45,491.1,504.45,16380
2026-03-25 09:43:00,09:43:00,503.3,534.3,503.3,532.85,76895
2026-03-25 09:44:00,09:44:00,534.3,540.3,531.65,536.85,84370
2026-03-25 09:45:00,09:45:00,537.35,540.45,535.25,538.2,61490
2026-03-25 09:46:00,09:46:00,500.7,511.15,498.3,507.0,16185
2026-03-25 09:47:00,09:47:00,508.05,512.0,500.95,500.95,7930
2026-03-25 09:48:00,09:48:00,504.6,505.95,500.1,505.75,3185
2026-03-25 09:49:00,09:49:00,536.35,537.9,527.9,532.65,21710
2026-03-25 09:50:00,09:50:00,534.95,539.15,531.95,531.95,23270
2026-03-25 09:51:00,09:51:00,533.1,540.45,531.95,539.45,35425
2026-03-25 09:52:00,09:52:00,503.05,511.5,501.75,509.05,6045
2026-03-25 09:53:00,09:53:00,542.8,544.85,531.25,538.95,19825
2026-03-25 09:54:00,09:54:00,501.25,516.0,500.1,513.8,8775
2026-03-25 09:55:00,09:55:00,513.5,521.85,512.75,514.65,8060
2026-03-25 09:56:00,09:56:00,512.15,517.3,509.1,509.75,9100
2026-03-25 09:57:00,09:57:00,506.45,509.75,500.9,502.2,12350
2026-03-25 09:58:00,09:58:00,502.8,504.5,498.85,501.4,7345
2026-03-25 09:59:00,09:59:00,501.5,511.05,500.5,511.05,5460
2026-03-25 10:00:00,10:00:00,512.75,524.65,511.05,517.35,19760
2026-03-25 10:01:00,10:01:00,513.4,517.35,508.2,511.4,8320
2026-03-25 10:02:00,10:02:00,512.9,515.75,503.3,505.05,5655
2026-03-25 10:03:00,10:03:00,504.35,512.65,504.35,507.55,5265
2026-03-25 10:04:00,10:04:00,509.05,510.35,505.45,509.1,2340
2026-03-25 10:05:00,10:05:00,505.75,513.7,505.75,510.35,2730
2026-03-25 10:06:00,10:06:00,544.15,544.5,513.2,520.0,109460
2026-03-25 10:07:00,10:07:00,520.0,530.0,519.45,528.3,20930
2026-03-25 10:08:00,10:08:00,491.6,505.7,487.05,504.15,19305
2026-03-25 10:09:00,10:09:00,498.1,514.35,498.1,511.95,16640
2026-03-25 10:10:00,10:10:00,512.25,521.0,510.8,510.8,12740
2026-03-25 10:11:00,10:11:00,509.4,522.2,507.0,522.2,5915
2026-03-25 10:12:00,10:12:00,520.55,522.2,516.1,518.4,3055
2026-03-25 10:13:00,10:13:00,517.85,524.3,515.05,515.05,10270
2026-03-25 10:14:00,10:14:00,516.45,521.95,514.0,521.95,4290
2026-03-25 10:15:00,10:15:00,522.2,523.35,510.0,510.0,5200
2026-03-25 10:16:00,10:16:00,506.5,517.55,506.5,516.65,4030
2026-03-25 10:17:00,10:17:00,516.7,529.95,516.65,528.15,5200
2026-03-25 10:18:00,10:18:00,521.0,528.15,518.0,521.75,7475
2026-03-25 10:19:00,10:19:00,523.25,523.7,506.5,510.7,15080
2026-03-25 10:20:00,10:20:00,510.75,516.6,509.15,516.6,4095
2026-03-25 10:21:00,10:21:00,515.8,524.6,515.8,524.55,4550
2026-03-25 10:22:00,10:22:00,525.65,525.65,513.0,513.0,2145
2026-03-25 10:23:00,10:23:00,513.2,515.95,505.75,512.05,6435
2026-03-25 10:24:00,10:24:00,508.95,514.85,508.95,510.85,2665
2026-03-25 10:25:00,10:25:00,513.95,518.0,510.85,518.0,3575
2026-03-25 10:26:00,10:26:00,519.15,528.45,518.0,526.3,4810
2026-03-25 10:27:00,10:27:00,527.0,528.35,525.3,527.4,3510
2026-03-25 10:28:00,10:28:00,526.5,532.0,522.85,522.85,4030
2026-03-25 10:29:00,10:29:00,521.05,531.7,519.3,531.7,2600
2026-03-25 10:30:00,10:30:00,533.0,536.25,526.05,528.0,6175
2026-03-25 10:31:00,10:31:00,528.05,534.1,525.0,529.4,1560
2026-03-25 10:32:00,10:32:00,525.15,529.4,525.15,525.45,780
2026-03-25 10:33:00,10:33:00,525.25,530.2,525.25,529.7,3575
2026-03-25 10:34:00,10:34:00,531.6,532.1,527.65,527.65,1560
2026-03-25 10:35:00,10:35:00,526.4,527.65,519.65,523.25,2600
2026-03-25 10:36:00,10:36:00,521.75,528.9,518.8,528.9,1820
2026-03-25 10:37:00,10:37:00,524.15,528.9,524.15,526.9,1300
2026-03-25 10:38:00,10:38:00,525.95,532.25,525.95,526.0,455
2026-03-25 10:39:00,10:39:00,527.6,531.7,526.0,531.7,585
2026-03-25 10:40:00,10:40:00,530.35,532.5,528.6,530.65,2405
2026-03-25 10:41:00,10:41:00,496.1,509.8,494.65,505.25,102310
2026-03-25 10:42:00,10:42:00,507.1,519.0,503.45,519.0,66755
2026-03-25 10:43:00,10:43:00,518.15,535.9,518.15,534.1,151450
2026-03-25 10:44:00,10:44:00,533.8,540.0,531.1,537.8,57980
2026-03-25 10:45:00,10:45:00,538.2,541.7,533.3,540.1,50765
2026-03-25 10:46:00,10:46:00,542.4,545.5,535.05,536.2,52260
2026-03-25 10:47:00,10:47:00,535.35,536.2,528.05,530.4,55835
2026-03-25 10:48:00,10:48:00,529.95,533.2,526.3,530.3,33280
2026-03-25 10:49:00,10:49:00,530.8,533.0,526.2,528.7,26390
2026-03-25 10:50:00,10:50:00,529.0,533.9,523.35,525.45,47580
2026-03-25 10:51:00,10:51:00,524.8,529.6,524.7,526.75,20345
2026-03-25 10:52:00,10:52:00,527.9,530.0,523.8,528.0,34775
2026-03-25 10:53:00,10:53:00,529.0,543.1,528.0,540.55,53950
2026-03-25 10:54:00,10:54:00,504.9,506.0,501.7,503.7,7670
2026-03-25 10:55:00,10:55:00,540.65,541.55,527.7,534.1,29640
2026-03-25 10:56:00,10:56:00,532.45,534.4,528.4,532.9,38870
2026-03-25 10:57:00,10:57:00,532.3,533.95,525.4,527.95,18460
2026-03-25 10:58:00,10:58:00,530.35,530.35,525.65,529.1,18395
2026-03-25 10:59:00,10:59:00,528.6,535.1,526.6,534.4,25675
2026-03-25 11:00:00,11:00:00,499.2,505.0,497.15,502.6,6695
2026-03-25 11:01:00,11:01:00,505.0,508.75,501.0,507.55,4355
2026-03-25 11:02:00,11:02:00,507.85,515.55,507.55,512.15,18655
2026-03-25 11:03:00,11:03:00,515.0,515.0,506.6,509.2,8450
2026-03-25 11:04:00,11:04:00,508.85,510.95,506.1,508.4,3250
2026-03-25 11:05:00,11:05:00,509.35,521.65,508.4,520.8,4745
2026-03-25 11:06:00,11:06:00,519.25,523.55,516.05,522.55,9230
2026-03-25 11:07:00,11:07:00,523.85,542.4,521.85,540.55,33865
2026-03-25 11:08:00,11:08:00,502.75,517.0,502.75,516.85,63050
2026-03-25 11:09:00,11:09:00,552.6,554.5,542.95,544.05,8255
2026-03-25 11:10:00,11:10:00,545.3,550.95,543.8,549.25,14040
2026-03-25 11:11:00,11:11:00,550.0,551.85,540.35,540.35,7995
2026-03-25 11:12:00,11:12:00,541.45,543.2,539.6,539.75,5655
2026-03-25 11:13:00,11:13:00,542.0,542.9,535.55,539.05,3055
2026-03-25 11:14:00,11:14:00,502.55,514.75,501.8,513.5,19825
2026-03-25 11:15:00,11:15:00,513.3,513.8,506.95,508.35,17095
2026-03-25 11:16:00,11:16:00,545.3,550.65,533.35,534.0,5200
2026-03-25 11:17:00,11:17:00,535.3,537.3,533.7,536.85,5005
2026-03-25 11:18:00,11:18:00,535.8,536.85,528.3,534.8,10140
2026-03-25 11:19:00,11:19:00,535.3,535.95,530.0,534.65,5980
2026-03-25 11:20:00,11:20:00,535.0,537.4,526.6,526.6,8060
2026-03-25 11:21:00,11:21:00,526.0,530.95,526.0,530.7,1885
2026-03-25 11:22:00,11:22:00,530.35,530.7,523.8,525.1,5720
2026-03-25 11:23:00,11:23:00,525.45,526.0,516.2,516.9,6240
2026-03-25 11:24:00,11:24:00,514.4,520.8,513.65,515.0,5850
2026-03-25 11:25:00,11:25:00,515.0,518.35,504.8,505.4,13000
2026-03-25 11:26:00,11:26:00,504.8,507.85,503.0,506.1,4160
2026-03-25 11:27:00,11:27:00,504.0,514.7,504.0,512.6,2405
2026-03-25 11:28:00,11:28:00,512.65,518.3,511.35,518.15,2600
2026-03-25 11:29:00,11:29:00,516.8,520.35,513.0,514.2,6045
2026-03-25 11:30:00,11:30:00,514.85,519.0,513.9,515.25,4030
2026-03-25 11:31:00,11:31:00,516.25,522.85,515.0,522.15,2990
2026-03-25 11:32:00,11:32:00,522.85,523.4,508.5,508.5,6565
2026-03-25 11:33:00,11:33:00,509.05,515.05,507.5,512.25,2015
2026-03-25 11:34:00,11:34:00,514.35,514.45,511.55,513.15,975
2026-03-25 11:35:00,11:35:00,513.3,513.3,504.0,504.3,1625
2026-03-25 11:36:00,11:36:00,541.85,541.85,532.05,535.0,36400
2026-03-25 11:37:00,11:37:00,536.0,538.6,531.5,534.25,21840
2026-03-25 11:38:00,11:38:00,535.0,536.95,517.4,517.75,60060
2026-03-25 11:39:00,11:39:00,516.05,529.0,515.25,524.3,45435
2026-03-25 11:40:00,11:40:00,525.0,530.0,521.15,527.15,26845
2026-03-25 11:41:00,11:41:00,526.35,539.35,521.0,533.55,55055
2026-03-25 11:42:00,11:42:00,534.4,536.85,528.75,530.1,27105
2026-03-25 11:43:00,11:43:00,529.35,531.7,525.9,526.15,20800
2026-03-25 11:44:00,11:44:00,526.55,527.0,518.45,522.45,28015
2026-03-25 11:45:00,11:45:00,522.75,530.0,518.3,527.5,18330
2026-03-25 11:46:00,11:46:00,527.0,529.5,522.0,524.55,13520
2026-03-25 11:47:00,11:47:00,525.15,528.0,521.5,525.7,15210
2026-03-25 11:48:00,11:48:00,489.85,508.2,486.15,508.2,9360
2026-03-25 11:49:00,11:49:00,510.0,518.1,507.35,507.4,8515
2026-03-25 11:50:00,11:50:00,507.45,517.35,507.4,517.15,4550
2026-03-25 11:51:00,11:51:00,517.7,525.95,515.7,525.95,7930
2026-03-25 11:52:00,11:52:00,522.95,525.95,519.95,522.2,3705
2026-03-25 11:53:00,11:53:00,518.35,523.95,516.1,522.45,13195
2026-03-25 11:54:00,11:54:00,522.45,525.55,519.55,519.55,6825
2026-03-25 11:55:00,11:55:00,522.5,529.75,519.55,521.65,4485
2026-03-25 11:56:00,11:56:00,522.85,526.9,521.65,522.2,2145
2026-03-25 11:57:00,11:57:00,522.3,522.5,519.2,520.8,1365
2026-03-25 11:58:00,11:58:00,517.85,520.8,507.55,511.95,15925
2026-03-25 11:59:00,11:59:00,510.65,518.65,507.5,518.1,5590
2026-03-25 12:00:00,12:00:00,514.0,518.1,511.9,517.95,1300
2026-03-25 12:01:00,12:01:00,517.55,519.65,515.0,516.3,2080
2026-03-25 12:02:00,12:02:00,514.75,516.3,514.1,514.85,1105
2026-03-25 12:03:00,12:03:00,516.9,523.0,514.85,521.55,1755
2026-03-25 12:04:00,12:04:00,521.4,525.0,520.3,523.45,1430
2026-03-25 12:05:00,12:05:00,521.4,523.45,516.7,522.25,650
2026-03-25 12:06:00,12:06:00,520.15,522.25,516.5,521.15,1040
2026-03-25 12:07:00,12:07:00,523.55,525.45,520.3,525.45,1430
2026-03-25 12:08:00,12:08:00,524.1,535.0,523.25,531.55,3770
2026-03-25 12:09:00,12:09:00,531.7,531.7,522.65,524.7,2665
2026-03-25 12:10:00,12:10:00,523.45,534.4,523.45,526.6,9555
2026-03-25 12:11:00,12:11:00,527.6,532.55,526.6,529.45,1820
2026-03-25 12:12:00,12:12:00,531.2,532.95,529.45,531.1,1885
2026-03-25 12:13:00,12:13:00,495.95,509.7,494.4,509.3,23595
2026-03-25 12:14:00,12:14:00,509.0,513.9,503.7,512.15,28535
2026-03-25 12:15:00,12:15:00,512.35,514.0,506.6,512.3,27885
2026-03-25 12:16:00,12:16:00,511.75,512.3,504.45,507.65,14950
2026-03-25 12:17:00,12:17:00,506.5,507.65,497.0,502.1,12675
2026-03-25 12:18:00,12:18:00,503.05,510.55,502.1,509.75,14755
2026-03-25 12:19:00,12:19:00,509.1,514.95,507.0,510.0,20865
2026-03-25 12:20:00,12:20:00,511.8,514.2,507.3,511.9,18590
2026-03-25 12:21:00,12:21:00,513.0,517.0,511.15,516.1,20020
2026-03-25 12:22:00,12:22:00,516.8,517.05,511.3,512.7,18330
2026-03-25 12:23:00,12:23:00,514.35,516.2,510.2,512.15,7020
2026-03-25 12:24:00,12:24:00,511.6,515.85,501.0,502.6,9620
2026-03-25 12:25:00,12:25:00,540.8,542.0,531.2,531.25,4615
2026-03-25 12:26:00,12:26:00,493.25,499.3,489.85,489.85,16120
2026-03-25 12:27:00,12:27:00,492.25,496.0,489.85,495.6,17875
2026-03-25 12:28:00,12:28:00,529.25,532.55,527.8,530.05,2860
2026-03-25 12:29:00,12:29:00,495.0,499.9,492.4,499.9,5785
2026-03-25 12:30:00,12:30:00,498.65,499.9,485.1,497.15,18330
2026-03-25 12:31:00,12:31:00,496.2,500.35,495.0,496.9,9100
2026-03-25 12:32:00,12:32:00,497.1,512.45,495.0,512.45,17615
2026-03-25 12:33:00,12:33:00,512.4,517.55,510.0,515.95,55900
2026-03-25 12:34:00,12:34:00,515.65,520.1,505.6,506.45,33215
2026-03-25 12:35:00,12:35:00,509.15,510.75,506.3,508.45,4680
2026-03-25 12:36:00,12:36:00,512.0,515.65,506.15,509.5,8970
2026-03-25 12:37:00,12:37:00,510.0,510.0,504.7,507.15,8255
2026-03-25 12:38:00,12:38:00,506.65,507.7,501.0,501.0,4615
2026-03-25 12:39:00,12:39:00,501.4,504.0,494.55,495.65,8320
2026-03-25 12:40:00,12:40:00,496.0,498.0,492.7,496.5,12610
2026-03-25 12:41:00,12:41:00,497.35,507.0,496.5,500.1,11505
2026-03-25 12:42:00,12:42:00,502.2,508.2,500.1,505.8,6175
2026-03-25 12:43:00,12:43:00,507.55,508.55,505.8,506.05,3835
2026-03-25 12:44:00,12:44:00,507.15,512.55,506.0,509.0,10075
2026-03-25 12:45:00,12:45:00,510.0,512.9,509.0,512.3,8125
2026-03-25 12:46:00,12:46:00,511.35,512.3,493.35,502.85,30810
2026-03-25 12:47:00,12:47:00,541.25,541.25,522.9,522.9,3445
2026-03-25 12:48:00,12:48:00,486.95,495.0,486.05,493.0,15080
2026-03-25 12:49:00,12:49:00,527.0,530.5,518.05,519.1,2405
2026-03-25 12:50:00,12:50:00,521.2,524.3,516.45,516.45,4225
2026-03-25 12:51:00,12:51:00,517.75,522.75,516.45,517.9,715
2026-03-25 12:52:00,12:52:00,516.0,517.9,505.6,510.8,5395
2026-03-25 12:53:00,12:53:00,509.35,510.8,506.15,508.6,1040
2026-03-25 12:54:00,12:54:00,505.7,509.55,501.0,501.5,3185
2026-03-25 12:55:00,12:55:00,504.2,507.15,498.3,507.15,2015
2026-03-25 12:56:00,12:56:00,504.6,507.15,500.8,503.5,4160
2026-03-25 12:57:00,12:57:00,500.0,503.5,487.5,487.5,7345
2026-03-25 12:58:00,12:58:00,524.05,528.55,521.7,522.7,37570
2026-03-25 12:59:00,12:59:00,523.55,527.0,521.4,522.55,36075
2026-03-25 13:00:00,13:00:00,482.4,497.45,479.15,495.9,5915
2026-03-25 13:01:00,13:01:00,497.25,504.7,495.9,502.35,5265
2026-03-25 13:02:00,13:02:00,504.5,506.3,500.0,505.45,2795
2026-03-25 13:03:00,13:03:00,505.35,509.0,501.1,504.05,2145
2026-03-25 13:04:00,13:04:00,505.05,506.45,501.25,505.35,1235
2026-03-25 13:05:00,13:05:00,505.45,505.45,500.85,503.3,1495
2026-03-25 13:06:00,13:06:00,500.85,521.0,499.55,518.55,3835
2026-03-25 13:07:00,13:07:00,520.0,520.0,509.0,509.0,5265
2026-03-25 13:08:00,13:08:00,505.0,509.0,497.3,499.85,2535
2026-03-25 13:09:00,13:09:00,499.4,504.25,494.9,504.25,3055
2026-03-25 13:10:00,13:10:00,504.0,511.35,503.3,508.65,3445
2026-03-25 13:11:00,13:11:00,504.4,509.5,504.4,509.5,2275
2026-03-25 13:12:00,13:12:00,507.85,510.0,503.0,504.55,1300
2026-03-25 13:13:00,13:13:00,504.0,505.3,504.0,504.95,325
2026-03-25 13:14:00,13:14:00,507.8,509.6,497.15,497.15,1820
2026-03-25 13:15:00,13:15:00,497.8,506.65,497.15,504.3,2405
2026-03-25 13:16:00,13:16:00,499.55,514.0,499.55,514.0,1820
2026-03-25 13:17:00,13:17:00,514.55,514.55,499.55,499.95,3055
2026-03-25 13:18:00,13:18:00,500.15,501.45,499.35,500.65,845
2026-03-25 13:19:00,13:19:00,498.0,500.65,492.2,492.3,5070
2026-03-25 13:20:00,13:20:00,530.75,531.4,522.05,525.55,22425
2026-03-25 13:21:00,13:21:00,489.1,500.5,488.55,500.5,5135
2026-03-25 13:22:00,13:22:00,496.5,500.5,491.6,494.5,910
2026-03-25 13:23:00,13:23:00,494.25,503.85,492.0,499.4,3250
2026-03-25 13:24:00,13:24:00,496.55,503.65,496.55,498.75,1950
2026-03-25 13:25:00,13:25:00,504.0,506.35,498.75,504.7,2730
2026-03-25 13:26:00,13:26:00,512.5,515.4,504.7,514.6,8255
2026-03-25 13:27:00,13:27:00,516.8,524.65,514.6,516.45,5785
2026-03-25 13:28:00,13:28:00,516.6,520.2,514.2,519.8,2990
2026-03-25 13:29:00,13:29:00,515.0,519.8,509.2,515.6,3380
2026-03-25 13:30:00,13:30:00,519.0,519.0,512.55,513.75,1235
2026-03-25 13:31:00,13:31:00,515.9,515.9,498.35,502.1,3835
2026-03-25 13:32:00,13:32:00,502.45,511.0,496.4,502.4,3900
2026-03-25 13:33:00,13:33:00,502.9,520.25,502.3,520.25,5655
2026-03-25 13:34:00,13:34:00,520.2,531.2,520.2,524.2,7280
2026-03-25 13:35:00,13:35:00,488.0,492.0,485.55,488.7,14170
2026-03-25 13:36:00,13:36:00,489.7,494.4,481.6,491.6,18200
2026-03-25 13:37:00,13:37:00,493.15,497.8,489.6,496.95,15145
2026-03-25 13:38:00,13:38:00,497.0,498.85,493.0,493.0,20475
2026-03-25 13:39:00,13:39:00,490.5,493.0,483.9,490.0,16315
2026-03-25 13:40:00,13:40:00,491.65,491.65,480.9,490.8,13390
2026-03-25 13:41:00,13:41:00,488.3,490.8,484.1,490.0,5330
2026-03-25 13:42:00,13:42:00,493.0,493.2,485.5,485.5,7800
2026-03-25 13:43:00,13:43:00,490.0,491.0,483.45,487.25,7150
2026-03-25 13:44:00,13:44:00,488.55,495.2,487.25,493.25,8125
2026-03-25 13:45:00,13:45:00,493.2,504.0,489.75,504.0,30485
2026-03-25 13:46:00,13:46:00,505.5,506.1,497.35,500.5,41665
2026-03-25 13:47:00,13:47:00,494.3,501.0,492.55,497.9,15535
2026-03-25 13:48:00,13:48:00,498.1,502.65,497.1,501.3,13390
2026-03-25 13:49:00,13:49:00,500.95,504.5,498.75,503.35,7345
2026-03-25 13:50:00,13:50:00,502.95,511.8,500.0,506.8,25415
2026-03-25 13:51:00,13:51:00,508.0,514.0,506.1,511.45,21515
2026-03-25 13:52:00,13:52:00,512.15,512.15,489.6,490.0,28600
2026-03-25 13:53:00,13:53:00,489.7,493.5,484.0,485.0,15795
2026-03-25 13:54:00,13:54:00,485.7,489.15,484.65,488.0,10270
2026-03-25 13:55:00,13:55:00,526.55,530.0,518.0,521.6,1300
2026-03-25 13:56:00,13:56:00,485.95,493.9,483.35,493.9,10595
2026-03-25 13:57:00,13:57:00,492.9,493.95,487.55,492.0,8125
2026-03-25 13:58:00,13:58:00,494.55,497.35,489.6,492.9,10400
2026-03-25 13:59:00,13:59:00,492.0,494.65,489.0,490.05,7150
2026-03-25 14:00:00,14:00:00,488.7,494.8,488.7,489.45,11245
2026-03-25 14:01:00,14:01:00,489.15,498.0,486.35,496.95,12285
2026-03-25 14:02:00,14:02:00,496.55,509.45,495.65,507.05,26390
2026-03-25 14:03:00,14:03:00,507.65,510.2,501.9,503.5,23595
2026-03-25 14:04:00,14:04:00,503.0,503.95,494.2,498.65,16575
2026-03-25 14:05:00,14:05:00,498.05,500.7,494.9,495.5,7085
2026-03-25 14:06:00,14:06:00,532.5,534.5,506.75,506.75,14625
2026-03-25 14:07:00,14:07:00,507.65,514.4,505.7,506.8,4355
2026-03-25 14:08:00,14:08:00,510.2,517.55,505.65,517.0,5850
2026-03-25 14:09:00,14:09:00,514.15,517.0,511.15,511.15,845
2026-03-25 14:10:00,14:10:00,510.0,521.35,510.0,519.5,4615
2026-03-25 14:11:00,14:11:00,514.55,519.5,509.35,510.5,1755
2026-03-25 14:12:00,14:12:00,511.85,515.15,502.6,503.65,3185
2026-03-25 14:13:00,14:13:00,505.8,505.8,498.3,500.25,4940
2026-03-25 14:14:00,14:14:00,500.85,501.3,497.3,497.3,2210
2026-03-25 14:15:00,14:15:00,500.05,509.2,495.0,509.2,6370
2026-03-25 14:16:00,14:16:00,506.85,509.2,501.55,505.0,1755
2026-03-25 14:17:00,14:17:00,506.1,506.1,496.0,499.95,3055
2026-03-25 14:18:00,14:18:00,495.8,499.95,486.5,486.5,4680
2026-03-25 14:19:00,14:19:00,488.4,493.5,486.25,486.25,2080
2026-03-25 14:20:00,14:20:00,489.55,493.0,485.45,490.85,3965
2026-03-25 14:21:00,14:21:00,528.65,532.0,514.0,514.0,54600
2026-03-25 14:22:00,14:22:00,514.4,515.8,499.5,499.5,73190
2026-03-25 14:23:00,14:23:00,502.2,502.2,490.0,490.8,73255
2026-03-25 14:24:00,14:24:00,527.05,528.6,517.75,522.3,7930
2026-03-25 14:25:00,14:25:00,484.95,492.6,478.75,490.7,87165
2026-03-25 14:26:00,14:26:00,492.9,495.6,485.1,486.7,66560
2026-03-25 14:27:00,14:27:00,488.0,490.0,480.6,490.0,37700
2026-03-25 14:28:00,14:28:00,492.9,494.95,485.7,493.0,35360
2026-03-25 14:29:00,14:29:00,494.4,494.4,488.55,492.0,28860
2026-03-25 14:30:00,14:30:00,530.05,530.05,506.0,514.25,9295
2026-03-25 14:31:00,14:31:00,479.3,488.95,475.4,484.05,38870
2026-03-25 14:32:00,14:32:00,484.65,489.75,483.45,488.0,30940
2026-03-25 14:33:00,14:33:00,487.95,504.0,485.0,497.95,57005
2026-03-25 14:34:00,14:34:00,499.05,499.05,489.65,493.4,29770
2026-03-25 14:35:00,14:35:00,494.0,502.95,490.95,501.25,27300
2026-03-25 14:36:00,14:36:00,501.1,502.35,494.9,495.25,18850
2026-03-25 14:37:00,14:37:00,494.25,497.95,489.65,497.95,17290
2026-03-25 14:38:00,14:38:00,499.2,499.3,484.85,493.45,25740
2026-03-25 14:39:00,14:39:00,493.75,495.5,490.0,493.2,16705
2026-03-25 14:40:00,14:40:00,494.2,505.6,493.2,502.35,33865
2026-03-25 14:41:00,14:41:00,503.4,505.8,496.0,503.1,19175
2026-03-25 14:42:00,14:42:00,502.7,515.0,501.0,510.3,44850
2026-03-25 14:43:00,14:43:00,512.3,515.0,508.3,511.0,27755
2026-03-25 14:44:00,14:44:00,506.75,511.4,502.2,508.05,19890
2026-03-25 14:45:00,14:45:00,509.6,516.7,508.05,516.7,41730
2026-03-25 14:46:00,14:46:00,515.7,516.7,502.05,507.15,29185
2026-03-25 14:47:00,14:47:00,506.75,507.45,496.7,503.5,26455
2026-03-25 14:48:00,14:48:00,502.35,503.5,491.2,497.45,35035
2026-03-25 14:49:00,14:49:00,498.6,509.7,497.45,501.5,21970
2026-03-25 14:50:00,14:50:00,502.65,505.95,497.0,497.7,24635
2026-03-25 14:51:00,14:51:00,497.6,503.2,497.6,500.65,12090
2026-03-25 14:52:00,14:52:00,501.4,501.4,495.0,495.0,24245
2026-03-25 14:53:00,14:53:00,494.3,499.0,484.0,484.4,32695
2026-03-25 14:54:00,14:54:00,487.05,490.1,477.15,481.0,40755
2026-03-25 14:55:00,14:55:00,516.4,519.55,516.05,518.2,3965
2026-03-25 14:56:00,14:56:00,482.0,487.45,478.85,483.15,30225
2026-03-25 14:57:00,14:57:00,521.75,527.65,511.9,515.2,3250
2026-03-25 14:58:00,14:58:00,478.15,488.0,477.05,480.1,23920
2026-03-25 14:59:00,14:59:00,478.75,486.5,478.75,485.3,22750
2026-03-25 15:00:00,15:00:00,515.0,522.7,500.0,511.0,5980
2026-03-25 15:01:00,15:01:00,509.25,512.7,500.15,502.95,4485
2026-03-25 15:02:00,15:02:00,470.6,490.4,466.7,488.35,62985
2026-03-25 15:03:00,15:03:00,488.65,498.55,482.0,486.75,73255
2026-03-25 15:04:00,15:04:00,487.4,487.45,476.15,478.7,32825
2026-03-25 15:05:00,15:05:00,514.2,515.0,505.0,512.95,5980
2026-03-25 15:06:00,15:06:00,514.8,514.8,504.8,504.9,3380
2026-03-25 15:07:00,15:07:00,503.0,513.7,503.0,508.75,9295
2026-03-25 15:08:00,15:08:00,516.0,520.75,508.75,516.0,3510
2026-03-25 15:09:00,15:09:00,517.25,520.25,510.8,520.1,5980
2026-03-25 15:10:00,15:10:00,517.85,520.1,512.6,514.35,845
2026-03-25 15:11:00,15:11:00,518.0,518.15,512.5,512.5,585
2026-03-25 15:12:00,15:12:00,510.4,514.0,505.25,505.6,2795
2026-03-25 15:13:00,15:13:00,505.0,507.75,500.9,506.15,2145
2026-03-25 15:14:00,15:14:00,505.0,507.95,505.0,505.65,4420
2026-03-25 15:15:00,15:15:00,506.1,512.15,500.0,511.95,5525
2026-03-25 15:16:00,15:16:00,513.0,513.0,508.05,509.2,7020
2026-03-25 15:17:00,15:17:00,508.05,515.0,507.0,508.5,5525
2026-03-25 15:18:00,15:18:00,507.45,508.5,493.65,495.6,7995
2026-03-25 15:19:00,15:19:00,491.0,495.6,485.15,485.5,5460
2026-03-25 15:20:00,15:20:00,487.3,493.0,484.05,491.55,7280
2026-03-25 15:21:00,15:21:00,491.1,494.85,487.8,491.35,7410
2026-03-25 15:22:00,15:22:00,491.8,495.05,489.9,492.75,10205
2026-03-25 15:23:00,15:23:00,487.1,498.25,487.1,495.7,11635
2026-03-25 15:24:00,15:24:00,494.55,500.5,493.4,500.5,9555
2026-03-25 15:25:00,15:25:00,498.6,500.5,495.35,497.0,10985
2026-03-25 15:26:00,15:26:00,496.15,505.15,495.0,503.25,10725
2026-03-25 15:27:00,15:27:00,501.45,506.2,501.1,503.0,31200
2026-03-25 15:28:00,15:28:00,503.75,511.9,500.7,511.9,24180
2026-03-25 15:29:00,15:29:00,512.75,521.1,509.8,517.5,5330
2026-03-27 09:19:00,09:19:00,316.4,321.75,312.65,318.75,64220
2026-03-27 09:20:00,09:20:00,318.85,322.35,311.55,319.8,71370
2026-03-27 09:21:00,09:21:00,288.1,305.25,286.3,304.9,992030
2026-03-27 09:22:00,09:22:00,305.7,314.2,300.75,305.45,830050
2026-03-27 09:23:00,09:23:00,308.15,318.0,305.45,316.35,587470
2026-03-27 09:24:00,09:24:00,315.0,316.35,298.45,300.2,532870
2026-03-27 09:25:00,09:25:00,300.75,305.2,296.4,303.7,384215
2026-03-27 09:26:00,09:26:00,305.3,309.7,299.05,303.0,364910
2026-03-27 09:27:00,09:27:00,333.9,335.85,330.0,331.25,17225
2026-03-27 09:28:00,09:28:00,329.4,334.85,324.8,328.75,29445
2026-03-27 09:29:00,09:29:00,328.75,330.0,321.4,322.95,20995
2026-03-27 09:30:00,09:30:00,321.1,322.95,305.6,308.1,98085
2026-03-27 09:31:00,09:31:00,308.65,315.15,308.1,314.5,55705
2026-03-27 09:32:00,09:32:00,315.8,323.0,314.5,319.9,59540
2026-03-27 09:33:00,09:33:00,319.85,319.9,310.1,310.1,30095
2026-03-27 09:34:00,09:34:00,342.0,343.9,330.4,330.85,75400
2026-03-27 09:35:00,09:35:00,331.8,331.8,326.95,329.6,71955
2026-03-27 09:36:00,09:36:00,329.85,330.25,324.0,328.3,70590
2026-03-27 09:37:00,09:37:00,328.35,329.5,320.4,324.65,80015
2026-03-27 09:38:00,09:38:00,324.0,325.9,319.65,322.55,48750
2026-03-27 09:39:00,09:39:00,322.35,330.35,317.7,330.35,124020
2026-03-27 09:40:00,09:40:00,300.85,307.25,299.7,302.95,117780
2026-03-27 09:41:00,09:41:00,303.8,307.0,302.6,305.0,68640
2026-03-27 09:42:00,09:42:00,303.45,309.8,301.55,308.95,63960
2026-03-27 09:43:00,09:43:00,308.75,318.0,307.95,317.2,93600
2026-03-27 09:44:00,09:44:00,316.55,318.3,312.15,314.55,48555
2026-03-27 09:45:00,09:45:00,314.45,315.25,306.7,306.7,55575
2026-03-27 09:46:00,09:46:00,307.4,309.45,304.4,307.65,43615
2026-03-27 09:47:00,09:47:00,306.95,309.85,303.2,309.85,35815
2026-03-27 09:48:00,09:48:00,309.35,313.75,306.1,311.35,40495
2026-03-27 09:49:00,09:49:00,311.5,313.65,306.3,309.45,40300
2026-03-27 09:50:00,09:50:00,307.9,309.45,304.55,307.35,27820
2026-03-27 09:51:00,09:51:00,308.45,308.7,302.0,308.0,30680
2026-03-27 09:52:00,09:52:00,307.35,309.4,300.25,304.3,59345
2026-03-27 09:53:00,09:53:00,335.5,336.9,328.55,333.75,57070
2026-03-27 09:54:00,09:54:00,333.1,333.75,325.55,325.55,34840
2026-03-27 09:55:00,09:55:00,324.55,327.65,322.0,322.65,53170
2026-03-27 09:56:00,09:56:00,322.35,324.1,311.85,312.3,98930
2026-03-27 09:57:00,09:57:00,311.6,312.95,307.2,307.2,119730
2026-03-27 09:58:00,09:58:00,308.0,308.2,302.45,304.45,101855
2026-03-27 09:59:00,09:59:00,304.95,311.25,303.75,306.4,126425
2026-03-27 10:00:00,10:00:00,305.8,312.7,303.5,311.55,99840
2026-03-27 10:01:00,10:01:00,312.05,314.65,306.35,314.25,110565
2026-03-27 10:02:00,10:02:00,313.65,318.4,312.35,317.6,99645
2026-03-27 10:03:00,10:03:00,316.85,331.2,316.6,324.05,214695
2026-03-27 10:04:00,10:04:00,324.0,326.0,319.2,322.8,90610
2026-03-27 10:05:00,10:05:00,322.45,322.8,317.0,318.0,66690
2026-03-27 10:06:00,10:06:00,317.55,319.85,314.25,316.15,64870
2026-03-27 10:07:00,10:07:00,315.8,320.25,312.05,319.15,97305
2026-03-27 10:08:00,10:08:00,318.5,319.65,315.1,315.1,96135
2026-03-27 10:09:00,10:09:00,315.7,324.05,315.1,320.2,77935
2026-03-27 10:10:00,10:10:00,320.4,320.4,312.65,313.25,74945
2026-03-27 10:11:00,10:11:00,313.75,316.05,307.75,307.75,91715
2026-03-27 10:12:00,10:12:00,307.1,312.35,306.5,309.8,59345
2026-03-27 10:13:00,10:13:00,309.65,310.25,300.0,301.65,106795
2026-03-27 10:14:00,10:14:00,302.4,303.1,296.9,298.95,102245
2026-03-27 10:15:00,10:15:00,298.75,302.95,296.7,299.0,109460
2026-03-27 10:16:00,10:16:00,300.9,303.95,298.9,303.8,73255
2026-03-27 10:17:00,10:17:00,300.35,303.8,297.0,297.9,56485
2026-03-27 10:18:00,10:18:00,328.1,330.15,324.55,324.55,15535
2026-03-27 10:19:00,10:19:00,323.95,328.05,321.15,321.15,15990
2026-03-27 10:20:00,10:20:00,290.65,294.75,289.0,293.65,125645
2026-03-27 10:21:00,10:21:00,294.0,303.5,293.65,298.65,220545
2026-03-27 10:22:00,10:22:00,297.9,303.0,297.9,302.35,65520
2026-03-27 10:23:00,10:23:00,302.35,303.4,299.65,302.95,69095
2026-03-27 10:24:00,10:24:00,305.0,312.7,302.95,311.3,217750
2026-03-27 10:25:00,10:25:00,311.0,314.95,308.55,314.5,104975
2026-03-27 10:26:00,10:26:00,314.9,315.0,307.4,307.45,81965
2026-03-27 10:27:00,10:27:00,307.9,311.1,305.4,310.25,67340
2026-03-27 10:28:00,10:28:00,310.25,310.9,305.85,310.65,56030
2026-03-27 10:29:00,10:29:00,309.65,311.95,306.55,309.85,56875
2026-03-27 10:30:00,10:30:00,310.0,319.0,309.25,318.85,93795
2026-03-27 10:31:00,10:31:00,289.05,294.95,288.3,294.6,190450
2026-03-27 10:32:00,10:32:00,326.2,327.3,321.5,323.0,169130
2026-03-27 10:33:00,10:33:00,320.0,323.0,312.15,313.6,102960
2026-03-27 10:34:00,10:34:00,314.3,314.4,307.25,314.25,97305
2026-03-27 10:35:00,10:35:00,315.1,315.55,309.65,315.55,64025
2026-03-27 10:36:00,10:36:00,316.7,316.7,306.05,306.85,66560
2026-03-27 10:37:00,10:37:00,305.1,309.15,301.5,305.8,93275
2026-03-27 10:38:00,10:38:00,306.0,315.45,303.3,313.9,88465
2026-03-27 10:39:00,10:39:00,314.05,316.95,309.45,314.65,76765
2026-03-27 10:40:00,10:40:00,313.25,314.65,303.3,304.35,70590
2026-03-27 10:41:00,10:41:00,304.8,305.55,302.1,302.1,58240
2026-03-27 10:42:00,10:42:00,302.4,310.9,299.15,309.4,130065
2026-03-27 10:43:00,10:43:00,310.25,312.3,303.8,310.05,67990
2026-03-27 10:44:00,10:44:00,309.45,310.05,303.0,303.65,51025
2026-03-27 10:45:00,10:45:00,302.7,303.65,295.5,296.3,120835
2026-03-27 10:46:00,10:46:00,326.85,329.0,321.5,321.65,24960
2026-03-27 10:47:00,10:47:00,291.1,293.95,288.15,290.95,147290
2026-03-27 10:48:00,10:48:00,292.6,297.95,290.95,297.9,116155
2026-03-27 10:49:00,10:49:00,297.1,297.9,289.25,289.5,96460
2026-03-27 10:50:00,10:50:00,320.4,322.35,317.15,318.45,28600
2026-03-27 10:51:00,10:51:00,318.55,320.45,315.65,319.4,16640
2026-03-27 10:52:00,10:52:00,318.15,319.6,315.65,315.65,41145
2026-03-27 10:53:00,10:53:00,317.25,318.4,309.0,310.0,28860
2026-03-27 10:54:00,10:54:00,310.3,311.05,299.8,300.85,58370
2026-03-27 10:55:00,10:55:00,300.3,306.9,300.3,306.5,56095
2026-03-27 10:56:00,10:56:00,305.75,310.75,305.75,310.55,32435
2026-03-27 10:57:00,10:57:00,311.0,311.0,304.25,309.1,22100
2026-03-27 10:58:00,10:58:00,279.1,284.0,278.7,282.0,134615
2026-03-27 10:59:00,10:59:00,311.85,312.75,309.0,312.75,14755
2026-03-27 11:00:00,11:00:00,282.1,293.0,281.7,291.1,205270
2026-03-27 11:01:00,11:01:00,291.0,297.4,289.5,293.9,235625
2026-03-27 11:02:00,11:02:00,293.9,296.45,290.4,291.0,135980
2026-03-27 11:03:00,11:03:00,320.9,321.3,309.3,313.0,38870
2026-03-27 11:04:00,11:04:00,283.6,288.0,281.1,286.3,94835
2026-03-27 11:05:00,11:05:00,286.6,286.65,283.05,286.35,61815
2026-03-27 11:06:00,11:06:00,287.3,288.8,284.4,286.75,77155
2026-03-27 11:07:00,11:07:00,287.4,292.45,286.65,290.0,101010
2026-03-27 11:08:00,11:08:00,289.95,293.35,288.15,291.75,83590
2026-03-27 11:09:00,11:09:00,290.6,296.7,290.6,296.2,112905
2026-03-27 11:10:00,11:10:00,296.4,299.45,291.55,291.55,167765
2026-03-27 11:11:00,11:11:00,291.1,295.35,290.1,292.65,75985
2026-03-27 11:12:00,11:12:00,291.65,292.65,284.75,290.6,102115
2026-03-27 11:13:00,11:13:00,290.5,294.6,286.75,294.05,67145
2026-03-27 11:14:00,11:14:00,293.2,294.45,288.0,292.85,61750
2026-03-27 11:15:00,11:15:00,292.75,296.2,289.7,292.85,64545
2026-03-27 11:16:00,11:16:00,292.95,295.45,290.0,290.0,54340
2026-03-27 11:17:00,11:17:00,290.7,291.5,287.75,289.45,48165
2026-03-27 11:18:00,11:18:00,318.9,322.0,308.4,308.4,18720
2026-03-27 11:19:00,11:19:00,309.4,309.4,303.85,308.55,42120
2026-03-27 11:20:00,11:20:00,309.8,310.15,306.5,309.55,25610
2026-03-27 11:21:00,11:21:00,310.45,310.45,305.0,305.0,15210
2026-03-27 11:22:00,11:22:00,305.15,308.5,302.15,304.1,28210
2026-03-27 11:23:00,11:23:00,304.9,305.75,299.0,299.1,26910
2026-03-27 11:24:00,11:24:00,300.2,303.4,299.1,299.9,25090
2026-03-27 11:25:00,11:25:00,301.4,301.4,297.0,299.75,43225
2026-03-27 11:26:00,11:26:00,299.35,299.95,296.25,298.95,25285
2026-03-27 11:27:00,11:27:00,298.4,305.6,297.0,297.2,38480
2026-03-27 11:28:00,11:28:00,297.0,297.2,287.15,288.1,67015
2026-03-27 11:29:00,11:29:00,288.0,288.6,284.45,287.65,53495
2026-03-27 11:30:00,11:30:00,287.25,290.25,285.85,288.7,41730
2026-03-27 11:31:00,11:31:00,288.65,289.4,285.0,285.45,45890
2026-03-27 11:32:00,11:32:00,284.0,288.05,281.55,288.05,41405
2026-03-27 11:33:00,11:33:00,288.2,293.3,288.05,291.0,55575
2026-03-27 11:34:00,11:34:00,291.2,291.8,285.05,287.2,31850
2026-03-27 11:35:00,11:35:00,292.15,292.8,287.2,290.2,26000
2026-03-27 11:36:00,11:36:00,289.8,295.85,287.9,291.55,40040
2026-03-27 11:37:00,11:37:00,291.65,296.05,289.75,289.8,41730
2026-03-27 11:38:00,11:38:00,289.3,291.8,286.9,291.6,36790
2026-03-27 11:39:00,11:39:00,291.9,294.65,290.75,291.1,29835
2026-03-27 11:40:00,11:40:00,291.05,295.85,290.75,295.85,21320
2026-03-27 11:41:00,11:41:00,295.75,295.85,291.0,291.65,20605
2026-03-27 11:42:00,11:42:00,290.6,291.65,287.0,287.15,41730
2026-03-27 11:43:00,11:43:00,287.15,287.15,281.55,286.0,56420
2026-03-27 11:44:00,11:44:00,286.1,295.25,285.6,294.95,42835
2026-03-27 11:45:00,11:45:00,294.95,295.2,292.7,293.15,31590
2026-03-27 11:46:00,11:46:00,292.0,298.0,291.7,296.4,66755
2026-03-27 11:47:00,11:47:00,296.2,297.0,291.3,292.5,17225
2026-03-27 11:48:00,11:48:00,292.2,295.8,291.15,295.8,15795
2026-03-27 11:49:00,11:49:00,295.55,295.8,291.0,294.0,20800
2026-03-27 11:50:00,11:50:00,293.0,295.95,292.0,295.95,10855
2026-03-27 11:51:00,11:51:00,294.1,296.8,293.6,294.3,16185
2026-03-27 11:52:00,11:52:00,293.9,294.95,291.0,292.9,11830
2026-03-27 11:53:00,11:53:00,292.35,299.4,290.6,298.95,28145
2026-03-27 11:54:00,11:54:00,299.15,301.0,296.55,297.75,42185
2026-03-27 11:55:00,11:55:00,297.85,297.85,292.0,294.85,37765
2026-03-27 11:56:00,11:56:00,294.45,295.3,284.95,288.9,72800
2026-03-27 11:57:00,11:57:00,289.4,291.2,287.05,290.15,19565
2026-03-27 11:58:00,11:58:00,290.35,291.15,287.05,289.15,20150
2026-03-27 11:59:00,11:59:00,289.5,293.0,288.35,290.55,15275
2026-03-27 12:00:00,12:00:00,289.95,290.55,283.5,285.15,48750
2026-03-27 12:01:00,12:01:00,285.3,286.3,281.55,281.55,23075
2026-03-27 12:02:00,12:02:00,310.7,311.55,302.7,307.15,150995
2026-03-27 12:03:00,12:03:00,278.3,288.25,277.5,287.05,102960
2026-03-27 12:04:00,12:04:00,287.25,292.3,286.45,286.45,63050
2026-03-27 12:05:00,12:05:00,288.1,289.4,285.2,288.3,25870
2026-03-27 12:06:00,12:06:00,287.9,288.3,285.0,287.45,11830
2026-03-27 12:07:00,12:07:00,287.75,291.85,284.8,291.85,26390
2026-03-27 12:08:00,12:08:00,292.05,294.05,287.25,287.9,54600
2026-03-27 12:09:00,12:09:00,288.15,289.45,285.4,285.85,19890
2026-03-27 12:10:00,12:10:00,285.0,285.85,281.75,283.35,20215
2026-03-27 12:11:00,12:11:00,282.9,283.35,276.35,279.45,50310
2026-03-27 12:12:00,12:12:00,279.8,287.2,279.45,284.75,39910
2026-03-27 12:13:00,12:13:00,285.1,285.95,281.5,283.9,18135
2026-03-27 12:14:00,12:14:00,281.25,283.9,279.45,280.3,20930
2026-03-27 12:15:00,12:15:00,279.5,283.7,277.5,282.95,34515
2026-03-27 12:16:00,12:16:00,311.7,313.2,307.3,307.3,12740
2026-03-27 12:17:00,12:17:00,307.7,307.7,301.05,304.45,109980
2026-03-27 12:18:00,12:18:00,304.6,305.9,294.15,296.75,133185
2026-03-27 12:19:00,12:19:00,298.0,300.9,296.5,298.45,95550
2026-03-27 12:20:00,12:20:00,299.0,299.6,295.2,297.5,45760
2026-03-27 12:21:00,12:21:00,268.95,275.85,268.2,275.7,65585
2026-03-27 12:22:00,12:22:00,275.8,276.15,273.75,275.8,70200
2026-03-27 12:23:00,12:23:00,274.5,276.95,272.25,273.05,41015
2026-03-27 12:24:00,12:24:00,273.25,278.85,272.8,278.85,41405
2026-03-27 12:25:00,12:25:00,278.9,281.9,276.05,281.9,50895
2026-03-27 12:26:00,12:26:00,283.8,291.1,281.9,288.85,138255
2026-03-27 12:27:00,12:27:00,289.8,297.2,287.8,296.95,111085
2026-03-27 12:28:00,12:28:00,297.1,297.1,292.0,293.4,46150
2026-03-27 12:29:00,12:29:00,292.0,299.55,291.6,298.0,66040
2026-03-27 12:30:00,12:30:00,298.05,298.05,289.25,289.25,68055
2026-03-27 12:31:00,12:31:00,288.6,291.2,287.1,287.6,76570
2026-03-27 12:32:00,12:32:00,287.0,287.95,279.5,284.9,81510
2026-03-27 12:33:00,12:33:00,285.25,289.8,284.35,287.7,58630
2026-03-27 12:34:00,12:34:00,287.6,292.35,287.6,291.0,45500
2026-03-27 12:35:00,12:35:00,290.7,298.45,288.85,298.1,44525
2026-03-27 12:36:00,12:36:00,297.55,299.3,291.2,292.75,48490
2026-03-27 12:37:00,12:37:00,294.1,295.3,291.65,291.65,28340
2026-03-27 12:38:00,12:38:00,291.35,292.3,287.5,291.0,33605
2026-03-27 12:39:00,12:39:00,291.15,294.0,289.55,292.6,29315
2026-03-27 12:40:00,12:40:00,292.6,294.85,287.45,287.6,21775
2026-03-27 12:41:00,12:41:00,288.25,290.0,283.4,290.0,40560
2026-03-27 12:42:00,12:42:00,290.6,297.3,289.7,297.3,48295
2026-03-27 12:43:00,12:43:00,297.45,297.45,289.45,289.8,30355
2026-03-27 12:44:00,12:44:00,290.95,297.9,289.5,297.85,24765
2026-03-27 12:45:00,12:45:00,297.85,297.85,289.85,293.85,41535
2026-03-27 12:46:00,12:46:00,293.3,295.0,284.5,289.65,44590
2026-03-27 12:47:00,12:47:00,289.65,292.45,286.45,291.25,33995
2026-03-27 12:48:00,12:48:00,291.25,291.95,288.5,289.5,19045
2026-03-27 12:49:00,12:49:00,289.15,292.35,288.0,289.85,15470
2026-03-27 12:50:00,12:50:00,290.05,300.0,289.85,299.35,86840
2026-03-27 12:51:00,12:51:00,299.25,299.4,289.3,292.1,48165
2026-03-27 12:52:00,12:52:00,292.35,292.35,282.5,282.6,60970
2026-03-27 12:53:00,12:53:00,280.65,288.25,279.0,288.25,72020
2026-03-27 12:54:00,12:54:00,288.75,292.55,283.05,288.35,82940
2026-03-27 12:55:00,12:55:00,288.25,290.65,287.0,288.05,50050
2026-03-27 12:56:00,12:56:00,287.5,290.0,287.25,289.7,16185
2026-03-27 12:57:00,12:57:00,290.0,292.55,286.8,288.6,35620
2026-03-27 12:58:00,12:58:00,288.1,288.6,278.75,282.4,35295
2026-03-27 12:59:00,12:59:00,284.05,285.6,280.25,282.75,25610
2026-03-27 13:00:00,13:00:00,284.1,287.8,280.55,283.8,14300
2026-03-27 13:01:00,13:01:00,283.1,284.2,279.85,281.1,17615
2026-03-27 13:02:00,13:02:00,281.05,282.25,279.0,279.3,20085
2026-03-27 13:03:00,13:03:00,278.4,279.3,272.4,276.65,88140
2026-03-27 13:04:00,13:04:00,275.85,276.65,270.85,271.6,33930
2026-03-27 13:05:00,13:05:00,272.2,274.2,270.75,273.0,24115
2026-03-27 13:06:00,13:06:00,273.55,276.05,272.0,273.5,38220
2026-03-27 13:07:00,13:07:00,274.5,277.4,271.35,273.45,41860
2026-03-27 13:08:00,13:08:00,273.2,277.05,272.05,274.45,22685
2026-03-27 13:09:00,13:09:00,274.9,274.95,270.75,272.5,15665
2026-03-27 13:10:00,13:10:00,303.0,304.6,296.05,296.05,46150
2026-03-27 13:11:00,13:11:00,297.2,299.55,292.15,293.35,69875
2026-03-27 13:12:00,13:12:00,263.9,273.9,263.55,269.5,54860
2026-03-27 13:13:00,13:13:00,269.15,274.2,267.0,273.05,46410
2026-03-27 13:14:00,13:14:00,273.65,280.85,273.05,280.45,70135
2026-03-27 13:15:00,13:15:00,279.55,282.1,275.75,282.1,66560
2026-03-27 13:16:00,13:16:00,282.8,294.95,281.95,294.85,122655
2026-03-27 13:17:00,13:17:00,263.75,282.0,263.35,276.9,1026285
2026-03-27 13:18:00,13:18:00,307.05,307.15,292.25,296.05,65130
2026-03-27 13:19:00,13:19:00,296.2,299.5,294.1,298.95,29510
2026-03-27 13:20:00,13:20:00,296.0,298.95,289.95,289.95,38805
2026-03-27 13:21:00,13:21:00,292.0,292.35,285.0,285.0,45500
2026-03-27 13:22:00,13:22:00,284.4,286.8,280.3,286.75,63310
2026-03-27 13:23:00,13:23:00,286.95,288.1,284.15,286.6,47775
2026-03-27 13:24:00,13:24:00,286.95,287.25,283.0,283.4,26585
2026-03-27 13:25:00,13:25:00,284.1,290.55,283.4,288.4,35945
2026-03-27 13:26:00,13:26:00,289.15,295.55,288.4,291.1,60710
2026-03-27 13:27:00,13:27:00,292.45,293.25,284.6,285.75,29380
2026-03-27 13:28:00,13:28:00,285.4,286.9,278.15,278.95,42770
2026-03-27 13:29:00,13:29:00,278.8,278.95,271.75,271.75,57070
2026-03-27 13:30:00,13:30:00,272.6,273.45,263.7,272.15,100035
2026-03-27 13:31:00,13:31:00,271.95,277.35,269.15,269.75,61490
2026-03-27 13:32:00,13:32:00,299.9,302.1,288.2,288.2,110435
2026-03-27 13:33:00,13:33:00,259.2,264.35,256.7,264.35,110305
2026-03-27 13:34:00,13:34:00,294.25,297.35,289.65,290.95,50310
2026-03-27 13:35:00,13:35:00,289.0,290.95,284.25,288.05,83135
2026-03-27 13:36:00,13:36:00,259.7,267.7,259.05,267.1,73645
2026-03-27 13:37:00,13:37:00,296.6,298.15,286.0,287.35,61620
2026-03-27 13:38:00,13:38:00,287.3,288.9,285.2,288.9,41925
2026-03-27 13:39:00,13:39:00,288.8,288.9,283.25,284.8,73905
2026-03-27 13:40:00,13:40:00,283.5,296.0,283.1,294.9,84825
2026-03-27 13:41:00,13:41:00,266.05,267.15,261.45,264.45,84500
2026-03-27 13:42:00,13:42:00,264.3,269.0,260.6,268.65,37375
2026-03-27 13:43:00,13:43:00,269.1,275.8,266.35,266.75,105170
2026-03-27 13:44:00,13:44:00,266.4,266.75,260.0,266.0,56940
2026-03-27 13:45:00,13:45:00,266.85,270.45,264.9,268.0,41665
2026-03-27 13:46:00,13:46:00,266.35,268.45,261.45,261.55,36270
2026-03-27 13:47:00,13:47:00,261.0,265.05,258.0,258.0,51090
2026-03-27 13:48:00,13:48:00,259.65,263.4,258.0,261.5,29250
2026-03-27 13:49:00,13:49:00,291.0,293.3,284.25,286.2,50830
2026-03-27 13:50:00,13:50:00,256.4,260.65,256.4,260.4,29055
2026-03-27 13:51:00,13:51:00,260.85,270.35,260.0,268.65,60645
2026-03-27 13:52:00,13:52:00,268.55,269.3,262.9,265.0,39390
2026-03-27 13:53:00,13:53:00,264.95,265.55,260.6,261.5,24245
2026-03-27 13:54:00,13:54:00,260.1,263.55,260.1,261.55,13585
2026-03-27 13:55:00,13:55:00,291.6,296.65,288.65,290.05,35620
2026-03-27 13:56:00,13:56:00,262.2,263.35,258.6,262.35,19955
2026-03-27 13:57:00,13:57:00,262.6,264.15,260.5,260.5,20930
2026-03-27 13:58:00,13:58:00,289.85,292.45,279.75,281.2,104780
2026-03-27 13:59:00,13:59:00,281.55,290.8,280.0,289.05,67210
2026-03-27 14:00:00,14:00:00,286.5,290.0,284.25,284.25,40950
2026-03-27 14:01:00,14:01:00,286.4,289.1,284.25,289.1,36205
2026-03-27 14:02:00,14:02:00,259.55,262.8,258.5,262.0,40625
2026-03-27 14:03:00,14:03:00,292.2,293.15,287.5,289.15,57200
2026-03-27 14:04:00,14:04:00,290.0,290.25,285.0,285.95,58500
2026-03-27 14:05:00,14:05:00,285.85,291.2,277.6,278.45,81900
2026-03-27 14:06:00,14:06:00,278.2,278.7,269.95,276.35,157560
2026-03-27 14:07:00,14:07:00,275.35,277.25,270.65,272.55,102375
2026-03-27 14:08:00,14:08:00,273.35,273.8,269.3,270.75,123435
2026-03-27 14:09:00,14:09:00,270.1,278.0,270.1,277.2,84500
2026-03-27 14:10:00,14:10:00,278.15,278.25,266.5,268.0,82875
2026-03-27 14:11:00,14:11:00,267.9,268.35,262.5,268.0,128700
2026-03-27 14:12:00,14:12:00,270.05,277.1,268.0,275.55,159315
2026-03-27 14:13:00,14:13:00,274.5,279.4,273.65,276.2,121680
2026-03-27 14:14:00,14:14:00,275.05,279.6,274.5,278.0,90285
2026-03-27 14:15:00,14:15:00,276.9,281.85,276.1,280.8,92495
2026-03-27 14:16:00,14:16:00,281.3,281.3,274.4,275.0,98995
2026-03-27 14:17:00,14:17:00,274.0,276.2,272.35,272.7,51870
2026-03-27 14:18:00,14:18:00,273.6,277.15,272.75,275.85,46735
2026-03-27 14:19:00,14:19:00,274.6,275.85,265.0,266.0,136825
2026-03-27 14:20:00,14:20:00,266.5,273.5,266.0,272.05,101660
2026-03-27 14:21:00,14:21:00,272.65,274.0,269.15,269.7,70005
2026-03-27 14:22:00,14:22:00,269.65,269.7,261.9,262.6,98215
2026-03-27 14:23:00,14:23:00,263.35,265.8,258.4,264.75,170430
2026-03-27 14:24:00,14:24:00,264.65,266.0,261.6,265.1,97500
2026-03-27 14:25:00,14:25:00,264.5,268.0,263.45,267.0,79235
2026-03-27 14:26:00,14:26:00,266.75,267.8,256.75,258.25,152880
2026-03-27 14:27:00,14:27:00,257.6,265.4,254.6,263.45,264030
2026-03-27 14:28:00,14:28:00,263.95,265.0,259.5,263.9,96070
2026-03-27 14:29:00,14:29:00,263.8,264.2,261.0,261.0,65585
2026-03-27 14:30:00,14:30:00,261.9,262.6,258.05,261.15,109135
2026-03-27 14:31:00,14:31:00,291.2,293.6,279.5,279.5,26455
2026-03-27 14:32:00,14:32:00,276.1,289.95,276.1,286.95,44135
2026-03-27 14:33:00,14:33:00,286.15,286.95,280.8,281.6,26845
2026-03-27 14:34:00,14:34:00,281.65,282.05,273.55,277.1,49920
2026-03-27 14:35:00,14:35:00,277.15,283.25,275.4,279.7,62010
2026-03-27 14:36:00,14:36:00,280.3,281.95,270.75,274.9,62465
2026-03-27 14:37:00,14:37:00,274.95,275.85,268.85,273.05,87490
2026-03-27 14:38:00,14:38:00,273.65,277.25,267.1,268.35,47645
2026-03-27 14:39:00,14:39:00,267.6,269.9,263.7,266.65,57330
2026-03-27 14:40:00,14:40:00,266.1,270.4,262.0,263.55,71955
2026-03-27 14:41:00,14:41:00,264.05,272.0,263.4,270.35,99515
2026-03-27 14:42:00,14:42:00,270.0,277.4,269.75,277.3,53690
2026-03-27 14:43:00,14:43:00,279.9,280.8,276.55,279.7,66365
2026-03-27 14:44:00,14:44:00,279.6,280.8,273.75,275.4,50895
2026-03-27 14:45:00,14:45:00,276.85,279.9,275.4,279.25,28145
2026-03-27 14:46:00,14:46:00,280.35,283.6,277.4,278.25,35490
2026-03-27 14:47:00,14:47:00,275.0,278.25,273.55,275.85,36140
2026-03-27 14:48:00,14:48:00,275.45,280.0,273.35,276.9,33735
2026-03-27 14:49:00,14:49:00,277.65,280.0,276.9,278.15,11570
2026-03-27 14:50:00,14:50:00,278.05,280.0,276.5,279.2,13975
2026-03-27 14:51:00,14:51:00,278.7,287.2,278.4,284.75,46150
2026-03-27 14:52:00,14:52:00,286.05,287.2,281.35,284.05,36010
2026-03-27 14:53:00,14:53:00,283.7,285.6,274.7,274.7,36660
2026-03-27 14:54:00,14:54:00,276.25,279.15,274.45,277.2,33865
2026-03-27 14:55:00,14:55:00,277.75,281.4,276.0,279.95,34970
2026-03-27 14:56:00,14:56:00,280.55,284.3,277.1,282.15,43875
2026-03-27 14:57:00,14:57:00,281.45,282.15,269.2,277.35,112320
2026-03-27 14:58:00,14:58:00,276.15,277.95,270.35,270.35,28990
2026-03-27 14:59:00,14:59:00,270.0,274.65,268.45,268.95,43810
2026-03-27 15:00:00,15:00:00,266.15,268.95,255.2,257.35,153790
2026-03-27 15:01:00,15:01:00,257.5,257.5,248.3,254.45,101660
2026-03-27 15:02:00,15:02:00,252.15,266.5,252.15,265.3,108160
2026-03-27 15:03:00,15:03:00,293.7,295.25,284.95,287.5,58175
2026-03-27 15:04:00,15:04:00,257.05,265.95,257.05,264.75,47970
2026-03-27 15:05:00,15:05:00,293.3,295.0,287.95,288.4,60125
2026-03-27 15:06:00,15:06:00,257.65,263.7,257.2,261.8,44395
2026-03-27 15:07:00,15:07:00,292.5,292.5,280.0,284.3,67145
2026-03-27 15:08:00,15:08:00,284.0,288.9,283.3,287.15,57850
2026-03-27 15:09:00,15:09:00,289.3,289.5,283.9,285.9,38545
2026-03-27 15:10:00,15:10:00,258.0,262.3,255.45,258.4,59345
2026-03-27 15:11:00,15:11:00,258.8,259.35,257.0,258.75,39390
2026-03-27 15:12:00,15:12:00,287.4,287.45,279.5,281.15,92040
2026-03-27 15:13:00,15:13:00,280.25,285.5,280.15,282.15,65260
2026-03-27 15:14:00,15:14:00,283.2,283.35,277.0,280.5,110955
2026-03-27 15:15:00,15:15:00,280.85,281.0,269.3,274.15,166920
2026-03-27 15:16:00,15:16:00,274.55,276.1,269.65,276.1,82225
2026-03-27 15:17:00,15:17:00,275.1,276.9,273.65,276.25,56940
2026-03-27 15:18:00,15:18:00,275.5,276.25,271.9,275.75,55640
2026-03-27 15:19:00,15:19:00,275.2,277.5,274.6,276.55,40300
2026-03-27 15:20:00,15:20:00,275.3,277.3,273.65,277.0,59085
2026-03-27 15:21:00,15:21:00,276.1,277.0,273.9,275.8,31525
2026-03-27 15:22:00,15:22:00,274.6,276.2,273.95,275.1,61295
2026-03-27 15:23:00,15:23:00,274.65,276.4,273.7,275.25,37570
2026-03-27 15:24:00,15:24:00,273.95,275.25,268.1,272.5,58695
2026-03-27 15:25:00,15:25:00,272.7,274.15,269.3,269.75,57720
2026-03-27 15:26:00,15:26:00,269.5,270.0,265.25,266.95,72215
2026-03-27 15:27:00,15:27:00,266.65,266.95,263.1,264.0,42510
2026-03-27 15:28:00,15:28:00,234.8,236.75,234.8,236.65,80925
2026-03-27 15:29:00,15:29:00,236.9,238.95,234.3,235.5,124020
2026-03-30 09:15:00,09:15:00,129.0,129.0,40.65,44.0,3942120
2026-03-30 09:16:00,09:16:00,41.9,44.0,32.95,33.2,3894150
2026-03-30 09:17:00,09:17:00,35.5,44.9,33.2,41.8,2773745
2026-03-30 09:18:00,09:18:00,41.7,48.0,41.15,42.65,2129270
2026-03-30 09:19:00,09:19:00,43.9,44.7,38.5,41.2,2128035
2026-03-30 09:20:00,09:20:00,42.15,42.15,35.05,35.2,2023060
2026-03-30 09:21:00,09:21:00,35.1,37.1,33.35,35.9,1628640
2026-03-30 09:22:00,09:22:00,25.3,35.8,24.75,31.1,1316900
2026-03-30 09:23:00,09:23:00,31.2,36.5,31.1,33.95,1018550
2026-03-30 09:24:00,09:24:00,33.9,35.2,28.25,30.05,1143220
2026-03-30 09:25:00,09:25:00,29.5,31.5,27.0,30.85,986375
2026-03-30 09:26:00,09:26:00,30.85,35.25,30.65,32.15,993590
2026-03-30 09:27:00,09:27:00,32.4,32.6,28.05,29.65,679445
2026-03-30 09:28:00,09:28:00,28.4,34.95,27.9,34.25,899145
2026-03-30 09:29:00,09:29:00,24.35,34.8,24.05,29.25,4672395
2026-03-30 09:30:00,09:30:00,30.0,33.5,26.75,27.65,2744495
2026-03-30 09:31:00,09:31:00,29.05,39.2,27.65,37.85,3507985
2026-03-30 09:32:00,09:32:00,26.35,31.4,25.9,28.55,2285075
2026-03-30 09:33:00,09:33:00,28.6,32.75,27.05,30.7,1954290
2026-03-30 09:34:00,09:34:00,21.25,33.0,20.85,31.7,3755700
2026-03-30 09:35:00,09:35:00,43.95,47.3,41.85,44.85,2283385
2026-03-30 09:36:00,09:36:00,31.95,47.65,31.3,46.15,3609515
2026-03-30 09:37:00,09:37:00,45.3,46.55,40.6,45.55,2630485
2026-03-30 09:38:00,09:38:00,44.2,47.55,37.8,38.85,2394275
2026-03-30 09:39:00,09:39:00,38.9,40.4,35.1,36.25,2003820
2026-03-30 09:40:00,09:40:00,36.6,41.75,31.6,38.85,1991275
2026-03-30 09:41:00,09:41:00,38.85,46.0,38.85,41.35,2153905
2026-03-30 09:42:00,09:42:00,55.9,57.75,49.35,50.15,967265
2026-03-30 09:43:00,09:43:00,49.95,54.3,48.5,48.6,691080
2026-03-30 09:44:00,09:44:00,48.3,48.6,44.55,47.35,1100775
2026-03-30 09:45:00,09:45:00,34.7,42.4,34.4,38.5,1496885
2026-03-30 09:46:00,09:46:00,38.25,42.1,37.7,39.45,1175655
2026-03-30 09:47:00,09:47:00,53.35,55.15,46.75,46.75,712660
2026-03-30 09:48:00,09:48:00,47.7,47.7,38.4,39.4,1587430
2026-03-30 09:49:00,09:49:00,38.9,39.4,34.6,35.3,1144780
2026-03-30 09:50:00,09:50:00,48.35,49.05,44.4,47.3,1954550
2026-03-30 09:51:00,09:51:00,34.25,45.2,33.85,42.5,1705535
2026-03-30 09:52:00,09:52:00,43.7,45.1,36.1,37.45,1208675
2026-03-30 09:53:00,09:53:00,37.35,39.25,33.55,33.85,782145
2026-03-30 09:54:00,09:54:00,47.3,48.65,41.4,41.8,1781455
2026-03-30 09:55:00,09:55:00,41.7,41.8,36.9,38.35,2607800
2026-03-30 09:56:00,09:56:00,37.5,41.3,37.5,40.0,1509170
2026-03-30 09:57:00,09:57:00,40.6,46.1,39.55,43.0,1778725
2026-03-30 09:58:00,09:58:00,43.65,43.65,33.95,35.65,2256020
2026-03-30 09:59:00,09:59:00,35.25,40.5,35.1,39.9,1279915
2026-03-30 10:00:00,10:00:00,39.2,40.05,36.2,36.9,1210820
2026-03-30 10:01:00,10:01:00,36.35,41.9,36.35,40.15,1105130
2026-03-30 10:02:00,10:02:00,28.45,35.9,28.05,35.15,1269190
2026-03-30 10:03:00,10:03:00,34.8,42.4,34.8,40.75,1601925
2026-03-30 10:04:00,10:04:00,40.7,40.8,34.95,35.7,1142960
2026-03-30 10:05:00,10:05:00,34.8,35.7,31.6,31.75,785460
2026-03-30 10:06:00,10:06:00,33.8,33.8,28.1,28.6,943410
2026-03-30 10:07:00,10:07:00,40.3,40.45,35.1,36.25,1599845
2026-03-30 10:08:00,10:08:00,37.2,37.2,32.25,32.3,2211040
2026-03-30 10:09:00,10:09:00,33.35,33.55,29.1,31.05,2372175
2026-03-30 10:10:00,10:10:00,30.75,31.05,25.45,26.3,2659475
2026-03-30 10:11:00,10:11:00,37.55,38.4,34.15,34.4,1289990
2026-03-30 10:12:00,10:12:00,34.55,36.35,33.9,34.3,1154660
2026-03-30 10:13:00,10:13:00,35.05,35.6,31.55,34.8,1057940
2026-03-30 10:14:00,10:14:00,24.8,28.1,24.0,28.1,2270840
2026-03-30 10:15:00,10:15:00,27.65,30.4,24.7,24.7,2615340
2026-03-30 10:16:00,10:16:00,24.5,26.1,23.6,25.2,1432535
2026-03-30 10:17:00,10:17:00,35.85,35.85,31.2,31.5,864240
2026-03-30 10:18:00,10:18:00,31.45,31.5,28.45,28.55,1049035
2026-03-30 10:19:00,10:19:00,29.2,30.15,27.65,29.2,745550
2026-03-30 10:20:00,10:20:00,29.35,30.4,27.9,28.5,743470
2026-03-30 10:21:00,10:21:00,28.2,30.4,27.75,28.9,1011920
2026-03-30 10:22:00,10:22:00,29.4,30.75,26.85,28.05,861510
2026-03-30 10:23:00,10:23:00,28.35,29.0,25.5,26.6,861315
2026-03-30 10:24:00,10:24:00,26.3,27.25,24.8,25.65,1139905
2026-03-30 10:25:00,10:25:00,25.45,28.75,25.2,27.65,1045915
2026-03-30 10:26:00,10:26:00,27.9,29.65,26.75,26.9,877565
2026-03-30 10:27:00,10:27:00,27.1,28.3,25.75,25.85,737100
2026-03-30 10:28:00,10:28:00,26.6,27.45,24.1,25.25,1055795
2026-03-30 10:29:00,10:29:00,25.6,26.15,23.4,23.4,738075
2026-03-30 10:30:00,10:30:00,23.7,25.05,23.1,24.1,804310
2026-03-30 10:31:00,10:31:00,24.2,24.35,21.8,21.8,650390
2026-03-30 10:32:00,10:32:00,21.65,21.9,20.25,20.55,1142700
2026-03-30 10:33:00,10:33:00,29.75,30.0,28.45,28.85,1485250
2026-03-30 10:34:00,10:34:00,19.9,22.2,19.55,21.9,735800
2026-03-30 10:35:00,10:35:00,22.05,23.7,21.55,22.85,1125800
2026-03-30 10:36:00,10:36:00,22.95,24.1,22.3,22.3,876720
2026-03-30 10:37:00,10:37:00,22.6,24.1,20.45,21.15,811460
2026-03-30 10:38:00,10:38:00,21.3,26.15,21.15,25.8,1086150
2026-03-30 10:39:00,10:39:00,25.8,26.55,23.85,24.3,1037660
2026-03-30 10:40:00,10:40:00,23.9,27.7,23.6,25.5,1286675
2026-03-30 10:41:00,10:41:00,25.2,26.3,21.7,22.25,1100190
2026-03-30 10:42:00,10:42:00,22.25,23.25,21.3,21.65,647985
2026-03-30 10:43:00,10:43:00,31.15,31.75,25.15,25.8,2385500
2026-03-30 10:44:00,10:44:00,25.6,27.0,24.75,25.3,1820390
2026-03-30 10:45:00,10:45:00,25.5,26.15,24.45,26.0,1403285
2026-03-30 10:46:00,10:46:00,25.95,29.6,25.85,28.1,1564225
2026-03-30 10:47:00,10:47:00,19.75,21.95,18.05,21.95,703690
2026-03-30 10:48:00,10:48:00,21.8,23.35,20.9,20.9,758875
2026-03-30 10:49:00,10:49:00,21.55,23.35,20.9,22.2,601380
2026-03-30 10:50:00,10:50:00,21.7,22.75,21.4,22.0,576095
2026-03-30 10:51:00,10:51:00,31.05,31.45,26.85,27.65,1453920
2026-03-30 10:52:00,10:52:00,28.25,28.7,26.2,26.85,1073150
2026-03-30 10:53:00,10:53:00,26.95,27.0,22.4,22.4,2432560
2026-03-30 10:54:00,10:54:00,22.0,23.3,21.85,21.85,1965145
2026-03-30 10:55:00,10:55:00,21.9,22.1,20.55,20.9,2160210
2026-03-30 10:56:00,10:56:00,20.9,25.6,20.0,24.95,2423850
2026-03-30 10:57:00,10:57:00,24.95,26.85,24.3,25.2,1988155
2026-03-30 10:58:00,10:58:00,25.1,25.4,23.2,24.75,1222845
2026-03-30 10:59:00,10:59:00,24.45,25.05,21.0,21.0,1100190
2026-03-30 11:00:00,11:00:00,21.25,22.8,20.7,21.75,1262755
2026-03-30 11:01:00,11:01:00,21.6,21.75,20.45,20.45,977990
2026-03-30 11:02:00,11:02:00,20.45,22.3,20.45,21.3,1038570
2026-03-30 11:03:00,11:03:00,21.35,24.2,21.05,24.05,1228760
2026-03-30 11:04:00,11:04:00,23.95,24.85,23.2,24.2,1003015
2026-03-30 11:05:00,11:05:00,23.85,24.95,23.5,23.85,936455
2026-03-30 11:06:00,11:06:00,23.15,25.1,22.9,24.85,914420
2026-03-30 11:07:00,11:07:00,24.95,25.1,23.2,24.0,1050400
2026-03-30 11:08:00,11:08:00,23.95,24.0,21.2,21.8,1102920
2026-03-30 11:09:00,11:09:00,31.05,31.05,25.75,25.75,1583400
2026-03-30 11:10:00,11:10:00,26.35,27.7,24.3,26.7,2129855
2026-03-30 11:11:00,11:11:00,26.35,26.7,23.9,23.9,1572025
2026-03-30 11:12:00,11:12:00,23.9,24.35,22.85,23.2,1117935
2026-03-30 11:13:00,11:13:00,16.55,18.6,16.3,18.35,2355340
2026-03-30 11:14:00,11:14:00,18.5,18.5,16.35,17.7,1615380
2026-03-30 11:15:00,11:15:00,26.1,26.1,24.35,24.75,684255
2026-03-30 11:16:00,11:16:00,17.25,19.15,17.1,17.9,1243515
2026-03-30 11:17:00,11:17:00,25.75,25.8,23.85,24.8,631085
2026-03-30 11:18:00,11:18:00,17.05,18.2,16.75,17.95,839540
2026-03-30 11:19:00,11:19:00,17.9,18.75,17.25,18.5,1084980
2026-03-30 11:20:00,11:20:00,26.1,26.55,24.2,24.9,725010
2026-03-30 11:21:00,11:21:00,17.3,20.0,16.9,18.65,1944735
2026-03-30 11:22:00,11:22:00,18.6,19.3,17.3,18.65,1029470
2026-03-30 11:23:00,11:23:00,26.6,29.05,25.6,25.6,1096550
2026-03-30 11:24:00,11:24:00,18.25,19.9,17.95,19.9,1237405
2026-03-30 11:25:00,11:25:00,19.75,20.5,19.0,19.4,1166035
2026-03-30 11:26:00,11:26:00,28.1,28.9,24.95,26.0,1086865
2026-03-30 11:27:00,11:27:00,26.5,26.95,25.0,25.0,814840
2026-03-30 11:28:00,11:28:00,25.1,25.45,23.6,24.65,1126775
2026-03-30 11:29:00,11:29:00,24.2,25.45,23.0,23.25,748605
2026-03-30 11:30:00,11:30:00,22.95,23.35,20.85,22.95,1523600
2026-03-30 11:31:00,11:31:00,15.9,18.6,15.5,18.6,1630850
2026-03-30 11:32:00,11:32:00,18.85,19.85,18.25,19.55,2544815
2026-03-30 11:33:00,11:33:00,19.5,19.55,17.1,18.25,1664130
2026-03-30 11:34:00,11:34:00,18.8,22.45,18.25,20.85,2773095
2026-03-30 11:35:00,11:35:00,20.75,24.9,20.65,23.0,3962595
2026-03-30 11:36:00,11:36:00,22.45,23.65,20.65,23.65,2123095
2026-03-30 11:37:00,11:37:00,16.55,19.3,16.3,18.95,1997645
2026-03-30 11:38:00,11:38:00,18.8,19.05,17.15,18.6,1771900
2026-03-30 11:39:00,11:39:00,26.85,27.0,21.65,23.1,2807805
2026-03-30 11:40:00,11:40:00,22.95,24.05,20.0,24.05,2799615
2026-03-30 11:41:00,11:41:00,24.25,24.7,20.25,20.9,1789645
2026-03-30 11:42:00,11:42:00,20.9,21.4,18.8,18.8,1518985
2026-03-30 11:43:00,11:43:00,18.8,18.95,17.45,18.95,2008305
2026-03-30 11:44:00,11:44:00,18.65,18.95,16.2,16.4,1842880
2026-03-30 11:45:00,11:45:00,24.05,24.05,21.2,21.5,1736605
2026-03-30 11:46:00,11:46:00,21.55,22.6,19.5,19.5,1430195
2026-03-30 11:47:00,11:47:00,19.4,20.25,18.9,19.45,1624480
2026-03-30 11:48:00,11:48:00,19.45,20.65,19.1,19.8,788060
2026-03-30 11:49:00,11:49:00,19.8,20.6,18.95,18.95,836550
2026-03-30 11:50:00,11:50:00,19.0,19.25,17.95,18.25,1286090
2026-03-30 11:51:00,11:51:00,18.3,19.6,18.25,18.8,838175
2026-03-30 11:52:00,11:52:00,18.85,19.45,18.05,18.1,659620
2026-03-30 11:53:00,11:53:00,17.95,18.8,17.35,17.4,635180
2026-03-30 11:54:00,11:54:00,11.8,13.5,11.05,13.35,2607085
2026-03-30 11:55:00,11:55:00,13.55,15.35,13.2,15.3,1965665
2026-03-30 11:56:00,11:56:00,22.7,23.0,18.65,18.65,1595620
2026-03-30 11:57:00,11:57:00,12.85,14.35,12.5,13.85,1436370
2026-03-30 11:58:00,11:58:00,13.95,14.9,13.7,14.7,1233440
2026-03-30 11:59:00,11:59:00,14.75,14.95,14.15,14.25,1297790
2026-03-30 12:00:00,12:00:00,14.35,15.75,13.85,15.75,1508390
2026-03-30 12:01:00,12:01:00,16.1,18.05,15.75,17.7,3655925
2026-03-30 12:02:00,12:02:00,11.85,16.25,11.85,16.05,2651675
2026-03-30 12:03:00,12:03:00,15.6,23.0,15.45,20.35,5205850
2026-03-30 12:04:00,12:04:00,20.7,20.9,18.1,20.9,2369640
2026-03-30 12:05:00,12:05:00,20.8,34.05,20.25,27.35,6039540
2026-03-30 12:06:00,12:06:00,26.15,33.35,24.3,25.2,4315545
2026-03-30 12:07:00,12:07:00,24.2,26.35,22.8,22.95,2656940
2026-03-30 12:08:00,12:08:00,22.05,23.35,19.65,20.3,3096795
2026-03-30 12:09:00,12:09:00,20.1,23.6,20.1,22.6,1936025
2026-03-30 12:10:00,12:10:00,22.2,24.0,20.9,22.95,1348685
2026-03-30 12:11:00,12:11:00,23.15,26.75,22.2,24.35,2079415
2026-03-30 12:12:00,12:12:00,16.9,19.2,16.75,19.1,2310165
2026-03-30 12:13:00,12:13:00,26.6,27.35,21.6,22.4,1784055
2026-03-30 12:14:00,12:14:00,22.4,25.85,22.2,23.8,1188850
2026-03-30 12:15:00,12:15:00,23.8,26.75,20.85,20.85,1555970
2026-03-30 12:16:00,12:16:00,20.7,25.5,19.85,23.75,1965730
2026-03-30 12:17:00,12:17:00,23.65,25.95,21.25,21.85,1462760
2026-03-30 12:18:00,12:18:00,21.85,21.95,19.05,19.85,1330355
2026-03-30 12:19:00,12:19:00,20.85,21.8,19.85,21.2,1195675
2026-03-30 12:20:00,12:20:00,20.9,24.8,20.2,23.2,1279070
2026-03-30 12:21:00,12:21:00,16.2,23.85,16.2,19.9,4722380
2026-03-30 12:22:00,12:22:00,28.85,29.4,21.65,21.65,1858025
2026-03-30 12:23:00,12:23:00,21.25,21.65,16.5,16.65,2455765
2026-03-30 12:24:00,12:24:00,16.7,17.65,13.9,13.9,1945190
2026-03-30 12:25:00,12:25:00,14.0,15.3,13.2,15.0,1416740
2026-03-30 12:26:00,12:26:00,22.9,23.0,16.95,17.0,4188015
2026-03-30 12:27:00,12:27:00,17.4,19.35,15.9,15.9,2636010
2026-03-30 12:28:00,12:28:00,15.65,16.65,15.35,16.2,2452385
2026-03-30 12:29:00,12:29:00,16.45,17.9,14.15,17.8,2276170
2026-03-30 12:30:00,12:30:00,17.35,17.8,15.5,15.55,1914640
2026-03-30 12:31:00,12:31:00,15.35,17.9,15.0,17.15,1417065
2026-03-30 12:32:00,12:32:00,17.7,18.15,15.5,16.05,2337660
2026-03-30 12:33:00,12:33:00,16.15,16.75,15.0,15.6,1311635
2026-03-30 12:34:00,12:34:00,16.0,17.4,15.6,16.9,1324505
2026-03-30 12:35:00,12:35:00,17.2,19.6,16.15,18.1,1859585
2026-03-30 12:36:00,12:36:00,12.0,13.45,11.75,13.45,1297595
2026-03-30 12:37:00,12:37:00,13.15,14.75,12.9,13.15,1868620
2026-03-30 12:38:00,12:38:00,12.9,16.25,12.35,16.05,1706575
2026-03-30 12:39:00,12:39:00,16.7,21.6,16.05,20.0,3321955
2026-03-30 12:40:00,12:40:00,19.7,20.75,18.5,20.45,1740960
2026-03-30 12:41:00,12:41:00,20.4,24.4,19.1,21.75,2399020
2026-03-30 12:42:00,12:42:00,21.7,23.2,20.2,21.25,2219360
2026-03-30 12:43:00,12:43:00,21.3,21.65,17.55,19.35,1757925
2026-03-30 12:44:00,12:44:00,19.4,20.45,18.35,18.4,1219400
2026-03-30 12:45:00,12:45:00,18.4,19.2,17.35,18.25,1188655
2026-03-30 12:46:00,12:46:00,18.2,18.25,14.45,16.05,2202655
2026-03-30 12:47:00,12:47:00,16.1,16.1,12.95,13.9,1413945
2026-03-30 12:48:00,12:48:00,13.65,14.4,12.4,12.75,1068080
2026-03-30 12:49:00,12:49:00,12.55,13.2,11.35,11.8,1387490
2026-03-30 12:50:00,12:50:00,11.7,12.2,10.3,11.25,1321450
2026-03-30 12:51:00,12:51:00,11.25,11.75,10.65,11.65,1087775
2026-03-30 12:52:00,12:52:00,18.1,18.1,13.4,13.5,3314220
2026-03-30 12:53:00,12:53:00,13.85,13.95,11.4,12.0,4096625
2026-03-30 12:54:00,12:54:00,12.15,13.2,12.0,12.4,3098810
2026-03-30 12:55:00,12:55:00,12.35,13.1,11.7,12.7,2312765
2026-03-30 12:56:00,12:56:00,12.9,13.25,10.95,11.1,2525965
2026-03-30 12:57:00,12:57:00,11.05,12.45,10.5,12.45,2170220
2026-03-30 12:58:00,12:58:00,12.6,12.8,11.65,12.45,2053740
2026-03-30 12:59:00,12:59:00,12.55,12.9,11.85,12.7,1595490
2026-03-30 13:00:00,13:00:00,12.55,13.25,12.45,12.75,2179580
2026-03-30 13:01:00,13:01:00,12.0,12.75,10.9,11.85,2159820
2026-03-30 13:02:00,13:02:00,11.4,12.0,9.6,9.8,2382380
2026-03-30 13:03:00,13:03:00,9.9,10.9,9.55,9.9,2410135
2026-03-30 13:04:00,13:04:00,10.05,10.55,9.7,10.45,1780350
2026-03-30 13:05:00,13:05:00,10.55,11.85,9.65,11.6,2716740
2026-03-30 13:06:00,13:06:00,11.45,11.95,10.35,11.35,2007590
2026-03-30 13:07:00,13:07:00,11.65,11.85,10.45,10.65,1863290
2026-03-30 13:08:00,13:08:00,10.65,11.0,10.0,11.0,1653860
2026-03-30 13:09:00,13:09:00,10.85,11.45,10.55,11.4,1246895
2026-03-30 13:10:00,13:10:00,10.95,11.6,10.65,10.9,1057680
2026-03-30 13:11:00,13:11:00,10.8,11.3,9.65,10.65,2160925
2026-03-30 13:12:00,13:12:00,10.6,12.0,10.55,12.0,2141750
2026-03-30 13:13:00,13:13:00,11.85,12.0,8.25,8.25,4209725
2026-03-30 13:14:00,13:14:00,8.15,10.2,8.1,10.15,3712475
2026-03-30 13:15:00,13:15:00,9.6,11.1,9.35,11.1,2975245
2026-03-30 13:16:00,13:16:00,11.0,13.55,10.55,13.45,3388840
2026-03-30 13:17:00,13:17:00,13.35,13.45,9.7,9.7,3183050
2026-03-30 13:18:00,13:18:00,9.9,10.2,8.7,10.1,3741140
2026-03-30 13:19:00,13:19:00,10.05,10.1,8.55,8.9,2657655
2026-03-30 13:20:00,13:20:00,9.05,9.65,8.5,9.2,2030275
2026-03-30 13:21:00,13:21:00,9.3,10.55,8.75,9.25,2417155
2026-03-30 13:22:00,13:22:00,9.3,9.8,9.15,9.3,1444950
2026-03-30 13:23:00,13:23:00,9.35,9.6,8.9,9.0,1553175
2026-03-30 13:24:00,13:24:00,9.05,9.2,8.25,8.55,1837940
2026-03-30 13:25:00,13:25:00,13.8,14.0,11.15,11.85,2993250
2026-03-30 13:26:00,13:26:00,11.6,11.95,9.65,10.2,2927080
2026-03-30 13:27:00,13:27:00,10.3,12.1,10.15,11.45,2014350
2026-03-30 13:28:00,13:28:00,7.5,7.9,6.55,7.75,1837225
2026-03-30 13:29:00,13:29:00,7.85,7.9,7.35,7.4,2152280
2026-03-30 13:30:00,13:30:00,11.25,11.6,10.8,10.95,1110915
2026-03-30 13:31:00,13:31:00,10.95,11.15,9.45,9.85,1606410
2026-03-30 13:32:00,13:32:00,9.6,11.45,9.4,9.4,2307305
2026-03-30 13:33:00,13:33:00,9.4,10.0,8.95,10.0,2442960
2026-03-30 13:34:00,13:34:00,6.6,7.9,6.55,7.9,2459535
2026-03-30 13:35:00,13:35:00,8.05,9.85,7.85,9.0,5166525
2026-03-30 13:36:00,13:36:00,9.05,9.1,7.85,8.05,2251535
2026-03-30 13:37:00,13:37:00,7.8,8.05,6.95,7.05,2617030
2026-03-30 13:38:00,13:38:00,7.0,7.5,6.65,7.15,1842750
2026-03-30 13:39:00,13:39:00,7.2,9.3,7.05,9.3,2414230
2026-03-30 13:40:00,13:40:00,9.2,9.55,8.15,8.4,3144505
2026-03-30 13:41:00,13:41:00,8.55,8.6,7.65,7.85,2168270
2026-03-30 13:42:00,13:42:00,11.9,12.45,9.35,9.45,3442075
2026-03-30 13:43:00,13:43:00,9.35,9.95,7.65,7.75,3513380
2026-03-30 13:44:00,13:44:00,8.1,8.25,7.5,8.25,2220140
2026-03-30 13:45:00,13:45:00,8.2,8.35,7.55,8.15,2309515
2026-03-30 13:46:00,13:46:00,8.15,8.6,7.7,7.95,2582190
2026-03-30 13:47:00,13:47:00,7.95,7.95,6.7,7.45,2586220
2026-03-30 13:48:00,13:48:00,7.25,7.45,6.4,6.55,2005250
2026-03-30 13:49:00,13:49:00,6.55,7.4,6.15,6.15,2001285
2026-03-30 13:50:00,13:50:00,6.5,7.0,6.15,6.7,2443740
2026-03-30 13:51:00,13:51:00,6.9,6.95,5.65,5.95,2215265
2026-03-30 13:52:00,13:52:00,5.95,6.25,5.3,5.3,1597635
2026-03-30 13:53:00,13:53:00,5.65,5.65,4.7,4.8,3633240
2026-03-30 13:54:00,13:54:00,8.35,8.55,7.95,8.0,4380155
2026-03-30 13:55:00,13:55:00,4.7,4.8,4.35,4.35,2257905
2026-03-30 13:56:00,13:56:00,7.5,7.85,7.3,7.35,2782650
2026-03-30 13:57:00,13:57:00,4.25,4.85,4.2,4.55,2814500
2026-03-30 13:58:00,13:58:00,4.5,4.55,3.85,4.05,2307045
2026-03-30 13:59:00,13:59:00,4.0,4.1,3.65,4.0,1349855
2026-03-30 14:00:00,14:00:00,4.0,4.75,3.95,4.6,1615900
2026-03-30 14:01:00,14:01:00,4.65,5.05,4.5,4.9,2833155
2026-03-30 14:02:00,14:02:00,5.05,6.0,4.65,6.0,3346395
2026-03-30 14:03:00,14:03:00,6.6,9.45,5.85,6.1,7767500
2026-03-30 14:04:00,14:04:00,6.35,9.05,6.1,6.1,5114070
2026-03-30 14:05:00,14:05:00,6.05,6.8,5.85,6.65,3902990
2026-03-30 14:06:00,14:06:00,7.05,7.05,5.25,5.6,3122275
2026-03-30 14:07:00,14:07:00,5.6,6.3,5.3,5.55,2277145
2026-03-30 14:08:00,14:08:00,5.7,7.15,5.55,6.0,3702725
2026-03-30 14:09:00,14:09:00,5.95,6.25,4.45,4.45,3953365
2026-03-30 14:10:00,14:10:00,4.55,4.85,4.1,4.15,4228705
2026-03-30 14:11:00,14:11:00,4.15,4.2,3.35,3.55,3750760
2026-03-30 14:12:00,14:12:00,3.6,3.6,3.0,3.5,3639545
2026-03-30 14:13:00,14:13:00,5.6,5.7,4.5,4.7,4564365
2026-03-30 14:14:00,14:14:00,4.7,4.8,4.25,4.3,3247270
2026-03-30 14:15:00,14:15:00,4.3,4.75,4.15,4.15,3567590
2026-03-30 14:16:00,14:16:00,4.2,4.45,3.8,4.35,4305015
2026-03-30 14:17:00,14:17:00,4.4,4.45,3.9,4.2,3098290
2026-03-30 14:18:00,14:18:00,4.3,4.4,3.8,4.05,3086850
2026-03-30 14:19:00,14:19:00,4.0,4.3,3.95,4.0,2859610
2026-03-30 14:20:00,14:20:00,2.45,2.9,2.4,2.75,2125760
2026-03-30 14:21:00,14:21:00,4.55,4.65,3.15,3.2,4088825
2026-03-30 14:22:00,14:22:00,3.2,3.75,3.1,3.15,4350190
2026-03-30 14:23:00,14:23:00,3.1,3.2,2.8,3.2,5021770
2026-03-30 14:24:00,14:24:00,3.15,3.35,2.6,2.6,3053050
2026-03-30 14:25:00,14:25:00,2.65,2.7,2.5,2.6,2720965
2026-03-30 14:26:00,14:26:00,2.65,2.8,2.5,2.55,2122640
2026-03-30 14:27:00,14:27:00,2.55,3.1,2.55,3.0,2106390
2026-03-30 14:28:00,14:28:00,3.0,3.1,2.7,2.75,1927380
2026-03-30 14:29:00,14:29:00,2.95,2.95,2.55,2.65,1886625
2026-03-30 14:30:00,14:30:00,2.65,2.75,2.45,2.65,2396290
2026-03-30 14:31:00,14:31:00,2.7,3.0,2.5,2.6,3479255
2026-03-30 14:32:00,14:32:00,2.5,2.7,2.05,2.05,4252820
2026-03-30 14:33:00,14:33:00,1.95,2.1,1.8,1.85,2909140
2026-03-30 14:34:00,14:34:00,2.85,2.95,2.4,2.45,5749120
2026-03-30 14:35:00,14:35:00,2.45,2.55,2.25,2.4,3816020
2026-03-30 14:36:00,14:36:00,2.35,2.85,2.35,2.45,2815800
2026-03-30 14:37:00,14:37:00,2.5,2.8,2.1,2.45,3604445
2026-03-30 14:38:00,14:38:00,2.45,2.6,2.05,2.05,3267680
2026-03-30 14:39:00,14:39:00,2.05,2.1,1.8,2.0,3460730
2026-03-30 14:40:00,14:40:00,2.05,2.25,1.9,1.95,3341910
2026-03-30 14:41:00,14:41:00,2.0,2.15,1.75,2.0,3564860
2026-03-30 14:42:00,14:42:00,2.05,3.0,1.9,2.25,8784230
2026-03-30 14:43:00,14:43:00,2.3,2.5,2.0,2.4,3605030
2026-03-30 14:44:00,14:44:00,2.4,2.45,2.15,2.25,2942030
2026-03-30 14:45:00,14:45:00,2.35,3.1,1.75,1.95,6802445
2026-03-30 14:46:00,14:46:00,2.05,2.15,1.6,1.65,3792295
2026-03-30 14:47:00,14:47:00,1.65,1.9,1.35,1.4,8847800
2026-03-30 14:48:00,14:48:00,1.4,1.5,1.2,1.25,10080980
2026-03-30 14:49:00,14:49:00,1.3,1.4,1.2,1.3,13016900
2026-03-30 14:50:00,14:50:00,1.3,1.5,1.25,1.4,10342930
2026-03-30 14:51:00,14:51:00,1.45,1.7,1.35,1.4,12118405
2026-03-30 14:52:00,14:52:00,1.45,1.65,1.25,1.3,13252460
2026-03-30 14:53:00,14:53:00,1.25,1.3,1.05,1.1,8078850
2026-03-30 14:54:00,14:54:00,1.15,1.2,0.7,0.7,6895785
2026-03-30 14:55:00,14:55:00,0.7,0.85,0.7,0.8,4037345
2026-03-30 14:56:00,14:56:00,0.85,1.0,0.75,0.75,7366385
2026-03-30 14:57:00,14:57:00,0.75,0.8,0.55,0.8,4460300
2026-03-30 14:58:00,14:58:00,0.8,0.95,0.75,0.85,3282825
2026-03-30 14:59:00,14:59:00,0.9,1.0,0.8,0.95,4553055
2026-03-30 15:00:00,15:00:00,1.35,1.35,0.6,0.8,20262645
2026-03-30 15:01:00,15:01:00,0.75,0.85,0.65,0.65,6736015
2026-03-30 15:02:00,15:02:00,0.65,0.65,0.5,0.5,6004245
2026-03-30 15:03:00,15:03:00,0.5,0.55,0.4,0.5,4911140
2026-03-30 15:04:00,15:04:00,0.45,0.5,0.35,0.4,4104750
2026-03-30 15:05:00,15:05:00,0.35,0.4,0.3,0.35,4229095
2026-03-30 15:06:00,15:06:00,0.4,0.4,0.3,0.3,1876615
2026-03-30 15:07:00,15:07:00,0.3,0.35,0.25,0.25,2528435
2026-03-30 15:08:00,15:08:00,0.3,0.3,0.15,0.2,3254810
2026-03-30 15:09:00,15:09:00,0.2,0.25,0.15,0.15,2111265
2026-03-30 15:10:00,15:10:00,0.2,0.2,0.15,0.2,1191645
2026-03-30 15:11:00,15:11:00,0.15,0.2,0.15,0.15,807040
2026-03-30 15:12:00,15:12:00,0.15,0.2,0.15,0.2,336310
2026-03-30 15:13:00,15:13:00,0.2,0.2,0.15,0.15,994565
2026-03-30 15:14:00,15:14:00,0.15,0.15,0.1,0.15,382850
2026-03-30 15:15:00,15:15:00,0.15,0.15,0.1,0.1,508235
2026-03-30 15:16:00,15:16:00,0.1,0.15,0.1,0.15,329615
2026-03-30 15:17:00,15:17:00,0.15,0.15,0.1,0.15,329095
2026-03-30 15:18:00,15:18:00,0.15,0.15,0.1,0.1,262925
2026-03-30 15:19:00,15:19:00,0.15,0.15,0.1,0.15,220740
2026-03-30 15:20:00,15:20:00,0.15,0.15,0.05,0.1,1352065
2026-03-30 15:21:00,15:21:00,0.1,0.1,0.05,0.05,415090
2026-03-30 15:22:00,15:22:00,0.05,0.1,0.05,0.1,974610
2026-03-30 15:23:00,15:23:00,0.1,0.15,0.05,0.1,626340
2026-03-30 15:24:00,15:24:00,0.1,0.15,0.1,0.15,335400
2026-03-30 15:25:00,15:25:00,0.15,0.15,0.05,0.1,664365
2026-03-30 15:26:00,15:26:00,0.1,0.1,0.05,0.05,261235
2026-03-30 15:27:00,15:27:00,0.05,0.1,0.05,0.1,297375
2026-03-30 15:28:00,15:28:00,0.1,0.1,0.05,0.05,727935
2026-03-30 15:29:00,15:29:00,0.1,0.1,0.05,0.05,505830
2026-04-01 09:15:00,09:15:00,305.05,310.6,284.1,297.7,1476930
2026-04-01 09:16:00,09:16:00,324.4,328.95,309.5,311.55,748215
2026-04-01 09:17:00,09:17:00,286.3,313.5,284.7,313.5,1053000
2026-04-01 09:18:00,09:18:00,287.35,298.7,284.2,295.0,272350
2026-04-01 09:19:00,09:19:00,295.8,298.9,293.3,296.05,145405
2026-04-01 09:20:00,09:20:00,296.9,302.85,296.05,299.5,258505
2026-04-01 09:21:00,09:21:00,298.45,299.5,280.55,288.4,234065
2026-04-01 09:22:00,09:22:00,287.65,293.75,285.1,290.55,142675
2026-04-01 09:23:00,09:23:00,291.8,292.7,284.05,284.65,99060
2026-04-01 09:24:00,09:24:00,284.55,293.0,283.95,291.3,106275
2026-04-01 09:25:00,09:25:00,292.3,298.35,291.3,294.0,270140
2026-04-01 09:26:00,09:26:00,294.75,296.1,288.9,290.6,175695
2026-04-01 09:27:00,09:27:00,290.4,298.1,290.4,294.4,207675
2026-04-01 09:28:00,09:28:00,294.65,300.8,294.4,300.25,241345
2026-04-01 09:29:00,09:29:00,275.4,282.0,275.35,282.0,716625
2026-04-01 09:30:00,09:30:00,307.75,309.6,297.75,301.5,487305
2026-04-01 09:31:00,09:31:00,302.1,302.8,290.5,290.5,278915
2026-04-01 09:32:00,09:32:00,316.2,316.55,294.5,297.45,976950
2026-04-01 09:33:00,09:33:00,298.1,301.7,295.5,300.35,624585
2026-04-01 09:34:00,09:34:00,299.85,301.65,296.05,299.45,388115
2026-04-01 09:35:00,09:35:00,299.5,299.5,290.5,292.55,476450
2026-04-01 09:36:00,09:36:00,294.0,294.3,291.0,291.6,255385
2026-04-01 09:37:00,09:37:00,292.15,292.7,289.35,290.4,280930
2026-04-01 09:38:00,09:38:00,290.3,292.3,289.0,291.4,225225
2026-04-01 09:39:00,09:39:00,291.4,292.35,287.0,288.4,265980
2026-04-01 09:40:00,09:40:00,287.65,300.3,287.4,299.4,620750
2026-04-01 09:41:00,09:41:00,299.8,307.8,299.4,307.8,864435
2026-04-01 09:42:00,09:42:00,307.8,307.95,301.0,301.85,516945
2026-04-01 09:43:00,09:43:00,301.0,301.85,291.6,295.0,563810
2026-04-01 09:44:00,09:44:00,294.4,302.6,292.1,296.25,435630
2026-04-01 09:45:00,09:45:00,296.05,302.7,296.05,301.4,354900
2026-04-01 09:46:00,09:46:00,300.8,302.0,298.1,298.3,249340
2026-04-01 09:47:00,09:47:00,298.5,304.3,298.2,303.65,318045
2026-04-01 09:48:00,09:48:00,277.25,283.3,277.15,282.4,117390
2026-04-01 09:49:00,09:49:00,283.0,291.0,282.3,290.85,193635
2026-04-01 09:50:00,09:50:00,291.1,293.0,288.85,293.0,166920
2026-04-01 09:51:00,09:51:00,293.65,302.6,293.0,302.0,352365
2026-04-01 09:52:00,09:52:00,276.45,280.35,275.35,280.35,808015
2026-04-01 09:53:00,09:53:00,306.1,307.9,290.6,294.5,427245
2026-04-01 09:54:00,09:54:00,295.3,300.2,294.5,300.2,226785
2026-04-01 09:55:00,09:55:00,300.05,301.55,291.1,292.9,286065
2026-04-01 09:56:00,09:56:00,293.85,294.35,284.25,284.95,207415
2026-04-01 09:57:00,09:57:00,286.0,291.9,283.6,291.85,111410
2026-04-01 09:58:00,09:58:00,291.0,291.85,285.6,288.4,112970
2026-04-01 09:59:00,09:59:00,288.55,289.35,285.0,287.2,55055
2026-04-01 10:00:00,10:00:00,287.4,294.15,284.15,292.9,192010
2026-04-01 10:01:00,10:01:00,292.35,297.25,289.2,296.9,176345
2026-04-01 10:02:00,10:02:00,296.3,300.6,295.0,299.15,222300
2026-04-01 10:03:00,10:03:00,274.0,281.0,273.8,279.35,581555
2026-04-01 10:04:00,10:04:00,281.2,285.75,278.85,279.2,739830
2026-04-01 10:05:00,10:05:00,279.85,283.3,277.9,278.65,392990
2026-04-01 10:06:00,10:06:00,304.0,304.15,296.6,299.35,259480
2026-04-01 10:07:00,10:07:00,300.35,301.55,294.15,295.7,157755
2026-04-01 10:08:00,10:08:00,296.2,298.75,294.05,298.75,93340
2026-04-01 10:09:00,10:09:00,298.95,299.05,294.25,295.45,144950
2026-04-01 10:10:00,10:10:00,295.3,295.5,283.45,283.6,267475
2026-04-01 10:11:00,10:11:00,283.85,283.85,277.6,277.6,179335
2026-04-01 10:12:00,10:12:00,277.0,283.8,275.0,281.35,162175
2026-04-01 10:13:00,10:13:00,308.4,308.4,301.55,304.85,249210
2026-04-01 10:14:00,10:14:00,304.75,306.4,302.7,304.5,191230
2026-04-01 10:15:00,10:15:00,302.9,309.85,302.1,304.75,366925
2026-04-01 10:16:00,10:16:00,304.3,308.05,302.25,307.9,196690
2026-04-01 10:17:00,10:17:00,308.0,308.0,302.2,303.0,181545
2026-04-01 10:18:00,10:18:00,302.4,303.75,298.55,300.8,341575
2026-04-01 10:19:00,10:19:00,302.9,309.0,300.8,305.0,307125
2026-04-01 10:20:00,10:20:00,279.45,282.85,278.75,282.2,77415
2026-04-01 10:21:00,10:21:00,309.05,309.35,298.85,299.6,435175
2026-04-01 10:22:00,10:22:00,298.9,300.35,296.45,297.15,330200
2026-04-01 10:23:00,10:23:00,297.0,297.7,287.6,290.85,585325
2026-04-01 10:24:00,10:24:00,290.0,291.85,283.7,285.25,500695
2026-04-01 10:25:00,10:25:00,311.9,312.35,299.55,301.0,429325
2026-04-01 10:26:00,10:26:00,300.6,301.6,294.05,294.1,277745
2026-04-01 10:27:00,10:27:00,295.0,296.7,293.0,295.8,159510
2026-04-01 10:28:00,10:28:00,296.0,296.7,286.85,292.85,224965
2026-04-01 10:29:00,10:29:00,293.2,295.0,286.8,295.0,178035
2026-04-01 10:30:00,10:30:00,296.35,298.9,291.1,298.9,290940
2026-04-01 10:31:00,10:31:00,299.35,300.1,295.95,298.0,179660
2026-04-01 10:32:00,10:32:00,298.6,305.8,298.0,305.8,234260
2026-04-01 10:33:00,10:33:00,305.75,305.85,296.4,298.7,244855
2026-04-01 10:34:00,10:34:00,298.05,300.45,296.75,297.85,104325
2026-04-01 10:35:00,10:35:00,298.25,303.3,297.85,302.15,97435
2026-04-01 10:36:00,10:36:00,302.25,304.8,301.2,304.8,115895
2026-04-01 10:37:00,10:37:00,305.2,307.3,304.1,306.9,183950
2026-04-01 10:38:00,10:38:00,306.45,307.65,302.8,306.6,133835
2026-04-01 10:39:00,10:39:00,306.6,307.05,305.1,306.85,76050
2026-04-01 10:40:00,10:40:00,307.15,307.15,302.6,304.65,129935
2026-04-01 10:41:00,10:41:00,304.95,306.8,301.95,302.1,133055
2026-04-01 10:42:00,10:42:00,303.1,303.8,297.15,303.5,161980
2026-04-01 10:43:00,10:43:00,302.6,308.3,301.7,307.15,142935
2026-04-01 10:44:00,10:44:00,306.2,310.0,305.35,306.45,164710
2026-04-01 10:45:00,10:45:00,306.2,306.75,301.35,305.65,127465
2026-04-01 10:46:00,10:46:00,305.0,306.55,302.2,303.2,62335
2026-04-01 10:47:00,10:47:00,303.05,306.9,302.05,306.9,63960
2026-04-01 10:48:00,10:48:00,306.35,311.65,306.35,309.35,325065
2026-04-01 10:49:00,10:49:00,308.9,309.35,297.5,301.7,223600
2026-04-01 10:50:00,10:50:00,302.1,304.45,295.4,299.4,123110
2026-04-01 10:51:00,10:51:00,298.9,303.9,297.5,301.95,90870
2026-04-01 10:52:00,10:52:00,302.9,306.45,301.05,302.4,120120
2026-04-01 10:53:00,10:53:00,301.3,302.4,299.0,300.75,52130
2026-04-01 10:54:00,10:54:00,301.8,302.45,299.0,299.35,67470
2026-04-01 10:55:00,10:55:00,299.9,301.2,295.15,301.2,122590
2026-04-01 10:56:00,10:56:00,299.85,301.2,296.0,296.7,113945
2026-04-01 10:57:00,10:57:00,296.7,297.1,290.85,291.5,129675
2026-04-01 10:58:00,10:58:00,317.25,318.05,314.1,314.55,261560
2026-04-01 10:59:00,10:59:00,314.3,317.25,310.8,311.2,208845
2026-04-01 11:00:00,11:00:00,310.75,311.45,307.5,307.65,358670
2026-04-01 11:01:00,11:01:00,308.65,308.65,304.75,305.1,264095
2026-04-01 11:02:00,11:02:00,305.15,308.4,303.7,306.6,170495
2026-04-01 11:03:00,11:03:00,307.0,308.0,301.85,306.65,256360
2026-04-01 11:04:00,11:04:00,306.6,306.75,299.75,301.1,328055
2026-04-01 11:05:00,11:05:00,300.65,301.35,296.8,297.8,263315
2026-04-01 11:06:00,11:06:00,297.6,304.5,295.85,303.75,298155
2026-04-01 11:07:00,11:07:00,303.55,309.0,303.35,306.55,416520
2026-04-01 11:08:00,11:08:00,280.5,289.45,280.3,287.95,221130
2026-04-01 11:09:00,11:09:00,313.0,314.75,308.3,311.25,293280
2026-04-01 11:10:00,11:10:00,285.1,293.85,283.85,293.85,141440
2026-04-01 11:11:00,11:11:00,293.55,294.0,289.4,289.4,114335
2026-04-01 11:12:00,11:12:00,315.5,316.15,309.2,310.35,286975
2026-04-01 11:13:00,11:13:00,309.95,310.35,306.6,307.55,207740
2026-04-01 11:14:00,11:14:00,307.3,311.0,307.0,310.75,158795
2026-04-01 11:15:00,11:15:00,310.5,312.85,306.35,308.0,201955
2026-04-01 11:16:00,11:16:00,307.2,311.25,305.7,307.25,186680
2026-04-01 11:17:00,11:17:00,307.0,309.9,303.55,308.25,316030
2026-04-01 11:18:00,11:18:00,308.75,309.15,306.4,307.35,81120
2026-04-01 11:19:00,11:19:00,306.9,310.9,305.7,310.75,168545
2026-04-01 11:20:00,11:20:00,309.5,313.1,307.8,312.45,241150
2026-04-01 11:21:00,11:21:00,286.0,290.0,285.0,289.3,123240
2026-04-01 11:22:00,11:22:00,289.8,291.4,288.0,290.7,122720
2026-04-01 11:23:00,11:23:00,317.0,317.25,314.55,315.3,170430
2026-04-01 11:24:00,11:24:00,288.9,292.8,288.15,291.4,76050
2026-04-01 11:25:00,11:25:00,291.55,292.9,291.4,291.85,54860
2026-04-01 11:26:00,11:26:00,292.0,294.25,290.5,292.4,97630
2026-04-01 11:27:00,11:27:00,293.2,297.55,290.7,297.55,99710
2026-04-01 11:28:00,11:28:00,297.8,298.5,293.3,293.3,156455
2026-04-01 11:29:00,11:29:00,293.8,294.5,290.35,293.9,91585
2026-04-01 11:30:00,11:30:00,294.2,298.95,293.5,298.15,71240
2026-04-01 11:31:00,11:31:00,298.8,305.85,297.25,303.4,216125
2026-04-01 11:32:00,11:32:00,303.5,304.45,297.7,298.7,145730
2026-04-01 11:33:00,11:33:00,299.05,299.05,295.95,298.85,112645
2026-04-01 11:34:00,11:34:00,298.6,300.0,296.4,298.6,62530
2026-04-01 11:35:00,11:35:00,298.9,299.75,296.95,298.7,48490
2026-04-01 11:36:00,11:36:00,298.75,299.45,295.4,295.45,53495
2026-04-01 11:37:00,11:37:00,295.05,300.4,293.9,299.95,84630
2026-04-01 11:38:00,11:38:00,300.45,301.0,298.0,298.4,85410
2026-04-01 11:39:00,11:39:00,299.1,305.2,298.4,302.4,226525
2026-04-01 11:40:00,11:40:00,303.25,304.75,300.9,304.65,160485
2026-04-01 11:41:00,11:41:00,303.85,305.4,301.05,305.4,135070
2026-04-01 11:42:00,11:42:00,305.5,308.35,298.0,301.95,287820
2026-04-01 11:43:00,11:43:00,301.2,303.45,299.0,299.0,124800
2026-04-01 11:44:00,11:44:00,298.8,301.55,296.6,296.85,80665
2026-04-01 11:45:00,11:45:00,296.3,297.15,292.15,295.5,217230
2026-04-01 11:46:00,11:46:00,295.55,296.8,292.25,292.65,82160
2026-04-01 11:47:00,11:47:00,318.75,319.0,308.8,308.8,474825
2026-04-01 11:48:00,11:48:00,308.1,308.8,298.3,301.6,469300
2026-04-01 11:49:00,11:49:00,300.6,303.7,299.1,302.0,311870
2026-04-01 11:50:00,11:50:00,302.0,304.3,299.05,300.6,293410
2026-04-01 11:51:00,11:51:00,299.8,306.35,299.8,305.9,281515
2026-04-01 11:52:00,11:52:00,306.25,308.0,303.8,305.5,269360
2026-04-01 11:53:00,11:53:00,305.75,308.6,298.2,298.55,284245
2026-04-01 11:54:00,11:54:00,298.65,299.9,295.55,296.45,317720
2026-04-01 11:55:00,11:55:00,297.0,299.15,294.1,298.55,214045
2026-04-01 11:56:00,11:56:00,297.9,300.65,295.75,300.65,133510
2026-04-01 11:57:00,11:57:00,299.9,305.75,298.65,305.55,246350
2026-04-01 11:58:00,11:58:00,306.55,311.2,305.55,310.0,446615
2026-04-01 11:59:00,11:59:00,283.9,285.7,282.05,283.6,85020
2026-04-01 12:00:00,12:00:00,284.05,297.45,283.35,295.85,247390
2026-04-01 12:01:00,12:01:00,295.95,300.25,293.7,299.0,152360
2026-04-01 12:02:00,12:02:00,299.55,303.3,297.35,302.4,168480
2026-04-01 12:03:00,12:03:00,276.85,292.75,276.7,292.3,606450
2026-04-01 12:04:00,12:04:00,291.2,292.95,285.35,290.9,557180
2026-04-01 12:05:00,12:05:00,291.3,293.8,288.0,289.6,399620
2026-04-01 12:06:00,12:06:00,290.0,294.35,289.2,293.25,265135
2026-04-01 12:07:00,12:07:00,292.75,294.2,289.0,292.0,196625
2026-04-01 12:08:00,12:08:00,291.8,293.95,285.05,285.65,239915
2026-04-01 12:09:00,12:09:00,286.2,293.5,285.45,291.75,236405
2026-04-01 12:10:00,12:10:00,291.5,292.55,282.6,288.55,237185
2026-04-01 12:11:00,12:11:00,287.9,296.55,287.4,295.75,342160
2026-04-01 12:12:00,12:12:00,296.4,303.6,295.75,299.15,610870
2026-04-01 12:13:00,12:13:00,298.3,299.7,292.35,299.25,315445
2026-04-01 12:14:00,12:14:00,298.95,304.0,297.55,302.9,310440
2026-04-01 12:15:00,12:15:00,302.9,303.6,293.8,296.55,332865
2026-04-01 12:16:00,12:16:00,295.85,301.95,292.05,300.1,220870
2026-04-01 12:17:00,12:17:00,300.6,303.7,294.25,297.3,266240
2026-04-01 12:18:00,12:18:00,297.75,300.5,293.1,293.8,181155
2026-04-01 12:19:00,12:19:00,294.4,294.7,288.8,289.2,246025
2026-04-01 12:20:00,12:20:00,288.8,290.05,284.25,287.7,212095
2026-04-01 12:21:00,12:21:00,288.0,290.05,283.15,285.95,235560
2026-04-01 12:22:00,12:22:00,285.45,292.5,284.75,288.45,249405
2026-04-01 12:23:00,12:23:00,287.4,288.8,284.45,288.8,142480
2026-04-01 12:24:00,12:24:00,291.2,291.2,285.1,286.3,84825
2026-04-01 12:25:00,12:25:00,285.4,288.45,284.0,287.55,122200
2026-04-01 12:26:00,12:26:00,286.5,288.65,284.35,285.6,90610
2026-04-01 12:27:00,12:27:00,311.85,313.8,307.7,308.35,116805
2026-04-01 12:28:00,12:28:00,308.5,309.8,305.35,309.6,121225
2026-04-01 12:29:00,12:29:00,282.5,290.0,281.85,288.2,198770
2026-04-01 12:30:00,12:30:00,288.65,296.0,288.2,290.3,364975
2026-04-01 12:31:00,12:31:00,291.0,293.35,290.25,292.15,139880
2026-04-01 12:32:00,12:32:00,291.0,292.15,282.95,284.4,208455
2026-04-01 12:33:00,12:33:00,284.4,288.75,283.2,287.4,116155
2026-04-01 12:34:00,12:34:00,287.25,290.0,287.15,288.35,85930
2026-04-01 12:35:00,12:35:00,315.8,316.2,306.7,308.2,111735
2026-04-01 12:36:00,12:36:00,307.8,312.5,307.1,311.4,80860
2026-04-01 12:37:00,12:37:00,284.25,289.0,283.25,287.75,114335
2026-04-01 12:38:00,12:38:00,288.15,290.45,286.15,289.3,106145
2026-04-01 12:39:00,12:39:00,289.35,293.95,286.9,293.45,150865
2026-04-01 12:40:00,12:40:00,294.0,299.75,293.35,295.0,358410
2026-04-01 12:41:00,12:41:00,293.9,295.0,287.4,291.75,218725
2026-04-01 12:42:00,12:42:00,291.55,293.65,290.6,292.25,116740
2026-04-01 12:43:00,12:43:00,292.7,293.7,289.75,290.5,89375
2026-04-01 12:44:00,12:44:00,290.45,291.9,288.5,289.8,74815
2026-04-01 12:45:00,12:45:00,289.5,298.7,289.0,297.75,210535
2026-04-01 12:46:00,12:46:00,297.85,300.6,296.0,298.75,255905
2026-04-01 12:47:00,12:47:00,299.0,303.6,298.75,303.45,323700
2026-04-01 12:48:00,12:48:00,276.0,281.85,275.3,281.3,108615
2026-04-01 12:49:00,12:49:00,308.2,309.2,303.15,304.05,461045
2026-04-01 12:50:00,12:50:00,303.05,306.0,301.15,305.6,233025
2026-04-01 12:51:00,12:51:00,305.0,306.45,301.35,302.1,199810
2026-04-01 12:52:00,12:52:00,301.1,305.0,296.7,304.8,281385
2026-04-01 12:53:00,12:53:00,304.15,306.7,304.0,305.9,197015
2026-04-01 12:54:00,12:54:00,306.0,307.5,304.65,305.0,187330
2026-04-01 12:55:00,12:55:00,305.45,306.9,303.0,305.7,120315
2026-04-01 12:56:00,12:56:00,305.6,305.85,296.2,297.3,243945
2026-04-01 12:57:00,12:57:00,296.8,304.95,296.8,303.95,208910
2026-04-01 12:58:00,12:58:00,304.05,304.55,301.5,301.75,114205
2026-04-01 12:59:00,12:59:00,302.55,305.75,298.7,299.8,160550
2026-04-01 13:00:00,13:00:00,299.35,304.8,299.35,303.45,129090
2026-04-01 13:01:00,13:01:00,303.35,304.9,301.5,303.9,101335
2026-04-01 13:02:00,13:02:00,303.85,306.2,302.6,303.9,199225
2026-04-01 13:03:00,13:03:00,301.5,303.9,295.3,301.2,401895
2026-04-01 13:04:00,13:04:00,300.65,301.95,298.55,300.9,96785
2026-04-01 13:05:00,13:05:00,301.15,303.65,300.9,301.25,135005
2026-04-01 13:06:00,13:06:00,301.95,302.65,298.0,301.9,116545
2026-04-01 13:07:00,13:07:00,302.65,305.8,301.9,302.85,226655
2026-04-01 13:08:00,13:08:00,276.25,280.0,276.2,279.35,56875
2026-04-01 13:09:00,13:09:00,306.2,306.3,299.5,301.0,181350
2026-04-01 13:10:00,13:10:00,300.4,302.35,298.8,300.85,115830
2026-04-01 13:11:00,13:11:00,298.75,300.85,288.85,288.85,383565
2026-04-01 13:12:00,13:12:00,289.8,294.25,287.4,291.25,324740
2026-04-01 13:13:00,13:13:00,291.8,299.95,290.9,298.1,381875
2026-04-01 13:14:00,13:14:00,272.0,279.35,271.8,278.7,129545
2026-04-01 13:15:00,13:15:00,280.0,288.25,278.7,281.95,230945
2026-04-01 13:16:00,13:16:00,308.4,310.0,303.6,306.15,357110
2026-04-01 13:17:00,13:17:00,278.3,279.55,274.15,278.4,76440
2026-04-01 13:18:00,13:18:00,304.6,305.75,292.3,293.9,412620
2026-04-01 13:19:00,13:19:00,293.55,293.9,284.05,285.35,437645
2026-04-01 13:20:00,13:20:00,284.9,285.35,277.9,278.6,349375
2026-04-01 13:21:00,13:21:00,278.9,278.9,269.35,274.0,494715
2026-04-01 13:22:00,13:22:00,300.25,303.55,295.4,295.4,198770
2026-04-01 13:23:00,13:23:00,296.0,296.35,288.8,293.25,224185
2026-04-01 13:24:00,13:24:00,293.15,294.15,290.9,291.85,136825
2026-04-01 13:25:00,13:25:00,291.0,293.55,285.9,287.9,185640
2026-04-01 13:26:00,13:26:00,286.9,289.05,285.15,286.3,160290
2026-04-01 13:27:00,13:27:00,286.65,287.8,282.05,286.7,155155
2026-04-01 13:28:00,13:28:00,286.6,290.2,285.75,286.0,246285
2026-04-01 13:29:00,13:29:00,284.7,289.7,281.95,288.25,265655
2026-04-01 13:30:00,13:30:00,288.25,288.4,277.65,279.7,220090
2026-04-01 13:31:00,13:31:00,305.85,306.75,296.2,297.6,494390
2026-04-01 13:32:00,13:32:00,296.6,300.35,290.65,296.65,347880
2026-04-01 13:33:00,13:33:00,297.8,301.45,295.65,298.5,254800
2026-04-01 13:34:00,13:34:00,272.85,278.0,272.25,273.3,128505
2026-04-01 13:35:00,13:35:00,299.2,299.5,291.55,291.8,332215
2026-04-01 13:36:00,13:36:00,291.55,294.5,288.1,290.3,345930
2026-04-01 13:37:00,13:37:00,289.85,292.1,286.75,290.15,302185
2026-04-01 13:38:00,13:38:00,290.1,294.95,289.0,292.95,298870
2026-04-01 13:39:00,13:39:00,293.35,297.9,289.75,292.45,333580
2026-04-01 13:40:00,13:40:00,320.5,321.95,298.05,298.75,391365
2026-04-01 13:41:00,13:41:00,325.85,327.35,301.75,301.75,467545
2026-04-01 13:42:00,13:42:00,277.15,283.55,276.0,282.3,140400
2026-04-01 13:43:00,13:43:00,309.9,313.1,298.1,300.0,467675
2026-04-01 13:44:00,13:44:00,274.4,285.6,274.4,282.9,140075
2026-04-01 13:45:00,13:45:00,283.3,289.25,278.65,289.25,166075
2026-04-01 13:46:00,13:46:00,288.25,292.1,287.4,289.8,192400
2026-04-01 13:47:00,13:47:00,289.5,295.75,289.0,294.85,151190
2026-04-01 13:48:00,13:48:00,294.25,300.0,293.8,299.75,149695
2026-04-01 13:49:00,13:49:00,300.95,301.7,293.55,294.35,193245
2026-04-01 13:50:00,13:50:00,293.15,297.0,291.1,296.15,93340
2026-04-01 13:51:00,13:51:00,296.4,296.4,290.45,294.35,154830
2026-04-01 13:52:00,13:52:00,296.2,296.85,293.0,293.65,115375
2026-04-01 13:53:00,13:53:00,293.6,297.3,291.55,292.95,97825
2026-04-01 13:54:00,13:54:00,293.35,293.65,290.5,292.15,111345
2026-04-01 13:55:00,13:55:00,292.1,296.0,289.35,295.65,92885
2026-04-01 13:56:00,13:56:00,296.45,298.6,294.0,296.85,110435
2026-04-01 13:57:00,13:57:00,296.75,305.4,295.25,298.2,243295
2026-04-01 13:58:00,13:58:00,298.1,300.0,295.3,297.1,121615
2026-04-01 13:59:00,13:59:00,297.15,297.7,290.55,296.4,161850
2026-04-01 14:00:00,14:00:00,296.55,297.25,291.85,291.85,116805
2026-04-01 14:01:00,14:01:00,292.25,293.6,290.0,293.35,95680
2026-04-01 14:02:00,14:02:00,293.25,300.15,293.25,299.5,130195
2026-04-01 14:03:00,14:03:00,299.45,307.3,299.35,304.3,284245
2026-04-01 14:04:00,14:04:00,304.6,306.6,301.4,302.45,124150
2026-04-01 14:05:00,14:05:00,302.6,304.75,300.0,300.35,118885
2026-04-01 14:06:00,14:06:00,273.3,278.75,272.1,277.7,165555
2026-04-01 14:07:00,14:07:00,304.5,305.7,298.0,299.6,151840
2026-04-01 14:08:00,14:08:00,299.9,306.0,299.6,305.9,91455
2026-04-01 14:09:00,14:09:00,278.85,284.05,278.5,283.05,227565
2026-04-01 14:10:00,14:10:00,282.85,283.15,276.25,278.0,190450
2026-04-01 14:11:00,14:11:00,277.1,283.2,277.1,281.65,153400
2026-04-01 14:12:00,14:12:00,281.55,282.9,276.4,282.5,200590
2026-04-01 14:13:00,14:13:00,282.35,283.0,278.4,281.6,167375
2026-04-01 14:14:00,14:14:00,280.4,290.75,280.4,288.5,405600
2026-04-01 14:15:00,14:15:00,288.45,290.0,284.05,286.05,252785
2026-04-01 14:16:00,14:16:00,286.45,286.45,276.95,277.45,210665
2026-04-01 14:17:00,14:17:00,278.5,282.4,277.45,282.4,147225
2026-04-01 14:18:00,14:18:00,281.95,284.95,280.4,282.85,119470
2026-04-01 14:19:00,14:19:00,282.9,290.0,282.35,288.5,175630
2026-04-01 14:20:00,14:20:00,287.5,289.5,285.1,286.5,144625
2026-04-01 14:21:00,14:21:00,313.2,314.0,305.7,306.4,227500
2026-04-01 14:22:00,14:22:00,279.1,284.25,275.6,282.25,232635
2026-04-01 14:23:00,14:23:00,281.25,285.0,279.45,284.6,115245
2026-04-01 14:24:00,14:24:00,311.25,311.85,293.25,303.45,259285
2026-04-01 14:25:00,14:25:00,276.7,280.9,273.4,280.2,141115
2026-04-01 14:26:00,14:26:00,280.25,282.2,277.55,278.35,116025
2026-04-01 14:27:00,14:27:00,278.3,280.4,276.95,276.95,86190
2026-04-01 14:28:00,14:28:00,276.4,278.55,274.7,275.45,94250
2026-04-01 14:29:00,14:29:00,276.6,279.2,275.45,279.2,53040
2026-04-01 14:30:00,14:30:00,305.75,307.65,300.0,302.5,116025
2026-04-01 14:31:00,14:31:00,275.75,283.2,274.4,281.5,136045
2026-04-01 14:32:00,14:32:00,307.1,308.9,303.25,306.25,51870
2026-04-01 14:33:00,14:33:00,305.45,306.25,296.65,297.15,98410
2026-04-01 14:34:00,14:34:00,297.95,302.9,297.0,300.0,115895
2026-04-01 14:35:00,14:35:00,299.7,301.05,297.05,298.95,69615
2026-04-01 14:36:00,14:36:00,299.0,299.9,289.5,291.3,146770
2026-04-01 14:37:00,14:37:00,318.4,318.6,311.1,311.1,252330
2026-04-01 14:38:00,14:38:00,310.5,311.1,303.55,307.9,290030
2026-04-01 14:39:00,14:39:00,309.45,310.1,305.85,305.85,198055
2026-04-01 14:40:00,14:40:00,305.6,306.15,297.5,297.5,335270
2026-04-01 14:41:00,14:41:00,298.25,307.35,296.75,306.4,358670
2026-04-01 14:42:00,14:42:00,306.8,310.55,304.35,308.5,263965
2026-04-01 14:43:00,14:43:00,281.3,287.45,279.15,287.45,58370
2026-04-01 14:44:00,14:44:00,313.3,313.95,307.0,307.5,205205
2026-04-01 14:45:00,14:45:00,307.25,311.0,305.8,306.9,142480
2026-04-01 14:46:00,14:46:00,305.65,306.9,301.05,303.45,194025
2026-04-01 14:47:00,14:47:00,303.6,304.65,298.3,301.0,164840
2026-04-01 14:48:00,14:48:00,328.2,328.2,313.5,315.7,247650
2026-04-01 14:49:00,14:49:00,289.65,299.4,288.65,299.4,282295
2026-04-01 14:50:00,14:50:00,299.75,301.0,297.9,298.75,178620
2026-04-01 14:51:00,14:51:00,298.05,302.0,296.0,298.15,130390
2026-04-01 14:52:00,14:52:00,297.65,306.0,295.65,305.65,181805
2026-04-01 14:53:00,14:53:00,308.6,309.85,302.4,308.0,305305
2026-04-01 14:54:00,14:54:00,307.3,308.0,303.15,306.65,98410
2026-04-01 14:55:00,14:55:00,280.95,291.5,279.7,291.2,144755
2026-04-01 14:56:00,14:56:00,291.1,293.05,287.95,290.1,120705
2026-04-01 14:57:00,14:57:00,316.4,317.0,312.35,314.4,167960
2026-04-01 14:58:00,14:58:00,314.5,315.3,308.15,310.05,243035
2026-04-01 14:59:00,14:59:00,309.0,310.05,303.0,306.6,208455
2026-04-01 15:00:00,15:00:00,280.65,293.45,280.65,292.8,171600
2026-04-01 15:01:00,15:01:00,293.5,295.7,285.0,286.5,169390
2026-04-01 15:02:00,15:02:00,286.5,295.55,286.5,288.3,128765
2026-04-01 15:03:00,15:03:00,313.9,315.15,305.15,314.15,410605
2026-04-01 15:04:00,15:04:00,288.5,295.05,288.2,289.4,90870
2026-04-01 15:05:00,15:05:00,316.4,319.2,315.1,317.5,177060
2026-04-01 15:06:00,15:06:00,293.4,294.1,289.75,293.25,60905
2026-04-01 15:07:00,15:07:00,318.9,319.65,314.3,315.0,140205
2026-04-01 15:08:00,15:08:00,315.0,315.8,311.0,313.85,162500
2026-04-01 15:09:00,15:09:00,288.9,293.8,287.45,292.2,71630
2026-04-01 15:10:00,15:10:00,293.4,298.35,292.2,294.75,144885
2026-04-01 15:11:00,15:11:00,294.05,296.75,290.3,292.3,49725
2026-04-01 15:12:00,15:12:00,292.75,294.45,290.95,293.4,68120
2026-04-01 15:13:00,15:13:00,293.95,294.45,291.85,293.0,54665
2026-04-01 15:14:00,15:14:00,318.8,319.6,313.9,316.3,166400
2026-04-01 15:15:00,15:15:00,291.6,294.2,288.95,289.35,202735
2026-04-01 15:16:00,15:16:00,314.55,317.25,308.7,315.6,297375
2026-04-01 15:17:00,15:17:00,289.45,292.55,288.5,292.0,44980
2026-04-01 15:18:00,15:18:00,292.0,295.5,291.85,295.15,77805
2026-04-01 15:19:00,15:19:00,295.55,296.05,291.0,291.15,72085
2026-04-01 15:20:00,15:20:00,291.85,292.5,289.65,292.15,64935
2026-04-01 15:21:00,15:21:00,292.45,294.0,291.6,293.3,49855
2026-04-01 15:22:00,15:22:00,293.25,293.6,290.4,292.1,87815
2026-04-01 15:23:00,15:23:00,292.1,293.25,289.25,292.15,54795
2026-04-01 15:24:00,15:24:00,292.3,293.5,291.95,293.1,84825
2026-04-01 15:25:00,15:25:00,293.6,296.0,293.1,294.0,138905
2026-04-01 15:26:00,15:26:00,293.35,296.4,292.8,296.05,67405
2026-04-01 15:27:00,15:27:00,295.65,298.35,295.45,298.25,98280
2026-04-01 15:28:00,15:28:00,298.85,300.0,297.7,300.0,91000
2026-04-01 15:29:00,15:29:00,300.0,306.55,298.7,306.55,138255
2026-04-06 09:15:00,09:15:00,174.6,174.6,122.2,123.9,1309620
2026-04-06 09:16:00,09:16:00,140.7,142.4,129.65,132.95,707655
2026-04-06 09:17:00,09:17:00,132.15,134.2,119.95,122.75,441350
2026-04-06 09:18:00,09:18:00,143.8,143.8,129.75,133.15,1255085
2026-04-06 09:19:00,09:19:00,115.15,129.35,114.7,129.35,389220
2026-04-06 09:20:00,09:20:00,112.65,124.5,109.0,115.45,1093820
2026-04-06 09:21:00,09:21:00,132.35,134.3,123.75,125.55,452855
2026-04-06 09:22:00,09:22:00,122.65,125.55,118.1,121.75,345410
2026-04-06 09:23:00,09:23:00,122.55,131.55,121.75,127.05,283595
2026-04-06 09:24:00,09:24:00,126.65,127.05,117.75,120.6,264680
2026-04-06 09:25:00,09:25:00,121.25,123.3,118.6,119.35,180180
2026-04-06 09:26:00,09:26:00,119.3,122.1,118.25,121.15,107770
2026-04-06 09:27:00,09:27:00,140.35,140.35,129.3,131.9,879190
2026-04-06 09:28:00,09:28:00,133.2,133.75,126.3,128.7,633880
2026-04-06 09:29:00,09:29:00,129.6,134.35,127.3,127.3,676325
2026-04-06 09:30:00,09:30:00,126.4,129.65,123.0,129.65,744575
2026-04-06 09:31:00,09:31:00,111.85,121.65,110.65,121.35,441675
2026-04-06 09:32:00,09:32:00,120.2,123.0,117.9,120.95,238680
2026-04-06 09:33:00,09:33:00,102.6,117.95,101.05,115.9,857545
2026-04-06 09:34:00,09:34:00,115.45,118.4,113.9,115.5,645775
2026-04-06 09:35:00,09:35:00,114.75,126.9,114.2,124.6,976755
2026-04-06 09:36:00,09:36:00,125.3,135.9,124.6,132.5,1450735
2026-04-06 09:37:00,09:37:00,114.0,123.6,114.0,117.6,734435
2026-04-06 09:38:00,09:38:00,134.0,135.6,127.8,133.6,668200
2026-04-06 09:39:00,09:39:00,133.4,133.6,123.2,125.65,856895
2026-04-06 09:40:00,09:40:00,126.4,130.4,117.25,117.25,747630
2026-04-06 09:41:00,09:41:00,133.85,136.05,117.6,117.6,610870
2026-04-06 09:42:00,09:42:00,133.85,140.3,125.6,133.8,1506440
2026-04-06 09:43:00,09:43:00,132.55,133.8,125.6,126.9,805155
2026-04-06 09:44:00,09:44:00,128.1,132.9,126.6,132.9,565045
2026-04-06 09:45:00,09:45:00,115.15,120.2,113.35,119.1,347425
2026-04-06 09:46:00,09:46:00,135.3,137.25,130.5,133.6,443170
2026-04-06 09:47:00,09:47:00,133.35,137.0,125.65,130.7,756925
2026-04-06 09:48:00,09:48:00,130.0,130.7,121.75,124.35,478335
2026-04-06 09:49:00,09:49:00,123.4,124.7,119.05,120.15,625235
2026-04-06 09:50:00,09:50:00,120.15,120.15,112.6,116.5,887445
2026-04-06 09:51:00,09:51:00,117.0,120.5,115.7,120.35,537420
2026-04-06 09:52:00,09:52:00,120.2,125.85,118.25,120.85,695175
2026-04-06 09:53:00,09:53:00,119.0,121.25,115.2,119.55,419705
2026-04-06 09:54:00,09:54:00,137.3,140.45,132.25,134.1,230490
2026-04-06 09:55:00,09:55:00,116.15,120.55,115.25,119.9,428220
2026-04-06 09:56:00,09:56:00,118.6,119.9,114.2,118.9,409695
2026-04-06 09:57:00,09:57:00,118.95,118.95,115.0,117.55,250120
2026-04-06 09:58:00,09:58:00,135.5,135.5,130.95,133.1,112125
2026-04-06 09:59:00,09:59:00,131.7,133.8,130.35,132.2,114270
2026-04-06 10:00:00,10:00:00,131.95,137.15,127.05,128.8,464685
2026-04-06 10:01:00,10:01:00,127.0,132.7,124.6,131.25,401115
2026-04-06 10:02:00,10:02:00,113.1,118.9,113.05,117.95,371605
2026-04-06 10:03:00,10:03:00,118.4,121.4,116.65,118.9,545805
2026-04-06 10:04:00,10:04:00,119.35,121.0,115.5,120.45,351065
2026-04-06 10:05:00,10:05:00,120.65,127.2,117.35,119.75,1057225
2026-04-06 10:06:00,10:06:00,120.9,128.5,120.6,126.6,687765
2026-04-06 10:07:00,10:07:00,125.35,130.4,125.35,127.65,708760
2026-04-06 10:08:00,10:08:00,127.35,134.25,125.5,128.5,744510
2026-04-06 10:09:00,10:09:00,127.0,129.4,123.75,126.8,571025
2026-04-06 10:10:00,10:10:00,126.8,127.3,119.35,119.35,562120
2026-04-06 10:11:00,10:11:00,103.35,115.35,103.35,114.25,322660
2026-04-06 10:12:00,10:12:00,132.75,135.6,127.95,129.5,779480
2026-04-06 10:13:00,10:13:00,111.55,121.45,111.4,119.45,390390
2026-04-06 10:14:00,10:14:00,119.6,126.1,117.0,126.1,423540
2026-04-06 10:15:00,10:15:00,126.4,131.0,122.2,124.15,696020
2026-04-06 10:16:00,10:16:00,121.35,132.6,121.3,125.0,451555
2026-04-06 10:17:00,10:17:00,124.2,125.0,120.0,123.3,332085
2026-04-06 10:18:00,10:18:00,141.0,146.0,127.75,132.3,1094860
2026-04-06 10:19:00,10:19:00,114.65,120.8,113.85,119.05,337350
2026-04-06 10:20:00,10:20:00,118.4,124.5,118.25,121.75,290160
2026-04-06 10:21:00,10:21:00,121.65,126.95,121.05,126.95,271570
2026-04-06 10:22:00,10:22:00,127.2,127.3,118.5,121.05,259220
2026-04-06 10:23:00,10:23:00,120.85,124.8,118.25,123.05,145145
2026-04-06 10:24:00,10:24:00,124.2,127.65,118.05,118.05,255515
2026-04-06 10:25:00,10:25:00,117.2,121.3,113.0,118.3,367835
2026-04-06 10:26:00,10:26:00,136.65,136.7,120.5,123.0,1045265
2026-04-06 10:27:00,10:27:00,121.55,125.6,116.05,121.4,891085
2026-04-06 10:28:00,10:28:00,120.85,127.25,120.45,127.25,401960
2026-04-06 10:29:00,10:29:00,110.25,118.7,109.4,115.75,365950
2026-04-06 10:30:00,10:30:00,131.95,133.95,117.7,119.6,862940
2026-04-06 10:31:00,10:31:00,120.25,126.0,119.6,123.5,503685
2026-04-06 10:32:00,10:32:00,122.95,127.0,120.35,124.05,365950
2026-04-06 10:33:00,10:33:00,107.15,117.85,105.2,115.9,288665
2026-04-06 10:34:00,10:34:00,115.7,117.35,111.05,116.85,215020
2026-04-06 10:35:00,10:35:00,116.15,121.8,114.35,118.65,258180
2026-04-06 10:36:00,10:36:00,118.6,119.65,113.85,117.0,291005
2026-04-06 10:37:00,10:37:00,116.95,122.55,116.1,121.7,238095
2026-04-06 10:38:00,10:38:00,121.95,125.65,115.6,115.6,374465
2026-04-06 10:39:00,10:39:00,115.6,125.5,115.6,124.1,274625
2026-04-06 10:40:00,10:40:00,124.4,125.1,117.15,117.7,317070
2026-04-06 10:41:00,10:41:00,118.1,121.75,113.95,113.95,210860
2026-04-06 10:42:00,10:42:00,113.1,115.05,111.3,112.6,235365
2026-04-06 10:43:00,10:43:00,113.9,119.0,111.8,114.5,179075
2026-04-06 10:44:00,10:44:00,114.95,122.3,114.5,122.3,182195
2026-04-06 10:45:00,10:45:00,122.7,124.3,118.65,121.3,202735
2026-04-06 10:46:00,10:46:00,121.1,122.05,116.95,122.05,153400
2026-04-06 10:47:00,10:47:00,122.6,127.6,121.2,125.3,301860
2026-04-06 10:48:00,10:48:00,125.0,125.3,118.0,118.8,201045
2026-04-06 10:49:00,10:49:00,118.45,125.3,117.85,124.75,163800
2026-04-06 10:50:00,10:50:00,124.45,128.45,124.45,126.3,377780
2026-04-06 10:51:00,10:51:00,146.7,146.75,127.0,128.45,1062295
2026-04-06 10:52:00,10:52:00,128.3,132.1,122.4,122.7,773045
2026-04-06 10:53:00,10:53:00,122.9,129.85,122.05,128.5,633490
2026-04-06 10:54:00,10:54:00,127.9,128.5,124.45,126.45,284310
2026-04-06 10:55:00,10:55:00,125.65,129.45,122.45,126.15,452660
2026-04-06 10:56:00,10:56:00,109.2,117.55,108.45,116.55,234325
2026-04-06 10:57:00,10:57:00,117.0,118.8,114.5,118.8,251290
2026-04-06 10:58:00,10:58:00,118.8,119.05,110.55,114.9,216125
2026-04-06 10:59:00,10:59:00,114.6,115.7,109.7,110.5,143585
2026-04-06 11:00:00,11:00:00,128.8,129.0,121.4,122.9,550095
2026-04-06 11:01:00,11:01:00,122.8,125.05,117.85,119.3,563875
2026-04-06 11:02:00,11:02:00,118.15,121.65,117.05,118.5,421265
2026-04-06 11:03:00,11:03:00,118.45,119.95,112.0,116.9,610415
2026-04-06 11:04:00,11:04:00,116.55,116.9,112.2,114.55,445770
2026-04-06 11:05:00,11:05:00,113.8,114.95,109.85,114.7,619125
2026-04-06 11:06:00,11:06:00,115.95,117.7,114.3,117.0,516555
2026-04-06 11:07:00,11:07:00,117.15,117.7,113.65,113.65,369785
2026-04-06 11:08:00,11:08:00,113.2,117.15,113.2,116.2,199225
2026-04-06 11:09:00,11:09:00,116.35,117.0,113.3,113.4,207415
2026-04-06 11:10:00,11:10:00,131.0,131.6,125.65,125.65,343525
2026-04-06 11:11:00,11:11:00,123.85,125.65,115.55,119.25,729885
2026-04-06 11:12:00,11:12:00,120.0,120.5,117.4,118.4,270660
2026-04-06 11:13:00,11:13:00,118.3,118.7,115.35,115.5,282230
2026-04-06 11:14:00,11:14:00,115.5,121.8,115.2,121.25,238485
2026-04-06 11:15:00,11:15:00,121.8,121.9,118.2,118.2,156585
2026-04-06 11:16:00,11:16:00,118.7,126.4,118.15,122.75,304785
2026-04-06 11:17:00,11:17:00,105.75,111.6,105.65,110.3,604500
2026-04-06 11:18:00,11:18:00,110.75,116.15,110.3,113.1,723580
2026-04-06 11:19:00,11:19:00,112.65,117.6,111.45,117.6,484510
2026-04-06 11:20:00,11:20:00,115.95,119.25,114.75,118.4,689455
2026-04-06 11:21:00,11:21:00,101.3,110.45,101.3,109.05,580840
2026-04-06 11:22:00,11:22:00,126.05,126.45,112.25,115.6,997230
2026-04-06 11:23:00,11:23:00,115.35,123.3,113.15,119.0,570570
2026-04-06 11:24:00,11:24:00,118.85,120.85,117.1,119.35,311870
2026-04-06 11:25:00,11:25:00,118.2,121.45,113.2,113.2,480740
2026-04-06 11:26:00,11:26:00,113.1,120.1,112.55,119.1,359905
2026-04-06 11:27:00,11:27:00,118.65,120.75,117.5,120.5,262080
2026-04-06 11:28:00,11:28:00,103.5,106.55,102.8,105.35,203970
2026-04-06 11:29:00,11:29:00,105.1,107.8,102.8,106.8,188045
2026-04-06 11:30:00,11:30:00,124.8,125.25,116.0,119.9,509080
2026-04-06 11:31:00,11:31:00,118.75,119.9,114.25,117.8,398775
2026-04-06 11:32:00,11:32:00,116.95,117.8,110.65,115.35,546975
2026-04-06 11:33:00,11:33:00,115.1,115.35,110.5,112.3,240110
2026-04-06 11:34:00,11:34:00,112.3,116.35,111.5,114.55,278460
2026-04-06 11:35:00,11:35:00,114.5,117.4,112.45,116.6,219635
2026-04-06 11:36:00,11:36:00,117.1,120.4,113.75,119.25,365300
2026-04-06 11:37:00,11:37:00,103.0,111.55,102.4,109.45,389675
2026-04-06 11:38:00,11:38:00,108.05,111.35,107.5,111.0,259740
2026-04-06 11:39:00,11:39:00,128.0,128.8,119.6,120.4,499330
2026-04-06 11:40:00,11:40:00,102.75,106.4,96.75,105.85,414375
2026-04-06 11:41:00,11:41:00,105.15,108.8,104.2,105.45,268775
2026-04-06 11:42:00,11:42:00,105.35,108.9,101.35,107.8,219960
2026-04-06 11:43:00,11:43:00,108.45,109.5,106.95,108.35,183950
2026-04-06 11:44:00,11:44:00,108.25,112.45,108.25,110.7,337740
2026-04-06 11:45:00,11:45:00,110.8,111.3,105.6,105.6,235885
2026-04-06 11:46:00,11:46:00,105.5,112.9,105.2,112.05,210470
2026-04-06 11:47:00,11:47:00,112.45,117.3,112.05,116.6,412425
2026-04-06 11:48:00,11:48:00,116.75,116.75,110.65,112.85,388440
2026-04-06 11:49:00,11:49:00,112.0,113.65,108.65,111.3,213980
2026-04-06 11:50:00,11:50:00,111.55,119.25,110.2,116.15,342680
2026-04-06 11:51:00,11:51:00,116.0,121.65,116.0,121.55,317590
2026-04-06 11:52:00,11:52:00,121.4,122.25,117.5,117.5,348790
2026-04-06 11:53:00,11:53:00,117.5,118.25,114.0,116.75,260325
2026-04-06 11:54:00,11:54:00,117.6,120.15,116.75,119.85,178230
2026-04-06 11:55:00,11:55:00,120.45,121.55,116.4,120.35,179205
2026-04-06 11:56:00,11:56:00,103.45,121.35,102.35,120.4,1192100
2026-04-06 11:57:00,11:57:00,119.3,120.7,109.1,109.1,1298830
2026-04-06 11:58:00,11:58:00,109.65,113.35,106.3,106.8,669890
2026-04-06 11:59:00,11:59:00,106.7,108.65,104.0,107.7,574340
2026-04-06 12:00:00,12:00:00,107.5,108.65,103.3,108.55,434200
2026-04-06 12:01:00,12:01:00,108.1,110.4,106.8,110.4,372385
2026-04-06 12:02:00,12:02:00,128.55,128.7,121.0,121.0,238745
2026-04-06 12:03:00,12:03:00,120.15,121.75,117.65,119.7,255125
2026-04-06 12:04:00,12:04:00,119.55,120.65,116.25,119.3,203385
2026-04-06 12:05:00,12:05:00,119.6,123.3,117.85,122.65,204945
2026-04-06 12:06:00,12:06:00,104.65,108.95,104.05,108.3,308100
2026-04-06 12:07:00,12:07:00,108.8,110.6,106.2,107.65,410865
2026-04-06 12:08:00,12:08:00,106.5,110.25,106.45,109.9,244400
2026-04-06 12:09:00,12:09:00,130.0,131.6,121.3,122.0,327340
2026-04-06 12:10:00,12:10:00,121.45,122.25,116.95,122.25,238160
2026-04-06 12:11:00,12:11:00,122.65,126.8,121.85,123.0,177970
2026-04-06 12:12:00,12:12:00,122.75,124.0,118.0,119.5,128505
2026-04-06 12:13:00,12:13:00,118.45,122.2,117.85,119.3,123760
2026-04-06 12:14:00,12:14:00,118.75,119.3,113.8,113.8,257595
2026-04-06 12:15:00,12:15:00,114.6,116.4,111.5,115.5,271115
2026-04-06 12:16:00,12:16:00,115.65,120.65,114.9,118.9,245245
2026-04-06 12:17:00,12:17:00,118.95,123.0,118.25,121.0,190060
2026-04-06 12:18:00,12:18:00,121.45,122.55,117.55,121.6,169000
2026-04-06 12:19:00,12:19:00,121.8,121.8,115.35,116.85,115115
2026-04-06 12:20:00,12:20:00,100.75,130.75,99.45,118.35,2026570
2026-04-06 12:21:00,12:21:00,121.3,124.95,116.35,121.0,1169220
2026-04-06 12:22:00,12:22:00,121.8,124.9,113.2,122.05,900185
2026-04-06 12:23:00,12:23:00,122.55,122.55,112.0,115.95,614055
2026-04-06 12:24:00,12:24:00,116.1,117.0,112.0,113.75,354250
2026-04-06 12:25:00,12:25:00,113.95,118.05,113.15,116.15,372840
2026-04-06 12:26:00,12:26:00,116.55,120.0,115.85,119.8,371085
2026-04-06 12:27:00,12:27:00,119.65,122.7,117.9,122.2,397605
2026-04-06 12:28:00,12:28:00,105.35,107.8,103.5,106.2,394485
2026-04-06 12:29:00,12:29:00,122.9,124.35,116.6,117.85,565435
2026-04-06 12:30:00,12:30:00,117.85,120.0,114.4,119.3,652535
2026-04-06 12:31:00,12:31:00,118.4,119.3,114.05,114.9,270855
2026-04-06 12:32:00,12:32:00,114.35,115.8,104.55,104.9,780975
2026-04-06 12:33:00,12:33:00,122.7,122.95,114.35,114.35,577525
2026-04-06 12:34:00,12:34:00,115.0,115.4,110.05,111.4,443235
2026-04-06 12:35:00,12:35:00,111.85,113.0,108.75,112.2,264290
2026-04-06 12:36:00,12:36:00,112.15,118.15,112.15,118.15,300170
2026-04-06 12:37:00,12:37:00,118.1,122.55,112.6,114.0,487110
2026-04-06 12:38:00,12:38:00,113.15,116.05,111.5,114.6,207155
2026-04-06 12:39:00,12:39:00,114.05,117.7,113.45,115.85,194350
2026-04-06 12:40:00,12:40:00,99.4,105.9,98.35,104.45,394680
2026-04-06 12:41:00,12:41:00,121.6,121.9,110.35,113.6,467545
2026-04-06 12:42:00,12:42:00,113.5,116.35,110.0,110.0,159250
2026-04-06 12:43:00,12:43:00,109.55,118.75,109.25,117.65,253175
2026-04-06 12:44:00,12:44:00,100.8,103.35,98.85,102.25,324740
2026-04-06 12:45:00,12:45:00,102.55,109.0,102.25,108.3,567450
2026-04-06 12:46:00,12:46:00,108.35,115.45,108.3,115.35,780065
2026-04-06 12:47:00,12:47:00,115.15,121.1,113.8,119.4,745160
2026-04-06 12:48:00,12:48:00,102.3,108.75,101.8,108.75,461110
2026-04-06 12:49:00,12:49:00,108.3,114.2,107.35,113.75,607165
2026-04-06 12:50:00,12:50:00,114.55,123.25,113.75,119.85,1096745
2026-04-06 12:51:00,12:51:00,103.65,109.5,102.45,107.65,2279160
2026-04-06 12:52:00,12:52:00,124.1,125.55,110.75,114.8,830830
2026-04-06 12:53:00,12:53:00,113.55,119.3,112.5,119.1,372710
2026-04-06 12:54:00,12:54:00,102.5,106.15,100.0,105.6,1325350
2026-04-06 12:55:00,12:55:00,105.85,110.6,105.1,109.8,1774955
2026-04-06 12:56:00,12:56:00,108.25,115.75,108.0,111.3,2068105
2026-04-06 12:57:00,12:57:00,111.0,113.4,107.85,108.4,1254175
2026-04-06 12:58:00,12:58:00,108.9,113.05,107.25,112.35,1142570
2026-04-06 12:59:00,12:59:00,111.35,116.2,110.25,113.4,1582555
2026-04-06 13:00:00,13:00:00,113.4,117.55,112.8,113.0,2218385
2026-04-06 13:01:00,13:01:00,112.15,114.6,109.2,112.05,1481935
2026-04-06 13:02:00,13:02:00,112.45,112.45,106.25,106.85,1355835
2026-04-06 13:03:00,13:03:00,124.7,125.6,116.15,116.15,521235
2026-04-06 13:04:00,13:04:00,115.35,121.3,115.05,120.85,362115
2026-04-06 13:05:00,13:05:00,103.5,107.3,102.5,106.65,1181310
2026-04-06 13:06:00,13:06:00,106.5,108.9,104.25,108.3,959270
2026-04-06 13:07:00,13:07:00,106.7,114.9,105.65,114.4,1349010
2026-04-06 13:08:00,13:08:00,114.8,115.55,109.5,113.9,1155375
2026-04-06 13:09:00,13:09:00,113.3,117.0,113.3,116.25,1333995
2026-04-06 13:10:00,13:10:00,116.6,124.75,116.25,123.2,2592525
2026-04-06 13:11:00,13:11:00,105.2,115.0,104.55,113.65,764270
2026-04-06 13:12:00,13:12:00,114.0,119.2,108.4,118.4,936390
2026-04-06 13:13:00,13:13:00,118.0,121.25,110.4,110.4,815815
2026-04-06 13:14:00,13:14:00,109.55,121.4,108.1,121.4,568945
2026-04-06 13:15:00,13:15:00,121.1,124.9,112.55,113.2,910195
2026-04-06 13:16:00,13:16:00,114.2,126.3,113.2,125.2,559000
2026-04-06 13:17:00,13:17:00,124.7,126.0,117.8,123.0,498095
2026-04-06 13:18:00,13:18:00,122.75,125.0,119.05,123.55,286455
2026-04-06 13:19:00,13:19:00,123.05,123.55,118.0,122.0,376025
2026-04-06 13:20:00,13:20:00,104.05,109.0,103.6,107.8,738205
2026-04-06 13:21:00,13:21:00,126.15,128.0,122.4,125.5,360555
2026-04-06 13:22:00,13:22:00,105.75,118.35,105.0,115.3,1337375
2026-04-06 13:23:00,13:23:00,114.95,115.55,106.15,109.15,1130155
2026-04-06 13:24:00,13:24:00,109.6,111.05,105.05,109.65,567710
2026-04-06 13:25:00,13:25:00,129.2,129.4,124.35,127.25,214760
2026-04-06 13:26:00,13:26:00,126.7,128.6,122.25,126.25,259610
2026-04-06 13:27:00,13:27:00,125.65,129.0,120.25,123.95,311350
2026-04-06 13:28:00,13:28:00,124.1,129.6,123.95,125.75,269750
2026-04-06 13:29:00,13:29:00,123.9,125.75,113.1,121.0,564720
2026-04-06 13:30:00,13:30:00,104.3,109.35,103.0,108.55,678145
2026-04-06 13:31:00,13:31:00,108.0,114.45,107.3,112.7,740025
2026-04-06 13:32:00,13:32:00,114.0,115.5,109.2,113.1,637585
2026-04-06 13:33:00,13:33:00,112.1,113.4,110.15,113.1,325065
2026-04-06 13:34:00,13:34:00,114.25,116.4,110.0,110.7,652860
2026-04-06 13:35:00,13:35:00,109.9,115.55,109.1,114.9,583375
2026-04-06 13:36:00,13:36:00,114.5,115.2,106.8,110.95,750295
2026-04-06 13:37:00,13:37:00,111.0,111.2,106.4,107.2,337740
2026-04-06 13:38:00,13:38:00,106.6,113.35,104.85,109.15,581295
2026-04-06 13:39:00,13:39:00,126.2,128.85,117.9,118.05,377910
2026-04-06 13:40:00,13:40:00,118.3,124.45,118.05,121.5,304525
2026-04-06 13:41:00,13:41:00,120.65,123.35,117.65,118.95,194155
2026-04-06 13:42:00,13:42:00,119.7,120.8,107.3,111.25,534365
2026-04-06 13:43:00,13:43:00,111.05,114.85,109.6,114.5,215735
2026-04-06 13:44:00,13:44:00,113.6,120.2,113.0,114.6,292305
2026-04-06 13:45:00,13:45:00,114.65,119.4,110.5,118.95,188825
2026-04-06 13:46:00,13:46:00,118.0,118.95,112.15,117.35,204035
2026-04-06 13:47:00,13:47:00,117.45,123.15,117.35,120.9,289575
2026-04-06 13:48:00,13:48:00,120.2,120.9,113.15,117.5,215540
2026-04-06 13:49:00,13:49:00,118.25,119.75,108.7,108.7,232700
2026-04-06 13:50:00,13:50:00,110.25,117.25,108.7,116.9,250640
2026-04-06 13:51:00,13:51:00,117.6,122.1,115.75,121.4,285480
2026-04-06 13:52:00,13:52:00,120.75,123.8,116.3,121.5,259090
2026-04-06 13:53:00,13:53:00,103.15,106.85,102.1,102.1,569790
2026-04-06 13:54:00,13:54:00,102.65,107.6,100.65,106.2,446420
2026-04-06 13:55:00,13:55:00,106.4,108.55,104.55,107.7,530400
2026-04-06 13:56:00,13:56:00,125.9,126.5,117.6,120.9,303485
2026-04-06 13:57:00,13:57:00,121.15,121.25,115.35,115.95,190450
2026-04-06 13:58:00,13:58:00,116.2,118.8,113.6,116.0,183300
2026-04-06 13:59:00,13:59:00,116.05,117.6,114.0,116.85,98085
2026-04-06 14:00:00,14:00:00,117.1,120.0,114.55,116.95,188760
2026-04-06 14:01:00,14:01:00,117.15,119.8,114.8,118.8,127725
2026-04-06 14:02:00,14:02:00,101.4,106.65,97.2,106.65,543790
2026-04-06 14:03:00,14:03:00,129.2,129.4,117.5,118.8,474760
2026-04-06 14:04:00,14:04:00,101.6,110.2,101.05,108.7,557830
2026-04-06 14:05:00,14:05:00,106.25,112.4,106.25,112.2,678795
2026-04-06 14:06:00,14:06:00,112.75,112.8,104.8,104.8,720265
2026-04-06 14:07:00,14:07:00,103.35,106.0,103.0,105.25,342940
2026-04-06 14:08:00,14:08:00,124.05,124.05,116.2,118.1,303420
2026-04-06 14:09:00,14:09:00,117.15,119.3,115.55,116.75,188175
2026-04-06 14:10:00,14:10:00,117.55,119.7,116.75,119.7,152555
2026-04-06 14:11:00,14:11:00,102.8,108.9,102.8,107.95,660400
2026-04-06 14:12:00,14:12:00,107.95,116.45,107.7,116.45,753220
2026-04-06 14:13:00,14:13:00,117.1,117.1,110.55,113.6,934700
2026-04-06 14:14:00,14:14:00,113.85,116.65,112.35,114.6,830700
2026-04-06 14:15:00,14:15:00,116.4,120.4,114.35,115.9,1094860
2026-04-06 14:16:00,14:16:00,116.25,116.55,105.0,107.7,1407510
2026-04-06 14:17:00,14:17:00,106.65,111.5,106.4,109.95,754065
2026-04-06 14:18:00,14:18:00,92.95,99.6,92.9,97.65,541515
2026-04-06 14:19:00,14:19:00,114.05,115.9,112.1,113.4,465400
2026-04-06 14:20:00,14:20:00,95.95,98.65,93.85,98.35,358540
2026-04-06 14:21:00,14:21:00,116.45,116.5,107.95,110.45,617240
2026-04-06 14:22:00,14:22:00,110.25,112.6,107.4,112.5,378625
2026-04-06 14:23:00,14:23:00,112.45,114.45,109.95,110.1,367900
2026-04-06 14:24:00,14:24:00,109.55,111.6,107.85,108.55,342420
2026-04-06 14:25:00,14:25:00,109.1,109.85,99.8,105.8,976430
2026-04-06 14:26:00,14:26:00,106.3,106.65,103.0,106.35,455650
2026-04-06 14:27:00,14:27:00,106.3,111.3,105.1,110.45,557050
2026-04-06 14:28:00,14:28:00,110.45,111.0,102.0,102.35,605020
2026-04-06 14:29:00,14:29:00,102.6,105.2,101.85,104.0,418210
2026-04-06 14:30:00,14:30:00,104.0,109.4,104.0,109.1,495950
2026-04-06 14:31:00,14:31:00,109.5,113.75,109.1,112.15,663065
2026-04-06 14:32:00,14:32:00,112.05,114.95,110.2,113.5,401375
2026-04-06 14:33:00,14:33:00,113.75,116.05,113.4,113.4,497900
2026-04-06 14:34:00,14:34:00,112.5,115.75,111.35,114.4,366145
2026-04-06 14:35:00,14:35:00,114.35,114.65,105.2,113.15,742625
2026-04-06 14:36:00,14:36:00,95.65,98.55,95.4,97.15,391755
2026-04-06 14:37:00,14:37:00,114.5,121.9,110.7,111.95,1151085
2026-04-06 14:38:00,14:38:00,113.0,115.4,108.75,111.85,499460
2026-04-06 14:39:00,14:39:00,112.05,114.05,108.0,109.7,500695
2026-04-06 14:40:00,14:40:00,109.75,114.3,109.7,112.15,350285
2026-04-06 14:41:00,14:41:00,109.9,112.0,105.8,111.3,583635
2026-04-06 14:42:00,14:42:00,110.95,111.3,106.0,106.0,364325
2026-04-06 14:43:00,14:43:00,106.5,110.4,104.9,109.35,491270
2026-04-06 14:44:00,14:44:00,109.35,111.4,107.15,110.75,278135
2026-04-06 14:45:00,14:45:00,111.9,113.7,109.85,113.7,412295
2026-04-06 14:46:00,14:46:00,113.55,117.95,113.05,113.95,648505
2026-04-06 14:47:00,14:47:00,114.0,115.2,111.6,113.2,280085
2026-04-06 14:48:00,14:48:00,112.7,115.5,110.0,115.45,379470
2026-04-06 14:49:00,14:49:00,115.0,115.45,111.35,114.15,239655
2026-04-06 14:50:00,14:50:00,96.4,99.4,95.0,96.75,281190
2026-04-06 14:51:00,14:51:00,114.85,114.85,106.8,112.45,523315
2026-04-06 14:52:00,14:52:00,94.95,98.0,94.5,96.6,257855
2026-04-06 14:53:00,14:53:00,114.4,114.75,108.05,108.85,345280
2026-04-06 14:54:00,14:54:00,108.3,108.7,103.35,106.0,759655
2026-04-06 14:55:00,14:55:00,106.35,106.35,96.4,102.8,1042535
2026-04-06 14:56:00,14:56:00,102.8,109.2,102.8,109.2,740350
2026-04-06 14:57:00,14:57:00,109.65,111.6,108.05,110.7,685685
2026-04-06 14:58:00,14:58:00,108.6,110.7,103.1,107.4,566345
2026-04-06 14:59:00,14:59:00,106.6,114.5,105.3,109.45,648635
2026-04-06 15:00:00,15:00:00,92.25,96.2,89.7,95.4,530985
2026-04-06 15:01:00,15:01:00,95.9,109.7,95.4,102.25,1452685
2026-04-06 15:02:00,15:02:00,101.45,110.05,100.9,106.65,835315
2026-04-06 15:03:00,15:03:00,107.0,107.95,96.15,97.15,850720
2026-04-06 15:04:00,15:04:00,96.85,103.95,95.55,103.95,596505
2026-04-06 15:05:00,15:05:00,103.55,108.25,103.55,107.45,591240
2026-04-06 15:06:00,15:06:00,107.75,108.4,102.7,105.0,434720
2026-04-06 15:07:00,15:07:00,105.65,106.3,102.1,104.75,395200
2026-04-06 15:08:00,15:08:00,103.85,106.15,102.15,105.9,395005
2026-04-06 15:09:00,15:09:00,88.5,89.05,86.3,87.9,666120
2026-04-06 15:10:00,15:10:00,105.4,105.9,100.05,104.05,407225
2026-04-06 15:11:00,15:11:00,85.3,89.6,85.3,88.25,809185
2026-04-06 15:12:00,15:12:00,87.6,92.8,86.35,91.25,1346150
2026-04-06 15:13:00,15:13:00,91.1,91.3,87.85,90.75,911625
2026-04-06 15:14:00,15:14:00,89.0,90.75,86.15,88.3,712920
2026-04-06 15:15:00,15:15:00,88.25,88.75,82.4,85.2,1188330
2026-04-06 15:16:00,15:16:00,85.05,88.5,85.05,86.4,589030
2026-04-06 15:17:00,15:17:00,104.95,106.0,96.4,101.0,424515
2026-04-06 15:18:00,15:18:00,101.7,103.7,99.6,102.95,324935
2026-04-06 15:19:00,15:19:00,103.3,105.05,102.15,103.85,257010
2026-04-06 15:20:00,15:20:00,103.25,103.85,96.75,100.0,334945
2026-04-06 15:21:00,15:21:00,101.5,103.55,100.0,103.15,259155
2026-04-06 15:22:00,15:22:00,102.9,103.15,100.4,102.05,213785
2026-04-06 15:23:00,15:23:00,101.75,103.45,100.95,102.0,188305
2026-04-06 15:24:00,15:24:00,101.8,102.0,96.75,101.2,353990
2026-04-06 15:25:00,15:25:00,101.05,102.8,100.95,102.55,285805
2026-04-06 15:26:00,15:26:00,101.75,102.55,100.15,101.95,187785
2026-04-06 15:27:00,15:27:00,101.45,102.3,101.1,101.7,168545
2026-04-06 15:28:00,15:28:00,101.4,102.0,100.0,101.25,191490
2026-04-06 15:29:00,15:29:00,101.25,101.95,100.15,101.6,384345
