datetime,time,open,high,low,close,volume
2026-03-23 09:15:00,09:15:00,45.2,85.2,45.2,84.75,1811745
2026-03-23 09:16:00,09:16:00,94.4,101.5,81.0,81.5,965770
2026-03-23 09:17:00,09:17:00,80.8,83.95,76.45,79.3,473590
2026-03-23 09:18:00,09:18:00,81.2,85.5,79.3,84.65,305305
2026-03-23 09:19:00,09:19:00,85.45,86.5,81.05,83.4,295230
2026-03-23 09:20:00,09:20:00,83.45,87.3,79.95,79.95,304915
2026-03-23 09:21:00,09:21:00,81.0,82.9,77.35,79.3,229710
2026-03-23 09:22:00,09:22:00,78.7,81.8,76.4,81.2,232830
2026-03-23 09:23:00,09:23:00,80.4,82.8,79.6,81.0,186420
2026-03-23 09:24:00,09:24:00,81.3,84.35,79.25,83.1,178490
2026-03-23 09:25:00,09:25:00,83.65,84.7,81.55,82.75,175825
2026-03-23 09:26:00,09:26:00,82.5,84.25,79.5,79.75,155155
2026-03-23 09:27:00,09:27:00,80.1,81.15,79.3,80.2,125190
2026-03-23 09:28:00,09:28:00,79.7,83.55,79.55,83.3,104975
2026-03-23 09:29:00,09:29:00,83.2,84.05,80.85,83.25,124865
2026-03-23 09:30:00,09:30:00,83.65,84.95,79.9,80.75,236145
2026-03-23 09:31:00,09:31:00,80.8,83.9,79.75,83.35,130130
2026-03-23 09:32:00,09:32:00,83.1,85.2,82.15,84.5,135265
2026-03-23 09:33:00,09:33:00,83.6,84.5,80.0,81.9,106860
2026-03-23 09:34:00,09:34:00,81.4,82.9,80.75,81.6,73840
2026-03-23 09:35:00,09:35:00,92.15,93.25,87.6,88.55,447720
2026-03-23 09:36:00,09:36:00,88.0,90.35,84.15,85.05,567515
2026-03-23 09:37:00,09:37:00,84.7,88.4,84.7,87.6,359125
2026-03-23 09:38:00,09:38:00,77.65,79.55,76.6,79.0,106080
2026-03-23 09:39:00,09:39:00,79.3,80.9,78.6,80.1,100360
2026-03-23 09:40:00,09:40:00,80.25,83.2,78.75,83.0,170950
2026-03-23 09:41:00,09:41:00,82.6,83.5,81.0,82.4,149305
2026-03-23 09:42:00,09:42:00,82.35,85.55,82.0,84.15,188370
2026-03-23 09:43:00,09:43:00,84.0,84.95,82.65,83.9,114075
2026-03-23 09:44:00,09:44:00,84.75,86.0,80.85,82.3,214305
2026-03-23 09:45:00,09:45:00,82.1,84.55,82.1,82.65,100750
2026-03-23 09:46:00,09:46:00,82.5,84.65,81.8,84.3,84045
2026-03-23 09:47:00,09:47:00,84.45,89.35,84.15,88.45,309790
2026-03-23 09:48:00,09:48:00,78.9,81.9,78.4,80.8,633165
2026-03-23 09:49:00,09:49:00,81.0,82.6,80.1,81.3,488800
2026-03-23 09:50:00,09:50:00,81.4,83.6,80.5,82.0,491790
2026-03-23 09:51:00,09:51:00,83.25,85.3,81.45,85.3,772070
2026-03-23 09:52:00,09:52:00,84.25,86.6,80.9,81.0,619320
2026-03-23 09:53:00,09:53:00,82.2,86.25,81.0,86.15,405925
2026-03-23 09:54:00,09:54:00,86.5,93.0,85.45,91.85,885820
2026-03-23 09:55:00,09:55:00,92.25,95.2,91.4,93.9,778700
2026-03-23 09:56:00,09:56:00,84.55,89.45,81.65,87.45,401765
2026-03-23 09:57:00,09:57:00,88.6,93.9,87.45,91.0,393575
2026-03-23 09:58:00,09:58:00,90.95,91.0,82.9,86.65,350675
2026-03-23 09:59:00,09:59:00,87.1,91.5,86.65,90.15,282035
2026-03-23 10:00:00,10:00:00,89.75,93.55,89.7,92.0,296660
2026-03-23 10:01:00,10:01:00,91.75,94.8,86.95,93.45,333710
2026-03-23 10:02:00,10:02:00,92.9,93.45,87.45,88.55,198835
2026-03-23 10:03:00,10:03:00,88.2,90.75,84.75,90.75,252850
2026-03-23 10:04:00,10:04:00,90.65,91.85,86.0,86.25,152620
2026-03-23 10:05:00,10:05:00,86.55,87.45,83.2,86.45,151840
2026-03-23 10:06:00,10:06:00,86.4,87.25,83.4,83.55,103220
2026-03-23 10:07:00,10:07:00,82.2,86.3,80.75,86.15,180375
2026-03-23 10:08:00,10:08:00,86.75,88.65,85.4,87.0,183495
2026-03-23 10:09:00,10:09:00,87.05,88.75,87.0,88.15,101920
2026-03-23 10:10:00,10:10:00,87.6,91.05,87.6,89.7,172250
2026-03-23 10:11:00,10:11:00,89.4,91.6,87.4,90.7,143650
2026-03-23 10:12:00,10:12:00,91.65,93.85,90.5,92.35,241085
2026-03-23 10:13:00,10:13:00,92.2,98.1,90.6,96.1,393965
2026-03-23 10:14:00,10:14:00,85.5,87.05,83.95,85.2,323570
2026-03-23 10:15:00,10:15:00,84.3,88.2,83.45,87.75,379535
2026-03-23 10:16:00,10:16:00,88.35,89.1,85.8,88.25,436215
2026-03-23 10:17:00,10:17:00,99.4,99.6,90.45,93.45,386100
2026-03-23 10:18:00,10:18:00,83.65,84.9,82.6,84.2,215475
2026-03-23 10:19:00,10:19:00,84.0,87.75,83.1,87.65,281515
2026-03-23 10:20:00,10:20:00,87.6,89.75,85.25,87.95,348530
2026-03-23 10:21:00,10:21:00,87.85,89.85,86.1,86.1,325585
2026-03-23 10:22:00,10:22:00,86.35,89.9,85.5,86.8,263315
2026-03-23 10:23:00,10:23:00,86.9,88.2,83.35,85.6,309790
2026-03-23 10:24:00,10:24:00,85.4,88.2,84.35,87.95,173680
2026-03-23 10:25:00,10:25:00,88.25,88.55,86.15,86.75,169455
2026-03-23 10:26:00,10:26:00,86.75,86.75,83.6,84.0,164515
2026-03-23 10:27:00,10:27:00,83.7,84.6,82.3,84.0,193180
2026-03-23 10:28:00,10:28:00,84.3,88.55,84.0,88.55,243425
2026-03-23 10:29:00,10:29:00,88.6,88.9,85.85,88.2,289900
2026-03-23 10:30:00,10:30:00,87.95,88.2,83.15,84.8,286195
2026-03-23 10:31:00,10:31:00,84.65,85.55,82.35,84.7,179985
2026-03-23 10:32:00,10:32:00,85.0,85.65,82.75,83.75,87490
2026-03-23 10:33:00,10:33:00,83.9,86.5,82.1,84.65,199810
2026-03-23 10:34:00,10:34:00,84.85,87.4,84.25,87.4,168610
2026-03-23 10:35:00,10:35:00,87.0,87.4,83.2,83.4,111800
2026-03-23 10:36:00,10:36:00,94.4,95.1,88.85,88.95,256490
2026-03-23 10:37:00,10:37:00,89.5,91.9,87.75,87.8,231920
2026-03-23 10:38:00,10:38:00,77.95,80.75,77.9,80.4,162435
2026-03-23 10:39:00,10:39:00,80.6,81.9,78.8,81.4,157820
2026-03-23 10:40:00,10:40:00,81.7,86.25,81.4,84.9,338585
2026-03-23 10:41:00,10:41:00,84.6,86.35,82.95,82.95,260910
2026-03-23 10:42:00,10:42:00,83.35,85.75,82.1,82.65,130715
2026-03-23 10:43:00,10:43:00,82.65,85.3,81.8,81.8,117455
2026-03-23 10:44:00,10:44:00,81.75,84.85,81.25,82.95,137475
2026-03-23 10:45:00,10:45:00,83.0,84.2,82.55,83.3,120575
2026-03-23 10:46:00,10:46:00,83.1,85.5,83.1,84.95,134355
2026-03-23 10:47:00,10:47:00,84.8,85.9,84.25,84.65,105755
2026-03-23 10:48:00,10:48:00,84.6,86.6,83.4,86.6,135005
2026-03-23 10:49:00,10:49:00,86.35,87.2,82.8,83.25,191555
2026-03-23 10:50:00,10:50:00,83.25,88.5,83.25,87.45,328380
2026-03-23 10:51:00,10:51:00,78.75,81.4,77.45,79.25,374985
2026-03-23 10:52:00,10:52:00,80.2,81.55,79.25,79.5,150215
2026-03-23 10:53:00,10:53:00,90.55,90.7,87.1,87.5,335465
2026-03-23 10:54:00,10:54:00,88.15,88.5,84.6,86.55,250510
2026-03-23 10:55:00,10:55:00,76.5,78.25,76.2,77.85,106405
2026-03-23 10:56:00,10:56:00,87.9,88.2,84.0,85.15,208455
2026-03-23 10:57:00,10:57:00,75.55,77.85,74.95,75.65,76180
2026-03-23 10:58:00,10:58:00,86.3,86.7,84.3,84.7,77155
2026-03-23 10:59:00,10:59:00,84.4,86.05,82.55,84.25,162305
2026-03-23 11:00:00,11:00:00,74.25,78.75,74.2,77.85,123760
2026-03-23 11:01:00,11:01:00,78.15,81.2,77.85,80.6,141570
2026-03-23 11:02:00,11:02:00,82.05,82.35,78.35,79.05,189865
2026-03-23 11:03:00,11:03:00,79.25,79.85,77.0,78.25,85540
2026-03-23 11:04:00,11:04:00,88.3,88.6,84.95,85.15,206830
2026-03-23 11:05:00,11:05:00,85.0,87.5,85.0,85.6,148785
2026-03-23 11:06:00,11:06:00,85.4,88.0,83.25,83.25,190580
2026-03-23 11:07:00,11:07:00,93.95,94.05,85.2,86.8,428805
2026-03-23 11:08:00,11:08:00,77.3,79.35,76.8,77.1,348270
2026-03-23 11:09:00,11:09:00,77.4,79.3,77.1,78.25,227695
2026-03-23 11:10:00,11:10:00,77.4,78.25,76.6,76.85,160225
2026-03-23 11:11:00,11:11:00,77.05,77.75,75.25,75.75,278655
2026-03-23 11:12:00,11:12:00,75.8,78.65,75.4,78.55,151320
2026-03-23 11:13:00,11:13:00,79.0,80.45,78.0,79.05,220675
2026-03-23 11:14:00,11:14:00,79.3,79.8,77.5,79.35,111345
2026-03-23 11:15:00,11:15:00,79.45,82.45,79.35,82.0,227500
2026-03-23 11:16:00,11:16:00,82.15,84.25,81.85,83.9,265720
2026-03-23 11:17:00,11:17:00,83.8,84.75,82.4,83.95,207935
2026-03-23 11:18:00,11:18:00,84.5,86.25,83.95,84.4,195585
2026-03-23 11:19:00,11:19:00,85.0,85.7,83.1,84.7,126945
2026-03-23 11:20:00,11:20:00,84.4,84.7,78.6,78.6,237185
2026-03-23 11:21:00,11:21:00,80.05,82.1,78.6,81.25,104195
2026-03-23 11:22:00,11:22:00,81.0,85.7,80.6,85.7,170690
2026-03-23 11:23:00,11:23:00,85.45,85.7,80.2,80.25,188240
2026-03-23 11:24:00,11:24:00,80.55,83.0,79.5,81.05,112320
2026-03-23 11:25:00,11:25:00,81.0,81.75,79.7,80.0,90545
2026-03-23 11:26:00,11:26:00,80.8,81.65,77.8,79.1,142480
2026-03-23 11:27:00,11:27:00,79.0,82.0,78.35,81.65,89440
2026-03-23 11:28:00,11:28:00,81.9,83.35,80.6,83.35,111215
2026-03-23 11:29:00,11:29:00,83.2,83.35,77.8,79.1,154440
2026-03-23 11:30:00,11:30:00,78.75,81.3,78.7,80.9,87295
2026-03-23 11:31:00,11:31:00,81.0,81.0,78.75,78.85,80535
2026-03-23 11:32:00,11:32:00,78.45,81.9,77.4,81.35,175565
2026-03-23 11:33:00,11:33:00,81.4,84.15,81.05,84.15,180440
2026-03-23 11:34:00,11:34:00,84.75,84.75,82.0,83.0,158600
2026-03-23 11:35:00,11:35:00,73.1,76.05,72.95,75.65,140725
2026-03-23 11:36:00,11:36:00,75.35,75.95,74.2,75.3,81705
2026-03-23 11:37:00,11:37:00,85.7,86.4,84.05,84.8,142870
2026-03-23 11:38:00,11:38:00,84.7,84.8,82.75,83.45,98345
2026-03-23 11:39:00,11:39:00,82.9,83.45,80.1,81.1,129220
2026-03-23 11:40:00,11:40:00,81.15,82.2,77.65,81.6,197470
2026-03-23 11:41:00,11:41:00,81.4,81.6,78.9,78.9,107250
2026-03-23 11:42:00,11:42:00,79.1,83.75,78.85,83.3,135135
2026-03-23 11:43:00,11:43:00,73.5,76.85,72.9,76.15,97500
2026-03-23 11:44:00,11:44:00,75.9,78.0,74.8,76.0,314015
2026-03-23 11:45:00,11:45:00,85.95,86.4,82.95,84.15,197860
2026-03-23 11:46:00,11:46:00,84.0,86.7,83.6,85.65,131235
2026-03-23 11:47:00,11:47:00,75.9,77.3,74.35,76.15,65325
2026-03-23 11:48:00,11:48:00,86.8,86.9,83.7,85.8,125645
2026-03-23 11:49:00,11:49:00,85.9,87.15,84.15,84.45,96720
2026-03-23 11:50:00,11:50:00,84.2,85.85,83.3,83.45,115505
2026-03-23 11:51:00,11:51:00,83.0,83.45,79.75,81.6,270465
2026-03-23 11:52:00,11:52:00,81.4,82.0,79.25,81.1,213265
2026-03-23 11:53:00,11:53:00,81.45,81.95,79.5,81.45,229060
2026-03-23 11:54:00,11:54:00,81.3,82.15,80.35,81.2,117130
2026-03-23 11:55:00,11:55:00,80.45,81.8,80.3,81.5,100230
2026-03-23 11:56:00,11:56:00,80.95,84.15,80.95,83.35,145535
2026-03-23 11:57:00,11:57:00,83.75,83.75,80.7,80.7,165490
2026-03-23 11:58:00,11:58:00,80.6,83.05,80.05,80.85,105170
2026-03-23 11:59:00,11:59:00,80.8,83.25,80.05,81.35,88920
2026-03-23 12:00:00,12:00:00,81.2,83.7,80.55,83.0,137345
2026-03-23 12:01:00,12:01:00,82.6,83.7,81.3,82.0,95095
2026-03-23 12:02:00,12:02:00,81.6,82.95,80.6,80.85,85800
2026-03-23 12:03:00,12:03:00,80.25,82.8,80.0,81.5,78910
2026-03-23 12:04:00,12:04:00,81.5,82.2,80.15,81.95,59410
2026-03-23 12:05:00,12:05:00,81.8,82.8,80.7,81.35,76635
2026-03-23 12:06:00,12:06:00,81.25,83.05,80.55,83.05,73255
2026-03-23 12:07:00,12:07:00,83.05,85.25,83.0,83.8,177060
2026-03-23 12:08:00,12:08:00,84.05,84.9,83.4,83.75,105235
2026-03-23 12:09:00,12:09:00,83.5,84.75,81.55,81.7,109265
2026-03-23 12:10:00,12:10:00,81.3,81.7,78.85,81.05,219830
2026-03-23 12:11:00,12:11:00,81.1,81.8,80.1,80.75,82485
2026-03-23 12:12:00,12:12:00,80.8,82.85,80.45,82.5,87685
2026-03-23 12:13:00,12:13:00,82.3,84.5,81.95,83.8,132340
2026-03-23 12:14:00,12:14:00,83.95,85.35,83.7,84.9,115635
2026-03-23 12:15:00,12:15:00,85.1,88.3,84.15,87.25,268385
2026-03-23 12:16:00,12:16:00,76.85,78.8,76.4,77.5,153335
2026-03-23 12:17:00,12:17:00,87.55,90.15,86.5,88.5,322335
2026-03-23 12:18:00,12:18:00,78.4,79.15,76.95,78.2,70525
2026-03-23 12:19:00,12:19:00,88.6,89.75,86.65,89.3,258765
2026-03-23 12:20:00,12:20:00,78.6,79.85,76.95,78.55,134810
2026-03-23 12:21:00,12:21:00,78.5,79.15,77.6,78.4,48360
2026-03-23 12:22:00,12:22:00,79.0,82.85,77.65,82.0,176605
2026-03-23 12:23:00,12:23:00,81.4,84.45,80.4,81.7,169390
2026-03-23 12:24:00,12:24:00,81.85,91.3,81.7,88.8,457925
2026-03-23 12:25:00,12:25:00,88.4,95.05,88.2,93.35,520260
2026-03-23 12:26:00,12:26:00,93.2,98.2,92.05,96.45,441610
2026-03-23 12:27:00,12:27:00,96.2,96.45,90.75,92.6,299910
2026-03-23 12:28:00,12:28:00,93.05,94.05,87.35,87.8,259675
2026-03-23 12:29:00,12:29:00,87.05,88.55,85.5,85.5,176995
2026-03-23 12:30:00,12:30:00,86.5,90.3,85.5,88.3,161330
2026-03-23 12:31:00,12:31:00,89.55,91.0,85.95,87.0,150865
2026-03-23 12:32:00,12:32:00,86.65,89.8,85.9,88.4,83850
2026-03-23 12:33:00,12:33:00,88.35,88.4,85.45,88.05,88335
2026-03-23 12:34:00,12:34:00,88.1,88.1,82.75,83.5,135265
2026-03-23 12:35:00,12:35:00,93.5,94.55,91.45,91.6,198445
2026-03-23 12:36:00,12:36:00,81.55,84.8,81.55,84.0,86775
2026-03-23 12:37:00,12:37:00,94.15,94.4,85.75,86.25,380250
2026-03-23 12:38:00,12:38:00,86.6,89.7,86.25,89.7,172965
2026-03-23 12:39:00,12:39:00,79.35,81.75,79.2,81.65,108615
2026-03-23 12:40:00,12:40:00,91.75,91.85,89.3,90.5,106730
2026-03-23 12:41:00,12:41:00,90.1,91.45,89.1,90.45,112970
2026-03-23 12:42:00,12:42:00,80.55,83.35,80.35,82.8,119860
2026-03-23 12:43:00,12:43:00,82.4,84.7,81.95,82.85,104910
2026-03-23 12:44:00,12:44:00,93.2,93.65,89.5,91.35,196170
2026-03-23 12:45:00,12:45:00,91.25,94.7,91.25,93.85,148655
2026-03-23 12:46:00,12:46:00,94.15,94.95,92.05,92.25,134875
2026-03-23 12:47:00,12:47:00,92.3,92.3,86.95,90.65,333840
2026-03-23 12:48:00,12:48:00,91.4,91.5,89.35,91.0,91455
2026-03-23 12:49:00,12:49:00,89.4,91.0,88.1,89.6,103675
2026-03-23 12:50:00,12:50:00,89.4,93.5,89.35,92.6,149500
2026-03-23 12:51:00,12:51:00,92.5,93.55,89.85,91.65,126620
2026-03-23 12:52:00,12:52:00,81.55,84.5,81.35,84.5,89895
2026-03-23 12:53:00,12:53:00,84.5,85.55,83.55,85.25,155805
2026-03-23 12:54:00,12:54:00,84.9,87.0,84.35,87.0,99320
2026-03-23 12:55:00,12:55:00,86.65,90.7,86.25,88.2,233480
2026-03-23 12:56:00,12:56:00,88.4,90.7,87.3,90.55,115440
2026-03-23 12:57:00,12:57:00,90.85,91.6,89.0,89.25,130845
2026-03-23 12:58:00,12:58:00,89.15,92.45,86.35,86.35,203255
2026-03-23 12:59:00,12:59:00,85.8,88.7,85.7,87.1,102310
2026-03-23 13:00:00,13:00:00,87.45,90.6,87.1,88.55,127270
2026-03-23 13:01:00,13:01:00,89.0,90.5,87.0,88.5,102115
2026-03-23 13:02:00,13:02:00,87.75,91.2,87.75,89.4,117650
2026-03-23 13:03:00,13:03:00,89.55,92.1,89.4,91.15,119730
2026-03-23 13:04:00,13:04:00,91.2,91.95,89.3,90.6,71695
2026-03-23 13:05:00,13:05:00,90.95,92.95,89.9,92.15,166790
2026-03-23 13:06:00,13:06:00,92.0,92.75,86.95,89.4,173745
2026-03-23 13:07:00,13:07:00,89.75,90.35,87.25,87.75,74685
2026-03-23 13:08:00,13:08:00,88.0,88.75,84.5,84.7,120315
2026-03-23 13:09:00,13:09:00,85.0,89.75,83.05,89.1,165750
2026-03-23 13:10:00,13:10:00,89.2,90.0,87.45,90.0,86580
2026-03-23 13:11:00,13:11:00,90.8,93.35,89.65,93.35,174915
2026-03-23 13:12:00,13:12:00,91.65,94.3,89.85,91.85,176345
2026-03-23 13:13:00,13:13:00,92.15,92.45,88.3,91.15,77025
2026-03-23 13:14:00,13:14:00,92.1,92.6,88.4,88.4,81445
2026-03-23 13:15:00,13:15:00,88.25,88.55,83.2,84.6,219635
2026-03-23 13:16:00,13:16:00,84.4,85.5,83.65,84.45,81640
2026-03-23 13:17:00,13:17:00,84.95,86.1,83.75,84.75,69290
2026-03-23 13:18:00,13:18:00,84.55,84.8,82.05,84.15,111605
2026-03-23 13:19:00,13:19:00,84.8,85.6,83.55,85.6,53560
2026-03-23 13:20:00,13:20:00,85.85,87.55,83.3,83.95,104065
2026-03-23 13:21:00,13:21:00,84.0,85.15,80.35,80.7,85410
2026-03-23 13:22:00,13:22:00,80.7,83.1,80.5,82.85,72280
2026-03-23 13:23:00,13:23:00,82.6,85.75,82.05,83.35,73905
2026-03-23 13:24:00,13:24:00,83.3,84.4,81.9,83.9,36660
2026-03-23 13:25:00,13:25:00,83.6,88.25,83.6,84.5,102245
2026-03-23 13:26:00,13:26:00,84.55,85.0,81.8,82.75,70395
2026-03-23 13:27:00,13:27:00,82.55,87.95,81.65,87.1,88205
2026-03-23 13:28:00,13:28:00,86.7,88.15,85.45,86.7,80990
2026-03-23 13:29:00,13:29:00,86.5,88.25,84.7,86.65,64025
2026-03-23 13:30:00,13:30:00,86.0,86.65,80.0,81.05,186680
2026-03-23 13:31:00,13:31:00,81.45,83.8,81.05,83.3,92755
2026-03-23 13:32:00,13:32:00,83.3,84.45,79.0,79.05,106145
2026-03-23 13:33:00,13:33:00,79.5,82.75,79.05,79.65,114010
2026-03-23 13:34:00,13:34:00,80.55,82.9,77.1,77.35,126620
2026-03-23 13:35:00,13:35:00,78.2,79.85,77.3,79.5,101140
2026-03-23 13:36:00,13:36:00,79.55,80.0,76.2,76.65,107445
2026-03-23 13:37:00,13:37:00,76.65,79.0,76.5,78.8,70330
2026-03-23 13:38:00,13:38:00,78.7,79.25,77.15,77.35,49400
2026-03-23 13:39:00,13:39:00,77.0,78.5,77.0,77.8,31525
2026-03-23 13:40:00,13:40:00,77.45,78.0,74.2,75.9,155090
2026-03-23 13:41:00,13:41:00,86.55,87.45,81.65,81.65,337155
2026-03-23 13:42:00,13:42:00,81.6,83.4,79.9,83.4,372450
2026-03-23 13:43:00,13:43:00,84.0,84.85,81.8,82.65,189280
2026-03-23 13:44:00,13:44:00,82.8,82.8,75.95,76.5,455195
2026-03-23 13:45:00,13:45:00,75.75,77.35,74.3,74.3,308035
2026-03-23 13:46:00,13:46:00,75.45,76.95,73.6,74.75,260000
2026-03-23 13:47:00,13:47:00,85.7,87.0,81.5,81.5,197535
2026-03-23 13:48:00,13:48:00,82.05,84.35,79.05,80.2,322075
2026-03-23 13:49:00,13:49:00,80.2,81.3,77.45,77.75,185640
2026-03-23 13:50:00,13:50:00,77.75,77.75,72.15,72.2,290875
2026-03-23 13:51:00,13:51:00,73.2,81.05,70.75,80.2,302120
2026-03-23 13:52:00,13:52:00,79.7,81.55,75.5,75.5,217620
2026-03-23 13:53:00,13:53:00,76.5,79.6,75.5,78.95,96785
2026-03-23 13:54:00,13:54:00,79.25,83.15,78.3,82.05,114920
2026-03-23 13:55:00,13:55:00,82.2,83.4,79.75,81.95,134095
2026-03-23 13:56:00,13:56:00,82.1,83.3,79.75,80.55,86190
2026-03-23 13:57:00,13:57:00,80.25,82.7,78.4,78.4,126295
2026-03-23 13:58:00,13:58:00,77.6,81.9,77.5,80.1,142480
2026-03-23 13:59:00,13:59:00,79.5,82.5,79.3,81.85,84110
2026-03-23 14:00:00,14:00:00,82.0,84.15,80.8,81.0,161070
2026-03-23 14:01:00,14:01:00,81.2,82.4,75.3,75.3,168870
2026-03-23 14:02:00,14:02:00,85.8,86.05,81.95,83.3,333840
2026-03-23 14:03:00,14:03:00,83.05,83.2,80.55,81.4,393640
2026-03-23 14:04:00,14:04:00,81.45,83.2,77.9,80.75,464165
2026-03-23 14:05:00,14:05:00,80.5,83.55,78.8,83.55,243815
2026-03-23 14:06:00,14:06:00,83.15,83.55,78.9,79.45,228280
2026-03-23 14:07:00,14:07:00,79.05,85.1,78.5,84.2,331370
2026-03-23 14:08:00,14:08:00,75.15,82.0,75.1,80.1,204035
2026-03-23 14:09:00,14:09:00,90.25,90.75,86.05,86.85,312000
2026-03-23 14:10:00,14:10:00,77.45,80.85,76.75,78.9,99775
2026-03-23 14:11:00,14:11:00,87.9,89.65,85.85,86.15,166725
2026-03-23 14:12:00,14:12:00,85.75,86.95,83.25,86.7,216840
2026-03-23 14:13:00,14:13:00,78.4,78.7,75.0,78.45,96915
2026-03-23 14:14:00,14:14:00,78.55,78.6,76.25,76.6,54015
2026-03-23 14:15:00,14:15:00,77.0,79.3,76.6,77.05,80080
2026-03-23 14:16:00,14:16:00,86.25,87.25,83.2,83.95,162110
2026-03-23 14:17:00,14:17:00,84.55,84.75,81.5,82.1,159055
2026-03-23 14:18:00,14:18:00,81.1,82.35,79.45,80.6,252980
2026-03-23 14:19:00,14:19:00,80.6,83.3,79.15,82.75,219310
2026-03-23 14:20:00,14:20:00,83.0,84.35,79.85,81.95,249470
2026-03-23 14:21:00,14:21:00,81.75,82.1,79.95,81.85,153270
2026-03-23 14:22:00,14:22:00,82.2,84.25,80.8,83.0,144040
2026-03-23 14:23:00,14:23:00,82.95,83.8,77.85,77.85,257075
2026-03-23 14:24:00,14:24:00,77.15,81.65,76.25,81.65,411710
2026-03-23 14:25:00,14:25:00,73.0,82.65,72.65,80.7,419445
2026-03-23 14:26:00,14:26:00,79.7,82.65,75.4,76.4,271050
2026-03-23 14:27:00,14:27:00,85.6,87.1,82.3,85.0,700570
2026-03-23 14:28:00,14:28:00,75.9,76.95,74.3,75.9,86450
2026-03-23 14:29:00,14:29:00,75.8,79.9,75.8,79.1,101075
2026-03-23 14:30:00,14:30:00,79.4,82.3,78.05,81.7,177190
2026-03-23 14:31:00,14:31:00,73.7,76.6,72.85,75.2,479960
2026-03-23 14:32:00,14:32:00,76.25,79.7,75.2,77.65,483535
2026-03-23 14:33:00,14:33:00,69.5,74.0,69.15,73.3,461695
2026-03-23 14:34:00,14:34:00,82.3,82.75,76.15,81.2,729690
2026-03-23 14:35:00,14:35:00,81.7,81.7,78.5,80.0,448565
2026-03-23 14:36:00,14:36:00,80.1,80.65,71.85,72.3,661700
2026-03-23 14:37:00,14:37:00,82.0,82.1,74.15,77.0,466375
2026-03-23 14:38:00,14:38:00,68.25,69.8,65.9,68.55,312000
2026-03-23 14:39:00,14:39:00,69.6,71.9,65.75,67.15,355355
2026-03-23 14:40:00,14:40:00,67.65,73.55,67.15,71.75,371150
2026-03-23 14:41:00,14:41:00,71.65,73.7,69.35,70.15,368485
2026-03-23 14:42:00,14:42:00,70.4,74.6,69.4,74.6,287690
2026-03-23 14:43:00,14:43:00,84.75,85.7,77.25,77.25,265460
2026-03-23 14:44:00,14:44:00,77.4,79.0,75.8,77.65,291070
2026-03-23 14:45:00,14:45:00,77.95,82.05,77.4,79.55,222690
2026-03-23 14:46:00,14:46:00,79.35,80.6,77.75,78.2,126555
2026-03-23 14:47:00,14:47:00,78.5,78.9,75.3,76.75,160420
2026-03-23 14:48:00,14:48:00,77.35,78.2,71.6,72.4,324740
2026-03-23 14:49:00,14:49:00,72.35,75.15,68.4,68.75,263315
2026-03-23 14:50:00,14:50:00,67.3,68.75,61.7,62.65,543790
2026-03-23 14:51:00,14:51:00,73.9,74.0,65.65,66.2,1272440
2026-03-23 14:52:00,14:52:00,67.55,73.35,66.2,70.45,542750
2026-03-23 14:53:00,14:53:00,69.55,73.1,69.55,71.05,325910
2026-03-23 14:54:00,14:54:00,62.5,67.5,62.5,66.45,196430
2026-03-23 14:55:00,14:55:00,67.05,72.35,66.4,71.55,257530
2026-03-23 14:56:00,14:56:00,71.2,72.4,69.05,70.55,216775
2026-03-23 14:57:00,14:57:00,70.9,70.9,67.85,69.05,143000
2026-03-23 14:58:00,14:58:00,69.75,70.85,66.1,68.25,182325
2026-03-23 14:59:00,14:59:00,68.15,69.9,67.25,67.85,191360
2026-03-23 15:00:00,15:00:00,68.45,75.3,67.85,74.0,530010
2026-03-23 15:01:00,15:01:00,65.15,66.8,62.65,62.8,689130
2026-03-23 15:02:00,15:02:00,61.7,65.85,61.5,63.95,395720
2026-03-23 15:03:00,15:03:00,65.4,69.9,63.95,69.9,532935
2026-03-23 15:04:00,15:04:00,61.5,68.15,61.3,66.75,529425
2026-03-23 15:05:00,15:05:00,66.6,69.35,65.2,68.4,363025
2026-03-23 15:06:00,15:06:00,68.25,74.2,65.85,71.1,541190
2026-03-23 15:07:00,15:07:00,71.2,73.6,68.25,70.8,363350
2026-03-23 15:08:00,15:08:00,72.0,73.5,69.3,71.1,218400
2026-03-23 15:09:00,15:09:00,70.95,71.1,63.0,65.7,439270
2026-03-23 15:10:00,15:10:00,75.0,76.85,69.8,70.9,517335
2026-03-23 15:11:00,15:11:00,70.6,71.75,68.9,69.3,274625
2026-03-23 15:12:00,15:12:00,60.95,66.0,60.3,64.75,287885
2026-03-23 15:13:00,15:13:00,65.3,66.0,63.35,63.9,190450
2026-03-23 15:14:00,15:14:00,64.15,66.1,63.6,64.7,121485
2026-03-23 15:15:00,15:15:00,65.0,67.85,64.7,66.2,252395
2026-03-23 15:16:00,15:16:00,66.65,69.0,65.6,67.45,206245
2026-03-23 15:17:00,15:17:00,67.4,67.85,64.7,67.7,180830
2026-03-23 15:18:00,15:18:00,68.1,69.85,66.3,69.5,186420
2026-03-23 15:19:00,15:19:00,69.5,69.9,67.6,67.65,120185
2026-03-23 15:20:00,15:20:00,68.0,68.55,61.85,62.05,336895
2026-03-23 15:21:00,15:21:00,62.85,65.5,62.05,65.15,187915
2026-03-23 15:22:00,15:22:00,64.4,66.85,64.15,66.75,305825
2026-03-23 15:23:00,15:23:00,66.65,66.9,64.85,65.55,107900
2026-03-23 15:24:00,15:24:00,65.5,66.4,63.3,65.6,117390
2026-03-23 15:25:00,15:25:00,65.85,66.4,64.9,65.7,193700
2026-03-23 15:26:00,15:26:00,65.55,65.7,63.0,64.45,195455
2026-03-23 15:27:00,15:27:00,64.2,64.55,62.25,63.05,226720
2026-03-23 15:28:00,15:28:00,63.15,63.15,60.6,62.25,267215
2026-03-23 15:29:00,15:29:00,62.45,65.95,61.9,64.55,402090
2026-03-24 09:15:00,09:15:00,17.2,19.7,6.45,7.5,1649440
2026-03-24 09:16:00,09:16:00,5.9,9.35,5.65,8.65,4353050
2026-03-24 09:17:00,09:17:00,9.1,9.65,6.75,6.9,2830945
2026-03-24 09:18:00,09:18:00,6.8,8.95,6.7,8.4,2026570
2026-03-24 09:19:00,09:19:00,8.4,8.75,7.15,7.55,2516605
2026-03-24 09:20:00,09:20:00,7.45,7.75,6.75,7.55,1744145
2026-03-24 09:21:00,09:21:00,7.2,7.6,6.9,6.9,2122315
2026-03-24 09:22:00,09:22:00,5.2,5.55,4.7,5.2,786435
2026-03-24 09:23:00,09:23:00,6.95,7.15,6.25,6.35,983385
2026-03-24 09:24:00,09:24:00,6.25,6.5,4.9,4.9,1467700
2026-03-24 09:25:00,09:25:00,5.15,5.25,4.85,5.05,1489475
2026-03-24 09:26:00,09:26:00,6.75,6.95,6.15,6.2,678275
2026-03-24 09:27:00,09:27:00,6.3,6.4,5.65,5.7,1203280
2026-03-24 09:28:00,09:28:00,5.8,6.25,5.4,6.15,842920
2026-03-24 09:29:00,09:29:00,6.15,6.5,5.7,5.85,727025
2026-03-24 09:30:00,09:30:00,5.9,5.9,5.2,5.3,587860
2026-03-24 09:31:00,09:31:00,5.35,6.0,5.1,5.8,616330
2026-03-24 09:32:00,09:32:00,6.1,6.7,5.8,5.9,460655
2026-03-24 09:33:00,09:33:00,5.9,6.5,5.75,5.75,398840
2026-03-24 09:34:00,09:34:00,4.35,4.8,4.25,4.8,730990
2026-03-24 09:35:00,09:35:00,4.8,4.85,4.1,4.45,842725
2026-03-24 09:36:00,09:36:00,4.45,4.75,4.3,4.45,943735
2026-03-24 09:37:00,09:37:00,4.45,5.75,4.45,5.25,1593865
2026-03-24 09:38:00,09:38:00,5.2,5.6,4.85,5.15,1104220
2026-03-24 09:39:00,09:39:00,3.8,4.45,3.75,4.35,629330
2026-03-24 09:40:00,09:40:00,5.8,6.05,5.05,5.1,1296360
2026-03-24 09:41:00,09:41:00,5.2,5.75,5.0,5.05,767780
2026-03-24 09:42:00,09:42:00,3.65,4.65,3.6,4.65,494650
2026-03-24 09:43:00,09:43:00,4.8,5.6,4.65,5.0,1553825
2026-03-24 09:44:00,09:44:00,5.0,5.5,4.7,4.7,681590
2026-03-24 09:45:00,09:45:00,3.4,4.25,3.3,3.85,991120
2026-03-24 09:46:00,09:46:00,3.85,4.25,3.85,4.05,832780
2026-03-24 09:47:00,09:47:00,4.1,4.4,3.9,4.3,561535
2026-03-24 09:48:00,09:48:00,4.35,4.65,4.25,4.45,586950
2026-03-24 09:49:00,09:49:00,4.35,4.45,3.95,4.25,623025
2026-03-24 09:50:00,09:50:00,4.15,4.3,3.85,4.0,559910
2026-03-24 09:51:00,09:51:00,4.0,4.15,3.8,3.8,673335
2026-03-24 09:52:00,09:52:00,3.8,3.85,3.45,3.55,630760
2026-03-24 09:53:00,09:53:00,3.55,3.95,3.55,3.6,422045
2026-03-24 09:54:00,09:54:00,4.95,5.1,4.65,4.85,430300
2026-03-24 09:55:00,09:55:00,4.9,5.05,4.0,4.0,927875
2026-03-24 09:56:00,09:56:00,4.0,4.0,3.45,3.5,844480
2026-03-24 09:57:00,09:57:00,3.55,4.05,3.5,3.6,515060
2026-03-24 09:58:00,09:58:00,3.6,4.0,3.25,3.75,682955
2026-03-24 09:59:00,09:59:00,3.7,4.0,3.45,3.65,534365
2026-03-24 10:00:00,10:00:00,3.65,3.9,3.55,3.7,560365
2026-03-24 10:01:00,10:01:00,2.7,3.3,2.7,3.15,989365
2026-03-24 10:02:00,10:02:00,3.15,3.3,2.65,2.8,933855
2026-03-24 10:03:00,10:03:00,2.8,3.15,2.75,3.05,593710
2026-03-24 10:04:00,10:04:00,3.05,3.4,2.9,3.3,647075
2026-03-24 10:05:00,10:05:00,3.25,3.35,2.95,2.95,470080
2026-03-24 10:06:00,10:06:00,2.9,3.2,2.8,3.15,544960
2026-03-24 10:07:00,10:07:00,3.25,3.7,3.15,3.5,710190
2026-03-24 10:08:00,10:08:00,3.4,3.55,3.2,3.45,396370
2026-03-24 10:09:00,10:09:00,3.45,3.9,3.2,3.5,769015
2026-03-24 10:10:00,10:10:00,3.65,3.7,3.4,3.4,467805
2026-03-24 10:11:00,10:11:00,3.35,3.55,3.25,3.45,298025
2026-03-24 10:12:00,10:12:00,3.6,3.6,3.25,3.3,446290
2026-03-24 10:13:00,10:13:00,3.35,3.35,3.0,3.0,624845
2026-03-24 10:14:00,10:14:00,2.9,3.05,2.75,2.9,927160
2026-03-24 10:15:00,10:15:00,2.9,3.05,2.8,2.8,509795
2026-03-24 10:16:00,10:16:00,3.85,3.95,3.35,3.35,752505
2026-03-24 10:17:00,10:17:00,3.35,3.45,3.1,3.15,618670
2026-03-24 10:18:00,10:18:00,3.1,3.2,2.95,3.15,484965
2026-03-24 10:19:00,10:19:00,3.15,3.4,3.15,3.25,240890
2026-03-24 10:20:00,10:20:00,2.35,2.65,2.3,2.65,919685
2026-03-24 10:21:00,10:21:00,3.65,3.65,3.15,3.15,399295
2026-03-24 10:22:00,10:22:00,3.2,3.25,2.9,2.95,497965
2026-03-24 10:23:00,10:23:00,3.0,3.0,2.75,2.8,1233245
2026-03-24 10:24:00,10:24:00,2.85,2.85,2.65,2.75,855660
2026-03-24 10:25:00,10:25:00,2.7,3.05,2.7,2.85,1054625
2026-03-24 10:26:00,10:26:00,2.8,3.35,2.8,3.15,687895
2026-03-24 10:27:00,10:27:00,3.3,3.3,3.1,3.15,501410
2026-03-24 10:28:00,10:28:00,3.15,3.25,3.05,3.05,237445
2026-03-24 10:29:00,10:29:00,3.05,3.1,2.9,2.95,266175
2026-03-24 10:30:00,10:30:00,2.1,2.25,2.05,2.2,1024205
2026-03-24 10:31:00,10:31:00,2.3,2.4,2.2,2.35,933595
2026-03-24 10:32:00,10:32:00,2.35,2.55,2.25,2.55,859105
2026-03-24 10:33:00,10:33:00,2.5,2.85,2.35,2.75,1586065
2026-03-24 10:34:00,10:34:00,2.0,2.15,1.95,2.1,1431495
2026-03-24 10:35:00,10:35:00,2.2,2.35,2.1,2.25,1186250
2026-03-24 10:36:00,10:36:00,2.2,2.55,2.05,2.45,1276665
2026-03-24 10:37:00,10:37:00,2.45,3.2,2.45,2.6,2117960
2026-03-24 10:38:00,10:38:00,2.6,2.85,2.45,2.55,1100125
2026-03-24 10:39:00,10:39:00,2.5,3.05,2.5,2.85,819910
2026-03-24 10:40:00,10:40:00,2.8,2.95,2.7,2.8,1022905
2026-03-24 10:41:00,10:41:00,2.75,2.8,2.45,2.5,972855
2026-03-24 10:42:00,10:42:00,2.55,2.55,2.2,2.2,1016860
2026-03-24 10:43:00,10:43:00,2.2,2.25,2.0,2.05,785655
2026-03-24 10:44:00,10:44:00,2.05,2.15,1.95,2.05,765700
2026-03-24 10:45:00,10:45:00,2.05,2.05,1.9,2.0,737360
2026-03-24 10:46:00,10:46:00,2.0,2.15,1.9,2.1,636545
2026-03-24 10:47:00,10:47:00,2.05,2.15,1.9,1.95,663520
2026-03-24 10:48:00,10:48:00,2.65,2.8,2.2,2.25,2242695
2026-03-24 10:49:00,10:49:00,2.25,2.4,2.15,2.4,1094535
2026-03-24 10:50:00,10:50:00,2.4,2.4,2.15,2.15,984230
2026-03-24 10:51:00,10:51:00,2.15,2.45,2.05,2.45,947180
2026-03-24 10:52:00,10:52:00,1.8,2.0,1.7,1.95,1467050
2026-03-24 10:53:00,10:53:00,1.85,2.0,1.8,1.85,1285505
2026-03-24 10:54:00,10:54:00,1.85,1.95,1.8,1.85,948155
2026-03-24 10:55:00,10:55:00,1.85,1.85,1.75,1.8,752635
2026-03-24 10:56:00,10:56:00,1.75,1.95,1.75,1.9,1027000
2026-03-24 10:57:00,10:57:00,1.9,2.05,1.85,2.05,711815
2026-03-24 10:58:00,10:58:00,2.05,2.2,2.0,2.1,778245
2026-03-24 10:59:00,10:59:00,2.1,2.3,2.05,2.2,755820
2026-03-24 11:00:00,11:00:00,2.15,2.2,1.85,1.85,859495
2026-03-24 11:01:00,11:01:00,1.9,1.95,1.75,1.75,860600
2026-03-24 11:02:00,11:02:00,1.8,1.9,1.75,1.85,953355
2026-03-24 11:03:00,11:03:00,1.85,1.85,1.7,1.8,635245
2026-03-24 11:04:00,11:04:00,2.4,2.45,2.25,2.25,732810
2026-03-24 11:05:00,11:05:00,1.65,1.85,1.65,1.8,579800
2026-03-24 11:06:00,11:06:00,1.75,1.85,1.7,1.8,316160
2026-03-24 11:07:00,11:07:00,1.8,1.9,1.8,1.8,724360
2026-03-24 11:08:00,11:08:00,2.5,2.5,2.2,2.3,604695
2026-03-24 11:09:00,11:09:00,2.35,2.4,2.25,2.25,565370
2026-03-24 11:10:00,11:10:00,2.3,2.3,2.1,2.15,600535
2026-03-24 11:11:00,11:11:00,2.15,2.25,2.05,2.15,1549730
2026-03-24 11:12:00,11:12:00,2.2,2.25,2.05,2.15,790725
2026-03-24 11:13:00,11:13:00,2.2,2.25,2.15,2.2,751270
2026-03-24 11:14:00,11:14:00,2.2,2.3,2.15,2.2,753545
2026-03-24 11:15:00,11:15:00,2.1,2.25,2.05,2.1,608140
2026-03-24 11:16:00,11:16:00,2.1,2.15,2.05,2.1,963755
2026-03-24 11:17:00,11:17:00,2.1,2.15,2.0,2.0,773305
2026-03-24 11:18:00,11:18:00,2.85,3.0,2.8,2.8,575055
2026-03-24 11:19:00,11:19:00,2.9,2.9,2.7,2.75,679705
2026-03-24 11:20:00,11:20:00,2.75,2.75,2.45,2.55,747890
2026-03-24 11:21:00,11:21:00,2.55,2.7,2.5,2.55,742430
2026-03-24 11:22:00,11:22:00,2.5,2.6,2.4,2.55,599300
2026-03-24 11:23:00,11:23:00,1.75,1.8,1.7,1.8,1145690
2026-03-24 11:24:00,11:24:00,1.8,1.85,1.75,1.8,807885
2026-03-24 11:25:00,11:25:00,1.8,2.15,1.75,1.8,1456260
2026-03-24 11:26:00,11:26:00,1.75,1.95,1.75,1.75,827905
2026-03-24 11:27:00,11:27:00,1.75,1.8,1.7,1.7,632515
2026-03-24 11:28:00,11:28:00,2.3,2.35,2.1,2.35,834665
2026-03-24 11:29:00,11:29:00,2.3,2.4,2.2,2.2,598390
2026-03-24 11:30:00,11:30:00,2.2,2.3,2.05,2.3,1073020
2026-03-24 11:31:00,11:31:00,2.3,2.4,2.25,2.3,600730
2026-03-24 11:32:00,11:32:00,2.25,2.3,2.1,2.2,351780
2026-03-24 11:33:00,11:33:00,2.2,2.35,2.15,2.2,411645
2026-03-24 11:34:00,11:34:00,2.2,2.3,2.1,2.15,1091870
2026-03-24 11:35:00,11:35:00,2.25,2.25,2.05,2.25,1275820
2026-03-24 11:36:00,11:36:00,2.25,2.45,2.2,2.35,813020
2026-03-24 11:37:00,11:37:00,2.35,2.4,2.3,2.4,437970
2026-03-24 11:38:00,11:38:00,2.35,2.45,2.25,2.4,472225
2026-03-24 11:39:00,11:39:00,2.4,2.45,2.3,2.35,408265
2026-03-24 11:40:00,11:40:00,2.3,2.4,2.3,2.35,344955
2026-03-24 11:41:00,11:41:00,2.35,2.45,2.3,2.3,343850
2026-03-24 11:42:00,11:42:00,2.35,2.35,2.15,2.2,425945
2026-03-24 11:43:00,11:43:00,2.2,2.3,2.15,2.3,349570
2026-03-24 11:44:00,11:44:00,2.25,2.3,2.1,2.25,530205
2026-03-24 11:45:00,11:45:00,2.25,2.35,2.2,2.25,429585
2026-03-24 11:46:00,11:46:00,2.9,2.9,2.5,2.55,1232595
2026-03-24 11:47:00,11:47:00,2.55,2.8,2.45,2.65,2815995
2026-03-24 11:48:00,11:48:00,2.0,2.2,2.0,2.15,734175
2026-03-24 11:49:00,11:49:00,2.1,2.25,2.1,2.25,448695
2026-03-24 11:50:00,11:50:00,2.2,2.35,2.05,2.15,787020
2026-03-24 11:51:00,11:51:00,2.1,2.2,2.1,2.1,629785
2026-03-24 11:52:00,11:52:00,2.75,2.8,2.55,2.6,871260
2026-03-24 11:53:00,11:53:00,2.7,2.7,2.5,2.6,1055860
2026-03-24 11:54:00,11:54:00,2.6,2.65,2.55,2.6,617305
2026-03-24 11:55:00,11:55:00,2.65,2.65,2.5,2.55,1103050
2026-03-24 11:56:00,11:56:00,3.35,3.35,3.1,3.15,1499225
2026-03-24 11:57:00,11:57:00,2.4,2.5,2.2,2.2,1504100
2026-03-24 11:58:00,11:58:00,2.25,2.3,2.1,2.15,1519895
2026-03-24 11:59:00,11:59:00,2.2,2.25,2.1,2.15,1134315
2026-03-24 12:00:00,12:00:00,2.1,2.15,2.0,2.05,1130220
2026-03-24 12:01:00,12:01:00,2.05,2.15,2.0,2.15,777595
2026-03-24 12:02:00,12:02:00,2.15,2.2,2.1,2.15,912990
2026-03-24 12:03:00,12:03:00,2.1,2.2,2.05,2.15,646100
2026-03-24 12:04:00,12:04:00,2.15,2.2,2.1,2.2,441090
2026-03-24 12:05:00,12:05:00,1.8,2.0,1.75,1.95,532935
2026-03-24 12:06:00,12:06:00,1.95,2.0,1.85,1.95,537030
2026-03-24 12:07:00,12:07:00,2.45,2.45,2.05,2.15,676325
2026-03-24 12:08:00,12:08:00,1.75,1.9,1.75,1.85,448955
2026-03-24 12:09:00,12:09:00,1.85,2.0,1.8,1.95,299195
2026-03-24 12:10:00,12:10:00,2.45,2.65,2.3,2.35,393250
2026-03-24 12:11:00,12:11:00,2.3,2.45,2.25,2.35,598780
2026-03-24 12:12:00,12:12:00,1.85,2.0,1.85,1.9,261235
2026-03-24 12:13:00,12:13:00,1.95,2.0,1.85,1.9,520975
2026-03-24 12:14:00,12:14:00,1.9,1.9,1.8,1.85,395915
2026-03-24 12:15:00,12:15:00,1.85,1.95,1.75,1.9,495950
2026-03-24 12:16:00,12:16:00,1.85,1.95,1.8,1.8,513565
2026-03-24 12:17:00,12:17:00,1.85,1.95,1.8,1.9,247195
2026-03-24 12:18:00,12:18:00,1.95,1.95,1.85,1.9,299325
2026-03-24 12:19:00,12:19:00,1.9,1.95,1.85,1.9,438360
2026-03-24 12:20:00,12:20:00,1.95,1.95,1.8,1.85,784875
2026-03-24 12:21:00,12:21:00,1.85,1.95,1.75,1.8,448240
2026-03-24 12:22:00,12:22:00,2.85,3.0,2.2,2.25,2174510
2026-03-24 12:23:00,12:23:00,2.3,2.55,2.15,2.15,1688375
2026-03-24 12:24:00,12:24:00,2.8,2.9,2.4,2.5,3655860
2026-03-24 12:25:00,12:25:00,2.5,2.6,2.3,2.5,3031145
2026-03-24 12:26:00,12:26:00,3.2,3.35,2.9,3.1,2140905
2026-03-24 12:27:00,12:27:00,2.55,2.7,2.3,2.4,2020980
2026-03-24 12:28:00,12:28:00,1.9,2.1,1.85,2.0,1294410
2026-03-24 12:29:00,12:29:00,2.05,2.4,1.85,1.85,2316535
2026-03-24 12:30:00,12:30:00,1.9,1.95,1.65,1.65,1396850
2026-03-24 12:31:00,12:31:00,1.7,1.7,1.5,1.6,1843465
2026-03-24 12:32:00,12:32:00,2.05,2.05,1.9,2.0,1810770
2026-03-24 12:33:00,12:33:00,2.0,2.35,2.0,2.3,1968200
2026-03-24 12:34:00,12:34:00,2.3,2.4,2.15,2.25,1799200
2026-03-24 12:35:00,12:35:00,2.85,3.05,2.65,3.0,1778790
2026-03-24 12:36:00,12:36:00,3.0,3.05,2.75,2.85,1015365
2026-03-24 12:37:00,12:37:00,2.9,2.9,2.65,2.7,992940
2026-03-24 12:38:00,12:38:00,2.7,2.8,2.6,2.7,777010
2026-03-24 12:39:00,12:39:00,2.65,2.75,2.6,2.65,763555
2026-03-24 12:40:00,12:40:00,2.65,2.8,2.6,2.75,856895
2026-03-24 12:41:00,12:41:00,2.75,2.8,2.65,2.75,907725
2026-03-24 12:42:00,12:42:00,2.75,2.75,2.6,2.65,822445
2026-03-24 12:43:00,12:43:00,2.7,2.8,2.6,2.6,1084655
2026-03-24 12:44:00,12:44:00,2.6,2.6,2.35,2.35,801645
2026-03-24 12:45:00,12:45:00,2.35,2.45,2.2,2.35,731965
2026-03-24 12:46:00,12:46:00,2.35,2.4,2.25,2.4,436605
2026-03-24 12:47:00,12:47:00,3.0,3.15,2.9,2.95,1405755
2026-03-24 12:48:00,12:48:00,3.0,3.05,2.95,3.05,1368445
2026-03-24 12:49:00,12:49:00,3.1,3.15,2.85,2.95,1534780
2026-03-24 12:50:00,12:50:00,2.95,3.1,2.9,3.0,1344785
2026-03-24 12:51:00,12:51:00,3.0,3.05,2.9,2.95,1029210
2026-03-24 12:52:00,12:52:00,3.05,3.05,2.85,2.9,1991080
2026-03-24 12:53:00,12:53:00,2.9,3.2,2.85,3.15,2130700
2026-03-24 12:54:00,12:54:00,3.05,3.35,3.05,3.25,1150825
2026-03-24 12:55:00,12:55:00,3.25,3.3,3.05,3.1,1647490
2026-03-24 12:56:00,12:56:00,3.15,3.25,3.0,3.1,1616485
2026-03-24 12:57:00,12:57:00,2.35,2.65,2.3,2.5,611780
2026-03-24 12:58:00,12:58:00,2.45,2.55,2.3,2.35,620230
2026-03-24 12:59:00,12:59:00,2.3,2.35,2.1,2.2,640185
2026-03-24 13:00:00,13:00:00,2.25,2.45,2.1,2.4,806780
2026-03-24 13:01:00,13:01:00,2.35,2.45,2.2,2.35,519935
2026-03-24 13:02:00,13:02:00,2.3,2.4,2.25,2.3,525005
2026-03-24 13:03:00,13:03:00,2.3,2.5,2.25,2.4,754975
2026-03-24 13:04:00,13:04:00,2.35,2.5,2.3,2.4,430950
2026-03-24 13:05:00,13:05:00,1.9,2.0,1.65,1.85,1226680
2026-03-24 13:06:00,13:06:00,2.45,2.55,2.1,2.2,1189370
2026-03-24 13:07:00,13:07:00,2.3,2.3,1.85,1.85,1075165
2026-03-24 13:08:00,13:08:00,1.85,1.85,1.65,1.75,944775
2026-03-24 13:09:00,13:09:00,1.7,1.85,1.65,1.85,690170
2026-03-24 13:10:00,13:10:00,1.8,1.9,1.7,1.8,494715
2026-03-24 13:11:00,13:11:00,2.45,2.45,1.9,1.95,2212600
2026-03-24 13:12:00,13:12:00,1.55,1.6,1.45,1.45,602550
2026-03-24 13:13:00,13:13:00,1.5,1.5,1.3,1.3,751790
2026-03-24 13:14:00,13:14:00,1.75,1.75,1.6,1.7,2050620
2026-03-24 13:15:00,13:15:00,1.35,1.45,1.25,1.4,686790
2026-03-24 13:16:00,13:16:00,1.35,1.4,1.25,1.35,501280
2026-03-24 13:17:00,13:17:00,1.8,1.9,1.75,1.8,1115985
2026-03-24 13:18:00,13:18:00,1.75,1.8,1.65,1.8,1198210
2026-03-24 13:19:00,13:19:00,1.8,1.8,1.65,1.8,932880
2026-03-24 13:20:00,13:20:00,1.75,1.9,1.65,1.7,1385150
2026-03-24 13:21:00,13:21:00,1.7,1.7,1.5,1.6,1918995
2026-03-24 13:22:00,13:22:00,1.6,1.7,1.55,1.7,1396460
2026-03-24 13:23:00,13:23:00,1.7,1.7,1.55,1.7,1085110
2026-03-24 13:24:00,13:24:00,1.65,1.7,1.55,1.6,807300
2026-03-24 13:25:00,13:25:00,1.6,1.65,1.55,1.55,466765
2026-03-24 13:26:00,13:26:00,1.6,1.65,1.55,1.65,986180
2026-03-24 13:27:00,13:27:00,1.65,1.65,1.55,1.65,928005
2026-03-24 13:28:00,13:28:00,1.6,1.65,1.55,1.65,1080495
2026-03-24 13:29:00,13:29:00,1.65,1.65,1.5,1.65,1433120
2026-03-24 13:30:00,13:30:00,2.0,2.05,1.85,1.9,1320995
2026-03-24 13:31:00,13:31:00,1.55,1.65,1.5,1.5,815620
2026-03-24 13:32:00,13:32:00,1.85,1.85,1.7,1.75,1118000
2026-03-24 13:33:00,13:33:00,1.75,1.8,1.7,1.7,632255
2026-03-24 13:34:00,13:34:00,1.75,1.75,1.65,1.7,543855
2026-03-24 13:35:00,13:35:00,1.75,1.75,1.55,1.7,1251965
2026-03-24 13:36:00,13:36:00,1.6,1.7,1.45,1.5,1064245
2026-03-24 13:37:00,13:37:00,1.5,1.55,1.35,1.35,1443585
2026-03-24 13:38:00,13:38:00,1.4,1.4,1.3,1.3,798135
2026-03-24 13:39:00,13:39:00,1.3,1.4,1.3,1.3,1335880
2026-03-24 13:40:00,13:40:00,1.35,1.45,1.3,1.45,1245920
2026-03-24 13:41:00,13:41:00,1.45,1.5,1.4,1.45,990210
2026-03-24 13:42:00,13:42:00,1.4,1.45,1.25,1.35,666120
2026-03-24 13:43:00,13:43:00,1.35,1.35,1.2,1.3,1254500
2026-03-24 13:44:00,13:44:00,1.3,1.45,1.25,1.4,656500
2026-03-24 13:45:00,13:45:00,1.4,1.5,1.35,1.4,923910
2026-03-24 13:46:00,13:46:00,1.4,1.4,1.3,1.35,704275
2026-03-24 13:47:00,13:47:00,1.25,1.3,1.1,1.15,746135
2026-03-24 13:48:00,13:48:00,1.15,1.2,1.05,1.15,1192035
2026-03-24 13:49:00,13:49:00,0.95,1.3,0.95,1.3,1003535
2026-03-24 13:50:00,13:50:00,1.15,1.3,0.9,1.0,1191385
2026-03-24 13:51:00,13:51:00,1.0,1.2,0.95,1.05,766025
2026-03-24 13:52:00,13:52:00,1.35,1.35,1.15,1.2,1047215
2026-03-24 13:53:00,13:53:00,1.2,1.2,1.05,1.05,1425970
2026-03-24 13:54:00,13:54:00,0.95,1.0,0.85,0.95,627445
2026-03-24 13:55:00,13:55:00,1.15,1.2,1.05,1.1,1184235
2026-03-24 13:56:00,13:56:00,1.15,1.15,0.9,1.0,1997905
2026-03-24 13:57:00,13:57:00,0.95,1.0,0.9,0.9,1291160
2026-03-24 13:58:00,13:58:00,0.9,1.0,0.9,1.0,873535
2026-03-24 13:59:00,13:59:00,0.95,1.1,0.9,1.05,1011205
2026-03-24 14:00:00,14:00:00,1.0,1.3,1.0,1.05,1523925
2026-03-24 14:01:00,14:01:00,1.05,1.1,1.0,1.05,957255
2026-03-24 14:02:00,14:02:00,1.0,1.05,0.95,1.0,642330
2026-03-24 14:03:00,14:03:00,0.8,0.9,0.8,0.9,377455
2026-03-24 14:04:00,14:04:00,0.9,0.95,0.85,0.9,176475
2026-03-24 14:05:00,14:05:00,1.1,1.1,0.95,0.95,781755
2026-03-24 14:06:00,14:06:00,1.0,1.05,0.9,0.9,1209975
2026-03-24 14:07:00,14:07:00,0.95,1.0,0.9,0.95,727090
2026-03-24 14:08:00,14:08:00,0.85,0.9,0.8,0.85,162175
2026-03-24 14:09:00,14:09:00,0.8,0.95,0.8,0.95,200135
2026-03-24 14:10:00,14:10:00,1.1,1.1,0.9,0.9,707330
2026-03-24 14:11:00,14:11:00,0.95,0.95,0.9,0.95,405015
2026-03-24 14:12:00,14:12:00,0.85,0.85,0.7,0.8,391820
2026-03-24 14:13:00,14:13:00,0.95,1.05,0.9,1.05,674310
2026-03-24 14:14:00,14:14:00,1.05,1.05,0.85,0.9,777985
2026-03-24 14:15:00,14:15:00,0.95,1.0,0.85,0.9,1487655
2026-03-24 14:16:00,14:16:00,0.95,0.95,0.8,0.85,1443520
2026-03-24 14:17:00,14:17:00,0.8,0.9,0.75,0.8,1551810
2026-03-24 14:18:00,14:18:00,0.8,0.85,0.8,0.8,1184885
2026-03-24 14:19:00,14:19:00,0.8,0.85,0.75,0.8,658515
2026-03-24 14:20:00,14:20:00,0.8,0.95,0.8,0.95,951470
2026-03-24 14:21:00,14:21:00,0.8,0.95,0.75,0.9,479440
2026-03-24 14:22:00,14:22:00,1.0,1.0,0.7,0.75,491985
2026-03-24 14:23:00,14:23:00,0.75,0.8,0.7,0.7,250835
2026-03-24 14:24:00,14:24:00,0.75,0.8,0.7,0.75,319345
2026-03-24 14:25:00,14:25:00,0.75,0.75,0.6,0.6,164775
2026-03-24 14:26:00,14:26:00,0.65,0.7,0.6,0.7,736190
2026-03-24 14:27:00,14:27:00,0.7,0.7,0.6,0.6,219895
2026-03-24 14:28:00,14:28:00,0.65,0.7,0.6,0.65,261885
2026-03-24 14:29:00,14:29:00,0.6,0.65,0.6,0.65,253045
2026-03-24 14:30:00,14:30:00,0.6,0.7,0.55,0.65,426855
2026-03-24 14:31:00,14:31:00,0.65,0.7,0.6,0.65,243165
2026-03-24 14:32:00,14:32:00,0.65,0.7,0.6,0.6,122915
2026-03-24 14:33:00,14:33:00,0.6,0.65,0.6,0.6,221130
2026-03-24 14:34:00,14:34:00,0.65,0.65,0.55,0.6,236210
2026-03-24 14:35:00,14:35:00,0.55,0.6,0.55,0.6,293995
2026-03-24 14:36:00,14:36:00,0.6,0.6,0.5,0.5,351715
2026-03-24 14:37:00,14:37:00,0.45,0.6,0.45,0.5,1020695
2026-03-24 14:38:00,14:38:00,0.5,0.5,0.45,0.5,618020
2026-03-24 14:39:00,14:39:00,0.45,0.55,0.45,0.5,602550
2026-03-24 14:40:00,14:40:00,0.5,0.55,0.45,0.5,852540
2026-03-24 14:41:00,14:41:00,0.5,0.5,0.45,0.45,137865
2026-03-24 14:42:00,14:42:00,0.5,0.5,0.4,0.45,788905
2026-03-24 14:43:00,14:43:00,0.4,0.45,0.4,0.45,306670
2026-03-24 14:44:00,14:44:00,0.4,0.45,0.4,0.4,360360
2026-03-24 14:45:00,14:45:00,0.4,0.45,0.35,0.4,608855
2026-03-24 14:46:00,14:46:00,0.4,0.45,0.35,0.4,338650
2026-03-24 14:47:00,14:47:00,0.35,0.45,0.35,0.35,553410
2026-03-24 14:48:00,14:48:00,0.4,0.45,0.35,0.4,410670
2026-03-24 14:49:00,14:49:00,0.4,0.45,0.4,0.45,442390
2026-03-24 14:50:00,14:50:00,0.4,0.45,0.35,0.35,355160
2026-03-24 14:51:00,14:51:00,0.35,0.4,0.35,0.4,325195
2026-03-24 14:52:00,14:52:00,0.4,0.4,0.35,0.35,337220
2026-03-24 14:53:00,14:53:00,0.35,0.4,0.35,0.35,404040
2026-03-24 14:54:00,14:54:00,0.35,0.35,0.3,0.35,606125
2026-03-24 14:55:00,14:55:00,0.35,0.4,0.3,0.3,680030
2026-03-24 14:56:00,14:56:00,0.35,0.35,0.3,0.3,197730
2026-03-24 14:57:00,14:57:00,0.3,0.35,0.3,0.3,570960
2026-03-24 14:58:00,14:58:00,0.35,0.35,0.3,0.3,979355
2026-03-24 14:59:00,14:59:00,0.35,0.35,0.25,0.3,341835
2026-03-24 15:00:00,15:00:00,0.25,0.3,0.25,0.25,851045
2026-03-24 15:01:00,15:01:00,0.3,0.3,0.2,0.2,441935
2026-03-24 15:02:00,15:02:00,0.25,0.25,0.2,0.25,610350
2026-03-24 15:03:00,15:03:00,0.2,0.25,0.15,0.2,608140
2026-03-24 15:04:00,15:04:00,0.2,0.2,0.15,0.2,638365
2026-03-24 15:05:00,15:05:00,0.15,0.2,0.15,0.15,276380
2026-03-24 15:06:00,15:06:00,0.2,0.2,0.1,0.15,1286025
2026-03-24 15:07:00,15:07:00,0.1,0.15,0.1,0.1,278135
2026-03-24 15:08:00,15:08:00,0.15,0.15,0.1,0.15,140790
2026-03-24 15:09:00,15:09:00,0.1,0.15,0.1,0.1,144820
2026-03-24 15:10:00,15:10:00,0.1,0.15,0.1,0.1,325975
2026-03-24 15:11:00,15:11:00,0.15,0.15,0.1,0.1,734955
2026-03-24 15:12:00,15:12:00,0.1,0.15,0.1,0.1,305175
2026-03-24 15:13:00,15:13:00,0.1,0.15,0.1,0.1,471315
2026-03-24 15:14:00,15:14:00,0.15,0.15,0.05,0.05,625235
2026-03-24 15:15:00,15:15:00,0.05,0.1,0.05,0.1,372385
2026-03-24 15:16:00,15:16:00,0.05,0.1,0.05,0.05,600015
2026-03-24 15:17:00,15:17:00,0.05,0.1,0.05,0.1,731315
2026-03-24 15:18:00,15:18:00,0.05,0.1,0.05,0.1,589810
2026-03-24 15:19:00,15:19:00,0.05,0.1,0.05,0.05,120510
2026-03-24 15:20:00,15:20:00,0.1,0.1,0.05,0.05,223340
2026-03-24 15:21:00,15:21:00,0.05,0.1,0.05,0.05,955890
2026-03-24 15:22:00,15:22:00,0.1,0.1,0.05,0.05,348010
2026-03-24 15:23:00,15:23:00,0.1,0.1,0.05,0.05,104325
2026-03-24 15:24:00,15:24:00,0.1,0.1,0.05,0.05,287430
2026-03-24 15:25:00,15:25:00,0.1,0.1,0.05,0.05,197340
2026-03-24 15:26:00,15:26:00,0.1,0.1,0.05,0.05,148330
2026-03-24 15:27:00,15:27:00,0.1,0.1,0.05,0.05,70460
2026-03-24 15:28:00,15:28:00,0.05,0.05,0.05,0.05,321685
2026-03-24 15:29:00,15:29:00,0.05,0.05,0.05,0.05,13585
2026-03-30 09:15:00,09:15:00,7.0,17.6,6.25,12.0,1857765
2026-03-30 09:16:00,09:16:00,11.75,12.0,8.15,10.15,1056510
2026-03-30 09:17:00,09:17:00,9.85,10.55,8.95,8.95,1162525
2026-03-30 09:18:00,09:18:00,8.85,9.6,8.4,9.0,867360
2026-03-30 09:19:00,09:19:00,8.85,9.45,8.05,8.15,733980
2026-03-30 09:20:00,09:20:00,8.3,8.65,7.95,8.2,1214655
2026-03-30 09:21:00,09:21:00,8.15,8.4,7.3,7.3,674505
2026-03-30 09:22:00,09:22:00,9.4,9.8,8.5,9.0,2393690
2026-03-30 09:23:00,09:23:00,8.9,9.65,8.75,9.1,1182805
2026-03-30 09:24:00,09:24:00,9.2,9.6,8.85,9.0,1655940
2026-03-30 09:25:00,09:25:00,9.2,9.45,8.6,8.6,919880
2026-03-30 09:26:00,09:26:00,8.6,8.65,7.65,7.85,1665560
2026-03-30 09:27:00,09:27:00,7.8,8.75,7.8,8.15,1256450
2026-03-30 09:28:00,09:28:00,8.4,8.75,7.45,7.55,1294345
2026-03-30 09:29:00,09:29:00,10.5,10.5,9.0,9.0,1467440
2026-03-30 09:30:00,09:30:00,8.95,9.0,8.1,8.95,1433055
2026-03-30 09:31:00,09:31:00,8.9,8.95,7.9,7.95,1293825
2026-03-30 09:32:00,09:32:00,11.15,11.3,10.45,10.8,2574845
2026-03-30 09:33:00,09:33:00,10.8,11.95,10.75,11.55,2238665
2026-03-30 09:34:00,09:34:00,16.65,16.65,13.4,13.7,2146495
2026-03-30 09:35:00,09:35:00,10.4,10.7,10.15,10.35,2153775
2026-03-30 09:36:00,09:36:00,14.15,14.15,12.2,12.25,1709305
2026-03-30 09:37:00,09:37:00,12.35,12.9,12.2,12.4,1355055
2026-03-30 09:38:00,09:38:00,12.45,13.35,12.35,12.7,1196715
2026-03-30 09:39:00,09:39:00,12.8,13.1,11.65,11.85,1115725
2026-03-30 09:40:00,09:40:00,12.05,13.85,11.85,13.4,1665625
2026-03-30 09:41:00,09:41:00,13.55,13.55,11.5,12.65,946010
2026-03-30 09:42:00,09:42:00,9.35,10.5,9.15,10.4,812890
2026-03-30 09:43:00,09:43:00,10.45,11.2,9.95,11.15,846690
2026-03-30 09:44:00,09:44:00,11.25,12.4,11.15,11.65,1385085
2026-03-30 09:45:00,09:45:00,15.3,15.95,13.5,13.7,972140
2026-03-30 09:46:00,09:46:00,13.75,14.25,12.9,13.6,490555
2026-03-30 09:47:00,09:47:00,10.25,11.1,10.0,10.85,721695
2026-03-30 09:48:00,09:48:00,10.8,12.95,10.8,12.75,1628445
2026-03-30 09:49:00,09:49:00,12.85,13.55,11.85,12.65,1374945
2026-03-30 09:50:00,09:50:00,9.3,10.6,9.2,9.6,638430
2026-03-30 09:51:00,09:51:00,13.0,13.25,9.95,10.5,2074280
2026-03-30 09:52:00,09:52:00,10.2,11.8,10.0,11.5,1287910
2026-03-30 09:53:00,09:53:00,11.6,11.9,10.65,11.55,782015
2026-03-30 09:54:00,09:54:00,8.55,9.15,8.3,8.95,410670
2026-03-30 09:55:00,09:55:00,8.95,9.5,8.7,9.15,669565
2026-03-30 09:56:00,09:56:00,9.2,9.2,7.95,8.3,429975
2026-03-30 09:57:00,09:57:00,8.35,8.45,7.5,7.9,458705
2026-03-30 09:58:00,09:58:00,8.15,9.2,7.9,8.8,587860
2026-03-30 09:59:00,09:59:00,8.45,8.8,7.55,7.7,506935
2026-03-30 10:00:00,10:00:00,7.7,8.0,7.35,8.0,442520
2026-03-30 10:01:00,10:01:00,7.95,8.0,7.35,7.5,380445
2026-03-30 10:02:00,10:02:00,10.15,10.15,8.35,8.5,1935570
2026-03-30 10:03:00,10:03:00,8.65,8.65,7.5,7.7,1780545
2026-03-30 10:04:00,10:04:00,7.7,8.35,7.5,8.2,1235520
2026-03-30 10:05:00,10:05:00,8.4,8.75,8.05,8.6,823550
2026-03-30 10:06:00,10:06:00,8.35,9.25,8.35,8.7,830375
2026-03-30 10:07:00,10:07:00,6.35,7.1,6.35,6.8,496275
2026-03-30 10:08:00,10:08:00,6.85,7.45,6.75,7.2,547300
2026-03-30 10:09:00,10:09:00,7.05,7.7,6.9,7.3,550615
2026-03-30 10:10:00,10:10:00,7.35,8.65,7.3,7.9,820300
2026-03-30 10:11:00,10:11:00,5.75,6.1,5.6,6.1,582855
2026-03-30 10:12:00,10:12:00,6.25,6.25,5.7,5.7,723970
2026-03-30 10:13:00,10:13:00,5.65,6.2,5.35,5.4,749320
2026-03-30 10:14:00,10:14:00,7.65,7.65,6.25,6.3,1092650
2026-03-30 10:15:00,10:15:00,6.3,6.5,5.85,6.45,752050
2026-03-30 10:16:00,10:16:00,6.5,6.85,6.1,6.5,509795
2026-03-30 10:17:00,10:17:00,4.8,5.3,4.75,5.25,533650
2026-03-30 10:18:00,10:18:00,5.25,5.8,5.2,5.7,607165
2026-03-30 10:19:00,10:19:00,5.65,5.7,5.25,5.35,469625
2026-03-30 10:20:00,10:20:00,5.4,5.6,5.2,5.25,330850
2026-03-30 10:21:00,10:21:00,5.3,5.4,4.75,4.9,607945
2026-03-30 10:22:00,10:22:00,4.9,5.2,4.65,5.05,494325
2026-03-30 10:23:00,10:23:00,5.0,5.6,4.9,5.25,608855
2026-03-30 10:24:00,10:24:00,5.25,5.45,4.95,5.15,495365
2026-03-30 10:25:00,10:25:00,5.25,5.25,4.6,4.6,409955
2026-03-30 10:26:00,10:26:00,4.7,5.0,4.55,4.85,569595
2026-03-30 10:27:00,10:27:00,4.8,5.25,4.65,5.1,343330
2026-03-30 10:28:00,10:28:00,5.0,5.6,5.0,5.25,457275
2026-03-30 10:29:00,10:29:00,5.25,5.4,5.0,5.35,379925
2026-03-30 10:30:00,10:30:00,5.3,5.35,4.9,5.0,298350
2026-03-30 10:31:00,10:31:00,4.9,5.15,4.85,5.15,532740
2026-03-30 10:32:00,10:32:00,5.2,5.25,4.7,4.85,464815
2026-03-30 10:33:00,10:33:00,3.85,4.05,3.8,4.0,247390
2026-03-30 10:34:00,10:34:00,5.0,5.05,4.05,4.05,817050
2026-03-30 10:35:00,10:35:00,4.0,4.2,3.9,3.95,697450
2026-03-30 10:36:00,10:36:00,3.9,4.05,3.75,4.05,585715
2026-03-30 10:37:00,10:37:00,4.0,4.4,3.8,4.25,681785
2026-03-30 10:38:00,10:38:00,4.25,4.25,3.55,3.6,735475
2026-03-30 10:39:00,10:39:00,3.65,3.75,3.5,3.65,585000
2026-03-30 10:40:00,10:40:00,3.65,3.7,3.35,3.55,599495
2026-03-30 10:41:00,10:41:00,3.55,4.1,3.5,4.05,530205
2026-03-30 10:42:00,10:42:00,4.05,4.25,4.0,4.25,450190
2026-03-30 10:43:00,10:43:00,3.35,3.8,3.35,3.6,395330
2026-03-30 10:44:00,10:44:00,3.65,3.7,3.5,3.55,326755
2026-03-30 10:45:00,10:45:00,3.55,3.7,3.4,3.55,229450
2026-03-30 10:46:00,10:46:00,3.6,3.6,3.25,3.25,272675
2026-03-30 10:47:00,10:47:00,4.0,4.35,3.8,3.8,432315
2026-03-30 10:48:00,10:48:00,3.75,3.9,3.65,3.85,449865
2026-03-30 10:49:00,10:49:00,3.8,3.85,3.65,3.65,467415
2026-03-30 10:50:00,10:50:00,3.75,3.75,3.4,3.45,434200
2026-03-30 10:51:00,10:51:00,2.85,3.2,2.85,3.15,279695
2026-03-30 10:52:00,10:52:00,3.1,3.3,3.05,3.25,151060
2026-03-30 10:53:00,10:53:00,3.25,3.95,3.2,3.75,585000
2026-03-30 10:54:00,10:54:00,3.8,3.8,3.45,3.5,483860
2026-03-30 10:55:00,10:55:00,3.5,4.0,3.5,3.85,636155
2026-03-30 10:56:00,10:56:00,3.8,4.0,3.2,3.3,529230
2026-03-30 10:57:00,10:57:00,3.2,3.3,3.05,3.15,294320
2026-03-30 10:58:00,10:58:00,3.15,3.45,3.1,3.25,203320
2026-03-30 10:59:00,10:59:00,3.3,3.65,3.2,3.65,264225
2026-03-30 11:00:00,11:00:00,3.65,3.65,3.35,3.5,235755
2026-03-30 11:01:00,11:01:00,3.55,3.75,3.5,3.75,271050
2026-03-30 11:02:00,11:02:00,3.8,3.8,3.5,3.55,284180
2026-03-30 11:03:00,11:03:00,3.55,3.6,3.3,3.3,246480
2026-03-30 11:04:00,11:04:00,3.35,3.4,3.25,3.3,177775
2026-03-30 11:05:00,11:05:00,3.35,3.4,3.25,3.3,148590
2026-03-30 11:06:00,11:06:00,3.35,3.45,3.25,3.35,154375
2026-03-30 11:07:00,11:07:00,3.35,3.35,3.15,3.3,243685
2026-03-30 11:08:00,11:08:00,3.3,3.65,3.3,3.55,275340
2026-03-30 11:09:00,11:09:00,2.85,3.45,2.85,3.45,1780350
2026-03-30 11:10:00,11:10:00,3.4,3.95,3.2,3.25,3449940
2026-03-30 11:11:00,11:11:00,3.3,3.55,3.25,3.5,1801865
2026-03-30 11:12:00,11:12:00,3.5,3.6,3.4,3.6,1620125
2026-03-30 11:13:00,11:13:00,4.6,4.6,3.85,3.85,475605
2026-03-30 11:14:00,11:14:00,3.9,4.15,3.75,3.75,391690
2026-03-30 11:15:00,11:15:00,2.95,3.15,2.9,3.1,995345
2026-03-30 11:16:00,11:16:00,3.95,4.0,3.45,3.55,358410
2026-03-30 11:17:00,11:17:00,2.7,3.0,2.7,2.9,945425
2026-03-30 11:18:00,11:18:00,3.65,3.7,3.45,3.5,162955
2026-03-30 11:19:00,11:19:00,3.5,3.65,3.4,3.45,167570
2026-03-30 11:20:00,11:20:00,2.75,2.95,2.75,2.95,904280
2026-03-30 11:21:00,11:21:00,3.7,3.75,3.35,3.35,306995
2026-03-30 11:22:00,11:22:00,3.4,3.6,3.35,3.45,280605
2026-03-30 11:23:00,11:23:00,2.75,2.9,2.7,2.75,572390
2026-03-30 11:24:00,11:24:00,3.5,3.6,3.35,3.35,328445
2026-03-30 11:25:00,11:25:00,3.3,3.4,3.25,3.3,248755
2026-03-30 11:26:00,11:26:00,2.6,2.85,2.5,2.75,1271465
2026-03-30 11:27:00,11:27:00,2.75,2.85,2.7,2.85,966940
2026-03-30 11:28:00,11:28:00,2.85,3.0,2.75,2.8,1186705
2026-03-30 11:29:00,11:29:00,2.85,2.95,2.75,2.9,537875
2026-03-30 11:30:00,11:30:00,2.9,3.0,2.85,2.9,997945
2026-03-30 11:31:00,11:31:00,3.65,3.75,3.35,3.35,225290
2026-03-30 11:32:00,11:32:00,3.25,3.35,3.1,3.2,430755
2026-03-30 11:33:00,11:33:00,3.15,3.4,3.15,3.35,311155
2026-03-30 11:34:00,11:34:00,3.35,3.35,3.0,3.05,327535
2026-03-30 11:35:00,11:35:00,3.05,3.05,2.8,2.9,709280
2026-03-30 11:36:00,11:36:00,2.95,2.95,2.7,2.7,391625
2026-03-30 11:37:00,11:37:00,3.35,3.35,3.05,3.1,544310
2026-03-30 11:38:00,11:38:00,3.15,3.2,2.9,2.9,597610
2026-03-30 11:39:00,11:39:00,2.5,2.6,2.4,2.55,659165
2026-03-30 11:40:00,11:40:00,2.55,2.7,2.5,2.55,521105
2026-03-30 11:41:00,11:41:00,2.6,2.6,2.5,2.55,341965
2026-03-30 11:42:00,11:42:00,2.55,2.65,2.5,2.6,350025
2026-03-30 11:43:00,11:43:00,2.6,2.7,2.55,2.55,581425
2026-03-30 11:44:00,11:44:00,2.6,2.75,2.55,2.65,334750
2026-03-30 11:45:00,11:45:00,2.2,2.35,2.15,2.35,947440
2026-03-30 11:46:00,11:46:00,2.3,2.55,2.2,2.55,1200875
2026-03-30 11:47:00,11:47:00,2.55,2.65,2.45,2.5,1521000
2026-03-30 11:48:00,11:48:00,2.55,2.55,2.4,2.5,751920
2026-03-30 11:49:00,11:49:00,2.5,2.65,2.45,2.55,721695
2026-03-30 11:50:00,11:50:00,2.6,2.65,2.5,2.55,1248130
2026-03-30 11:51:00,11:51:00,2.6,2.6,2.45,2.5,852670
2026-03-30 11:52:00,11:52:00,2.5,2.55,2.4,2.55,981370
2026-03-30 11:53:00,11:53:00,2.45,2.55,2.4,2.55,573755
2026-03-30 11:54:00,11:54:00,3.15,3.35,2.7,2.8,408525
2026-03-30 11:55:00,11:55:00,2.8,2.8,2.5,2.55,327015
2026-03-30 11:56:00,11:56:00,2.05,2.2,2.0,2.2,1102140
2026-03-30 11:57:00,11:57:00,2.7,2.8,2.55,2.65,139555
2026-03-30 11:58:00,11:58:00,2.6,2.65,2.35,2.4,324870
2026-03-30 11:59:00,11:59:00,2.35,2.4,2.3,2.35,175435
2026-03-30 12:00:00,12:00:00,2.35,2.4,2.2,2.25,361985
2026-03-30 12:01:00,12:01:00,2.2,2.25,2.1,2.1,709670
2026-03-30 12:02:00,12:02:00,2.55,2.55,2.3,2.3,715260
2026-03-30 12:03:00,12:03:00,2.3,2.6,2.25,2.4,1729390
2026-03-30 12:04:00,12:04:00,2.35,2.45,2.3,2.45,809640
2026-03-30 12:05:00,12:05:00,2.45,2.65,2.15,2.2,2384200
2026-03-30 12:06:00,12:06:00,2.3,2.3,2.05,2.15,1367145
2026-03-30 12:07:00,12:07:00,2.2,2.2,2.1,2.15,796705
2026-03-30 12:08:00,12:08:00,2.2,2.2,2.0,2.05,985660
2026-03-30 12:09:00,12:09:00,2.15,2.15,2.0,2.0,667875
2026-03-30 12:10:00,12:10:00,2.05,2.15,2.0,2.05,546130
2026-03-30 12:11:00,12:11:00,2.05,2.1,1.9,1.95,669890
2026-03-30 12:12:00,12:12:00,2.45,2.5,2.25,2.35,535730
2026-03-30 12:13:00,12:13:00,1.9,1.95,1.8,1.95,732160
2026-03-30 12:14:00,12:14:00,1.9,2.05,1.9,2.05,1180270
2026-03-30 12:15:00,12:15:00,2.0,2.1,1.9,2.1,775060
2026-03-30 12:16:00,12:16:00,2.05,2.1,1.9,1.9,560300
2026-03-30 12:17:00,12:17:00,1.95,2.15,1.9,2.05,625820
2026-03-30 12:18:00,12:18:00,2.1,2.1,2.0,2.1,406835
2026-03-30 12:19:00,12:19:00,2.05,2.1,2.0,2.05,410410
2026-03-30 12:20:00,12:20:00,2.05,2.05,1.9,2.0,615875
2026-03-30 12:21:00,12:21:00,2.5,2.55,2.3,2.3,520520
2026-03-30 12:22:00,12:22:00,1.9,2.05,1.85,2.05,337740
2026-03-30 12:23:00,12:23:00,2.05,2.15,2.0,2.1,494910
2026-03-30 12:24:00,12:24:00,2.15,2.2,2.05,2.2,905450
2026-03-30 12:25:00,12:25:00,2.15,2.2,2.0,2.05,589095
2026-03-30 12:26:00,12:26:00,1.7,1.85,1.7,1.85,889850
2026-03-30 12:27:00,12:27:00,1.75,1.85,1.75,1.8,543335
2026-03-30 12:28:00,12:28:00,1.85,1.9,1.8,1.85,765765
2026-03-30 12:29:00,12:29:00,1.85,1.85,1.65,1.65,853125
2026-03-30 12:30:00,12:30:00,1.7,1.75,1.65,1.75,653380
2026-03-30 12:31:00,12:31:00,1.75,1.8,1.7,1.75,623545
2026-03-30 12:32:00,12:32:00,1.7,1.75,1.6,1.65,306930
2026-03-30 12:33:00,12:33:00,1.7,1.75,1.65,1.75,654485
2026-03-30 12:34:00,12:34:00,1.75,1.8,1.7,1.75,487695
2026-03-30 12:35:00,12:35:00,1.75,1.8,1.6,1.6,579735
2026-03-30 12:36:00,12:36:00,1.95,2.0,1.8,1.8,595205
2026-03-30 12:37:00,12:37:00,1.75,1.8,1.65,1.7,1027715
2026-03-30 12:38:00,12:38:00,1.7,1.75,1.6,1.7,642525
2026-03-30 12:39:00,12:39:00,1.65,1.75,1.6,1.75,747045
2026-03-30 12:40:00,12:40:00,1.7,1.75,1.7,1.75,280345
2026-03-30 12:41:00,12:41:00,1.8,1.85,1.7,1.8,618345
2026-03-30 12:42:00,12:42:00,1.8,1.8,1.7,1.8,543270
2026-03-30 12:43:00,12:43:00,1.75,1.8,1.7,1.8,454740
2026-03-30 12:44:00,12:44:00,1.75,1.8,1.7,1.7,500695
2026-03-30 12:45:00,12:45:00,1.75,1.75,1.6,1.65,239655
2026-03-30 12:46:00,12:46:00,1.65,1.7,1.6,1.7,511225
2026-03-30 12:47:00,12:47:00,1.7,1.75,1.65,1.75,629785
2026-03-30 12:48:00,12:48:00,1.7,1.8,1.65,1.65,427765
2026-03-30 12:49:00,12:49:00,1.7,1.7,1.65,1.65,280475
2026-03-30 12:50:00,12:50:00,1.65,1.8,1.65,1.75,680680
2026-03-30 12:51:00,12:51:00,1.75,1.75,1.65,1.65,513305
2026-03-30 12:52:00,12:52:00,1.4,1.45,1.35,1.4,459290
2026-03-30 12:53:00,12:53:00,1.4,1.75,1.4,1.7,1610635
2026-03-30 12:54:00,12:54:00,1.65,1.7,1.4,1.4,752375
2026-03-30 12:55:00,12:55:00,1.45,1.5,1.4,1.4,316290
2026-03-30 12:56:00,12:56:00,1.4,1.45,1.4,1.45,440895
2026-03-30 12:57:00,12:57:00,1.4,1.45,1.4,1.4,402090
2026-03-30 12:58:00,12:58:00,1.4,1.4,1.3,1.3,195455
2026-03-30 12:59:00,12:59:00,1.35,1.4,1.3,1.35,393900
2026-03-30 13:00:00,13:00:00,1.35,1.35,1.25,1.3,291460
2026-03-30 13:01:00,13:01:00,1.3,1.4,1.3,1.35,520520
2026-03-30 13:02:00,13:02:00,1.3,1.4,1.3,1.4,865345
2026-03-30 13:03:00,13:03:00,1.35,1.4,1.3,1.4,524680
2026-03-30 13:04:00,13:04:00,1.35,1.4,1.3,1.35,303680
2026-03-30 13:05:00,13:05:00,1.35,1.4,1.3,1.3,394030
2026-03-30 13:06:00,13:06:00,1.35,1.35,1.3,1.3,479310
2026-03-30 13:07:00,13:07:00,1.25,1.35,1.25,1.3,320580
2026-03-30 13:08:00,13:08:00,1.3,1.35,1.25,1.3,166205
2026-03-30 13:09:00,13:09:00,1.3,1.35,1.25,1.25,197665
2026-03-30 13:10:00,13:10:00,1.3,1.35,1.25,1.3,127920
2026-03-30 13:11:00,13:11:00,1.3,1.35,1.25,1.25,717925
2026-03-30 13:12:00,13:12:00,1.25,1.25,1.05,1.05,579670
2026-03-30 13:13:00,13:13:00,1.05,1.25,1.05,1.2,1193660
2026-03-30 13:14:00,13:14:00,1.2,1.2,1.05,1.1,430365
2026-03-30 13:15:00,13:15:00,1.1,1.15,1.05,1.1,548665
2026-03-30 13:16:00,13:16:00,1.1,1.15,1.05,1.1,727870
2026-03-30 13:17:00,13:17:00,1.05,1.1,1.0,1.1,461370
2026-03-30 13:18:00,13:18:00,1.05,1.1,1.05,1.05,576095
2026-03-30 13:19:00,13:19:00,1.05,1.1,1.05,1.1,510185
2026-03-30 13:20:00,13:20:00,1.05,1.1,1.05,1.05,178165
2026-03-30 13:21:00,13:21:00,1.05,1.1,1.0,1.0,534495
2026-03-30 13:22:00,13:22:00,1.0,1.05,1.0,1.0,281580
2026-03-30 13:23:00,13:23:00,1.05,1.05,1.0,1.0,197925
2026-03-30 13:24:00,13:24:00,1.0,1.05,1.0,1.05,69745
2026-03-30 13:25:00,13:25:00,0.9,1.0,0.85,0.95,957710
2026-03-30 13:26:00,13:26:00,0.9,1.05,0.9,1.0,1004185
2026-03-30 13:27:00,13:27:00,1.0,1.0,0.9,0.9,602745
2026-03-30 13:28:00,13:28:00,1.1,1.15,1.0,1.05,516555
2026-03-30 13:29:00,13:29:00,1.05,1.05,1.0,1.05,161395
2026-03-30 13:30:00,13:30:00,0.9,1.0,0.9,0.9,483730
2026-03-30 13:31:00,13:31:00,0.9,1.0,0.9,0.95,595920
2026-03-30 13:32:00,13:32:00,0.95,0.95,0.85,0.9,478660
2026-03-30 13:33:00,13:33:00,0.95,0.95,0.85,0.85,1024530
2026-03-30 13:34:00,13:34:00,1.0,1.05,0.95,0.95,230945
2026-03-30 13:35:00,13:35:00,1.0,1.0,0.95,1.0,225420
2026-03-30 13:36:00,13:36:00,0.95,1.0,0.95,1.0,225680
2026-03-30 13:37:00,13:37:00,0.95,1.0,0.9,0.9,433290
2026-03-30 13:38:00,13:38:00,0.9,0.95,0.85,0.9,169845
2026-03-30 13:39:00,13:39:00,0.85,0.9,0.85,0.85,403260
2026-03-30 13:40:00,13:40:00,0.9,0.9,0.8,0.8,355355
2026-03-30 13:41:00,13:41:00,0.85,0.85,0.75,0.75,235820
2026-03-30 13:42:00,13:42:00,0.65,0.7,0.65,0.7,903435
2026-03-30 13:43:00,13:43:00,0.7,0.75,0.65,0.7,870025
2026-03-30 13:44:00,13:44:00,0.7,0.75,0.7,0.7,302770
2026-03-30 13:45:00,13:45:00,0.75,0.8,0.7,0.75,887120
2026-03-30 13:46:00,13:46:00,0.75,0.8,0.75,0.75,366275
2026-03-30 13:47:00,13:47:00,0.75,0.8,0.75,0.75,307710
2026-03-30 13:48:00,13:48:00,0.8,0.8,0.75,0.8,251810
2026-03-30 13:49:00,13:49:00,0.8,0.85,0.75,0.8,370435
2026-03-30 13:50:00,13:50:00,0.8,0.85,0.75,0.8,744250
2026-03-30 13:51:00,13:51:00,0.85,0.9,0.8,0.9,739570
2026-03-30 13:52:00,13:52:00,0.8,0.9,0.8,0.85,839215
2026-03-30 13:53:00,13:53:00,0.95,1.0,0.85,0.85,2536885
2026-03-30 13:54:00,13:54:00,0.6,0.65,0.6,0.6,200135
2026-03-30 13:55:00,13:55:00,0.95,1.0,0.85,0.85,852865
2026-03-30 13:56:00,13:56:00,0.6,0.65,0.55,0.6,269360
2026-03-30 13:57:00,13:57:00,0.8,0.85,0.8,0.85,705120
2026-03-30 13:58:00,13:58:00,0.8,0.85,0.75,0.75,685035
2026-03-30 13:59:00,13:59:00,0.75,0.8,0.75,0.75,578825
2026-03-30 14:00:00,14:00:00,0.8,0.8,0.7,0.7,718640
2026-03-30 14:01:00,14:01:00,0.7,0.75,0.65,0.7,1289730
2026-03-30 14:02:00,14:02:00,0.75,0.8,0.7,0.75,1011920
2026-03-30 14:03:00,14:03:00,0.7,0.75,0.65,0.7,2364245
2026-03-30 14:04:00,14:04:00,0.7,0.75,0.65,0.75,941980
2026-03-30 14:05:00,14:05:00,0.75,0.75,0.7,0.7,586300
2026-03-30 14:06:00,14:06:00,0.7,0.75,0.7,0.75,194610
2026-03-30 14:07:00,14:07:00,0.75,0.75,0.7,0.7,424775
2026-03-30 14:08:00,14:08:00,0.7,0.75,0.65,0.7,1023620
2026-03-30 14:09:00,14:09:00,0.7,0.7,0.6,0.65,1509365
2026-03-30 14:10:00,14:10:00,0.65,0.7,0.65,0.65,237315
2026-03-30 14:11:00,14:11:00,0.7,0.75,0.65,0.7,1003275
2026-03-30 14:12:00,14:12:00,0.7,0.75,0.65,0.65,964860
2026-03-30 14:13:00,14:13:00,0.55,0.6,0.5,0.6,854100
2026-03-30 14:14:00,14:14:00,0.55,0.6,0.55,0.6,71240
2026-03-30 14:15:00,14:15:00,0.55,0.6,0.55,0.55,161590
2026-03-30 14:16:00,14:16:00,0.55,0.6,0.55,0.55,70915
2026-03-30 14:17:00,14:17:00,0.6,0.6,0.55,0.55,67210
2026-03-30 14:18:00,14:18:00,0.6,0.6,0.55,0.55,405340
2026-03-30 14:19:00,14:19:00,0.6,0.6,0.55,0.6,255125
2026-03-30 14:20:00,14:20:00,0.7,0.75,0.6,0.6,693875
2026-03-30 14:21:00,14:21:00,0.6,0.6,0.5,0.6,386685
2026-03-30 14:22:00,14:22:00,0.55,0.6,0.55,0.55,220025
2026-03-30 14:23:00,14:23:00,0.55,0.65,0.55,0.55,267800
2026-03-30 14:24:00,14:24:00,0.55,0.6,0.55,0.55,76830
2026-03-30 14:25:00,14:25:00,0.6,0.6,0.55,0.55,224250
2026-03-30 14:26:00,14:26:00,0.55,0.6,0.55,0.55,245050
2026-03-30 14:27:00,14:27:00,0.55,0.6,0.55,0.55,260780
2026-03-30 14:28:00,14:28:00,0.55,0.6,0.5,0.5,552045
2026-03-30 14:29:00,14:29:00,0.5,0.55,0.5,0.5,127790
2026-03-30 14:30:00,14:30:00,0.55,0.55,0.5,0.5,37765
2026-03-30 14:31:00,14:31:00,0.5,0.55,0.5,0.55,57135
2026-03-30 14:32:00,14:32:00,0.55,0.55,0.5,0.5,73515
2026-03-30 14:33:00,14:33:00,0.5,0.55,0.5,0.5,69420
2026-03-30 14:34:00,14:34:00,0.4,0.5,0.4,0.5,517530
2026-03-30 14:35:00,14:35:00,0.45,0.5,0.45,0.5,527475
2026-03-30 14:36:00,14:36:00,0.45,0.5,0.45,0.45,174590
2026-03-30 14:37:00,14:37:00,0.45,0.5,0.45,0.45,522535
2026-03-30 14:38:00,14:38:00,0.45,0.5,0.4,0.4,267735
2026-03-30 14:39:00,14:39:00,0.4,0.45,0.4,0.4,207090
2026-03-30 14:40:00,14:40:00,0.4,0.45,0.4,0.45,210925
2026-03-30 14:41:00,14:41:00,0.4,0.45,0.4,0.4,162370
2026-03-30 14:42:00,14:42:00,0.45,0.45,0.35,0.4,481650
2026-03-30 14:43:00,14:43:00,0.35,0.4,0.35,0.35,378885
2026-03-30 14:44:00,14:44:00,0.35,0.45,0.35,0.45,237835
2026-03-30 14:45:00,14:45:00,0.4,0.45,0.35,0.4,359450
2026-03-30 14:46:00,14:46:00,0.4,0.45,0.4,0.4,395850
2026-03-30 14:47:00,14:47:00,0.4,0.45,0.4,0.4,262340
2026-03-30 14:48:00,14:48:00,0.4,0.45,0.35,0.35,520585
2026-03-30 14:49:00,14:49:00,0.35,0.45,0.35,0.4,453765
2026-03-30 14:50:00,14:50:00,0.4,0.4,0.35,0.35,180765
2026-03-30 14:51:00,14:51:00,0.4,0.4,0.35,0.35,262405
2026-03-30 14:52:00,14:52:00,0.4,0.4,0.35,0.35,177060
2026-03-30 14:53:00,14:53:00,0.35,0.4,0.3,0.3,201500
2026-03-30 14:54:00,14:54:00,0.35,0.35,0.3,0.3,363220
2026-03-30 14:55:00,14:55:00,0.3,0.35,0.3,0.35,556400
2026-03-30 14:56:00,14:56:00,0.3,0.35,0.3,0.3,539955
2026-03-30 14:57:00,14:57:00,0.35,0.4,0.3,0.3,524875
2026-03-30 14:58:00,14:58:00,0.35,0.35,0.3,0.3,358995
2026-03-30 14:59:00,14:59:00,0.35,0.35,0.25,0.25,651755
2026-03-30 15:00:00,15:00:00,0.25,0.25,0.15,0.2,797095
2026-03-30 15:01:00,15:01:00,0.25,0.25,0.15,0.15,465595
2026-03-30 15:02:00,15:02:00,0.15,0.2,0.1,0.15,630500
2026-03-30 15:03:00,15:03:00,0.1,0.15,0.1,0.1,604175
2026-03-30 15:04:00,15:04:00,0.1,0.2,0.1,0.15,610935
2026-03-30 15:05:00,15:05:00,0.15,0.2,0.15,0.15,241540
2026-03-30 15:06:00,15:06:00,0.2,0.2,0.15,0.15,134615
2026-03-30 15:07:00,15:07:00,0.2,0.2,0.15,0.15,119275
2026-03-30 15:08:00,15:08:00,0.2,0.2,0.15,0.15,71760
2026-03-30 15:09:00,15:09:00,0.15,0.2,0.1,0.15,324025
2026-03-30 15:10:00,15:10:00,0.15,0.2,0.1,0.1,122135
2026-03-30 15:11:00,15:11:00,0.15,0.15,0.1,0.1,119340
2026-03-30 15:12:00,15:12:00,0.15,0.15,0.05,0.1,492960
2026-03-30 15:13:00,15:13:00,0.05,0.1,0.05,0.1,160485
2026-03-30 15:14:00,15:14:00,0.1,0.1,0.05,0.1,115570
2026-03-30 15:15:00,15:15:00,0.05,0.1,0.05,0.05,189085
2026-03-30 15:16:00,15:16:00,0.05,0.1,0.05,0.05,343850
2026-03-30 15:17:00,15:17:00,0.05,0.1,0.05,0.05,215540
2026-03-30 15:18:00,15:18:00,0.05,0.1,0.05,0.05,170170
2026-03-30 15:19:00,15:19:00,0.05,0.1,0.05,0.05,276965
2026-03-30 15:20:00,15:20:00,0.1,0.1,0.05,0.05,116415
2026-03-30 15:21:00,15:21:00,0.1,0.1,0.05,0.05,330265
2026-03-30 15:22:00,15:22:00,0.05,0.1,0.05,0.05,198965
2026-03-30 15:23:00,15:23:00,0.05,0.1,0.05,0.05,385645
2026-03-30 15:24:00,15:24:00,0.05,0.05,0.05,0.05,8970
2026-03-30 15:25:00,15:25:00,0.05,0.05,0.05,0.05,116545
2026-03-30 15:26:00,15:26:00,0.05,0.05,0.05,0.05,204165
2026-03-30 15:27:00,15:27:00,0.05,0.05,0.05,0.05,1950
2026-03-30 15:28:00,15:28:00,0.05,0.05,0.05,0.05,54990
2026-03-30 15:29:00,15:29:00,0.05,0.05,0.05,0.05,650
2026-04-01 09:15:00,09:15:00,171.0,171.05,128.2,132.8,289380
2026-04-01 09:16:00,09:16:00,123.05,139.05,121.25,136.5,413205
2026-04-01 09:17:00,09:17:00,148.75,148.85,135.65,136.25,105430
2026-04-01 09:18:00,09:18:00,148.35,149.15,142.3,143.95,234845
2026-04-01 09:19:00,09:19:00,142.6,145.15,141.2,143.65,187200
2026-04-01 09:20:00,09:20:00,144.15,144.15,139.0,140.65,205010
2026-04-01 09:21:00,09:21:00,141.05,143.0,136.65,137.45,220545
2026-04-01 09:22:00,09:22:00,137.55,138.25,134.75,135.55,138255
2026-04-01 09:23:00,09:23:00,135.05,138.0,134.3,137.15,69160
2026-04-01 09:24:00,09:24:00,136.7,137.6,133.65,134.0,86840
2026-04-01 09:25:00,09:25:00,133.3,134.35,130.3,132.55,104390
2026-04-01 09:26:00,09:26:00,132.9,134.6,131.65,134.6,70265
2026-04-01 09:27:00,09:27:00,134.5,134.6,132.0,133.25,71305
2026-04-01 09:28:00,09:28:00,133.2,133.25,130.0,130.15,95875
2026-04-01 09:29:00,09:29:00,141.75,141.8,139.65,140.5,21775
2026-04-01 09:30:00,09:30:00,129.0,132.4,127.95,131.75,88595
2026-04-01 09:31:00,09:31:00,130.95,134.9,130.95,134.9,67860
2026-04-01 09:32:00,09:32:00,124.0,134.2,123.55,132.5,79430
2026-04-01 09:33:00,09:33:00,131.95,136.45,131.7,136.45,87425
2026-04-01 09:34:00,09:34:00,136.9,140.8,136.1,138.65,69550
2026-04-01 09:35:00,09:35:00,138.75,143.75,138.65,140.7,105950
2026-04-01 09:36:00,09:36:00,140.6,145.05,140.0,144.6,94380
2026-04-01 09:37:00,09:37:00,144.0,146.45,143.6,144.2,92755
2026-04-01 09:38:00,09:38:00,144.25,144.8,142.3,143.1,56225
2026-04-01 09:39:00,09:39:00,143.1,147.0,142.85,146.15,63180
2026-04-01 09:40:00,09:40:00,146.5,146.5,136.15,138.2,111280
2026-04-01 09:41:00,09:41:00,137.7,138.2,130.7,131.25,72540
2026-04-01 09:42:00,09:42:00,131.7,134.7,130.9,134.7,31915
2026-04-01 09:43:00,09:43:00,134.9,141.8,134.7,140.45,67990
2026-04-01 09:44:00,09:44:00,139.75,141.25,133.5,137.25,60970
2026-04-01 09:45:00,09:45:00,137.55,137.55,133.6,135.95,22750
2026-04-01 09:46:00,09:46:00,135.8,139.75,135.4,139.75,25805
2026-04-01 09:47:00,09:47:00,139.8,139.8,134.35,134.6,28015
2026-04-01 09:48:00,09:48:00,145.6,146.15,137.85,138.55,213590
2026-04-01 09:49:00,09:49:00,138.35,138.55,133.5,133.5,110305
2026-04-01 09:50:00,09:50:00,133.8,135.35,133.0,133.0,54860
2026-04-01 09:51:00,09:51:00,132.75,133.1,129.1,129.1,91780
2026-04-01 09:52:00,09:52:00,140.5,140.5,136.1,136.9,48685
2026-04-01 09:53:00,09:53:00,126.2,131.65,125.6,130.25,100295
2026-04-01 09:54:00,09:54:00,130.45,130.6,126.55,126.7,70330
2026-04-01 09:55:00,09:55:00,126.6,130.3,126.05,129.1,82290
2026-04-01 09:56:00,09:56:00,129.0,133.75,129.0,133.55,99775
2026-04-01 09:57:00,09:57:00,133.75,133.75,128.15,128.3,63830
2026-04-01 09:58:00,09:58:00,128.45,131.9,128.3,130.2,54275
2026-04-01 09:59:00,09:59:00,130.6,131.0,129.0,130.3,30355
2026-04-01 10:00:00,10:00:00,130.0,130.45,127.8,129.2,47320
2026-04-01 10:01:00,10:01:00,129.25,131.35,127.0,127.2,50700
2026-04-01 10:02:00,10:02:00,127.0,128.45,125.0,125.75,65715
2026-04-01 10:03:00,10:03:00,136.2,136.95,132.45,132.7,45825
2026-04-01 10:04:00,10:04:00,133.15,135.0,131.5,134.6,21450
2026-04-01 10:05:00,10:05:00,135.1,135.85,134.05,135.8,18980
2026-04-01 10:06:00,10:06:00,125.2,128.3,125.2,127.1,70655
2026-04-01 10:07:00,10:07:00,126.8,128.0,125.7,127.8,38090
2026-04-01 10:08:00,10:08:00,127.95,128.7,126.2,126.2,37180
2026-04-01 10:09:00,10:09:00,126.35,128.2,125.8,126.7,37245
2026-04-01 10:10:00,10:10:00,126.9,132.0,126.7,132.0,89440
2026-04-01 10:11:00,10:11:00,132.2,134.3,132.0,134.15,109460
2026-04-01 10:12:00,10:12:00,134.0,135.85,132.4,134.9,109395
2026-04-01 10:13:00,10:13:00,124.3,127.5,124.1,125.65,50830
2026-04-01 10:14:00,10:14:00,125.8,126.7,124.7,126.05,57005
2026-04-01 10:15:00,10:15:00,126.55,127.35,123.95,127.05,42185
2026-04-01 10:16:00,10:16:00,127.65,128.7,125.75,125.75,47060
2026-04-01 10:17:00,10:17:00,126.7,129.4,125.75,128.85,36660
2026-04-01 10:18:00,10:18:00,129.85,130.3,128.75,129.9,32955
2026-04-01 10:19:00,10:19:00,128.5,129.9,124.0,126.05,53885
2026-04-01 10:20:00,10:20:00,137.3,137.9,133.05,133.05,72670
2026-04-01 10:21:00,10:21:00,122.7,130.0,122.6,130.0,36270
2026-04-01 10:22:00,10:22:00,129.85,132.4,129.85,131.8,58175
2026-04-01 10:23:00,10:23:00,132.05,135.95,131.15,135.25,94640
2026-04-01 10:24:00,10:24:00,135.45,137.1,133.05,136.7,61555
2026-04-01 10:25:00,10:25:00,125.45,132.5,125.3,131.6,154895
2026-04-01 10:26:00,10:26:00,131.5,136.9,131.45,136.05,170560
2026-04-01 10:27:00,10:27:00,136.0,139.55,135.35,137.25,173225
2026-04-01 10:28:00,10:28:00,137.4,144.4,137.25,141.55,239200
2026-04-01 10:29:00,10:29:00,141.4,144.9,137.35,137.35,199810
2026-04-01 10:30:00,10:30:00,136.6,144.25,135.0,139.7,182325
2026-04-01 10:31:00,10:31:00,138.1,141.0,137.3,138.3,89830
2026-04-01 10:32:00,10:32:00,137.75,138.3,132.85,133.25,104455
2026-04-01 10:33:00,10:33:00,133.55,140.0,133.25,138.95,107770
2026-04-01 10:34:00,10:34:00,139.35,140.6,137.15,138.7,77480
2026-04-01 10:35:00,10:35:00,138.4,138.7,134.2,134.95,49205
2026-04-01 10:36:00,10:36:00,135.6,136.35,131.9,132.4,67210
2026-04-01 10:37:00,10:37:00,132.05,134.45,131.1,134.45,52780
2026-04-01 10:38:00,10:38:00,133.7,136.85,132.6,134.9,75010
2026-04-01 10:39:00,10:39:00,135.1,136.1,133.2,133.65,39910
2026-04-01 10:40:00,10:40:00,133.25,138.3,133.25,137.15,51350
2026-04-01 10:41:00,10:41:00,136.8,139.0,135.5,138.0,60580
2026-04-01 10:42:00,10:42:00,137.7,142.0,137.7,138.0,114790
2026-04-01 10:43:00,10:43:00,138.0,139.0,132.95,133.75,68575
2026-04-01 10:44:00,10:44:00,135.0,135.9,131.75,134.5,52130
2026-04-01 10:45:00,10:45:00,134.6,136.95,134.5,135.45,33410
2026-04-01 10:46:00,10:46:00,135.65,137.7,134.75,137.15,29965
2026-04-01 10:47:00,10:47:00,137.0,138.05,134.0,134.0,44265
2026-04-01 10:48:00,10:48:00,134.05,134.05,128.7,132.2,126035
2026-04-01 10:49:00,10:49:00,132.1,138.95,132.1,138.0,80275
2026-04-01 10:50:00,10:50:00,137.6,141.55,136.75,140.25,113360
2026-04-01 10:51:00,10:51:00,140.95,142.05,137.0,137.65,92365
2026-04-01 10:52:00,10:52:00,137.3,138.45,134.35,138.35,56030
2026-04-01 10:53:00,10:53:00,138.7,140.8,138.05,138.8,45955
2026-04-01 10:54:00,10:54:00,138.8,139.0,136.35,138.85,41470
2026-04-01 10:55:00,10:55:00,138.4,141.5,137.55,137.75,78455
2026-04-01 10:56:00,10:56:00,138.35,139.8,137.5,139.05,36725
2026-04-01 10:57:00,10:57:00,139.45,141.7,138.15,141.3,55900
2026-04-01 10:58:00,10:58:00,130.5,132.2,129.5,131.9,65975
2026-04-01 10:59:00,10:59:00,130.9,131.9,128.5,131.35,31850
2026-04-01 11:00:00,11:00:00,131.85,132.85,130.55,131.65,43550
2026-04-01 11:01:00,11:01:00,131.0,132.3,130.4,130.7,43875
2026-04-01 11:02:00,11:02:00,130.8,130.8,127.65,129.4,35555
2026-04-01 11:03:00,11:03:00,129.1,132.95,129.1,129.4,37505
2026-04-01 11:04:00,11:04:00,129.95,132.95,129.4,132.2,25610
2026-04-01 11:05:00,11:05:00,131.5,139.15,131.5,138.4,90285
2026-04-01 11:06:00,11:06:00,138.0,139.0,132.45,132.8,60320
2026-04-01 11:07:00,11:07:00,132.8,133.0,129.3,131.65,46605
2026-04-01 11:08:00,11:08:00,143.15,144.15,135.5,136.4,144560
2026-04-01 11:09:00,11:09:00,126.1,131.15,125.05,129.0,25155
2026-04-01 11:10:00,11:10:00,140.4,141.9,132.4,132.8,128310
2026-04-01 11:11:00,11:11:00,132.95,137.5,132.45,137.45,46475
2026-04-01 11:12:00,11:12:00,126.05,129.6,124.95,129.4,30420
2026-04-01 11:13:00,11:13:00,129.35,132.0,129.3,130.65,27560
2026-04-01 11:14:00,11:14:00,130.85,130.95,127.9,128.45,25415
2026-04-01 11:15:00,11:15:00,128.1,132.3,126.8,131.6,35750
2026-04-01 11:16:00,11:16:00,132.25,133.55,129.5,131.9,33605
2026-04-01 11:17:00,11:17:00,131.8,134.1,130.35,130.7,30875
2026-04-01 11:18:00,11:18:00,130.8,131.95,130.0,130.5,15145
2026-04-01 11:19:00,11:19:00,131.0,131.65,127.65,127.65,16575
2026-04-01 11:20:00,11:20:00,127.05,129.85,125.45,126.6,29510
2026-04-01 11:21:00,11:21:00,137.2,137.95,134.6,135.45,63115
2026-04-01 11:22:00,11:22:00,135.8,138.3,134.7,136.95,41990
2026-04-01 11:23:00,11:23:00,126.3,127.65,125.8,127.0,12870
2026-04-01 11:24:00,11:24:00,138.2,138.75,134.8,135.7,25090
2026-04-01 11:25:00,11:25:00,135.35,136.0,134.65,135.2,27820
2026-04-01 11:26:00,11:26:00,134.8,136.0,133.15,134.4,47060
2026-04-01 11:27:00,11:27:00,134.4,135.8,130.85,131.5,69615
2026-04-01 11:28:00,11:28:00,131.35,135.0,130.9,135.0,62985
2026-04-01 11:29:00,11:29:00,134.95,136.25,134.2,134.6,36465
2026-04-01 11:30:00,11:30:00,134.55,135.25,131.3,131.6,36855
2026-04-01 11:31:00,11:31:00,131.35,132.0,127.25,128.5,75790
2026-04-01 11:32:00,11:32:00,129.0,130.45,127.4,129.15,67860
2026-04-01 11:33:00,11:33:00,129.15,131.8,129.15,130.25,41730
2026-04-01 11:34:00,11:34:00,130.0,131.0,129.0,129.55,21255
2026-04-01 11:35:00,11:35:00,129.7,130.2,128.2,128.45,40885
2026-04-01 11:36:00,11:36:00,128.6,130.25,128.05,130.25,23205
2026-04-01 11:37:00,11:37:00,130.5,130.9,126.4,126.4,47905
2026-04-01 11:38:00,11:38:00,126.7,127.7,124.85,126.65,87750
2026-04-01 11:39:00,11:39:00,126.45,126.75,123.45,124.3,69940
2026-04-01 11:40:00,11:40:00,124.6,125.9,123.9,124.0,36400
2026-04-01 11:41:00,11:41:00,123.9,126.0,122.4,122.4,46540
2026-04-01 11:42:00,11:42:00,121.95,126.8,120.6,125.0,102765
2026-04-01 11:43:00,11:43:00,125.65,126.05,123.5,126.0,36335
2026-04-01 11:44:00,11:44:00,126.05,126.7,124.25,126.55,40105
2026-04-01 11:45:00,11:45:00,126.3,129.3,126.3,128.0,152685
2026-04-01 11:46:00,11:46:00,128.35,130.4,127.85,129.95,109850
2026-04-01 11:47:00,11:47:00,119.3,125.45,119.3,125.45,50635
2026-04-01 11:48:00,11:48:00,126.0,130.7,125.45,128.75,66625
2026-04-01 11:49:00,11:49:00,129.5,130.0,127.15,128.05,36270
2026-04-01 11:50:00,11:50:00,127.9,128.75,125.5,128.1,37310
2026-04-01 11:51:00,11:51:00,128.45,128.45,123.8,123.8,48230
2026-04-01 11:52:00,11:52:00,123.3,126.0,122.65,125.3,30420
2026-04-01 11:53:00,11:53:00,124.7,129.25,123.2,129.2,29835
2026-04-01 11:54:00,11:54:00,129.65,130.8,128.6,129.85,32435
2026-04-01 11:55:00,11:55:00,130.25,131.4,129.0,129.0,28145
2026-04-01 11:56:00,11:56:00,129.2,131.2,127.7,127.75,25415
2026-04-01 11:57:00,11:57:00,127.4,129.45,123.85,123.85,39845
2026-04-01 11:58:00,11:58:00,123.1,125.0,122.25,123.85,32045
2026-04-01 11:59:00,11:59:00,134.75,134.75,132.0,133.75,38090
2026-04-01 12:00:00,12:00:00,133.45,134.2,124.85,125.5,128960
2026-04-01 12:01:00,12:01:00,126.0,127.65,123.9,124.7,58695
2026-04-01 12:02:00,12:02:00,125.3,125.75,121.3,122.85,139295
2026-04-01 12:03:00,12:03:00,134.0,134.0,123.8,123.8,89375
2026-04-01 12:04:00,12:04:00,124.6,128.75,123.65,127.1,55900
2026-04-01 12:05:00,12:05:00,127.2,128.85,126.35,128.2,26000
2026-04-01 12:06:00,12:06:00,127.75,129.0,125.75,125.95,26845
2026-04-01 12:07:00,12:07:00,126.5,127.65,125.25,125.85,26260
2026-04-01 12:08:00,12:08:00,125.25,127.3,123.4,127.3,36660
2026-04-01 12:09:00,12:09:00,127.3,127.3,124.6,126.25,28080
2026-04-01 12:10:00,12:10:00,125.65,129.0,125.3,126.95,26975
2026-04-01 12:11:00,12:11:00,127.8,127.85,122.65,122.9,27040
2026-04-01 12:12:00,12:12:00,122.6,122.9,119.6,122.0,54210
2026-04-01 12:13:00,12:13:00,121.8,124.95,121.55,123.0,24310
2026-04-01 12:14:00,12:14:00,123.4,123.6,120.6,121.7,24895
2026-04-01 12:15:00,12:15:00,121.65,124.8,121.35,123.85,21645
2026-04-01 12:16:00,12:16:00,124.0,125.65,122.05,123.1,26910
2026-04-01 12:17:00,12:17:00,122.65,125.0,121.15,124.5,12740
2026-04-01 12:18:00,12:18:00,124.35,125.8,123.6,124.6,25155
2026-04-01 12:19:00,12:19:00,124.05,125.05,123.15,123.9,21710
2026-04-01 12:20:00,12:20:00,123.45,125.5,123.45,123.6,26520
2026-04-01 12:21:00,12:21:00,123.75,125.45,122.3,123.8,35555
2026-04-01 12:22:00,12:22:00,123.6,124.0,120.7,122.15,29900
2026-04-01 12:23:00,12:23:00,123.05,123.9,122.15,122.55,15795
2026-04-01 12:24:00,12:24:00,122.0,124.0,122.0,123.75,10270
2026-04-01 12:25:00,12:25:00,123.9,125.15,123.2,123.65,23400
2026-04-01 12:26:00,12:26:00,123.75,124.95,123.0,124.0,8515
2026-04-01 12:27:00,12:27:00,114.2,115.4,113.5,114.75,34905
2026-04-01 12:28:00,12:28:00,114.6,116.0,114.3,114.8,44395
2026-04-01 12:29:00,12:29:00,125.05,125.4,121.35,122.5,38870
2026-04-01 12:30:00,12:30:00,122.4,124.15,119.75,123.65,34255
2026-04-01 12:31:00,12:31:00,123.0,123.65,121.35,122.4,16445
2026-04-01 12:32:00,12:32:00,122.65,126.8,122.4,125.9,23725
2026-04-01 12:33:00,12:33:00,125.75,126.45,124.25,125.4,10660
2026-04-01 12:34:00,12:34:00,125.25,125.9,124.05,124.55,21255
2026-04-01 12:35:00,12:35:00,114.1,116.7,113.65,116.25,25090
2026-04-01 12:36:00,12:36:00,116.15,116.6,114.65,115.15,39520
2026-04-01 12:37:00,12:37:00,125.45,125.8,123.0,123.25,22815
2026-04-01 12:38:00,12:38:00,123.5,124.35,121.85,122.15,18070
2026-04-01 12:39:00,12:39:00,121.75,122.85,120.1,120.1,24960
2026-04-01 12:40:00,12:40:00,120.3,120.75,118.15,120.7,39195
2026-04-01 12:41:00,12:41:00,120.9,124.0,120.7,122.25,26975
2026-04-01 12:42:00,12:42:00,122.5,123.1,122.15,122.2,9360
2026-04-01 12:43:00,12:43:00,122.0,123.0,121.1,122.2,13910
2026-04-01 12:44:00,12:44:00,122.4,122.4,121.4,121.7,4940
2026-04-01 12:45:00,12:45:00,121.5,121.7,118.05,119.25,25935
2026-04-01 12:46:00,12:46:00,118.9,119.25,117.1,117.7,25025
2026-04-01 12:47:00,12:47:00,117.7,118.05,115.7,115.9,29055
2026-04-01 12:48:00,12:48:00,126.65,127.85,123.8,124.0,46475
2026-04-01 12:49:00,12:49:00,113.6,116.25,113.6,116.0,17095
2026-04-01 12:50:00,12:50:00,116.7,117.0,115.6,115.9,10530
2026-04-01 12:51:00,12:51:00,116.1,117.5,115.55,117.5,13650
2026-04-01 12:52:00,12:52:00,117.5,118.1,115.5,115.5,17745
2026-04-01 12:53:00,12:53:00,115.25,115.6,114.0,114.6,16900
2026-04-01 12:54:00,12:54:00,114.15,114.9,113.6,114.1,9490
2026-04-01 12:55:00,12:55:00,114.55,115.4,114.0,114.55,4875
2026-04-01 12:56:00,12:56:00,114.65,117.6,114.3,116.9,16380
2026-04-01 12:57:00,12:57:00,117.1,117.1,114.0,114.45,16120
2026-04-01 12:58:00,12:58:00,114.6,115.35,114.4,114.7,7410
2026-04-01 12:59:00,12:59:00,114.85,115.6,112.9,114.9,14300
2026-04-01 13:00:00,13:00:00,115.0,115.35,112.9,113.25,10530
2026-04-01 13:01:00,13:01:00,113.5,114.45,113.05,113.4,4485
2026-04-01 13:02:00,13:02:00,113.35,113.85,112.0,112.95,11895
2026-04-01 13:03:00,13:03:00,113.15,115.9,112.95,114.55,14040
2026-04-01 13:04:00,13:04:00,114.3,114.9,113.8,114.4,7735
2026-04-01 13:05:00,13:05:00,114.1,114.45,113.15,113.95,5785
2026-04-01 13:06:00,13:06:00,114.1,114.95,112.55,112.55,6045
2026-04-01 13:07:00,13:07:00,112.6,112.6,110.7,111.6,76830
2026-04-01 13:08:00,13:08:00,121.55,122.0,119.8,120.05,100685
2026-04-01 13:09:00,13:09:00,110.4,112.8,109.55,112.8,20020
2026-04-01 13:10:00,13:10:00,112.75,113.55,112.25,112.85,11375
2026-04-01 13:11:00,13:11:00,113.8,117.5,112.85,117.25,23660
2026-04-01 13:12:00,13:12:00,117.6,118.1,115.6,116.75,35490
2026-04-01 13:13:00,13:13:00,117.15,117.15,113.0,113.0,28470
2026-04-01 13:14:00,13:14:00,124.0,124.0,119.15,119.15,111995
2026-04-01 13:15:00,13:15:00,118.95,120.85,117.25,120.7,80535
2026-04-01 13:16:00,13:16:00,110.4,112.4,110.35,112.2,22230
2026-04-01 13:17:00,13:17:00,122.55,123.9,121.0,121.4,33735
2026-04-01 13:18:00,13:18:00,111.35,115.1,111.35,114.7,19435
2026-04-01 13:19:00,13:19:00,115.05,119.5,114.7,118.75,58435
2026-04-01 13:20:00,13:20:00,118.9,120.95,118.25,120.15,50960
2026-04-01 13:21:00,13:21:00,120.6,123.35,119.45,119.75,70135
2026-04-01 13:22:00,13:22:00,109.6,113.4,108.25,112.95,89375
2026-04-01 13:23:00,13:23:00,113.35,115.8,112.7,113.6,167115
2026-04-01 13:24:00,13:24:00,113.9,115.5,113.6,115.4,60645
2026-04-01 13:25:00,13:25:00,115.2,119.6,113.95,118.9,109980
2026-04-01 13:26:00,13:26:00,119.0,120.0,117.25,119.05,121875
2026-04-01 13:27:00,13:27:00,119.1,121.35,116.4,116.75,106600
2026-04-01 13:28:00,13:28:00,117.0,119.25,115.65,119.25,73905
2026-04-01 13:29:00,13:29:00,120.2,121.6,117.5,119.25,140985
2026-04-01 13:30:00,13:30:00,119.45,125.45,119.0,124.55,108615
2026-04-01 13:31:00,13:31:00,114.35,119.35,114.25,118.35,107315
2026-04-01 13:32:00,13:32:00,118.6,121.8,116.1,118.5,67925
2026-04-01 13:33:00,13:33:00,118.45,119.6,115.6,116.2,35815
2026-04-01 13:34:00,13:34:00,126.5,127.5,123.4,127.25,79885
2026-04-01 13:35:00,13:35:00,116.6,120.4,116.6,120.4,37960
2026-04-01 13:36:00,13:36:00,119.3,122.8,118.9,121.5,59995
2026-04-01 13:37:00,13:37:00,120.75,124.15,120.55,122.4,47840
2026-04-01 13:38:00,13:38:00,122.6,122.6,118.1,120.6,59280
2026-04-01 13:39:00,13:39:00,120.0,122.85,117.65,119.7,42055
2026-04-01 13:40:00,13:40:00,111.0,123.6,109.95,122.65,278330
2026-04-01 13:41:00,13:41:00,112.3,128.1,112.15,127.8,249600
2026-04-01 13:42:00,13:42:00,138.2,139.0,132.6,133.75,208975
2026-04-01 13:43:00,13:43:00,121.0,135.0,119.0,134.05,153725
2026-04-01 13:44:00,13:44:00,146.4,146.4,138.25,140.45,501085
2026-04-01 13:45:00,13:45:00,139.7,146.0,133.75,133.75,256425
2026-04-01 13:46:00,13:46:00,134.65,137.5,132.5,135.7,134095
2026-04-01 13:47:00,13:47:00,135.6,135.8,129.0,130.2,135915
2026-04-01 13:48:00,13:48:00,130.1,130.6,125.0,125.0,171600
2026-04-01 13:49:00,13:49:00,125.0,130.5,124.1,129.5,150020
2026-04-01 13:50:00,13:50:00,130.45,131.9,127.05,128.0,102895
2026-04-01 13:51:00,13:51:00,127.85,132.3,127.85,129.45,84435
2026-04-01 13:52:00,13:52:00,128.9,129.45,125.8,127.0,62140
2026-04-01 13:53:00,13:53:00,127.25,127.45,122.0,127.0,99450
2026-04-01 13:54:00,13:54:00,126.7,129.05,125.85,128.45,64610
2026-04-01 13:55:00,13:55:00,128.6,131.8,127.25,127.25,108030
2026-04-01 13:56:00,13:56:00,126.7,128.8,124.0,126.6,105170
2026-04-01 13:57:00,13:57:00,126.45,127.95,119.55,123.65,125515
2026-04-01 13:58:00,13:58:00,124.25,125.0,120.6,123.45,54860
2026-04-01 13:59:00,13:59:00,123.45,128.65,123.0,126.05,71045
2026-04-01 14:00:00,14:00:00,125.6,128.75,124.55,128.75,52780
2026-04-01 14:01:00,14:01:00,128.95,131.9,128.75,129.4,89180
2026-04-01 14:02:00,14:02:00,129.1,129.4,121.6,122.35,79235
2026-04-01 14:03:00,14:03:00,122.0,122.35,116.9,120.25,127595
2026-04-01 14:04:00,14:04:00,120.3,121.0,118.25,120.35,57915
2026-04-01 14:05:00,14:05:00,119.9,122.1,118.4,122.1,37050
2026-04-01 14:06:00,14:06:00,133.0,134.4,129.0,130.2,18915
2026-04-01 14:07:00,14:07:00,118.95,122.15,116.3,120.85,84760
2026-04-01 14:08:00,14:08:00,120.7,121.0,117.0,117.05,33605
2026-04-01 14:09:00,14:09:00,127.6,128.15,123.45,123.9,47580
2026-04-01 14:10:00,14:10:00,124.35,128.65,123.9,128.6,31590
2026-04-01 14:11:00,14:11:00,128.4,128.6,122.85,122.85,25155
2026-04-01 14:12:00,14:12:00,124.4,127.8,122.85,123.05,16705
2026-04-01 14:13:00,14:13:00,123.7,127.4,123.05,124.75,16185
2026-04-01 14:14:00,14:14:00,124.0,124.75,118.55,120.95,40040
2026-04-01 14:15:00,14:15:00,120.4,123.05,119.65,122.2,36595
2026-04-01 14:16:00,14:16:00,122.8,129.5,122.2,129.5,35555
2026-04-01 14:17:00,14:17:00,129.3,129.5,127.0,127.95,49595
2026-04-01 14:18:00,14:18:00,128.35,130.0,127.0,129.2,26000
2026-04-01 14:19:00,14:19:00,129.0,129.5,123.6,124.35,26260
2026-04-01 14:20:00,14:20:00,125.45,126.95,123.95,125.95,23205
2026-04-01 14:21:00,14:21:00,116.0,119.7,114.8,118.95,64870
2026-04-01 14:22:00,14:22:00,130.55,132.9,127.1,130.3,49920
2026-04-01 14:23:00,14:23:00,130.55,131.2,125.35,126.3,37570
2026-04-01 14:24:00,14:24:00,116.05,124.4,115.7,121.0,100360
2026-04-01 14:25:00,14:25:00,132.0,133.5,128.1,128.8,36335
2026-04-01 14:26:00,14:26:00,128.5,129.45,125.0,127.95,28405
2026-04-01 14:27:00,14:27:00,127.15,128.0,125.05,128.0,21255
2026-04-01 14:28:00,14:28:00,126.75,129.3,125.9,127.2,15665
2026-04-01 14:29:00,14:29:00,126.85,127.2,124.4,124.4,31330
2026-04-01 14:30:00,14:30:00,114.75,118.55,113.45,117.35,60125
2026-04-01 14:31:00,14:31:00,128.9,131.0,125.05,126.4,33085
2026-04-01 14:32:00,14:32:00,116.25,118.9,115.45,117.6,26650
2026-04-01 14:33:00,14:33:00,117.3,122.4,117.3,122.4,59280
2026-04-01 14:34:00,14:34:00,122.7,123.35,119.8,121.4,59735
2026-04-01 14:35:00,14:35:00,122.0,125.0,121.4,122.75,82290
2026-04-01 14:36:00,14:36:00,122.85,127.6,122.2,126.3,98670
2026-04-01 14:37:00,14:37:00,115.95,118.5,115.55,118.5,57395
2026-04-01 14:38:00,14:38:00,118.5,121.3,117.6,118.15,70590
2026-04-01 14:39:00,14:39:00,116.9,120.0,116.4,119.5,38740
2026-04-01 14:40:00,14:40:00,120.15,125.65,119.5,125.4,85735
2026-04-01 14:41:00,14:41:00,125.95,127.0,117.35,119.35,97305
2026-04-01 14:42:00,14:42:00,119.5,122.15,117.1,119.85,41730
2026-04-01 14:43:00,14:43:00,131.0,133.3,126.15,126.15,81380
2026-04-01 14:44:00,14:44:00,115.7,121.75,115.05,121.15,64675
2026-04-01 14:45:00,14:45:00,122.0,123.9,120.75,123.75,47385
2026-04-01 14:46:00,14:46:00,124.25,128.9,123.75,125.3,80405
2026-04-01 14:47:00,14:47:00,125.35,128.2,124.45,124.85,41860
2026-04-01 14:48:00,14:48:00,114.5,123.65,114.2,121.5,183625
2026-04-01 14:49:00,14:49:00,133.3,134.5,127.7,129.85,73515
2026-04-01 14:50:00,14:50:00,128.7,130.05,126.4,128.6,42965
2026-04-01 14:51:00,14:51:00,129.35,131.15,127.8,129.75,41860
2026-04-01 14:52:00,14:52:00,129.6,131.0,119.7,119.7,88075
2026-04-01 14:53:00,14:53:00,119.0,124.95,118.3,121.05,76830
2026-04-01 14:54:00,14:54:00,121.4,124.3,120.7,120.7,22945
2026-04-01 14:55:00,14:55:00,133.05,134.5,121.75,123.7,166530
2026-04-01 14:56:00,14:56:00,124.65,126.3,122.9,126.0,72150
2026-04-01 14:57:00,14:57:00,114.7,116.3,113.5,114.0,25285
2026-04-01 14:58:00,14:58:00,114.3,117.95,113.8,117.5,32760
2026-04-01 14:59:00,14:59:00,117.9,122.2,117.3,120.45,51090
2026-04-01 15:00:00,15:00:00,129.9,131.7,120.25,120.3,154895
2026-04-01 15:01:00,15:01:00,119.85,125.05,118.65,123.65,139035
2026-04-01 15:02:00,15:02:00,123.75,126.0,120.75,125.85,64935
2026-04-01 15:03:00,15:03:00,115.5,120.9,115.1,116.35,43550
2026-04-01 15:04:00,15:04:00,127.0,128.95,123.05,128.8,73515
2026-04-01 15:05:00,15:05:00,117.3,118.8,116.15,117.6,28925
2026-04-01 15:06:00,15:06:00,127.05,129.6,126.35,128.0,51285
2026-04-01 15:07:00,15:07:00,116.75,118.8,116.45,118.5,14040
2026-04-01 15:08:00,15:08:00,118.25,120.1,117.25,117.65,15210
2026-04-01 15:09:00,15:09:00,128.75,130.9,126.35,127.1,52845
2026-04-01 15:10:00,15:10:00,126.8,129.05,124.75,127.75,73320
2026-04-01 15:11:00,15:11:00,127.95,129.6,126.3,128.75,41470
2026-04-01 15:12:00,15:12:00,127.4,129.4,126.65,128.45,33995
2026-04-01 15:13:00,15:13:00,128.05,128.75,126.75,128.05,22425
2026-04-01 15:14:00,15:14:00,117.4,119.75,117.05,119.35,18590
2026-04-01 15:15:00,15:15:00,130.15,131.4,129.2,130.05,51805
2026-04-01 15:16:00,15:16:00,118.65,121.55,118.1,118.4,29445
2026-04-01 15:17:00,15:17:00,129.35,130.5,127.0,127.5,39910
2026-04-01 15:18:00,15:18:00,126.2,128.35,124.6,126.6,66885
2026-04-01 15:19:00,15:19:00,125.55,128.3,125.3,127.9,41340
2026-04-01 15:20:00,15:20:00,127.2,128.0,126.5,126.5,53430
2026-04-01 15:21:00,15:21:00,126.3,127.7,125.7,126.3,32240
2026-04-01 15:22:00,15:22:00,126.65,127.4,125.15,127.2,55055
2026-04-01 15:23:00,15:23:00,126.55,127.4,125.6,126.8,31655
2026-04-01 15:24:00,15:24:00,126.6,127.35,125.75,125.8,40755
2026-04-01 15:25:00,15:25:00,125.8,127.0,125.1,126.75,62400
2026-04-01 15:26:00,15:26:00,126.7,126.75,122.95,123.15,69615
2026-04-01 15:27:00,15:27:00,123.0,123.85,120.2,122.35,96785
2026-04-01 15:28:00,15:28:00,122.5,125.35,122.35,125.35,83265
2026-04-01 15:29:00,15:29:00,125.8,125.8,116.8,116.8,110565
2026-04-02 09:15:00,09:15:00,212.8,277.7,193.45,277.7,1372410
2026-04-02 09:16:00,09:16:00,297.45,311.75,284.6,288.9,1024270
2026-04-02 09:17:00,09:17:00,288.6,296.5,285.55,292.2,609765
2026-04-02 09:18:00,09:18:00,292.4,298.4,290.7,294.7,448695
2026-04-02 09:19:00,09:19:00,294.35,306.3,294.3,301.7,705835
2026-04-02 09:20:00,09:20:00,301.0,306.0,297.25,299.7,536640
2026-04-02 09:21:00,09:21:00,300.5,306.0,297.75,302.35,384930
2026-04-02 09:22:00,09:22:00,302.4,308.0,300.7,302.3,392015
2026-04-02 09:23:00,09:23:00,303.75,304.3,289.1,295.5,431210
2026-04-02 09:24:00,09:24:00,296.1,299.3,291.35,291.35,329225
2026-04-02 09:25:00,09:25:00,291.8,293.9,288.0,290.6,320060
2026-04-02 09:26:00,09:26:00,290.55,302.15,290.3,301.05,489320
2026-04-02 09:27:00,09:27:00,301.55,302.0,294.7,296.45,285675
2026-04-02 09:28:00,09:28:00,297.35,300.75,296.1,300.65,208910
2026-04-02 09:29:00,09:29:00,300.65,301.5,295.0,298.25,202410
2026-04-02 09:30:00,09:30:00,298.25,299.65,287.9,291.3,289705
2026-04-02 09:31:00,09:31:00,290.1,294.15,284.0,294.15,311935
2026-04-02 09:32:00,09:32:00,293.55,294.95,289.65,294.95,228800
2026-04-02 09:33:00,09:33:00,295.0,300.0,294.9,299.15,331110
2026-04-02 09:34:00,09:34:00,298.7,299.15,292.35,293.75,195260
2026-04-02 09:35:00,09:35:00,295.15,297.8,293.75,297.8,145665
2026-04-02 09:36:00,09:36:00,298.25,298.55,286.05,287.5,343915
2026-04-02 09:37:00,09:37:00,310.85,311.5,299.05,303.95,583245
2026-04-02 09:38:00,09:38:00,303.7,312.0,303.7,309.05,418925
2026-04-02 09:39:00,09:39:00,285.05,298.05,285.05,296.4,444210
2026-04-02 09:40:00,09:40:00,297.15,300.5,293.05,295.35,445900
2026-04-02 09:41:00,09:41:00,291.55,295.35,285.05,290.05,314730
2026-04-02 09:42:00,09:42:00,290.0,298.2,288.95,296.0,269815
2026-04-02 09:43:00,09:43:00,296.6,297.55,290.65,295.5,190645
2026-04-02 09:44:00,09:44:00,295.1,298.5,292.0,292.0,218010
2026-04-02 09:45:00,09:45:00,292.95,292.95,287.05,287.3,266110
2026-04-02 09:46:00,09:46:00,288.6,296.35,287.3,296.35,258700
2026-04-02 09:47:00,09:47:00,296.9,297.85,294.15,296.95,167245
2026-04-02 09:48:00,09:48:00,296.15,304.1,296.15,304.1,513045
2026-04-02 09:49:00,09:49:00,304.05,307.6,302.55,305.6,441870
2026-04-02 09:50:00,09:50:00,305.1,307.55,301.5,303.75,384345
2026-04-02 09:51:00,09:51:00,304.0,310.0,303.75,309.45,300820
2026-04-02 09:52:00,09:52:00,287.8,295.45,287.5,295.4,778050
2026-04-02 09:53:00,09:53:00,318.95,319.7,312.3,312.8,557570
2026-04-02 09:54:00,09:54:00,289.9,295.45,289.2,293.55,388765
2026-04-02 09:55:00,09:55:00,293.3,296.1,290.0,290.25,409890
2026-04-02 09:56:00,09:56:00,290.4,293.0,286.25,291.85,324415
2026-04-02 09:57:00,09:57:00,291.75,296.0,291.75,295.0,340990
2026-04-02 09:58:00,09:58:00,295.4,299.0,295.0,297.3,389415
2026-04-02 09:59:00,09:59:00,297.9,301.0,297.3,301.0,559260
2026-04-02 10:00:00,10:00:00,301.15,308.3,296.7,298.25,1222455
2026-04-02 10:01:00,10:01:00,320.0,321.05,309.4,310.75,326235
2026-04-02 10:02:00,10:02:00,289.75,294.5,287.95,293.55,401505
2026-04-02 10:03:00,10:03:00,292.5,298.4,287.2,296.8,468585
2026-04-02 10:04:00,10:04:00,297.0,299.0,295.15,296.75,376870
2026-04-02 10:05:00,10:05:00,296.7,300.0,296.5,298.25,234260
2026-04-02 10:06:00,10:06:00,298.2,307.0,298.2,307.0,633360
2026-04-02 10:07:00,10:07:00,307.5,309.55,299.15,299.5,809055
2026-04-02 10:08:00,10:08:00,300.45,308.75,299.5,304.75,488215
2026-04-02 10:09:00,10:09:00,305.15,309.55,304.35,308.6,309140
2026-04-02 10:10:00,10:10:00,309.6,309.6,306.0,306.0,347945
2026-04-02 10:11:00,10:11:00,306.9,306.9,301.0,302.75,399750
2026-04-02 10:12:00,10:12:00,302.9,304.05,298.35,301.7,333515
2026-04-02 10:13:00,10:13:00,301.65,302.5,292.5,294.45,437385
2026-04-02 10:14:00,10:14:00,317.55,317.8,305.2,308.35,288405
2026-04-02 10:15:00,10:15:00,286.05,295.6,285.6,290.05,588705
2026-04-02 10:16:00,10:16:00,289.85,298.1,289.85,297.75,421525
2026-04-02 10:17:00,10:17:00,298.3,302.65,297.5,301.35,517270
2026-04-02 10:18:00,10:18:00,302.5,305.0,294.45,296.5,535080
2026-04-02 10:19:00,10:19:00,297.6,301.25,296.4,296.4,218075
2026-04-02 10:20:00,10:20:00,296.35,297.1,286.7,288.35,410280
2026-04-02 10:21:00,10:21:00,287.4,296.0,286.8,294.75,285220
2026-04-02 10:22:00,10:22:00,295.15,300.2,294.75,298.45,335400
2026-04-02 10:23:00,10:23:00,298.2,302.45,296.95,298.5,325845
2026-04-02 10:24:00,10:24:00,299.25,303.0,298.5,302.4,249990
2026-04-02 10:25:00,10:25:00,303.1,303.4,294.75,294.75,374010
2026-04-02 10:26:00,10:26:00,295.2,298.7,290.2,295.0,309010
2026-04-02 10:27:00,10:27:00,294.85,295.0,288.8,289.3,225160
2026-04-02 10:28:00,10:28:00,289.3,294.95,289.2,290.95,270010
2026-04-02 10:29:00,10:29:00,290.65,292.55,289.75,290.3,191945
2026-04-02 10:30:00,10:30:00,290.0,293.55,286.95,289.85,373685
2026-04-02 10:31:00,10:31:00,290.5,292.25,285.3,285.3,271960
2026-04-02 10:32:00,10:32:00,284.15,288.6,283.85,287.5,314210
2026-04-02 10:33:00,10:33:00,287.85,292.0,283.5,291.4,236405
2026-04-02 10:34:00,10:34:00,291.5,294.45,291.3,292.95,293865
2026-04-02 10:35:00,10:35:00,292.25,295.5,290.8,295.2,263055
2026-04-02 10:36:00,10:36:00,294.85,295.6,288.0,291.2,218400
2026-04-02 10:37:00,10:37:00,291.7,294.3,285.0,286.1,223535
2026-04-02 10:38:00,10:38:00,287.0,289.0,286.0,287.6,112320
2026-04-02 10:39:00,10:39:00,288.4,289.45,287.55,288.3,89245
2026-04-02 10:40:00,10:40:00,310.8,310.8,302.25,303.4,287170
2026-04-02 10:41:00,10:41:00,280.6,289.1,279.8,287.2,390130
2026-04-02 10:42:00,10:42:00,309.75,310.2,302.1,304.2,111085
2026-04-02 10:43:00,10:43:00,303.75,310.0,302.55,303.5,81055
2026-04-02 10:44:00,10:44:00,280.5,287.0,280.15,286.0,171145
2026-04-02 10:45:00,10:45:00,286.0,287.0,284.0,285.4,177190
2026-04-02 10:46:00,10:46:00,285.95,290.65,284.25,290.25,255775
2026-04-02 10:47:00,10:47:00,289.65,299.85,289.65,299.7,775255
2026-04-02 10:48:00,10:48:00,299.15,300.9,297.55,298.95,413725
2026-04-02 10:49:00,10:49:00,298.3,298.55,292.65,295.15,313690
2026-04-02 10:50:00,10:50:00,295.7,296.8,293.85,295.1,174850
2026-04-02 10:51:00,10:51:00,294.1,295.85,292.95,295.0,108030
2026-04-02 10:52:00,10:52:00,295.0,295.9,293.1,295.9,102375
2026-04-02 10:53:00,10:53:00,317.4,319.25,304.5,305.9,211705
2026-04-02 10:54:00,10:54:00,302.1,308.05,300.35,306.15,262210
2026-04-02 10:55:00,10:55:00,306.6,310.05,303.75,305.15,153985
2026-04-02 10:56:00,10:56:00,304.65,305.15,296.65,296.65,192400
2026-04-02 10:57:00,10:57:00,297.2,300.15,293.5,299.65,241280
2026-04-02 10:58:00,10:58:00,299.65,301.95,295.55,301.95,172055
2026-04-02 10:59:00,10:59:00,302.6,304.15,296.0,296.0,187005
2026-04-02 11:00:00,11:00:00,295.0,298.25,292.95,298.1,281645
2026-04-02 11:01:00,11:01:00,296.95,303.75,296.95,301.5,183040
2026-04-02 11:02:00,11:02:00,301.95,303.05,295.35,297.0,135915
2026-04-02 11:03:00,11:03:00,295.3,303.0,295.0,300.65,134420
2026-04-02 11:04:00,11:04:00,300.75,302.0,298.55,300.0,63960
2026-04-02 11:05:00,11:05:00,299.75,300.75,296.7,297.55,79365
2026-04-02 11:06:00,11:06:00,296.75,304.2,296.75,299.65,95875
2026-04-02 11:07:00,11:07:00,298.55,302.5,298.55,301.3,72475
2026-04-02 11:08:00,11:08:00,300.7,305.45,297.1,305.45,134745
2026-04-02 11:09:00,11:09:00,307.8,308.05,300.85,302.6,297050
2026-04-02 11:10:00,11:10:00,303.4,309.15,302.6,306.5,212420
2026-04-02 11:11:00,11:11:00,306.1,308.65,305.55,306.9,92755
2026-04-02 11:12:00,11:12:00,283.8,284.35,281.2,284.35,149890
2026-04-02 11:13:00,11:13:00,307.4,309.65,306.15,306.25,146510
2026-04-02 11:14:00,11:14:00,306.0,308.8,304.35,306.05,85540
2026-04-02 11:15:00,11:15:00,283.05,284.85,281.5,284.25,125125
2026-04-02 11:16:00,11:16:00,307.3,308.95,305.55,308.25,104780
2026-04-02 11:17:00,11:17:00,284.9,292.7,283.5,290.8,603785
2026-04-02 11:18:00,11:18:00,290.05,291.4,285.05,286.1,297115
2026-04-02 11:19:00,11:19:00,286.1,290.6,285.25,288.8,146055
2026-04-02 11:20:00,11:20:00,289.0,292.5,288.15,289.05,233480
2026-04-02 11:21:00,11:21:00,289.6,290.6,288.65,288.7,114205
2026-04-02 11:22:00,11:22:00,289.3,290.6,287.05,287.85,136435
2026-04-02 11:23:00,11:23:00,286.95,289.65,286.9,287.6,130455
2026-04-02 11:24:00,11:24:00,287.0,293.0,287.0,291.8,278850
2026-04-02 11:25:00,11:25:00,291.6,292.45,289.35,290.5,136110
2026-04-02 11:26:00,11:26:00,290.1,292.65,285.0,292.05,253370
2026-04-02 11:27:00,11:27:00,292.65,294.65,291.35,292.9,329160
2026-04-02 11:28:00,11:28:00,292.15,295.4,292.1,295.4,219635
2026-04-02 11:29:00,11:29:00,295.5,296.5,293.5,295.35,266955
2026-04-02 11:30:00,11:30:00,294.15,295.6,292.1,292.35,183625
2026-04-02 11:31:00,11:31:00,292.05,293.0,288.85,290.1,240565
2026-04-02 11:32:00,11:32:00,291.4,292.8,284.7,287.65,252395
2026-04-02 11:33:00,11:33:00,287.65,289.7,284.2,289.65,180050
2026-04-02 11:34:00,11:34:00,289.1,290.5,285.35,286.05,146315
2026-04-02 11:35:00,11:35:00,309.8,309.9,302.75,303.95,158730
2026-04-02 11:36:00,11:36:00,304.25,304.25,298.35,299.4,148005
2026-04-02 11:37:00,11:37:00,299.05,302.15,298.9,299.55,103805
2026-04-02 11:38:00,11:38:00,299.0,301.7,299.0,300.8,70785
2026-04-02 11:39:00,11:39:00,300.8,301.7,298.8,300.1,66365
2026-04-02 11:40:00,11:40:00,299.85,302.7,299.4,301.75,65325
2026-04-02 11:41:00,11:41:00,301.9,306.9,301.4,304.65,126230
2026-04-02 11:42:00,11:42:00,281.25,283.45,280.35,282.6,124995
2026-04-02 11:43:00,11:43:00,305.8,306.6,303.8,304.0,53560
2026-04-02 11:44:00,11:44:00,280.55,283.7,280.55,282.3,135655
2026-04-02 11:45:00,11:45:00,304.95,305.55,301.3,301.6,70330
2026-04-02 11:46:00,11:46:00,301.4,303.2,300.55,300.55,62335
2026-04-02 11:47:00,11:47:00,300.7,301.1,295.45,295.45,191230
2026-04-02 11:48:00,11:48:00,295.25,300.95,295.25,296.4,145600
2026-04-02 11:49:00,11:49:00,296.4,300.05,295.85,298.1,110955
2026-04-02 11:50:00,11:50:00,298.4,298.4,295.15,297.35,82745
2026-04-02 11:51:00,11:51:00,296.85,297.8,292.0,292.0,207675
2026-04-02 11:52:00,11:52:00,292.5,296.5,290.75,296.5,219635
2026-04-02 11:53:00,11:53:00,296.0,297.85,292.0,292.0,135850
2026-04-02 11:54:00,11:54:00,292.45,296.05,291.55,294.2,94770
2026-04-02 11:55:00,11:55:00,293.9,295.05,293.0,294.4,69420
2026-04-02 11:56:00,11:56:00,294.5,295.0,292.35,292.35,65910
2026-04-02 11:57:00,11:57:00,312.9,316.35,298.75,300.95,499460
2026-04-02 11:58:00,11:58:00,300.35,300.95,287.3,287.3,512590
2026-04-02 11:59:00,11:59:00,287.65,301.55,286.5,300.1,659880
2026-04-02 12:00:00,12:00:00,300.85,301.0,296.9,300.75,294905
2026-04-02 12:01:00,12:01:00,278.15,282.95,276.35,281.2,168675
2026-04-02 12:02:00,12:02:00,281.8,288.25,280.95,286.65,298740
2026-04-02 12:03:00,12:03:00,309.9,309.95,302.4,302.95,202410
2026-04-02 12:04:00,12:04:00,280.55,285.8,279.6,285.2,127140
2026-04-02 12:05:00,12:05:00,285.15,291.4,285.0,290.6,246025
2026-04-02 12:06:00,12:06:00,290.8,292.4,288.3,292.4,241800
2026-04-02 12:07:00,12:07:00,292.05,295.0,291.95,292.8,251030
2026-04-02 12:08:00,12:08:00,292.75,293.85,284.1,285.75,228475
2026-04-02 12:09:00,12:09:00,285.75,287.1,283.25,284.55,124995
2026-04-02 12:10:00,12:10:00,284.7,285.0,283.1,284.25,97630
2026-04-02 12:11:00,12:11:00,284.35,285.45,278.3,284.4,195455
2026-04-02 12:12:00,12:12:00,284.4,284.4,281.15,282.3,81770
2026-04-02 12:13:00,12:13:00,281.4,284.5,279.1,284.5,98345
2026-04-02 12:14:00,12:14:00,284.35,285.9,281.45,281.45,120835
2026-04-02 12:15:00,12:15:00,281.8,284.6,281.45,282.0,74685
2026-04-02 12:16:00,12:16:00,281.9,284.5,281.0,282.7,59345
2026-04-02 12:17:00,12:17:00,282.35,285.0,282.35,283.7,85865
2026-04-02 12:18:00,12:18:00,282.45,284.6,281.6,282.55,65130
2026-04-02 12:19:00,12:19:00,283.1,288.3,281.35,284.9,75140
2026-04-02 12:20:00,12:20:00,285.15,290.3,283.15,290.3,109915
2026-04-02 12:21:00,12:21:00,290.5,299.0,289.55,294.25,441220
2026-04-02 12:22:00,12:22:00,295.5,297.65,290.8,291.4,221000
2026-04-02 12:23:00,12:23:00,293.4,293.4,288.6,290.85,126230
2026-04-02 12:24:00,12:24:00,289.5,290.85,283.6,287.4,201240
2026-04-02 12:25:00,12:25:00,288.15,289.0,285.1,287.1,107575
2026-04-02 12:26:00,12:26:00,310.5,311.0,299.0,300.85,327860
2026-04-02 12:27:00,12:27:00,278.4,284.05,277.05,283.85,140595
2026-04-02 12:28:00,12:28:00,306.35,307.25,302.55,302.9,85150
2026-04-02 12:29:00,12:29:00,302.3,303.6,294.1,294.1,241540
2026-04-02 12:30:00,12:30:00,293.1,294.1,290.65,291.2,433745
2026-04-02 12:31:00,12:31:00,291.0,298.45,289.3,296.05,353210
2026-04-02 12:32:00,12:32:00,295.0,296.75,285.35,285.35,341835
2026-04-02 12:33:00,12:33:00,285.7,286.1,278.6,284.25,600080
2026-04-02 12:34:00,12:34:00,284.0,285.8,282.3,282.75,210665
2026-04-02 12:35:00,12:35:00,305.25,309.75,299.55,301.65,137670
2026-04-02 12:36:00,12:36:00,301.75,302.1,291.55,291.55,179855
2026-04-02 12:37:00,12:37:00,290.7,297.3,285.6,297.15,329615
2026-04-02 12:38:00,12:38:00,297.05,297.3,290.2,290.5,158665
2026-04-02 12:39:00,12:39:00,289.75,296.15,288.8,295.55,138905
2026-04-02 12:40:00,12:40:00,295.35,295.55,290.75,291.65,128050
2026-04-02 12:41:00,12:41:00,292.1,293.3,288.0,288.25,98215
2026-04-02 12:42:00,12:42:00,288.65,299.5,288.25,298.0,181090
2026-04-02 12:43:00,12:43:00,297.25,298.15,286.2,288.6,229320
2026-04-02 12:44:00,12:44:00,287.95,288.95,284.75,287.5,99320
2026-04-02 12:45:00,12:45:00,286.6,289.8,285.15,288.55,116155
2026-04-02 12:46:00,12:46:00,288.55,298.0,288.55,297.4,212615
2026-04-02 12:47:00,12:47:00,296.95,297.4,289.1,289.65,146575
2026-04-02 12:48:00,12:48:00,290.8,291.4,286.0,286.0,93210
2026-04-02 12:49:00,12:49:00,286.4,292.95,283.0,292.1,163150
2026-04-02 12:50:00,12:50:00,292.3,293.2,288.0,293.2,103805
2026-04-02 12:51:00,12:51:00,294.4,295.9,290.9,293.6,135395
2026-04-02 12:52:00,12:52:00,294.0,299.75,292.75,299.75,249080
2026-04-02 12:53:00,12:53:00,298.7,299.8,296.4,299.05,138970
2026-04-02 12:54:00,12:54:00,299.3,304.7,298.35,304.3,240110
2026-04-02 12:55:00,12:55:00,304.35,304.75,296.55,297.35,170690
2026-04-02 12:56:00,12:56:00,297.05,300.0,294.55,298.2,131885
2026-04-02 12:57:00,12:57:00,298.65,298.65,288.85,289.75,134745
2026-04-02 12:58:00,12:58:00,289.0,290.7,284.65,286.4,169780
2026-04-02 12:59:00,12:59:00,285.4,288.65,285.05,287.25,106990
2026-04-02 13:00:00,13:00:00,309.5,310.15,295.65,297.05,483275
2026-04-02 13:01:00,13:01:00,296.15,297.3,293.0,295.05,353535
2026-04-02 13:02:00,13:02:00,296.15,300.3,293.8,298.7,301990
2026-04-02 13:03:00,13:03:00,299.55,306.0,298.7,306.0,347815
2026-04-02 13:04:00,13:04:00,282.5,285.75,282.5,284.45,173875
2026-04-02 13:05:00,13:05:00,282.4,285.25,280.95,285.25,191945
2026-04-02 13:06:00,13:06:00,285.25,293.05,285.25,293.05,350935
2026-04-02 13:07:00,13:07:00,292.7,297.2,292.0,293.4,255905
2026-04-02 13:08:00,13:08:00,293.0,293.4,279.55,281.95,253955
2026-04-02 13:09:00,13:09:00,305.3,306.45,303.0,305.7,137735
2026-04-02 13:10:00,13:10:00,283.25,290.0,282.4,288.85,151255
2026-04-02 13:11:00,13:11:00,286.05,289.85,283.25,287.0,125450
2026-04-02 13:12:00,13:12:00,287.7,289.0,286.2,286.35,78715
2026-04-02 13:13:00,13:13:00,287.3,290.35,283.0,289.6,98215
2026-04-02 13:14:00,13:14:00,289.2,289.6,283.3,283.9,76700
2026-04-02 13:15:00,13:15:00,283.05,284.9,278.6,281.7,125060
2026-04-02 13:16:00,13:16:00,281.25,287.0,281.2,284.8,114920
2026-04-02 13:17:00,13:17:00,308.95,309.25,299.1,299.25,171860
2026-04-02 13:18:00,13:18:00,299.0,299.25,294.3,295.45,289315
2026-04-02 13:19:00,13:19:00,295.8,296.25,291.5,294.6,174135
2026-04-02 13:20:00,13:20:00,294.85,298.0,293.65,295.8,109655
2026-04-02 13:21:00,13:21:00,295.95,296.85,282.55,284.0,517140
2026-04-02 13:22:00,13:22:00,283.55,288.0,282.35,286.0,241475
2026-04-02 13:23:00,13:23:00,309.0,310.05,302.0,304.2,89310
2026-04-02 13:24:00,13:24:00,303.65,306.15,297.4,297.4,103155
2026-04-02 13:25:00,13:25:00,296.75,305.9,294.7,300.7,237575
2026-04-02 13:26:00,13:26:00,299.85,303.65,294.0,294.85,106535
2026-04-02 13:27:00,13:27:00,294.9,294.9,290.65,290.65,106860
2026-04-02 13:28:00,13:28:00,287.95,290.65,281.05,281.25,161655
2026-04-02 13:29:00,13:29:00,304.05,304.8,293.4,294.15,375245
2026-04-02 13:30:00,13:30:00,293.85,297.1,290.0,295.65,450320
2026-04-02 13:31:00,13:31:00,295.7,302.2,293.4,301.75,426335
2026-04-02 13:32:00,13:32:00,304.9,309.25,301.15,302.7,546390
2026-04-02 13:33:00,13:33:00,303.55,305.45,302.1,303.8,179400
2026-04-02 13:34:00,13:34:00,302.7,305.9,296.6,298.5,264745
2026-04-02 13:35:00,13:35:00,276.05,286.25,275.45,284.5,186485
2026-04-02 13:36:00,13:36:00,307.95,308.45,296.4,299.0,280670
2026-04-02 13:37:00,13:37:00,296.55,299.0,288.25,291.6,468975
2026-04-02 13:38:00,13:38:00,291.8,292.7,288.65,289.25,267280
2026-04-02 13:39:00,13:39:00,288.9,293.9,286.8,289.3,271180
2026-04-02 13:40:00,13:40:00,311.75,314.6,303.1,309.1,120640
2026-04-02 13:41:00,13:41:00,287.65,292.0,287.0,289.25,326560
2026-04-02 13:42:00,13:42:00,311.45,314.65,307.1,307.5,72215
2026-04-02 13:43:00,13:43:00,307.85,311.1,301.25,301.25,65065
2026-04-02 13:44:00,13:44:00,300.9,303.7,297.95,301.65,121940
2026-04-02 13:45:00,13:45:00,301.0,301.7,294.1,294.1,129740
2026-04-02 13:46:00,13:46:00,293.45,294.1,284.4,285.75,186095
2026-04-02 13:47:00,13:47:00,287.0,293.05,284.95,289.3,163020
2026-04-02 13:48:00,13:48:00,289.35,298.4,288.15,297.5,250575
2026-04-02 13:49:00,13:49:00,297.4,300.0,295.25,296.1,157430
2026-04-02 13:50:00,13:50:00,296.45,300.85,295.15,295.3,150995
2026-04-02 13:51:00,13:51:00,274.05,283.65,272.8,282.9,341835
2026-04-02 13:52:00,13:52:00,304.85,305.7,295.45,296.55,144430
2026-04-02 13:53:00,13:53:00,296.9,297.15,285.0,288.4,200070
2026-04-02 13:54:00,13:54:00,287.75,300.65,287.65,300.65,148655
2026-04-02 13:55:00,13:55:00,300.8,304.0,298.25,302.8,141505
2026-04-02 13:56:00,13:56:00,302.9,305.9,301.15,304.75,142090
2026-04-02 13:57:00,13:57:00,281.85,289.7,281.6,289.0,525395
2026-04-02 13:58:00,13:58:00,290.5,293.25,282.45,282.45,778635
2026-04-02 13:59:00,13:59:00,305.55,309.5,298.45,299.1,140010
2026-04-02 14:00:00,14:00:00,299.55,300.9,291.25,292.8,172965
2026-04-02 14:01:00,14:01:00,292.4,296.5,289.55,295.05,109135
2026-04-02 14:02:00,14:02:00,295.6,305.35,295.05,296.5,147420
2026-04-02 14:03:00,14:03:00,294.85,296.9,292.35,295.0,90025
2026-04-02 14:04:00,14:04:00,294.8,295.45,280.8,285.35,215605
2026-04-02 14:05:00,14:05:00,284.55,291.0,283.1,287.9,173875
2026-04-02 14:06:00,14:06:00,289.75,291.55,285.55,287.45,133185
2026-04-02 14:07:00,14:07:00,287.0,290.55,285.0,290.55,138905
2026-04-02 14:08:00,14:08:00,290.9,292.05,272.95,279.95,307125
2026-04-02 14:09:00,14:09:00,279.55,281.75,273.7,275.25,97955
2026-04-02 14:10:00,14:10:00,298.1,299.25,291.0,292.15,232245
2026-04-02 14:11:00,14:11:00,293.0,293.05,286.35,287.95,225940
2026-04-02 14:12:00,14:12:00,288.35,290.0,280.7,281.2,249860
2026-04-02 14:13:00,14:13:00,303.3,306.15,297.15,298.9,100620
2026-04-02 14:14:00,14:14:00,298.65,305.95,298.65,301.25,153205
2026-04-02 14:15:00,14:15:00,300.85,301.25,289.5,289.5,217295
2026-04-02 14:16:00,14:16:00,289.0,294.3,280.9,293.7,327535
2026-04-02 14:17:00,14:17:00,294.15,305.6,293.15,299.55,287625
2026-04-02 14:18:00,14:18:00,277.1,282.0,277.1,280.65,309140
2026-04-02 14:19:00,14:19:00,303.3,303.3,286.55,289.2,266630
2026-04-02 14:20:00,14:20:00,289.15,290.35,283.25,284.0,143195
2026-04-02 14:21:00,14:21:00,285.45,290.95,283.8,285.0,127790
2026-04-02 14:22:00,14:22:00,286.9,289.0,284.05,284.2,101075
2026-04-02 14:23:00,14:23:00,286.35,291.75,284.2,289.3,185705
2026-04-02 14:24:00,14:24:00,288.4,289.3,272.35,272.35,293085
2026-04-02 14:25:00,14:25:00,272.3,277.5,267.1,277.35,195455
2026-04-02 14:26:00,14:26:00,277.5,285.9,277.35,285.9,208130
2026-04-02 14:27:00,14:27:00,285.15,285.9,274.25,274.9,195195
2026-04-02 14:28:00,14:28:00,295.9,298.95,292.85,294.5,136175
2026-04-02 14:29:00,14:29:00,271.2,275.9,271.2,274.35,104520
2026-04-02 14:30:00,14:30:00,274.2,280.2,272.4,274.5,144560
2026-04-02 14:31:00,14:31:00,275.75,275.75,264.0,271.7,198315
2026-04-02 14:32:00,14:32:00,294.9,298.8,289.0,289.0,209560
2026-04-02 14:33:00,14:33:00,289.3,290.0,281.25,281.35,317915
2026-04-02 14:34:00,14:34:00,280.5,293.75,278.9,289.1,397150
2026-04-02 14:35:00,14:35:00,287.2,296.85,287.1,291.8,337480
2026-04-02 14:36:00,14:36:00,269.1,279.5,267.0,279.15,251225
2026-04-02 14:37:00,14:37:00,280.0,294.45,279.15,293.1,469820
2026-04-02 14:38:00,14:38:00,292.0,299.85,287.95,295.2,366860
2026-04-02 14:39:00,14:39:00,296.6,298.55,290.0,293.3,209300
2026-04-02 14:40:00,14:40:00,270.7,277.85,268.6,277.85,274560
2026-04-02 14:41:00,14:41:00,278.9,289.8,277.85,284.7,728585
2026-04-02 14:42:00,14:42:00,285.65,289.65,283.55,286.7,530075
2026-04-02 14:43:00,14:43:00,285.45,298.2,285.45,290.6,784810
2026-04-02 14:44:00,14:44:00,290.8,299.3,290.6,295.75,478400
2026-04-02 14:45:00,14:45:00,297.75,304.0,290.75,290.75,689065
2026-04-02 14:46:00,14:46:00,314.85,315.6,299.3,300.0,297635
2026-04-02 14:47:00,14:47:00,275.85,292.8,275.85,282.75,460785
2026-04-02 14:48:00,14:48:00,306.3,312.85,296.6,297.1,151580
2026-04-02 14:49:00,14:49:00,275.4,282.0,274.6,282.0,192075
2026-04-02 14:50:00,14:50:00,305.0,308.1,292.7,296.2,179920
2026-04-02 14:51:00,14:51:00,295.45,296.2,282.45,285.0,243750
2026-04-02 14:52:00,14:52:00,284.7,290.15,283.85,287.8,125515
2026-04-02 14:53:00,14:53:00,290.55,293.8,285.85,289.15,118885
2026-04-02 14:54:00,14:54:00,288.65,290.95,284.05,285.85,109525
2026-04-02 14:55:00,14:55:00,285.75,288.8,282.9,285.5,76505
2026-04-02 14:56:00,14:56:00,285.2,285.95,280.8,284.75,95355
2026-04-02 14:57:00,14:57:00,284.3,290.75,280.6,282.05,133055
2026-04-02 14:58:00,14:58:00,281.9,288.85,281.05,281.5,136110
2026-04-02 14:59:00,14:59:00,280.8,287.85,279.3,285.95,153205
2026-04-02 15:00:00,15:00:00,309.4,309.6,291.2,295.5,315770
2026-04-02 15:01:00,15:01:00,294.8,301.7,289.2,299.6,286585
2026-04-02 15:02:00,15:02:00,278.7,286.7,273.9,286.7,163995
2026-04-02 15:03:00,15:03:00,285.65,288.0,280.0,280.35,250705
2026-04-02 15:04:00,15:04:00,303.65,304.4,294.5,296.7,245115
2026-04-02 15:05:00,15:05:00,296.45,301.3,291.7,291.7,272805
2026-04-02 15:06:00,15:06:00,294.35,294.35,286.85,293.8,357890
2026-04-02 15:07:00,15:07:00,292.05,293.8,271.2,273.7,532610
2026-04-02 15:08:00,15:08:00,297.4,307.85,295.7,296.25,102570
2026-04-02 15:09:00,15:09:00,294.4,296.25,286.0,286.05,165750
2026-04-02 15:10:00,15:10:00,286.7,291.0,284.0,287.6,192400
2026-04-02 15:11:00,15:11:00,288.3,291.9,283.4,286.75,151840
2026-04-02 15:12:00,15:12:00,286.65,289.55,285.3,289.2,177060
2026-04-02 15:13:00,15:13:00,289.5,293.4,288.4,292.0,125645
2026-04-02 15:14:00,15:14:00,291.95,293.35,281.75,282.6,131170
2026-04-02 15:15:00,15:15:00,282.2,285.1,278.25,278.25,234845
2026-04-02 15:16:00,15:16:00,277.5,279.3,272.35,278.6,172770
2026-04-02 15:17:00,15:17:00,278.75,285.25,277.25,285.25,149890
2026-04-02 15:18:00,15:18:00,286.1,292.35,283.0,292.35,174590
2026-04-02 15:19:00,15:19:00,269.5,285.45,267.9,285.45,420875
2026-04-02 15:20:00,15:20:00,284.65,311.15,283.35,290.9,704145
2026-04-02 15:21:00,15:21:00,291.35,293.8,277.65,288.7,328640
2026-04-02 15:22:00,15:22:00,288.75,294.5,285.9,291.05,289900
2026-04-02 15:23:00,15:23:00,289.5,294.15,286.4,291.95,261625
2026-04-02 15:24:00,15:24:00,290.4,294.6,289.9,293.0,214175
2026-04-02 15:25:00,15:25:00,293.5,294.7,288.4,288.4,320905
2026-04-02 15:26:00,15:26:00,286.4,288.4,275.95,279.1,327600
2026-04-02 15:27:00,15:27:00,279.35,279.35,271.8,272.5,236470
2026-04-02 15:28:00,15:28:00,271.4,277.95,270.65,275.0,267345
2026-04-02 15:29:00,15:29:00,275.1,275.1,262.8,262.8,398515
