datetime,time,open,high,low,close,volume
2026-04-16 09:15:00,09:15:00,250.0,250.0,215.25,230.1,989950
2026-04-16 09:16:00,09:16:00,229.8,234.35,224.65,228.8,573170
2026-04-16 09:17:00,09:17:00,228.0,228.8,218.4,218.95,468520
2026-04-16 09:18:00,09:18:00,196.05,198.15,191.1,191.1,558740
2026-04-16 09:19:00,09:19:00,214.3,215.15,207.1,207.1,564200
2026-04-16 09:20:00,09:20:00,207.05,209.2,202.1,207.95,674830
2026-04-16 09:21:00,09:21:00,207.45,209.5,206.65,207.85,463840
2026-04-16 09:22:00,09:22:00,207.65,210.2,205.1,206.5,521820
2026-04-16 09:23:00,09:23:00,206.4,210.0,205.0,205.9,463385
2026-04-16 09:24:00,09:24:00,206.05,211.45,201.3,201.95,734890
2026-04-16 09:25:00,09:25:00,201.4,201.95,194.8,198.35,858910
2026-04-16 09:26:00,09:26:00,199.9,202.0,196.95,200.0,419705
2026-04-16 09:27:00,09:27:00,200.05,202.0,195.0,201.35,394095
2026-04-16 09:28:00,09:28:00,202.15,204.9,198.15,198.15,545350
2026-04-16 09:29:00,09:29:00,198.5,203.5,195.9,202.55,258115
2026-04-16 09:30:00,09:30:00,201.45,202.55,197.65,200.0,277030
2026-04-16 09:31:00,09:31:00,200.6,207.5,199.65,206.85,510445
2026-04-16 09:32:00,09:32:00,206.9,213.6,206.85,213.6,1033435
2026-04-16 09:33:00,09:33:00,214.7,216.8,213.05,213.9,1011855
2026-04-16 09:34:00,09:34:00,215.95,218.8,213.9,215.0,646880
2026-04-16 09:35:00,09:35:00,214.35,220.0,214.05,218.7,606385
2026-04-16 09:36:00,09:36:00,218.0,221.35,215.0,218.8,696540
2026-04-16 09:37:00,09:37:00,219.2,229.9,218.8,229.65,1167270
2026-04-16 09:38:00,09:38:00,229.75,245.95,228.4,243.6,1489410
2026-04-16 09:39:00,09:39:00,244.5,246.95,232.2,234.15,998335
2026-04-16 09:40:00,09:40:00,232.65,247.55,231.25,247.55,777595
2026-04-16 09:41:00,09:41:00,247.25,250.25,243.9,248.6,661570
2026-04-16 09:42:00,09:42:00,248.55,252.0,243.05,248.7,457015
2026-04-16 09:43:00,09:43:00,248.1,252.45,246.0,249.9,354120
2026-04-16 09:44:00,09:44:00,248.7,252.35,247.1,252.35,264420
2026-04-16 09:45:00,09:45:00,253.2,258.05,251.05,251.05,539825
2026-04-16 09:46:00,09:46:00,250.9,251.05,237.15,238.25,455520
2026-04-16 09:47:00,09:47:00,238.7,242.4,234.85,240.3,242970
2026-04-16 09:48:00,09:48:00,242.0,242.0,234.2,236.9,228605
2026-04-16 09:49:00,09:49:00,237.15,240.75,235.0,236.4,126815
2026-04-16 09:50:00,09:50:00,236.15,236.85,231.2,234.85,175240
2026-04-16 09:51:00,09:51:00,234.15,242.4,233.5,235.45,270465
2026-04-16 09:52:00,09:52:00,235.85,237.4,230.5,235.9,200720
2026-04-16 09:53:00,09:53:00,236.5,248.7,235.65,248.45,431730
2026-04-16 09:54:00,09:54:00,248.85,252.0,242.8,245.45,337090
2026-04-16 09:55:00,09:55:00,244.75,251.25,244.75,250.25,253370
2026-04-16 09:56:00,09:56:00,250.25,258.1,248.85,256.85,391495
2026-04-16 09:57:00,09:57:00,256.9,267.75,256.85,266.2,569400
2026-04-16 09:58:00,09:58:00,266.05,268.15,260.9,264.65,278785
2026-04-16 09:59:00,09:59:00,264.1,271.75,263.9,271.45,302640
2026-04-16 10:00:00,10:00:00,270.25,271.8,266.45,270.6,251095
2026-04-16 10:01:00,10:01:00,269.7,273.65,261.35,261.4,354250
2026-04-16 10:02:00,10:02:00,262.05,262.95,258.5,260.0,200980
2026-04-16 10:03:00,10:03:00,260.0,265.5,258.35,261.35,144300
2026-04-16 10:04:00,10:04:00,260.9,261.7,248.65,248.65,277355
2026-04-16 10:05:00,10:05:00,251.0,255.15,248.65,251.6,169325
2026-04-16 10:06:00,10:06:00,252.05,262.45,251.6,260.65,174915
2026-04-16 10:07:00,10:07:00,261.2,261.8,252.2,253.0,142545
2026-04-16 10:08:00,10:08:00,252.2,253.35,245.7,246.0,209365
2026-04-16 10:09:00,10:09:00,246.75,249.45,244.1,246.4,140075
2026-04-16 10:10:00,10:10:00,246.1,246.9,241.0,242.6,164580
2026-04-16 10:11:00,10:11:00,242.1,246.3,241.55,243.9,85150
2026-04-16 10:12:00,10:12:00,244.15,252.65,243.9,251.0,293280
2026-04-16 10:13:00,10:13:00,251.5,251.5,243.5,246.15,114660
2026-04-16 10:14:00,10:14:00,246.25,248.05,242.85,244.65,58175
2026-04-16 10:15:00,10:15:00,245.05,253.5,243.75,251.1,154310
2026-04-16 10:16:00,10:16:00,252.2,254.6,244.2,244.55,186940
2026-04-16 10:17:00,10:17:00,245.1,249.6,243.35,247.45,89375
2026-04-16 10:18:00,10:18:00,247.0,247.45,238.1,238.5,236340
2026-04-16 10:19:00,10:19:00,237.9,245.4,235.0,244.3,183885
2026-04-16 10:20:00,10:20:00,244.6,246.2,242.95,243.5,88530
2026-04-16 10:21:00,10:21:00,242.95,251.9,242.85,251.05,88725
2026-04-16 10:22:00,10:22:00,250.65,251.05,245.6,247.45,77675
2026-04-16 10:23:00,10:23:00,247.05,248.05,243.7,244.3,53820
2026-04-16 10:24:00,10:24:00,244.5,247.5,242.5,246.65,43355
2026-04-16 10:25:00,10:25:00,246.95,248.05,240.0,240.45,84240
2026-04-16 10:26:00,10:26:00,240.25,242.6,239.4,241.8,59930
2026-04-16 10:27:00,10:27:00,241.25,252.5,237.65,252.5,148850
2026-04-16 10:28:00,10:28:00,252.75,255.9,250.0,250.75,304070
2026-04-16 10:29:00,10:29:00,250.0,253.2,244.2,248.9,114140
2026-04-16 10:30:00,10:30:00,247.95,248.9,240.5,244.1,92365
2026-04-16 10:31:00,10:31:00,245.0,245.15,237.25,239.45,114530
2026-04-16 10:32:00,10:32:00,238.65,244.7,237.8,244.7,112255
2026-04-16 10:33:00,10:33:00,245.8,245.8,239.6,240.05,62205
2026-04-16 10:34:00,10:34:00,240.2,243.05,238.05,238.9,72345
2026-04-16 10:35:00,10:35:00,238.7,239.6,235.4,237.25,85475
2026-04-16 10:36:00,10:36:00,237.8,238.0,232.25,236.65,153270
2026-04-16 10:37:00,10:37:00,235.85,238.5,233.8,234.0,117455
2026-04-16 10:38:00,10:38:00,234.25,241.5,234.0,241.35,84110
2026-04-16 10:39:00,10:39:00,242.0,250.8,241.35,248.25,265265
2026-04-16 10:40:00,10:40:00,248.75,250.5,246.5,248.7,285350
2026-04-16 10:41:00,10:41:00,248.0,248.7,240.5,242.2,199745
2026-04-16 10:42:00,10:42:00,241.85,242.95,236.05,238.35,97500
2026-04-16 10:43:00,10:43:00,238.35,240.25,236.1,236.75,52455
2026-04-16 10:44:00,10:44:00,237.3,239.9,235.75,239.0,50700
2026-04-16 10:45:00,10:45:00,239.3,239.3,234.55,237.35,76765
2026-04-16 10:46:00,10:46:00,237.3,238.4,232.15,232.65,55575
2026-04-16 10:47:00,10:47:00,234.35,236.1,232.65,233.7,68705
2026-04-16 10:48:00,10:48:00,233.5,234.9,230.75,234.85,119145
2026-04-16 10:49:00,10:49:00,235.1,236.9,233.25,233.5,65000
2026-04-16 10:50:00,10:50:00,233.2,235.8,233.05,233.1,44070
2026-04-16 10:51:00,10:51:00,233.3,235.65,231.3,235.6,58305
2026-04-16 10:52:00,10:52:00,235.8,238.4,234.1,236.3,94445
2026-04-16 10:53:00,10:53:00,236.0,236.3,232.0,234.25,51480
2026-04-16 10:54:00,10:54:00,234.25,236.95,234.05,235.0,55445
2026-04-16 10:55:00,10:55:00,235.35,240.0,235.0,238.5,94250
2026-04-16 10:56:00,10:56:00,238.6,243.85,238.5,242.3,105755
2026-04-16 10:57:00,10:57:00,242.3,242.5,237.0,238.15,75075
2026-04-16 10:58:00,10:58:00,238.5,242.75,238.15,240.7,42445
2026-04-16 10:59:00,10:59:00,240.7,242.7,239.0,239.95,51935
2026-04-16 11:00:00,11:00:00,239.85,239.95,234.65,235.65,213915
2026-04-16 11:01:00,11:01:00,233.75,236.4,229.7,235.55,181935
2026-04-16 11:02:00,11:02:00,235.8,237.55,231.55,233.8,66040
2026-04-16 11:03:00,11:03:00,233.7,234.4,228.65,230.75,108355
2026-04-16 11:04:00,11:04:00,230.7,233.15,228.75,231.75,87100
2026-04-16 11:05:00,11:05:00,231.0,232.3,227.75,229.8,100295
2026-04-16 11:06:00,11:06:00,230.4,231.6,229.0,230.35,54470
2026-04-16 11:07:00,11:07:00,230.1,232.9,230.0,231.9,71890
2026-04-16 11:08:00,11:08:00,231.95,235.85,227.1,227.55,147615
2026-04-16 11:09:00,11:09:00,228.25,231.7,225.7,229.65,145925
2026-04-16 11:10:00,11:10:00,229.8,234.3,229.45,234.0,111930
2026-04-16 11:11:00,11:11:00,235.0,235.5,231.7,234.45,87165
2026-04-16 11:12:00,11:12:00,234.15,240.85,233.45,240.3,152815
2026-04-16 11:13:00,11:13:00,239.9,240.35,236.2,239.35,101075
2026-04-16 11:14:00,11:14:00,239.35,239.7,236.3,236.3,32500
2026-04-16 11:15:00,11:15:00,236.4,242.45,233.1,242.45,142415
2026-04-16 11:16:00,11:16:00,241.8,244.65,241.2,243.55,168350
2026-04-16 11:17:00,11:17:00,246.3,249.7,243.55,248.0,193245
2026-04-16 11:18:00,11:18:00,249.55,249.55,240.0,241.0,122525
2026-04-16 11:19:00,11:19:00,241.35,243.0,235.8,235.9,134030
2026-04-16 11:20:00,11:20:00,234.45,236.9,229.5,234.4,162045
2026-04-16 11:21:00,11:21:00,234.7,236.25,231.15,233.25,94055
2026-04-16 11:22:00,11:22:00,233.25,239.65,233.25,237.25,144365
2026-04-16 11:23:00,11:23:00,238.5,242.45,237.25,241.05,131950
2026-04-16 11:24:00,11:24:00,240.9,242.8,240.05,241.7,103480
2026-04-16 11:25:00,11:25:00,241.5,247.35,240.7,247.35,139945
2026-04-16 11:26:00,11:26:00,247.5,254.25,247.05,252.9,380510
2026-04-16 11:27:00,11:27:00,254.1,256.0,248.3,252.3,205010
2026-04-16 11:28:00,11:28:00,253.65,258.7,248.15,248.15,191295
2026-04-16 11:29:00,11:29:00,246.6,249.4,246.0,246.65,265265
2026-04-16 11:30:00,11:30:00,245.9,249.0,244.4,246.9,87945
2026-04-16 11:31:00,11:31:00,248.0,251.95,245.0,250.8,79105
2026-04-16 11:32:00,11:32:00,251.1,253.3,246.8,247.5,110045
2026-04-16 11:33:00,11:33:00,247.95,250.95,247.05,248.85,61750
2026-04-16 11:34:00,11:34:00,248.3,251.25,245.0,246.05,63830
2026-04-16 11:35:00,11:35:00,248.0,249.85,245.3,246.0,49335
2026-04-16 11:36:00,11:36:00,247.0,249.15,244.55,246.3,37505
2026-04-16 11:37:00,11:37:00,246.0,255.0,246.0,255.0,73645
2026-04-16 11:38:00,11:38:00,255.1,259.85,252.85,258.05,242710
2026-04-16 11:39:00,11:39:00,258.1,264.25,256.5,258.5,299065
2026-04-16 11:40:00,11:40:00,259.15,264.2,257.55,262.55,163020
2026-04-16 11:41:00,11:41:00,262.8,264.7,261.0,262.3,134875
2026-04-16 11:42:00,11:42:00,261.6,267.55,261.6,266.2,186290
2026-04-16 11:43:00,11:43:00,263.3,267.95,262.3,267.85,121030
2026-04-16 11:44:00,11:44:00,266.7,274.7,265.85,274.15,328705
2026-04-16 11:45:00,11:45:00,274.2,283.0,274.15,282.55,417820
2026-04-16 11:46:00,11:46:00,282.9,293.7,282.55,293.7,363155
2026-04-16 11:47:00,11:47:00,294.35,299.95,292.0,299.95,436410
2026-04-16 11:48:00,11:48:00,301.6,304.55,293.05,293.05,265590
2026-04-16 11:49:00,11:49:00,292.35,293.05,283.45,285.65,171015
2026-04-16 11:50:00,11:50:00,287.8,297.8,285.65,297.5,134355
2026-04-16 11:51:00,11:51:00,297.95,300.65,296.0,299.0,103805
2026-04-16 11:52:00,11:52:00,297.35,299.0,292.0,294.7,86775
2026-04-16 11:53:00,11:53:00,294.1,294.95,289.25,291.0,57135
2026-04-16 11:54:00,11:54:00,292.0,292.0,286.0,289.1,65520
2026-04-16 11:55:00,11:55:00,289.35,293.9,289.1,293.65,49595
2026-04-16 11:56:00,11:56:00,293.3,300.3,293.3,299.6,87490
2026-04-16 11:57:00,11:57:00,299.8,312.75,299.6,312.75,245635
2026-04-16 11:58:00,11:58:00,314.35,317.85,308.45,310.45,223080
2026-04-16 11:59:00,11:59:00,311.35,317.95,309.05,316.4,89310
2026-04-16 12:00:00,12:00:00,316.35,338.45,316.35,335.45,416390
2026-04-16 12:01:00,12:01:00,338.05,346.55,330.0,346.55,214500
2026-04-16 12:02:00,12:02:00,347.45,349.7,342.65,347.05,131755
2026-04-16 12:03:00,12:03:00,345.9,349.6,338.7,346.8,130130
2026-04-16 12:04:00,12:04:00,346.05,350.7,342.05,349.2,103870
2026-04-16 12:05:00,12:05:00,348.0,350.0,337.3,338.25,86320
2026-04-16 12:06:00,12:06:00,337.8,344.9,335.0,339.7,63960
2026-04-16 12:07:00,12:07:00,338.3,352.0,338.3,352.0,98215
2026-04-16 12:08:00,12:08:00,351.7,352.35,342.8,343.25,88790
2026-04-16 12:09:00,12:09:00,343.85,344.05,335.25,336.4,85735
2026-04-16 12:10:00,12:10:00,336.6,338.4,329.2,329.2,56225
2026-04-16 12:11:00,12:11:00,329.85,331.95,325.0,327.7,79625
2026-04-16 12:12:00,12:12:00,327.7,338.0,325.2,336.4,74750
2026-04-16 12:13:00,12:13:00,337.5,337.7,328.0,328.0,54535
2026-04-16 12:14:00,12:14:00,328.85,331.65,325.05,328.85,22490
2026-04-16 12:15:00,12:15:00,329.9,331.05,324.5,328.5,40105
2026-04-16 12:16:00,12:16:00,328.4,336.3,328.4,334.95,41145
2026-04-16 12:17:00,12:17:00,332.55,340.9,332.55,340.8,60710
2026-04-16 12:18:00,12:18:00,341.8,343.9,330.9,331.7,80990
2026-04-16 12:19:00,12:19:00,331.0,336.0,329.45,330.75,43030
2026-04-16 12:20:00,12:20:00,330.4,333.1,329.0,331.95,32370
2026-04-16 12:21:00,12:21:00,331.85,333.5,327.4,327.4,22100
2026-04-16 12:22:00,12:22:00,328.25,337.8,326.7,335.65,66820
2026-04-16 12:23:00,12:23:00,335.4,345.8,334.65,345.8,120185
2026-04-16 12:24:00,12:24:00,345.45,349.5,341.7,344.25,108095
2026-04-16 12:25:00,12:25:00,344.5,348.8,339.45,340.0,50180
2026-04-16 12:26:00,12:26:00,339.85,343.95,336.85,340.45,31200
2026-04-16 12:27:00,12:27:00,343.0,347.35,340.45,343.95,35750
2026-04-16 12:28:00,12:28:00,344.55,344.55,339.0,339.0,18525
2026-04-16 12:29:00,12:29:00,339.55,342.65,338.45,340.85,10725
2026-04-16 12:30:00,12:30:00,341.7,347.9,340.85,344.05,40885
2026-04-16 12:31:00,12:31:00,343.65,347.0,337.4,337.4,41405
2026-04-16 12:32:00,12:32:00,339.75,343.0,335.95,341.35,29575
2026-04-16 12:33:00,12:33:00,343.0,349.95,341.35,346.3,55640
2026-04-16 12:34:00,12:34:00,347.15,358.9,346.3,358.0,129805
2026-04-16 12:35:00,12:35:00,359.1,363.8,353.35,363.8,157105
2026-04-16 12:36:00,12:36:00,361.7,370.0,360.0,368.95,123110
2026-04-16 12:37:00,12:37:00,369.65,369.65,361.8,365.6,55445
2026-04-16 12:38:00,12:38:00,366.4,366.4,355.0,355.0,48490
2026-04-16 12:39:00,12:39:00,354.85,355.0,347.7,347.7,64480
2026-04-16 12:40:00,12:40:00,347.25,351.45,344.25,344.25,39130
2026-04-16 12:41:00,12:41:00,345.55,349.6,342.2,347.6,38870
2026-04-16 12:42:00,12:42:00,348.3,349.05,340.45,340.45,49790
2026-04-16 12:43:00,12:43:00,342.6,346.25,340.1,342.85,25415
2026-04-16 12:44:00,12:44:00,341.75,356.95,341.0,356.0,52000
2026-04-16 12:45:00,12:45:00,354.8,361.0,354.4,357.85,82875
2026-04-16 12:46:00,12:46:00,356.15,357.85,346.1,347.05,49335
2026-04-16 12:47:00,12:47:00,348.95,358.0,347.05,357.5,21970
2026-04-16 12:48:00,12:48:00,358.0,359.9,354.2,357.75,37440
2026-04-16 12:49:00,12:49:00,358.2,360.6,354.2,358.0,35230
2026-04-16 12:50:00,12:50:00,358.0,360.8,353.45,359.45,64740
2026-04-16 12:51:00,12:51:00,360.7,364.0,349.3,353.0,57655
2026-04-16 12:52:00,12:52:00,354.25,354.25,348.3,349.85,16965
2026-04-16 12:53:00,12:53:00,349.1,356.0,344.35,354.95,35620
2026-04-16 12:54:00,12:54:00,354.3,364.6,354.3,363.85,57395
2026-04-16 12:55:00,12:55:00,362.9,368.05,359.3,364.3,73385
2026-04-16 12:56:00,12:56:00,364.25,368.0,361.35,364.3,38025
2026-04-16 12:57:00,12:57:00,400.85,405.1,398.7,399.1,7670
2026-04-16 12:58:00,12:58:00,364.0,364.0,360.1,360.1,14365
2026-04-16 12:59:00,12:59:00,360.0,360.7,351.55,353.55,30030
2026-04-16 13:00:00,13:00:00,353.55,355.95,346.0,351.1,45435
2026-04-16 13:01:00,13:01:00,354.45,355.5,351.1,355.5,33475
2026-04-16 13:02:00,13:02:00,354.4,355.5,351.3,353.2,17420
2026-04-16 13:03:00,13:03:00,352.4,353.75,342.3,346.35,41405
2026-04-16 13:04:00,13:04:00,345.15,351.9,344.6,344.6,15730
2026-04-16 13:05:00,13:05:00,345.25,346.35,341.5,345.35,40495
2026-04-16 13:06:00,13:06:00,344.8,359.0,343.9,354.9,40040
2026-04-16 13:07:00,13:07:00,354.65,360.85,354.0,355.85,45240
2026-04-16 13:08:00,13:08:00,355.4,358.3,353.2,356.4,16380
2026-04-16 13:09:00,13:09:00,358.0,364.6,356.4,361.6,74815
2026-04-16 13:10:00,13:10:00,363.15,376.95,361.6,372.2,77090
2026-04-16 13:11:00,13:11:00,371.85,376.35,365.0,365.6,55835
2026-04-16 13:12:00,13:12:00,367.45,370.0,363.0,366.25,36660
2026-04-16 13:13:00,13:13:00,366.3,366.45,359.35,365.0,21060
2026-04-16 13:14:00,13:14:00,363.9,365.6,359.25,362.55,25415
2026-04-16 13:15:00,13:15:00,362.6,367.3,360.1,360.1,17550
2026-04-16 13:16:00,13:16:00,360.4,365.4,360.0,363.4,10920
2026-04-16 13:17:00,13:17:00,364.2,372.5,360.85,360.85,33800
2026-04-16 13:18:00,13:18:00,361.05,362.35,355.75,360.2,33345
2026-04-16 13:19:00,13:19:00,361.55,362.2,351.55,354.65,34970
2026-04-16 13:20:00,13:20:00,353.8,359.85,353.8,357.55,18980
2026-04-16 13:21:00,13:21:00,357.85,358.0,354.6,356.05,12610
2026-04-16 13:22:00,13:22:00,355.3,358.95,351.45,358.55,29445
2026-04-16 13:23:00,13:23:00,360.55,371.0,358.55,370.1,40820
2026-04-16 13:24:00,13:24:00,370.95,379.6,370.05,379.05,82355
2026-04-16 13:25:00,13:25:00,377.2,382.0,373.4,375.5,54860
2026-04-16 13:26:00,13:26:00,375.65,379.5,370.7,375.0,25090
2026-04-16 13:27:00,13:27:00,376.3,382.0,375.0,375.75,31590
2026-04-16 13:28:00,13:28:00,375.1,376.65,366.5,366.5,44330
2026-04-16 13:29:00,13:29:00,367.05,372.6,366.5,370.5,14235
2026-04-16 13:30:00,13:30:00,370.0,372.5,366.6,371.2,20605
2026-04-16 13:31:00,13:31:00,371.2,373.0,366.05,367.15,18590
2026-04-16 13:32:00,13:32:00,367.1,367.7,363.6,367.6,12220
2026-04-16 13:33:00,13:33:00,368.4,369.9,360.5,360.9,13910
2026-04-16 13:34:00,13:34:00,360.95,367.1,360.0,365.6,28665
2026-04-16 13:35:00,13:35:00,365.45,368.9,364.95,366.65,14495
2026-04-16 13:36:00,13:36:00,367.0,368.3,361.2,366.65,7410
2026-04-16 13:37:00,13:37:00,367.0,370.55,366.0,367.95,9945
2026-04-16 13:38:00,13:38:00,369.35,370.85,366.0,367.2,11375
2026-04-16 13:39:00,13:39:00,365.0,367.2,362.35,366.6,13260
2026-04-16 13:40:00,13:40:00,365.3,368.05,361.05,365.2,15730
2026-04-16 13:41:00,13:41:00,365.4,367.0,356.1,360.0,25675
2026-04-16 13:42:00,13:42:00,359.0,360.0,354.4,358.5,15665
2026-04-16 13:43:00,13:43:00,355.65,358.5,351.3,354.35,39260
2026-04-16 13:44:00,13:44:00,354.4,357.55,351.2,354.3,21190
2026-04-16 13:45:00,13:45:00,354.0,354.3,345.65,346.8,68510
2026-04-16 13:46:00,13:46:00,346.75,348.1,343.2,344.85,33410
2026-04-16 13:47:00,13:47:00,344.55,352.5,343.85,347.85,27300
2026-04-16 13:48:00,13:48:00,348.1,349.85,342.3,342.65,34970
2026-04-16 13:49:00,13:49:00,341.65,346.95,341.5,343.9,22230
2026-04-16 13:50:00,13:50:00,342.75,344.05,319.1,321.4,169650
2026-04-16 13:51:00,13:51:00,323.1,328.5,320.9,326.75,71110
2026-04-16 13:52:00,13:52:00,327.5,332.0,324.05,326.2,49140
2026-04-16 13:53:00,13:53:00,327.05,330.75,326.2,327.9,28405
2026-04-16 13:54:00,13:54:00,326.0,331.4,322.3,323.2,33930
2026-04-16 13:55:00,13:55:00,322.7,326.6,319.35,325.65,67275
2026-04-16 13:56:00,13:56:00,326.4,330.3,322.65,323.15,49790
2026-04-16 13:57:00,13:57:00,358.25,363.2,358.25,362.4,5200
2026-04-16 13:58:00,13:58:00,327.9,331.9,321.7,329.05,41730
2026-04-16 13:59:00,13:59:00,327.5,329.05,319.4,322.0,38610
2026-04-16 14:00:00,14:00:00,321.75,327.85,321.1,325.25,22815
2026-04-16 14:01:00,14:01:00,325.9,326.35,322.05,325.5,20150
2026-04-16 14:02:00,14:02:00,326.35,337.0,323.9,337.0,62335
2026-04-16 14:03:00,14:03:00,338.0,352.5,334.1,352.5,174005
2026-04-16 14:04:00,14:04:00,348.5,352.5,345.1,348.25,41470
2026-04-16 14:05:00,14:05:00,350.05,361.3,348.25,352.35,87880
2026-04-16 14:06:00,14:06:00,349.0,353.55,345.9,349.85,53105
2026-04-16 14:07:00,14:07:00,350.6,350.6,339.55,344.0,41470
2026-04-16 14:08:00,14:08:00,344.0,348.3,342.35,344.55,30745
2026-04-16 14:09:00,14:09:00,346.9,346.9,341.0,342.65,17160
2026-04-16 14:10:00,14:10:00,342.1,344.75,341.0,341.0,17810
2026-04-16 14:11:00,14:11:00,337.05,341.0,331.05,334.3,47580
2026-04-16 14:12:00,14:12:00,335.05,337.9,329.45,329.45,32110
2026-04-16 14:13:00,14:13:00,329.5,336.5,329.0,332.75,25675
2026-04-16 14:14:00,14:14:00,331.4,335.65,328.4,334.8,29055
2026-04-16 14:15:00,14:15:00,334.6,339.45,332.9,332.9,27105
2026-04-16 14:16:00,14:16:00,333.4,344.35,332.3,339.0,19045
2026-04-16 14:17:00,14:17:00,339.05,339.9,334.8,336.1,9425
2026-04-16 14:18:00,14:18:00,335.65,340.0,335.65,336.4,17615
2026-04-16 14:19:00,14:19:00,336.0,339.55,332.5,334.0,11895
2026-04-16 14:20:00,14:20:00,336.6,338.7,332.95,337.9,11310
2026-04-16 14:21:00,14:21:00,335.65,337.9,333.0,333.0,6305
2026-04-16 14:22:00,14:22:00,333.15,333.85,329.1,330.35,16640
2026-04-16 14:23:00,14:23:00,332.0,337.15,330.35,336.8,13000
2026-04-16 14:24:00,14:24:00,338.0,347.4,336.8,338.0,42380
2026-04-16 14:25:00,14:25:00,336.9,338.5,330.15,331.25,35945
2026-04-16 14:26:00,14:26:00,331.9,332.05,321.15,322.0,49270
2026-04-16 14:27:00,14:27:00,321.9,324.0,320.0,322.2,39260
2026-04-16 14:28:00,14:28:00,323.0,324.8,320.55,320.65,25155
2026-04-16 14:29:00,14:29:00,321.85,324.8,315.0,315.0,46280
2026-04-16 14:30:00,14:30:00,314.7,315.0,311.0,311.0,61100
2026-04-16 14:31:00,14:31:00,307.0,311.0,301.85,303.7,95745
2026-04-16 14:32:00,14:32:00,302.55,305.5,300.45,300.45,51155
2026-04-16 14:33:00,14:33:00,298.0,303.75,294.05,298.3,103155
2026-04-16 14:34:00,14:34:00,298.35,299.15,289.15,289.25,54665
2026-04-16 14:35:00,14:35:00,290.1,294.0,285.5,293.4,92690
2026-04-16 14:36:00,14:36:00,295.0,296.6,289.2,289.95,57070
2026-04-16 14:37:00,14:37:00,289.65,293.7,287.0,292.9,41080
2026-04-16 14:38:00,14:38:00,292.0,292.9,286.0,286.45,46215
2026-04-16 14:39:00,14:39:00,287.0,290.55,282.9,287.3,68055
2026-04-16 14:40:00,14:40:00,285.95,287.5,281.65,285.05,37635
2026-04-16 14:41:00,14:41:00,285.25,285.75,281.3,281.3,22490
2026-04-16 14:42:00,14:42:00,280.9,282.85,278.3,280.2,63635
2026-04-16 14:43:00,14:43:00,280.35,281.95,277.2,278.55,27625
2026-04-16 14:44:00,14:44:00,280.55,294.0,278.55,288.9,91455
2026-04-16 14:45:00,14:45:00,289.95,290.15,274.9,277.05,66040
2026-04-16 14:46:00,14:46:00,277.75,283.35,277.05,279.75,47060
2026-04-16 14:47:00,14:47:00,279.7,280.0,275.95,278.0,33605
2026-04-16 14:48:00,14:48:00,277.95,278.95,273.35,275.7,28015
2026-04-16 14:49:00,14:49:00,275.65,280.45,275.6,275.7,27495
2026-04-16 14:50:00,14:50:00,274.95,278.0,273.45,276.0,31395
2026-04-16 14:51:00,14:51:00,276.5,277.85,272.0,272.85,28990
2026-04-16 14:52:00,14:52:00,271.6,279.5,270.05,278.6,47710
2026-04-16 14:53:00,14:53:00,279.5,283.85,273.0,275.2,54990
2026-04-16 14:54:00,14:54:00,274.95,278.0,272.85,274.5,19695
2026-04-16 14:55:00,14:55:00,276.25,283.8,274.5,282.55,53300
2026-04-16 14:56:00,14:56:00,281.9,286.45,278.4,286.3,52390
2026-04-16 14:57:00,14:57:00,285.6,288.45,280.0,284.65,85410
2026-04-16 14:58:00,14:58:00,285.35,287.7,280.0,280.05,40820
2026-04-16 14:59:00,14:59:00,278.7,284.8,278.2,282.0,19760
2026-04-16 15:00:00,15:00:00,279.65,294.5,274.65,290.85,96265
2026-04-16 15:01:00,15:01:00,294.3,304.05,290.85,300.05,169130
2026-04-16 15:02:00,15:02:00,301.55,305.55,291.3,297.9,80665
2026-04-16 15:03:00,15:03:00,297.05,298.2,291.2,293.4,46280
2026-04-16 15:04:00,15:04:00,291.5,297.35,285.6,295.0,95030
2026-04-16 15:05:00,15:05:00,296.25,302.15,295.0,296.1,91520
2026-04-16 15:06:00,15:06:00,295.05,305.55,295.05,305.55,47775
2026-04-16 15:07:00,15:07:00,305.4,311.0,303.0,309.95,84435
2026-04-16 15:08:00,15:08:00,310.5,323.6,309.95,320.65,100815
2026-04-16 15:09:00,15:09:00,322.3,323.8,318.4,320.05,92950
2026-04-16 15:10:00,15:10:00,319.75,320.65,310.35,311.8,74035
2026-04-16 15:11:00,15:11:00,311.7,312.4,306.2,308.55,57785
2026-04-16 15:12:00,15:12:00,308.45,314.7,308.25,312.2,53690
2026-04-16 15:13:00,15:13:00,312.0,316.1,309.9,315.95,32110
2026-04-16 15:14:00,15:14:00,314.3,316.5,312.95,314.25,28665
2026-04-16 15:15:00,15:15:00,313.15,317.6,305.9,307.15,95030
2026-04-16 15:16:00,15:16:00,308.0,313.5,307.15,313.5,17875
2026-04-16 15:17:00,15:17:00,312.95,314.6,310.2,313.15,33020
2026-04-16 15:18:00,15:18:00,313.8,315.0,312.1,312.65,30225
2026-04-16 15:19:00,15:19:00,312.1,312.8,310.05,311.25,45240
2026-04-16 15:20:00,15:20:00,312.0,312.15,307.5,309.9,82225
2026-04-16 15:21:00,15:21:00,309.7,313.5,309.7,312.0,39845
2026-04-16 15:22:00,15:22:00,310.75,313.8,310.75,312.35,43810
2026-04-16 15:23:00,15:23:00,312.0,312.5,308.5,309.6,17355
2026-04-16 15:24:00,15:24:00,310.0,311.8,307.5,310.8,24700
2026-04-16 15:25:00,15:25:00,311.0,311.0,308.5,309.95,18720
2026-04-16 15:26:00,15:26:00,309.2,312.95,309.2,312.3,19110
2026-04-16 15:27:00,15:27:00,312.8,316.55,312.1,316.55,41470
2026-04-16 15:28:00,15:28:00,316.45,323.6,315.8,323.2,59800
2026-04-16 15:29:00,15:29:00,322.0,324.4,320.6,321.35,54730
2026-04-17 09:15:00,09:15:00,337.7,377.0,327.2,327.2,212875
2026-04-17 09:16:00,09:16:00,283.9,292.15,258.5,290.6,137280
2026-04-17 09:17:00,09:17:00,323.6,323.9,295.0,295.2,148525
2026-04-17 09:18:00,09:18:00,297.4,298.4,290.0,294.25,113035
2026-04-17 09:19:00,09:19:00,293.9,302.8,290.75,295.95,113945
2026-04-17 09:20:00,09:20:00,292.3,295.95,286.6,288.0,112970
2026-04-17 09:21:00,09:21:00,287.7,292.6,284.5,289.55,97890
2026-04-17 09:22:00,09:22:00,288.55,289.55,281.85,286.9,92105
2026-04-17 09:23:00,09:23:00,319.95,322.35,314.7,316.65,9165
2026-04-17 09:24:00,09:24:00,282.7,299.95,282.0,298.6,117520
2026-04-17 09:25:00,09:25:00,298.3,298.65,289.35,289.35,125580
2026-04-17 09:26:00,09:26:00,321.7,324.9,314.45,316.9,8255
2026-04-17 09:27:00,09:27:00,282.0,286.2,279.0,284.8,85475
2026-04-17 09:28:00,09:28:00,318.15,318.15,306.45,309.8,17615
2026-04-17 09:29:00,09:29:00,310.25,312.95,308.0,308.0,11830
2026-04-17 09:30:00,09:30:00,274.8,289.7,272.65,288.9,133510
2026-04-17 09:31:00,09:31:00,289.35,295.6,287.9,291.75,134160
2026-04-17 09:32:00,09:32:00,292.35,295.0,286.1,292.45,95810
2026-04-17 09:33:00,09:33:00,291.6,300.05,291.1,295.9,115830
2026-04-17 09:34:00,09:34:00,294.8,303.45,293.1,302.2,118625
2026-04-17 09:35:00,09:35:00,303.05,311.2,302.1,309.85,296790
2026-04-17 09:36:00,09:36:00,309.7,313.55,306.6,312.5,157755
2026-04-17 09:37:00,09:37:00,278.3,286.15,278.3,283.0,85995
2026-04-17 09:38:00,09:38:00,311.3,315.15,287.3,289.95,249145
2026-04-17 09:39:00,09:39:00,290.95,293.5,283.0,291.05,106665
2026-04-17 09:40:00,09:40:00,291.05,291.5,282.9,285.0,99385
2026-04-17 09:41:00,09:41:00,284.5,296.9,284.25,295.6,87555
2026-04-17 09:42:00,09:42:00,297.65,306.75,295.6,305.0,145210
2026-04-17 09:43:00,09:43:00,305.0,313.5,301.0,304.9,141375
2026-04-17 09:44:00,09:44:00,305.5,305.6,299.65,303.0,71305
2026-04-17 09:45:00,09:45:00,302.0,305.0,296.85,301.75,101725
2026-04-17 09:46:00,09:46:00,302.65,302.65,296.05,297.3,47840
2026-04-17 09:47:00,09:47:00,295.5,298.0,289.85,290.25,88010
2026-04-17 09:48:00,09:48:00,291.5,291.6,285.65,289.75,62790
2026-04-17 09:49:00,09:49:00,289.45,289.75,281.3,284.15,64545
2026-04-17 09:50:00,09:50:00,284.0,284.15,277.0,283.7,93145
2026-04-17 09:51:00,09:51:00,283.8,283.8,277.4,281.05,46735
2026-04-17 09:52:00,09:52:00,314.65,315.6,309.75,310.0,9360
2026-04-17 09:53:00,09:53:00,308.0,313.35,308.0,310.65,10140
2026-04-17 09:54:00,09:54:00,277.7,283.0,275.15,277.1,55770
2026-04-17 09:55:00,09:55:00,277.65,285.7,275.15,279.9,84110
2026-04-17 09:56:00,09:56:00,315.1,315.1,301.65,302.85,16055
2026-04-17 09:57:00,09:57:00,302.6,307.7,298.95,306.8,25870
2026-04-17 09:58:00,09:58:00,272.2,283.0,270.65,283.0,72215
2026-04-17 09:59:00,09:59:00,315.75,317.4,305.0,307.2,5525
2026-04-17 10:00:00,10:00:00,307.0,307.2,301.7,302.05,8060
2026-04-17 10:01:00,10:01:00,269.15,287.8,266.0,280.15,131690
2026-04-17 10:02:00,10:02:00,311.0,316.05,306.65,307.2,9880
2026-04-17 10:03:00,10:03:00,306.8,308.7,296.25,297.5,13130
2026-04-17 10:04:00,10:04:00,296.0,297.5,286.05,288.0,24440
2026-04-17 10:05:00,10:05:00,286.55,288.0,281.05,282.9,21190
2026-04-17 10:06:00,10:06:00,283.3,283.3,277.0,277.7,43615
2026-04-17 10:07:00,10:07:00,311.2,312.3,306.95,307.2,101270
2026-04-17 10:08:00,10:08:00,273.95,281.7,272.2,279.7,20995
2026-04-17 10:09:00,10:09:00,281.45,283.0,278.7,280.2,21060
2026-04-17 10:10:00,10:10:00,279.3,283.9,279.3,281.25,16250
2026-04-17 10:11:00,10:11:00,281.65,282.45,279.6,279.95,12740
2026-04-17 10:12:00,10:12:00,280.0,282.0,276.35,276.85,10335
2026-04-17 10:13:00,10:13:00,276.15,276.9,272.4,273.15,10985
2026-04-17 10:14:00,10:14:00,274.05,275.45,271.5,271.8,8385
2026-04-17 10:15:00,10:15:00,304.0,306.0,297.1,297.7,150410
2026-04-17 10:16:00,10:16:00,298.5,298.85,295.0,295.15,78455
2026-04-17 10:17:00,10:17:00,294.4,300.95,292.25,298.4,93535
2026-04-17 10:18:00,10:18:00,299.1,300.15,295.45,295.45,33995
2026-04-17 10:19:00,10:19:00,296.4,299.85,295.45,298.3,26650
2026-04-17 10:20:00,10:20:00,298.1,299.95,295.35,298.35,33410
2026-04-17 10:21:00,10:21:00,299.15,300.4,295.0,296.05,52715
2026-04-17 10:22:00,10:22:00,296.0,296.05,291.05,291.3,39650
2026-04-17 10:23:00,10:23:00,291.65,298.2,291.05,298.2,42120
2026-04-17 10:24:00,10:24:00,296.95,298.2,292.35,294.0,41665
2026-04-17 10:25:00,10:25:00,294.65,294.65,286.75,291.15,71630
2026-04-17 10:26:00,10:26:00,291.0,291.85,285.6,288.0,85150
2026-04-17 10:27:00,10:27:00,287.45,291.0,283.9,285.55,80860
2026-04-17 10:28:00,10:28:00,286.0,288.45,284.15,288.0,63245
2026-04-17 10:29:00,10:29:00,288.0,293.55,284.9,292.8,113555
2026-04-17 10:30:00,10:30:00,293.1,294.0,287.1,293.65,126620
2026-04-17 10:31:00,10:31:00,294.3,298.2,293.55,295.05,120575
2026-04-17 10:32:00,10:32:00,262.05,272.25,262.0,271.25,68510
2026-04-17 10:33:00,10:33:00,271.25,271.35,267.45,270.85,40040
2026-04-17 10:34:00,10:34:00,268.9,277.5,268.85,272.3,39455
2026-04-17 10:35:00,10:35:00,272.9,275.0,269.2,269.2,18980
2026-04-17 10:36:00,10:36:00,269.95,272.55,266.9,267.6,18330
2026-04-17 10:37:00,10:37:00,267.4,277.05,266.85,274.5,20345
2026-04-17 10:38:00,10:38:00,274.7,278.95,274.05,277.8,24895
2026-04-17 10:39:00,10:39:00,278.2,283.0,274.7,281.85,21125
2026-04-17 10:40:00,10:40:00,280.65,286.85,280.65,283.45,26910
2026-04-17 10:41:00,10:41:00,281.25,284.0,276.1,276.75,18850
2026-04-17 10:42:00,10:42:00,276.9,278.2,269.55,275.0,39650
2026-04-17 10:43:00,10:43:00,276.1,280.15,272.15,279.0,10140
2026-04-17 10:44:00,10:44:00,279.0,280.2,273.7,275.05,6955
2026-04-17 10:45:00,10:45:00,275.1,279.6,274.85,275.0,10725
2026-04-17 10:46:00,10:46:00,274.0,275.1,268.4,274.05,15730
2026-04-17 10:47:00,10:47:00,274.5,276.85,270.35,276.3,10075
2026-04-17 10:48:00,10:48:00,275.9,279.0,273.8,276.55,8515
2026-04-17 10:49:00,10:49:00,275.85,276.55,271.05,271.8,8775
2026-04-17 10:50:00,10:50:00,273.1,277.55,271.45,273.0,7020
2026-04-17 10:51:00,10:51:00,272.8,280.3,272.8,278.2,19565
2026-04-17 10:52:00,10:52:00,278.65,279.15,275.25,277.35,9555
2026-04-17 10:53:00,10:53:00,276.2,279.75,276.2,278.45,11180
2026-04-17 10:54:00,10:54:00,278.35,278.45,272.6,276.35,9360
2026-04-17 10:55:00,10:55:00,276.1,276.6,273.6,273.6,6045
2026-04-17 10:56:00,10:56:00,273.9,276.0,271.5,272.0,5265
2026-04-17 10:57:00,10:57:00,272.1,276.0,271.35,274.55,5265
2026-04-17 10:58:00,10:58:00,275.0,279.0,274.55,278.0,4030
2026-04-17 10:59:00,10:59:00,277.8,279.0,275.55,278.7,4030
2026-04-17 11:00:00,11:00:00,279.0,282.0,277.2,277.55,13845
2026-04-17 11:01:00,11:01:00,277.4,278.8,273.65,278.2,8970
2026-04-17 11:02:00,11:02:00,276.95,281.3,274.5,280.75,4355
2026-04-17 11:03:00,11:03:00,281.1,287.1,279.5,286.25,19435
2026-04-17 11:04:00,11:04:00,285.1,291.8,284.0,285.05,61620
2026-04-17 11:05:00,11:05:00,284.25,285.05,278.8,280.85,19240
2026-04-17 11:06:00,11:06:00,279.9,285.0,276.8,281.5,9230
2026-04-17 11:07:00,11:07:00,282.7,282.7,273.3,277.95,15340
2026-04-17 11:08:00,11:08:00,278.75,279.05,276.15,276.55,7735
2026-04-17 11:09:00,11:09:00,276.65,278.6,275.6,276.3,3120
2026-04-17 11:10:00,11:10:00,275.9,277.5,265.1,265.15,44070
2026-04-17 11:11:00,11:11:00,262.9,266.3,262.05,265.95,24765
2026-04-17 11:12:00,11:12:00,266.65,271.15,264.15,270.75,11245
2026-04-17 11:13:00,11:13:00,271.0,272.3,266.4,268.6,8905
2026-04-17 11:14:00,11:14:00,267.75,272.5,267.2,270.7,5070
2026-04-17 11:15:00,11:15:00,269.4,270.7,264.0,264.0,10790
2026-04-17 11:16:00,11:16:00,264.1,266.55,262.5,263.9,8905
2026-04-17 11:17:00,11:17:00,262.65,265.85,262.5,265.5,10920
2026-04-17 11:18:00,11:18:00,299.45,299.55,292.0,296.0,25285
2026-04-17 11:19:00,11:19:00,295.95,298.05,293.35,293.9,34190
2026-04-17 11:20:00,11:20:00,293.75,295.95,290.1,294.45,34255
2026-04-17 11:21:00,11:21:00,294.5,294.5,292.5,293.05,8645
2026-04-17 11:22:00,11:22:00,291.0,293.2,288.9,290.7,52390
2026-04-17 11:23:00,11:23:00,290.1,292.0,289.35,290.1,34385
2026-04-17 11:24:00,11:24:00,258.3,264.0,257.5,262.55,9360
2026-04-17 11:25:00,11:25:00,296.0,296.3,289.7,289.7,32565
2026-04-17 11:26:00,11:26:00,290.3,293.35,289.7,291.35,30290
2026-04-17 11:27:00,11:27:00,258.2,268.0,258.2,264.1,17810
2026-04-17 11:28:00,11:28:00,264.8,267.35,262.5,263.1,14755
2026-04-17 11:29:00,11:29:00,296.6,297.85,292.5,293.6,21580
2026-04-17 11:30:00,11:30:00,293.25,293.75,286.6,291.6,66820
2026-04-17 11:31:00,11:31:00,259.8,262.8,258.75,262.0,6955
2026-04-17 11:32:00,11:32:00,295.3,296.25,292.4,294.0,17680
2026-04-17 11:33:00,11:33:00,294.5,294.5,288.0,288.9,44720
2026-04-17 11:34:00,11:34:00,288.2,291.9,286.65,288.3,40690
2026-04-17 11:35:00,11:35:00,287.3,290.95,285.3,286.6,78715
2026-04-17 11:36:00,11:36:00,285.95,286.6,280.55,284.95,78455
2026-04-17 11:37:00,11:37:00,284.55,284.95,280.05,283.35,55055
2026-04-17 11:38:00,11:38:00,282.35,285.25,281.45,283.9,38610
2026-04-17 11:39:00,11:39:00,284.45,289.65,283.9,286.5,54990
2026-04-17 11:40:00,11:40:00,286.5,287.5,282.85,284.8,23465
2026-04-17 11:41:00,11:41:00,284.25,284.8,280.7,284.05,22815
2026-04-17 11:42:00,11:42:00,284.2,286.9,281.5,282.4,20345
2026-04-17 11:43:00,11:43:00,282.0,282.4,276.45,277.0,60060
2026-04-17 11:44:00,11:44:00,276.9,281.0,275.0,280.45,64805
2026-04-17 11:45:00,11:45:00,280.55,284.9,280.3,283.95,84240
2026-04-17 11:46:00,11:46:00,283.6,285.3,279.3,282.0,40300
2026-04-17 11:47:00,11:47:00,282.45,287.6,280.9,287.0,41080
2026-04-17 11:48:00,11:48:00,287.3,292.45,287.0,287.9,75660
2026-04-17 11:49:00,11:49:00,286.85,293.0,286.85,289.05,45565
2026-04-17 11:50:00,11:50:00,289.1,289.55,280.15,281.0,52260
2026-04-17 11:51:00,11:51:00,281.2,282.95,277.0,277.0,75920
2026-04-17 11:52:00,11:52:00,276.75,281.65,276.75,281.65,42575
2026-04-17 11:53:00,11:53:00,281.4,283.25,274.1,274.9,81315
2026-04-17 11:54:00,11:54:00,274.65,274.9,267.35,270.3,192075
2026-04-17 11:55:00,11:55:00,270.1,272.15,266.55,266.85,161590
2026-04-17 11:56:00,11:56:00,266.7,273.55,266.7,272.8,136240
2026-04-17 11:57:00,11:57:00,272.3,274.0,271.0,272.3,91195
2026-04-17 11:58:00,11:58:00,272.5,281.0,272.1,280.05,130065
2026-04-17 11:59:00,11:59:00,247.5,257.85,246.0,257.85,171015
2026-04-17 12:00:00,12:00:00,256.5,266.6,255.3,264.7,69225
2026-04-17 12:01:00,12:01:00,298.8,299.1,292.0,292.85,101270
2026-04-17 12:02:00,12:02:00,258.95,260.65,257.8,260.5,15210
2026-04-17 12:03:00,12:03:00,260.2,265.4,259.7,263.9,20800
2026-04-17 12:04:00,12:04:00,265.0,267.2,263.9,267.0,14430
2026-04-17 12:05:00,12:05:00,267.75,270.0,265.65,267.0,23400
2026-04-17 12:06:00,12:06:00,267.6,267.6,262.0,262.45,19175
2026-04-17 12:07:00,12:07:00,295.0,295.25,288.9,290.0,76895
2026-04-17 12:08:00,12:08:00,290.0,291.0,286.15,288.8,126230
2026-04-17 12:09:00,12:09:00,289.0,291.2,286.4,289.55,30810
2026-04-17 12:10:00,12:10:00,289.25,291.75,287.35,290.0,28340
2026-04-17 12:11:00,12:11:00,291.0,292.0,285.1,285.1,77285
2026-04-17 12:12:00,12:12:00,285.15,287.55,283.95,285.8,92235
2026-04-17 12:13:00,12:13:00,285.0,292.65,285.0,288.3,114205
2026-04-17 12:14:00,12:14:00,289.3,289.3,284.15,284.55,48880
2026-04-17 12:15:00,12:15:00,284.5,289.35,281.4,281.75,37960
2026-04-17 12:16:00,12:16:00,281.0,284.0,279.3,282.75,56940
2026-04-17 12:17:00,12:17:00,282.9,284.85,280.95,283.85,51935
2026-04-17 12:18:00,12:18:00,282.95,284.95,281.0,281.0,31785
2026-04-17 12:19:00,12:19:00,283.1,286.8,281.0,285.4,13260
2026-04-17 12:20:00,12:20:00,286.5,288.75,282.95,288.75,28795
2026-04-17 12:21:00,12:21:00,288.6,288.9,282.45,287.35,18005
2026-04-17 12:22:00,12:22:00,286.7,289.2,283.0,283.4,43160
2026-04-17 12:23:00,12:23:00,283.15,285.3,281.8,282.7,30550
2026-04-17 12:24:00,12:24:00,282.65,283.0,280.15,281.4,43160
2026-04-17 12:25:00,12:25:00,281.45,284.7,280.3,283.0,17485
2026-04-17 12:26:00,12:26:00,282.45,284.1,280.55,280.55,24375
2026-04-17 12:27:00,12:27:00,280.1,283.5,280.0,282.75,12610
2026-04-17 12:28:00,12:28:00,283.4,286.5,282.75,286.0,25805
2026-04-17 12:29:00,12:29:00,286.35,287.65,284.65,287.65,26650
2026-04-17 12:30:00,12:30:00,287.35,290.6,285.0,288.05,55250
2026-04-17 12:31:00,12:31:00,287.35,289.0,286.0,289.0,34970
2026-04-17 12:32:00,12:32:00,256.0,262.9,255.0,261.45,23595
2026-04-17 12:33:00,12:33:00,261.4,265.0,258.5,258.5,21255
2026-04-17 12:34:00,12:34:00,260.4,265.55,258.5,265.0,20865
2026-04-17 12:35:00,12:35:00,265.7,266.6,261.2,261.2,12285
2026-04-17 12:36:00,12:36:00,261.35,263.0,258.85,262.95,8775
2026-04-17 12:37:00,12:37:00,261.5,264.4,260.65,264.4,9490
2026-04-17 12:38:00,12:38:00,263.7,264.75,260.75,261.95,7475
2026-04-17 12:39:00,12:39:00,263.8,266.6,261.95,266.6,11440
2026-04-17 12:40:00,12:40:00,267.0,269.05,264.6,264.6,18590
2026-04-17 12:41:00,12:41:00,264.65,264.65,262.3,263.1,7540
2026-04-17 12:42:00,12:42:00,262.0,263.1,257.8,258.6,30030
2026-04-17 12:43:00,12:43:00,257.65,261.05,257.05,260.25,5915
2026-04-17 12:44:00,12:44:00,260.25,268.15,260.25,263.0,13910
2026-04-17 12:45:00,12:45:00,261.4,263.25,257.5,259.3,11570
2026-04-17 12:46:00,12:46:00,292.4,294.0,290.1,292.7,29640
2026-04-17 12:47:00,12:47:00,259.7,263.0,257.65,262.7,7475
2026-04-17 12:48:00,12:48:00,262.6,267.85,262.0,264.4,19045
2026-04-17 12:49:00,12:49:00,265.2,265.2,260.0,261.15,16575
2026-04-17 12:50:00,12:50:00,260.6,261.55,258.5,260.9,7345
2026-04-17 12:51:00,12:51:00,261.15,267.55,260.9,265.7,12220
2026-04-17 12:52:00,12:52:00,264.65,270.65,263.8,268.85,18070
2026-04-17 12:53:00,12:53:00,269.6,271.25,267.0,267.6,12675
2026-04-17 12:54:00,12:54:00,267.2,268.25,265.5,268.25,10725
2026-04-17 12:55:00,12:55:00,267.0,269.6,264.25,264.25,10725
2026-04-17 12:56:00,12:56:00,264.05,265.55,261.9,264.65,9620
2026-04-17 12:57:00,12:57:00,263.85,269.6,263.25,268.5,6630
2026-04-17 12:58:00,12:58:00,268.0,270.95,268.0,268.0,8775
2026-04-17 12:59:00,12:59:00,267.2,269.65,264.3,264.3,3705
2026-04-17 13:00:00,13:00:00,265.65,266.1,260.35,260.35,15470
2026-04-17 13:01:00,13:01:00,259.9,264.35,259.9,261.9,7020
2026-04-17 13:02:00,13:02:00,261.4,263.45,258.4,262.45,10140
2026-04-17 13:03:00,13:03:00,261.6,266.0,261.25,264.0,11050
2026-04-17 13:04:00,13:04:00,263.65,264.0,259.0,262.6,6565
2026-04-17 13:05:00,13:05:00,261.85,262.9,258.0,258.0,6955
2026-04-17 13:06:00,13:06:00,292.5,292.5,287.25,290.45,99255
2026-04-17 13:07:00,13:07:00,290.0,291.75,286.5,287.3,64480
2026-04-17 13:08:00,13:08:00,286.05,287.4,283.65,283.65,62075
2026-04-17 13:09:00,13:09:00,283.05,284.1,280.45,284.0,66755
2026-04-17 13:10:00,13:10:00,283.5,284.0,280.85,280.85,20865
2026-04-17 13:11:00,13:11:00,281.25,282.95,279.25,280.25,37700
2026-04-17 13:12:00,13:12:00,279.85,281.0,276.85,276.85,58175
2026-04-17 13:13:00,13:13:00,278.05,280.95,276.85,279.85,70460
2026-04-17 13:14:00,13:14:00,279.85,282.0,279.2,280.5,40495
2026-04-17 13:15:00,13:15:00,281.65,282.6,278.3,280.45,61750
2026-04-17 13:16:00,13:16:00,279.25,284.95,279.25,283.5,43550
2026-04-17 13:17:00,13:17:00,283.3,288.2,281.85,285.6,71175
2026-04-17 13:18:00,13:18:00,252.45,256.05,252.0,255.0,11635
2026-04-17 13:19:00,13:19:00,254.05,257.0,252.6,256.35,16900
2026-04-17 13:20:00,13:20:00,256.15,256.35,252.35,254.15,5005
2026-04-17 13:21:00,13:21:00,253.7,256.85,253.65,256.0,15015
2026-04-17 13:22:00,13:22:00,256.4,256.8,250.45,250.45,13325
2026-04-17 13:23:00,13:23:00,285.45,285.45,277.55,280.1,73515
2026-04-17 13:24:00,13:24:00,247.75,254.95,247.0,253.8,6890
2026-04-17 13:25:00,13:25:00,253.85,255.55,253.0,254.5,20670
2026-04-17 13:26:00,13:26:00,255.15,258.3,252.45,252.45,19110
2026-04-17 13:27:00,13:27:00,287.15,288.55,280.0,280.65,38220
2026-04-17 13:28:00,13:28:00,280.45,281.95,276.6,276.6,45175
2026-04-17 13:29:00,13:29:00,277.35,279.8,274.45,274.55,51415
2026-04-17 13:30:00,13:30:00,272.6,277.65,272.6,277.0,51285
2026-04-17 13:31:00,13:31:00,277.2,278.0,273.6,274.1,56420
2026-04-17 13:32:00,13:32:00,275.0,278.55,273.2,273.2,52975
2026-04-17 13:33:00,13:33:00,272.95,275.4,272.75,274.5,26000
2026-04-17 13:34:00,13:34:00,274.4,274.9,273.0,273.85,32045
2026-04-17 13:35:00,13:35:00,272.6,277.8,272.6,277.7,42120
2026-04-17 13:36:00,13:36:00,277.4,277.95,275.75,276.8,24700
2026-04-17 13:37:00,13:37:00,276.8,276.8,274.3,275.2,18070
2026-04-17 13:38:00,13:38:00,275.5,276.8,273.15,273.2,25545
2026-04-17 13:39:00,13:39:00,273.75,273.75,267.45,270.45,125060
2026-04-17 13:40:00,13:40:00,272.2,272.3,266.9,267.85,84630
2026-04-17 13:41:00,13:41:00,268.0,268.8,261.9,261.9,107835
2026-04-17 13:42:00,13:42:00,262.35,264.45,261.05,261.45,91520
2026-04-17 13:43:00,13:43:00,262.05,269.9,261.45,267.1,81055
2026-04-17 13:44:00,13:44:00,267.05,272.85,267.05,272.45,88660
2026-04-17 13:45:00,13:45:00,272.45,272.45,268.1,269.7,82550
2026-04-17 13:46:00,13:46:00,270.4,272.75,267.3,267.3,65910
2026-04-17 13:47:00,13:47:00,267.85,269.8,267.3,269.05,57330
2026-04-17 13:48:00,13:48:00,268.65,269.05,266.5,267.75,35880
2026-04-17 13:49:00,13:49:00,269.0,270.45,267.3,269.25,60320
2026-04-17 13:50:00,13:50:00,268.7,270.95,268.5,269.6,18460
2026-04-17 13:51:00,13:51:00,270.25,271.35,268.95,268.95,25220
2026-04-17 13:52:00,13:52:00,268.95,270.85,267.6,270.05,22100
2026-04-17 13:53:00,13:53:00,270.45,275.35,269.95,271.95,125125
2026-04-17 13:54:00,13:54:00,272.35,272.45,268.7,269.35,32435
2026-04-17 13:55:00,13:55:00,268.8,270.55,268.25,270.55,33410
2026-04-17 13:56:00,13:56:00,270.45,277.85,270.45,273.35,93860
2026-04-17 13:57:00,13:57:00,273.9,274.05,270.1,271.35,36725
2026-04-17 13:58:00,13:58:00,270.9,272.7,269.1,270.0,36920
2026-04-17 13:59:00,13:59:00,269.9,271.3,268.5,271.1,24115
2026-04-17 14:00:00,14:00:00,271.25,271.7,266.05,267.0,44135
2026-04-17 14:01:00,14:01:00,267.6,267.6,265.0,266.2,32760
2026-04-17 14:02:00,14:02:00,266.05,267.6,265.05,266.0,22815
2026-04-17 14:03:00,14:03:00,266.0,267.65,265.4,267.65,14885
2026-04-17 14:04:00,14:04:00,267.8,275.0,267.65,273.45,69030
2026-04-17 14:05:00,14:05:00,274.6,275.25,270.3,270.3,69875
2026-04-17 14:06:00,14:06:00,270.0,271.75,266.25,268.85,42185
2026-04-17 14:07:00,14:07:00,268.6,268.85,262.95,265.0,55185
2026-04-17 14:08:00,14:08:00,265.0,270.0,264.35,268.25,32890
2026-04-17 14:09:00,14:09:00,266.2,268.25,264.0,266.7,43095
2026-04-17 14:10:00,14:10:00,266.6,267.45,262.55,263.0,28990
2026-04-17 14:11:00,14:11:00,263.5,263.5,259.6,261.1,72865
2026-04-17 14:12:00,14:12:00,261.0,262.5,260.0,261.95,66690
2026-04-17 14:13:00,14:13:00,262.2,266.0,261.1,265.55,65065
2026-04-17 14:14:00,14:14:00,265.35,269.6,265.35,267.3,72605
2026-04-17 14:15:00,14:15:00,267.25,267.6,265.95,267.15,62465
2026-04-17 14:16:00,14:16:00,266.9,267.3,263.0,263.0,35750
2026-04-17 14:17:00,14:17:00,261.55,265.95,257.8,265.95,122980
2026-04-17 14:18:00,14:18:00,267.8,269.0,261.0,261.3,75075
2026-04-17 14:19:00,14:19:00,263.0,263.4,261.3,262.85,55185
2026-04-17 14:20:00,14:20:00,262.5,262.85,254.35,255.7,107055
2026-04-17 14:21:00,14:21:00,288.0,292.2,287.65,289.95,39065
2026-04-17 14:22:00,14:22:00,257.7,265.0,256.35,261.75,117455
2026-04-17 14:23:00,14:23:00,261.55,262.65,260.15,261.55,27365
2026-04-17 14:24:00,14:24:00,261.0,262.45,257.6,258.3,51025
2026-04-17 14:25:00,14:25:00,258.5,261.65,258.0,261.35,29510
2026-04-17 14:26:00,14:26:00,260.6,266.9,260.45,266.05,71045
2026-04-17 14:27:00,14:27:00,266.7,267.0,264.0,265.35,57135
2026-04-17 14:28:00,14:28:00,264.5,268.35,263.0,267.6,82355
2026-04-17 14:29:00,14:29:00,268.1,269.5,266.55,268.95,97760
2026-04-17 14:30:00,14:30:00,269.0,271.0,265.0,266.65,101205
2026-04-17 14:31:00,14:31:00,266.25,267.1,263.95,265.6,66430
2026-04-17 14:32:00,14:32:00,265.15,267.95,264.5,265.2,53040
2026-04-17 14:33:00,14:33:00,265.4,267.0,263.0,264.85,38480
2026-04-17 14:34:00,14:34:00,264.1,265.85,261.0,261.75,41015
2026-04-17 14:35:00,14:35:00,261.0,262.95,259.0,260.6,62660
2026-04-17 14:36:00,14:36:00,262.0,262.0,254.6,254.7,142480
2026-04-17 14:37:00,14:37:00,254.05,256.1,253.0,255.75,122655
2026-04-17 14:38:00,14:38:00,289.1,291.0,284.75,285.25,9555
2026-04-17 14:39:00,14:39:00,284.0,287.25,283.05,285.4,10790
2026-04-17 14:40:00,14:40:00,287.4,288.0,282.95,287.3,3965
2026-04-17 14:41:00,14:41:00,287.1,289.2,286.0,286.0,5200
2026-04-17 14:42:00,14:42:00,285.0,286.05,281.0,281.3,8905
2026-04-17 14:43:00,14:43:00,283.5,285.2,277.75,283.3,34255
2026-04-17 14:44:00,14:44:00,282.55,283.3,278.2,278.75,13455
2026-04-17 14:45:00,14:45:00,279.2,280.0,273.2,274.2,18590
2026-04-17 14:46:00,14:46:00,275.25,275.25,267.85,268.75,60060
2026-04-17 14:47:00,14:47:00,268.2,279.0,268.2,276.95,23725
2026-04-17 14:48:00,14:48:00,277.0,278.3,275.3,278.05,5590
2026-04-17 14:49:00,14:49:00,276.45,278.05,273.8,275.5,8840
2026-04-17 14:50:00,14:50:00,275.55,276.95,274.4,274.4,3900
2026-04-17 14:51:00,14:51:00,274.7,274.7,269.4,270.4,5785
2026-04-17 14:52:00,14:52:00,269.9,273.05,267.8,271.8,23920
2026-04-17 14:53:00,14:53:00,271.95,273.1,270.8,272.65,4745
2026-04-17 14:54:00,14:54:00,272.05,273.15,270.95,272.0,5070
2026-04-17 14:55:00,14:55:00,272.8,273.95,270.0,271.15,6565
2026-04-17 14:56:00,14:56:00,271.8,275.35,271.15,273.2,11440
2026-04-17 14:57:00,14:57:00,273.3,275.45,269.85,269.85,13455
2026-04-17 14:58:00,14:58:00,269.6,271.1,268.0,268.55,9035
2026-04-17 14:59:00,14:59:00,269.3,269.9,265.75,269.0,8970
2026-04-17 15:00:00,15:00:00,266.1,285.05,263.95,280.8,46215
2026-04-17 15:01:00,15:01:00,281.1,281.9,277.0,280.6,44070
2026-04-17 15:02:00,15:02:00,282.0,283.55,279.8,281.0,12740
2026-04-17 15:03:00,15:03:00,282.0,282.0,278.0,279.45,6955
2026-04-17 15:04:00,15:04:00,278.0,279.45,269.5,270.4,17810
2026-04-17 15:05:00,15:05:00,269.7,271.25,266.75,268.05,57005
2026-04-17 15:06:00,15:06:00,267.6,271.1,267.35,270.5,111540
2026-04-17 15:07:00,15:07:00,269.6,270.5,267.85,268.9,59280
2026-04-17 15:08:00,15:08:00,269.95,272.9,266.65,268.25,12675
2026-04-17 15:09:00,15:09:00,268.6,269.55,268.1,268.5,3380
2026-04-17 15:10:00,15:10:00,269.4,269.85,266.85,267.65,14560
2026-04-17 15:11:00,15:11:00,268.6,268.6,266.7,266.7,10660
2026-04-17 15:12:00,15:12:00,265.4,268.05,265.2,265.85,22230
2026-04-17 15:13:00,15:13:00,265.0,266.4,262.5,266.4,12350
2026-04-17 15:14:00,15:14:00,265.5,266.65,264.25,265.0,4940
2026-04-17 15:15:00,15:15:00,266.15,271.8,265.0,270.8,15145
2026-04-17 15:16:00,15:16:00,271.25,272.0,266.3,267.0,7150
2026-04-17 15:17:00,15:17:00,268.55,269.1,265.3,267.2,11310
2026-04-17 15:18:00,15:18:00,267.3,268.5,266.3,267.25,5915
2026-04-17 15:19:00,15:19:00,267.1,268.0,265.65,267.35,7995
2026-04-17 15:20:00,15:20:00,268.05,270.0,267.25,269.15,18135
2026-04-17 15:21:00,15:21:00,269.45,270.9,267.45,267.5,13000
2026-04-17 15:22:00,15:22:00,268.1,268.1,262.6,264.7,20150
2026-04-17 15:23:00,15:23:00,264.65,264.7,262.4,262.95,9230
2026-04-17 15:24:00,15:24:00,263.55,264.65,262.95,264.45,5915
2026-04-17 15:25:00,15:25:00,267.0,268.5,264.45,268.0,12740
2026-04-17 15:26:00,15:26:00,268.05,268.1,266.55,267.3,6565
2026-04-17 15:27:00,15:27:00,267.2,269.75,266.65,266.65,17550
2026-04-17 15:28:00,15:28:00,266.6,267.25,263.7,264.9,8255
2026-04-17 15:29:00,15:29:00,265.05,265.05,251.9,251.9,38415
2026-04-20 09:15:00,09:15:00,121.0,156.85,98.3,148.85,4523675
2026-04-20 09:16:00,09:16:00,119.6,137.0,117.7,128.55,2786485
2026-04-20 09:17:00,09:17:00,150.2,156.35,135.55,136.55,2937675
2026-04-20 09:18:00,09:18:00,136.9,144.6,130.9,141.45,2932150
2026-04-20 09:19:00,09:19:00,168.0,169.45,149.35,149.35,795925
2026-04-20 09:20:00,09:20:00,148.95,150.15,136.95,138.4,1534715
2026-04-20 09:21:00,09:21:00,136.3,143.8,135.7,136.9,1226940
2026-04-20 09:22:00,09:22:00,162.35,163.75,154.45,157.7,900445
2026-04-20 09:23:00,09:23:00,157.35,159.15,153.0,155.1,711555
2026-04-20 09:24:00,09:24:00,156.4,157.05,149.5,152.0,914030
2026-04-20 09:25:00,09:25:00,152.8,153.05,138.65,142.05,1856335
2026-04-20 09:26:00,09:26:00,142.15,157.35,141.35,155.6,1740245
2026-04-20 09:27:00,09:27:00,156.65,156.65,150.3,150.7,986050
2026-04-20 09:28:00,09:28:00,150.5,150.7,141.65,147.55,1292785
2026-04-20 09:29:00,09:29:00,148.55,154.6,147.1,153.65,716625
2026-04-20 09:30:00,09:30:00,154.25,157.05,148.85,155.75,1358500
2026-04-20 09:31:00,09:31:00,133.7,137.0,131.05,134.6,1672775
2026-04-20 09:32:00,09:32:00,135.9,148.55,132.75,145.15,2216370
2026-04-20 09:33:00,09:33:00,144.65,145.5,131.3,134.65,1691755
2026-04-20 09:34:00,09:34:00,134.2,144.5,133.8,138.1,1088230
2026-04-20 09:35:00,09:35:00,136.9,142.25,133.0,136.5,858715
2026-04-20 09:36:00,09:36:00,136.55,143.1,131.6,140.6,965575
2026-04-20 09:37:00,09:37:00,141.45,142.1,137.45,140.2,704340
2026-04-20 09:38:00,09:38:00,139.5,145.55,135.6,143.45,1361360
2026-04-20 09:39:00,09:39:00,145.15,145.7,139.3,141.55,838630
2026-04-20 09:40:00,09:40:00,142.35,147.3,141.15,141.35,1088230
2026-04-20 09:41:00,09:41:00,140.4,150.15,136.9,149.3,1298960
2026-04-20 09:42:00,09:42:00,126.45,130.2,121.45,126.55,2649530
2026-04-20 09:43:00,09:43:00,126.0,136.3,126.0,135.65,2815930
2026-04-20 09:44:00,09:44:00,135.95,142.1,134.35,139.1,3164525
2026-04-20 09:45:00,09:45:00,141.2,145.55,138.1,140.8,3113565
2026-04-20 09:46:00,09:46:00,139.6,146.55,139.6,145.6,1860885
2026-04-20 09:47:00,09:47:00,148.0,154.05,145.6,151.85,2991495
2026-04-20 09:48:00,09:48:00,151.15,152.9,148.35,150.65,1434095
2026-04-20 09:49:00,09:49:00,151.4,151.4,143.25,146.6,1435720
2026-04-20 09:50:00,09:50:00,145.75,151.9,145.7,146.4,1460745
2026-04-20 09:51:00,09:51:00,147.15,148.8,140.6,145.5,1314820
2026-04-20 09:52:00,09:52:00,145.8,146.7,139.4,141.05,1182155
2026-04-20 09:53:00,09:53:00,141.55,142.4,132.3,137.2,1946230
2026-04-20 09:54:00,09:54:00,163.2,163.2,149.35,150.4,862355
2026-04-20 09:55:00,09:55:00,150.7,156.1,147.2,149.85,1206985
2026-04-20 09:56:00,09:56:00,150.4,157.4,149.85,155.55,931645
2026-04-20 09:57:00,09:57:00,156.2,158.5,152.75,157.1,673335
2026-04-20 09:58:00,09:58:00,132.25,134.15,129.85,131.4,1050595
2026-04-20 09:59:00,09:59:00,157.2,158.45,152.05,153.0,411060
2026-04-20 10:00:00,10:00:00,153.35,157.3,151.05,152.15,469105
2026-04-20 10:01:00,10:01:00,150.75,154.75,148.55,153.2,474240
2026-04-20 10:02:00,10:02:00,154.6,155.4,144.55,145.95,635700
2026-04-20 10:03:00,10:03:00,144.7,145.95,134.4,136.95,1437085
2026-04-20 10:04:00,10:04:00,137.5,144.75,136.95,139.6,802815
2026-04-20 10:05:00,10:05:00,139.2,139.7,136.15,136.7,433420
2026-04-20 10:06:00,10:06:00,136.55,141.95,136.2,138.35,472095
2026-04-20 10:07:00,10:07:00,138.9,139.3,132.3,133.2,611650
2026-04-20 10:08:00,10:08:00,158.5,159.0,152.0,152.05,936065
2026-04-20 10:09:00,10:09:00,152.65,153.55,146.5,148.6,942955
2026-04-20 10:10:00,10:10:00,148.2,152.95,147.5,148.05,913705
2026-04-20 10:11:00,10:11:00,149.1,152.55,148.05,152.0,489905
2026-04-20 10:12:00,10:12:00,127.2,134.2,125.65,133.95,698685
2026-04-20 10:13:00,10:13:00,133.85,134.35,128.6,128.7,670670
2026-04-20 10:14:00,10:14:00,155.5,156.5,149.5,152.05,460850
2026-04-20 10:15:00,10:15:00,151.2,155.75,149.85,150.55,693355
2026-04-20 10:16:00,10:16:00,150.05,151.4,147.2,148.55,630500
2026-04-20 10:17:00,10:17:00,148.55,148.65,141.3,143.6,1113710
2026-04-20 10:18:00,10:18:00,143.45,149.45,142.0,145.45,779610
2026-04-20 10:19:00,10:19:00,145.5,148.05,144.2,145.5,473525
2026-04-20 10:20:00,10:20:00,145.25,149.3,143.45,148.95,546780
2026-04-20 10:21:00,10:21:00,148.85,154.6,148.8,148.8,1112345
2026-04-20 10:22:00,10:22:00,148.0,149.35,144.3,146.4,497705
2026-04-20 10:23:00,10:23:00,146.3,147.55,143.4,143.4,346125
2026-04-20 10:24:00,10:24:00,142.7,143.4,138.55,141.75,1120405
2026-04-20 10:25:00,10:25:00,143.1,148.35,141.75,143.8,862875
2026-04-20 10:26:00,10:26:00,143.35,143.8,139.35,139.5,525070
2026-04-20 10:27:00,10:27:00,141.0,144.45,139.5,141.1,561210
2026-04-20 10:28:00,10:28:00,141.3,142.85,136.05,136.9,1008280
2026-04-20 10:29:00,10:29:00,135.35,138.7,135.0,135.1,800215
2026-04-20 10:30:00,10:30:00,160.65,161.0,148.85,150.8,702195
2026-04-20 10:31:00,10:31:00,150.1,152.25,147.1,149.2,491855
2026-04-20 10:32:00,10:32:00,149.6,150.55,145.0,145.75,504140
2026-04-20 10:33:00,10:33:00,145.2,149.65,143.65,145.75,619775
2026-04-20 10:34:00,10:34:00,145.6,150.55,144.7,148.9,554710
2026-04-20 10:35:00,10:35:00,148.55,150.45,145.45,147.0,293670
2026-04-20 10:36:00,10:36:00,147.0,148.4,144.9,147.85,234455
2026-04-20 10:37:00,10:37:00,148.3,148.65,144.75,145.65,237315
2026-04-20 10:38:00,10:38:00,145.95,150.3,145.2,149.9,275470
2026-04-20 10:39:00,10:39:00,150.05,153.05,147.0,148.35,448500
2026-04-20 10:40:00,10:40:00,148.0,148.35,142.45,143.1,502255
2026-04-20 10:41:00,10:41:00,142.5,145.0,141.75,144.35,271050
2026-04-20 10:42:00,10:42:00,143.95,146.7,142.9,143.05,278200
2026-04-20 10:43:00,10:43:00,143.85,145.95,141.35,142.05,253240
2026-04-20 10:44:00,10:44:00,142.1,142.95,139.95,141.95,324675
2026-04-20 10:45:00,10:45:00,143.0,148.3,141.95,148.3,615420
2026-04-20 10:46:00,10:46:00,124.35,128.4,123.8,127.05,1536535
2026-04-20 10:47:00,10:47:00,150.75,152.7,145.75,147.45,393510
2026-04-20 10:48:00,10:48:00,147.4,147.5,145.25,145.85,172900
2026-04-20 10:49:00,10:49:00,146.45,149.9,145.85,147.5,240110
2026-04-20 10:50:00,10:50:00,123.45,129.55,123.0,128.65,834730
2026-04-20 10:51:00,10:51:00,128.4,132.7,128.4,131.55,1434680
2026-04-20 10:52:00,10:52:00,130.6,131.55,126.0,129.15,1028820
2026-04-20 10:53:00,10:53:00,153.95,153.95,150.3,150.7,190320
2026-04-20 10:54:00,10:54:00,149.55,152.7,148.75,150.4,191100
2026-04-20 10:55:00,10:55:00,126.5,131.35,126.2,130.1,669045
2026-04-20 10:56:00,10:56:00,130.05,131.75,128.65,128.65,663780
2026-04-20 10:57:00,10:57:00,152.95,152.95,149.4,149.85,281385
2026-04-20 10:58:00,10:58:00,149.3,150.7,146.75,147.85,267085
2026-04-20 10:59:00,10:59:00,147.35,149.5,146.7,146.95,196820
2026-04-20 11:00:00,11:00:00,123.15,130.4,123.1,127.0,662025
2026-04-20 11:01:00,11:01:00,127.2,129.75,125.8,128.85,499590
2026-04-20 11:02:00,11:02:00,127.55,131.2,126.95,129.7,517075
2026-04-20 11:03:00,11:03:00,129.65,130.85,125.45,125.45,602680
2026-04-20 11:04:00,11:04:00,149.3,150.8,143.45,144.5,394030
2026-04-20 11:05:00,11:05:00,145.55,148.05,144.5,144.9,306930
2026-04-20 11:06:00,11:06:00,144.5,151.5,142.9,150.15,398385
2026-04-20 11:07:00,11:07:00,150.25,150.25,147.2,149.65,180895
2026-04-20 11:08:00,11:08:00,125.7,131.55,124.85,131.3,649090
2026-04-20 11:09:00,11:09:00,131.8,135.55,131.3,134.05,1633515
2026-04-20 11:10:00,11:10:00,135.0,139.35,133.0,134.8,2252770
2026-04-20 11:11:00,11:11:00,135.95,137.3,134.05,136.5,805350
2026-04-20 11:12:00,11:12:00,136.0,136.5,130.2,130.65,913835
2026-04-20 11:13:00,11:13:00,133.05,133.25,128.3,128.65,717080
2026-04-20 11:14:00,11:14:00,129.1,135.85,128.1,135.6,940615
2026-04-20 11:15:00,11:15:00,135.0,135.6,126.25,126.25,918320
2026-04-20 11:16:00,11:16:00,127.25,130.5,124.8,130.0,1146990
2026-04-20 11:17:00,11:17:00,130.6,130.6,126.25,126.95,553150
2026-04-20 11:18:00,11:18:00,151.0,151.85,144.7,147.8,339170
2026-04-20 11:19:00,11:19:00,147.6,152.65,147.4,149.9,273975
2026-04-20 11:20:00,11:20:00,150.3,150.4,146.45,146.5,147355
2026-04-20 11:21:00,11:21:00,147.0,149.9,145.0,145.3,179790
2026-04-20 11:22:00,11:22:00,145.0,149.65,143.9,146.05,277290
2026-04-20 11:23:00,11:23:00,145.6,147.5,142.6,143.0,258180
2026-04-20 11:24:00,11:24:00,140.25,143.0,135.4,138.05,1010815
2026-04-20 11:25:00,11:25:00,137.6,138.8,132.75,132.75,673140
2026-04-20 11:26:00,11:26:00,133.7,134.9,132.75,134.45,393575
2026-04-20 11:27:00,11:27:00,134.45,140.0,134.0,136.0,569595
2026-04-20 11:28:00,11:28:00,135.85,136.0,131.95,132.5,380380
2026-04-20 11:29:00,11:29:00,132.65,132.65,129.6,132.2,617890
2026-04-20 11:30:00,11:30:00,130.7,132.6,129.0,131.55,517530
2026-04-20 11:31:00,11:31:00,132.0,136.35,131.55,133.65,634270
2026-04-20 11:32:00,11:32:00,134.1,135.1,130.45,131.7,362375
2026-04-20 11:33:00,11:33:00,131.55,133.0,130.0,132.2,260390
2026-04-20 11:34:00,11:34:00,132.45,133.0,130.7,132.4,278070
2026-04-20 11:35:00,11:35:00,132.0,133.9,130.5,130.5,426855
2026-04-20 11:36:00,11:36:00,130.55,135.05,130.15,133.6,376740
2026-04-20 11:37:00,11:37:00,133.2,135.25,132.35,134.9,275470
2026-04-20 11:38:00,11:38:00,135.15,138.9,133.5,133.5,576550
2026-04-20 11:39:00,11:39:00,133.35,134.35,131.85,132.2,286585
2026-04-20 11:40:00,11:40:00,132.5,133.85,130.95,131.75,209625
2026-04-20 11:41:00,11:41:00,131.45,135.95,131.45,133.4,270400
2026-04-20 11:42:00,11:42:00,134.25,134.25,130.5,130.5,246090
2026-04-20 11:43:00,11:43:00,130.0,131.0,128.9,130.45,402415
2026-04-20 11:44:00,11:44:00,130.0,133.65,128.4,131.85,457795
2026-04-20 11:45:00,11:45:00,132.4,132.4,129.3,129.65,285155
2026-04-20 11:46:00,11:46:00,129.2,129.65,126.7,128.45,484575
2026-04-20 11:47:00,11:47:00,128.2,128.5,126.1,127.3,415025
2026-04-20 11:48:00,11:48:00,127.0,132.15,125.4,131.25,513435
2026-04-20 11:49:00,11:49:00,130.95,132.35,128.3,128.4,345280
2026-04-20 11:50:00,11:50:00,129.45,132.0,128.4,131.65,281255
2026-04-20 11:51:00,11:51:00,131.35,133.75,129.9,133.75,523835
2026-04-20 11:52:00,11:52:00,133.6,134.35,131.55,132.75,337870
2026-04-20 11:53:00,11:53:00,131.3,133.5,130.8,130.8,240565
2026-04-20 11:54:00,11:54:00,131.55,132.0,129.5,130.5,282880
2026-04-20 11:55:00,11:55:00,130.05,132.6,129.3,132.0,206440
2026-04-20 11:56:00,11:56:00,132.15,133.8,130.6,132.0,230620
2026-04-20 11:57:00,11:57:00,131.7,132.55,129.75,130.5,178945
2026-04-20 11:58:00,11:58:00,130.1,130.9,128.3,128.8,234650
2026-04-20 11:59:00,11:59:00,128.95,133.4,128.8,130.5,303355
2026-04-20 12:00:00,12:00:00,130.2,130.75,126.4,128.3,517790
2026-04-20 12:01:00,12:01:00,128.7,131.8,127.35,131.25,268645
2026-04-20 12:02:00,12:02:00,131.6,132.7,128.05,128.3,388570
2026-04-20 12:03:00,12:03:00,128.1,132.05,128.1,132.05,176280
2026-04-20 12:04:00,12:04:00,132.05,132.8,130.35,132.1,290095
2026-04-20 12:05:00,12:05:00,131.6,135.3,131.0,135.1,584350
2026-04-20 12:06:00,12:06:00,135.5,137.0,133.35,133.35,754130
2026-04-20 12:07:00,12:07:00,134.15,136.25,132.35,135.4,461500
2026-04-20 12:08:00,12:08:00,135.0,135.4,132.05,132.9,528580
2026-04-20 12:09:00,12:09:00,133.95,137.4,132.9,136.5,534755
2026-04-20 12:10:00,12:10:00,136.05,140.85,136.05,139.7,842270
2026-04-20 12:11:00,12:11:00,139.75,140.65,137.15,138.5,456690
2026-04-20 12:12:00,12:12:00,138.25,139.3,135.2,138.7,383500
2026-04-20 12:13:00,12:13:00,138.8,143.7,138.0,143.45,788515
2026-04-20 12:14:00,12:14:00,144.0,149.6,142.5,142.95,1133470
2026-04-20 12:15:00,12:15:00,143.45,145.4,141.35,142.25,557700
2026-04-20 12:16:00,12:16:00,141.6,148.7,139.45,146.35,709280
2026-04-20 12:17:00,12:17:00,145.6,148.45,144.0,146.8,566670
2026-04-20 12:18:00,12:18:00,145.5,147.7,143.9,146.0,362375
2026-04-20 12:19:00,12:19:00,144.8,149.5,144.5,145.0,455065
2026-04-20 12:20:00,12:20:00,145.0,145.7,141.75,141.75,372645
2026-04-20 12:21:00,12:21:00,141.6,144.0,140.7,144.0,367120
2026-04-20 12:22:00,12:22:00,144.2,144.3,138.65,139.25,391950
2026-04-20 12:23:00,12:23:00,138.75,143.3,138.35,139.85,386490
2026-04-20 12:24:00,12:24:00,139.75,141.05,136.7,136.75,343265
2026-04-20 12:25:00,12:25:00,136.4,138.6,135.0,135.0,379600
2026-04-20 12:26:00,12:26:00,135.35,140.35,128.1,128.85,992095
2026-04-20 12:27:00,12:27:00,129.3,131.2,127.1,127.9,442780
2026-04-20 12:28:00,12:28:00,128.2,132.95,127.15,132.8,502255
2026-04-20 12:29:00,12:29:00,132.85,133.45,126.45,128.25,497445
2026-04-20 12:30:00,12:30:00,123.7,129.35,123.4,127.7,942435
2026-04-20 12:31:00,12:31:00,127.95,133.35,127.7,130.25,511290
2026-04-20 12:32:00,12:32:00,130.9,130.9,125.35,125.35,297440
2026-04-20 12:33:00,12:33:00,126.35,126.6,121.7,123.4,767975
2026-04-20 12:34:00,12:34:00,123.4,124.65,121.8,123.7,350805
2026-04-20 12:35:00,12:35:00,124.3,125.8,121.25,124.9,359450
2026-04-20 12:36:00,12:36:00,124.85,131.1,123.85,126.7,665925
2026-04-20 12:37:00,12:37:00,127.0,128.85,125.35,128.4,244465
2026-04-20 12:38:00,12:38:00,129.3,129.6,122.5,122.85,457795
2026-04-20 12:39:00,12:39:00,123.45,125.45,121.95,124.35,305305
2026-04-20 12:40:00,12:40:00,124.3,127.65,122.5,126.0,348595
2026-04-20 12:41:00,12:41:00,125.45,127.0,123.3,126.5,243035
2026-04-20 12:42:00,12:42:00,124.9,126.5,123.0,125.55,379730
2026-04-20 12:43:00,12:43:00,125.8,126.5,124.15,125.9,155740
2026-04-20 12:44:00,12:44:00,125.6,129.1,125.25,125.8,319150
2026-04-20 12:45:00,12:45:00,125.6,127.8,125.3,127.8,302835
2026-04-20 12:46:00,12:46:00,127.95,128.2,125.0,125.0,224640
2026-04-20 12:47:00,12:47:00,125.0,126.3,121.65,122.55,446745
2026-04-20 12:48:00,12:48:00,122.15,124.15,120.85,121.55,687505
2026-04-20 12:49:00,12:49:00,121.8,125.35,121.55,122.8,321425
2026-04-20 12:50:00,12:50:00,122.75,123.4,120.0,121.45,326170
2026-04-20 12:51:00,12:51:00,145.0,147.5,140.4,142.9,620620
2026-04-20 12:52:00,12:52:00,142.0,143.4,140.6,142.35,518700
2026-04-20 12:53:00,12:53:00,142.25,146.4,141.85,142.85,452400
2026-04-20 12:54:00,12:54:00,119.5,123.95,117.25,122.25,333190
2026-04-20 12:55:00,12:55:00,146.4,147.7,144.2,144.7,455715
2026-04-20 12:56:00,12:56:00,120.5,124.85,120.5,124.85,447785
2026-04-20 12:57:00,12:57:00,124.55,126.75,122.55,126.1,654550
2026-04-20 12:58:00,12:58:00,126.4,130.3,126.1,127.8,826085
2026-04-20 12:59:00,12:59:00,128.25,129.5,126.25,128.3,398645
2026-04-20 13:00:00,13:00:00,128.2,153.6,127.75,140.4,2243735
2026-04-20 13:01:00,13:01:00,139.3,148.0,137.9,147.8,1308970
2026-04-20 13:02:00,13:02:00,147.95,147.95,141.2,143.6,716365
2026-04-20 13:03:00,13:03:00,143.5,145.4,139.05,142.2,651170
2026-04-20 13:04:00,13:04:00,141.9,144.0,140.45,142.25,327730
2026-04-20 13:05:00,13:05:00,142.3,144.9,136.85,139.7,729690
2026-04-20 13:06:00,13:06:00,140.85,151.55,139.7,149.3,1354990
2026-04-20 13:07:00,13:07:00,150.7,155.8,147.25,148.5,943410
2026-04-20 13:08:00,13:08:00,124.8,130.3,124.55,130.05,969280
2026-04-20 13:09:00,13:09:00,130.4,130.9,125.35,130.35,941980
2026-04-20 13:10:00,13:10:00,132.6,134.9,129.85,133.95,2315365
2026-04-20 13:11:00,13:11:00,134.15,146.25,133.85,140.15,3594825
2026-04-20 13:12:00,13:12:00,141.2,146.05,133.0,134.65,1965405
2026-04-20 13:13:00,13:13:00,134.25,135.5,130.4,130.75,1207700
2026-04-20 13:14:00,13:14:00,131.7,135.75,128.3,135.0,1163175
2026-04-20 13:15:00,13:15:00,135.9,144.4,135.0,142.5,1985620
2026-04-20 13:16:00,13:16:00,142.05,146.6,133.75,135.05,2606045
2026-04-20 13:17:00,13:17:00,136.15,136.15,130.25,131.0,1213160
2026-04-20 13:18:00,13:18:00,131.1,134.55,130.35,132.55,887120
2026-04-20 13:19:00,13:19:00,132.55,136.2,132.35,134.5,949715
2026-04-20 13:20:00,13:20:00,135.2,136.5,132.35,134.65,683605
2026-04-20 13:21:00,13:21:00,135.2,142.2,134.65,141.35,1391780
2026-04-20 13:22:00,13:22:00,140.25,149.9,139.85,146.25,1997645
2026-04-20 13:23:00,13:23:00,147.45,156.2,146.25,156.1,2772055
2026-04-20 13:24:00,13:24:00,157.15,159.2,145.15,151.55,2854995
2026-04-20 13:25:00,13:25:00,151.05,158.55,151.05,158.4,1928875
2026-04-20 13:26:00,13:26:00,135.45,140.25,132.1,134.65,2433860
2026-04-20 13:27:00,13:27:00,136.1,139.6,134.65,137.75,1242670
2026-04-20 13:28:00,13:28:00,136.15,139.4,131.65,132.7,1341080
2026-04-20 13:29:00,13:29:00,158.05,158.5,144.5,144.6,2117440
2026-04-20 13:30:00,13:30:00,146.25,148.6,140.6,147.0,2137785
2026-04-20 13:31:00,13:31:00,147.2,152.4,146.35,149.85,1846260
2026-04-20 13:32:00,13:32:00,150.05,156.2,149.35,151.6,1263795
2026-04-20 13:33:00,13:33:00,151.45,153.8,145.05,147.75,1064700
2026-04-20 13:34:00,13:34:00,147.45,148.5,144.8,147.85,613015
2026-04-20 13:35:00,13:35:00,146.75,151.5,146.75,149.1,732030
2026-04-20 13:36:00,13:36:00,127.0,137.65,125.0,135.15,1421095
2026-04-20 13:37:00,13:37:00,136.2,138.55,130.7,135.3,1277250
2026-04-20 13:38:00,13:38:00,160.2,161.85,154.6,157.2,826930
2026-04-20 13:39:00,13:39:00,157.35,159.7,156.5,156.7,489320
2026-04-20 13:40:00,13:40:00,157.6,161.5,151.75,153.45,1081405
2026-04-20 13:41:00,13:41:00,153.35,155.55,148.35,150.5,884650
2026-04-20 13:42:00,13:42:00,150.3,151.9,145.75,145.75,813735
2026-04-20 13:43:00,13:43:00,146.0,147.45,141.25,144.35,979615
2026-04-20 13:44:00,13:44:00,144.9,148.05,141.75,148.05,1102595
2026-04-20 13:45:00,13:45:00,147.9,151.2,147.0,149.4,966940
2026-04-20 13:46:00,13:46:00,149.7,156.2,149.4,153.8,1083615
2026-04-20 13:47:00,13:47:00,152.8,153.8,147.2,148.35,752440
2026-04-20 13:48:00,13:48:00,148.8,151.35,147.25,149.65,474825
2026-04-20 13:49:00,13:49:00,150.25,157.0,148.95,155.5,791635
2026-04-20 13:50:00,13:50:00,155.35,157.8,152.8,154.5,960375
2026-04-20 13:51:00,13:51:00,154.45,159.7,152.65,154.85,916630
2026-04-20 13:52:00,13:52:00,129.9,133.0,128.8,129.45,621335
2026-04-20 13:53:00,13:53:00,153.95,154.65,150.0,153.0,622960
2026-04-20 13:54:00,13:54:00,152.3,153.15,144.9,148.4,924235
2026-04-20 13:55:00,13:55:00,148.5,154.35,148.0,153.6,743860
2026-04-20 13:56:00,13:56:00,154.0,157.0,152.5,154.15,686335
2026-04-20 13:57:00,13:57:00,155.55,156.9,148.0,149.05,653770
2026-04-20 13:58:00,13:58:00,147.2,153.9,145.55,150.5,724620
2026-04-20 13:59:00,13:59:00,149.25,150.5,143.45,145.3,756340
2026-04-20 14:00:00,14:00:00,146.7,153.65,144.7,153.65,740155
2026-04-20 14:01:00,14:01:00,156.0,156.4,150.85,151.25,1025505
2026-04-20 14:02:00,14:02:00,151.75,160.2,151.05,153.7,1003145
2026-04-20 14:03:00,14:03:00,153.5,153.7,145.7,148.1,799175
2026-04-20 14:04:00,14:04:00,148.3,150.85,143.3,145.6,816530
2026-04-20 14:05:00,14:05:00,145.95,153.5,145.45,149.1,790400
2026-04-20 14:06:00,14:06:00,150.15,156.6,148.3,153.95,579345
2026-04-20 14:07:00,14:07:00,154.5,157.7,153.0,155.1,908960
2026-04-20 14:08:00,14:08:00,130.9,134.25,130.0,132.85,717470
2026-04-20 14:09:00,14:09:00,158.1,160.4,153.1,153.55,875550
2026-04-20 14:10:00,14:10:00,153.8,153.8,147.4,147.45,819455
2026-04-20 14:11:00,14:11:00,145.6,150.0,142.2,147.15,1247610
2026-04-20 14:12:00,14:12:00,147.55,149.5,143.45,148.05,640380
2026-04-20 14:13:00,14:13:00,148.4,149.75,143.85,144.05,538720
2026-04-20 14:14:00,14:14:00,144.15,147.85,142.55,143.1,541125
2026-04-20 14:15:00,14:15:00,145.0,147.85,142.3,144.6,514280
2026-04-20 14:16:00,14:16:00,144.15,147.1,141.5,141.5,443105
2026-04-20 14:17:00,14:17:00,139.75,144.1,139.75,143.3,1229930
2026-04-20 14:18:00,14:18:00,143.45,148.4,141.7,146.85,775385
2026-04-20 14:19:00,14:19:00,147.0,151.55,143.7,145.4,948415
2026-04-20 14:20:00,14:20:00,145.35,145.4,138.5,139.0,764010
2026-04-20 14:21:00,14:21:00,140.1,144.2,138.45,143.25,833300
2026-04-20 14:22:00,14:22:00,143.65,146.35,141.95,142.8,593970
2026-04-20 14:23:00,14:23:00,142.0,143.0,137.7,137.7,541190
2026-04-20 14:24:00,14:24:00,138.1,138.5,127.0,133.9,2910895
2026-04-20 14:25:00,14:25:00,133.55,133.9,127.3,130.75,1382225
2026-04-20 14:26:00,14:26:00,130.55,138.0,129.35,134.3,1198730
2026-04-20 14:27:00,14:27:00,159.55,161.85,149.7,152.55,461110
2026-04-20 14:28:00,14:28:00,152.55,152.55,146.0,148.0,576680
2026-04-20 14:29:00,14:29:00,147.8,151.75,147.8,149.0,385840
2026-04-20 14:30:00,14:30:00,124.65,131.8,124.35,131.8,1224145
2026-04-20 14:31:00,14:31:00,130.95,132.35,128.95,130.4,920140
2026-04-20 14:32:00,14:32:00,130.4,137.2,130.4,132.65,1401140
2026-04-20 14:33:00,14:33:00,132.7,134.7,127.55,128.65,859365
2026-04-20 14:34:00,14:34:00,128.55,131.55,126.45,127.55,609635
2026-04-20 14:35:00,14:35:00,127.5,130.0,125.75,129.65,535080
2026-04-20 14:36:00,14:36:00,153.65,154.65,149.15,152.35,266045
2026-04-20 14:37:00,14:37:00,127.7,132.35,127.55,132.15,704015
2026-04-20 14:38:00,14:38:00,132.85,137.05,132.15,137.05,1167790
2026-04-20 14:39:00,14:39:00,137.2,142.5,136.35,138.8,1671930
2026-04-20 14:40:00,14:40:00,138.55,144.65,138.55,140.7,1445080
2026-04-20 14:41:00,14:41:00,141.15,144.85,139.05,144.85,906555
2026-04-20 14:42:00,14:42:00,143.5,144.85,140.3,142.0,801060
2026-04-20 14:43:00,14:43:00,141.65,143.75,140.25,142.8,712075
2026-04-20 14:44:00,14:44:00,143.5,144.75,140.0,141.55,1041105
2026-04-20 14:45:00,14:45:00,142.95,150.95,141.35,148.6,1918410
2026-04-20 14:46:00,14:46:00,147.85,163.8,147.55,155.0,3266965
2026-04-20 14:47:00,14:47:00,156.5,161.8,152.4,160.9,1463475
2026-04-20 14:48:00,14:48:00,161.35,161.35,154.7,157.2,1023945
2026-04-20 14:49:00,14:49:00,156.3,157.2,147.0,148.45,1200550
2026-04-20 14:50:00,14:50:00,147.05,152.05,144.4,147.7,1160055
2026-04-20 14:51:00,14:51:00,148.0,148.95,143.0,143.85,896675
2026-04-20 14:52:00,14:52:00,144.3,144.4,141.45,142.45,704535
2026-04-20 14:53:00,14:53:00,143.15,145.4,142.35,143.05,471900
2026-04-20 14:54:00,14:54:00,142.85,143.85,138.05,139.05,975715
2026-04-20 14:55:00,14:55:00,139.65,143.85,136.6,141.95,904150
2026-04-20 14:56:00,14:56:00,142.7,143.4,139.85,143.05,711165
2026-04-20 14:57:00,14:57:00,143.25,145.1,141.2,145.1,632320
2026-04-20 14:58:00,14:58:00,144.9,145.15,140.1,140.5,523705
2026-04-20 14:59:00,14:59:00,140.5,141.35,136.85,140.4,1102335
2026-04-20 15:00:00,15:00:00,138.75,140.4,124.5,131.05,2423200
2026-04-20 15:01:00,15:01:00,131.05,132.5,127.65,128.0,1054300
2026-04-20 15:02:00,15:02:00,127.4,133.0,126.75,132.6,887575
2026-04-20 15:03:00,15:03:00,132.5,134.2,131.0,133.1,894465
2026-04-20 15:04:00,15:04:00,132.7,137.85,132.7,135.6,1011140
2026-04-20 15:05:00,15:05:00,135.65,142.65,135.6,141.55,1325675
2026-04-20 15:06:00,15:06:00,142.3,149.15,140.5,147.7,1587040
2026-04-20 15:07:00,15:07:00,147.3,150.0,145.95,148.75,1237600
2026-04-20 15:08:00,15:08:00,147.05,152.2,145.9,147.55,1309100
2026-04-20 15:09:00,15:09:00,147.5,149.0,143.7,149.0,959855
2026-04-20 15:10:00,15:10:00,148.8,150.0,145.75,145.75,734825
2026-04-20 15:11:00,15:11:00,145.85,147.25,143.8,146.65,624455
2026-04-20 15:12:00,15:12:00,146.1,149.75,146.0,149.35,563680
2026-04-20 15:13:00,15:13:00,149.45,153.45,148.15,150.8,966485
2026-04-20 15:14:00,15:14:00,150.35,154.8,148.1,153.45,946920
2026-04-20 15:15:00,15:15:00,130.15,136.8,129.0,135.85,1527500
2026-04-20 15:16:00,15:16:00,136.35,142.5,134.25,141.8,1266135
2026-04-20 15:17:00,15:17:00,142.3,149.55,141.8,147.2,1866735
2026-04-20 15:18:00,15:18:00,147.8,161.75,147.2,161.05,2177500
2026-04-20 15:19:00,15:19:00,161.45,165.5,157.45,162.55,1392885
2026-04-20 15:20:00,15:20:00,163.05,164.45,148.65,154.5,1247025
2026-04-20 15:21:00,15:21:00,155.35,161.55,154.5,160.9,665470
2026-04-20 15:22:00,15:22:00,161.0,161.4,154.55,158.6,810160
2026-04-20 15:23:00,15:23:00,158.7,160.95,157.8,160.15,525460
2026-04-20 15:24:00,15:24:00,134.8,136.6,132.8,134.95,1219530
2026-04-20 15:25:00,15:25:00,160.75,161.25,155.2,157.1,680420
2026-04-20 15:26:00,15:26:00,156.3,157.1,149.2,150.15,650130
2026-04-20 15:27:00,15:27:00,150.0,150.95,145.25,150.05,566930
2026-04-20 15:28:00,15:28:00,149.7,154.5,149.7,154.45,515905
2026-04-20 15:29:00,15:29:00,154.8,154.8,150.55,151.05,672555
2026-04-21 09:15:00,09:15:00,144.0,144.0,65.5,65.55,6594055
2026-04-21 09:16:00,09:16:00,64.65,65.55,50.8,55.15,8836815
2026-04-21 09:17:00,09:17:00,55.85,58.4,53.4,55.15,5207605
2026-04-21 09:18:00,09:18:00,53.4,55.15,49.15,50.1,5331690
2026-04-21 09:19:00,09:19:00,49.75,51.7,45.4,45.6,5170230
2026-04-21 09:20:00,09:20:00,45.0,46.95,42.15,46.3,6117020
2026-04-21 09:21:00,09:21:00,45.2,49.05,44.2,48.8,3899870
2026-04-21 09:22:00,09:22:00,49.4,51.3,45.1,45.95,4463940
2026-04-21 09:23:00,09:23:00,64.0,65.7,61.7,61.7,2056210
2026-04-21 09:24:00,09:24:00,43.0,47.3,40.85,47.25,4373850
2026-04-21 09:25:00,09:25:00,47.0,51.3,42.8,42.8,5743335
2026-04-21 09:26:00,09:26:00,42.0,45.45,40.55,44.65,3640975
2026-04-21 09:27:00,09:27:00,44.2,45.9,42.0,44.8,2309450
2026-04-21 09:28:00,09:28:00,43.45,46.55,43.45,45.8,2445300
2026-04-21 09:29:00,09:29:00,45.35,48.55,45.25,48.25,3225950
2026-04-21 09:30:00,09:30:00,47.1,48.35,43.75,47.6,4394845
2026-04-21 09:31:00,09:31:00,47.65,48.6,43.65,43.65,4337645
2026-04-21 09:32:00,09:32:00,42.65,44.45,39.85,41.85,4899115
2026-04-21 09:33:00,09:33:00,41.25,43.3,39.95,42.25,2565875
2026-04-21 09:34:00,09:34:00,42.8,45.2,39.05,40.4,3699670
2026-04-21 09:35:00,09:35:00,39.35,40.4,34.6,36.25,6261255
2026-04-21 09:36:00,09:36:00,36.0,40.15,34.35,39.0,3970005
2026-04-21 09:37:00,09:37:00,39.2,39.35,35.9,38.45,2262520
2026-04-21 09:38:00,09:38:00,38.65,38.65,33.8,35.3,3248310
2026-04-21 09:39:00,09:39:00,35.85,37.7,35.3,37.15,2021240
2026-04-21 09:40:00,09:40:00,37.05,41.5,36.4,40.95,3584295
2026-04-21 09:41:00,09:41:00,42.0,42.0,36.65,37.1,3224715
2026-04-21 09:42:00,09:42:00,35.4,38.5,34.9,38.5,2757950
2026-04-21 09:43:00,09:43:00,39.05,43.05,38.5,39.3,4003285
2026-04-21 09:44:00,09:44:00,39.15,39.3,34.5,35.2,2714790
2026-04-21 09:45:00,09:45:00,54.15,54.15,39.75,40.85,8066630
2026-04-21 09:46:00,09:46:00,39.7,40.85,37.15,37.85,6692985
2026-04-21 09:47:00,09:47:00,37.6,41.45,37.05,40.6,2980965
2026-04-21 09:48:00,09:48:00,40.45,40.6,37.2,38.15,2228265
2026-04-21 09:49:00,09:49:00,38.15,39.55,37.85,39.35,1237015
2026-04-21 09:50:00,09:50:00,38.8,39.35,35.7,36.05,2281630
2026-04-21 09:51:00,09:51:00,35.75,38.25,35.75,37.75,2304965
2026-04-21 09:52:00,09:52:00,37.65,42.5,37.25,41.75,2715895
2026-04-21 09:53:00,09:53:00,41.6,43.9,40.6,42.45,3084510
2026-04-21 09:54:00,09:54:00,42.6,45.6,39.9,40.1,3580460
2026-04-21 09:55:00,09:55:00,40.5,42.7,39.4,40.3,1783795
2026-04-21 09:56:00,09:56:00,40.55,43.5,39.8,42.85,1693250
2026-04-21 09:57:00,09:57:00,43.9,43.9,39.1,40.1,1822080
2026-04-21 09:58:00,09:58:00,40.25,41.4,39.85,41.0,1082640
2026-04-21 09:59:00,09:59:00,40.25,41.0,38.8,38.95,1270035
2026-04-21 10:00:00,10:00:00,38.25,39.3,36.65,37.25,2247050
2026-04-21 10:01:00,10:01:00,37.1,39.2,36.15,38.4,1551485
2026-04-21 10:02:00,10:02:00,38.6,39.4,36.75,38.8,1283880
2026-04-21 10:03:00,10:03:00,39.2,39.45,34.0,34.55,2612285
2026-04-21 10:04:00,10:04:00,33.85,34.55,30.95,31.05,4110860
2026-04-21 10:05:00,10:05:00,30.85,32.5,29.65,31.8,4206085
2026-04-21 10:06:00,10:06:00,31.0,33.5,29.9,30.25,2082860
2026-04-21 10:07:00,10:07:00,30.55,30.6,28.7,29.4,2067130
2026-04-21 10:08:00,10:08:00,29.65,29.9,27.6,28.3,2364050
2026-04-21 10:09:00,10:09:00,28.3,29.35,27.75,27.75,1330160
2026-04-21 10:10:00,10:10:00,27.45,30.05,27.45,28.45,1605045
2026-04-21 10:11:00,10:11:00,28.5,31.65,28.2,31.15,1508650
2026-04-21 10:12:00,10:12:00,30.85,31.15,29.15,29.65,1247610
2026-04-21 10:13:00,10:13:00,29.35,29.95,28.6,29.0,1020890
2026-04-21 10:14:00,10:14:00,29.1,31.45,29.0,30.6,1192490
2026-04-21 10:15:00,10:15:00,30.15,30.6,28.8,29.2,1376505
2026-04-21 10:16:00,10:16:00,29.2,30.6,28.55,29.65,1217450
2026-04-21 10:17:00,10:17:00,29.75,31.15,29.45,29.9,1339520
2026-04-21 10:18:00,10:18:00,30.0,32.45,29.55,32.1,1694290
2026-04-21 10:19:00,10:19:00,32.0,33.95,30.85,33.8,1651000
2026-04-21 10:20:00,10:20:00,33.4,35.9,33.35,33.55,3683485
2026-04-21 10:21:00,10:21:00,33.6,36.25,33.0,33.7,2719730
2026-04-21 10:22:00,10:22:00,33.9,36.2,33.7,36.0,2117440
2026-04-21 10:23:00,10:23:00,36.15,38.1,35.55,37.05,3180970
2026-04-21 10:24:00,10:24:00,37.0,37.05,34.75,34.85,1923480
2026-04-21 10:25:00,10:25:00,34.55,38.3,34.55,35.3,3095300
2026-04-21 10:26:00,10:26:00,35.4,36.85,34.0,35.6,2254590
2026-04-21 10:27:00,10:27:00,35.85,39.1,34.65,38.75,2501980
2026-04-21 10:28:00,10:28:00,39.2,39.35,35.65,37.8,2286310
2026-04-21 10:29:00,10:29:00,38.1,39.45,34.7,35.6,2568540
2026-04-21 10:30:00,10:30:00,35.2,35.95,31.9,31.9,3440710
2026-04-21 10:31:00,10:31:00,31.2,31.9,28.15,29.15,4555655
2026-04-21 10:32:00,10:32:00,29.9,32.85,29.1,32.2,2417350
2026-04-21 10:33:00,10:33:00,31.8,32.2,25.55,26.95,3702270
2026-04-21 10:34:00,10:34:00,45.35,45.6,36.45,36.5,8051875
2026-04-21 10:35:00,10:35:00,37.25,37.25,32.5,32.8,7629895
2026-04-21 10:36:00,10:36:00,33.2,34.85,32.8,33.6,4764240
2026-04-21 10:37:00,10:37:00,33.65,36.25,33.4,35.45,3281265
2026-04-21 10:38:00,10:38:00,35.75,36.0,34.55,34.9,2820740
2026-04-21 10:39:00,10:39:00,35.0,35.1,32.65,33.2,3283605
2026-04-21 10:40:00,10:40:00,33.0,33.95,32.45,32.45,2099240
2026-04-21 10:41:00,10:41:00,18.05,22.5,17.8,22.5,2630550
2026-04-21 10:42:00,10:42:00,22.75,22.75,20.8,21.5,2495285
2026-04-21 10:43:00,10:43:00,36.9,37.85,35.4,35.95,2283190
2026-04-21 10:44:00,10:44:00,35.6,36.4,34.85,35.3,1879995
2026-04-21 10:45:00,10:45:00,35.15,35.75,33.4,34.1,2282345
2026-04-21 10:46:00,10:46:00,19.2,20.35,19.0,19.75,1147250
2026-04-21 10:47:00,10:47:00,19.85,20.8,19.65,20.7,1644630
2026-04-21 10:48:00,10:48:00,20.6,21.35,20.1,20.35,1488825
2026-04-21 10:49:00,10:49:00,36.0,36.45,35.25,35.7,1377025
2026-04-21 10:50:00,10:50:00,35.65,37.4,35.3,35.85,1479205
2026-04-21 10:51:00,10:51:00,35.85,35.85,31.1,31.15,4784650
2026-04-21 10:52:00,10:52:00,31.2,33.75,30.85,32.4,3544125
2026-04-21 10:53:00,10:53:00,32.6,33.85,31.65,32.15,2094365
2026-04-21 10:54:00,10:54:00,32.05,32.15,29.65,29.75,5142800
2026-04-21 10:55:00,10:55:00,29.4,29.75,26.9,28.45,6937840
2026-04-21 10:56:00,10:56:00,28.45,28.7,27.1,28.3,3689205
2026-04-21 10:57:00,10:57:00,28.15,29.25,27.35,27.4,2580045
2026-04-21 10:58:00,10:58:00,27.3,27.4,24.75,25.2,5989425
2026-04-21 10:59:00,10:59:00,25.1,26.55,24.0,25.65,5436730
2026-04-21 11:00:00,11:00:00,25.8,26.85,25.05,25.2,3220165
2026-04-21 11:01:00,11:01:00,25.5,28.75,25.2,28.5,3542890
2026-04-21 11:02:00,11:02:00,28.6,29.55,27.05,27.35,4301830
2026-04-21 11:03:00,11:03:00,26.95,28.05,26.7,27.3,2283320
2026-04-21 11:04:00,11:04:00,27.0,27.3,26.15,26.35,1765660
2026-04-21 11:05:00,11:05:00,26.1,26.35,25.0,25.15,3205345
2026-04-21 11:06:00,11:06:00,25.15,26.3,24.85,25.7,2162875
2026-04-21 11:07:00,11:07:00,25.55,25.7,24.5,25.3,2557750
2026-04-21 11:08:00,11:08:00,25.5,25.5,24.45,24.9,2173015
2026-04-21 11:09:00,11:09:00,24.8,26.65,24.35,26.5,2715375
2026-04-21 11:10:00,11:10:00,26.6,28.8,26.5,28.25,4114240
2026-04-21 11:11:00,11:11:00,28.5,28.9,27.5,28.0,2619955
2026-04-21 11:12:00,11:12:00,28.05,28.1,27.0,27.1,1710150
2026-04-21 11:13:00,11:13:00,26.95,27.7,25.8,27.3,2296125
2026-04-21 11:14:00,11:14:00,26.8,27.35,26.15,26.5,1247805
2026-04-21 11:15:00,11:15:00,26.6,27.95,26.25,27.55,1435395
2026-04-21 11:16:00,11:16:00,27.7,28.6,27.25,28.15,1893710
2026-04-21 11:17:00,11:17:00,28.4,28.6,26.6,27.4,2111135
2026-04-21 11:18:00,11:18:00,26.95,27.95,26.45,27.4,1657825
2026-04-21 11:19:00,11:19:00,27.65,27.85,27.0,27.7,947440
2026-04-21 11:20:00,11:20:00,27.55,28.3,27.15,27.8,1839110
2026-04-21 11:21:00,11:21:00,27.9,29.15,27.75,29.15,2363335
2026-04-21 11:22:00,11:22:00,29.0,30.9,29.0,29.95,5569200
2026-04-21 11:23:00,11:23:00,29.75,30.8,29.35,30.35,3139955
2026-04-21 11:24:00,11:24:00,29.8,30.4,28.6,29.85,3125265
2026-04-21 11:25:00,11:25:00,29.85,30.1,28.5,29.7,1986530
2026-04-21 11:26:00,11:26:00,29.75,31.3,29.7,30.75,2977260
2026-04-21 11:27:00,11:27:00,30.8,33.2,30.1,31.95,4646720
2026-04-21 11:28:00,11:28:00,31.8,35.85,31.8,32.7,7275840
2026-04-21 11:29:00,11:29:00,33.0,33.35,31.6,32.45,3816540
2026-04-21 11:30:00,11:30:00,32.1,34.1,31.4,33.4,3561935
2026-04-21 11:31:00,11:31:00,33.15,35.35,32.2,35.35,3289585
2026-04-21 11:32:00,11:32:00,20.45,22.65,19.2,22.65,2975570
2026-04-21 11:33:00,11:33:00,22.2,23.2,20.65,22.1,4071730
2026-04-21 11:34:00,11:34:00,22.15,22.95,21.35,22.0,2504645
2026-04-21 11:35:00,11:35:00,22.1,25.9,22.0,25.15,5106010
2026-04-21 11:36:00,11:36:00,42.65,42.65,34.15,35.35,8969415
2026-04-21 11:37:00,11:37:00,36.05,37.65,33.85,35.45,4164225
2026-04-21 11:38:00,11:38:00,35.55,35.7,32.05,32.55,4349215
2026-04-21 11:39:00,11:39:00,18.65,20.0,17.55,20.0,2371915
2026-04-21 11:40:00,11:40:00,20.1,20.85,19.4,19.9,2268500
2026-04-21 11:41:00,11:41:00,19.7,20.8,18.8,20.6,1443260
2026-04-21 11:42:00,11:42:00,20.5,21.25,18.6,19.2,1882205
2026-04-21 11:43:00,11:43:00,19.2,19.45,18.0,18.2,1438190
2026-04-21 11:44:00,11:44:00,32.8,33.45,30.5,31.1,3345810
2026-04-21 11:45:00,11:45:00,30.7,31.1,28.7,29.6,4812210
2026-04-21 11:46:00,11:46:00,29.2,29.6,25.7,25.75,6171880
2026-04-21 11:47:00,11:47:00,25.75,27.05,24.9,25.85,4387110
2026-04-21 11:48:00,11:48:00,26.35,29.6,25.85,27.85,3808220
2026-04-21 11:49:00,11:49:00,27.7,29.95,27.6,28.6,3069560
2026-04-21 11:50:00,11:50:00,27.95,33.0,27.2,33.0,4619485
2026-04-21 11:51:00,11:51:00,33.25,33.25,28.8,31.2,4462900
2026-04-21 11:52:00,11:52:00,16.9,19.7,16.9,17.8,2722460
2026-04-21 11:53:00,11:53:00,31.55,32.2,29.9,30.9,2625155
2026-04-21 11:54:00,11:54:00,30.8,31.4,29.65,29.75,1940120
2026-04-21 11:55:00,11:55:00,29.8,30.25,28.4,28.4,2426840
2026-04-21 11:56:00,11:56:00,28.45,28.9,26.2,26.75,4347915
2026-04-21 11:57:00,11:57:00,26.8,31.35,26.75,30.15,4138680
2026-04-21 11:58:00,11:58:00,16.3,18.05,15.9,17.4,1776060
2026-04-21 11:59:00,11:59:00,31.9,32.6,27.75,27.75,3999905
2026-04-21 12:00:00,12:00:00,27.5,30.15,25.85,27.95,4482530
2026-04-21 12:01:00,12:01:00,27.9,28.7,25.2,25.3,2985970
2026-04-21 12:02:00,12:02:00,25.0,25.3,23.45,24.3,5701995
2026-04-21 12:03:00,12:03:00,24.0,24.3,21.9,22.35,5328830
2026-04-21 12:04:00,12:04:00,22.25,22.45,21.55,21.9,3315455
2026-04-21 12:05:00,12:05:00,21.85,23.4,21.85,23.35,3025295
2026-04-21 12:06:00,12:06:00,23.35,23.5,21.25,21.3,3444155
2026-04-21 12:07:00,12:07:00,21.25,21.7,20.45,20.75,3955120
2026-04-21 12:08:00,12:08:00,20.5,21.95,20.25,21.95,3131570
2026-04-21 12:09:00,12:09:00,22.0,22.5,21.05,21.05,1972295
2026-04-21 12:10:00,12:10:00,21.2,21.2,18.05,18.55,6065475
2026-04-21 12:11:00,12:11:00,18.85,19.05,17.2,17.55,6388395
2026-04-21 12:12:00,12:12:00,17.55,18.0,16.95,17.9,4333420
2026-04-21 12:13:00,12:13:00,17.95,17.95,16.2,16.45,4058210
2026-04-21 12:14:00,12:14:00,16.55,16.85,15.8,16.55,4401735
2026-04-21 12:15:00,12:15:00,16.65,16.75,16.05,16.7,2756520
2026-04-21 12:16:00,12:16:00,16.8,17.05,16.1,16.45,3373695
2026-04-21 12:17:00,12:17:00,16.55,18.7,16.45,18.7,4097340
2026-04-21 12:18:00,12:18:00,18.95,19.15,16.8,16.8,4714255
2026-04-21 12:19:00,12:19:00,16.8,16.8,15.1,15.5,4885270
2026-04-21 12:20:00,12:20:00,15.8,17.4,15.5,15.8,3098680
2026-04-21 12:21:00,12:21:00,15.7,16.25,14.9,16.1,3136510
2026-04-21 12:22:00,12:22:00,16.05,16.2,14.8,14.8,2081885
2026-04-21 12:23:00,12:23:00,14.5,15.15,13.55,14.05,7732595
2026-04-21 12:24:00,12:24:00,14.2,16.1,13.9,15.2,4423835
2026-04-21 12:25:00,12:25:00,15.4,16.2,14.85,15.3,3980990
2026-04-21 12:26:00,12:26:00,15.3,15.6,14.9,15.5,2039310
2026-04-21 12:27:00,12:27:00,15.45,16.35,15.45,16.0,2144415
2026-04-21 12:28:00,12:28:00,16.25,16.5,15.8,16.3,4203160
2026-04-21 12:29:00,12:29:00,16.1,17.3,15.9,16.6,3568630
2026-04-21 12:30:00,12:30:00,16.55,16.6,15.1,15.1,3799250
2026-04-21 12:31:00,12:31:00,15.2,15.45,14.45,14.45,3351855
2026-04-21 12:32:00,12:32:00,14.6,15.8,14.25,15.35,3094130
2026-04-21 12:33:00,12:33:00,15.25,17.5,14.9,17.5,3699475
2026-04-21 12:34:00,12:34:00,17.35,19.1,17.0,18.8,5449340
2026-04-21 12:35:00,12:35:00,18.95,19.3,17.25,17.35,6243900
2026-04-21 12:36:00,12:36:00,17.3,17.35,15.75,16.7,4012190
2026-04-21 12:37:00,12:37:00,16.35,16.75,15.9,16.4,1924845
2026-04-21 12:38:00,12:38:00,16.5,17.55,16.0,16.95,2184325
2026-04-21 12:39:00,12:39:00,17.0,17.8,16.5,16.9,1942915
2026-04-21 12:40:00,12:40:00,16.8,17.9,16.75,17.4,2013635
2026-04-21 12:41:00,12:41:00,17.35,17.9,16.8,17.7,2206425
2026-04-21 12:42:00,12:42:00,17.75,17.85,16.9,17.65,2669745
2026-04-21 12:43:00,12:43:00,17.8,19.1,17.75,18.1,4152460
2026-04-21 12:44:00,12:44:00,18.2,19.1,18.0,19.0,2805595
2026-04-21 12:45:00,12:45:00,18.55,22.0,18.15,20.95,7005115
2026-04-21 12:46:00,12:46:00,20.45,26.2,20.45,24.05,13243815
2026-04-21 12:47:00,12:47:00,23.7,29.55,23.7,28.2,12755665
2026-04-21 12:48:00,12:48:00,27.0,28.2,25.05,25.9,8675095
2026-04-21 12:49:00,12:49:00,26.3,26.3,22.8,23.3,6358105
2026-04-21 12:50:00,12:50:00,23.6,25.95,23.15,24.4,6731205
2026-04-21 12:51:00,12:51:00,24.65,26.8,23.25,25.5,6732440
2026-04-21 12:52:00,12:52:00,25.6,25.6,19.8,22.4,9893845
2026-04-21 12:53:00,12:53:00,22.05,24.8,21.0,21.05,6286085
2026-04-21 12:54:00,12:54:00,21.25,22.45,20.6,21.9,3350750
2026-04-21 12:55:00,12:55:00,21.25,22.5,18.45,18.45,5525390
2026-04-21 12:56:00,12:56:00,18.55,20.9,18.35,19.25,4703530
2026-04-21 12:57:00,12:57:00,19.1,23.35,18.4,22.85,6374225
2026-04-21 12:58:00,12:58:00,22.3,22.85,20.15,20.75,4048720
2026-04-21 12:59:00,12:59:00,20.55,22.2,19.9,20.8,3146065
2026-04-21 13:00:00,13:00:00,20.7,22.0,19.55,20.15,4762875
2026-04-21 13:01:00,13:01:00,19.5,24.5,19.5,23.3,7901595
2026-04-21 13:02:00,13:02:00,23.55,24.5,22.5,22.6,5337280
2026-04-21 13:03:00,13:03:00,22.55,23.1,20.75,21.2,4586465
2026-04-21 13:04:00,13:04:00,21.2,25.7,21.2,25.15,5581810
2026-04-21 13:05:00,13:05:00,25.05,26.5,21.7,22.15,7939880
2026-04-21 13:06:00,13:06:00,21.95,23.2,21.4,22.15,3973515
2026-04-21 13:07:00,13:07:00,22.25,23.6,20.2,21.9,6158230
2026-04-21 13:08:00,13:08:00,21.95,23.0,20.9,21.2,3541135
2026-04-21 13:09:00,13:09:00,20.9,21.6,19.05,21.6,5714865
2026-04-21 13:10:00,13:10:00,21.75,25.4,21.4,22.95,7607535
2026-04-21 13:11:00,13:11:00,23.15,23.25,20.25,20.5,5092490
2026-04-21 13:12:00,13:12:00,20.25,20.5,16.9,16.9,10501985
2026-04-21 13:13:00,13:13:00,16.8,18.15,16.5,16.95,5537350
2026-04-21 13:14:00,13:14:00,17.15,17.45,15.8,16.85,5213520
2026-04-21 13:15:00,13:15:00,16.75,16.95,14.5,14.8,8144825
2026-04-21 13:16:00,13:16:00,14.65,14.8,11.8,12.3,12431835
2026-04-21 13:17:00,13:17:00,12.15,13.95,12.15,13.35,6219655
2026-04-21 13:18:00,13:18:00,13.35,14.45,13.25,14.35,4661280
2026-04-21 13:19:00,13:19:00,14.3,16.3,14.3,15.0,6837025
2026-04-21 13:20:00,13:20:00,14.8,15.9,12.7,13.4,5930730
2026-04-21 13:21:00,13:21:00,13.15,14.85,13.05,14.3,3540745
2026-04-21 13:22:00,13:22:00,14.2,16.3,14.05,15.7,4008355
2026-04-21 13:23:00,13:23:00,16.0,16.0,14.8,15.35,4330170
2026-04-21 13:24:00,13:24:00,15.25,16.05,15.05,15.1,3432845
2026-04-21 13:25:00,13:25:00,15.1,15.55,14.55,14.75,3171350
2026-04-21 13:26:00,13:26:00,14.45,14.85,13.9,14.5,3971890
2026-04-21 13:27:00,13:27:00,14.2,14.5,13.4,13.65,4143035
2026-04-21 13:28:00,13:28:00,13.75,14.0,12.5,12.75,4094025
2026-04-21 13:29:00,13:29:00,12.85,14.8,12.75,14.0,4593160
2026-04-21 13:30:00,13:30:00,14.15,14.35,12.65,12.65,4707690
2026-04-21 13:31:00,13:31:00,12.3,13.1,12.15,12.35,4505215
2026-04-21 13:32:00,13:32:00,12.45,12.5,9.95,10.0,11519235
2026-04-21 13:33:00,13:33:00,9.8,10.25,9.05,9.35,8844550
2026-04-21 13:34:00,13:34:00,9.7,10.9,9.35,9.8,5766085
2026-04-21 13:35:00,13:35:00,9.7,10.6,9.55,10.0,5060640
2026-04-21 13:36:00,13:36:00,10.05,12.5,9.9,12.0,5893875
2026-04-21 13:37:00,13:37:00,11.9,14.6,11.65,14.25,9914970
2026-04-21 13:38:00,13:38:00,14.9,15.85,13.85,13.95,10579855
2026-04-21 13:39:00,13:39:00,13.7,14.55,12.35,12.9,8450000
2026-04-21 13:40:00,13:40:00,12.8,13.5,11.8,12.4,4378140
2026-04-21 13:41:00,13:41:00,12.8,14.45,12.3,14.25,4936165
2026-04-21 13:42:00,13:42:00,14.6,17.2,14.25,16.2,9500205
2026-04-21 13:43:00,13:43:00,16.3,25.45,16.2,23.95,24485630
2026-04-21 13:44:00,13:44:00,22.35,23.95,19.05,19.3,13005265
2026-04-21 13:45:00,13:45:00,19.05,22.0,18.4,18.4,10653630
2026-04-21 13:46:00,13:46:00,17.7,18.4,16.1,16.45,11507210
2026-04-21 13:47:00,13:47:00,16.6,20.6,16.3,18.05,9737065
2026-04-21 13:48:00,13:48:00,17.7,19.6,16.9,17.15,6311045
2026-04-21 13:49:00,13:49:00,17.05,17.7,14.2,14.75,8334495
2026-04-21 13:50:00,13:50:00,14.6,16.15,13.4,16.0,8526765
2026-04-21 13:51:00,13:51:00,15.65,16.0,11.35,11.35,10091575
2026-04-21 13:52:00,13:52:00,11.4,11.8,9.75,10.75,10607415
2026-04-21 13:53:00,13:53:00,10.5,11.4,10.25,11.4,5798910
2026-04-21 13:54:00,13:54:00,11.5,12.15,10.0,10.05,6888635
2026-04-21 13:55:00,13:55:00,10.15,10.15,8.2,8.2,11210160
2026-04-21 13:56:00,13:56:00,8.05,8.2,7.1,7.75,12624300
2026-04-21 13:57:00,13:57:00,8.0,8.4,7.75,8.1,6249945
2026-04-21 13:58:00,13:58:00,7.9,8.3,7.3,7.9,6042660
2026-04-21 13:59:00,13:59:00,7.9,8.2,7.6,8.05,4663815
2026-04-21 14:00:00,14:00:00,7.85,9.55,7.7,9.55,8372520
2026-04-21 14:01:00,14:01:00,9.75,10.65,8.5,9.35,9868820
2026-04-21 14:02:00,14:02:00,9.6,11.15,9.1,10.15,8488090
2026-04-21 14:03:00,14:03:00,10.1,10.4,8.65,9.35,8642075
2026-04-21 14:04:00,14:04:00,9.7,11.1,9.35,10.55,8305570
2026-04-21 14:05:00,14:05:00,10.7,12.25,10.7,12.0,10569390
2026-04-21 14:06:00,14:06:00,11.4,14.75,11.25,13.7,13145600
2026-04-21 14:07:00,14:07:00,13.7,13.75,12.05,12.6,8687575
2026-04-21 14:08:00,14:08:00,12.75,13.5,10.95,13.5,9929335
2026-04-21 14:09:00,14:09:00,13.85,15.8,13.5,14.1,14162915
2026-04-21 14:10:00,14:10:00,14.0,15.9,13.05,13.85,11440975
2026-04-21 14:11:00,14:11:00,14.05,18.0,13.8,15.15,15677285
2026-04-21 14:12:00,14:12:00,14.8,15.2,11.55,11.75,12499045
2026-04-21 14:13:00,14:13:00,11.5,12.95,9.45,10.45,13010335
2026-04-21 14:14:00,14:14:00,10.55,11.4,9.4,10.9,9461595
2026-04-21 14:15:00,14:15:00,10.8,11.75,8.25,8.35,10914800
2026-04-21 14:16:00,14:16:00,8.5,8.5,6.7,6.8,16341650
2026-04-21 14:17:00,14:17:00,6.65,6.9,5.05,5.2,16431155
2026-04-21 14:18:00,14:18:00,5.25,5.4,4.65,4.9,14262430
2026-04-21 14:19:00,14:19:00,4.9,5.75,4.7,5.5,12642565
2026-04-21 14:20:00,14:20:00,5.5,5.5,4.15,4.75,11069630
2026-04-21 14:21:00,14:21:00,4.7,5.15,3.85,4.05,11043825
2026-04-21 14:22:00,14:22:00,14.6,14.6,9.25,9.75,23537085
2026-04-21 14:23:00,14:23:00,2.9,3.65,2.9,3.45,13634335
2026-04-21 14:24:00,14:24:00,11.35,11.85,9.9,10.05,9234615
2026-04-21 14:25:00,14:25:00,2.95,4.05,2.85,3.6,11251565
2026-04-21 14:26:00,14:26:00,3.6,4.0,2.55,2.8,14350570
2026-04-21 14:27:00,14:27:00,2.75,3.3,2.55,3.25,9087845
2026-04-21 14:28:00,14:28:00,3.15,3.25,2.4,2.7,9859655
2026-04-21 14:29:00,14:29:00,2.7,2.85,2.5,2.5,7507695
2026-04-21 14:30:00,14:30:00,2.6,3.45,2.4,3.25,9084400
2026-04-21 14:31:00,14:31:00,3.25,3.85,3.2,3.35,9213165
2026-04-21 14:32:00,14:32:00,3.25,3.45,2.65,3.4,11105445
2026-04-21 14:33:00,14:33:00,3.35,3.65,3.05,3.5,6808425
2026-04-21 14:34:00,14:34:00,3.45,3.9,3.3,3.9,6526065
2026-04-21 14:35:00,14:35:00,4.05,4.5,3.25,3.5,16401190
2026-04-21 14:36:00,14:36:00,3.45,3.75,2.6,2.95,11164270
2026-04-21 14:37:00,14:37:00,3.05,3.1,2.35,2.9,13876785
2026-04-21 14:38:00,14:38:00,2.95,3.65,2.75,2.85,9892740
2026-04-21 14:39:00,14:39:00,2.85,4.05,2.85,3.65,10495160
2026-04-21 14:40:00,14:40:00,3.7,4.0,2.7,3.0,16030560
2026-04-21 14:41:00,14:41:00,2.9,4.15,2.55,3.85,10434255
2026-04-21 14:42:00,14:42:00,3.85,5.8,3.5,5.55,19370260
2026-04-21 14:43:00,14:43:00,5.45,9.5,4.75,5.2,40914770
2026-04-21 14:44:00,14:44:00,5.15,6.45,3.9,6.2,22775350
2026-04-21 14:45:00,14:45:00,5.55,6.2,4.35,4.8,16376035
2026-04-21 14:46:00,14:46:00,5.1,6.3,4.1,4.7,15601300
2026-04-21 14:47:00,14:47:00,4.7,4.9,2.45,2.55,23248550
2026-04-21 14:48:00,14:48:00,2.55,3.2,2.5,2.9,11491675
2026-04-21 14:49:00,14:49:00,2.8,3.05,1.65,1.95,18815225
2026-04-21 14:50:00,14:50:00,1.9,1.95,1.15,1.3,24252410
2026-04-21 14:51:00,14:51:00,1.35,1.35,1.0,1.15,18072990
2026-04-21 14:52:00,14:52:00,1.1,1.2,0.8,0.9,18099250
2026-04-21 14:53:00,14:53:00,0.8,0.95,0.7,0.8,13820040
2026-04-21 14:54:00,14:54:00,0.85,1.1,0.8,0.85,13901940
2026-04-21 14:55:00,14:55:00,0.85,0.9,0.75,0.8,15207465
2026-04-21 14:56:00,14:56:00,0.75,0.8,0.45,0.55,16540095
2026-04-21 14:57:00,14:57:00,0.55,0.7,0.5,0.7,9281155
2026-04-21 14:58:00,14:58:00,0.65,0.75,0.55,0.6,11895585
2026-04-21 14:59:00,14:59:00,0.6,0.8,0.55,0.65,7213895
2026-04-21 15:00:00,15:00:00,4.25,4.25,0.7,0.8,72038005
2026-04-21 15:01:00,15:01:00,0.8,1.2,0.6,1.15,51068030
2026-04-21 15:02:00,15:02:00,0.35,0.55,0.3,0.55,13452725
2026-04-21 15:03:00,15:03:00,0.55,0.55,0.25,0.25,13468715
2026-04-21 15:04:00,15:04:00,0.25,0.35,0.25,0.35,6011200
2026-04-21 15:05:00,15:05:00,0.35,0.35,0.25,0.35,4884815
2026-04-21 15:06:00,15:06:00,0.85,1.4,0.65,0.65,38778155
2026-04-21 15:07:00,15:07:00,0.75,0.8,0.35,0.35,31467995
2026-04-21 15:08:00,15:08:00,0.25,0.25,0.15,0.15,4345900
2026-04-21 15:09:00,15:09:00,0.15,0.2,0.15,0.15,3331250
2026-04-21 15:10:00,15:10:00,0.2,0.2,0.15,0.15,2196935
2026-04-21 15:11:00,15:11:00,0.25,0.3,0.15,0.2,17417010
2026-04-21 15:12:00,15:12:00,0.15,0.2,0.15,0.15,8265140
2026-04-21 15:13:00,15:13:00,0.1,0.15,0.1,0.15,1312220
2026-04-21 15:14:00,15:14:00,0.1,0.15,0.05,0.1,5039580
2026-04-21 15:15:00,15:15:00,0.15,0.15,0.1,0.1,6525545
2026-04-21 15:16:00,15:16:00,0.1,0.15,0.05,0.1,13498875
2026-04-21 15:17:00,15:17:00,0.1,0.1,0.05,0.1,7124650
2026-04-21 15:18:00,15:18:00,0.1,0.1,0.05,0.05,5853835
2026-04-21 15:19:00,15:19:00,0.1,0.1,0.05,0.1,3075670
2026-04-21 15:20:00,15:20:00,0.1,0.1,0.05,0.1,5249920
2026-04-21 15:21:00,15:21:00,0.1,0.1,0.05,0.1,4068220
2026-04-21 15:22:00,15:22:00,0.1,0.1,0.05,0.05,1293565
2026-04-21 15:23:00,15:23:00,0.05,0.05,0.05,0.05,1799005
2026-04-21 15:24:00,15:24:00,0.05,0.05,0.05,0.05,704535
2026-04-21 15:25:00,15:25:00,0.1,0.1,0.05,0.05,1508195
2026-04-21 15:26:00,15:26:00,0.05,0.1,0.05,0.05,4483960
2026-04-21 15:27:00,15:27:00,0.05,0.05,0.05,0.05,413595
2026-04-21 15:28:00,15:28:00,0.05,0.05,0.05,0.05,250705
2026-04-21 15:29:00,15:29:00,0.05,0.05,0.05,0.05,429390
2026-04-22 09:15:00,09:15:00,235.0,247.4,214.55,222.2,1092585
2026-04-22 09:16:00,09:16:00,224.2,237.55,221.35,222.95,787540
2026-04-22 09:17:00,09:17:00,222.15,225.9,215.25,218.05,447785
2026-04-22 09:18:00,09:18:00,218.85,225.95,218.05,222.3,408980
2026-04-22 09:19:00,09:19:00,222.5,229.0,222.3,227.8,381940
2026-04-22 09:20:00,09:20:00,228.7,232.05,221.3,224.85,526110
2026-04-22 09:21:00,09:21:00,225.95,225.95,217.25,219.25,356590
2026-04-22 09:22:00,09:22:00,219.15,226.5,215.35,224.4,361530
2026-04-22 09:23:00,09:23:00,224.35,225.45,219.75,222.8,175370
2026-04-22 09:24:00,09:24:00,202.05,212.8,200.4,210.8,734370
2026-04-22 09:25:00,09:25:00,212.4,219.5,210.8,218.3,877955
2026-04-22 09:26:00,09:26:00,217.95,218.6,212.7,215.85,562185
2026-04-22 09:27:00,09:27:00,216.55,218.0,215.0,216.45,320775
2026-04-22 09:28:00,09:28:00,215.8,222.8,215.8,221.7,618410
2026-04-22 09:29:00,09:29:00,221.6,226.65,218.4,226.65,712075
2026-04-22 09:30:00,09:30:00,227.95,232.15,224.4,224.65,1272115
2026-04-22 09:31:00,09:31:00,223.65,226.45,221.5,224.25,525460
2026-04-22 09:32:00,09:32:00,223.15,225.45,219.6,219.8,389610
2026-04-22 09:33:00,09:33:00,219.05,223.55,214.85,223.1,515255
2026-04-22 09:34:00,09:34:00,223.45,229.35,221.6,221.6,882830
2026-04-22 09:35:00,09:35:00,220.85,225.0,216.5,225.0,392860
2026-04-22 09:36:00,09:36:00,225.75,225.9,213.35,214.55,515970
2026-04-22 09:37:00,09:37:00,215.1,221.8,214.35,219.3,347555
2026-04-22 09:38:00,09:38:00,221.35,224.2,219.3,223.8,275470
2026-04-22 09:39:00,09:39:00,223.75,228.3,222.6,228.25,490230
2026-04-22 09:40:00,09:40:00,229.5,234.35,227.75,228.0,926380
2026-04-22 09:41:00,09:41:00,228.15,233.75,227.9,231.95,388635
2026-04-22 09:42:00,09:42:00,231.7,233.0,228.0,231.3,470990
2026-04-22 09:43:00,09:43:00,210.35,216.5,208.65,216.5,367900
2026-04-22 09:44:00,09:44:00,216.9,216.9,213.65,214.05,165295
2026-04-22 09:45:00,09:45:00,236.9,239.7,235.15,237.4,637195
2026-04-22 09:46:00,09:46:00,213.65,222.55,210.45,221.4,334425
2026-04-22 09:47:00,09:47:00,221.85,223.95,218.9,219.3,300170
2026-04-22 09:48:00,09:48:00,220.6,225.25,219.3,220.65,250250
2026-04-22 09:49:00,09:49:00,220.7,222.6,218.0,218.55,158015
2026-04-22 09:50:00,09:50:00,217.65,221.7,216.3,221.7,152295
2026-04-22 09:51:00,09:51:00,221.45,224.8,214.15,215.25,228800
2026-04-22 09:52:00,09:52:00,214.6,220.45,211.25,218.7,209560
2026-04-22 09:53:00,09:53:00,219.2,219.6,214.0,216.8,103415
2026-04-22 09:54:00,09:54:00,216.05,223.0,216.05,222.9,155285
2026-04-22 09:55:00,09:55:00,223.1,226.75,220.6,222.5,304265
2026-04-22 09:56:00,09:56:00,222.15,224.3,220.7,220.75,111930
2026-04-22 09:57:00,09:57:00,220.45,230.2,220.25,227.7,285545
2026-04-22 09:58:00,09:58:00,227.8,229.0,225.65,226.75,230945
2026-04-22 09:59:00,09:59:00,226.85,231.0,224.05,231.0,232765
2026-04-22 10:00:00,10:00:00,209.7,224.5,207.6,218.2,1121315
2026-04-22 10:01:00,10:01:00,219.45,221.8,211.5,212.7,515905
2026-04-22 10:02:00,10:02:00,235.05,239.0,231.4,233.3,302380
2026-04-22 10:03:00,10:03:00,233.95,238.25,233.0,235.8,163345
2026-04-22 10:04:00,10:04:00,236.25,237.0,233.7,235.8,133120
2026-04-22 10:05:00,10:05:00,213.55,219.3,212.55,218.4,274235
2026-04-22 10:06:00,10:06:00,241.3,242.0,237.65,239.15,175110
2026-04-22 10:07:00,10:07:00,239.9,240.25,234.5,235.4,167115
2026-04-22 10:08:00,10:08:00,214.3,218.0,212.65,217.7,132210
2026-04-22 10:09:00,10:09:00,240.4,240.95,236.3,236.3,99775
2026-04-22 10:10:00,10:10:00,236.6,236.6,231.15,233.65,220675
2026-04-22 10:11:00,10:11:00,233.75,238.25,233.05,236.4,123370
2026-04-22 10:12:00,10:12:00,236.4,239.1,232.7,239.1,136760
2026-04-22 10:13:00,10:13:00,239.5,239.9,237.3,237.45,157950
2026-04-22 10:14:00,10:14:00,214.8,218.9,214.5,217.05,240435
2026-04-22 10:15:00,10:15:00,240.7,241.75,234.8,234.8,241865
2026-04-22 10:16:00,10:16:00,235.4,238.0,233.1,237.3,137410
2026-04-22 10:17:00,10:17:00,237.65,240.0,235.0,235.4,123305
2026-04-22 10:18:00,10:18:00,235.6,239.0,234.8,237.0,72085
2026-04-22 10:19:00,10:19:00,237.0,239.6,235.6,237.8,75790
2026-04-22 10:20:00,10:20:00,214.8,219.55,213.85,216.35,231075
2026-04-22 10:21:00,10:21:00,218.4,222.1,216.35,222.1,367445
2026-04-22 10:22:00,10:22:00,222.3,228.0,222.0,227.25,507845
2026-04-22 10:23:00,10:23:00,227.35,230.0,221.75,226.6,493025
2026-04-22 10:24:00,10:24:00,226.6,226.65,221.3,224.8,171470
2026-04-22 10:25:00,10:25:00,225.6,225.85,218.35,219.1,330265
2026-04-22 10:26:00,10:26:00,219.45,219.8,213.9,218.6,230815
2026-04-22 10:27:00,10:27:00,218.85,220.0,216.45,217.1,126620
2026-04-22 10:28:00,10:28:00,218.0,219.1,215.55,217.0,67015
2026-04-22 10:29:00,10:29:00,217.9,219.5,213.8,215.4,137735
2026-04-22 10:30:00,10:30:00,216.3,219.1,214.7,214.7,128570
2026-04-22 10:31:00,10:31:00,236.75,241.5,236.75,236.8,110500
2026-04-22 10:32:00,10:32:00,237.25,239.5,235.45,238.2,132145
2026-04-22 10:33:00,10:33:00,238.05,238.85,234.0,234.35,147095
2026-04-22 10:34:00,10:34:00,234.6,237.45,233.25,236.7,121030
2026-04-22 10:35:00,10:35:00,235.6,237.0,233.25,236.55,98540
2026-04-22 10:36:00,10:36:00,237.55,239.75,233.15,233.45,149045
2026-04-22 10:37:00,10:37:00,234.05,234.2,230.85,231.25,163475
2026-04-22 10:38:00,10:38:00,231.6,231.95,226.25,228.1,283335
2026-04-22 10:39:00,10:39:00,228.1,230.0,223.75,224.6,200070
2026-04-22 10:40:00,10:40:00,224.45,226.75,223.35,223.75,170625
2026-04-22 10:41:00,10:41:00,224.45,225.9,222.0,222.5,100685
2026-04-22 10:42:00,10:42:00,222.5,222.5,217.35,217.35,232700
2026-04-22 10:43:00,10:43:00,217.15,218.3,214.0,215.4,165425
2026-04-22 10:44:00,10:44:00,215.05,216.05,213.0,215.05,112060
2026-04-22 10:45:00,10:45:00,216.0,219.7,215.05,218.85,155935
2026-04-22 10:46:00,10:46:00,241.85,242.5,227.1,230.65,1098110
2026-04-22 10:47:00,10:47:00,230.4,230.65,224.15,226.15,601640
2026-04-22 10:48:00,10:48:00,226.55,232.65,225.55,231.2,430430
2026-04-22 10:49:00,10:49:00,207.95,211.0,207.95,208.0,118885
2026-04-22 10:50:00,10:50:00,230.45,231.4,226.85,227.8,299715
2026-04-22 10:51:00,10:51:00,227.2,227.8,222.0,223.7,314210
2026-04-22 10:52:00,10:52:00,223.2,225.85,221.0,221.0,261495
2026-04-22 10:53:00,10:53:00,221.05,223.95,218.6,219.0,456430
2026-04-22 10:54:00,10:54:00,219.0,220.3,217.75,219.9,341900
2026-04-22 10:55:00,10:55:00,219.65,220.15,216.15,218.75,336375
2026-04-22 10:56:00,10:56:00,219.8,222.55,218.75,220.0,351780
2026-04-22 10:57:00,10:57:00,219.15,221.0,218.1,221.0,157235
2026-04-22 10:58:00,10:58:00,221.35,223.1,220.45,221.5,215670
2026-04-22 10:59:00,10:59:00,221.85,222.95,220.7,220.7,219115
2026-04-22 11:00:00,11:00:00,221.1,227.35,220.7,226.9,423475
2026-04-22 11:01:00,11:01:00,226.9,228.0,222.5,223.1,482690
2026-04-22 11:02:00,11:02:00,223.3,223.6,218.35,221.55,367315
2026-04-22 11:03:00,11:03:00,221.05,225.9,221.05,225.9,235950
2026-04-22 11:04:00,11:04:00,224.75,225.9,219.3,219.5,287820
2026-04-22 11:05:00,11:05:00,218.5,224.4,217.65,223.0,223860
2026-04-22 11:06:00,11:06:00,224.0,225.4,222.65,224.9,172640
2026-04-22 11:07:00,11:07:00,225.9,226.0,223.55,225.8,178490
2026-04-22 11:08:00,11:08:00,225.9,226.95,222.5,224.65,167050
2026-04-22 11:09:00,11:09:00,202.8,207.9,202.0,207.9,127465
2026-04-22 11:10:00,11:10:00,207.5,214.0,207.1,211.85,361010
2026-04-22 11:11:00,11:11:00,212.9,213.3,208.45,208.45,200005
2026-04-22 11:12:00,11:12:00,231.45,232.75,226.25,226.8,444080
2026-04-22 11:13:00,11:13:00,227.2,231.6,226.7,228.4,280020
2026-04-22 11:14:00,11:14:00,228.0,228.5,224.0,228.5,321490
2026-04-22 11:15:00,11:15:00,229.0,230.1,225.3,229.8,190385
2026-04-22 11:16:00,11:16:00,229.9,230.45,228.0,229.55,212290
2026-04-22 11:17:00,11:17:00,229.65,229.65,224.25,226.65,283985
2026-04-22 11:18:00,11:18:00,226.95,226.95,222.0,222.0,246935
2026-04-22 11:19:00,11:19:00,221.8,223.4,218.8,220.15,419315
2026-04-22 11:20:00,11:20:00,219.4,226.45,219.25,225.6,276250
2026-04-22 11:21:00,11:21:00,223.95,225.6,218.1,220.4,222495
2026-04-22 11:22:00,11:22:00,221.4,222.25,215.3,216.25,356070
2026-04-22 11:23:00,11:23:00,216.45,220.65,216.25,217.35,181610
2026-04-22 11:24:00,11:24:00,217.55,217.55,212.7,213.05,269295
2026-04-22 11:25:00,11:25:00,213.2,216.0,212.6,212.6,270270
2026-04-22 11:26:00,11:26:00,212.9,213.7,209.9,211.7,388895
2026-04-22 11:27:00,11:27:00,211.75,214.7,211.15,214.0,208260
2026-04-22 11:28:00,11:28:00,214.4,218.05,214.0,215.8,332150
2026-04-22 11:29:00,11:29:00,215.8,220.5,215.6,219.85,334100
2026-04-22 11:30:00,11:30:00,219.05,220.0,216.95,218.5,192465
2026-04-22 11:31:00,11:31:00,218.3,219.65,216.55,219.65,147095
2026-04-22 11:32:00,11:32:00,218.55,219.75,214.0,214.35,218725
2026-04-22 11:33:00,11:33:00,213.15,214.35,207.3,207.55,478530
2026-04-22 11:34:00,11:34:00,207.95,214.7,207.55,212.55,221325
2026-04-22 11:35:00,11:35:00,212.65,219.0,212.55,217.6,221975
2026-04-22 11:36:00,11:36:00,218.2,218.7,215.6,217.0,192985
2026-04-22 11:37:00,11:37:00,217.1,217.95,214.4,217.0,154960
2026-04-22 11:38:00,11:38:00,218.15,218.45,215.25,215.25,125840
2026-04-22 11:39:00,11:39:00,215.3,219.85,214.75,219.05,243815
2026-04-22 11:40:00,11:40:00,219.45,219.7,215.0,216.1,234325
2026-04-22 11:41:00,11:41:00,215.6,218.3,215.6,218.3,114660
2026-04-22 11:42:00,11:42:00,218.35,219.65,214.35,219.55,159965
2026-04-22 11:43:00,11:43:00,220.3,224.0,219.55,220.1,627315
2026-04-22 11:44:00,11:44:00,198.0,204.2,197.2,204.2,104195
2026-04-22 11:45:00,11:45:00,204.05,208.95,204.05,208.8,301990
2026-04-22 11:46:00,11:46:00,208.5,215.2,208.25,214.8,444535
2026-04-22 11:47:00,11:47:00,214.25,218.7,212.25,218.0,325390
2026-04-22 11:48:00,11:48:00,217.65,220.65,214.2,214.75,378365
2026-04-22 11:49:00,11:49:00,214.25,214.75,207.6,211.1,256945
2026-04-22 11:50:00,11:50:00,211.1,211.85,206.25,207.3,178230
2026-04-22 11:51:00,11:51:00,207.55,209.7,205.4,208.35,125060
2026-04-22 11:52:00,11:52:00,208.2,209.75,204.45,204.45,98735
2026-04-22 11:53:00,11:53:00,204.1,205.1,201.6,202.0,165230
2026-04-22 11:54:00,11:54:00,202.35,205.0,200.0,200.0,107380
2026-04-22 11:55:00,11:55:00,199.8,200.95,198.0,200.0,108420
2026-04-22 11:56:00,11:56:00,200.15,201.85,198.65,198.85,70720
2026-04-22 11:57:00,11:57:00,199.45,201.25,196.0,196.05,110305
2026-04-22 11:58:00,11:58:00,196.05,197.45,194.05,194.2,119275
2026-04-22 11:59:00,11:59:00,216.15,217.2,213.6,213.8,297895
2026-04-22 12:00:00,12:00:00,213.7,214.05,209.15,213.05,440570
2026-04-22 12:01:00,12:01:00,213.15,215.25,212.85,213.5,270855
2026-04-22 12:02:00,12:02:00,213.0,214.0,212.0,212.5,179530
2026-04-22 12:03:00,12:03:00,212.5,213.7,210.15,210.6,253240
2026-04-22 12:04:00,12:04:00,211.05,211.35,207.75,208.6,266890
2026-04-22 12:05:00,12:05:00,209.5,212.3,208.6,210.5,188175
2026-04-22 12:06:00,12:06:00,210.5,212.75,209.9,209.9,163475
2026-04-22 12:07:00,12:07:00,209.6,211.8,208.05,209.5,168220
2026-04-22 12:08:00,12:08:00,209.2,213.45,209.2,213.0,198770
2026-04-22 12:09:00,12:09:00,190.9,193.8,190.7,193.6,112060
2026-04-22 12:10:00,12:10:00,193.75,196.2,192.75,193.7,135915
2026-04-22 12:11:00,12:11:00,216.45,216.7,213.0,213.05,188825
2026-04-22 12:12:00,12:12:00,193.0,198.0,191.05,198.0,153270
2026-04-22 12:13:00,12:13:00,197.95,201.4,196.8,197.6,235430
2026-04-22 12:14:00,12:14:00,198.25,199.45,195.2,196.35,77220
2026-04-22 12:15:00,12:15:00,197.0,200.0,196.35,199.7,79560
2026-04-22 12:16:00,12:16:00,199.55,200.2,198.35,198.55,111735
2026-04-22 12:17:00,12:17:00,198.3,199.3,193.55,196.4,148330
2026-04-22 12:18:00,12:18:00,196.5,199.9,196.4,199.9,82940
2026-04-22 12:19:00,12:19:00,200.85,202.95,199.9,202.0,142675
2026-04-22 12:20:00,12:20:00,202.25,203.0,199.65,201.95,118495
2026-04-22 12:21:00,12:21:00,202.5,202.7,197.95,199.1,76310
2026-04-22 12:22:00,12:22:00,199.0,201.0,197.75,200.9,51935
2026-04-22 12:23:00,12:23:00,200.65,203.0,200.6,202.9,70005
2026-04-22 12:24:00,12:24:00,203.8,206.55,202.2,204.95,148655
2026-04-22 12:25:00,12:25:00,204.65,205.75,200.55,203.0,124020
2026-04-22 12:26:00,12:26:00,203.1,203.75,199.15,199.15,85345
2026-04-22 12:27:00,12:27:00,198.7,204.4,198.35,203.35,50570
2026-04-22 12:28:00,12:28:00,205.55,208.3,203.35,206.5,168545
2026-04-22 12:29:00,12:29:00,206.4,207.35,200.5,202.95,97695
2026-04-22 12:30:00,12:30:00,202.75,202.95,193.15,194.8,215410
2026-04-22 12:31:00,12:31:00,195.0,198.0,193.7,196.15,93860
2026-04-22 12:32:00,12:32:00,196.0,199.05,194.05,199.0,57330
2026-04-22 12:33:00,12:33:00,199.4,199.65,194.3,195.25,55705
2026-04-22 12:34:00,12:34:00,194.45,199.0,194.35,195.65,52975
2026-04-22 12:35:00,12:35:00,196.6,199.75,195.65,197.3,70850
2026-04-22 12:36:00,12:36:00,197.45,200.45,195.9,200.45,65390
2026-04-22 12:37:00,12:37:00,200.0,208.4,199.0,208.4,156910
2026-04-22 12:38:00,12:38:00,208.0,210.85,203.7,204.2,222040
2026-04-22 12:39:00,12:39:00,203.65,204.2,198.7,199.35,147485
2026-04-22 12:40:00,12:40:00,199.35,203.0,196.8,203.0,119340
2026-04-22 12:41:00,12:41:00,203.0,203.0,197.5,198.25,61945
2026-04-22 12:42:00,12:42:00,198.0,198.9,195.0,198.6,97240
2026-04-22 12:43:00,12:43:00,199.8,199.8,194.0,194.0,67340
2026-04-22 12:44:00,12:44:00,194.15,196.15,193.45,193.55,66690
2026-04-22 12:45:00,12:45:00,193.0,196.3,192.75,194.25,77870
2026-04-22 12:46:00,12:46:00,193.5,198.0,193.5,195.55,50635
2026-04-22 12:47:00,12:47:00,195.5,199.65,195.5,198.75,83720
2026-04-22 12:48:00,12:48:00,198.25,202.6,198.0,202.45,78650
2026-04-22 12:49:00,12:49:00,202.0,206.65,201.4,204.0,129480
2026-04-22 12:50:00,12:50:00,204.7,205.5,201.35,201.9,81640
2026-04-22 12:51:00,12:51:00,201.55,203.95,197.45,197.45,65650
2026-04-22 12:52:00,12:52:00,197.25,197.45,190.5,194.15,205010
2026-04-22 12:53:00,12:53:00,194.15,195.5,193.0,194.85,56420
2026-04-22 12:54:00,12:54:00,195.15,197.0,193.7,195.5,55380
2026-04-22 12:55:00,12:55:00,218.35,218.35,213.0,213.8,264290
2026-04-22 12:56:00,12:56:00,213.55,216.0,211.35,211.8,192465
2026-04-22 12:57:00,12:57:00,212.0,212.0,208.3,210.8,331825
2026-04-22 12:58:00,12:58:00,211.8,211.8,207.3,209.95,222560
2026-04-22 12:59:00,12:59:00,210.2,210.7,207.4,209.6,164190
2026-04-22 13:00:00,13:00:00,209.35,212.0,209.0,209.1,151710
2026-04-22 13:01:00,13:01:00,209.3,217.45,209.0,212.75,390780
2026-04-22 13:02:00,13:02:00,213.2,213.9,210.4,213.1,148785
2026-04-22 13:03:00,13:03:00,191.7,196.45,190.4,193.75,102115
2026-04-22 13:04:00,13:04:00,216.75,216.75,210.85,210.85,195325
2026-04-22 13:05:00,13:05:00,209.95,211.5,208.0,210.7,226655
2026-04-22 13:06:00,13:06:00,210.55,210.7,206.15,208.45,216775
2026-04-22 13:07:00,13:07:00,208.45,209.55,206.55,207.8,214760
2026-04-22 13:08:00,13:08:00,208.0,209.2,205.35,206.8,193180
2026-04-22 13:09:00,13:09:00,207.55,211.7,206.8,210.25,279890
2026-04-22 13:10:00,13:10:00,209.4,215.0,208.55,213.0,277615
2026-04-22 13:11:00,13:11:00,213.75,214.0,211.15,213.25,209300
2026-04-22 13:12:00,13:12:00,191.8,196.95,190.85,195.65,181350
2026-04-22 13:13:00,13:13:00,194.95,195.65,189.4,190.35,79950
2026-04-22 13:14:00,13:14:00,212.8,213.5,207.6,208.25,258765
2026-04-22 13:15:00,13:15:00,208.45,211.25,206.8,211.0,252200
2026-04-22 13:16:00,13:16:00,211.8,214.95,210.7,212.1,262795
2026-04-22 13:17:00,13:17:00,190.6,194.5,189.65,194.5,43160
2026-04-22 13:18:00,13:18:00,194.8,196.5,192.55,194.4,94770
2026-04-22 13:19:00,13:19:00,193.8,201.4,193.8,200.65,193440
2026-04-22 13:20:00,13:20:00,201.4,206.15,199.65,206.0,215345
2026-04-22 13:21:00,13:21:00,206.2,207.5,203.8,204.6,179270
2026-04-22 13:22:00,13:22:00,204.8,213.6,203.85,212.7,257595
2026-04-22 13:23:00,13:23:00,211.9,216.1,210.05,210.5,396370
2026-04-22 13:24:00,13:24:00,209.7,214.2,208.95,212.75,177515
2026-04-22 13:25:00,13:25:00,213.25,214.25,208.75,211.2,173095
2026-04-22 13:26:00,13:26:00,210.8,211.2,205.65,207.05,161005
2026-04-22 13:27:00,13:27:00,207.0,207.45,203.1,204.85,133185
2026-04-22 13:28:00,13:28:00,204.0,206.2,203.1,203.4,106795
2026-04-22 13:29:00,13:29:00,202.7,203.4,197.1,198.95,192725
2026-04-22 13:30:00,13:30:00,198.5,199.85,195.65,199.1,102310
2026-04-22 13:31:00,13:31:00,198.65,201.85,196.9,197.3,91975
2026-04-22 13:32:00,13:32:00,197.6,200.9,193.5,193.5,128830
2026-04-22 13:33:00,13:33:00,217.3,217.3,211.45,213.8,579670
2026-04-22 13:34:00,13:34:00,190.15,193.75,190.15,192.85,72670
2026-04-22 13:35:00,13:35:00,216.0,216.0,211.35,212.6,236405
2026-04-22 13:36:00,13:36:00,212.65,214.85,211.55,212.15,146315
2026-04-22 13:37:00,13:37:00,210.45,213.3,210.0,212.5,169325
2026-04-22 13:38:00,13:38:00,190.1,193.9,190.1,193.9,65650
2026-04-22 13:39:00,13:39:00,194.55,195.2,191.2,192.85,108810
2026-04-22 13:40:00,13:40:00,216.5,216.5,211.7,211.85,183885
2026-04-22 13:41:00,13:41:00,211.65,213.55,208.95,210.15,295880
2026-04-22 13:42:00,13:42:00,209.7,214.75,209.0,213.6,225940
2026-04-22 13:43:00,13:43:00,214.7,214.85,211.0,211.85,129545
2026-04-22 13:44:00,13:44:00,212.5,212.5,208.4,209.0,250835
2026-04-22 13:45:00,13:45:00,208.8,212.85,208.25,212.85,232895
2026-04-22 13:46:00,13:46:00,212.5,213.5,210.5,211.7,210080
2026-04-22 13:47:00,13:47:00,211.5,213.0,211.5,212.6,103935
2026-04-22 13:48:00,13:48:00,212.55,212.6,208.0,208.75,181350
2026-04-22 13:49:00,13:49:00,208.3,211.0,208.0,208.85,186550
2026-04-22 13:50:00,13:50:00,209.05,213.0,208.35,213.0,193115
2026-04-22 13:51:00,13:51:00,213.75,215.4,212.3,212.9,316290
2026-04-22 13:52:00,13:52:00,190.5,195.15,190.0,195.15,167960
2026-04-22 13:53:00,13:53:00,195.3,198.35,193.0,197.25,107705
2026-04-22 13:54:00,13:54:00,197.5,199.55,194.0,194.0,136240
2026-04-22 13:55:00,13:55:00,216.05,219.3,209.35,210.0,534105
2026-04-22 13:56:00,13:56:00,210.35,210.7,204.6,205.15,837070
2026-04-22 13:57:00,13:57:00,205.4,207.75,201.95,202.25,547495
2026-04-22 13:58:00,13:58:00,201.5,202.35,197.6,201.45,704470
2026-04-22 13:59:00,13:59:00,201.3,201.95,199.4,200.85,264355
2026-04-22 14:00:00,14:00:00,200.45,200.85,193.5,194.5,644215
2026-04-22 14:01:00,14:01:00,194.0,200.25,193.6,198.15,422175
2026-04-22 14:02:00,14:02:00,198.15,201.9,198.1,201.45,258830
2026-04-22 14:03:00,14:03:00,201.85,210.0,201.45,209.8,781170
2026-04-22 14:04:00,14:04:00,187.4,194.0,187.3,193.5,214175
2026-04-22 14:05:00,14:05:00,215.75,216.25,210.55,211.0,505245
2026-04-22 14:06:00,14:06:00,189.2,192.65,187.7,192.65,79430
2026-04-22 14:07:00,14:07:00,215.1,216.0,210.8,211.75,286585
2026-04-22 14:08:00,14:08:00,210.95,213.15,209.25,212.0,185055
2026-04-22 14:09:00,14:09:00,189.85,192.9,189.0,192.55,62790
2026-04-22 14:10:00,14:10:00,192.7,198.1,192.55,196.9,234520
2026-04-22 14:11:00,14:11:00,197.15,198.6,196.0,198.6,111085
2026-04-22 14:12:00,14:12:00,198.6,198.75,195.5,196.3,95225
2026-04-22 14:13:00,14:13:00,196.85,200.45,195.85,200.0,107250
2026-04-22 14:14:00,14:14:00,199.8,200.0,194.55,196.65,111800
2026-04-22 14:15:00,14:15:00,196.05,199.3,194.6,198.75,68510
2026-04-22 14:16:00,14:16:00,199.7,206.5,197.15,203.95,153400
2026-04-22 14:17:00,14:17:00,203.45,210.35,202.85,209.0,248170
2026-04-22 14:18:00,14:18:00,208.8,212.5,208.6,212.45,328380
2026-04-22 14:19:00,14:19:00,212.2,212.45,203.2,203.2,292370
2026-04-22 14:20:00,14:20:00,203.8,210.0,203.2,209.65,181090
2026-04-22 14:21:00,14:21:00,210.3,210.3,199.1,201.4,196430
2026-04-22 14:22:00,14:22:00,201.45,203.15,199.95,199.95,81705
2026-04-22 14:23:00,14:23:00,197.8,201.65,197.0,200.2,152425
2026-04-22 14:24:00,14:24:00,201.0,202.05,198.1,198.2,92495
2026-04-22 14:25:00,14:25:00,197.95,198.2,193.95,196.6,128180
2026-04-22 14:26:00,14:26:00,196.4,200.05,195.95,199.8,58695
2026-04-22 14:27:00,14:27:00,200.15,201.65,196.4,198.4,91390
2026-04-22 14:28:00,14:28:00,198.45,201.6,198.25,199.55,64805
2026-04-22 14:29:00,14:29:00,198.85,200.8,197.55,199.5,72475
2026-04-22 14:30:00,14:30:00,199.65,203.6,196.3,198.1,193765
2026-04-22 14:31:00,14:31:00,198.2,200.05,195.0,199.8,93145
2026-04-22 14:32:00,14:32:00,200.55,202.3,197.15,199.85,59020
2026-04-22 14:33:00,14:33:00,199.15,200.05,195.7,196.9,51350
2026-04-22 14:34:00,14:34:00,197.05,199.0,195.4,198.8,56160
2026-04-22 14:35:00,14:35:00,198.4,199.5,197.15,197.25,43290
2026-04-22 14:36:00,14:36:00,197.0,197.9,190.6,190.6,185445
2026-04-22 14:37:00,14:37:00,214.0,214.95,209.4,211.4,426855
2026-04-22 14:38:00,14:38:00,189.2,197.5,188.45,195.75,119210
2026-04-22 14:39:00,14:39:00,196.1,197.5,193.35,193.75,101400
2026-04-22 14:40:00,14:40:00,191.9,197.3,191.3,197.2,59735
2026-04-22 14:41:00,14:41:00,197.45,197.45,193.85,194.3,49530
2026-04-22 14:42:00,14:42:00,194.8,196.6,193.95,196.0,37050
2026-04-22 14:43:00,14:43:00,196.5,197.5,194.15,194.4,59995
2026-04-22 14:44:00,14:44:00,193.6,200.0,193.6,199.75,118755
2026-04-22 14:45:00,14:45:00,199.5,201.6,197.0,199.0,164320
2026-04-22 14:46:00,14:46:00,198.9,200.4,197.2,198.75,51805
2026-04-22 14:47:00,14:47:00,198.8,198.8,195.0,196.0,113620
2026-04-22 14:48:00,14:48:00,195.75,196.7,193.05,196.0,76830
2026-04-22 14:49:00,14:49:00,195.3,198.3,194.4,198.3,49790
2026-04-22 14:50:00,14:50:00,198.4,200.9,197.7,199.5,99710
2026-04-22 14:51:00,14:51:00,199.3,199.5,194.35,195.15,51870
2026-04-22 14:52:00,14:52:00,194.75,195.55,192.1,194.6,75270
2026-04-22 14:53:00,14:53:00,194.3,195.65,193.35,195.65,34125
2026-04-22 14:54:00,14:54:00,195.5,196.5,192.25,193.4,51675
2026-04-22 14:55:00,14:55:00,216.6,216.6,212.0,214.4,282425
2026-04-22 14:56:00,14:56:00,214.6,217.0,214.3,217.0,127530
2026-04-22 14:57:00,14:57:00,217.5,217.95,214.4,217.35,176540
2026-04-22 14:58:00,14:58:00,195.1,197.15,193.85,193.85,79105
2026-04-22 14:59:00,14:59:00,216.55,216.9,213.4,215.95,201045
2026-04-22 15:00:00,15:00:00,195.1,205.6,192.9,205.4,392730
2026-04-22 15:01:00,15:01:00,204.55,209.95,203.65,208.3,390715
2026-04-22 15:02:00,15:02:00,206.2,211.75,204.2,205.25,378560
2026-04-22 15:03:00,15:03:00,204.55,214.6,204.55,211.8,321295
2026-04-22 15:04:00,15:04:00,211.4,213.95,209.15,212.0,226980
2026-04-22 15:05:00,15:05:00,212.1,216.15,212.0,214.0,320320
2026-04-22 15:06:00,15:06:00,214.75,215.85,213.0,213.8,173745
2026-04-22 15:07:00,15:07:00,214.35,214.35,209.4,213.3,190970
2026-04-22 15:08:00,15:08:00,213.55,216.0,213.1,213.6,243425
2026-04-22 15:09:00,15:09:00,213.25,216.05,212.3,214.55,234390
2026-04-22 15:10:00,15:10:00,215.45,218.55,214.55,217.45,276055
2026-04-22 15:11:00,15:11:00,216.4,217.45,213.15,214.55,117975
2026-04-22 15:12:00,15:12:00,214.5,215.5,211.65,212.9,128310
2026-04-22 15:13:00,15:13:00,212.9,213.1,206.65,208.1,267475
2026-04-22 15:14:00,15:14:00,207.35,208.1,203.7,206.1,196300
2026-04-22 15:15:00,15:15:00,206.8,207.75,197.65,199.65,319995
2026-04-22 15:16:00,15:16:00,200.05,204.8,199.65,203.15,140465
2026-04-22 15:17:00,15:17:00,203.5,204.5,202.45,203.35,87230
2026-04-22 15:18:00,15:18:00,203.65,206.15,203.35,206.1,111800
2026-04-22 15:19:00,15:19:00,206.0,206.1,203.2,204.6,139295
2026-04-22 15:20:00,15:20:00,204.4,206.35,203.95,204.75,104325
2026-04-22 15:21:00,15:21:00,204.75,205.0,201.25,201.3,120900
2026-04-22 15:22:00,15:22:00,201.05,201.3,198.3,200.45,128440
2026-04-22 15:23:00,15:23:00,201.05,205.95,200.45,205.2,119210
2026-04-22 15:24:00,15:24:00,183.55,185.8,183.35,185.15,161915
2026-04-22 15:25:00,15:25:00,184.8,185.7,181.45,183.9,237250
2026-04-22 15:26:00,15:26:00,183.8,185.0,183.5,184.8,182520
2026-04-22 15:27:00,15:27:00,184.3,185.15,183.5,184.0,187720
2026-04-22 15:28:00,15:28:00,184.15,185.25,183.95,184.8,179790
2026-04-22 15:29:00,15:29:00,184.85,185.0,176.35,176.35,282880
