datetime,time,open,high,low,close,volume
2026-02-10 09:15:00,09:15:00,5.0,5.0,2.55,2.6,4294875
2026-02-10 09:16:00,09:16:00,2.8,2.8,2.5,2.6,1923610
2026-02-10 09:17:00,09:17:00,2.4,2.45,2.3,2.35,1823835
2026-02-10 09:18:00,09:18:00,2.6,2.65,2.55,2.6,1008215
2026-02-10 09:19:00,09:19:00,2.4,2.4,2.35,2.35,1264250
2026-02-10 09:20:00,09:20:00,2.4,2.65,2.35,2.55,2487485
2026-02-10 09:21:00,09:21:00,2.55,2.55,2.5,2.5,1167855
2026-02-10 09:22:00,09:22:00,2.5,2.55,2.45,2.5,1216930
2026-02-10 09:23:00,09:23:00,2.5,2.55,2.4,2.5,1258400
2026-02-10 09:24:00,09:24:00,2.5,2.55,2.45,2.55,881335
2026-02-10 09:25:00,09:25:00,2.55,2.65,2.5,2.65,1150500
2026-02-10 09:26:00,09:26:00,2.6,2.65,2.5,2.6,1167400
2026-02-10 09:27:00,09:27:00,2.6,2.6,2.4,2.4,655655
2026-02-10 09:28:00,09:28:00,2.4,2.45,2.35,2.45,851370
2026-02-10 09:29:00,09:29:00,2.45,2.45,2.3,2.3,582725
2026-02-10 09:30:00,09:30:00,2.3,2.4,2.25,2.3,838240
2026-02-10 09:31:00,09:31:00,2.3,2.35,2.25,2.25,963170
2026-02-10 09:32:00,09:32:00,2.25,2.3,2.2,2.3,739050
2026-02-10 09:33:00,09:33:00,2.45,2.6,2.45,2.6,787930
2026-02-10 09:34:00,09:34:00,2.55,2.8,2.55,2.75,786370
2026-02-10 09:35:00,09:35:00,2.75,2.85,2.65,2.75,662350
2026-02-10 09:36:00,09:36:00,2.8,2.9,2.75,2.85,819065
2026-02-10 09:37:00,09:37:00,2.9,3.0,2.85,2.9,776555
2026-02-10 09:38:00,09:38:00,2.9,2.95,2.8,2.95,744380
2026-02-10 09:39:00,09:39:00,2.9,2.95,2.75,2.8,334035
2026-02-10 09:40:00,09:40:00,2.75,2.9,2.75,2.85,497835
2026-02-10 09:41:00,09:41:00,2.85,2.9,2.8,2.9,407615
2026-02-10 09:42:00,09:42:00,2.9,2.95,2.85,2.85,339365
2026-02-10 09:43:00,09:43:00,2.85,2.85,2.75,2.8,269360
2026-02-10 09:44:00,09:44:00,2.75,2.85,2.75,2.85,218595
2026-02-10 09:45:00,09:45:00,2.8,2.9,2.75,2.75,444730
2026-02-10 09:46:00,09:46:00,2.8,2.9,2.75,2.85,251290
2026-02-10 09:47:00,09:47:00,2.9,2.95,2.85,2.95,306865
2026-02-10 09:48:00,09:48:00,2.9,3.0,2.9,2.95,232570
2026-02-10 09:49:00,09:49:00,2.95,3.0,2.9,2.9,445380
2026-02-10 09:50:00,09:50:00,2.9,2.95,2.85,2.85,332995
2026-02-10 09:51:00,09:51:00,2.85,2.9,2.85,2.85,259090
2026-02-10 09:52:00,09:52:00,2.9,2.95,2.85,2.85,313105
2026-02-10 09:53:00,09:53:00,2.9,2.95,2.85,2.9,210860
2026-02-10 09:54:00,09:54:00,2.85,2.95,2.85,2.9,176865
2026-02-10 09:55:00,09:55:00,2.9,2.95,2.85,2.85,382590
2026-02-10 09:56:00,09:56:00,2.9,2.9,2.75,2.75,171925
2026-02-10 09:57:00,09:57:00,2.75,2.8,2.7,2.7,101335
2026-02-10 09:58:00,09:58:00,2.75,2.75,2.7,2.75,78715
2026-02-10 09:59:00,09:59:00,2.7,2.75,2.6,2.6,142090
2026-02-10 10:00:00,10:00:00,2.6,2.7,2.6,2.7,226850
2026-02-10 10:01:00,10:01:00,2.65,2.7,2.65,2.7,114855
2026-02-10 10:02:00,10:02:00,2.7,2.75,2.65,2.75,231400
2026-02-10 10:03:00,10:03:00,2.7,2.75,2.7,2.7,195325
2026-02-10 10:04:00,10:04:00,2.75,2.8,2.7,2.75,166855
2026-02-10 10:05:00,10:05:00,2.8,2.9,2.75,2.85,266240
2026-02-10 10:06:00,10:06:00,2.8,2.9,2.8,2.85,184535
2026-02-10 10:07:00,10:07:00,2.9,2.9,2.8,2.9,198770
2026-02-10 10:08:00,10:08:00,2.9,2.9,2.8,2.85,197405
2026-02-10 10:09:00,10:09:00,2.8,2.9,2.8,2.85,113360
2026-02-10 10:10:00,10:10:00,2.85,2.9,2.8,2.85,144495
2026-02-10 10:11:00,10:11:00,2.85,2.85,2.75,2.8,142740
2026-02-10 10:12:00,10:12:00,2.75,2.85,2.75,2.85,149955
2026-02-10 10:13:00,10:13:00,2.85,2.9,2.8,2.9,235430
2026-02-10 10:14:00,10:14:00,2.8,2.9,2.8,2.85,119275
2026-02-10 10:15:00,10:15:00,2.85,2.9,2.85,2.85,42315
2026-02-10 10:16:00,10:16:00,2.9,3.0,2.85,2.95,212940
2026-02-10 10:17:00,10:17:00,3.0,3.0,2.95,3.0,257985
2026-02-10 10:18:00,10:18:00,3.0,3.05,2.95,2.95,414505
2026-02-10 10:19:00,10:19:00,3.0,3.15,2.95,3.1,387595
2026-02-10 10:20:00,10:20:00,3.15,3.2,3.1,3.15,292240
2026-02-10 10:21:00,10:21:00,3.15,3.2,3.0,3.05,143520
2026-02-10 10:22:00,10:22:00,3.0,3.1,3.0,3.05,188045
2026-02-10 10:23:00,10:23:00,3.1,3.1,2.95,3.0,227175
2026-02-10 10:24:00,10:24:00,3.0,3.05,3.0,3.0,140400
2026-02-10 10:25:00,10:25:00,3.0,3.1,3.0,3.05,164580
2026-02-10 10:26:00,10:26:00,3.05,3.1,2.95,3.05,195845
2026-02-10 10:27:00,10:27:00,3.05,3.05,3.0,3.05,86580
2026-02-10 10:28:00,10:28:00,3.05,3.05,2.9,2.95,211510
2026-02-10 10:29:00,10:29:00,2.95,3.05,2.95,3.0,139360
2026-02-10 10:30:00,10:30:00,2.95,3.05,2.95,3.05,225615
2026-02-10 10:31:00,10:31:00,3.0,3.1,3.0,3.05,195585
2026-02-10 10:32:00,10:32:00,3.05,3.15,3.0,3.1,203385
2026-02-10 10:33:00,10:33:00,3.3,3.3,3.2,3.25,221195
2026-02-10 10:34:00,10:34:00,3.2,3.3,3.2,3.3,455000
2026-02-10 10:35:00,10:35:00,3.15,3.2,3.1,3.15,343070
2026-02-10 10:36:00,10:36:00,3.15,3.25,3.1,3.15,413010
2026-02-10 10:37:00,10:37:00,3.3,3.35,3.2,3.3,234390
2026-02-10 10:38:00,10:38:00,3.15,3.15,2.95,3.0,260455
2026-02-10 10:39:00,10:39:00,2.95,3.0,2.9,2.9,253955
2026-02-10 10:40:00,10:40:00,2.95,2.95,2.75,2.75,185445
2026-02-10 10:41:00,10:41:00,2.75,2.75,2.6,2.6,221000
2026-02-10 10:42:00,10:42:00,2.65,2.65,2.45,2.5,264485
2026-02-10 10:43:00,10:43:00,2.55,2.55,2.3,2.35,256490
2026-02-10 10:44:00,10:44:00,2.35,2.35,2.1,2.1,368355
2026-02-10 10:45:00,10:45:00,2.1,2.15,2.0,2.0,228150
2026-02-10 10:46:00,10:46:00,2.05,2.2,2.0,2.2,470665
2026-02-10 10:47:00,10:47:00,2.15,2.2,2.1,2.15,233025
2026-02-10 10:48:00,10:48:00,2.15,2.25,2.15,2.25,114790
2026-02-10 10:49:00,10:49:00,2.2,2.25,2.1,2.15,374465
2026-02-10 10:50:00,10:50:00,2.15,2.3,2.15,2.3,206440
2026-02-10 10:51:00,10:51:00,2.3,2.35,2.25,2.3,218920
2026-02-10 10:52:00,10:52:00,2.3,2.35,2.25,2.3,136435
2026-02-10 10:53:00,10:53:00,2.25,2.3,2.15,2.2,80405
2026-02-10 10:54:00,10:54:00,2.15,2.3,2.15,2.25,207610
2026-02-10 10:55:00,10:55:00,2.25,2.35,2.25,2.3,120055
2026-02-10 10:56:00,10:56:00,2.35,2.35,2.25,2.35,135655
2026-02-10 10:57:00,10:57:00,2.35,2.35,2.3,2.35,38740
2026-02-10 10:58:00,10:58:00,2.35,2.35,2.3,2.3,198835
2026-02-10 10:59:00,10:59:00,2.35,2.4,2.3,2.35,159510
2026-02-10 11:00:00,11:00:00,2.35,2.4,2.35,2.35,125125
2026-02-10 11:01:00,11:01:00,2.35,2.4,2.3,2.35,76115
2026-02-10 11:02:00,11:02:00,2.35,2.4,2.3,2.35,146835
2026-02-10 11:03:00,11:03:00,2.4,2.4,2.35,2.35,54080
2026-02-10 11:04:00,11:04:00,2.35,2.35,2.3,2.35,122980
2026-02-10 11:05:00,11:05:00,2.35,2.35,2.3,2.35,125450
2026-02-10 11:06:00,11:06:00,2.3,2.35,2.25,2.35,121810
2026-02-10 11:07:00,11:07:00,2.35,2.4,2.3,2.35,168025
2026-02-10 11:08:00,11:08:00,2.3,2.4,2.3,2.35,75140
2026-02-10 11:09:00,11:09:00,2.4,2.4,2.35,2.4,148330
2026-02-10 11:10:00,11:10:00,2.35,2.45,2.35,2.4,99190
2026-02-10 11:11:00,11:11:00,2.45,2.45,2.4,2.4,85345
2026-02-10 11:12:00,11:12:00,2.4,2.45,2.3,2.35,603655
2026-02-10 11:13:00,11:13:00,2.35,2.5,2.35,2.4,447980
2026-02-10 11:14:00,11:14:00,2.4,2.55,2.4,2.5,382135
2026-02-10 11:15:00,11:15:00,2.5,2.55,2.45,2.55,257270
2026-02-10 11:16:00,11:16:00,2.55,2.55,2.45,2.55,171275
2026-02-10 11:17:00,11:17:00,2.5,2.55,2.45,2.45,196040
2026-02-10 11:18:00,11:18:00,2.45,2.55,2.45,2.45,229450
2026-02-10 11:19:00,11:19:00,2.5,2.5,2.45,2.5,88335
2026-02-10 11:20:00,11:20:00,2.45,2.5,2.4,2.4,99775
2026-02-10 11:21:00,11:21:00,2.4,2.45,2.4,2.4,110305
2026-02-10 11:22:00,11:22:00,2.45,2.45,2.35,2.35,149760
2026-02-10 11:23:00,11:23:00,2.4,2.4,2.3,2.35,179855
2026-02-10 11:24:00,11:24:00,2.35,2.4,2.35,2.35,96720
2026-02-10 11:25:00,11:25:00,2.35,2.4,2.3,2.3,149630
2026-02-10 11:26:00,11:26:00,2.3,2.3,2.25,2.25,212030
2026-02-10 11:27:00,11:27:00,2.3,2.3,2.25,2.3,108940
2026-02-10 11:28:00,11:28:00,2.3,2.3,2.25,2.25,61425
2026-02-10 11:29:00,11:29:00,2.3,2.35,2.25,2.25,171535
2026-02-10 11:30:00,11:30:00,2.3,2.3,2.25,2.25,137930
2026-02-10 11:31:00,11:31:00,2.25,2.35,2.25,2.3,118170
2026-02-10 11:32:00,11:32:00,2.3,2.35,2.25,2.3,119275
2026-02-10 11:33:00,11:33:00,2.3,2.3,2.25,2.3,166530
2026-02-10 11:34:00,11:34:00,2.25,2.3,2.2,2.2,127855
2026-02-10 11:35:00,11:35:00,2.2,2.25,2.2,2.25,94705
2026-02-10 11:36:00,11:36:00,2.25,2.25,2.15,2.15,105495
2026-02-10 11:37:00,11:37:00,2.15,2.2,2.15,2.2,163605
2026-02-10 11:38:00,11:38:00,2.15,2.2,2.15,2.15,109460
2026-02-10 11:39:00,11:39:00,2.15,2.25,2.15,2.2,102050
2026-02-10 11:40:00,11:40:00,2.2,2.3,2.2,2.25,103155
2026-02-10 11:41:00,11:41:00,2.3,2.35,2.25,2.35,57395
2026-02-10 11:42:00,11:42:00,2.3,2.35,2.3,2.3,29705
2026-02-10 11:43:00,11:43:00,2.3,2.3,2.25,2.3,90740
2026-02-10 11:44:00,11:44:00,2.25,2.35,2.25,2.3,47450
2026-02-10 11:45:00,11:45:00,2.35,2.35,2.3,2.3,76635
2026-02-10 11:46:00,11:46:00,2.35,2.35,2.25,2.25,79560
2026-02-10 11:47:00,11:47:00,2.25,2.3,2.25,2.3,172445
2026-02-10 11:48:00,11:48:00,2.3,2.35,2.25,2.25,49660
2026-02-10 11:49:00,11:49:00,2.25,2.3,2.25,2.25,41080
2026-02-10 11:50:00,11:50:00,2.25,2.3,2.25,2.25,73580
2026-02-10 11:51:00,11:51:00,2.25,2.3,2.2,2.2,134355
2026-02-10 11:52:00,11:52:00,2.2,2.25,2.2,2.2,41275
2026-02-10 11:53:00,11:53:00,2.2,2.2,2.1,2.15,137280
2026-02-10 11:54:00,11:54:00,2.15,2.15,2.0,2.05,268385
2026-02-10 11:55:00,11:55:00,2.0,2.05,2.0,2.05,94900
2026-02-10 11:56:00,11:56:00,2.0,2.1,2.0,2.05,444015
2026-02-10 11:57:00,11:57:00,2.05,2.1,2.0,2.1,204100
2026-02-10 11:58:00,11:58:00,2.05,2.1,2.05,2.1,75985
2026-02-10 11:59:00,11:59:00,2.1,2.1,1.95,2.05,446420
2026-02-10 12:00:00,12:00:00,2.05,2.1,2.0,2.0,295425
2026-02-10 12:01:00,12:01:00,2.0,2.05,1.8,1.85,645840
2026-02-10 12:02:00,12:02:00,1.9,1.9,1.8,1.85,218335
2026-02-10 12:03:00,12:03:00,1.9,1.9,1.8,1.85,295165
2026-02-10 12:04:00,12:04:00,1.85,1.85,1.75,1.75,220610
2026-02-10 12:05:00,12:05:00,1.8,1.9,1.75,1.9,314990
2026-02-10 12:06:00,12:06:00,1.9,1.9,1.85,1.85,77935
2026-02-10 12:07:00,12:07:00,1.9,1.9,1.8,1.85,67990
2026-02-10 12:08:00,12:08:00,1.85,1.85,1.6,1.6,405405
2026-02-10 12:09:00,12:09:00,1.65,1.65,1.55,1.55,209170
2026-02-10 12:10:00,12:10:00,1.55,1.65,1.55,1.65,158795
2026-02-10 12:11:00,12:11:00,1.65,1.65,1.55,1.6,178490
2026-02-10 12:12:00,12:12:00,1.6,1.65,1.55,1.6,180505
2026-02-10 12:13:00,12:13:00,1.65,1.65,1.5,1.5,253565
2026-02-10 12:14:00,12:14:00,1.5,1.5,1.4,1.45,163345
2026-02-10 12:15:00,12:15:00,1.4,1.45,1.35,1.4,247910
2026-02-10 12:16:00,12:16:00,1.4,1.45,1.4,1.45,132145
2026-02-10 12:17:00,12:17:00,1.45,1.45,1.4,1.4,148980
2026-02-10 12:18:00,12:18:00,1.4,1.45,1.4,1.4,190125
2026-02-10 12:19:00,12:19:00,1.45,1.5,1.4,1.45,479050
2026-02-10 12:20:00,12:20:00,1.45,1.45,1.35,1.35,406510
2026-02-10 12:21:00,12:21:00,1.4,1.45,1.35,1.4,248755
2026-02-10 12:22:00,12:22:00,1.35,1.4,1.35,1.35,140790
2026-02-10 12:23:00,12:23:00,1.35,1.45,1.35,1.35,165165
2026-02-10 12:24:00,12:24:00,1.35,1.4,1.35,1.35,55120
2026-02-10 12:25:00,12:25:00,1.35,1.4,1.3,1.35,90285
2026-02-10 12:26:00,12:26:00,1.3,1.35,1.3,1.3,39390
2026-02-10 12:27:00,12:27:00,1.35,1.35,1.3,1.3,58175
2026-02-10 12:28:00,12:28:00,1.35,1.35,1.3,1.35,160355
2026-02-10 12:29:00,12:29:00,1.35,1.35,1.3,1.35,163995
2026-02-10 12:30:00,12:30:00,1.35,1.35,1.3,1.3,124670
2026-02-10 12:31:00,12:31:00,1.3,1.4,1.3,1.3,179660
2026-02-10 12:32:00,12:32:00,1.35,1.35,1.25,1.3,254150
2026-02-10 12:33:00,12:33:00,1.3,1.35,1.2,1.25,207480
2026-02-10 12:34:00,12:34:00,1.25,1.25,1.15,1.2,117910
2026-02-10 12:35:00,12:35:00,1.15,1.2,1.15,1.15,80665
2026-02-10 12:36:00,12:36:00,1.2,1.2,1.15,1.2,59995
2026-02-10 12:37:00,12:37:00,1.15,1.2,1.05,1.1,158405
2026-02-10 12:38:00,12:38:00,1.1,1.15,1.05,1.05,213655
2026-02-10 12:39:00,12:39:00,1.1,1.15,1.05,1.1,316290
2026-02-10 12:40:00,12:40:00,1.05,1.1,1.05,1.1,87035
2026-02-10 12:41:00,12:41:00,1.05,1.1,1.05,1.05,34320
2026-02-10 12:42:00,12:42:00,1.1,1.1,1.05,1.1,216255
2026-02-10 12:43:00,12:43:00,1.1,1.1,1.05,1.1,70070
2026-02-10 12:44:00,12:44:00,1.1,1.15,1.05,1.1,120835
2026-02-10 12:45:00,12:45:00,1.1,1.2,1.1,1.15,230685
2026-02-10 12:46:00,12:46:00,1.2,1.2,1.1,1.15,270855
2026-02-10 12:47:00,12:47:00,1.1,1.15,1.05,1.1,269555
2026-02-10 12:48:00,12:48:00,1.15,1.15,1.05,1.1,403520
2026-02-10 12:49:00,12:49:00,1.1,1.15,1.05,1.1,446940
2026-02-10 12:50:00,12:50:00,1.15,1.3,1.1,1.25,849290
2026-02-10 12:51:00,12:51:00,1.3,1.35,1.25,1.25,422500
2026-02-10 12:52:00,12:52:00,1.3,1.4,1.25,1.4,455520
2026-02-10 12:53:00,12:53:00,1.35,1.5,1.3,1.45,874640
2026-02-10 12:54:00,12:54:00,1.5,1.6,1.45,1.6,540345
2026-02-10 12:55:00,12:55:00,1.6,1.6,1.5,1.55,938080
2026-02-10 12:56:00,12:56:00,1.55,1.55,1.45,1.55,274430
2026-02-10 12:57:00,12:57:00,1.55,1.6,1.45,1.55,541840
2026-02-10 12:58:00,12:58:00,1.5,1.55,1.3,1.35,959920
2026-02-10 12:59:00,12:59:00,1.3,1.4,1.3,1.35,230880
2026-02-10 13:00:00,13:00:00,1.35,1.45,1.35,1.35,271375
2026-02-10 13:01:00,13:01:00,1.4,1.45,1.35,1.35,422500
2026-02-10 13:02:00,13:02:00,1.4,1.5,1.3,1.4,392990
2026-02-10 13:03:00,13:03:00,1.45,1.5,1.35,1.35,104650
2026-02-10 13:04:00,13:04:00,1.4,1.45,1.35,1.35,50960
2026-02-10 13:05:00,13:05:00,1.4,1.4,1.3,1.35,168870
2026-02-10 13:06:00,13:06:00,1.35,1.35,1.2,1.2,221910
2026-02-10 13:07:00,13:07:00,1.15,1.2,1.1,1.15,241410
2026-02-10 13:08:00,13:08:00,1.25,1.3,1.15,1.15,312715
2026-02-10 13:09:00,13:09:00,1.15,1.2,1.05,1.05,369655
2026-02-10 13:10:00,13:10:00,1.1,1.1,1.05,1.05,211380
2026-02-10 13:11:00,13:11:00,1.1,1.1,1.0,1.0,439010
2026-02-10 13:12:00,13:12:00,1.05,1.05,1.0,1.0,372255
2026-02-10 13:13:00,13:13:00,1.0,1.1,1.0,1.05,195065
2026-02-10 13:14:00,13:14:00,1.05,1.15,1.0,1.05,263250
2026-02-10 13:15:00,13:15:00,1.0,1.1,1.0,1.0,162110
2026-02-10 13:16:00,13:16:00,1.05,1.05,0.9,0.9,493220
2026-02-10 13:17:00,13:17:00,0.95,0.95,0.9,0.95,275925
2026-02-10 13:18:00,13:18:00,0.9,0.95,0.8,0.8,607685
2026-02-10 13:19:00,13:19:00,0.8,0.85,0.75,0.75,674570
2026-02-10 13:20:00,13:20:00,0.8,0.8,0.7,0.7,349635
2026-02-10 13:21:00,13:21:00,0.75,0.75,0.65,0.65,422305
2026-02-10 13:22:00,13:22:00,0.65,0.7,0.6,0.65,1291420
2026-02-10 13:23:00,13:23:00,0.6,0.65,0.6,0.6,1075685
2026-02-10 13:24:00,13:24:00,0.65,0.65,0.55,0.65,749385
2026-02-10 13:25:00,13:25:00,0.65,0.75,0.6,0.7,678535
2026-02-10 13:26:00,13:26:00,0.7,0.75,0.5,0.55,768235
2026-02-10 13:27:00,13:27:00,0.55,0.6,0.5,0.5,675935
2026-02-10 13:28:00,13:28:00,0.55,0.65,0.5,0.65,165815
2026-02-10 13:29:00,13:29:00,0.65,0.7,0.55,0.6,422565
2026-02-10 13:30:00,13:30:00,0.55,0.6,0.45,0.45,789815
2026-02-10 13:31:00,13:31:00,0.45,0.5,0.45,0.5,847145
2026-02-10 13:32:00,13:32:00,0.45,0.5,0.45,0.5,553475
2026-02-10 13:33:00,13:33:00,0.5,0.55,0.5,0.5,489320
2026-02-10 13:34:00,13:34:00,0.55,0.55,0.5,0.5,551720
2026-02-10 13:35:00,13:35:00,0.55,0.55,0.45,0.5,1355185
2026-02-10 13:36:00,13:36:00,0.5,0.5,0.4,0.4,630500
2026-02-10 13:37:00,13:37:00,0.4,0.5,0.4,0.45,907920
2026-02-10 13:38:00,13:38:00,0.5,0.5,0.4,0.45,865670
2026-02-10 13:39:00,13:39:00,0.45,0.45,0.4,0.45,395265
2026-02-10 13:40:00,13:40:00,0.6,0.6,0.55,0.6,156520
2026-02-10 13:41:00,13:41:00,0.6,0.6,0.55,0.6,62660
2026-02-10 13:42:00,13:42:00,0.45,0.5,0.45,0.5,99580
2026-02-10 13:43:00,13:43:00,0.5,0.5,0.45,0.45,263055
2026-02-10 13:44:00,13:44:00,0.55,0.65,0.55,0.6,167245
2026-02-10 13:45:00,13:45:00,0.65,0.7,0.6,0.7,256360
2026-02-10 13:46:00,13:46:00,0.7,0.75,0.65,0.75,403000
2026-02-10 13:47:00,13:47:00,0.65,0.65,0.45,0.45,455390
2026-02-10 13:48:00,13:48:00,0.45,0.5,0.45,0.5,616200
2026-02-10 13:49:00,13:49:00,0.4,0.5,0.4,0.45,610480
2026-02-10 13:50:00,13:50:00,0.45,0.5,0.45,0.5,84305
2026-02-10 13:51:00,13:51:00,0.55,0.6,0.55,0.6,63765
2026-02-10 13:52:00,13:52:00,0.55,0.65,0.55,0.65,77610
2026-02-10 13:53:00,13:53:00,0.6,0.65,0.55,0.6,149435
2026-02-10 13:54:00,13:54:00,0.6,0.6,0.5,0.6,179010
2026-02-10 13:55:00,13:55:00,0.55,0.6,0.5,0.55,43680
2026-02-10 13:56:00,13:56:00,0.4,0.5,0.4,0.5,590200
2026-02-10 13:57:00,13:57:00,0.5,0.5,0.45,0.5,255255
2026-02-10 13:58:00,13:58:00,0.5,0.5,0.45,0.5,112255
2026-02-10 13:59:00,13:59:00,0.5,0.5,0.45,0.45,436280
2026-02-10 14:00:00,14:00:00,0.5,0.5,0.45,0.5,573885
2026-02-10 14:01:00,14:01:00,0.45,0.55,0.45,0.5,302575
2026-02-10 14:02:00,14:02:00,0.5,0.6,0.45,0.45,355940
2026-02-10 14:03:00,14:03:00,0.45,0.5,0.4,0.45,483340
2026-02-10 14:04:00,14:04:00,0.4,0.45,0.4,0.4,286780
2026-02-10 14:05:00,14:05:00,0.45,0.45,0.4,0.45,168025
2026-02-10 14:06:00,14:06:00,0.45,0.45,0.35,0.4,453310
2026-02-10 14:07:00,14:07:00,0.4,0.45,0.35,0.45,523185
2026-02-10 14:08:00,14:08:00,0.45,0.5,0.4,0.4,278980
2026-02-10 14:09:00,14:09:00,0.4,0.45,0.4,0.4,395915
2026-02-10 14:10:00,14:10:00,0.45,0.45,0.4,0.45,129480
2026-02-10 14:11:00,14:11:00,0.45,0.5,0.4,0.45,186615
2026-02-10 14:12:00,14:12:00,0.45,0.45,0.4,0.45,66755
2026-02-10 14:13:00,14:13:00,0.4,0.45,0.4,0.45,80600
2026-02-10 14:14:00,14:14:00,0.45,0.45,0.4,0.4,84825
2026-02-10 14:15:00,14:15:00,0.45,0.45,0.4,0.4,59085
2026-02-10 14:16:00,14:16:00,0.45,0.5,0.4,0.4,76180
2026-02-10 14:17:00,14:17:00,0.45,0.5,0.4,0.5,301080
2026-02-10 14:18:00,14:18:00,0.5,0.6,0.5,0.6,236795
2026-02-10 14:19:00,14:19:00,0.6,0.6,0.55,0.6,178295
2026-02-10 14:20:00,14:20:00,0.6,0.6,0.45,0.5,202150
2026-02-10 14:21:00,14:21:00,0.55,0.55,0.5,0.5,182390
2026-02-10 14:22:00,14:22:00,0.55,0.55,0.45,0.5,152490
2026-02-10 14:23:00,14:23:00,0.5,0.55,0.45,0.45,337935
2026-02-10 14:24:00,14:24:00,0.45,0.5,0.45,0.45,124540
2026-02-10 14:25:00,14:25:00,0.55,0.6,0.5,0.6,124605
2026-02-10 14:26:00,14:26:00,0.6,0.6,0.55,0.6,363805
2026-02-10 14:27:00,14:27:00,0.6,0.6,0.55,0.55,1105585
2026-02-10 14:28:00,14:28:00,0.55,0.6,0.5,0.5,417755
2026-02-10 14:29:00,14:29:00,0.55,0.55,0.5,0.55,335660
2026-02-10 14:30:00,14:30:00,0.55,0.55,0.5,0.55,569660
2026-02-10 14:31:00,14:31:00,0.55,0.7,0.5,0.65,490100
2026-02-10 14:32:00,14:32:00,0.7,0.7,0.6,0.6,529295
2026-02-10 14:33:00,14:33:00,0.6,0.65,0.5,0.6,666445
2026-02-10 14:34:00,14:34:00,0.55,0.65,0.55,0.6,303745
2026-02-10 14:35:00,14:35:00,0.6,0.65,0.55,0.55,517010
2026-02-10 14:36:00,14:36:00,0.55,0.7,0.55,0.7,307775
2026-02-10 14:37:00,14:37:00,0.75,0.75,0.55,0.6,462475
2026-02-10 14:38:00,14:38:00,0.55,0.6,0.4,0.45,1089075
2026-02-10 14:39:00,14:39:00,0.45,0.55,0.4,0.45,911495
2026-02-10 14:40:00,14:40:00,0.45,0.5,0.4,0.45,775970
2026-02-10 14:41:00,14:41:00,0.45,0.55,0.4,0.5,491595
2026-02-10 14:42:00,14:42:00,0.5,0.65,0.5,0.6,1332435
2026-02-10 14:43:00,14:43:00,0.6,0.65,0.45,0.5,667615
2026-02-10 14:44:00,14:44:00,0.45,0.5,0.35,0.35,539630
2026-02-10 14:45:00,14:45:00,0.4,0.45,0.35,0.4,450515
2026-02-10 14:46:00,14:46:00,0.35,0.4,0.3,0.3,280540
2026-02-10 14:47:00,14:47:00,0.35,0.35,0.25,0.3,406510
2026-02-10 14:48:00,14:48:00,0.25,0.3,0.25,0.25,142545
2026-02-10 14:49:00,14:49:00,0.3,0.3,0.25,0.3,211315
2026-02-10 14:50:00,14:50:00,0.25,0.3,0.2,0.2,228865
2026-02-10 14:51:00,14:51:00,0.25,0.25,0.2,0.2,129220
2026-02-10 14:52:00,14:52:00,0.25,0.25,0.2,0.25,475540
2026-02-10 14:53:00,14:53:00,0.2,0.25,0.2,0.2,311870
2026-02-10 14:54:00,14:54:00,0.2,0.25,0.15,0.15,366340
2026-02-10 14:55:00,14:55:00,0.2,0.25,0.15,0.2,214045
2026-02-10 14:56:00,14:56:00,0.2,0.2,0.15,0.2,234455
2026-02-10 14:57:00,14:57:00,0.2,0.25,0.15,0.25,385450
2026-02-10 14:58:00,14:58:00,0.2,0.25,0.2,0.2,177580
2026-02-10 14:59:00,14:59:00,0.25,0.3,0.2,0.2,377260
2026-02-10 15:00:00,15:00:00,0.25,0.3,0.2,0.2,1014520
2026-02-10 15:01:00,15:01:00,0.25,0.25,0.2,0.25,842595
2026-02-10 15:02:00,15:02:00,0.25,0.3,0.2,0.2,927095
2026-02-10 15:03:00,15:03:00,0.2,0.25,0.15,0.15,605735
2026-02-10 15:04:00,15:04:00,0.15,0.2,0.15,0.2,332475
2026-02-10 15:05:00,15:05:00,0.15,0.2,0.15,0.2,320645
2026-02-10 15:06:00,15:06:00,0.2,0.2,0.1,0.1,440635
2026-02-10 15:07:00,15:07:00,0.1,0.15,0.1,0.1,574600
2026-02-10 15:08:00,15:08:00,0.1,0.15,0.1,0.15,79040
2026-02-10 15:09:00,15:09:00,0.1,0.15,0.1,0.15,339625
2026-02-10 15:10:00,15:10:00,0.15,0.15,0.1,0.1,341770
2026-02-10 15:11:00,15:11:00,0.1,0.15,0.1,0.1,342615
2026-02-10 15:12:00,15:12:00,0.1,0.15,0.1,0.1,124475
2026-02-10 15:13:00,15:13:00,0.1,0.15,0.05,0.1,279760
2026-02-10 15:14:00,15:14:00,0.05,0.1,0.05,0.05,97045
2026-02-10 15:15:00,15:15:00,0.05,0.1,0.05,0.05,266110
2026-02-10 15:16:00,15:16:00,0.05,0.1,0.05,0.05,109785
2026-02-10 15:17:00,15:17:00,0.05,0.1,0.05,0.05,253955
2026-02-10 15:18:00,15:18:00,0.1,0.1,0.05,0.05,252265
2026-02-10 15:19:00,15:19:00,0.05,0.1,0.05,0.05,344240
2026-02-10 15:20:00,15:20:00,0.1,0.1,0.05,0.1,749125
2026-02-10 15:21:00,15:21:00,0.1,0.1,0.05,0.05,684580
2026-02-10 15:22:00,15:22:00,0.05,0.1,0.05,0.05,293995
2026-02-10 15:23:00,15:23:00,0.05,0.1,0.05,0.05,331500
2026-02-10 15:24:00,15:24:00,0.1,0.1,0.05,0.05,219765
2026-02-10 15:25:00,15:25:00,0.05,0.1,0.05,0.05,296725
2026-02-10 15:26:00,15:26:00,0.05,0.1,0.05,0.05,111735
2026-02-10 15:27:00,15:27:00,0.05,0.05,0.05,0.05,27040
2026-02-10 15:28:00,15:28:00,0.05,0.05,0.05,0.05,171795
2026-02-10 15:29:00,15:29:00,0.05,0.05,0.05,0.05,83785
2026-02-11 09:15:00,09:15:00,24.7,24.7,16.3,17.0,808015
2026-02-11 09:16:00,09:16:00,17.3,18.5,17.0,17.3,631540
2026-02-11 09:17:00,09:17:00,17.2,17.3,16.5,16.65,384995
2026-02-11 09:18:00,09:18:00,16.55,17.2,16.55,17.15,442000
2026-02-11 09:19:00,09:19:00,17.1,17.7,17.05,17.4,191490
2026-02-11 09:20:00,09:20:00,17.4,18.3,17.3,18.0,283465
2026-02-11 09:21:00,09:21:00,17.9,18.0,17.2,17.35,210340
2026-02-11 09:22:00,09:22:00,17.3,17.7,17.2,17.7,179465
2026-02-11 09:23:00,09:23:00,17.55,17.9,17.55,17.6,135200
2026-02-11 09:24:00,09:24:00,17.4,17.95,17.35,17.7,109330
2026-02-11 09:25:00,09:25:00,17.75,18.15,17.35,17.6,209430
2026-02-11 09:26:00,09:26:00,17.5,17.6,16.85,17.1,182910
2026-02-11 09:27:00,09:27:00,16.95,17.15,16.85,17.1,188565
2026-02-11 09:28:00,09:28:00,17.2,17.45,17.05,17.15,202345
2026-02-11 09:29:00,09:29:00,17.15,17.3,17.05,17.2,95875
2026-02-11 09:30:00,09:30:00,17.2,17.7,17.0,17.5,165165
2026-02-11 09:31:00,09:31:00,15.35,15.6,15.25,15.5,29250
2026-02-11 09:32:00,09:32:00,15.5,15.85,15.4,15.6,53495
2026-02-11 09:33:00,09:33:00,15.55,15.95,15.55,15.75,44980
2026-02-11 09:34:00,09:34:00,15.75,15.95,15.6,15.9,50375
2026-02-11 09:35:00,09:35:00,15.85,16.1,15.5,16.05,45695
2026-02-11 09:36:00,09:36:00,16.05,16.95,16.05,16.6,111605
2026-02-11 09:37:00,09:37:00,16.55,17.05,16.5,17.05,64870
2026-02-11 09:38:00,09:38:00,17.1,19.15,17.05,18.25,187330
2026-02-11 09:39:00,09:39:00,18.15,19.15,18.15,19.1,114660
2026-02-11 09:40:00,09:40:00,16.8,17.15,16.15,17.15,362895
2026-02-11 09:41:00,09:41:00,19.3,19.65,18.3,18.5,162760
2026-02-11 09:42:00,09:42:00,18.55,19.15,18.25,18.8,92170
2026-02-11 09:43:00,09:43:00,18.75,19.3,18.65,18.7,66690
2026-02-11 09:44:00,09:44:00,18.7,19.1,18.25,18.9,86905
2026-02-11 09:45:00,09:45:00,18.9,19.5,18.6,18.95,108550
2026-02-11 09:46:00,09:46:00,18.95,19.15,18.15,18.65,71500
2026-02-11 09:47:00,09:47:00,18.5,19.25,18.35,18.5,52390
2026-02-11 09:48:00,09:48:00,18.6,19.0,18.15,19.0,40040
2026-02-11 09:49:00,09:49:00,18.9,19.75,18.7,19.65,58890
2026-02-11 09:50:00,09:50:00,19.65,19.9,19.1,19.2,108810
2026-02-11 09:51:00,09:51:00,19.5,19.75,18.9,18.9,58760
2026-02-11 09:52:00,09:52:00,18.8,19.25,18.45,18.55,75335
2026-02-11 09:53:00,09:53:00,18.45,18.75,17.4,17.4,98865
2026-02-11 09:54:00,09:54:00,17.4,17.85,17.25,17.65,87685
2026-02-11 09:55:00,09:55:00,17.65,17.85,17.15,17.6,62400
2026-02-11 09:56:00,09:56:00,17.6,17.8,17.0,17.55,37245
2026-02-11 09:57:00,09:57:00,17.6,17.95,17.1,17.25,33020
2026-02-11 09:58:00,09:58:00,17.3,18.15,17.25,18.15,54795
2026-02-11 09:59:00,09:59:00,17.9,18.6,17.7,18.5,43810
2026-02-11 10:00:00,10:00:00,18.6,19.6,18.5,19.4,116805
2026-02-11 10:01:00,10:01:00,17.0,17.35,16.7,17.15,55250
2026-02-11 10:02:00,10:02:00,17.25,17.7,16.85,17.05,96590
2026-02-11 10:03:00,10:03:00,16.9,17.05,16.5,16.9,149305
2026-02-11 10:04:00,10:04:00,16.9,17.2,16.55,17.2,63570
2026-02-11 10:05:00,10:05:00,17.25,17.4,16.7,17.05,174980
2026-02-11 10:06:00,10:06:00,17.0,17.25,16.65,17.05,260000
2026-02-11 10:07:00,10:07:00,17.05,17.15,16.8,16.8,35230
2026-02-11 10:08:00,10:08:00,16.75,16.85,16.35,16.8,36725
2026-02-11 10:09:00,10:09:00,19.25,19.35,18.8,18.85,43550
2026-02-11 10:10:00,10:10:00,18.8,18.85,17.95,18.65,120380
2026-02-11 10:11:00,10:11:00,18.55,19.2,18.55,19.1,41665
2026-02-11 10:12:00,10:12:00,16.8,17.0,16.6,16.95,49335
2026-02-11 10:13:00,10:13:00,17.05,17.75,16.95,17.0,74490
2026-02-11 10:14:00,10:14:00,16.8,17.1,16.7,16.85,24180
2026-02-11 10:15:00,10:15:00,16.75,16.9,16.45,16.55,142610
2026-02-11 10:16:00,10:16:00,19.0,19.0,18.3,18.55,33345
2026-02-11 10:17:00,10:17:00,18.45,18.55,18.0,18.2,35880
2026-02-11 10:18:00,10:18:00,18.15,18.2,17.5,17.5,45240
2026-02-11 10:19:00,10:19:00,17.4,17.7,17.2,17.4,37310
2026-02-11 10:20:00,10:20:00,17.55,17.65,17.35,17.5,27170
2026-02-11 10:21:00,10:21:00,17.5,17.8,17.3,17.65,23985
2026-02-11 10:22:00,10:22:00,17.5,18.0,17.5,17.6,31135
2026-02-11 10:23:00,10:23:00,17.65,17.65,17.1,17.2,39260
2026-02-11 10:24:00,10:24:00,17.2,17.25,16.8,16.85,40885
2026-02-11 10:25:00,10:25:00,16.8,17.05,16.75,17.0,17940
2026-02-11 10:26:00,10:26:00,17.05,17.25,16.7,17.1,105755
2026-02-11 10:27:00,10:27:00,17.1,17.35,16.8,17.3,119990
2026-02-11 10:28:00,10:28:00,17.25,17.35,16.85,16.95,24375
2026-02-11 10:29:00,10:29:00,16.9,17.0,16.55,16.85,37895
2026-02-11 10:30:00,10:30:00,16.8,16.9,16.6,16.75,33345
2026-02-11 10:31:00,10:31:00,16.8,16.8,16.35,16.35,38480
2026-02-11 10:32:00,10:32:00,16.35,16.8,16.35,16.5,14105
2026-02-11 10:33:00,10:33:00,16.55,16.8,16.45,16.75,13065
2026-02-11 10:34:00,10:34:00,16.7,16.85,16.45,16.75,19955
2026-02-11 10:35:00,10:35:00,16.8,17.15,16.55,16.7,36790
2026-02-11 10:36:00,10:36:00,16.8,16.85,16.5,16.65,15145
2026-02-11 10:37:00,10:37:00,16.5,16.65,16.1,16.1,35295
2026-02-11 10:38:00,10:38:00,18.5,18.6,18.1,18.35,141245
2026-02-11 10:39:00,10:39:00,18.4,18.45,18.1,18.25,76180
2026-02-11 10:40:00,10:40:00,18.2,18.5,18.2,18.5,37310
2026-02-11 10:41:00,10:41:00,18.3,18.7,18.3,18.45,61035
2026-02-11 10:42:00,10:42:00,18.4,18.55,18.2,18.55,46085
2026-02-11 10:43:00,10:43:00,16.25,16.4,16.15,16.3,11310
2026-02-11 10:44:00,10:44:00,16.25,16.45,16.2,16.4,10010
2026-02-11 10:45:00,10:45:00,16.35,16.5,16.25,16.3,50570
2026-02-11 10:46:00,10:46:00,16.35,16.45,16.25,16.35,17355
2026-02-11 10:47:00,10:47:00,18.8,18.95,18.55,18.55,50310
2026-02-11 10:48:00,10:48:00,16.2,16.5,16.2,16.5,21450
2026-02-11 10:49:00,10:49:00,19.0,19.0,18.65,18.65,36660
2026-02-11 10:50:00,10:50:00,16.35,16.4,16.2,16.3,15340
2026-02-11 10:51:00,10:51:00,18.6,18.85,18.5,18.8,44785
2026-02-11 10:52:00,10:52:00,16.45,16.7,16.3,16.7,14235
2026-02-11 10:53:00,10:53:00,16.7,16.85,16.6,16.6,20150
2026-02-11 10:54:00,10:54:00,16.55,17.0,16.55,16.9,21840
2026-02-11 10:55:00,10:55:00,16.85,16.95,16.65,16.7,21905
2026-02-11 10:56:00,10:56:00,16.6,16.75,16.5,16.75,9555
2026-02-11 10:57:00,10:57:00,16.65,16.8,16.6,16.8,13000
2026-02-11 10:58:00,10:58:00,16.8,16.9,16.5,16.5,19240
2026-02-11 10:59:00,10:59:00,16.5,16.65,16.35,16.55,29575
2026-02-11 11:00:00,11:00:00,16.45,16.85,16.45,16.7,27625
2026-02-11 11:01:00,11:01:00,16.6,16.85,16.5,16.7,8450
2026-02-11 11:02:00,11:02:00,16.75,16.85,16.5,16.75,12090
2026-02-11 11:03:00,11:03:00,16.8,16.8,16.6,16.7,10790
2026-02-11 11:04:00,11:04:00,16.7,16.7,16.25,16.25,18590
2026-02-11 11:05:00,11:05:00,16.25,16.35,16.1,16.25,20020
2026-02-11 11:06:00,11:06:00,16.25,16.6,16.15,16.6,14950
2026-02-11 11:07:00,11:07:00,16.65,17.0,16.55,16.85,24635
2026-02-11 11:08:00,11:08:00,17.0,17.6,16.85,17.45,33410
2026-02-11 11:09:00,11:09:00,17.4,17.7,17.35,17.5,62335
2026-02-11 11:10:00,11:10:00,17.3,17.5,17.05,17.4,26065
2026-02-11 11:11:00,11:11:00,17.35,17.7,17.2,17.5,16185
2026-02-11 11:12:00,11:12:00,17.55,17.7,17.25,17.25,13000
2026-02-11 11:13:00,11:13:00,17.3,17.35,16.5,16.6,30615
2026-02-11 11:14:00,11:14:00,16.5,17.0,16.5,17.0,17030
2026-02-11 11:15:00,11:15:00,17.0,17.15,16.45,16.6,43875
2026-02-11 11:16:00,11:16:00,16.5,16.6,16.1,16.35,34060
2026-02-11 11:17:00,11:17:00,16.3,16.55,16.3,16.55,7995
2026-02-11 11:18:00,11:18:00,16.5,16.55,16.35,16.5,7605
2026-02-11 11:19:00,11:19:00,16.7,17.25,16.5,16.9,22100
2026-02-11 11:20:00,11:20:00,16.9,17.15,16.5,17.05,19175
2026-02-11 11:21:00,11:21:00,17.1,17.35,16.75,16.8,21125
2026-02-11 11:22:00,11:22:00,16.85,16.85,16.55,16.6,219245
2026-02-11 11:23:00,11:23:00,16.65,16.65,16.1,16.2,19955
2026-02-11 11:24:00,11:24:00,16.3,16.6,16.15,16.6,244790
2026-02-11 11:25:00,11:25:00,16.5,16.7,16.45,16.7,13195
2026-02-11 11:26:00,11:26:00,16.7,16.75,16.4,16.55,7930
2026-02-11 11:27:00,11:27:00,16.45,16.55,16.35,16.5,5330
2026-02-11 11:28:00,11:28:00,16.6,16.65,16.35,16.45,6565
2026-02-11 11:29:00,11:29:00,16.35,16.75,16.35,16.45,7735
2026-02-11 11:30:00,11:30:00,16.55,16.6,16.4,16.45,9750
2026-02-11 11:31:00,11:31:00,16.45,16.45,16.3,16.45,18980
2026-02-11 11:32:00,11:32:00,16.4,16.45,16.1,16.15,36660
2026-02-11 11:33:00,11:33:00,18.35,18.45,17.9,18.1,133640
2026-02-11 11:34:00,11:34:00,15.95,16.2,15.95,16.1,10465
2026-02-11 11:35:00,11:35:00,18.25,18.25,18.1,18.25,40820
2026-02-11 11:36:00,11:36:00,16.1,16.25,15.9,16.25,225225
2026-02-11 11:37:00,11:37:00,16.25,16.4,16.15,16.25,21060
2026-02-11 11:38:00,11:38:00,16.3,16.4,16.1,16.3,211185
2026-02-11 11:39:00,11:39:00,16.2,16.45,16.2,16.45,129870
2026-02-11 11:40:00,11:40:00,16.35,16.45,16.25,16.3,29055
2026-02-11 11:41:00,11:41:00,16.3,16.45,16.2,16.4,38675
2026-02-11 11:42:00,11:42:00,16.4,16.4,16.0,16.2,6175
2026-02-11 11:43:00,11:43:00,16.2,16.2,16.0,16.15,4615
2026-02-11 11:44:00,11:44:00,16.15,16.45,16.0,16.4,11635
2026-02-11 11:45:00,11:45:00,16.3,16.5,16.25,16.5,7475
2026-02-11 11:46:00,11:46:00,16.55,16.65,16.25,16.35,19370
2026-02-11 11:47:00,11:47:00,16.3,16.35,16.0,16.0,5590
2026-02-11 11:48:00,11:48:00,16.15,16.25,16.0,16.05,9100
2026-02-11 11:49:00,11:49:00,16.15,16.3,16.05,16.1,196040
2026-02-11 11:50:00,11:50:00,16.1,16.25,16.05,16.2,17160
2026-02-11 11:51:00,11:51:00,16.15,16.3,16.1,16.1,7280
2026-02-11 11:52:00,11:52:00,16.1,16.55,16.0,16.55,16055
2026-02-11 11:53:00,11:53:00,16.5,16.55,16.2,16.2,10270
2026-02-11 11:54:00,11:54:00,16.2,16.4,16.15,16.4,8190
2026-02-11 11:55:00,11:55:00,16.45,16.65,16.35,16.45,23335
2026-02-11 11:56:00,11:56:00,16.5,16.7,16.35,16.35,21385
2026-02-11 11:57:00,11:57:00,16.3,16.6,16.25,16.35,33085
2026-02-11 11:58:00,11:58:00,16.35,16.5,16.2,16.45,18330
2026-02-11 11:59:00,11:59:00,16.55,16.85,16.45,16.8,71500
2026-02-11 12:00:00,12:00:00,16.7,17.0,16.55,16.95,38090
2026-02-11 12:01:00,12:01:00,16.65,16.95,16.45,16.45,21320
2026-02-11 12:02:00,12:02:00,16.5,16.7,16.3,16.35,15535
2026-02-11 12:03:00,12:03:00,16.45,16.75,16.35,16.75,19565
2026-02-11 12:04:00,12:04:00,16.75,16.75,16.45,16.45,15795
2026-02-11 12:05:00,12:05:00,16.5,16.8,16.45,16.5,14495
2026-02-11 12:06:00,12:06:00,16.55,16.8,16.4,16.7,12675
2026-02-11 12:07:00,12:07:00,16.7,16.9,16.5,16.85,46475
2026-02-11 12:08:00,12:08:00,16.75,17.5,16.7,17.0,76700
2026-02-11 12:09:00,12:09:00,17.1,17.5,17.0,17.2,25740
2026-02-11 12:10:00,12:10:00,16.95,17.2,16.65,16.7,46280
2026-02-11 12:11:00,12:11:00,16.8,16.85,16.5,16.65,236405
2026-02-11 12:12:00,12:12:00,16.65,16.75,16.4,16.4,22295
2026-02-11 12:13:00,12:13:00,16.5,16.55,16.3,16.4,11310
2026-02-11 12:14:00,12:14:00,16.45,16.75,16.3,16.6,10725
2026-02-11 12:15:00,12:15:00,16.6,16.8,16.6,16.75,16770
2026-02-11 12:16:00,12:16:00,16.85,17.1,16.65,16.75,18265
2026-02-11 12:17:00,12:17:00,16.75,17.05,16.7,16.95,15210
2026-02-11 12:18:00,12:18:00,16.9,17.1,16.85,16.95,28080
2026-02-11 12:19:00,12:19:00,17.1,17.3,16.95,17.05,25220
2026-02-11 12:20:00,12:20:00,17.2,17.3,17.0,17.2,10400
2026-02-11 12:21:00,12:21:00,17.2,17.4,17.0,17.25,25220
2026-02-11 12:22:00,12:22:00,17.15,17.45,17.15,17.35,18980
2026-02-11 12:23:00,12:23:00,17.35,17.6,17.25,17.45,16965
2026-02-11 12:24:00,12:24:00,17.45,17.45,17.3,17.35,11115
2026-02-11 12:25:00,12:25:00,17.3,17.45,17.05,17.45,16510
2026-02-11 12:26:00,12:26:00,17.45,17.45,17.1,17.2,14170
2026-02-11 12:27:00,12:27:00,17.2,17.2,16.75,16.9,19240
2026-02-11 12:28:00,12:28:00,16.9,17.05,16.75,16.9,10140
2026-02-11 12:29:00,12:29:00,16.85,16.95,16.7,16.75,10335
2026-02-11 12:30:00,12:30:00,16.75,17.1,16.7,16.75,13065
2026-02-11 12:31:00,12:31:00,16.6,16.8,16.55,16.8,11635
2026-02-11 12:32:00,12:32:00,16.75,17.5,16.65,17.2,30225
2026-02-11 12:33:00,12:33:00,17.2,17.4,17.1,17.35,13195
2026-02-11 12:34:00,12:34:00,17.4,17.95,17.25,17.8,36465
2026-02-11 12:35:00,12:35:00,17.9,17.95,17.1,17.3,34190
2026-02-11 12:36:00,12:36:00,17.35,17.65,17.25,17.5,16835
2026-02-11 12:37:00,12:37:00,15.3,15.85,15.3,15.8,40235
2026-02-11 12:38:00,12:38:00,15.6,15.8,15.45,15.55,31980
2026-02-11 12:39:00,12:39:00,15.6,15.8,15.55,15.65,30485
2026-02-11 12:40:00,12:40:00,15.6,15.75,15.5,15.5,40105
2026-02-11 12:41:00,12:41:00,15.5,15.5,15.2,15.4,33345
2026-02-11 12:42:00,12:42:00,15.35,17.2,15.25,16.6,151970
2026-02-11 12:43:00,12:43:00,16.55,16.6,16.1,16.35,114920
2026-02-11 12:44:00,12:44:00,16.5,16.5,15.95,16.05,80405
2026-02-11 12:45:00,12:45:00,16.25,16.8,16.05,16.8,82810
2026-02-11 12:46:00,12:46:00,16.85,16.95,16.4,16.65,70005
2026-02-11 12:47:00,12:47:00,16.6,16.65,16.15,16.2,28925
2026-02-11 12:48:00,12:48:00,16.35,16.4,15.75,16.25,44785
2026-02-11 12:49:00,12:49:00,16.25,16.35,15.85,15.9,24310
2026-02-11 12:50:00,12:50:00,15.95,15.95,15.55,15.65,28015
2026-02-11 12:51:00,12:51:00,15.65,16.0,15.55,16.0,22035
2026-02-11 12:52:00,12:52:00,15.95,16.3,15.85,16.0,28340
2026-02-11 12:53:00,12:53:00,16.0,16.1,15.65,15.9,25805
2026-02-11 12:54:00,12:54:00,17.85,18.1,17.6,17.7,31525
2026-02-11 12:55:00,12:55:00,17.75,18.1,17.6,17.8,23920
2026-02-11 12:56:00,12:56:00,18.0,18.0,17.4,17.55,10595
2026-02-11 12:57:00,12:57:00,17.6,17.6,16.9,17.2,39325
2026-02-11 12:58:00,12:58:00,17.15,17.45,16.95,17.15,20605
2026-02-11 12:59:00,12:59:00,17.05,17.45,16.8,17.4,29575
2026-02-11 13:00:00,13:00:00,15.2,15.55,15.15,15.4,58045
2026-02-11 13:01:00,13:01:00,15.35,15.9,15.35,15.6,54470
2026-02-11 13:02:00,13:02:00,15.55,15.95,15.5,15.65,24570
2026-02-11 13:03:00,13:03:00,15.85,16.1,15.4,15.65,30940
2026-02-11 13:04:00,13:04:00,15.6,15.75,15.6,15.75,6500
2026-02-11 13:05:00,13:05:00,15.65,15.75,15.35,15.45,17875
2026-02-11 13:06:00,13:06:00,15.45,15.5,14.9,15.05,54470
2026-02-11 13:07:00,13:07:00,17.05,17.3,16.95,17.1,34775
2026-02-11 13:08:00,13:08:00,17.05,17.3,16.95,17.25,12155
2026-02-11 13:09:00,13:09:00,17.25,17.45,17.15,17.25,16380
2026-02-11 13:10:00,13:10:00,17.2,17.4,17.05,17.2,24180
2026-02-11 13:11:00,13:11:00,15.2,15.25,15.1,15.15,29900
2026-02-11 13:12:00,13:12:00,17.25,17.4,16.7,16.75,13130
2026-02-11 13:13:00,13:13:00,14.8,15.15,14.7,15.15,27820
2026-02-11 13:14:00,13:14:00,15.05,15.5,15.0,15.15,21970
2026-02-11 13:15:00,13:15:00,17.2,17.25,16.95,16.95,7475
2026-02-11 13:16:00,13:16:00,14.9,15.3,14.85,15.1,17680
2026-02-11 13:17:00,13:17:00,17.1,17.25,17.0,17.1,11245
2026-02-11 13:18:00,13:18:00,16.95,17.1,16.85,16.85,14235
2026-02-11 13:19:00,13:19:00,16.85,16.85,16.65,16.75,13585
2026-02-11 13:20:00,13:20:00,16.75,16.75,16.2,16.25,33540
2026-02-11 13:21:00,13:21:00,16.35,16.45,16.15,16.35,9035
2026-02-11 13:22:00,13:22:00,16.4,16.7,16.3,16.6,8905
2026-02-11 13:23:00,13:23:00,16.55,17.1,16.35,17.1,11570
2026-02-11 13:24:00,13:24:00,17.2,17.4,16.5,16.5,23140
2026-02-11 13:25:00,13:25:00,16.4,16.5,16.3,16.45,11765
2026-02-11 13:26:00,13:26:00,16.55,16.6,16.4,16.5,4290
2026-02-11 13:27:00,13:27:00,16.45,16.5,16.1,16.25,15405
2026-02-11 13:28:00,13:28:00,16.3,16.3,15.9,16.05,22880
2026-02-11 13:29:00,13:29:00,15.95,16.05,15.75,15.8,19175
2026-02-11 13:30:00,13:30:00,15.85,16.0,15.6,15.95,25675
2026-02-11 13:31:00,13:31:00,15.9,16.05,15.85,15.95,13780
2026-02-11 13:32:00,13:32:00,16.05,16.25,15.95,15.95,11050
2026-02-11 13:33:00,13:33:00,15.9,16.1,15.8,15.9,11375
2026-02-11 13:34:00,13:34:00,15.95,15.95,15.7,15.85,13910
2026-02-11 13:35:00,13:35:00,15.8,15.95,15.8,15.95,15665
2026-02-11 13:36:00,13:36:00,15.9,16.35,15.85,16.2,11960
2026-02-11 13:37:00,13:37:00,16.25,16.35,16.15,16.3,9360
2026-02-11 13:38:00,13:38:00,16.15,16.3,15.95,16.15,17485
2026-02-11 13:39:00,13:39:00,16.15,16.25,16.05,16.2,13650
2026-02-11 13:40:00,13:40:00,16.15,16.35,16.05,16.05,7280
2026-02-11 13:41:00,13:41:00,16.1,16.15,15.95,15.95,227760
2026-02-11 13:42:00,13:42:00,16.0,16.1,15.7,15.8,20995
2026-02-11 13:43:00,13:43:00,15.75,16.05,15.7,16.05,32630
2026-02-11 13:44:00,13:44:00,16.0,16.25,15.95,16.25,239590
2026-02-11 13:45:00,13:45:00,16.2,16.4,16.2,16.4,13000
2026-02-11 13:46:00,13:46:00,16.3,16.4,16.1,16.15,24505
2026-02-11 13:47:00,13:47:00,16.1,16.4,16.1,16.35,10140
2026-02-11 13:48:00,13:48:00,16.3,16.4,16.2,16.2,15665
2026-02-11 13:49:00,13:49:00,16.25,16.65,16.2,16.6,26130
2026-02-11 13:50:00,13:50:00,16.65,17.1,16.5,17.0,33020
2026-02-11 13:51:00,13:51:00,17.0,17.4,16.8,17.4,26195
2026-02-11 13:52:00,13:52:00,17.25,17.4,16.8,16.9,33540
2026-02-11 13:53:00,13:53:00,16.9,17.05,16.7,17.0,17355
2026-02-11 13:54:00,13:54:00,16.95,17.0,16.75,16.95,12935
2026-02-11 13:55:00,13:55:00,16.85,16.95,16.6,16.75,8645
2026-02-11 13:56:00,13:56:00,16.75,16.85,16.65,16.65,3315
2026-02-11 13:57:00,13:57:00,16.65,16.7,16.5,16.6,14560
2026-02-11 13:58:00,13:58:00,16.8,16.9,16.6,16.85,4485
2026-02-11 13:59:00,13:59:00,16.85,17.05,16.85,17.05,12805
2026-02-11 14:00:00,14:00:00,17.05,17.05,16.8,17.0,11570
2026-02-11 14:01:00,14:01:00,17.1,17.1,16.7,16.9,10465
2026-02-11 14:02:00,14:02:00,16.8,16.9,16.3,16.4,23270
2026-02-11 14:03:00,14:03:00,16.45,16.65,16.4,16.5,10335
2026-02-11 14:04:00,14:04:00,16.4,16.65,16.4,16.45,8255
2026-02-11 14:05:00,14:05:00,16.55,16.55,16.35,16.4,11375
2026-02-11 14:06:00,14:06:00,16.5,16.55,16.15,16.55,10855
2026-02-11 14:07:00,14:07:00,16.6,16.75,16.5,16.6,11310
2026-02-11 14:08:00,14:08:00,16.6,16.6,16.5,16.6,1430
2026-02-11 14:09:00,14:09:00,16.55,16.6,16.4,16.5,23465
2026-02-11 14:10:00,14:10:00,16.45,16.5,16.05,16.1,14430
2026-02-11 14:11:00,14:11:00,16.1,16.4,16.05,16.4,11895
2026-02-11 14:12:00,14:12:00,16.4,16.4,16.25,16.35,5980
2026-02-11 14:13:00,14:13:00,16.25,16.4,16.15,16.15,2925
2026-02-11 14:14:00,14:14:00,16.1,16.15,15.95,15.95,14625
2026-02-11 14:15:00,14:15:00,16.05,16.2,15.95,16.15,25285
2026-02-11 14:16:00,14:16:00,16.05,16.3,16.05,16.05,19045
2026-02-11 14:17:00,14:17:00,16.15,16.25,16.05,16.15,8450
2026-02-11 14:18:00,14:18:00,16.15,16.4,16.1,16.4,12740
2026-02-11 14:19:00,14:19:00,16.3,16.5,16.3,16.4,6630
2026-02-11 14:20:00,14:20:00,16.4,16.55,16.3,16.45,21645
2026-02-11 14:21:00,14:21:00,16.4,16.65,16.4,16.45,20995
2026-02-11 14:22:00,14:22:00,16.5,16.65,16.4,16.65,6500
2026-02-11 14:23:00,14:23:00,16.7,16.9,16.65,16.7,51025
2026-02-11 14:24:00,14:24:00,16.65,16.8,16.65,16.65,15795
2026-02-11 14:25:00,14:25:00,16.65,16.75,16.6,16.75,3185
2026-02-11 14:26:00,14:26:00,16.7,16.75,16.45,16.45,13260
2026-02-11 14:27:00,14:27:00,16.55,16.55,16.35,16.55,7410
2026-02-11 14:28:00,14:28:00,16.5,16.55,16.25,16.3,12675
2026-02-11 14:29:00,14:29:00,16.25,16.65,16.25,16.65,6045
2026-02-11 14:30:00,14:30:00,16.65,16.85,16.55,16.85,10855
2026-02-11 14:31:00,14:31:00,16.8,16.85,16.55,16.55,9035
2026-02-11 14:32:00,14:32:00,16.5,16.55,16.3,16.45,7995
2026-02-11 14:33:00,14:33:00,16.4,16.6,16.4,16.6,2340
2026-02-11 14:34:00,14:34:00,16.5,16.6,16.25,16.3,10920
2026-02-11 14:35:00,14:35:00,16.35,16.5,16.3,16.3,6370
2026-02-11 14:36:00,14:36:00,16.4,16.45,16.3,16.45,6370
2026-02-11 14:37:00,14:37:00,16.35,16.45,16.25,16.45,4355
2026-02-11 14:38:00,14:38:00,16.35,16.5,16.3,16.5,12545
2026-02-11 14:39:00,14:39:00,16.55,16.7,16.45,16.65,29510
2026-02-11 14:40:00,14:40:00,16.7,16.75,16.6,16.65,6825
2026-02-11 14:41:00,14:41:00,16.65,16.7,16.6,16.7,2340
2026-02-11 14:42:00,14:42:00,16.65,16.8,16.65,16.7,8710
2026-02-11 14:43:00,14:43:00,16.75,16.75,16.45,16.6,18070
2026-02-11 14:44:00,14:44:00,16.55,16.75,16.55,16.6,31525
2026-02-11 14:45:00,14:45:00,16.75,16.85,16.6,16.85,11115
2026-02-11 14:46:00,14:46:00,16.75,16.85,16.65,16.65,9490
2026-02-11 14:47:00,14:47:00,16.75,17.05,16.65,16.95,9425
2026-02-11 14:48:00,14:48:00,16.85,17.05,16.85,16.9,8970
2026-02-11 14:49:00,14:49:00,16.85,17.1,16.85,16.9,4940
2026-02-11 14:50:00,14:50:00,17.05,17.05,16.85,17.0,12285
2026-02-11 14:51:00,14:51:00,17.0,17.15,16.95,17.1,18915
2026-02-11 14:52:00,14:52:00,17.0,17.15,16.95,17.15,9035
2026-02-11 14:53:00,14:53:00,17.15,17.35,17.0,17.35,21775
2026-02-11 14:54:00,14:54:00,17.3,17.4,17.15,17.2,10660
2026-02-11 14:55:00,14:55:00,17.2,17.25,17.05,17.15,13845
2026-02-11 14:56:00,14:56:00,17.0,17.15,16.9,17.1,13520
2026-02-11 14:57:00,14:57:00,17.15,17.2,17.0,17.1,4745
2026-02-11 14:58:00,14:58:00,17.1,17.25,17.1,17.15,31460
2026-02-11 14:59:00,14:59:00,17.15,17.4,17.1,17.4,16445
2026-02-11 15:00:00,15:00:00,17.0,17.4,16.75,17.1,49790
2026-02-11 15:01:00,15:01:00,17.2,17.25,17.0,17.1,43875
2026-02-11 15:02:00,15:02:00,17.05,17.45,17.05,17.45,26390
2026-02-11 15:03:00,15:03:00,17.25,17.45,17.1,17.2,30095
2026-02-11 15:04:00,15:04:00,17.15,17.2,17.0,17.05,17680
2026-02-11 15:05:00,15:05:00,17.0,17.05,16.85,17.0,21580
2026-02-11 15:06:00,15:06:00,16.85,17.0,16.75,16.9,34905
2026-02-11 15:07:00,15:07:00,16.9,17.6,16.9,17.55,109395
2026-02-11 15:08:00,15:08:00,17.6,18.25,17.55,17.9,502385
2026-02-11 15:09:00,15:09:00,17.95,18.3,17.9,18.2,35555
2026-02-11 15:10:00,15:10:00,18.2,18.2,17.95,18.15,38610
2026-02-11 15:11:00,15:11:00,18.2,18.3,18.1,18.3,37245
2026-02-11 15:12:00,15:12:00,18.2,18.3,18.0,18.2,30875
2026-02-11 15:13:00,15:13:00,18.2,18.2,17.85,18.05,30355
2026-02-11 15:14:00,15:14:00,18.05,18.05,17.65,17.8,24505
2026-02-11 15:15:00,15:15:00,17.9,18.05,17.6,17.9,81835
2026-02-11 15:16:00,15:16:00,17.9,18.0,17.7,17.95,61490
2026-02-11 15:17:00,15:17:00,17.95,18.2,17.95,18.1,52390
2026-02-11 15:18:00,15:18:00,18.2,18.25,18.0,18.05,43940
2026-02-11 15:19:00,15:19:00,18.05,18.35,18.05,18.35,28600
2026-02-11 15:20:00,15:20:00,18.4,18.9,18.35,18.75,87100
2026-02-11 15:21:00,15:21:00,18.8,18.95,18.75,18.85,52000
2026-02-11 15:22:00,15:22:00,18.85,18.9,18.5,18.65,59150
2026-02-11 15:23:00,15:23:00,18.55,18.9,18.55,18.7,70265
2026-02-11 15:24:00,15:24:00,18.75,19.2,18.6,19.15,79235
2026-02-11 15:25:00,15:25:00,19.15,19.2,18.75,18.8,97305
2026-02-11 15:26:00,15:26:00,18.85,19.0,18.55,19.0,97695
2026-02-11 15:27:00,15:27:00,18.95,19.15,18.85,19.0,83525
2026-02-11 15:28:00,15:28:00,19.05,19.1,18.95,19.05,74035
2026-02-11 15:29:00,15:29:00,19.1,19.2,18.85,19.2,68835
2026-02-12 09:15:00,09:15:00,15.95,15.95,13.0,13.8,391300
2026-02-12 09:16:00,09:16:00,12.45,12.6,11.6,12.35,218205
2026-02-12 09:17:00,09:17:00,12.2,13.2,12.2,12.75,169975
2026-02-12 09:18:00,09:18:00,12.8,14.05,12.75,13.1,145535
2026-02-12 09:19:00,09:19:00,13.3,13.7,13.1,13.7,91260
2026-02-12 09:20:00,09:20:00,13.95,14.65,13.6,13.6,194545
2026-02-12 09:21:00,09:21:00,13.75,14.55,13.6,14.15,182715
2026-02-12 09:22:00,09:22:00,14.05,14.85,13.7,14.75,149110
2026-02-12 09:23:00,09:23:00,15.0,15.65,14.45,15.4,136240
2026-02-12 09:24:00,09:24:00,15.2,15.75,15.05,15.3,104585
2026-02-12 09:25:00,09:25:00,15.45,15.95,14.75,14.8,93990
2026-02-12 09:26:00,09:26:00,14.6,16.15,14.6,16.05,145340
2026-02-12 09:27:00,09:27:00,16.0,16.65,15.2,15.7,299520
2026-02-12 09:28:00,09:28:00,15.65,15.8,15.1,15.15,74425
2026-02-12 09:29:00,09:29:00,15.25,15.8,15.15,15.6,108160
2026-02-12 09:30:00,09:30:00,15.7,16.35,15.35,16.0,175695
2026-02-12 09:31:00,09:31:00,15.8,16.7,15.75,16.1,174460
2026-02-12 09:32:00,09:32:00,16.2,16.5,15.95,16.3,83200
2026-02-12 09:33:00,09:33:00,16.25,16.6,15.35,15.55,162500
2026-02-12 09:34:00,09:34:00,15.5,16.05,15.25,15.55,52975
2026-02-12 09:35:00,09:35:00,15.5,15.8,15.15,15.65,39715
2026-02-12 09:36:00,09:36:00,15.6,15.95,14.95,15.1,55120
2026-02-12 09:37:00,09:37:00,15.15,15.9,15.1,15.65,41275
2026-02-12 09:38:00,09:38:00,15.75,16.35,15.65,15.7,42900
2026-02-12 09:39:00,09:39:00,15.75,15.8,15.25,15.35,34190
2026-02-12 09:40:00,09:40:00,15.35,15.9,15.35,15.45,23595
2026-02-12 09:41:00,09:41:00,15.5,15.85,15.35,15.7,27040
2026-02-12 09:42:00,09:42:00,15.65,15.9,15.45,15.85,24765
2026-02-12 09:43:00,09:43:00,15.9,16.5,15.8,15.8,54925
2026-02-12 09:44:00,09:44:00,15.95,16.0,15.35,15.35,39000
2026-02-12 09:45:00,09:45:00,15.4,15.6,14.95,15.0,58370
2026-02-12 09:46:00,09:46:00,15.05,15.5,15.0,15.4,96135
2026-02-12 09:47:00,09:47:00,15.4,16.1,15.4,15.9,52585
2026-02-12 09:48:00,09:48:00,16.0,16.0,14.6,14.75,57915
2026-02-12 09:49:00,09:49:00,14.7,14.75,14.25,14.25,62660
2026-02-12 09:50:00,09:50:00,14.2,14.35,14.0,14.2,39845
2026-02-12 09:51:00,09:51:00,14.3,14.7,14.15,14.25,26260
2026-02-12 09:52:00,09:52:00,14.2,14.25,14.0,14.2,19435
2026-02-12 09:53:00,09:53:00,14.15,14.25,13.9,14.0,28990
2026-02-12 09:54:00,09:54:00,14.0,14.4,13.95,14.15,24700
2026-02-12 09:55:00,09:55:00,14.2,14.45,14.1,14.4,77220
2026-02-12 09:56:00,09:56:00,14.3,14.4,13.75,13.85,76765
2026-02-12 09:57:00,09:57:00,13.85,14.0,13.55,13.65,74620
2026-02-12 09:58:00,09:58:00,13.6,13.9,13.6,13.85,16120
2026-02-12 09:59:00,09:59:00,13.9,13.9,13.4,13.5,23530
2026-02-12 10:00:00,10:00:00,13.55,13.55,13.3,13.55,44525
2026-02-12 10:01:00,10:01:00,13.6,13.8,13.55,13.65,15860
2026-02-12 10:02:00,10:02:00,13.55,13.95,13.55,13.7,14885
2026-02-12 10:03:00,10:03:00,13.8,13.8,13.0,13.3,30420
2026-02-12 10:04:00,10:04:00,13.15,13.35,13.05,13.35,6500
2026-02-12 10:05:00,10:05:00,13.4,13.45,13.1,13.3,14950
2026-02-12 10:06:00,10:06:00,13.25,13.4,13.1,13.3,12870
2026-02-12 10:07:00,10:07:00,13.3,13.8,13.3,13.8,21580
2026-02-12 10:08:00,10:08:00,13.85,13.95,13.65,13.9,17095
2026-02-12 10:09:00,10:09:00,13.8,13.9,13.15,13.3,43225
2026-02-12 10:10:00,10:10:00,13.35,13.8,13.3,13.45,23400
2026-02-12 10:11:00,10:11:00,13.5,13.55,13.35,13.4,6825
2026-02-12 10:12:00,10:12:00,13.4,13.4,13.0,13.0,21450
2026-02-12 10:13:00,10:13:00,14.6,14.7,14.2,14.2,122525
2026-02-12 10:14:00,10:14:00,14.2,14.4,14.05,14.05,67015
2026-02-12 10:15:00,10:15:00,14.15,14.35,14.05,14.2,96070
2026-02-12 10:16:00,10:16:00,12.7,12.8,12.65,12.8,13130
2026-02-12 10:17:00,10:17:00,12.8,12.9,12.7,12.9,18720
2026-02-12 10:18:00,10:18:00,12.85,13.0,12.7,12.75,14625
2026-02-12 10:19:00,10:19:00,14.35,14.45,14.1,14.1,44655
2026-02-12 10:20:00,10:20:00,14.15,14.35,13.95,14.1,43940
2026-02-12 10:21:00,10:21:00,14.0,14.25,14.0,14.1,108485
2026-02-12 10:22:00,10:22:00,14.1,14.15,13.8,13.8,62660
2026-02-12 10:23:00,10:23:00,13.85,14.0,13.75,13.75,55315
2026-02-12 10:24:00,10:24:00,13.7,13.9,13.7,13.85,47775
2026-02-12 10:25:00,10:25:00,12.35,12.65,12.3,12.65,25870
2026-02-12 10:26:00,10:26:00,12.65,12.7,12.45,12.55,24765
2026-02-12 10:27:00,10:27:00,12.55,12.7,12.55,12.6,8320
2026-02-12 10:28:00,10:28:00,12.55,12.65,12.4,12.55,18785
2026-02-12 10:29:00,10:29:00,12.6,12.6,12.45,12.55,20215
2026-02-12 10:30:00,10:30:00,12.5,12.55,12.35,12.55,12545
2026-02-12 10:31:00,10:31:00,12.5,12.75,12.5,12.55,18395
2026-02-12 10:32:00,10:32:00,12.5,12.65,12.4,12.65,20475
2026-02-12 10:33:00,10:33:00,12.7,12.75,12.5,12.5,9555
2026-02-12 10:34:00,10:34:00,12.5,12.5,12.35,12.4,19890
2026-02-12 10:35:00,10:35:00,12.3,12.5,12.25,12.5,43030
2026-02-12 10:36:00,10:36:00,12.55,13.0,12.5,13.0,18265
2026-02-12 10:37:00,10:37:00,12.9,13.25,12.8,13.25,14040
2026-02-12 10:38:00,10:38:00,13.3,13.4,13.0,13.15,17225
2026-02-12 10:39:00,10:39:00,13.15,13.45,13.0,13.0,23790
2026-02-12 10:40:00,10:40:00,13.0,13.3,13.0,13.3,6890
2026-02-12 10:41:00,10:41:00,13.3,13.3,12.85,12.95,9555
2026-02-12 10:42:00,10:42:00,12.95,13.05,12.75,12.85,13260
2026-02-12 10:43:00,10:43:00,12.85,13.05,12.75,13.0,14170
2026-02-12 10:44:00,10:44:00,13.0,13.2,12.95,13.0,11050
2026-02-12 10:45:00,10:45:00,13.05,13.2,12.9,12.9,9295
2026-02-12 10:46:00,10:46:00,12.9,13.1,12.9,13.05,10010
2026-02-12 10:47:00,10:47:00,13.1,13.3,12.95,13.1,9165
2026-02-12 10:48:00,10:48:00,13.2,13.35,12.9,13.05,10595
2026-02-12 10:49:00,10:49:00,13.15,13.2,13.0,13.1,3900
2026-02-12 10:50:00,10:50:00,13.05,13.5,13.05,13.35,19630
2026-02-12 10:51:00,10:51:00,13.35,13.4,13.15,13.2,5070
2026-02-12 10:52:00,10:52:00,13.1,13.25,13.0,13.2,9555
2026-02-12 10:53:00,10:53:00,13.1,13.25,13.05,13.15,4485
2026-02-12 10:54:00,10:54:00,13.15,13.3,12.95,12.95,4485
2026-02-12 10:55:00,10:55:00,12.95,13.0,12.9,13.0,11830
2026-02-12 10:56:00,10:56:00,13.05,13.2,12.95,13.05,15080
2026-02-12 10:57:00,10:57:00,13.05,13.15,13.0,13.05,15080
2026-02-12 10:58:00,10:58:00,13.15,13.3,13.0,13.15,13780
2026-02-12 10:59:00,10:59:00,13.25,13.3,13.1,13.3,7150
2026-02-12 11:00:00,11:00:00,13.2,13.3,12.95,12.95,10140
2026-02-12 11:01:00,11:01:00,13.05,13.05,12.85,12.9,5590
2026-02-12 11:02:00,11:02:00,12.85,13.05,12.75,12.8,5005
2026-02-12 11:03:00,11:03:00,12.85,13.0,12.8,12.85,14365
2026-02-12 11:04:00,11:04:00,12.85,13.05,12.75,13.0,13975
2026-02-12 11:05:00,11:05:00,12.85,13.0,12.8,12.85,2860
2026-02-12 11:06:00,11:06:00,12.85,12.95,12.7,12.85,10920
2026-02-12 11:07:00,11:07:00,13.0,13.5,12.85,13.3,22295
2026-02-12 11:08:00,11:08:00,13.05,13.3,12.85,12.85,29315
2026-02-12 11:09:00,11:09:00,12.9,12.95,12.8,12.9,17355
2026-02-12 11:10:00,11:10:00,12.85,13.05,12.8,12.95,5915
2026-02-12 11:11:00,11:11:00,12.9,13.05,12.75,12.75,3185
2026-02-12 11:12:00,11:12:00,12.8,12.85,12.75,12.8,1950
2026-02-12 11:13:00,11:13:00,12.8,12.95,12.75,12.9,2145
2026-02-12 11:14:00,11:14:00,12.95,12.95,12.8,12.85,5005
2026-02-12 11:15:00,11:15:00,12.95,13.05,12.85,12.95,4810
2026-02-12 11:16:00,11:16:00,12.95,13.3,12.95,13.2,8320
2026-02-12 11:17:00,11:17:00,13.15,13.25,13.0,13.15,27235
2026-02-12 11:18:00,11:18:00,13.2,13.3,12.95,13.1,29770
2026-02-12 11:19:00,11:19:00,13.1,13.25,12.95,13.0,17810
2026-02-12 11:20:00,11:20:00,12.95,13.3,12.95,13.2,7800
2026-02-12 11:21:00,11:21:00,13.3,13.3,13.05,13.25,13845
2026-02-12 11:22:00,11:22:00,13.1,14.05,13.1,13.7,70135
2026-02-12 11:23:00,11:23:00,13.75,13.9,13.55,13.6,22685
2026-02-12 11:24:00,11:24:00,13.65,13.85,13.6,13.65,23985
2026-02-12 11:25:00,11:25:00,13.65,13.7,13.35,13.35,20670
2026-02-12 11:26:00,11:26:00,13.3,13.5,13.25,13.35,27885
2026-02-12 11:27:00,11:27:00,13.4,13.4,13.25,13.4,6565
2026-02-12 11:28:00,11:28:00,13.4,13.55,13.4,13.5,7800
2026-02-12 11:29:00,11:29:00,13.45,13.5,13.15,13.3,13780
2026-02-12 11:30:00,11:30:00,13.2,13.5,13.1,13.5,17810
2026-02-12 11:31:00,11:31:00,11.95,12.45,11.9,12.3,41730
2026-02-12 11:32:00,11:32:00,14.1,14.2,13.7,13.8,94900
2026-02-12 11:33:00,11:33:00,12.1,12.4,12.1,12.2,39715
2026-02-12 11:34:00,11:34:00,12.2,12.5,12.05,12.35,50245
2026-02-12 11:35:00,11:35:00,12.4,12.5,12.2,12.35,34905
2026-02-12 11:36:00,11:36:00,12.3,12.85,12.25,12.8,35880
2026-02-12 11:37:00,11:37:00,12.7,13.15,12.6,12.9,61230
2026-02-12 11:38:00,11:38:00,12.95,13.0,12.7,12.9,37765
2026-02-12 11:39:00,11:39:00,13.0,13.05,12.7,12.7,40625
2026-02-12 11:40:00,11:40:00,12.75,12.9,12.6,12.6,35685
2026-02-12 11:41:00,11:41:00,14.15,14.25,13.95,14.0,25220
2026-02-12 11:42:00,11:42:00,14.0,14.2,13.8,13.9,26975
2026-02-12 11:43:00,11:43:00,14.0,14.0,13.7,13.7,31070
2026-02-12 11:44:00,11:44:00,13.7,13.8,13.6,13.7,19045
2026-02-12 11:45:00,11:45:00,13.6,13.7,13.55,13.6,8190
2026-02-12 11:46:00,11:46:00,13.6,13.7,13.35,13.7,21970
2026-02-12 11:47:00,11:47:00,13.65,13.95,13.65,13.85,12220
2026-02-12 11:48:00,11:48:00,13.85,13.95,13.8,13.95,10140
2026-02-12 11:49:00,11:49:00,13.85,13.95,13.6,13.8,8905
2026-02-12 11:50:00,11:50:00,12.4,12.7,12.35,12.65,9815
2026-02-12 11:51:00,11:51:00,12.5,13.3,12.5,12.95,59865
2026-02-12 11:52:00,11:52:00,12.95,13.45,12.95,13.4,55055
2026-02-12 11:53:00,11:53:00,13.4,13.45,12.9,12.9,74425
2026-02-12 11:54:00,11:54:00,12.95,13.1,12.75,13.0,33410
2026-02-12 11:55:00,11:55:00,13.0,13.05,12.75,12.8,42120
2026-02-12 11:56:00,11:56:00,12.9,13.3,12.8,13.0,29315
2026-02-12 11:57:00,11:57:00,13.05,13.05,12.85,13.0,17875
2026-02-12 11:58:00,11:58:00,12.95,13.0,12.55,12.55,62595
2026-02-12 11:59:00,11:59:00,14.3,14.35,14.05,14.15,31915
2026-02-12 12:00:00,12:00:00,14.05,14.15,13.9,13.95,67990
2026-02-12 12:01:00,12:01:00,12.25,12.55,12.25,12.5,30680
2026-02-12 12:02:00,12:02:00,12.55,12.8,12.5,12.75,8060
2026-02-12 12:03:00,12:03:00,12.8,13.15,12.75,13.0,31070
2026-02-12 12:04:00,12:04:00,13.0,13.1,12.6,12.8,38805
2026-02-12 12:05:00,12:05:00,12.65,12.85,12.65,12.8,36660
2026-02-12 12:06:00,12:06:00,12.8,12.95,12.6,12.7,14170
2026-02-12 12:07:00,12:07:00,12.75,12.75,12.55,12.65,17095
2026-02-12 12:08:00,12:08:00,12.6,12.65,12.5,12.55,50050
2026-02-12 12:09:00,12:09:00,14.25,14.3,13.95,13.95,16445
2026-02-12 12:10:00,12:10:00,14.0,14.25,13.95,14.15,24375
2026-02-12 12:11:00,12:11:00,14.1,14.15,13.8,14.0,14495
2026-02-12 12:12:00,12:12:00,14.0,14.05,13.75,13.95,16900
2026-02-12 12:13:00,12:13:00,13.9,14.0,13.8,13.9,7540
2026-02-12 12:14:00,12:14:00,13.85,14.05,13.85,13.9,2925
2026-02-12 12:15:00,12:15:00,13.8,13.9,13.75,13.75,24310
2026-02-12 12:16:00,12:16:00,13.65,13.75,13.6,13.75,9165
2026-02-12 12:17:00,12:17:00,13.75,13.9,13.6,13.6,15860
2026-02-12 12:18:00,12:18:00,13.65,13.65,13.35,13.45,9880
2026-02-12 12:19:00,12:19:00,13.45,13.5,13.2,13.25,17095
2026-02-12 12:20:00,12:20:00,13.2,13.35,13.05,13.25,26455
2026-02-12 12:21:00,12:21:00,13.25,13.3,13.0,13.0,7800
2026-02-12 12:22:00,12:22:00,13.05,13.05,12.75,12.85,33280
2026-02-12 12:23:00,12:23:00,12.85,12.95,12.8,12.8,23595
2026-02-12 12:24:00,12:24:00,12.75,12.9,12.75,12.85,6630
2026-02-12 12:25:00,12:25:00,12.9,12.95,12.85,12.9,19890
2026-02-12 12:26:00,12:26:00,12.95,13.1,12.9,13.0,5135
2026-02-12 12:27:00,12:27:00,12.95,13.0,12.8,12.8,6240
2026-02-12 12:28:00,12:28:00,12.8,12.9,12.75,12.8,11440
2026-02-12 12:29:00,12:29:00,12.75,12.85,12.7,12.85,8385
2026-02-12 12:30:00,12:30:00,12.8,12.85,12.6,12.7,12025
2026-02-12 12:31:00,12:31:00,12.75,12.8,12.65,12.8,6890
2026-02-12 12:32:00,12:32:00,12.7,12.8,12.4,12.45,13585
2026-02-12 12:33:00,12:33:00,12.4,12.5,12.3,12.45,8515
2026-02-12 12:34:00,12:34:00,12.5,12.55,12.25,12.5,22815
2026-02-12 12:35:00,12:35:00,12.55,12.65,12.5,12.5,15470
2026-02-12 12:36:00,12:36:00,12.55,12.55,12.45,12.5,8710
2026-02-12 12:37:00,12:37:00,12.55,12.6,12.45,12.5,16315
2026-02-12 12:38:00,12:38:00,12.55,12.6,12.5,12.6,2665
2026-02-12 12:39:00,12:39:00,12.6,12.65,12.55,12.6,8775
2026-02-12 12:40:00,12:40:00,12.55,12.65,12.55,12.65,10010
2026-02-12 12:41:00,12:41:00,12.65,12.65,12.5,12.55,9815
2026-02-12 12:42:00,12:42:00,12.6,12.6,12.35,12.35,17940
2026-02-12 12:43:00,12:43:00,12.45,12.5,12.35,12.45,5915
2026-02-12 12:44:00,12:44:00,12.45,12.45,12.25,12.35,14430
2026-02-12 12:45:00,12:45:00,12.3,12.4,12.25,12.25,61165
2026-02-12 12:46:00,12:46:00,12.25,12.5,12.25,12.4,47190
2026-02-12 12:47:00,12:47:00,12.45,12.45,12.35,12.35,10660
2026-02-12 12:48:00,12:48:00,12.35,12.45,12.25,12.45,6370
2026-02-12 12:49:00,12:49:00,12.35,12.45,12.25,12.25,1365
2026-02-12 12:50:00,12:50:00,12.25,12.3,12.15,12.3,6305
2026-02-12 12:51:00,12:51:00,12.3,12.3,12.2,12.25,22490
2026-02-12 12:52:00,12:52:00,12.2,12.35,12.2,12.3,13780
2026-02-12 12:53:00,12:53:00,12.3,12.35,12.2,12.3,7345
2026-02-12 12:54:00,12:54:00,12.2,12.4,12.2,12.25,7605
2026-02-12 12:55:00,12:55:00,12.4,12.45,12.25,12.4,3120
2026-02-12 12:56:00,12:56:00,12.45,12.45,12.25,12.3,4745
2026-02-12 12:57:00,12:57:00,12.25,12.3,12.2,12.2,3900
2026-02-12 12:58:00,12:58:00,12.2,12.3,12.2,12.3,6240
2026-02-12 12:59:00,12:59:00,12.35,12.45,12.3,12.45,5525
2026-02-12 13:00:00,13:00:00,12.4,12.45,12.35,12.45,14885
2026-02-12 13:01:00,13:01:00,12.45,12.55,12.45,12.5,4095
2026-02-12 13:02:00,13:02:00,12.5,12.5,12.4,12.45,5850
2026-02-12 13:03:00,13:03:00,12.5,12.5,12.4,12.4,12805
2026-02-12 13:04:00,13:04:00,12.45,12.6,12.4,12.55,30550
2026-02-12 13:05:00,13:05:00,12.55,12.7,12.5,12.6,5980
2026-02-12 13:06:00,13:06:00,12.65,12.75,12.6,12.6,20800
2026-02-12 13:07:00,13:07:00,12.7,12.8,12.6,12.8,12545
2026-02-12 13:08:00,13:08:00,12.8,12.85,12.75,12.8,6695
2026-02-12 13:09:00,13:09:00,12.9,12.95,12.8,12.8,14820
2026-02-12 13:10:00,13:10:00,12.8,12.85,12.75,12.8,12545
2026-02-12 13:11:00,13:11:00,12.85,13.1,12.8,13.1,5785
2026-02-12 13:12:00,13:12:00,13.15,13.15,13.0,13.15,11700
2026-02-12 13:13:00,13:13:00,13.2,13.2,13.0,13.05,12610
2026-02-12 13:14:00,13:14:00,13.1,13.25,13.05,13.15,3965
2026-02-12 13:15:00,13:15:00,13.1,13.3,13.05,13.3,13195
2026-02-12 13:16:00,13:16:00,13.2,13.3,12.95,12.95,8125
2026-02-12 13:17:00,13:17:00,12.95,13.15,12.9,12.9,6565
2026-02-12 13:18:00,13:18:00,12.9,12.95,12.2,12.2,82485
2026-02-12 13:19:00,13:19:00,12.25,12.5,12.15,12.5,76960
2026-02-12 13:20:00,13:20:00,12.6,12.75,12.45,12.7,24830
2026-02-12 13:21:00,13:21:00,12.8,12.85,12.65,12.7,70980
2026-02-12 13:22:00,13:22:00,12.75,12.75,12.6,12.6,6890
2026-02-12 13:23:00,13:23:00,12.55,12.6,12.35,12.35,8970
2026-02-12 13:24:00,13:24:00,12.35,12.4,12.25,12.35,64675
2026-02-12 13:25:00,13:25:00,12.3,12.4,12.15,12.15,26845
2026-02-12 13:26:00,13:26:00,12.2,12.2,12.05,12.1,26780
2026-02-12 13:27:00,13:27:00,13.45,13.45,13.3,13.35,42770
2026-02-12 13:28:00,13:28:00,11.9,12.1,11.9,12.05,31915
2026-02-12 13:29:00,13:29:00,12.05,12.05,11.9,11.9,9880
2026-02-12 13:30:00,13:30:00,11.9,11.9,11.75,11.85,16900
2026-02-12 13:31:00,13:31:00,11.9,11.9,11.8,11.9,16055
2026-02-12 13:32:00,13:32:00,11.9,11.95,11.7,11.7,6045
2026-02-12 13:33:00,13:33:00,11.75,11.8,11.55,11.55,18395
2026-02-12 13:34:00,13:34:00,11.5,11.65,11.5,11.6,4095
2026-02-12 13:35:00,13:35:00,11.6,11.65,11.55,11.6,15600
2026-02-12 13:36:00,13:36:00,11.55,11.75,11.55,11.75,5785
2026-02-12 13:37:00,13:37:00,11.75,11.75,11.5,11.5,9035
2026-02-12 13:38:00,13:38:00,11.55,11.6,11.45,11.5,11895
2026-02-12 13:39:00,13:39:00,11.5,11.55,11.45,11.45,10075
2026-02-12 13:40:00,13:40:00,11.5,11.65,11.45,11.65,16445
2026-02-12 13:41:00,13:41:00,11.7,11.85,11.65,11.75,6500
2026-02-12 13:42:00,13:42:00,11.75,11.8,11.65,11.65,7345
2026-02-12 13:43:00,13:43:00,11.7,11.85,11.65,11.85,5655
2026-02-12 13:44:00,13:44:00,11.85,11.95,11.8,11.9,11050
2026-02-12 13:45:00,13:45:00,11.95,12.05,11.85,12.05,7410
2026-02-12 13:46:00,13:46:00,12.0,12.05,11.9,12.05,7020
2026-02-12 13:47:00,13:47:00,12.0,12.1,11.95,12.0,6175
2026-02-12 13:48:00,13:48:00,12.0,12.3,12.0,12.3,29835
2026-02-12 13:49:00,13:49:00,11.05,11.25,11.0,11.15,42510
2026-02-12 13:50:00,13:50:00,11.15,11.45,11.15,11.25,77545
2026-02-12 13:51:00,13:51:00,11.35,11.55,11.2,11.2,78000
2026-02-12 13:52:00,13:52:00,11.2,11.5,11.2,11.3,88855
2026-02-12 13:53:00,13:53:00,11.25,11.35,11.15,11.3,68835
2026-02-12 13:54:00,13:54:00,11.35,11.5,11.1,11.1,67990
2026-02-12 13:55:00,13:55:00,11.25,11.45,11.1,11.45,66040
2026-02-12 13:56:00,13:56:00,11.5,11.55,11.15,11.35,43420
2026-02-12 13:57:00,13:57:00,11.4,11.45,11.35,11.45,20930
2026-02-12 13:58:00,13:58:00,11.45,11.45,11.35,11.35,9100
2026-02-12 13:59:00,13:59:00,11.3,11.4,11.2,11.3,13780
2026-02-12 14:00:00,14:00:00,11.35,11.6,11.3,11.5,38545
2026-02-12 14:01:00,14:01:00,11.5,11.75,11.5,11.75,38350
2026-02-12 14:02:00,14:02:00,11.7,11.8,11.6,11.65,25090
2026-02-12 14:03:00,14:03:00,11.65,11.95,11.65,11.7,24115
2026-02-12 14:04:00,14:04:00,11.6,11.7,11.5,11.55,18850
2026-02-12 14:05:00,14:05:00,11.6,11.65,11.45,11.6,31590
2026-02-12 14:06:00,14:06:00,11.65,11.65,11.4,11.45,21645
2026-02-12 14:07:00,14:07:00,11.45,11.6,11.4,11.4,19305
2026-02-12 14:08:00,14:08:00,11.35,11.4,11.2,11.3,13975
2026-02-12 14:09:00,14:09:00,11.35,11.5,11.3,11.5,7475
2026-02-12 14:10:00,14:10:00,11.4,11.55,11.4,11.5,23335
2026-02-12 14:11:00,14:11:00,11.35,11.5,11.3,11.4,21840
2026-02-12 14:12:00,14:12:00,11.35,11.4,11.25,11.4,11635
2026-02-12 14:13:00,14:13:00,11.35,11.55,11.35,11.35,10205
2026-02-12 14:14:00,14:14:00,11.35,11.4,11.3,11.35,36790
2026-02-12 14:15:00,14:15:00,11.35,11.65,11.35,11.6,44070
2026-02-12 14:16:00,14:16:00,11.65,11.8,11.6,11.65,41795
2026-02-12 14:17:00,14:17:00,11.6,11.9,11.6,11.75,24570
2026-02-12 14:18:00,14:18:00,11.8,11.85,11.7,11.75,10075
2026-02-12 14:19:00,14:19:00,11.9,12.05,11.7,11.75,24635
2026-02-12 14:20:00,14:20:00,11.8,11.85,11.3,11.4,18590
2026-02-12 14:21:00,14:21:00,11.45,11.55,11.4,11.45,9100
2026-02-12 14:22:00,14:22:00,12.7,12.75,12.4,12.6,13910
2026-02-12 14:23:00,14:23:00,12.6,12.6,12.35,12.45,14040
2026-02-12 14:24:00,14:24:00,12.45,12.55,12.35,12.55,9230
2026-02-12 14:25:00,14:25:00,12.4,12.55,12.4,12.55,3120
2026-02-12 14:26:00,14:26:00,12.55,12.8,12.5,12.75,9945
2026-02-12 14:27:00,14:27:00,11.35,11.55,11.35,11.5,28340
2026-02-12 14:28:00,14:28:00,11.55,11.6,11.4,11.4,15080
2026-02-12 14:29:00,14:29:00,11.4,11.55,11.25,11.45,13845
2026-02-12 14:30:00,14:30:00,12.7,13.0,12.65,12.65,13780
2026-02-12 14:31:00,14:31:00,12.65,12.7,12.6,12.6,3380
2026-02-12 14:32:00,14:32:00,12.6,12.8,12.6,12.6,21190
2026-02-12 14:33:00,14:33:00,12.6,12.65,12.55,12.65,4225
2026-02-12 14:34:00,14:34:00,11.3,11.4,11.25,11.3,14820
2026-02-12 14:35:00,14:35:00,11.4,11.4,11.25,11.25,5200
2026-02-12 14:36:00,14:36:00,12.55,12.6,12.45,12.45,5330
2026-02-12 14:37:00,14:37:00,11.2,11.45,11.15,11.35,203580
2026-02-12 14:38:00,14:38:00,11.35,11.6,11.3,11.5,70915
2026-02-12 14:39:00,14:39:00,11.45,11.65,11.4,11.55,23920
2026-02-12 14:40:00,14:40:00,11.6,11.65,11.4,11.45,19045
2026-02-12 14:41:00,14:41:00,11.45,11.7,11.45,11.5,23140
2026-02-12 14:42:00,14:42:00,11.5,11.7,11.45,11.65,26260
2026-02-12 14:43:00,14:43:00,11.7,12.1,11.6,12.05,43680
2026-02-12 14:44:00,14:44:00,12.05,12.65,12.05,12.15,111930
2026-02-12 14:45:00,14:45:00,12.2,12.4,11.95,12.4,94510
2026-02-12 14:46:00,14:46:00,12.4,12.75,12.15,12.5,101920
2026-02-12 14:47:00,14:47:00,11.45,12.75,11.35,12.75,180050
2026-02-12 14:48:00,14:48:00,12.5,13.35,12.35,13.0,120380
2026-02-12 14:49:00,14:49:00,13.0,13.95,13.0,13.65,144235
2026-02-12 14:50:00,14:50:00,13.5,15.05,13.5,13.8,179530
2026-02-12 14:51:00,14:51:00,13.75,14.7,13.75,14.6,107250
2026-02-12 14:52:00,14:52:00,14.75,14.95,14.35,14.5,79690
2026-02-12 14:53:00,14:53:00,14.65,15.2,13.95,14.15,96785
2026-02-12 14:54:00,14:54:00,15.8,15.8,15.25,15.45,181350
2026-02-12 14:55:00,14:55:00,15.4,15.5,14.65,15.5,113945
2026-02-12 14:56:00,14:56:00,15.35,15.5,14.85,15.1,153595
2026-02-12 14:57:00,14:57:00,15.15,15.2,14.6,14.85,71435
2026-02-12 14:58:00,14:58:00,15.05,15.05,14.45,14.45,39780
2026-02-12 14:59:00,14:59:00,14.5,14.6,14.15,14.5,71695
2026-02-12 15:00:00,15:00:00,14.0,14.5,13.4,13.4,261105
2026-02-12 15:01:00,15:01:00,13.15,13.65,12.95,13.0,168285
2026-02-12 15:02:00,15:02:00,12.95,13.0,12.35,12.35,167505
2026-02-12 15:03:00,15:03:00,13.85,14.05,13.65,13.7,109135
2026-02-12 15:04:00,15:04:00,12.1,12.1,11.75,12.05,276250
2026-02-12 15:05:00,15:05:00,12.1,12.45,12.0,12.35,184210
2026-02-12 15:06:00,15:06:00,12.4,12.65,12.25,12.4,110110
2026-02-12 15:07:00,15:07:00,12.5,12.75,12.25,12.65,102570
2026-02-12 15:08:00,15:08:00,12.7,12.7,12.1,12.1,93990
2026-02-12 15:09:00,15:09:00,12.05,12.2,11.95,12.15,93275
2026-02-12 15:10:00,15:10:00,12.2,12.4,12.1,12.1,59540
2026-02-12 15:11:00,15:11:00,12.2,12.2,11.95,12.1,44980
2026-02-12 15:12:00,15:12:00,12.15,12.15,11.8,11.9,78975
2026-02-12 15:13:00,15:13:00,11.85,11.9,11.7,11.8,99190
2026-02-12 15:14:00,15:14:00,11.75,11.8,11.65,11.65,58500
2026-02-12 15:15:00,15:15:00,11.8,12.0,11.6,11.75,186030
2026-02-12 15:16:00,15:16:00,11.75,11.75,11.4,11.5,182130
2026-02-12 15:17:00,15:17:00,11.5,11.95,11.25,11.95,138515
2026-02-12 15:18:00,15:18:00,12.0,12.0,11.45,11.8,172445
2026-02-12 15:19:00,15:19:00,11.8,11.85,11.45,11.5,98280
2026-02-12 15:20:00,15:20:00,11.5,11.55,11.35,11.5,121810
2026-02-12 15:21:00,15:21:00,11.55,11.6,11.25,11.3,160875
2026-02-12 15:22:00,15:22:00,11.35,11.35,10.8,10.95,187785
2026-02-12 15:23:00,15:23:00,11.0,11.1,10.9,11.1,210015
2026-02-12 15:24:00,15:24:00,11.0,11.1,10.75,11.1,219245
2026-02-12 15:25:00,15:25:00,11.05,11.1,10.85,10.9,187655
2026-02-12 15:26:00,15:26:00,10.95,11.0,10.6,10.65,210015
2026-02-12 15:27:00,15:27:00,10.85,10.9,10.35,10.35,286000
2026-02-12 15:28:00,15:28:00,10.45,10.65,10.35,10.55,308230
2026-02-12 15:29:00,15:29:00,10.55,10.9,10.45,10.85,440895
2026-02-13 09:15:00,09:15:00,50.9,60.45,38.55,60.2,5286255
2026-02-13 09:16:00,09:16:00,62.45,69.9,60.2,61.2,4504955
2026-02-13 09:17:00,09:17:00,61.65,63.65,57.8,60.45,2534935
2026-02-13 09:18:00,09:18:00,60.0,60.45,51.9,55.35,3363165
2026-02-13 09:19:00,09:19:00,56.2,60.15,54.85,57.2,2939885
2026-02-13 09:20:00,09:20:00,57.65,62.9,57.1,57.1,2704065
2026-02-13 09:21:00,09:21:00,57.35,62.0,56.8,60.0,2277795
2026-02-13 09:22:00,09:22:00,57.7,62.5,57.7,61.25,2206490
2026-02-13 09:23:00,09:23:00,60.8,61.25,56.4,56.65,1855295
2026-02-13 09:24:00,09:24:00,56.2,57.45,54.45,54.85,1775865
2026-02-13 09:25:00,09:25:00,54.95,57.5,54.85,57.2,1137630
2026-02-13 09:26:00,09:26:00,57.15,59.6,53.35,58.55,1636895
2026-02-13 09:27:00,09:27:00,58.65,59.05,55.55,57.1,1063595
2026-02-13 09:28:00,09:28:00,56.65,58.4,56.4,57.45,858000
2026-02-13 09:29:00,09:29:00,57.6,59.55,57.05,59.2,1248065
2026-02-13 09:30:00,09:30:00,45.75,51.7,45.75,51.1,1228370
2026-02-13 09:31:00,09:31:00,51.3,51.3,48.0,51.05,697970
2026-02-13 09:32:00,09:32:00,51.2,54.3,51.05,53.2,1524965
2026-02-13 09:33:00,09:33:00,53.5,53.5,50.45,52.0,829010
2026-02-13 09:34:00,09:34:00,52.4,58.4,52.0,56.0,1294085
2026-02-13 09:35:00,09:35:00,55.0,57.45,54.75,55.4,944905
2026-02-13 09:36:00,09:36:00,55.35,60.9,54.85,60.9,1305720
2026-02-13 09:37:00,09:37:00,60.6,61.5,58.35,59.3,1013545
2026-02-13 09:38:00,09:38:00,59.15,59.3,57.8,58.8,552695
2026-02-13 09:39:00,09:39:00,58.9,61.2,58.8,59.0,928005
2026-02-13 09:40:00,09:40:00,59.2,68.35,58.95,64.15,2037035
2026-02-13 09:41:00,09:41:00,63.35,64.15,59.0,59.2,1119170
2026-02-13 09:42:00,09:42:00,58.35,60.0,56.3,57.4,960635
2026-02-13 09:43:00,09:43:00,57.45,57.45,54.35,54.4,678275
2026-02-13 09:44:00,09:44:00,54.4,57.5,53.75,55.15,627835
2026-02-13 09:45:00,09:45:00,55.6,57.3,54.75,55.45,629590
2026-02-13 09:46:00,09:46:00,55.2,58.4,54.3,55.85,564850
2026-02-13 09:47:00,09:47:00,55.8,59.6,55.6,59.0,526305
2026-02-13 09:48:00,09:48:00,59.7,59.7,56.0,58.8,551005
2026-02-13 09:49:00,09:49:00,58.5,61.7,57.8,61.0,886015
2026-02-13 09:50:00,09:50:00,60.9,61.6,58.45,60.6,663260
2026-02-13 09:51:00,09:51:00,60.65,61.3,57.3,57.75,532415
2026-02-13 09:52:00,09:52:00,57.5,57.75,55.25,56.65,493545
2026-02-13 09:53:00,09:53:00,56.4,56.65,52.8,54.2,608530
2026-02-13 09:54:00,09:54:00,54.1,56.95,53.1,56.95,475020
2026-02-13 09:55:00,09:55:00,56.8,58.4,55.5,57.75,489775
2026-02-13 09:56:00,09:56:00,58.35,62.65,57.75,60.65,926250
2026-02-13 09:57:00,09:57:00,60.5,62.3,58.55,58.7,604825
2026-02-13 09:58:00,09:58:00,58.7,60.5,57.4,58.8,429910
2026-02-13 09:59:00,09:59:00,58.8,60.3,57.4,59.8,306670
2026-02-13 10:00:00,10:00:00,59.6,60.2,57.1,58.05,380705
2026-02-13 10:01:00,10:01:00,57.9,58.3,55.3,55.55,412815
2026-02-13 10:02:00,10:02:00,55.2,58.45,55.2,57.75,282100
2026-02-13 10:03:00,10:03:00,57.6,58.95,55.55,56.45,330070
2026-02-13 10:04:00,10:04:00,56.4,57.45,54.2,54.2,437645
2026-02-13 10:05:00,10:05:00,54.65,57.5,54.2,57.0,297375
2026-02-13 10:06:00,10:06:00,56.8,58.8,56.45,58.25,308880
2026-02-13 10:07:00,10:07:00,58.15,58.95,56.3,58.0,311415
2026-02-13 10:08:00,10:08:00,57.9,59.55,56.8,58.65,333840
2026-02-13 10:09:00,10:09:00,58.1,60.2,58.1,59.0,446940
2026-02-13 10:10:00,10:10:00,58.95,60.7,58.65,60.05,420290
2026-02-13 10:11:00,10:11:00,60.3,60.45,58.4,59.35,382850
2026-02-13 10:12:00,10:12:00,59.25,59.6,55.7,55.95,443625
2026-02-13 10:13:00,10:13:00,55.85,59.55,55.85,59.55,308490
2026-02-13 10:14:00,10:14:00,59.65,61.4,57.95,60.6,604370
2026-02-13 10:15:00,10:15:00,60.4,63.1,60.2,60.2,972920
2026-02-13 10:16:00,10:16:00,47.2,49.35,47.05,48.3,737425
2026-02-13 10:17:00,10:17:00,48.5,53.2,48.3,50.7,1768780
2026-02-13 10:18:00,10:18:00,64.7,65.55,61.2,62.4,760760
2026-02-13 10:19:00,10:19:00,62.4,63.5,60.8,62.2,490230
2026-02-13 10:20:00,10:20:00,62.55,63.4,59.1,59.85,669110
2026-02-13 10:21:00,10:21:00,60.2,62.95,59.85,61.0,414505
2026-02-13 10:22:00,10:22:00,61.05,63.05,61.0,62.15,360360
2026-02-13 10:23:00,10:23:00,62.0,62.3,58.35,58.65,632840
2026-02-13 10:24:00,10:24:00,58.25,59.5,57.75,58.6,428090
2026-02-13 10:25:00,10:25:00,58.5,59.3,56.75,57.9,439530
2026-02-13 10:26:00,10:26:00,57.9,58.55,56.7,56.95,296920
2026-02-13 10:27:00,10:27:00,56.6,58.5,56.45,56.5,297180
2026-02-13 10:28:00,10:28:00,56.35,58.5,56.3,58.2,253240
2026-02-13 10:29:00,10:29:00,58.1,58.5,56.4,57.6,255970
2026-02-13 10:30:00,10:30:00,57.85,57.85,54.4,56.35,658970
2026-02-13 10:31:00,10:31:00,55.65,57.25,54.7,54.75,382005
2026-02-13 10:32:00,10:32:00,54.9,55.1,53.4,54.1,546650
2026-02-13 10:33:00,10:33:00,54.3,55.15,52.2,52.65,616135
2026-02-13 10:34:00,10:34:00,52.2,52.65,50.35,51.5,578110
2026-02-13 10:35:00,10:35:00,51.5,52.5,49.2,50.65,839020
2026-02-13 10:36:00,10:36:00,50.65,52.7,50.45,51.45,489840
2026-02-13 10:37:00,10:37:00,51.05,52.2,48.65,49.6,614445
2026-02-13 10:38:00,10:38:00,49.6,51.0,48.95,49.2,337090
2026-02-13 10:39:00,10:39:00,63.8,63.95,60.95,62.4,1587105
2026-02-13 10:40:00,10:40:00,62.45,63.45,61.5,61.8,986635
2026-02-13 10:41:00,10:41:00,47.95,50.35,47.75,50.3,395720
2026-02-13 10:42:00,10:42:00,65.0,65.85,60.8,61.4,1572090
2026-02-13 10:43:00,10:43:00,61.75,62.0,60.3,62.0,815815
2026-02-13 10:44:00,10:44:00,47.9,50.5,47.5,49.85,302445
2026-02-13 10:45:00,10:45:00,49.9,51.65,49.4,51.5,526825
2026-02-13 10:46:00,10:46:00,51.7,52.7,50.15,50.55,651495
2026-02-13 10:47:00,10:47:00,50.5,53.0,50.5,52.0,404430
2026-02-13 10:48:00,10:48:00,52.2,52.7,50.9,51.45,289380
2026-02-13 10:49:00,10:49:00,51.6,54.1,51.45,54.05,351780
2026-02-13 10:50:00,10:50:00,54.15,56.75,53.95,54.7,1100775
2026-02-13 10:51:00,10:51:00,54.7,54.85,52.7,53.3,464035
2026-02-13 10:52:00,10:52:00,52.55,53.3,51.3,51.4,472810
2026-02-13 10:53:00,10:53:00,50.75,53.3,50.5,53.3,344695
2026-02-13 10:54:00,10:54:00,53.6,53.65,51.85,52.25,243490
2026-02-13 10:55:00,10:55:00,52.2,53.0,50.0,50.2,371800
2026-02-13 10:56:00,10:56:00,50.1,50.5,48.15,48.85,482690
2026-02-13 10:57:00,10:57:00,49.2,51.0,48.35,50.45,273975
2026-02-13 10:58:00,10:58:00,50.3,51.65,49.5,51.15,265460
2026-02-13 10:59:00,10:59:00,50.7,52.2,50.7,52.0,277225
2026-02-13 11:00:00,11:00:00,52.0,53.85,51.65,51.65,453375
2026-02-13 11:01:00,11:01:00,51.65,53.45,51.4,53.2,201500
2026-02-13 11:02:00,11:02:00,53.25,56.35,53.2,55.15,760565
2026-02-13 11:03:00,11:03:00,55.35,55.55,52.9,53.15,472485
2026-02-13 11:04:00,11:04:00,53.0,55.8,53.0,55.65,348335
2026-02-13 11:05:00,11:05:00,55.35,56.5,54.9,56.3,583440
2026-02-13 11:06:00,11:06:00,56.5,56.5,54.75,55.3,397605
2026-02-13 11:07:00,11:07:00,55.25,56.65,55.15,56.4,308750
2026-02-13 11:08:00,11:08:00,56.5,56.85,54.75,55.9,563095
2026-02-13 11:09:00,11:09:00,56.3,58.4,55.65,56.85,532935
2026-02-13 11:10:00,11:10:00,56.7,56.85,54.95,56.0,363090
2026-02-13 11:11:00,11:11:00,55.85,56.55,54.55,56.1,306800
2026-02-13 11:12:00,11:12:00,56.2,56.75,54.95,55.95,251810
2026-02-13 11:13:00,11:13:00,55.0,56.0,54.25,54.6,239915
2026-02-13 11:14:00,11:14:00,54.65,54.85,52.6,52.8,390000
2026-02-13 11:15:00,11:15:00,52.5,54.6,52.0,54.25,414635
2026-02-13 11:16:00,11:16:00,53.95,56.35,53.7,55.8,403910
2026-02-13 11:17:00,11:17:00,56.0,59.5,55.8,58.95,817830
2026-02-13 11:18:00,11:18:00,59.3,60.4,58.1,59.9,741780
2026-02-13 11:19:00,11:19:00,59.7,60.45,58.75,59.3,451100
2026-02-13 11:20:00,11:20:00,59.05,59.75,58.5,59.0,327535
2026-02-13 11:21:00,11:21:00,59.0,59.3,57.3,58.5,326560
2026-02-13 11:22:00,11:22:00,58.65,60.5,58.1,59.9,488670
2026-02-13 11:23:00,11:23:00,59.35,61.0,58.7,59.2,484965
2026-02-13 11:24:00,11:24:00,59.1,60.5,58.65,58.8,284700
2026-02-13 11:25:00,11:25:00,58.9,59.1,57.65,58.2,316550
2026-02-13 11:26:00,11:26:00,58.2,59.25,55.15,55.25,509860
2026-02-13 11:27:00,11:27:00,55.4,56.75,54.8,56.15,410150
2026-02-13 11:28:00,11:28:00,56.2,57.6,55.35,56.8,297310
2026-02-13 11:29:00,11:29:00,56.35,56.9,54.3,55.1,274040
2026-02-13 11:30:00,11:30:00,54.85,59.9,54.35,59.8,611390
2026-02-13 11:31:00,11:31:00,59.75,60.45,56.75,57.5,522535
2026-02-13 11:32:00,11:32:00,57.3,60.15,57.25,58.65,314080
2026-02-13 11:33:00,11:33:00,59.1,59.1,56.4,58.0,286650
2026-02-13 11:34:00,11:34:00,58.0,60.8,57.9,60.2,255385
2026-02-13 11:35:00,11:35:00,60.25,60.4,58.4,58.65,272805
2026-02-13 11:36:00,11:36:00,58.4,60.3,58.15,59.85,203775
2026-02-13 11:37:00,11:37:00,59.4,59.85,58.0,58.1,277420
2026-02-13 11:38:00,11:38:00,58.0,60.15,57.7,60.15,290290
2026-02-13 11:39:00,11:39:00,60.05,60.45,58.35,59.75,264030
2026-02-13 11:40:00,11:40:00,59.3,60.0,58.65,60.0,207935
2026-02-13 11:41:00,11:41:00,60.0,61.7,59.25,59.4,548015
2026-02-13 11:42:00,11:42:00,59.2,59.95,57.55,58.65,365560
2026-02-13 11:43:00,11:43:00,58.3,58.65,56.7,57.55,340210
2026-02-13 11:44:00,11:44:00,57.3,57.55,53.5,54.15,729430
2026-02-13 11:45:00,11:45:00,53.25,55.6,53.15,54.6,538655
2026-02-13 11:46:00,11:46:00,54.45,55.5,53.9,55.5,239265
2026-02-13 11:47:00,11:47:00,55.45,55.9,54.1,54.65,227565
2026-02-13 11:48:00,11:48:00,54.55,55.5,53.45,55.15,251875
2026-02-13 11:49:00,11:49:00,55.15,56.25,54.2,54.5,316030
2026-02-13 11:50:00,11:50:00,54.4,55.6,54.2,54.25,196105
2026-02-13 11:51:00,11:51:00,54.1,54.5,53.1,53.55,338455
2026-02-13 11:52:00,11:52:00,53.9,55.1,53.55,54.2,185445
2026-02-13 11:53:00,11:53:00,54.25,54.5,53.0,53.25,258310
2026-02-13 11:54:00,11:54:00,52.85,54.3,52.7,54.1,194350
2026-02-13 11:55:00,11:55:00,54.1,55.1,52.6,53.0,270595
2026-02-13 11:56:00,11:56:00,52.55,54.4,51.95,53.7,261950
2026-02-13 11:57:00,11:57:00,53.5,54.25,52.2,52.8,146380
2026-02-13 11:58:00,11:58:00,52.55,53.1,51.55,52.95,322595
2026-02-13 11:59:00,11:59:00,53.0,53.85,51.5,51.5,213785
2026-02-13 12:00:00,12:00:00,51.55,52.25,50.1,52.0,446160
2026-02-13 12:01:00,12:01:00,51.9,52.45,51.1,52.0,178945
2026-02-13 12:02:00,12:02:00,51.85,52.0,49.3,49.85,375895
2026-02-13 12:03:00,12:03:00,49.85,50.8,49.3,50.0,257725
2026-02-13 12:04:00,12:04:00,50.6,53.2,50.0,51.85,317265
2026-02-13 12:05:00,12:05:00,51.55,51.85,50.9,51.3,209040
2026-02-13 12:06:00,12:06:00,51.15,51.4,48.15,48.25,391235
2026-02-13 12:07:00,12:07:00,48.25,50.55,48.25,50.25,221520
2026-02-13 12:08:00,12:08:00,49.7,50.5,49.5,50.4,166595
2026-02-13 12:09:00,12:09:00,50.4,50.4,48.4,50.3,323375
2026-02-13 12:10:00,12:10:00,50.5,51.65,50.15,51.15,242840
2026-02-13 12:11:00,12:11:00,51.15,51.15,48.8,50.0,242060
2026-02-13 12:12:00,12:12:00,49.9,51.35,48.9,50.95,224705
2026-02-13 12:13:00,12:13:00,50.65,51.15,49.95,50.55,234975
2026-02-13 12:14:00,12:14:00,50.45,51.0,49.35,49.7,174655
2026-02-13 12:15:00,12:15:00,49.55,50.8,49.2,50.8,207610
2026-02-13 12:16:00,12:16:00,51.0,51.55,50.4,51.4,343720
2026-02-13 12:17:00,12:17:00,51.15,52.75,50.65,52.15,408850
2026-02-13 12:18:00,12:18:00,52.05,52.15,50.0,50.65,319865
2026-02-13 12:19:00,12:19:00,50.75,51.4,49.25,49.4,225095
2026-02-13 12:20:00,12:20:00,64.05,65.35,63.1,63.35,894920
2026-02-13 12:21:00,12:21:00,49.0,50.1,48.7,49.4,175630
2026-02-13 12:22:00,12:22:00,63.5,64.65,63.3,63.9,380055
2026-02-13 12:23:00,12:23:00,49.2,49.65,48.55,49.3,172055
2026-02-13 12:24:00,12:24:00,64.0,64.1,62.0,62.75,835965
2026-02-13 12:25:00,12:25:00,62.55,63.5,62.05,62.2,498225
2026-02-13 12:26:00,12:26:00,62.0,62.35,59.5,60.65,1864915
2026-02-13 12:27:00,12:27:00,60.55,61.15,54.6,55.2,2735655
2026-02-13 12:28:00,12:28:00,55.1,59.15,55.1,59.0,1712685
2026-02-13 12:29:00,12:29:00,59.0,60.7,58.65,60.2,1581125
2026-02-13 12:30:00,12:30:00,60.05,62.8,59.55,61.45,1473680
2026-02-13 12:31:00,12:31:00,61.2,62.3,60.0,61.15,1128790
2026-02-13 12:32:00,12:32:00,61.3,62.75,60.6,60.95,820885
2026-02-13 12:33:00,12:33:00,60.5,61.6,59.25,60.0,761020
2026-02-13 12:34:00,12:34:00,59.75,60.0,55.2,57.35,1640860
2026-02-13 12:35:00,12:35:00,57.2,58.9,57.2,58.8,864305
2026-02-13 12:36:00,12:36:00,58.5,60.4,58.5,59.95,800995
2026-02-13 12:37:00,12:37:00,59.8,61.95,59.1,59.1,1098435
2026-02-13 12:38:00,12:38:00,59.2,59.9,58.35,59.55,505050
2026-02-13 12:39:00,12:39:00,59.55,60.2,57.8,58.1,512135
2026-02-13 12:40:00,12:40:00,58.2,60.2,58.1,59.75,538850
2026-02-13 12:41:00,12:41:00,59.7,62.3,59.5,62.25,941915
2026-02-13 12:42:00,12:42:00,62.25,62.25,59.5,60.2,763035
2026-02-13 12:43:00,12:43:00,60.3,61.65,60.2,60.65,451685
2026-02-13 12:44:00,12:44:00,60.65,60.9,59.6,60.9,446485
2026-02-13 12:45:00,12:45:00,60.95,61.0,58.9,58.9,522015
2026-02-13 12:46:00,12:46:00,59.0,59.0,56.5,58.3,1234285
2026-02-13 12:47:00,12:47:00,58.1,60.55,58.1,60.3,671385
2026-02-13 12:48:00,12:48:00,60.1,62.55,59.9,61.4,1474200
2026-02-13 12:49:00,12:49:00,47.3,49.15,46.85,48.95,596440
2026-02-13 12:50:00,12:50:00,48.7,51.1,48.7,50.2,803530
2026-02-13 12:51:00,12:51:00,50.0,50.4,48.3,49.2,528970
2026-02-13 12:52:00,12:52:00,49.35,50.5,49.05,50.25,257790
2026-02-13 12:53:00,12:53:00,50.25,50.85,49.1,50.85,331045
2026-02-13 12:54:00,12:54:00,50.7,51.35,50.15,50.8,475735
2026-02-13 12:55:00,12:55:00,50.7,52.0,50.25,51.8,380380
2026-02-13 12:56:00,12:56:00,51.7,52.85,51.3,52.45,558025
2026-02-13 12:57:00,12:57:00,52.55,52.85,50.1,50.15,596245
2026-02-13 12:58:00,12:58:00,50.1,52.25,49.2,51.95,529945
2026-02-13 12:59:00,12:59:00,51.7,53.6,51.35,52.6,595660
2026-02-13 13:00:00,13:00:00,52.9,53.15,50.75,51.95,464165
2026-02-13 13:01:00,13:01:00,52.05,53.85,51.4,52.9,426660
2026-02-13 13:02:00,13:02:00,53.0,55.95,52.65,55.2,800605
2026-02-13 13:03:00,13:03:00,55.5,57.55,55.05,55.1,900835
2026-02-13 13:04:00,13:04:00,54.9,55.95,54.15,54.9,426465
2026-02-13 13:05:00,13:05:00,54.8,56.0,54.15,54.85,342290
2026-02-13 13:06:00,13:06:00,55.15,56.1,54.85,55.65,307060
2026-02-13 13:07:00,13:07:00,55.8,56.3,55.2,55.2,340535
2026-02-13 13:08:00,13:08:00,54.85,55.2,53.3,53.55,407160
2026-02-13 13:09:00,13:09:00,53.3,53.55,51.7,52.1,571155
2026-02-13 13:10:00,13:10:00,52.05,53.2,51.4,52.15,414245
2026-02-13 13:11:00,13:11:00,52.3,52.3,48.95,49.05,671450
2026-02-13 13:12:00,13:12:00,48.85,49.15,46.85,48.0,690560
2026-02-13 13:13:00,13:13:00,48.3,48.45,47.2,48.1,287365
2026-02-13 13:14:00,13:14:00,48.2,48.9,46.7,46.7,310635
2026-02-13 13:15:00,13:15:00,61.25,61.25,58.65,59.9,1497340
2026-02-13 13:16:00,13:16:00,45.75,48.15,45.15,47.35,438490
2026-02-13 13:17:00,13:17:00,47.6,47.8,46.75,47.0,236210
2026-02-13 13:18:00,13:18:00,61.55,61.8,59.0,59.0,919230
2026-02-13 13:19:00,13:19:00,58.95,59.45,58.0,58.7,1238770
2026-02-13 13:20:00,13:20:00,45.2,47.6,45.0,47.6,310180
2026-02-13 13:21:00,13:21:00,47.8,48.3,47.35,47.6,329095
2026-02-13 13:22:00,13:22:00,47.6,48.3,47.3,47.85,249470
2026-02-13 13:23:00,13:23:00,48.15,51.5,47.85,50.7,803660
2026-02-13 13:24:00,13:24:00,50.75,51.1,49.4,51.1,417365
2026-02-13 13:25:00,13:25:00,51.35,52.4,50.45,51.7,537875
2026-02-13 13:26:00,13:26:00,51.65,52.55,51.0,51.95,368095
2026-02-13 13:27:00,13:27:00,52.2,52.3,50.75,51.4,486525
2026-02-13 13:28:00,13:28:00,51.25,51.4,49.65,50.0,375310
2026-02-13 13:29:00,13:29:00,49.85,51.4,49.05,51.4,354575
2026-02-13 13:30:00,13:30:00,51.4,52.25,50.2,50.75,328185
2026-02-13 13:31:00,13:31:00,50.7,52.8,50.7,52.6,255710
2026-02-13 13:32:00,13:32:00,52.5,54.6,52.45,53.65,621075
2026-02-13 13:33:00,13:33:00,53.75,53.95,51.0,51.45,491140
2026-02-13 13:34:00,13:34:00,51.2,52.75,51.0,52.5,304330
2026-02-13 13:35:00,13:35:00,52.3,52.5,51.0,51.9,180375
2026-02-13 13:36:00,13:36:00,51.75,52.3,50.2,50.2,274755
2026-02-13 13:37:00,13:37:00,50.05,50.3,48.15,48.5,460200
2026-02-13 13:38:00,13:38:00,48.7,52.0,48.5,51.6,423215
2026-02-13 13:39:00,13:39:00,51.55,52.4,50.8,50.95,292760
2026-02-13 13:40:00,13:40:00,51.4,52.0,50.1,51.0,176605
2026-02-13 13:41:00,13:41:00,51.1,51.95,50.05,50.05,220935
2026-02-13 13:42:00,13:42:00,49.9,50.5,49.25,49.85,164385
2026-02-13 13:43:00,13:43:00,50.0,52.9,49.85,52.3,267540
2026-02-13 13:44:00,13:44:00,52.45,54.3,52.15,54.25,462020
2026-02-13 13:45:00,13:45:00,54.05,55.35,53.75,55.25,603395
2026-02-13 13:46:00,13:46:00,55.15,59.25,54.45,57.95,867750
2026-02-13 13:47:00,13:47:00,44.9,49.8,44.4,49.8,1895400
2026-02-13 13:48:00,13:48:00,49.7,49.95,47.0,49.15,1929785
2026-02-13 13:49:00,13:49:00,49.3,56.3,48.85,54.15,3184090
2026-02-13 13:50:00,13:50:00,53.8,55.65,52.3,55.15,1201785
2026-02-13 13:51:00,13:51:00,54.9,59.5,53.8,58.35,1936480
2026-02-13 13:52:00,13:52:00,58.6,58.65,53.05,54.0,1514435
2026-02-13 13:53:00,13:53:00,53.95,57.55,53.95,55.3,869570
2026-02-13 13:54:00,13:54:00,55.25,55.55,52.3,52.45,750165
2026-02-13 13:55:00,13:55:00,52.4,52.6,49.2,51.1,1514695
2026-02-13 13:56:00,13:56:00,51.0,51.7,49.8,51.2,686465
2026-02-13 13:57:00,13:57:00,65.45,65.9,62.0,63.75,944320
2026-02-13 13:58:00,13:58:00,63.55,64.8,60.8,61.4,644865
2026-02-13 13:59:00,13:59:00,47.0,49.45,46.05,48.85,754520
2026-02-13 14:00:00,14:00:00,48.9,51.05,47.7,50.5,1079000
2026-02-13 14:01:00,14:01:00,50.6,52.6,50.35,52.6,1025115
2026-02-13 14:02:00,14:02:00,67.65,67.8,61.5,61.5,793325
2026-02-13 14:03:00,14:03:00,61.9,63.2,60.5,61.25,554515
2026-02-13 14:04:00,14:04:00,61.2,62.75,60.35,62.25,392600
2026-02-13 14:05:00,14:05:00,62.35,62.95,58.3,59.7,755040
2026-02-13 14:06:00,14:06:00,59.75,60.9,57.75,60.9,632385
2026-02-13 14:07:00,14:07:00,61.1,62.5,60.7,61.85,654485
2026-02-13 14:08:00,14:08:00,48.0,51.8,47.6,51.1,784680
2026-02-13 14:09:00,14:09:00,51.2,52.25,49.9,50.8,1097395
2026-02-13 14:10:00,14:10:00,50.7,52.2,50.2,50.4,691600
2026-02-13 14:11:00,14:11:00,65.0,65.7,60.65,62.3,618020
2026-02-13 14:12:00,14:12:00,62.1,62.9,60.8,61.05,393965
2026-02-13 14:13:00,14:13:00,61.05,62.7,60.15,61.5,259610
2026-02-13 14:14:00,14:14:00,61.55,62.05,59.9,60.15,323505
2026-02-13 14:15:00,14:15:00,59.5,61.45,58.8,61.2,503945
2026-02-13 14:16:00,14:16:00,60.95,61.3,59.3,60.25,305175
2026-02-13 14:17:00,14:17:00,60.4,62.0,59.7,60.35,426660
2026-02-13 14:18:00,14:18:00,60.75,61.8,60.1,61.65,410215
2026-02-13 14:19:00,14:19:00,61.65,62.45,60.9,61.0,335595
2026-02-13 14:20:00,14:20:00,61.0,61.3,59.0,59.55,476450
2026-02-13 14:21:00,14:21:00,45.85,49.7,45.85,49.7,602355
2026-02-13 14:22:00,14:22:00,49.2,50.35,48.4,49.75,725010
2026-02-13 14:23:00,14:23:00,49.6,50.9,48.8,49.4,620035
2026-02-13 14:24:00,14:24:00,63.65,63.75,61.25,61.25,370500
2026-02-13 14:25:00,14:25:00,61.25,61.45,59.4,60.15,623935
2026-02-13 14:26:00,14:26:00,60.05,61.05,58.85,60.75,357695
2026-02-13 14:27:00,14:27:00,60.5,61.15,60.05,60.85,170170
2026-02-13 14:28:00,14:28:00,60.85,61.35,58.85,59.35,366340
2026-02-13 14:29:00,14:29:00,59.05,61.1,58.7,60.9,254280
2026-02-13 14:30:00,14:30:00,60.25,62.45,59.35,61.55,336895
2026-02-13 14:31:00,14:31:00,61.65,63.2,61.25,61.7,493935
2026-02-13 14:32:00,14:32:00,61.45,63.95,60.8,63.7,410865
2026-02-13 14:33:00,14:33:00,49.9,51.0,49.5,50.55,674700
2026-02-13 14:34:00,14:34:00,50.65,54.8,50.1,54.1,1326650
2026-02-13 14:35:00,14:35:00,53.1,54.1,50.85,52.75,1067300
2026-02-13 14:36:00,14:36:00,52.75,56.7,51.9,56.7,949910
2026-02-13 14:37:00,14:37:00,55.35,57.1,54.2,56.35,1695135
2026-02-13 14:38:00,14:38:00,55.75,57.9,54.0,54.15,1734330
2026-02-13 14:39:00,14:39:00,54.0,54.15,50.0,52.4,1174095
2026-02-13 14:40:00,14:40:00,52.25,55.6,52.2,53.3,1048580
2026-02-13 14:41:00,14:41:00,53.1,55.6,51.85,55.2,1101815
2026-02-13 14:42:00,14:42:00,54.9,55.9,52.9,52.9,754520
2026-02-13 14:43:00,14:43:00,53.05,53.3,51.8,53.25,702325
2026-02-13 14:44:00,14:44:00,53.0,54.6,52.45,54.25,554060
2026-02-13 14:45:00,14:45:00,54.45,54.45,53.0,53.75,574210
2026-02-13 14:46:00,14:46:00,53.4,55.65,53.1,53.8,741325
2026-02-13 14:47:00,14:47:00,53.6,54.85,53.15,53.8,387985
2026-02-13 14:48:00,14:48:00,54.0,54.95,52.75,53.05,538070
2026-02-13 14:49:00,14:49:00,52.95,55.9,52.95,54.85,807495
2026-02-13 14:50:00,14:50:00,54.5,55.75,53.0,55.15,886145
2026-02-13 14:51:00,14:51:00,54.75,55.2,52.7,53.2,784420
2026-02-13 14:52:00,14:52:00,52.85,53.2,51.85,52.85,622115
2026-02-13 14:53:00,14:53:00,52.8,53.55,52.25,52.5,392990
2026-02-13 14:54:00,14:54:00,52.55,53.75,51.5,53.6,486005
2026-02-13 14:55:00,14:55:00,53.6,53.95,52.7,52.95,493610
2026-02-13 14:56:00,14:56:00,52.75,53.2,50.65,51.55,841165
2026-02-13 14:57:00,14:57:00,51.8,52.15,50.4,51.05,643565
2026-02-13 14:58:00,14:58:00,51.1,52.35,49.7,51.25,862030
2026-02-13 14:59:00,14:59:00,50.9,52.65,50.15,52.0,498030
2026-02-13 15:00:00,15:00:00,51.15,66.3,50.8,64.45,4077060
2026-02-13 15:01:00,15:01:00,64.95,69.4,62.0,67.25,3618160
2026-02-13 15:02:00,15:02:00,66.95,67.25,59.55,59.55,2213250
2026-02-13 15:03:00,15:03:00,59.35,62.75,59.15,61.45,1263665
2026-02-13 15:04:00,15:04:00,61.0,65.25,60.9,64.65,1470300
2026-02-13 15:05:00,15:05:00,64.95,68.8,64.05,68.75,1476735
2026-02-13 15:06:00,15:06:00,68.8,74.25,68.45,72.45,3005860
2026-02-13 15:07:00,15:07:00,71.65,77.45,70.8,76.4,2348515
2026-02-13 15:08:00,15:08:00,75.8,77.7,73.0,77.0,1939275
2026-02-13 15:09:00,15:09:00,76.4,80.3,74.15,75.25,2230735
2026-02-13 15:10:00,15:10:00,75.55,75.55,72.0,74.35,1572285
2026-02-13 15:11:00,15:11:00,74.25,74.35,72.05,72.7,909220
2026-02-13 15:12:00,15:12:00,72.55,76.95,72.55,76.4,1204710
2026-02-13 15:13:00,15:13:00,75.8,76.6,73.75,74.3,677235
2026-02-13 15:14:00,15:14:00,73.6,74.55,72.15,73.95,680745
2026-02-13 15:15:00,15:15:00,73.8,73.95,70.1,70.2,1431235
2026-02-13 15:16:00,15:16:00,70.05,71.95,68.25,71.7,888225
2026-02-13 15:17:00,15:17:00,56.9,58.0,54.9,57.7,405860
2026-02-13 15:18:00,15:18:00,71.3,71.9,67.1,69.95,897390
2026-02-13 15:19:00,15:19:00,69.8,69.95,65.85,66.3,884585
2026-02-13 15:20:00,15:20:00,66.3,68.2,64.6,67.8,940550
2026-02-13 15:21:00,15:21:00,68.0,71.25,67.8,71.2,739635
2026-02-13 15:22:00,15:22:00,70.6,71.8,69.75,71.5,842660
2026-02-13 15:23:00,15:23:00,57.65,61.6,57.25,58.65,583375
2026-02-13 15:24:00,15:24:00,59.25,62.4,58.65,62.4,497250
2026-02-13 15:25:00,15:25:00,60.95,63.2,60.45,63.2,511940
2026-02-13 15:26:00,15:26:00,64.0,81.2,63.2,78.25,1169220
2026-02-13 15:27:00,15:27:00,78.35,81.6,73.95,81.6,827385
2026-02-13 15:28:00,15:28:00,82.0,82.45,74.9,76.5,759460
2026-02-13 15:29:00,15:29:00,76.4,77.2,71.35,76.65,632970
2026-02-16 09:15:00,09:15:00,95.0,104.95,81.35,85.55,6479265
2026-02-16 09:16:00,09:16:00,85.3,85.7,67.45,71.25,6374160
2026-02-16 09:17:00,09:17:00,71.7,74.45,70.45,70.6,3478800
2026-02-16 09:18:00,09:18:00,70.0,71.95,66.75,69.05,3335085
2026-02-16 09:19:00,09:19:00,68.45,69.15,61.85,61.85,3473015
2026-02-16 09:20:00,09:20:00,61.55,65.45,59.0,62.85,3872830
2026-02-16 09:21:00,09:21:00,62.5,64.1,58.7,60.25,2295020
2026-02-16 09:22:00,09:22:00,78.85,79.1,73.1,75.0,2244645
2026-02-16 09:23:00,09:23:00,74.8,75.0,68.75,69.5,2431065
2026-02-16 09:24:00,09:24:00,70.05,75.1,69.5,69.8,1852240
2026-02-16 09:25:00,09:25:00,52.1,57.6,52.1,55.9,1974050
2026-02-16 09:26:00,09:26:00,56.1,60.25,55.8,58.65,2886260
2026-02-16 09:27:00,09:27:00,59.4,62.25,56.9,56.9,3189030
2026-02-16 09:28:00,09:28:00,76.15,77.2,68.35,69.4,2836080
2026-02-16 09:29:00,09:29:00,52.1,55.7,51.3,55.7,1727765
2026-02-16 09:30:00,09:30:00,74.1,74.35,64.25,64.25,2847650
2026-02-16 09:31:00,09:31:00,64.2,65.9,60.35,62.8,2721745
2026-02-16 09:32:00,09:32:00,62.75,64.25,61.95,64.05,1324245
2026-02-16 09:33:00,09:33:00,64.0,64.05,57.65,58.3,2058160
2026-02-16 09:34:00,09:34:00,58.05,58.9,55.5,57.45,2136160
2026-02-16 09:35:00,09:35:00,57.3,59.8,57.3,58.6,1341665
2026-02-16 09:36:00,09:36:00,58.65,61.25,58.6,60.75,1196390
2026-02-16 09:37:00,09:37:00,60.9,65.45,60.75,64.25,2051010
2026-02-16 09:38:00,09:38:00,64.0,65.85,62.0,65.4,1561430
2026-02-16 09:39:00,09:39:00,65.5,65.55,62.85,63.15,1141595
2026-02-16 09:40:00,09:40:00,62.45,70.35,62.45,68.8,2809950
2026-02-16 09:41:00,09:41:00,68.45,72.5,67.0,67.0,2693340
2026-02-16 09:42:00,09:42:00,66.8,67.3,64.3,66.5,1744080
2026-02-16 09:43:00,09:43:00,49.4,55.3,49.4,55.25,2806635
2026-02-16 09:44:00,09:44:00,55.25,59.2,55.0,57.15,3335735
2026-02-16 09:45:00,09:45:00,57.65,59.15,54.85,58.0,2803125
2026-02-16 09:46:00,09:46:00,57.95,58.85,52.4,53.85,2580955
2026-02-16 09:47:00,09:47:00,54.6,57.2,53.85,55.1,1509560
2026-02-16 09:48:00,09:48:00,55.3,59.25,55.1,58.5,1832935
2026-02-16 09:49:00,09:49:00,58.3,61.7,58.05,58.2,3259360
2026-02-16 09:50:00,09:50:00,58.0,60.2,56.75,59.1,1847235
2026-02-16 09:51:00,09:51:00,58.9,64.45,58.9,63.05,4383210
2026-02-16 09:52:00,09:52:00,62.75,66.95,62.75,64.0,4610905
2026-02-16 09:53:00,09:53:00,63.7,63.85,56.85,58.95,3684915
2026-02-16 09:54:00,09:54:00,58.7,60.1,53.65,53.75,2482285
2026-02-16 09:55:00,09:55:00,72.15,75.8,68.55,69.45,2568605
2026-02-16 09:56:00,09:56:00,51.7,53.0,50.2,52.3,1733940
2026-02-16 09:57:00,09:57:00,71.3,71.35,61.8,62.1,2389725
2026-02-16 09:58:00,09:58:00,62.3,64.05,60.2,63.5,1821105
2026-02-16 09:59:00,09:59:00,64.0,65.3,60.0,60.0,1549730
2026-02-16 10:00:00,10:00:00,60.05,60.65,56.0,59.9,2376205
2026-02-16 10:01:00,10:01:00,59.35,59.9,54.25,55.0,2005120
2026-02-16 10:02:00,10:02:00,55.9,56.65,51.55,53.3,2106975
2026-02-16 10:03:00,10:03:00,53.1,53.3,50.45,51.6,3559075
2026-02-16 10:04:00,10:04:00,70.0,72.75,68.45,68.6,4041830
2026-02-16 10:05:00,10:05:00,68.45,69.75,67.75,69.4,1963650
2026-02-16 10:06:00,10:06:00,51.6,54.0,50.55,53.85,1040715
2026-02-16 10:07:00,10:07:00,53.85,55.7,53.8,54.35,1641835
2026-02-16 10:08:00,10:08:00,54.55,56.05,53.45,53.6,1218230
2026-02-16 10:09:00,10:09:00,53.5,54.8,52.4,53.05,833040
2026-02-16 10:10:00,10:10:00,53.0,54.5,52.85,54.2,1125800
2026-02-16 10:11:00,10:11:00,53.6,54.2,50.95,52.9,1033240
2026-02-16 10:12:00,10:12:00,71.15,71.15,61.35,61.4,5085405
2026-02-16 10:13:00,10:13:00,61.85,62.1,60.15,61.55,4526925
2026-02-16 10:14:00,10:14:00,61.4,66.0,61.4,62.25,3614000
2026-02-16 10:15:00,10:15:00,62.65,64.25,60.5,63.9,2244840
2026-02-16 10:16:00,10:16:00,64.15,65.35,63.45,63.65,2298530
2026-02-16 10:17:00,10:17:00,63.7,64.3,61.9,63.45,1696435
2026-02-16 10:18:00,10:18:00,63.35,63.7,61.65,62.15,1146730
2026-02-16 10:19:00,10:19:00,62.0,63.65,61.5,63.3,1112020
2026-02-16 10:20:00,10:20:00,63.35,65.4,62.05,65.4,1868620
2026-02-16 10:21:00,10:21:00,65.4,66.7,63.1,64.6,2082080
2026-02-16 10:22:00,10:22:00,64.35,65.5,63.8,64.65,966875
2026-02-16 10:23:00,10:23:00,64.8,66.95,64.0,66.7,1328145
2026-02-16 10:24:00,10:24:00,66.55,69.15,65.8,69.15,2463435
2026-02-16 10:25:00,10:25:00,69.45,70.65,67.0,69.35,2756455
2026-02-16 10:26:00,10:26:00,51.85,52.6,50.95,52.2,923455
2026-02-16 10:27:00,10:27:00,51.8,52.95,51.65,52.05,746135
2026-02-16 10:28:00,10:28:00,52.0,52.95,51.35,52.9,736645
2026-02-16 10:29:00,10:29:00,70.45,70.45,67.25,68.3,1548950
2026-02-16 10:30:00,10:30:00,50.85,52.0,50.55,51.8,531570
2026-02-16 10:31:00,10:31:00,69.0,70.3,66.55,67.0,2377310
2026-02-16 10:32:00,10:32:00,67.35,68.35,65.9,66.15,1241240
2026-02-16 10:33:00,10:33:00,65.85,66.75,63.75,63.75,1915550
2026-02-16 10:34:00,10:34:00,63.75,67.05,63.75,66.95,1316705
2026-02-16 10:35:00,10:35:00,65.5,68.0,64.55,67.4,1129375
2026-02-16 10:36:00,10:36:00,67.25,67.5,64.95,66.15,777075
2026-02-16 10:37:00,10:37:00,66.05,68.5,66.05,67.9,852280
2026-02-16 10:38:00,10:38:00,50.3,52.35,50.3,51.65,761410
2026-02-16 10:39:00,10:39:00,69.1,69.45,66.1,66.8,1254370
2026-02-16 10:40:00,10:40:00,67.0,67.2,64.6,64.8,1242995
2026-02-16 10:41:00,10:41:00,64.65,65.65,63.4,63.6,1146600
2026-02-16 10:42:00,10:42:00,63.75,68.15,63.5,68.0,1073865
2026-02-16 10:43:00,10:43:00,50.7,52.0,49.35,50.25,973635
2026-02-16 10:44:00,10:44:00,67.7,68.7,66.05,66.15,953225
2026-02-16 10:45:00,10:45:00,66.45,67.9,65.65,67.7,740610
2026-02-16 10:46:00,10:46:00,50.3,51.65,49.4,49.4,591370
2026-02-16 10:47:00,10:47:00,66.0,66.4,63.35,63.35,1571895
2026-02-16 10:48:00,10:48:00,46.9,49.6,46.35,49.45,749970
2026-02-16 10:49:00,10:49:00,49.5,52.6,49.45,52.2,887705
2026-02-16 10:50:00,10:50:00,52.3,54.45,52.2,52.6,2330120
2026-02-16 10:51:00,10:51:00,53.4,53.8,49.6,49.65,1281800
2026-02-16 10:52:00,10:52:00,49.5,52.1,48.75,51.8,846950
2026-02-16 10:53:00,10:53:00,51.7,53.45,50.9,52.15,745550
2026-02-16 10:54:00,10:54:00,52.6,53.35,51.85,52.2,607750
2026-02-16 10:55:00,10:55:00,52.65,53.3,50.4,52.7,629915
2026-02-16 10:56:00,10:56:00,52.45,53.6,52.15,52.45,567970
2026-02-16 10:57:00,10:57:00,51.45,52.5,51.45,51.45,383045
2026-02-16 10:58:00,10:58:00,51.1,51.45,50.1,50.25,667745
2026-02-16 10:59:00,10:59:00,50.3,50.35,48.85,48.9,582855
2026-02-16 11:00:00,11:00:00,48.8,52.3,48.25,51.75,786695
2026-02-16 11:01:00,11:01:00,51.7,54.8,51.7,54.6,1226420
2026-02-16 11:02:00,11:02:00,54.8,55.0,51.8,53.1,1053390
2026-02-16 11:03:00,11:03:00,53.1,54.45,49.65,50.35,1018225
2026-02-16 11:04:00,11:04:00,68.4,68.4,63.45,64.25,2961400
2026-02-16 11:05:00,11:05:00,64.15,65.7,61.75,64.05,2340715
2026-02-16 11:06:00,11:06:00,64.25,66.3,62.7,63.85,1513980
2026-02-16 11:07:00,11:07:00,63.4,64.9,62.65,64.2,839540
2026-02-16 11:08:00,11:08:00,63.9,65.15,63.5,64.45,741975
2026-02-16 11:09:00,11:09:00,64.0,65.4,63.05,63.2,719875
2026-02-16 11:10:00,11:10:00,63.05,64.65,62.95,64.3,667420
2026-02-16 11:11:00,11:11:00,64.65,66.8,63.75,66.8,956475
2026-02-16 11:12:00,11:12:00,67.35,67.5,63.4,64.55,1246115
2026-02-16 11:13:00,11:13:00,64.45,64.8,62.75,63.5,884715
2026-02-16 11:14:00,11:14:00,63.25,64.0,62.6,63.15,681915
2026-02-16 11:15:00,11:15:00,63.0,64.85,61.95,62.8,1370655
2026-02-16 11:16:00,11:16:00,62.8,64.8,62.8,64.5,628745
2026-02-16 11:17:00,11:17:00,64.25,64.5,61.1,62.35,1131780
2026-02-16 11:18:00,11:18:00,62.0,63.8,62.0,62.5,837005
2026-02-16 11:19:00,11:19:00,62.4,63.95,61.45,63.6,940290
2026-02-16 11:20:00,11:20:00,63.55,63.85,61.65,61.75,883545
2026-02-16 11:21:00,11:21:00,62.05,63.4,61.45,62.5,722865
2026-02-16 11:22:00,11:22:00,62.5,62.65,60.95,61.85,821470
2026-02-16 11:23:00,11:23:00,62.1,62.85,61.2,61.35,705835
2026-02-16 11:24:00,11:24:00,60.7,61.35,58.05,59.05,4020055
2026-02-16 11:25:00,11:25:00,58.85,62.5,57.0,62.0,2396030
2026-02-16 11:26:00,11:26:00,46.0,48.25,45.5,48.1,1263730
2026-02-16 11:27:00,11:27:00,65.25,65.5,62.45,64.0,1302015
2026-02-16 11:28:00,11:28:00,46.35,48.15,46.0,48.1,558675
2026-02-16 11:29:00,11:29:00,48.2,52.05,48.1,49.8,1760330
2026-02-16 11:30:00,11:30:00,49.85,50.8,48.4,49.1,1535040
2026-02-16 11:31:00,11:31:00,49.15,50.0,47.5,47.95,959855
2026-02-16 11:32:00,11:32:00,48.6,48.6,46.55,46.9,726115
2026-02-16 11:33:00,11:33:00,64.05,64.25,62.35,63.2,1320085
2026-02-16 11:34:00,11:34:00,46.05,50.1,45.8,50.0,689195
2026-02-16 11:35:00,11:35:00,50.1,51.45,49.4,51.1,914355
2026-02-16 11:36:00,11:36:00,51.4,51.7,48.1,48.2,917930
2026-02-16 11:37:00,11:37:00,48.0,49.5,47.0,49.15,808925
2026-02-16 11:38:00,11:38:00,67.2,67.85,65.3,65.5,849095
2026-02-16 11:39:00,11:39:00,65.85,65.85,63.15,65.05,1260805
2026-02-16 11:40:00,11:40:00,47.6,49.65,47.2,48.6,633685
2026-02-16 11:41:00,11:41:00,48.45,50.1,48.1,48.1,536185
2026-02-16 11:42:00,11:42:00,66.15,66.9,64.0,64.0,1140880
2026-02-16 11:43:00,11:43:00,46.65,48.85,46.15,48.85,377455
2026-02-16 11:44:00,11:44:00,48.5,49.9,48.3,49.9,483275
2026-02-16 11:45:00,11:45:00,49.45,50.55,49.0,50.3,690560
2026-02-16 11:46:00,11:46:00,50.2,54.85,50.2,53.8,2096250
2026-02-16 11:47:00,11:47:00,53.95,54.25,49.65,51.25,1225835
2026-02-16 11:48:00,11:48:00,51.4,52.6,50.85,51.1,585000
2026-02-16 11:49:00,11:49:00,51.05,51.3,49.35,50.3,672230
2026-02-16 11:50:00,11:50:00,50.3,50.5,49.05,49.3,445055
2026-02-16 11:51:00,11:51:00,49.2,51.45,49.2,50.65,501605
2026-02-16 11:52:00,11:52:00,50.8,51.85,49.55,51.85,517270
2026-02-16 11:53:00,11:53:00,51.55,52.0,50.95,51.9,636155
2026-02-16 11:54:00,11:54:00,51.7,53.55,51.15,53.1,754195
2026-02-16 11:55:00,11:55:00,53.15,53.4,51.45,51.5,736450
2026-02-16 11:56:00,11:56:00,51.3,52.0,49.6,49.8,887250
2026-02-16 11:57:00,11:57:00,49.6,50.15,48.0,48.25,904605
2026-02-16 11:58:00,11:58:00,48.1,48.55,47.0,47.25,753415
2026-02-16 11:59:00,11:59:00,65.0,65.55,63.05,63.3,1613625
2026-02-16 12:00:00,12:00:00,63.5,64.0,62.5,62.5,1349205
2026-02-16 12:01:00,12:01:00,62.45,63.4,61.0,62.9,2070575
2026-02-16 12:02:00,12:02:00,63.2,63.2,60.4,61.95,2046655
2026-02-16 12:03:00,12:03:00,61.8,61.95,59.75,59.75,1851590
2026-02-16 12:04:00,12:04:00,59.85,62.6,59.75,61.0,1147705
2026-02-16 12:05:00,12:05:00,60.75,61.7,60.35,61.5,649935
2026-02-16 12:06:00,12:06:00,61.4,61.5,59.9,61.2,1099605
2026-02-16 12:07:00,12:07:00,61.75,62.05,59.65,60.2,909545
2026-02-16 12:08:00,12:08:00,60.4,60.4,59.2,59.8,986635
2026-02-16 12:09:00,12:09:00,59.75,60.7,59.3,59.6,717275
2026-02-16 12:10:00,12:10:00,59.5,59.85,57.35,57.35,2178735
2026-02-16 12:11:00,12:11:00,56.85,57.35,54.25,57.0,4177290
2026-02-16 12:12:00,12:12:00,56.5,57.4,56.15,56.65,1327950
2026-02-16 12:13:00,12:13:00,56.4,57.35,55.8,57.35,884975
2026-02-16 12:14:00,12:14:00,57.1,58.4,56.35,57.95,1174485
2026-02-16 12:15:00,12:15:00,58.05,61.35,57.6,61.1,2327000
2026-02-16 12:16:00,12:16:00,61.05,61.6,57.35,57.35,2125565
2026-02-16 12:17:00,12:17:00,57.05,57.6,55.0,55.2,1951430
2026-02-16 12:18:00,12:18:00,54.7,55.2,53.0,53.35,2324920
2026-02-16 12:19:00,12:19:00,53.1,53.75,51.15,52.5,2830685
2026-02-16 12:20:00,12:20:00,52.3,54.65,51.75,54.65,1766765
2026-02-16 12:21:00,12:21:00,54.55,54.65,53.05,54.35,946725
2026-02-16 12:22:00,12:22:00,54.35,55.4,53.35,53.6,1190150
2026-02-16 12:23:00,12:23:00,53.5,53.9,52.8,53.5,578500
2026-02-16 12:24:00,12:24:00,53.45,54.1,52.25,53.2,780910
2026-02-16 12:25:00,12:25:00,53.2,54.55,53.2,54.45,736255
2026-02-16 12:26:00,12:26:00,54.5,54.8,51.45,51.75,1504880
2026-02-16 12:27:00,12:27:00,51.7,52.3,50.05,51.2,2289235
2026-02-16 12:28:00,12:28:00,51.15,51.3,50.25,50.25,1074450
2026-02-16 12:29:00,12:29:00,68.05,68.15,66.0,66.0,1157910
2026-02-16 12:30:00,12:30:00,64.8,66.0,63.1,63.75,2146300
2026-02-16 12:31:00,12:31:00,64.15,64.75,62.2,64.4,1421420
2026-02-16 12:32:00,12:32:00,64.3,67.2,63.75,63.75,1643525
2026-02-16 12:33:00,12:33:00,63.9,65.8,63.7,64.0,729430
2026-02-16 12:34:00,12:34:00,63.95,64.0,62.75,63.8,844025
2026-02-16 12:35:00,12:35:00,63.35,64.3,62.55,63.2,803335
2026-02-16 12:36:00,12:36:00,62.5,63.75,62.2,63.25,1222065
2026-02-16 12:37:00,12:37:00,63.4,66.0,63.25,64.25,1301820
2026-02-16 12:38:00,12:38:00,63.8,65.45,62.75,64.75,804895
2026-02-16 12:39:00,12:39:00,48.1,48.9,47.65,48.7,753675
2026-02-16 12:40:00,12:40:00,48.7,49.3,48.2,48.6,1059630
2026-02-16 12:41:00,12:41:00,65.45,65.9,64.0,64.7,835250
2026-02-16 12:42:00,12:42:00,64.5,65.3,62.65,64.3,953095
2026-02-16 12:43:00,12:43:00,64.1,65.8,63.55,64.35,605150
2026-02-16 12:44:00,12:44:00,64.25,65.1,64.0,64.0,455585
2026-02-16 12:45:00,12:45:00,63.4,65.2,63.4,64.95,558285
2026-02-16 12:46:00,12:46:00,48.25,49.3,48.25,48.45,1144910
2026-02-16 12:47:00,12:47:00,48.65,49.25,48.3,49.0,929435
2026-02-16 12:48:00,12:48:00,48.85,50.2,48.75,50.05,1092000
2026-02-16 12:49:00,12:49:00,49.8,52.4,49.25,52.15,2053740
2026-02-16 12:50:00,12:50:00,51.95,52.5,50.55,52.5,2079350
2026-02-16 12:51:00,12:51:00,52.45,52.8,51.6,51.8,1525875
2026-02-16 12:52:00,12:52:00,51.9,52.4,49.0,50.25,1666470
2026-02-16 12:53:00,12:53:00,50.1,50.25,47.8,49.55,1206400
2026-02-16 12:54:00,12:54:00,49.65,50.5,48.9,49.2,587145
2026-02-16 12:55:00,12:55:00,49.0,49.3,47.6,49.05,1007890
2026-02-16 12:56:00,12:56:00,48.95,51.5,48.95,51.4,1039350
2026-02-16 12:57:00,12:57:00,51.05,52.05,50.8,51.9,1228110
2026-02-16 12:58:00,12:58:00,51.95,54.0,51.9,53.2,2216890
2026-02-16 12:59:00,12:59:00,53.3,53.55,51.5,51.5,1190735
2026-02-16 13:00:00,13:00:00,51.4,51.6,48.6,49.3,1581515
2026-02-16 13:01:00,13:01:00,66.55,66.85,61.75,62.05,1940315
2026-02-16 13:02:00,13:02:00,62.0,63.9,61.55,63.4,1068145
2026-02-16 13:03:00,13:03:00,63.15,64.7,61.9,62.3,897780
2026-02-16 13:04:00,13:04:00,45.9,48.0,45.9,47.25,880880
2026-02-16 13:05:00,13:05:00,47.05,47.25,46.25,46.95,700115
2026-02-16 13:06:00,13:06:00,47.15,47.85,46.45,47.6,610610
2026-02-16 13:07:00,13:07:00,47.5,47.65,46.8,46.9,621465
2026-02-16 13:08:00,13:08:00,46.75,47.05,46.0,46.45,693225
2026-02-16 13:09:00,13:09:00,63.4,64.15,62.25,62.25,518505
2026-02-16 13:10:00,13:10:00,62.25,62.7,60.55,60.6,1280500
2026-02-16 13:11:00,13:11:00,60.9,62.55,60.6,61.6,665210
2026-02-16 13:12:00,13:12:00,45.25,46.85,44.75,46.7,811590
2026-02-16 13:13:00,13:13:00,63.7,63.8,62.65,63.25,550875
2026-02-16 13:14:00,13:14:00,46.4,46.95,45.65,46.6,579475
2026-02-16 13:15:00,13:15:00,46.65,47.15,46.35,46.9,578955
2026-02-16 13:16:00,13:16:00,46.75,47.45,46.5,47.1,647985
2026-02-16 13:17:00,13:17:00,47.05,47.8,47.0,47.55,638950
2026-02-16 13:18:00,13:18:00,47.75,48.75,47.5,48.25,1098370
2026-02-16 13:19:00,13:19:00,47.95,48.85,47.65,48.55,734955
2026-02-16 13:20:00,13:20:00,48.7,48.7,46.55,46.7,908700
2026-02-16 13:21:00,13:21:00,46.4,47.7,45.95,47.7,808535
2026-02-16 13:22:00,13:22:00,65.35,66.7,61.6,61.6,1329185
2026-02-16 13:23:00,13:23:00,45.1,46.75,44.4,46.1,1107600
2026-02-16 13:24:00,13:24:00,46.15,46.8,45.1,46.35,552695
2026-02-16 13:25:00,13:25:00,46.2,47.4,45.55,47.0,492505
2026-02-16 13:26:00,13:26:00,47.1,47.25,45.5,45.55,494195
2026-02-16 13:27:00,13:27:00,62.6,63.25,61.8,62.1,414310
2026-02-16 13:28:00,13:28:00,62.0,62.25,59.35,60.25,1542320
2026-02-16 13:29:00,13:29:00,60.15,60.9,58.4,59.4,1189500
2026-02-16 13:30:00,13:30:00,43.25,46.2,43.25,46.2,1224210
2026-02-16 13:31:00,13:31:00,46.3,47.95,46.1,47.3,1641120
2026-02-16 13:32:00,13:32:00,47.1,48.55,46.7,46.9,1467115
2026-02-16 13:33:00,13:33:00,64.2,64.9,60.0,60.4,1303575
2026-02-16 13:34:00,13:34:00,60.4,62.45,59.65,61.35,1023880
2026-02-16 13:35:00,13:35:00,61.3,61.65,58.4,59.6,1412385
2026-02-16 13:36:00,13:36:00,59.5,60.15,56.55,57.4,1714700
2026-02-16 13:37:00,13:37:00,57.4,58.4,57.1,57.1,865345
2026-02-16 13:38:00,13:38:00,57.3,59.5,56.15,58.35,1114295
2026-02-16 13:39:00,13:39:00,58.8,58.8,56.05,57.15,1014065
2026-02-16 13:40:00,13:40:00,56.85,58.6,56.85,57.25,771940
2026-02-16 13:41:00,13:41:00,57.3,57.6,55.5,57.0,838955
2026-02-16 13:42:00,13:42:00,57.15,58.1,56.75,57.8,526760
2026-02-16 13:43:00,13:43:00,58.1,58.35,56.15,57.35,553215
2026-02-16 13:44:00,13:44:00,57.0,57.7,56.4,57.0,479115
2026-02-16 13:45:00,13:45:00,56.95,57.95,56.05,57.85,660140
2026-02-16 13:46:00,13:46:00,57.7,58.4,56.5,57.6,865605
2026-02-16 13:47:00,13:47:00,57.6,58.1,57.25,57.6,532090
2026-02-16 13:48:00,13:48:00,57.5,58.6,57.45,58.1,704795
2026-02-16 13:49:00,13:49:00,58.0,58.95,57.8,58.9,732550
2026-02-16 13:50:00,13:50:00,58.85,58.95,56.8,57.35,817375
2026-02-16 13:51:00,13:51:00,57.3,58.95,56.75,58.25,1144325
2026-02-16 13:52:00,13:52:00,42.15,45.15,42.15,44.85,1273155
2026-02-16 13:53:00,13:53:00,45.15,45.4,43.5,45.4,1257685
2026-02-16 13:54:00,13:54:00,45.3,45.6,44.6,45.3,1116310
2026-02-16 13:55:00,13:55:00,45.35,47.8,45.2,47.65,2121405
2026-02-16 13:56:00,13:56:00,47.55,50.95,47.0,50.95,3403075
2026-02-16 13:57:00,13:57:00,51.25,51.7,47.9,50.55,3875885
2026-02-16 13:58:00,13:58:00,50.6,50.6,47.6,48.25,1735955
2026-02-16 13:59:00,13:59:00,48.6,50.6,48.25,49.2,1855295
2026-02-16 14:00:00,14:00:00,49.35,49.35,46.5,46.7,1897675
2026-02-16 14:01:00,14:01:00,63.8,64.45,62.0,62.05,1637285
2026-02-16 14:02:00,14:02:00,61.6,62.05,60.1,60.7,1662115
2026-02-16 14:03:00,14:03:00,43.85,46.95,43.65,46.15,1785290
2026-02-16 14:04:00,14:04:00,62.6,63.7,61.05,63.0,817895
2026-02-16 14:05:00,14:05:00,45.4,49.8,45.1,49.45,1789515
2026-02-16 14:06:00,14:06:00,49.25,51.0,48.8,49.4,2614690
2026-02-16 14:07:00,14:07:00,49.95,49.95,45.3,46.25,1984125
2026-02-16 14:08:00,14:08:00,46.3,49.65,46.25,48.75,1396135
2026-02-16 14:09:00,14:09:00,48.75,50.35,48.75,50.3,1162850
2026-02-16 14:10:00,14:10:00,49.9,50.3,47.75,49.2,1256710
2026-02-16 14:11:00,14:11:00,49.05,49.2,46.1,46.15,1106235
2026-02-16 14:12:00,14:12:00,46.2,46.9,44.65,46.8,1339780
2026-02-16 14:13:00,14:13:00,64.15,64.2,58.3,59.2,1982240
2026-02-16 14:14:00,14:14:00,59.5,61.0,59.2,60.1,928915
2026-02-16 14:15:00,14:15:00,59.95,61.05,59.3,60.0,902525
2026-02-16 14:16:00,14:16:00,59.8,60.45,58.7,60.45,748995
2026-02-16 14:17:00,14:17:00,60.65,60.65,58.7,59.05,683410
2026-02-16 14:18:00,14:18:00,59.1,60.7,59.05,59.95,782080
2026-02-16 14:19:00,14:19:00,59.65,62.0,59.2,61.25,907010
2026-02-16 14:20:00,14:20:00,61.05,61.25,58.55,59.6,824460
2026-02-16 14:21:00,14:21:00,59.45,61.55,59.25,59.4,723710
2026-02-16 14:22:00,14:22:00,59.4,60.2,58.8,60.0,475930
2026-02-16 14:23:00,14:23:00,59.85,60.4,58.8,59.05,459420
2026-02-16 14:24:00,14:24:00,59.15,60.25,58.85,58.95,432055
2026-02-16 14:25:00,14:25:00,58.7,58.95,57.15,57.45,1698255
2026-02-16 14:26:00,14:26:00,57.4,58.55,56.8,57.6,990730
2026-02-16 14:27:00,14:27:00,57.6,57.6,53.15,54.2,3746340
2026-02-16 14:28:00,14:28:00,54.45,54.55,48.1,49.2,4969705
2026-02-16 14:29:00,14:29:00,49.5,49.5,46.75,46.95,2970305
2026-02-16 14:30:00,14:30:00,47.45,48.55,46.85,48.05,1731145
2026-02-16 14:31:00,14:31:00,48.0,48.45,46.35,46.65,1491165
2026-02-16 14:32:00,14:32:00,63.5,64.8,61.0,61.45,3184155
2026-02-16 14:33:00,14:33:00,61.5,62.0,59.05,59.6,2747940
2026-02-16 14:34:00,14:34:00,59.55,60.0,57.45,57.75,2960945
2026-02-16 14:35:00,14:35:00,57.9,60.0,57.75,59.65,3231800
2026-02-16 14:36:00,14:36:00,59.65,59.8,56.65,56.75,2957045
2026-02-16 14:37:00,14:37:00,56.85,58.6,56.65,58.4,1679210
2026-02-16 14:38:00,14:38:00,58.9,60.95,58.4,60.5,3199755
2026-02-16 14:39:00,14:39:00,60.6,60.7,59.45,59.45,1694485
2026-02-16 14:40:00,14:40:00,59.6,59.8,58.25,59.6,1437410
2026-02-16 14:41:00,14:41:00,59.5,60.45,58.9,59.4,1609790
2026-02-16 14:42:00,14:42:00,59.45,60.0,58.2,58.2,1036035
2026-02-16 14:43:00,14:43:00,58.3,60.9,58.2,59.25,1523795
2026-02-16 14:44:00,14:44:00,59.4,59.7,56.05,57.7,2540265
2026-02-16 14:45:00,14:45:00,58.05,59.75,57.6,59.6,1915550
2026-02-16 14:46:00,14:46:00,59.6,59.8,57.75,58.75,1088945
2026-02-16 14:47:00,14:47:00,58.75,59.4,57.95,58.7,1009060
2026-02-16 14:48:00,14:48:00,58.2,58.7,55.25,55.4,2402660
2026-02-16 14:49:00,14:49:00,55.1,55.4,51.85,54.15,3996070
2026-02-16 14:50:00,14:50:00,54.15,56.6,53.85,54.75,1947725
2026-02-16 14:51:00,14:51:00,54.9,56.65,54.55,56.35,1054105
2026-02-16 14:52:00,14:52:00,56.3,57.95,55.7,57.4,1192555
2026-02-16 14:53:00,14:53:00,57.5,59.45,57.1,57.9,1753505
2026-02-16 14:54:00,14:54:00,57.9,58.15,56.15,57.75,973960
2026-02-16 14:55:00,14:55:00,57.8,58.0,56.55,56.75,920400
2026-02-16 14:56:00,14:56:00,56.75,56.85,55.55,55.95,923390
2026-02-16 14:57:00,14:57:00,56.15,57.05,55.7,56.0,717730
2026-02-16 14:58:00,14:58:00,55.8,56.0,53.4,54.8,1527370
2026-02-16 14:59:00,14:59:00,55.0,55.9,54.25,54.75,722865
2026-02-16 15:00:00,15:00:00,73.5,73.5,66.65,68.45,2723630
2026-02-16 15:01:00,15:01:00,68.3,68.45,63.05,63.35,2606825
2026-02-16 15:02:00,15:02:00,63.0,66.6,62.1,66.6,2060175
2026-02-16 15:03:00,15:03:00,66.2,68.0,66.0,66.75,1782820
2026-02-16 15:04:00,15:04:00,66.65,66.75,61.85,61.9,1549925
2026-02-16 15:05:00,15:05:00,63.1,65.2,61.9,63.9,1196910
2026-02-16 15:06:00,15:06:00,63.0,63.9,59.6,59.6,1427855
2026-02-16 15:07:00,15:07:00,59.5,60.6,58.2,59.65,1682655
2026-02-16 15:08:00,15:08:00,60.1,62.25,59.65,61.25,1645540
2026-02-16 15:09:00,15:09:00,61.3,61.5,59.45,60.1,638560
2026-02-16 15:10:00,15:10:00,60.3,60.65,56.85,57.95,1500395
2026-02-16 15:11:00,15:11:00,58.55,59.9,57.55,59.9,977860
2026-02-16 15:12:00,15:12:00,60.25,60.95,59.65,60.35,893555
2026-02-16 15:13:00,15:13:00,60.55,61.75,60.2,61.5,909090
2026-02-16 15:14:00,15:14:00,61.35,62.6,59.25,59.95,1510600
2026-02-16 15:15:00,15:15:00,60.4,62.05,59.95,61.9,1144910
2026-02-16 15:16:00,15:16:00,61.7,62.0,58.6,60.4,1227525
2026-02-16 15:17:00,15:17:00,60.6,60.85,59.3,60.25,699855
2026-02-16 15:18:00,15:18:00,60.6,61.85,60.05,61.5,703950
2026-02-16 15:19:00,15:19:00,61.7,62.1,60.65,61.6,1016925
2026-02-16 15:20:00,15:20:00,61.75,62.75,60.5,61.0,1245400
2026-02-16 15:21:00,15:21:00,60.85,61.9,60.4,61.6,684775
2026-02-16 15:22:00,15:22:00,61.6,61.65,60.1,61.0,942240
2026-02-16 15:23:00,15:23:00,60.75,61.0,53.95,53.95,1873040
2026-02-16 15:24:00,15:24:00,54.15,58.35,53.95,58.2,1246570
2026-02-16 15:25:00,15:25:00,58.35,59.6,56.2,57.5,925080
2026-02-16 15:26:00,15:26:00,57.55,57.9,54.7,56.8,921115
2026-02-16 15:27:00,15:27:00,57.1,57.2,56.05,56.6,755690
2026-02-16 15:28:00,15:28:00,56.8,57.0,54.75,55.1,1342185
2026-02-16 15:29:00,15:29:00,55.3,55.4,50.4,50.65,1767805
2026-02-17 09:15:00,09:15:00,22.0,23.05,10.85,10.85,5171660
2026-02-17 09:16:00,09:16:00,11.75,13.35,10.85,11.3,4180670
2026-02-17 09:17:00,09:17:00,11.7,13.05,11.3,12.2,3081260
2026-02-17 09:18:00,09:18:00,12.25,12.45,10.6,10.6,1885975
2026-02-17 09:19:00,09:19:00,10.75,11.3,9.55,9.8,2318875
2026-02-17 09:20:00,09:20:00,10.25,16.8,9.8,16.8,3803800
2026-02-17 09:21:00,09:21:00,16.6,17.1,13.15,13.4,2996565
2026-02-17 09:22:00,09:22:00,13.65,13.7,10.95,11.8,2556905
2026-02-17 09:23:00,09:23:00,11.85,14.05,11.15,13.85,2122900
2026-02-17 09:24:00,09:24:00,13.75,15.7,13.2,14.15,2929290
2026-02-17 09:25:00,09:25:00,14.3,15.9,12.35,12.65,3561155
2026-02-17 09:26:00,09:26:00,12.55,14.05,11.75,13.1,2579005
2026-02-17 09:27:00,09:27:00,13.4,14.3,12.3,14.3,1768585
2026-02-17 09:28:00,09:28:00,14.0,14.3,12.0,12.15,1951950
2026-02-17 09:29:00,09:29:00,12.05,12.6,11.7,11.95,1574105
2026-02-17 09:30:00,09:30:00,12.1,14.1,11.95,12.45,2549040
2026-02-17 09:31:00,09:31:00,12.2,13.55,12.2,12.65,1663675
2026-02-17 09:32:00,09:32:00,12.6,13.7,10.05,10.05,3116620
2026-02-17 09:33:00,09:33:00,10.15,10.7,8.8,9.1,3426930
2026-02-17 09:34:00,09:34:00,9.3,9.7,8.4,8.45,3271905
2026-02-17 09:35:00,09:35:00,8.6,9.6,8.45,9.0,1890915
2026-02-17 09:36:00,09:36:00,9.3,11.3,8.8,11.3,2619175
2026-02-17 09:37:00,09:37:00,11.6,12.05,9.45,10.6,3234010
2026-02-17 09:38:00,09:38:00,10.45,10.6,8.75,8.8,1830530
2026-02-17 09:39:00,09:39:00,8.65,8.8,7.9,8.05,2262130
2026-02-17 09:40:00,09:40:00,8.15,9.05,8.05,8.6,1567475
2026-02-17 09:41:00,09:41:00,8.5,9.1,7.9,8.0,1244165
2026-02-17 09:42:00,09:42:00,7.95,8.15,6.85,7.25,2447770
2026-02-17 09:43:00,09:43:00,13.15,13.15,11.8,11.85,5614180
2026-02-17 09:44:00,09:44:00,11.9,12.0,11.3,11.85,6174610
2026-02-17 09:45:00,09:45:00,11.9,12.45,11.65,11.65,4570995
2026-02-17 09:46:00,09:46:00,11.55,12.2,11.5,11.65,3303690
2026-02-17 09:47:00,09:47:00,11.65,12.5,11.5,12.35,2833220
2026-02-17 09:48:00,09:48:00,12.4,12.4,11.65,12.0,2125630
2026-02-17 09:49:00,09:49:00,11.95,12.4,10.55,10.9,3473275
2026-02-17 09:50:00,09:50:00,10.9,11.65,10.1,10.4,3954080
2026-02-17 09:51:00,09:51:00,10.4,10.65,9.9,9.9,3457025
2026-02-17 09:52:00,09:52:00,9.9,10.25,9.3,9.35,4514705
2026-02-17 09:53:00,09:53:00,9.4,9.4,8.75,8.85,4717830
2026-02-17 09:54:00,09:54:00,8.85,9.5,8.7,8.8,2636270
2026-02-17 09:55:00,09:55:00,8.75,9.2,8.65,9.1,2789280
2026-02-17 09:56:00,09:56:00,9.1,9.25,8.75,8.95,2285140
2026-02-17 09:57:00,09:57:00,9.0,9.15,8.1,8.35,4317170
2026-02-17 09:58:00,09:58:00,8.25,8.5,8.1,8.5,4161365
2026-02-17 09:59:00,09:59:00,8.4,8.9,8.35,8.65,3035565
2026-02-17 10:00:00,10:00:00,8.6,8.75,8.35,8.35,2094430
2026-02-17 10:01:00,10:01:00,8.35,8.45,8.05,8.3,1975805
2026-02-17 10:02:00,10:02:00,8.2,8.95,8.2,8.3,1930630
2026-02-17 10:03:00,10:03:00,8.4,8.55,8.1,8.35,1388595
2026-02-17 10:04:00,10:04:00,8.35,8.7,8.2,8.35,1317810
2026-02-17 10:05:00,10:05:00,8.35,8.7,8.3,8.45,905840
2026-02-17 10:06:00,10:06:00,8.5,8.8,8.05,8.2,1727895
2026-02-17 10:07:00,10:07:00,8.2,8.35,7.9,8.15,1524315
2026-02-17 10:08:00,10:08:00,8.15,8.5,7.9,7.9,1255345
2026-02-17 10:09:00,10:09:00,7.9,8.3,7.65,8.3,1723215
2026-02-17 10:10:00,10:10:00,8.3,8.45,8.1,8.35,1045850
2026-02-17 10:11:00,10:11:00,8.25,8.5,7.9,7.95,1121055
2026-02-17 10:12:00,10:12:00,7.8,8.0,7.55,8.0,1859780
2026-02-17 10:13:00,10:13:00,13.45,13.45,12.2,12.3,2720965
2026-02-17 10:14:00,10:14:00,12.25,12.4,11.75,11.8,3004430
2026-02-17 10:15:00,10:15:00,7.0,7.65,6.95,7.65,1988805
2026-02-17 10:16:00,10:16:00,7.6,7.75,7.1,7.15,1351675
2026-02-17 10:17:00,10:17:00,7.2,7.2,6.75,7.0,1813240
2026-02-17 10:18:00,10:18:00,11.8,11.8,10.7,11.0,2327910
2026-02-17 10:19:00,10:19:00,10.85,11.0,10.15,10.25,4993430
2026-02-17 10:20:00,10:20:00,10.3,10.45,10.05,10.3,3164005
2026-02-17 10:21:00,10:21:00,10.3,10.9,10.25,10.85,2100020
2026-02-17 10:22:00,10:22:00,10.9,10.9,10.15,10.5,2016885
2026-02-17 10:23:00,10:23:00,10.45,10.85,10.45,10.65,1437475
2026-02-17 10:24:00,10:24:00,10.6,10.85,10.5,10.6,1249235
2026-02-17 10:25:00,10:25:00,10.6,10.7,10.35,10.55,1095055
2026-02-17 10:26:00,10:26:00,10.5,10.55,9.75,9.8,3027830
2026-02-17 10:27:00,10:27:00,9.85,9.95,9.15,9.15,4297280
2026-02-17 10:28:00,10:28:00,15.05,15.25,14.3,14.3,6172725
2026-02-17 10:29:00,10:29:00,8.8,9.15,8.75,8.75,3220880
2026-02-17 10:30:00,10:30:00,14.15,14.5,13.6,13.8,4618900
2026-02-17 10:31:00,10:31:00,13.7,14.35,13.45,14.2,3359200
2026-02-17 10:32:00,10:32:00,8.65,8.75,8.55,8.7,1633060
2026-02-17 10:33:00,10:33:00,8.6,8.75,8.1,8.15,2580825
2026-02-17 10:34:00,10:34:00,8.1,8.65,8.0,8.45,2199925
2026-02-17 10:35:00,10:35:00,8.5,9.05,8.45,9.0,2263625
2026-02-17 10:36:00,10:36:00,8.8,9.0,8.6,9.0,1180920
2026-02-17 10:37:00,10:37:00,8.9,9.45,8.7,9.35,1319045
2026-02-17 10:38:00,10:38:00,9.35,10.2,9.25,9.7,2816840
2026-02-17 10:39:00,10:39:00,9.7,10.05,9.4,9.85,1812265
2026-02-17 10:40:00,10:40:00,9.7,9.8,9.0,9.4,2263885
2026-02-17 10:41:00,10:41:00,9.4,10.55,9.3,10.15,1685320
2026-02-17 10:42:00,10:42:00,10.15,10.25,9.4,9.85,1983605
2026-02-17 10:43:00,10:43:00,6.05,7.7,5.9,7.6,3830450
2026-02-17 10:44:00,10:44:00,7.75,9.5,7.6,8.05,7945990
2026-02-17 10:45:00,10:45:00,7.7,8.45,7.1,7.2,4364230
2026-02-17 10:46:00,10:46:00,7.0,8.05,6.95,7.8,2815995
2026-02-17 10:47:00,10:47:00,7.9,10.15,7.5,8.55,6029140
2026-02-17 10:48:00,10:48:00,8.45,9.0,7.6,7.7,4403945
2026-02-17 10:49:00,10:49:00,7.35,7.8,6.65,7.7,4133870
2026-02-17 10:50:00,10:50:00,7.7,8.5,7.45,7.5,3498820
2026-02-17 10:51:00,10:51:00,7.55,8.05,7.25,7.35,2098850
2026-02-17 10:52:00,10:52:00,7.4,7.65,6.9,6.9,2064595
2026-02-17 10:53:00,10:53:00,7.05,8.1,6.9,7.75,2835300
2026-02-17 10:54:00,10:54:00,7.7,7.75,6.9,7.05,1809925
2026-02-17 10:55:00,10:55:00,6.95,7.1,6.4,7.0,2786095
2026-02-17 10:56:00,10:56:00,6.95,7.15,6.45,7.15,1498575
2026-02-17 10:57:00,10:57:00,7.1,7.45,6.75,6.95,1850355
2026-02-17 10:58:00,10:58:00,6.9,6.95,6.05,6.5,1829620
2026-02-17 10:59:00,10:59:00,6.45,6.5,5.9,6.05,2204345
2026-02-17 11:00:00,11:00:00,6.1,6.55,5.9,6.1,1630460
2026-02-17 11:01:00,11:01:00,6.0,6.1,5.25,5.35,2676700
2026-02-17 11:02:00,11:02:00,5.4,6.25,5.3,5.55,1858870
2026-02-17 11:03:00,11:03:00,5.6,6.25,5.4,6.2,1388725
2026-02-17 11:04:00,11:04:00,6.15,6.2,5.45,5.5,1235325
2026-02-17 11:05:00,11:05:00,5.45,6.15,5.35,6.05,1286415
2026-02-17 11:06:00,11:06:00,5.95,7.0,5.95,6.25,2123030
2026-02-17 11:07:00,11:07:00,6.25,6.35,5.6,5.6,1760070
2026-02-17 11:08:00,11:08:00,5.65,5.65,4.75,4.75,2983045
2026-02-17 11:09:00,11:09:00,4.7,5.25,4.7,4.85,2200835
2026-02-17 11:10:00,11:10:00,4.85,5.45,4.8,5.25,1503450
2026-02-17 11:11:00,11:11:00,5.2,5.35,4.7,4.8,1460160
2026-02-17 11:12:00,11:12:00,4.7,4.8,4.5,4.7,1716455
2026-02-17 11:13:00,11:13:00,4.65,4.9,4.55,4.55,1066000
2026-02-17 11:14:00,11:14:00,4.55,4.7,4.45,4.5,1095055
2026-02-17 11:15:00,11:15:00,7.65,8.35,7.5,7.5,1638780
2026-02-17 11:16:00,11:16:00,7.55,7.6,6.85,7.3,3119740
2026-02-17 11:17:00,11:17:00,7.25,7.4,6.45,6.5,3697460
2026-02-17 11:18:00,11:18:00,6.5,6.7,6.4,6.65,3984695
2026-02-17 11:19:00,11:19:00,6.65,6.9,6.5,6.65,1602250
2026-02-17 11:20:00,11:20:00,6.55,6.65,6.25,6.25,2002715
2026-02-17 11:21:00,11:21:00,6.2,7.0,6.2,7.0,1577355
2026-02-17 11:22:00,11:22:00,7.1,7.1,6.5,6.8,1289795
2026-02-17 11:23:00,11:23:00,6.65,6.85,6.5,6.75,788645
2026-02-17 11:24:00,11:24:00,6.8,6.8,6.35,6.35,973375
2026-02-17 11:25:00,11:25:00,6.35,6.65,6.35,6.5,752375
2026-02-17 11:26:00,11:26:00,6.5,6.6,6.25,6.25,921830
2026-02-17 11:27:00,11:27:00,6.25,6.75,6.05,6.35,1309815
2026-02-17 11:28:00,11:28:00,6.4,6.6,6.2,6.35,1406730
2026-02-17 11:29:00,11:29:00,6.35,6.5,6.15,6.3,966485
2026-02-17 11:30:00,11:30:00,6.25,6.6,5.85,6.05,1757210
2026-02-17 11:31:00,11:31:00,6.15,6.35,5.85,6.3,1243905
2026-02-17 11:32:00,11:32:00,6.35,6.35,5.25,5.25,2238405
2026-02-17 11:33:00,11:33:00,5.35,5.35,4.75,4.75,6064370
2026-02-17 11:34:00,11:34:00,4.75,4.9,4.6,4.6,3960515
2026-02-17 11:35:00,11:35:00,4.6,4.95,4.6,4.85,3074565
2026-02-17 11:36:00,11:36:00,8.15,8.25,7.75,7.9,6767475
2026-02-17 11:37:00,11:37:00,7.85,7.9,7.1,7.2,5721820
2026-02-17 11:38:00,11:38:00,7.1,7.45,6.9,7.05,7075965
2026-02-17 11:39:00,11:39:00,7.1,7.35,7.05,7.1,3129880
2026-02-17 11:40:00,11:40:00,7.1,7.15,6.8,7.0,2917005
2026-02-17 11:41:00,11:41:00,4.2,4.2,3.95,3.95,1549860
2026-02-17 11:42:00,11:42:00,3.95,4.85,3.95,4.85,2752490
2026-02-17 11:43:00,11:43:00,4.75,4.85,4.25,4.4,2072915
2026-02-17 11:44:00,11:44:00,4.3,4.45,4.1,4.25,1401140
2026-02-17 11:45:00,11:45:00,7.45,7.5,6.65,6.7,3241030
2026-02-17 11:46:00,11:46:00,6.6,6.75,6.25,6.35,3114020
2026-02-17 11:47:00,11:47:00,6.35,6.8,6.3,6.45,2936440
2026-02-17 11:48:00,11:48:00,6.4,6.45,5.95,6.35,3462680
2026-02-17 11:49:00,11:49:00,6.3,6.6,6.3,6.45,1717170
2026-02-17 11:50:00,11:50:00,6.4,6.65,6.3,6.5,1639950
2026-02-17 11:51:00,11:51:00,6.55,6.6,6.45,6.55,1465360
2026-02-17 11:52:00,11:52:00,6.6,6.6,6.15,6.45,2665975
2026-02-17 11:53:00,11:53:00,6.5,6.7,6.35,6.45,1323010
2026-02-17 11:54:00,11:54:00,6.45,6.45,6.3,6.35,1464125
2026-02-17 11:55:00,11:55:00,6.3,6.7,6.3,6.65,1338870
2026-02-17 11:56:00,11:56:00,6.7,6.85,6.55,6.65,1400555
2026-02-17 11:57:00,11:57:00,6.65,6.8,6.4,6.8,1142310
2026-02-17 11:58:00,11:58:00,6.75,6.95,6.6,6.85,1591200
2026-02-17 11:59:00,11:59:00,6.75,7.0,6.7,6.85,1285765
2026-02-17 12:00:00,12:00:00,6.8,6.85,6.5,6.75,1271530
2026-02-17 12:01:00,12:01:00,6.7,6.8,6.45,6.45,1125865
2026-02-17 12:02:00,12:02:00,6.45,6.6,6.35,6.55,1705405
2026-02-17 12:03:00,12:03:00,6.55,6.7,6.5,6.6,989495
2026-02-17 12:04:00,12:04:00,4.05,4.3,4.05,4.25,590005
2026-02-17 12:05:00,12:05:00,6.95,7.1,6.45,6.8,1933425
2026-02-17 12:06:00,12:06:00,6.75,7.05,6.45,6.55,1854190
2026-02-17 12:07:00,12:07:00,6.4,6.6,6.05,6.15,1795105
2026-02-17 12:08:00,12:08:00,6.05,6.5,5.9,6.45,2265900
2026-02-17 12:09:00,12:09:00,6.5,6.75,6.35,6.55,1363765
2026-02-17 12:10:00,12:10:00,6.55,6.55,6.0,6.15,1308255
2026-02-17 12:11:00,12:11:00,3.75,4.1,3.75,4.1,536250
2026-02-17 12:12:00,12:12:00,6.9,6.95,6.25,6.25,1672320
2026-02-17 12:13:00,12:13:00,6.15,6.4,5.95,6.0,2204410
2026-02-17 12:14:00,12:14:00,3.75,3.9,3.7,3.85,477490
2026-02-17 12:15:00,12:15:00,6.4,6.4,5.6,5.65,2420795
2026-02-17 12:16:00,12:16:00,5.55,5.75,5.3,5.35,3134560
2026-02-17 12:17:00,12:17:00,5.45,5.85,5.25,5.8,4371705
2026-02-17 12:18:00,12:18:00,5.6,5.8,5.2,5.2,3221725
2026-02-17 12:19:00,12:19:00,5.2,5.35,4.9,4.95,4841395
2026-02-17 12:20:00,12:20:00,4.95,5.0,4.8,4.85,2821390
2026-02-17 12:21:00,12:21:00,4.9,5.1,4.8,4.95,1501045
2026-02-17 12:22:00,12:22:00,5.0,5.05,4.7,4.75,1775280
2026-02-17 12:23:00,12:23:00,4.75,4.75,4.45,4.65,2752945
2026-02-17 12:24:00,12:24:00,4.6,4.8,4.5,4.65,3056170
2026-02-17 12:25:00,12:25:00,4.65,4.7,4.45,4.45,1429545
2026-02-17 12:26:00,12:26:00,4.4,4.45,4.25,4.4,2245685
2026-02-17 12:27:00,12:27:00,4.35,4.6,4.25,4.6,1490320
2026-02-17 12:28:00,12:28:00,4.7,5.0,4.6,4.9,2243800
2026-02-17 12:29:00,12:29:00,4.95,5.3,4.9,4.95,2591290
2026-02-17 12:30:00,12:30:00,4.95,5.2,4.6,5.1,2528695
2026-02-17 12:31:00,12:31:00,5.0,5.2,4.8,4.9,2038075
2026-02-17 12:32:00,12:32:00,4.9,4.95,4.6,4.9,2080455
2026-02-17 12:33:00,12:33:00,4.9,5.05,4.7,5.0,1423435
2026-02-17 12:34:00,12:34:00,5.0,5.2,4.8,4.85,1178255
2026-02-17 12:35:00,12:35:00,4.8,5.05,4.75,4.75,1432665
2026-02-17 12:36:00,12:36:00,4.7,4.95,4.55,4.7,1479400
2026-02-17 12:37:00,12:37:00,4.7,5.2,4.7,5.2,1860950
2026-02-17 12:38:00,12:38:00,5.2,5.65,5.0,5.2,2516670
2026-02-17 12:39:00,12:39:00,5.2,5.25,4.8,4.8,1960010
2026-02-17 12:40:00,12:40:00,4.8,5.05,4.55,4.7,1998490
2026-02-17 12:41:00,12:41:00,4.65,5.4,4.65,5.0,1632930
2026-02-17 12:42:00,12:42:00,5.0,5.4,4.75,5.05,2420665
2026-02-17 12:43:00,12:43:00,5.05,5.15,4.8,4.95,1529385
2026-02-17 12:44:00,12:44:00,4.9,5.1,4.75,4.8,1322685
2026-02-17 12:45:00,12:45:00,4.8,4.95,4.65,4.7,1304875
2026-02-17 12:46:00,12:46:00,4.7,4.8,4.45,4.8,1042145
2026-02-17 12:47:00,12:47:00,4.65,4.85,4.55,4.85,798395
2026-02-17 12:48:00,12:48:00,4.8,4.9,4.5,4.65,1243125
2026-02-17 12:49:00,12:49:00,4.65,4.75,4.45,4.45,767455
2026-02-17 12:50:00,12:50:00,4.5,4.75,4.45,4.7,875420
2026-02-17 12:51:00,12:51:00,4.65,4.75,4.3,4.3,1034475
2026-02-17 12:52:00,12:52:00,4.35,4.4,3.85,4.0,2671890
2026-02-17 12:53:00,12:53:00,4.1,4.1,3.7,3.75,3345160
2026-02-17 12:54:00,12:54:00,3.85,3.9,3.7,3.75,1865630
2026-02-17 12:55:00,12:55:00,3.75,3.9,3.75,3.8,1649245
2026-02-17 12:56:00,12:56:00,3.75,4.2,3.6,4.2,1796275
2026-02-17 12:57:00,12:57:00,4.25,4.85,4.2,4.7,3443570
2026-02-17 12:58:00,12:58:00,4.75,4.95,4.45,4.45,2825615
2026-02-17 12:59:00,12:59:00,4.45,5.0,4.4,5.0,2147665
2026-02-17 13:00:00,13:00:00,4.95,5.0,4.55,4.8,2125890
2026-02-17 13:01:00,13:01:00,4.85,5.0,4.55,4.55,2793440
2026-02-17 13:02:00,13:02:00,4.6,4.6,4.1,4.45,2052310
2026-02-17 13:03:00,13:03:00,4.6,4.7,4.45,4.65,1256970
2026-02-17 13:04:00,13:04:00,3.1,3.55,3.05,3.5,1584570
2026-02-17 13:05:00,13:05:00,3.65,3.65,3.25,3.4,2872610
2026-02-17 13:06:00,13:06:00,5.7,5.75,4.55,4.55,4806490
2026-02-17 13:07:00,13:07:00,4.45,4.6,3.9,4.1,5952700
2026-02-17 13:08:00,13:08:00,4.05,4.1,3.3,3.6,4979975
2026-02-17 13:09:00,13:09:00,3.5,3.6,3.25,3.3,3559595
2026-02-17 13:10:00,13:10:00,3.3,3.45,3.15,3.3,3026920
2026-02-17 13:11:00,13:11:00,3.3,3.35,3.25,3.3,1741350
2026-02-17 13:12:00,13:12:00,3.45,3.45,3.25,3.3,2470130
2026-02-17 13:13:00,13:13:00,3.45,4.05,3.3,4.0,2493985
2026-02-17 13:14:00,13:14:00,3.95,4.4,3.9,3.95,2964975
2026-02-17 13:15:00,13:15:00,4.1,4.35,3.9,4.25,3395795
2026-02-17 13:16:00,13:16:00,4.2,4.35,3.95,4.0,2654925
2026-02-17 13:17:00,13:17:00,3.9,4.15,3.85,3.95,2080520
2026-02-17 13:18:00,13:18:00,3.95,4.1,3.65,3.75,1546545
2026-02-17 13:19:00,13:19:00,3.7,3.85,3.45,3.75,2107170
2026-02-17 13:20:00,13:20:00,3.75,3.85,3.5,3.7,1618305
2026-02-17 13:21:00,13:21:00,3.6,3.7,3.3,3.35,2305680
2026-02-17 13:22:00,13:22:00,3.3,3.4,3.0,3.05,3601650
2026-02-17 13:23:00,13:23:00,3.05,3.15,2.9,3.15,2617550
2026-02-17 13:24:00,13:24:00,3.15,3.3,2.8,2.95,2708225
2026-02-17 13:25:00,13:25:00,2.95,3.3,2.9,3.2,1699880
2026-02-17 13:26:00,13:26:00,3.2,3.35,2.9,3.15,1478490
2026-02-17 13:27:00,13:27:00,3.15,3.2,3.0,3.0,1145560
2026-02-17 13:28:00,13:28:00,3.0,3.05,2.85,2.9,1487135
2026-02-17 13:29:00,13:29:00,2.9,3.0,2.8,2.95,1839500
2026-02-17 13:30:00,13:30:00,2.9,2.95,2.7,2.7,1584765
2026-02-17 13:31:00,13:31:00,2.7,2.85,2.65,2.7,1845220
2026-02-17 13:32:00,13:32:00,2.65,2.75,2.6,2.7,2010320
2026-02-17 13:33:00,13:33:00,2.65,2.7,2.5,2.65,2650570
2026-02-17 13:34:00,13:34:00,2.7,2.8,2.65,2.8,1273805
2026-02-17 13:35:00,13:35:00,2.8,2.9,2.75,2.85,1430520
2026-02-17 13:36:00,13:36:00,2.85,2.9,2.55,2.65,1904240
2026-02-17 13:37:00,13:37:00,2.65,2.75,2.65,2.7,780065
2026-02-17 13:38:00,13:38:00,2.75,3.0,2.7,2.95,1442350
2026-02-17 13:39:00,13:39:00,3.0,3.15,2.8,3.0,2019355
2026-02-17 13:40:00,13:40:00,3.05,3.05,2.75,2.8,1390935
2026-02-17 13:41:00,13:41:00,2.8,2.8,2.45,2.45,1902875
2026-02-17 13:42:00,13:42:00,2.45,2.5,2.3,2.4,2256670
2026-02-17 13:43:00,13:43:00,2.4,2.5,2.35,2.5,1144650
2026-02-17 13:44:00,13:44:00,2.45,2.5,2.4,2.5,1252810
2026-02-17 13:45:00,13:45:00,2.5,2.5,2.35,2.45,867230
2026-02-17 13:46:00,13:46:00,2.45,2.45,2.3,2.4,1079260
2026-02-17 13:47:00,13:47:00,2.45,3.3,2.4,3.25,2400580
2026-02-17 13:48:00,13:48:00,3.15,3.25,2.65,2.95,3224455
2026-02-17 13:49:00,13:49:00,2.95,3.1,2.6,3.0,2506920
2026-02-17 13:50:00,13:50:00,3.0,3.1,2.8,2.9,2400840
2026-02-17 13:51:00,13:51:00,2.95,3.1,2.5,2.55,2552420
2026-02-17 13:52:00,13:52:00,2.55,2.55,2.05,2.3,4786795
2026-02-17 13:53:00,13:53:00,2.3,2.3,2.05,2.15,2538250
2026-02-17 13:54:00,13:54:00,2.15,2.85,2.1,2.85,2382900
2026-02-17 13:55:00,13:55:00,1.95,2.15,1.85,1.95,2131025
2026-02-17 13:56:00,13:56:00,1.95,2.0,1.8,1.95,2634580
2026-02-17 13:57:00,13:57:00,1.9,2.2,1.85,2.1,3298490
2026-02-17 13:58:00,13:58:00,2.05,2.1,1.85,2.0,2077725
2026-02-17 13:59:00,13:59:00,2.0,2.2,1.85,2.15,2293460
2026-02-17 14:00:00,14:00:00,2.1,2.3,1.9,1.9,2347280
2026-02-17 14:01:00,14:01:00,1.85,2.0,1.45,1.5,3135795
2026-02-17 14:02:00,14:02:00,1.5,1.6,1.5,1.5,1636895
2026-02-17 14:03:00,14:03:00,2.3,2.3,1.8,1.95,6754670
2026-02-17 14:04:00,14:04:00,1.95,2.1,1.85,2.0,4871815
2026-02-17 14:05:00,14:05:00,2.0,2.05,1.6,1.75,5495035
2026-02-17 14:06:00,14:06:00,1.7,2.1,1.7,1.95,4407585
2026-02-17 14:07:00,14:07:00,1.9,2.05,1.75,1.8,2776020
2026-02-17 14:08:00,14:08:00,1.75,2.0,1.5,2.0,4228315
2026-02-17 14:09:00,14:09:00,1.15,1.5,1.1,1.45,1061775
2026-02-17 14:10:00,14:10:00,1.45,1.65,1.45,1.6,2539875
2026-02-17 14:11:00,14:11:00,1.6,1.6,1.35,1.45,1841320
2026-02-17 14:12:00,14:12:00,1.4,2.2,1.4,1.8,3980470
2026-02-17 14:13:00,14:13:00,1.15,2.15,1.15,1.65,11192610
2026-02-17 14:14:00,14:14:00,1.75,1.8,1.35,1.5,6806735
2026-02-17 14:15:00,14:15:00,1.55,1.55,1.3,1.3,6742515
2026-02-17 14:16:00,14:16:00,2.15,2.2,1.35,1.35,8537295
2026-02-17 14:17:00,14:17:00,1.3,1.5,1.25,1.45,5340660
2026-02-17 14:18:00,14:18:00,1.4,1.45,1.15,1.15,4764630
2026-02-17 14:19:00,14:19:00,1.2,1.3,1.1,1.3,2784730
2026-02-17 14:20:00,14:20:00,1.25,1.3,1.05,1.1,2260440
2026-02-17 14:21:00,14:21:00,1.05,1.2,1.0,1.15,2704195
2026-02-17 14:22:00,14:22:00,1.1,1.2,1.1,1.15,1983475
2026-02-17 14:23:00,14:23:00,1.15,1.3,1.05,1.2,3043950
2026-02-17 14:24:00,14:24:00,1.2,1.25,1.1,1.15,1943370
2026-02-17 14:25:00,14:25:00,1.15,1.25,1.1,1.2,1929265
2026-02-17 14:26:00,14:26:00,1.15,1.25,1.05,1.05,1431950
2026-02-17 14:27:00,14:27:00,1.05,1.1,0.95,1.0,1875055
2026-02-17 14:28:00,14:28:00,0.95,1.4,0.95,1.35,4940780
2026-02-17 14:29:00,14:29:00,1.35,1.35,1.05,1.25,5120310
2026-02-17 14:30:00,14:30:00,1.2,1.25,1.1,1.15,4716790
2026-02-17 14:31:00,14:31:00,1.15,1.45,1.1,1.45,3784040
2026-02-17 14:32:00,14:32:00,1.45,1.45,0.95,1.0,3461900
2026-02-17 14:33:00,14:33:00,1.05,1.05,0.85,0.9,1846000
2026-02-17 14:34:00,14:34:00,0.9,0.9,0.8,0.8,2299310
2026-02-17 14:35:00,14:35:00,0.8,0.85,0.8,0.85,575380
2026-02-17 14:36:00,14:36:00,0.85,0.85,0.8,0.85,2062190
2026-02-17 14:37:00,14:37:00,0.8,0.95,0.8,0.85,2036840
2026-02-17 14:38:00,14:38:00,0.9,0.9,0.65,0.7,2310100
2026-02-17 14:39:00,14:39:00,0.7,0.7,0.6,0.65,2793115
2026-02-17 14:40:00,14:40:00,0.95,1.0,0.75,0.8,6418295
2026-02-17 14:41:00,14:41:00,0.55,0.6,0.5,0.55,1506050
2026-02-17 14:42:00,14:42:00,0.75,0.75,0.65,0.7,3154125
2026-02-17 14:43:00,14:43:00,0.7,0.8,0.65,0.75,3391505
2026-02-17 14:44:00,14:44:00,0.5,0.55,0.5,0.5,1193530
2026-02-17 14:45:00,14:45:00,0.55,0.65,0.5,0.5,1187095
2026-02-17 14:46:00,14:46:00,0.5,0.55,0.45,0.55,1077310
2026-02-17 14:47:00,14:47:00,0.5,0.55,0.5,0.55,800085
2026-02-17 14:48:00,14:48:00,0.5,0.55,0.5,0.55,1321645
2026-02-17 14:49:00,14:49:00,0.6,0.6,0.55,0.6,724425
2026-02-17 14:50:00,14:50:00,0.55,0.6,0.55,0.55,784680
2026-02-17 14:51:00,14:51:00,0.6,0.6,0.55,0.55,526890
2026-02-17 14:52:00,14:52:00,0.6,0.6,0.4,0.4,1372800
2026-02-17 14:53:00,14:53:00,0.45,0.45,0.3,0.35,1190475
2026-02-17 14:54:00,14:54:00,0.3,0.4,0.3,0.3,1252030
2026-02-17 14:55:00,14:55:00,0.3,0.35,0.3,0.3,1081860
2026-02-17 14:56:00,14:56:00,0.35,0.45,0.3,0.4,1239225
2026-02-17 14:57:00,14:57:00,0.4,0.5,0.4,0.45,1289795
2026-02-17 14:58:00,14:58:00,0.45,0.45,0.3,0.35,1082965
2026-02-17 14:59:00,14:59:00,0.3,0.4,0.3,0.4,1027455
2026-02-17 15:00:00,15:00:00,0.55,0.6,0.4,0.45,6634030
2026-02-17 15:01:00,15:01:00,0.45,0.55,0.45,0.45,5361785
2026-02-17 15:02:00,15:02:00,0.4,0.4,0.3,0.35,1009190
2026-02-17 15:03:00,15:03:00,0.35,0.35,0.25,0.25,1283360
2026-02-17 15:04:00,15:04:00,0.3,0.3,0.25,0.25,568425
2026-02-17 15:05:00,15:05:00,0.25,0.3,0.25,0.25,956345
2026-02-17 15:06:00,15:06:00,0.4,0.4,0.2,0.25,3486210
2026-02-17 15:07:00,15:07:00,0.2,0.25,0.15,0.2,3732885
2026-02-17 15:08:00,15:08:00,0.15,0.2,0.15,0.15,1282190
2026-02-17 15:09:00,15:09:00,0.15,0.2,0.1,0.1,1870310
2026-02-17 15:10:00,15:10:00,0.1,0.15,0.1,0.1,577070
2026-02-17 15:11:00,15:11:00,0.1,0.15,0.1,0.1,323635
2026-02-17 15:12:00,15:12:00,0.1,0.15,0.1,0.15,297570
2026-02-17 15:13:00,15:13:00,0.1,0.15,0.1,0.15,791895
2026-02-17 15:14:00,15:14:00,0.15,0.15,0.05,0.1,552695
2026-02-17 15:15:00,15:15:00,0.1,0.1,0.05,0.1,717210
2026-02-17 15:16:00,15:16:00,0.15,0.15,0.1,0.1,1100450
2026-02-17 15:17:00,15:17:00,0.15,0.15,0.1,0.1,760890
2026-02-17 15:18:00,15:18:00,0.05,0.1,0.05,0.1,304655
2026-02-17 15:19:00,15:19:00,0.05,0.1,0.05,0.05,1066650
2026-02-17 15:20:00,15:20:00,0.1,0.1,0.05,0.1,1196130
2026-02-17 15:21:00,15:21:00,0.1,0.1,0.05,0.1,842075
2026-02-17 15:22:00,15:22:00,0.05,0.1,0.05,0.05,710125
2026-02-17 15:23:00,15:23:00,0.1,0.1,0.05,0.1,654550
2026-02-17 15:24:00,15:24:00,0.05,0.05,0.05,0.05,357435
2026-02-17 15:25:00,15:25:00,0.05,0.05,0.05,0.05,284570
2026-02-17 15:26:00,15:26:00,0.05,0.05,0.05,0.05,338260
2026-02-17 15:27:00,15:27:00,0.05,0.1,0.05,0.05,281645
2026-02-17 15:28:00,15:28:00,0.05,0.05,0.05,0.05,277745
2026-02-17 15:29:00,15:29:00,0.05,0.05,0.05,0.05,75140
2026-02-18 09:15:00,09:15:00,47.9,47.9,39.1,44.35,847275
2026-02-18 09:16:00,09:16:00,44.85,47.8,43.9,43.95,769730
2026-02-18 09:17:00,09:17:00,52.9,53.1,47.45,47.45,302575
2026-02-18 09:18:00,09:18:00,47.0,49.15,46.65,47.25,225355
2026-02-18 09:19:00,09:19:00,47.5,47.5,44.85,45.7,162175
2026-02-18 09:20:00,09:20:00,45.6,49.65,45.6,49.3,197990
2026-02-18 09:21:00,09:21:00,41.7,43.5,40.4,41.5,417755
2026-02-18 09:22:00,09:22:00,41.4,42.65,40.7,42.35,200850
2026-02-18 09:23:00,09:23:00,41.95,43.25,40.9,43.1,267085
2026-02-18 09:24:00,09:24:00,42.05,43.1,40.95,42.7,224250
2026-02-18 09:25:00,09:25:00,42.7,43.65,39.05,39.4,508365
2026-02-18 09:26:00,09:26:00,39.05,41.0,38.9,39.4,213850
2026-02-18 09:27:00,09:27:00,47.1,47.2,44.45,44.85,157495
2026-02-18 09:28:00,09:28:00,37.7,39.75,36.65,39.75,249665
2026-02-18 09:29:00,09:29:00,47.3,47.6,45.2,45.6,111280
2026-02-18 09:30:00,09:30:00,38.25,39.7,37.7,38.7,250055
2026-02-18 09:31:00,09:31:00,38.55,41.0,38.4,41.0,184275
2026-02-18 09:32:00,09:32:00,40.7,41.0,37.65,39.0,186420
2026-02-18 09:33:00,09:33:00,45.9,46.9,43.0,45.05,107510
2026-02-18 09:34:00,09:34:00,44.1,46.1,43.85,44.25,85930
2026-02-18 09:35:00,09:35:00,44.35,45.95,43.3,43.65,90220
2026-02-18 09:36:00,09:36:00,43.5,44.65,42.25,42.6,94835
2026-02-18 09:37:00,09:37:00,42.7,43.3,41.6,42.2,90480
2026-02-18 09:38:00,09:38:00,42.05,43.05,41.5,41.5,82030
2026-02-18 09:39:00,09:39:00,41.45,42.4,41.0,41.8,78390
2026-02-18 09:40:00,09:40:00,43.0,43.1,41.5,42.55,131105
2026-02-18 09:41:00,09:41:00,42.8,42.85,41.45,41.6,38350
2026-02-18 09:42:00,09:42:00,41.35,43.55,41.05,43.05,70590
2026-02-18 09:43:00,09:43:00,42.85,43.4,41.35,41.6,57720
2026-02-18 09:44:00,09:44:00,41.6,42.45,40.6,41.65,79105
2026-02-18 09:45:00,09:45:00,41.5,43.0,41.5,42.6,64610
2026-02-18 09:46:00,09:46:00,42.65,44.3,42.4,44.0,83980
2026-02-18 09:47:00,09:47:00,36.9,39.7,36.7,38.85,369395
2026-02-18 09:48:00,09:48:00,38.55,39.65,37.3,37.75,209105
2026-02-18 09:49:00,09:49:00,37.6,38.25,36.9,38.1,98215
2026-02-18 09:50:00,09:50:00,38.15,39.35,37.7,38.6,129675
2026-02-18 09:51:00,09:51:00,38.85,39.2,37.55,38.6,91195
2026-02-18 09:52:00,09:52:00,38.7,39.45,38.15,39.45,80340
2026-02-18 09:53:00,09:53:00,39.6,41.1,38.9,39.6,236730
2026-02-18 09:54:00,09:54:00,39.65,42.65,39.35,42.6,194480
2026-02-18 09:55:00,09:55:00,42.3,50.4,42.25,50.4,684060
2026-02-18 09:56:00,09:56:00,50.1,52.7,48.75,50.35,767910
2026-02-18 09:57:00,09:57:00,43.65,44.65,42.6,43.2,234130
2026-02-18 09:58:00,09:58:00,43.25,44.3,42.2,43.25,149435
2026-02-18 09:59:00,09:59:00,43.5,45.5,42.7,43.1,247585
2026-02-18 10:00:00,10:00:00,43.0,47.0,43.0,45.2,214500
2026-02-18 10:01:00,10:01:00,45.4,46.5,43.6,44.5,177385
2026-02-18 10:02:00,10:02:00,44.75,46.25,44.1,44.7,100230
2026-02-18 10:03:00,10:03:00,44.8,45.55,43.9,44.45,129480
2026-02-18 10:04:00,10:04:00,44.35,44.85,43.3,44.0,122005
2026-02-18 10:05:00,10:05:00,43.7,44.0,41.8,42.45,177320
2026-02-18 10:06:00,10:06:00,42.7,42.7,41.4,41.85,121160
2026-02-18 10:07:00,10:07:00,41.8,45.75,41.7,45.6,148395
2026-02-18 10:08:00,10:08:00,45.65,47.2,43.35,43.55,179855
2026-02-18 10:09:00,10:09:00,43.6,43.95,42.45,43.7,85085
2026-02-18 10:10:00,10:10:00,43.6,45.2,43.3,44.45,98930
2026-02-18 10:11:00,10:11:00,44.25,44.45,42.25,42.25,67145
2026-02-18 10:12:00,10:12:00,42.05,43.25,41.35,42.1,98540
2026-02-18 10:13:00,10:13:00,42.1,43.9,41.9,42.8,65910
2026-02-18 10:14:00,10:14:00,42.4,43.75,41.65,43.65,52520
2026-02-18 10:15:00,10:15:00,44.0,44.0,42.6,43.7,65780
2026-02-18 10:16:00,10:16:00,43.7,45.2,43.7,44.9,98800
2026-02-18 10:17:00,10:17:00,45.1,48.25,44.9,46.25,254930
2026-02-18 10:18:00,10:18:00,46.55,46.55,41.6,41.6,223080
2026-02-18 10:19:00,10:19:00,41.8,42.25,40.4,41.2,113750
2026-02-18 10:20:00,10:20:00,41.15,42.95,40.6,42.95,68900
2026-02-18 10:21:00,10:21:00,42.55,43.35,41.3,42.2,76115
2026-02-18 10:22:00,10:22:00,42.1,43.15,41.35,42.15,63765
2026-02-18 10:23:00,10:23:00,41.7,42.6,41.45,42.35,46475
2026-02-18 10:24:00,10:24:00,42.3,42.35,39.95,41.6,135070
2026-02-18 10:25:00,10:25:00,41.45,42.8,41.3,42.5,53495
2026-02-18 10:26:00,10:26:00,42.65,45.7,42.5,44.85,140465
2026-02-18 10:27:00,10:27:00,44.65,45.65,43.75,45.15,77805
2026-02-18 10:28:00,10:28:00,44.95,46.25,44.1,44.1,172445
2026-02-18 10:29:00,10:29:00,44.0,44.1,41.2,41.3,123175
2026-02-18 10:30:00,10:30:00,41.0,43.25,41.0,42.25,111865
2026-02-18 10:31:00,10:31:00,42.4,42.6,40.7,41.05,95745
2026-02-18 10:32:00,10:32:00,41.15,41.6,40.6,40.9,53170
2026-02-18 10:33:00,10:33:00,40.8,41.25,39.25,39.5,98930
2026-02-18 10:34:00,10:34:00,39.65,40.45,39.35,40.2,80210
2026-02-18 10:35:00,10:35:00,48.05,48.7,45.65,46.0,200980
2026-02-18 10:36:00,10:36:00,46.25,47.25,46.0,46.15,130195
2026-02-18 10:37:00,10:37:00,45.95,47.35,44.85,47.25,233090
2026-02-18 10:38:00,10:38:00,39.3,42.2,39.3,42.1,95420
2026-02-18 10:39:00,10:39:00,41.8,42.95,41.0,42.95,95030
2026-02-18 10:40:00,10:40:00,42.45,43.7,42.0,43.45,155350
2026-02-18 10:41:00,10:41:00,43.2,43.7,42.55,42.55,98735
2026-02-18 10:42:00,10:42:00,42.15,42.55,41.15,41.65,84045
2026-02-18 10:43:00,10:43:00,41.65,42.6,41.6,42.0,35555
2026-02-18 10:44:00,10:44:00,42.15,42.9,41.55,42.9,27040
2026-02-18 10:45:00,10:45:00,42.75,43.35,41.2,42.25,56290
2026-02-18 10:46:00,10:46:00,42.15,42.25,40.2,40.25,62400
2026-02-18 10:47:00,10:47:00,48.0,48.15,46.3,46.65,179855
2026-02-18 10:48:00,10:48:00,46.55,48.4,46.45,46.9,98020
2026-02-18 10:49:00,10:49:00,46.9,47.65,46.5,47.2,85930
2026-02-18 10:50:00,10:50:00,46.85,47.2,46.0,46.4,115245
2026-02-18 10:51:00,10:51:00,46.65,47.75,46.3,46.55,153140
2026-02-18 10:52:00,10:52:00,46.8,46.8,45.5,45.8,104390
2026-02-18 10:53:00,10:53:00,45.4,45.8,43.4,43.6,249470
2026-02-18 10:54:00,10:54:00,43.45,44.75,43.05,44.4,239330
2026-02-18 10:55:00,10:55:00,44.4,45.5,44.25,44.7,121095
2026-02-18 10:56:00,10:56:00,44.55,44.8,43.65,44.35,77675
2026-02-18 10:57:00,10:57:00,44.75,44.75,43.2,43.35,108745
2026-02-18 10:58:00,10:58:00,43.15,43.35,41.55,41.75,194090
2026-02-18 10:59:00,10:59:00,41.4,41.75,40.9,41.3,152490
2026-02-18 11:00:00,11:00:00,41.3,41.8,40.8,41.0,232765
2026-02-18 11:01:00,11:01:00,40.6,42.1,40.6,41.7,124085
2026-02-18 11:02:00,11:02:00,41.45,41.7,40.55,40.95,185250
2026-02-18 11:03:00,11:03:00,40.95,42.7,40.85,42.7,130390
2026-02-18 11:04:00,11:04:00,42.65,42.8,41.05,41.55,96395
2026-02-18 11:05:00,11:05:00,41.55,43.0,41.55,42.85,97435
2026-02-18 11:06:00,11:06:00,43.1,43.2,41.85,42.2,134095
2026-02-18 11:07:00,11:07:00,42.2,43.0,41.3,42.0,93600
2026-02-18 11:08:00,11:08:00,41.95,42.45,41.05,41.5,58890
2026-02-18 11:09:00,11:09:00,41.15,41.7,40.65,41.0,70850
2026-02-18 11:10:00,11:10:00,41.05,41.3,40.45,40.9,77155
2026-02-18 11:11:00,11:11:00,41.05,42.2,40.85,42.05,99450
2026-02-18 11:12:00,11:12:00,41.9,44.15,41.75,44.15,150475
2026-02-18 11:13:00,11:13:00,44.2,44.3,42.0,42.55,165295
2026-02-18 11:14:00,11:14:00,42.5,42.55,40.55,41.35,139945
2026-02-18 11:15:00,11:15:00,41.55,42.75,41.0,42.15,92820
2026-02-18 11:16:00,11:16:00,42.1,43.6,42.1,43.2,102895
2026-02-18 11:17:00,11:17:00,43.05,44.6,43.05,43.75,216970
2026-02-18 11:18:00,11:18:00,43.8,43.85,42.1,43.85,126425
2026-02-18 11:19:00,11:19:00,43.8,44.4,42.8,43.25,117910
2026-02-18 11:20:00,11:20:00,43.45,43.8,42.35,42.75,79365
2026-02-18 11:21:00,11:21:00,42.6,43.2,42.05,42.5,61555
2026-02-18 11:22:00,11:22:00,42.3,42.5,41.35,41.7,95810
2026-02-18 11:23:00,11:23:00,41.35,42.65,40.9,42.25,87685
2026-02-18 11:24:00,11:24:00,42.2,44.1,42.2,44.1,97110
2026-02-18 11:25:00,11:25:00,43.6,44.3,43.5,44.1,118495
2026-02-18 11:26:00,11:26:00,44.2,45.6,43.05,43.05,238355
2026-02-18 11:27:00,11:27:00,43.0,43.45,42.2,42.3,115050
2026-02-18 11:28:00,11:28:00,42.1,42.6,41.25,41.6,144430
2026-02-18 11:29:00,11:29:00,41.5,42.1,40.65,41.15,110760
2026-02-18 11:30:00,11:30:00,40.85,43.0,40.85,42.2,110370
2026-02-18 11:31:00,11:31:00,42.1,42.4,41.2,42.1,51025
2026-02-18 11:32:00,11:32:00,42.1,42.2,40.6,41.55,100555
2026-02-18 11:33:00,11:33:00,41.55,41.6,40.0,40.05,124085
2026-02-18 11:34:00,11:34:00,39.35,40.05,36.8,37.8,416455
2026-02-18 11:35:00,11:35:00,37.75,38.65,37.4,37.9,156780
2026-02-18 11:36:00,11:36:00,37.65,39.45,37.55,39.25,145340
2026-02-18 11:37:00,11:37:00,39.3,40.65,39.25,39.85,142025
2026-02-18 11:38:00,11:38:00,39.55,40.3,39.25,40.15,117390
2026-02-18 11:39:00,11:39:00,40.35,41.1,39.85,40.15,97305
2026-02-18 11:40:00,11:40:00,39.9,40.5,39.4,40.45,59085
2026-02-18 11:41:00,11:41:00,40.5,42.7,40.45,42.45,186615
2026-02-18 11:42:00,11:42:00,42.5,44.4,42.45,44.4,276510
2026-02-18 11:43:00,11:43:00,44.25,44.85,43.1,43.45,126165
2026-02-18 11:44:00,11:44:00,43.35,43.5,42.1,42.45,101855
2026-02-18 11:45:00,11:45:00,42.45,43.35,41.8,43.25,96655
2026-02-18 11:46:00,11:46:00,43.3,43.85,42.4,42.45,101855
2026-02-18 11:47:00,11:47:00,42.5,42.95,41.85,42.35,54405
2026-02-18 11:48:00,11:48:00,42.35,43.85,41.9,42.95,65325
2026-02-18 11:49:00,11:49:00,42.85,43.3,42.0,42.15,77870
2026-02-18 11:50:00,11:50:00,41.9,42.15,41.0,41.2,88660
2026-02-18 11:51:00,11:51:00,41.1,42.25,41.1,41.8,80925
2026-02-18 11:52:00,11:52:00,42.0,42.75,41.6,42.55,30225
2026-02-18 11:53:00,11:53:00,42.5,42.65,41.45,41.6,62855
2026-02-18 11:54:00,11:54:00,41.75,42.0,40.15,40.75,100100
2026-02-18 11:55:00,11:55:00,40.55,42.2,40.55,40.6,77740
2026-02-18 11:56:00,11:56:00,40.6,41.3,40.6,40.6,28015
2026-02-18 11:57:00,11:57:00,40.5,41.4,39.95,40.05,65520
2026-02-18 11:58:00,11:58:00,40.15,41.05,39.9,40.9,54665
2026-02-18 11:59:00,11:59:00,40.9,40.9,39.0,39.05,76700
2026-02-18 12:00:00,12:00:00,39.15,39.95,38.45,38.75,123760
2026-02-18 12:01:00,12:01:00,38.25,38.75,37.35,37.35,119015
2026-02-18 12:02:00,12:02:00,37.25,38.8,37.15,38.8,89050
2026-02-18 12:03:00,12:03:00,38.9,39.75,38.6,39.15,96005
2026-02-18 12:04:00,12:04:00,39.3,39.4,38.3,39.1,60645
2026-02-18 12:05:00,12:05:00,38.95,39.45,38.4,38.5,56680
2026-02-18 12:06:00,12:06:00,38.55,38.8,37.9,38.25,52455
2026-02-18 12:07:00,12:07:00,38.1,38.25,37.65,37.8,61490
2026-02-18 12:08:00,12:08:00,37.4,37.8,37.0,37.4,242060
2026-02-18 12:09:00,12:09:00,37.5,37.75,36.9,37.7,73320
2026-02-18 12:10:00,12:10:00,37.8,37.8,37.2,37.7,86580
2026-02-18 12:11:00,12:11:00,37.5,38.3,37.05,37.45,96915
2026-02-18 12:12:00,12:12:00,37.3,38.0,37.05,37.85,64545
2026-02-18 12:13:00,12:13:00,37.95,38.4,37.3,37.6,256425
2026-02-18 12:14:00,12:14:00,37.5,37.6,36.9,37.25,71955
2026-02-18 12:15:00,12:15:00,37.3,37.3,36.55,36.7,111345
2026-02-18 12:16:00,12:16:00,36.6,36.7,35.75,36.3,157820
2026-02-18 12:17:00,12:17:00,36.3,37.6,36.25,37.05,110630
2026-02-18 12:18:00,12:18:00,36.85,37.4,36.45,37.3,71175
2026-02-18 12:19:00,12:19:00,37.05,37.8,36.85,37.8,76830
2026-02-18 12:20:00,12:20:00,37.7,37.8,36.9,37.65,59930
2026-02-18 12:21:00,12:21:00,37.6,37.65,36.45,37.05,55185
2026-02-18 12:22:00,12:22:00,36.95,37.05,36.0,36.7,214630
2026-02-18 12:23:00,12:23:00,36.65,36.9,35.75,35.85,120900
2026-02-18 12:24:00,12:24:00,35.9,35.9,35.05,35.55,107315
2026-02-18 12:25:00,12:25:00,35.25,37.3,34.85,37.2,166400
2026-02-18 12:26:00,12:26:00,37.25,37.85,36.85,37.1,170690
2026-02-18 12:27:00,12:27:00,37.0,37.7,36.5,36.6,69355
2026-02-18 12:28:00,12:28:00,36.3,36.7,35.1,35.1,135135
2026-02-18 12:29:00,12:29:00,35.2,36.1,34.95,36.0,154765
2026-02-18 12:30:00,12:30:00,36.35,36.65,35.6,35.6,52780
2026-02-18 12:31:00,12:31:00,35.6,35.85,35.3,35.3,60905
2026-02-18 12:32:00,12:32:00,35.25,35.65,34.7,35.0,101140
2026-02-18 12:33:00,12:33:00,35.1,35.65,35.0,35.25,93275
2026-02-18 12:34:00,12:34:00,35.2,35.45,34.65,35.35,78715
2026-02-18 12:35:00,12:35:00,42.25,42.45,41.45,42.35,68055
2026-02-18 12:36:00,12:36:00,35.35,35.9,35.05,35.6,60515
2026-02-18 12:37:00,12:37:00,42.75,42.75,41.45,41.8,83590
2026-02-18 12:38:00,12:38:00,41.9,42.35,41.55,41.7,36725
2026-02-18 12:39:00,12:39:00,41.3,42.25,41.2,41.6,62075
2026-02-18 12:40:00,12:40:00,34.8,36.05,34.8,36.0,144170
2026-02-18 12:41:00,12:41:00,36.1,36.9,36.0,36.4,322400
2026-02-18 12:42:00,12:42:00,43.5,43.65,41.85,42.1,69160
2026-02-18 12:43:00,12:43:00,42.0,42.7,41.7,42.15,20280
2026-02-18 12:44:00,12:44:00,42.2,42.8,41.95,42.2,34255
2026-02-18 12:45:00,12:45:00,35.2,35.85,34.9,35.7,65780
2026-02-18 12:46:00,12:46:00,42.8,42.85,41.85,42.15,24310
2026-02-18 12:47:00,12:47:00,41.95,42.85,41.75,42.6,19305
2026-02-18 12:48:00,12:48:00,35.55,36.0,35.35,35.95,40690
2026-02-18 12:49:00,12:49:00,36.05,36.8,35.7,36.8,88855
2026-02-18 12:50:00,12:50:00,36.85,36.85,36.1,36.1,305435
2026-02-18 12:51:00,12:51:00,36.15,36.75,35.9,36.7,67730
2026-02-18 12:52:00,12:52:00,36.7,36.7,35.85,36.0,38480
2026-02-18 12:53:00,12:53:00,43.0,43.0,41.5,41.8,76375
2026-02-18 12:54:00,12:54:00,41.6,42.25,41.4,42.2,42510
2026-02-18 12:55:00,12:55:00,35.35,35.65,35.0,35.65,95550
2026-02-18 12:56:00,12:56:00,35.8,35.8,34.95,34.95,74555
2026-02-18 12:57:00,12:57:00,41.7,41.95,41.1,41.65,145925
2026-02-18 12:58:00,12:58:00,41.65,41.75,40.25,40.6,65715
2026-02-18 12:59:00,12:59:00,40.65,41.1,40.05,40.15,77285
2026-02-18 13:00:00,13:00:00,40.2,40.75,39.65,40.0,60060
2026-02-18 13:01:00,13:01:00,39.75,40.0,38.85,39.9,125190
2026-02-18 13:02:00,13:02:00,39.75,41.85,39.75,41.85,101010
2026-02-18 13:03:00,13:03:00,41.85,43.1,41.75,41.75,74295
2026-02-18 13:04:00,13:04:00,41.7,41.75,40.0,40.05,99450
2026-02-18 13:05:00,13:05:00,40.15,40.5,39.7,40.05,72150
2026-02-18 13:06:00,13:06:00,40.1,40.85,39.95,40.65,58370
2026-02-18 13:07:00,13:07:00,40.55,41.25,40.5,41.05,31590
2026-02-18 13:08:00,13:08:00,41.05,41.35,40.6,41.1,57005
2026-02-18 13:09:00,13:09:00,41.1,41.35,40.9,40.95,28925
2026-02-18 13:10:00,13:10:00,34.15,35.85,34.1,35.85,96525
2026-02-18 13:11:00,13:11:00,35.75,36.15,35.05,35.15,167115
2026-02-18 13:12:00,13:12:00,41.9,42.3,41.0,41.0,54665
2026-02-18 13:13:00,13:13:00,40.85,41.7,40.85,41.5,28210
2026-02-18 13:14:00,13:14:00,41.35,41.5,40.45,40.45,26325
2026-02-18 13:15:00,13:15:00,40.35,40.65,39.5,39.85,94445
2026-02-18 13:16:00,13:16:00,39.8,40.45,39.5,40.35,156325
2026-02-18 13:17:00,13:17:00,40.3,41.45,40.3,40.8,99385
2026-02-18 13:18:00,13:18:00,40.65,40.8,40.1,40.25,52715
2026-02-18 13:19:00,13:19:00,40.3,40.4,39.6,40.0,94510
2026-02-18 13:20:00,13:20:00,39.95,40.25,39.6,40.0,36660
2026-02-18 13:21:00,13:21:00,39.95,40.5,39.45,40.5,34255
2026-02-18 13:22:00,13:22:00,40.35,40.9,39.95,40.1,61685
2026-02-18 13:23:00,13:23:00,40.15,40.15,38.85,38.85,74620
2026-02-18 13:24:00,13:24:00,38.85,40.4,38.85,40.2,81445
2026-02-18 13:25:00,13:25:00,40.15,41.25,40.0,41.25,71110
2026-02-18 13:26:00,13:26:00,41.1,41.25,40.3,40.5,294255
2026-02-18 13:27:00,13:27:00,40.45,41.3,40.4,41.25,50570
2026-02-18 13:28:00,13:28:00,34.45,35.2,34.45,35.2,194675
2026-02-18 13:29:00,13:29:00,41.85,42.15,40.95,40.95,76765
2026-02-18 13:30:00,13:30:00,40.9,41.6,40.85,41.55,37570
2026-02-18 13:31:00,13:31:00,41.55,41.55,40.55,41.3,38480
2026-02-18 13:32:00,13:32:00,41.25,42.1,40.7,41.8,32825
2026-02-18 13:33:00,13:33:00,41.5,41.95,41.0,41.6,19175
2026-02-18 13:34:00,13:34:00,41.45,41.6,41.05,41.6,43030
2026-02-18 13:35:00,13:35:00,41.25,41.6,40.85,41.35,43810
2026-02-18 13:36:00,13:36:00,34.6,35.5,34.55,35.45,84890
2026-02-18 13:37:00,13:37:00,35.5,36.0,34.85,36.0,68510
2026-02-18 13:38:00,13:38:00,42.85,42.85,41.7,41.75,47190
2026-02-18 13:39:00,13:39:00,34.85,35.8,34.75,35.75,54795
2026-02-18 13:40:00,13:40:00,42.5,42.55,41.45,41.5,46215
2026-02-18 13:41:00,13:41:00,34.95,35.45,34.75,35.3,54275
2026-02-18 13:42:00,13:42:00,35.3,36.25,35.15,36.2,86255
2026-02-18 13:43:00,13:43:00,36.25,36.35,35.55,36.2,75400
2026-02-18 13:44:00,13:44:00,36.1,36.2,34.9,35.3,103025
2026-02-18 13:45:00,13:45:00,41.7,41.8,40.1,40.25,134940
2026-02-18 13:46:00,13:46:00,40.25,41.0,39.8,40.45,101790
2026-02-18 13:47:00,13:47:00,40.25,41.5,40.05,41.0,105365
2026-02-18 13:48:00,13:48:00,41.1,41.35,39.35,39.75,37245
2026-02-18 13:49:00,13:49:00,39.6,40.5,39.45,40.1,133185
2026-02-18 13:50:00,13:50:00,40.1,40.35,39.85,39.95,27365
2026-02-18 13:51:00,13:51:00,39.85,40.2,39.75,39.95,43810
2026-02-18 13:52:00,13:52:00,39.95,41.7,39.35,41.65,80990
2026-02-18 13:53:00,13:53:00,35.0,37.45,34.95,36.8,241670
2026-02-18 13:54:00,13:54:00,36.85,38.35,36.7,38.35,415675
2026-02-18 13:55:00,13:55:00,38.4,39.0,37.5,38.05,314795
2026-02-18 13:56:00,13:56:00,38.15,38.75,37.15,37.15,159380
2026-02-18 13:57:00,13:57:00,37.05,37.2,36.2,36.5,161655
2026-02-18 13:58:00,13:58:00,36.55,36.55,35.15,35.55,123825
2026-02-18 13:59:00,13:59:00,35.55,36.2,35.15,35.5,76180
2026-02-18 14:00:00,14:00:00,42.3,42.75,41.55,42.45,42185
2026-02-18 14:01:00,14:01:00,35.7,36.4,35.6,36.2,66820
2026-02-18 14:02:00,14:02:00,36.1,36.5,35.75,35.75,65715
2026-02-18 14:03:00,14:03:00,35.65,35.75,34.85,35.05,137735
2026-02-18 14:04:00,14:04:00,41.5,42.4,41.5,41.55,44395
2026-02-18 14:05:00,14:05:00,41.25,41.65,40.35,40.7,83070
2026-02-18 14:06:00,14:06:00,40.9,41.35,40.7,41.25,45825
2026-02-18 14:07:00,14:07:00,41.25,41.35,40.55,40.55,38610
2026-02-18 14:08:00,14:08:00,40.5,40.75,40.0,40.05,74425
2026-02-18 14:09:00,14:09:00,40.2,40.75,39.85,40.2,30225
2026-02-18 14:10:00,14:10:00,40.15,40.3,39.7,39.7,63050
2026-02-18 14:11:00,14:11:00,39.95,40.0,38.1,38.3,120770
2026-02-18 14:12:00,14:12:00,38.5,38.55,37.35,37.35,179010
2026-02-18 14:13:00,14:13:00,37.3,37.85,37.25,37.8,118430
2026-02-18 14:14:00,14:14:00,37.8,37.9,37.35,37.35,66690
2026-02-18 14:15:00,14:15:00,37.25,37.8,37.05,37.8,87555
2026-02-18 14:16:00,14:16:00,38.0,38.7,37.8,38.25,113815
2026-02-18 14:17:00,14:17:00,38.15,38.25,37.3,37.45,49010
2026-02-18 14:18:00,14:18:00,37.3,37.7,37.1,37.25,70590
2026-02-18 14:19:00,14:19:00,37.2,37.5,36.25,36.4,152425
2026-02-18 14:20:00,14:20:00,43.05,43.3,42.35,42.4,413140
2026-02-18 14:21:00,14:21:00,42.15,42.6,42.0,42.45,474370
2026-02-18 14:22:00,14:22:00,42.5,42.6,41.75,42.5,542750
2026-02-18 14:23:00,14:23:00,42.5,42.5,41.05,41.85,441675
2026-02-18 14:24:00,14:24:00,41.7,42.4,41.55,42.35,404235
2026-02-18 14:25:00,14:25:00,42.1,42.85,42.1,42.85,289185
2026-02-18 14:26:00,14:26:00,42.8,42.9,41.55,41.55,334815
2026-02-18 14:27:00,14:27:00,41.55,41.55,40.95,41.45,309140
2026-02-18 14:28:00,14:28:00,41.35,42.15,41.15,42.15,168350
2026-02-18 14:29:00,14:29:00,42.0,42.45,42.0,42.35,177970
2026-02-18 14:30:00,14:30:00,42.4,42.7,42.0,42.7,175890
2026-02-18 14:31:00,14:31:00,42.75,43.25,42.45,42.9,365365
2026-02-18 14:32:00,14:32:00,42.85,42.9,41.85,42.05,198575
2026-02-18 14:33:00,14:33:00,41.85,42.1,41.3,41.8,535145
2026-02-18 14:34:00,14:34:00,41.8,43.05,41.7,42.75,219245
2026-02-18 14:35:00,14:35:00,42.8,42.95,42.25,42.45,228540
2026-02-18 14:36:00,14:36:00,42.45,42.45,41.85,42.2,230035
2026-02-18 14:37:00,14:37:00,42.2,42.75,42.15,42.7,105950
2026-02-18 14:38:00,14:38:00,42.6,43.2,42.5,42.8,207025
2026-02-18 14:39:00,14:39:00,42.85,43.0,42.7,42.8,91715
2026-02-18 14:40:00,14:40:00,42.75,43.0,42.6,42.9,96980
2026-02-18 14:41:00,14:41:00,42.85,42.9,42.4,42.65,83525
2026-02-18 14:42:00,14:42:00,42.45,43.1,42.45,42.95,119080
2026-02-18 14:43:00,14:43:00,42.85,43.25,42.6,43.0,220025
2026-02-18 14:44:00,14:44:00,43.05,43.35,42.7,43.35,167115
2026-02-18 14:45:00,14:45:00,43.35,44.1,43.15,43.8,264680
2026-02-18 14:46:00,14:46:00,36.9,37.5,36.85,37.35,46735
2026-02-18 14:47:00,14:47:00,44.3,44.35,43.55,44.15,163735
2026-02-18 14:48:00,14:48:00,43.9,44.8,43.75,43.9,276120
2026-02-18 14:49:00,14:49:00,43.85,44.2,43.35,43.35,121550
2026-02-18 14:50:00,14:50:00,43.25,43.5,42.8,42.9,145015
2026-02-18 14:51:00,14:51:00,42.8,43.35,42.35,42.35,184860
2026-02-18 14:52:00,14:52:00,42.25,43.35,42.25,42.85,136110
2026-02-18 14:53:00,14:53:00,42.7,43.2,42.35,43.15,81835
2026-02-18 14:54:00,14:54:00,43.25,43.35,42.6,42.6,68575
2026-02-18 14:55:00,14:55:00,42.7,42.8,42.05,42.2,87360
2026-02-18 14:56:00,14:56:00,42.4,42.6,41.75,42.2,166790
2026-02-18 14:57:00,14:57:00,42.15,42.25,41.65,42.0,118105
2026-02-18 14:58:00,14:58:00,41.95,42.5,41.65,42.25,96590
2026-02-18 14:59:00,14:59:00,42.2,42.75,42.1,42.4,126360
2026-02-18 15:00:00,15:00:00,41.3,42.4,38.55,38.8,883220
2026-02-18 15:01:00,15:01:00,45.6,46.65,45.55,45.85,163995
2026-02-18 15:02:00,15:02:00,38.8,40.65,38.7,39.75,320385
2026-02-18 15:03:00,15:03:00,39.65,40.2,39.55,39.85,143650
2026-02-18 15:04:00,15:04:00,39.9,40.1,39.4,39.75,192140
2026-02-18 15:05:00,15:05:00,39.8,40.35,39.7,40.35,167765
2026-02-18 15:06:00,15:06:00,40.4,40.55,39.9,40.15,196495
2026-02-18 15:07:00,15:07:00,39.85,40.15,39.4,39.5,160875
2026-02-18 15:08:00,15:08:00,39.7,40.3,39.5,39.95,184990
2026-02-18 15:09:00,15:09:00,47.1,47.4,46.15,46.15,115700
2026-02-18 15:10:00,15:10:00,46.35,47.0,46.15,46.75,66495
2026-02-18 15:11:00,15:11:00,39.75,40.0,39.25,39.6,111020
2026-02-18 15:12:00,15:12:00,39.7,39.75,39.4,39.55,93730
2026-02-18 15:13:00,15:13:00,39.55,39.9,39.55,39.8,121095
2026-02-18 15:14:00,15:14:00,39.85,40.25,39.75,39.8,186160
2026-02-18 15:15:00,15:15:00,40.0,40.45,39.3,39.6,329875
2026-02-18 15:16:00,15:16:00,39.75,40.25,39.6,39.8,261755
2026-02-18 15:17:00,15:17:00,39.9,40.15,39.8,39.95,202865
2026-02-18 15:18:00,15:18:00,47.2,47.5,47.0,47.15,72085
2026-02-18 15:19:00,15:19:00,40.0,41.1,39.9,40.8,301925
2026-02-18 15:20:00,15:20:00,40.8,41.9,40.8,41.85,243165
2026-02-18 15:21:00,15:21:00,41.85,42.4,41.85,42.2,320255
2026-02-18 15:22:00,15:22:00,42.2,42.2,41.0,41.8,251550
2026-02-18 15:23:00,15:23:00,41.85,42.25,41.7,42.15,173615
2026-02-18 15:24:00,15:24:00,42.2,42.3,41.45,42.3,259285
2026-02-18 15:25:00,15:25:00,42.3,42.3,41.6,41.75,268320
2026-02-18 15:26:00,15:26:00,41.7,41.8,40.0,40.85,272740
2026-02-18 15:27:00,15:27:00,40.8,41.45,40.8,41.0,243100
2026-02-18 15:28:00,15:28:00,41.15,41.55,40.6,41.45,370955
2026-02-18 15:29:00,15:29:00,41.4,41.55,40.55,40.75,315250
2026-02-19 09:15:00,09:15:00,37.4,37.4,27.1,29.9,1196455
2026-02-19 09:16:00,09:16:00,29.35,30.95,27.65,28.3,810615
2026-02-19 09:17:00,09:17:00,28.35,29.0,26.1,26.15,504725
2026-02-19 09:18:00,09:18:00,26.8,27.55,26.15,27.0,483730
2026-02-19 09:19:00,09:19:00,27.45,27.55,26.3,27.45,730015
2026-02-19 09:20:00,09:20:00,27.5,27.85,25.4,25.4,976885
2026-02-19 09:21:00,09:21:00,25.1,25.75,24.7,25.4,535925
2026-02-19 09:22:00,09:22:00,25.4,25.8,25.15,25.75,694850
2026-02-19 09:23:00,09:23:00,25.9,27.45,25.7,25.85,336830
2026-02-19 09:24:00,09:24:00,26.15,27.6,25.85,27.6,325910
2026-02-19 09:25:00,09:25:00,27.95,29.4,27.6,29.05,743080
2026-02-19 09:26:00,09:26:00,29.7,30.55,29.05,30.55,484120
2026-02-19 09:27:00,09:27:00,30.7,31.45,29.2,30.0,465140
2026-02-19 09:28:00,09:28:00,24.8,26.6,24.6,26.45,116415
2026-02-19 09:29:00,09:29:00,26.35,26.65,25.5,26.2,92300
2026-02-19 09:30:00,09:30:00,26.2,28.0,25.75,27.8,151710
2026-02-19 09:31:00,09:31:00,27.65,28.1,26.55,27.7,125840
2026-02-19 09:32:00,09:32:00,27.65,28.3,26.55,27.3,113035
2026-02-19 09:33:00,09:33:00,27.1,27.45,26.45,26.95,76895
2026-02-19 09:34:00,09:34:00,27.2,27.55,26.5,27.15,63895
2026-02-19 09:35:00,09:35:00,27.3,27.3,25.85,26.6,97890
2026-02-19 09:36:00,09:36:00,26.7,27.35,26.1,27.15,45045
2026-02-19 09:37:00,09:37:00,26.8,31.8,26.65,31.0,274755
2026-02-19 09:38:00,09:38:00,31.15,32.75,30.45,32.55,249990
2026-02-19 09:39:00,09:39:00,32.75,32.95,30.0,30.55,346190
2026-02-19 09:40:00,09:40:00,30.5,31.4,29.9,30.95,493545
2026-02-19 09:41:00,09:41:00,31.25,31.5,29.85,29.85,183430
2026-02-19 09:42:00,09:42:00,29.8,31.0,29.5,30.6,87945
2026-02-19 09:43:00,09:43:00,30.65,31.25,29.75,30.75,67145
2026-02-19 09:44:00,09:44:00,30.6,31.15,30.05,30.95,74490
2026-02-19 09:45:00,09:45:00,30.95,31.55,30.25,30.3,90220
2026-02-19 09:46:00,09:46:00,30.25,31.0,29.55,29.7,60255
2026-02-19 09:47:00,09:47:00,29.35,29.8,28.45,28.65,122200
2026-02-19 09:48:00,09:48:00,28.65,28.7,27.4,28.35,132145
2026-02-19 09:49:00,09:49:00,27.9,28.35,27.0,27.35,55250
2026-02-19 09:50:00,09:50:00,27.4,29.05,27.35,29.0,115960
2026-02-19 09:51:00,09:51:00,28.75,30.6,28.45,30.35,96005
2026-02-19 09:52:00,09:52:00,30.55,31.45,29.15,31.2,89960
2026-02-19 09:53:00,09:53:00,31.25,32.15,30.6,31.05,81315
2026-02-19 09:54:00,09:54:00,30.85,32.2,30.3,31.8,85020
2026-02-19 09:55:00,09:55:00,31.75,31.85,30.7,30.85,36920
2026-02-19 09:56:00,09:56:00,31.05,32.3,30.75,31.05,60515
2026-02-19 09:57:00,09:57:00,31.5,31.55,30.6,31.3,42900
2026-02-19 09:58:00,09:58:00,26.35,27.8,26.3,26.9,210535
2026-02-19 09:59:00,09:59:00,27.1,27.2,26.45,26.6,115440
2026-02-19 10:00:00,10:00:00,26.5,27.3,25.6,26.9,138385
2026-02-19 10:01:00,10:01:00,26.75,27.35,25.8,27.2,163670
2026-02-19 10:02:00,10:02:00,27.3,27.85,26.95,27.05,245440
2026-02-19 10:03:00,10:03:00,31.8,32.05,29.85,30.0,92885
2026-02-19 10:04:00,10:04:00,30.3,30.7,29.3,29.3,57395
2026-02-19 10:05:00,10:05:00,29.35,29.95,29.05,29.1,49465
2026-02-19 10:06:00,10:06:00,29.35,29.85,29.1,29.4,47645
2026-02-19 10:07:00,10:07:00,29.55,31.35,29.4,30.7,80405
2026-02-19 10:08:00,10:08:00,30.5,31.7,30.1,30.45,51155
2026-02-19 10:09:00,10:09:00,30.1,31.55,29.9,30.95,60710
2026-02-19 10:10:00,10:10:00,31.2,31.8,30.6,31.4,37635
2026-02-19 10:11:00,10:11:00,26.55,28.4,26.35,27.1,190190
2026-02-19 10:12:00,10:12:00,26.85,28.4,26.65,27.85,120445
2026-02-19 10:13:00,10:13:00,27.9,28.9,27.4,28.9,136175
2026-02-19 10:14:00,10:14:00,28.8,32.8,28.8,31.5,449930
2026-02-19 10:15:00,10:15:00,31.35,32.05,30.9,31.4,331240
2026-02-19 10:16:00,10:16:00,31.65,31.9,30.1,30.65,280540
2026-02-19 10:17:00,10:17:00,30.75,31.1,29.9,30.4,144755
2026-02-19 10:18:00,10:18:00,30.3,30.4,29.25,29.55,297440
2026-02-19 10:19:00,10:19:00,29.5,31.3,29.4,31.3,130585
2026-02-19 10:20:00,10:20:00,31.45,32.65,31.2,32.65,199745
2026-02-19 10:21:00,10:21:00,32.9,33.35,31.7,32.85,249015
2026-02-19 10:22:00,10:22:00,33.0,33.75,31.85,32.15,320450
2026-02-19 10:23:00,10:23:00,31.9,32.15,30.65,30.65,142350
2026-02-19 10:24:00,10:24:00,30.65,31.95,30.55,31.45,102310
2026-02-19 10:25:00,10:25:00,31.5,32.3,31.1,32.3,139880
2026-02-19 10:26:00,10:26:00,32.05,33.35,31.85,33.0,249795
2026-02-19 10:27:00,10:27:00,32.85,36.0,32.8,34.65,449020
2026-02-19 10:28:00,10:28:00,34.7,36.0,34.05,34.3,239980
2026-02-19 10:29:00,10:29:00,34.05,34.3,32.65,33.15,255840
2026-02-19 10:30:00,10:30:00,33.3,35.15,33.15,34.8,231595
2026-02-19 10:31:00,10:31:00,34.9,35.15,33.15,33.45,218660
2026-02-19 10:32:00,10:32:00,33.45,33.65,32.7,33.2,89700
2026-02-19 10:33:00,10:33:00,33.15,34.45,32.65,34.4,69875
2026-02-19 10:34:00,10:34:00,34.35,36.8,34.15,35.9,200980
2026-02-19 10:35:00,10:35:00,35.95,36.75,34.7,35.85,239720
2026-02-19 10:36:00,10:36:00,35.65,37.75,35.55,36.9,290875
2026-02-19 10:37:00,10:37:00,31.45,35.5,31.45,35.5,338000
2026-02-19 10:38:00,10:38:00,35.3,36.4,34.15,34.5,331500
2026-02-19 10:39:00,10:39:00,34.65,36.25,34.5,36.25,127725
2026-02-19 10:40:00,10:40:00,36.2,37.95,34.85,35.4,319150
2026-02-19 10:41:00,10:41:00,41.8,41.85,39.3,39.5,256490
2026-02-19 10:42:00,10:42:00,39.65,41.4,39.3,40.1,174590
2026-02-19 10:43:00,10:43:00,40.1,40.15,37.6,38.2,189215
2026-02-19 10:44:00,10:44:00,38.05,38.85,37.3,38.55,112385
2026-02-19 10:45:00,10:45:00,38.55,40.75,38.15,40.0,203190
2026-02-19 10:46:00,10:46:00,39.5,40.85,39.2,39.65,121420
2026-02-19 10:47:00,10:47:00,33.8,34.75,33.1,34.7,59995
2026-02-19 10:48:00,10:48:00,34.65,34.8,33.95,34.45,54665
2026-02-19 10:49:00,10:49:00,34.4,34.6,32.5,33.3,51610
2026-02-19 10:50:00,10:50:00,33.1,33.9,33.05,33.3,29575
2026-02-19 10:51:00,10:51:00,39.25,39.3,37.45,37.95,96200
2026-02-19 10:52:00,10:52:00,38.15,38.55,37.0,37.1,66300
2026-02-19 10:53:00,10:53:00,37.1,38.7,36.55,37.35,108160
2026-02-19 10:54:00,10:54:00,37.2,37.95,36.0,36.45,129675
2026-02-19 10:55:00,10:55:00,36.45,37.95,36.25,37.85,68965
2026-02-19 10:56:00,10:56:00,32.3,33.05,31.75,32.35,52715
2026-02-19 10:57:00,10:57:00,38.25,38.4,36.2,36.8,162825
2026-02-19 10:58:00,10:58:00,36.8,36.85,34.9,34.9,139685
2026-02-19 10:59:00,10:59:00,34.9,35.4,34.35,35.4,153790
2026-02-19 11:00:00,11:00:00,35.6,36.15,34.35,34.35,101400
2026-02-19 11:01:00,11:01:00,34.5,35.55,33.2,35.15,158665
2026-02-19 11:02:00,11:02:00,35.3,37.0,35.1,37.0,131300
2026-02-19 11:03:00,11:03:00,37.05,37.05,34.8,34.95,177125
2026-02-19 11:04:00,11:04:00,34.8,35.4,33.7,34.85,190710
2026-02-19 11:05:00,11:05:00,35.0,36.05,34.4,35.9,312195
2026-02-19 11:06:00,11:06:00,36.1,36.4,34.4,34.45,64220
2026-02-19 11:07:00,11:07:00,34.45,34.45,32.75,32.85,195520
2026-02-19 11:08:00,11:08:00,32.85,34.3,32.5,34.3,95485
2026-02-19 11:09:00,11:09:00,34.3,35.6,34.3,35.0,180375
2026-02-19 11:10:00,11:10:00,35.05,35.3,33.75,34.05,140725
2026-02-19 11:11:00,11:11:00,34.0,34.3,33.3,34.3,59995
2026-02-19 11:12:00,11:12:00,34.3,34.45,33.45,33.75,56420
2026-02-19 11:13:00,11:13:00,28.5,30.95,28.15,30.95,58760
2026-02-19 11:14:00,11:14:00,30.55,31.55,30.2,31.15,73970
2026-02-19 11:15:00,11:15:00,31.15,31.65,30.3,31.45,77935
2026-02-19 11:16:00,11:16:00,31.2,32.6,31.2,32.1,91585
2026-02-19 11:17:00,11:17:00,32.2,32.25,30.35,30.65,77025
2026-02-19 11:18:00,11:18:00,30.7,32.9,30.65,32.6,71760
2026-02-19 11:19:00,11:19:00,32.65,33.1,31.9,32.75,59215
2026-02-19 11:20:00,11:20:00,32.9,33.2,31.9,32.15,57135
2026-02-19 11:21:00,11:21:00,32.15,33.15,31.6,32.75,46475
2026-02-19 11:22:00,11:22:00,32.75,34.05,32.25,34.05,69095
2026-02-19 11:23:00,11:23:00,33.65,36.5,33.05,36.5,205985
2026-02-19 11:24:00,11:24:00,35.85,38.35,35.6,37.6,336765
2026-02-19 11:25:00,11:25:00,37.55,37.6,35.5,35.5,235755
2026-02-19 11:26:00,11:26:00,35.5,36.55,35.2,35.5,110305
2026-02-19 11:27:00,11:27:00,35.6,37.95,35.5,37.1,111475
2026-02-19 11:28:00,11:28:00,36.85,37.1,35.2,35.95,192920
2026-02-19 11:29:00,11:29:00,36.25,36.45,35.1,36.4,53560
2026-02-19 11:30:00,11:30:00,36.75,37.25,35.65,36.85,100100
2026-02-19 11:31:00,11:31:00,37.2,37.25,36.0,36.0,132860
2026-02-19 11:32:00,11:32:00,36.05,36.6,35.35,36.1,68835
2026-02-19 11:33:00,11:33:00,35.95,36.3,35.35,35.35,49465
2026-02-19 11:34:00,11:34:00,35.1,36.85,35.1,36.15,27625
2026-02-19 11:35:00,11:35:00,36.3,37.95,36.15,36.8,76375
2026-02-19 11:36:00,11:36:00,36.85,40.4,36.65,38.5,267865
2026-02-19 11:37:00,11:37:00,38.55,39.0,37.5,38.15,104715
2026-02-19 11:38:00,11:38:00,38.2,38.25,37.05,37.95,46800
2026-02-19 11:39:00,11:39:00,37.9,37.95,35.95,36.7,61165
2026-02-19 11:40:00,11:40:00,36.8,37.45,36.15,36.65,55185
2026-02-19 11:41:00,11:41:00,36.6,39.25,36.6,39.0,66430
2026-02-19 11:42:00,11:42:00,32.9,34.8,32.4,34.8,159185
2026-02-19 11:43:00,11:43:00,40.65,41.3,38.0,38.45,95940
2026-02-19 11:44:00,11:44:00,38.5,39.0,37.65,38.35,56485
2026-02-19 11:45:00,11:45:00,32.4,33.65,31.95,33.5,102505
2026-02-19 11:46:00,11:46:00,33.5,35.65,33.4,35.45,293995
2026-02-19 11:47:00,11:47:00,35.2,35.5,33.0,34.5,260195
2026-02-19 11:48:00,11:48:00,34.5,37.1,34.15,35.25,383435
2026-02-19 11:49:00,11:49:00,35.0,35.35,34.45,35.2,116415
2026-02-19 11:50:00,11:50:00,35.1,36.75,35.1,36.1,309790
2026-02-19 11:51:00,11:51:00,36.1,38.3,35.85,37.15,225940
2026-02-19 11:52:00,11:52:00,36.95,37.9,36.2,37.65,126880
2026-02-19 11:53:00,11:53:00,37.45,38.7,36.8,37.5,179075
2026-02-19 11:54:00,11:54:00,37.55,38.25,36.55,37.7,139880
2026-02-19 11:55:00,11:55:00,37.75,37.8,36.1,36.3,131885
2026-02-19 11:56:00,11:56:00,36.45,38.65,36.3,38.65,103675
2026-02-19 11:57:00,11:57:00,38.85,38.85,37.7,38.3,218855
2026-02-19 11:58:00,11:58:00,38.4,38.45,36.7,37.15,195260
2026-02-19 11:59:00,11:59:00,37.35,37.35,35.75,36.8,113815
2026-02-19 12:00:00,12:00:00,37.05,38.3,36.5,38.15,142480
2026-02-19 12:01:00,12:01:00,37.9,43.4,37.9,41.85,619515
2026-02-19 12:02:00,12:02:00,41.7,42.35,39.05,40.15,247390
2026-02-19 12:03:00,12:03:00,40.1,41.35,38.9,39.35,257595
2026-02-19 12:04:00,12:04:00,39.4,41.05,38.85,40.4,108680
2026-02-19 12:05:00,12:05:00,40.1,41.45,39.75,40.2,170040
2026-02-19 12:06:00,12:06:00,40.35,40.65,39.05,40.25,109005
2026-02-19 12:07:00,12:07:00,40.15,41.45,39.8,41.45,103025
2026-02-19 12:08:00,12:08:00,41.8,43.4,41.05,42.2,259415
2026-02-19 12:09:00,12:09:00,42.4,46.65,42.2,46.65,340275
2026-02-19 12:10:00,12:10:00,47.1,49.7,46.65,48.65,479245
2026-02-19 12:11:00,12:11:00,41.35,43.75,41.35,43.75,175695
2026-02-19 12:12:00,12:12:00,44.9,46.8,43.75,45.7,252785
2026-02-19 12:13:00,12:13:00,45.4,48.6,45.0,47.15,161330
2026-02-19 12:14:00,12:14:00,47.3,47.6,44.5,46.9,153010
2026-02-19 12:15:00,12:15:00,48.1,49.5,46.9,47.05,266565
2026-02-19 12:16:00,12:16:00,47.45,49.05,46.15,48.3,143975
2026-02-19 12:17:00,12:17:00,48.3,49.9,46.5,46.5,182845
2026-02-19 12:18:00,12:18:00,46.6,46.6,41.85,42.4,216580
2026-02-19 12:19:00,12:19:00,42.45,43.45,41.5,42.0,92950
2026-02-19 12:20:00,12:20:00,42.3,42.7,39.8,40.2,150930
2026-02-19 12:21:00,12:21:00,47.1,47.1,43.9,44.5,262340
2026-02-19 12:22:00,12:22:00,44.6,46.3,44.3,46.3,187395
2026-02-19 12:23:00,12:23:00,46.75,47.15,44.15,44.9,157885
2026-02-19 12:24:00,12:24:00,44.85,45.15,43.05,45.0,110045
2026-02-19 12:25:00,12:25:00,45.7,46.5,44.6,45.15,135265
2026-02-19 12:26:00,12:26:00,38.6,40.25,38.25,38.6,70785
2026-02-19 12:27:00,12:27:00,38.7,39.35,37.55,38.6,62010
2026-02-19 12:28:00,12:28:00,45.05,45.2,43.15,43.2,84110
2026-02-19 12:29:00,12:29:00,43.2,44.2,41.7,44.05,99840
2026-02-19 12:30:00,12:30:00,43.6,44.25,42.85,43.35,93990
2026-02-19 12:31:00,12:31:00,36.9,37.7,35.95,37.1,28535
2026-02-19 12:32:00,12:32:00,37.25,39.0,36.9,38.9,52130
2026-02-19 12:33:00,12:33:00,38.9,39.75,38.3,39.65,53365
2026-02-19 12:34:00,12:34:00,39.5,39.95,37.2,38.1,65845
2026-02-19 12:35:00,12:35:00,38.25,38.6,37.1,37.55,115115
2026-02-19 12:36:00,12:36:00,37.65,39.1,37.55,39.05,53755
2026-02-19 12:37:00,12:37:00,39.2,40.0,38.6,39.6,46345
2026-02-19 12:38:00,12:38:00,39.75,41.1,39.45,41.05,71175
2026-02-19 12:39:00,12:39:00,42.2,44.3,40.95,44.1,149240
2026-02-19 12:40:00,12:40:00,44.4,44.4,41.6,44.4,116935
2026-02-19 12:41:00,12:41:00,44.6,48.35,43.5,46.05,183560
2026-02-19 12:42:00,12:42:00,46.15,47.95,45.95,47.9,156325
2026-02-19 12:43:00,12:43:00,41.25,43.95,41.0,43.95,336700
2026-02-19 12:44:00,12:44:00,51.45,51.55,47.95,48.85,127010
2026-02-19 12:45:00,12:45:00,48.35,49.65,48.15,48.15,105430
2026-02-19 12:46:00,12:46:00,48.8,48.85,47.35,47.7,82355
2026-02-19 12:47:00,12:47:00,40.55,41.2,39.8,41.2,200720
2026-02-19 12:48:00,12:48:00,41.55,42.55,40.05,41.4,152620
2026-02-19 12:49:00,12:49:00,48.05,48.8,44.75,45.15,113360
2026-02-19 12:50:00,12:50:00,44.55,47.1,44.1,46.45,117650
2026-02-19 12:51:00,12:51:00,46.55,46.8,43.9,43.9,57395
2026-02-19 12:52:00,12:52:00,43.95,43.95,42.0,42.0,146445
2026-02-19 12:53:00,12:53:00,42.0,43.0,40.65,43.0,101595
2026-02-19 12:54:00,12:54:00,42.9,44.25,42.4,43.65,66820
2026-02-19 12:55:00,12:55:00,42.9,43.65,41.45,41.75,48620
2026-02-19 12:56:00,12:56:00,41.65,43.1,41.6,43.0,31850
2026-02-19 12:57:00,12:57:00,43.0,43.65,42.4,42.8,36985
2026-02-19 12:58:00,12:58:00,42.65,43.75,42.65,43.1,27365
2026-02-19 12:59:00,12:59:00,43.2,43.65,42.0,42.1,48750
2026-02-19 13:00:00,13:00:00,42.2,44.25,42.1,43.5,74230
2026-02-19 13:01:00,13:01:00,43.15,43.5,41.65,43.3,37765
2026-02-19 13:02:00,13:02:00,43.5,43.65,42.3,43.15,23205
2026-02-19 13:03:00,13:03:00,43.15,43.2,41.75,42.4,22880
2026-02-19 13:04:00,13:04:00,42.4,42.4,40.75,41.0,57395
2026-02-19 13:05:00,13:05:00,40.65,41.0,39.3,39.35,47255
2026-02-19 13:06:00,13:06:00,39.1,40.7,38.8,39.5,121290
2026-02-19 13:07:00,13:07:00,39.85,40.65,38.6,39.2,59345
2026-02-19 13:08:00,13:08:00,39.2,39.8,37.55,37.7,72930
2026-02-19 13:09:00,13:09:00,44.3,44.3,42.2,42.2,181805
2026-02-19 13:10:00,13:10:00,42.35,43.25,42.05,42.5,102050
2026-02-19 13:11:00,13:11:00,36.15,36.7,35.75,36.6,26910
2026-02-19 13:12:00,13:12:00,36.6,39.0,36.6,38.95,188305
2026-02-19 13:13:00,13:13:00,38.9,39.15,37.5,38.65,79235
2026-02-19 13:14:00,13:14:00,38.75,38.8,37.9,38.8,29120
2026-02-19 13:15:00,13:15:00,38.75,41.65,38.75,41.65,91390
2026-02-19 13:16:00,13:16:00,41.5,42.8,41.0,42.8,63115
2026-02-19 13:17:00,13:17:00,42.35,42.8,40.75,41.95,51480
2026-02-19 13:18:00,13:18:00,41.95,42.25,40.7,41.15,23010
2026-02-19 13:19:00,13:19:00,40.95,41.5,40.6,41.45,37245
2026-02-19 13:20:00,13:20:00,41.5,42.15,40.3,40.4,31070
2026-02-19 13:21:00,13:21:00,47.45,47.5,44.75,44.9,142740
2026-02-19 13:22:00,13:22:00,45.0,45.8,43.8,43.8,97890
2026-02-19 13:23:00,13:23:00,43.9,44.6,43.4,43.5,217945
2026-02-19 13:24:00,13:24:00,43.5,43.6,42.55,42.85,236730
2026-02-19 13:25:00,13:25:00,43.05,43.45,42.25,43.45,162240
2026-02-19 13:26:00,13:26:00,37.1,39.85,36.8,39.45,57395
2026-02-19 13:27:00,13:27:00,39.4,40.15,38.35,38.35,70720
2026-02-19 13:28:00,13:28:00,38.65,39.6,37.4,37.4,55900
2026-02-19 13:29:00,13:29:00,37.45,37.6,36.5,37.05,31655
2026-02-19 13:30:00,13:30:00,36.95,40.2,36.9,40.2,56875
2026-02-19 13:31:00,13:31:00,40.2,42.0,40.2,41.25,109980
2026-02-19 13:32:00,13:32:00,41.3,42.65,41.25,42.5,74620
2026-02-19 13:33:00,13:33:00,42.55,43.95,42.5,43.8,103805
2026-02-19 13:34:00,13:34:00,43.75,44.4,40.65,41.25,101855
2026-02-19 13:35:00,13:35:00,41.3,43.8,41.25,42.15,59280
2026-02-19 13:36:00,13:36:00,42.1,42.95,41.3,41.45,59995
2026-02-19 13:37:00,13:37:00,41.45,41.45,38.3,38.3,93405
2026-02-19 13:38:00,13:38:00,38.35,39.55,38.05,39.2,39910
2026-02-19 13:39:00,13:39:00,39.2,40.25,38.6,39.2,42900
2026-02-19 13:40:00,13:40:00,39.55,39.75,37.25,37.25,43810
2026-02-19 13:41:00,13:41:00,37.15,37.95,36.9,37.95,58760
2026-02-19 13:42:00,13:42:00,38.0,39.5,37.7,39.5,65130
2026-02-19 13:43:00,13:43:00,39.7,40.1,37.6,38.0,55705
2026-02-19 13:44:00,13:44:00,37.65,38.0,36.25,37.3,35360
2026-02-19 13:45:00,13:45:00,37.35,37.35,35.9,36.85,52390
2026-02-19 13:46:00,13:46:00,37.2,37.95,36.45,36.9,54730
2026-02-19 13:47:00,13:47:00,36.55,37.8,36.0,37.45,51740
2026-02-19 13:48:00,13:48:00,37.6,38.95,37.3,37.3,119665
2026-02-19 13:49:00,13:49:00,37.25,39.3,37.25,38.9,78000
2026-02-19 13:50:00,13:50:00,38.8,40.25,38.5,39.55,117260
2026-02-19 13:51:00,13:51:00,39.4,40.45,38.7,40.15,53430
2026-02-19 13:52:00,13:52:00,34.0,38.05,33.9,36.5,146055
2026-02-19 13:53:00,13:53:00,37.05,37.8,36.1,36.55,220285
2026-02-19 13:54:00,13:54:00,42.05,43.15,39.85,41.75,252395
2026-02-19 13:55:00,13:55:00,41.7,42.55,41.2,42.4,74425
2026-02-19 13:56:00,13:56:00,36.05,37.1,35.55,36.95,76180
2026-02-19 13:57:00,13:57:00,37.15,37.85,36.65,37.2,120315
2026-02-19 13:58:00,13:58:00,37.3,38.2,37.0,37.95,171600
2026-02-19 13:59:00,13:59:00,37.85,38.2,36.8,37.9,492505
2026-02-19 14:00:00,14:00:00,37.55,37.9,36.0,36.4,162045
2026-02-19 14:01:00,14:01:00,36.55,38.9,36.1,37.85,145990
2026-02-19 14:02:00,14:02:00,37.9,39.1,37.0,37.8,181805
2026-02-19 14:03:00,14:03:00,37.55,38.8,36.9,38.4,117520
2026-02-19 14:04:00,14:04:00,38.3,39.15,37.8,38.25,122135
2026-02-19 14:05:00,14:05:00,38.4,40.25,38.25,40.15,256880
2026-02-19 14:06:00,14:06:00,40.2,41.25,37.65,38.4,340665
2026-02-19 14:07:00,14:07:00,38.0,38.55,36.25,37.55,121290
2026-02-19 14:08:00,14:08:00,37.5,38.15,37.0,37.5,76505
2026-02-19 14:09:00,14:09:00,37.55,38.25,35.95,36.25,124280
2026-02-19 14:10:00,14:10:00,35.7,36.75,34.4,36.75,168675
2026-02-19 14:11:00,14:11:00,36.5,36.75,35.65,36.05,212225
2026-02-19 14:12:00,14:12:00,35.95,37.2,35.2,36.7,67145
2026-02-19 14:13:00,14:13:00,36.6,36.7,34.15,34.3,81445
2026-02-19 14:14:00,14:14:00,34.25,34.3,33.0,34.25,86060
2026-02-19 14:15:00,14:15:00,39.8,40.3,38.65,38.85,36465
2026-02-19 14:16:00,14:16:00,38.85,39.0,36.95,36.95,106015
2026-02-19 14:17:00,14:17:00,37.25,38.2,36.65,37.4,63960
2026-02-19 14:18:00,14:18:00,37.3,38.05,36.95,37.95,53170
2026-02-19 14:19:00,14:19:00,38.3,38.85,36.55,37.35,187655
2026-02-19 14:20:00,14:20:00,37.1,37.95,35.8,36.2,83785
2026-02-19 14:21:00,14:21:00,36.1,38.95,35.75,38.95,89115
2026-02-19 14:22:00,14:22:00,39.1,39.8,37.9,39.8,116935
2026-02-19 14:23:00,14:23:00,39.7,40.8,39.5,39.55,135980
2026-02-19 14:24:00,14:24:00,39.4,39.85,38.25,39.35,42250
2026-02-19 14:25:00,14:25:00,33.6,34.8,33.3,34.6,78130
2026-02-19 14:26:00,14:26:00,34.6,35.65,34.2,35.3,95290
2026-02-19 14:27:00,14:27:00,35.9,37.75,35.3,37.4,180700
2026-02-19 14:28:00,14:28:00,37.3,37.4,36.0,37.15,122525
2026-02-19 14:29:00,14:29:00,37.15,39.55,37.15,38.95,246415
2026-02-19 14:30:00,14:30:00,38.65,38.95,35.9,35.9,246740
2026-02-19 14:31:00,14:31:00,35.9,36.6,35.5,35.5,92755
2026-02-19 14:32:00,14:32:00,35.5,36.35,35.1,35.1,79755
2026-02-19 14:33:00,14:33:00,35.25,36.75,34.85,36.5,125320
2026-02-19 14:34:00,14:34:00,36.35,37.15,36.0,36.65,52585
2026-02-19 14:35:00,14:35:00,36.75,36.85,35.35,35.85,124215
2026-02-19 14:36:00,14:36:00,35.95,36.35,35.25,35.85,64220
2026-02-19 14:37:00,14:37:00,35.85,36.25,34.95,36.15,79625
2026-02-19 14:38:00,14:38:00,36.05,36.5,35.8,36.5,70200
2026-02-19 14:39:00,14:39:00,36.75,36.75,35.2,36.25,55185
2026-02-19 14:40:00,14:40:00,36.15,36.4,35.4,36.15,48685
2026-02-19 14:41:00,14:41:00,36.1,38.4,35.65,38.4,125775
2026-02-19 14:42:00,14:42:00,38.45,39.7,37.35,39.3,181935
2026-02-19 14:43:00,14:43:00,39.5,42.6,39.3,42.0,498615
2026-02-19 14:44:00,14:44:00,35.75,37.15,35.0,36.9,264485
2026-02-19 14:45:00,14:45:00,36.9,38.85,36.15,36.55,213005
2026-02-19 14:46:00,14:46:00,36.05,38.65,35.45,37.85,114140
2026-02-19 14:47:00,14:47:00,37.85,40.25,37.5,39.95,139555
2026-02-19 14:48:00,14:48:00,39.95,43.35,38.75,41.5,225355
2026-02-19 14:49:00,14:49:00,41.65,42.65,37.75,38.1,178620
2026-02-19 14:50:00,14:50:00,38.7,39.05,37.2,38.95,124865
2026-02-19 14:51:00,14:51:00,39.0,39.15,37.15,37.7,62270
2026-02-19 14:52:00,14:52:00,37.5,38.25,36.35,36.85,226720
2026-02-19 14:53:00,14:53:00,37.0,38.75,36.7,38.7,164710
2026-02-19 14:54:00,14:54:00,38.5,38.75,36.95,37.3,92430
2026-02-19 14:55:00,14:55:00,37.25,39.1,37.15,38.05,67860
2026-02-19 14:56:00,14:56:00,38.0,38.1,36.7,36.75,148590
2026-02-19 14:57:00,14:57:00,43.1,43.8,39.25,39.75,288990
2026-02-19 14:58:00,14:58:00,39.8,42.45,39.75,41.55,245050
2026-02-19 14:59:00,14:59:00,35.4,36.65,34.55,36.6,64805
2026-02-19 15:00:00,15:00:00,37.05,39.2,36.4,38.15,171990
2026-02-19 15:01:00,15:01:00,33.0,36.25,32.7,36.0,418665
2026-02-19 15:02:00,15:02:00,42.95,44.85,41.25,41.25,425100
2026-02-19 15:03:00,15:03:00,40.9,41.25,38.9,40.65,188890
2026-02-19 15:04:00,15:04:00,40.55,41.55,40.15,40.65,107510
2026-02-19 15:05:00,15:05:00,40.75,42.5,40.5,42.4,79820
2026-02-19 15:06:00,15:06:00,35.8,38.0,35.8,37.75,242125
2026-02-19 15:07:00,15:07:00,37.55,41.25,37.55,41.25,969670
2026-02-19 15:08:00,15:08:00,41.35,42.8,39.9,40.4,358345
2026-02-19 15:09:00,15:09:00,48.1,48.5,43.5,44.15,290160
2026-02-19 15:10:00,15:10:00,44.2,45.15,43.0,43.4,114725
2026-02-19 15:11:00,15:11:00,43.15,45.3,43.15,45.15,125255
2026-02-19 15:12:00,15:12:00,45.0,45.5,43.65,45.45,235625
2026-02-19 15:13:00,15:13:00,38.6,39.9,38.4,39.55,255515
2026-02-19 15:14:00,15:14:00,39.5,41.85,39.35,41.2,313885
2026-02-19 15:15:00,15:15:00,41.15,41.9,40.75,41.0,429715
2026-02-19 15:16:00,15:16:00,41.1,44.5,40.85,43.8,551070
2026-02-19 15:17:00,15:17:00,43.9,45.85,43.45,45.7,626210
2026-02-19 15:18:00,15:18:00,39.35,40.4,38.25,40.35,234325
2026-02-19 15:19:00,15:19:00,40.3,45.25,40.15,44.1,206635
2026-02-19 15:20:00,15:20:00,43.75,46.25,41.4,46.25,336960
2026-02-19 15:21:00,15:21:00,45.95,49.0,42.8,43.0,246025
2026-02-19 15:22:00,15:22:00,42.35,46.75,40.2,46.75,235560
2026-02-19 15:23:00,15:23:00,46.1,47.95,45.7,47.75,451880
2026-02-19 15:24:00,15:24:00,47.75,47.75,44.65,46.05,311090
2026-02-19 15:25:00,15:25:00,45.95,46.05,44.2,44.3,147225
2026-02-19 15:26:00,15:26:00,44.35,46.55,43.9,45.9,131365
2026-02-19 15:27:00,15:27:00,45.65,45.9,44.6,45.85,183040
2026-02-19 15:28:00,15:28:00,46.0,46.1,45.35,46.0,116545
2026-02-19 15:29:00,15:29:00,46.05,47.6,45.8,47.15,184145
2026-02-20 09:15:00,09:15:00,158.65,167.15,111.75,111.9,1982045
2026-02-20 09:16:00,09:16:00,111.75,117.95,106.5,114.35,2365545
2026-02-20 09:17:00,09:17:00,110.4,128.55,110.2,128.55,2286830
2026-02-20 09:18:00,09:18:00,126.35,140.15,121.2,130.05,2650310
2026-02-20 09:19:00,09:19:00,127.4,132.6,116.0,116.75,1739335
2026-02-20 09:20:00,09:20:00,117.55,122.1,111.9,115.3,1546545
2026-02-20 09:21:00,09:21:00,115.2,115.65,107.35,113.3,1656330
2026-02-20 09:22:00,09:22:00,112.4,114.65,110.0,110.95,1119820
2026-02-20 09:23:00,09:23:00,109.25,121.5,109.05,120.6,1587105
2026-02-20 09:24:00,09:24:00,121.0,132.45,120.0,132.45,2734680
2026-02-20 09:25:00,09:25:00,110.15,118.2,107.65,117.15,4789590
2026-02-20 09:26:00,09:26:00,115.1,117.15,108.6,112.05,2777775
2026-02-20 09:27:00,09:27:00,110.2,115.25,107.0,109.3,2176720
2026-02-20 09:28:00,09:28:00,109.7,120.6,109.3,119.7,2586870
2026-02-20 09:29:00,09:29:00,118.7,138.2,117.4,137.1,7084610
2026-02-20 09:30:00,09:30:00,135.3,137.6,111.65,112.0,5300100
2026-02-20 09:31:00,09:31:00,114.5,125.2,112.0,124.85,3635125
2026-02-20 09:32:00,09:32:00,147.6,150.9,129.55,131.2,1800955
2026-02-20 09:33:00,09:33:00,129.95,131.2,116.15,116.5,2249910
2026-02-20 09:34:00,09:34:00,118.05,120.25,110.9,113.3,1627470
2026-02-20 09:35:00,09:35:00,111.3,113.8,106.65,112.4,1451385
2026-02-20 09:36:00,09:36:00,137.3,137.75,129.8,134.8,1121510
2026-02-20 09:37:00,09:37:00,110.8,117.5,109.05,112.05,1225705
2026-02-20 09:38:00,09:38:00,112.05,121.65,111.05,120.55,1628640
2026-02-20 09:39:00,09:39:00,118.25,120.55,113.5,114.25,1029665
2026-02-20 09:40:00,09:40:00,114.3,127.6,114.25,121.9,1650610
2026-02-20 09:41:00,09:41:00,119.9,124.75,119.2,123.7,1198990
2026-02-20 09:42:00,09:42:00,123.25,125.4,110.3,114.15,1644630
2026-02-20 09:43:00,09:43:00,135.45,137.6,127.7,130.25,1464775
2026-02-20 09:44:00,09:44:00,131.15,135.35,126.95,129.8,1249625
2026-02-20 09:45:00,09:45:00,129.65,133.3,126.35,129.75,1244230
2026-02-20 09:46:00,09:46:00,130.0,132.0,127.0,129.75,1025960
2026-02-20 09:47:00,09:47:00,129.95,130.85,123.25,125.7,1585610
2026-02-20 09:48:00,09:48:00,126.3,126.5,114.3,117.8,2589145
2026-02-20 09:49:00,09:49:00,117.0,123.8,116.75,119.25,1686360
2026-02-20 09:50:00,09:50:00,119.1,119.6,113.75,116.4,1385280
2026-02-20 09:51:00,09:51:00,116.35,118.2,112.2,114.3,1573455
2026-02-20 09:52:00,09:52:00,113.2,122.7,113.2,121.9,2050100
2026-02-20 09:53:00,09:53:00,120.95,123.5,118.9,123.3,1777230
2026-02-20 09:54:00,09:54:00,122.9,125.8,118.15,118.7,1882790
2026-02-20 09:55:00,09:55:00,118.35,122.2,117.0,118.35,1226940
2026-02-20 09:56:00,09:56:00,117.75,118.35,108.55,112.2,2201420
2026-02-20 09:57:00,09:57:00,112.1,116.1,110.7,110.8,1128855
2026-02-20 09:58:00,09:58:00,111.3,118.25,110.8,115.3,1006785
2026-02-20 09:59:00,09:59:00,114.2,117.3,110.8,112.25,846755
2026-02-20 10:00:00,10:00:00,112.6,119.75,112.25,118.45,1217255
2026-02-20 10:01:00,10:01:00,118.2,119.0,113.25,119.0,1001455
2026-02-20 10:02:00,10:02:00,118.8,120.9,117.3,117.7,1352455
2026-02-20 10:03:00,10:03:00,117.5,124.45,115.3,123.95,1221350
2026-02-20 10:04:00,10:04:00,124.5,124.5,120.2,122.65,1505595
2026-02-20 10:05:00,10:05:00,122.0,123.25,118.05,123.25,1095315
2026-02-20 10:06:00,10:06:00,122.2,123.25,115.8,120.1,957710
2026-02-20 10:07:00,10:07:00,120.05,124.5,120.05,122.85,1226030
2026-02-20 10:08:00,10:08:00,122.35,138.4,121.35,137.75,3671915
2026-02-20 10:09:00,10:09:00,139.2,144.9,137.7,137.7,3993340
2026-02-20 10:10:00,10:10:00,138.0,140.5,132.0,135.05,2232100
2026-02-20 10:11:00,10:11:00,134.5,135.85,126.55,127.35,2018575
2026-02-20 10:12:00,10:12:00,128.75,132.25,123.8,129.65,1449175
2026-02-20 10:13:00,10:13:00,128.4,138.25,126.75,138.25,1343810
2026-02-20 10:14:00,10:14:00,138.35,143.4,135.5,140.75,2274740
2026-02-20 10:15:00,10:15:00,138.8,140.75,129.6,130.1,1499940
2026-02-20 10:16:00,10:16:00,130.45,130.45,118.2,120.2,2363400
2026-02-20 10:17:00,10:17:00,119.8,121.0,115.2,115.75,1266590
2026-02-20 10:18:00,10:18:00,137.4,138.35,127.0,129.05,955565
2026-02-20 10:19:00,10:19:00,129.05,130.6,124.7,127.95,662545
2026-02-20 10:20:00,10:20:00,127.15,131.6,126.95,128.85,739245
2026-02-20 10:21:00,10:21:00,128.55,131.0,127.15,129.5,414895
2026-02-20 10:22:00,10:22:00,129.25,129.5,121.5,125.55,673855
2026-02-20 10:23:00,10:23:00,125.5,130.5,125.15,129.25,682760
2026-02-20 10:24:00,10:24:00,129.45,130.1,126.1,127.9,382005
2026-02-20 10:25:00,10:25:00,127.8,127.9,123.6,125.4,477945
2026-02-20 10:26:00,10:26:00,124.85,126.4,117.15,120.0,751725
2026-02-20 10:27:00,10:27:00,120.3,123.45,118.35,123.15,739570
2026-02-20 10:28:00,10:28:00,123.2,127.1,122.0,126.9,633750
2026-02-20 10:29:00,10:29:00,126.45,129.25,125.55,125.95,718510
2026-02-20 10:30:00,10:30:00,125.75,125.95,116.5,120.4,1095835
2026-02-20 10:31:00,10:31:00,120.25,121.9,118.4,121.1,462150
2026-02-20 10:32:00,10:32:00,120.45,121.1,117.55,119.6,474240
2026-02-20 10:33:00,10:33:00,141.6,144.25,139.9,140.35,600990
2026-02-20 10:34:00,10:34:00,118.6,120.55,118.2,118.2,448630
2026-02-20 10:35:00,10:35:00,118.5,120.4,116.9,119.65,554255
2026-02-20 10:36:00,10:36:00,119.5,120.85,117.85,119.2,358865
2026-02-20 10:37:00,10:37:00,118.95,121.65,117.9,120.9,442195
2026-02-20 10:38:00,10:38:00,120.65,121.7,119.95,120.7,508625
2026-02-20 10:39:00,10:39:00,143.25,143.25,135.8,135.8,611715
2026-02-20 10:40:00,10:40:00,137.55,139.3,128.75,129.8,1431625
2026-02-20 10:41:00,10:41:00,129.5,131.9,126.1,130.2,1448915
2026-02-20 10:42:00,10:42:00,130.45,134.85,130.2,131.15,1314300
2026-02-20 10:43:00,10:43:00,131.0,132.9,129.35,129.95,697450
2026-02-20 10:44:00,10:44:00,129.55,131.7,128.25,130.4,567450
2026-02-20 10:45:00,10:45:00,129.25,130.4,127.05,129.5,852735
2026-02-20 10:46:00,10:46:00,129.5,133.6,129.5,130.15,1025050
2026-02-20 10:47:00,10:47:00,130.05,136.9,129.3,136.9,1243450
2026-02-20 10:48:00,10:48:00,137.25,137.5,131.2,133.8,1248650
2026-02-20 10:49:00,10:49:00,133.45,136.95,131.85,134.45,760500
2026-02-20 10:50:00,10:50:00,134.3,139.35,132.7,138.85,1185210
2026-02-20 10:51:00,10:51:00,138.75,138.85,133.25,135.85,891150
2026-02-20 10:52:00,10:52:00,135.3,135.85,129.95,133.0,808730
2026-02-20 10:53:00,10:53:00,133.3,134.75,129.0,133.95,599885
2026-02-20 10:54:00,10:54:00,134.0,134.0,129.65,132.1,486200
2026-02-20 10:55:00,10:55:00,131.7,132.6,128.05,130.95,537745
2026-02-20 10:56:00,10:56:00,130.9,132.4,129.25,131.0,371150
2026-02-20 10:57:00,10:57:00,130.05,132.4,128.25,130.8,425165
2026-02-20 10:58:00,10:58:00,131.65,138.95,130.8,138.9,1155830
2026-02-20 10:59:00,10:59:00,139.5,139.5,131.2,134.45,1026090
2026-02-20 11:00:00,11:00:00,134.45,134.6,129.2,129.2,578630
2026-02-20 11:01:00,11:01:00,129.65,136.8,129.2,134.05,726310
2026-02-20 11:02:00,11:02:00,112.85,118.3,112.85,117.0,968045
2026-02-20 11:03:00,11:03:00,116.85,117.2,113.5,116.25,525785
2026-02-20 11:04:00,11:04:00,138.4,138.5,133.0,134.6,619645
2026-02-20 11:05:00,11:05:00,134.3,134.6,130.2,133.25,631540
2026-02-20 11:06:00,11:06:00,133.4,137.35,130.7,137.15,529360
2026-02-20 11:07:00,11:07:00,115.55,116.9,112.85,116.35,447265
2026-02-20 11:08:00,11:08:00,116.55,120.2,114.15,115.9,1222910
2026-02-20 11:09:00,11:09:00,115.5,119.5,115.1,117.15,548210
2026-02-20 11:10:00,11:10:00,117.2,119.35,116.25,118.55,477880
2026-02-20 11:11:00,11:11:00,119.35,121.25,115.0,117.1,992095
2026-02-20 11:12:00,11:12:00,139.0,139.35,132.75,132.85,858065
2026-02-20 11:13:00,11:13:00,111.45,119.0,110.55,118.95,835120
2026-02-20 11:14:00,11:14:00,119.1,122.0,118.5,120.15,1062685
2026-02-20 11:15:00,11:15:00,141.5,142.8,132.5,136.35,1278875
2026-02-20 11:16:00,11:16:00,135.7,138.3,134.45,135.5,524680
2026-02-20 11:17:00,11:17:00,114.35,119.85,114.05,114.05,592020
2026-02-20 11:18:00,11:18:00,135.85,136.9,133.0,133.95,426790
2026-02-20 11:19:00,11:19:00,133.1,137.0,130.3,133.25,797420
2026-02-20 11:20:00,11:20:00,133.0,135.8,131.0,135.8,397800
2026-02-20 11:21:00,11:21:00,113.5,116.75,110.85,116.0,416065
2026-02-20 11:22:00,11:22:00,115.8,120.4,115.8,120.05,932035
2026-02-20 11:23:00,11:23:00,119.15,123.0,117.3,121.75,740285
2026-02-20 11:24:00,11:24:00,121.45,122.0,117.55,119.7,592735
2026-02-20 11:25:00,11:25:00,119.1,122.95,116.95,118.1,605280
2026-02-20 11:26:00,11:26:00,140.4,142.85,134.8,135.4,585585
2026-02-20 11:27:00,11:27:00,135.5,136.0,131.75,133.25,665405
2026-02-20 11:28:00,11:28:00,133.45,133.45,125.8,127.7,1292785
2026-02-20 11:29:00,11:29:00,128.05,134.1,125.85,133.6,1108380
2026-02-20 11:30:00,11:30:00,133.9,133.9,126.0,126.95,775320
2026-02-20 11:31:00,11:31:00,126.9,128.4,123.5,125.4,950040
2026-02-20 11:32:00,11:32:00,124.65,134.75,124.65,133.8,1087190
2026-02-20 11:33:00,11:33:00,134.35,137.2,129.8,131.7,1237145
2026-02-20 11:34:00,11:34:00,131.25,133.6,128.55,128.55,366015
2026-02-20 11:35:00,11:35:00,128.2,130.7,127.65,130.65,451230
2026-02-20 11:36:00,11:36:00,130.45,133.3,126.7,128.5,651820
2026-02-20 11:37:00,11:37:00,128.55,128.75,124.5,124.6,587990
2026-02-20 11:38:00,11:38:00,123.9,127.0,121.6,125.65,960570
2026-02-20 11:39:00,11:39:00,125.35,126.0,122.0,123.95,619905
2026-02-20 11:40:00,11:40:00,124.45,125.55,121.9,125.2,418795
2026-02-20 11:41:00,11:41:00,125.6,126.0,120.55,123.0,819390
2026-02-20 11:42:00,11:42:00,122.1,125.7,120.3,123.1,621335
2026-02-20 11:43:00,11:43:00,122.7,124.8,121.8,122.75,426335
2026-02-20 11:44:00,11:44:00,123.0,124.2,121.45,123.0,374400
2026-02-20 11:45:00,11:45:00,123.0,123.15,118.7,119.95,906035
2026-02-20 11:46:00,11:46:00,119.8,121.25,112.0,114.35,1822405
2026-02-20 11:47:00,11:47:00,114.5,119.85,114.2,119.8,1112930
2026-02-20 11:48:00,11:48:00,119.9,128.35,119.1,127.85,1916395
2026-02-20 11:49:00,11:49:00,128.5,130.55,125.7,126.3,1728870
2026-02-20 11:50:00,11:50:00,125.75,129.85,125.35,125.35,941135
2026-02-20 11:51:00,11:51:00,125.55,127.0,124.7,125.5,786305
2026-02-20 11:52:00,11:52:00,124.9,126.55,121.45,123.9,865735
2026-02-20 11:53:00,11:53:00,123.7,126.3,122.25,125.55,487435
2026-02-20 11:54:00,11:54:00,125.7,134.0,125.45,131.1,1503190
2026-02-20 11:55:00,11:55:00,131.45,133.75,127.4,127.4,1266785
2026-02-20 11:56:00,11:56:00,127.75,129.2,125.8,126.1,863720
2026-02-20 11:57:00,11:57:00,126.0,126.75,117.55,118.25,1484080
2026-02-20 11:58:00,11:58:00,117.7,121.75,115.7,118.9,1042535
2026-02-20 11:59:00,11:59:00,119.15,123.15,118.4,123.15,854425
2026-02-20 12:00:00,12:00:00,122.9,123.6,120.0,123.2,569660
2026-02-20 12:01:00,12:01:00,123.5,129.65,122.25,129.25,1040650
2026-02-20 12:02:00,12:02:00,129.05,132.7,128.65,130.5,1274585
2026-02-20 12:03:00,12:03:00,128.85,131.25,126.25,129.6,750750
2026-02-20 12:04:00,12:04:00,130.4,131.55,127.55,127.55,435630
2026-02-20 12:05:00,12:05:00,127.75,131.35,127.05,129.95,562965
2026-02-20 12:06:00,12:06:00,129.55,131.65,126.8,127.7,621855
2026-02-20 12:07:00,12:07:00,127.75,131.2,125.85,126.55,490165
2026-02-20 12:08:00,12:08:00,126.4,127.75,124.0,127.4,641030
2026-02-20 12:09:00,12:09:00,126.65,130.55,124.6,124.6,819065
2026-02-20 12:10:00,12:10:00,124.8,126.1,123.55,125.1,608335
2026-02-20 12:11:00,12:11:00,125.1,125.85,122.35,123.3,486785
2026-02-20 12:12:00,12:12:00,123.5,126.75,122.9,123.75,362245
2026-02-20 12:13:00,12:13:00,123.95,126.7,121.65,121.95,456365
2026-02-20 12:14:00,12:14:00,121.9,122.7,119.1,120.3,772135
2026-02-20 12:15:00,12:15:00,120.0,120.3,115.05,116.8,1119560
2026-02-20 12:16:00,12:16:00,117.05,117.55,111.6,114.0,1221415
2026-02-20 12:17:00,12:17:00,136.15,137.65,127.15,132.0,705900
2026-02-20 12:18:00,12:18:00,132.95,132.95,123.5,124.7,665210
2026-02-20 12:19:00,12:19:00,125.25,126.8,123.9,125.0,625885
2026-02-20 12:20:00,12:20:00,124.55,125.1,120.15,122.65,863590
2026-02-20 12:21:00,12:21:00,123.0,124.85,120.9,121.8,668525
2026-02-20 12:22:00,12:22:00,121.7,123.15,117.75,118.35,671255
2026-02-20 12:23:00,12:23:00,118.55,119.35,116.4,116.4,539500
2026-02-20 12:24:00,12:24:00,116.4,118.55,116.0,118.0,505700
2026-02-20 12:25:00,12:25:00,118.0,119.95,117.05,119.7,442130
2026-02-20 12:26:00,12:26:00,119.2,119.7,112.0,112.0,886210
2026-02-20 12:27:00,12:27:00,112.2,117.3,112.0,115.55,798005
2026-02-20 12:28:00,12:28:00,115.95,116.0,112.5,116.0,421655
2026-02-20 12:29:00,12:29:00,115.95,116.45,113.8,114.75,400140
2026-02-20 12:30:00,12:30:00,114.65,116.5,113.5,115.05,459615
2026-02-20 12:31:00,12:31:00,115.65,116.2,113.25,114.2,367640
2026-02-20 12:32:00,12:32:00,114.25,116.0,114.2,116.0,375895
2026-02-20 12:33:00,12:33:00,116.0,118.95,115.1,118.25,760760
2026-02-20 12:34:00,12:34:00,118.0,119.15,116.35,117.25,552955
2026-02-20 12:35:00,12:35:00,117.45,117.6,115.0,117.15,464750
2026-02-20 12:36:00,12:36:00,117.4,118.45,115.55,117.25,353535
2026-02-20 12:37:00,12:37:00,117.25,120.5,116.05,119.45,699465
2026-02-20 12:38:00,12:38:00,119.15,119.9,117.1,119.9,439725
2026-02-20 12:39:00,12:39:00,119.8,120.85,119.1,119.7,595790
2026-02-20 12:40:00,12:40:00,119.5,120.3,118.3,119.7,447070
2026-02-20 12:41:00,12:41:00,119.9,121.0,117.75,120.9,686335
2026-02-20 12:42:00,12:42:00,100.2,104.0,99.75,102.95,1486160
2026-02-20 12:43:00,12:43:00,102.95,114.3,102.4,112.8,3095755
2026-02-20 12:44:00,12:44:00,112.15,115.95,110.6,115.4,2326610
2026-02-20 12:45:00,12:45:00,115.75,117.5,113.9,116.2,2139540
2026-02-20 12:46:00,12:46:00,115.75,124.6,115.2,121.55,3170895
2026-02-20 12:47:00,12:47:00,120.8,123.05,117.95,117.95,1854710
2026-02-20 12:48:00,12:48:00,117.3,119.3,109.35,110.2,2113930
2026-02-20 12:49:00,12:49:00,110.2,116.6,107.5,116.6,1724320
2026-02-20 12:50:00,12:50:00,116.6,119.65,113.9,118.75,1454375
2026-02-20 12:51:00,12:51:00,118.4,119.0,112.6,114.4,975195
2026-02-20 12:52:00,12:52:00,114.2,117.2,114.2,115.25,612105
2026-02-20 12:53:00,12:53:00,115.25,122.25,115.25,119.35,1635075
2026-02-20 12:54:00,12:54:00,118.6,119.55,112.3,113.65,1224600
2026-02-20 12:55:00,12:55:00,114.0,118.0,113.65,117.2,740935
2026-02-20 12:56:00,12:56:00,117.1,125.7,117.1,123.0,2330900
2026-02-20 12:57:00,12:57:00,124.45,129.2,123.0,128.45,2271035
2026-02-20 12:58:00,12:58:00,128.35,132.85,124.85,125.1,2780960
2026-02-20 12:59:00,12:59:00,124.8,127.15,122.75,123.45,1175005
2026-02-20 13:00:00,13:00:00,122.3,123.45,117.55,119.6,1916460
2026-02-20 13:01:00,13:01:00,119.8,122.05,118.4,120.7,868140
2026-02-20 13:02:00,13:02:00,120.85,130.05,120.35,129.55,1931085
2026-02-20 13:03:00,13:03:00,130.0,132.6,127.1,132.3,2121080
2026-02-20 13:04:00,13:04:00,132.7,133.3,124.85,129.75,1326910
2026-02-20 13:05:00,13:05:00,129.6,131.85,128.25,130.65,1105195
2026-02-20 13:06:00,13:06:00,130.2,133.3,129.75,132.35,1465295
2026-02-20 13:07:00,13:07:00,110.5,114.7,110.45,113.6,1186315
2026-02-20 13:08:00,13:08:00,114.45,118.7,112.85,114.35,1839565
2026-02-20 13:09:00,13:09:00,114.15,121.25,113.55,120.65,1461720
2026-02-20 13:10:00,13:10:00,119.7,129.0,117.0,128.6,2595125
2026-02-20 13:11:00,13:11:00,127.4,140.2,125.85,134.2,3552510
2026-02-20 13:12:00,13:12:00,134.65,139.5,132.05,135.8,1710215
2026-02-20 13:13:00,13:13:00,135.05,135.8,124.75,125.05,1838785
2026-02-20 13:14:00,13:14:00,123.7,128.2,121.35,127.95,1268865
2026-02-20 13:15:00,13:15:00,129.8,136.75,127.95,136.75,1662635
2026-02-20 13:16:00,13:16:00,136.5,138.0,128.55,128.9,1644305
2026-02-20 13:17:00,13:17:00,128.2,131.6,122.25,129.45,1440270
2026-02-20 13:18:00,13:18:00,129.05,134.15,126.9,132.8,1040000
2026-02-20 13:19:00,13:19:00,132.2,134.5,129.45,129.45,847535
2026-02-20 13:20:00,13:20:00,129.6,132.35,126.55,132.35,765180
2026-02-20 13:21:00,13:21:00,131.7,138.15,131.2,135.6,1588145
2026-02-20 13:22:00,13:22:00,135.4,135.9,127.95,128.4,1018550
2026-02-20 13:23:00,13:23:00,128.65,134.2,128.4,132.4,526435
2026-02-20 13:24:00,13:24:00,132.2,132.4,125.25,127.75,774605
2026-02-20 13:25:00,13:25:00,127.95,132.3,126.9,127.15,623155
2026-02-20 13:26:00,13:26:00,126.6,127.95,121.15,127.25,1226745
2026-02-20 13:27:00,13:27:00,127.0,129.0,121.45,125.85,607230
2026-02-20 13:28:00,13:28:00,125.8,125.85,115.95,120.2,1328405
2026-02-20 13:29:00,13:29:00,118.55,122.35,116.3,120.4,670085
2026-02-20 13:30:00,13:30:00,142.95,144.4,133.4,140.15,1251705
2026-02-20 13:31:00,13:31:00,140.4,140.4,134.9,138.3,854360
2026-02-20 13:32:00,13:32:00,138.4,139.3,134.25,136.4,633230
2026-02-20 13:33:00,13:33:00,136.4,141.95,136.4,138.5,658515
2026-02-20 13:34:00,13:34:00,138.9,140.6,131.75,131.75,928070
2026-02-20 13:35:00,13:35:00,131.25,133.35,121.0,126.95,2128425
2026-02-20 13:36:00,13:36:00,128.55,137.6,126.95,137.6,1644890
2026-02-20 13:37:00,13:37:00,137.75,141.25,135.5,136.75,1594190
2026-02-20 13:38:00,13:38:00,137.1,140.25,133.5,137.9,899015
2026-02-20 13:39:00,13:39:00,115.95,118.4,112.25,114.4,911950
2026-02-20 13:40:00,13:40:00,114.15,117.7,113.95,117.3,573170
2026-02-20 13:41:00,13:41:00,117.5,118.55,114.85,117.45,658905
2026-02-20 13:42:00,13:42:00,117.2,125.95,116.65,120.3,1837550
2026-02-20 13:43:00,13:43:00,142.0,143.65,132.4,134.95,1417325
2026-02-20 13:44:00,13:44:00,113.5,115.55,111.0,114.85,514670
2026-02-20 13:45:00,13:45:00,133.45,137.0,128.35,136.75,1157520
2026-02-20 13:46:00,13:46:00,136.7,139.9,135.55,136.7,876785
2026-02-20 13:47:00,13:47:00,114.85,118.3,114.35,117.3,499330
2026-02-20 13:48:00,13:48:00,139.5,142.4,134.4,135.65,868660
2026-02-20 13:49:00,13:49:00,135.25,137.0,132.4,134.2,644020
2026-02-20 13:50:00,13:50:00,134.0,134.95,131.7,132.75,419640
2026-02-20 13:51:00,13:51:00,131.95,136.1,130.9,135.4,513630
2026-02-20 13:52:00,13:52:00,113.35,116.25,111.55,114.65,436150
2026-02-20 13:53:00,13:53:00,114.75,115.95,112.8,113.6,319280
2026-02-20 13:54:00,13:54:00,113.2,120.0,112.85,120.0,662740
2026-02-20 13:55:00,13:55:00,120.4,121.85,114.3,114.8,1005030
2026-02-20 13:56:00,13:56:00,136.8,139.6,132.4,133.35,734695
2026-02-20 13:57:00,13:57:00,133.15,135.8,127.05,127.95,1116440
2026-02-20 13:58:00,13:58:00,128.95,128.95,118.3,123.85,1753830
2026-02-20 13:59:00,13:59:00,124.0,124.6,119.0,119.75,869700
2026-02-20 14:00:00,14:00:00,119.65,123.15,117.8,120.15,854490
2026-02-20 14:01:00,14:01:00,119.8,120.4,113.2,118.0,1347450
2026-02-20 14:02:00,14:02:00,117.75,124.2,117.75,123.45,1156675
2026-02-20 14:03:00,14:03:00,123.0,123.45,118.3,121.3,923325
2026-02-20 14:04:00,14:04:00,120.75,125.25,118.1,125.25,630500
2026-02-20 14:05:00,14:05:00,125.7,134.1,124.9,125.45,2385240
2026-02-20 14:06:00,14:06:00,125.55,126.8,122.2,123.5,996060
2026-02-20 14:07:00,14:07:00,123.4,127.3,118.75,120.55,912795
2026-02-20 14:08:00,14:08:00,120.8,123.45,119.25,122.35,563680
2026-02-20 14:09:00,14:09:00,122.1,122.6,120.4,120.8,399555
2026-02-20 14:10:00,14:10:00,120.6,121.95,118.35,121.7,578955
2026-02-20 14:11:00,14:11:00,121.25,123.5,119.2,119.8,485290
2026-02-20 14:12:00,14:12:00,119.75,122.65,118.85,120.35,456690
2026-02-20 14:13:00,14:13:00,120.45,123.15,119.85,119.95,480025
2026-02-20 14:14:00,14:14:00,120.3,121.15,117.8,118.45,509990
2026-02-20 14:15:00,14:15:00,118.65,118.65,115.1,116.25,1057875
2026-02-20 14:16:00,14:16:00,116.8,116.8,111.0,113.55,1208870
2026-02-20 14:17:00,14:17:00,113.2,114.7,111.8,111.8,858845
2026-02-20 14:18:00,14:18:00,130.8,135.4,130.0,131.2,848835
2026-02-20 14:19:00,14:19:00,131.85,134.45,130.45,132.3,471510
2026-02-20 14:20:00,14:20:00,110.85,114.1,110.05,111.45,1090960
2026-02-20 14:21:00,14:21:00,134.45,135.05,129.25,130.6,579410
2026-02-20 14:22:00,14:22:00,108.35,112.9,108.05,111.45,836420
2026-02-20 14:23:00,14:23:00,111.9,115.8,111.45,115.6,1119170
2026-02-20 14:24:00,14:24:00,114.5,117.6,113.6,115.9,1710670
2026-02-20 14:25:00,14:25:00,115.9,117.9,115.15,115.55,1360060
2026-02-20 14:26:00,14:26:00,115.0,120.1,114.2,119.25,1843985
2026-02-20 14:27:00,14:27:00,118.9,119.7,115.05,119.4,1274325
2026-02-20 14:28:00,14:28:00,119.65,123.7,118.8,120.1,2162680
2026-02-20 14:29:00,14:29:00,120.5,123.8,116.85,123.8,1087970
2026-02-20 14:30:00,14:30:00,123.35,126.5,118.9,121.0,2247505
2026-02-20 14:31:00,14:31:00,120.3,121.35,117.4,117.65,863135
2026-02-20 14:32:00,14:32:00,117.05,120.85,115.5,117.75,1076270
2026-02-20 14:33:00,14:33:00,118.2,120.45,116.25,116.25,664365
2026-02-20 14:34:00,14:34:00,116.85,119.85,114.7,115.85,831155
2026-02-20 14:35:00,14:35:00,116.65,116.85,108.45,110.15,1545895
2026-02-20 14:36:00,14:36:00,109.7,115.55,108.3,112.7,1198535
2026-02-20 14:37:00,14:37:00,112.4,117.0,111.3,117.0,504660
2026-02-20 14:38:00,14:38:00,116.9,120.2,116.0,119.95,1268475
2026-02-20 14:39:00,14:39:00,119.7,119.95,112.2,113.1,953680
2026-02-20 14:40:00,14:40:00,113.15,114.25,109.45,112.75,1052675
2026-02-20 14:41:00,14:41:00,113.35,115.6,109.15,109.2,778765
2026-02-20 14:42:00,14:42:00,109.35,113.0,109.2,110.2,539760
2026-02-20 14:43:00,14:43:00,110.3,111.65,106.75,107.15,1095575
2026-02-20 14:44:00,14:44:00,129.65,129.7,119.35,125.9,923585
2026-02-20 14:45:00,14:45:00,125.05,127.45,119.25,120.8,575770
2026-02-20 14:46:00,14:46:00,121.6,122.1,117.15,119.05,512460
2026-02-20 14:47:00,14:47:00,119.15,124.3,119.05,119.9,487110
2026-02-20 14:48:00,14:48:00,120.1,120.55,114.0,114.95,596115
2026-02-20 14:49:00,14:49:00,115.65,117.35,111.65,114.2,570960
2026-02-20 14:50:00,14:50:00,114.15,124.95,114.15,124.35,1085825
2026-02-20 14:51:00,14:51:00,124.55,133.7,124.35,125.0,1602120
2026-02-20 14:52:00,14:52:00,125.4,129.3,123.25,124.0,605865
2026-02-20 14:53:00,14:53:00,123.7,129.05,123.5,127.9,419770
2026-02-20 14:54:00,14:54:00,126.75,128.45,121.65,123.7,608985
2026-02-20 14:55:00,14:55:00,123.75,125.55,119.65,120.9,526825
2026-02-20 14:56:00,14:56:00,120.8,126.1,120.75,122.95,395005
2026-02-20 14:57:00,14:57:00,122.65,125.95,122.55,125.0,274885
2026-02-20 14:58:00,14:58:00,124.55,125.7,121.6,122.9,369850
2026-02-20 14:59:00,14:59:00,122.3,122.9,116.15,116.15,590395
2026-02-20 15:00:00,15:00:00,97.7,107.0,97.7,107.0,2105155
2026-02-20 15:01:00,15:01:00,127.8,129.5,122.4,125.25,974155
2026-02-20 15:02:00,15:02:00,104.9,115.0,102.7,114.8,2784145
2026-02-20 15:03:00,15:03:00,112.5,114.8,107.2,111.5,2173210
2026-02-20 15:04:00,15:04:00,113.2,123.25,111.5,121.2,3948295
2026-02-20 15:05:00,15:05:00,120.95,124.5,119.25,124.5,2345460
2026-02-20 15:06:00,15:06:00,127.15,132.2,124.5,129.85,3975855
2026-02-20 15:07:00,15:07:00,108.5,118.2,108.05,116.85,1843140
2026-02-20 15:08:00,15:08:00,138.1,138.55,127.65,130.3,3011645
2026-02-20 15:09:00,15:09:00,109.3,115.1,105.95,112.2,1319630
2026-02-20 15:10:00,15:10:00,112.7,116.85,112.2,116.7,1603940
2026-02-20 15:11:00,15:11:00,115.65,116.95,111.95,116.55,1292915
2026-02-20 15:12:00,15:12:00,116.4,117.3,112.3,113.65,1125410
2026-02-20 15:13:00,15:13:00,114.45,115.85,112.55,114.25,661115
2026-02-20 15:14:00,15:14:00,114.35,115.5,108.5,112.95,1199640
2026-02-20 15:15:00,15:15:00,113.05,115.9,112.95,113.15,1048385
2026-02-20 15:16:00,15:16:00,113.65,114.0,108.25,111.65,752830
2026-02-20 15:17:00,15:17:00,111.55,114.1,109.2,112.95,588250
2026-02-20 15:18:00,15:18:00,112.95,116.1,112.35,114.75,721890
2026-02-20 15:19:00,15:19:00,115.2,122.65,114.55,120.6,1653860
2026-02-20 15:20:00,15:20:00,120.6,128.3,120.4,121.3,2255175
2026-02-20 15:21:00,15:21:00,122.0,128.15,121.3,126.0,1391325
2026-02-20 15:22:00,15:22:00,125.0,126.0,91.05,112.6,2496000
2026-02-20 15:23:00,15:23:00,112.3,115.15,108.0,112.85,1069575
2026-02-20 15:24:00,15:24:00,114.75,115.25,106.15,106.15,834600
2026-02-20 15:25:00,15:25:00,104.5,112.7,104.5,111.95,985595
2026-02-20 15:26:00,15:26:00,113.0,117.05,111.8,115.4,943020
2026-02-20 15:27:00,15:27:00,115.1,115.85,106.75,110.15,985270
2026-02-20 15:28:00,15:28:00,110.5,112.95,98.7,99.2,915915
2026-02-20 15:29:00,15:29:00,100.75,104.85,99.2,104.85,1081080
