datetime,time,open,high,low,close,volume
2026-03-27 09:19:00,09:19:00,108.6,108.6,102.4,102.65,552175
2026-03-27 09:20:00,09:20:00,103.15,107.1,101.65,103.4,404820
2026-03-27 09:21:00,09:21:00,114.85,115.5,107.7,107.75,170950
2026-03-27 09:22:00,09:22:00,108.2,112.0,107.05,111.5,110435
2026-03-27 09:23:00,09:23:00,111.0,112.95,108.7,108.7,91845
2026-03-27 09:24:00,09:24:00,109.6,115.0,108.15,114.4,118625
2026-03-27 09:25:00,09:25:00,114.85,116.85,112.85,113.6,141765
2026-03-27 09:26:00,09:26:00,112.65,115.6,110.9,114.25,85605
2026-03-27 09:27:00,09:27:00,103.6,105.5,103.1,105.05,150020
2026-03-27 09:28:00,09:28:00,105.2,107.1,103.35,104.8,276315
2026-03-27 09:29:00,09:29:00,105.15,107.15,104.65,106.3,187265
2026-03-27 09:30:00,09:30:00,106.55,113.5,106.3,111.9,909155
2026-03-27 09:31:00,09:31:00,111.9,111.9,108.1,108.55,319410
2026-03-27 09:32:00,09:32:00,108.0,108.55,103.6,107.55,354185
2026-03-27 09:33:00,09:33:00,107.9,111.9,107.55,111.9,241150
2026-03-27 09:34:00,09:34:00,101.55,106.35,101.0,106.05,403390
2026-03-27 09:35:00,09:35:00,105.55,109.1,105.45,108.55,242190
2026-03-27 09:36:00,09:36:00,108.05,108.55,104.2,105.3,241930
2026-03-27 09:37:00,09:37:00,105.05,110.3,104.45,109.0,247910
2026-03-27 09:38:00,09:38:00,109.75,111.0,107.5,109.05,160615
2026-03-27 09:39:00,09:39:00,109.0,110.65,105.3,105.3,145080
2026-03-27 09:40:00,09:40:00,115.45,116.9,111.25,115.1,387465
2026-03-27 09:41:00,09:41:00,114.8,115.7,112.1,113.5,127400
2026-03-27 09:42:00,09:42:00,114.45,115.2,110.15,110.7,160745
2026-03-27 09:43:00,09:43:00,110.2,110.95,105.85,106.6,313170
2026-03-27 09:44:00,09:44:00,107.1,108.6,105.4,106.25,207220
2026-03-27 09:45:00,09:45:00,106.5,111.1,106.0,111.0,249860
2026-03-27 09:46:00,09:46:00,111.65,112.85,110.5,111.0,266110
2026-03-27 09:47:00,09:47:00,111.65,113.4,109.4,109.4,166855
2026-03-27 09:48:00,09:48:00,109.2,111.8,106.95,109.15,201305
2026-03-27 09:49:00,09:49:00,109.25,111.6,107.45,109.95,112450
2026-03-27 09:50:00,09:50:00,110.55,112.4,109.9,110.9,144300
2026-03-27 09:51:00,09:51:00,110.0,112.9,109.5,110.15,111475
2026-03-27 09:52:00,09:52:00,110.25,113.15,108.4,111.8,143195
2026-03-27 09:53:00,09:53:00,100.75,104.55,100.2,102.45,137735
2026-03-27 09:54:00,09:54:00,102.55,106.35,102.45,106.35,150475
2026-03-27 09:55:00,09:55:00,106.5,108.0,105.0,106.6,226720
2026-03-27 09:56:00,09:56:00,107.15,107.8,105.5,107.4,177190
2026-03-27 09:57:00,09:57:00,107.55,109.7,106.9,109.7,250510
2026-03-27 09:58:00,09:58:00,109.4,111.05,108.25,110.05,265005
2026-03-27 09:59:00,09:59:00,109.75,110.15,105.4,107.2,217230
2026-03-27 10:00:00,10:00:00,107.5,108.7,103.2,103.8,219700
2026-03-27 10:01:00,10:01:00,104.1,107.3,103.25,103.45,130975
2026-03-27 10:02:00,10:02:00,103.7,104.0,100.6,100.85,145210
2026-03-27 10:03:00,10:03:00,101.4,101.65,94.75,98.25,317655
2026-03-27 10:04:00,10:04:00,98.35,99.35,93.9,95.95,182715
2026-03-27 10:05:00,10:05:00,96.0,99.75,95.65,98.6,162890
2026-03-27 10:06:00,10:06:00,99.7,101.45,97.6,100.65,190320
2026-03-27 10:07:00,10:07:00,101.0,102.15,99.6,100.05,180895
2026-03-27 10:08:00,10:08:00,100.2,101.6,99.0,101.6,101205
2026-03-27 10:09:00,10:09:00,101.25,101.6,94.55,96.3,187460
2026-03-27 10:10:00,10:10:00,96.2,101.05,96.2,101.05,101270
2026-03-27 10:11:00,10:11:00,100.8,103.8,99.55,103.8,127790
2026-03-27 10:12:00,10:12:00,104.2,104.6,102.45,103.6,153205
2026-03-27 10:13:00,10:13:00,103.75,107.6,103.6,106.3,217165
2026-03-27 10:14:00,10:14:00,106.2,108.35,105.55,106.6,137735
2026-03-27 10:15:00,10:15:00,106.4,107.3,103.85,106.4,151970
2026-03-27 10:16:00,10:16:00,105.6,107.3,103.35,103.65,92755
2026-03-27 10:17:00,10:17:00,105.2,106.6,103.5,105.85,69225
2026-03-27 10:18:00,10:18:00,95.7,96.0,93.75,95.0,316225
2026-03-27 10:19:00,10:19:00,95.2,95.65,92.35,94.85,399815
2026-03-27 10:20:00,10:20:00,105.15,105.75,100.8,100.8,137280
2026-03-27 10:21:00,10:21:00,101.15,101.15,97.1,99.0,261040
2026-03-27 10:22:00,10:22:00,99.8,99.8,96.35,96.35,115505
2026-03-27 10:23:00,10:23:00,96.6,98.2,95.95,96.75,101790
2026-03-27 10:24:00,10:24:00,95.5,96.75,93.0,93.95,177840
2026-03-27 10:25:00,10:25:00,94.15,96.0,93.45,93.6,158795
2026-03-27 10:26:00,10:26:00,93.5,97.25,93.2,97.15,111605
2026-03-27 10:27:00,10:27:00,97.15,99.2,96.75,97.45,143650
2026-03-27 10:28:00,10:28:00,97.35,97.95,94.8,94.8,82095
2026-03-27 10:29:00,10:29:00,95.45,97.2,94.65,95.45,52195
2026-03-27 10:30:00,10:30:00,95.05,95.55,91.4,91.7,118755
2026-03-27 10:31:00,10:31:00,102.15,102.45,97.75,97.75,317655
2026-03-27 10:32:00,10:32:00,87.6,90.5,87.1,90.15,162500
2026-03-27 10:33:00,10:33:00,90.45,93.45,90.15,92.9,131170
2026-03-27 10:34:00,10:34:00,92.8,94.7,92.3,92.55,154830
2026-03-27 10:35:00,10:35:00,92.05,94.2,91.8,92.1,105885
2026-03-27 10:36:00,10:36:00,91.4,92.7,90.05,92.45,121420
2026-03-27 10:37:00,10:37:00,93.0,93.5,91.1,91.95,143325
2026-03-27 10:38:00,10:38:00,92.05,92.5,86.0,86.55,282230
2026-03-27 10:39:00,10:39:00,86.85,89.5,86.55,88.25,66235
2026-03-27 10:40:00,10:40:00,88.7,93.45,88.25,93.1,99970
2026-03-27 10:41:00,10:41:00,92.9,94.2,92.55,94.2,135460
2026-03-27 10:42:00,10:42:00,94.0,96.35,92.0,93.3,182585
2026-03-27 10:43:00,10:43:00,93.05,95.9,91.7,94.7,74035
2026-03-27 10:44:00,10:44:00,94.7,96.0,94.5,96.0,81705
2026-03-27 10:45:00,10:45:00,95.9,98.8,95.45,98.6,165295
2026-03-27 10:46:00,10:46:00,88.1,89.45,86.2,89.25,428285
2026-03-27 10:47:00,10:47:00,99.95,99.95,97.2,98.5,132275
2026-03-27 10:48:00,10:48:00,97.7,98.5,94.45,94.45,117195
2026-03-27 10:49:00,10:49:00,94.35,98.5,94.35,98.5,71760
2026-03-27 10:50:00,10:50:00,87.9,89.1,87.1,88.4,382720
2026-03-27 10:51:00,10:51:00,88.5,90.7,87.55,89.9,528450
2026-03-27 10:52:00,10:52:00,90.1,90.65,88.3,89.8,459745
2026-03-27 10:53:00,10:53:00,88.8,91.4,88.25,91.35,456820
2026-03-27 10:54:00,10:54:00,90.8,94.6,90.55,94.05,1124045
2026-03-27 10:55:00,10:55:00,94.0,95.15,90.55,91.0,921440
2026-03-27 10:56:00,10:56:00,90.7,91.0,88.6,88.75,419770
2026-03-27 10:57:00,10:57:00,88.4,92.35,88.4,91.1,369720
2026-03-27 10:58:00,10:58:00,101.55,101.75,97.85,98.45,124995
2026-03-27 10:59:00,10:59:00,88.45,89.45,87.35,87.35,278980
2026-03-27 11:00:00,11:00:00,97.8,98.35,91.5,92.0,246285
2026-03-27 11:01:00,11:01:00,92.95,95.0,89.9,91.65,180050
2026-03-27 11:02:00,11:02:00,91.8,92.1,90.0,92.05,85995
2026-03-27 11:03:00,11:03:00,82.8,87.4,82.2,85.9,677625
2026-03-27 11:04:00,11:04:00,96.2,96.9,92.9,94.1,123110
2026-03-27 11:05:00,11:05:00,93.9,96.0,93.2,93.2,67730
2026-03-27 11:06:00,11:06:00,93.35,95.0,92.6,93.5,38805
2026-03-27 11:07:00,11:07:00,93.2,93.5,90.5,91.8,74425
2026-03-27 11:08:00,11:08:00,92.8,93.25,90.8,92.15,55575
2026-03-27 11:09:00,11:09:00,92.3,92.35,89.5,90.0,113945
2026-03-27 11:10:00,11:10:00,90.3,91.75,88.85,91.75,86320
2026-03-27 11:11:00,11:11:00,91.75,92.2,90.1,90.65,51155
2026-03-27 11:12:00,11:12:00,91.25,94.0,90.65,91.7,117780
2026-03-27 11:13:00,11:13:00,92.15,93.75,91.0,91.3,56095
2026-03-27 11:14:00,11:14:00,91.75,93.1,90.85,91.25,46345
2026-03-27 11:15:00,11:15:00,91.05,92.9,90.7,92.0,43615
2026-03-27 11:16:00,11:16:00,92.35,92.35,89.1,90.75,58240
2026-03-27 11:17:00,11:17:00,90.85,92.7,90.55,91.95,48815
2026-03-27 11:18:00,11:18:00,82.0,85.7,81.85,85.7,381745
2026-03-27 11:19:00,11:19:00,85.6,86.7,84.45,85.25,555360
2026-03-27 11:20:00,11:20:00,84.5,85.9,84.0,84.45,341185
2026-03-27 11:21:00,11:21:00,84.05,86.3,83.7,86.25,243815
2026-03-27 11:22:00,11:22:00,86.0,86.65,84.05,85.55,278655
2026-03-27 11:23:00,11:23:00,85.5,87.45,84.65,86.85,317005
2026-03-27 11:24:00,11:24:00,87.0,88.5,85.75,88.0,555750
2026-03-27 11:25:00,11:25:00,87.35,90.5,87.35,89.7,696670
2026-03-27 11:26:00,11:26:00,89.0,91.2,87.75,87.9,490880
2026-03-27 11:27:00,11:27:00,88.25,89.7,85.35,89.6,477490
2026-03-27 11:28:00,11:28:00,89.95,93.15,89.6,92.35,978705
2026-03-27 11:29:00,11:29:00,92.25,94.75,91.4,91.55,811460
2026-03-27 11:30:00,11:30:00,91.55,93.0,90.0,91.6,612885
2026-03-27 11:31:00,11:31:00,91.55,92.35,90.85,92.0,296465
2026-03-27 11:32:00,11:32:00,92.55,94.8,91.75,91.85,542425
2026-03-27 11:33:00,11:33:00,91.5,91.85,87.9,88.65,720655
2026-03-27 11:34:00,11:34:00,88.95,92.95,88.65,92.1,482105
2026-03-27 11:35:00,11:35:00,91.15,92.1,89.1,89.75,313365
2026-03-27 11:36:00,11:36:00,90.6,91.3,87.1,88.8,468715
2026-03-27 11:37:00,11:37:00,88.65,88.8,84.0,86.35,720720
2026-03-27 11:38:00,11:38:00,86.35,87.9,85.0,85.05,379925
2026-03-27 11:39:00,11:39:00,84.9,85.15,83.0,85.0,436800
2026-03-27 11:40:00,11:40:00,84.95,85.55,82.3,82.3,248170
2026-03-27 11:41:00,11:41:00,82.4,86.0,82.3,85.9,275665
2026-03-27 11:42:00,11:42:00,86.15,87.5,85.55,87.15,361855
2026-03-27 11:43:00,11:43:00,87.0,89.95,87.0,87.2,412880
2026-03-27 11:44:00,11:44:00,86.95,87.2,82.7,83.1,442910
2026-03-27 11:45:00,11:45:00,83.7,85.05,83.1,84.8,286780
2026-03-27 11:46:00,11:46:00,85.2,85.35,81.95,83.55,326170
2026-03-27 11:47:00,11:47:00,83.55,84.9,83.3,84.65,175045
2026-03-27 11:48:00,11:48:00,85.25,85.6,82.75,82.75,320450
2026-03-27 11:49:00,11:49:00,82.6,85.3,82.6,84.25,190320
2026-03-27 11:50:00,11:50:00,84.35,85.05,83.25,83.25,148200
2026-03-27 11:51:00,11:51:00,84.1,84.3,82.45,84.0,212420
2026-03-27 11:52:00,11:52:00,83.5,84.3,82.55,83.1,157430
2026-03-27 11:53:00,11:53:00,83.2,83.8,79.65,80.1,649155
2026-03-27 11:54:00,11:54:00,80.3,81.6,79.85,80.85,295880
2026-03-27 11:55:00,11:55:00,80.65,84.0,80.65,82.65,313625
2026-03-27 11:56:00,11:56:00,82.75,86.25,82.6,84.5,468195
2026-03-27 11:57:00,11:57:00,84.0,86.0,83.75,85.1,302055
2026-03-27 11:58:00,11:58:00,84.75,86.1,84.2,85.65,231205
2026-03-27 11:59:00,11:59:00,85.6,85.95,83.4,85.25,208130
2026-03-27 12:00:00,12:00:00,85.05,87.7,85.05,87.55,405795
2026-03-27 12:01:00,12:01:00,87.45,88.9,86.45,88.9,358280
2026-03-27 12:02:00,12:02:00,80.0,81.5,78.55,79.4,203775
2026-03-27 12:03:00,12:03:00,89.1,90.05,84.7,86.6,527670
2026-03-27 12:04:00,12:04:00,86.5,86.6,83.6,86.35,398515
2026-03-27 12:05:00,12:05:00,85.7,86.85,85.0,85.8,237380
2026-03-27 12:06:00,12:06:00,85.75,87.2,85.15,85.15,213785
2026-03-27 12:07:00,12:07:00,85.1,85.6,82.3,82.5,273130
2026-03-27 12:08:00,12:08:00,82.15,83.65,80.95,83.35,518375
2026-03-27 12:09:00,12:09:00,83.3,84.5,82.7,84.3,256685
2026-03-27 12:10:00,12:10:00,84.5,85.65,84.0,84.85,256360
2026-03-27 12:11:00,12:11:00,85.25,87.5,84.85,86.65,384475
2026-03-27 12:12:00,12:12:00,86.9,86.9,82.6,83.95,294970
2026-03-27 12:13:00,12:13:00,83.7,85.05,83.25,84.5,166205
2026-03-27 12:14:00,12:14:00,85.2,85.85,84.5,85.4,134485
2026-03-27 12:15:00,12:15:00,85.65,86.7,84.2,84.2,182520
2026-03-27 12:16:00,12:16:00,75.2,76.65,74.6,76.65,34060
2026-03-27 12:17:00,12:17:00,76.6,78.4,76.55,77.15,75400
2026-03-27 12:18:00,12:18:00,76.8,80.3,76.65,79.15,82550
2026-03-27 12:19:00,12:19:00,78.55,79.9,77.75,78.85,77090
2026-03-27 12:20:00,12:20:00,78.55,80.15,78.35,79.0,94770
2026-03-27 12:21:00,12:21:00,89.7,89.7,84.0,84.0,533520
2026-03-27 12:22:00,12:22:00,84.0,86.65,84.0,85.25,312845
2026-03-27 12:23:00,12:23:00,85.85,86.25,84.2,86.2,231660
2026-03-27 12:24:00,12:24:00,86.15,86.45,82.6,82.65,386750
2026-03-27 12:25:00,12:25:00,82.8,84.5,81.15,81.2,387660
2026-03-27 12:26:00,12:26:00,80.8,81.2,77.6,78.55,904930
2026-03-27 12:27:00,12:27:00,78.8,79.45,75.0,75.35,734175
2026-03-27 12:28:00,12:28:00,75.2,76.95,75.05,76.9,436605
2026-03-27 12:29:00,12:29:00,76.95,77.3,74.65,75.4,505375
2026-03-27 12:30:00,12:30:00,75.4,78.35,75.4,78.35,393120
2026-03-27 12:31:00,12:31:00,78.6,79.6,78.25,79.45,460200
2026-03-27 12:32:00,12:32:00,79.1,82.15,79.0,80.35,534820
2026-03-27 12:33:00,12:33:00,80.15,80.6,78.3,79.0,336700
2026-03-27 12:34:00,12:34:00,79.0,79.1,76.75,77.25,250965
2026-03-27 12:35:00,12:35:00,77.45,78.65,76.1,76.1,254215
2026-03-27 12:36:00,12:36:00,76.6,78.65,76.0,78.05,290225
2026-03-27 12:37:00,12:37:00,77.75,78.7,77.5,78.7,153335
2026-03-27 12:38:00,12:38:00,78.75,80.55,78.5,79.4,231400
2026-03-27 12:39:00,12:39:00,79.4,80.35,78.55,79.65,207025
2026-03-27 12:40:00,12:40:00,79.5,81.75,79.1,81.5,207740
2026-03-27 12:41:00,12:41:00,81.25,82.7,80.3,80.75,361530
2026-03-27 12:42:00,12:42:00,80.5,80.9,77.7,77.8,265395
2026-03-27 12:43:00,12:43:00,77.65,80.25,77.65,80.2,178425
2026-03-27 12:44:00,12:44:00,80.0,80.25,78.05,78.05,156260
2026-03-27 12:45:00,12:45:00,77.9,80.85,77.9,78.8,255255
2026-03-27 12:46:00,12:46:00,79.2,81.5,78.55,79.9,222235
2026-03-27 12:47:00,12:47:00,79.9,81.45,78.65,78.95,229255
2026-03-27 12:48:00,12:48:00,78.95,79.3,77.4,78.55,200785
2026-03-27 12:49:00,12:49:00,78.3,78.85,77.2,78.1,111475
2026-03-27 12:50:00,12:50:00,77.9,78.1,74.4,75.05,649220
2026-03-27 12:51:00,12:51:00,75.1,78.25,75.05,77.95,362830
2026-03-27 12:52:00,12:52:00,77.95,79.8,77.65,79.8,257075
2026-03-27 12:53:00,12:53:00,80.15,81.0,77.1,77.2,561470
2026-03-27 12:54:00,12:54:00,76.75,78.5,75.35,77.25,474955
2026-03-27 12:55:00,12:55:00,77.15,77.3,75.8,76.75,210665
2026-03-27 12:56:00,12:56:00,76.85,76.85,75.0,75.0,232700
2026-03-27 12:57:00,12:57:00,74.8,75.6,73.1,75.0,416910
2026-03-27 12:58:00,12:58:00,75.45,79.65,75.0,78.1,360815
2026-03-27 12:59:00,12:59:00,77.9,80.1,77.65,79.15,285675
2026-03-27 13:00:00,13:00:00,78.8,79.9,77.3,79.0,242775
2026-03-27 13:01:00,13:01:00,79.0,80.75,78.7,80.15,265720
2026-03-27 13:02:00,13:02:00,80.35,81.0,79.8,80.55,235365
2026-03-27 13:03:00,13:03:00,80.8,83.85,80.55,82.45,643825
2026-03-27 13:04:00,13:04:00,82.7,84.9,82.45,84.6,403260
2026-03-27 13:05:00,13:05:00,84.95,85.0,83.15,83.55,449670
2026-03-27 13:06:00,13:06:00,83.7,84.0,82.35,83.35,224640
2026-03-27 13:07:00,13:07:00,83.45,84.6,81.35,83.4,366210
2026-03-27 13:08:00,13:08:00,83.45,84.75,82.4,82.85,230685
2026-03-27 13:09:00,13:09:00,82.9,84.95,82.65,83.85,312780
2026-03-27 13:10:00,13:10:00,73.75,74.8,72.6,74.8,50505
2026-03-27 13:11:00,13:11:00,74.7,74.8,73.0,73.3,82355
2026-03-27 13:12:00,13:12:00,83.95,83.95,79.7,80.8,425945
2026-03-27 13:13:00,13:13:00,81.3,82.4,79.3,79.45,325390
2026-03-27 13:14:00,13:14:00,79.75,79.75,76.6,77.4,432575
2026-03-27 13:15:00,13:15:00,77.6,79.45,77.4,77.8,283270
2026-03-27 13:16:00,13:16:00,77.5,77.95,73.15,73.25,736125
2026-03-27 13:17:00,13:17:00,83.6,83.9,74.2,78.4,434395
2026-03-27 13:18:00,13:18:00,68.95,72.7,68.85,72.4,548990
2026-03-27 13:19:00,13:19:00,72.5,72.9,70.3,70.9,342095
2026-03-27 13:20:00,13:20:00,71.85,74.75,70.9,74.75,400335
2026-03-27 13:21:00,13:21:00,74.15,74.75,73.15,74.5,296400
2026-03-27 13:22:00,13:22:00,74.45,76.0,73.75,73.75,407485
2026-03-27 13:23:00,13:23:00,73.15,74.25,72.75,73.3,228280
2026-03-27 13:24:00,13:24:00,73.05,74.4,73.0,74.4,146640
2026-03-27 13:25:00,13:25:00,74.05,74.4,71.95,72.0,269165
2026-03-27 13:26:00,13:26:00,71.85,72.4,70.05,71.9,345410
2026-03-27 13:27:00,13:27:00,71.3,73.5,70.55,73.2,233935
2026-03-27 13:28:00,13:28:00,73.5,75.2,72.85,75.1,419185
2026-03-27 13:29:00,13:29:00,75.3,77.95,75.1,77.95,570440
2026-03-27 13:30:00,13:30:00,77.85,81.35,77.1,78.5,817245
2026-03-27 13:31:00,13:31:00,78.8,80.45,77.2,79.3,439465
2026-03-27 13:32:00,13:32:00,69.4,72.8,69.1,72.8,121485
2026-03-27 13:33:00,13:33:00,82.6,83.25,78.75,79.3,653835
2026-03-27 13:34:00,13:34:00,69.3,70.85,68.4,70.4,87425
2026-03-27 13:35:00,13:35:00,70.85,72.95,70.4,71.85,101530
2026-03-27 13:36:00,13:36:00,81.6,81.8,77.9,78.3,480740
2026-03-27 13:37:00,13:37:00,68.65,72.95,68.45,72.85,73320
2026-03-27 13:38:00,13:38:00,73.0,74.95,72.85,72.9,148980
2026-03-27 13:39:00,13:39:00,73.0,75.05,72.9,74.75,98345
2026-03-27 13:40:00,13:40:00,75.45,75.45,70.7,70.95,170560
2026-03-27 13:41:00,13:41:00,80.7,82.45,79.45,80.5,369655
2026-03-27 13:42:00,13:42:00,80.75,82.1,77.9,77.95,320775
2026-03-27 13:43:00,13:43:00,77.85,79.15,75.2,79.05,664950
2026-03-27 13:44:00,13:44:00,79.15,81.6,79.0,79.85,415610
2026-03-27 13:45:00,13:45:00,80.05,80.25,77.5,78.85,234975
2026-03-27 13:46:00,13:46:00,79.75,80.7,78.45,80.7,255190
2026-03-27 13:47:00,13:47:00,80.55,81.0,78.55,80.6,236990
2026-03-27 13:48:00,13:48:00,80.45,80.6,78.5,78.65,235365
2026-03-27 13:49:00,13:49:00,69.1,71.25,68.05,71.25,57395
2026-03-27 13:50:00,13:50:00,81.35,81.5,79.8,79.9,363025
2026-03-27 13:51:00,13:51:00,79.4,79.9,75.8,76.4,501800
2026-03-27 13:52:00,13:52:00,76.6,78.05,76.4,77.1,183300
2026-03-27 13:53:00,13:53:00,77.15,79.2,76.8,78.6,482430
2026-03-27 13:54:00,13:54:00,79.05,79.9,78.1,79.6,365560
2026-03-27 13:55:00,13:55:00,69.7,71.45,68.4,70.9,51935
2026-03-27 13:56:00,13:56:00,80.5,81.35,79.2,79.75,218920
2026-03-27 13:57:00,13:57:00,79.5,80.0,78.55,79.4,184795
2026-03-27 13:58:00,13:58:00,69.75,72.95,68.7,72.5,58305
2026-03-27 13:59:00,13:59:00,72.55,73.4,68.75,69.05,110695
2026-03-27 14:00:00,14:00:00,69.7,71.5,68.8,71.05,41665
2026-03-27 14:01:00,14:01:00,70.85,71.9,70.2,70.3,40625
2026-03-27 14:02:00,14:02:00,80.2,80.5,77.8,78.0,347945
2026-03-27 14:03:00,14:03:00,68.35,70.2,67.5,69.55,62400
2026-03-27 14:04:00,14:04:00,69.3,70.7,68.8,70.45,50765
2026-03-27 14:05:00,14:05:00,69.9,72.7,67.95,72.3,78130
2026-03-27 14:06:00,14:06:00,72.5,75.85,72.3,74.1,187460
2026-03-27 14:07:00,14:07:00,74.25,76.8,73.7,76.2,169130
2026-03-27 14:08:00,14:08:00,75.85,78.5,75.2,77.15,153725
2026-03-27 14:09:00,14:09:00,77.05,77.35,72.9,72.9,150800
2026-03-27 14:10:00,14:10:00,72.8,77.6,72.8,76.95,136305
2026-03-27 14:11:00,14:11:00,76.85,80.4,76.65,76.65,234715
2026-03-27 14:12:00,14:12:00,75.7,76.65,74.1,74.65,183040
2026-03-27 14:13:00,14:13:00,75.0,75.2,71.65,72.35,129415
2026-03-27 14:14:00,14:14:00,72.6,72.65,70.25,71.05,128635
2026-03-27 14:15:00,14:15:00,71.55,72.75,70.05,70.25,77025
2026-03-27 14:16:00,14:16:00,70.0,73.5,69.95,73.1,81900
2026-03-27 14:17:00,14:17:00,73.3,74.5,72.5,74.35,69485
2026-03-27 14:18:00,14:18:00,74.15,74.5,72.8,73.7,43615
2026-03-27 14:19:00,14:19:00,73.85,78.0,73.7,77.3,113880
2026-03-27 14:20:00,14:20:00,77.7,77.7,74.95,75.55,114790
2026-03-27 14:21:00,14:21:00,75.7,78.05,75.55,77.65,71110
2026-03-27 14:22:00,14:22:00,77.7,80.95,77.6,80.0,184860
2026-03-27 14:23:00,14:23:00,79.9,82.35,78.4,79.0,246480
2026-03-27 14:24:00,14:24:00,78.6,81.15,78.25,80.6,74555
2026-03-27 14:25:00,14:25:00,80.2,80.6,77.1,77.4,124475
2026-03-27 14:26:00,14:26:00,77.35,82.3,77.05,81.75,127790
2026-03-27 14:27:00,14:27:00,81.55,82.45,76.6,77.75,205270
2026-03-27 14:28:00,14:28:00,77.25,78.6,76.4,76.9,90610
2026-03-27 14:29:00,14:29:00,76.85,78.05,76.0,78.05,51350
2026-03-27 14:30:00,14:30:00,77.5,79.0,77.0,77.95,54080
2026-03-27 14:31:00,14:31:00,68.35,71.5,67.4,71.5,157040
2026-03-27 14:32:00,14:32:00,72.8,72.8,69.0,69.95,455130
2026-03-27 14:33:00,14:33:00,70.2,71.6,69.8,70.75,260910
2026-03-27 14:34:00,14:34:00,70.15,74.4,70.15,72.85,421005
2026-03-27 14:35:00,14:35:00,73.0,75.25,70.6,74.2,423475
2026-03-27 14:36:00,14:36:00,74.45,82.9,72.9,80.25,713830
2026-03-27 14:37:00,14:37:00,80.1,83.8,79.45,80.4,709930
2026-03-27 14:38:00,14:38:00,80.35,82.55,78.15,82.25,509145
2026-03-27 14:39:00,14:39:00,82.25,83.35,80.9,81.85,359580
2026-03-27 14:40:00,14:40:00,82.15,84.2,79.9,83.95,465530
2026-03-27 14:41:00,14:41:00,83.3,83.95,77.65,78.2,430625
2026-03-27 14:42:00,14:42:00,77.85,78.2,74.15,74.15,454415
2026-03-27 14:43:00,14:43:00,73.45,74.8,72.15,72.65,294970
2026-03-27 14:44:00,14:44:00,72.85,77.2,72.65,75.75,289120
2026-03-27 14:45:00,14:45:00,75.4,76.6,74.0,74.0,182520
2026-03-27 14:46:00,14:46:00,73.6,75.55,73.5,75.25,132275
2026-03-27 14:47:00,14:47:00,76.45,77.75,75.25,76.65,318305
2026-03-27 14:48:00,14:48:00,77.45,77.55,73.6,75.3,255125
2026-03-27 14:49:00,14:49:00,75.0,75.5,73.95,75.0,80795
2026-03-27 14:50:00,14:50:00,75.25,76.45,74.5,74.65,233090
2026-03-27 14:51:00,14:51:00,75.25,75.7,71.15,72.5,281255
2026-03-27 14:52:00,14:52:00,72.0,73.75,71.45,73.3,173095
2026-03-27 14:53:00,14:53:00,73.3,74.8,71.9,74.8,121940
2026-03-27 14:54:00,14:54:00,74.5,75.0,71.9,72.4,154960
2026-03-27 14:55:00,14:55:00,72.25,73.55,71.1,72.75,137995
2026-03-27 14:56:00,14:56:00,72.7,73.9,69.7,70.7,235365
2026-03-27 14:57:00,14:57:00,71.1,74.5,70.7,72.55,219505
2026-03-27 14:58:00,14:58:00,72.4,74.0,72.4,73.75,108485
2026-03-27 14:59:00,14:59:00,74.2,74.2,71.75,72.8,158080
2026-03-27 15:00:00,15:00:00,73.6,77.0,68.8,71.3,607880
2026-03-27 15:01:00,15:01:00,71.4,74.85,69.75,71.35,426270
2026-03-27 15:02:00,15:02:00,71.5,71.5,65.45,65.95,562705
2026-03-27 15:03:00,15:03:00,56.9,60.6,56.65,60.35,143585
2026-03-27 15:04:00,15:04:00,70.15,70.4,66.7,67.65,253435
2026-03-27 15:05:00,15:05:00,58.0,61.65,57.75,61.0,133965
2026-03-27 15:06:00,15:06:00,71.5,72.05,70.45,72.0,371020
2026-03-27 15:07:00,15:07:00,62.3,66.0,61.05,63.55,175435
2026-03-27 15:08:00,15:08:00,64.05,64.05,61.45,62.3,105040
2026-03-27 15:09:00,15:09:00,62.05,63.25,61.75,62.25,77740
2026-03-27 15:10:00,15:10:00,71.75,72.85,69.2,71.4,444275
2026-03-27 15:11:00,15:11:00,71.35,73.1,71.1,71.45,167310
2026-03-27 15:12:00,15:12:00,62.0,63.75,61.85,63.1,82420
2026-03-27 15:13:00,15:13:00,63.4,63.85,60.35,61.7,106340
2026-03-27 15:14:00,15:14:00,61.45,62.05,59.65,60.6,115115
2026-03-27 15:15:00,15:15:00,60.35,63.4,60.35,62.55,182520
2026-03-27 15:16:00,15:16:00,62.7,64.3,62.55,62.9,182325
2026-03-27 15:17:00,15:17:00,63.15,64.0,62.45,63.5,98280
2026-03-27 15:18:00,15:18:00,63.75,64.4,63.5,64.05,105885
2026-03-27 15:19:00,15:19:00,64.05,64.2,61.85,62.75,88010
2026-03-27 15:20:00,15:20:00,62.8,64.55,62.75,63.2,146185
2026-03-27 15:21:00,15:21:00,63.55,63.8,62.7,63.35,178685
2026-03-27 15:22:00,15:22:00,63.2,65.0,63.2,64.0,305695
2026-03-27 15:23:00,15:23:00,63.85,64.65,63.65,64.35,70590
2026-03-27 15:24:00,15:24:00,64.35,64.5,63.3,63.8,106535
2026-03-27 15:25:00,15:25:00,63.95,64.3,63.5,63.65,175175
2026-03-27 15:26:00,15:26:00,63.9,64.25,62.95,63.3,176735
2026-03-27 15:27:00,15:27:00,63.25,63.8,63.05,63.15,79300
2026-03-27 15:28:00,15:28:00,72.2,73.0,70.75,72.95,653510
2026-03-27 15:29:00,15:29:00,73.3,77.7,72.95,73.65,627575
2026-03-30 09:15:00,09:15:00,30.3,83.25,30.3,71.8,2983370
2026-03-30 09:16:00,09:16:00,70.45,71.8,52.05,62.6,2143895
2026-03-30 09:17:00,09:17:00,60.65,63.45,56.3,56.3,1288755
2026-03-30 09:18:00,09:18:00,56.3,60.4,52.05,57.25,1220180
2026-03-30 09:19:00,09:19:00,57.65,60.25,53.75,54.25,1158170
2026-03-30 09:20:00,09:20:00,54.05,58.75,52.5,55.7,1102790
2026-03-30 09:21:00,09:21:00,55.45,58.3,53.5,53.6,662155
2026-03-30 09:22:00,09:22:00,70.4,72.6,61.05,66.3,3249155
2026-03-30 09:23:00,09:23:00,66.3,67.9,63.7,65.05,1632540
2026-03-30 09:24:00,09:24:00,65.4,70.65,63.85,67.2,1416740
2026-03-30 09:25:00,09:25:00,67.1,70.5,64.35,65.45,1428895
2026-03-30 09:26:00,09:26:00,64.9,65.45,59.1,62.45,2138370
2026-03-30 09:27:00,09:27:00,61.9,67.2,61.85,65.75,1340430
2026-03-30 09:28:00,09:28:00,66.8,68.95,59.6,60.05,1580540
2026-03-30 09:29:00,09:29:00,78.05,78.1,67.45,68.85,2835625
2026-03-30 09:30:00,09:30:00,68.0,69.05,61.25,68.35,2200705
2026-03-30 09:31:00,09:31:00,66.15,68.35,58.15,58.55,1798485
2026-03-30 09:32:00,09:32:00,74.9,75.55,68.95,72.7,4827355
2026-03-30 09:33:00,09:33:00,72.7,75.7,71.15,72.8,2654340
2026-03-30 09:34:00,09:34:00,91.2,91.2,73.45,75.15,2948985
2026-03-30 09:35:00,09:35:00,59.7,65.5,59.55,63.65,3931265
2026-03-30 09:36:00,09:36:00,79.55,80.35,67.2,68.3,1947725
2026-03-30 09:37:00,09:37:00,69.9,74.6,68.3,71.1,1309165
2026-03-30 09:38:00,09:38:00,72.25,78.05,69.35,75.45,1126060
2026-03-30 09:39:00,09:39:00,75.9,78.6,72.35,74.95,1002040
2026-03-30 09:40:00,09:40:00,75.1,82.15,74.2,76.0,1312090
2026-03-30 09:41:00,09:41:00,76.75,76.75,67.5,72.65,1093040
2026-03-30 09:42:00,09:42:00,57.95,63.15,56.9,62.55,1620970
2026-03-30 09:43:00,09:43:00,62.6,66.4,60.0,66.4,2174250
2026-03-30 09:44:00,09:44:00,67.05,70.05,66.4,67.0,3599180
2026-03-30 09:45:00,09:45:00,82.9,83.85,73.35,75.45,1179230
2026-03-30 09:46:00,09:46:00,75.95,77.4,71.15,75.1,782015
2026-03-30 09:47:00,09:47:00,60.05,64.55,58.55,64.5,1246700
2026-03-30 09:48:00,09:48:00,63.55,71.85,63.55,70.0,4007510
2026-03-30 09:49:00,09:49:00,70.45,73.7,67.05,71.0,3951350
2026-03-30 09:50:00,09:50:00,55.25,59.7,54.7,56.25,1258400
2026-03-30 09:51:00,09:51:00,71.75,71.9,58.4,62.6,4200625
2026-03-30 09:52:00,09:52:00,61.1,68.65,59.65,66.75,2272920
2026-03-30 09:53:00,09:53:00,67.8,70.1,64.15,68.7,1681875
2026-03-30 09:54:00,09:54:00,52.85,56.0,51.25,55.15,792350
2026-03-30 09:55:00,09:55:00,55.45,59.4,54.05,57.75,1181180
2026-03-30 09:56:00,09:56:00,58.3,58.3,52.05,54.6,901290
2026-03-30 09:57:00,09:57:00,54.35,55.15,50.35,53.1,840190
2026-03-30 09:58:00,09:58:00,52.9,61.5,52.9,58.35,1609595
2026-03-30 09:59:00,09:59:00,58.65,58.65,52.4,54.15,942240
2026-03-30 10:00:00,10:00:00,54.0,56.85,53.05,55.65,683150
2026-03-30 10:01:00,10:01:00,56.6,56.6,50.3,51.6,807755
2026-03-30 10:02:00,10:02:00,68.6,68.8,59.4,60.5,3467620
2026-03-30 10:03:00,10:03:00,60.65,60.7,52.05,53.7,4069390
2026-03-30 10:04:00,10:04:00,53.5,59.1,53.35,57.9,2306330
2026-03-30 10:05:00,10:05:00,59.0,62.05,57.65,61.15,1992705
2026-03-30 10:06:00,10:06:00,59.55,65.6,59.55,63.8,2360865
2026-03-30 10:07:00,10:07:00,47.85,53.1,47.85,51.7,918580
2026-03-30 10:08:00,10:08:00,51.0,54.75,51.0,53.5,1277900
2026-03-30 10:09:00,10:09:00,52.4,56.75,51.6,54.5,1069185
2026-03-30 10:10:00,10:10:00,54.75,63.4,54.4,59.6,1960270
2026-03-30 10:11:00,10:11:00,44.25,47.95,42.75,47.95,1888055
2026-03-30 10:12:00,10:12:00,48.1,48.1,44.55,45.95,2413905
2026-03-30 10:13:00,10:13:00,45.0,50.1,44.35,44.5,2295865
2026-03-30 10:14:00,10:14:00,59.75,60.2,51.0,51.0,1920945
2026-03-30 10:15:00,10:15:00,51.75,56.8,47.95,56.8,1659645
2026-03-30 10:16:00,10:16:00,56.75,58.55,53.7,55.5,1114620
2026-03-30 10:17:00,10:17:00,40.5,44.0,40.35,43.8,1156870
2026-03-30 10:18:00,10:18:00,43.65,46.75,43.35,46.75,1742065
2026-03-30 10:19:00,10:19:00,45.85,46.75,43.6,44.6,1128660
2026-03-30 10:20:00,10:20:00,44.9,46.65,43.7,44.7,1317095
2026-03-30 10:21:00,10:21:00,45.55,46.2,42.25,43.95,1381705
2026-03-30 10:22:00,10:22:00,43.65,47.4,41.75,45.6,1698710
2026-03-30 10:23:00,10:23:00,44.65,50.35,43.8,47.7,2079285
2026-03-30 10:24:00,10:24:00,48.2,49.1,44.65,46.65,1813760
2026-03-30 10:25:00,10:25:00,46.9,47.1,41.75,42.8,1343485
2026-03-30 10:26:00,10:26:00,42.8,44.5,40.75,43.85,1382225
2026-03-30 10:27:00,10:27:00,43.9,46.55,42.05,46.0,995930
2026-03-30 10:28:00,10:28:00,44.85,48.9,44.2,46.95,2002780
2026-03-30 10:29:00,10:29:00,46.5,48.2,44.3,48.2,1177800
2026-03-30 10:30:00,10:30:00,47.75,48.2,44.7,44.8,1219010
2026-03-30 10:31:00,10:31:00,44.55,47.95,44.3,47.35,1053715
2026-03-30 10:32:00,10:32:00,47.4,48.1,45.1,46.8,1400555
2026-03-30 10:33:00,10:33:00,32.45,34.8,31.8,34.8,670150
2026-03-30 10:34:00,10:34:00,49.45,49.55,44.45,44.5,1871220
2026-03-30 10:35:00,10:35:00,43.6,44.5,40.6,41.5,1967290
2026-03-30 10:36:00,10:36:00,41.45,42.6,39.15,42.5,1559740
2026-03-30 10:37:00,10:37:00,42.45,45.2,40.8,44.0,1397240
2026-03-30 10:38:00,10:38:00,43.8,44.0,37.5,37.6,1892540
2026-03-30 10:39:00,10:39:00,38.0,39.9,36.55,39.2,1413100
2026-03-30 10:40:00,10:40:00,39.75,39.85,35.75,38.0,1372605
2026-03-30 10:41:00,10:41:00,38.35,43.7,37.35,42.7,1471275
2026-03-30 10:42:00,10:42:00,42.7,44.35,41.45,43.55,1078350
2026-03-30 10:43:00,10:43:00,29.7,33.6,29.25,32.55,1125735
2026-03-30 10:44:00,10:44:00,32.75,33.2,30.8,32.3,950495
2026-03-30 10:45:00,10:45:00,32.25,33.25,31.05,31.5,766675
2026-03-30 10:46:00,10:46:00,31.6,31.6,27.7,29.1,1177865
2026-03-30 10:47:00,10:47:00,42.9,46.4,39.45,39.5,1595360
2026-03-30 10:48:00,10:48:00,39.4,41.95,38.2,41.95,1337115
2026-03-30 10:49:00,10:49:00,40.95,42.5,39.6,40.75,967525
2026-03-30 10:50:00,10:50:00,41.75,42.0,39.0,39.35,752765
2026-03-30 10:51:00,10:51:00,26.55,30.2,26.45,29.6,562250
2026-03-30 10:52:00,10:52:00,28.45,31.2,28.45,30.5,632645
2026-03-30 10:53:00,10:53:00,30.4,37.3,30.0,37.05,1670435
2026-03-30 10:54:00,10:54:00,38.1,38.1,34.8,35.2,1545180
2026-03-30 10:55:00,10:55:00,35.05,39.0,34.65,37.65,1619280
2026-03-30 10:56:00,10:56:00,37.5,38.85,29.4,30.9,2289040
2026-03-30 10:57:00,10:57:00,30.9,31.1,27.4,28.9,1345695
2026-03-30 10:58:00,10:58:00,29.0,32.55,28.8,29.95,1038570
2026-03-30 10:59:00,10:59:00,30.4,35.25,29.8,35.2,777075
2026-03-30 11:00:00,11:00:00,35.3,35.75,31.4,33.2,960310
2026-03-30 11:01:00,11:01:00,34.15,35.4,33.2,35.4,995280
2026-03-30 11:02:00,11:02:00,35.25,35.4,31.55,33.05,689780
2026-03-30 11:03:00,11:03:00,33.1,33.45,28.8,28.8,853905
2026-03-30 11:04:00,11:04:00,28.75,30.8,28.4,30.0,594620
2026-03-30 11:05:00,11:05:00,30.15,31.0,29.2,30.6,608920
2026-03-30 11:06:00,11:06:00,30.85,32.6,29.9,30.75,639730
2026-03-30 11:07:00,11:07:00,30.65,31.9,29.85,30.65,612885
2026-03-30 11:08:00,11:08:00,30.8,34.65,30.65,33.35,792155
2026-03-30 11:09:00,11:09:00,22.25,28.95,22.25,28.95,2984085
2026-03-30 11:10:00,11:10:00,28.5,33.4,26.5,27.2,5340465
2026-03-30 11:11:00,11:11:00,27.7,30.4,26.9,29.65,2734875
2026-03-30 11:12:00,11:12:00,29.95,30.55,29.0,30.0,2245620
2026-03-30 11:13:00,11:13:00,43.7,44.25,36.15,36.7,1527760
2026-03-30 11:14:00,11:14:00,36.4,40.5,36.15,36.15,1127295
2026-03-30 11:15:00,11:15:00,23.75,26.1,23.65,26.1,1694225
2026-03-30 11:16:00,11:16:00,38.45,39.05,34.45,34.5,1112215
2026-03-30 11:17:00,11:17:00,22.6,24.4,22.35,23.45,1083355
2026-03-30 11:18:00,11:18:00,35.6,36.7,33.75,33.75,551655
2026-03-30 11:19:00,11:19:00,34.35,35.95,32.7,33.4,769275
2026-03-30 11:20:00,11:20:00,22.35,24.1,21.85,23.5,1203410
2026-03-30 11:21:00,11:21:00,35.8,36.75,32.05,32.85,1169545
2026-03-30 11:22:00,11:22:00,33.7,35.65,32.85,34.3,599885
2026-03-30 11:23:00,11:23:00,22.45,23.95,21.35,23.6,1136980
2026-03-30 11:24:00,11:24:00,35.45,35.8,33.45,34.25,632775
2026-03-30 11:25:00,11:25:00,34.0,35.3,33.6,34.25,724425
2026-03-30 11:26:00,11:26:00,22.35,25.4,21.7,24.3,1927575
2026-03-30 11:27:00,11:27:00,24.0,25.25,23.4,25.1,1218100
2026-03-30 11:28:00,11:28:00,25.15,26.65,24.65,25.0,1487980
2026-03-30 11:29:00,11:29:00,25.3,26.2,24.25,25.25,1299870
2026-03-30 11:30:00,11:30:00,25.75,27.4,24.25,24.5,2313350
2026-03-30 11:31:00,11:31:00,37.55,38.4,31.9,31.95,1454570
2026-03-30 11:32:00,11:32:00,30.95,31.95,29.6,30.25,2020200
2026-03-30 11:33:00,11:33:00,30.2,34.15,30.2,32.75,1222845
2026-03-30 11:34:00,11:34:00,32.0,32.75,26.9,27.6,1914705
2026-03-30 11:35:00,11:35:00,27.65,27.65,23.25,24.85,2422615
2026-03-30 11:36:00,11:36:00,25.3,27.0,24.35,24.35,1662050
2026-03-30 11:37:00,11:37:00,36.8,37.45,32.15,32.35,2532725
2026-03-30 11:38:00,11:38:00,32.65,34.55,31.65,31.85,2156440
2026-03-30 11:39:00,11:39:00,20.8,24.65,19.9,23.5,1850485
2026-03-30 11:40:00,11:40:00,23.4,26.15,23.0,23.0,1812135
2026-03-30 11:41:00,11:41:00,23.05,25.55,22.5,24.45,1008800
2026-03-30 11:42:00,11:42:00,24.45,26.2,24.1,26.2,892255
2026-03-30 11:43:00,11:43:00,25.9,27.8,25.1,25.2,1430585
2026-03-30 11:44:00,11:44:00,25.35,28.45,25.2,27.5,1062165
2026-03-30 11:45:00,11:45:00,17.5,19.85,17.3,19.65,2651545
2026-03-30 11:46:00,11:46:00,19.5,22.45,18.3,22.45,2739555
2026-03-30 11:47:00,11:47:00,22.55,23.55,21.3,22.45,3209375
2026-03-30 11:48:00,11:48:00,22.25,22.5,20.3,21.8,1840345
2026-03-30 11:49:00,11:49:00,21.8,22.7,21.05,22.4,1824875
2026-03-30 11:50:00,11:50:00,22.4,23.65,21.85,22.25,2265250
2026-03-30 11:51:00,11:51:00,22.05,22.55,20.45,22.1,1857765
2026-03-30 11:52:00,11:52:00,22.15,22.55,20.75,22.45,1542255
2026-03-30 11:53:00,11:53:00,22.45,22.7,21.2,22.45,1329380
2026-03-30 11:54:00,11:54:00,35.25,37.3,29.0,29.75,2249975
2026-03-30 11:55:00,11:55:00,29.6,29.9,25.0,25.0,1681355
2026-03-30 11:56:00,11:56:00,15.5,19.25,15.3,19.25,2786355
2026-03-30 11:57:00,11:57:00,30.0,30.8,27.65,28.65,1011855
2026-03-30 11:58:00,11:58:00,28.05,28.65,25.65,25.65,853970
2026-03-30 11:59:00,11:59:00,25.55,27.25,25.45,26.75,730535
2026-03-30 12:00:00,12:00:00,26.5,27.2,23.35,23.35,1114815
2026-03-30 12:01:00,12:01:00,23.3,23.35,20.85,21.1,1925885
2026-03-30 12:02:00,12:02:00,33.6,33.7,27.5,27.95,4370665
2026-03-30 12:03:00,12:03:00,28.65,29.0,24.6,26.55,5344040
2026-03-30 12:04:00,12:04:00,26.25,28.8,26.2,26.55,2397395
2026-03-30 12:05:00,12:05:00,26.45,27.05,20.7,24.4,5511350
2026-03-30 12:06:00,12:06:00,24.8,24.8,19.85,23.8,4451330
2026-03-30 12:07:00,12:07:00,24.3,24.4,21.9,23.65,2449135
2026-03-30 12:08:00,12:08:00,24.0,25.25,23.05,24.8,2086825
2026-03-30 12:09:00,12:09:00,25.05,25.4,22.55,22.7,2354170
2026-03-30 12:10:00,12:10:00,23.25,24.35,22.4,23.1,1315535
2026-03-30 12:11:00,12:11:00,23.1,23.45,20.6,21.95,1844700
2026-03-30 12:12:00,12:12:00,34.55,34.95,30.85,31.0,1272635
2026-03-30 12:13:00,12:13:00,19.6,22.1,19.25,21.75,1726465
2026-03-30 12:14:00,12:14:00,21.65,21.95,19.6,21.15,1585805
2026-03-30 12:15:00,12:15:00,21.05,22.4,18.85,22.4,2144155
2026-03-30 12:16:00,12:16:00,22.6,22.8,19.95,20.6,2291250
2026-03-30 12:17:00,12:17:00,20.65,23.4,19.7,22.5,1324245
2026-03-30 12:18:00,12:18:00,22.5,23.65,21.5,22.7,1579110
2026-03-30 12:19:00,12:19:00,22.1,22.85,21.6,22.3,1223755
2026-03-30 12:20:00,12:20:00,22.45,22.75,19.8,21.3,1773265
2026-03-30 12:21:00,12:21:00,33.85,34.45,26.7,29.0,2450565
2026-03-30 12:22:00,12:22:00,17.9,21.7,17.6,21.7,2189850
2026-03-30 12:23:00,12:23:00,21.9,24.85,21.55,24.75,3278925
2026-03-30 12:24:00,12:24:00,24.8,27.3,23.3,27.3,3758365
2026-03-30 12:25:00,12:25:00,26.95,28.6,24.8,25.3,3342170
2026-03-30 12:26:00,12:26:00,14.5,18.35,14.4,17.9,2438410
2026-03-30 12:27:00,12:27:00,17.45,17.95,15.4,17.95,1854385
2026-03-30 12:28:00,12:28:00,18.6,19.05,17.1,17.55,2500420
2026-03-30 12:29:00,12:29:00,17.5,20.1,15.75,15.75,3555825
2026-03-30 12:30:00,12:30:00,16.1,17.85,15.6,17.8,2093845
2026-03-30 12:31:00,12:31:00,18.0,18.5,15.7,15.95,1288690
2026-03-30 12:32:00,12:32:00,15.4,16.8,14.55,16.2,2125110
2026-03-30 12:33:00,12:33:00,16.55,18.0,15.85,17.35,1238445
2026-03-30 12:34:00,12:34:00,16.85,17.5,15.75,16.0,1199575
2026-03-30 12:35:00,12:35:00,15.95,16.7,14.05,14.45,1462500
2026-03-30 12:36:00,12:36:00,24.85,25.85,22.2,22.2,2402855
2026-03-30 12:37:00,12:37:00,22.4,22.65,20.65,22.0,2771405
2026-03-30 12:38:00,12:38:00,22.4,23.15,18.6,18.8,2733965
2026-03-30 12:39:00,12:39:00,18.2,18.8,16.1,17.1,4124185
2026-03-30 12:40:00,12:40:00,17.2,18.1,16.8,17.15,2380040
2026-03-30 12:41:00,12:41:00,17.15,18.0,15.85,16.8,2523950
2026-03-30 12:42:00,12:42:00,16.85,17.6,15.9,16.7,2538120
2026-03-30 12:43:00,12:43:00,17.05,18.5,16.55,17.3,1752205
2026-03-30 12:44:00,12:44:00,17.35,18.1,16.8,17.9,1010035
2026-03-30 12:45:00,12:45:00,17.9,18.5,17.1,17.55,1611870
2026-03-30 12:46:00,12:46:00,17.95,19.85,17.55,18.4,2488070
2026-03-30 12:47:00,12:47:00,18.5,21.05,18.35,19.95,2509650
2026-03-30 12:48:00,12:48:00,20.3,21.9,19.8,21.0,2217930
2026-03-30 12:49:00,12:49:00,21.25,22.2,20.55,21.65,2254460
2026-03-30 12:50:00,12:50:00,21.7,23.9,20.55,22.55,2576925
2026-03-30 12:51:00,12:51:00,22.4,23.3,20.75,21.35,1736540
2026-03-30 12:52:00,12:52:00,12.0,15.55,12.0,15.4,2708095
2026-03-30 12:53:00,12:53:00,15.05,21.9,14.9,20.5,4435340
2026-03-30 12:54:00,12:54:00,20.05,20.5,16.05,16.3,3306680
2026-03-30 12:55:00,12:55:00,16.45,18.0,15.75,16.5,2168205
2026-03-30 12:56:00,12:56:00,15.65,17.45,15.05,16.85,2149875
2026-03-30 12:57:00,12:57:00,17.1,18.6,15.5,15.55,1943630
2026-03-30 12:58:00,12:58:00,15.05,16.55,14.7,15.25,1596465
2026-03-30 12:59:00,12:59:00,15.4,16.4,14.9,15.2,1301430
2026-03-30 13:00:00,13:00:00,15.1,15.2,13.95,14.35,1583140
2026-03-30 13:01:00,13:01:00,15.6,17.6,14.35,16.6,1953770
2026-03-30 13:02:00,13:02:00,17.0,19.15,16.4,18.55,2174055
2026-03-30 13:03:00,13:03:00,18.3,18.9,16.5,17.7,2130635
2026-03-30 13:04:00,13:04:00,17.5,17.7,16.1,16.6,1469390
2026-03-30 13:05:00,13:05:00,16.45,18.65,14.7,14.7,2455830
2026-03-30 13:06:00,13:06:00,14.95,16.6,14.7,14.9,1485835
2026-03-30 13:07:00,13:07:00,14.5,16.5,13.9,16.4,1574170
2026-03-30 13:08:00,13:08:00,16.35,17.4,15.8,16.15,1262755
2026-03-30 13:09:00,13:09:00,16.5,17.0,15.5,15.65,1168505
2026-03-30 13:10:00,13:10:00,16.3,16.45,15.3,15.85,782990
2026-03-30 13:11:00,13:11:00,15.9,18.1,14.6,15.1,1971320
2026-03-30 13:12:00,13:12:00,15.05,15.2,12.45,12.45,2441855
2026-03-30 13:13:00,13:13:00,12.7,17.45,12.45,17.4,2899585
2026-03-30 13:14:00,13:14:00,17.7,17.7,13.55,13.55,2094950
2026-03-30 13:15:00,13:15:00,14.5,14.5,12.9,13.55,1640990
2026-03-30 13:16:00,13:16:00,13.45,14.2,11.15,11.45,2385110
2026-03-30 13:17:00,13:17:00,11.55,15.0,11.45,14.95,1946750
2026-03-30 13:18:00,13:18:00,14.6,15.6,13.35,13.7,2204020
2026-03-30 13:19:00,13:19:00,13.65,16.05,13.65,15.35,1812785
2026-03-30 13:20:00,13:20:00,15.25,15.95,14.15,14.9,1475760
2026-03-30 13:21:00,13:21:00,14.85,15.55,13.3,14.75,1315925
2026-03-30 13:22:00,13:22:00,15.0,15.25,14.05,14.6,810550
2026-03-30 13:23:00,13:23:00,14.9,15.0,13.95,14.45,868140
2026-03-30 13:24:00,13:24:00,14.6,16.1,14.25,14.95,1466140
2026-03-30 13:25:00,13:25:00,8.6,10.6,8.35,9.75,4065555
2026-03-30 13:26:00,13:26:00,9.95,12.9,9.45,12.3,5247255
2026-03-30 13:27:00,13:27:00,12.2,12.3,9.4,9.7,4001400
2026-03-30 13:28:00,13:28:00,17.45,20.2,14.85,15.5,2773875
2026-03-30 13:29:00,13:29:00,15.0,16.45,14.65,15.15,2040285
2026-03-30 13:30:00,13:30:00,8.35,9.45,8.15,9.3,2040350
2026-03-30 13:31:00,13:31:00,9.45,10.95,9.15,10.15,2738450
2026-03-30 13:32:00,13:32:00,10.55,10.55,8.5,9.95,2533375
2026-03-30 13:33:00,13:33:00,10.0,10.0,8.9,8.95,2112695
2026-03-30 13:34:00,13:34:00,16.4,16.55,12.0,12.0,2752035
2026-03-30 13:35:00,13:35:00,12.15,12.3,10.1,11.0,3692650
2026-03-30 13:36:00,13:36:00,11.0,12.3,10.8,11.9,1685190
2026-03-30 13:37:00,13:37:00,12.35,13.95,11.9,13.9,1965340
2026-03-30 13:38:00,13:38:00,14.2,14.4,12.7,13.35,1442350
2026-03-30 13:39:00,13:39:00,13.2,13.35,9.65,9.65,2211950
2026-03-30 13:40:00,13:40:00,9.8,10.2,9.05,10.15,3191955
2026-03-30 13:41:00,13:41:00,10.05,11.65,10.05,11.45,1712230
2026-03-30 13:42:00,13:42:00,6.3,7.85,6.1,7.25,4401020
2026-03-30 13:43:00,13:43:00,7.35,9.1,6.85,9.1,4759105
2026-03-30 13:44:00,13:44:00,8.85,9.8,8.6,8.6,5015205
2026-03-30 13:45:00,13:45:00,8.55,9.8,7.95,8.1,4138680
2026-03-30 13:46:00,13:46:00,8.1,8.3,7.05,7.65,2830945
2026-03-30 13:47:00,13:47:00,7.6,10.3,7.6,8.85,3950765
2026-03-30 13:48:00,13:48:00,9.1,10.0,8.85,9.5,2712060
2026-03-30 13:49:00,13:49:00,9.55,11.1,8.65,11.1,2888860
2026-03-30 13:50:00,13:50:00,10.65,11.1,9.35,9.6,4847895
2026-03-30 13:51:00,13:51:00,9.15,10.65,9.05,9.9,3229070
2026-03-30 13:52:00,13:52:00,9.9,13.95,9.7,13.95,4286620
2026-03-30 13:53:00,13:53:00,13.15,15.65,12.05,14.2,9321195
2026-03-30 13:54:00,13:54:00,7.3,7.4,6.5,7.2,3008850
2026-03-30 13:55:00,13:55:00,14.1,14.35,11.65,12.8,4971720
2026-03-30 13:56:00,13:56:00,6.35,6.75,5.55,5.85,2160210
2026-03-30 13:57:00,13:57:00,11.9,12.4,8.45,9.95,5893420
2026-03-30 13:58:00,13:58:00,10.05,10.85,9.85,10.85,3991520
2026-03-30 13:59:00,13:59:00,10.75,12.0,10.55,11.25,3878810
2026-03-30 14:00:00,14:00:00,11.3,11.8,9.15,9.55,4346160
2026-03-30 14:01:00,14:01:00,9.45,9.55,6.9,7.1,6311110
2026-03-30 14:02:00,14:02:00,6.95,7.1,5.0,5.0,6673030
2026-03-30 14:03:00,14:03:00,4.75,5.55,4.3,5.25,7899255
2026-03-30 14:04:00,14:04:00,5.2,5.5,4.5,5.5,5978960
2026-03-30 14:05:00,14:05:00,5.45,5.5,4.55,4.6,4334590
2026-03-30 14:06:00,14:06:00,4.7,5.95,4.6,5.9,4153890
2026-03-30 14:07:00,14:07:00,5.95,6.0,4.85,5.0,3196830
2026-03-30 14:08:00,14:08:00,4.95,5.0,3.65,4.15,7085260
2026-03-30 14:09:00,14:09:00,4.25,4.55,3.95,4.45,4010760
2026-03-30 14:10:00,14:10:00,4.6,6.5,4.4,6.5,4824690
2026-03-30 14:11:00,14:11:00,6.4,7.6,6.3,7.2,6292845
2026-03-30 14:12:00,14:12:00,7.05,7.4,5.65,5.85,5965440
2026-03-30 14:13:00,14:13:00,3.15,4.25,3.0,4.15,3544515
2026-03-30 14:14:00,14:14:00,4.2,4.35,3.8,3.95,4011540
2026-03-30 14:15:00,14:15:00,4.0,4.45,3.55,3.9,3623490
2026-03-30 14:16:00,14:16:00,3.85,4.05,3.15,3.5,3542955
2026-03-30 14:17:00,14:17:00,3.5,4.25,3.45,3.7,4157465
2026-03-30 14:18:00,14:18:00,3.75,4.55,3.65,4.05,4712370
2026-03-30 14:19:00,14:19:00,4.1,4.15,3.45,3.85,3126955
2026-03-30 14:20:00,14:20:00,7.85,8.05,5.0,5.9,7681050
2026-03-30 14:21:00,14:21:00,3.05,4.0,2.85,3.85,4102020
2026-03-30 14:22:00,14:22:00,3.8,4.7,3.55,4.55,4569370
2026-03-30 14:23:00,14:23:00,4.55,6.25,4.1,4.15,9113455
2026-03-30 14:24:00,14:24:00,4.05,5.6,3.9,5.4,5728645
2026-03-30 14:25:00,14:25:00,5.2,5.4,4.4,5.05,5434325
2026-03-30 14:26:00,14:26:00,5.05,6.55,4.5,5.85,4416555
2026-03-30 14:27:00,14:27:00,5.75,5.85,4.55,5.2,3335345
2026-03-30 14:28:00,14:28:00,5.05,5.2,4.5,4.9,4062045
2026-03-30 14:29:00,14:29:00,4.6,6.2,4.5,5.8,4446585
2026-03-30 14:30:00,14:30:00,5.7,5.85,4.6,4.95,5391685
2026-03-30 14:31:00,14:31:00,5.0,5.2,2.9,3.9,9085830
2026-03-30 14:32:00,14:32:00,4.1,4.1,3.55,3.8,4855305
2026-03-30 14:33:00,14:33:00,3.7,4.35,3.3,4.25,4205370
2026-03-30 14:34:00,14:34:00,2.15,2.7,2.1,2.5,7730060
2026-03-30 14:35:00,14:35:00,2.7,3.25,2.35,2.55,11039340
2026-03-30 14:36:00,14:36:00,2.65,2.65,1.9,2.15,6319365
2026-03-30 14:37:00,14:37:00,2.15,2.35,1.9,2.05,5112315
2026-03-30 14:38:00,14:38:00,2.05,2.2,1.75,2.0,3270150
2026-03-30 14:39:00,14:39:00,2.0,2.2,1.75,1.75,3333395
2026-03-30 14:40:00,14:40:00,1.8,1.9,1.55,1.9,3580135
2026-03-30 14:41:00,14:41:00,1.9,2.1,1.8,2.0,2704455
2026-03-30 14:42:00,14:42:00,1.95,2.0,1.5,1.6,4559880
2026-03-30 14:43:00,14:43:00,1.6,1.9,1.55,1.65,3005535
2026-03-30 14:44:00,14:44:00,1.6,1.75,1.6,1.6,2050750
2026-03-30 14:45:00,14:45:00,1.6,1.8,1.4,1.7,5636150
2026-03-30 14:46:00,14:46:00,1.7,1.85,1.55,1.7,2116205
2026-03-30 14:47:00,14:47:00,1.65,2.15,1.6,1.95,4055545
2026-03-30 14:48:00,14:48:00,1.9,2.4,1.75,2.2,4243265
2026-03-30 14:49:00,14:49:00,2.15,2.35,1.5,1.65,5388565
2026-03-30 14:50:00,14:50:00,1.65,1.8,1.45,1.55,3404700
2026-03-30 14:51:00,14:51:00,1.6,1.7,1.4,1.55,2392910
2026-03-30 14:52:00,14:52:00,1.5,1.6,1.45,1.55,4318275
2026-03-30 14:53:00,14:53:00,1.5,1.7,1.4,1.5,2507895
2026-03-30 14:54:00,14:54:00,1.4,1.5,1.2,1.4,5347290
2026-03-30 14:55:00,14:55:00,1.4,1.45,1.0,1.0,4556500
2026-03-30 14:56:00,14:56:00,1.0,1.1,0.95,1.05,5717010
2026-03-30 14:57:00,14:57:00,1.0,1.25,0.8,0.9,8324095
2026-03-30 14:58:00,14:58:00,0.85,1.0,0.85,0.9,5106660
2026-03-30 14:59:00,14:59:00,0.85,1.25,0.85,1.15,4292015
2026-03-30 15:00:00,15:00:00,0.6,0.6,0.4,0.45,5857020
2026-03-30 15:01:00,15:01:00,0.85,0.95,0.5,0.55,8041540
2026-03-30 15:02:00,15:02:00,0.35,0.4,0.3,0.4,1143415
2026-03-30 15:03:00,15:03:00,0.4,0.4,0.35,0.35,862095
2026-03-30 15:04:00,15:04:00,0.35,0.4,0.3,0.35,1141400
2026-03-30 15:05:00,15:05:00,0.35,0.4,0.3,0.35,1972490
2026-03-30 15:06:00,15:06:00,0.35,0.35,0.3,0.35,526695
2026-03-30 15:07:00,15:07:00,0.3,0.35,0.25,0.25,890175
2026-03-30 15:08:00,15:08:00,0.3,0.3,0.25,0.3,929760
2026-03-30 15:09:00,15:09:00,0.3,0.35,0.25,0.25,850460
2026-03-30 15:10:00,15:10:00,0.3,0.3,0.25,0.25,665405
2026-03-30 15:11:00,15:11:00,0.25,0.3,0.2,0.2,799370
2026-03-30 15:12:00,15:12:00,0.3,0.3,0.2,0.2,2249325
2026-03-30 15:13:00,15:13:00,0.2,0.3,0.2,0.3,2005120
2026-03-30 15:14:00,15:14:00,0.25,0.3,0.2,0.2,1049945
2026-03-30 15:15:00,15:15:00,0.25,0.25,0.2,0.2,1643850
2026-03-30 15:16:00,15:16:00,0.2,0.2,0.1,0.1,1663220
2026-03-30 15:17:00,15:17:00,0.15,0.15,0.1,0.15,894010
2026-03-30 15:18:00,15:18:00,0.15,0.15,0.1,0.1,874445
2026-03-30 15:19:00,15:19:00,0.15,0.15,0.1,0.1,420030
2026-03-30 15:20:00,15:20:00,0.15,0.15,0.1,0.1,576160
2026-03-30 15:21:00,15:21:00,0.1,0.15,0.1,0.15,1246050
2026-03-30 15:22:00,15:22:00,0.1,0.15,0.1,0.15,1020500
2026-03-30 15:23:00,15:23:00,0.15,0.15,0.05,0.05,1133340
2026-03-30 15:24:00,15:24:00,0.05,0.1,0.05,0.05,653575
2026-03-30 15:25:00,15:25:00,0.1,0.1,0.05,0.05,1693380
2026-03-30 15:26:00,15:26:00,0.05,0.1,0.05,0.05,1598155
2026-03-30 15:27:00,15:27:00,0.1,0.1,0.05,0.1,898560
2026-03-30 15:28:00,15:28:00,0.05,0.1,0.05,0.05,1006850
2026-03-30 15:29:00,15:29:00,0.05,0.1,0.05,0.05,276185
2026-04-01 09:15:00,09:15:00,301.0,301.0,185.5,188.45,224640
2026-04-01 09:16:00,09:16:00,173.9,193.85,172.7,189.3,768625
2026-04-01 09:17:00,09:17:00,206.15,206.15,189.55,189.55,109785
2026-04-01 09:18:00,09:18:00,206.9,207.4,198.55,198.6,158015
2026-04-01 09:19:00,09:19:00,198.1,201.4,197.05,199.65,137865
2026-04-01 09:20:00,09:20:00,200.0,200.0,192.45,195.0,140465
2026-04-01 09:21:00,09:21:00,194.95,199.0,191.3,193.0,159705
2026-04-01 09:22:00,09:22:00,192.75,193.6,188.85,190.3,122785
2026-04-01 09:23:00,09:23:00,189.6,194.0,188.5,193.0,90155
2026-04-01 09:24:00,09:24:00,192.3,193.65,188.0,188.7,103155
2026-04-01 09:25:00,09:25:00,187.4,188.7,183.05,185.95,127400
2026-04-01 09:26:00,09:26:00,186.35,188.85,184.6,187.9,54470
2026-04-01 09:27:00,09:27:00,188.1,188.5,185.3,187.1,65520
2026-04-01 09:28:00,09:28:00,187.0,187.1,182.1,182.7,68250
2026-04-01 09:29:00,09:29:00,197.95,198.8,194.4,196.05,35360
2026-04-01 09:30:00,09:30:00,180.2,184.45,178.1,183.1,157430
2026-04-01 09:31:00,09:31:00,182.4,188.55,182.4,188.5,75465
2026-04-01 09:32:00,09:32:00,173.7,186.95,173.3,184.55,111670
2026-04-01 09:33:00,09:33:00,183.25,188.65,183.25,188.65,81185
2026-04-01 09:34:00,09:34:00,188.4,193.25,188.1,191.55,71825
2026-04-01 09:35:00,09:35:00,191.25,198.0,191.25,194.45,103675
2026-04-01 09:36:00,09:36:00,193.75,199.15,193.4,198.7,74555
2026-04-01 09:37:00,09:37:00,198.4,201.3,197.3,199.0,101075
2026-04-01 09:38:00,09:38:00,199.0,199.4,196.25,197.95,55185
2026-04-01 09:39:00,09:39:00,197.25,201.95,197.25,200.65,68315
2026-04-01 09:40:00,09:40:00,200.65,200.7,188.0,190.55,107380
2026-04-01 09:41:00,09:41:00,189.4,190.55,180.6,181.3,103675
2026-04-01 09:42:00,09:42:00,181.1,185.5,181.1,185.4,45435
2026-04-01 09:43:00,09:43:00,185.95,193.8,185.4,192.6,68120
2026-04-01 09:44:00,09:44:00,191.9,194.05,184.8,189.4,87620
2026-04-01 09:45:00,09:45:00,189.25,190.1,184.8,187.15,32955
2026-04-01 09:46:00,09:46:00,186.8,192.2,186.8,192.2,27365
2026-04-01 09:47:00,09:47:00,191.6,192.2,185.5,186.4,41145
2026-04-01 09:48:00,09:48:00,201.5,201.5,191.45,192.4,140205
2026-04-01 09:49:00,09:49:00,191.9,192.4,185.4,185.95,154505
2026-04-01 09:50:00,09:50:00,185.2,187.6,184.55,184.95,87360
2026-04-01 09:51:00,09:51:00,184.15,184.95,178.6,178.6,113620
2026-04-01 09:52:00,09:52:00,193.25,193.45,188.3,189.05,66105
2026-04-01 09:53:00,09:53:00,174.5,181.9,173.35,180.15,170300
2026-04-01 09:54:00,09:54:00,180.35,180.8,176.1,176.1,139230
2026-04-01 09:55:00,09:55:00,176.05,181.0,175.0,180.15,67795
2026-04-01 09:56:00,09:56:00,179.8,185.45,179.8,184.7,110045
2026-04-01 09:57:00,09:57:00,184.5,184.8,178.25,178.25,83200
2026-04-01 09:58:00,09:58:00,178.95,183.15,178.25,181.25,55510
2026-04-01 09:59:00,09:59:00,181.2,182.55,180.0,181.15,39715
2026-04-01 10:00:00,10:00:00,181.0,182.1,178.0,179.3,63505
2026-04-01 10:01:00,10:01:00,179.75,182.1,176.5,176.5,55185
2026-04-01 10:02:00,10:02:00,177.15,178.4,173.95,174.75,72995
2026-04-01 10:03:00,10:03:00,188.8,189.85,184.05,184.5,60385
2026-04-01 10:04:00,10:04:00,184.7,187.0,182.45,186.3,31460
2026-04-01 10:05:00,10:05:00,186.0,188.1,185.1,187.85,51740
2026-04-01 10:06:00,10:06:00,173.7,177.75,173.3,176.55,92950
2026-04-01 10:07:00,10:07:00,175.75,177.6,174.8,177.6,41990
2026-04-01 10:08:00,10:08:00,177.15,178.25,175.25,175.25,65000
2026-04-01 10:09:00,10:09:00,174.8,177.7,174.6,176.6,65325
2026-04-01 10:10:00,10:10:00,176.8,183.1,176.25,182.7,98670
2026-04-01 10:11:00,10:11:00,183.4,185.9,182.7,185.25,132470
2026-04-01 10:12:00,10:12:00,186.35,188.35,184.0,187.05,180830
2026-04-01 10:13:00,10:13:00,172.5,176.55,172.25,174.95,60450
2026-04-01 10:14:00,10:14:00,174.3,175.6,173.4,175.0,33085
2026-04-01 10:15:00,10:15:00,175.8,176.6,171.9,176.6,47450
2026-04-01 10:16:00,10:16:00,176.45,178.3,174.25,174.5,34840
2026-04-01 10:17:00,10:17:00,175.6,179.3,174.5,179.05,35295
2026-04-01 10:18:00,10:18:00,179.6,180.7,178.5,180.0,37245
2026-04-01 10:19:00,10:19:00,178.3,180.0,172.4,175.45,63245
2026-04-01 10:20:00,10:20:00,190.3,191.05,185.15,185.15,99840
2026-04-01 10:21:00,10:21:00,170.55,179.95,170.55,179.95,42640
2026-04-01 10:22:00,10:22:00,179.75,183.05,179.45,181.85,58045
2026-04-01 10:23:00,10:23:00,182.85,188.35,181.4,187.15,72215
2026-04-01 10:24:00,10:24:00,187.5,190.4,184.4,189.85,72735
2026-04-01 10:25:00,10:25:00,189.7,199.0,189.45,198.25,102570
2026-04-01 10:26:00,10:26:00,182.6,189.55,182.3,188.85,379600
2026-04-01 10:27:00,10:27:00,188.45,191.95,187.4,189.6,389870
2026-04-01 10:28:00,10:28:00,189.55,198.3,189.55,195.25,394225
2026-04-01 10:29:00,10:29:00,194.85,199.95,188.2,188.2,398450
2026-04-01 10:30:00,10:30:00,204.7,214.0,202.2,206.95,126555
2026-04-01 10:31:00,10:31:00,190.55,194.1,189.3,190.05,228605
2026-04-01 10:32:00,10:32:00,190.2,190.2,183.2,183.35,282945
2026-04-01 10:33:00,10:33:00,184.0,192.5,183.35,191.2,209625
2026-04-01 10:34:00,10:34:00,191.65,193.2,189.15,190.75,185900
2026-04-01 10:35:00,10:35:00,205.95,206.7,200.45,202.25,38155
2026-04-01 10:36:00,10:36:00,186.6,188.05,182.25,182.5,198575
2026-04-01 10:37:00,10:37:00,182.05,185.1,181.2,184.95,152295
2026-04-01 10:38:00,10:38:00,184.5,188.35,182.65,186.2,140075
2026-04-01 10:39:00,10:39:00,185.45,187.3,183.5,183.65,94185
2026-04-01 10:40:00,10:40:00,199.2,205.3,198.9,203.35,77610
2026-04-01 10:41:00,10:41:00,188.25,190.8,186.0,189.7,129480
2026-04-01 10:42:00,10:42:00,189.2,194.7,189.2,189.4,211900
2026-04-01 10:43:00,10:43:00,190.7,191.85,183.7,186.0,213395
2026-04-01 10:44:00,10:44:00,186.6,187.2,182.15,185.35,128765
2026-04-01 10:45:00,10:45:00,200.75,204.2,200.1,201.6,28015
2026-04-01 10:46:00,10:46:00,186.65,188.95,185.85,188.55,82680
2026-04-01 10:47:00,10:47:00,189.15,189.7,185.0,185.4,79820
2026-04-01 10:48:00,10:48:00,185.0,185.4,178.1,183.1,292695
2026-04-01 10:49:00,10:49:00,183.75,191.0,183.1,189.6,212160
2026-04-01 10:50:00,10:50:00,204.65,210.0,202.95,208.8,69810
2026-04-01 10:51:00,10:51:00,193.1,194.85,188.9,189.5,191620
2026-04-01 10:52:00,10:52:00,189.2,190.7,185.0,190.0,140790
2026-04-01 10:53:00,10:53:00,190.9,193.35,190.0,190.95,91195
2026-04-01 10:54:00,10:54:00,190.65,191.6,188.4,190.4,90870
2026-04-01 10:55:00,10:55:00,190.65,194.05,190.05,190.25,139295
2026-04-01 10:56:00,10:56:00,191.0,193.05,189.7,192.55,87100
2026-04-01 10:57:00,10:57:00,192.45,195.65,191.05,194.85,138515
2026-04-01 10:58:00,10:58:00,180.35,183.0,179.6,182.0,50635
2026-04-01 10:59:00,10:59:00,181.5,182.65,178.25,182.6,35230
2026-04-01 11:00:00,11:00:00,182.75,184.1,181.2,183.55,58825
2026-04-01 11:01:00,11:01:00,182.85,184.3,181.5,182.2,42445
2026-04-01 11:02:00,11:02:00,183.0,183.0,179.0,180.85,47060
2026-04-01 11:03:00,11:03:00,180.1,185.6,180.1,181.45,62075
2026-04-01 11:04:00,11:04:00,181.55,185.25,181.0,184.1,51025
2026-04-01 11:05:00,11:05:00,184.55,191.9,184.0,190.9,103220
2026-04-01 11:06:00,11:06:00,190.8,191.9,184.7,184.9,83135
2026-04-01 11:07:00,11:07:00,184.6,184.9,180.1,183.45,60905
2026-04-01 11:08:00,11:08:00,198.2,199.8,189.45,190.7,265915
2026-04-01 11:09:00,11:09:00,176.25,182.6,175.95,180.3,38285
2026-04-01 11:10:00,11:10:00,195.6,196.95,185.45,185.45,185770
2026-04-01 11:11:00,11:11:00,186.1,191.2,185.45,190.8,133250
2026-04-01 11:12:00,11:12:00,175.25,180.35,175.25,179.95,30875
2026-04-01 11:13:00,11:13:00,180.0,183.0,179.95,182.25,43745
2026-04-01 11:14:00,11:14:00,181.75,182.4,178.3,178.8,38350
2026-04-01 11:15:00,11:15:00,178.5,183.5,176.75,183.4,37375
2026-04-01 11:16:00,11:16:00,183.7,185.25,180.0,183.6,44005
2026-04-01 11:17:00,11:17:00,184.15,185.7,181.15,182.3,30160
2026-04-01 11:18:00,11:18:00,181.9,183.45,181.5,182.3,16445
2026-04-01 11:19:00,11:19:00,182.9,183.4,177.2,177.2,29315
2026-04-01 11:20:00,11:20:00,193.65,196.35,190.35,191.55,125125
2026-04-01 11:21:00,11:21:00,191.0,192.2,187.5,188.25,123890
2026-04-01 11:22:00,11:22:00,188.7,192.25,187.9,190.25,88530
2026-04-01 11:23:00,11:23:00,175.05,177.55,175.05,177.0,25090
2026-04-01 11:24:00,11:24:00,192.1,192.8,188.15,189.35,69615
2026-04-01 11:25:00,11:25:00,205.3,205.3,203.9,204.5,10660
2026-04-01 11:26:00,11:26:00,188.6,189.35,185.95,187.85,128180
2026-04-01 11:27:00,11:27:00,187.05,189.25,182.6,182.85,177840
2026-04-01 11:28:00,11:28:00,182.95,187.8,182.05,187.8,172835
2026-04-01 11:29:00,11:29:00,187.5,189.5,187.1,187.65,91520
2026-04-01 11:30:00,11:30:00,203.0,204.0,198.85,198.85,39390
2026-04-01 11:31:00,11:31:00,183.4,184.1,177.15,179.35,217035
2026-04-01 11:32:00,11:32:00,179.5,182.0,177.3,179.95,136890
2026-04-01 11:33:00,11:33:00,180.8,183.5,179.95,182.15,106730
2026-04-01 11:34:00,11:34:00,181.5,182.85,180.5,181.55,70525
2026-04-01 11:35:00,11:35:00,196.75,197.15,195.65,195.65,16770
2026-04-01 11:36:00,11:36:00,180.0,182.45,179.3,182.45,71630
2026-04-01 11:37:00,11:37:00,182.6,183.15,177.7,177.7,62205
2026-04-01 11:38:00,11:38:00,178.0,179.15,175.45,177.85,198185
2026-04-01 11:39:00,11:39:00,177.45,177.85,173.25,175.1,133640
2026-04-01 11:40:00,11:40:00,190.25,192.0,189.0,190.0,27560
2026-04-01 11:41:00,11:41:00,174.6,176.95,172.25,172.25,90935
2026-04-01 11:42:00,11:42:00,171.95,177.55,169.7,175.65,231075
2026-04-01 11:43:00,11:43:00,176.0,176.9,173.4,176.5,86190
2026-04-01 11:44:00,11:44:00,176.8,177.9,175.1,177.65,99580
2026-04-01 11:45:00,11:45:00,177.85,181.45,177.65,180.0,162955
2026-04-01 11:46:00,11:46:00,180.75,182.65,179.25,182.3,146445
2026-04-01 11:47:00,11:47:00,167.8,175.7,167.2,175.7,56355
2026-04-01 11:48:00,11:48:00,175.35,181.75,175.35,179.7,74165
2026-04-01 11:49:00,11:49:00,180.5,181.7,177.7,178.35,41860
2026-04-01 11:50:00,11:50:00,178.35,179.65,175.8,178.55,60515
2026-04-01 11:51:00,11:51:00,178.8,179.0,173.4,173.4,30355
2026-04-01 11:52:00,11:52:00,173.3,176.45,171.85,175.45,34320
2026-04-01 11:53:00,11:53:00,175.45,180.35,172.5,179.75,28145
2026-04-01 11:54:00,11:54:00,180.8,182.2,179.4,182.0,50180
2026-04-01 11:55:00,11:55:00,197.55,199.0,195.25,195.9,232960
2026-04-01 11:56:00,11:56:00,180.9,183.2,178.3,178.3,33995
2026-04-01 11:57:00,11:57:00,178.95,181.1,173.5,173.5,60580
2026-04-01 11:58:00,11:58:00,173.25,174.7,171.4,173.65,39585
2026-04-01 11:59:00,11:59:00,188.0,188.6,184.35,187.15,113230
2026-04-01 12:00:00,12:00:00,186.95,187.5,175.25,176.75,371930
2026-04-01 12:01:00,12:01:00,177.35,179.05,175.0,175.9,132795
2026-04-01 12:02:00,12:02:00,175.25,176.05,170.6,173.05,170040
2026-04-01 12:03:00,12:03:00,187.3,188.15,174.0,174.05,105560
2026-04-01 12:04:00,12:04:00,175.15,180.15,174.05,177.5,52455
2026-04-01 12:05:00,12:05:00,178.05,180.45,176.6,179.3,35425
2026-04-01 12:06:00,12:06:00,179.05,180.45,176.05,176.4,33150
2026-04-01 12:07:00,12:07:00,177.9,179.0,175.6,176.55,20215
2026-04-01 12:08:00,12:08:00,177.0,178.85,173.95,178.8,35815
2026-04-01 12:09:00,12:09:00,178.4,178.8,175.1,176.75,20540
2026-04-01 12:10:00,12:10:00,176.75,181.6,175.95,179.0,39000
2026-04-01 12:11:00,12:11:00,178.85,179.0,172.25,172.55,39195
2026-04-01 12:12:00,12:12:00,172.35,172.65,167.8,170.7,59215
2026-04-01 12:13:00,12:13:00,170.7,175.25,170.2,172.1,24635
2026-04-01 12:14:00,12:14:00,172.0,172.9,169.15,170.05,27300
2026-04-01 12:15:00,12:15:00,170.6,174.65,169.5,173.4,37635
2026-04-01 12:16:00,12:16:00,173.35,176.1,171.3,171.75,14170
2026-04-01 12:17:00,12:17:00,171.8,174.7,169.5,174.0,23335
2026-04-01 12:18:00,12:18:00,173.5,175.4,172.65,174.15,23595
2026-04-01 12:19:00,12:19:00,173.8,175.05,172.8,174.1,17550
2026-04-01 12:20:00,12:20:00,173.9,176.45,173.2,174.15,28730
2026-04-01 12:21:00,12:21:00,174.4,176.35,172.0,173.95,30225
2026-04-01 12:22:00,12:22:00,173.9,174.35,169.35,171.85,26390
2026-04-01 12:23:00,12:23:00,172.2,174.3,171.85,172.85,15600
2026-04-01 12:24:00,12:24:00,171.0,174.55,171.0,174.0,6760
2026-04-01 12:25:00,12:25:00,174.5,175.95,173.6,173.85,14300
2026-04-01 12:26:00,12:26:00,174.5,175.55,173.6,174.1,12480
2026-04-01 12:27:00,12:27:00,161.0,162.45,160.1,162.1,77805
2026-04-01 12:28:00,12:28:00,162.0,163.45,161.1,161.55,85085
2026-04-01 12:29:00,12:29:00,176.15,176.5,170.45,172.8,24115
2026-04-01 12:30:00,12:30:00,173.0,174.75,169.0,174.75,25935
2026-04-01 12:31:00,12:31:00,173.8,174.75,171.3,172.1,27625
2026-04-01 12:32:00,12:32:00,173.0,177.75,172.1,176.9,19890
2026-04-01 12:33:00,12:33:00,176.85,177.5,174.6,176.05,15860
2026-04-01 12:34:00,12:34:00,175.8,176.45,174.4,175.15,8970
2026-04-01 12:35:00,12:35:00,161.1,164.45,160.2,163.9,59280
2026-04-01 12:36:00,12:36:00,164.0,164.5,161.7,162.35,80925
2026-04-01 12:37:00,12:37:00,176.55,177.25,172.8,173.55,25220
2026-04-01 12:38:00,12:38:00,174.4,175.4,171.25,172.5,12220
2026-04-01 12:39:00,12:39:00,172.35,173.45,169.7,169.7,17355
2026-04-01 12:40:00,12:40:00,170.0,170.9,166.7,170.9,46345
2026-04-01 12:41:00,12:41:00,171.25,174.75,170.9,172.25,30940
2026-04-01 12:42:00,12:42:00,173.05,173.5,172.0,172.4,3445
2026-04-01 12:43:00,12:43:00,172.2,172.8,170.7,172.15,10010
2026-04-01 12:44:00,12:44:00,172.4,172.7,171.25,171.8,12675
2026-04-01 12:45:00,12:45:00,172.0,172.1,167.0,168.0,18785
2026-04-01 12:46:00,12:46:00,168.0,168.5,164.7,166.05,33930
2026-04-01 12:47:00,12:47:00,165.9,166.2,162.85,162.85,26650
2026-04-01 12:48:00,12:48:00,177.85,179.3,173.9,173.9,64025
2026-04-01 12:49:00,12:49:00,160.0,163.9,160.0,163.75,14105
2026-04-01 12:50:00,12:50:00,163.55,164.6,162.7,163.4,13130
2026-04-01 12:51:00,12:51:00,163.85,165.45,162.85,165.35,9425
2026-04-01 12:52:00,12:52:00,165.45,166.5,162.45,162.45,23465
2026-04-01 12:53:00,12:53:00,162.4,162.6,160.85,161.75,10660
2026-04-01 12:54:00,12:54:00,161.3,161.85,160.2,161.55,8450
2026-04-01 12:55:00,12:55:00,161.5,163.05,160.8,162.25,5070
2026-04-01 12:56:00,12:56:00,162.25,165.9,161.05,165.3,16185
2026-04-01 12:57:00,12:57:00,165.1,165.3,161.1,162.15,11895
2026-04-01 12:58:00,12:58:00,161.9,162.85,161.25,162.1,12220
2026-04-01 12:59:00,12:59:00,161.5,163.3,159.6,162.7,19630
2026-04-01 13:00:00,13:00:00,162.55,162.85,159.9,160.25,10010
2026-04-01 13:01:00,13:01:00,160.9,161.9,160.05,160.75,11635
2026-04-01 13:02:00,13:02:00,160.7,160.8,158.45,160.2,14170
2026-04-01 13:03:00,13:03:00,161.0,163.95,160.2,161.9,16705
2026-04-01 13:04:00,13:04:00,161.9,162.75,161.45,161.7,3445
2026-04-01 13:05:00,13:05:00,160.5,161.75,160.35,161.1,7085
2026-04-01 13:06:00,13:06:00,161.4,162.55,160.2,160.2,7800
2026-04-01 13:07:00,13:07:00,157.75,160.2,157.1,158.45,22620
2026-04-01 13:08:00,13:08:00,172.3,172.9,170.1,170.6,46150
2026-04-01 13:09:00,13:09:00,157.6,160.05,156.45,160.05,9620
2026-04-01 13:10:00,13:10:00,160.45,161.45,159.45,160.7,17485
2026-04-01 13:11:00,13:11:00,161.25,166.65,160.7,166.4,34255
2026-04-01 13:12:00,13:12:00,166.35,167.6,164.1,165.3,68185
2026-04-01 13:13:00,13:13:00,165.6,166.0,160.25,161.0,57655
2026-04-01 13:14:00,13:14:00,175.15,175.25,169.3,169.7,106860
2026-04-01 13:15:00,13:15:00,169.35,170.7,166.15,170.5,95745
2026-04-01 13:16:00,13:16:00,156.85,158.95,156.1,158.55,32370
2026-04-01 13:17:00,13:17:00,172.95,174.75,171.0,172.05,46345
2026-04-01 13:18:00,13:18:00,158.15,162.8,157.5,162.2,27560
2026-04-01 13:19:00,13:19:00,162.45,169.1,162.2,167.85,63765
2026-04-01 13:20:00,13:20:00,183.0,186.55,182.4,185.7,119730
2026-04-01 13:21:00,13:21:00,170.75,174.45,169.8,169.8,60970
2026-04-01 13:22:00,13:22:00,156.0,161.1,154.2,161.1,208910
2026-04-01 13:23:00,13:23:00,160.7,164.15,160.2,161.85,286260
2026-04-01 13:24:00,13:24:00,161.4,163.7,161.2,162.8,130065
2026-04-01 13:25:00,13:25:00,178.2,184.05,176.0,182.5,79625
2026-04-01 13:26:00,13:26:00,167.9,169.6,166.0,168.0,247650
2026-04-01 13:27:00,13:27:00,167.55,170.65,164.75,165.1,246870
2026-04-01 13:28:00,13:28:00,165.6,168.7,163.55,168.7,142610
2026-04-01 13:29:00,13:29:00,169.0,171.75,165.9,168.5,231465
2026-04-01 13:30:00,13:30:00,184.05,190.9,183.0,190.55,59995
2026-04-01 13:31:00,13:31:00,162.35,168.3,160.7,166.5,94250
2026-04-01 13:32:00,13:32:00,167.0,170.85,163.65,166.95,64155
2026-04-01 13:33:00,13:33:00,166.35,168.3,163.0,164.5,36400
2026-04-01 13:34:00,13:34:00,178.4,179.45,173.3,179.45,197730
2026-04-01 13:35:00,13:35:00,165.05,169.4,164.8,169.15,47125
2026-04-01 13:36:00,13:36:00,169.3,172.85,167.5,170.85,56940
2026-04-01 13:37:00,13:37:00,170.6,174.95,170.15,172.4,52715
2026-04-01 13:38:00,13:38:00,172.2,172.55,167.45,170.1,43810
2026-04-01 13:39:00,13:39:00,170.2,172.35,165.55,170.3,40885
2026-04-01 13:40:00,13:40:00,156.2,173.15,155.3,172.45,281255
2026-04-01 13:41:00,13:41:00,158.4,177.35,158.2,177.35,199290
2026-04-01 13:42:00,13:42:00,192.3,193.9,186.25,186.25,250250
2026-04-01 13:43:00,13:43:00,171.5,186.95,166.45,186.6,139425
2026-04-01 13:44:00,13:44:00,202.25,202.25,191.55,194.4,246805
2026-04-01 13:45:00,13:45:00,193.7,200.95,186.2,186.2,266305
2026-04-01 13:46:00,13:46:00,187.05,190.75,183.8,188.2,162695
2026-04-01 13:47:00,13:47:00,188.25,188.85,180.0,181.4,166855
2026-04-01 13:48:00,13:48:00,181.35,182.3,174.5,174.6,128050
2026-04-01 13:49:00,13:49:00,174.0,181.6,173.5,180.7,95745
2026-04-01 13:50:00,13:50:00,180.95,183.8,177.5,178.2,109265
2026-04-01 13:51:00,13:51:00,178.55,183.6,178.2,179.8,82290
2026-04-01 13:52:00,13:52:00,178.65,179.9,175.65,177.0,98150
2026-04-01 13:53:00,13:53:00,177.3,178.2,171.0,178.1,130520
2026-04-01 13:54:00,13:54:00,177.25,180.25,176.2,179.15,71630
2026-04-01 13:55:00,13:55:00,179.1,183.45,178.0,178.2,116025
2026-04-01 13:56:00,13:56:00,177.25,180.0,174.0,177.15,68900
2026-04-01 13:57:00,13:57:00,177.0,178.9,168.0,174.45,179205
2026-04-01 13:58:00,13:58:00,174.1,175.5,170.1,173.95,73385
2026-04-01 13:59:00,13:59:00,173.45,180.4,172.85,176.05,118690
2026-04-01 14:00:00,14:00:00,175.25,179.95,174.65,179.95,91000
2026-04-01 14:01:00,14:01:00,180.05,183.75,179.95,180.9,130520
2026-04-01 14:02:00,14:02:00,180.4,180.9,170.8,171.7,121485
2026-04-01 14:03:00,14:03:00,171.65,171.8,165.1,169.15,132145
2026-04-01 14:04:00,14:04:00,169.05,170.75,166.55,169.5,52260
2026-04-01 14:05:00,14:05:00,169.85,171.7,167.0,171.25,53560
2026-04-01 14:06:00,14:06:00,186.7,188.05,181.75,182.85,21645
2026-04-01 14:07:00,14:07:00,168.2,171.15,164.5,170.5,58955
2026-04-01 14:08:00,14:08:00,169.65,170.5,165.0,165.0,37245
2026-04-01 14:09:00,14:09:00,180.6,180.7,173.85,176.0,50895
2026-04-01 14:10:00,14:10:00,175.25,181.7,175.25,180.7,23920
2026-04-01 14:11:00,14:11:00,181.0,181.0,173.9,174.9,30095
2026-04-01 14:12:00,14:12:00,175.0,180.0,174.1,174.1,17745
2026-04-01 14:13:00,14:13:00,174.95,179.0,174.1,175.85,29705
2026-04-01 14:14:00,14:14:00,175.6,175.85,167.7,170.85,46475
2026-04-01 14:15:00,14:15:00,170.7,173.9,169.25,172.3,36335
2026-04-01 14:16:00,14:16:00,173.2,181.5,172.75,181.2,41080
2026-04-01 14:17:00,14:17:00,181.6,181.6,178.3,179.45,40430
2026-04-01 14:18:00,14:18:00,179.8,182.4,178.6,180.35,34125
2026-04-01 14:19:00,14:19:00,180.5,181.4,173.65,175.65,50505
2026-04-01 14:20:00,14:20:00,175.85,177.85,175.0,176.65,29250
2026-04-01 14:21:00,14:21:00,163.35,167.8,161.7,167.1,161850
2026-04-01 14:22:00,14:22:00,182.05,184.85,177.95,181.55,65975
2026-04-01 14:23:00,14:23:00,181.85,183.15,175.45,177.2,35230
2026-04-01 14:24:00,14:24:00,162.95,173.9,162.8,168.95,104390
2026-04-01 14:25:00,14:25:00,183.6,186.4,179.2,180.2,32760
2026-04-01 14:26:00,14:26:00,180.0,181.2,175.7,178.3,29900
2026-04-01 14:27:00,14:27:00,178.7,179.75,176.45,179.75,19110
2026-04-01 14:28:00,14:28:00,178.2,180.75,177.25,178.75,16250
2026-04-01 14:29:00,14:29:00,178.25,178.95,175.65,175.65,16835
2026-04-01 14:30:00,14:30:00,161.55,167.0,161.05,165.35,60125
2026-04-01 14:31:00,14:31:00,179.5,183.3,176.1,177.25,28080
2026-04-01 14:32:00,14:32:00,164.2,166.7,162.8,165.0,61425
2026-04-01 14:33:00,14:33:00,166.3,172.0,165.0,171.8,69745
2026-04-01 14:34:00,14:34:00,171.75,172.9,168.65,171.0,79625
2026-04-01 14:35:00,14:35:00,237.2,242.3,237.0,239.3,151515
2026-04-01 14:36:00,14:36:00,172.1,178.65,171.3,177.15,147290
2026-04-01 14:37:00,14:37:00,163.35,166.5,163.0,166.0,62660
2026-04-01 14:38:00,14:38:00,165.95,169.7,165.8,166.85,92170
2026-04-01 14:39:00,14:39:00,165.3,168.65,165.1,168.4,43680
2026-04-01 14:40:00,14:40:00,234.5,244.7,233.95,244.7,149760
2026-04-01 14:41:00,14:41:00,176.05,178.1,166.05,168.55,116480
2026-04-01 14:42:00,14:42:00,168.2,171.75,165.3,168.65,44850
2026-04-01 14:43:00,14:43:00,184.4,187.0,177.7,177.7,75075
2026-04-01 14:44:00,14:44:00,164.55,171.55,162.75,171.35,53820
2026-04-01 14:45:00,14:45:00,239.3,243.55,238.75,243.4,94640
2026-04-01 14:46:00,14:46:00,174.55,181.95,174.55,177.0,90870
2026-04-01 14:47:00,14:47:00,177.7,181.0,176.65,177.0,54405
2026-04-01 14:48:00,14:48:00,162.3,175.3,162.3,173.4,214500
2026-04-01 14:49:00,14:49:00,188.9,190.05,180.7,183.5,82420
2026-04-01 14:50:00,14:50:00,253.35,255.3,249.6,253.0,90155
2026-04-01 14:51:00,14:51:00,183.0,185.0,180.6,182.8,45240
2026-04-01 14:52:00,14:52:00,183.8,184.8,171.65,171.65,81900
2026-04-01 14:53:00,14:53:00,169.7,177.45,168.75,172.65,64870
2026-04-01 14:54:00,14:54:00,172.85,176.75,172.4,172.4,25740
2026-04-01 14:55:00,14:55:00,262.5,264.85,245.15,249.4,346840
2026-04-01 14:56:00,14:56:00,178.6,180.0,177.0,179.95,86190
2026-04-01 14:57:00,14:57:00,164.65,166.8,163.4,163.95,26780
2026-04-01 14:58:00,14:58:00,164.0,168.5,163.9,167.7,33540
2026-04-01 14:59:00,14:59:00,168.8,173.6,167.7,171.35,47710
2026-04-01 15:00:00,15:00:00,186.0,186.7,172.0,172.0,198380
2026-04-01 15:01:00,15:01:00,171.85,178.45,170.25,177.0,130780
2026-04-01 15:02:00,15:02:00,177.1,179.95,173.2,179.65,62725
2026-04-01 15:03:00,15:03:00,165.6,172.2,165.05,166.6,49205
2026-04-01 15:04:00,15:04:00,181.4,182.45,175.65,182.0,74815
2026-04-01 15:05:00,15:05:00,166.6,169.0,165.35,166.85,27105
2026-04-01 15:06:00,15:06:00,181.0,183.65,179.1,180.95,53300
2026-04-01 15:07:00,15:07:00,166.6,168.65,165.4,168.65,24570
2026-04-01 15:08:00,15:08:00,167.85,169.9,166.4,167.35,22295
2026-04-01 15:09:00,15:09:00,182.5,185.15,178.95,180.0,86450
2026-04-01 15:10:00,15:10:00,250.75,253.8,247.0,252.7,138840
2026-04-01 15:11:00,15:11:00,181.1,183.5,179.05,181.7,56420
2026-04-01 15:12:00,15:12:00,181.8,182.9,179.65,181.7,41730
2026-04-01 15:13:00,15:13:00,180.7,182.0,180.0,181.0,53755
2026-04-01 15:14:00,15:14:00,166.2,169.9,166.2,169.55,23465
2026-04-01 15:15:00,15:15:00,183.65,185.15,182.9,184.1,79170
2026-04-01 15:16:00,15:16:00,169.3,173.0,168.25,168.5,33735
2026-04-01 15:17:00,15:17:00,183.0,184.95,180.05,180.05,88530
2026-04-01 15:18:00,15:18:00,179.5,181.9,177.65,179.7,90480
2026-04-01 15:19:00,15:19:00,178.4,182.2,178.4,181.15,44590
2026-04-01 15:20:00,15:20:00,181.15,182.4,180.0,180.0,48360
2026-04-01 15:21:00,15:21:00,179.9,181.85,179.3,180.3,37700
2026-04-01 15:22:00,15:22:00,179.6,181.95,178.9,181.15,116935
2026-04-01 15:23:00,15:23:00,181.15,182.0,179.6,181.45,61100
2026-04-01 15:24:00,15:24:00,181.1,182.0,180.0,180.4,65000
2026-04-01 15:25:00,15:25:00,180.05,182.0,179.45,181.25,59475
2026-04-01 15:26:00,15:26:00,181.5,181.5,176.35,176.45,60385
2026-04-01 15:27:00,15:27:00,177.05,177.7,173.15,175.7,67340
2026-04-01 15:28:00,15:28:00,175.9,179.55,175.5,179.55,65780
2026-04-01 15:29:00,15:29:00,180.0,180.0,168.35,168.35,110955
2026-04-02 09:15:00,09:15:00,333.0,432.15,320.0,428.5,1348685
2026-04-02 09:16:00,09:16:00,459.65,477.5,443.9,447.55,101010
2026-04-02 09:17:00,09:17:00,447.3,455.85,439.65,450.2,59150
2026-04-02 09:18:00,09:18:00,452.15,458.75,449.3,454.25,44915
2026-04-02 09:19:00,09:19:00,456.8,471.7,454.25,465.85,26455
2026-04-02 09:20:00,09:20:00,466.5,471.7,460.0,464.7,32110
2026-04-02 09:21:00,09:21:00,466.8,471.95,461.7,464.4,19825
2026-04-02 09:22:00,09:22:00,467.8,475.15,464.4,467.2,28145
2026-04-02 09:23:00,09:23:00,468.4,468.4,447.65,458.15,26195
2026-04-02 09:24:00,09:24:00,457.9,461.15,451.2,451.3,13455
2026-04-02 09:25:00,09:25:00,451.45,454.1,447.55,449.7,12415
2026-04-02 09:26:00,09:26:00,449.15,464.8,449.15,464.8,13130
2026-04-02 09:27:00,09:27:00,463.05,464.8,454.1,456.4,14755
2026-04-02 09:28:00,09:28:00,456.7,461.55,456.3,460.6,7670
2026-04-02 09:29:00,09:29:00,461.6,463.25,455.6,459.45,7475
2026-04-02 09:30:00,09:30:00,461.6,461.6,446.85,449.8,9685
2026-04-02 09:31:00,09:31:00,448.75,454.55,442.0,454.55,16250
2026-04-02 09:32:00,09:32:00,456.3,456.3,449.25,455.75,8905
2026-04-02 09:33:00,09:33:00,455.95,463.4,455.75,460.95,12025
2026-04-02 09:34:00,09:34:00,460.15,461.05,451.75,452.2,6435
2026-04-02 09:35:00,09:35:00,457.0,458.75,452.2,457.9,4420
2026-04-02 09:36:00,09:36:00,461.7,461.7,444.15,445.6,10855
2026-04-02 09:37:00,09:37:00,476.95,478.7,461.85,466.8,33930
2026-04-02 09:38:00,09:38:00,466.45,478.45,466.45,473.0,18330
2026-04-02 09:39:00,09:39:00,440.4,458.0,440.4,456.7,15470
2026-04-02 09:40:00,09:40:00,458.0,462.0,451.0,452.75,12025
2026-04-02 09:41:00,09:41:00,450.0,452.75,440.4,445.6,6695
2026-04-02 09:42:00,09:42:00,446.7,458.0,445.6,455.45,3640
2026-04-02 09:43:00,09:43:00,456.25,456.25,447.7,452.25,3445
2026-04-02 09:44:00,09:44:00,455.45,458.55,452.25,452.6,2860
2026-04-02 09:45:00,09:45:00,451.7,452.6,443.95,444.8,5655
2026-04-02 09:46:00,09:46:00,446.3,455.0,444.8,454.5,3315
2026-04-02 09:47:00,09:47:00,457.0,458.0,453.6,456.0,5720
2026-04-02 09:48:00,09:48:00,458.0,466.3,456.0,465.85,11765
2026-04-02 09:49:00,09:49:00,467.0,471.3,465.85,471.2,6695
2026-04-02 09:50:00,09:50:00,469.35,472.9,466.65,467.5,3965
2026-04-02 09:51:00,09:51:00,468.05,473.4,467.5,473.4,2600
2026-04-02 09:52:00,09:52:00,443.9,454.4,443.25,454.4,173485
2026-04-02 09:53:00,09:53:00,484.3,487.3,479.5,479.5,16770
2026-04-02 09:54:00,09:54:00,447.2,454.35,446.4,452.3,50635
2026-04-02 09:55:00,09:55:00,451.8,456.15,448.6,449.75,71110
2026-04-02 09:56:00,09:56:00,448.8,451.95,445.0,449.5,53235
2026-04-02 09:57:00,09:57:00,451.0,456.75,449.5,455.0,51350
2026-04-02 09:58:00,09:58:00,455.9,460.0,454.4,458.0,59800
2026-04-02 09:59:00,09:59:00,458.0,462.0,457.1,461.45,64155
2026-04-02 10:00:00,10:00:00,463.0,472.8,458.0,459.6,138385
2026-04-02 10:01:00,10:01:00,490.15,490.15,476.0,476.7,11505
2026-04-02 10:02:00,10:02:00,447.35,454.35,446.0,452.0,51350
2026-04-02 10:03:00,10:03:00,451.0,459.65,445.05,456.35,59150
2026-04-02 10:04:00,10:04:00,458.15,460.7,455.85,456.0,46930
2026-04-02 10:05:00,10:05:00,456.8,461.5,456.0,459.1,24700
2026-04-02 10:06:00,10:06:00,459.75,470.8,458.95,470.8,72995
2026-04-02 10:07:00,10:07:00,470.05,474.25,461.25,461.25,81510
2026-04-02 10:08:00,10:08:00,463.0,473.95,461.25,468.05,78780
2026-04-02 10:09:00,10:09:00,467.5,474.45,466.8,474.35,30680
2026-04-02 10:10:00,10:10:00,473.85,474.35,470.0,470.55,33735
2026-04-02 10:11:00,10:11:00,469.85,470.55,462.75,465.0,31525
2026-04-02 10:12:00,10:12:00,465.0,466.55,460.0,464.1,22555
2026-04-02 10:13:00,10:13:00,463.1,464.9,452.75,454.0,54210
2026-04-02 10:14:00,10:14:00,486.55,487.05,471.0,473.4,14430
2026-04-02 10:15:00,10:15:00,442.65,455.9,442.6,450.0,71825
2026-04-02 10:16:00,10:16:00,448.4,459.0,448.4,458.2,31135
2026-04-02 10:17:00,10:17:00,458.0,466.15,458.0,464.05,51285
2026-04-02 10:18:00,10:18:00,465.15,469.15,456.3,456.8,56355
2026-04-02 10:19:00,10:19:00,458.15,462.95,456.8,458.85,22360
2026-04-02 10:20:00,10:20:00,457.6,458.85,444.15,446.05,65585
2026-04-02 10:21:00,10:21:00,446.35,457.0,444.45,455.0,32240
2026-04-02 10:22:00,10:22:00,455.95,462.35,455.0,459.4,29055
2026-04-02 10:23:00,10:23:00,460.2,465.6,458.3,461.95,38415
2026-04-02 10:24:00,10:24:00,461.4,466.95,461.3,466.8,51805
2026-04-02 10:25:00,10:25:00,466.8,467.9,456.85,456.85,34515
2026-04-02 10:26:00,10:26:00,457.45,460.3,450.0,454.8,25740
2026-04-02 10:27:00,10:27:00,455.6,455.6,448.05,448.5,20215
2026-04-02 10:28:00,10:28:00,449.25,456.0,448.15,449.65,35945
2026-04-02 10:29:00,10:29:00,450.3,452.0,449.0,449.8,8190
2026-04-02 10:30:00,10:30:00,449.8,454.0,446.7,449.9,16055
2026-04-02 10:31:00,10:31:00,450.9,452.1,443.9,444.3,19890
2026-04-02 10:32:00,10:32:00,443.9,448.3,442.1,447.25,46150
2026-04-02 10:33:00,10:33:00,446.7,453.0,442.0,451.65,23920
2026-04-02 10:34:00,10:34:00,453.0,455.0,451.5,453.6,18980
2026-04-02 10:35:00,10:35:00,452.0,457.65,450.9,455.25,27495
2026-04-02 10:36:00,10:36:00,456.3,456.75,447.4,452.15,14105
2026-04-02 10:37:00,10:37:00,453.5,455.4,444.0,444.65,14690
2026-04-02 10:38:00,10:38:00,445.05,448.3,444.65,447.4,10270
2026-04-02 10:39:00,10:39:00,448.0,450.0,446.05,448.7,10010
2026-04-02 10:40:00,10:40:00,478.45,479.2,469.0,469.0,12870
2026-04-02 10:41:00,10:41:00,438.0,450.55,437.1,446.9,50180
2026-04-02 10:42:00,10:42:00,477.35,477.45,467.75,470.05,4095
2026-04-02 10:43:00,10:43:00,469.1,477.25,467.35,469.8,2665
2026-04-02 10:44:00,10:44:00,438.5,446.25,436.85,446.0,13910
2026-04-02 10:45:00,10:45:00,444.85,446.4,442.2,443.9,19695
2026-04-02 10:46:00,10:46:00,444.25,450.7,442.95,449.65,21190
2026-04-02 10:47:00,10:47:00,450.2,463.2,448.8,462.0,62075
2026-04-02 10:48:00,10:48:00,461.3,464.5,460.1,462.5,31850
2026-04-02 10:49:00,10:49:00,460.55,462.5,453.55,457.6,32435
2026-04-02 10:50:00,10:50:00,457.15,459.0,454.3,456.95,10400
2026-04-02 10:51:00,10:51:00,455.35,458.0,454.05,456.85,15080
2026-04-02 10:52:00,10:52:00,456.35,458.7,453.6,456.85,13910
2026-04-02 10:53:00,10:53:00,489.25,489.25,471.45,473.05,4485
2026-04-02 10:54:00,10:54:00,468.75,474.75,465.75,471.95,21905
2026-04-02 10:55:00,10:55:00,477.05,477.05,470.0,470.75,3640
2026-04-02 10:56:00,10:56:00,468.85,470.75,461.25,461.25,4160
2026-04-02 10:57:00,10:57:00,460.2,465.5,457.65,465.5,6500
2026-04-02 10:58:00,10:58:00,464.0,466.95,460.05,466.45,2080
2026-04-02 10:59:00,10:59:00,467.1,471.55,460.0,461.4,4940
2026-04-02 11:00:00,11:00:00,458.35,462.35,456.75,461.6,7410
2026-04-02 11:01:00,11:01:00,461.25,469.95,461.25,466.7,2795
2026-04-02 11:02:00,11:02:00,465.35,467.8,458.5,460.05,6175
2026-04-02 11:03:00,11:03:00,458.35,467.9,458.35,465.45,4875
2026-04-02 11:04:00,11:04:00,466.3,466.3,462.25,465.1,2080
2026-04-02 11:05:00,11:05:00,464.15,465.8,460.7,460.7,3900
2026-04-02 11:06:00,11:06:00,460.25,469.85,460.25,462.8,6500
2026-04-02 11:07:00,11:07:00,463.65,466.5,462.8,465.95,2860
2026-04-02 11:08:00,11:08:00,460.0,471.5,460.0,471.4,6825
2026-04-02 11:09:00,11:09:00,470.3,476.2,467.4,468.35,13130
2026-04-02 11:10:00,11:10:00,468.65,478.1,468.35,472.5,8970
2026-04-02 11:11:00,11:11:00,473.55,477.1,472.5,475.85,2080
2026-04-02 11:12:00,11:12:00,443.5,443.5,439.4,442.5,20865
2026-04-02 11:13:00,11:13:00,475.25,479.55,473.35,475.85,4290
2026-04-02 11:14:00,11:14:00,474.65,477.05,472.65,473.15,1885
2026-04-02 11:15:00,11:15:00,442.75,444.75,440.15,442.85,10985
2026-04-02 11:16:00,11:16:00,475.75,478.7,474.35,477.75,5460
2026-04-02 11:17:00,11:17:00,444.45,456.0,442.95,453.3,67340
2026-04-02 11:18:00,11:18:00,453.3,453.75,444.15,447.05,44785
2026-04-02 11:19:00,11:19:00,446.35,452.0,446.0,449.65,22360
2026-04-02 11:20:00,11:20:00,450.55,454.95,448.9,450.55,26390
2026-04-02 11:21:00,11:21:00,450.05,453.0,450.0,450.1,45435
2026-04-02 11:22:00,11:22:00,450.65,452.85,447.95,447.95,25220
2026-04-02 11:23:00,11:23:00,448.2,452.0,447.95,448.45,19240
2026-04-02 11:24:00,11:24:00,449.65,457.05,448.45,453.8,36205
2026-04-02 11:25:00,11:25:00,456.5,456.5,452.25,454.2,15860
2026-04-02 11:26:00,11:26:00,453.85,456.7,446.8,455.65,25740
2026-04-02 11:27:00,11:27:00,456.6,459.45,454.4,455.5,45240
2026-04-02 11:28:00,11:28:00,456.55,460.9,455.4,460.9,30355
2026-04-02 11:29:00,11:29:00,459.15,461.0,456.8,459.5,25805
2026-04-02 11:30:00,11:30:00,457.1,460.65,455.15,456.95,19760
2026-04-02 11:31:00,11:31:00,455.6,457.35,451.5,451.5,23660
2026-04-02 11:32:00,11:32:00,454.1,455.6,444.8,450.0,23335
2026-04-02 11:33:00,11:33:00,448.9,452.65,445.6,452.4,14430
2026-04-02 11:34:00,11:34:00,450.6,453.7,446.45,448.0,10790
2026-04-02 11:35:00,11:35:00,479.6,480.75,471.9,473.85,4095
2026-04-02 11:36:00,11:36:00,473.3,473.85,465.65,465.65,4160
2026-04-02 11:37:00,11:37:00,467.85,471.5,465.65,467.1,4420
2026-04-02 11:38:00,11:38:00,467.3,469.7,467.1,469.7,3640
2026-04-02 11:39:00,11:39:00,468.75,469.7,466.75,466.8,1105
2026-04-02 11:40:00,11:40:00,469.5,470.25,466.8,469.7,1885
2026-04-02 11:41:00,11:41:00,469.2,477.35,469.05,474.0,2925
2026-04-02 11:42:00,11:42:00,443.0,445.0,439.8,442.25,14625
2026-04-02 11:43:00,11:43:00,476.0,477.15,472.3,472.3,1560
2026-04-02 11:44:00,11:44:00,441.0,444.45,441.0,442.7,13000
2026-04-02 11:45:00,11:45:00,474.2,474.2,470.25,470.25,1495
2026-04-02 11:46:00,11:46:00,469.6,471.65,468.2,468.2,1170
2026-04-02 11:47:00,11:47:00,468.15,468.6,461.1,462.25,2600
2026-04-02 11:48:00,11:48:00,461.3,468.55,460.65,463.0,2275
2026-04-02 11:49:00,11:49:00,462.8,466.8,460.2,464.3,3250
2026-04-02 11:50:00,11:50:00,463.7,464.3,458.8,462.65,4095
2026-04-02 11:51:00,11:51:00,461.25,462.65,456.15,456.15,2080
2026-04-02 11:52:00,11:52:00,456.15,462.0,454.2,462.0,5525
2026-04-02 11:53:00,11:53:00,462.55,462.55,455.7,455.7,1105
2026-04-02 11:54:00,11:54:00,456.55,461.4,455.7,459.6,5070
2026-04-02 11:55:00,11:55:00,427.7,428.85,427.0,428.65,7540
2026-04-02 11:56:00,11:56:00,458.7,459.2,456.55,456.9,2925
2026-04-02 11:57:00,11:57:00,484.9,490.85,466.8,467.45,38545
2026-04-02 11:58:00,11:58:00,468.65,469.25,450.4,451.05,36920
2026-04-02 11:59:00,11:59:00,451.25,469.25,449.4,466.9,29250
2026-04-02 12:00:00,12:00:00,467.25,469.0,462.4,469.0,11895
2026-04-02 12:01:00,12:01:00,436.3,441.95,434.7,440.55,9425
2026-04-02 12:02:00,12:02:00,441.2,449.4,440.55,446.75,5785
2026-04-02 12:03:00,12:03:00,478.5,479.05,470.0,470.0,13520
2026-04-02 12:04:00,12:04:00,438.6,446.6,438.35,444.5,1430
2026-04-02 12:05:00,12:05:00,446.6,453.45,444.5,453.45,3705
2026-04-02 12:06:00,12:06:00,452.8,456.0,450.9,455.5,4355
2026-04-02 12:07:00,12:07:00,457.0,461.35,455.5,458.25,3185
2026-04-02 12:08:00,12:08:00,457.6,458.3,446.35,447.2,4810
2026-04-02 12:09:00,12:09:00,448.25,449.25,445.05,447.3,3900
2026-04-02 12:10:00,12:10:00,445.0,447.3,444.8,446.3,2535
2026-04-02 12:11:00,12:11:00,443.7,447.1,437.95,447.1,2990
2026-04-02 12:12:00,12:12:00,442.65,447.1,442.45,443.65,1300
2026-04-02 12:13:00,12:13:00,441.3,445.45,439.7,444.5,1365
2026-04-02 12:14:00,12:14:00,445.55,447.75,444.05,445.35,2600
2026-04-02 12:15:00,12:15:00,442.65,445.65,442.65,443.95,1625
2026-04-02 12:16:00,12:16:00,442.35,444.55,441.35,443.0,3900
2026-04-02 12:17:00,12:17:00,443.6,446.8,442.9,442.9,1365
2026-04-02 12:18:00,12:18:00,441.3,444.95,441.3,443.65,2665
2026-04-02 12:19:00,12:19:00,442.55,450.75,441.3,447.4,2145
2026-04-02 12:20:00,12:20:00,446.5,453.0,445.15,453.0,1755
2026-04-02 12:21:00,12:21:00,454.05,466.0,453.0,461.05,4420
2026-04-02 12:22:00,12:22:00,462.9,463.45,455.15,455.5,2665
2026-04-02 12:23:00,12:23:00,456.1,456.7,451.45,452.9,1950
2026-04-02 12:24:00,12:24:00,451.4,452.9,445.4,447.3,1950
2026-04-02 12:25:00,12:25:00,419.55,421.7,416.3,417.9,20215
2026-04-02 12:26:00,12:26:00,481.55,481.9,466.2,468.15,13975
2026-04-02 12:27:00,12:27:00,438.15,444.5,436.0,444.0,5135
2026-04-02 12:28:00,12:28:00,476.0,477.85,471.0,471.0,3770
2026-04-02 12:29:00,12:29:00,471.0,471.55,458.6,458.6,13130
2026-04-02 12:30:00,12:30:00,427.4,428.55,422.75,424.75,6435
2026-04-02 12:31:00,12:31:00,455.4,464.8,452.8,460.85,10920
2026-04-02 12:32:00,12:32:00,460.5,461.3,446.0,446.0,13650
2026-04-02 12:33:00,12:33:00,447.25,447.25,436.8,444.8,33865
2026-04-02 12:34:00,12:34:00,443.75,446.85,442.05,442.05,7540
2026-04-02 12:35:00,12:35:00,412.25,418.05,405.25,409.15,5980
2026-04-02 12:36:00,12:36:00,469.05,471.0,452.0,452.0,10270
2026-04-02 12:37:00,12:37:00,452.9,459.9,445.05,459.9,10400
2026-04-02 12:38:00,12:38:00,459.9,459.9,451.25,451.25,7475
2026-04-02 12:39:00,12:39:00,450.0,458.65,448.8,458.65,4355
2026-04-02 12:40:00,12:40:00,396.85,397.5,391.15,392.5,8775
2026-04-02 12:41:00,12:41:00,452.45,455.15,447.45,447.45,2340
2026-04-02 12:42:00,12:42:00,449.15,464.8,447.45,462.9,15600
2026-04-02 12:43:00,12:43:00,454.0,462.9,445.9,448.3,10205
2026-04-02 12:44:00,12:44:00,447.9,448.9,444.95,446.65,6760
2026-04-02 12:45:00,12:45:00,387.2,391.45,386.05,388.9,6500
2026-04-02 12:46:00,12:46:00,450.75,463.35,447.75,460.9,14950
2026-04-02 12:47:00,12:47:00,460.2,460.9,449.7,450.05,52780
2026-04-02 12:48:00,12:48:00,451.4,452.1,444.8,444.8,52715
2026-04-02 12:49:00,12:49:00,445.1,454.05,442.2,454.05,5460
2026-04-02 12:50:00,12:50:00,422.55,424.8,417.9,424.8,15990
2026-04-02 12:51:00,12:51:00,456.05,459.2,453.5,455.5,4745
2026-04-02 12:52:00,12:52:00,456.4,465.3,455.5,464.35,13715
2026-04-02 12:53:00,12:53:00,466.0,466.0,460.8,461.95,4420
2026-04-02 12:54:00,12:54:00,464.9,473.75,461.95,473.0,4290
2026-04-02 12:55:00,12:55:00,409.55,409.8,400.0,400.3,6045
2026-04-02 12:56:00,12:56:00,461.7,464.6,458.25,462.75,4160
2026-04-02 12:57:00,12:57:00,461.4,462.75,450.0,450.45,5980
2026-04-02 12:58:00,12:58:00,450.65,452.2,443.3,445.55,4875
2026-04-02 12:59:00,12:59:00,444.75,447.95,444.75,445.7,1560
2026-04-02 13:00:00,13:00:00,415.45,416.45,397.6,399.6,78520
2026-04-02 13:01:00,13:01:00,459.1,460.75,455.3,458.45,30030
2026-04-02 13:02:00,13:02:00,457.8,465.65,456.75,464.7,22750
2026-04-02 13:03:00,13:03:00,465.0,471.75,463.3,471.75,19500
2026-04-02 13:04:00,13:04:00,439.9,443.45,439.9,440.05,5785
2026-04-02 13:05:00,13:05:00,354.2,357.65,352.75,357.65,48620
2026-04-02 13:06:00,13:06:00,443.85,453.45,441.35,453.0,16705
2026-04-02 13:07:00,13:07:00,454.4,460.8,453.0,455.85,8645
2026-04-02 13:08:00,13:08:00,455.95,455.95,438.2,438.55,7410
2026-04-02 13:09:00,13:09:00,471.0,473.8,468.4,471.5,7800
2026-04-02 13:10:00,13:10:00,382.35,391.45,381.75,390.05,12805
2026-04-02 13:11:00,13:11:00,445.6,449.8,440.95,448.05,5005
2026-04-02 13:12:00,13:12:00,446.7,450.2,445.7,447.5,2795
2026-04-02 13:13:00,13:13:00,447.5,453.25,442.45,451.15,8385
2026-04-02 13:14:00,13:14:00,450.75,451.15,443.0,443.55,2340
2026-04-02 13:15:00,13:15:00,356.65,358.65,351.6,355.1,60580
2026-04-02 13:16:00,13:16:00,439.35,447.5,439.35,447.5,3770
2026-04-02 13:17:00,13:17:00,479.35,480.95,466.75,466.75,6370
2026-04-02 13:18:00,13:18:00,465.65,466.75,459.25,460.0,10985
2026-04-02 13:19:00,13:19:00,461.1,461.85,455.75,461.0,9815
2026-04-02 13:20:00,13:20:00,343.55,348.0,343.2,344.9,53040
2026-04-02 13:21:00,13:21:00,462.5,462.5,442.0,443.0,32370
2026-04-02 13:22:00,13:22:00,443.65,449.45,440.05,447.85,16575
2026-04-02 13:23:00,13:23:00,478.6,479.0,466.0,470.35,3120
2026-04-02 13:24:00,13:24:00,470.7,471.15,461.05,461.9,6045
2026-04-02 13:25:00,13:25:00,321.3,330.55,318.65,325.0,235950
2026-04-02 13:26:00,13:26:00,464.15,469.2,455.0,455.85,6240
2026-04-02 13:27:00,13:27:00,457.2,457.2,452.25,452.75,5005
2026-04-02 13:28:00,13:28:00,449.15,452.75,440.0,440.7,8385
2026-04-02 13:29:00,13:29:00,471.25,471.9,455.5,457.2,29315
2026-04-02 13:30:00,13:30:00,316.2,319.65,312.75,318.4,82680
2026-04-02 13:31:00,13:31:00,458.15,466.5,453.2,466.5,23400
2026-04-02 13:32:00,13:32:00,467.0,477.15,465.45,466.45,26715
2026-04-02 13:33:00,13:33:00,468.05,470.8,465.7,470.1,11830
2026-04-02 13:34:00,13:34:00,468.35,471.2,459.05,460.2,9360
2026-04-02 13:35:00,13:35:00,298.8,309.85,298.05,308.0,437905
2026-04-02 13:36:00,13:36:00,475.45,476.9,460.0,462.85,17095
2026-04-02 13:37:00,13:37:00,460.6,462.85,447.65,451.9,25610
2026-04-02 13:38:00,13:38:00,450.25,454.0,447.3,447.9,13455
2026-04-02 13:39:00,13:39:00,448.55,454.8,444.25,447.7,18915
2026-04-02 13:40:00,13:40:00,481.3,482.0,467.85,475.7,7605
2026-04-02 13:41:00,13:41:00,444.6,450.3,443.55,447.35,17290
2026-04-02 13:42:00,13:42:00,478.75,482.6,472.45,473.05,2405
2026-04-02 13:43:00,13:43:00,474.05,475.5,466.35,466.35,2145
2026-04-02 13:44:00,13:44:00,463.75,466.6,461.15,465.1,2535
2026-04-02 13:45:00,13:45:00,464.1,465.1,457.3,457.8,2405
2026-04-02 13:46:00,13:46:00,455.4,457.8,444.3,447.7,8320
2026-04-02 13:47:00,13:47:00,447.75,456.2,445.0,451.7,8125
2026-04-02 13:48:00,13:48:00,452.55,466.2,451.7,461.8,6760
2026-04-02 13:49:00,13:49:00,463.75,466.35,459.1,459.95,5590
2026-04-02 13:50:00,13:50:00,459.25,466.45,459.0,459.0,3640
2026-04-02 13:51:00,13:51:00,428.4,441.25,426.15,439.6,14625
2026-04-02 13:52:00,13:52:00,470.15,471.8,459.55,459.55,3770
2026-04-02 13:53:00,13:53:00,460.25,460.25,443.7,443.7,10465
2026-04-02 13:54:00,13:54:00,449.15,463.85,443.7,462.95,3640
2026-04-02 13:55:00,13:55:00,465.2,468.6,462.1,466.85,5915
2026-04-02 13:56:00,13:56:00,468.4,471.05,465.45,470.0,3055
2026-04-02 13:57:00,13:57:00,437.75,449.7,437.75,448.55,39455
2026-04-02 13:58:00,13:58:00,451.85,456.75,440.0,440.0,40235
2026-04-02 13:59:00,13:59:00,471.15,478.05,462.75,464.75,5460
2026-04-02 14:00:00,14:00:00,464.25,466.9,455.85,455.85,4095
2026-04-02 14:01:00,14:01:00,455.95,458.8,450.0,458.8,5720
2026-04-02 14:02:00,14:02:00,468.8,471.95,458.8,458.8,4550
2026-04-02 14:03:00,14:03:00,458.2,459.45,455.0,455.0,2340
2026-04-02 14:04:00,14:04:00,457.65,458.65,441.25,445.1,3835
2026-04-02 14:05:00,14:05:00,444.6,453.4,442.85,453.4,3900
2026-04-02 14:06:00,14:06:00,451.05,453.65,449.1,449.75,2665
2026-04-02 14:07:00,14:07:00,451.7,455.9,448.35,455.35,2080
2026-04-02 14:08:00,14:08:00,456.85,456.85,432.1,440.15,10465
2026-04-02 14:09:00,14:09:00,442.1,442.35,433.0,434.5,2795
2026-04-02 14:10:00,14:10:00,465.0,469.05,455.4,457.0,9555
2026-04-02 14:11:00,14:11:00,456.45,457.0,447.8,451.9,13910
2026-04-02 14:12:00,14:12:00,450.95,451.9,440.3,440.8,22230
2026-04-02 14:13:00,14:13:00,471.8,472.95,461.25,463.1,4225
2026-04-02 14:14:00,14:14:00,462.6,474.35,462.6,465.65,9100
2026-04-02 14:15:00,14:15:00,466.75,466.75,450.05,450.05,3835
2026-04-02 14:16:00,14:16:00,449.3,456.45,438.6,455.4,15210
2026-04-02 14:17:00,14:17:00,457.0,470.4,454.0,464.0,5850
2026-04-02 14:18:00,14:18:00,433.4,439.2,432.6,438.4,20020
2026-04-02 14:19:00,14:19:00,467.6,469.75,445.8,446.9,5200
2026-04-02 14:20:00,14:20:00,449.7,451.5,443.95,443.95,4420
2026-04-02 14:21:00,14:21:00,445.55,455.0,443.95,444.8,5590
2026-04-02 14:22:00,14:22:00,449.15,450.8,444.75,446.7,7670
2026-04-02 14:23:00,14:23:00,449.1,456.1,446.7,455.0,4745
2026-04-02 14:24:00,14:24:00,445.8,455.0,431.5,432.65,5915
2026-04-02 14:25:00,14:25:00,430.6,436.5,425.1,436.5,4810
2026-04-02 14:26:00,14:26:00,439.05,448.65,436.5,448.65,3965
2026-04-02 14:27:00,14:27:00,446.15,448.65,431.9,432.4,3315
2026-04-02 14:28:00,14:28:00,462.85,466.6,459.4,460.05,23140
2026-04-02 14:29:00,14:29:00,429.35,435.1,429.0,435.1,6435
2026-04-02 14:30:00,14:30:00,214.3,220.25,213.8,215.5,192010
2026-04-02 14:31:00,14:31:00,433.85,435.7,417.85,429.65,7020
2026-04-02 14:32:00,14:32:00,463.0,467.0,454.5,454.5,19435
2026-04-02 14:33:00,14:33:00,455.6,455.65,444.0,444.0,41795
2026-04-02 14:34:00,14:34:00,443.9,461.55,442.3,455.8,39065
2026-04-02 14:35:00,14:35:00,451.85,464.8,451.5,457.6,26650
2026-04-02 14:36:00,14:36:00,426.55,441.4,425.65,441.3,5720
2026-04-02 14:37:00,14:37:00,441.85,463.2,441.3,461.05,16575
2026-04-02 14:38:00,14:38:00,461.6,470.2,454.25,463.75,5980
2026-04-02 14:39:00,14:39:00,465.1,466.4,458.0,460.95,5980
2026-04-02 14:40:00,14:40:00,427.85,436.65,424.45,436.55,19240
2026-04-02 14:41:00,14:41:00,439.7,456.6,436.55,446.2,33150
2026-04-02 14:42:00,14:42:00,447.95,453.8,444.45,450.0,22815
2026-04-02 14:43:00,14:43:00,449.8,466.75,448.0,457.3,33280
2026-04-02 14:44:00,14:44:00,456.25,468.0,456.25,462.25,18785
2026-04-02 14:45:00,14:45:00,463.95,471.95,458.1,458.1,34775
2026-04-02 14:46:00,14:46:00,488.35,488.4,465.5,467.95,7540
2026-04-02 14:47:00,14:47:00,434.05,457.15,432.65,444.3,21710
2026-04-02 14:48:00,14:48:00,477.25,484.25,467.2,467.2,2470
2026-04-02 14:49:00,14:49:00,431.85,443.4,431.85,443.4,7410
2026-04-02 14:50:00,14:50:00,476.55,480.0,461.6,465.15,4095
2026-04-02 14:51:00,14:51:00,463.75,465.15,445.8,449.35,13260
2026-04-02 14:52:00,14:52:00,448.85,456.1,447.2,453.6,3965
2026-04-02 14:53:00,14:53:00,455.5,463.0,451.5,455.6,5720
2026-04-02 14:54:00,14:54:00,454.8,458.75,449.15,451.8,4550
2026-04-02 14:55:00,14:55:00,452.7,454.5,447.25,450.8,4355
2026-04-02 14:56:00,14:56:00,449.8,451.6,445.85,450.35,3120
2026-04-02 14:57:00,14:57:00,449.9,459.35,446.15,448.7,4940
2026-04-02 14:58:00,14:58:00,447.65,456.25,447.35,447.35,8580
2026-04-02 14:59:00,14:59:00,445.1,456.25,444.8,454.0,7800
2026-04-02 15:00:00,15:00:00,242.3,242.35,227.0,230.35,158795
2026-04-02 15:01:00,15:01:00,464.9,472.65,456.55,470.0,48620
2026-04-02 15:02:00,15:02:00,439.1,452.2,437.3,452.2,7475
2026-04-02 15:03:00,15:03:00,451.15,454.45,444.3,444.3,5785
2026-04-02 15:04:00,15:04:00,476.15,476.15,464.25,466.55,21710
2026-04-02 15:05:00,15:05:00,213.15,217.0,209.55,212.3,221520
2026-04-02 15:06:00,15:06:00,462.75,465.0,454.0,463.2,35100
2026-04-02 15:07:00,15:07:00,462.0,463.2,432.4,435.15,93015
2026-04-02 15:08:00,15:08:00,469.0,479.35,468.55,471.1,1885
2026-04-02 15:09:00,15:09:00,464.85,471.1,454.35,454.35,3835
2026-04-02 15:10:00,15:10:00,205.2,208.3,202.85,206.05,95940
2026-04-02 15:11:00,15:11:00,454.9,460.85,451.7,454.15,5070
2026-04-02 15:12:00,15:12:00,453.8,457.5,453.8,457.15,1365
2026-04-02 15:13:00,15:13:00,457.85,464.1,457.15,461.1,1300
2026-04-02 15:14:00,15:14:00,465.15,465.15,449.5,449.5,5200
2026-04-02 15:15:00,15:15:00,219.75,221.75,216.7,216.95,263575
2026-04-02 15:16:00,15:16:00,441.85,444.75,437.7,443.3,2535
2026-04-02 15:17:00,15:17:00,443.6,453.55,443.25,452.1,2340
2026-04-02 15:18:00,15:18:00,455.3,461.25,450.8,461.25,2730
2026-04-02 15:19:00,15:19:00,432.8,450.15,429.15,450.1,79365
2026-04-02 15:20:00,15:20:00,220.7,244.5,220.7,226.0,170950
2026-04-02 15:21:00,15:21:00,462.85,464.85,442.2,456.9,43680
2026-04-02 15:22:00,15:22:00,455.85,465.45,452.65,459.4,30355
2026-04-02 15:23:00,15:23:00,458.0,464.95,455.7,462.25,19890
2026-04-02 15:24:00,15:24:00,459.9,466.0,459.9,465.75,39585
2026-04-02 15:25:00,15:25:00,228.85,230.1,224.5,224.5,70395
2026-04-02 15:26:00,15:26:00,454.0,458.05,442.35,446.7,39520
2026-04-02 15:27:00,15:27:00,445.0,446.7,438.3,438.3,31850
2026-04-02 15:28:00,15:28:00,437.05,444.55,436.25,440.0,19630
2026-04-02 15:29:00,15:29:00,440.95,440.95,422.0,423.55,49465
2026-04-06 09:15:00,09:15:00,219.1,240.0,147.65,164.25,546650
2026-04-06 09:16:00,09:16:00,148.05,154.2,144.3,153.05,1634230
2026-04-06 09:17:00,09:17:00,155.0,176.15,153.05,166.45,1862770
2026-04-06 09:18:00,09:18:00,146.35,159.95,146.35,154.25,548015
2026-04-06 09:19:00,09:19:00,172.6,173.45,153.0,153.05,1587820
2026-04-06 09:20:00,09:20:00,170.0,174.95,152.05,163.35,730730
2026-04-06 09:21:00,09:21:00,147.45,152.25,145.0,151.05,1000350
2026-04-06 09:22:00,09:22:00,153.95,161.2,151.05,156.65,1422785
2026-04-06 09:23:00,09:23:00,156.1,156.65,147.2,153.4,779220
2026-04-06 09:24:00,09:24:00,154.05,162.75,153.4,158.85,943085
2026-04-06 09:25:00,09:25:00,160.7,164.0,157.0,163.1,828880
2026-04-06 09:26:00,09:26:00,162.75,166.0,158.1,162.6,844415
2026-04-06 09:27:00,09:27:00,144.4,155.65,144.4,152.5,447785
2026-04-06 09:28:00,09:28:00,151.8,157.5,151.0,155.25,356070
2026-04-06 09:29:00,09:29:00,154.45,156.9,146.3,156.45,433615
2026-04-06 09:30:00,09:30:00,156.9,159.5,151.5,152.8,441740
2026-04-06 09:31:00,09:31:00,171.05,172.05,158.35,160.5,1296230
2026-04-06 09:32:00,09:32:00,162.2,165.4,158.7,161.9,667810
2026-04-06 09:33:00,09:33:00,182.95,184.75,162.45,164.3,737945
2026-04-06 09:34:00,09:34:00,164.25,165.55,161.5,164.0,269490
2026-04-06 09:35:00,09:35:00,165.85,165.85,149.95,152.3,566345
2026-04-06 09:36:00,09:36:00,151.95,152.3,142.2,147.1,494650
2026-04-06 09:37:00,09:37:00,166.0,166.0,155.15,161.25,931515
2026-04-06 09:38:00,09:38:00,145.05,145.75,141.2,141.7,207610
2026-04-06 09:39:00,09:39:00,142.9,151.1,141.7,150.1,280085
2026-04-06 09:40:00,09:40:00,150.0,159.65,146.6,159.45,328380
2026-04-06 09:41:00,09:41:00,144.0,158.5,141.9,158.5,1859780
2026-04-06 09:42:00,09:42:00,141.95,147.5,137.1,142.15,712790
2026-04-06 09:43:00,09:43:00,143.4,149.45,141.4,148.0,366925
2026-04-06 09:44:00,09:44:00,147.25,148.6,139.9,139.9,280410
2026-04-06 09:45:00,09:45:00,158.6,161.85,153.25,156.45,984945
2026-04-06 09:46:00,09:46:00,139.5,144.05,136.9,139.75,202215
2026-04-06 09:47:00,09:47:00,140.15,148.35,135.3,145.4,376545
2026-04-06 09:48:00,09:48:00,145.7,153.0,143.35,150.95,335920
2026-04-06 09:49:00,09:49:00,151.3,152.6,147.0,152.6,408980
2026-04-06 09:50:00,09:50:00,217.5,229.05,216.7,226.15,3105310
2026-04-06 09:51:00,09:51:00,160.15,161.75,153.3,153.5,417300
2026-04-06 09:52:00,09:52:00,154.1,158.85,145.75,153.0,434395
2026-04-06 09:53:00,09:53:00,154.4,159.5,152.95,154.2,305110
2026-04-06 09:54:00,09:54:00,136.55,142.65,133.0,141.5,462995
2026-04-06 09:55:00,09:55:00,227.2,228.35,218.25,221.55,1084720
2026-04-06 09:56:00,09:56:00,156.35,160.9,153.15,153.35,245700
2026-04-06 09:57:00,09:57:00,153.55,158.25,153.35,154.9,182715
2026-04-06 09:58:00,09:58:00,137.05,141.25,136.5,139.75,216450
2026-04-06 09:59:00,09:59:00,140.2,141.5,138.1,138.65,251615
2026-04-06 10:00:00,10:00:00,139.1,142.75,131.8,139.0,694265
2026-04-06 10:01:00,10:01:00,140.15,141.95,134.2,136.95,434395
2026-04-06 10:02:00,10:02:00,156.0,156.0,150.0,151.95,226785
2026-04-06 10:03:00,10:03:00,151.1,153.25,147.05,151.6,263445
2026-04-06 10:04:00,10:04:00,151.85,154.15,145.4,146.3,211250
2026-04-06 10:05:00,10:05:00,146.8,151.1,139.4,148.7,560560
2026-04-06 10:06:00,10:06:00,148.5,148.7,136.8,139.8,476320
2026-04-06 10:07:00,10:07:00,140.55,140.8,133.4,137.75,226590
2026-04-06 10:08:00,10:08:00,137.85,139.3,127.65,134.35,317070
2026-04-06 10:09:00,10:09:00,136.0,138.55,134.15,136.65,227695
2026-04-06 10:10:00,10:10:00,136.15,143.55,135.65,143.55,210470
2026-04-06 10:11:00,10:11:00,162.75,162.75,149.3,150.75,1014975
2026-04-06 10:12:00,10:12:00,131.55,135.8,128.1,133.75,230035
2026-04-06 10:13:00,10:13:00,152.55,153.55,141.4,144.05,825045
2026-04-06 10:14:00,10:14:00,144.8,145.8,137.25,138.0,728065
2026-04-06 10:15:00,10:15:00,137.1,140.05,133.3,139.2,1155635
2026-04-06 10:16:00,10:16:00,139.6,140.7,130.7,138.55,884195
2026-04-06 10:17:00,10:17:00,139.0,142.4,138.55,139.65,744900
2026-04-06 10:18:00,10:18:00,123.6,133.9,120.2,130.55,334295
2026-04-06 10:19:00,10:19:00,148.8,150.3,142.1,143.8,912600
2026-04-06 10:20:00,10:20:00,144.2,144.3,138.9,142.35,449800
2026-04-06 10:21:00,10:21:00,142.15,142.55,137.5,138.0,374400
2026-04-06 10:22:00,10:22:00,138.0,144.1,137.7,142.95,391690
2026-04-06 10:23:00,10:23:00,143.6,145.0,138.8,140.65,364910
2026-04-06 10:24:00,10:24:00,139.2,141.55,134.45,141.55,628485
2026-04-06 10:25:00,10:25:00,142.4,145.85,139.65,142.55,673010
2026-04-06 10:26:00,10:26:00,125.25,138.25,124.4,136.15,412685
2026-04-06 10:27:00,10:27:00,137.05,141.4,131.6,135.45,570115
2026-04-06 10:28:00,10:28:00,135.95,137.5,130.9,130.9,220025
2026-04-06 10:29:00,10:29:00,146.7,147.85,135.8,140.0,1237535
2026-04-06 10:30:00,10:30:00,123.6,136.3,122.4,135.55,356070
2026-04-06 10:31:00,10:31:00,134.5,135.75,126.3,129.0,262600
2026-04-06 10:32:00,10:32:00,130.1,132.25,125.15,128.6,137995
2026-04-06 10:33:00,10:33:00,147.3,148.2,136.05,138.4,861965
2026-04-06 10:34:00,10:34:00,138.7,144.55,138.4,139.55,376675
2026-04-06 10:35:00,10:35:00,139.7,142.7,136.2,139.05,445835
2026-04-06 10:36:00,10:36:00,139.4,141.1,136.85,139.0,330005
2026-04-06 10:37:00,10:37:00,139.05,139.05,131.5,132.7,714155
2026-04-06 10:38:00,10:38:00,133.2,138.15,129.8,138.15,585975
2026-04-06 10:39:00,10:39:00,138.3,138.3,131.0,132.1,462410
2026-04-06 10:40:00,10:40:00,132.15,139.45,131.7,139.45,422630
2026-04-06 10:41:00,10:41:00,138.4,141.4,135.55,141.4,503620
2026-04-06 10:42:00,10:42:00,142.0,145.4,140.9,144.5,636740
2026-04-06 10:43:00,10:43:00,143.05,145.25,137.65,143.1,457080
2026-04-06 10:44:00,10:44:00,142.45,143.1,135.0,136.8,442650
2026-04-06 10:45:00,10:45:00,136.35,139.85,133.15,138.7,403000
2026-04-06 10:46:00,10:46:00,138.75,141.45,136.85,137.05,302705
2026-04-06 10:47:00,10:47:00,136.9,137.1,131.3,133.3,462150
2026-04-06 10:48:00,10:48:00,133.35,137.9,133.3,136.5,301210
2026-04-06 10:49:00,10:49:00,136.8,137.4,131.25,132.1,300170
2026-04-06 10:50:00,10:50:00,132.1,132.45,127.95,130.25,629330
2026-04-06 10:51:00,10:51:00,113.55,126.85,112.4,126.25,244660
2026-04-06 10:52:00,10:52:00,126.05,131.95,123.45,131.9,427635
2026-04-06 10:53:00,10:53:00,131.6,132.6,126.05,127.95,340015
2026-04-06 10:54:00,10:54:00,128.75,132.65,127.95,129.6,183950
2026-04-06 10:55:00,10:55:00,130.4,134.55,126.2,130.15,323830
2026-04-06 10:56:00,10:56:00,147.6,148.35,135.3,137.5,939705
2026-04-06 10:57:00,10:57:00,137.55,139.45,133.7,133.7,545740
2026-04-06 10:58:00,10:58:00,133.0,141.2,133.0,137.3,486330
2026-04-06 10:59:00,10:59:00,137.35,141.3,134.9,139.95,341510
2026-04-06 11:00:00,11:00:00,122.35,129.3,122.0,129.3,198055
2026-04-06 11:01:00,11:01:00,129.0,134.6,127.05,133.2,236990
2026-04-06 11:02:00,11:02:00,134.25,134.5,130.35,133.55,188890
2026-04-06 11:03:00,11:03:00,134.05,140.95,131.85,135.6,335205
2026-04-06 11:04:00,11:04:00,137.1,141.15,135.6,139.85,305045
2026-04-06 11:05:00,11:05:00,140.5,145.2,138.45,138.55,484510
2026-04-06 11:06:00,11:06:00,137.55,140.95,136.0,139.05,288275
2026-04-06 11:07:00,11:07:00,138.65,142.95,137.2,142.95,177580
2026-04-06 11:08:00,11:08:00,143.75,144.25,138.5,140.0,180375
2026-04-06 11:09:00,11:09:00,139.4,144.55,138.8,143.65,176150
2026-04-06 11:10:00,11:10:00,184.9,190.2,184.15,190.2,906490
2026-04-06 11:11:00,11:11:00,132.35,141.35,130.3,139.5,1305850
2026-04-06 11:12:00,11:12:00,138.5,140.45,135.75,136.1,526760
2026-04-06 11:13:00,11:13:00,136.0,139.95,134.3,139.4,444145
2026-04-06 11:14:00,11:14:00,139.5,140.65,131.75,132.15,450060
2026-04-06 11:15:00,11:15:00,131.95,137.95,131.95,137.95,412230
2026-04-06 11:16:00,11:16:00,137.35,137.95,125.35,131.55,731250
2026-04-06 11:17:00,11:17:00,149.8,150.35,140.35,143.4,319540
2026-04-06 11:18:00,11:18:00,142.55,143.4,135.2,139.1,383695
2026-04-06 11:19:00,11:19:00,139.9,141.75,132.3,132.3,341120
2026-04-06 11:20:00,11:20:00,134.5,135.8,130.35,132.3,394290
2026-04-06 11:21:00,11:21:00,151.1,151.1,139.65,142.55,1142375
2026-04-06 11:22:00,11:22:00,125.55,137.2,124.95,135.85,777075
2026-04-06 11:23:00,11:23:00,136.2,137.65,126.0,130.85,390195
2026-04-06 11:24:00,11:24:00,131.05,131.05,127.1,128.7,119990
2026-04-06 11:25:00,11:25:00,129.4,134.5,126.4,134.5,174655
2026-04-06 11:26:00,11:26:00,135.0,135.75,129.55,130.6,204750
2026-04-06 11:27:00,11:27:00,131.2,132.2,128.35,128.65,111735
2026-04-06 11:28:00,11:28:00,146.65,148.0,142.4,143.95,561015
2026-04-06 11:29:00,11:29:00,144.05,146.0,141.2,141.7,354640
2026-04-06 11:30:00,11:30:00,123.15,132.0,122.55,128.6,194740
2026-04-06 11:31:00,11:31:00,130.0,133.3,128.6,131.3,145860
2026-04-06 11:32:00,11:32:00,131.95,138.2,131.3,133.7,242255
2026-04-06 11:33:00,11:33:00,133.9,139.4,133.7,137.95,200785
2026-04-06 11:34:00,11:34:00,137.6,137.95,131.6,133.8,174395
2026-04-06 11:35:00,11:35:00,133.55,136.2,129.5,130.25,118365
2026-04-06 11:36:00,11:36:00,129.75,133.35,126.7,128.35,155350
2026-04-06 11:37:00,11:37:00,145.95,146.0,135.8,139.05,1049230
2026-04-06 11:38:00,11:38:00,140.2,140.6,136.65,137.5,457080
2026-04-06 11:39:00,11:39:00,120.5,126.95,119.85,126.75,280475
2026-04-06 11:40:00,11:40:00,145.5,151.85,139.3,140.3,1076790
2026-04-06 11:41:00,11:41:00,140.65,143.45,139.45,140.75,362505
2026-04-06 11:42:00,11:42:00,140.6,144.6,136.15,138.25,545610
2026-04-06 11:43:00,11:43:00,138.85,139.4,136.5,137.9,277030
2026-04-06 11:44:00,11:44:00,138.25,138.25,133.2,135.4,633685
2026-04-06 11:45:00,11:45:00,135.6,140.8,135.4,140.65,366600
2026-04-06 11:46:00,11:46:00,140.8,141.05,135.0,135.3,415805
2026-04-06 11:47:00,11:47:00,134.45,135.45,132.05,132.55,499655
2026-04-06 11:48:00,11:48:00,132.95,136.85,132.55,135.5,376740
2026-04-06 11:49:00,11:49:00,135.85,137.9,134.55,135.85,356135
2026-04-06 11:50:00,11:50:00,135.55,136.35,128.95,131.3,784615
2026-04-06 11:51:00,11:51:00,131.6,132.0,128.0,128.1,409565
2026-04-06 11:52:00,11:52:00,127.95,130.75,126.45,130.75,452530
2026-04-06 11:53:00,11:53:00,130.75,134.0,130.7,132.3,434915
2026-04-06 11:54:00,11:54:00,131.6,132.3,129.8,129.8,227175
2026-04-06 11:55:00,11:55:00,130.0,132.4,128.1,129.85,271310
2026-04-06 11:56:00,11:56:00,147.8,148.7,133.95,134.25,769860
2026-04-06 11:57:00,11:57:00,134.6,139.6,131.45,139.6,643955
2026-04-06 11:58:00,11:58:00,138.9,143.3,137.4,143.3,442780
2026-04-06 11:59:00,11:59:00,143.6,146.6,142.7,143.2,295100
2026-04-06 12:00:00,12:00:00,143.15,146.75,141.75,143.65,215475
2026-04-06 12:01:00,12:01:00,143.75,145.05,141.8,141.8,172705
2026-04-06 12:02:00,12:02:00,124.05,129.8,124.05,129.8,319865
2026-04-06 12:03:00,12:03:00,130.0,131.3,128.1,130.3,601250
2026-04-06 12:04:00,12:04:00,130.65,132.05,129.3,130.95,438620
2026-04-06 12:05:00,12:05:00,130.9,131.55,127.3,128.75,440505
2026-04-06 12:06:00,12:06:00,147.25,147.95,144.0,144.6,143000
2026-04-06 12:07:00,12:07:00,144.6,147.45,143.85,146.25,117455
2026-04-06 12:08:00,12:08:00,147.2,147.75,143.5,144.5,107575
2026-04-06 12:09:00,12:09:00,125.35,130.8,123.55,130.6,556075
2026-04-06 12:10:00,12:10:00,130.35,131.65,128.0,128.0,640705
2026-04-06 12:11:00,12:11:00,127.8,129.05,125.25,128.35,302835
2026-04-06 12:12:00,12:12:00,128.25,132.0,127.55,130.45,243555
2026-04-06 12:13:00,12:13:00,130.8,131.75,127.8,129.8,443040
2026-04-06 12:14:00,12:14:00,129.55,131.55,129.15,130.95,322790
2026-04-06 12:15:00,12:15:00,130.75,135.0,130.2,132.05,759525
2026-04-06 12:16:00,12:16:00,131.65,132.05,127.05,129.1,427960
2026-04-06 12:17:00,12:17:00,128.9,129.9,126.4,128.3,240890
2026-04-06 12:18:00,12:18:00,128.0,131.1,126.3,128.1,249210
2026-04-06 12:19:00,12:19:00,128.4,132.35,127.75,131.5,237835
2026-04-06 12:20:00,12:20:00,149.3,150.8,117.35,130.75,1415440
2026-04-06 12:21:00,12:21:00,128.5,131.1,123.15,127.2,570050
2026-04-06 12:22:00,12:22:00,126.4,133.9,122.4,124.9,396500
2026-04-06 12:23:00,12:23:00,125.05,133.9,124.9,130.6,237185
2026-04-06 12:24:00,12:24:00,131.15,135.6,130.6,134.45,220545
2026-04-06 12:25:00,12:25:00,135.0,135.9,130.35,131.55,254540
2026-04-06 12:26:00,12:26:00,130.95,131.55,128.7,130.15,132470
2026-04-06 12:27:00,12:27:00,130.1,131.0,125.8,126.05,155740
2026-04-06 12:28:00,12:28:00,144.7,145.5,140.1,142.5,624325
2026-04-06 12:29:00,12:29:00,124.55,127.9,123.4,127.15,146575
2026-04-06 12:30:00,12:30:00,127.4,130.85,125.85,126.8,233220
2026-04-06 12:31:00,12:31:00,127.65,130.65,126.8,130.65,106145
2026-04-06 12:32:00,12:32:00,130.9,138.45,129.0,137.9,286520
2026-04-06 12:33:00,12:33:00,120.9,131.15,120.9,131.15,1247870
2026-04-06 12:34:00,12:34:00,130.8,135.95,130.4,135.85,1171885
2026-04-06 12:35:00,12:35:00,135.4,137.95,132.35,132.8,983710
2026-04-06 12:36:00,12:36:00,133.3,134.5,127.6,127.6,846755
2026-04-06 12:37:00,12:37:00,127.3,130.0,122.2,129.0,964665
2026-04-06 12:38:00,12:38:00,129.3,132.35,126.35,127.5,588185
2026-04-06 12:39:00,12:39:00,128.05,128.4,124.4,126.2,312780
2026-04-06 12:40:00,12:40:00,143.25,144.8,134.85,136.3,316290
2026-04-06 12:41:00,12:41:00,119.75,130.85,119.0,129.85,737945
2026-04-06 12:42:00,12:42:00,129.5,132.9,126.45,132.9,466830
2026-04-06 12:43:00,12:43:00,133.0,133.45,122.75,124.6,691015
2026-04-06 12:44:00,12:44:00,142.45,145.0,138.3,139.85,217945
2026-04-06 12:45:00,12:45:00,138.85,139.85,133.55,134.55,323895
2026-04-06 12:46:00,12:46:00,134.3,134.55,126.8,126.8,355095
2026-04-06 12:47:00,12:47:00,126.6,128.65,123.05,125.0,296335
2026-04-06 12:48:00,12:48:00,142.5,143.2,133.65,134.65,855140
2026-04-06 12:49:00,12:49:00,134.65,135.55,129.05,129.5,805025
2026-04-06 12:50:00,12:50:00,129.0,129.5,124.75,126.05,1144715
2026-04-06 12:51:00,12:51:00,142.95,143.7,139.05,140.45,531440
2026-04-06 12:52:00,12:52:00,124.4,129.8,123.35,128.1,1141075
2026-04-06 12:53:00,12:53:00,128.65,130.8,126.45,127.3,556985
2026-04-06 12:54:00,12:54:00,145.1,146.15,141.5,141.75,262795
2026-04-06 12:55:00,12:55:00,142.0,142.45,139.35,140.0,294840
2026-04-06 12:56:00,12:56:00,140.15,141.7,138.2,140.75,267345
2026-04-06 12:57:00,12:57:00,140.5,141.85,139.2,140.9,176930
2026-04-06 12:58:00,12:58:00,140.7,141.35,137.6,138.15,179400
2026-04-06 12:59:00,12:59:00,137.95,138.15,132.55,132.55,422435
2026-04-06 13:00:00,13:00:00,132.65,132.65,127.65,131.1,504595
2026-04-06 13:01:00,13:01:00,131.05,134.1,130.85,133.35,252265
2026-04-06 13:02:00,13:02:00,133.25,136.05,131.8,135.8,249405
2026-04-06 13:03:00,13:03:00,120.3,125.55,119.1,125.55,827320
2026-04-06 13:04:00,13:04:00,126.25,126.85,121.85,122.6,766090
2026-04-06 13:05:00,13:05:00,138.9,140.1,137.1,137.65,196170
2026-04-06 13:06:00,13:06:00,137.6,139.45,135.6,136.8,153725
2026-04-06 13:07:00,13:07:00,138.1,138.95,131.25,132.75,232050
2026-04-06 13:08:00,13:08:00,132.35,134.95,130.7,132.55,148655
2026-04-06 13:09:00,13:09:00,132.65,133.25,129.35,129.35,206505
2026-04-06 13:10:00,13:10:00,87.0,87.35,84.1,84.1,942175
2026-04-06 13:11:00,13:11:00,142.2,142.3,131.15,132.75,1010815
2026-04-06 13:12:00,13:12:00,131.95,133.3,123.7,125.6,1084330
2026-04-06 13:13:00,13:13:00,126.2,132.05,124.65,132.05,577525
2026-04-06 13:14:00,13:14:00,132.65,134.4,125.0,125.0,572260
2026-04-06 13:15:00,13:15:00,84.3,88.55,83.05,88.55,235300
2026-04-06 13:16:00,13:16:00,130.6,131.1,122.5,123.3,505180
2026-04-06 13:17:00,13:17:00,124.1,128.2,123.05,125.55,385320
2026-04-06 13:18:00,13:18:00,125.3,126.8,121.35,124.0,330265
2026-04-06 13:19:00,13:19:00,123.7,126.05,123.15,123.15,204555
2026-04-06 13:20:00,13:20:00,83.2,83.95,81.6,81.8,132015
2026-04-06 13:21:00,13:21:00,121.45,123.75,120.2,121.6,436670
2026-04-06 13:22:00,13:22:00,139.55,140.1,130.15,132.75,454090
2026-04-06 13:23:00,13:23:00,133.15,139.5,132.75,136.1,292240
2026-04-06 13:24:00,13:24:00,135.8,139.75,135.8,137.55,185120
2026-04-06 13:25:00,13:25:00,81.85,83.7,81.3,82.35,109785
2026-04-06 13:26:00,13:26:00,121.55,122.8,118.6,120.95,318500
2026-04-06 13:27:00,13:27:00,121.2,122.95,118.75,119.35,302055
2026-04-06 13:28:00,13:28:00,119.35,119.45,116.6,119.45,423345
2026-04-06 13:29:00,13:29:00,120.4,125.4,118.9,119.3,1068340
2026-04-06 13:30:00,13:30:00,78.7,79.1,75.85,77.25,240825
2026-04-06 13:31:00,13:31:00,132.7,134.95,130.7,131.65,118495
2026-04-06 13:32:00,13:32:00,130.45,134.6,128.9,131.9,183495
2026-04-06 13:33:00,13:33:00,132.85,134.45,131.0,131.4,101725
2026-04-06 13:34:00,13:34:00,130.55,132.35,128.7,131.4,252915
2026-04-06 13:35:00,13:35:00,88.15,88.85,85.5,85.85,452400
2026-04-06 13:36:00,13:36:00,127.4,133.65,127.2,130.65,307515
2026-04-06 13:37:00,13:37:00,129.65,133.1,129.55,132.95,142285
2026-04-06 13:38:00,13:38:00,133.2,134.85,127.3,132.15,201500
2026-04-06 13:39:00,13:39:00,116.6,120.55,115.3,120.1,597090
2026-04-06 13:40:00,13:40:00,79.7,79.7,75.0,78.4,198510
2026-04-06 13:41:00,13:41:00,119.25,120.35,116.05,120.0,363350
2026-04-06 13:42:00,13:42:00,120.0,126.8,118.9,123.6,1019655
2026-04-06 13:43:00,13:43:00,124.3,126.45,122.0,123.2,709410
2026-04-06 13:44:00,13:44:00,123.65,124.95,118.7,124.45,567515
2026-04-06 13:45:00,13:45:00,83.05,83.7,79.65,79.7,218465
2026-04-06 13:46:00,13:46:00,121.25,125.6,119.8,122.15,469820
2026-04-06 13:47:00,13:47:00,122.1,122.5,118.25,120.7,434720
2026-04-06 13:48:00,13:48:00,120.8,125.0,120.7,122.35,324480
2026-04-06 13:49:00,13:49:00,121.85,128.05,120.75,128.05,318045
2026-04-06 13:50:00,13:50:00,74.2,74.65,69.9,69.9,506415
2026-04-06 13:51:00,13:51:00,120.5,121.95,117.7,118.55,478790
2026-04-06 13:52:00,13:52:00,119.2,120.65,115.25,116.15,459745
2026-04-06 13:53:00,13:53:00,133.35,135.7,132.4,135.7,241865
2026-04-06 13:54:00,13:54:00,135.3,137.35,131.05,133.0,129220
2026-04-06 13:55:00,13:55:00,89.05,89.95,88.3,88.65,150930
2026-04-06 13:56:00,13:56:00,116.1,122.05,115.65,120.6,306800
2026-04-06 13:57:00,13:57:00,120.25,121.9,119.25,121.2,270660
2026-04-06 13:58:00,13:58:00,121.2,122.4,118.85,120.95,367640
2026-04-06 13:59:00,13:59:00,120.75,122.25,119.35,119.75,224965
2026-04-06 14:00:00,14:00:00,70.25,70.7,68.85,69.7,270985
2026-04-06 14:01:00,14:01:00,119.45,120.85,116.95,118.0,206440
2026-04-06 14:02:00,14:02:00,134.5,137.8,127.05,127.15,260520
2026-04-06 14:03:00,14:03:00,106.95,119.45,106.95,118.6,1053845
2026-04-06 14:04:00,14:04:00,135.75,135.75,126.85,126.85,239980
2026-04-06 14:05:00,14:05:00,85.7,86.45,83.15,83.95,391300
2026-04-06 14:06:00,14:06:00,126.05,133.5,126.0,132.75,202085
2026-04-06 14:07:00,14:07:00,134.2,134.7,131.5,132.5,134095
2026-04-06 14:08:00,14:08:00,116.1,120.95,116.0,119.2,485290
2026-04-06 14:09:00,14:09:00,120.9,122.0,118.15,119.3,253175
2026-04-06 14:10:00,14:10:00,69.4,70.0,67.75,67.9,275665
2026-04-06 14:11:00,14:11:00,133.2,133.7,128.05,129.5,204165
2026-04-06 14:12:00,14:12:00,129.8,130.25,121.8,121.8,247195
2026-04-06 14:13:00,14:13:00,120.9,125.9,120.65,120.65,300040
2026-04-06 14:14:00,14:14:00,120.7,122.7,119.9,121.6,190450
2026-04-06 14:15:00,14:15:00,70.4,70.7,67.8,69.55,236470
2026-04-06 14:16:00,14:16:00,119.25,124.7,118.65,123.95,297375
2026-04-06 14:17:00,14:17:00,123.5,124.4,120.0,121.2,149825
2026-04-06 14:18:00,14:18:00,137.7,138.75,129.55,132.0,810680
2026-04-06 14:19:00,14:19:00,116.2,117.0,114.75,115.75,138450
2026-04-06 14:20:00,14:20:00,76.5,77.2,72.65,73.2,450125
2026-04-06 14:21:00,14:21:00,110.7,118.3,110.3,118.05,211250
2026-04-06 14:22:00,14:22:00,118.3,119.85,116.2,116.2,175630
2026-04-06 14:23:00,14:23:00,116.45,118.45,114.0,118.35,105365
2026-04-06 14:24:00,14:24:00,118.8,119.95,117.75,119.95,127855
2026-04-06 14:25:00,14:25:00,69.9,74.65,69.25,71.35,247520
2026-04-06 14:26:00,14:26:00,122.15,124.5,121.3,121.75,168090
2026-04-06 14:27:00,14:27:00,122.6,124.2,119.15,120.45,158405
2026-04-06 14:28:00,14:28:00,120.0,126.5,119.75,125.75,191815
2026-04-06 14:29:00,14:29:00,126.0,126.35,122.1,122.8,191945
2026-04-06 14:30:00,14:30:00,70.45,71.1,68.25,68.35,113100
2026-04-06 14:31:00,14:31:00,118.0,118.95,113.05,116.35,275015
2026-04-06 14:32:00,14:32:00,116.4,117.5,112.35,113.5,114660
2026-04-06 14:33:00,14:33:00,113.55,114.4,110.85,113.0,141440
2026-04-06 14:34:00,14:34:00,113.55,114.1,109.9,111.55,157625
2026-04-06 14:35:00,14:35:00,63.75,68.8,63.6,65.3,193635
2026-04-06 14:36:00,14:36:00,130.45,130.7,126.9,128.2,357565
2026-04-06 14:37:00,14:37:00,111.7,113.0,106.9,112.45,280020
2026-04-06 14:38:00,14:38:00,111.75,114.3,110.15,112.7,180375
2026-04-06 14:39:00,14:39:00,113.3,117.35,111.85,116.3,155805
2026-04-06 14:40:00,14:40:00,66.8,66.85,64.1,65.8,98410
2026-04-06 14:41:00,14:41:00,116.1,119.15,113.15,114.95,169130
2026-04-06 14:42:00,14:42:00,115.0,120.25,114.9,120.25,191100
2026-04-06 14:43:00,14:43:00,119.9,121.65,115.6,117.0,179205
2026-04-06 14:44:00,14:44:00,117.3,120.0,117.0,119.1,227500
2026-04-06 14:45:00,14:45:00,69.5,69.7,67.25,67.35,151190
2026-04-06 14:46:00,14:46:00,116.0,118.25,113.85,117.3,264030
2026-04-06 14:47:00,14:47:00,117.8,120.05,116.95,119.2,82875
2026-04-06 14:48:00,14:48:00,119.0,121.3,115.35,116.0,166010
2026-04-06 14:49:00,14:49:00,116.45,119.65,115.35,115.35,81185
2026-04-06 14:50:00,14:50:00,76.1,77.35,74.65,76.6,338650
2026-04-06 14:51:00,14:51:00,115.0,121.05,114.3,115.45,130910
2026-04-06 14:52:00,14:52:00,132.0,132.05,127.4,129.4,628745
2026-04-06 14:53:00,14:53:00,112.9,116.2,111.3,115.7,122590
2026-04-06 14:54:00,14:54:00,115.6,120.25,115.6,118.35,223535
2026-04-06 14:55:00,14:55:00,69.05,72.7,68.95,69.25,351975
2026-04-06 14:56:00,14:56:00,120.3,120.5,113.6,113.6,322400
2026-04-06 14:57:00,14:57:00,113.45,116.6,112.1,113.35,217490
2026-04-06 14:58:00,14:58:00,115.05,118.95,113.35,117.1,170040
2026-04-06 14:59:00,14:59:00,117.45,118.65,107.95,112.8,351910
2026-04-06 15:00:00,15:00:00,130.1,132.4,123.85,123.85,560625
2026-04-06 15:01:00,15:01:00,123.15,123.85,111.3,117.65,1532440
2026-04-06 15:02:00,15:02:00,116.65,118.0,108.4,111.15,1136850
2026-04-06 15:03:00,15:03:00,111.15,120.0,110.45,119.7,1066455
2026-04-06 15:04:00,15:04:00,118.85,120.15,112.8,113.65,566800
2026-04-06 15:05:00,15:05:00,113.3,113.65,108.2,109.3,494975
2026-04-06 15:06:00,15:06:00,108.9,111.95,107.7,110.3,498680
2026-04-06 15:07:00,15:07:00,110.05,112.85,109.5,111.45,416130
2026-04-06 15:08:00,15:08:00,112.2,113.1,110.05,110.3,420225
2026-04-06 15:09:00,15:09:00,126.6,128.0,124.15,125.25,232960
2026-04-06 15:10:00,15:10:00,108.05,112.0,107.1,109.25,443560
2026-04-06 15:11:00,15:11:00,126.3,126.3,119.2,120.95,373555
2026-04-06 15:12:00,15:12:00,120.75,121.0,114.55,116.65,393575
2026-04-06 15:13:00,15:13:00,117.45,120.7,116.65,118.8,222170
2026-04-06 15:14:00,15:14:00,120.6,122.55,118.8,121.05,170560
2026-04-06 15:15:00,15:15:00,121.45,128.3,121.05,124.55,301990
2026-04-06 15:16:00,15:16:00,124.45,126.0,123.5,125.85,158795
2026-04-06 15:17:00,15:17:00,108.15,114.1,107.6,111.05,442390
2026-04-06 15:18:00,15:18:00,111.3,113.45,110.25,111.4,546325
2026-04-06 15:19:00,15:19:00,111.8,114.25,111.4,112.8,426270
2026-04-06 15:20:00,15:20:00,113.6,120.7,112.8,118.8,663780
2026-04-06 15:21:00,15:21:00,116.9,118.8,111.1,115.55,561275
2026-04-06 15:22:00,15:22:00,115.45,116.85,113.65,115.25,425815
2026-04-06 15:23:00,15:23:00,114.85,116.4,114.15,115.2,486330
2026-04-06 15:24:00,15:24:00,116.0,118.9,115.2,118.6,556790
2026-04-06 15:25:00,15:25:00,119.05,121.15,117.05,119.6,743990
2026-04-06 15:26:00,15:26:00,119.65,119.95,116.4,117.55,621400
2026-04-06 15:27:00,15:27:00,118.7,120.25,117.5,119.45,664300
2026-04-06 15:28:00,15:28:00,119.05,119.95,115.85,118.4,461760
2026-04-06 15:29:00,15:29:00,117.85,118.8,116.0,116.0,676130
2026-04-07 09:15:00,09:15:00,26.15,46.45,26.1,36.55,2611375
2026-04-07 09:16:00,09:16:00,34.0,36.55,29.75,33.05,2696070
2026-04-07 09:17:00,09:17:00,45.6,45.6,38.2,38.75,2970110
2026-04-07 09:18:00,09:18:00,26.65,28.15,24.85,27.95,1504880
2026-04-07 09:19:00,09:19:00,28.1,28.1,24.45,25.65,1183715
2026-04-07 09:20:00,09:20:00,25.45,27.7,25.05,25.3,1155960
2026-04-07 09:26:00,09:26:00,20.35,20.45,16.75,17.0,2376790
2026-04-07 09:27:00,09:27:00,17.1,17.6,15.15,15.7,2035475
2026-04-07 09:28:00,09:28:00,15.75,15.9,15.15,15.55,1410240
2026-04-07 09:29:00,09:29:00,15.5,15.9,14.75,14.8,1688180
2026-04-07 09:30:00,09:30:00,14.7,15.1,14.2,14.25,1095900
2026-04-07 09:31:00,09:31:00,14.3,15.6,14.25,15.05,1155375
2026-04-07 09:32:00,09:32:00,15.25,16.15,14.9,15.2,876785
2026-04-07 09:33:00,09:33:00,15.3,15.9,14.8,15.15,454155
2026-04-07 09:34:00,09:34:00,15.3,16.5,15.15,16.0,859950
2026-04-07 09:35:00,09:35:00,15.85,18.2,15.55,18.05,965835
2026-04-07 09:36:00,09:36:00,17.6,18.05,15.6,16.35,966030
2026-04-07 09:37:00,09:37:00,16.25,16.35,14.2,15.15,973180
2026-04-07 09:38:00,09:38:00,15.3,18.0,14.9,17.95,817765
2026-04-07 09:39:00,09:39:00,17.55,17.95,16.2,16.75,668785
2026-04-07 09:40:00,09:40:00,16.2,16.75,15.0,15.95,695305
2026-04-07 09:41:00,09:41:00,15.55,17.55,15.05,17.55,521430
2026-04-07 09:42:00,09:42:00,17.6,19.25,16.9,18.65,1965925
2026-04-07 09:46:00,09:46:00,18.3,18.8,16.4,17.95,1065350
2026-04-07 09:47:00,09:47:00,18.15,18.15,15.75,15.8,1006720
2026-04-07 09:48:00,09:48:00,15.45,17.8,14.8,17.4,1589770
2026-04-07 09:50:00,09:50:00,18.0,18.85,15.9,16.1,834990
2026-04-07 09:51:00,09:51:00,15.9,17.45,15.55,15.55,692705
2026-04-07 09:52:00,09:52:00,15.1,16.2,14.6,16.15,1087645
2026-04-07 09:53:00,09:53:00,16.3,16.35,14.65,14.65,526955
2026-04-07 09:54:00,09:54:00,14.4,14.9,13.5,14.7,1284660
2026-04-07 09:55:00,09:55:00,14.65,14.7,12.9,13.2,1518465
2026-04-07 09:56:00,09:56:00,13.15,14.7,13.15,13.55,1409265
2026-04-07 09:57:00,09:57:00,13.55,13.8,12.4,12.65,702455
2026-04-07 09:58:00,09:58:00,12.8,13.3,11.5,11.55,1180660
2026-04-07 09:59:00,09:59:00,11.75,11.85,10.9,11.15,1139385
2026-04-07 10:00:00,10:00:00,11.0,11.3,10.35,10.35,1313390
2026-04-07 10:01:00,10:01:00,10.3,10.35,9.2,9.4,2240485
2026-04-07 10:02:00,10:02:00,9.7,10.2,9.4,9.9,1863940
2026-04-07 10:03:00,10:03:00,10.15,10.6,9.2,9.3,1050335
2026-04-07 10:04:00,10:04:00,9.35,9.45,8.75,8.8,1326520
2026-04-07 10:05:00,10:05:00,8.8,8.8,8.15,8.65,1488175
2026-04-07 10:06:00,10:06:00,8.7,9.45,8.6,9.05,1460420
2026-04-07 10:07:00,10:07:00,9.0,9.4,8.85,9.0,700830
2026-04-07 10:08:00,10:08:00,9.0,9.65,9.0,9.3,714155
2026-04-07 10:09:00,10:09:00,9.15,9.5,9.1,9.15,513370
2026-04-07 10:10:00,10:10:00,9.15,9.6,8.7,8.75,897975
2026-04-07 10:11:00,10:11:00,8.65,8.95,8.3,8.45,724230
2026-04-07 10:12:00,10:12:00,8.45,8.6,8.1,8.1,632255
2026-04-07 10:13:00,10:13:00,8.25,8.65,8.1,8.55,520130
2026-04-07 10:14:00,10:14:00,8.65,9.0,7.85,8.05,911690
2026-04-07 10:15:00,10:15:00,8.05,8.2,7.75,7.85,876265
2026-04-07 10:16:00,10:16:00,7.8,8.05,7.15,7.15,873145
2026-04-07 10:17:00,10:17:00,7.0,7.15,6.55,6.55,1871805
2026-04-07 10:18:00,10:18:00,6.6,7.15,6.55,7.1,1227265
2026-04-07 10:19:00,10:19:00,7.2,7.2,6.2,6.3,1125670
2026-04-07 10:20:00,10:20:00,6.2,7.0,5.9,6.8,1562145
2026-04-07 10:21:00,10:21:00,6.8,7.25,6.7,7.15,753740
2026-04-07 10:22:00,10:22:00,7.25,7.45,6.75,6.75,1292785
2026-04-07 10:23:00,10:23:00,6.85,7.25,6.6,6.65,680095
2026-04-07 10:24:00,10:24:00,6.6,6.75,6.4,6.65,494585
2026-04-07 10:25:00,10:25:00,6.65,6.9,6.5,6.5,330720
2026-04-07 10:26:00,10:26:00,6.45,6.65,6.2,6.35,431535
2026-04-07 10:27:00,10:27:00,6.35,6.4,6.05,6.05,439465
2026-04-07 10:28:00,10:28:00,6.05,6.15,5.85,5.85,519935
2026-04-07 10:29:00,10:29:00,5.85,6.05,5.8,5.9,387140
2026-04-07 10:30:00,10:30:00,5.9,6.3,5.9,6.2,429195
2026-04-07 10:31:00,10:31:00,6.3,6.4,5.85,5.85,800085
2026-04-07 10:32:00,10:32:00,5.85,5.85,5.6,5.8,529230
2026-04-07 10:33:00,10:33:00,5.75,5.95,5.7,5.9,527215
2026-04-07 10:34:00,10:34:00,5.9,6.85,5.9,6.75,905905
2026-04-07 10:35:00,10:35:00,6.7,6.95,6.5,6.85,749125
2026-04-07 10:36:00,10:36:00,6.75,8.35,6.65,7.95,1237730
2026-04-07 10:37:00,10:37:00,7.95,7.95,6.65,6.65,1292720
2026-04-07 10:38:00,10:38:00,6.7,6.75,6.35,6.4,602225
2026-04-07 10:39:00,10:39:00,6.35,6.7,6.15,6.3,755365
2026-04-07 10:40:00,10:40:00,6.3,6.35,5.7,5.7,619970
2026-04-07 10:41:00,10:41:00,5.7,5.9,5.35,5.35,916045
2026-04-07 10:42:00,10:42:00,5.35,5.35,4.95,5.1,1171820
2026-04-07 10:43:00,10:43:00,5.1,5.15,4.8,4.8,860145
2026-04-07 10:44:00,10:44:00,4.8,5.15,4.8,4.9,1105260
2026-04-07 10:45:00,10:45:00,4.9,5.05,4.8,5.05,676000
2026-04-07 10:46:00,10:46:00,5.05,5.25,4.85,4.9,765375
2026-04-07 10:47:00,10:47:00,4.9,5.2,4.85,5.1,927550
2026-04-07 10:48:00,10:48:00,5.05,5.1,4.9,5.0,344825
2026-04-07 10:49:00,10:49:00,4.95,5.45,4.95,5.4,689130
2026-04-07 10:50:00,10:50:00,5.45,5.85,5.4,5.6,743080
2026-04-07 10:51:00,10:51:00,5.75,6.3,5.6,5.75,790400
2026-04-07 10:52:00,10:52:00,5.75,6.4,5.7,6.4,579605
2026-04-07 10:53:00,10:53:00,6.45,9.0,6.4,8.75,2247830
2026-04-07 10:54:00,10:54:00,8.95,10.3,8.5,8.5,3467230
2026-04-07 10:55:00,10:55:00,8.55,9.15,7.35,8.95,2735460
2026-04-07 10:56:00,10:56:00,8.8,9.9,8.8,9.75,1378715
2026-04-07 10:57:00,10:57:00,9.35,9.75,8.7,9.35,1478880
2026-04-07 10:58:00,10:58:00,9.05,10.55,8.7,9.85,2458755
2026-04-07 10:59:00,10:59:00,10.05,11.25,9.5,10.3,2340065
2026-04-07 11:00:00,11:00:00,10.15,11.3,10.0,10.7,1803295
2026-04-07 11:01:00,11:01:00,10.4,10.7,8.95,9.7,1923480
2026-04-07 11:02:00,11:02:00,9.7,10.4,9.15,9.75,1147900
2026-04-07 11:03:00,11:03:00,9.95,9.95,8.55,8.55,746915
2026-04-07 11:04:00,11:04:00,8.3,9.4,8.2,8.9,1653275
2026-04-07 11:05:00,11:05:00,8.9,9.4,7.65,7.85,1547000
2026-04-07 11:06:00,11:06:00,9.0,9.0,7.85,8.55,1087385
2026-04-07 11:07:00,11:07:00,8.45,8.55,7.4,7.4,1173900
2026-04-07 11:08:00,11:08:00,7.15,7.4,6.7,6.95,1716910
2026-04-07 11:09:00,11:09:00,6.95,7.9,6.85,7.65,1097720
2026-04-07 11:10:00,11:10:00,7.45,7.85,6.8,7.8,1286935
2026-04-07 11:11:00,11:11:00,7.95,8.95,7.6,8.05,1312025
2026-04-07 11:12:00,11:12:00,8.05,8.8,7.6,7.6,1064050
2026-04-07 11:13:00,11:13:00,7.55,8.25,7.45,7.85,657670
2026-04-07 11:14:00,11:14:00,7.75,8.2,7.55,7.75,639925
2026-04-07 11:15:00,11:15:00,7.65,8.25,6.25,6.45,1207960
2026-04-07 11:16:00,11:16:00,6.45,6.8,6.3,6.3,1339585
2026-04-07 11:17:00,11:17:00,6.4,6.75,5.85,5.85,1200875
2026-04-07 11:18:00,11:18:00,5.9,6.25,5.6,6.05,1319695
2026-04-07 11:19:00,11:19:00,6.05,6.05,5.6,5.6,534885
2026-04-07 11:20:00,11:20:00,5.7,5.7,5.25,5.25,828100
2026-04-07 11:21:00,11:21:00,5.25,5.3,4.7,4.7,1046175
2026-04-07 11:22:00,11:22:00,4.75,4.8,4.55,4.6,1118715
2026-04-07 11:23:00,11:23:00,4.7,5.0,4.6,4.8,868205
2026-04-07 11:24:00,11:24:00,4.8,4.8,4.45,4.45,638365
2026-04-07 11:25:00,11:25:00,4.55,4.7,4.35,4.6,710775
2026-04-07 11:26:00,11:26:00,4.5,4.6,4.35,4.45,452465
2026-04-07 11:27:00,11:27:00,4.4,4.45,4.15,4.15,879905
2026-04-07 11:28:00,11:28:00,4.2,4.45,4.05,4.05,673270
2026-04-07 11:29:00,11:29:00,4.0,4.05,3.85,3.95,894530
2026-04-07 11:30:00,11:30:00,3.9,4.05,3.9,4.0,336700
2026-04-07 11:31:00,11:31:00,3.95,4.1,3.9,3.95,735605
2026-04-07 11:32:00,11:32:00,3.9,3.95,3.7,3.75,985725
2026-04-07 11:33:00,11:33:00,3.8,4.0,3.75,3.9,458640
2026-04-07 11:34:00,11:34:00,3.95,4.05,3.8,3.85,327470
2026-04-07 11:35:00,11:35:00,3.85,4.0,3.75,3.85,505830
2026-04-07 11:36:00,11:36:00,3.85,4.0,3.8,3.95,413920
2026-04-07 11:37:00,11:37:00,3.9,4.05,3.8,4.0,383045
2026-04-07 11:38:00,11:38:00,4.0,4.05,3.55,3.55,665925
2026-04-07 11:39:00,11:39:00,3.6,3.75,3.4,3.75,1257685
2026-04-07 11:40:00,11:40:00,3.7,4.0,3.7,3.95,570375
2026-04-07 11:41:00,11:41:00,3.95,4.25,3.95,3.95,820300
2026-04-07 11:42:00,11:42:00,3.95,4.15,3.85,3.9,315900
2026-04-07 11:43:00,11:43:00,3.9,4.2,3.85,4.2,245050
2026-04-07 11:44:00,11:44:00,4.2,4.2,4.0,4.05,294580
2026-04-07 11:45:00,11:45:00,4.0,4.2,3.9,3.9,446940
2026-04-07 11:46:00,11:46:00,3.95,4.35,3.8,4.35,424775
2026-04-07 11:47:00,11:47:00,4.35,4.5,4.15,4.4,629915
2026-04-07 11:48:00,11:48:00,4.35,4.55,4.0,4.05,663325
2026-04-07 11:49:00,11:49:00,3.95,4.05,3.85,4.05,533650
2026-04-07 11:50:00,11:50:00,4.0,4.05,3.95,4.05,471445
2026-04-07 11:51:00,11:51:00,4.05,4.1,3.6,3.85,527085
2026-04-07 11:52:00,11:52:00,3.75,3.9,3.65,3.85,287495
2026-04-07 11:53:00,11:53:00,3.85,3.9,3.7,3.7,301795
2026-04-07 11:54:00,11:54:00,3.75,3.75,3.4,3.4,616200
2026-04-07 11:55:00,11:55:00,3.45,3.45,3.15,3.15,930800
2026-04-07 12:00:00,12:00:00,3.2,3.55,3.15,3.35,1462825
2026-04-07 12:04:00,12:04:00,3.05,3.05,2.8,2.95,1092130
2026-04-07 12:05:00,12:05:00,3.0,3.35,2.95,3.15,1107860
2026-04-07 12:06:00,12:06:00,3.1,3.2,2.9,2.9,659425
2026-04-07 12:07:00,12:07:00,2.9,3.05,2.8,2.95,787280
2026-04-07 12:08:00,12:08:00,3.0,3.1,2.8,2.95,778700
2026-04-07 12:09:00,12:09:00,2.95,2.95,2.75,2.8,582985
2026-04-07 12:10:00,12:10:00,2.8,3.0,2.8,3.0,760175
2026-04-07 12:11:00,12:11:00,3.0,3.4,2.95,3.4,881530
2026-04-07 12:12:00,12:12:00,3.3,3.85,3.25,3.35,1237015
2026-04-07 12:13:00,12:13:00,3.3,3.35,2.85,3.0,770120
2026-04-07 12:14:00,12:14:00,3.05,3.05,2.8,2.85,1040195
2026-04-07 12:15:00,12:15:00,2.95,3.0,2.7,2.95,652730
2026-04-07 12:16:00,12:16:00,3.0,3.15,2.85,2.9,738855
2026-04-07 12:17:00,12:17:00,2.9,2.95,2.75,2.85,738075
2026-04-07 12:18:00,12:18:00,2.8,3.0,2.7,3.0,659490
2026-04-07 12:19:00,12:19:00,3.05,3.1,2.8,2.85,712595
2026-04-07 12:20:00,12:20:00,2.85,3.15,2.75,2.95,758420
2026-04-07 12:21:00,12:21:00,3.0,3.55,2.9,3.45,1181505
2026-04-07 12:22:00,12:22:00,3.45,3.55,3.3,3.35,1298700
2026-04-07 12:23:00,12:23:00,3.3,3.75,3.3,3.65,1330615
2026-04-07 12:24:00,12:24:00,3.65,3.65,3.35,3.4,1080885
2026-04-07 12:25:00,12:25:00,3.35,3.45,3.25,3.25,439530
2026-04-07 12:26:00,12:26:00,3.45,3.65,3.25,3.5,721045
2026-04-07 12:27:00,12:27:00,3.5,3.75,3.4,3.6,683930
2026-04-07 12:28:00,12:28:00,3.65,3.75,3.05,3.4,839670
2026-04-07 12:29:00,12:29:00,3.35,3.45,3.2,3.2,345800
2026-04-07 12:30:00,12:30:00,3.15,3.25,3.05,3.15,393510
2026-04-07 12:31:00,12:31:00,3.1,3.25,2.8,2.85,603525
2026-04-07 12:32:00,12:32:00,2.8,2.85,2.5,2.75,915200
2026-04-07 12:33:00,12:33:00,2.8,3.15,2.7,2.95,1005355
2026-04-07 12:34:00,12:34:00,2.9,2.95,2.65,2.65,660075
2026-04-07 12:35:00,12:35:00,2.7,2.7,2.45,2.5,658840
2026-04-07 12:36:00,12:36:00,2.55,2.85,2.5,2.7,1093430
2026-04-07 12:37:00,12:37:00,2.7,2.75,2.4,2.45,779025
2026-04-07 12:38:00,12:38:00,2.45,2.65,2.45,2.5,786045
2026-04-07 12:39:00,12:39:00,2.5,2.55,2.3,2.3,321555
2026-04-07 12:40:00,12:40:00,2.3,2.35,2.2,2.3,573495
2026-04-07 12:41:00,12:41:00,2.25,2.3,2.15,2.3,476905
2026-04-07 12:42:00,12:42:00,2.3,2.35,2.2,2.3,641225
2026-04-07 12:43:00,12:43:00,2.3,2.35,2.0,2.0,795210
2026-04-07 12:44:00,12:44:00,2.0,2.05,1.95,2.0,960180
2026-04-07 12:45:00,12:45:00,2.0,2.05,1.95,2.0,738855
2026-04-07 12:46:00,12:46:00,2.0,2.2,1.95,2.15,961415
2026-04-07 12:47:00,12:47:00,2.15,2.4,2.05,2.2,1001520
2026-04-07 12:48:00,12:48:00,2.25,2.25,2.05,2.05,589225
2026-04-07 12:49:00,12:49:00,2.1,2.25,2.05,2.2,1022840
2026-04-07 12:50:00,12:50:00,2.2,2.2,2.05,2.2,759070
2026-04-07 12:51:00,12:51:00,2.2,2.55,2.15,2.4,552955
2026-04-07 12:52:00,12:52:00,2.4,2.6,2.35,2.4,991380
2026-04-07 12:53:00,12:53:00,2.4,2.4,2.15,2.15,1033500
2026-04-07 12:54:00,12:54:00,2.15,2.3,2.0,2.0,759785
2026-04-07 12:55:00,12:55:00,2.0,2.05,1.95,1.95,470470
2026-04-07 12:56:00,12:56:00,1.95,2.25,1.95,2.2,497835
2026-04-07 12:57:00,12:57:00,2.25,2.35,2.05,2.25,1161680
2026-04-07 12:58:00,12:58:00,2.2,2.55,2.15,2.4,1217580
2026-04-07 12:59:00,12:59:00,2.35,2.65,2.35,2.5,1193205
2026-04-07 13:00:00,13:00:00,2.5,2.6,2.35,2.55,789555
2026-04-07 13:01:00,13:01:00,2.55,2.65,2.45,2.55,753805
2026-04-07 13:02:00,13:02:00,2.75,2.9,2.1,2.1,991120
2026-04-07 13:03:00,13:03:00,2.1,2.15,1.85,1.9,1320410
2026-04-07 13:04:00,13:04:00,1.85,1.9,1.8,1.85,1130740
2026-04-07 13:05:00,13:05:00,1.9,1.95,1.75,1.9,988130
2026-04-07 13:06:00,13:06:00,1.85,2.05,1.85,2.0,1144780
2026-04-07 13:07:00,13:07:00,2.0,2.2,2.0,2.05,1579370
2026-04-07 13:08:00,13:08:00,2.05,2.4,2.05,2.15,1120145
2026-04-07 13:09:00,13:09:00,2.1,2.15,2.05,2.15,521625
2026-04-07 13:10:00,13:10:00,2.15,2.4,2.1,2.2,959725
2026-04-07 13:11:00,13:11:00,2.15,2.2,1.95,2.0,1079000
2026-04-07 13:12:00,13:12:00,2.05,2.05,1.8,1.8,1381120
2026-04-07 13:13:00,13:13:00,1.75,1.85,1.55,1.55,1014130
2026-04-07 13:14:00,13:14:00,1.6,1.65,1.5,1.55,1271075
2026-04-07 13:15:00,13:15:00,1.55,1.6,1.4,1.4,710515
2026-04-07 13:16:00,13:16:00,1.4,1.45,1.35,1.35,554905
2026-04-07 13:17:00,13:17:00,1.4,1.45,1.3,1.4,1042210
2026-04-07 13:18:00,13:18:00,1.35,1.4,1.35,1.4,850265
2026-04-07 13:19:00,13:19:00,1.35,1.4,1.25,1.3,920140
2026-04-07 13:20:00,13:20:00,1.3,1.4,1.3,1.3,1162720
2026-04-07 13:21:00,13:21:00,1.35,1.35,1.25,1.3,348790
2026-04-07 13:22:00,13:22:00,1.3,1.3,1.25,1.3,290160
2026-04-07 13:23:00,13:23:00,1.25,1.35,1.25,1.25,504270
2026-04-07 13:24:00,13:24:00,1.25,1.3,1.15,1.15,697190
2026-04-07 13:25:00,13:25:00,1.2,1.25,1.15,1.25,890825
2026-04-07 13:26:00,13:26:00,1.2,1.4,1.2,1.3,1510860
2026-04-07 13:27:00,13:27:00,1.3,1.3,1.15,1.15,228410
2026-04-07 13:28:00,13:28:00,1.2,1.2,1.1,1.1,284245
2026-04-07 13:29:00,13:29:00,1.1,1.15,1.1,1.1,173420
2026-04-07 13:58:00,13:58:00,0.6,0.85,0.55,0.8,1555320
