datetime,time,open,high,low,close,volume
2026-02-16 09:15:00,09:15:00,110.9,159.0,110.9,141.0,2568995
2026-02-16 09:16:00,09:16:00,138.5,141.0,115.1,122.35,2568995
2026-02-16 09:17:00,09:17:00,120.65,125.55,118.8,119.15,1826565
2026-02-16 09:18:00,09:18:00,118.95,121.1,113.4,117.6,1922375
2026-02-16 09:19:00,09:19:00,116.05,117.6,105.0,105.0,2233660
2026-02-16 09:20:00,09:20:00,105.6,111.4,102.0,107.65,2906930
2026-02-16 09:21:00,09:21:00,107.2,109.05,100.8,104.2,1962805
2026-02-16 09:22:00,09:22:00,132.35,132.55,123.8,126.85,597090
2026-02-16 09:23:00,09:23:00,126.6,126.85,118.35,120.4,696735
2026-02-16 09:24:00,09:24:00,120.7,127.6,120.25,120.25,616330
2026-02-16 09:25:00,09:25:00,92.65,101.4,92.6,97.6,2381210
2026-02-16 09:26:00,09:26:00,98.55,104.65,97.6,102.75,3286270
2026-02-16 09:27:00,09:27:00,104.45,108.15,100.2,100.45,3359135
2026-02-16 09:28:00,09:28:00,130.55,131.2,119.35,119.4,829530
2026-02-16 09:29:00,09:29:00,93.05,98.75,92.25,98.75,1623505
2026-02-16 09:30:00,09:30:00,126.9,128.0,114.0,115.0,841555
2026-02-16 09:31:00,09:31:00,114.65,115.45,106.8,112.2,907595
2026-02-16 09:32:00,09:32:00,110.15,112.45,108.9,111.7,498030
2026-02-16 09:33:00,09:33:00,112.0,112.0,102.85,103.25,853645
2026-02-16 09:34:00,09:34:00,104.0,105.45,98.55,101.95,1193985
2026-02-16 09:35:00,09:35:00,101.9,105.65,101.5,104.8,946855
2026-02-16 09:36:00,09:36:00,103.8,107.85,103.7,107.3,902720
2026-02-16 09:37:00,09:37:00,107.2,114.1,107.1,111.8,1222000
2026-02-16 09:38:00,09:38:00,112.0,114.7,109.35,114.55,749970
2026-02-16 09:39:00,09:39:00,113.9,114.85,110.7,110.8,623935
2026-02-16 09:40:00,09:40:00,110.3,121.45,110.0,119.35,1409655
2026-02-16 09:41:00,09:41:00,119.15,124.45,117.0,117.0,1287715
2026-02-16 09:42:00,09:42:00,116.45,117.3,113.15,116.7,649220
2026-02-16 09:43:00,09:43:00,88.7,98.5,88.7,98.0,4475315
2026-02-16 09:44:00,09:44:00,97.85,103.6,97.7,100.9,4895215
2026-02-16 09:45:00,09:45:00,101.4,103.7,97.4,102.45,3375255
2026-02-16 09:46:00,09:46:00,102.0,103.65,94.05,96.1,3256695
2026-02-16 09:47:00,09:47:00,97.35,101.4,96.1,98.55,1913795
2026-02-16 09:48:00,09:48:00,98.55,104.35,98.55,103.0,2509520
2026-02-16 09:49:00,09:49:00,103.45,107.55,102.6,102.65,3577795
2026-02-16 09:50:00,09:50:00,102.8,106.25,100.85,104.0,2129205
2026-02-16 09:51:00,09:51:00,104.95,112.35,104.0,109.8,4824560
2026-02-16 09:52:00,09:52:00,110.8,116.25,109.8,112.0,4542655
2026-02-16 09:53:00,09:53:00,112.0,112.0,101.5,104.7,3668080
2026-02-16 09:54:00,09:54:00,104.2,106.1,96.95,96.95,2310555
2026-02-16 09:55:00,09:55:00,126.05,131.45,121.1,122.4,637780
2026-02-16 09:56:00,09:56:00,93.7,95.9,91.3,95.0,1916915
2026-02-16 09:57:00,09:57:00,124.45,125.25,111.1,112.2,793065
2026-02-16 09:58:00,09:58:00,112.2,114.9,109.2,114.1,638755
2026-02-16 09:59:00,09:59:00,114.6,116.35,108.75,108.95,584155
2026-02-16 10:00:00,10:00:00,108.5,109.4,101.7,107.85,1055080
2026-02-16 10:01:00,10:01:00,106.3,107.85,98.7,99.75,1067040
2026-02-16 10:02:00,10:02:00,101.5,102.5,93.5,95.7,1435590
2026-02-16 10:03:00,10:03:00,95.7,95.75,91.3,93.5,1337440
2026-02-16 10:04:00,10:04:00,122.4,126.7,119.9,120.1,931450
2026-02-16 10:05:00,10:05:00,119.75,121.65,118.1,120.95,747760
2026-02-16 10:06:00,10:06:00,92.1,95.9,90.25,95.9,986700
2026-02-16 10:07:00,10:07:00,95.7,98.55,95.35,96.3,1553760
2026-02-16 10:08:00,10:08:00,96.55,99.85,95.5,95.7,1014975
2026-02-16 10:09:00,10:09:00,95.5,97.25,93.35,94.25,644475
2026-02-16 10:10:00,10:10:00,94.35,96.7,93.85,96.45,475280
2026-02-16 10:11:00,10:11:00,95.3,96.45,90.7,93.8,891085
2026-02-16 10:12:00,10:12:00,122.85,122.9,106.8,107.0,1433640
2026-02-16 10:13:00,10:13:00,107.2,107.65,103.65,106.25,1388790
2026-02-16 10:14:00,10:14:00,107.35,113.4,106.25,107.6,1304680
2026-02-16 10:15:00,10:15:00,107.7,110.1,103.65,109.65,1013480
2026-02-16 10:16:00,10:16:00,109.9,112.35,109.15,109.6,1099345
2026-02-16 10:17:00,10:17:00,109.75,110.35,106.6,109.9,619515
2026-02-16 10:18:00,10:18:00,109.35,109.9,106.1,107.05,436930
2026-02-16 10:19:00,10:19:00,106.5,109.5,106.1,109.3,491985
2026-02-16 10:20:00,10:20:00,109.4,112.8,107.25,112.6,871975
2026-02-16 10:21:00,10:21:00,112.9,114.3,109.1,111.65,1001650
2026-02-16 10:22:00,10:22:00,110.9,112.55,110.3,111.65,470860
2026-02-16 10:23:00,10:23:00,111.5,115.15,110.7,114.75,805285
2026-02-16 10:24:00,10:24:00,114.6,118.5,113.15,117.75,1144585
2026-02-16 10:25:00,10:25:00,119.05,120.7,114.9,118.85,1238445
2026-02-16 10:26:00,10:26:00,91.55,92.5,89.6,90.95,1076010
2026-02-16 10:27:00,10:27:00,91.3,92.9,90.75,91.6,991965
2026-02-16 10:28:00,10:28:00,91.35,93.35,90.4,93.2,859170
2026-02-16 10:29:00,10:29:00,121.25,121.7,116.25,118.35,610740
2026-02-16 10:30:00,10:30:00,90.65,92.25,89.95,91.75,753350
2026-02-16 10:31:00,10:31:00,119.15,121.5,115.25,116.6,610220
2026-02-16 10:32:00,10:32:00,116.4,118.75,114.55,115.0,496990
2026-02-16 10:33:00,10:33:00,114.95,115.8,111.2,111.3,875420
2026-02-16 10:34:00,10:34:00,112.05,116.4,111.3,115.35,474500
2026-02-16 10:35:00,10:35:00,113.8,117.6,112.55,116.55,565305
2026-02-16 10:36:00,10:36:00,116.5,116.55,112.95,114.4,318955
2026-02-16 10:37:00,10:37:00,114.45,118.1,114.4,118.0,375310
2026-02-16 10:38:00,10:38:00,89.35,92.5,89.2,91.35,1103245
2026-02-16 10:39:00,10:39:00,119.1,119.4,114.85,116.2,482820
2026-02-16 10:40:00,10:40:00,116.3,116.7,112.6,112.6,460785
2026-02-16 10:41:00,10:41:00,112.6,114.45,110.65,111.3,545805
2026-02-16 10:42:00,10:42:00,110.95,118.6,110.9,118.6,434720
2026-02-16 10:43:00,10:43:00,90.4,92.5,87.85,89.7,1499810
2026-02-16 10:44:00,10:44:00,117.7,119.2,114.6,115.5,375050
2026-02-16 10:45:00,10:45:00,115.45,117.4,114.4,117.0,264030
2026-02-16 10:46:00,10:46:00,89.25,91.8,87.9,87.9,855205
2026-02-16 10:47:00,10:47:00,115.3,115.45,111.05,111.05,670540
2026-02-16 10:48:00,10:48:00,84.3,88.5,82.75,88.3,1046760
2026-02-16 10:49:00,10:49:00,88.4,93.0,88.3,92.5,1559805
2026-02-16 10:50:00,10:50:00,92.6,96.15,92.5,93.95,2167295
2026-02-16 10:51:00,10:51:00,94.55,95.15,88.55,88.85,1384305
2026-02-16 10:52:00,10:52:00,88.7,92.75,87.05,92.45,1156025
2026-02-16 10:53:00,10:53:00,92.15,95.0,90.75,92.35,954655
2026-02-16 10:54:00,10:54:00,93.0,94.9,92.35,92.75,628615
2026-02-16 10:55:00,10:55:00,92.9,94.7,90.0,93.9,830375
2026-02-16 10:56:00,10:56:00,93.65,95.4,92.3,92.3,896090
2026-02-16 10:57:00,10:57:00,92.5,93.7,92.25,92.45,480155
2026-02-16 10:58:00,10:58:00,91.45,92.45,89.8,90.5,753155
2026-02-16 10:59:00,10:59:00,89.9,90.5,88.6,88.6,598000
2026-02-16 11:00:00,11:00:00,88.45,93.7,87.45,92.95,918645
2026-02-16 11:01:00,11:01:00,92.95,98.15,92.85,97.8,1520610
2026-02-16 11:02:00,11:02:00,98.35,98.75,93.2,95.7,1141985
2026-02-16 11:03:00,11:03:00,95.6,97.95,90.3,91.25,928980
2026-02-16 11:04:00,11:04:00,119.9,119.9,112.0,113.4,1047670
2026-02-16 11:05:00,11:05:00,113.05,115.9,109.3,113.4,897130
2026-02-16 11:06:00,11:06:00,113.2,116.65,111.55,112.75,469625
2026-02-16 11:07:00,11:07:00,112.85,114.5,111.0,114.35,317525
2026-02-16 11:08:00,11:08:00,113.75,115.3,112.65,113.95,267670
2026-02-16 11:09:00,11:09:00,113.9,115.85,111.75,111.95,290290
2026-02-16 11:10:00,11:10:00,111.9,114.2,111.85,113.85,171470
2026-02-16 11:11:00,11:11:00,114.05,117.55,112.85,117.55,397410
2026-02-16 11:12:00,11:12:00,117.8,118.6,111.95,113.85,456495
2026-02-16 11:13:00,11:13:00,113.75,114.15,111.2,112.05,396695
2026-02-16 11:14:00,11:14:00,111.9,112.95,111.0,111.5,264745
2026-02-16 11:15:00,11:15:00,111.7,114.5,109.95,111.0,832910
2026-02-16 11:16:00,11:16:00,110.85,114.15,110.85,113.8,306215
2026-02-16 11:17:00,11:17:00,113.2,113.8,108.45,109.95,579475
2026-02-16 11:18:00,11:18:00,110.3,112.6,109.7,110.5,375050
2026-02-16 11:19:00,11:19:00,110.2,112.8,108.7,112.3,491530
2026-02-16 11:20:00,11:20:00,112.5,112.55,109.0,109.35,364975
2026-02-16 11:21:00,11:21:00,109.95,111.95,108.3,110.5,309725
2026-02-16 11:22:00,11:22:00,110.25,110.85,107.75,109.6,381550
2026-02-16 11:23:00,11:23:00,109.65,111.0,109.15,109.15,284700
2026-02-16 11:24:00,11:24:00,107.75,108.65,103.8,104.8,1101295
2026-02-16 11:25:00,11:25:00,105.0,111.3,102.25,110.7,1100840
2026-02-16 11:26:00,11:26:00,83.15,87.55,83.15,87.25,2031250
2026-02-16 11:27:00,11:27:00,115.55,115.9,110.65,113.25,807820
2026-02-16 11:28:00,11:28:00,84.65,87.8,83.8,87.65,629070
2026-02-16 11:29:00,11:29:00,87.9,93.55,87.65,90.2,2361645
2026-02-16 11:30:00,11:30:00,90.3,91.8,87.9,89.15,1300065
2026-02-16 11:31:00,11:31:00,89.35,90.75,87.1,87.5,852410
2026-02-16 11:32:00,11:32:00,88.0,88.25,85.2,86.0,715260
2026-02-16 11:33:00,11:33:00,114.1,114.2,111.4,112.95,446810
2026-02-16 11:34:00,11:34:00,84.7,91.1,84.0,90.9,880555
2026-02-16 11:35:00,11:35:00,91.2,93.45,90.25,92.95,1304095
2026-02-16 11:36:00,11:36:00,93.3,93.6,88.55,88.55,893815
2026-02-16 11:37:00,11:37:00,88.35,90.6,86.35,90.1,681655
2026-02-16 11:38:00,11:38:00,118.95,119.85,116.2,116.75,268060
2026-02-16 11:39:00,11:39:00,116.5,116.75,112.95,116.25,501865
2026-02-16 11:40:00,11:40:00,87.45,91.25,86.85,89.15,688870
2026-02-16 11:41:00,11:41:00,89.05,91.95,89.0,89.2,551785
2026-02-16 11:42:00,11:42:00,117.6,119.0,114.35,114.35,378495
2026-02-16 11:43:00,11:43:00,86.3,89.5,85.4,89.1,367250
2026-02-16 11:44:00,11:44:00,90.0,91.7,89.1,90.95,619645
2026-02-16 11:45:00,11:45:00,91.05,92.9,90.5,92.75,741130
2026-02-16 11:46:00,11:46:00,92.5,100.2,92.3,98.0,2504515
2026-02-16 11:47:00,11:47:00,98.3,98.7,91.5,94.1,1452620
2026-02-16 11:48:00,11:48:00,94.25,96.45,93.75,94.15,798525
2026-02-16 11:49:00,11:49:00,93.8,94.5,91.0,92.65,660400
2026-02-16 11:50:00,11:50:00,92.75,93.15,90.8,90.8,500045
2026-02-16 11:51:00,11:51:00,91.1,94.6,90.8,93.45,527670
2026-02-16 11:52:00,11:52:00,93.4,95.0,91.75,95.0,491660
2026-02-16 11:53:00,11:53:00,94.95,95.65,93.95,95.4,671060
2026-02-16 11:54:00,11:54:00,95.1,98.3,94.45,97.8,899210
2026-02-16 11:55:00,11:55:00,97.55,98.0,94.6,95.1,784875
2026-02-16 11:56:00,11:56:00,94.75,95.85,91.9,92.15,735410
2026-02-16 11:57:00,11:57:00,91.95,92.4,89.15,89.4,1073280
2026-02-16 11:58:00,11:58:00,89.15,89.85,87.5,88.25,851500
2026-02-16 11:59:00,11:59:00,116.85,117.5,113.7,114.25,511225
2026-02-16 12:00:00,12:00:00,114.25,115.35,112.65,112.65,455715
2026-02-16 12:01:00,12:01:00,112.3,114.0,110.55,113.45,658970
2026-02-16 12:02:00,12:02:00,113.8,113.8,109.4,112.35,613535
2026-02-16 12:03:00,12:03:00,111.5,112.35,108.9,108.95,362440
2026-02-16 12:04:00,12:04:00,108.6,112.95,108.6,110.4,336700
2026-02-16 12:05:00,12:05:00,110.0,111.7,109.5,111.35,287495
2026-02-16 12:06:00,12:06:00,110.75,111.35,108.35,111.15,487110
2026-02-16 12:07:00,12:07:00,110.85,112.35,108.3,109.4,333450
2026-02-16 12:08:00,12:08:00,109.4,109.5,107.25,108.35,420485
2026-02-16 12:09:00,12:09:00,108.25,109.9,107.6,107.95,275990
2026-02-16 12:10:00,12:10:00,107.8,108.2,104.05,104.05,811655
2026-02-16 12:11:00,12:11:00,103.5,104.05,99.8,103.1,1517685
2026-02-16 12:12:00,12:12:00,102.8,104.0,101.8,102.3,665925
2026-02-16 12:13:00,12:13:00,102.2,103.6,101.2,103.6,524550
2026-02-16 12:14:00,12:14:00,103.3,105.1,102.0,104.7,597870
2026-02-16 12:15:00,12:15:00,104.7,110.4,104.25,110.05,1171170
2026-02-16 12:16:00,12:16:00,110.0,111.15,103.7,103.7,1062100
2026-02-16 12:17:00,12:17:00,103.55,104.6,100.05,100.05,818545
2026-02-16 12:18:00,12:18:00,99.75,100.05,97.25,98.1,1177150
2026-02-16 12:19:00,12:19:00,97.85,98.1,93.65,96.5,1340105
2026-02-16 12:20:00,12:20:00,95.85,99.9,94.45,99.6,1047150
2026-02-16 12:21:00,12:21:00,99.15,99.75,97.0,99.0,696150
2026-02-16 12:22:00,12:22:00,99.15,100.65,97.4,97.65,830895
2026-02-16 12:23:00,12:23:00,97.55,98.6,96.9,97.8,361140
2026-02-16 12:24:00,12:24:00,97.55,98.9,95.7,96.65,492310
2026-02-16 12:25:00,12:25:00,96.85,99.05,96.65,99.05,497900
2026-02-16 12:26:00,12:26:00,99.35,99.65,92.9,92.9,1094925
2026-02-16 12:27:00,12:27:00,93.25,94.9,90.7,93.0,1210495
2026-02-16 12:28:00,12:28:00,92.9,93.25,91.85,91.85,681655
2026-02-16 12:29:00,12:29:00,121.6,121.95,117.15,117.15,242645
2026-02-16 12:30:00,12:30:00,115.15,117.6,113.5,114.95,578435
2026-02-16 12:31:00,12:31:00,115.2,116.15,111.7,115.7,421590
2026-02-16 12:32:00,12:32:00,115.15,120.05,114.65,115.0,564850
2026-02-16 12:33:00,12:33:00,114.6,117.6,113.75,114.6,175825
2026-02-16 12:34:00,12:34:00,114.45,114.6,112.95,114.25,184340
2026-02-16 12:35:00,12:35:00,114.3,115.85,112.2,113.8,240760
2026-02-16 12:36:00,12:36:00,113.15,114.55,112.0,114.05,261560
2026-02-16 12:37:00,12:37:00,113.8,118.15,113.8,115.25,367640
2026-02-16 12:38:00,12:38:00,114.9,117.7,113.0,116.25,278330
2026-02-16 12:39:00,12:39:00,87.75,89.0,86.95,88.65,725140
2026-02-16 12:40:00,12:40:00,88.7,89.7,87.75,88.5,1095380
2026-02-16 12:41:00,12:41:00,118.05,118.25,115.15,116.35,259675
2026-02-16 12:42:00,12:42:00,116.2,117.25,113.1,115.7,259285
2026-02-16 12:43:00,12:43:00,115.35,118.0,114.6,115.9,202150
2026-02-16 12:44:00,12:44:00,115.6,117.3,115.3,115.35,109980
2026-02-16 12:45:00,12:45:00,114.7,116.85,114.0,116.75,205270
2026-02-16 12:46:00,12:46:00,87.7,89.6,87.7,88.3,1121315
2026-02-16 12:47:00,12:47:00,88.5,89.5,87.6,89.1,851045
2026-02-16 12:48:00,12:48:00,88.85,90.75,88.55,90.6,1097330
2026-02-16 12:49:00,12:49:00,90.4,94.95,89.4,94.7,2210065
2026-02-16 12:50:00,12:50:00,94.35,95.0,92.05,94.95,2083575
2026-02-16 12:51:00,12:51:00,94.8,95.95,93.9,94.45,1483495
2026-02-16 12:52:00,12:52:00,94.55,95.45,90.05,91.8,1665365
2026-02-16 12:53:00,12:53:00,91.8,91.9,87.7,90.85,1319435
2026-02-16 12:54:00,12:54:00,90.8,92.35,89.9,90.3,738725
2026-02-16 12:55:00,12:55:00,89.8,90.4,87.45,89.6,885170
2026-02-16 12:56:00,12:56:00,89.7,94.2,89.6,93.85,1014975
2026-02-16 12:57:00,12:57:00,93.95,95.2,93.05,94.85,1167010
2026-02-16 12:58:00,12:58:00,95.1,98.85,94.85,97.35,1979965
2026-02-16 12:59:00,12:59:00,97.3,97.75,94.6,94.6,965640
2026-02-16 13:00:00,13:00:00,94.65,94.8,89.6,90.7,1580085
2026-02-16 13:01:00,13:01:00,121.0,121.25,113.55,113.95,463775
2026-02-16 13:02:00,13:02:00,113.8,116.3,112.85,115.45,351000
2026-02-16 13:03:00,13:03:00,115.15,117.4,113.35,114.25,215865
2026-02-16 13:04:00,13:04:00,85.35,88.6,85.2,87.45,730860
2026-02-16 13:05:00,13:05:00,86.9,87.75,86.05,87.25,510965
2026-02-16 13:06:00,13:06:00,87.45,89.15,86.4,88.65,722995
2026-02-16 13:07:00,13:07:00,88.7,89.0,87.3,87.7,659230
2026-02-16 13:08:00,13:08:00,87.75,87.9,86.45,87.05,397800
2026-02-16 13:09:00,13:09:00,116.7,117.45,114.85,114.85,137800
2026-02-16 13:10:00,13:10:00,114.95,115.2,111.55,112.2,328770
2026-02-16 13:11:00,13:11:00,112.2,114.6,112.05,112.9,161720
2026-02-16 13:12:00,13:12:00,84.35,87.2,83.7,86.9,953615
2026-02-16 13:13:00,13:13:00,115.95,116.65,115.0,115.85,140140
2026-02-16 13:14:00,13:14:00,86.6,87.35,85.35,86.95,538850
2026-02-16 13:15:00,13:15:00,86.85,88.0,86.4,87.6,767260
2026-02-16 13:16:00,13:16:00,87.2,88.6,86.8,87.85,818740
2026-02-16 13:17:00,13:17:00,87.8,89.2,87.65,88.65,739440
2026-02-16 13:18:00,13:18:00,88.85,90.6,88.65,89.7,1018420
2026-02-16 13:19:00,13:19:00,89.7,90.7,89.0,90.45,655395
2026-02-16 13:20:00,13:20:00,90.55,90.55,86.35,86.35,1002300
2026-02-16 13:21:00,13:21:00,86.2,89.0,85.65,88.85,695435
2026-02-16 13:22:00,13:22:00,119.15,121.5,113.3,113.3,371280
2026-02-16 13:23:00,13:23:00,84.4,87.3,83.0,86.2,1182805
2026-02-16 13:24:00,13:24:00,86.3,87.2,84.4,86.75,618020
2026-02-16 13:25:00,13:25:00,86.65,88.8,85.1,88.05,594750
2026-02-16 13:26:00,13:26:00,88.0,88.35,85.25,85.5,470470
2026-02-16 13:27:00,13:27:00,114.4,115.9,113.75,114.05,106535
2026-02-16 13:28:00,13:28:00,113.6,114.25,110.1,111.35,465270
2026-02-16 13:29:00,13:29:00,111.2,112.05,107.8,109.55,381355
2026-02-16 13:30:00,13:30:00,81.2,86.45,81.05,86.4,1326195
2026-02-16 13:31:00,13:31:00,86.6,89.55,86.15,88.35,1640795
2026-02-16 13:32:00,13:32:00,88.15,90.4,87.55,87.9,1230385
2026-02-16 13:33:00,13:33:00,117.2,118.55,110.75,111.35,335530
2026-02-16 13:34:00,13:34:00,111.4,114.9,110.25,113.0,280800
2026-02-16 13:35:00,13:35:00,113.05,113.65,108.55,110.7,285805
2026-02-16 13:36:00,13:36:00,110.25,111.35,105.45,106.55,449020
2026-02-16 13:37:00,13:37:00,106.9,108.35,106.05,106.15,192400
2026-02-16 13:38:00,13:38:00,105.9,110.15,104.6,109.35,466700
2026-02-16 13:39:00,13:39:00,108.9,109.35,104.2,105.9,320190
2026-02-16 13:40:00,13:40:00,105.7,108.4,105.65,106.45,173225
2026-02-16 13:41:00,13:41:00,106.35,107.15,103.35,106.0,247195
2026-02-16 13:42:00,13:42:00,106.95,107.55,105.45,107.1,146055
2026-02-16 13:43:00,13:43:00,107.6,108.2,104.5,106.4,203645
2026-02-16 13:44:00,13:44:00,106.1,107.0,104.85,106.45,120315
2026-02-16 13:45:00,13:45:00,106.15,107.85,104.55,107.65,175435
2026-02-16 13:46:00,13:46:00,107.35,108.85,105.6,107.0,269035
2026-02-16 13:47:00,13:47:00,107.5,108.1,106.9,107.6,168220
2026-02-16 13:48:00,13:48:00,107.5,109.4,107.15,108.9,225615
2026-02-16 13:49:00,13:49:00,108.6,110.35,107.8,109.9,249990
2026-02-16 13:50:00,13:50:00,109.9,109.9,106.5,107.05,198770
2026-02-16 13:51:00,13:51:00,107.25,110.0,106.45,108.7,177255
2026-02-16 13:52:00,13:52:00,80.15,84.7,80.1,84.5,1807845
2026-02-16 13:53:00,13:53:00,84.55,85.25,82.05,85.05,1641900
2026-02-16 13:54:00,13:54:00,85.1,85.65,83.85,85.55,1276080
2026-02-16 13:55:00,13:55:00,85.6,88.8,84.85,88.5,2371005
2026-02-16 13:56:00,13:56:00,88.35,92.75,87.6,92.65,3183635
2026-02-16 13:57:00,13:57:00,92.85,94.25,88.55,92.8,2946320
2026-02-16 13:58:00,13:58:00,92.7,93.05,88.4,89.4,1554345
2026-02-16 13:59:00,13:59:00,89.5,93.05,89.4,91.05,1295905
2026-02-16 14:00:00,14:00:00,91.1,91.55,87.15,87.75,1509950
2026-02-16 14:01:00,14:01:00,116.15,117.3,114.1,114.3,501930
2026-02-16 14:02:00,14:02:00,113.6,114.3,111.25,112.25,327340
2026-02-16 14:03:00,14:03:00,82.95,88.35,82.95,86.95,1695460
2026-02-16 14:04:00,14:04:00,115.45,116.95,113.2,115.75,185705
2026-02-16 14:05:00,14:05:00,85.65,92.75,85.15,92.3,2140775
2026-02-16 14:06:00,14:06:00,92.2,94.85,91.05,93.5,2423720
2026-02-16 14:07:00,14:07:00,92.95,93.5,86.25,87.5,1729455
2026-02-16 14:08:00,14:08:00,87.5,92.9,87.5,91.15,1574105
2026-02-16 14:09:00,14:09:00,91.4,94.2,91.15,94.0,1344330
2026-02-16 14:10:00,14:10:00,93.5,94.0,90.1,92.55,1300715
2026-02-16 14:11:00,14:11:00,92.05,92.55,87.35,87.35,1178385
2026-02-16 14:12:00,14:12:00,87.5,88.45,85.0,87.95,1543425
2026-02-16 14:13:00,14:13:00,118.1,118.15,108.9,110.0,495105
2026-02-16 14:14:00,14:14:00,110.7,112.85,109.6,110.95,302185
2026-02-16 14:15:00,14:15:00,110.6,112.4,109.3,110.15,236535
2026-02-16 14:16:00,14:16:00,110.2,111.25,108.15,111.25,227110
2026-02-16 14:17:00,14:17:00,111.35,111.6,108.65,109.2,168675
2026-02-16 14:18:00,14:18:00,109.5,111.65,109.1,110.1,190450
2026-02-16 14:19:00,14:19:00,110.0,113.5,109.4,112.15,254215
2026-02-16 14:20:00,14:20:00,112.15,112.15,108.35,110.0,231595
2026-02-16 14:21:00,14:21:00,109.95,113.5,109.6,109.6,243945
2026-02-16 14:22:00,14:22:00,109.55,110.85,108.6,110.6,118495
2026-02-16 14:23:00,14:23:00,110.85,111.35,108.65,109.1,159705
2026-02-16 14:24:00,14:24:00,109.2,111.1,108.9,109.1,96720
2026-02-16 14:25:00,14:25:00,108.95,109.1,105.95,106.2,419900
2026-02-16 14:26:00,14:26:00,106.55,108.1,105.15,106.25,360100
2026-02-16 14:27:00,14:27:00,106.45,106.55,98.4,101.3,1063855
2026-02-16 14:28:00,14:28:00,101.25,101.3,89.4,92.1,1601470
2026-02-16 14:29:00,14:29:00,92.3,92.3,87.3,88.0,1787500
2026-02-16 14:30:00,14:30:00,87.75,89.15,86.55,88.05,1199900
2026-02-16 14:31:00,14:31:00,87.9,88.2,85.1,86.25,1236105
2026-02-16 14:32:00,14:32:00,114.45,116.75,109.55,111.75,937755
2026-02-16 14:33:00,14:33:00,111.6,112.35,107.05,107.5,830440
2026-02-16 14:34:00,14:34:00,108.15,108.55,103.1,103.1,1301950
2026-02-16 14:35:00,14:35:00,103.35,107.25,102.5,107.25,1251445
2026-02-16 14:36:00,14:36:00,107.15,107.25,102.15,102.5,1027130
2026-02-16 14:37:00,14:37:00,102.85,105.45,102.2,105.45,658255
2026-02-16 14:38:00,14:38:00,106.2,109.3,105.45,108.6,1345825
2026-02-16 14:39:00,14:39:00,109.1,109.1,107.4,107.5,509730
2026-02-16 14:40:00,14:40:00,107.05,107.7,105.25,107.3,478985
2026-02-16 14:41:00,14:41:00,107.15,108.75,106.0,106.35,559130
2026-02-16 14:42:00,14:42:00,106.7,107.8,105.25,105.65,423020
2026-02-16 14:43:00,14:43:00,105.85,109.8,105.65,106.6,547235
2026-02-16 14:44:00,14:44:00,107.0,107.55,100.8,103.25,1044355
2026-02-16 14:45:00,14:45:00,103.95,106.0,102.85,105.85,666250
2026-02-16 14:46:00,14:46:00,105.9,105.9,102.35,103.75,518115
2026-02-16 14:47:00,14:47:00,103.9,105.55,102.35,103.95,406445
2026-02-16 14:48:00,14:48:00,103.05,103.95,97.25,97.9,1376050
2026-02-16 14:49:00,14:49:00,96.55,97.9,92.0,95.2,2236260
2026-02-16 14:50:00,14:50:00,95.1,99.75,95.1,96.8,1170065
2026-02-16 14:51:00,14:51:00,96.7,98.85,95.75,98.75,865345
2026-02-16 14:52:00,14:52:00,98.0,101.55,97.75,100.9,914940
2026-02-16 14:53:00,14:53:00,100.85,104.75,100.8,102.3,1213160
2026-02-16 14:54:00,14:54:00,101.9,102.3,99.2,101.7,630240
2026-02-16 14:55:00,14:55:00,101.65,102.1,99.25,99.25,521105
2026-02-16 14:56:00,14:56:00,99.9,99.9,97.55,98.4,704340
2026-02-16 14:57:00,14:57:00,99.0,100.8,98.4,99.3,532090
2026-02-16 14:58:00,14:58:00,98.7,99.4,95.3,96.55,1099150
2026-02-16 14:59:00,14:59:00,97.25,99.0,95.9,96.65,683020
2026-02-16 15:00:00,15:00:00,124.45,126.35,117.8,119.7,438165
2026-02-16 15:01:00,15:01:00,118.75,120.05,113.55,113.75,429390
2026-02-16 15:02:00,15:02:00,113.0,118.85,112.3,118.8,345410
2026-02-16 15:03:00,15:03:00,118.9,121.9,118.45,118.9,356395
2026-02-16 15:04:00,15:04:00,119.05,119.05,112.25,112.75,295945
2026-02-16 15:05:00,15:05:00,114.2,117.65,112.75,116.35,219180
2026-02-16 15:06:00,15:06:00,115.5,116.35,109.0,109.0,375635
2026-02-16 15:07:00,15:07:00,110.45,111.05,107.3,110.15,330720
2026-02-16 15:08:00,15:08:00,110.1,113.65,110.1,111.85,331890
2026-02-16 15:09:00,15:09:00,112.35,112.75,109.9,110.65,150800
2026-02-16 15:10:00,15:10:00,110.7,111.45,104.8,106.45,412880
2026-02-16 15:11:00,15:11:00,107.35,109.95,106.1,109.25,278785
2026-02-16 15:12:00,15:12:00,110.15,111.0,109.0,110.7,213070
2026-02-16 15:13:00,15:13:00,111.05,112.9,110.7,112.45,256945
2026-02-16 15:14:00,15:14:00,113.0,114.35,108.75,110.05,347880
2026-02-16 15:15:00,15:15:00,111.4,113.0,110.05,112.85,332475
2026-02-16 15:16:00,15:16:00,112.45,113.3,107.5,110.4,400855
2026-02-16 15:17:00,15:17:00,110.25,111.0,108.85,110.4,192790
2026-02-16 15:18:00,15:18:00,110.35,112.6,110.25,111.75,174525
2026-02-16 15:19:00,15:19:00,111.9,112.3,110.6,112.3,167245
2026-02-16 15:20:00,15:20:00,112.75,113.65,110.8,111.05,265590
2026-02-16 15:21:00,15:21:00,110.35,112.55,110.1,111.75,188045
2026-02-16 15:22:00,15:22:00,111.55,112.35,110.55,111.25,171145
2026-02-16 15:23:00,15:23:00,111.15,111.25,102.1,102.4,353210
2026-02-16 15:24:00,15:24:00,102.65,106.85,102.4,106.85,224965
2026-02-16 15:25:00,15:25:00,108.0,108.9,104.3,106.0,228865
2026-02-16 15:26:00,15:26:00,106.15,106.4,102.65,105.05,223080
2026-02-16 15:27:00,15:27:00,104.95,105.95,104.45,105.0,161005
2026-02-16 15:28:00,15:28:00,105.0,105.7,103.15,104.0,249470
2026-02-16 15:29:00,15:29:00,104.1,104.25,97.75,98.1,446940
2026-02-17 09:15:00,09:15:00,40.0,57.8,30.0,30.05,6750185
2026-02-17 09:16:00,09:16:00,33.0,36.6,30.05,32.6,6605040
2026-02-17 09:17:00,09:17:00,32.8,35.7,32.05,33.25,4854720
2026-02-17 09:18:00,09:18:00,34.15,34.6,30.95,31.1,3138785
2026-02-17 09:19:00,09:19:00,31.5,33.15,28.7,30.75,3546075
2026-02-17 09:20:00,09:20:00,31.05,47.35,30.75,47.3,9160970
2026-02-17 09:21:00,09:21:00,45.55,47.3,38.2,39.6,7176650
2026-02-17 09:22:00,09:22:00,39.7,39.7,32.5,35.05,5762575
2026-02-17 09:23:00,09:23:00,34.9,41.05,33.15,39.9,5144165
2026-02-17 09:24:00,09:24:00,40.15,45.1,38.4,42.65,6793215
2026-02-17 09:25:00,09:25:00,42.55,45.35,37.55,38.9,7349485
2026-02-17 09:26:00,09:26:00,37.8,41.45,35.1,39.65,5136950
2026-02-17 09:27:00,09:27:00,39.9,42.6,37.65,42.6,3178305
2026-02-17 09:28:00,09:28:00,42.2,42.6,35.9,36.65,3586960
2026-02-17 09:29:00,09:29:00,36.35,38.7,36.2,36.85,2819375
2026-02-17 09:30:00,09:30:00,37.2,42.35,36.85,37.65,4689230
2026-02-17 09:31:00,09:31:00,37.6,40.6,37.35,39.3,2650700
2026-02-17 09:32:00,09:32:00,38.85,41.45,30.85,30.85,6397040
2026-02-17 09:33:00,09:33:00,31.6,33.0,27.35,28.3,6875765
2026-02-17 09:34:00,09:34:00,28.45,30.55,27.0,27.65,4610450
2026-02-17 09:35:00,09:35:00,27.25,30.75,27.25,29.7,3321695
2026-02-17 09:36:00,09:36:00,29.8,36.65,29.4,36.65,5894720
2026-02-17 09:37:00,09:37:00,38.45,38.85,31.15,34.25,6051695
2026-02-17 09:38:00,09:38:00,34.2,34.25,27.9,27.95,4163315
2026-02-17 09:39:00,09:39:00,27.75,27.95,25.55,26.15,4611425
2026-02-17 09:40:00,09:40:00,26.3,29.1,26.15,27.85,3301415
2026-02-17 09:41:00,09:41:00,27.85,29.5,25.55,26.35,3021850
2026-02-17 09:42:00,09:42:00,26.45,26.9,21.9,23.75,6405425
2026-02-17 09:43:00,09:43:00,40.1,41.15,36.45,36.75,7253350
2026-02-17 09:44:00,09:44:00,36.5,37.15,33.45,34.25,8594105
2026-02-17 09:45:00,09:45:00,34.6,36.0,33.75,33.95,6894095
2026-02-17 09:46:00,09:46:00,33.65,35.9,33.55,33.8,4850560
2026-02-17 09:47:00,09:47:00,33.85,36.5,33.65,36.2,4949295
2026-02-17 09:48:00,09:48:00,36.2,36.7,34.3,35.5,3228615
2026-02-17 09:49:00,09:49:00,35.35,36.15,31.95,32.55,5236595
2026-02-17 09:50:00,09:50:00,32.0,35.35,30.6,31.95,7619170
2026-02-17 09:51:00,09:51:00,31.7,32.25,29.85,29.85,4759430
2026-02-17 09:52:00,09:52:00,30.15,30.9,27.85,28.6,6598930
2026-02-17 09:53:00,09:53:00,28.35,28.6,26.45,26.65,5484375
2026-02-17 09:54:00,09:54:00,27.1,29.05,26.35,26.65,3709875
2026-02-17 09:55:00,09:55:00,26.8,28.6,26.5,28.15,3258320
2026-02-17 09:56:00,09:56:00,28.15,28.95,27.55,28.3,2902770
2026-02-17 09:57:00,09:57:00,28.75,29.1,24.55,24.9,7283510
2026-02-17 09:58:00,09:58:00,24.9,25.6,23.5,24.5,7617350
2026-02-17 09:59:00,09:59:00,24.5,27.1,24.5,26.2,4556240
2026-02-17 10:00:00,10:00:00,26.0,27.35,25.7,26.0,3820245
2026-02-17 10:01:00,10:01:00,25.75,26.0,24.4,25.0,3101410
2026-02-17 10:02:00,10:02:00,25.0,27.95,25.0,26.05,4248660
2026-02-17 10:03:00,10:03:00,26.15,26.5,24.8,25.95,3021850
2026-02-17 10:04:00,10:04:00,25.75,27.1,25.05,25.5,2630940
2026-02-17 10:05:00,10:05:00,25.5,26.6,25.25,26.1,1603745
2026-02-17 10:06:00,10:06:00,26.15,27.2,24.55,25.15,2915055
2026-02-17 10:07:00,10:07:00,25.15,26.15,24.15,25.2,2832960
2026-02-17 10:08:00,10:08:00,25.4,26.65,24.3,24.45,2397720
2026-02-17 10:09:00,10:09:00,24.25,25.45,23.35,25.45,3723265
2026-02-17 10:10:00,10:10:00,25.45,25.95,24.85,25.5,2178020
2026-02-17 10:11:00,10:11:00,25.3,26.45,24.45,24.45,2440815
2026-02-17 10:12:00,10:12:00,24.25,24.45,22.8,23.9,3828110
2026-02-17 10:13:00,10:13:00,41.4,41.55,38.3,38.65,4015960
2026-02-17 10:14:00,10:14:00,38.45,39.35,36.75,37.35,3462485
2026-02-17 10:15:00,10:15:00,21.05,23.6,20.55,23.5,4413630
2026-02-17 10:16:00,10:16:00,23.45,23.95,21.6,22.1,3240250
2026-02-17 10:17:00,10:17:00,22.1,22.4,20.85,21.55,2127060
2026-02-17 10:18:00,10:18:00,38.1,38.65,34.85,35.65,3701555
2026-02-17 10:19:00,10:19:00,35.35,35.65,31.7,32.45,7217535
2026-02-17 10:20:00,10:20:00,32.2,32.5,31.1,32.05,3910010
2026-02-17 10:21:00,10:21:00,31.5,33.95,31.35,33.8,3298555
2026-02-17 10:22:00,10:22:00,33.85,34.0,31.8,32.8,2571400
2026-02-17 10:23:00,10:23:00,32.45,33.6,31.65,32.4,2216565
2026-02-17 10:24:00,10:24:00,32.45,33.45,32.05,32.15,1700205
2026-02-17 10:25:00,10:25:00,32.05,32.7,31.35,32.6,1904695
2026-02-17 10:26:00,10:26:00,32.45,32.6,28.1,28.3,5923060
2026-02-17 10:27:00,10:27:00,28.3,28.65,25.8,25.9,6449430
2026-02-17 10:28:00,10:28:00,43.4,44.3,40.45,40.45,5087095
2026-02-17 10:29:00,10:29:00,23.95,25.75,23.85,24.25,4181450
2026-02-17 10:30:00,10:30:00,40.6,41.95,39.35,39.9,4769115
2026-02-17 10:31:00,10:31:00,39.7,41.5,38.45,40.9,3543020
2026-02-17 10:32:00,10:32:00,24.3,24.55,23.45,24.3,2170935
2026-02-17 10:33:00,10:33:00,24.15,25.1,24.0,24.65,2535455
2026-02-17 10:34:00,10:34:00,24.4,26.5,24.4,26.2,3872050
2026-02-17 10:35:00,10:35:00,26.25,28.1,26.0,27.55,3821740
2026-02-17 10:36:00,10:36:00,27.2,27.8,26.3,27.6,2032225
2026-02-17 10:37:00,10:37:00,27.25,29.35,26.6,28.95,2864030
2026-02-17 10:38:00,10:38:00,28.75,31.65,28.75,30.0,5204615
2026-02-17 10:39:00,10:39:00,29.9,31.35,29.0,30.5,3531645
2026-02-17 10:40:00,10:40:00,30.45,31.05,28.25,29.3,3385850
2026-02-17 10:41:00,10:41:00,29.4,32.7,28.95,31.65,4020380
2026-02-17 10:42:00,10:42:00,31.5,32.75,29.7,31.3,4133285
2026-02-17 10:43:00,10:43:00,17.4,24.2,17.2,23.15,9208355
2026-02-17 10:44:00,10:44:00,23.3,28.35,23.15,25.3,15572505
2026-02-17 10:45:00,10:45:00,24.55,26.8,22.7,22.85,10452715
2026-02-17 10:46:00,10:46:00,23.05,26.1,22.4,26.0,6246240
2026-02-17 10:47:00,10:47:00,26.15,32.3,25.15,27.75,13179530
2026-02-17 10:48:00,10:48:00,27.5,30.0,25.25,25.8,8493745
2026-02-17 10:49:00,10:49:00,24.2,26.3,22.3,26.25,7504640
2026-02-17 10:50:00,10:50:00,25.65,28.35,25.25,25.25,6290570
2026-02-17 10:51:00,10:51:00,25.05,26.7,24.45,25.2,3589560
2026-02-17 10:52:00,10:52:00,24.95,26.0,23.75,23.95,4181320
2026-02-17 10:53:00,10:53:00,23.9,27.75,23.9,26.8,5188105
2026-02-17 10:54:00,10:54:00,26.65,26.85,24.4,24.8,3552055
2026-02-17 10:55:00,10:55:00,24.55,24.8,22.0,24.2,5890625
2026-02-17 10:56:00,10:56:00,24.05,24.85,22.1,24.7,3906370
2026-02-17 10:57:00,10:57:00,24.55,25.7,23.45,24.2,3870685
2026-02-17 10:58:00,10:58:00,24.2,24.2,21.4,23.0,3789630
2026-02-17 10:59:00,10:59:00,23.1,23.1,20.6,21.05,4049045
2026-02-17 11:00:00,11:00:00,21.0,23.3,20.45,21.5,3977285
2026-02-17 11:01:00,11:01:00,21.2,21.5,18.45,18.8,6671535
2026-02-17 11:02:00,11:02:00,18.95,22.8,18.8,19.85,5113615
2026-02-17 11:03:00,11:03:00,19.9,22.6,19.15,22.25,3501290
2026-02-17 11:04:00,11:04:00,22.1,22.25,19.6,19.95,2804035
2026-02-17 11:05:00,11:05:00,19.75,21.9,19.2,21.6,2950220
2026-02-17 11:06:00,11:06:00,21.55,25.0,21.15,22.3,5700370
2026-02-17 11:07:00,11:07:00,22.45,22.9,20.0,20.0,4109365
2026-02-17 11:08:00,11:08:00,20.0,20.2,16.7,16.7,6451380
2026-02-17 11:09:00,11:09:00,16.7,18.75,16.45,17.45,4196595
2026-02-17 11:10:00,11:10:00,17.4,19.75,17.3,19.05,3267550
2026-02-17 11:11:00,11:11:00,18.9,19.5,16.75,17.2,3370965
2026-02-17 11:12:00,11:12:00,17.0,17.25,15.8,16.7,3962140
2026-02-17 11:13:00,11:13:00,16.55,17.35,16.05,16.05,2378090
2026-02-17 11:14:00,11:14:00,16.05,16.65,15.35,15.35,2691130
2026-02-17 11:15:00,11:15:00,29.9,32.7,29.8,30.15,2481115
2026-02-17 11:16:00,11:16:00,29.85,30.15,27.4,29.2,5499390
2026-02-17 11:17:00,11:17:00,28.65,29.25,25.7,25.95,4623320
2026-02-17 11:18:00,11:18:00,25.75,25.95,24.1,25.5,5629065
2026-02-17 11:19:00,11:19:00,25.5,26.9,25.35,25.5,3759600
2026-02-17 11:20:00,11:20:00,25.6,25.6,23.75,23.75,3320655
2026-02-17 11:21:00,11:21:00,23.7,26.85,23.7,26.75,3008135
2026-02-17 11:22:00,11:22:00,27.05,27.1,24.7,25.85,2815540
2026-02-17 11:23:00,11:23:00,25.75,26.2,24.65,25.6,1401075
2026-02-17 11:24:00,11:24:00,25.65,25.65,24.2,24.2,1647100
2026-02-17 11:25:00,11:25:00,24.3,25.8,24.2,25.0,2109900
2026-02-17 11:26:00,11:26:00,25.05,25.7,24.0,24.1,1818830
2026-02-17 11:27:00,11:27:00,23.9,25.7,23.25,24.2,3363100
2026-02-17 11:28:00,11:28:00,24.25,24.85,23.3,24.25,1940120
2026-02-17 11:29:00,11:29:00,24.15,24.8,23.2,24.0,1847235
2026-02-17 11:30:00,11:30:00,23.75,25.05,21.85,23.35,4006275
2026-02-17 11:31:00,11:31:00,23.55,24.2,22.25,24.15,3000920
2026-02-17 11:32:00,11:32:00,24.15,24.15,18.8,18.8,4878965
2026-02-17 11:33:00,11:33:00,19.15,19.15,15.75,15.75,12463815
2026-02-17 11:34:00,11:34:00,15.75,16.2,14.9,15.1,6702475
2026-02-17 11:35:00,11:35:00,15.15,15.9,14.95,15.4,5947500
2026-02-17 11:36:00,11:36:00,29.5,30.15,27.55,27.95,6345625
2026-02-17 11:37:00,11:37:00,28.05,28.2,24.75,24.75,7837375
2026-02-17 11:38:00,11:38:00,24.4,26.2,23.35,25.05,9411805
2026-02-17 11:39:00,11:39:00,25.1,26.45,24.95,25.8,4341025
2026-02-17 11:40:00,11:40:00,25.9,27.1,25.35,26.35,4734275
2026-02-17 11:41:00,11:41:00,13.2,13.3,12.65,12.7,3101215
2026-02-17 11:42:00,11:42:00,12.75,16.85,12.7,16.5,6024395
2026-02-17 11:43:00,11:43:00,16.55,16.55,14.3,15.0,4345250
2026-02-17 11:44:00,11:44:00,14.7,15.7,14.2,14.55,2692495
2026-02-17 11:45:00,11:45:00,29.65,29.65,25.75,25.75,5821075
2026-02-17 11:46:00,11:46:00,25.9,26.35,24.55,25.1,5369650
2026-02-17 11:47:00,11:47:00,25.1,27.0,24.8,25.75,3827460
2026-02-17 11:48:00,11:48:00,25.65,25.75,23.85,25.0,4376125
2026-02-17 11:49:00,11:49:00,25.15,25.7,24.7,24.85,2428075
2026-02-17 11:50:00,11:50:00,24.65,25.95,24.35,24.95,2337855
2026-02-17 11:51:00,11:51:00,24.95,25.4,24.65,25.2,1903330
2026-02-17 11:52:00,11:52:00,25.2,25.2,22.8,24.15,4899635
2026-02-17 11:53:00,11:53:00,24.15,24.8,23.15,23.3,2452710
2026-02-17 11:54:00,11:54:00,23.25,23.5,22.65,22.9,2593045
2026-02-17 11:55:00,11:55:00,22.95,24.25,22.85,24.0,2606500
2026-02-17 11:56:00,11:56:00,23.95,24.45,23.4,23.85,1956760
2026-02-17 11:57:00,11:57:00,23.75,24.7,23.05,24.7,2751515
2026-02-17 11:58:00,11:58:00,24.8,25.9,24.0,25.1,4598165
2026-02-17 11:59:00,11:59:00,25.1,25.75,24.35,24.75,2708225
2026-02-17 12:00:00,12:00:00,24.6,25.4,23.8,24.9,2910895
2026-02-17 12:01:00,12:01:00,24.9,25.2,23.55,23.8,2188875
2026-02-17 12:02:00,12:02:00,23.65,24.15,22.55,23.9,3153150
2026-02-17 12:03:00,12:03:00,23.8,24.85,23.6,24.6,1874730
2026-02-17 12:04:00,12:04:00,12.15,13.05,11.9,12.95,2999425
2026-02-17 12:05:00,12:05:00,26.2,27.1,24.4,26.05,4910555
2026-02-17 12:06:00,12:06:00,25.95,27.05,24.5,24.85,4082000
2026-02-17 12:07:00,12:07:00,24.45,25.45,22.95,23.45,4575545
2026-02-17 12:08:00,12:08:00,23.15,25.4,23.05,25.35,2907385
2026-02-17 12:09:00,12:09:00,25.45,26.5,25.05,26.0,2983955
2026-02-17 12:10:00,12:10:00,25.85,26.0,23.75,24.8,2725255
2026-02-17 12:11:00,12:11:00,11.45,12.9,11.35,12.85,2174640
2026-02-17 12:12:00,12:12:00,27.55,27.8,25.05,25.15,4446260
2026-02-17 12:13:00,12:13:00,24.85,25.65,24.0,24.2,3163095
2026-02-17 12:14:00,12:14:00,10.95,11.9,10.85,11.9,1658605
2026-02-17 12:15:00,12:15:00,25.05,25.8,23.45,23.6,3500445
2026-02-17 12:16:00,12:16:00,23.5,24.1,21.75,22.45,5962905
2026-02-17 12:17:00,12:17:00,22.4,22.6,20.7,21.6,6012565
2026-02-17 12:18:00,12:18:00,21.2,21.6,18.7,18.75,8261890
2026-02-17 12:19:00,12:19:00,18.45,18.75,17.3,17.3,8024445
2026-02-17 12:20:00,12:20:00,17.55,17.55,16.5,17.0,5473520
2026-02-17 12:21:00,12:21:00,17.1,18.7,17.0,18.05,4285645
2026-02-17 12:22:00,12:22:00,18.0,18.75,17.75,17.95,3160495
2026-02-17 12:23:00,12:23:00,17.7,17.95,14.8,15.4,8789040
2026-02-17 12:24:00,12:24:00,15.25,16.5,14.7,15.8,4716010
2026-02-17 12:25:00,12:25:00,15.8,16.0,15.3,15.65,2495220
2026-02-17 12:26:00,12:26:00,15.65,17.1,14.9,17.05,4507750
2026-02-17 12:27:00,12:27:00,17.0,18.85,16.25,18.85,5551520
2026-02-17 12:28:00,12:28:00,18.9,20.4,18.75,20.15,8303815
2026-02-17 12:29:00,12:29:00,20.2,22.3,20.1,20.65,8314150
2026-02-17 12:30:00,12:30:00,20.6,21.8,18.65,21.0,8238035
2026-02-17 12:31:00,12:31:00,20.9,21.7,19.9,20.0,5581615
2026-02-17 12:32:00,12:32:00,20.2,20.3,18.3,19.85,5630040
2026-02-17 12:33:00,12:33:00,19.9,20.55,19.0,20.3,2886585
2026-02-17 12:34:00,12:34:00,20.7,21.35,19.65,20.05,3324165
2026-02-17 12:35:00,12:35:00,19.95,21.4,19.6,20.1,2866175
2026-02-17 12:36:00,12:36:00,20.0,21.0,19.5,20.65,2631785
2026-02-17 12:37:00,12:37:00,20.65,22.4,20.65,21.95,5294770
2026-02-17 12:38:00,12:38:00,22.15,23.85,21.5,22.25,6086795
2026-02-17 12:39:00,12:39:00,21.95,22.35,19.5,19.7,5399550
2026-02-17 12:40:00,12:40:00,19.7,20.35,17.8,18.4,5936255
2026-02-17 12:41:00,12:41:00,19.05,22.15,18.4,20.35,5725330
2026-02-17 12:42:00,12:42:00,20.2,21.8,19.55,20.3,4265625
2026-02-17 12:43:00,12:43:00,20.35,20.5,18.15,19.3,4371120
2026-02-17 12:44:00,12:44:00,19.0,19.85,18.0,18.55,2862145
2026-02-17 12:45:00,12:45:00,18.3,18.9,17.35,17.85,4395495
2026-02-17 12:46:00,12:46:00,17.8,18.15,17.0,17.4,3239665
2026-02-17 12:47:00,12:47:00,17.45,18.6,16.6,18.2,3831945
2026-02-17 12:48:00,12:48:00,18.15,18.4,16.7,17.55,3307785
2026-02-17 12:49:00,12:49:00,17.55,17.8,16.6,16.6,2054520
2026-02-17 12:50:00,12:50:00,16.7,17.8,16.6,17.25,2345070
2026-02-17 12:51:00,12:51:00,16.95,17.25,15.9,15.9,3381170
2026-02-17 12:52:00,12:52:00,15.7,15.9,13.25,13.7,8188895
2026-02-17 12:53:00,12:53:00,14.15,14.15,12.4,12.7,8321430
2026-02-17 12:54:00,12:54:00,12.75,13.05,12.45,13.0,4805970
2026-02-17 12:55:00,12:55:00,13.0,13.6,12.75,13.6,3479970
2026-02-17 12:56:00,12:56:00,13.6,16.7,13.35,16.7,6383455
2026-02-17 12:57:00,12:57:00,16.9,19.9,16.7,19.0,12648025
2026-02-17 12:58:00,12:58:00,19.3,20.45,18.05,18.1,8415095
2026-02-17 12:59:00,12:59:00,18.1,20.85,17.55,20.45,7316855
2026-02-17 13:00:00,13:00:00,20.35,20.45,18.35,19.85,5940090
2026-02-17 13:01:00,13:01:00,19.9,20.7,18.5,18.5,7207265
2026-02-17 13:02:00,13:02:00,18.55,18.55,15.85,17.75,8156135
2026-02-17 13:03:00,13:03:00,18.25,18.75,17.75,18.35,4021420
2026-02-17 13:04:00,13:04:00,8.0,12.0,8.0,11.65,7619755
2026-02-17 13:05:00,13:05:00,11.0,11.95,9.95,10.8,10058295
2026-02-17 13:06:00,13:06:00,24.45,24.55,18.1,18.1,11818950
2026-02-17 13:07:00,13:07:00,18.05,18.35,14.5,15.8,14771055
2026-02-17 13:08:00,13:08:00,15.85,16.0,12.95,13.85,9876685
2026-02-17 13:09:00,13:09:00,13.9,13.9,11.55,11.7,10285925
2026-02-17 13:10:00,13:10:00,11.45,13.0,11.1,12.05,8141315
2026-02-17 13:11:00,13:11:00,11.95,14.25,11.8,14.15,6406010
2026-02-17 13:12:00,13:12:00,13.75,14.15,12.9,13.8,6376240
2026-02-17 13:13:00,13:13:00,14.4,17.75,13.8,16.95,11379615
2026-02-17 13:14:00,13:14:00,17.1,19.25,16.45,16.45,11156925
2026-02-17 13:15:00,13:15:00,16.85,19.1,16.45,18.4,7574840
2026-02-17 13:16:00,13:16:00,18.3,19.3,16.9,17.05,8036665
2026-02-17 13:17:00,13:17:00,17.05,18.0,16.05,16.8,5940285
2026-02-17 13:18:00,13:18:00,16.95,17.8,16.1,16.3,4508140
2026-02-17 13:19:00,13:19:00,16.4,16.4,14.35,16.05,6819150
2026-02-17 13:20:00,13:20:00,15.45,16.35,14.4,15.6,4476225
2026-02-17 13:21:00,13:21:00,15.7,16.0,15.25,15.55,3629340
2026-02-17 13:22:00,13:22:00,15.4,16.15,13.45,13.75,6159075
2026-02-17 13:23:00,13:23:00,13.75,15.7,13.1,15.7,5435105
2026-02-17 13:24:00,13:24:00,15.8,16.75,14.0,14.55,6047795
2026-02-17 13:25:00,13:25:00,14.75,16.3,14.4,15.5,4005040
2026-02-17 13:26:00,13:26:00,15.5,16.6,14.15,15.15,4386850
2026-02-17 13:27:00,13:27:00,15.25,15.8,14.45,14.6,2763930
2026-02-17 13:28:00,13:28:00,14.5,14.6,13.35,13.75,3787875
2026-02-17 13:29:00,13:29:00,13.6,14.4,12.8,13.45,4736420
2026-02-17 13:30:00,13:30:00,13.25,13.45,11.4,11.4,7545135
2026-02-17 13:31:00,13:31:00,11.45,11.95,10.8,10.8,6289855
2026-02-17 13:32:00,13:32:00,10.8,11.75,10.1,10.1,6543550
2026-02-17 13:33:00,13:33:00,10.15,10.45,9.6,9.95,7988565
2026-02-17 13:34:00,13:34:00,9.95,11.5,9.95,11.0,5593770
2026-02-17 13:35:00,13:35:00,10.8,11.95,10.7,10.85,4310670
2026-02-17 13:36:00,13:36:00,10.9,10.9,9.65,9.75,5199740
2026-02-17 13:37:00,13:37:00,9.9,10.75,9.75,10.75,3311100
2026-02-17 13:38:00,13:38:00,10.85,13.3,10.65,12.85,7296445
2026-02-17 13:39:00,13:39:00,12.75,13.45,11.5,13.05,7356310
2026-02-17 13:40:00,13:40:00,12.75,13.05,10.9,11.8,5231200
2026-02-17 13:41:00,13:41:00,11.8,11.8,9.65,10.85,7141225
2026-02-17 13:42:00,13:42:00,10.8,11.0,9.45,10.25,5326295
2026-02-17 13:43:00,13:43:00,10.15,10.6,9.75,10.15,4126005
2026-02-17 13:44:00,13:44:00,10.2,11.2,10.1,10.9,3723005
2026-02-17 13:45:00,13:45:00,11.0,11.0,10.2,10.75,3029130
2026-02-17 13:46:00,13:46:00,10.95,11.15,9.9,10.9,3739125
2026-02-17 13:47:00,13:47:00,11.0,15.95,10.85,15.85,10095930
2026-02-17 13:48:00,13:48:00,14.85,15.85,12.75,14.55,14231620
2026-02-17 13:49:00,13:49:00,14.15,15.65,12.25,15.15,9910030
2026-02-17 13:50:00,13:50:00,15.0,15.7,13.75,14.75,12258740
2026-02-17 13:51:00,13:51:00,15.0,16.15,13.5,13.7,12553190
2026-02-17 13:52:00,13:52:00,13.15,13.7,10.3,12.15,14161030
2026-02-17 13:53:00,13:53:00,12.05,12.35,10.55,11.6,6487455
2026-02-17 13:54:00,13:54:00,11.55,16.05,11.55,16.0,8629530
2026-02-17 13:55:00,13:55:00,6.1,7.45,5.9,6.9,10770500
2026-02-17 13:56:00,13:56:00,6.85,7.85,6.55,7.55,11673675
2026-02-17 13:57:00,13:57:00,7.9,9.9,7.4,9.4,15887300
2026-02-17 13:58:00,13:58:00,9.6,9.6,7.8,8.9,12490790
2026-02-17 13:59:00,13:59:00,8.85,9.4,7.9,9.4,9808435
2026-02-17 14:00:00,14:00:00,9.3,10.3,6.75,6.75,13132795
2026-02-17 14:01:00,14:01:00,6.3,7.45,4.05,4.65,21494330
2026-02-17 14:02:00,14:02:00,4.65,5.95,4.55,4.8,9136335
2026-02-17 14:03:00,14:03:00,14.05,14.5,11.3,13.6,15169960
2026-02-17 14:04:00,14:04:00,13.65,13.85,11.8,12.6,9358115
2026-02-17 14:05:00,14:05:00,12.6,12.6,10.45,11.8,11428235
2026-02-17 14:06:00,14:06:00,12.1,15.45,11.8,13.35,14969240
2026-02-17 14:07:00,14:07:00,13.55,14.35,12.55,12.55,7691580
2026-02-17 14:08:00,14:08:00,12.55,15.05,10.75,14.6,11706955
2026-02-17 14:09:00,14:09:00,4.6,7.1,4.45,7.0,10349625
2026-02-17 14:10:00,14:10:00,6.85,7.85,6.05,6.85,13284375
2026-02-17 14:11:00,14:11:00,7.2,7.2,5.65,6.6,10047050
2026-02-17 14:12:00,14:12:00,6.45,11.95,6.45,9.75,22628580
2026-02-17 14:13:00,14:13:00,3.6,8.25,3.6,6.2,27997905
2026-02-17 14:14:00,14:14:00,6.35,6.35,4.6,5.95,19704620
2026-02-17 14:15:00,14:15:00,5.8,6.15,4.6,4.65,17153695
2026-02-17 14:16:00,14:16:00,12.65,13.85,6.8,6.85,32025175
2026-02-17 14:17:00,14:17:00,6.35,9.75,6.25,9.25,17828330
2026-02-17 14:18:00,14:18:00,8.8,9.25,6.8,7.1,14372215
2026-02-17 14:19:00,14:19:00,6.95,7.75,5.75,7.3,15147210
2026-02-17 14:20:00,14:20:00,7.35,7.35,6.35,6.4,9194315
2026-02-17 14:21:00,14:21:00,6.05,6.7,4.8,5.7,15225600
2026-02-17 14:22:00,14:22:00,5.45,7.1,5.2,6.6,10348715
2026-02-17 14:23:00,14:23:00,6.5,8.85,6.05,7.0,12952810
2026-02-17 14:24:00,14:24:00,7.05,8.3,6.95,7.2,9693385
2026-02-17 14:25:00,14:25:00,7.1,8.3,7.05,7.9,7475715
2026-02-17 14:26:00,14:26:00,7.85,8.6,6.15,6.55,11849760
2026-02-17 14:27:00,14:27:00,6.25,7.15,4.9,7.05,16616470
2026-02-17 14:28:00,14:28:00,7.05,10.35,6.8,10.15,21950500
2026-02-17 14:29:00,14:29:00,10.5,10.5,7.9,10.4,19635395
2026-02-17 14:30:00,14:30:00,10.0,10.6,8.35,8.9,18669495
2026-02-17 14:31:00,14:31:00,8.85,12.65,8.05,12.65,17808310
2026-02-17 14:32:00,14:32:00,11.95,12.65,6.55,7.85,27179360
2026-02-17 14:33:00,14:33:00,8.05,8.3,4.95,5.0,22633780
2026-02-17 14:34:00,14:34:00,5.0,6.25,4.3,4.55,21517600
2026-02-17 14:35:00,14:35:00,4.5,5.45,4.5,4.75,12336155
2026-02-17 14:36:00,14:36:00,5.0,5.2,3.5,3.6,17621760
2026-02-17 14:37:00,14:37:00,3.5,3.7,2.65,2.9,27972165
2026-02-17 14:38:00,14:38:00,2.9,3.0,2.2,2.2,18128630
2026-02-17 14:39:00,14:39:00,2.2,2.25,1.7,1.9,27164150
2026-02-17 14:40:00,14:40:00,8.0,8.45,7.05,8.2,21753940
2026-02-17 14:41:00,14:41:00,1.55,2.0,1.4,1.4,27295385
2026-02-17 14:42:00,14:42:00,7.5,7.7,6.35,6.8,18305105
2026-02-17 14:43:00,14:43:00,6.7,8.2,5.7,7.9,20084805
2026-02-17 14:44:00,14:44:00,1.8,1.9,1.6,1.8,8456695
2026-02-17 14:45:00,14:45:00,1.6,2.1,1.5,1.75,12566840
2026-02-17 14:46:00,14:46:00,1.8,1.95,1.7,1.8,11598665
2026-02-17 14:47:00,14:47:00,1.75,1.8,1.35,1.35,15392195
2026-02-17 14:48:00,14:48:00,1.35,1.95,1.3,1.8,21123050
2026-02-17 14:49:00,14:49:00,1.85,1.95,1.45,1.5,13156130
2026-02-17 14:50:00,14:50:00,1.55,1.9,1.45,1.65,8680880
2026-02-17 14:51:00,14:51:00,1.65,1.8,1.25,1.35,7532005
2026-02-17 14:52:00,14:52:00,1.35,1.35,0.9,0.9,15388750
2026-02-17 14:53:00,14:53:00,0.85,1.15,0.85,0.9,11552710
2026-02-17 14:54:00,14:54:00,0.9,1.1,0.85,0.85,9782435
2026-02-17 14:55:00,14:55:00,0.85,1.05,0.7,1.0,14992380
2026-02-17 14:56:00,14:56:00,1.05,2.3,1.0,2.15,34264620
2026-02-17 14:57:00,14:57:00,2.1,2.15,1.55,1.75,28198040
2026-02-17 14:58:00,14:58:00,1.65,1.75,0.7,0.85,27558115
2026-02-17 14:59:00,14:59:00,0.9,1.2,0.85,1.0,18083780
2026-02-17 15:00:00,15:00:00,5.3,5.3,1.55,1.55,72435610
2026-02-17 15:01:00,15:01:00,1.6,2.0,0.8,0.95,74226230
2026-02-17 15:02:00,15:02:00,0.5,0.55,0.45,0.5,31833035
2026-02-17 15:03:00,15:03:00,0.5,0.55,0.45,0.45,20054580
2026-02-17 15:04:00,15:04:00,0.45,0.55,0.45,0.55,10157420
2026-02-17 15:05:00,15:05:00,0.55,0.65,0.4,0.4,9887020
2026-02-17 15:06:00,15:06:00,0.8,0.85,0.5,0.5,49145395
2026-02-17 15:07:00,15:07:00,0.5,0.55,0.25,0.3,30710615
2026-02-17 15:08:00,15:08:00,0.35,0.35,0.25,0.3,15118740
2026-02-17 15:09:00,15:09:00,0.3,0.3,0.2,0.25,11658985
2026-02-17 15:10:00,15:10:00,0.1,0.15,0.1,0.15,1905410
2026-02-17 15:11:00,15:11:00,0.15,0.15,0.1,0.15,1466725
2026-02-17 15:12:00,15:12:00,0.15,0.15,0.1,0.1,1173705
2026-02-17 15:13:00,15:13:00,0.2,0.2,0.15,0.15,5527275
2026-02-17 15:14:00,15:14:00,0.15,0.15,0.1,0.15,2480270
2026-02-17 15:15:00,15:15:00,0.15,0.15,0.05,0.05,3552770
2026-02-17 15:16:00,15:16:00,0.15,0.15,0.1,0.15,3659240
2026-02-17 15:17:00,15:17:00,0.15,0.15,0.05,0.05,9602775
2026-02-17 15:18:00,15:18:00,0.1,0.1,0.05,0.1,765960
2026-02-17 15:19:00,15:19:00,0.05,0.1,0.05,0.1,594620
2026-02-17 15:20:00,15:20:00,0.05,0.1,0.05,0.05,4569370
2026-02-17 15:21:00,15:21:00,0.1,0.1,0.05,0.1,3984435
2026-02-17 15:22:00,15:22:00,0.1,0.1,0.05,0.1,4450290
2026-02-17 15:23:00,15:23:00,0.05,0.1,0.05,0.05,5848245
2026-02-17 15:24:00,15:24:00,0.1,0.1,0.05,0.1,907010
2026-02-17 15:25:00,15:25:00,0.1,0.1,0.05,0.1,4611945
2026-02-17 15:26:00,15:26:00,0.1,0.1,0.05,0.05,1245140
2026-02-17 15:27:00,15:27:00,0.05,0.05,0.05,0.05,239005
2026-02-17 15:28:00,15:28:00,0.05,0.05,0.05,0.05,737100
2026-02-17 15:29:00,15:29:00,0.05,0.05,0.05,0.05,140725
2026-02-18 09:15:00,09:15:00,64.4,66.0,56.05,62.65,925925
2026-02-18 09:16:00,09:16:00,64.35,66.65,61.75,62.05,819910
2026-02-18 09:17:00,09:17:00,75.0,75.15,68.75,68.75,353860
2026-02-18 09:18:00,09:18:00,67.5,70.25,66.95,68.05,259870
2026-02-18 09:19:00,09:19:00,68.4,68.4,64.15,65.6,198965
2026-02-18 09:20:00,09:20:00,65.5,70.8,65.35,70.6,257530
2026-02-18 09:21:00,09:21:00,59.1,61.85,57.75,59.05,486850
2026-02-18 09:22:00,09:22:00,58.7,60.65,58.2,59.75,357760
2026-02-18 09:23:00,09:23:00,59.65,61.65,58.3,61.15,374400
2026-02-18 09:24:00,09:24:00,60.2,61.4,58.6,61.0,427440
2026-02-18 09:25:00,09:25:00,61.65,62.65,56.05,56.3,748670
2026-02-18 09:26:00,09:26:00,56.2,59.05,56.2,56.4,365495
2026-02-18 09:27:00,09:27:00,67.85,68.05,64.25,64.85,215605
2026-02-18 09:28:00,09:28:00,53.85,57.25,52.85,57.2,429520
2026-02-18 09:29:00,09:29:00,68.5,68.75,65.2,66.2,121615
2026-02-18 09:30:00,09:30:00,55.0,57.4,53.95,55.75,262925
2026-02-18 09:31:00,09:31:00,55.35,59.25,55.3,59.2,327015
2026-02-18 09:32:00,09:32:00,58.75,59.2,54.2,56.5,438100
2026-02-18 09:33:00,09:33:00,67.0,68.05,62.5,64.65,198900
2026-02-18 09:34:00,09:34:00,64.65,66.8,63.65,64.15,107900
2026-02-18 09:35:00,09:35:00,64.3,66.5,63.15,63.4,119600
2026-02-18 09:36:00,09:36:00,63.3,65.0,61.4,62.4,167115
2026-02-18 09:37:00,09:37:00,61.85,63.0,60.45,61.5,136305
2026-02-18 09:38:00,09:38:00,61.0,62.7,60.0,60.2,217295
2026-02-18 09:39:00,09:39:00,59.85,62.0,59.2,61.85,115115
2026-02-18 09:40:00,09:40:00,62.55,62.9,60.2,61.95,130325
2026-02-18 09:41:00,09:41:00,61.95,62.3,60.15,60.5,74620
2026-02-18 09:42:00,09:42:00,60.15,63.2,59.55,62.7,111995
2026-02-18 09:43:00,09:43:00,62.35,63.45,60.3,60.45,265850
2026-02-18 09:44:00,09:44:00,60.4,61.8,59.05,60.15,136825
2026-02-18 09:45:00,09:45:00,60.45,62.8,60.1,62.0,133705
2026-02-18 09:46:00,09:46:00,61.85,64.35,61.85,64.05,125775
2026-02-18 09:47:00,09:47:00,53.2,57.25,53.0,56.0,555685
2026-02-18 09:48:00,09:48:00,55.6,57.0,53.7,54.4,369135
2026-02-18 09:49:00,09:49:00,54.25,55.4,53.45,55.05,216515
2026-02-18 09:50:00,09:50:00,55.05,56.95,54.45,56.2,293605
2026-02-18 09:51:00,09:51:00,56.05,56.45,54.2,55.85,233545
2026-02-18 09:52:00,09:52:00,56.0,57.05,55.15,57.05,167700
2026-02-18 09:53:00,09:53:00,57.15,59.35,56.25,57.2,491465
2026-02-18 09:54:00,09:54:00,57.1,61.65,56.95,61.35,561340
2026-02-18 09:55:00,09:55:00,61.05,71.0,60.95,71.0,1201915
2026-02-18 09:56:00,09:56:00,70.5,74.35,70.05,71.6,1143350
2026-02-18 09:57:00,09:57:00,60.5,62.95,60.0,60.45,333970
2026-02-18 09:58:00,09:58:00,60.95,62.9,59.55,61.15,244660
2026-02-18 09:59:00,09:59:00,61.65,63.95,60.55,61.4,278005
2026-02-18 10:00:00,10:00:00,61.15,66.15,61.1,64.15,446420
2026-02-18 10:01:00,10:01:00,64.15,66.0,62.0,63.25,238420
2026-02-18 10:02:00,10:02:00,63.5,65.5,63.05,63.8,137215
2026-02-18 10:03:00,10:03:00,63.8,64.7,62.7,62.9,124605
2026-02-18 10:04:00,10:04:00,62.9,63.55,61.45,62.5,188825
2026-02-18 10:05:00,10:05:00,62.15,62.5,59.05,60.3,217165
2026-02-18 10:06:00,10:06:00,60.15,60.45,58.9,59.55,119990
2026-02-18 10:07:00,10:07:00,59.65,64.6,59.45,64.45,211640
2026-02-18 10:08:00,10:08:00,65.0,66.85,61.75,62.0,309465
2026-02-18 10:09:00,10:09:00,61.9,62.3,60.25,61.8,139945
2026-02-18 10:10:00,10:10:00,61.7,63.95,61.35,63.15,126100
2026-02-18 10:11:00,10:11:00,62.9,63.15,59.85,60.3,113035
2026-02-18 10:12:00,10:12:00,59.7,61.4,58.85,59.8,93535
2026-02-18 10:13:00,10:13:00,59.55,62.6,59.55,60.85,108290
2026-02-18 10:14:00,10:14:00,60.45,62.4,59.7,62.4,80535
2026-02-18 10:15:00,10:15:00,62.3,62.9,60.75,62.35,95875
2026-02-18 10:16:00,10:16:00,62.35,64.4,62.35,64.05,165750
2026-02-18 10:17:00,10:17:00,64.2,68.4,64.05,66.1,311285
2026-02-18 10:18:00,10:18:00,66.35,66.35,59.45,59.45,263965
2026-02-18 10:19:00,10:19:00,59.55,60.2,57.8,58.6,192465
2026-02-18 10:20:00,10:20:00,58.9,61.3,58.1,61.0,120835
2026-02-18 10:21:00,10:21:00,60.55,61.85,59.25,60.5,103090
2026-02-18 10:22:00,10:22:00,60.15,61.75,59.1,60.4,78065
2026-02-18 10:23:00,10:23:00,59.75,61.2,59.35,60.65,80600
2026-02-18 10:24:00,10:24:00,60.45,60.65,57.35,59.7,171340
2026-02-18 10:25:00,10:25:00,59.35,61.5,59.2,61.15,114075
2026-02-18 10:26:00,10:26:00,61.0,65.25,61.0,64.15,271635
2026-02-18 10:27:00,10:27:00,63.65,65.35,63.0,64.75,131950
2026-02-18 10:28:00,10:28:00,64.5,66.2,63.2,63.2,217295
2026-02-18 10:29:00,10:29:00,63.0,63.2,59.15,59.5,202800
2026-02-18 10:30:00,10:30:00,59.2,62.1,58.75,60.7,151970
2026-02-18 10:31:00,10:31:00,60.9,61.2,58.5,58.9,117390
2026-02-18 10:32:00,10:32:00,59.0,59.7,58.45,59.0,69290
2026-02-18 10:33:00,10:33:00,58.7,59.6,56.45,56.9,138385
2026-02-18 10:34:00,10:34:00,57.4,58.25,56.75,57.95,54535
2026-02-18 10:35:00,10:35:00,69.6,70.45,66.35,66.8,394810
2026-02-18 10:36:00,10:36:00,67.2,68.75,66.8,67.0,205660
2026-02-18 10:37:00,10:37:00,66.95,68.9,65.2,68.5,411645
2026-02-18 10:38:00,10:38:00,56.6,60.7,56.6,60.55,164580
2026-02-18 10:39:00,10:39:00,60.15,61.7,59.1,61.7,154375
2026-02-18 10:40:00,10:40:00,60.9,62.85,60.6,62.55,153010
2026-02-18 10:41:00,10:41:00,61.7,63.2,61.25,61.45,137020
2026-02-18 10:42:00,10:42:00,60.5,61.45,59.4,60.0,124475
2026-02-18 10:43:00,10:43:00,59.95,61.3,59.95,60.75,63570
2026-02-18 10:44:00,10:44:00,60.75,61.75,59.8,61.75,61945
2026-02-18 10:45:00,10:45:00,61.75,62.3,59.1,60.7,99190
2026-02-18 10:46:00,10:46:00,60.5,60.75,57.7,57.85,69940
2026-02-18 10:47:00,10:47:00,69.8,69.8,67.5,67.5,397865
2026-02-18 10:48:00,10:48:00,67.8,70.05,67.5,68.1,296335
2026-02-18 10:49:00,10:49:00,68.3,69.05,67.45,68.35,154700
2026-02-18 10:50:00,10:50:00,68.45,68.6,66.85,67.4,268580
2026-02-18 10:51:00,10:51:00,67.55,69.25,67.4,67.85,208455
2026-02-18 10:52:00,10:52:00,68.05,68.05,66.1,66.4,335400
2026-02-18 10:53:00,10:53:00,65.95,66.45,63.15,63.15,585715
2026-02-18 10:54:00,10:54:00,62.9,64.7,62.7,64.35,357305
2026-02-18 10:55:00,10:55:00,64.55,65.85,63.95,64.65,259025
2026-02-18 10:56:00,10:56:00,64.1,64.9,63.0,64.45,213850
2026-02-18 10:57:00,10:57:00,64.45,64.45,62.45,62.8,231725
2026-02-18 10:58:00,10:58:00,62.2,62.8,60.0,60.35,464815
2026-02-18 10:59:00,10:59:00,60.3,60.4,59.2,59.65,287040
2026-02-18 11:00:00,11:00:00,59.55,60.45,59.0,59.3,248235
2026-02-18 11:01:00,11:01:00,59.1,61.0,58.85,60.0,285935
2026-02-18 11:02:00,11:02:00,60.15,60.15,58.55,59.2,234715
2026-02-18 11:03:00,11:03:00,59.05,61.7,59.05,61.7,269295
2026-02-18 11:04:00,11:04:00,61.8,61.8,59.3,60.0,212290
2026-02-18 11:05:00,11:05:00,60.25,62.1,60.0,61.8,225030
2026-02-18 11:06:00,11:06:00,61.9,62.3,60.4,60.85,213720
2026-02-18 11:07:00,11:07:00,60.75,62.0,59.65,60.6,180570
2026-02-18 11:08:00,11:08:00,60.4,61.2,59.15,59.65,144885
2026-02-18 11:09:00,11:09:00,59.7,60.1,58.8,59.2,199485
2026-02-18 11:10:00,11:10:00,59.35,59.5,58.4,59.05,155415
2026-02-18 11:11:00,11:11:00,59.05,60.9,59.05,60.3,126165
2026-02-18 11:12:00,11:12:00,60.25,63.7,60.1,63.35,376155
2026-02-18 11:13:00,11:13:00,63.9,64.1,60.7,61.55,392665
2026-02-18 11:14:00,11:14:00,61.55,61.55,58.4,59.55,255060
2026-02-18 11:15:00,11:15:00,59.8,61.85,59.2,60.8,178750
2026-02-18 11:16:00,11:16:00,60.8,63.0,60.8,62.55,236925
2026-02-18 11:17:00,11:17:00,62.3,64.4,62.15,63.45,472030
2026-02-18 11:18:00,11:18:00,63.4,63.5,60.9,63.5,274040
2026-02-18 11:19:00,11:19:00,63.55,64.25,62.1,62.9,283400
2026-02-18 11:20:00,11:20:00,62.95,63.35,61.25,61.7,167895
2026-02-18 11:21:00,11:21:00,61.45,62.45,61.0,61.65,156780
2026-02-18 11:22:00,11:22:00,61.45,61.65,59.95,60.6,241540
2026-02-18 11:23:00,11:23:00,60.25,62.0,59.4,61.4,186420
2026-02-18 11:24:00,11:24:00,61.15,63.9,61.15,63.85,183105
2026-02-18 11:25:00,11:25:00,64.15,64.3,63.15,64.2,330330
2026-02-18 11:26:00,11:26:00,63.95,66.4,62.5,62.5,820430
2026-02-18 11:27:00,11:27:00,62.5,63.2,61.4,61.4,272740
2026-02-18 11:28:00,11:28:00,61.05,61.95,59.8,60.35,317460
2026-02-18 11:29:00,11:29:00,60.3,61.25,59.05,59.85,228020
2026-02-18 11:30:00,11:30:00,59.4,62.35,59.2,61.1,325195
2026-02-18 11:31:00,11:31:00,61.05,61.8,59.6,60.9,179855
2026-02-18 11:32:00,11:32:00,60.95,61.1,58.85,60.1,208910
2026-02-18 11:33:00,11:33:00,60.1,60.25,57.2,57.2,279955
2026-02-18 11:34:00,11:34:00,56.9,57.2,52.95,54.55,1060605
2026-02-18 11:35:00,11:35:00,54.7,55.85,54.05,54.35,403325
2026-02-18 11:36:00,11:36:00,54.4,57.15,54.3,56.85,312845
2026-02-18 11:37:00,11:37:00,56.75,58.95,56.75,57.75,291330
2026-02-18 11:38:00,11:38:00,57.55,58.55,56.85,58.25,287625
2026-02-18 11:39:00,11:39:00,58.55,59.65,57.8,58.3,226720
2026-02-18 11:40:00,11:40:00,58.1,59.05,57.25,59.05,152490
2026-02-18 11:41:00,11:41:00,58.9,62.0,58.9,61.85,600340
2026-02-18 11:42:00,11:42:00,62.15,64.5,61.85,64.5,538785
2026-02-18 11:43:00,11:43:00,64.1,65.5,62.85,63.1,442325
2026-02-18 11:44:00,11:44:00,63.25,63.75,61.45,61.85,214500
2026-02-18 11:45:00,11:45:00,61.75,63.35,61.1,63.15,193115
2026-02-18 11:46:00,11:46:00,63.2,63.95,61.95,62.05,201890
2026-02-18 11:47:00,11:47:00,62.1,62.65,61.2,61.65,113035
2026-02-18 11:48:00,11:48:00,61.65,63.9,61.1,62.55,145600
2026-02-18 11:49:00,11:49:00,62.5,62.95,61.2,61.55,108550
2026-02-18 11:50:00,11:50:00,61.1,61.55,59.7,60.1,232050
2026-02-18 11:51:00,11:51:00,60.25,61.65,59.95,61.1,151125
2026-02-18 11:52:00,11:52:00,61.4,62.35,60.65,61.8,130195
2026-02-18 11:53:00,11:53:00,62.05,62.25,60.5,60.85,74490
2026-02-18 11:54:00,11:54:00,61.1,61.4,58.8,59.5,190125
2026-02-18 11:55:00,11:55:00,59.3,61.7,59.2,59.3,140790
2026-02-18 11:56:00,11:56:00,59.35,60.35,59.3,59.5,54210
2026-02-18 11:57:00,11:57:00,59.3,60.4,58.4,58.4,114530
2026-02-18 11:58:00,11:58:00,58.6,60.0,58.1,59.9,156390
2026-02-18 11:59:00,11:59:00,59.9,59.9,56.65,56.65,240955
2026-02-18 12:00:00,12:00:00,56.65,58.2,55.75,55.75,232895
2026-02-18 12:01:00,12:01:00,55.9,56.15,54.25,54.25,319865
2026-02-18 12:02:00,12:02:00,54.05,56.35,53.8,56.15,238160
2026-02-18 12:03:00,12:03:00,56.65,57.7,55.9,57.0,341835
2026-02-18 12:04:00,12:04:00,57.2,57.3,55.55,56.75,127140
2026-02-18 12:05:00,12:05:00,56.7,57.3,55.75,56.0,85670
2026-02-18 12:06:00,12:06:00,55.85,56.6,54.9,55.3,96590
2026-02-18 12:07:00,12:07:00,55.4,55.45,54.25,54.35,132665
2026-02-18 12:08:00,12:08:00,54.4,54.7,53.55,54.2,200915
2026-02-18 12:09:00,12:09:00,54.1,54.9,53.6,54.85,107250
2026-02-18 12:10:00,12:10:00,54.8,55.0,54.1,54.8,104520
2026-02-18 12:11:00,12:11:00,54.7,55.65,53.7,54.35,142545
2026-02-18 12:12:00,12:12:00,54.25,55.2,53.9,55.05,102245
2026-02-18 12:13:00,12:13:00,55.0,55.95,54.15,54.7,162890
2026-02-18 12:14:00,12:14:00,54.45,54.7,53.7,54.35,127790
2026-02-18 12:15:00,12:15:00,54.15,54.35,53.0,53.1,193830
2026-02-18 12:16:00,12:16:00,53.1,53.1,51.55,52.5,330395
2026-02-18 12:17:00,12:17:00,52.6,54.4,52.3,53.25,141960
2026-02-18 12:18:00,12:18:00,53.35,54.2,52.7,53.75,115830
2026-02-18 12:19:00,12:19:00,53.9,54.7,53.55,54.7,83265
2026-02-18 12:20:00,12:20:00,54.65,55.0,53.2,54.25,164125
2026-02-18 12:21:00,12:21:00,54.5,54.5,52.65,53.7,172055
2026-02-18 12:22:00,12:22:00,53.4,53.7,52.1,53.2,137930
2026-02-18 12:23:00,12:23:00,53.1,53.65,52.0,52.0,120510
2026-02-18 12:24:00,12:24:00,52.0,52.1,50.9,51.5,201175
2026-02-18 12:25:00,12:25:00,51.4,54.25,50.5,54.2,209430
2026-02-18 12:26:00,12:26:00,54.35,55.2,53.85,54.25,343135
2026-02-18 12:27:00,12:27:00,54.15,55.1,53.2,53.4,162110
2026-02-18 12:28:00,12:28:00,53.25,53.65,51.0,51.15,200655
2026-02-18 12:29:00,12:29:00,51.3,52.85,50.9,52.85,154050
2026-02-18 12:30:00,12:30:00,53.05,53.5,51.65,52.0,125970
2026-02-18 12:31:00,12:31:00,51.75,52.3,51.3,51.35,86255
2026-02-18 12:32:00,12:32:00,51.25,51.9,50.3,51.0,184730
2026-02-18 12:33:00,12:33:00,50.7,51.85,50.7,51.1,166075
2026-02-18 12:34:00,12:34:00,51.0,51.35,50.1,51.3,329290
2026-02-18 12:35:00,12:35:00,62.0,62.1,60.4,62.05,134030
2026-02-18 12:36:00,12:36:00,51.2,52.05,50.95,51.6,194285
2026-02-18 12:37:00,12:37:00,62.45,62.5,60.4,61.0,74490
2026-02-18 12:38:00,12:38:00,61.1,61.75,60.55,60.6,53170
2026-02-18 12:39:00,12:39:00,59.9,61.5,59.85,60.6,135460
2026-02-18 12:40:00,12:40:00,50.15,52.05,50.1,51.9,168610
2026-02-18 12:41:00,12:41:00,52.15,53.45,51.9,52.8,224445
2026-02-18 12:42:00,12:42:00,63.65,63.95,60.8,61.25,89635
2026-02-18 12:43:00,12:43:00,61.05,62.05,60.65,61.35,58630
2026-02-18 12:44:00,12:44:00,61.05,62.45,60.9,61.4,43095
2026-02-18 12:45:00,12:45:00,50.55,51.7,50.1,51.35,112190
2026-02-18 12:46:00,12:46:00,61.95,62.25,60.95,61.25,34580
2026-02-18 12:47:00,12:47:00,60.9,62.4,60.85,62.0,57265
2026-02-18 12:48:00,12:48:00,51.3,52.2,50.9,51.9,105560
2026-02-18 12:49:00,12:49:00,52.0,53.55,51.65,53.5,179595
2026-02-18 12:50:00,12:50:00,53.4,53.55,52.2,52.2,233545
2026-02-18 12:51:00,12:51:00,52.3,53.2,52.0,53.2,134355
2026-02-18 12:52:00,12:52:00,53.0,53.2,51.8,52.15,111085
2026-02-18 12:53:00,12:53:00,62.55,62.9,60.35,60.65,177840
2026-02-18 12:54:00,12:54:00,60.4,61.45,60.2,61.45,74165
2026-02-18 12:55:00,12:55:00,50.9,51.45,50.35,51.45,109070
2026-02-18 12:56:00,12:56:00,51.4,51.7,50.3,50.45,95550
2026-02-18 12:57:00,12:57:00,60.6,60.8,59.65,60.4,119405
2026-02-18 12:58:00,12:58:00,60.35,60.65,58.4,59.0,144625
2026-02-18 12:59:00,12:59:00,59.1,59.95,58.25,58.5,70980
2026-02-18 13:00:00,13:00:00,58.5,59.45,57.45,58.0,143065
2026-02-18 13:01:00,13:01:00,57.8,58.1,56.3,57.9,234780
2026-02-18 13:02:00,13:02:00,57.55,60.9,57.55,60.9,151775
2026-02-18 13:03:00,13:03:00,60.65,62.85,60.65,60.8,230230
2026-02-18 13:04:00,13:04:00,60.7,60.8,58.15,58.2,220805
2026-02-18 13:05:00,13:05:00,58.25,58.85,57.75,58.25,96525
2026-02-18 13:06:00,13:06:00,58.25,59.6,58.1,59.0,75920
2026-02-18 13:07:00,13:07:00,58.95,59.9,58.8,59.8,98345
2026-02-18 13:08:00,13:08:00,59.6,60.15,59.05,59.75,81120
2026-02-18 13:09:00,13:09:00,59.55,60.2,59.35,59.75,40365
2026-02-18 13:10:00,13:10:00,49.3,51.8,49.1,51.8,174850
2026-02-18 13:11:00,13:11:00,51.55,52.15,50.45,50.65,284050
2026-02-18 13:12:00,13:12:00,60.7,61.45,59.5,59.65,70200
2026-02-18 13:13:00,13:13:00,59.5,60.85,59.35,60.25,60775
2026-02-18 13:14:00,13:14:00,60.0,60.25,58.6,58.8,39130
2026-02-18 13:15:00,13:15:00,58.4,58.95,57.0,57.6,162175
2026-02-18 13:16:00,13:16:00,57.4,58.1,56.65,58.1,159185
2026-02-18 13:17:00,13:17:00,57.9,60.25,57.9,58.9,99840
2026-02-18 13:18:00,13:18:00,58.7,58.9,58.05,58.25,41925
2026-02-18 13:19:00,13:19:00,58.2,58.3,57.0,57.75,66560
2026-02-18 13:20:00,13:20:00,57.7,58.1,57.15,57.8,79690
2026-02-18 13:21:00,13:21:00,57.7,58.55,56.9,58.4,74100
2026-02-18 13:22:00,13:22:00,58.15,59.2,57.7,58.0,51935
2026-02-18 13:23:00,13:23:00,57.7,58.0,55.8,55.8,91650
2026-02-18 13:24:00,13:24:00,56.25,58.0,55.8,57.95,94900
2026-02-18 13:25:00,13:25:00,57.85,59.7,57.7,59.55,118950
2026-02-18 13:26:00,13:26:00,59.35,59.8,58.3,58.6,144690
2026-02-18 13:27:00,13:27:00,58.65,59.85,58.5,59.7,80600
2026-02-18 13:28:00,13:28:00,49.45,50.55,49.4,50.55,247585
2026-02-18 13:29:00,13:29:00,60.75,61.1,59.3,59.3,167310
2026-02-18 13:30:00,13:30:00,59.25,60.2,59.15,59.95,61750
2026-02-18 13:31:00,13:31:00,60.15,60.2,58.6,59.4,80470
2026-02-18 13:32:00,13:32:00,59.85,60.8,58.6,60.35,42705
2026-02-18 13:33:00,13:33:00,59.8,60.7,59.25,59.9,33995
2026-02-18 13:34:00,13:34:00,59.9,60.05,59.25,59.8,30355
2026-02-18 13:35:00,13:35:00,59.65,59.9,59.0,59.5,47710
2026-02-18 13:36:00,13:36:00,49.65,50.8,49.35,50.7,99970
2026-02-18 13:37:00,13:37:00,50.7,51.4,49.9,51.3,185900
2026-02-18 13:38:00,13:38:00,61.75,61.85,59.9,59.9,87555
2026-02-18 13:39:00,13:39:00,49.65,51.25,49.65,51.05,82160
2026-02-18 13:40:00,13:40:00,61.5,61.5,59.75,59.85,39000
2026-02-18 13:41:00,13:41:00,50.15,50.7,49.55,50.5,86840
2026-02-18 13:42:00,13:42:00,50.45,51.9,50.25,51.9,123955
2026-02-18 13:43:00,13:43:00,51.85,52.0,50.9,51.85,148135
2026-02-18 13:44:00,13:44:00,51.65,51.85,49.75,50.25,128570
2026-02-18 13:45:00,13:45:00,60.05,60.35,57.75,58.1,145405
2026-02-18 13:46:00,13:46:00,58.0,59.3,57.25,58.25,72540
2026-02-18 13:47:00,13:47:00,58.2,60.0,57.95,59.35,115505
2026-02-18 13:48:00,13:48:00,59.45,59.75,57.0,57.45,84955
2026-02-18 13:49:00,13:49:00,57.15,58.45,57.1,58.0,101010
2026-02-18 13:50:00,13:50:00,58.1,58.2,57.4,57.4,34190
2026-02-18 13:51:00,13:51:00,57.2,57.9,56.95,57.45,67275
2026-02-18 13:52:00,13:52:00,56.95,59.85,56.2,59.85,127595
2026-02-18 13:53:00,13:53:00,49.55,53.35,49.55,52.4,557830
2026-02-18 13:54:00,13:54:00,52.35,54.8,52.35,54.8,381355
2026-02-18 13:55:00,13:55:00,54.9,55.6,53.5,54.3,565630
2026-02-18 13:56:00,13:56:00,54.35,55.3,53.0,53.0,426855
2026-02-18 13:57:00,13:57:00,52.4,53.2,51.7,52.2,308100
2026-02-18 13:58:00,13:58:00,52.05,52.2,50.1,50.65,284700
2026-02-18 13:59:00,13:59:00,50.6,51.6,50.25,50.75,137540
2026-02-18 14:00:00,14:00:00,61.0,61.65,59.95,61.45,108550
2026-02-18 14:01:00,14:01:00,50.8,51.8,50.75,51.55,136565
2026-02-18 14:02:00,14:02:00,51.6,52.0,51.0,51.0,122525
2026-02-18 14:03:00,14:03:00,50.7,51.0,49.65,50.0,203125
2026-02-18 14:04:00,14:04:00,59.95,61.2,59.9,60.0,70980
2026-02-18 14:05:00,14:05:00,59.9,60.1,58.05,58.8,167050
2026-02-18 14:06:00,14:06:00,59.0,59.65,58.65,59.5,71825
2026-02-18 14:07:00,14:07:00,59.5,59.8,58.5,58.5,35165
2026-02-18 14:08:00,14:08:00,58.3,58.8,57.7,58.0,67470
2026-02-18 14:09:00,14:09:00,58.05,58.7,57.3,57.7,75855
2026-02-18 14:10:00,14:10:00,57.85,58.25,57.15,57.4,74750
2026-02-18 14:11:00,14:11:00,57.3,57.5,54.3,54.7,240175
2026-02-18 14:12:00,14:12:00,54.85,54.95,53.0,53.0,265265
2026-02-18 14:13:00,14:13:00,53.0,53.85,52.9,53.85,148655
2026-02-18 14:14:00,14:14:00,53.8,54.0,53.2,53.2,94380
2026-02-18 14:15:00,14:15:00,53.1,53.9,52.55,53.85,159900
2026-02-18 14:16:00,14:16:00,54.25,55.25,53.85,54.25,163215
2026-02-18 14:17:00,14:17:00,54.25,54.3,52.8,53.05,99580
2026-02-18 14:18:00,14:18:00,53.0,53.35,52.25,52.45,133315
2026-02-18 14:19:00,14:19:00,52.35,52.8,51.05,51.35,224380
2026-02-18 14:20:00,14:20:00,61.5,61.9,60.0,60.15,540995
2026-02-18 14:21:00,14:21:00,59.9,60.7,59.7,60.3,547820
2026-02-18 14:22:00,14:22:00,60.45,60.55,59.2,60.3,376545
2026-02-18 14:23:00,14:23:00,60.2,60.3,58.35,58.9,473785
2026-02-18 14:24:00,14:24:00,58.75,60.05,58.75,59.65,379405
2026-02-18 14:25:00,14:25:00,60.0,60.9,59.65,60.8,373490
2026-02-18 14:26:00,14:26:00,60.9,60.95,58.85,58.85,382200
2026-02-18 14:27:00,14:27:00,58.8,58.9,57.9,58.45,326690
2026-02-18 14:28:00,14:28:00,58.2,59.75,58.2,59.75,294840
2026-02-18 14:29:00,14:29:00,59.7,60.35,59.45,60.05,296660
2026-02-18 14:30:00,14:30:00,59.9,60.5,59.55,60.5,171015
2026-02-18 14:31:00,14:31:00,60.7,61.55,60.45,61.1,378170
2026-02-18 14:32:00,14:32:00,61.0,61.1,59.4,59.65,304655
2026-02-18 14:33:00,14:33:00,59.4,59.65,58.35,59.15,508885
2026-02-18 14:34:00,14:34:00,59.4,61.25,59.15,60.85,312000
2026-02-18 14:35:00,14:35:00,61.05,61.05,60.0,60.35,247390
2026-02-18 14:36:00,14:36:00,60.25,60.35,59.1,60.0,232440
2026-02-18 14:37:00,14:37:00,59.95,60.8,59.65,60.75,134940
2026-02-18 14:38:00,14:38:00,60.45,61.65,60.3,60.6,165555
2026-02-18 14:39:00,14:39:00,60.8,61.25,60.6,60.9,132210
2026-02-18 14:40:00,14:40:00,60.75,61.3,60.45,61.05,124345
2026-02-18 14:41:00,14:41:00,60.95,61.05,60.2,60.55,118105
2026-02-18 14:42:00,14:42:00,60.7,61.3,60.4,61.15,128180
2026-02-18 14:43:00,14:43:00,61.1,61.55,60.4,61.2,287365
2026-02-18 14:44:00,14:44:00,61.15,61.65,60.35,61.65,281125
2026-02-18 14:45:00,14:45:00,61.65,62.8,61.35,62.0,298805
2026-02-18 14:46:00,14:46:00,51.7,52.75,51.7,52.6,82615
2026-02-18 14:47:00,14:47:00,63.05,63.1,61.75,62.85,189540
2026-02-18 14:48:00,14:48:00,62.55,63.9,62.05,62.35,322270
2026-02-18 14:49:00,14:49:00,62.2,62.95,61.6,61.8,161785
2026-02-18 14:50:00,14:50:00,61.45,62.05,60.65,60.65,292565
2026-02-18 14:51:00,14:51:00,60.7,61.5,59.7,59.8,249015
2026-02-18 14:52:00,14:52:00,59.8,61.55,59.75,60.8,176150
2026-02-18 14:53:00,14:53:00,60.55,61.4,60.05,61.4,106535
2026-02-18 14:54:00,14:54:00,61.4,61.8,60.4,60.6,129740
2026-02-18 14:55:00,14:55:00,60.65,60.85,59.7,59.9,166985
2026-02-18 14:56:00,14:56:00,60.2,60.4,59.1,59.8,190125
2026-02-18 14:57:00,14:57:00,59.85,59.9,58.95,59.6,203775
2026-02-18 14:58:00,14:58:00,59.5,60.3,59.1,59.9,88855
2026-02-18 14:59:00,14:59:00,59.75,60.75,59.75,59.9,117585
2026-02-18 15:00:00,15:00:00,59.0,59.9,54.1,54.2,908375
2026-02-18 15:01:00,15:01:00,64.85,66.55,64.7,65.0,420680
2026-02-18 15:02:00,15:02:00,54.6,57.8,54.5,56.25,422955
2026-02-18 15:03:00,15:03:00,56.35,57.1,56.0,56.3,328055
2026-02-18 15:04:00,15:04:00,56.5,56.65,55.8,56.35,246545
2026-02-18 15:05:00,15:05:00,56.5,57.35,56.1,57.35,232180
2026-02-18 15:06:00,15:06:00,57.25,57.6,56.4,56.85,228085
2026-02-18 15:07:00,15:07:00,56.55,56.85,55.55,55.65,261040
2026-02-18 15:08:00,15:08:00,55.75,56.6,55.65,56.3,262535
2026-02-18 15:09:00,15:09:00,67.25,67.45,65.55,65.65,139490
2026-02-18 15:10:00,15:10:00,65.7,66.65,65.65,66.45,130325
2026-02-18 15:11:00,15:11:00,55.8,56.1,55.0,55.65,226915
2026-02-18 15:12:00,15:12:00,55.8,55.9,55.5,55.75,137735
2026-02-18 15:13:00,15:13:00,55.7,56.3,55.7,56.0,156780
2026-02-18 15:14:00,15:14:00,56.15,56.7,56.0,56.1,131365
2026-02-18 15:15:00,15:15:00,56.45,57.1,55.35,56.05,356655
2026-02-18 15:16:00,15:16:00,56.0,56.85,55.9,56.2,242905
2026-02-18 15:17:00,15:17:00,56.25,56.65,56.05,56.05,199940
2026-02-18 15:18:00,15:18:00,67.05,67.75,67.0,67.35,158600
2026-02-18 15:19:00,15:19:00,56.3,58.0,56.3,57.6,278850
2026-02-18 15:20:00,15:20:00,57.65,58.85,57.6,58.5,423800
2026-02-18 15:21:00,15:21:00,58.8,59.35,58.5,59.0,342420
2026-02-18 15:22:00,15:22:00,59.0,59.0,57.5,58.55,376025
2026-02-18 15:23:00,15:23:00,58.5,59.15,58.4,58.95,205465
2026-02-18 15:24:00,15:24:00,59.15,59.35,58.0,59.1,265135
2026-02-18 15:25:00,15:25:00,59.2,59.2,58.0,58.5,569660
2026-02-18 15:26:00,15:26:00,58.35,58.5,56.45,57.55,445835
2026-02-18 15:27:00,15:27:00,57.55,58.15,57.4,57.55,257400
2026-02-18 15:28:00,15:28:00,57.65,58.15,57.05,57.9,456885
2026-02-18 15:29:00,15:29:00,58.0,58.05,56.95,56.95,427960
2026-02-19 09:15:00,09:15:00,51.95,51.95,39.15,43.05,1004185
2026-02-19 09:16:00,09:16:00,42.9,45.1,40.45,41.35,613080
2026-02-19 09:17:00,09:17:00,41.55,42.3,37.85,38.1,795990
2026-02-19 09:18:00,09:18:00,38.6,40.0,38.1,39.15,409240
2026-02-19 09:19:00,09:19:00,39.85,40.1,38.15,39.75,386490
2026-02-19 09:20:00,09:20:00,40.1,40.55,36.55,36.55,457860
2026-02-19 09:21:00,09:21:00,36.2,37.3,35.65,36.65,454220
2026-02-19 09:22:00,09:22:00,36.7,37.3,36.2,37.2,265395
2026-02-19 09:23:00,09:23:00,37.4,39.8,37.1,37.45,243945
2026-02-19 09:24:00,09:24:00,37.9,40.05,37.45,39.95,195910
2026-02-19 09:25:00,09:25:00,40.4,42.9,39.95,41.8,433355
2026-02-19 09:26:00,09:26:00,42.75,44.55,41.8,44.15,470470
2026-02-19 09:27:00,09:27:00,44.5,45.7,42.55,43.75,399360
2026-02-19 09:28:00,09:28:00,35.95,38.35,35.3,38.1,215605
2026-02-19 09:29:00,09:29:00,38.05,38.25,36.5,37.85,227110
2026-02-19 09:30:00,09:30:00,37.6,40.2,36.95,40.0,310635
2026-02-19 09:31:00,09:31:00,39.55,40.4,38.1,39.8,399295
2026-02-19 09:32:00,09:32:00,39.9,40.6,38.3,39.25,102895
2026-02-19 09:33:00,09:33:00,39.25,39.75,38.25,38.95,67990
2026-02-19 09:34:00,09:34:00,39.1,40.0,38.55,39.4,67990
2026-02-19 09:35:00,09:35:00,39.5,39.65,37.4,38.7,136695
2026-02-19 09:36:00,09:36:00,38.55,39.6,37.7,39.25,61100
2026-02-19 09:37:00,09:37:00,38.75,46.05,38.3,44.8,447330
2026-02-19 09:38:00,09:38:00,44.95,47.45,43.95,47.15,407745
2026-02-19 09:39:00,09:39:00,47.35,47.95,43.25,44.35,239460
2026-02-19 09:40:00,09:40:00,44.25,45.6,43.3,44.85,132080
2026-02-19 09:41:00,09:41:00,45.2,45.85,43.4,43.4,106470
2026-02-19 09:42:00,09:42:00,43.55,45.0,42.9,44.35,126945
2026-02-19 09:43:00,09:43:00,44.35,45.5,43.25,44.5,125515
2026-02-19 09:44:00,09:44:00,44.7,45.55,43.9,45.05,90870
2026-02-19 09:45:00,09:45:00,45.0,45.9,44.0,44.1,144300
2026-02-19 09:46:00,09:46:00,44.0,45.15,42.9,43.0,125515
2026-02-19 09:47:00,09:47:00,42.9,43.45,41.35,41.7,120120
2026-02-19 09:48:00,09:48:00,41.65,41.7,39.6,40.95,183430
2026-02-19 09:49:00,09:49:00,40.4,40.95,38.85,39.65,82680
2026-02-19 09:50:00,09:50:00,39.75,41.95,39.3,41.9,117585
2026-02-19 09:51:00,09:51:00,41.45,44.15,41.05,43.95,134160
2026-02-19 09:52:00,09:52:00,43.95,45.5,42.0,45.3,143390
2026-02-19 09:53:00,09:53:00,45.2,46.6,44.0,45.0,177125
2026-02-19 09:54:00,09:54:00,44.55,46.6,43.85,46.2,122265
2026-02-19 09:55:00,09:55:00,46.0,46.2,44.45,44.9,163085
2026-02-19 09:56:00,09:56:00,45.1,47.0,44.65,44.9,120770
2026-02-19 09:57:00,09:57:00,45.75,45.75,44.2,45.35,60515
2026-02-19 09:58:00,09:58:00,37.4,39.75,37.4,38.55,398905
2026-02-19 09:59:00,09:59:00,38.7,38.95,37.8,38.15,203840
2026-02-19 10:00:00,10:00:00,38.1,39.0,36.6,38.35,262925
2026-02-19 10:01:00,10:01:00,38.25,38.95,36.95,38.7,374205
2026-02-19 10:02:00,10:02:00,38.9,39.85,38.35,38.6,263965
2026-02-19 10:03:00,10:03:00,46.35,46.45,43.15,43.5,113555
2026-02-19 10:04:00,10:04:00,44.05,44.6,42.35,42.35,161915
2026-02-19 10:05:00,10:05:00,42.4,43.45,41.9,42.15,93795
2026-02-19 10:06:00,10:06:00,42.6,43.45,42.15,42.6,68575
2026-02-19 10:07:00,10:07:00,42.85,45.4,42.55,44.45,145275
2026-02-19 10:08:00,10:08:00,44.05,45.8,43.55,43.85,90090
2026-02-19 10:09:00,10:09:00,43.7,45.6,43.3,44.8,70135
2026-02-19 10:10:00,10:10:00,45.5,46.15,44.35,45.4,75985
2026-02-19 10:11:00,10:11:00,37.45,40.5,37.45,38.4,388505
2026-02-19 10:12:00,10:12:00,38.45,40.5,37.8,39.6,188630
2026-02-19 10:13:00,10:13:00,39.65,41.4,39.15,41.1,276185
2026-02-19 10:14:00,10:14:00,41.35,46.55,41.1,44.85,861185
2026-02-19 10:15:00,10:15:00,44.35,45.9,44.05,45.25,444665
2026-02-19 10:16:00,10:16:00,45.2,45.35,42.95,43.9,389805
2026-02-19 10:17:00,10:17:00,43.9,44.55,42.65,43.05,202995
2026-02-19 10:18:00,10:18:00,43.1,43.1,41.6,41.85,423345
2026-02-19 10:19:00,10:19:00,42.0,44.2,41.75,44.2,258960
2026-02-19 10:20:00,10:20:00,44.55,46.35,44.05,46.35,296790
2026-02-19 10:21:00,10:21:00,46.2,47.4,44.8,46.35,403195
2026-02-19 10:22:00,10:22:00,46.55,47.7,44.9,45.35,411905
2026-02-19 10:23:00,10:23:00,45.15,45.35,43.35,43.45,295945
2026-02-19 10:24:00,10:24:00,43.25,45.1,43.05,44.45,182975
2026-02-19 10:25:00,10:25:00,44.35,45.6,43.7,45.2,205790
2026-02-19 10:26:00,10:26:00,45.15,47.15,45.0,46.55,244725
2026-02-19 10:27:00,10:27:00,46.55,51.0,46.5,49.1,690885
2026-02-19 10:28:00,10:28:00,49.1,50.85,48.1,48.3,411970
2026-02-19 10:29:00,10:29:00,48.0,48.3,46.05,47.0,327275
2026-02-19 10:30:00,10:30:00,47.0,49.65,47.0,49.2,238095
2026-02-19 10:31:00,10:31:00,49.55,49.7,46.95,47.3,298740
2026-02-19 10:32:00,10:32:00,47.25,47.5,46.1,47.0,195715
2026-02-19 10:33:00,10:33:00,46.9,48.7,46.05,48.7,167830
2026-02-19 10:34:00,10:34:00,48.6,51.65,48.0,50.6,379470
2026-02-19 10:35:00,10:35:00,50.7,51.75,48.85,50.6,457600
2026-02-19 10:36:00,10:36:00,50.25,53.25,50.15,52.0,398840
2026-02-19 10:37:00,10:37:00,43.5,48.95,43.5,48.95,461565
2026-02-19 10:38:00,10:38:00,48.95,50.3,47.3,47.95,266760
2026-02-19 10:39:00,10:39:00,48.0,50.55,47.95,50.2,148525
2026-02-19 10:40:00,10:40:00,50.75,52.8,48.55,49.2,395460
2026-02-19 10:41:00,10:41:00,58.8,59.1,55.45,55.85,366080
2026-02-19 10:42:00,10:42:00,56.1,58.8,55.35,56.85,279695
2026-02-19 10:43:00,10:43:00,56.8,56.85,53.3,54.05,371930
2026-02-19 10:44:00,10:44:00,54.15,55.1,52.9,54.5,233155
2026-02-19 10:45:00,10:45:00,54.7,57.6,54.1,56.7,304915
2026-02-19 10:46:00,10:46:00,56.2,57.7,55.5,56.25,246610
2026-02-19 10:47:00,10:47:00,47.0,48.6,45.95,48.6,44590
2026-02-19 10:48:00,10:48:00,48.3,48.6,47.35,48.05,51350
2026-02-19 10:49:00,10:49:00,48.4,48.4,45.65,46.5,57135
2026-02-19 10:50:00,10:50:00,46.5,47.4,46.3,46.6,33930
2026-02-19 10:51:00,10:51:00,55.65,55.75,53.4,53.85,189215
2026-02-19 10:52:00,10:52:00,54.05,54.65,52.6,52.85,222820
2026-02-19 10:53:00,10:53:00,52.8,55.0,52.05,53.35,226590
2026-02-19 10:54:00,10:54:00,52.95,53.75,51.35,51.9,177515
2026-02-19 10:55:00,10:55:00,51.75,54.15,51.75,54.15,154180
2026-02-19 10:56:00,10:56:00,45.3,46.55,44.8,45.8,74230
2026-02-19 10:57:00,10:57:00,55.0,55.0,51.8,52.45,163540
2026-02-19 10:58:00,10:58:00,52.5,52.75,49.9,49.9,205335
2026-02-19 10:59:00,10:59:00,49.5,50.7,49.15,50.7,268515
2026-02-19 11:00:00,11:00:00,50.95,51.7,49.45,49.65,227175
2026-02-19 11:01:00,11:01:00,49.2,51.0,47.5,50.8,352625
2026-02-19 11:02:00,11:02:00,50.55,53.0,50.55,52.9,234975
2026-02-19 11:03:00,11:03:00,53.3,53.3,49.85,50.0,197015
2026-02-19 11:04:00,11:04:00,49.85,50.8,48.45,50.05,145340
2026-02-19 11:05:00,11:05:00,50.4,51.55,49.4,51.35,108485
2026-02-19 11:06:00,11:06:00,51.6,52.2,49.45,49.5,153140
2026-02-19 11:07:00,11:07:00,49.05,49.5,46.85,47.15,253695
2026-02-19 11:08:00,11:08:00,47.05,49.05,46.65,49.05,128635
2026-02-19 11:09:00,11:09:00,49.25,51.15,49.05,50.5,161980
2026-02-19 11:10:00,11:10:00,50.55,50.65,48.35,49.0,116415
2026-02-19 11:11:00,11:11:00,48.9,49.35,47.8,49.35,104000
2026-02-19 11:12:00,11:12:00,49.45,49.65,48.05,48.6,88270
2026-02-19 11:13:00,11:13:00,40.5,43.7,39.95,43.7,51610
2026-02-19 11:14:00,11:14:00,43.7,45.0,43.1,44.4,127400
2026-02-19 11:15:00,11:15:00,44.35,45.1,43.2,44.85,116740
2026-02-19 11:16:00,11:16:00,44.65,46.6,44.65,45.95,127790
2026-02-19 11:17:00,11:17:00,45.85,46.2,43.3,43.75,97110
2026-02-19 11:18:00,11:18:00,43.8,47.1,43.7,46.65,96850
2026-02-19 11:19:00,11:19:00,46.75,47.2,45.55,46.9,81380
2026-02-19 11:20:00,11:20:00,47.1,47.65,45.65,45.95,82485
2026-02-19 11:21:00,11:21:00,45.6,47.35,45.15,46.85,75270
2026-02-19 11:22:00,11:22:00,47.05,48.75,46.1,48.05,92235
2026-02-19 11:23:00,11:23:00,48.45,51.95,47.3,51.95,331305
2026-02-19 11:24:00,11:24:00,52.45,54.8,50.9,53.8,388960
2026-02-19 11:25:00,11:25:00,53.55,53.8,51.0,51.0,200395
2026-02-19 11:26:00,11:26:00,50.45,52.35,50.45,51.0,107965
2026-02-19 11:27:00,11:27:00,51.15,54.35,50.65,53.4,135395
2026-02-19 11:28:00,11:28:00,53.4,53.4,50.55,51.6,97045
2026-02-19 11:29:00,11:29:00,51.75,52.3,50.45,52.1,73905
2026-02-19 11:30:00,11:30:00,52.75,53.25,51.05,52.95,97435
2026-02-19 11:31:00,11:31:00,53.5,53.65,51.9,52.0,113815
2026-02-19 11:32:00,11:32:00,51.95,52.55,50.6,51.75,79690
2026-02-19 11:33:00,11:33:00,51.4,52.2,50.75,50.75,57785
2026-02-19 11:34:00,11:34:00,50.9,53.05,50.45,52.0,86580
2026-02-19 11:35:00,11:35:00,52.35,54.5,52.0,52.65,113295
2026-02-19 11:36:00,11:36:00,52.9,57.9,52.6,55.55,295100
2026-02-19 11:37:00,11:37:00,55.5,56.15,53.85,54.9,186225
2026-02-19 11:38:00,11:38:00,55.2,55.2,53.35,54.65,69615
2026-02-19 11:39:00,11:39:00,54.6,54.65,51.75,52.7,71565
2026-02-19 11:40:00,11:40:00,52.7,53.8,52.1,52.75,74360
2026-02-19 11:41:00,11:41:00,52.8,56.3,52.75,55.9,89700
2026-02-19 11:42:00,11:42:00,46.3,49.35,45.65,49.35,328445
2026-02-19 11:43:00,11:43:00,58.6,59.2,54.55,55.4,176865
2026-02-19 11:44:00,11:44:00,55.25,56.1,54.4,55.05,75790
2026-02-19 11:45:00,11:45:00,45.75,47.6,45.15,47.35,143520
2026-02-19 11:46:00,11:46:00,47.45,50.15,47.2,50.05,315965
2026-02-19 11:47:00,11:47:00,49.8,50.05,46.65,48.7,244270
2026-02-19 11:48:00,11:48:00,48.9,52.15,48.45,49.65,345800
2026-02-19 11:49:00,11:49:00,49.6,49.75,48.45,49.55,160745
2026-02-19 11:50:00,11:50:00,49.5,51.55,49.5,51.05,273975
2026-02-19 11:51:00,11:51:00,50.75,53.45,50.35,51.8,429390
2026-02-19 11:52:00,11:52:00,51.85,52.95,50.7,52.7,223925
2026-02-19 11:53:00,11:53:00,52.7,54.0,51.7,52.5,205270
2026-02-19 11:54:00,11:54:00,52.25,53.45,51.15,52.85,180570
2026-02-19 11:55:00,11:55:00,53.0,53.0,50.55,51.0,187525
2026-02-19 11:56:00,11:56:00,51.25,54.15,51.0,54.15,229775
2026-02-19 11:57:00,11:57:00,54.4,54.4,52.7,53.6,184080
2026-02-19 11:58:00,11:58:00,53.8,53.8,51.4,52.1,164580
2026-02-19 11:59:00,11:59:00,52.1,52.1,50.15,51.5,191555
2026-02-19 12:00:00,12:00:00,52.0,53.7,51.1,53.6,148590
2026-02-19 12:01:00,12:01:00,53.15,60.5,53.15,58.65,670670
2026-02-19 12:02:00,12:02:00,58.15,59.15,54.55,55.95,415870
2026-02-19 12:03:00,12:03:00,56.0,57.8,54.75,55.25,440440
2026-02-19 12:04:00,12:04:00,55.2,57.5,54.55,56.4,144885
2026-02-19 12:05:00,12:05:00,56.55,57.9,55.65,56.2,125125
2026-02-19 12:06:00,12:06:00,56.55,56.8,54.6,55.95,158925
2026-02-19 12:07:00,12:07:00,55.95,57.9,55.8,57.9,219310
2026-02-19 12:08:00,12:08:00,58.25,60.15,57.15,58.65,291070
2026-02-19 12:09:00,12:09:00,58.9,64.8,58.65,64.8,323960
2026-02-19 12:10:00,12:10:00,64.95,68.65,64.8,66.8,618865
2026-02-19 12:11:00,12:11:00,56.75,59.55,56.6,59.55,229450
2026-02-19 12:12:00,12:12:00,60.7,63.8,59.55,62.1,361010
2026-02-19 12:13:00,12:13:00,62.25,66.65,61.95,65.1,250835
2026-02-19 12:14:00,12:14:00,64.8,65.75,61.45,64.65,219180
2026-02-19 12:15:00,12:15:00,66.5,68.2,64.65,65.3,331435
2026-02-19 12:16:00,12:16:00,65.75,67.7,63.9,66.7,194805
2026-02-19 12:17:00,12:17:00,66.65,69.0,64.15,64.15,269490
2026-02-19 12:18:00,12:18:00,64.6,64.6,57.55,58.55,296400
2026-02-19 12:19:00,12:19:00,58.35,59.7,57.1,57.95,150150
2026-02-19 12:20:00,12:20:00,58.05,59.0,54.65,55.15,233675
2026-02-19 12:21:00,12:21:00,65.7,65.7,61.05,61.85,520780
2026-02-19 12:22:00,12:22:00,61.9,65.0,61.65,65.0,241605
2026-02-19 12:23:00,12:23:00,64.75,65.65,61.45,62.65,201240
2026-02-19 12:24:00,12:24:00,62.5,62.9,60.2,62.8,143975
2026-02-19 12:25:00,12:25:00,63.6,64.7,62.65,63.35,240825
2026-02-19 12:26:00,12:26:00,53.55,55.95,53.2,53.6,137345
2026-02-19 12:27:00,12:27:00,53.85,54.6,52.5,53.3,99775
2026-02-19 12:28:00,12:28:00,63.5,63.75,60.65,60.65,171665
2026-02-19 12:29:00,12:29:00,60.45,62.0,58.55,61.95,288275
2026-02-19 12:30:00,12:30:00,61.7,61.95,60.2,61.05,132990
2026-02-19 12:31:00,12:31:00,51.35,52.7,50.2,52.0,44265
2026-02-19 12:32:00,12:32:00,51.95,54.5,51.5,54.3,70070
2026-02-19 12:33:00,12:33:00,54.15,55.3,53.4,55.15,101595
2026-02-19 12:34:00,12:34:00,55.15,55.55,51.7,53.1,103545
2026-02-19 12:35:00,12:35:00,53.2,53.55,51.6,52.35,57005
2026-02-19 12:36:00,12:36:00,52.35,54.65,52.3,54.35,122265
2026-02-19 12:37:00,12:37:00,54.85,55.85,53.5,54.85,129350
2026-02-19 12:38:00,12:38:00,55.0,57.1,54.5,57.0,157690
2026-02-19 12:39:00,12:39:00,57.9,61.5,56.9,61.5,227370
2026-02-19 12:40:00,12:40:00,61.25,61.7,57.7,61.7,184015
2026-02-19 12:41:00,12:41:00,61.8,66.95,60.45,63.85,275470
2026-02-19 12:42:00,12:42:00,63.8,66.8,63.7,66.35,242775
2026-02-19 12:43:00,12:43:00,56.55,60.5,56.25,60.5,577720
2026-02-19 12:44:00,12:44:00,70.95,71.35,66.35,68.05,217100
2026-02-19 12:45:00,12:45:00,68.0,68.95,66.9,67.2,159185
2026-02-19 12:46:00,12:46:00,67.35,67.6,65.65,66.4,96200
2026-02-19 12:47:00,12:47:00,55.9,57.15,55.0,56.8,161655
2026-02-19 12:48:00,12:48:00,57.25,58.55,55.1,56.65,259480
2026-02-19 12:49:00,12:49:00,66.8,67.65,62.05,62.5,137930
2026-02-19 12:50:00,12:50:00,62.1,65.4,61.35,64.55,115570
2026-02-19 12:51:00,12:51:00,64.55,65.0,61.1,61.1,79495
2026-02-19 12:52:00,12:52:00,61.2,61.2,58.45,58.55,141375
2026-02-19 12:53:00,12:53:00,58.15,59.65,56.05,59.55,164970
2026-02-19 12:54:00,12:54:00,59.75,61.65,58.9,60.5,146575
2026-02-19 12:55:00,12:55:00,60.35,60.5,57.6,58.2,177190
2026-02-19 12:56:00,12:56:00,57.85,60.05,57.85,59.8,74165
2026-02-19 12:57:00,12:57:00,60.05,60.55,59.1,59.4,96980
2026-02-19 12:58:00,12:58:00,59.45,61.0,59.4,59.9,69290
2026-02-19 12:59:00,12:59:00,60.1,60.9,58.5,58.8,72150
2026-02-19 13:00:00,13:00:00,59.0,61.5,58.8,60.3,125970
2026-02-19 13:01:00,13:01:00,60.2,60.3,58.1,60.1,95030
2026-02-19 13:02:00,13:02:00,60.0,60.75,58.95,60.1,44850
2026-02-19 13:03:00,13:03:00,60.0,60.4,58.45,59.1,51740
2026-02-19 13:04:00,13:04:00,59.2,59.2,57.1,57.4,81770
2026-02-19 13:05:00,13:05:00,57.2,57.4,54.65,54.65,186485
2026-02-19 13:06:00,13:06:00,54.65,56.7,54.05,55.35,160485
2026-02-19 13:07:00,13:07:00,55.65,56.55,53.85,54.5,144300
2026-02-19 13:08:00,13:08:00,54.65,55.5,52.15,52.45,148850
2026-02-19 13:09:00,13:09:00,62.4,62.45,59.5,59.5,257465
2026-02-19 13:10:00,13:10:00,59.45,60.55,59.2,59.85,180115
2026-02-19 13:11:00,13:11:00,50.35,51.05,49.8,51.05,143845
2026-02-19 13:12:00,13:12:00,51.0,54.2,50.95,54.05,266370
2026-02-19 13:13:00,13:13:00,53.95,54.4,52.05,53.65,157950
2026-02-19 13:14:00,13:14:00,53.75,54.0,52.6,53.7,41730
2026-02-19 13:15:00,13:15:00,53.7,58.05,53.7,58.05,223925
2026-02-19 13:16:00,13:16:00,58.2,59.6,57.2,59.6,146770
2026-02-19 13:17:00,13:17:00,59.4,59.6,56.65,58.3,90935
2026-02-19 13:18:00,13:18:00,58.35,58.8,56.45,57.05,71955
2026-02-19 13:19:00,13:19:00,56.8,57.65,56.3,57.6,44850
2026-02-19 13:20:00,13:20:00,57.6,58.55,56.05,56.05,64675
2026-02-19 13:21:00,13:21:00,66.65,66.9,62.7,62.7,240500
2026-02-19 13:22:00,13:22:00,63.35,64.25,61.45,61.6,466960
2026-02-19 13:23:00,13:23:00,61.8,62.4,61.0,61.1,466505
2026-02-19 13:24:00,13:24:00,61.35,61.35,59.85,60.6,229905
2026-02-19 13:25:00,13:25:00,60.45,61.1,59.35,61.0,148135
2026-02-19 13:26:00,13:26:00,51.55,55.5,51.45,55.15,100100
2026-02-19 13:27:00,13:27:00,54.9,56.2,53.65,53.7,101790
2026-02-19 13:28:00,13:28:00,53.9,55.25,52.0,52.0,133380
2026-02-19 13:29:00,13:29:00,52.0,52.3,50.7,51.6,113100
2026-02-19 13:30:00,13:30:00,51.35,56.2,51.35,56.2,122980
2026-02-19 13:31:00,13:31:00,56.1,58.9,56.05,57.8,183625
2026-02-19 13:32:00,13:32:00,57.75,59.45,57.75,59.45,159120
2026-02-19 13:33:00,13:33:00,59.5,61.75,59.45,60.9,207610
2026-02-19 13:34:00,13:34:00,61.3,62.4,56.85,58.0,170495
2026-02-19 13:35:00,13:35:00,57.7,61.2,57.7,59.25,177125
2026-02-19 13:36:00,13:36:00,58.95,60.15,57.95,58.2,75725
2026-02-19 13:37:00,13:37:00,58.05,58.2,53.75,53.9,146770
2026-02-19 13:38:00,13:38:00,53.8,55.45,53.3,54.85,108875
2026-02-19 13:39:00,13:39:00,55.05,56.35,54.1,54.9,91715
2026-02-19 13:40:00,13:40:00,55.5,55.6,52.15,52.25,128895
2026-02-19 13:41:00,13:41:00,52.05,53.4,51.7,53.25,112970
2026-02-19 13:42:00,13:42:00,53.25,55.8,52.9,55.8,104715
2026-02-19 13:43:00,13:43:00,55.75,56.4,52.8,53.1,157950
2026-02-19 13:44:00,13:44:00,53.0,53.1,51.0,52.8,96265
2026-02-19 13:45:00,13:45:00,53.1,53.1,50.6,52.15,95095
2026-02-19 13:46:00,13:46:00,52.15,53.9,51.8,52.45,107640
2026-02-19 13:47:00,13:47:00,52.5,53.8,51.2,53.55,60970
2026-02-19 13:48:00,13:48:00,53.4,55.75,53.0,53.2,558740
2026-02-19 13:49:00,13:49:00,53.95,55.75,53.2,55.05,148785
2026-02-19 13:50:00,13:50:00,55.25,56.9,54.25,56.0,163995
2026-02-19 13:51:00,13:51:00,56.0,57.3,55.05,56.7,84110
2026-02-19 13:52:00,13:52:00,47.55,52.55,47.3,51.05,216970
2026-02-19 13:53:00,13:53:00,51.55,53.1,50.7,51.1,361725
2026-02-19 13:54:00,13:54:00,59.75,60.0,56.7,59.25,198835
2026-02-19 13:55:00,13:55:00,59.0,60.5,58.4,60.15,70590
2026-02-19 13:56:00,13:56:00,50.35,52.0,49.7,52.0,115960
2026-02-19 13:57:00,13:57:00,52.05,52.8,51.15,51.95,197665
2026-02-19 13:58:00,13:58:00,52.35,53.55,51.55,52.95,167700
2026-02-19 13:59:00,13:59:00,53.05,53.8,51.75,53.2,194090
2026-02-19 14:00:00,14:00:00,52.8,53.2,50.75,51.6,215475
2026-02-19 14:01:00,14:01:00,51.5,54.7,50.95,53.3,210080
2026-02-19 14:02:00,14:02:00,53.25,55.4,52.25,53.6,318565
2026-02-19 14:03:00,14:03:00,53.0,54.85,51.9,54.15,156650
2026-02-19 14:04:00,14:04:00,54.1,55.2,53.5,53.95,176865
2026-02-19 14:05:00,14:05:00,54.25,56.7,53.95,56.4,308490
2026-02-19 14:06:00,14:06:00,56.9,58.4,53.35,54.3,363350
2026-02-19 14:07:00,14:07:00,53.75,54.3,51.15,52.6,267150
2026-02-19 14:08:00,14:08:00,53.1,53.65,52.0,52.6,118755
2026-02-19 14:09:00,14:09:00,52.55,53.4,50.45,50.85,134225
2026-02-19 14:10:00,14:10:00,50.25,51.55,48.2,51.55,308295
2026-02-19 14:11:00,14:11:00,51.05,51.55,49.95,50.4,173030
2026-02-19 14:12:00,14:12:00,50.4,52.25,49.4,51.5,145470
2026-02-19 14:13:00,14:13:00,51.45,51.5,48.0,48.35,136045
2026-02-19 14:14:00,14:14:00,48.2,48.35,46.15,47.9,181675
2026-02-19 14:15:00,14:15:00,57.0,57.7,55.5,55.7,75400
2026-02-19 14:16:00,14:16:00,55.7,55.7,52.65,52.75,266370
2026-02-19 14:17:00,14:17:00,53.25,54.65,52.6,53.4,129285
2026-02-19 14:18:00,14:18:00,53.15,54.45,52.75,54.35,87165
2026-02-19 14:19:00,14:19:00,55.0,55.75,52.25,53.6,91130
2026-02-19 14:20:00,14:20:00,53.65,54.55,51.35,51.95,107900
2026-02-19 14:21:00,14:21:00,51.85,55.75,51.05,55.75,150215
2026-02-19 14:22:00,14:22:00,56.25,56.7,54.4,56.7,202280
2026-02-19 14:23:00,14:23:00,56.7,58.35,56.5,56.5,214825
2026-02-19 14:24:00,14:24:00,56.2,56.8,54.6,56.05,93665
2026-02-19 14:25:00,14:25:00,47.2,48.8,46.75,48.55,134680
2026-02-19 14:26:00,14:26:00,48.75,50.05,48.0,49.8,151450
2026-02-19 14:27:00,14:27:00,50.2,53.15,49.8,52.6,303355
2026-02-19 14:28:00,14:28:00,52.85,52.85,50.6,52.05,178295
2026-02-19 14:29:00,14:29:00,52.3,55.8,52.05,54.9,303615
2026-02-19 14:30:00,14:30:00,54.7,54.9,50.3,50.3,229125
2026-02-19 14:31:00,14:31:00,50.15,51.4,49.85,49.95,202540
2026-02-19 14:32:00,14:32:00,49.8,51.05,49.3,49.3,156000
2026-02-19 14:33:00,14:33:00,49.3,51.5,48.85,51.05,105950
2026-02-19 14:34:00,14:34:00,50.95,51.95,50.4,51.45,85410
2026-02-19 14:35:00,14:35:00,51.4,51.6,49.3,49.9,104390
2026-02-19 14:36:00,14:36:00,50.05,50.85,49.0,49.95,88400
2026-02-19 14:37:00,14:37:00,50.05,51.0,48.8,50.6,83395
2026-02-19 14:38:00,14:38:00,50.95,51.1,50.1,51.1,216515
2026-02-19 14:39:00,14:39:00,51.4,51.5,49.1,50.75,132210
2026-02-19 14:40:00,14:40:00,50.65,50.95,49.6,50.65,91780
2026-02-19 14:41:00,14:41:00,49.9,54.05,49.9,54.05,195000
2026-02-19 14:42:00,14:42:00,54.25,55.95,52.65,55.65,303875
2026-02-19 14:43:00,14:43:00,56.7,60.15,55.65,59.15,511485
2026-02-19 14:44:00,14:44:00,49.65,52.1,48.9,52.1,277875
2026-02-19 14:45:00,14:45:00,51.7,54.3,50.5,51.55,492960
2026-02-19 14:46:00,14:46:00,51.15,54.05,49.55,52.9,196885
2026-02-19 14:47:00,14:47:00,53.45,56.45,52.5,55.85,313170
2026-02-19 14:48:00,14:48:00,56.4,60.6,54.35,58.0,409630
2026-02-19 14:49:00,14:49:00,58.3,59.7,52.8,53.25,249925
2026-02-19 14:50:00,14:50:00,53.95,54.2,51.8,54.15,190905
2026-02-19 14:51:00,14:51:00,54.1,54.45,51.7,52.35,99840
2026-02-19 14:52:00,14:52:00,51.95,53.0,50.2,50.9,216450
2026-02-19 14:53:00,14:53:00,51.05,53.4,50.6,53.3,118820
2026-02-19 14:54:00,14:54:00,53.3,53.35,51.0,51.2,90675
2026-02-19 14:55:00,14:55:00,51.5,54.0,51.0,52.3,95615
2026-02-19 14:56:00,14:56:00,52.55,52.6,50.6,50.7,143845
2026-02-19 14:57:00,14:57:00,60.65,61.9,55.25,55.9,397670
2026-02-19 14:58:00,14:58:00,55.65,59.55,55.65,58.4,276965
2026-02-19 14:59:00,14:59:00,48.65,50.5,47.8,50.5,98800
2026-02-19 15:00:00,15:00:00,51.2,54.1,50.3,52.9,228735
2026-02-19 15:01:00,15:01:00,44.6,50.1,44.6,49.95,855660
2026-02-19 15:02:00,15:02:00,60.05,63.05,57.65,57.65,449085
2026-02-19 15:03:00,15:03:00,57.2,57.65,54.45,56.9,268840
2026-02-19 15:04:00,15:04:00,56.95,58.3,56.25,57.0,175760
2026-02-19 15:05:00,15:05:00,57.25,59.5,56.45,59.35,136760
2026-02-19 15:06:00,15:06:00,49.7,52.6,49.65,52.6,774800
2026-02-19 15:07:00,15:07:00,52.15,57.35,52.15,57.35,790790
2026-02-19 15:08:00,15:08:00,57.85,60.6,55.45,56.35,980005
2026-02-19 15:09:00,15:09:00,68.1,69.0,61.55,62.05,333645
2026-02-19 15:10:00,15:10:00,61.9,63.2,60.05,60.4,326950
2026-02-19 15:11:00,15:11:00,60.25,63.25,60.25,63.1,208780
2026-02-19 15:12:00,15:12:00,62.85,63.9,61.25,63.9,188500
2026-02-19 15:13:00,15:13:00,53.65,55.95,53.6,55.45,342290
2026-02-19 15:14:00,15:14:00,55.4,58.8,55.0,57.8,475475
2026-02-19 15:15:00,15:15:00,57.8,59.0,57.1,57.4,517205
2026-02-19 15:16:00,15:16:00,57.6,62.3,57.3,60.9,659555
2026-02-19 15:17:00,15:17:00,61.15,64.3,60.9,63.7,752570
2026-02-19 15:18:00,15:18:00,53.75,55.65,52.7,55.55,273195
2026-02-19 15:19:00,15:19:00,55.7,62.45,55.55,60.9,310505
2026-02-19 15:20:00,15:20:00,60.2,63.55,57.25,63.45,432250
2026-02-19 15:21:00,15:21:00,63.55,66.75,58.95,59.0,372450
2026-02-19 15:22:00,15:22:00,57.7,63.95,55.4,63.8,289965
2026-02-19 15:23:00,15:23:00,63.65,64.9,62.8,64.5,329420
2026-02-19 15:24:00,15:24:00,64.5,64.5,60.55,62.25,256555
2026-02-19 15:25:00,15:25:00,61.7,62.25,60.15,60.5,199550
2026-02-19 15:26:00,15:26:00,60.55,63.5,60.05,62.5,226720
2026-02-19 15:27:00,15:27:00,62.45,62.65,61.05,62.3,137800
2026-02-19 15:28:00,15:28:00,62.75,62.9,61.75,62.25,204295
2026-02-19 15:29:00,15:29:00,62.3,63.9,62.25,63.9,189410
2026-02-20 09:15:00,09:15:00,181.9,219.6,161.95,161.95,369395
2026-02-20 09:16:00,09:16:00,162.2,169.1,155.4,165.15,655005
2026-02-20 09:17:00,09:17:00,161.35,183.35,161.35,183.35,442195
2026-02-20 09:18:00,09:18:00,182.4,196.15,173.6,184.1,474240
2026-02-20 09:19:00,09:19:00,182.35,188.35,167.65,168.45,416195
2026-02-20 09:20:00,09:20:00,169.1,175.2,163.3,165.85,333580
2026-02-20 09:21:00,09:21:00,166.85,167.1,156.5,163.9,263575
2026-02-20 09:22:00,09:22:00,163.45,165.85,160.0,161.0,208390
2026-02-20 09:23:00,09:23:00,160.05,174.65,159.45,174.65,261235
2026-02-20 09:24:00,09:24:00,173.55,187.3,173.25,187.3,638885
2026-02-20 09:25:00,09:25:00,158.4,168.2,156.15,166.2,2788045
2026-02-20 09:26:00,09:26:00,165.3,166.2,155.85,161.9,1370525
2026-02-20 09:27:00,09:27:00,160.7,164.9,154.2,157.4,1166360
2026-02-20 09:28:00,09:28:00,158.15,171.45,157.4,170.25,1419080
2026-02-20 09:29:00,09:29:00,170.85,192.35,167.4,191.65,3450460
2026-02-20 09:30:00,09:30:00,188.1,191.65,159.9,159.9,2349815
2026-02-20 09:31:00,09:31:00,159.95,176.4,159.9,175.8,1566370
2026-02-20 09:32:00,09:32:00,206.3,209.15,184.4,185.15,287235
2026-02-20 09:33:00,09:33:00,184.4,185.15,167.25,168.9,363480
2026-02-20 09:34:00,09:34:00,169.4,171.85,160.0,163.0,229190
2026-02-20 09:35:00,09:35:00,161.15,163.9,155.0,163.1,247195
2026-02-20 09:36:00,09:36:00,195.4,195.4,185.65,190.9,242970
2026-02-20 09:37:00,09:37:00,160.5,168.2,157.65,160.95,263900
2026-02-20 09:38:00,09:38:00,161.2,173.55,160.55,169.35,352755
2026-02-20 09:39:00,09:39:00,169.9,169.95,162.75,163.8,195845
2026-02-20 09:40:00,09:40:00,164.3,180.0,163.8,172.4,311415
2026-02-20 09:41:00,09:41:00,169.9,176.55,169.6,175.4,233545
2026-02-20 09:42:00,09:42:00,174.5,178.2,158.05,163.0,306800
2026-02-20 09:43:00,09:43:00,192.1,193.7,182.3,185.1,279695
2026-02-20 09:44:00,09:44:00,185.95,190.8,180.5,185.65,236535
2026-02-20 09:45:00,09:45:00,184.95,189.3,180.0,183.25,242775
2026-02-20 09:46:00,09:46:00,185.1,186.7,180.75,185.5,171080
2026-02-20 09:47:00,09:47:00,184.95,185.5,176.2,179.3,302250
2026-02-20 09:48:00,09:48:00,180.4,181.3,165.0,169.0,602615
2026-02-20 09:49:00,09:49:00,168.15,176.7,167.5,170.3,452205
2026-02-20 09:50:00,09:50:00,171.15,171.15,162.9,166.2,332995
2026-02-20 09:51:00,09:51:00,165.5,168.85,161.05,163.5,371735
2026-02-20 09:52:00,09:52:00,162.7,174.35,162.55,173.6,556855
2026-02-20 09:53:00,09:53:00,173.7,175.15,169.6,174.2,415025
2026-02-20 09:54:00,09:54:00,175.2,178.65,169.0,169.0,355030
2026-02-20 09:55:00,09:55:00,169.25,173.65,167.3,168.85,261040
2026-02-20 09:56:00,09:56:00,167.65,168.85,156.2,160.5,565240
2026-02-20 09:57:00,09:57:00,161.45,165.85,158.7,159.2,432445
2026-02-20 09:58:00,09:58:00,159.8,168.95,159.2,164.8,276315
2026-02-20 09:59:00,09:59:00,162.9,166.55,158.4,160.25,241605
2026-02-20 10:00:00,10:00:00,160.4,170.15,160.0,168.45,324740
2026-02-20 10:01:00,10:01:00,168.45,169.4,162.0,169.1,247065
2026-02-20 10:02:00,10:02:00,169.15,171.75,167.15,167.35,263380
2026-02-20 10:03:00,10:03:00,167.8,176.4,164.75,175.65,387010
2026-02-20 10:04:00,10:04:00,176.8,176.8,170.65,173.8,293215
2026-02-20 10:05:00,10:05:00,173.05,174.75,167.65,174.75,254995
2026-02-20 10:06:00,10:06:00,174.1,174.75,165.35,171.1,265980
2026-02-20 10:07:00,10:07:00,171.0,176.55,171.0,175.0,330135
2026-02-20 10:08:00,10:08:00,173.5,193.95,172.95,193.0,898365
2026-02-20 10:09:00,10:09:00,194.9,202.1,193.0,193.2,791830
2026-02-20 10:10:00,10:10:00,193.5,196.65,186.15,188.8,461045
2026-02-20 10:11:00,10:11:00,188.55,190.45,178.4,178.4,502450
2026-02-20 10:12:00,10:12:00,182.05,185.2,174.6,181.7,302575
2026-02-20 10:13:00,10:13:00,182.45,193.0,178.65,193.0,290030
2026-02-20 10:14:00,10:14:00,193.2,199.9,190.2,195.0,416325
2026-02-20 10:15:00,10:15:00,195.7,195.7,182.4,182.85,247585
2026-02-20 10:16:00,10:16:00,183.0,183.0,168.3,170.0,557960
2026-02-20 10:17:00,10:17:00,170.05,170.6,164.05,164.2,418535
2026-02-20 10:18:00,10:18:00,193.4,194.65,180.2,182.5,359385
2026-02-20 10:19:00,10:19:00,182.35,184.3,177.3,181.9,228540
2026-02-20 10:20:00,10:20:00,181.65,186.5,180.3,182.65,116025
2026-02-20 10:21:00,10:21:00,181.95,185.45,180.45,182.8,102765
2026-02-20 10:22:00,10:22:00,183.5,183.5,172.65,178.15,206180
2026-02-20 10:23:00,10:23:00,177.3,184.25,177.15,182.15,175760
2026-02-20 10:24:00,10:24:00,182.4,184.0,178.75,180.9,88595
2026-02-20 10:25:00,10:25:00,179.85,180.9,174.35,176.75,64090
2026-02-20 10:26:00,10:26:00,176.75,178.8,166.2,169.75,140790
2026-02-20 10:27:00,10:27:00,170.2,173.85,167.65,173.85,135590
2026-02-20 10:28:00,10:28:00,174.5,179.1,172.45,178.7,157040
2026-02-20 10:29:00,10:29:00,178.85,181.8,176.85,178.55,130910
2026-02-20 10:30:00,10:30:00,177.3,178.55,165.25,170.15,212225
2026-02-20 10:31:00,10:31:00,169.7,171.8,167.3,170.0,86190
2026-02-20 10:32:00,10:32:00,169.65,170.05,165.0,167.6,108095
2026-02-20 10:33:00,10:33:00,196.85,200.55,194.75,195.0,169000
2026-02-20 10:34:00,10:34:00,165.45,169.2,165.45,166.55,106405
2026-02-20 10:35:00,10:35:00,166.55,168.8,164.35,167.85,105690
2026-02-20 10:36:00,10:36:00,168.15,169.1,165.35,166.95,67015
2026-02-20 10:37:00,10:37:00,167.2,170.3,165.4,169.0,88660
2026-02-20 10:38:00,10:38:00,169.2,171.05,168.15,169.3,95095
2026-02-20 10:39:00,10:39:00,198.85,198.85,191.1,192.0,123695
2026-02-20 10:40:00,10:40:00,192.25,193.4,179.45,180.2,519285
2026-02-20 10:41:00,10:41:00,180.4,182.35,175.3,180.9,350285
2026-02-20 10:42:00,10:42:00,180.5,186.4,180.5,181.55,504920
2026-02-20 10:43:00,10:43:00,181.55,184.2,179.7,180.15,138255
2026-02-20 10:44:00,10:44:00,179.85,182.35,177.9,181.2,194870
2026-02-20 10:45:00,10:45:00,179.8,181.2,176.5,179.4,152685
2026-02-20 10:46:00,10:46:00,179.55,185.6,179.4,180.3,296725
2026-02-20 10:47:00,10:47:00,180.8,190.0,180.0,190.0,309595
2026-02-20 10:48:00,10:48:00,190.65,191.35,182.4,185.65,378235
2026-02-20 10:49:00,10:49:00,185.9,190.5,183.75,188.2,160680
2026-02-20 10:50:00,10:50:00,186.95,193.9,185.6,193.6,252330
2026-02-20 10:51:00,10:51:00,193.2,193.6,186.3,188.65,209300
2026-02-20 10:52:00,10:52:00,188.75,189.4,181.8,185.75,164580
2026-02-20 10:53:00,10:53:00,186.6,188.65,181.0,187.2,120835
2026-02-20 10:54:00,10:54:00,187.6,187.6,181.3,184.75,97825
2026-02-20 10:55:00,10:55:00,184.75,185.65,180.3,183.45,129220
2026-02-20 10:56:00,10:56:00,183.15,185.35,180.9,183.9,129870
2026-02-20 10:57:00,10:57:00,182.4,185.2,180.2,183.55,107900
2026-02-20 10:58:00,10:58:00,184.5,194.1,183.55,194.1,206635
2026-02-20 10:59:00,10:59:00,194.6,194.6,184.1,188.6,207090
2026-02-20 11:00:00,11:00:00,187.05,188.6,181.5,181.65,108225
2026-02-20 11:01:00,11:01:00,182.4,191.7,181.65,187.65,134485
2026-02-20 11:02:00,11:02:00,159.75,166.3,159.0,164.9,236860
2026-02-20 11:03:00,11:03:00,164.45,165.15,160.0,164.1,158860
2026-02-20 11:04:00,11:04:00,191.95,192.8,186.2,188.05,125645
2026-02-20 11:05:00,11:05:00,188.0,188.05,182.3,186.2,122330
2026-02-20 11:06:00,11:06:00,186.3,191.35,182.75,190.9,120835
2026-02-20 11:07:00,11:07:00,162.7,164.0,158.6,163.8,109980
2026-02-20 11:08:00,11:08:00,164.0,168.5,161.15,162.35,274235
2026-02-20 11:09:00,11:09:00,162.7,167.75,162.35,164.75,155675
2026-02-20 11:10:00,11:10:00,164.95,167.6,163.5,166.6,141895
2026-02-20 11:11:00,11:11:00,166.95,169.9,162.05,164.1,243555
2026-02-20 11:12:00,11:12:00,193.85,193.9,185.4,186.05,161005
2026-02-20 11:13:00,11:13:00,157.75,167.1,155.45,167.05,210210
2026-02-20 11:14:00,11:14:00,166.85,171.1,166.8,168.9,261625
2026-02-20 11:15:00,11:15:00,196.9,198.65,185.1,189.6,221780
2026-02-20 11:16:00,11:16:00,189.2,192.9,187.65,189.0,111280
2026-02-20 11:17:00,11:17:00,161.15,168.0,160.85,161.1,144365
2026-02-20 11:18:00,11:18:00,189.25,191.3,186.3,186.85,84565
2026-02-20 11:19:00,11:19:00,186.3,190.9,182.6,186.4,195195
2026-02-20 11:20:00,11:20:00,186.2,189.55,184.0,189.25,66170
2026-02-20 11:21:00,11:21:00,160.1,164.4,156.8,164.4,91130
2026-02-20 11:22:00,11:22:00,163.1,169.65,163.1,168.3,237575
2026-02-20 11:23:00,11:23:00,167.3,172.45,165.05,170.9,157430
2026-02-20 11:24:00,11:24:00,170.35,171.0,165.45,168.0,178945
2026-02-20 11:25:00,11:25:00,167.4,172.45,164.5,166.5,138060
2026-02-20 11:26:00,11:26:00,194.9,198.35,189.0,190.0,138255
2026-02-20 11:27:00,11:27:00,188.75,190.0,184.0,186.3,155415
2026-02-20 11:28:00,11:28:00,186.7,187.05,176.8,179.25,278330
2026-02-20 11:29:00,11:29:00,179.75,187.6,176.9,186.3,248885
2026-02-20 11:30:00,11:30:00,187.05,187.15,176.9,177.85,178880
2026-02-20 11:31:00,11:31:00,177.95,179.65,173.6,175.95,213330
2026-02-20 11:32:00,11:32:00,175.2,188.3,175.2,187.7,236340
2026-02-20 11:33:00,11:33:00,187.5,191.2,181.7,185.0,197470
2026-02-20 11:34:00,11:34:00,184.05,186.9,180.35,180.55,75660
2026-02-20 11:35:00,11:35:00,179.8,183.4,179.0,183.2,84760
2026-02-20 11:36:00,11:36:00,183.4,186.35,177.8,180.65,134810
2026-02-20 11:37:00,11:37:00,180.1,181.0,175.0,175.4,98345
2026-02-20 11:38:00,11:38:00,175.35,178.7,171.3,176.8,189150
2026-02-20 11:39:00,11:39:00,175.95,177.25,172.2,174.65,163280
2026-02-20 11:40:00,11:40:00,175.0,177.0,172.2,176.5,102245
2026-02-20 11:41:00,11:41:00,177.2,177.2,170.05,173.0,239200
2026-02-20 11:42:00,11:42:00,172.8,177.25,170.0,174.25,132535
2026-02-20 11:43:00,11:43:00,173.8,175.9,172.45,173.5,84110
2026-02-20 11:44:00,11:44:00,173.5,175.35,172.0,174.0,68185
2026-02-20 11:45:00,11:45:00,173.0,174.0,168.6,170.2,206180
2026-02-20 11:46:00,11:46:00,169.95,170.75,159.75,162.0,346840
2026-02-20 11:47:00,11:47:00,162.5,169.75,162.0,169.75,280540
2026-02-20 11:48:00,11:48:00,169.35,181.1,168.5,180.8,491790
2026-02-20 11:49:00,11:49:00,180.35,183.75,176.9,177.95,381680
2026-02-20 11:50:00,11:50:00,177.05,182.3,176.9,176.9,200655
2026-02-20 11:51:00,11:51:00,176.75,178.75,175.2,177.3,135980
2026-02-20 11:52:00,11:52:00,175.6,178.0,171.75,174.5,168545
2026-02-20 11:53:00,11:53:00,174.2,178.1,172.7,176.7,67210
2026-02-20 11:54:00,11:54:00,176.85,187.85,176.7,184.5,344695
2026-02-20 11:55:00,11:55:00,184.75,187.6,180.5,180.75,220025
2026-02-20 11:56:00,11:56:00,180.15,181.5,177.4,177.85,208455
2026-02-20 11:57:00,11:57:00,177.85,178.4,166.8,167.25,285415
2026-02-20 11:58:00,11:58:00,167.75,172.2,164.45,168.4,265915
2026-02-20 11:59:00,11:59:00,168.85,174.2,167.5,174.2,135395
2026-02-20 12:00:00,12:00:00,173.75,174.95,169.8,174.65,107315
2026-02-20 12:01:00,12:01:00,175.0,182.5,172.95,180.45,236665
2026-02-20 12:02:00,12:02:00,181.9,186.35,180.45,181.25,244725
2026-02-20 12:03:00,12:03:00,182.35,185.0,178.75,184.0,164060
2026-02-20 12:04:00,12:04:00,182.8,184.75,180.3,180.85,169260
2026-02-20 12:05:00,12:05:00,180.65,184.8,179.0,182.15,125515
2026-02-20 12:06:00,12:06:00,183.35,185.5,179.15,180.4,123305
2026-02-20 12:07:00,12:07:00,179.4,184.7,178.35,179.0,108940
2026-02-20 12:08:00,12:08:00,178.15,180.65,176.1,180.3,90935
2026-02-20 12:09:00,12:09:00,180.0,184.5,177.45,177.45,148460
2026-02-20 12:10:00,12:10:00,176.35,179.0,175.45,176.0,103415
2026-02-20 12:11:00,12:11:00,177.95,178.45,174.15,175.4,106405
2026-02-20 12:12:00,12:12:00,175.65,179.55,175.25,176.4,59865
2026-02-20 12:13:00,12:13:00,176.35,179.7,173.4,173.5,89960
2026-02-20 12:14:00,12:14:00,173.85,174.45,169.4,171.2,149305
2026-02-20 12:15:00,12:15:00,170.65,171.2,164.35,166.5,229060
2026-02-20 12:16:00,12:16:00,167.05,167.4,159.8,163.7,341185
2026-02-20 12:17:00,12:17:00,191.25,192.3,180.35,187.6,161655
2026-02-20 12:18:00,12:18:00,188.05,188.05,175.1,176.65,127140
2026-02-20 12:19:00,12:19:00,177.3,180.3,176.0,177.55,105950
2026-02-20 12:20:00,12:20:00,176.6,177.55,170.75,175.0,136500
2026-02-20 12:21:00,12:21:00,174.55,177.9,172.15,173.4,109590
2026-02-20 12:22:00,12:22:00,172.75,175.0,167.15,168.8,121550
2026-02-20 12:23:00,12:23:00,168.8,169.35,165.65,165.9,102245
2026-02-20 12:24:00,12:24:00,166.25,169.5,165.5,168.9,98605
2026-02-20 12:25:00,12:25:00,168.5,171.0,166.9,170.7,68445
2026-02-20 12:26:00,12:26:00,169.35,170.7,160.0,160.0,196170
2026-02-20 12:27:00,12:27:00,160.35,166.95,160.0,164.95,171210
2026-02-20 12:28:00,12:28:00,164.65,164.95,160.35,164.8,77935
2026-02-20 12:29:00,12:29:00,165.0,165.6,162.2,163.55,65195
2026-02-20 12:30:00,12:30:00,163.0,166.05,161.4,163.95,84760
2026-02-20 12:31:00,12:31:00,164.9,165.8,161.3,162.4,46735
2026-02-20 12:32:00,12:32:00,162.45,165.6,162.4,165.6,70655
2026-02-20 12:33:00,12:33:00,165.05,169.8,163.75,168.8,135460
2026-02-20 12:34:00,12:34:00,168.8,170.15,166.5,168.15,73580
2026-02-20 12:35:00,12:35:00,167.9,168.3,164.75,167.6,70590
2026-02-20 12:36:00,12:36:00,168.0,169.3,165.55,168.4,46670
2026-02-20 12:37:00,12:37:00,167.7,172.15,166.75,170.85,99190
2026-02-20 12:38:00,12:38:00,170.3,171.7,168.2,171.6,60775
2026-02-20 12:39:00,12:39:00,171.5,173.0,170.45,170.8,88920
2026-02-20 12:40:00,12:40:00,171.2,172.6,169.2,172.15,82550
2026-02-20 12:41:00,12:41:00,171.6,174.0,169.5,174.0,59735
2026-02-20 12:42:00,12:42:00,145.35,149.4,144.0,148.1,571935
2026-02-20 12:43:00,12:43:00,148.05,162.45,147.85,160.15,1175265
2026-02-20 12:44:00,12:44:00,160.5,165.0,157.75,164.45,830960
2026-02-20 12:45:00,12:45:00,165.05,167.3,162.4,164.55,640055
2026-02-20 12:46:00,12:46:00,164.6,175.2,164.0,171.65,942305
2026-02-20 12:47:00,12:47:00,170.75,173.35,167.1,167.1,477360
2026-02-20 12:48:00,12:48:00,166.45,168.8,155.35,157.0,678795
2026-02-20 12:49:00,12:49:00,156.6,165.5,153.1,165.5,558480
2026-02-20 12:50:00,12:50:00,163.6,169.2,162.5,167.5,433810
2026-02-20 12:51:00,12:51:00,167.45,168.45,160.9,163.0,253760
2026-02-20 12:52:00,12:52:00,162.65,166.45,162.65,163.65,143260
2026-02-20 12:53:00,12:53:00,163.7,172.95,163.65,169.7,452270
2026-02-20 12:54:00,12:54:00,168.0,169.7,160.25,160.25,278525
2026-02-20 12:55:00,12:55:00,162.4,167.0,160.25,166.25,225615
2026-02-20 12:56:00,12:56:00,166.35,177.3,166.15,173.55,642460
2026-02-20 12:57:00,12:57:00,175.0,182.0,173.55,180.65,616005
2026-02-20 12:58:00,12:58:00,180.95,186.3,176.45,177.45,731510
2026-02-20 12:59:00,12:59:00,176.5,179.5,173.45,174.25,286000
2026-02-20 13:00:00,13:00:00,174.1,174.25,167.1,171.4,462215
2026-02-20 13:01:00,13:01:00,169.0,173.25,168.1,172.45,268060
2026-02-20 13:02:00,13:02:00,171.3,183.4,171.3,183.4,463710
2026-02-20 13:03:00,13:03:00,183.7,186.1,180.1,185.7,537420
2026-02-20 13:04:00,13:04:00,185.9,185.95,176.65,183.25,342875
2026-02-20 13:05:00,13:05:00,182.2,185.35,181.2,184.55,289965
2026-02-20 13:06:00,13:06:00,183.85,187.55,182.55,186.65,333775
2026-02-20 13:07:00,13:07:00,157.65,162.7,156.7,161.3,701870
2026-02-20 13:08:00,13:08:00,161.45,168.65,160.0,161.95,821275
2026-02-20 13:09:00,13:09:00,163.05,171.0,161.45,169.8,577460
2026-02-20 13:10:00,13:10:00,168.6,180.9,165.5,178.8,1005030
2026-02-20 13:11:00,13:11:00,178.95,193.8,176.65,189.1,1219725
2026-02-20 13:12:00,13:12:00,186.8,192.8,184.25,188.35,617240
2026-02-20 13:13:00,13:13:00,187.55,188.35,174.6,175.0,618020
2026-02-20 13:14:00,13:14:00,173.55,178.65,170.3,178.2,374790
2026-02-20 13:15:00,13:15:00,180.2,189.75,178.2,189.75,518700
2026-02-20 13:16:00,13:16:00,189.6,191.3,178.2,178.2,381225
2026-02-20 13:17:00,13:17:00,178.45,182.5,171.2,179.6,358800
2026-02-20 13:18:00,13:18:00,179.55,186.0,177.45,184.45,241670
2026-02-20 13:19:00,13:19:00,183.2,186.6,179.55,180.05,195390
2026-02-20 13:20:00,13:20:00,180.85,184.0,176.5,184.0,205985
2026-02-20 13:21:00,13:21:00,183.1,191.5,182.45,188.25,406900
2026-02-20 13:22:00,13:22:00,187.6,188.4,178.7,179.3,271635
2026-02-20 13:23:00,13:23:00,179.25,186.2,179.25,183.7,126035
2026-02-20 13:24:00,13:24:00,183.35,183.7,174.6,177.3,219180
2026-02-20 13:25:00,13:25:00,178.2,183.85,176.65,176.65,172835
2026-02-20 13:26:00,13:26:00,177.0,178.2,170.1,178.0,268515
2026-02-20 13:27:00,13:27:00,177.2,179.6,170.6,175.7,166010
2026-02-20 13:28:00,13:28:00,175.4,175.7,164.25,168.7,407810
2026-02-20 13:29:00,13:29:00,168.3,171.4,163.9,169.75,210990
2026-02-20 13:30:00,13:30:00,199.8,200.85,187.4,197.15,398905
2026-02-20 13:31:00,13:31:00,196.1,197.15,189.1,192.9,242580
2026-02-20 13:32:00,13:32:00,193.2,194.9,188.65,191.1,177840
2026-02-20 13:33:00,13:33:00,192.0,197.75,191.1,193.15,179530
2026-02-20 13:34:00,13:34:00,194.9,196.1,186.0,186.0,209105
2026-02-20 13:35:00,13:35:00,184.75,187.55,172.95,179.4,866190
2026-02-20 13:36:00,13:36:00,181.85,192.8,179.4,192.65,453050
2026-02-20 13:37:00,13:37:00,193.65,197.6,190.8,191.0,430365
2026-02-20 13:38:00,13:38:00,191.7,195.75,187.75,193.35,210600
2026-02-20 13:39:00,13:39:00,163.3,167.4,158.75,161.95,442650
2026-02-20 13:40:00,13:40:00,161.25,166.2,161.25,165.75,173030
2026-02-20 13:41:00,13:41:00,165.5,167.35,162.4,165.85,173030
2026-02-20 13:42:00,13:42:00,165.55,176.95,164.75,169.2,555815
2026-02-20 13:43:00,13:43:00,198.6,199.4,186.95,189.6,368290
2026-02-20 13:44:00,13:44:00,160.25,163.25,157.0,162.7,189930
2026-02-20 13:45:00,13:45:00,192.0,192.6,181.3,191.9,456300
2026-02-20 13:46:00,13:46:00,192.05,196.2,190.1,192.15,207285
2026-02-20 13:47:00,13:47:00,162.35,166.95,161.9,166.1,145405
2026-02-20 13:48:00,13:48:00,195.4,198.8,189.5,190.75,196755
2026-02-20 13:49:00,13:49:00,190.55,192.35,186.35,189.3,182520
2026-02-20 13:50:00,13:50:00,188.85,189.6,185.8,187.2,89570
2026-02-20 13:51:00,13:51:00,186.25,191.55,185.0,190.55,110760
2026-02-20 13:52:00,13:52:00,161.2,164.5,158.7,162.5,118625
2026-02-20 13:53:00,13:53:00,163.2,164.5,160.2,161.35,85735
2026-02-20 13:54:00,13:54:00,161.05,169.2,160.1,168.8,154765
2026-02-20 13:55:00,13:55:00,169.7,171.2,161.65,162.3,276380
2026-02-20 13:56:00,13:56:00,192.25,196.0,186.9,187.7,162435
2026-02-20 13:57:00,13:57:00,187.85,191.0,180.65,181.0,302640
2026-02-20 13:58:00,13:58:00,181.2,181.35,169.55,176.0,549510
2026-02-20 13:59:00,13:59:00,175.5,176.75,170.55,170.75,269360
2026-02-20 14:00:00,14:00:00,171.65,175.3,168.8,171.2,246220
2026-02-20 14:01:00,14:01:00,170.9,171.2,162.0,168.15,354120
2026-02-20 14:02:00,14:02:00,168.0,176.0,168.0,175.45,282815
2026-02-20 14:03:00,14:03:00,174.85,175.45,169.5,172.2,197730
2026-02-20 14:04:00,14:04:00,172.25,177.55,168.4,177.55,147225
2026-02-20 14:05:00,14:05:00,178.35,188.95,177.2,178.8,625820
2026-02-20 14:06:00,14:06:00,177.05,179.55,174.5,176.15,231205
2026-02-20 14:07:00,14:07:00,175.7,180.25,169.65,171.85,223600
2026-02-20 14:08:00,14:08:00,171.0,175.75,169.9,174.45,137150
2026-02-20 14:09:00,14:09:00,173.55,174.7,171.3,172.25,86645
2026-02-20 14:10:00,14:10:00,172.35,173.65,169.0,173.45,134550
2026-02-20 14:11:00,14:11:00,172.8,175.85,170.0,171.25,124020
2026-02-20 14:12:00,14:12:00,171.05,175.1,170.2,172.2,97305
2026-02-20 14:13:00,14:13:00,171.9,175.55,171.5,171.85,95875
2026-02-20 14:14:00,14:14:00,171.8,173.7,168.7,170.35,111605
2026-02-20 14:15:00,14:15:00,170.15,170.35,165.3,167.0,262210
2026-02-20 14:16:00,14:16:00,167.9,167.9,160.7,163.85,492765
2026-02-20 14:17:00,14:17:00,163.7,165.6,161.05,161.05,252460
2026-02-20 14:18:00,14:18:00,186.3,192.75,184.95,187.95,186355
2026-02-20 14:19:00,14:19:00,188.1,191.2,186.0,189.0,157625
2026-02-20 14:20:00,14:20:00,159.75,163.4,158.35,160.15,339885
2026-02-20 14:21:00,14:21:00,191.2,191.35,183.8,184.9,106015
2026-02-20 14:22:00,14:22:00,155.35,161.65,155.35,160.0,218725
2026-02-20 14:23:00,14:23:00,160.75,165.6,159.7,165.1,360165
2026-02-20 14:24:00,14:24:00,164.0,167.9,163.1,165.5,661700
2026-02-20 14:25:00,14:25:00,166.6,168.25,165.2,165.2,379080
2026-02-20 14:26:00,14:26:00,165.1,171.2,164.1,169.95,554580
2026-02-20 14:27:00,14:27:00,169.45,170.5,164.65,170.2,400335
2026-02-20 14:28:00,14:28:00,170.0,175.6,169.4,171.75,783770
2026-02-20 14:29:00,14:29:00,170.9,176.45,167.0,176.45,302445
2026-02-20 14:30:00,14:30:00,176.4,179.65,169.25,172.25,556920
2026-02-20 14:31:00,14:31:00,171.6,172.75,167.95,168.3,213785
2026-02-20 14:32:00,14:32:00,167.15,172.35,165.6,168.3,236535
2026-02-20 14:33:00,14:33:00,168.95,171.6,166.3,166.3,158730
2026-02-20 14:34:00,14:34:00,167.45,171.5,164.45,166.1,182260
2026-02-20 14:35:00,14:35:00,167.25,167.3,157.4,158.4,392665
2026-02-20 14:36:00,14:36:00,158.3,165.75,156.2,161.8,324285
2026-02-20 14:37:00,14:37:00,161.45,166.1,160.0,166.1,151385
2026-02-20 14:38:00,14:38:00,167.4,171.2,166.05,170.65,309725
2026-02-20 14:39:00,14:39:00,170.6,170.65,161.5,162.8,247195
2026-02-20 14:40:00,14:40:00,162.8,163.9,157.5,162.25,275990
2026-02-20 14:41:00,14:41:00,162.0,165.25,157.2,157.2,215930
2026-02-20 14:42:00,14:42:00,157.5,162.5,157.2,158.7,126750
2026-02-20 14:43:00,14:43:00,158.95,160.25,153.55,154.45,325130
2026-02-20 14:44:00,14:44:00,184.7,186.0,171.85,181.3,186160
2026-02-20 14:45:00,14:45:00,178.6,182.0,170.5,172.3,99775
2026-02-20 14:46:00,14:46:00,173.5,174.4,168.2,170.75,72215
2026-02-20 14:47:00,14:47:00,170.55,177.85,170.4,173.2,86060
2026-02-20 14:48:00,14:48:00,171.95,173.2,164.2,165.2,85215
2026-02-20 14:49:00,14:49:00,166.2,168.15,160.95,163.5,64350
2026-02-20 14:50:00,14:50:00,164.5,177.95,163.5,177.2,143065
2026-02-20 14:51:00,14:51:00,178.0,189.6,177.2,178.25,206765
2026-02-20 14:52:00,14:52:00,178.55,183.25,175.85,176.7,79885
2026-02-20 14:53:00,14:53:00,177.0,183.8,176.3,182.55,65975
2026-02-20 14:54:00,14:54:00,180.35,183.3,174.8,175.95,106730
2026-02-20 14:55:00,14:55:00,177.3,179.4,171.6,173.95,56290
2026-02-20 14:56:00,14:56:00,173.35,180.3,173.0,176.05,46540
2026-02-20 14:57:00,14:57:00,175.7,179.7,175.55,178.6,38090
2026-02-20 14:58:00,14:58:00,177.75,179.7,174.2,176.15,44330
2026-02-20 14:59:00,14:59:00,175.0,176.15,168.75,168.75,64415
2026-02-20 15:00:00,15:00:00,141.25,152.25,140.85,152.05,689780
2026-02-20 15:01:00,15:01:00,182.05,184.8,175.55,178.95,129220
2026-02-20 15:02:00,15:02:00,150.45,164.0,147.45,163.75,768235
2026-02-20 15:03:00,15:03:00,161.05,163.75,153.8,159.1,638755
2026-02-20 15:04:00,15:04:00,162.4,174.8,159.1,171.3,1220180
2026-02-20 15:05:00,15:05:00,170.95,175.8,169.35,175.1,578240
2026-02-20 15:06:00,15:06:00,179.5,185.55,175.1,181.7,1027650
2026-02-20 15:07:00,15:07:00,152.3,164.75,151.8,163.2,891735
2026-02-20 15:08:00,15:08:00,194.85,194.85,181.6,184.3,769665
2026-02-20 15:09:00,15:09:00,154.6,161.35,150.4,157.3,660725
2026-02-20 15:10:00,15:10:00,158.7,164.6,157.3,164.1,583375
2026-02-20 15:11:00,15:11:00,163.25,164.75,158.05,163.6,492440
2026-02-20 15:12:00,15:12:00,163.4,165.05,159.0,160.05,387400
2026-02-20 15:13:00,15:13:00,161.3,163.05,158.95,161.95,250120
2026-02-20 15:14:00,15:14:00,162.0,163.0,154.0,159.65,482235
2026-02-20 15:15:00,15:15:00,159.85,163.8,159.2,159.6,402090
2026-02-20 15:16:00,15:16:00,160.0,160.95,153.4,157.15,362375
2026-02-20 15:17:00,15:17:00,156.9,161.7,154.5,159.15,283140
2026-02-20 15:18:00,15:18:00,159.2,163.9,158.55,161.6,249015
2026-02-20 15:19:00,15:19:00,162.95,173.2,161.6,170.85,499720
2026-02-20 15:20:00,15:20:00,175.4,180.5,170.85,172.55,635960
2026-02-20 15:21:00,15:21:00,173.7,180.6,172.55,177.95,354835
2026-02-20 15:22:00,15:22:00,177.55,178.65,135.4,161.1,770640
2026-02-20 15:23:00,15:23:00,155.3,164.2,154.45,164.2,314730
2026-02-20 15:24:00,15:24:00,163.35,165.0,151.5,151.5,264160
2026-02-20 15:25:00,15:25:00,153.45,161.4,151.5,160.7,294190
2026-02-20 15:26:00,15:26:00,161.65,167.1,160.35,164.75,279760
2026-02-20 15:27:00,15:27:00,164.4,165.55,155.2,157.75,192140
2026-02-20 15:28:00,15:28:00,159.8,161.05,145.8,146.25,234065
2026-02-20 15:29:00,15:29:00,148.8,152.65,146.25,152.65,251485
2026-02-23 09:15:00,09:15:00,50.0,50.05,33.65,42.35,1795105
2026-02-23 09:16:00,09:16:00,42.05,46.0,37.6,38.1,1935635
2026-02-23 09:17:00,09:17:00,49.6,49.8,40.35,40.35,2998580
2026-02-23 09:18:00,09:18:00,40.45,44.8,40.3,43.5,2365350
2026-02-23 09:19:00,09:19:00,43.9,43.95,39.95,40.75,1605565
2026-02-23 09:20:00,09:20:00,40.3,40.75,35.75,35.75,2158000
2026-02-23 09:21:00,09:21:00,36.05,36.9,34.7,36.4,1605370
2026-02-23 09:22:00,09:22:00,36.45,37.9,36.0,37.1,1104090
2026-02-23 09:23:00,09:23:00,46.4,47.0,43.6,43.9,778700
2026-02-23 09:24:00,09:24:00,44.15,44.8,42.6,43.65,680550
2026-02-23 09:25:00,09:25:00,43.85,43.85,41.1,41.1,750490
2026-02-23 09:26:00,09:26:00,41.15,41.15,39.1,39.4,784290
2026-02-23 09:27:00,09:27:00,39.15,40.05,37.8,37.8,487240
2026-02-23 09:28:00,09:28:00,37.15,37.8,36.05,37.15,711685
2026-02-23 09:29:00,09:29:00,36.9,38.75,36.35,36.35,534430
2026-02-23 09:30:00,09:30:00,36.0,36.8,35.1,36.1,770250
2026-02-23 09:31:00,09:31:00,35.8,39.45,35.45,39.15,616135
2026-02-23 09:32:00,09:32:00,39.3,40.9,38.15,38.8,813345
2026-02-23 09:33:00,09:33:00,38.8,40.3,38.45,39.75,338195
2026-02-23 09:34:00,09:34:00,39.9,41.15,39.55,40.45,458250
2026-02-23 09:35:00,09:35:00,39.95,40.45,37.0,39.85,496795
2026-02-23 09:36:00,09:36:00,39.45,40.55,38.5,38.95,402285
2026-02-23 09:37:00,09:37:00,38.65,39.55,38.0,38.0,258570
2026-02-23 09:38:00,09:38:00,37.75,39.5,36.3,39.5,420420
2026-02-23 09:39:00,09:39:00,39.8,44.7,39.5,44.7,1035580
2026-02-23 09:40:00,09:40:00,36.1,36.85,34.95,36.35,1381380
2026-02-23 09:41:00,09:41:00,45.0,45.65,41.0,41.45,717730
2026-02-23 09:42:00,09:42:00,41.45,43.2,39.7,42.1,526825
2026-02-23 09:43:00,09:43:00,42.0,42.95,40.95,41.85,282685
2026-02-23 09:44:00,09:44:00,41.75,43.4,40.65,43.05,314210
2026-02-23 09:45:00,09:45:00,42.1,43.05,40.2,41.05,359515
2026-02-23 09:46:00,09:46:00,40.85,44.1,40.5,43.7,402480
2026-02-23 09:47:00,09:47:00,44.0,44.0,39.2,40.35,573105
2026-02-23 09:48:00,09:48:00,40.55,41.4,38.65,38.95,352560
2026-02-23 09:49:00,09:49:00,39.25,40.95,37.8,40.9,466245
2026-02-23 09:50:00,09:50:00,40.2,43.3,39.5,42.25,368680
2026-02-23 09:51:00,09:51:00,42.1,42.25,39.8,40.9,249080
2026-02-23 09:52:00,09:52:00,40.95,43.2,40.85,42.2,197405
2026-02-23 09:53:00,09:53:00,34.7,38.7,34.15,38.1,1824680
2026-02-23 09:54:00,09:54:00,37.9,39.35,36.85,37.25,1882400
2026-02-23 09:55:00,09:55:00,45.85,48.65,43.7,44.2,735475
2026-02-23 09:56:00,09:56:00,43.2,44.2,39.65,41.25,848185
2026-02-23 09:57:00,09:57:00,41.15,43.0,39.65,42.55,517010
2026-02-23 09:58:00,09:58:00,42.25,44.85,41.1,41.6,407485
2026-02-23 09:59:00,09:59:00,42.0,43.45,41.15,42.3,285870
2026-02-23 10:00:00,10:00:00,34.1,35.7,33.5,35.7,595790
2026-02-23 10:01:00,10:01:00,44.25,44.75,41.0,41.45,307190
2026-02-23 10:02:00,10:02:00,41.85,43.4,40.4,41.7,234130
2026-02-23 10:03:00,10:03:00,41.75,42.3,40.5,41.7,213525
2026-02-23 10:04:00,10:04:00,41.65,43.15,41.05,42.2,173875
2026-02-23 10:05:00,10:05:00,41.9,42.8,40.7,42.7,193765
2026-02-23 10:06:00,10:06:00,42.65,44.25,41.2,42.55,258180
2026-02-23 10:07:00,10:07:00,34.0,36.9,34.0,36.35,666185
2026-02-23 10:08:00,10:08:00,36.0,36.35,33.6,35.65,744965
2026-02-23 10:09:00,10:09:00,44.3,44.5,41.8,42.0,198965
2026-02-23 10:10:00,10:10:00,42.35,43.45,41.8,42.45,190970
2026-02-23 10:11:00,10:11:00,34.7,35.75,33.3,35.2,532155
2026-02-23 10:12:00,10:12:00,35.1,37.0,34.8,36.15,855595
2026-02-23 10:13:00,10:13:00,36.5,38.85,36.15,37.75,1423500
2026-02-23 10:14:00,10:14:00,37.8,38.25,34.85,35.45,1087320
2026-02-23 10:15:00,10:15:00,35.3,35.9,33.2,35.75,1143870
2026-02-23 10:16:00,10:16:00,35.85,36.8,33.85,34.3,843505
2026-02-23 10:17:00,10:17:00,42.6,42.6,40.1,40.15,591240
2026-02-23 10:18:00,10:18:00,40.2,41.65,38.9,39.35,406835
2026-02-23 10:19:00,10:19:00,39.0,41.7,38.65,40.55,357305
2026-02-23 10:20:00,10:20:00,32.7,34.4,32.05,33.6,754715
2026-02-23 10:21:00,10:21:00,33.5,34.6,32.5,33.05,818870
2026-02-23 10:22:00,10:22:00,41.55,42.65,39.15,40.25,262990
2026-02-23 10:23:00,10:23:00,40.2,40.55,38.65,39.4,253175
2026-02-23 10:24:00,10:24:00,39.55,41.05,39.4,40.35,224185
2026-02-23 10:25:00,10:25:00,32.5,33.75,32.2,33.5,575185
2026-02-23 10:26:00,10:26:00,33.55,34.55,32.75,33.05,616005
2026-02-23 10:27:00,10:27:00,32.95,36.3,32.5,34.75,968175
2026-02-23 10:28:00,10:28:00,35.35,37.05,34.25,37.05,773760
2026-02-23 10:29:00,10:29:00,37.05,38.6,34.55,34.65,1521845
2026-02-23 10:30:00,10:30:00,34.9,36.55,34.15,35.75,806390
2026-02-23 10:31:00,10:31:00,35.7,37.45,34.8,36.35,867555
2026-02-23 10:32:00,10:32:00,36.6,38.4,35.8,37.4,895635
2026-02-23 10:33:00,10:33:00,37.65,37.65,35.1,35.95,725140
2026-02-23 10:34:00,10:34:00,35.85,36.4,34.2,35.9,629785
2026-02-23 10:35:00,10:35:00,35.75,35.9,34.2,34.45,460265
2026-02-23 10:36:00,10:36:00,34.7,36.8,34.45,35.6,522665
2026-02-23 10:37:00,10:37:00,35.6,38.25,35.55,38.25,862550
2026-02-23 10:38:00,10:38:00,37.65,40.05,37.15,39.6,2068300
2026-02-23 10:39:00,10:39:00,39.75,39.75,37.7,38.5,1269320
2026-02-23 10:40:00,10:40:00,38.6,41.85,38.4,41.8,1549990
2026-02-23 10:41:00,10:41:00,41.1,44.1,40.3,43.0,2414165
2026-02-23 10:42:00,10:42:00,43.25,44.8,41.15,41.15,2088775
2026-02-23 10:43:00,10:43:00,33.25,37.0,32.7,36.65,669630
2026-02-23 10:44:00,10:44:00,36.25,41.85,36.25,40.45,1391910
2026-02-23 10:45:00,10:45:00,40.1,44.05,38.8,44.05,1365650
2026-02-23 10:46:00,10:46:00,43.55,45.5,42.85,43.65,1494610
2026-02-23 10:47:00,10:47:00,44.1,45.1,39.6,39.6,1027585
2026-02-23 10:48:00,10:48:00,39.55,41.4,38.15,40.2,807950
2026-02-23 10:49:00,10:49:00,39.45,41.5,36.95,41.45,784290
2026-02-23 10:50:00,10:50:00,41.4,41.45,38.2,38.2,664950
2026-02-23 10:51:00,10:51:00,37.95,38.25,34.45,34.95,735215
2026-02-23 10:52:00,10:52:00,35.2,37.35,34.3,36.85,581295
2026-02-23 10:53:00,10:53:00,37.05,37.05,33.5,34.85,460200
2026-02-23 10:54:00,10:54:00,35.0,36.6,33.55,35.35,383630
2026-02-23 10:55:00,10:55:00,35.5,37.1,34.8,35.3,365755
2026-02-23 10:56:00,10:56:00,35.1,36.05,34.05,34.05,312520
2026-02-23 10:57:00,10:57:00,42.7,43.85,40.75,41.25,934765
2026-02-23 10:58:00,10:58:00,32.95,33.6,32.3,32.95,252460
2026-02-23 10:59:00,10:59:00,32.75,35.2,32.75,35.15,307645
2026-02-23 11:00:00,11:00:00,35.15,35.6,32.2,33.15,346970
2026-02-23 11:01:00,11:01:00,41.6,41.8,39.35,39.4,1011270
2026-02-23 11:02:00,11:02:00,39.25,39.45,36.7,36.7,1330680
2026-02-23 11:03:00,11:03:00,35.8,38.35,35.6,38.35,1213940
2026-02-23 11:04:00,11:04:00,38.35,39.0,36.5,38.7,699270
2026-02-23 11:05:00,11:05:00,39.15,41.65,38.3,41.65,1297205
2026-02-23 11:06:00,11:06:00,32.85,37.0,32.85,36.9,749255
2026-02-23 11:07:00,11:07:00,37.35,39.5,35.45,36.4,948480
2026-02-23 11:08:00,11:08:00,36.25,36.4,34.05,34.8,472550
2026-02-23 11:09:00,11:09:00,44.1,44.95,38.75,38.75,1661725
2026-02-23 11:10:00,11:10:00,39.75,39.75,36.6,37.45,1470040
2026-02-23 11:11:00,11:11:00,37.55,38.65,36.75,38.2,792155
2026-02-23 11:12:00,11:12:00,38.2,42.1,38.0,40.0,1260675
2026-02-23 11:13:00,11:13:00,39.8,40.4,36.7,36.7,1058330
2026-02-23 11:14:00,11:14:00,36.45,36.7,33.8,34.9,1680705
2026-02-23 11:15:00,11:15:00,34.5,36.1,33.15,35.65,1239810
2026-02-23 11:16:00,11:16:00,35.3,35.65,33.75,34.15,677365
2026-02-23 11:17:00,11:17:00,34.25,35.7,34.15,35.5,499655
2026-02-23 11:18:00,11:18:00,35.55,38.95,35.5,38.95,1028040
2026-02-23 11:19:00,11:19:00,30.85,32.05,29.55,31.45,396695
2026-02-23 11:20:00,11:20:00,40.0,40.35,38.4,39.2,749515
2026-02-23 11:21:00,11:21:00,30.8,32.25,30.75,31.25,458315
2026-02-23 11:22:00,11:22:00,31.0,34.7,30.35,33.45,792740
2026-02-23 11:23:00,11:23:00,33.4,34.85,32.8,33.8,382980
2026-02-23 11:24:00,11:24:00,33.8,34.9,33.1,33.65,313690
2026-02-23 11:25:00,11:25:00,33.75,34.4,32.7,34.15,293280
2026-02-23 11:26:00,11:26:00,34.0,35.7,33.5,35.7,413985
2026-02-23 11:27:00,11:27:00,36.15,36.2,33.8,34.15,522210
2026-02-23 11:28:00,11:28:00,34.35,34.6,32.85,33.4,276575
2026-02-23 11:29:00,11:29:00,33.25,34.65,32.7,34.55,215865
2026-02-23 11:30:00,11:30:00,34.45,37.4,34.45,36.3,567645
2026-02-23 11:31:00,11:31:00,36.15,36.75,34.4,35.3,376870
2026-02-23 11:32:00,11:32:00,35.5,36.3,34.2,34.25,281580
2026-02-23 11:33:00,11:33:00,34.55,35.95,34.25,35.65,253695
2026-02-23 11:34:00,11:34:00,35.8,37.05,34.7,37.05,260520
2026-02-23 11:35:00,11:35:00,37.25,38.1,35.55,35.55,445055
2026-02-23 11:36:00,11:36:00,35.6,35.6,32.7,33.7,454805
2026-02-23 11:37:00,11:37:00,33.75,35.5,33.1,33.6,311220
2026-02-23 11:38:00,11:38:00,33.8,34.45,33.4,34.0,288535
2026-02-23 11:39:00,11:39:00,34.0,34.85,33.0,33.5,212485
2026-02-23 11:40:00,11:40:00,33.4,34.85,33.0,34.65,189410
2026-02-23 11:41:00,11:41:00,34.45,34.85,32.85,33.85,246350
2026-02-23 11:42:00,11:42:00,33.95,34.0,32.6,32.8,128635
2026-02-23 11:43:00,11:43:00,32.9,34.65,32.6,33.7,205530
2026-02-23 11:44:00,11:44:00,33.85,34.15,31.85,32.3,298675
2026-02-23 11:45:00,11:45:00,32.5,33.65,31.55,33.0,241995
2026-02-23 11:46:00,11:46:00,33.1,34.45,32.55,33.65,216190
2026-02-23 11:47:00,11:47:00,33.7,34.9,32.9,33.35,218075
2026-02-23 11:48:00,11:48:00,33.05,37.4,33.05,37.4,559390
2026-02-23 11:49:00,11:49:00,37.6,42.05,36.2,37.0,1242085
2026-02-23 11:50:00,11:50:00,36.95,41.5,36.95,41.5,633230
2026-02-23 11:51:00,11:51:00,41.45,42.85,37.45,37.45,1298895
2026-02-23 11:52:00,11:52:00,37.35,39.4,36.1,37.5,586430
2026-02-23 11:53:00,11:53:00,37.45,37.5,33.2,33.35,783965
2026-02-23 11:54:00,11:54:00,33.25,34.6,32.25,34.2,483340
2026-02-23 11:55:00,11:55:00,34.3,37.05,34.1,34.1,577265
2026-02-23 11:56:00,11:56:00,34.3,35.05,32.75,34.5,410735
2026-02-23 11:57:00,11:57:00,34.6,35.15,33.3,35.15,218530
2026-02-23 11:58:00,11:58:00,35.2,36.8,34.55,36.5,309920
2026-02-23 11:59:00,11:59:00,36.45,37.75,35.7,36.9,390520
2026-02-23 12:00:00,12:00:00,36.85,37.6,35.8,37.25,289380
2026-02-23 12:01:00,12:01:00,37.1,37.55,35.75,36.05,296985
2026-02-23 12:02:00,12:02:00,35.95,36.65,32.8,33.35,421135
2026-02-23 12:03:00,12:03:00,33.55,34.3,32.8,33.7,276900
2026-02-23 12:04:00,12:04:00,33.75,35.35,33.2,33.2,277290
2026-02-23 12:05:00,12:05:00,33.3,34.4,32.45,32.45,275340
2026-02-23 12:06:00,12:06:00,32.5,33.0,30.9,31.35,601705
2026-02-23 12:07:00,12:07:00,31.5,32.5,30.2,30.35,366925
2026-02-23 12:08:00,12:08:00,30.35,31.4,29.6,30.45,475735
2026-02-23 12:09:00,12:09:00,30.65,31.8,30.15,31.75,301340
2026-02-23 12:10:00,12:10:00,31.85,34.0,31.7,33.85,426725
2026-02-23 12:11:00,12:11:00,34.0,34.8,31.75,32.3,583505
2026-02-23 12:12:00,12:12:00,31.85,32.7,29.95,29.95,507325
2026-02-23 12:13:00,12:13:00,30.2,32.0,29.55,31.95,317395
2026-02-23 12:14:00,12:14:00,32.35,33.15,31.65,31.75,488280
2026-02-23 12:15:00,12:15:00,32.2,33.1,30.85,32.45,302185
2026-02-23 12:16:00,12:16:00,32.45,32.6,30.3,30.55,224510
2026-02-23 12:17:00,12:17:00,39.2,39.3,35.2,35.9,1573910
2026-02-23 12:18:00,12:18:00,28.1,29.95,27.35,29.75,403780
2026-02-23 12:19:00,12:19:00,29.7,30.5,28.8,29.2,314535
2026-02-23 12:20:00,12:20:00,29.1,30.1,29.0,29.8,170170
2026-02-23 12:21:00,12:21:00,29.8,30.8,28.85,29.45,283920
2026-02-23 12:22:00,12:22:00,29.6,32.9,29.45,32.9,455195
2026-02-23 12:23:00,12:23:00,33.15,33.8,31.75,32.5,507455
2026-02-23 12:24:00,12:24:00,32.85,33.45,32.1,33.0,323635
2026-02-23 12:25:00,12:25:00,33.35,34.7,32.25,34.15,323765
2026-02-23 12:26:00,12:26:00,34.35,35.2,32.55,34.3,435370
2026-02-23 12:27:00,12:27:00,34.4,34.9,33.25,34.6,295945
2026-02-23 12:28:00,12:28:00,34.3,34.6,32.7,32.85,304655
2026-02-23 12:29:00,12:29:00,33.15,34.3,32.5,34.3,272740
2026-02-23 12:30:00,12:30:00,34.3,36.35,33.75,36.15,490945
2026-02-23 12:31:00,12:31:00,36.4,39.75,35.5,36.4,1161030
2026-02-23 12:32:00,12:32:00,36.3,37.15,34.05,35.0,564395
2026-02-23 12:33:00,12:33:00,35.15,35.95,33.9,35.65,408070
2026-02-23 12:34:00,12:34:00,35.85,35.85,33.2,33.25,381095
2026-02-23 12:35:00,12:35:00,33.25,34.15,32.4,33.8,428155
2026-02-23 12:36:00,12:36:00,33.55,33.8,32.4,33.1,272090
2026-02-23 12:37:00,12:37:00,33.3,33.3,31.8,32.35,364195
2026-02-23 12:38:00,12:38:00,32.2,33.05,31.85,32.65,263835
2026-02-23 12:39:00,12:39:00,32.75,33.15,30.1,31.05,520260
2026-02-23 12:40:00,12:40:00,31.05,31.7,30.4,31.35,238745
2026-02-23 12:41:00,12:41:00,31.35,31.35,29.35,29.9,401310
2026-02-23 12:42:00,12:42:00,29.85,30.6,29.3,29.3,396045
2026-02-23 12:43:00,12:43:00,37.55,38.15,36.0,36.1,1120340
2026-02-23 12:44:00,12:44:00,35.95,36.8,34.85,34.85,1102660
2026-02-23 12:45:00,12:45:00,34.75,35.5,34.25,34.9,1489475
2026-02-23 12:46:00,12:46:00,34.75,37.0,34.3,37.0,1131520
2026-02-23 12:47:00,12:47:00,28.9,30.65,28.55,30.25,534105
2026-02-23 12:48:00,12:48:00,30.0,30.25,28.75,29.2,254865
2026-02-23 12:49:00,12:49:00,29.3,30.7,29.2,30.4,229840
2026-02-23 12:50:00,12:50:00,30.2,31.25,29.5,30.95,358475
2026-02-23 12:51:00,12:51:00,31.35,32.35,30.95,32.1,552435
2026-02-23 12:52:00,12:52:00,32.1,34.7,32.0,33.85,719550
2026-02-23 12:53:00,12:53:00,33.55,34.75,32.5,34.7,468325
2026-02-23 12:54:00,12:54:00,34.75,35.25,32.0,32.5,634595
2026-02-23 12:55:00,12:55:00,32.85,34.0,32.1,33.75,315705
2026-02-23 12:56:00,12:56:00,34.05,34.8,33.05,34.25,305370
2026-02-23 12:57:00,12:57:00,34.45,34.65,32.9,34.65,331305
2026-02-23 12:58:00,12:58:00,34.6,35.65,33.7,35.3,285350
2026-02-23 12:59:00,12:59:00,35.25,38.15,35.25,37.35,612560
2026-02-23 13:00:00,13:00:00,37.35,39.0,36.05,36.25,670540
2026-02-23 13:01:00,13:01:00,36.25,37.95,35.9,36.65,508560
2026-02-23 13:02:00,13:02:00,36.55,38.6,36.55,37.9,402025
2026-02-23 13:03:00,13:03:00,37.95,38.95,36.35,37.1,626340
2026-02-23 13:04:00,13:04:00,37.2,38.35,36.7,36.85,378690
2026-02-23 13:05:00,13:05:00,36.9,36.9,33.6,35.05,682435
2026-02-23 13:06:00,13:06:00,35.25,35.6,34.15,35.05,280215
2026-02-23 13:07:00,13:07:00,34.95,36.45,33.8,36.2,281450
2026-02-23 13:08:00,13:08:00,36.2,36.4,33.8,33.8,318175
2026-02-23 13:09:00,13:09:00,33.7,34.3,32.55,34.3,858195
2026-02-23 13:10:00,13:10:00,34.2,34.8,33.45,33.65,226005
2026-02-23 13:11:00,13:11:00,33.75,34.3,32.5,33.65,313105
2026-02-23 13:12:00,13:12:00,33.9,35.5,33.65,35.45,339040
2026-02-23 13:13:00,13:13:00,35.55,38.0,35.45,38.0,501475
2026-02-23 13:14:00,13:14:00,38.05,38.65,36.05,37.9,539435
2026-02-23 13:15:00,13:15:00,38.05,39.35,37.9,38.95,791830
2026-02-23 13:16:00,13:16:00,39.05,39.1,37.25,37.95,580645
2026-02-23 13:17:00,13:17:00,37.9,39.05,33.1,33.35,729235
2026-02-23 13:18:00,13:18:00,33.0,34.1,32.5,33.7,608985
2026-02-23 13:19:00,13:19:00,33.55,34.7,32.05,34.3,519805
2026-02-23 13:20:00,13:20:00,34.45,34.45,32.05,32.45,388960
2026-02-23 13:21:00,13:21:00,32.45,33.7,31.8,32.9,290810
2026-02-23 13:22:00,13:22:00,32.55,34.0,32.15,33.85,191685
2026-02-23 13:23:00,13:23:00,34.1,34.55,32.4,32.75,362115
2026-02-23 13:24:00,13:24:00,32.7,32.75,30.95,32.1,456365
2026-02-23 13:25:00,13:25:00,32.0,33.05,30.0,33.05,537550
2026-02-23 13:26:00,13:26:00,32.9,33.05,30.3,30.3,329810
2026-02-23 13:27:00,13:27:00,30.3,31.45,29.9,31.2,416130
2026-02-23 13:28:00,13:28:00,31.4,31.55,29.45,30.0,268125
2026-02-23 13:29:00,13:29:00,30.05,30.35,28.7,29.1,403585
2026-02-23 13:30:00,13:30:00,37.05,38.5,36.5,37.15,1060800
2026-02-23 13:31:00,13:31:00,28.75,30.45,27.7,30.45,498160
2026-02-23 13:32:00,13:32:00,30.35,31.5,30.25,30.6,483015
2026-02-23 13:33:00,13:33:00,30.9,32.5,30.6,31.9,555035
2026-02-23 13:34:00,13:34:00,32.0,32.8,31.75,32.5,410215
2026-02-23 13:35:00,13:35:00,32.45,32.85,31.9,32.25,308945
2026-02-23 13:36:00,13:36:00,32.25,32.25,29.75,31.6,604565
2026-02-23 13:37:00,13:37:00,31.2,31.75,30.2,31.3,392795
2026-02-23 13:38:00,13:38:00,31.55,31.75,29.9,30.0,415025
2026-02-23 13:39:00,13:39:00,30.2,30.45,29.15,29.8,371605
2026-02-23 13:40:00,13:40:00,29.8,31.45,29.75,31.25,296465
2026-02-23 13:41:00,13:41:00,31.6,32.25,30.45,30.85,461240
2026-02-23 13:42:00,13:42:00,30.5,31.5,27.75,28.1,519090
2026-02-23 13:43:00,13:43:00,28.25,28.4,26.75,27.5,577655
2026-02-23 13:44:00,13:44:00,27.5,27.9,26.5,27.3,677820
2026-02-23 13:45:00,13:45:00,27.35,28.9,27.2,27.65,306800
2026-02-23 13:46:00,13:46:00,27.8,27.9,26.95,27.2,248560
2026-02-23 13:47:00,13:47:00,27.1,29.95,26.9,29.9,313690
2026-02-23 13:48:00,13:48:00,29.9,29.9,28.8,29.05,380640
2026-02-23 13:49:00,13:49:00,29.1,30.0,28.2,29.4,301405
2026-02-23 13:50:00,13:50:00,29.4,29.55,28.15,28.45,237770
2026-02-23 13:51:00,13:51:00,28.75,29.35,28.35,29.2,119080
2026-02-23 13:52:00,13:52:00,29.2,29.6,29.05,29.5,151125
2026-02-23 13:53:00,13:53:00,29.55,30.3,28.4,29.0,254475
2026-02-23 13:54:00,13:54:00,28.8,30.2,28.3,29.85,188695
2026-02-23 13:55:00,13:55:00,29.95,30.9,29.0,30.3,234585
2026-02-23 13:56:00,13:56:00,30.45,30.5,28.65,30.5,210275
2026-02-23 13:57:00,13:57:00,30.75,32.1,30.5,32.05,444990
2026-02-23 13:58:00,13:58:00,32.1,32.7,31.15,31.35,681720
2026-02-23 13:59:00,13:59:00,31.65,33.1,30.6,33.0,449410
2026-02-23 14:00:00,14:00:00,33.1,33.15,31.3,32.35,357045
2026-02-23 14:01:00,14:01:00,32.55,34.15,32.35,33.9,473590
2026-02-23 14:02:00,14:02:00,34.0,37.95,33.5,37.95,761735
2026-02-23 14:03:00,14:03:00,29.4,32.2,29.4,31.35,2308865
2026-02-23 14:04:00,14:04:00,31.35,33.15,28.8,29.1,1846910
2026-02-23 14:05:00,14:05:00,29.1,30.85,28.15,30.55,1150630
2026-02-23 14:06:00,14:06:00,30.7,30.9,28.65,28.65,757640
2026-02-23 14:07:00,14:07:00,36.45,36.6,32.55,33.9,1036230
2026-02-23 14:08:00,14:08:00,34.1,35.95,33.4,35.9,512395
2026-02-23 14:09:00,14:09:00,36.2,37.0,35.15,36.55,465335
2026-02-23 14:10:00,14:10:00,36.3,37.0,34.9,36.9,389090
2026-02-23 14:11:00,14:11:00,28.6,30.3,28.4,30.05,880880
2026-02-23 14:12:00,14:12:00,30.7,31.4,29.05,29.35,998075
2026-02-23 14:13:00,14:13:00,37.5,37.8,34.4,34.65,548275
2026-02-23 14:14:00,14:14:00,34.45,35.4,33.35,34.75,435955
2026-02-23 14:15:00,14:15:00,34.6,34.75,33.4,33.65,348985
2026-02-23 14:16:00,14:16:00,26.1,28.85,25.55,28.35,663975
2026-02-23 14:17:00,14:17:00,36.4,37.3,34.4,34.4,569660
2026-02-23 14:18:00,14:18:00,34.75,35.25,30.45,30.7,807105
2026-02-23 14:19:00,14:19:00,31.0,32.7,30.6,31.55,560950
2026-02-23 14:20:00,14:20:00,31.7,32.65,31.3,32.05,307125
2026-02-23 14:21:00,14:21:00,32.0,32.25,30.85,31.6,363935
2026-02-23 14:22:00,14:22:00,31.5,31.6,29.9,31.2,418925
2026-02-23 14:23:00,14:23:00,31.3,31.7,29.3,29.65,324415
2026-02-23 14:24:00,14:24:00,29.9,31.4,29.65,30.3,389025
2026-02-23 14:25:00,14:25:00,30.3,30.6,29.25,30.55,427960
2026-02-23 14:26:00,14:26:00,30.55,32.4,30.55,31.7,439140
2026-02-23 14:27:00,14:27:00,31.8,32.55,30.4,30.9,381810
2026-02-23 14:28:00,14:28:00,30.85,30.9,27.75,27.75,736125
2026-02-23 14:29:00,14:29:00,27.8,27.8,26.7,26.75,1009775
2026-02-23 14:30:00,14:30:00,34.0,34.6,28.8,28.85,3782480
2026-02-23 14:31:00,14:31:00,29.0,29.2,27.5,28.8,2640625
2026-02-23 14:32:00,14:32:00,29.4,30.85,28.8,30.4,4081285
2026-02-23 14:33:00,14:33:00,30.7,32.5,30.4,30.7,2600910
2026-02-23 14:34:00,14:34:00,30.7,30.95,29.25,29.6,1397370
2026-02-23 14:35:00,14:35:00,29.5,29.75,27.6,29.35,1476865
2026-02-23 14:36:00,14:36:00,29.3,32.05,29.3,31.25,1262235
2026-02-23 14:37:00,14:37:00,31.3,32.8,31.25,31.5,929305
2026-02-23 14:38:00,14:38:00,31.6,33.25,30.8,30.9,1029925
2026-02-23 14:39:00,14:39:00,31.05,32.15,30.75,31.8,589160
2026-02-23 14:40:00,14:40:00,31.8,33.1,30.95,32.4,902005
2026-02-23 14:41:00,14:41:00,32.25,32.45,31.25,31.6,730600
2026-02-23 14:42:00,14:42:00,31.65,32.0,30.9,31.25,576225
2026-02-23 14:43:00,14:43:00,31.35,33.15,31.15,32.8,729235
2026-02-23 14:44:00,14:44:00,26.15,30.0,26.0,27.55,1270750
2026-02-23 14:45:00,14:45:00,27.7,28.45,26.3,27.75,573040
2026-02-23 14:46:00,14:46:00,34.8,35.15,32.0,33.0,1189955
2026-02-23 14:47:00,14:47:00,33.1,33.4,31.55,32.4,861640
2026-02-23 14:48:00,14:48:00,31.95,33.85,31.6,33.55,636090
2026-02-23 14:49:00,14:49:00,33.55,33.85,30.6,31.0,1037725
2026-02-23 14:50:00,14:50:00,31.25,32.9,31.0,32.9,581685
2026-02-23 14:51:00,14:51:00,32.9,33.35,31.95,32.9,650065
2026-02-23 14:52:00,14:52:00,32.9,34.4,32.9,34.4,613925
2026-02-23 14:53:00,14:53:00,34.65,35.45,33.65,34.55,1042470
2026-02-23 14:54:00,14:54:00,34.2,35.35,33.25,34.05,755235
2026-02-23 14:55:00,14:55:00,34.05,34.85,33.55,34.7,613730
2026-02-23 14:56:00,14:56:00,34.9,35.95,34.15,34.55,891345
2026-02-23 14:57:00,14:57:00,34.45,34.85,32.55,34.3,989300
2026-02-23 14:58:00,14:58:00,26.85,28.2,26.7,27.8,375895
2026-02-23 14:59:00,14:59:00,27.8,28.5,26.6,27.5,441870
2026-02-23 15:00:00,15:00:00,34.2,35.25,30.15,30.25,2037165
2026-02-23 15:01:00,15:01:00,29.9,31.25,28.05,29.65,2189785
2026-02-23 15:02:00,15:02:00,29.35,29.65,25.7,26.7,1963195
2026-02-23 15:03:00,15:03:00,26.4,27.15,25.8,26.0,1302275
2026-02-23 15:04:00,15:04:00,25.9,27.35,25.9,27.2,1099735
2026-02-23 15:05:00,15:05:00,34.25,34.35,31.25,32.3,935740
2026-02-23 15:06:00,15:06:00,32.25,32.65,30.95,32.65,544245
2026-02-23 15:07:00,15:07:00,25.85,27.2,25.45,26.85,1203410
2026-02-23 15:08:00,15:08:00,26.65,28.85,26.6,28.75,1252030
2026-02-23 15:09:00,15:09:00,29.05,29.85,28.05,29.85,1363570
2026-02-23 15:10:00,15:10:00,29.45,30.4,29.25,29.9,1028690
2026-02-23 15:11:00,15:11:00,29.85,30.3,28.4,29.85,949065
2026-02-23 15:12:00,15:12:00,29.55,30.25,29.3,29.8,558025
2026-02-23 15:13:00,15:13:00,29.3,30.2,28.75,29.55,598845
2026-02-23 15:14:00,15:14:00,29.5,30.15,29.35,30.1,504010
2026-02-23 15:15:00,15:15:00,30.25,30.95,27.3,27.3,1237210
2026-02-23 15:16:00,15:16:00,27.15,28.8,27.15,28.8,860470
2026-02-23 15:17:00,15:17:00,28.8,29.35,28.55,29.3,615550
2026-02-23 15:18:00,15:18:00,29.3,29.6,28.9,29.05,570700
2026-02-23 15:19:00,15:19:00,29.15,30.45,28.9,30.45,730210
2026-02-23 15:20:00,15:20:00,30.75,31.1,30.15,30.9,811460
2026-02-23 15:21:00,15:21:00,30.95,31.0,30.05,30.3,830635
2026-02-23 15:22:00,15:22:00,30.45,32.35,29.85,32.05,2477475
2026-02-23 15:23:00,15:23:00,31.95,32.05,30.35,30.55,1866540
2026-02-23 15:24:00,15:24:00,30.75,30.75,27.6,28.0,1331655
2026-02-23 15:25:00,15:25:00,28.3,30.45,28.0,29.9,995865
2026-02-23 15:26:00,15:26:00,29.9,30.2,28.0,28.1,966745
2026-02-23 15:27:00,15:27:00,28.1,29.5,27.85,29.3,598390
2026-02-23 15:28:00,15:28:00,29.5,29.9,28.85,29.1,806910
2026-02-23 15:29:00,15:29:00,29.2,29.3,28.05,28.35,1560325
2026-02-24 09:15:00,09:15:00,70.0,101.5,62.15,101.15,5837455
2026-02-24 09:16:00,09:16:00,101.25,101.25,84.4,89.25,4013035
2026-02-24 09:17:00,09:17:00,89.3,96.0,85.7,96.0,3213145
2026-02-24 09:18:00,09:18:00,95.9,106.4,95.45,105.65,4656405
2026-02-24 09:19:00,09:19:00,74.55,80.0,73.1,80.0,9016215
2026-02-24 09:20:00,09:20:00,80.85,81.85,75.5,80.6,7674875
2026-02-24 09:21:00,09:21:00,79.9,84.65,73.3,84.65,7452380
2026-02-24 09:22:00,09:22:00,85.35,95.6,84.65,91.8,12630605
2026-02-24 09:23:00,09:23:00,91.6,91.8,81.0,88.55,5943145
2026-02-24 09:24:00,09:24:00,87.9,89.95,84.05,86.25,3125785
2026-02-24 09:25:00,09:25:00,86.25,94.1,83.6,91.3,4699955
2026-02-24 09:26:00,09:26:00,91.4,95.6,86.85,88.3,5277220
2026-02-24 09:27:00,09:27:00,87.6,89.8,77.85,79.1,5038280
2026-02-24 09:28:00,09:28:00,78.4,88.35,78.4,87.2,4349995
2026-02-24 09:29:00,09:29:00,86.6,92.0,83.05,91.55,3920800
2026-02-24 09:30:00,09:30:00,91.75,98.8,89.2,97.6,7850375
2026-02-24 09:31:00,09:31:00,97.5,99.75,92.3,99.6,5567575
2026-02-24 09:32:00,09:32:00,68.6,78.6,67.55,78.55,10594805
2026-02-24 09:33:00,09:33:00,79.95,96.85,78.55,91.15,10079355
2026-02-24 09:34:00,09:34:00,90.9,92.3,84.25,90.5,3840980
2026-02-24 09:35:00,09:35:00,90.85,91.5,84.3,88.55,3559140
2026-02-24 09:36:00,09:36:00,89.15,89.15,78.95,82.5,3980470
2026-02-24 09:37:00,09:37:00,81.2,83.55,75.85,83.55,3019120
2026-02-24 09:38:00,09:38:00,82.0,91.15,82.0,89.25,4113135
2026-02-24 09:39:00,09:39:00,89.55,90.4,85.95,89.25,2353390
2026-02-24 09:40:00,09:40:00,89.6,91.1,85.35,86.55,2281565
2026-02-24 09:41:00,09:41:00,86.25,86.55,83.0,84.35,1643850
2026-02-24 09:42:00,09:42:00,85.5,93.8,83.3,90.55,3733860
2026-02-24 09:43:00,09:43:00,90.75,110.5,90.55,106.45,7408895
2026-02-24 09:44:00,09:44:00,106.25,107.15,93.25,93.45,3812185
2026-02-24 09:45:00,09:45:00,94.75,97.55,87.55,87.55,2450175
2026-02-24 09:46:00,09:46:00,87.75,92.55,83.7,83.9,2214810
2026-02-24 09:47:00,09:47:00,118.35,122.25,109.75,110.45,1680900
2026-02-24 09:48:00,09:48:00,109.5,112.05,105.0,106.95,1801605
2026-02-24 09:49:00,09:49:00,108.35,111.65,105.1,109.35,1344785
2026-02-24 09:50:00,09:50:00,77.55,90.35,76.95,87.35,4283500
2026-02-24 09:51:00,09:51:00,88.25,91.1,86.3,89.55,3057860
2026-02-24 09:52:00,09:52:00,88.6,93.4,88.6,92.25,2385955
2026-02-24 09:53:00,09:53:00,92.05,95.5,85.9,87.7,2720770
2026-02-24 09:54:00,09:54:00,88.1,88.1,79.3,83.55,2185235
2026-02-24 09:55:00,09:55:00,83.7,84.25,76.55,80.6,1748890
2026-02-24 09:56:00,09:56:00,82.1,85.35,80.6,82.35,1442740
2026-02-24 09:57:00,09:57:00,82.25,85.35,79.75,82.9,1260675
2026-02-24 09:58:00,09:58:00,83.1,84.35,80.15,82.3,1026675
2026-02-24 09:59:00,09:59:00,82.5,83.5,80.05,82.15,880295
2026-02-24 10:00:00,10:00:00,81.1,82.8,78.75,79.3,1300065
2026-02-24 10:01:00,10:01:00,80.65,81.7,74.7,75.8,1748630
2026-02-24 10:02:00,10:02:00,75.65,84.25,74.0,84.25,1990560
2026-02-24 10:03:00,10:03:00,84.35,85.9,79.25,85.55,2318160
2026-02-24 10:04:00,10:04:00,84.95,85.9,79.0,79.0,1209715
2026-02-24 10:05:00,10:05:00,78.7,79.05,74.85,76.0,1643655
2026-02-24 10:06:00,10:06:00,75.95,81.65,74.2,74.2,1504685
2026-02-24 10:07:00,10:07:00,74.15,75.6,69.65,71.6,2480335
2026-02-24 10:08:00,10:08:00,103.25,103.25,96.1,99.85,1799070
2026-02-24 10:09:00,10:09:00,68.4,77.85,68.4,77.05,2694705
2026-02-24 10:10:00,10:10:00,76.5,82.2,76.5,80.7,2722720
2026-02-24 10:11:00,10:11:00,81.45,89.5,80.4,87.4,2957500
2026-02-24 10:12:00,10:12:00,87.45,93.1,82.3,92.7,3723005
2026-02-24 10:13:00,10:13:00,95.0,99.85,92.4,99.1,4499105
2026-02-24 10:14:00,10:14:00,101.75,102.5,96.95,101.65,3185975
2026-02-24 10:15:00,10:15:00,99.7,102.75,93.55,97.1,2216435
2026-02-24 10:16:00,10:16:00,96.5,97.1,88.65,95.0,1827670
2026-02-24 10:17:00,10:17:00,96.0,108.25,95.0,107.3,3930225
2026-02-24 10:18:00,10:18:00,106.85,107.3,92.6,92.6,2758210
2026-02-24 10:19:00,10:19:00,91.2,94.05,85.35,87.1,2190045
2026-02-24 10:20:00,10:20:00,87.45,88.2,77.45,80.8,2368990
2026-02-24 10:21:00,10:21:00,81.2,85.7,80.5,84.5,2032875
2026-02-24 10:22:00,10:22:00,85.1,90.55,84.5,89.9,1743365
2026-02-24 10:23:00,10:23:00,88.85,93.6,88.5,90.9,1819480
2026-02-24 10:24:00,10:24:00,90.65,96.0,90.65,95.6,1449305
2026-02-24 10:25:00,10:25:00,95.4,96.15,90.4,93.0,1504230
2026-02-24 10:26:00,10:26:00,92.1,94.35,89.25,92.2,1005550
2026-02-24 10:27:00,10:27:00,91.7,92.2,86.25,87.3,969735
2026-02-24 10:28:00,10:28:00,86.5,92.25,84.35,91.65,1076790
2026-02-24 10:29:00,10:29:00,91.9,91.9,84.75,88.6,839735
2026-02-24 10:30:00,10:30:00,88.35,88.6,82.2,86.05,1099865
2026-02-24 10:31:00,10:31:00,86.4,86.8,81.95,82.75,929110
2026-02-24 10:32:00,10:32:00,82.15,82.75,77.0,82.5,1707030
2026-02-24 10:33:00,10:33:00,82.5,84.8,80.3,81.95,1119300
2026-02-24 10:34:00,10:34:00,82.35,85.05,80.65,82.0,756730
2026-02-24 10:35:00,10:35:00,81.95,82.0,76.05,76.7,1208675
2026-02-24 10:36:00,10:36:00,75.7,80.0,75.45,77.45,995150
2026-02-24 10:37:00,10:37:00,76.85,79.8,76.2,78.5,576290
2026-02-24 10:38:00,10:38:00,77.15,78.5,75.7,77.4,606450
2026-02-24 10:39:00,10:39:00,77.55,79.35,75.8,76.6,790270
2026-02-24 10:40:00,10:40:00,76.75,83.2,76.6,83.2,1331850
2026-02-24 10:41:00,10:41:00,83.05,87.2,77.15,77.35,2232880
2026-02-24 10:42:00,10:42:00,76.8,77.45,72.8,74.5,1591395
2026-02-24 10:43:00,10:43:00,73.75,76.1,70.95,73.95,1294995
2026-02-24 10:44:00,10:44:00,74.4,84.0,73.95,84.0,1829100
2026-02-24 10:45:00,10:45:00,83.3,86.4,80.8,84.85,1984450
2026-02-24 10:46:00,10:46:00,84.5,86.75,82.3,86.75,1264120
2026-02-24 10:47:00,10:47:00,86.5,90.75,84.0,90.75,1657890
2026-02-24 10:48:00,10:48:00,90.65,105.85,90.1,100.65,4534790
2026-02-24 10:49:00,10:49:00,68.2,72.3,67.55,72.3,6159465
2026-02-24 10:50:00,10:50:00,73.7,76.0,68.0,70.1,9801220
2026-02-24 10:51:00,10:51:00,102.95,103.3,95.8,102.15,1705860
2026-02-24 10:52:00,10:52:00,68.65,75.35,67.8,74.85,5923970
2026-02-24 10:53:00,10:53:00,77.4,81.6,74.85,79.9,9601345
2026-02-24 10:54:00,10:54:00,80.25,80.25,75.35,76.35,4316195
2026-02-24 10:55:00,10:55:00,76.0,78.35,68.0,68.0,4730960
2026-02-24 10:56:00,10:56:00,68.6,74.15,67.0,73.55,4190290
2026-02-24 10:57:00,10:57:00,73.35,76.15,71.9,74.7,3452800
2026-02-24 10:58:00,10:58:00,74.4,74.95,69.75,70.7,2158975
2026-02-24 10:59:00,10:59:00,70.8,74.4,68.65,69.15,2028780
2026-02-24 11:00:00,11:00:00,102.15,103.8,94.0,95.75,1358370
2026-02-24 11:01:00,11:01:00,95.45,95.75,90.35,90.95,1065545
2026-02-24 11:02:00,11:02:00,92.15,96.35,89.45,93.2,1025115
2026-02-24 11:03:00,11:03:00,93.55,94.75,88.5,93.4,777530
2026-02-24 11:04:00,11:04:00,93.35,93.4,88.75,89.0,495170
2026-02-24 11:05:00,11:05:00,89.9,96.1,89.0,94.85,1082120
2026-02-24 11:06:00,11:06:00,95.5,96.8,91.95,92.6,793065
2026-02-24 11:07:00,11:07:00,93.45,93.65,84.75,86.95,1038115
2026-02-24 11:08:00,11:08:00,86.4,86.95,78.95,80.35,1870115
2026-02-24 11:09:00,11:09:00,80.35,84.0,78.5,80.7,1316965
2026-02-24 11:10:00,11:10:00,80.8,84.05,79.9,81.25,1289080
2026-02-24 11:11:00,11:11:00,81.35,81.35,74.05,75.0,2009215
2026-02-24 11:12:00,11:12:00,74.1,75.0,68.6,69.95,2339805
2026-02-24 11:13:00,11:13:00,69.6,76.1,69.5,71.55,1671085
2026-02-24 11:14:00,11:14:00,71.45,74.35,70.4,74.25,1135420
2026-02-24 11:15:00,11:15:00,73.85,78.45,71.15,72.7,1999790
2026-02-24 11:16:00,11:16:00,72.6,78.55,72.15,77.15,1072240
2026-02-24 11:17:00,11:17:00,77.55,81.6,73.9,74.65,1871805
2026-02-24 11:18:00,11:18:00,74.1,77.1,70.0,70.3,1297985
2026-02-24 11:19:00,11:19:00,70.75,72.2,67.35,72.15,1904760
2026-02-24 11:20:00,11:20:00,72.1,73.6,64.35,64.6,2015325
2026-02-24 11:21:00,11:21:00,64.75,68.25,63.3,68.1,1814215
2026-02-24 11:22:00,11:22:00,68.05,68.9,63.75,66.65,1296360
2026-02-24 11:23:00,11:23:00,67.45,74.85,66.65,74.35,1765075
2026-02-24 11:24:00,11:24:00,74.45,74.5,70.7,72.75,1452425
2026-02-24 11:25:00,11:25:00,72.3,74.5,69.25,71.95,1533350
2026-02-24 11:26:00,11:26:00,71.9,71.95,64.95,68.9,1628835
2026-02-24 11:27:00,11:27:00,67.65,68.9,63.7,68.35,1396005
2026-02-24 11:28:00,11:28:00,68.1,71.55,67.7,70.05,1261455
2026-02-24 11:29:00,11:29:00,69.05,70.05,65.0,65.3,1115985
2026-02-24 11:30:00,11:30:00,64.9,66.3,63.7,63.7,1329835
2026-02-24 11:31:00,11:31:00,64.95,68.6,63.7,67.05,1308645
2026-02-24 11:32:00,11:32:00,66.6,69.45,64.3,68.85,869310
2026-02-24 11:33:00,11:33:00,68.6,75.6,67.9,75.6,2078050
2026-02-24 11:34:00,11:34:00,74.0,78.2,73.1,74.8,2222090
2026-02-24 11:35:00,11:35:00,73.75,76.7,72.1,73.15,1344655
2026-02-24 11:36:00,11:36:00,72.0,75.75,69.45,74.1,1932320
2026-02-24 11:37:00,11:37:00,74.05,74.35,65.35,65.5,1569360
2026-02-24 11:38:00,11:38:00,66.3,66.3,61.3,64.25,2345850
2026-02-24 11:39:00,11:39:00,62.2,64.25,59.1,59.95,2111915
2026-02-24 11:40:00,11:40:00,59.3,63.75,57.55,61.0,2094560
2026-02-24 11:41:00,11:41:00,60.1,67.55,59.35,66.8,1931345
2026-02-24 11:42:00,11:42:00,67.15,73.85,66.7,73.85,2610985
2026-02-24 11:43:00,11:43:00,71.75,75.85,70.55,71.9,2312635
2026-02-24 11:44:00,11:44:00,71.85,77.45,70.85,77.45,1597895
2026-02-24 11:45:00,11:45:00,78.1,80.8,74.8,80.8,2983370
2026-02-24 11:46:00,11:46:00,80.8,83.45,77.0,77.6,3157505
2026-02-24 11:47:00,11:47:00,77.65,82.9,75.7,81.8,1673815
2026-02-24 11:48:00,11:48:00,82.25,83.2,79.25,81.3,1557855
2026-02-24 11:49:00,11:49:00,80.8,81.3,74.5,75.4,1492790
2026-02-24 11:50:00,11:50:00,74.85,82.75,74.05,82.05,1570595
2026-02-24 11:51:00,11:51:00,81.8,82.2,77.0,78.95,1080625
2026-02-24 11:52:00,11:52:00,78.7,80.8,76.1,77.45,661700
2026-02-24 11:53:00,11:53:00,78.0,80.7,75.2,76.55,811915
2026-02-24 11:54:00,11:54:00,76.35,82.0,75.5,81.95,899600
2026-02-24 11:55:00,11:55:00,81.8,84.0,79.25,82.6,1794975
2026-02-24 11:56:00,11:56:00,81.7,82.95,78.55,82.65,1120340
2026-02-24 11:57:00,11:57:00,82.3,83.95,78.7,83.95,1059435
2026-02-24 11:58:00,11:58:00,83.7,91.15,81.55,91.15,1823445
2026-02-24 11:59:00,11:59:00,57.05,64.8,55.35,64.8,11862435
2026-02-24 12:00:00,12:00:00,64.1,65.25,61.5,63.9,7081685
2026-02-24 12:01:00,12:01:00,63.6,70.15,63.6,66.95,8203585
2026-02-24 12:02:00,12:02:00,67.65,69.1,63.25,66.75,4407780
2026-02-24 12:03:00,12:03:00,66.8,72.5,66.45,68.4,6596525
2026-02-24 12:04:00,12:04:00,68.35,69.5,64.95,65.45,3701880
2026-02-24 12:05:00,12:05:00,65.4,65.45,54.1,55.65,7169630
2026-02-24 12:06:00,12:06:00,55.3,59.35,54.45,56.5,4168840
2026-02-24 12:07:00,12:07:00,55.55,59.7,54.65,57.85,2682225
2026-02-24 12:08:00,12:08:00,57.6,62.8,57.5,62.8,3173950
2026-02-24 12:09:00,12:09:00,63.2,68.8,62.1,65.15,6212895
2026-02-24 12:10:00,12:10:00,65.2,67.6,62.95,65.9,3694210
2026-02-24 12:11:00,12:11:00,66.05,72.5,63.45,71.65,5202795
2026-02-24 12:12:00,12:12:00,72.5,75.75,66.85,68.45,7786870
2026-02-24 12:13:00,12:13:00,67.0,68.45,57.6,58.85,5076435
2026-02-24 12:14:00,12:14:00,59.55,62.65,56.95,62.65,2936635
2026-02-24 12:15:00,12:15:00,62.6,66.7,62.6,65.35,4048525
2026-02-24 12:16:00,12:16:00,65.7,67.75,64.7,66.35,2660515
2026-02-24 12:17:00,12:17:00,66.2,68.85,65.45,65.6,2185170
2026-02-24 12:18:00,12:18:00,65.6,68.15,65.15,65.3,1831050
2026-02-24 12:19:00,12:19:00,65.45,69.7,65.3,68.35,3245710
2026-02-24 12:20:00,12:20:00,68.5,84.25,68.35,82.0,8639865
2026-02-24 12:21:00,12:21:00,81.35,82.65,74.9,79.05,5966220
2026-02-24 12:22:00,12:22:00,78.75,82.4,78.35,81.3,3378830
2026-02-24 12:23:00,12:23:00,81.4,94.35,81.3,94.35,6525350
2026-02-24 12:24:00,12:24:00,61.35,63.1,56.25,60.15,9734140
2026-02-24 12:25:00,12:25:00,95.85,96.55,84.65,87.1,5004155
2026-02-24 12:26:00,12:26:00,52.55,55.85,52.55,55.25,3652025
2026-02-24 12:27:00,12:27:00,55.0,60.1,55.0,58.25,4633460
2026-02-24 12:28:00,12:28:00,93.1,93.85,86.8,88.0,2256800
2026-02-24 12:29:00,12:29:00,87.35,88.0,81.0,87.4,2673580
2026-02-24 12:30:00,12:30:00,87.55,87.7,82.55,84.7,1700725
2026-02-24 12:31:00,12:31:00,86.2,89.75,84.7,86.75,1657760
2026-02-24 12:32:00,12:32:00,86.2,87.25,83.15,86.6,1367925
2026-02-24 12:33:00,12:33:00,52.25,58.0,52.05,55.6,4369235
2026-02-24 12:34:00,12:34:00,90.6,90.7,86.3,87.3,1603160
2026-02-24 12:35:00,12:35:00,87.25,87.3,81.8,82.8,1618305
2026-02-24 12:36:00,12:36:00,80.75,86.65,78.6,86.0,2555605
2026-02-24 12:37:00,12:37:00,86.25,86.45,80.75,83.8,1348945
2026-02-24 12:38:00,12:38:00,84.05,85.3,80.9,82.75,929435
2026-02-24 12:39:00,12:39:00,82.4,87.8,82.4,87.65,1390350
2026-02-24 12:40:00,12:40:00,86.95,88.75,83.7,86.8,1634620
2026-02-24 12:41:00,12:41:00,53.0,54.65,52.4,54.25,2166970
2026-02-24 12:42:00,12:42:00,54.15,56.6,53.85,55.1,3330990
2026-02-24 12:43:00,12:43:00,55.0,57.35,53.45,57.35,2028000
2026-02-24 12:44:00,12:44:00,59.15,59.15,53.55,57.65,3628820
2026-02-24 12:45:00,12:45:00,56.8,61.1,55.4,61.1,4503135
2026-02-24 12:46:00,12:46:00,59.4,71.4,57.85,70.7,8151975
2026-02-24 12:47:00,12:47:00,68.5,78.95,67.5,74.75,9209330
2026-02-24 12:48:00,12:48:00,75.25,75.6,66.55,73.55,4243200
2026-02-24 12:49:00,12:49:00,73.15,74.5,69.7,72.8,2415205
2026-02-24 12:50:00,12:50:00,72.8,78.75,70.8,72.15,4367870
2026-02-24 12:51:00,12:51:00,73.0,74.4,68.0,71.3,2540590
2026-02-24 12:52:00,12:52:00,71.4,73.55,68.45,70.5,1588730
2026-02-24 12:53:00,12:53:00,70.7,73.4,68.65,73.1,1686880
2026-02-24 12:54:00,12:54:00,72.1,73.1,64.95,64.95,1939470
2026-02-24 12:55:00,12:55:00,64.4,66.2,60.75,64.05,3372850
2026-02-24 12:56:00,12:56:00,64.2,65.9,62.65,62.85,1564355
2026-02-24 12:57:00,12:57:00,62.35,67.0,61.55,66.0,2039375
2026-02-24 12:58:00,12:58:00,64.9,70.15,64.5,69.95,2357680
2026-02-24 12:59:00,12:59:00,69.0,70.15,60.8,63.25,2439710
2026-02-24 13:00:00,13:00:00,63.25,69.4,62.95,64.6,1979900
2026-02-24 13:01:00,13:01:00,64.75,66.3,59.8,61.1,2253290
2026-02-24 13:02:00,13:02:00,61.0,64.3,57.95,58.25,2298595
2026-02-24 13:03:00,13:03:00,58.15,58.5,51.65,53.45,4116060
2026-02-24 13:04:00,13:04:00,52.7,53.5,50.45,50.65,2790190
2026-02-24 13:05:00,13:05:00,51.7,56.05,50.65,54.5,2687750
2026-02-24 13:06:00,13:06:00,54.3,55.35,51.95,54.15,1837420
2026-02-24 13:07:00,13:07:00,53.5,57.55,53.5,56.2,2131805
2026-02-24 13:08:00,13:08:00,56.1,56.35,48.45,51.8,3071445
2026-02-24 13:09:00,13:09:00,51.35,52.6,49.5,51.9,1773590
2026-02-24 13:10:00,13:10:00,51.7,55.1,51.25,53.85,1780155
2026-02-24 13:11:00,13:11:00,53.65,54.35,48.4,51.0,2110355
2026-02-24 13:12:00,13:12:00,85.8,85.95,79.1,80.75,1768455
2026-02-24 13:13:00,13:13:00,81.25,87.0,77.3,83.4,2131675
2026-02-24 13:14:00,13:14:00,49.3,52.15,47.45,51.95,2206165
2026-02-24 13:15:00,13:15:00,52.25,56.35,51.25,54.25,4353895
2026-02-24 13:16:00,13:16:00,54.1,55.65,52.4,53.45,2299245
2026-02-24 13:17:00,13:17:00,53.05,55.55,52.15,52.85,1898650
2026-02-24 13:18:00,13:18:00,52.55,52.85,44.15,49.3,4038060
2026-02-24 13:19:00,13:19:00,49.5,51.15,45.45,47.6,2512835
2026-02-24 13:20:00,13:20:00,46.85,51.8,45.7,51.75,2058550
2026-02-24 13:21:00,13:21:00,51.65,53.95,50.6,53.25,2403180
2026-02-24 13:22:00,13:22:00,53.3,55.9,51.0,52.8,3202615
2026-02-24 13:23:00,13:23:00,53.1,58.1,52.8,58.1,3430180
2026-02-24 13:24:00,13:24:00,58.0,67.6,57.6,67.4,6390670
2026-02-24 13:25:00,13:25:00,68.1,71.15,64.75,64.8,5562310
2026-02-24 13:26:00,13:26:00,64.9,65.25,58.8,59.85,3795220
2026-02-24 13:27:00,13:27:00,60.0,61.9,54.5,54.65,3257800
2026-02-24 13:28:00,13:28:00,53.2,63.75,53.1,63.75,3373305
2026-02-24 13:29:00,13:29:00,63.7,81.65,63.7,81.65,7948460
2026-02-24 13:30:00,13:30:00,47.8,61.6,45.3,61.55,22108255
2026-02-24 13:31:00,13:31:00,63.4,68.85,60.05,67.5,14250340
2026-02-24 13:32:00,13:32:00,66.2,77.4,64.5,76.3,12077260
2026-02-24 13:33:00,13:33:00,78.45,79.35,69.05,69.85,8218210
2026-02-24 13:34:00,13:34:00,70.4,75.55,61.75,71.8,6948630
2026-02-24 13:35:00,13:35:00,71.85,76.85,69.7,70.75,4253015
2026-02-24 13:36:00,13:36:00,69.7,78.55,69.7,75.8,5624580
2026-02-24 13:37:00,13:37:00,75.05,75.8,61.75,61.75,5687305
2026-02-24 13:38:00,13:38:00,61.95,64.0,50.35,50.35,6997120
2026-02-24 13:39:00,13:39:00,86.55,87.0,73.75,77.1,2683590
2026-02-24 13:40:00,13:40:00,43.95,53.2,43.95,51.2,7768020
2026-02-24 13:41:00,13:41:00,52.0,58.45,50.5,55.95,7055165
2026-02-24 13:42:00,13:42:00,55.9,57.25,51.9,51.9,4536285
2026-02-24 13:43:00,13:43:00,53.55,58.8,51.9,54.95,3647865
2026-02-24 13:44:00,13:44:00,53.85,54.95,51.1,53.55,2684370
2026-02-24 13:45:00,13:45:00,54.0,55.35,45.9,49.0,4903080
2026-02-24 13:46:00,13:46:00,49.6,53.3,49.0,52.15,3375840
2026-02-24 13:47:00,13:47:00,51.75,55.4,50.3,54.3,3075735
2026-02-24 13:48:00,13:48:00,54.6,58.2,53.05,55.0,3877445
2026-02-24 13:49:00,13:49:00,54.6,58.4,54.2,56.25,2461095
2026-02-24 13:50:00,13:50:00,56.85,58.7,55.25,57.55,3099265
2026-02-24 13:51:00,13:51:00,57.05,60.05,51.6,53.6,4181255
2026-02-24 13:52:00,13:52:00,53.1,54.25,50.2,50.35,2134535
2026-02-24 13:53:00,13:53:00,50.3,53.0,46.5,48.45,4141865
2026-02-24 13:54:00,13:54:00,48.0,51.3,44.6,46.2,3425305
2026-02-24 13:55:00,13:55:00,80.2,80.8,60.05,64.4,3773705
2026-02-24 13:56:00,13:56:00,63.5,64.4,56.85,59.2,3128385
2026-02-24 13:57:00,13:57:00,59.5,60.15,54.0,56.5,2737540
2026-02-24 13:58:00,13:58:00,54.9,61.4,53.6,60.8,3088670
2026-02-24 13:59:00,13:59:00,60.5,61.3,54.45,58.45,2201680
2026-02-24 14:00:00,14:00:00,56.9,61.55,55.6,58.05,2118415
2026-02-24 14:01:00,14:01:00,58.1,80.8,56.5,73.45,4345965
2026-02-24 14:02:00,14:02:00,74.1,74.1,59.55,64.8,2757755
2026-02-24 14:03:00,14:03:00,63.5,70.3,61.4,69.35,2207140
2026-02-24 14:04:00,14:04:00,68.7,77.35,68.4,75.5,2568735
2026-02-24 14:05:00,14:05:00,73.3,80.4,71.7,76.4,2285335
2026-02-24 14:06:00,14:06:00,77.0,80.95,72.0,72.65,1743820
2026-02-24 14:07:00,14:07:00,72.6,72.65,58.35,60.25,3318705
2026-02-24 14:08:00,14:08:00,58.75,63.0,58.2,61.75,1479400
2026-02-24 14:09:00,14:09:00,61.7,61.75,54.1,55.8,2311400
2026-02-24 14:10:00,14:10:00,55.3,59.0,53.2,53.85,1615770
2026-02-24 14:11:00,14:11:00,90.5,93.8,75.4,77.75,3230240
2026-02-24 14:12:00,14:12:00,77.6,81.55,71.75,73.3,2567175
2026-02-24 14:13:00,14:13:00,73.65,80.2,71.95,79.0,2138955
2026-02-24 14:14:00,14:14:00,78.45,79.0,65.7,72.9,3192865
2026-02-24 14:15:00,14:15:00,71.1,77.0,69.6,73.15,2363920
2026-02-24 14:16:00,14:16:00,72.85,77.25,69.0,77.25,2550600
2026-02-24 14:17:00,14:17:00,80.75,92.45,73.45,73.45,4793750
2026-02-24 14:18:00,14:18:00,73.6,80.9,72.85,75.45,2073240
2026-02-24 14:19:00,14:19:00,74.45,84.25,73.2,82.25,1727505
2026-02-24 14:20:00,14:20:00,82.35,85.65,77.0,83.6,2068690
2026-02-24 14:21:00,14:21:00,83.0,83.9,75.95,81.35,1713205
2026-02-24 14:22:00,14:22:00,80.75,84.8,76.5,79.15,1900145
2026-02-24 14:23:00,14:23:00,42.55,56.9,41.8,56.5,7343570
2026-02-24 14:24:00,14:24:00,56.65,66.85,52.8,53.6,8921575
2026-02-24 14:25:00,14:25:00,53.9,55.75,45.25,47.15,5165095
2026-02-24 14:26:00,14:26:00,47.75,55.15,46.3,46.3,3455335
2026-02-24 14:27:00,14:27:00,46.45,51.55,45.75,47.4,2686905
2026-02-24 14:28:00,14:28:00,46.3,47.4,40.0,46.3,5216445
2026-02-24 14:29:00,14:29:00,46.55,53.35,42.45,50.15,3728400
2026-02-24 14:30:00,14:30:00,49.9,60.55,49.9,56.8,4903860
2026-02-24 14:31:00,14:31:00,57.05,57.05,44.75,49.95,4232865
2026-02-24 14:32:00,14:32:00,49.05,56.4,46.35,54.75,3111290
2026-02-24 14:33:00,14:33:00,54.8,64.85,52.1,64.85,4467320
2026-02-24 14:34:00,14:34:00,65.0,70.55,58.9,61.9,5192980
2026-02-24 14:35:00,14:35:00,62.65,62.65,49.45,54.7,3806205
2026-02-24 14:36:00,14:36:00,54.45,57.3,46.85,48.95,3104140
2026-02-24 14:37:00,14:37:00,50.0,53.25,45.6,46.8,2817880
2026-02-24 14:38:00,14:38:00,47.4,48.2,31.3,37.4,7767565
2026-02-24 14:39:00,14:39:00,38.6,46.65,34.6,45.05,5792930
2026-02-24 14:40:00,14:40:00,44.4,46.65,41.05,44.2,4010305
2026-02-24 14:41:00,14:41:00,43.5,44.65,36.15,44.1,4383795
2026-02-24 14:42:00,14:42:00,44.55,46.6,39.85,41.9,3631810
2026-02-24 14:43:00,14:43:00,44.5,55.75,41.85,55.1,6250205
2026-02-24 14:44:00,14:44:00,54.95,65.85,51.9,64.75,7110870
2026-02-24 14:45:00,14:45:00,30.3,39.2,25.55,37.3,31061225
2026-02-24 14:46:00,14:46:00,80.3,84.1,56.25,64.8,7406035
2026-02-24 14:47:00,14:47:00,64.35,68.5,61.55,62.6,2729610
2026-02-24 14:48:00,14:48:00,62.05,68.95,59.1,68.95,2866760
2026-02-24 14:49:00,14:49:00,69.35,75.25,54.05,54.05,4589715
2026-02-24 14:50:00,14:50:00,53.1,54.05,37.35,41.3,6449755
2026-02-24 14:51:00,14:51:00,40.8,44.3,34.7,35.7,5931250
2026-02-24 14:52:00,14:52:00,35.35,38.9,31.5,38.2,5883995
2026-02-24 14:53:00,14:53:00,38.2,44.9,35.0,43.7,6295120
2026-02-24 14:54:00,14:54:00,44.85,47.65,32.4,39.05,6961565
2026-02-24 14:55:00,14:55:00,38.3,46.05,33.25,39.35,5566535
2026-02-24 14:56:00,14:56:00,38.65,39.75,32.8,36.05,5495815
2026-02-24 14:57:00,14:57:00,36.75,45.2,35.4,40.1,6448260
2026-02-24 14:58:00,14:58:00,39.65,40.1,29.35,29.35,6367010
2026-02-24 14:59:00,14:59:00,68.25,76.2,64.1,67.9,3701620
2026-02-24 15:00:00,15:00:00,61.5,72.75,45.75,72.4,9261720
2026-02-24 15:01:00,15:01:00,26.25,31.5,21.7,28.15,18219825
2026-02-24 15:02:00,15:02:00,28.3,47.1,28.15,40.15,19008795
2026-02-24 15:03:00,15:03:00,41.4,45.05,38.4,44.1,8404565
2026-02-24 15:04:00,15:04:00,42.9,46.05,36.95,44.25,8510125
2026-02-24 15:05:00,15:05:00,43.6,50.05,33.6,39.05,10561525
2026-02-24 15:06:00,15:06:00,40.05,41.0,29.4,36.35,9327630
2026-02-24 15:07:00,15:07:00,36.7,43.4,34.95,39.2,8479640
2026-02-24 15:08:00,15:08:00,39.8,44.8,35.75,40.25,5046340
2026-02-24 15:09:00,15:09:00,39.9,42.15,33.95,39.45,5620355
2026-02-24 15:10:00,15:10:00,40.4,40.4,35.05,36.7,3527420
2026-02-24 15:11:00,15:11:00,36.3,36.8,32.65,33.45,5330845
2026-02-24 15:12:00,15:12:00,33.4,34.5,31.25,34.35,5366270
2026-02-24 15:13:00,15:13:00,34.5,34.5,28.1,29.9,6362135
2026-02-24 15:14:00,15:14:00,30.2,31.1,26.6,28.7,6379750
2026-02-24 15:15:00,15:15:00,29.1,32.85,28.2,31.7,6091475
2026-02-24 15:16:00,15:16:00,32.2,32.8,30.55,31.3,3633890
2026-02-24 15:17:00,15:17:00,81.05,81.05,77.15,78.1,870220
2026-02-24 15:18:00,15:18:00,78.5,79.3,73.85,74.15,1194440
2026-02-24 15:19:00,15:19:00,73.2,75.25,71.2,73.75,1239810
2026-02-24 15:20:00,15:20:00,73.85,75.3,72.05,72.4,858000
2026-02-24 15:21:00,15:21:00,72.65,75.8,72.4,75.4,728195
2026-02-24 15:22:00,15:22:00,76.05,76.05,73.85,75.5,690040
2026-02-24 15:23:00,15:23:00,75.6,75.6,74.4,74.95,343655
2026-02-24 15:24:00,15:24:00,74.75,75.0,73.05,73.1,613145
2026-02-24 15:25:00,15:25:00,73.1,74.5,73.1,74.5,441090
2026-02-24 15:26:00,15:26:00,74.65,74.75,73.65,74.5,527085
2026-02-24 15:27:00,15:27:00,74.6,75.0,73.8,74.05,636285
2026-02-24 15:28:00,15:28:00,74.2,74.75,74.0,74.75,561665
2026-02-24 15:29:00,15:29:00,74.8,75.2,74.65,75.0,723710
2026-02-25 09:15:00,09:15:00,159.0,159.0,118.35,120.05,2844465
2026-02-25 09:16:00,09:16:00,117.1,124.5,115.95,119.8,1808625
2026-02-25 09:17:00,09:17:00,121.05,121.2,113.45,117.5,1451840
2026-02-25 09:18:00,09:18:00,117.55,118.45,112.4,114.45,976170
2026-02-25 09:19:00,09:19:00,114.05,118.45,110.9,110.9,1137760
2026-02-25 09:20:00,09:20:00,110.15,110.9,107.2,108.95,1191970
2026-02-25 09:21:00,09:21:00,108.6,112.9,102.85,102.9,1270555
2026-02-25 09:22:00,09:22:00,102.9,104.4,100.85,102.6,927680
2026-02-25 09:23:00,09:23:00,103.2,105.6,102.45,103.25,736255
2026-02-25 09:24:00,09:24:00,102.75,104.35,99.95,100.2,687895
2026-02-25 09:25:00,09:25:00,99.4,101.15,97.05,97.7,1029015
2026-02-25 09:26:00,09:26:00,115.55,115.75,109.2,109.95,821405
2026-02-25 09:27:00,09:27:00,110.35,110.65,105.5,105.9,681005
2026-02-25 09:28:00,09:28:00,105.35,109.05,104.15,109.05,700765
2026-02-25 09:29:00,09:29:00,108.8,109.5,106.4,106.4,577980
2026-02-25 09:30:00,09:30:00,105.6,114.0,105.4,107.85,1216410
2026-02-25 09:31:00,09:31:00,91.15,95.5,91.15,95.2,726700
2026-02-25 09:32:00,09:32:00,94.85,102.45,94.8,98.15,1775020
2026-02-25 09:33:00,09:33:00,97.45,100.5,95.15,98.35,970645
2026-02-25 09:34:00,09:34:00,115.95,116.7,110.8,111.0,512460
2026-02-25 09:35:00,09:35:00,111.3,115.0,110.05,112.3,507000
2026-02-25 09:36:00,09:36:00,112.35,113.55,109.15,111.85,417300
2026-02-25 09:37:00,09:37:00,112.0,114.3,107.6,111.0,610870
2026-02-25 09:38:00,09:38:00,94.2,100.5,93.65,100.5,1046695
2026-02-25 09:39:00,09:39:00,100.0,100.65,96.7,98.35,680875
2026-02-25 09:40:00,09:40:00,115.55,117.0,110.4,112.3,608010
2026-02-25 09:41:00,09:41:00,94.95,100.75,92.35,100.6,740610
2026-02-25 09:42:00,09:42:00,100.5,100.6,98.1,99.05,826280
2026-02-25 09:43:00,09:43:00,99.15,102.2,99.0,101.7,1009190
2026-02-25 09:44:00,09:44:00,102.0,104.15,101.4,103.9,1035645
2026-02-25 09:45:00,09:45:00,103.55,103.9,97.2,97.5,1006590
2026-02-25 09:46:00,09:46:00,115.6,116.25,112.0,112.45,677040
2026-02-25 09:47:00,09:47:00,113.0,114.0,107.2,113.15,874510
2026-02-25 09:48:00,09:48:00,113.05,115.9,109.45,111.6,720590
2026-02-25 09:49:00,09:49:00,110.55,115.4,110.55,114.85,393185
2026-02-25 09:50:00,09:50:00,96.9,98.15,94.7,96.7,534690
2026-02-25 09:51:00,09:51:00,113.6,114.45,111.65,111.65,288275
2026-02-25 09:52:00,09:52:00,111.25,113.35,109.0,113.0,522535
2026-02-25 09:53:00,09:53:00,95.25,100.85,94.9,100.45,862875
2026-02-25 09:54:00,09:54:00,100.5,105.7,96.15,96.6,1543360
2026-02-25 09:55:00,09:55:00,96.15,97.0,93.0,96.2,902460
2026-02-25 09:56:00,09:56:00,112.5,114.05,108.2,108.8,705055
2026-02-25 09:57:00,09:57:00,109.4,110.2,103.0,103.0,1010815
2026-02-25 09:58:00,09:58:00,102.75,104.3,100.0,104.3,1008475
2026-02-25 09:59:00,09:59:00,103.65,104.3,99.55,100.15,513565
2026-02-25 10:00:00,10:00:00,99.6,102.45,97.8,99.2,828490
2026-02-25 10:01:00,10:01:00,98.6,100.5,97.5,99.95,373035
2026-02-25 10:02:00,10:02:00,100.0,102.0,99.05,99.3,385645
2026-02-25 10:03:00,10:03:00,99.1,99.3,97.15,97.15,434070
2026-02-25 10:04:00,10:04:00,97.05,97.8,96.2,97.2,466830
2026-02-25 10:05:00,10:05:00,96.9,97.2,94.5,94.5,520715
2026-02-25 10:06:00,10:06:00,112.15,113.35,111.2,111.75,811200
2026-02-25 10:07:00,10:07:00,111.8,112.85,110.3,111.85,735995
2026-02-25 10:08:00,10:08:00,93.8,94.4,93.15,93.75,212875
2026-02-25 10:09:00,10:09:00,111.4,111.8,109.55,110.55,728975
2026-02-25 10:10:00,10:10:00,92.45,93.85,91.95,93.4,318955
2026-02-25 10:11:00,10:11:00,93.25,94.75,92.55,94.45,273520
2026-02-25 10:12:00,10:12:00,94.35,94.45,92.2,92.2,274625
2026-02-25 10:13:00,10:13:00,109.45,110.3,107.5,109.45,1075555
2026-02-25 10:14:00,10:14:00,109.1,109.75,107.75,108.25,396500
2026-02-25 10:15:00,10:15:00,107.85,108.25,105.5,106.85,972595
2026-02-25 10:16:00,10:16:00,106.65,106.85,104.4,104.4,1130480
2026-02-25 10:17:00,10:17:00,104.7,105.0,102.75,104.7,1266915
2026-02-25 10:18:00,10:18:00,104.6,105.45,103.7,104.8,667875
2026-02-25 10:19:00,10:19:00,104.7,108.0,104.7,107.85,977665
2026-02-25 10:20:00,10:20:00,107.5,109.15,107.0,109.05,917735
2026-02-25 10:21:00,10:21:00,108.9,109.1,107.7,108.85,720395
2026-02-25 10:22:00,10:22:00,108.0,108.85,107.2,107.3,463060
2026-02-25 10:23:00,10:23:00,107.25,109.35,106.5,109.25,599105
2026-02-25 10:24:00,10:24:00,109.1,110.7,108.65,110.65,727545
2026-02-25 10:25:00,10:25:00,110.5,110.65,108.3,108.7,521040
2026-02-25 10:26:00,10:26:00,108.55,109.35,108.0,108.1,329355
2026-02-25 10:27:00,10:27:00,107.75,108.55,106.75,108.25,486980
2026-02-25 10:28:00,10:28:00,108.0,108.55,106.65,106.7,282555
2026-02-25 10:29:00,10:29:00,106.15,108.35,106.15,108.05,340860
2026-02-25 10:30:00,10:30:00,107.7,108.05,106.35,107.3,332670
2026-02-25 10:31:00,10:31:00,107.2,108.6,105.8,106.7,614315
2026-02-25 10:32:00,10:32:00,106.7,108.25,106.1,106.6,319215
2026-02-25 10:33:00,10:33:00,106.35,108.0,106.35,107.5,242255
2026-02-25 10:34:00,10:34:00,107.3,107.7,105.85,106.65,247065
2026-02-25 10:35:00,10:35:00,106.2,106.65,104.8,106.4,486460
2026-02-25 10:36:00,10:36:00,106.45,106.45,104.2,104.6,487110
2026-02-25 10:37:00,10:37:00,104.55,109.85,104.25,109.75,727415
2026-02-25 10:38:00,10:38:00,109.85,112.2,109.75,111.55,1691170
2026-02-25 10:39:00,10:39:00,110.95,111.55,107.7,108.3,991185
2026-02-25 10:40:00,10:40:00,108.15,110.6,108.0,110.4,535405
2026-02-25 10:41:00,10:41:00,110.55,111.35,108.7,108.7,620035
2026-02-25 10:42:00,10:42:00,109.0,111.45,108.7,110.75,554775
2026-02-25 10:43:00,10:43:00,110.95,112.25,109.3,109.9,760890
2026-02-25 10:44:00,10:44:00,92.4,94.2,92.4,93.6,255905
2026-02-25 10:45:00,10:45:00,93.75,94.5,92.05,93.05,335595
2026-02-25 10:46:00,10:46:00,93.3,93.6,92.4,93.4,119535
2026-02-25 10:47:00,10:47:00,93.45,95.85,92.5,95.7,340990
2026-02-25 10:48:00,10:48:00,96.45,97.2,94.0,94.9,707330
2026-02-25 10:49:00,10:49:00,95.1,96.35,94.15,95.85,225745
2026-02-25 10:50:00,10:50:00,96.0,96.5,93.8,94.1,296920
2026-02-25 10:51:00,10:51:00,112.1,112.95,110.45,111.8,755105
2026-02-25 10:52:00,10:52:00,93.3,96.7,93.3,95.35,257855
2026-02-25 10:53:00,10:53:00,95.3,96.55,94.8,95.25,153790
2026-02-25 10:54:00,10:54:00,95.5,96.55,94.8,95.5,180830
2026-02-25 10:55:00,10:55:00,95.4,95.7,93.7,94.65,193375
2026-02-25 10:56:00,10:56:00,94.55,96.85,94.55,96.75,278200
2026-02-25 10:57:00,10:57:00,96.5,96.75,92.5,92.95,316355
2026-02-25 10:58:00,10:58:00,92.8,95.15,92.35,94.25,198835
2026-02-25 10:59:00,10:59:00,94.25,96.45,93.4,95.9,194025
2026-02-25 11:00:00,11:00:00,95.65,96.1,92.75,93.15,248300
2026-02-25 11:01:00,11:01:00,93.15,93.4,91.4,92.6,248755
2026-02-25 11:02:00,11:02:00,92.55,92.8,91.0,92.8,188435
2026-02-25 11:03:00,11:03:00,93.2,94.7,92.75,94.15,185835
2026-02-25 11:04:00,11:04:00,93.9,97.15,93.85,96.1,362700
2026-02-25 11:05:00,11:05:00,96.0,96.1,92.25,93.6,217555
2026-02-25 11:06:00,11:06:00,93.35,94.9,92.8,93.35,100555
2026-02-25 11:07:00,11:07:00,111.25,111.9,109.4,109.65,426920
2026-02-25 11:08:00,11:08:00,92.15,94.5,91.6,93.3,136890
2026-02-25 11:09:00,11:09:00,93.0,94.5,93.0,93.3,93210
2026-02-25 11:10:00,11:10:00,93.05,93.5,92.2,92.6,82875
2026-02-25 11:11:00,11:11:00,110.05,110.6,108.65,110.6,425620
2026-02-25 11:12:00,11:12:00,92.9,94.25,92.25,94.15,118950
2026-02-25 11:13:00,11:13:00,94.25,97.7,94.15,97.2,473525
2026-02-25 11:14:00,11:14:00,97.4,98.4,95.0,95.4,329420
2026-02-25 11:15:00,11:15:00,95.45,96.65,94.5,95.15,174460
2026-02-25 11:16:00,11:16:00,95.1,96.85,93.85,96.0,197600
2026-02-25 11:17:00,11:17:00,96.35,99.05,96.0,97.55,478205
2026-02-25 11:18:00,11:18:00,98.0,99.65,97.15,97.3,454675
2026-02-25 11:19:00,11:19:00,97.5,97.8,96.45,96.8,200395
2026-02-25 11:20:00,11:20:00,97.05,97.9,95.6,95.6,208260
2026-02-25 11:21:00,11:21:00,95.35,98.1,95.0,97.55,228995
2026-02-25 11:22:00,11:22:00,97.55,99.5,97.0,97.5,351585
2026-02-25 11:23:00,11:23:00,97.65,100.35,97.5,100.3,357760
2026-02-25 11:24:00,11:24:00,100.95,101.0,95.85,96.35,468325
2026-02-25 11:25:00,11:25:00,96.2,97.3,94.95,95.65,249535
2026-02-25 11:26:00,11:26:00,96.15,97.4,94.75,95.6,217360
2026-02-25 11:27:00,11:27:00,95.7,98.95,95.6,97.9,222885
2026-02-25 11:28:00,11:28:00,96.65,97.9,94.3,95.3,232700
2026-02-25 11:29:00,11:29:00,95.15,97.05,94.8,96.85,126620
2026-02-25 11:30:00,11:30:00,96.2,97.95,95.25,96.65,161915
2026-02-25 11:31:00,11:31:00,97.25,100.55,96.65,100.25,354445
2026-02-25 11:32:00,11:32:00,99.9,100.7,97.6,97.95,307580
2026-02-25 11:33:00,11:33:00,97.9,99.05,96.85,98.3,186290
2026-02-25 11:34:00,11:34:00,98.0,98.7,95.5,97.75,177645
2026-02-25 11:35:00,11:35:00,97.7,97.85,94.8,95.7,215475
2026-02-25 11:36:00,11:36:00,95.45,95.8,94.2,95.35,162890
2026-02-25 11:37:00,11:37:00,95.1,97.45,95.1,97.4,180050
2026-02-25 11:38:00,11:38:00,96.95,97.4,94.55,94.9,151840
2026-02-25 11:39:00,11:39:00,94.45,96.85,94.45,96.1,136240
2026-02-25 11:40:00,11:40:00,96.45,102.8,96.1,101.7,870285
2026-02-25 11:41:00,11:41:00,101.55,103.8,99.75,100.3,942955
2026-02-25 11:42:00,11:42:00,100.35,101.4,99.1,101.4,423150
2026-02-25 11:43:00,11:43:00,100.65,101.4,98.15,99.85,366600
2026-02-25 11:44:00,11:44:00,99.75,100.35,98.05,98.05,234390
2026-02-25 11:45:00,11:45:00,97.4,98.05,94.5,96.1,587860
2026-02-25 11:46:00,11:46:00,95.35,96.35,93.9,94.1,355095
2026-02-25 11:47:00,11:47:00,94.3,94.55,92.45,94.15,461500
2026-02-25 11:48:00,11:48:00,94.25,95.35,92.85,94.3,284440
2026-02-25 11:49:00,11:49:00,94.3,95.35,93.25,93.25,172315
2026-02-25 11:50:00,11:50:00,93.5,94.3,93.05,93.8,146250
2026-02-25 11:51:00,11:51:00,93.8,96.0,93.4,95.25,223535
2026-02-25 11:52:00,11:52:00,95.3,96.95,95.0,96.75,179790
2026-02-25 11:53:00,11:53:00,96.85,98.75,96.2,97.4,213265
2026-02-25 11:54:00,11:54:00,97.4,99.65,96.85,98.85,259545
2026-02-25 11:55:00,11:55:00,99.0,101.2,98.85,100.2,420095
2026-02-25 11:56:00,11:56:00,98.7,100.85,98.7,100.85,216515
2026-02-25 11:57:00,11:57:00,100.8,103.05,100.6,101.1,476905
2026-02-25 11:58:00,11:58:00,101.4,106.65,100.75,104.75,716495
2026-02-25 11:59:00,11:59:00,104.9,106.9,102.45,102.7,653055
2026-02-25 12:00:00,12:00:00,102.5,103.35,100.6,101.0,384280
2026-02-25 12:01:00,12:01:00,100.7,103.1,100.7,102.2,255580
2026-02-25 12:02:00,12:02:00,102.35,102.95,101.1,102.75,167245
2026-02-25 12:03:00,12:03:00,102.75,102.75,97.75,98.25,446875
2026-02-25 12:04:00,12:04:00,98.0,99.15,97.25,97.8,243230
2026-02-25 12:05:00,12:05:00,98.15,99.4,96.65,97.55,259610
2026-02-25 12:06:00,12:06:00,97.55,101.05,96.9,100.55,315315
2026-02-25 12:07:00,12:07:00,100.55,102.65,99.5,100.4,276705
2026-02-25 12:08:00,12:08:00,100.25,101.85,100.0,100.0,126945
2026-02-25 12:09:00,12:09:00,99.55,100.6,98.9,99.15,139490
2026-02-25 12:10:00,12:10:00,99.0,100.75,98.45,99.8,142090
2026-02-25 12:11:00,12:11:00,100.15,100.5,98.1,98.45,156520
2026-02-25 12:12:00,12:12:00,98.2,99.2,96.75,96.75,208065
2026-02-25 12:13:00,12:13:00,96.55,100.7,96.55,100.7,209885
2026-02-25 12:14:00,12:14:00,100.75,103.45,99.15,99.6,481390
2026-02-25 12:15:00,12:15:00,99.65,101.0,99.25,99.7,185835
2026-02-25 12:16:00,12:16:00,99.85,99.9,97.4,97.9,168285
2026-02-25 12:17:00,12:17:00,97.25,98.25,95.85,96.0,239590
2026-02-25 12:18:00,12:18:00,95.95,97.5,94.75,97.35,300950
2026-02-25 12:19:00,12:19:00,97.25,99.85,97.25,99.85,226330
2026-02-25 12:20:00,12:20:00,99.4,100.0,98.15,98.85,155805
2026-02-25 12:21:00,12:21:00,99.25,104.95,98.85,104.95,475475
2026-02-25 12:22:00,12:22:00,105.4,106.1,102.55,104.35,549250
2026-02-25 12:23:00,12:23:00,104.15,104.35,100.9,101.65,274365
2026-02-25 12:24:00,12:24:00,101.15,101.75,99.4,100.75,225290
2026-02-25 12:25:00,12:25:00,100.75,102.5,100.25,101.85,249600
2026-02-25 12:26:00,12:26:00,101.7,103.5,101.5,102.55,305630
2026-02-25 12:27:00,12:27:00,102.3,104.0,101.15,104.0,203190
2026-02-25 12:28:00,12:28:00,103.7,104.75,102.25,103.25,364715
2026-02-25 12:29:00,12:29:00,103.3,105.1,103.05,104.0,310960
2026-02-25 12:30:00,12:30:00,104.2,105.1,102.1,103.65,310245
2026-02-25 12:31:00,12:31:00,103.55,106.65,102.8,106.35,443950
2026-02-25 12:32:00,12:32:00,106.95,113.35,104.75,113.25,1091285
2026-02-25 12:33:00,12:33:00,95.25,105.8,94.35,105.4,3658850
2026-02-25 12:34:00,12:34:00,105.2,118.45,105.2,117.95,3571100
2026-02-25 12:35:00,12:35:00,99.15,105.9,96.85,104.25,1274650
2026-02-25 12:36:00,12:36:00,102.2,111.95,102.2,111.4,1222910
2026-02-25 12:37:00,12:37:00,111.55,116.15,110.4,112.75,1197040
2026-02-25 12:38:00,12:38:00,131.15,132.1,119.8,122.7,2556125
2026-02-25 12:39:00,12:39:00,123.2,128.0,121.75,123.25,1622010
2026-02-25 12:40:00,12:40:00,103.8,109.6,103.8,109.05,515580
2026-02-25 12:41:00,12:41:00,128.45,129.25,123.25,125.35,1320800
2026-02-25 12:42:00,12:42:00,106.6,112.5,105.0,110.25,484640
2026-02-25 12:43:00,12:43:00,109.1,114.9,108.6,112.45,564005
2026-02-25 12:44:00,12:44:00,112.1,119.95,110.65,117.45,719485
2026-02-25 12:45:00,12:45:00,117.2,125.9,117.2,123.0,1754740
2026-02-25 12:46:00,12:46:00,123.4,124.75,119.9,123.2,885300
2026-02-25 12:47:00,12:47:00,123.5,129.7,119.75,127.55,1311700
2026-02-25 12:48:00,12:48:00,126.95,133.15,126.65,132.7,1394380
2026-02-25 12:49:00,12:49:00,112.7,118.95,111.8,118.8,1743300
2026-02-25 12:50:00,12:50:00,118.3,118.8,107.0,111.45,1640535
2026-02-25 12:51:00,12:51:00,130.85,133.65,127.7,128.55,731900
2026-02-25 12:52:00,12:52:00,127.95,128.55,122.2,122.65,835965
2026-02-25 12:53:00,12:53:00,121.65,125.0,121.45,122.3,525980
2026-02-25 12:54:00,12:54:00,122.2,129.15,121.35,129.15,670865
2026-02-25 12:55:00,12:55:00,129.05,130.4,121.2,122.55,762320
2026-02-25 12:56:00,12:56:00,123.15,127.3,123.0,127.25,335790
2026-02-25 12:57:00,12:57:00,127.25,130.55,126.2,130.55,566475
2026-02-25 12:58:00,12:58:00,111.65,115.95,111.35,114.8,1077635
2026-02-25 12:59:00,12:59:00,114.9,115.5,112.35,114.0,686920
2026-02-25 13:00:00,13:00:00,114.4,125.05,113.25,116.6,2179970
2026-02-25 13:01:00,13:01:00,116.0,123.6,115.8,121.25,1352975
2026-02-25 13:02:00,13:02:00,122.3,125.3,120.35,123.9,1360970
2026-02-25 13:03:00,13:03:00,124.2,126.45,119.45,120.8,1562535
2026-02-25 13:04:00,13:04:00,120.7,120.8,113.65,114.0,1161485
2026-02-25 13:05:00,13:05:00,114.35,123.15,114.0,123.15,890630
2026-02-25 13:06:00,13:06:00,123.2,123.5,111.9,114.7,1151605
2026-02-25 13:07:00,13:07:00,114.55,118.0,113.15,117.0,675025
2026-02-25 13:08:00,13:08:00,115.8,117.0,111.8,111.8,528385
2026-02-25 13:09:00,13:09:00,112.05,114.8,111.2,114.7,416780
2026-02-25 13:10:00,13:10:00,115.2,115.4,111.35,112.65,421265
2026-02-25 13:11:00,13:11:00,113.1,113.3,108.55,111.8,670150
2026-02-25 13:12:00,13:12:00,112.45,112.45,109.0,109.5,282490
2026-02-25 13:13:00,13:13:00,109.1,115.7,108.85,115.4,622895
2026-02-25 13:14:00,13:14:00,114.65,117.35,114.25,117.2,592085
2026-02-25 13:15:00,13:15:00,117.85,119.0,113.85,115.7,855920
2026-02-25 13:16:00,13:16:00,115.05,115.7,110.15,112.8,472615
2026-02-25 13:17:00,13:17:00,111.45,114.65,108.3,109.35,481585
2026-02-25 13:18:00,13:18:00,109.75,112.0,107.7,107.7,369135
2026-02-25 13:19:00,13:19:00,126.5,128.95,124.0,126.2,501865
2026-02-25 13:20:00,13:20:00,125.7,128.3,123.4,128.3,456430
2026-02-25 13:21:00,13:21:00,109.2,112.5,107.4,111.05,576225
2026-02-25 13:22:00,13:22:00,111.4,113.25,109.2,112.95,418600
2026-02-25 13:23:00,13:23:00,113.75,115.3,111.2,114.55,624455
2026-02-25 13:24:00,13:24:00,114.35,118.8,114.35,117.05,758550
2026-02-25 13:25:00,13:25:00,117.25,117.6,115.0,117.25,549965
2026-02-25 13:26:00,13:26:00,117.8,124.25,117.25,124.25,1291875
2026-02-25 13:27:00,13:27:00,125.4,132.3,124.25,127.6,2866760
2026-02-25 13:28:00,13:28:00,126.95,127.6,116.9,120.95,1411865
2026-02-25 13:29:00,13:29:00,119.6,121.5,116.25,116.8,676975
2026-02-25 13:30:00,13:30:00,116.7,116.8,111.1,111.35,1085110
2026-02-25 13:31:00,13:31:00,111.2,115.55,109.0,115.55,752960
2026-02-25 13:32:00,13:32:00,115.3,118.95,113.1,118.0,748020
2026-02-25 13:33:00,13:33:00,117.2,118.3,114.7,114.7,497510
2026-02-25 13:34:00,13:34:00,114.3,118.75,113.75,118.75,323895
2026-02-25 13:35:00,13:35:00,118.9,118.9,112.9,114.6,396370
2026-02-25 13:36:00,13:36:00,114.0,115.0,111.1,111.1,378170
2026-02-25 13:37:00,13:37:00,130.15,132.45,127.2,127.2,503815
2026-02-25 13:38:00,13:38:00,108.0,115.45,108.0,115.45,586625
2026-02-25 13:39:00,13:39:00,115.8,118.2,114.05,114.65,550550
2026-02-25 13:40:00,13:40:00,114.45,117.9,114.45,117.5,303420
2026-02-25 13:41:00,13:41:00,117.1,118.15,113.05,113.1,344890
2026-02-25 13:42:00,13:42:00,113.4,115.1,112.1,114.1,309010
2026-02-25 13:43:00,13:43:00,114.0,115.7,111.65,111.65,243685
2026-02-25 13:44:00,13:44:00,112.7,116.25,111.65,115.65,276575
2026-02-25 13:45:00,13:45:00,114.85,121.25,114.85,119.0,1043575
2026-02-25 13:46:00,13:46:00,118.05,120.95,116.55,120.4,572130
2026-02-25 13:47:00,13:47:00,120.35,120.4,112.4,112.4,556010
2026-02-25 13:48:00,13:48:00,112.45,112.7,109.05,112.1,594295
2026-02-25 13:49:00,13:49:00,112.9,113.25,109.5,109.9,320905
2026-02-25 13:50:00,13:50:00,109.75,109.8,107.6,108.55,356005
2026-02-25 13:51:00,13:51:00,108.4,112.05,107.6,110.65,340990
2026-02-25 13:52:00,13:52:00,110.0,113.5,108.8,110.3,358605
2026-02-25 13:53:00,13:53:00,109.85,110.3,106.7,107.55,339495
2026-02-25 13:54:00,13:54:00,107.55,108.4,105.45,107.4,266760
2026-02-25 13:55:00,13:55:00,107.7,110.55,107.1,108.25,301990
2026-02-25 13:56:00,13:56:00,108.25,110.7,106.8,109.9,234520
2026-02-25 13:57:00,13:57:00,110.05,111.15,107.2,107.3,292305
2026-02-25 13:58:00,13:58:00,107.35,108.65,105.3,107.4,314730
2026-02-25 13:59:00,13:59:00,107.45,110.0,106.1,107.15,249210
2026-02-25 14:00:00,14:00:00,107.6,113.1,107.15,113.1,499655
2026-02-25 14:01:00,14:01:00,113.8,115.6,109.65,110.95,742690
2026-02-25 14:02:00,14:02:00,111.1,116.95,109.85,116.0,470015
2026-02-25 14:03:00,14:03:00,116.55,125.35,116.0,124.25,1431625
2026-02-25 14:04:00,14:04:00,125.0,125.0,119.45,119.45,1047865
2026-02-25 14:05:00,14:05:00,119.5,119.9,116.0,118.15,710645
2026-02-25 14:06:00,14:06:00,118.1,127.25,118.1,125.75,1288235
2026-02-25 14:07:00,14:07:00,125.2,128.3,124.45,125.35,1314495
2026-02-25 14:08:00,14:08:00,124.9,125.35,118.0,122.4,1176370
2026-02-25 14:09:00,14:09:00,122.15,127.3,122.15,123.65,1020565
2026-02-25 14:10:00,14:10:00,123.85,124.65,119.7,120.15,582075
2026-02-25 14:11:00,14:11:00,119.2,120.15,113.6,114.25,983775
2026-02-25 14:12:00,14:12:00,114.15,114.25,110.1,112.1,682760
2026-02-25 14:13:00,14:13:00,112.1,116.2,111.8,115.3,529230
2026-02-25 14:14:00,14:14:00,114.95,115.65,112.85,113.7,318695
2026-02-25 14:15:00,14:15:00,113.4,115.0,111.5,112.5,299325
2026-02-25 14:16:00,14:16:00,112.6,114.75,110.95,111.0,293150
2026-02-25 14:17:00,14:17:00,110.9,112.05,108.0,108.85,587795
2026-02-25 14:18:00,14:18:00,127.7,128.05,123.15,124.2,879125
2026-02-25 14:19:00,14:19:00,123.5,124.2,119.7,122.2,923130
2026-02-25 14:20:00,14:20:00,121.95,124.7,120.55,122.15,629850
2026-02-25 14:21:00,14:21:00,121.75,124.25,119.85,119.85,502970
2026-02-25 14:22:00,14:22:00,120.35,123.6,118.95,123.3,577460
2026-02-25 14:23:00,14:23:00,123.4,124.7,120.25,124.0,552695
2026-02-25 14:24:00,14:24:00,105.35,110.9,105.35,109.5,876525
2026-02-25 14:25:00,14:25:00,110.35,110.65,108.0,108.0,653835
2026-02-25 14:26:00,14:26:00,107.8,109.3,106.55,107.6,600470
2026-02-25 14:27:00,14:27:00,107.4,112.25,107.35,112.2,816335
2026-02-25 14:28:00,14:28:00,112.35,116.0,111.4,115.0,1241890
2026-02-25 14:29:00,14:29:00,115.15,115.6,112.2,114.75,573105
2026-02-25 14:30:00,14:30:00,114.0,114.75,110.2,110.2,593060
2026-02-25 14:31:00,14:31:00,109.45,110.2,103.3,106.15,1039935
2026-02-25 14:32:00,14:32:00,105.8,108.0,104.4,107.65,362570
2026-02-25 14:33:00,14:33:00,107.3,109.3,105.05,107.85,341120
2026-02-25 14:34:00,14:34:00,126.05,127.75,123.4,123.9,335335
2026-02-25 14:35:00,14:35:00,123.0,125.65,121.0,122.2,475280
2026-02-25 14:36:00,14:36:00,122.65,125.45,122.2,122.75,317720
2026-02-25 14:37:00,14:37:00,122.6,124.65,121.35,123.55,242645
2026-02-25 14:38:00,14:38:00,123.35,124.5,121.75,123.65,196755
2026-02-25 14:39:00,14:39:00,123.9,125.95,122.1,124.3,285350
2026-02-25 14:40:00,14:40:00,105.9,107.25,104.9,107.05,225550
2026-02-25 14:41:00,14:41:00,126.05,127.1,123.15,125.3,539240
2026-02-25 14:42:00,14:42:00,106.4,113.0,105.6,112.05,679510
2026-02-25 14:43:00,14:43:00,112.2,113.75,108.1,112.2,711100
2026-02-25 14:44:00,14:44:00,110.65,112.5,107.7,108.3,468325
2026-02-25 14:45:00,14:45:00,108.45,112.2,108.0,112.15,442390
2026-02-25 14:46:00,14:46:00,112.0,118.05,111.7,116.4,874575
2026-02-25 14:47:00,14:47:00,116.3,117.6,113.55,117.6,546585
2026-02-25 14:48:00,14:48:00,117.85,121.65,115.7,121.3,913185
2026-02-25 14:49:00,14:49:00,121.05,122.55,116.95,120.0,963820
2026-02-25 14:50:00,14:50:00,118.2,120.9,116.7,119.2,516620
2026-02-25 14:51:00,14:51:00,119.7,122.0,119.0,119.3,529165
2026-02-25 14:52:00,14:52:00,118.7,125.25,118.7,123.05,1011465
2026-02-25 14:53:00,14:53:00,123.2,125.95,122.2,123.6,833755
2026-02-25 14:54:00,14:54:00,123.2,123.6,115.5,116.05,1049945
2026-02-25 14:55:00,14:55:00,115.2,116.05,110.7,114.65,1025440
2026-02-25 14:56:00,14:56:00,114.15,117.75,112.75,116.35,530205
2026-02-25 14:57:00,14:57:00,116.1,120.0,115.3,115.65,563940
2026-02-25 14:58:00,14:58:00,115.55,116.1,112.5,114.4,434655
2026-02-25 14:59:00,14:59:00,114.45,115.75,108.95,111.0,570310
2026-02-25 15:00:00,15:00:00,128.6,130.2,116.0,117.05,1346670
2026-02-25 15:01:00,15:01:00,118.15,127.6,117.05,120.65,1113320
2026-02-25 15:02:00,15:02:00,120.25,120.65,113.5,115.2,803205
2026-02-25 15:03:00,15:03:00,115.35,116.7,111.45,114.05,509925
2026-02-25 15:04:00,15:04:00,113.95,116.15,111.45,116.15,380770
2026-02-25 15:05:00,15:05:00,116.05,124.45,116.05,124.0,1072500
2026-02-25 15:06:00,15:06:00,123.95,125.0,120.6,121.6,732680
2026-02-25 15:07:00,15:07:00,122.0,122.2,116.0,116.3,660010
2026-02-25 15:08:00,15:08:00,116.6,121.0,114.05,121.0,620035
2026-02-25 15:09:00,15:09:00,120.85,125.25,120.85,123.65,725985
2026-02-25 15:10:00,15:10:00,124.2,126.45,121.95,126.45,581425
2026-02-25 15:11:00,15:11:00,107.2,109.8,107.2,107.8,654160
2026-02-25 15:12:00,15:12:00,126.25,126.65,122.7,123.95,546130
2026-02-25 15:13:00,15:13:00,123.95,125.95,121.15,123.35,378040
2026-02-25 15:14:00,15:14:00,123.2,125.75,123.1,123.9,429260
2026-02-25 15:15:00,15:15:00,123.7,125.45,121.7,121.7,457145
2026-02-25 15:16:00,15:16:00,121.6,125.7,119.85,124.25,507520
2026-02-25 15:17:00,15:17:00,124.0,126.2,122.9,126.2,359450
2026-02-25 15:18:00,15:18:00,126.05,127.25,124.95,125.4,317785
2026-02-25 15:19:00,15:19:00,125.1,127.7,122.65,125.55,340340
2026-02-25 15:20:00,15:20:00,125.4,128.05,124.8,125.15,383110
2026-02-25 15:21:00,15:21:00,106.4,108.2,106.2,107.2,236015
2026-02-25 15:22:00,15:22:00,125.8,126.5,120.75,122.35,326625
2026-02-25 15:23:00,15:23:00,123.0,124.05,121.65,123.85,194415
2026-02-25 15:24:00,15:24:00,123.6,124.35,122.55,123.85,228735
2026-02-25 15:25:00,15:25:00,123.55,124.4,121.2,122.1,261560
2026-02-25 15:26:00,15:26:00,122.05,122.1,117.7,118.3,280410
2026-02-25 15:27:00,15:27:00,118.7,120.0,117.5,119.9,488085
2026-02-25 15:28:00,15:28:00,119.75,120.4,118.1,119.35,302640
2026-02-25 15:29:00,15:29:00,119.5,119.75,116.65,117.4,458380
2026-02-26 09:15:00,09:15:00,150.0,165.65,128.4,128.45,1307215
2026-02-26 09:16:00,09:16:00,132.15,151.2,128.45,150.65,1441440
2026-02-26 09:17:00,09:17:00,150.3,158.25,143.65,143.85,1147640
2026-02-26 09:18:00,09:18:00,144.15,157.0,142.15,157.0,830830
2026-02-26 09:19:00,09:19:00,154.85,157.0,146.2,149.65,604760
2026-02-26 09:20:00,09:20:00,148.85,150.35,142.8,149.55,668330
2026-02-26 09:21:00,09:21:00,125.4,140.45,124.5,140.45,2296775
2026-02-26 09:22:00,09:22:00,140.75,152.0,139.65,139.85,2089425
2026-02-26 09:23:00,09:23:00,140.8,143.65,135.8,137.0,744510
2026-02-26 09:24:00,09:24:00,136.65,148.0,135.5,145.5,1021475
2026-02-26 09:25:00,09:25:00,143.1,151.55,137.65,150.95,1077050
2026-02-26 09:26:00,09:26:00,150.3,150.95,141.05,142.95,753870
2026-02-26 09:27:00,09:27:00,142.95,146.3,136.8,137.0,566150
2026-02-26 09:28:00,09:28:00,135.6,146.3,134.15,141.15,798980
2026-02-26 09:29:00,09:29:00,140.3,150.4,139.65,140.75,811915
2026-02-26 09:30:00,09:30:00,140.4,145.95,135.6,137.9,579280
2026-02-26 09:31:00,09:31:00,136.95,151.55,136.7,146.4,857285
2026-02-26 09:32:00,09:32:00,145.0,149.4,141.95,143.25,496210
2026-02-26 09:33:00,09:33:00,141.05,145.4,137.5,138.2,440960
2026-02-26 09:34:00,09:34:00,138.7,139.05,132.9,133.8,619970
2026-02-26 09:35:00,09:35:00,133.95,136.35,128.2,131.95,679965
2026-02-26 09:36:00,09:36:00,156.2,158.3,149.7,152.4,470860
2026-02-26 09:37:00,09:37:00,152.4,154.45,149.65,150.3,319020
2026-02-26 09:38:00,09:38:00,149.4,150.3,142.85,143.45,644085
2026-02-26 09:39:00,09:39:00,141.5,144.45,139.65,141.35,617045
2026-02-26 09:40:00,09:40:00,140.75,141.35,133.65,135.1,667355
2026-02-26 09:41:00,09:41:00,135.4,146.4,134.7,143.85,749905
2026-02-26 09:42:00,09:42:00,144.9,144.9,138.25,142.65,440310
2026-02-26 09:43:00,09:43:00,143.65,143.65,134.15,134.15,341770
2026-02-26 09:44:00,09:44:00,134.1,138.75,134.1,135.45,393705
2026-02-26 09:45:00,09:45:00,134.8,135.45,129.65,131.7,775905
2026-02-26 09:46:00,09:46:00,132.25,140.8,131.7,139.15,906035
2026-02-26 09:47:00,09:47:00,139.6,141.0,134.25,139.3,502515
2026-02-26 09:48:00,09:48:00,139.3,139.85,130.55,132.5,478790
2026-02-26 09:49:00,09:49:00,131.7,135.5,130.55,134.75,367315
2026-02-26 09:50:00,09:50:00,133.85,138.85,133.35,137.85,569725
2026-02-26 09:51:00,09:51:00,137.9,142.2,137.45,140.4,677365
2026-02-26 09:52:00,09:52:00,141.2,141.9,135.9,140.85,464490
2026-02-26 09:53:00,09:53:00,140.9,149.0,140.85,146.9,1275820
2026-02-26 09:54:00,09:54:00,123.0,140.3,122.65,140.0,2245750
2026-02-26 09:55:00,09:55:00,138.15,147.05,137.75,138.65,2168270
2026-02-26 09:56:00,09:56:00,138.45,139.1,132.45,138.0,964275
2026-02-26 09:57:00,09:57:00,136.7,139.15,132.45,138.8,544960
2026-02-26 09:58:00,09:58:00,138.0,143.05,134.95,143.05,721890
2026-02-26 09:59:00,09:59:00,144.2,144.85,133.85,134.8,759785
2026-02-26 10:00:00,10:00:00,135.25,137.75,131.15,132.55,594685
2026-02-26 10:01:00,10:01:00,158.45,161.05,149.7,149.7,683995
2026-02-26 10:02:00,10:02:00,150.65,157.2,146.25,154.35,653445
2026-02-26 10:03:00,10:03:00,152.85,154.35,145.5,147.5,529425
2026-02-26 10:04:00,10:04:00,147.95,148.4,140.55,140.55,476385
2026-02-26 10:05:00,10:05:00,140.8,144.3,136.1,136.1,570505
2026-02-26 10:06:00,10:06:00,135.85,138.5,132.55,132.9,650130
2026-02-26 10:07:00,10:07:00,132.4,133.4,130.55,132.45,532480
2026-02-26 10:08:00,10:08:00,132.7,133.7,128.9,131.4,708630
2026-02-26 10:09:00,10:09:00,130.95,134.95,128.8,128.8,726700
2026-02-26 10:10:00,10:10:00,128.6,129.0,125.6,125.95,707720
2026-02-26 10:11:00,10:11:00,124.15,132.8,123.55,132.35,906035
2026-02-26 10:12:00,10:12:00,132.6,133.55,127.65,130.05,645255
2026-02-26 10:13:00,10:13:00,130.5,132.0,128.25,130.65,349375
2026-02-26 10:14:00,10:14:00,129.9,133.1,129.55,132.0,308100
2026-02-26 10:15:00,10:15:00,130.9,135.4,129.9,134.4,782275
2026-02-26 10:16:00,10:16:00,134.1,141.8,133.35,137.85,1138605
2026-02-26 10:17:00,10:17:00,138.0,138.15,133.5,135.1,471705
2026-02-26 10:18:00,10:18:00,135.35,135.35,130.65,131.25,362180
2026-02-26 10:19:00,10:19:00,131.2,134.25,129.5,130.55,360100
2026-02-26 10:20:00,10:20:00,130.1,137.85,129.5,137.85,520325
2026-02-26 10:21:00,10:21:00,138.45,142.1,136.85,140.3,826410
2026-02-26 10:22:00,10:22:00,140.2,142.1,136.35,141.0,436930
2026-02-26 10:23:00,10:23:00,142.3,144.65,138.0,138.15,707395
2026-02-26 10:24:00,10:24:00,137.15,144.85,136.1,144.75,401830
2026-02-26 10:25:00,10:25:00,143.9,145.8,140.95,142.1,649545
2026-02-26 10:26:00,10:26:00,142.15,142.15,136.9,139.5,443755
2026-02-26 10:27:00,10:27:00,139.2,142.3,136.3,139.3,308880
2026-02-26 10:28:00,10:28:00,139.3,150.2,138.6,150.2,846885
2026-02-26 10:29:00,10:29:00,151.0,158.55,149.3,151.95,1524250
2026-02-26 10:30:00,10:30:00,151.55,153.15,146.2,153.15,496470
2026-02-26 10:31:00,10:31:00,151.65,155.3,148.0,149.95,475800
2026-02-26 10:32:00,10:32:00,150.55,151.8,145.65,151.55,332410
2026-02-26 10:33:00,10:33:00,151.9,153.8,145.7,147.0,434980
2026-02-26 10:34:00,10:34:00,146.8,148.35,138.85,145.7,844220
2026-02-26 10:35:00,10:35:00,144.1,152.55,141.2,149.95,468715
2026-02-26 10:36:00,10:36:00,149.45,152.2,147.15,150.55,330135
2026-02-26 10:37:00,10:37:00,149.1,154.7,146.55,149.7,458120
2026-02-26 10:38:00,10:38:00,149.35,156.45,147.95,154.35,419900
2026-02-26 10:39:00,10:39:00,155.0,157.15,151.75,152.8,505180
2026-02-26 10:40:00,10:40:00,127.35,131.65,126.8,129.8,425230
2026-02-26 10:41:00,10:41:00,155.85,158.1,153.25,154.7,367055
2026-02-26 10:42:00,10:42:00,154.5,157.4,147.3,147.3,417950
2026-02-26 10:43:00,10:43:00,146.55,153.1,145.55,147.25,397605
2026-02-26 10:44:00,10:44:00,147.55,152.55,146.5,151.75,255385
2026-02-26 10:45:00,10:45:00,151.0,152.9,147.15,149.3,276770
2026-02-26 10:46:00,10:46:00,148.6,150.45,146.35,147.75,220545
2026-02-26 10:47:00,10:47:00,147.55,149.9,140.0,141.1,553345
2026-02-26 10:48:00,10:48:00,140.95,144.75,138.65,139.35,276185
2026-02-26 10:49:00,10:49:00,139.25,141.3,136.05,140.15,387400
2026-02-26 10:50:00,10:50:00,139.9,143.35,139.2,140.05,266695
2026-02-26 10:51:00,10:51:00,141.05,144.75,139.8,144.3,240435
2026-02-26 10:52:00,10:52:00,144.6,148.95,141.95,148.0,378950
2026-02-26 10:53:00,10:53:00,148.15,151.15,145.35,147.9,439530
2026-02-26 10:54:00,10:54:00,148.55,151.8,147.9,151.8,378690
2026-02-26 10:55:00,10:55:00,126.6,131.7,124.55,131.7,835510
2026-02-26 10:56:00,10:56:00,132.8,139.0,131.7,138.5,1450865
2026-02-26 10:57:00,10:57:00,138.45,138.55,130.75,132.1,769535
2026-02-26 10:58:00,10:58:00,132.5,136.9,131.5,136.9,458445
2026-02-26 10:59:00,10:59:00,137.25,140.1,134.8,138.9,746330
2026-02-26 11:00:00,11:00:00,139.9,145.0,136.65,144.05,1043900
2026-02-26 11:01:00,11:01:00,143.85,150.2,141.8,145.1,1451840
2026-02-26 11:02:00,11:02:00,145.2,147.45,138.45,139.05,595660
2026-02-26 11:03:00,11:03:00,138.3,139.35,132.2,132.6,550485
2026-02-26 11:04:00,11:04:00,131.7,132.8,128.6,131.4,581295
2026-02-26 11:05:00,11:05:00,130.85,134.8,129.6,132.7,399490
2026-02-26 11:06:00,11:06:00,133.2,134.55,131.2,133.7,340470
2026-02-26 11:07:00,11:07:00,133.45,133.7,128.45,131.3,297245
2026-02-26 11:08:00,11:08:00,131.95,132.85,128.3,129.2,309010
2026-02-26 11:09:00,11:09:00,129.2,134.2,127.8,132.1,310895
2026-02-26 11:10:00,11:10:00,132.3,133.85,125.75,125.9,443820
2026-02-26 11:11:00,11:11:00,125.95,126.15,122.85,126.1,445575
2026-02-26 11:12:00,11:12:00,125.7,128.85,124.2,126.95,309010
2026-02-26 11:13:00,11:13:00,126.5,127.5,123.45,123.45,191490
2026-02-26 11:14:00,11:14:00,123.35,125.65,120.0,125.65,495365
2026-02-26 11:15:00,11:15:00,124.5,125.65,122.45,123.65,216060
2026-02-26 11:16:00,11:16:00,124.15,127.05,122.2,124.7,252460
2026-02-26 11:17:00,11:17:00,150.8,151.5,145.25,145.25,204360
2026-02-26 11:18:00,11:18:00,145.6,146.0,139.45,141.7,508495
2026-02-26 11:19:00,11:19:00,141.4,144.0,140.55,142.55,208975
2026-02-26 11:20:00,11:20:00,142.5,146.9,142.4,144.5,225290
2026-02-26 11:21:00,11:21:00,144.55,148.25,143.9,145.15,190775
2026-02-26 11:22:00,11:22:00,145.1,145.15,140.05,141.5,209885
2026-02-26 11:23:00,11:23:00,141.1,144.4,140.75,141.45,121615
2026-02-26 11:24:00,11:24:00,141.5,141.8,138.4,139.25,282880
2026-02-26 11:25:00,11:25:00,138.5,139.25,125.9,126.0,932230
2026-02-26 11:26:00,11:26:00,125.8,126.9,121.8,124.15,934505
2026-02-26 11:27:00,11:27:00,124.55,133.35,124.15,131.3,867945
2026-02-26 11:28:00,11:28:00,129.2,136.05,129.2,135.35,698620
2026-02-26 11:29:00,11:29:00,135.2,141.55,134.55,140.25,655525
2026-02-26 11:30:00,11:30:00,140.05,145.2,138.5,142.2,850850
2026-02-26 11:31:00,11:31:00,142.4,143.6,137.45,141.25,460330
2026-02-26 11:32:00,11:32:00,117.65,124.6,116.5,120.85,920465
2026-02-26 11:33:00,11:33:00,121.0,121.7,118.3,120.5,434005
2026-02-26 11:34:00,11:34:00,120.4,124.0,119.55,124.0,398580
2026-02-26 11:35:00,11:35:00,123.5,124.4,120.85,124.15,456560
2026-02-26 11:36:00,11:36:00,124.25,127.3,124.0,124.25,750945
2026-02-26 11:37:00,11:37:00,124.35,128.85,122.6,127.75,465075
2026-02-26 11:38:00,11:38:00,128.7,131.75,127.75,130.85,872430
2026-02-26 11:39:00,11:39:00,132.1,138.1,130.85,134.8,1024660
2026-02-26 11:40:00,11:40:00,134.85,149.5,134.8,148.0,1376245
2026-02-26 11:41:00,11:41:00,147.6,152.95,146.55,150.2,1508715
2026-02-26 11:42:00,11:42:00,124.65,131.55,124.65,128.35,3274245
2026-02-26 11:43:00,11:43:00,127.95,132.3,127.95,129.25,1834625
2026-02-26 11:44:00,11:44:00,129.55,137.55,128.6,137.55,1912105
2026-02-26 11:45:00,11:45:00,136.0,143.5,131.45,132.85,3208595
2026-02-26 11:46:00,11:46:00,132.8,133.6,129.7,131.8,1393730
2026-02-26 11:47:00,11:47:00,158.05,160.8,154.95,154.95,279630
2026-02-26 11:48:00,11:48:00,155.1,155.5,148.35,150.95,610350
2026-02-26 11:49:00,11:49:00,151.35,155.2,148.55,154.05,357500
2026-02-26 11:50:00,11:50:00,153.4,155.35,149.4,154.0,355160
2026-02-26 11:51:00,11:51:00,153.85,155.05,151.1,152.05,235430
2026-02-26 11:52:00,11:52:00,152.25,153.5,149.2,152.45,366210
2026-02-26 11:53:00,11:53:00,127.05,136.9,126.55,134.5,1673620
2026-02-26 11:54:00,11:54:00,135.2,136.95,132.6,133.45,1103115
2026-02-26 11:55:00,11:55:00,133.25,137.4,131.4,136.95,950170
2026-02-26 11:56:00,11:56:00,136.8,141.85,134.7,141.85,1478360
2026-02-26 11:57:00,11:57:00,141.9,145.2,140.9,142.9,1827280
2026-02-26 11:58:00,11:58:00,144.25,144.25,136.4,137.1,1416155
2026-02-26 11:59:00,11:59:00,137.75,144.7,137.1,141.75,1099085
2026-02-26 12:00:00,12:00:00,142.3,142.3,137.6,138.7,718185
2026-02-26 12:01:00,12:01:00,139.2,144.1,138.55,141.2,767650
2026-02-26 12:02:00,12:02:00,141.15,141.75,131.95,135.55,1429675
2026-02-26 12:03:00,12:03:00,136.1,144.35,135.55,136.3,1301365
2026-02-26 12:04:00,12:04:00,136.45,136.8,133.1,133.65,616525
2026-02-26 12:05:00,12:05:00,133.4,134.2,131.1,132.0,669760
2026-02-26 12:06:00,12:06:00,157.7,164.3,157.25,157.55,178620
2026-02-26 12:07:00,12:07:00,130.5,134.15,127.45,134.15,831480
2026-02-26 12:08:00,12:08:00,160.4,161.8,156.65,158.1,141635
2026-02-26 12:09:00,12:09:00,131.8,136.75,131.5,134.75,449475
2026-02-26 12:10:00,12:10:00,135.4,136.75,132.65,136.75,496730
2026-02-26 12:11:00,12:11:00,137.0,138.8,134.4,137.65,749190
2026-02-26 12:12:00,12:12:00,137.0,138.75,133.9,134.7,487240
2026-02-26 12:13:00,12:13:00,135.8,140.9,134.65,140.9,561860
2026-02-26 12:14:00,12:14:00,141.15,142.35,138.55,142.0,783055
2026-02-26 12:15:00,12:15:00,141.4,142.0,134.7,134.9,715585
2026-02-26 12:16:00,12:16:00,134.65,138.65,132.65,138.65,575835
2026-02-26 12:17:00,12:17:00,138.7,139.5,136.0,139.0,404430
2026-02-26 12:18:00,12:18:00,139.1,141.05,137.3,138.4,617435
2026-02-26 12:19:00,12:19:00,138.45,146.4,137.85,141.55,1968330
2026-02-26 12:20:00,12:20:00,142.2,155.15,141.55,155.15,2033005
2026-02-26 12:21:00,12:21:00,152.2,159.85,149.0,159.6,2406820
2026-02-26 12:22:00,12:22:00,132.4,145.85,127.25,145.85,2051660
2026-02-26 12:23:00,12:23:00,144.95,150.2,137.95,140.2,2094105
2026-02-26 12:24:00,12:24:00,165.85,166.8,155.2,159.0,1261455
2026-02-26 12:25:00,12:25:00,158.05,160.65,153.0,153.0,774345
2026-02-26 12:26:00,12:26:00,152.85,161.2,151.6,157.5,899275
2026-02-26 12:27:00,12:27:00,157.1,160.0,153.55,159.8,636415
2026-02-26 12:28:00,12:28:00,158.6,163.45,157.15,159.75,741195
2026-02-26 12:29:00,12:29:00,159.65,163.7,159.0,160.5,388050
2026-02-26 12:30:00,12:30:00,159.8,160.5,151.35,155.45,625040
2026-02-26 12:31:00,12:31:00,155.9,156.15,152.2,154.8,454220
2026-02-26 12:32:00,12:32:00,154.9,160.0,154.8,159.1,549315
2026-02-26 12:33:00,12:33:00,160.45,164.9,153.8,158.6,693355
2026-02-26 12:34:00,12:34:00,158.65,159.7,155.85,158.8,308360
2026-02-26 12:35:00,12:35:00,157.35,160.55,153.7,155.0,380835
2026-02-26 12:36:00,12:36:00,155.4,155.55,149.25,154.55,638430
2026-02-26 12:37:00,12:37:00,153.95,154.55,150.1,150.6,303615
2026-02-26 12:38:00,12:38:00,151.0,153.25,148.05,151.4,392340
2026-02-26 12:39:00,12:39:00,151.6,155.0,149.15,152.45,331435
2026-02-26 12:40:00,12:40:00,152.8,154.5,150.3,152.45,249795
2026-02-26 12:41:00,12:41:00,152.9,153.45,143.4,143.5,563680
2026-02-26 12:42:00,12:42:00,143.0,147.1,142.35,144.0,602290
2026-02-26 12:43:00,12:43:00,143.2,145.55,141.1,144.05,437580
2026-02-26 12:44:00,12:44:00,143.15,145.0,141.5,142.15,453635
2026-02-26 12:45:00,12:45:00,142.2,149.6,142.15,148.4,563355
2026-02-26 12:46:00,12:46:00,148.75,152.4,147.45,147.45,543465
2026-02-26 12:47:00,12:47:00,147.25,148.35,144.4,144.65,295425
2026-02-26 12:48:00,12:48:00,144.25,149.05,144.25,148.0,265265
2026-02-26 12:49:00,12:49:00,147.55,150.65,146.1,146.2,354380
2026-02-26 12:50:00,12:50:00,146.25,151.35,145.75,147.5,406250
2026-02-26 12:51:00,12:51:00,147.1,149.65,145.95,149.65,229385
2026-02-26 12:52:00,12:52:00,149.7,150.15,148.25,149.45,215020
2026-02-26 12:53:00,12:53:00,148.75,150.8,147.65,150.15,425165
2026-02-26 12:54:00,12:54:00,151.6,155.85,151.4,152.3,904605
2026-02-26 12:55:00,12:55:00,127.15,132.9,126.95,132.0,857285
2026-02-26 12:56:00,12:56:00,131.4,136.1,130.65,135.2,797810
2026-02-26 12:57:00,12:57:00,135.1,136.3,130.95,131.8,590005
2026-02-26 12:58:00,12:58:00,131.05,135.5,131.05,133.95,499200
2026-02-26 12:59:00,12:59:00,134.45,138.6,133.0,135.6,741650
2026-02-26 13:00:00,13:00:00,162.1,162.5,154.5,154.5,597415
2026-02-26 13:01:00,13:01:00,154.1,155.65,150.75,154.75,636415
2026-02-26 13:02:00,13:02:00,154.05,154.75,150.55,153.25,301730
2026-02-26 13:03:00,13:03:00,153.65,156.95,148.95,150.15,506935
2026-02-26 13:04:00,13:04:00,150.35,150.35,142.65,143.7,547300
2026-02-26 13:05:00,13:05:00,144.05,145.9,142.55,144.5,444275
2026-02-26 13:06:00,13:06:00,144.75,151.05,144.5,147.5,457795
2026-02-26 13:07:00,13:07:00,148.0,156.25,145.9,155.9,550160
2026-02-26 13:08:00,13:08:00,156.2,156.2,150.0,152.8,407745
2026-02-26 13:09:00,13:09:00,152.5,155.15,150.65,152.0,320580
2026-02-26 13:10:00,13:10:00,152.2,154.85,151.45,153.2,203840
2026-02-26 13:11:00,13:11:00,153.65,159.25,152.9,157.95,521105
2026-02-26 13:12:00,13:12:00,156.65,157.95,151.85,152.25,280345
2026-02-26 13:13:00,13:13:00,152.5,154.5,150.25,154.5,210015
2026-02-26 13:14:00,13:14:00,153.75,159.1,151.6,158.95,243880
2026-02-26 13:15:00,13:15:00,158.5,161.1,155.75,158.35,488410
2026-02-26 13:16:00,13:16:00,131.7,138.8,130.75,138.3,600795
2026-02-26 13:17:00,13:17:00,138.5,148.4,137.6,143.6,1430390
2026-02-26 13:18:00,13:18:00,143.85,145.65,134.85,137.15,699790
2026-02-26 13:19:00,13:19:00,137.05,139.75,136.15,137.15,296400
2026-02-26 13:20:00,13:20:00,135.35,140.1,135.3,139.35,298805
2026-02-26 13:21:00,13:21:00,138.95,142.9,138.0,142.4,386750
2026-02-26 13:22:00,13:22:00,168.9,170.35,157.35,158.5,573560
2026-02-26 13:23:00,13:23:00,157.6,159.4,154.35,158.0,456365
2026-02-26 13:24:00,13:24:00,157.65,158.0,155.0,155.5,326495
2026-02-26 13:25:00,13:25:00,156.4,157.3,154.05,155.45,339235
2026-02-26 13:26:00,13:26:00,155.6,156.75,149.75,151.3,539110
2026-02-26 13:27:00,13:27:00,151.05,153.85,147.55,152.2,533780
2026-02-26 13:28:00,13:28:00,152.35,159.5,150.4,159.3,667745
2026-02-26 13:29:00,13:29:00,159.25,163.8,158.6,160.15,605735
2026-02-26 13:30:00,13:30:00,160.35,162.55,157.85,157.95,367640
2026-02-26 13:31:00,13:31:00,158.05,158.65,152.2,154.35,382265
2026-02-26 13:32:00,13:32:00,152.8,157.1,150.15,156.6,341835
2026-02-26 13:33:00,13:33:00,156.0,161.85,154.25,159.6,336375
2026-02-26 13:34:00,13:34:00,159.4,161.5,158.6,160.95,252070
2026-02-26 13:35:00,13:35:00,159.75,160.95,156.9,157.35,209430
2026-02-26 13:36:00,13:36:00,157.15,157.6,153.85,154.0,207545
2026-02-26 13:37:00,13:37:00,153.8,156.3,150.6,155.7,320060
2026-02-26 13:38:00,13:38:00,156.0,160.0,155.7,157.0,371540
2026-02-26 13:39:00,13:39:00,156.5,157.4,151.55,155.9,242775
2026-02-26 13:40:00,13:40:00,155.7,155.9,150.0,154.85,264030
2026-02-26 13:41:00,13:41:00,154.4,156.1,149.75,149.75,287690
2026-02-26 13:42:00,13:42:00,149.95,152.6,148.65,151.5,304525
2026-02-26 13:43:00,13:43:00,151.75,153.8,149.65,153.1,165880
2026-02-26 13:44:00,13:44:00,151.75,153.1,149.55,151.45,205920
2026-02-26 13:45:00,13:45:00,151.85,154.9,149.55,152.05,209560
2026-02-26 13:46:00,13:46:00,152.1,159.6,152.05,158.55,520325
2026-02-26 13:47:00,13:47:00,133.0,136.2,131.65,134.8,685035
2026-02-26 13:48:00,13:48:00,161.1,164.2,158.1,158.95,525460
2026-02-26 13:49:00,13:49:00,133.15,136.85,132.7,136.85,247520
2026-02-26 13:50:00,13:50:00,135.9,137.1,133.2,134.25,477750
2026-02-26 13:51:00,13:51:00,135.55,135.55,125.1,134.45,858585
2026-02-26 13:52:00,13:52:00,158.85,160.9,150.0,152.05,530530
2026-02-26 13:53:00,13:53:00,151.25,152.15,147.05,148.4,522535
2026-02-26 13:54:00,13:54:00,148.35,149.75,146.05,149.7,442065
2026-02-26 13:55:00,13:55:00,148.7,150.35,144.4,146.45,453310
2026-02-26 13:56:00,13:56:00,146.45,151.0,144.95,148.75,464295
2026-02-26 13:57:00,13:57:00,148.55,154.65,147.05,150.5,485420
2026-02-26 13:58:00,13:58:00,150.35,155.8,148.6,155.3,423995
2026-02-26 13:59:00,13:59:00,155.15,157.95,152.5,152.5,524160
2026-02-26 14:00:00,14:00:00,151.05,155.3,150.85,152.6,268385
2026-02-26 14:01:00,14:01:00,151.2,153.3,149.2,153.0,263640
2026-02-26 14:02:00,14:02:00,153.1,157.15,152.6,157.15,277745
2026-02-26 14:03:00,14:03:00,157.25,164.6,155.25,162.7,676000
2026-02-26 14:04:00,14:04:00,161.5,166.4,160.8,161.65,542230
2026-02-26 14:05:00,14:05:00,134.15,140.5,133.7,139.8,580775
2026-02-26 14:06:00,14:06:00,140.15,143.85,138.75,143.0,805220
2026-02-26 14:07:00,14:07:00,143.2,146.2,141.7,143.0,700505
2026-02-26 14:08:00,14:08:00,172.15,174.4,154.2,154.2,824850
2026-02-26 14:09:00,14:09:00,155.5,157.75,148.7,149.45,677495
2026-02-26 14:10:00,14:10:00,148.65,150.7,146.55,147.5,431340
2026-02-26 14:11:00,14:11:00,148.15,150.45,147.0,148.25,430625
2026-02-26 14:12:00,14:12:00,148.0,148.25,142.65,143.85,686595
2026-02-26 14:13:00,14:13:00,143.15,145.7,139.15,145.0,718835
2026-02-26 14:14:00,14:14:00,144.6,145.0,139.95,141.75,358995
2026-02-26 14:15:00,14:15:00,141.0,141.9,136.05,137.65,701870
2026-02-26 14:16:00,14:16:00,137.5,144.8,136.1,143.95,518700
2026-02-26 14:17:00,14:17:00,144.05,147.6,140.65,141.5,712530
2026-02-26 14:18:00,14:18:00,140.65,145.95,138.45,145.2,444795
2026-02-26 14:19:00,14:19:00,145.1,146.25,144.0,144.3,318240
2026-02-26 14:20:00,14:20:00,143.85,145.15,141.15,145.15,333385
2026-02-26 14:21:00,14:21:00,144.75,151.5,142.6,150.95,738270
2026-02-26 14:22:00,14:22:00,150.15,150.95,147.0,150.0,510250
2026-02-26 14:23:00,14:23:00,150.2,151.5,148.7,149.6,381225
2026-02-26 14:24:00,14:24:00,150.05,152.45,148.4,152.2,498940
2026-02-26 14:25:00,14:25:00,151.9,152.75,145.0,149.15,644150
2026-02-26 14:26:00,14:26:00,148.95,151.9,148.45,148.7,389675
2026-02-26 14:27:00,14:27:00,149.5,152.55,145.85,151.2,359060
2026-02-26 14:28:00,14:28:00,149.45,151.2,142.15,143.25,608985
2026-02-26 14:29:00,14:29:00,142.25,145.25,140.55,143.2,389740
2026-02-26 14:30:00,14:30:00,142.95,145.7,141.25,142.6,265980
2026-02-26 14:31:00,14:31:00,142.55,146.95,141.9,145.65,289965
2026-02-26 14:32:00,14:32:00,145.55,146.25,135.75,138.6,857740
2026-02-26 14:33:00,14:33:00,138.7,139.15,133.0,133.95,651105
2026-02-26 14:34:00,14:34:00,134.2,134.6,127.4,127.9,711165
2026-02-26 14:35:00,14:35:00,127.9,131.1,125.0,129.8,890500
2026-02-26 14:36:00,14:36:00,128.2,129.8,123.2,125.0,694720
2026-02-26 14:37:00,14:37:00,124.7,125.0,120.35,122.15,741975
2026-02-26 14:38:00,14:38:00,122.2,124.95,118.9,121.5,570570
2026-02-26 14:39:00,14:39:00,120.75,122.8,119.0,121.9,415740
2026-02-26 14:40:00,14:40:00,147.85,149.0,138.75,141.05,294450
2026-02-26 14:41:00,14:41:00,141.3,142.0,134.45,136.05,309205
2026-02-26 14:42:00,14:42:00,135.5,139.0,133.9,136.1,187265
2026-02-26 14:43:00,14:43:00,135.6,137.7,131.7,131.95,199940
2026-02-26 14:44:00,14:44:00,130.55,132.75,124.35,124.35,488215
2026-02-26 14:45:00,14:45:00,123.0,132.1,117.9,132.05,1036425
2026-02-26 14:46:00,14:46:00,131.6,133.4,126.5,126.7,444470
2026-02-26 14:47:00,14:47:00,127.25,129.95,124.15,129.55,425685
2026-02-26 14:48:00,14:48:00,127.7,130.8,126.5,129.95,438555
2026-02-26 14:49:00,14:49:00,130.9,133.65,129.15,133.55,497575
2026-02-26 14:50:00,14:50:00,131.55,133.9,126.75,133.9,440310
2026-02-26 14:51:00,14:51:00,134.15,137.5,132.6,135.25,588445
2026-02-26 14:52:00,14:52:00,134.9,140.7,134.05,138.4,433225
2026-02-26 14:53:00,14:53:00,137.95,138.4,126.55,129.15,372190
2026-02-26 14:54:00,14:54:00,129.1,132.85,128.55,132.4,191295
2026-02-26 14:55:00,14:55:00,132.1,133.85,128.75,131.3,205075
2026-02-26 14:56:00,14:56:00,129.95,139.85,129.65,138.7,279630
2026-02-26 14:57:00,14:57:00,138.9,139.35,130.7,133.55,223470
2026-02-26 14:58:00,14:58:00,134.35,137.65,133.55,136.75,189930
2026-02-26 14:59:00,14:59:00,135.35,138.0,132.65,134.55,233285
2026-02-26 15:00:00,15:00:00,132.45,134.9,126.0,126.05,506090
2026-02-26 15:01:00,15:01:00,126.45,130.7,124.9,130.7,314860
2026-02-26 15:02:00,15:02:00,130.45,141.95,129.15,141.6,657410
2026-02-26 15:03:00,15:03:00,141.25,142.3,132.95,134.95,499655
2026-02-26 15:04:00,15:04:00,135.35,139.4,130.55,139.4,254215
2026-02-26 15:05:00,15:05:00,139.5,139.5,132.9,133.65,191230
2026-02-26 15:06:00,15:06:00,133.2,135.9,132.25,133.55,171730
2026-02-26 15:07:00,15:07:00,134.2,137.95,133.55,137.4,185055
2026-02-26 15:08:00,15:08:00,137.65,142.0,134.1,134.85,337805
2026-02-26 15:09:00,15:09:00,135.2,136.5,132.35,135.8,216580
2026-02-26 15:10:00,15:10:00,135.75,138.85,134.6,138.05,167830
2026-02-26 15:11:00,15:11:00,138.85,140.7,136.85,138.65,186420
2026-02-26 15:12:00,15:12:00,138.85,138.9,133.7,135.6,181805
2026-02-26 15:13:00,15:13:00,135.3,138.75,133.7,137.75,164385
2026-02-26 15:14:00,15:14:00,138.9,146.95,137.75,139.6,417430
2026-02-26 15:15:00,15:15:00,140.75,145.5,138.0,138.3,339950
2026-02-26 15:16:00,15:16:00,138.0,141.25,137.1,138.0,144040
2026-02-26 15:17:00,15:17:00,138.85,140.5,135.55,139.9,183040
2026-02-26 15:18:00,15:18:00,140.0,140.85,135.8,138.8,142610
2026-02-26 15:19:00,15:19:00,138.65,138.8,136.2,137.0,124475
2026-02-26 15:20:00,15:20:00,137.85,138.75,137.0,137.9,180635
2026-02-26 15:21:00,15:21:00,138.2,139.55,135.05,136.35,146835
2026-02-26 15:22:00,15:22:00,136.5,138.95,134.3,136.15,153205
2026-02-26 15:23:00,15:23:00,135.0,137.5,134.65,137.1,86450
2026-02-26 15:24:00,15:24:00,137.1,137.35,136.05,137.0,85540
2026-02-26 15:25:00,15:25:00,137.6,138.6,137.0,137.45,129740
2026-02-26 15:26:00,15:26:00,137.3,138.45,136.2,138.45,170235
2026-02-26 15:27:00,15:27:00,138.65,138.7,135.6,137.45,128700
2026-02-26 15:28:00,15:28:00,137.0,137.7,135.45,135.7,145860
2026-02-26 15:29:00,15:29:00,135.7,135.7,133.0,134.3,309205
