datetime,time,open,high,low,close,volume
2026-03-23 09:15:00,09:15:00,185.0,202.1,142.8,150.25,2763020
2026-03-23 09:16:00,09:16:00,131.35,139.8,126.7,137.85,713310
2026-03-23 09:17:00,09:17:00,139.75,142.9,137.85,140.2,580320
2026-03-23 09:18:00,09:18:00,139.2,140.9,133.0,133.45,369330
2026-03-23 09:19:00,09:19:00,134.3,134.9,131.55,132.4,221910
2026-03-23 09:20:00,09:20:00,133.1,139.5,129.65,138.2,332865
2026-03-23 09:21:00,09:21:00,138.1,148.2,136.25,147.75,448890
2026-03-23 09:22:00,09:22:00,147.8,151.85,140.05,141.65,454610
2026-03-23 09:23:00,09:23:00,142.55,151.15,141.65,148.5,280345
2026-03-23 09:24:00,09:24:00,147.75,150.3,140.2,140.4,317525
2026-03-23 09:25:00,09:25:00,140.4,147.05,140.4,143.6,215020
2026-03-23 09:26:00,09:26:00,143.55,147.55,141.5,143.75,227110
2026-03-23 09:27:00,09:27:00,144.3,151.45,143.7,148.0,309790
2026-03-23 09:28:00,09:28:00,148.55,149.0,141.25,142.9,215800
2026-03-23 09:29:00,09:29:00,142.8,145.9,142.0,142.35,127725
2026-03-23 09:30:00,09:30:00,142.0,149.8,140.8,146.9,295035
2026-03-23 09:31:00,09:31:00,147.8,149.2,142.7,142.8,183820
2026-03-23 09:32:00,09:32:00,144.0,145.95,141.65,143.15,113035
2026-03-23 09:33:00,09:33:00,143.5,150.2,141.65,145.0,175240
2026-03-23 09:34:00,09:34:00,145.1,149.2,142.35,147.55,155025
2026-03-23 09:35:00,09:35:00,125.8,137.0,123.95,136.15,680810
2026-03-23 09:36:00,09:36:00,136.05,141.0,131.15,140.85,682045
2026-03-23 09:37:00,09:37:00,138.8,140.85,132.2,134.3,569725
2026-03-23 09:38:00,09:38:00,155.7,157.55,148.95,152.3,265785
2026-03-23 09:39:00,09:39:00,151.5,152.3,145.5,148.05,235235
2026-03-23 09:40:00,09:40:00,147.15,150.1,138.7,139.6,431860
2026-03-23 09:41:00,09:41:00,139.15,146.2,138.5,143.7,233740
2026-03-23 09:42:00,09:42:00,143.4,143.85,137.9,140.3,261430
2026-03-23 09:43:00,09:43:00,140.75,142.0,138.6,138.6,122265
2026-03-23 09:44:00,09:44:00,137.45,144.3,135.35,142.35,231920
2026-03-23 09:45:00,09:45:00,142.1,142.35,137.3,139.65,116350
2026-03-23 09:46:00,09:46:00,139.9,140.25,135.7,136.7,133185
2026-03-23 09:47:00,09:47:00,137.1,137.25,131.65,133.25,281515
2026-03-23 09:48:00,09:48:00,154.2,154.25,144.5,147.35,1138605
2026-03-23 09:49:00,09:49:00,147.25,148.4,145.0,147.45,436865
2026-03-23 09:50:00,09:50:00,146.8,147.9,144.7,146.6,369200
2026-03-23 09:51:00,09:51:00,145.4,147.45,142.55,142.55,413985
2026-03-23 09:52:00,09:52:00,143.35,146.75,141.65,146.25,543010
2026-03-23 09:53:00,09:53:00,145.5,146.25,138.8,139.7,613990
2026-03-23 09:54:00,09:54:00,138.65,139.75,136.85,138.25,623610
2026-03-23 09:55:00,09:55:00,138.25,138.95,137.0,138.8,337935
2026-03-23 09:56:00,09:56:00,159.5,162.05,155.45,157.45,391690
2026-03-23 09:57:00,09:57:00,157.0,158.4,154.75,155.95,412165
2026-03-23 09:58:00,09:58:00,156.55,163.2,155.95,159.5,410345
2026-03-23 09:59:00,09:59:00,159.7,159.7,151.45,153.5,435890
2026-03-23 10:00:00,10:00:00,153.8,154.5,150.1,151.85,393835
2026-03-23 10:01:00,10:01:00,151.55,156.2,150.65,152.65,265460
2026-03-23 10:02:00,10:02:00,152.35,156.8,152.0,156.3,225030
2026-03-23 10:03:00,10:03:00,156.6,158.5,154.1,154.1,337480
2026-03-23 10:04:00,10:04:00,154.25,160.0,153.25,159.5,225160
2026-03-23 10:05:00,10:05:00,159.6,162.45,159.05,159.35,324415
2026-03-23 10:06:00,10:06:00,160.15,162.4,158.75,161.95,205075
2026-03-23 10:07:00,10:07:00,163.0,164.9,159.3,160.1,328900
2026-03-23 10:08:00,10:08:00,159.5,160.1,156.65,158.45,193505
2026-03-23 10:09:00,10:09:00,158.5,158.7,157.1,157.85,86450
2026-03-23 10:10:00,10:10:00,157.9,157.9,154.2,156.8,219180
2026-03-23 10:11:00,10:11:00,156.65,159.15,155.05,155.35,106990
2026-03-23 10:12:00,10:12:00,155.25,155.4,149.5,151.3,374985
2026-03-23 10:13:00,10:13:00,151.4,153.4,148.55,150.75,295035
2026-03-23 10:14:00,10:14:00,172.65,172.65,170.0,170.95,431665
2026-03-23 10:15:00,10:15:00,170.8,172.7,166.05,167.25,787085
2026-03-23 10:16:00,10:16:00,167.0,168.3,165.0,165.1,674830
2026-03-23 10:17:00,10:17:00,144.9,152.25,144.8,151.4,382005
2026-03-23 10:18:00,10:18:00,172.7,172.7,166.8,167.8,384280
2026-03-23 10:19:00,10:19:00,167.3,168.3,163.2,163.5,522080
2026-03-23 10:20:00,10:20:00,163.15,165.55,159.95,161.55,740480
2026-03-23 10:21:00,10:21:00,161.25,163.1,159.35,162.3,482365
2026-03-23 10:22:00,10:22:00,162.4,164.55,158.35,160.75,677560
2026-03-23 10:23:00,10:23:00,161.0,164.0,158.8,161.8,473330
2026-03-23 10:24:00,10:24:00,162.55,162.9,157.8,158.55,413335
2026-03-23 10:25:00,10:25:00,158.35,159.7,157.3,157.95,318435
2026-03-23 10:26:00,10:26:00,157.9,163.5,157.8,162.7,511550
2026-03-23 10:27:00,10:27:00,163.05,164.5,161.25,161.65,506740
2026-03-23 10:28:00,10:28:00,161.55,161.65,154.65,154.65,534560
2026-03-23 10:29:00,10:29:00,154.3,159.15,154.3,155.7,495495
2026-03-23 10:30:00,10:30:00,155.55,161.6,154.05,160.9,541840
2026-03-23 10:31:00,10:31:00,161.05,163.05,159.8,161.1,357890
2026-03-23 10:32:00,10:32:00,160.8,163.45,159.3,161.8,273585
2026-03-23 10:33:00,10:33:00,161.6,163.6,159.15,162.7,413985
2026-03-23 10:34:00,10:34:00,162.1,163.5,155.8,156.0,699530
2026-03-23 10:35:00,10:35:00,155.7,161.35,155.5,161.35,289705
2026-03-23 10:36:00,10:36:00,141.45,146.55,139.95,146.55,231400
2026-03-23 10:37:00,10:37:00,146.0,147.0,142.75,145.0,302965
2026-03-23 10:38:00,10:38:00,166.3,166.9,162.8,163.35,448955
2026-03-23 10:39:00,10:39:00,162.55,165.45,160.25,161.9,411580
2026-03-23 10:40:00,10:40:00,161.0,161.9,154.85,155.95,731575
2026-03-23 10:41:00,10:41:00,156.7,159.7,155.4,159.7,333060
2026-03-23 10:42:00,10:42:00,159.0,162.0,156.45,161.65,321620
2026-03-23 10:43:00,10:43:00,161.0,162.65,157.6,162.45,263900
2026-03-23 10:44:00,10:44:00,162.75,163.25,157.8,160.05,253045
2026-03-23 10:45:00,10:45:00,160.55,160.7,158.7,160.45,145990
2026-03-23 10:46:00,10:46:00,161.05,161.35,157.8,159.0,168870
2026-03-23 10:47:00,10:47:00,158.8,159.1,156.0,157.55,201760
2026-03-23 10:48:00,10:48:00,157.15,159.45,155.0,155.0,316940
2026-03-23 10:49:00,10:49:00,155.1,159.6,154.0,157.6,333450
2026-03-23 10:50:00,10:50:00,156.95,157.6,146.6,146.6,1153360
2026-03-23 10:51:00,10:51:00,167.0,169.0,163.35,165.3,434395
2026-03-23 10:52:00,10:52:00,163.95,166.05,163.0,165.4,263575
2026-03-23 10:53:00,10:53:00,146.25,149.5,144.85,148.35,386945
2026-03-23 10:54:00,10:54:00,148.1,150.7,146.1,146.25,428935
2026-03-23 10:55:00,10:55:00,167.0,167.3,163.5,164.4,188305
2026-03-23 10:56:00,10:56:00,144.4,149.3,143.85,147.25,324480
2026-03-23 10:57:00,10:57:00,168.3,169.05,162.15,164.8,164710
2026-03-23 10:58:00,10:58:00,143.8,147.2,143.65,147.05,228475
2026-03-23 10:59:00,10:59:00,147.2,148.75,144.65,147.8,307450
2026-03-23 11:00:00,11:00:00,168.35,168.75,159.7,161.35,247910
2026-03-23 11:01:00,11:01:00,161.2,161.5,158.0,159.25,266435
2026-03-23 11:02:00,11:02:00,158.45,163.5,158.05,163.45,180505
2026-03-23 11:03:00,11:03:00,164.3,169.5,163.3,167.7,184080
2026-03-23 11:04:00,11:04:00,147.0,152.0,147.0,151.65,525005
2026-03-23 11:05:00,11:05:00,152.0,153.35,149.5,152.55,506220
2026-03-23 11:06:00,11:06:00,152.7,154.75,149.25,154.55,447135
2026-03-23 11:07:00,11:07:00,135.0,144.65,135.0,143.25,957905
2026-03-23 11:08:00,11:08:00,164.1,164.7,159.05,162.55,730665
2026-03-23 11:09:00,11:09:00,162.05,162.55,156.35,159.95,531440
2026-03-23 11:10:00,11:10:00,160.6,161.0,157.0,159.4,309790
2026-03-23 11:11:00,11:11:00,159.3,160.0,156.1,159.1,279435
2026-03-23 11:12:00,11:12:00,158.7,159.95,154.0,154.0,370435
2026-03-23 11:13:00,11:13:00,153.55,156.0,152.25,154.6,403520
2026-03-23 11:14:00,11:14:00,154.9,158.5,153.1,154.6,321490
2026-03-23 11:15:00,11:15:00,153.6,154.6,148.8,150.4,507065
2026-03-23 11:16:00,11:16:00,150.65,150.65,147.05,147.75,360230
2026-03-23 11:17:00,11:17:00,147.55,149.65,145.35,148.45,339950
2026-03-23 11:18:00,11:18:00,147.8,148.45,145.1,146.1,276055
2026-03-23 11:19:00,11:19:00,145.9,148.2,144.7,146.1,224380
2026-03-23 11:20:00,11:20:00,145.6,154.45,145.6,153.0,405925
2026-03-23 11:21:00,11:21:00,152.1,153.75,150.2,151.65,305240
2026-03-23 11:22:00,11:22:00,151.55,152.05,144.4,144.95,434070
2026-03-23 11:23:00,11:23:00,145.85,152.5,144.15,152.05,367640
2026-03-23 11:24:00,11:24:00,152.55,153.5,148.3,151.4,406705
2026-03-23 11:25:00,11:25:00,150.5,153.15,149.15,152.4,223405
2026-03-23 11:26:00,11:26:00,151.2,156.5,150.45,154.95,478530
2026-03-23 11:27:00,11:27:00,154.55,156.15,150.55,151.25,343590
2026-03-23 11:28:00,11:28:00,151.1,152.15,145.75,145.8,552305
2026-03-23 11:29:00,11:29:00,146.0,155.0,145.8,153.15,364520
2026-03-23 11:30:00,11:30:00,153.3,154.3,150.0,151.0,230620
2026-03-23 11:31:00,11:31:00,151.7,155.05,150.55,154.5,190970
2026-03-23 11:32:00,11:32:00,155.8,158.1,150.0,150.95,661505
2026-03-23 11:33:00,11:33:00,150.55,150.95,143.65,143.8,488020
2026-03-23 11:34:00,11:34:00,143.5,147.35,142.55,145.9,406315
2026-03-23 11:35:00,11:35:00,166.9,166.9,159.3,159.7,217165
2026-03-23 11:36:00,11:36:00,160.55,163.95,159.7,161.75,124930
2026-03-23 11:37:00,11:37:00,142.05,143.6,140.95,142.2,264290
2026-03-23 11:38:00,11:38:00,142.25,144.1,141.2,143.35,252070
2026-03-23 11:39:00,11:39:00,143.1,147.8,142.8,146.05,321750
2026-03-23 11:40:00,11:40:00,145.95,152.7,144.8,145.65,473785
2026-03-23 11:41:00,11:41:00,145.5,150.75,145.25,149.95,209430
2026-03-23 11:42:00,11:42:00,149.8,150.6,143.6,145.35,256100
2026-03-23 11:43:00,11:43:00,166.0,166.0,156.9,158.35,221585
2026-03-23 11:44:00,11:44:00,157.9,160.6,154.35,159.6,328965
2026-03-23 11:45:00,11:45:00,139.4,144.0,139.0,141.6,488020
2026-03-23 11:46:00,11:46:00,142.1,142.95,138.8,141.95,254345
2026-03-23 11:47:00,11:47:00,162.0,164.1,160.05,162.3,72670
2026-03-23 11:48:00,11:48:00,141.8,144.7,141.1,142.6,224380
2026-03-23 11:49:00,11:49:00,142.25,144.0,140.0,143.55,140725
2026-03-23 11:50:00,11:50:00,143.35,144.8,140.5,144.5,212745
2026-03-23 11:51:00,11:51:00,144.3,151.5,144.3,150.3,678730
2026-03-23 11:52:00,11:52:00,150.45,154.05,149.45,151.0,560430
2026-03-23 11:53:00,11:53:00,151.4,155.2,149.55,152.0,589940
2026-03-23 11:54:00,11:54:00,152.2,153.75,149.7,151.1,256880
2026-03-23 11:55:00,11:55:00,152.0,152.35,149.75,150.15,190450
2026-03-23 11:56:00,11:56:00,150.85,151.5,144.5,146.65,657215
2026-03-23 11:57:00,11:57:00,145.9,153.9,145.9,153.75,304265
2026-03-23 11:58:00,11:58:00,153.95,155.5,148.9,152.45,561015
2026-03-23 11:59:00,11:59:00,153.0,153.75,147.2,150.95,330655
2026-03-23 12:00:00,12:00:00,150.65,151.4,145.5,146.85,263705
2026-03-23 12:01:00,12:01:00,146.55,151.45,146.0,150.75,222365
2026-03-23 12:02:00,12:02:00,150.65,153.3,147.8,153.3,234390
2026-03-23 12:03:00,12:03:00,153.95,155.0,148.0,149.45,296595
2026-03-23 12:04:00,12:04:00,149.5,153.5,148.5,148.95,227890
2026-03-23 12:05:00,12:05:00,148.2,151.85,147.0,149.85,396045
2026-03-23 12:06:00,12:06:00,149.55,151.0,145.6,145.6,179010
2026-03-23 12:07:00,12:07:00,145.35,145.75,141.85,145.4,443885
2026-03-23 12:08:00,12:08:00,145.55,146.85,143.25,145.6,189800
2026-03-23 12:09:00,12:09:00,145.7,148.6,143.65,148.6,196430
2026-03-23 12:10:00,12:10:00,149.15,155.55,148.6,152.15,686985
2026-03-23 12:11:00,12:11:00,153.0,155.85,151.7,154.4,274170
2026-03-23 12:12:00,12:12:00,154.2,154.55,148.55,148.95,360815
2026-03-23 12:13:00,12:13:00,149.6,150.1,143.7,145.3,426855
2026-03-23 12:14:00,12:14:00,145.2,146.0,143.2,143.35,265460
2026-03-23 12:15:00,12:15:00,142.8,144.5,138.5,142.9,755105
2026-03-23 12:16:00,12:16:00,162.8,162.85,159.0,161.25,142220
2026-03-23 12:17:00,12:17:00,141.4,142.7,137.85,141.0,388245
2026-03-23 12:18:00,12:18:00,160.5,161.8,158.2,158.2,76960
2026-03-23 12:19:00,12:19:00,139.55,141.0,137.75,140.3,266175
2026-03-23 12:20:00,12:20:00,160.55,161.25,157.95,159.2,97110
2026-03-23 12:21:00,12:21:00,159.1,160.5,157.6,159.05,62660
2026-03-23 12:22:00,12:22:00,158.15,161.3,157.0,157.05,115570
2026-03-23 12:23:00,12:23:00,157.5,159.7,157.0,159.55,113425
2026-03-23 12:24:00,12:24:00,158.7,159.55,146.5,148.4,518245
2026-03-23 12:25:00,12:25:00,149.7,151.45,147.2,149.7,331825
2026-03-23 12:26:00,12:26:00,149.3,150.6,148.15,150.6,217295
2026-03-23 12:27:00,12:27:00,149.65,154.7,149.65,153.95,188435
2026-03-23 12:28:00,12:28:00,153.75,158.6,152.1,158.25,192140
2026-03-23 12:29:00,12:29:00,158.65,162.0,158.25,160.55,216580
2026-03-23 12:30:00,12:30:00,159.9,161.45,156.55,158.5,170950
2026-03-23 12:31:00,12:31:00,158.4,162.85,156.5,159.3,105950
2026-03-23 12:32:00,12:32:00,159.25,159.3,153.65,155.7,130000
2026-03-23 12:33:00,12:33:00,156.1,161.5,155.7,157.35,119015
2026-03-23 12:34:00,12:34:00,157.55,162.6,157.3,159.95,152620
2026-03-23 12:35:00,12:35:00,140.6,143.45,139.85,142.8,364780
2026-03-23 12:36:00,12:36:00,163.1,163.3,158.75,161.75,139685
2026-03-23 12:37:00,12:37:00,141.9,153.1,141.55,152.3,918840
2026-03-23 12:38:00,12:38:00,152.55,153.0,147.7,147.7,547755
2026-03-23 12:39:00,12:39:00,168.7,169.75,166.1,166.1,174460
2026-03-23 12:40:00,12:40:00,145.95,149.8,145.35,148.05,264225
2026-03-23 12:41:00,12:41:00,149.05,151.1,147.65,148.9,376285
2026-03-23 12:42:00,12:42:00,170.45,170.45,164.6,165.05,172575
2026-03-23 12:43:00,12:43:00,166.2,167.2,162.7,166.5,123435
2026-03-23 12:44:00,12:44:00,145.95,151.5,145.55,148.85,546390
2026-03-23 12:45:00,12:45:00,149.05,150.5,144.9,146.05,342030
2026-03-23 12:46:00,12:46:00,146.0,149.35,144.9,148.65,185510
2026-03-23 12:47:00,12:47:00,148.9,155.4,148.65,150.8,739570
2026-03-23 12:48:00,12:48:00,150.05,152.15,149.25,151.55,208910
2026-03-23 12:49:00,12:49:00,151.25,154.55,150.0,151.7,280865
2026-03-23 12:50:00,12:50:00,151.45,152.05,145.4,148.3,402480
2026-03-23 12:51:00,12:51:00,147.5,153.3,146.7,149.95,338065
2026-03-23 12:52:00,12:52:00,171.0,171.25,162.5,162.5,218725
2026-03-23 12:53:00,12:53:00,161.75,165.45,160.8,163.85,140465
2026-03-23 12:54:00,12:54:00,163.75,165.95,161.15,161.9,104455
2026-03-23 12:55:00,12:55:00,161.85,162.1,155.55,160.4,288795
2026-03-23 12:56:00,12:56:00,160.6,163.05,156.9,157.05,145535
2026-03-23 12:57:00,12:57:00,157.25,158.6,155.3,157.5,145210
2026-03-23 12:58:00,12:58:00,157.2,160.1,152.0,159.7,236535
2026-03-23 12:59:00,12:59:00,159.7,161.0,156.35,158.9,203840
2026-03-23 13:00:00,13:00:00,158.0,158.9,153.75,155.7,162565
2026-03-23 13:01:00,13:01:00,155.75,159.65,153.35,157.55,96980
2026-03-23 13:02:00,13:02:00,158.6,158.6,152.2,155.1,90545
2026-03-23 13:03:00,13:03:00,154.8,155.35,152.35,152.35,85410
2026-03-23 13:04:00,13:04:00,152.85,155.0,151.4,152.5,98085
2026-03-23 13:05:00,13:05:00,151.7,153.7,150.85,153.7,127270
2026-03-23 13:06:00,13:06:00,152.85,159.25,152.85,156.0,165230
2026-03-23 13:07:00,13:07:00,155.4,158.0,154.35,157.75,96460
2026-03-23 13:08:00,13:08:00,157.55,161.55,156.6,160.85,100425
2026-03-23 13:09:00,13:09:00,161.45,162.6,153.45,154.8,183105
2026-03-23 13:10:00,13:10:00,154.9,157.0,153.95,153.95,70200
2026-03-23 13:11:00,13:11:00,153.0,155.3,151.35,152.1,101725
2026-03-23 13:12:00,13:12:00,153.1,154.2,150.2,151.4,140140
2026-03-23 13:13:00,13:13:00,151.0,156.6,151.0,151.55,100945
2026-03-23 13:14:00,13:14:00,151.55,158.3,151.2,158.15,83980
2026-03-23 13:15:00,13:15:00,157.85,163.05,157.65,161.9,266760
2026-03-23 13:16:00,13:16:00,162.25,162.65,159.65,160.55,166920
2026-03-23 13:17:00,13:17:00,159.95,160.55,157.6,159.05,101790
2026-03-23 13:18:00,13:18:00,159.45,161.75,157.55,157.7,87490
2026-03-23 13:19:00,13:19:00,157.35,160.0,155.1,155.1,90025
2026-03-23 13:20:00,13:20:00,154.5,158.9,152.9,157.8,114140
2026-03-23 13:21:00,13:21:00,157.3,163.45,157.25,163.0,123305
2026-03-23 13:22:00,13:22:00,162.8,163.5,158.15,159.3,135265
2026-03-23 13:23:00,13:23:00,158.5,159.3,154.8,158.05,125255
2026-03-23 13:24:00,13:24:00,158.05,160.7,157.3,158.05,59800
2026-03-23 13:25:00,13:25:00,156.75,158.95,152.3,157.65,148980
2026-03-23 13:26:00,13:26:00,157.5,162.75,156.5,161.6,114075
2026-03-23 13:27:00,13:27:00,161.9,163.4,153.0,153.85,174135
2026-03-23 13:28:00,13:28:00,154.55,158.95,153.65,156.15,192855
2026-03-23 13:29:00,13:29:00,156.5,157.8,151.2,153.9,153335
2026-03-23 13:30:00,13:30:00,155.05,166.8,153.9,165.25,247585
2026-03-23 13:31:00,13:31:00,162.8,165.25,159.7,160.3,145340
2026-03-23 13:32:00,13:32:00,159.6,167.0,157.05,165.35,167050
2026-03-23 13:33:00,13:33:00,164.85,165.75,157.8,161.5,140400
2026-03-23 13:34:00,13:34:00,160.5,165.65,157.45,165.25,123565
2026-03-23 13:35:00,13:35:00,164.25,168.0,162.25,162.25,234455
2026-03-23 13:36:00,13:36:00,163.0,168.1,161.85,167.45,183495
2026-03-23 13:37:00,13:37:00,167.6,168.55,164.15,164.15,140920
2026-03-23 13:38:00,13:38:00,164.4,167.75,163.45,166.25,102895
2026-03-23 13:39:00,13:39:00,166.3,167.5,164.25,164.85,103220
2026-03-23 13:40:00,13:40:00,164.65,169.25,164.05,166.65,132405
2026-03-23 13:41:00,13:41:00,145.45,153.8,144.05,153.6,638690
2026-03-23 13:42:00,13:42:00,153.9,158.7,150.3,150.85,1067495
2026-03-23 13:43:00,13:43:00,150.6,157.75,147.95,154.9,714480
2026-03-23 13:44:00,13:44:00,154.7,166.0,154.7,161.55,1381575
2026-03-23 13:45:00,13:45:00,162.45,163.65,158.9,163.55,904280
2026-03-23 13:46:00,13:46:00,160.4,163.85,157.3,159.15,877435
2026-03-23 13:47:00,13:47:00,137.55,142.8,136.7,142.45,383565
2026-03-23 13:48:00,13:48:00,141.25,146.45,136.9,143.95,632320
2026-03-23 13:49:00,13:49:00,143.6,147.85,142.25,145.6,507585
2026-03-23 13:50:00,13:50:00,146.65,151.85,145.6,151.55,1097395
2026-03-23 13:51:00,13:51:00,151.95,154.75,141.1,143.25,942825
2026-03-23 13:52:00,13:52:00,144.65,151.2,140.25,150.9,431990
2026-03-23 13:53:00,13:53:00,150.75,151.55,145.5,149.05,369070
2026-03-23 13:54:00,13:54:00,149.4,149.4,141.65,144.75,311740
2026-03-23 13:55:00,13:55:00,145.0,149.0,143.55,146.05,325585
2026-03-23 13:56:00,13:56:00,146.2,149.35,142.65,147.2,291525
2026-03-23 13:57:00,13:57:00,147.9,149.0,142.9,147.75,203645
2026-03-23 13:58:00,13:58:00,149.0,149.45,142.5,143.0,240760
2026-03-23 13:59:00,13:59:00,145.85,146.4,140.4,140.4,209300
2026-03-23 14:00:00,14:00:00,139.8,144.95,137.6,143.7,503945
2026-03-23 14:01:00,14:01:00,144.15,151.5,141.55,150.4,409825
2026-03-23 14:02:00,14:02:00,129.75,134.5,129.65,132.3,782990
2026-03-23 14:03:00,14:03:00,133.0,135.7,132.25,134.0,765310
2026-03-23 14:04:00,14:04:00,132.8,140.0,131.2,136.55,1146080
2026-03-23 14:05:00,14:05:00,136.75,140.8,134.6,135.75,793780
2026-03-23 14:06:00,14:06:00,136.9,140.35,135.75,138.8,460265
2026-03-23 14:07:00,14:07:00,139.7,140.35,129.8,132.85,864955
2026-03-23 14:08:00,14:08:00,154.25,155.0,141.15,145.25,539890
2026-03-23 14:09:00,14:09:00,125.0,131.05,124.7,130.8,618410
2026-03-23 14:10:00,14:10:00,151.15,151.9,145.55,148.4,200330
2026-03-23 14:11:00,14:11:00,128.5,131.8,125.1,131.8,311220
2026-03-23 14:12:00,14:12:00,132.1,135.6,129.4,129.4,625040
2026-03-23 14:13:00,14:13:00,149.5,152.6,143.5,143.5,236990
2026-03-23 14:14:00,14:14:00,145.95,149.1,144.2,145.3,163540
2026-03-23 14:15:00,14:15:00,146.45,148.3,142.1,146.8,207350
2026-03-23 14:16:00,14:16:00,126.95,132.2,125.25,129.65,410020
2026-03-23 14:17:00,14:17:00,129.3,135.15,129.3,134.1,452465
2026-03-23 14:18:00,14:18:00,134.55,136.45,131.55,133.65,329095
2026-03-23 14:19:00,14:19:00,133.9,136.3,129.9,131.5,506675
2026-03-23 14:20:00,14:20:00,130.8,135.6,128.35,132.85,393250
2026-03-23 14:21:00,14:21:00,133.75,134.65,131.0,131.2,215150
2026-03-23 14:22:00,14:22:00,130.65,132.45,127.6,129.35,283790
2026-03-23 14:23:00,14:23:00,128.95,133.35,126.5,133.35,327990
2026-03-23 14:24:00,14:24:00,132.9,134.85,124.3,124.3,600470
2026-03-23 14:25:00,14:25:00,143.9,144.9,130.25,133.4,821405
2026-03-23 14:26:00,14:26:00,133.8,140.0,130.6,138.4,312195
2026-03-23 14:27:00,14:27:00,118.1,123.8,117.25,121.0,573495
2026-03-23 14:28:00,14:28:00,140.95,142.95,135.4,137.05,260780
2026-03-23 14:29:00,14:29:00,137.25,137.25,131.7,131.85,203515
2026-03-23 14:30:00,14:30:00,131.6,132.7,124.4,124.75,384540
2026-03-23 14:31:00,14:31:00,145.65,146.35,136.65,137.7,1042925
2026-03-23 14:32:00,14:32:00,137.2,137.7,127.1,131.75,1220700
2026-03-23 14:33:00,14:33:00,152.2,153.1,127.3,127.3,977795
2026-03-23 14:34:00,14:34:00,109.65,120.55,107.95,112.5,1327105
2026-03-23 14:35:00,14:35:00,111.65,115.05,111.55,112.4,631930
2026-03-23 14:36:00,14:36:00,112.7,131.05,112.4,131.05,1324700
2026-03-23 14:37:00,14:37:00,113.15,122.05,111.55,119.05,719550
2026-03-23 14:38:00,14:38:00,138.3,141.25,130.5,131.25,929825
2026-03-23 14:39:00,14:39:00,130.1,131.4,123.6,129.0,914095
2026-03-23 14:40:00,14:40:00,127.3,132.0,123.7,127.75,669695
2026-03-23 14:41:00,14:41:00,126.85,130.25,124.6,130.25,396110
2026-03-23 14:42:00,14:42:00,130.2,131.3,123.2,124.55,543270
2026-03-23 14:43:00,14:43:00,105.85,118.95,104.7,118.95,327015
2026-03-23 14:44:00,14:44:00,119.6,126.6,117.95,126.6,696215
2026-03-23 14:45:00,14:45:00,125.4,129.3,120.6,126.75,645060
2026-03-23 14:46:00,14:46:00,127.0,127.0,121.05,123.5,262990
2026-03-23 14:47:00,14:47:00,122.95,128.45,121.5,121.7,262925
2026-03-23 14:48:00,14:48:00,121.55,125.1,117.1,124.05,360360
2026-03-23 14:49:00,14:49:00,124.65,127.2,120.05,126.0,261430
2026-03-23 14:50:00,14:50:00,127.75,139.45,126.0,136.75,900510
2026-03-23 14:51:00,14:51:00,115.2,126.8,115.2,125.5,1327885
2026-03-23 14:52:00,14:52:00,124.8,125.5,118.9,124.6,849550
2026-03-23 14:53:00,14:53:00,124.15,127.05,121.1,122.15,670215
2026-03-23 14:54:00,14:54:00,141.95,143.45,129.7,132.0,549640
2026-03-23 14:55:00,14:55:00,131.2,135.35,120.95,123.3,551135
2026-03-23 14:56:00,14:56:00,123.25,127.75,123.15,126.4,322400
2026-03-23 14:57:00,14:57:00,126.15,129.45,122.55,123.15,285415
2026-03-23 14:58:00,14:58:00,123.2,127.75,119.3,125.25,482040
2026-03-23 14:59:00,14:59:00,125.15,130.15,124.05,129.0,341510
2026-03-23 15:00:00,15:00:00,127.1,129.0,110.55,113.7,780845
2026-03-23 15:01:00,15:01:00,132.8,134.25,123.4,131.75,915655
2026-03-23 15:02:00,15:02:00,132.45,132.75,120.0,123.7,1010360
2026-03-23 15:03:00,15:03:00,121.05,123.7,116.7,116.9,968435
2026-03-23 15:04:00,15:04:00,136.7,137.9,128.35,129.05,769080
2026-03-23 15:05:00,15:05:00,128.65,129.9,127.2,129.85,516425
2026-03-23 15:06:00,15:06:00,129.4,130.1,121.25,123.6,586430
2026-03-23 15:07:00,15:07:00,122.9,131.8,122.9,129.75,341640
2026-03-23 15:08:00,15:08:00,128.65,131.5,127.15,131.1,298480
2026-03-23 15:09:00,15:09:00,131.0,140.15,130.15,138.5,467220
2026-03-23 15:10:00,15:10:00,117.6,123.3,115.75,121.85,835185
2026-03-23 15:11:00,15:11:00,122.55,124.9,120.65,123.9,677495
2026-03-23 15:12:00,15:12:00,142.85,144.85,136.25,137.95,330590
2026-03-23 15:13:00,15:13:00,137.3,139.0,134.7,137.75,223925
2026-03-23 15:14:00,15:14:00,138.4,138.4,131.65,135.7,346450
2026-03-23 15:15:00,15:15:00,134.95,135.7,125.5,130.95,405210
2026-03-23 15:16:00,15:16:00,130.2,132.0,123.9,129.0,251290
2026-03-23 15:17:00,15:17:00,130.65,132.3,127.8,127.8,227955
2026-03-23 15:18:00,15:18:00,127.1,128.65,122.05,125.2,221000
2026-03-23 15:19:00,15:19:00,126.05,126.75,123.55,125.25,176995
2026-03-23 15:20:00,15:20:00,125.85,127.25,122.4,125.5,351000
2026-03-23 15:21:00,15:21:00,124.85,125.5,116.4,119.05,420160
2026-03-23 15:22:00,15:22:00,119.3,123.7,118.85,123.65,358605
2026-03-23 15:23:00,15:23:00,123.05,126.1,122.05,125.85,194350
2026-03-23 15:24:00,15:24:00,125.85,126.0,121.4,125.75,188045
2026-03-23 15:25:00,15:25:00,125.55,128.25,124.75,128.25,275860
2026-03-23 15:26:00,15:26:00,128.1,128.25,123.7,125.15,198120
2026-03-23 15:27:00,15:27:00,124.75,125.15,121.6,122.95,168480
2026-03-23 15:28:00,15:28:00,122.3,123.3,120.15,120.5,292175
2026-03-23 15:29:00,15:29:00,120.3,125.6,118.85,123.35,419510
2026-03-24 09:15:00,09:15:00,95.0,118.6,78.2,94.3,8131305
2026-03-24 09:16:00,09:16:00,113.25,122.9,83.85,83.95,5691075
2026-03-24 09:17:00,09:17:00,87.2,101.0,83.95,95.65,3444480
2026-03-24 09:18:00,09:18:00,100.65,103.55,87.3,91.35,3084445
2026-03-24 09:19:00,09:19:00,93.2,93.2,83.1,86.8,2215265
2026-03-24 09:20:00,09:20:00,86.55,90.85,76.3,76.3,2483390
2026-03-24 09:21:00,09:21:00,78.05,81.15,74.65,81.05,2260310
2026-03-24 09:22:00,09:22:00,101.15,106.4,92.85,96.05,3353545
2026-03-24 09:23:00,09:23:00,74.8,82.5,73.65,82.5,1510795
2026-03-24 09:24:00,09:24:00,83.9,95.65,80.55,93.2,3272295
2026-03-24 09:25:00,09:25:00,93.3,99.5,90.5,96.9,4208360
2026-03-24 09:26:00,09:26:00,75.8,84.05,72.25,82.1,4399915
2026-03-24 09:27:00,09:27:00,80.2,83.85,77.35,80.85,4082520
2026-03-24 09:28:00,09:28:00,79.6,82.85,72.9,73.45,3032055
2026-03-24 09:29:00,09:29:00,73.45,82.0,70.1,79.15,2958345
2026-03-24 09:30:00,09:30:00,80.35,83.9,78.7,79.2,3133910
2026-03-24 09:31:00,09:31:00,78.95,82.4,72.7,74.75,2959190
2026-03-24 09:32:00,09:32:00,71.75,75.55,66.9,74.2,3065660
2026-03-24 09:33:00,09:33:00,75.15,76.0,69.1,74.75,1770015
2026-03-24 09:34:00,09:34:00,96.0,97.3,88.05,88.25,1500915
2026-03-24 09:35:00,09:35:00,87.2,97.7,87.1,91.15,1725165
2026-03-24 09:36:00,09:36:00,90.65,94.75,88.55,92.45,1203020
2026-03-24 09:37:00,09:37:00,91.55,92.45,75.1,77.5,3379350
2026-03-24 09:38:00,09:38:00,78.7,78.7,72.2,73.5,2220530
2026-03-24 09:39:00,09:39:00,94.95,96.85,85.85,86.55,4215055
2026-03-24 09:40:00,09:40:00,65.75,72.15,63.65,70.65,2330315
2026-03-24 09:41:00,09:41:00,69.95,72.4,66.55,72.4,1303770
2026-03-24 09:42:00,09:42:00,93.2,94.25,78.35,78.35,3476265
2026-03-24 09:43:00,09:43:00,75.9,78.8,72.2,74.25,4784455
2026-03-24 09:44:00,09:44:00,74.4,79.25,72.0,78.65,2808000
2026-03-24 09:45:00,09:45:00,103.25,103.25,88.9,90.4,2232490
2026-03-24 09:46:00,09:46:00,90.2,94.05,87.9,90.35,1699100
2026-03-24 09:47:00,09:47:00,90.05,97.05,88.3,89.0,1490645
2026-03-24 09:48:00,09:48:00,88.5,91.1,85.95,88.05,1436890
2026-03-24 09:49:00,09:49:00,87.95,94.6,87.55,89.85,1518400
2026-03-24 09:50:00,09:50:00,89.9,97.2,85.95,88.25,1550965
2026-03-24 09:51:00,09:51:00,88.25,91.1,83.25,89.1,1738945
2026-03-24 09:52:00,09:52:00,89.45,91.8,86.2,89.75,1229345
2026-03-24 09:53:00,09:53:00,89.35,93.45,86.05,91.9,886795
2026-03-24 09:54:00,09:54:00,71.15,74.95,69.1,70.85,2189330
2026-03-24 09:55:00,09:55:00,70.15,82.65,68.85,82.65,3414190
2026-03-24 09:56:00,09:56:00,82.8,88.95,80.55,86.4,6306755
2026-03-24 09:57:00,09:57:00,85.55,89.85,79.45,87.45,4184310
2026-03-24 09:58:00,09:58:00,86.95,89.1,75.6,80.4,4375995
2026-03-24 09:59:00,09:59:00,79.05,85.4,73.15,79.55,3629210
2026-03-24 10:00:00,10:00:00,78.85,80.6,74.05,75.6,2602405
2026-03-24 10:01:00,10:01:00,97.35,98.2,82.8,82.8,2578030
2026-03-24 10:02:00,10:02:00,83.2,90.1,80.55,84.9,1936935
2026-03-24 10:03:00,10:03:00,84.75,87.25,79.1,80.45,1492725
2026-03-24 10:04:00,10:04:00,80.0,82.9,73.85,75.85,2056275
2026-03-24 10:05:00,10:05:00,75.7,83.5,75.7,83.1,1569295
2026-03-24 10:06:00,10:06:00,82.8,84.8,77.1,77.1,1377025
2026-03-24 10:07:00,10:07:00,76.6,77.1,72.3,73.4,1813955
2026-03-24 10:08:00,10:08:00,73.3,74.5,68.85,70.3,1538745
2026-03-24 10:09:00,10:09:00,69.55,74.8,67.1,67.95,1782560
2026-03-24 10:10:00,10:10:00,67.65,72.1,66.85,71.5,1260545
2026-03-24 10:11:00,10:11:00,71.6,73.35,68.5,68.7,873080
2026-03-24 10:12:00,10:12:00,68.75,70.45,68.25,69.45,621400
2026-03-24 10:13:00,10:13:00,69.75,78.3,69.15,78.3,1442675
2026-03-24 10:14:00,10:14:00,78.55,79.6,74.65,75.2,1935830
2026-03-24 10:15:00,10:15:00,75.3,78.25,72.25,76.45,1247220
2026-03-24 10:16:00,10:16:00,57.65,62.85,56.2,62.15,3148535
2026-03-24 10:17:00,10:17:00,62.05,67.8,61.4,66.25,3999060
2026-03-24 10:18:00,10:18:00,65.7,70.5,64.15,66.6,3480295
2026-03-24 10:19:00,10:19:00,66.6,66.6,61.1,62.35,2033720
2026-03-24 10:20:00,10:20:00,83.8,86.2,75.45,76.0,1755325
2026-03-24 10:21:00,10:21:00,55.85,64.3,54.35,64.3,2522195
2026-03-24 10:22:00,10:22:00,63.9,68.95,61.95,67.2,2689375
2026-03-24 10:23:00,10:23:00,67.75,81.6,67.2,81.6,5385510
2026-03-24 10:24:00,10:24:00,81.95,81.95,74.8,77.95,3896685
2026-03-24 10:25:00,10:25:00,77.45,77.95,70.65,75.45,2642770
2026-03-24 10:26:00,10:26:00,75.8,76.15,61.75,63.35,3714295
2026-03-24 10:27:00,10:27:00,62.0,63.35,58.2,59.1,2750865
2026-03-24 10:28:00,10:28:00,59.9,61.65,57.1,60.85,1909570
2026-03-24 10:29:00,10:29:00,60.9,62.5,57.9,62.0,1619085
2026-03-24 10:30:00,10:30:00,82.8,83.45,72.9,72.9,1796210
2026-03-24 10:31:00,10:31:00,72.0,74.75,65.0,65.9,2826135
2026-03-24 10:32:00,10:32:00,65.1,67.8,62.0,62.0,2173340
2026-03-24 10:33:00,10:33:00,60.95,62.95,55.8,57.05,2770885
2026-03-24 10:34:00,10:34:00,78.0,78.2,71.1,71.7,3483025
2026-03-24 10:35:00,10:35:00,69.5,72.2,66.7,67.7,3717545
2026-03-24 10:36:00,10:36:00,67.85,70.45,61.55,62.6,3864510
2026-03-24 10:37:00,10:37:00,61.6,62.65,57.5,62.4,4008875
2026-03-24 10:38:00,10:38:00,62.7,66.6,59.65,65.7,3241745
2026-03-24 10:39:00,10:39:00,65.95,65.95,58.6,59.1,2506075
2026-03-24 10:40:00,10:40:00,59.8,62.1,58.4,61.15,1741610
2026-03-24 10:41:00,10:41:00,61.4,68.6,59.6,64.85,2540460
2026-03-24 10:42:00,10:42:00,64.75,70.7,62.6,69.9,2636530
2026-03-24 10:43:00,10:43:00,70.45,76.0,68.9,73.75,4395235
2026-03-24 10:44:00,10:44:00,71.7,79.0,70.8,72.05,3245515
2026-03-24 10:45:00,10:45:00,72.25,73.9,68.85,69.55,1991145
2026-03-24 10:46:00,10:46:00,69.8,72.95,66.35,69.6,1953640
2026-03-24 10:47:00,10:47:00,70.4,74.65,67.7,70.75,1978015
2026-03-24 10:48:00,10:48:00,50.75,74.3,49.8,74.3,4396730
2026-03-24 10:49:00,10:49:00,74.7,74.7,59.25,60.2,3776240
2026-03-24 10:50:00,10:50:00,59.15,66.85,58.45,66.85,2115165
2026-03-24 10:51:00,10:51:00,66.6,67.35,52.8,52.8,2416765
2026-03-24 10:52:00,10:52:00,72.4,76.1,64.3,65.5,4684940
2026-03-24 10:53:00,10:53:00,67.8,70.3,63.65,68.65,2587195
2026-03-24 10:54:00,10:54:00,70.3,70.35,64.45,67.75,1563640
2026-03-24 10:55:00,10:55:00,68.9,71.45,65.9,68.55,1895075
2026-03-24 10:56:00,10:56:00,69.15,69.75,63.9,65.95,1534650
2026-03-24 10:57:00,10:57:00,65.2,66.85,60.25,60.5,2161575
2026-03-24 10:58:00,10:58:00,60.0,60.9,54.05,54.2,3340285
2026-03-24 10:59:00,10:59:00,54.7,57.9,51.55,54.75,2889185
2026-03-24 11:00:00,11:00:00,54.6,61.25,54.45,61.25,2679430
2026-03-24 11:01:00,11:01:00,62.0,63.7,57.85,63.5,2455440
2026-03-24 11:02:00,11:02:00,62.05,63.5,59.75,61.95,1739400
2026-03-24 11:03:00,11:03:00,61.65,64.9,61.1,63.15,2169505
2026-03-24 11:04:00,11:04:00,43.8,49.6,43.8,49.5,1570595
2026-03-24 11:05:00,11:05:00,69.0,69.3,63.8,67.7,1973855
2026-03-24 11:06:00,11:06:00,66.95,68.7,63.2,64.0,1794325
2026-03-24 11:07:00,11:07:00,64.05,68.0,64.0,66.3,1254240
2026-03-24 11:08:00,11:08:00,49.25,55.25,47.05,54.25,2092870
2026-03-24 11:09:00,11:09:00,53.7,55.0,50.3,53.05,1346345
2026-03-24 11:10:00,11:10:00,52.95,61.7,52.75,57.0,2255565
2026-03-24 11:11:00,11:11:00,57.8,68.65,57.0,60.6,2841930
2026-03-24 11:12:00,11:12:00,61.0,64.4,59.05,61.3,1367665
2026-03-24 11:13:00,11:13:00,62.0,64.75,57.8,60.45,1393275
2026-03-24 11:14:00,11:14:00,59.55,61.45,55.3,61.45,1238835
2026-03-24 11:15:00,11:15:00,64.2,65.6,58.55,64.45,1931865
2026-03-24 11:16:00,11:16:00,66.05,70.2,64.45,64.5,2236130
2026-03-24 11:17:00,11:17:00,64.65,71.55,62.8,71.55,1812980
2026-03-24 11:18:00,11:18:00,53.85,53.85,48.15,52.2,2972385
2026-03-24 11:19:00,11:19:00,52.15,54.15,48.35,49.95,3173430
2026-03-24 11:20:00,11:20:00,52.1,57.65,48.7,55.6,4352530
2026-03-24 11:21:00,11:21:00,55.1,55.6,46.8,48.5,3335280
2026-03-24 11:22:00,11:22:00,47.35,54.95,46.9,48.9,2996045
2026-03-24 11:23:00,11:23:00,69.1,72.3,60.85,60.85,1967420
2026-03-24 11:24:00,11:24:00,61.6,64.85,55.75,55.75,2269865
2026-03-24 11:25:00,11:25:00,55.25,63.9,51.25,63.9,2760485
2026-03-24 11:26:00,11:26:00,62.7,66.45,58.85,66.45,1782690
2026-03-24 11:27:00,11:27:00,66.35,68.15,61.25,64.25,1952340
2026-03-24 11:28:00,11:28:00,46.45,51.6,45.8,46.6,2821715
2026-03-24 11:29:00,11:29:00,46.35,48.0,44.7,46.75,1613430
2026-03-24 11:30:00,11:30:00,47.2,53.6,46.75,47.85,3298815
2026-03-24 11:31:00,11:31:00,47.95,48.8,45.8,48.25,1473745
2026-03-24 11:32:00,11:32:00,48.8,53.65,48.25,52.05,2570685
2026-03-24 11:33:00,11:33:00,51.55,52.95,48.4,52.15,1820780
2026-03-24 11:34:00,11:34:00,51.85,61.45,49.0,57.15,4362215
2026-03-24 11:35:00,11:35:00,56.75,67.9,56.25,61.55,6397755
2026-03-24 11:36:00,11:36:00,62.65,63.4,56.65,60.2,3247530
2026-03-24 11:37:00,11:37:00,61.75,64.8,58.2,60.15,3065725
2026-03-24 11:38:00,11:38:00,59.55,64.2,59.25,59.95,2346760
2026-03-24 11:39:00,11:39:00,60.5,66.2,58.15,65.5,2642510
2026-03-24 11:40:00,11:40:00,65.4,68.15,61.75,62.75,3700060
2026-03-24 11:41:00,11:41:00,63.2,63.95,50.05,50.05,5097365
2026-03-24 11:42:00,11:42:00,50.5,57.0,49.0,54.05,3526510
2026-03-24 11:43:00,11:43:00,54.55,56.85,50.7,51.35,2270580
2026-03-24 11:44:00,11:44:00,53.25,58.1,51.35,56.0,2589145
2026-03-24 11:45:00,11:45:00,56.4,57.1,52.55,57.1,1881620
2026-03-24 11:46:00,11:46:00,38.25,52.0,38.05,51.25,5145530
2026-03-24 11:47:00,11:47:00,53.3,54.5,43.7,48.15,3692585
2026-03-24 11:48:00,11:48:00,71.4,71.9,59.4,63.15,4585100
2026-03-24 11:49:00,11:49:00,61.55,64.45,58.05,59.2,2845830
2026-03-24 11:50:00,11:50:00,59.25,64.15,53.6,61.5,4421820
2026-03-24 11:51:00,11:51:00,60.9,64.3,59.6,63.95,2101840
2026-03-24 11:52:00,11:52:00,44.2,50.9,44.1,49.15,2916355
2026-03-24 11:53:00,11:53:00,47.95,51.55,47.65,47.8,1958970
2026-03-24 11:54:00,11:54:00,48.1,49.8,45.1,45.15,1641510
2026-03-24 11:55:00,11:55:00,45.05,51.75,44.9,51.15,2440165
2026-03-24 11:56:00,11:56:00,34.25,46.35,34.15,46.35,7579455
2026-03-24 11:57:00,11:57:00,66.95,67.35,59.2,59.85,4038125
2026-03-24 11:58:00,11:58:00,60.1,60.9,54.0,55.15,2758340
2026-03-24 11:59:00,11:59:00,54.2,56.05,52.1,54.5,2157415
2026-03-24 12:00:00,12:00:00,54.15,59.9,54.15,56.85,2767635
2026-03-24 12:01:00,12:01:00,57.0,57.0,50.3,52.05,2144155
2026-03-24 12:02:00,12:02:00,52.45,52.75,47.6,51.55,2399345
2026-03-24 12:03:00,12:03:00,53.2,53.45,47.4,49.7,1711190
2026-03-24 12:04:00,12:04:00,49.85,50.1,45.95,46.95,1811160
2026-03-24 12:05:00,12:05:00,68.5,69.15,56.05,56.1,6060730
2026-03-24 12:06:00,12:06:00,56.25,58.5,54.5,55.15,3343535
2026-03-24 12:07:00,12:07:00,35.15,42.75,35.15,41.7,2553330
2026-03-24 12:08:00,12:08:00,61.6,61.6,53.0,53.85,3135860
2026-03-24 12:09:00,12:09:00,55.6,57.45,51.45,53.45,2533635
2026-03-24 12:10:00,12:10:00,35.75,38.25,32.55,38.25,1972620
2026-03-24 12:11:00,12:11:00,37.75,41.25,37.1,39.4,2037230
2026-03-24 12:12:00,12:12:00,59.25,60.85,50.9,51.15,3424525
2026-03-24 12:13:00,12:13:00,51.25,53.2,48.7,49.45,3225495
2026-03-24 12:14:00,12:14:00,49.35,51.85,48.4,48.4,2014675
2026-03-24 12:15:00,12:15:00,48.95,55.6,48.2,51.2,3127345
2026-03-24 12:16:00,12:16:00,51.25,54.25,46.85,51.95,3046355
2026-03-24 12:17:00,12:17:00,51.5,51.95,45.55,45.55,2346760
2026-03-24 12:18:00,12:18:00,45.95,47.9,43.35,47.75,3355755
2026-03-24 12:19:00,12:19:00,47.2,47.75,43.7,45.55,2307305
2026-03-24 12:20:00,12:20:00,45.2,49.0,44.25,46.85,2602795
2026-03-24 12:21:00,12:21:00,47.0,52.05,45.55,50.3,2629770
2026-03-24 12:22:00,12:22:00,20.35,42.5,19.55,41.9,11214450
2026-03-24 12:23:00,12:23:00,42.6,55.05,33.8,54.3,10941450
2026-03-24 12:24:00,12:24:00,36.85,52.6,31.45,52.6,7464015
2026-03-24 12:25:00,12:25:00,50.6,66.55,46.3,66.55,8582990
2026-03-24 12:26:00,12:26:00,50.1,54.55,42.0,51.9,14995370
2026-03-24 12:27:00,12:27:00,75.45,79.35,56.85,60.0,6723470
2026-03-24 12:28:00,12:28:00,79.4,90.5,54.4,54.4,9215895
2026-03-24 12:29:00,12:29:00,53.8,56.7,45.0,54.15,8634210
2026-03-24 12:30:00,12:30:00,49.85,60.75,49.85,60.15,6150040
2026-03-24 12:31:00,12:31:00,59.15,62.35,52.35,57.15,5066750
2026-03-24 12:32:00,12:32:00,40.6,53.35,39.95,51.8,4494230
2026-03-24 12:33:00,12:33:00,52.2,64.25,51.35,62.5,4712045
2026-03-24 12:34:00,12:34:00,61.3,69.15,58.95,69.15,4438005
2026-03-24 12:35:00,12:35:00,48.2,61.05,42.8,60.35,10975705
2026-03-24 12:36:00,12:36:00,60.3,63.4,52.5,55.1,11050390
2026-03-24 12:37:00,12:37:00,56.55,58.0,48.9,54.9,6783790
2026-03-24 12:38:00,12:38:00,54.0,56.1,49.5,54.6,4672265
2026-03-24 12:39:00,12:39:00,53.85,61.6,50.15,59.0,6321770
2026-03-24 12:40:00,12:40:00,62.85,62.85,52.6,57.2,6570850
2026-03-24 12:41:00,12:41:00,55.7,65.05,52.65,55.95,7684040
2026-03-24 12:42:00,12:42:00,57.1,72.95,55.95,70.0,10010845
2026-03-24 12:43:00,12:43:00,70.85,79.35,64.8,66.2,10657465
2026-03-24 12:44:00,12:44:00,65.4,70.95,58.6,59.9,6476925
2026-03-24 12:45:00,12:45:00,62.1,70.6,59.9,65.9,6106360
2026-03-24 12:46:00,12:46:00,67.65,74.65,65.9,71.65,5853250
2026-03-24 12:47:00,12:47:00,52.85,56.4,49.0,51.85,3106155
2026-03-24 12:48:00,12:48:00,50.8,58.5,48.35,58.5,3401645
2026-03-24 12:49:00,12:49:00,61.85,61.85,51.45,57.0,3442725
2026-03-24 12:50:00,12:50:00,56.75,58.85,52.0,56.4,2405390
2026-03-24 12:51:00,12:51:00,56.85,61.35,53.05,56.3,2128100
2026-03-24 12:52:00,12:52:00,56.5,85.35,55.9,85.35,7184255
2026-03-24 12:53:00,12:53:00,86.15,86.15,70.6,74.4,4713150
2026-03-24 12:54:00,12:54:00,74.75,76.6,67.2,71.3,3108495
2026-03-24 12:55:00,12:55:00,70.8,72.35,54.05,54.05,3639350
2026-03-24 12:56:00,12:56:00,53.65,59.7,50.25,52.45,3524755
2026-03-24 12:57:00,12:57:00,71.6,72.6,62.05,66.25,5871970
2026-03-24 12:58:00,12:58:00,66.2,73.9,66.2,72.2,4313140
2026-03-24 12:59:00,12:59:00,72.45,75.6,69.6,71.2,3270540
2026-03-24 13:00:00,13:00:00,70.2,74.1,63.2,66.25,3978845
2026-03-24 13:01:00,13:01:00,66.55,73.25,63.7,67.2,3316105
2026-03-24 13:02:00,13:02:00,67.25,67.55,57.0,58.05,5193045
2026-03-24 13:03:00,13:03:00,59.25,60.25,49.85,53.5,6371950
2026-03-24 13:04:00,13:04:00,53.7,53.7,48.45,51.3,3989050
2026-03-24 13:05:00,13:05:00,72.3,72.8,56.45,57.15,3443700
2026-03-24 13:06:00,13:06:00,38.85,46.95,38.65,45.3,6079775
2026-03-24 13:07:00,13:07:00,44.85,52.25,44.6,51.3,5531825
2026-03-24 13:08:00,13:08:00,52.75,56.1,49.6,54.65,5831670
2026-03-24 13:09:00,13:09:00,54.35,54.85,47.3,49.65,4119375
2026-03-24 13:10:00,13:10:00,50.0,53.8,48.1,51.9,2920320
2026-03-24 13:11:00,13:11:00,36.05,55.15,36.05,48.4,3843775
2026-03-24 13:12:00,13:12:00,66.7,68.6,57.2,62.7,7098000
2026-03-24 13:13:00,13:13:00,63.05,66.45,56.8,65.45,4519645
2026-03-24 13:14:00,13:14:00,48.9,54.0,45.4,53.45,3452345
2026-03-24 13:15:00,13:15:00,76.45,76.45,57.35,57.95,7952100
2026-03-24 13:16:00,13:16:00,59.0,68.75,57.95,65.4,4222270
2026-03-24 13:17:00,13:17:00,46.0,49.5,42.7,48.95,1567540
2026-03-24 13:18:00,13:18:00,51.7,52.6,46.8,46.8,2419235
2026-03-24 13:19:00,13:19:00,46.7,51.8,46.7,49.75,1824745
2026-03-24 13:20:00,13:20:00,47.85,49.95,40.6,48.45,3028155
2026-03-24 13:21:00,13:21:00,49.0,60.2,48.45,58.3,4382430
2026-03-24 13:22:00,13:22:00,56.55,62.25,56.4,59.9,3643380
2026-03-24 13:23:00,13:23:00,59.05,60.05,55.25,58.75,2746380
2026-03-24 13:24:00,13:24:00,58.45,59.35,46.65,50.1,2975115
2026-03-24 13:25:00,13:25:00,49.45,51.95,43.6,51.95,2929485
2026-03-24 13:26:00,13:26:00,52.7,58.3,51.0,56.7,2891135
2026-03-24 13:27:00,13:27:00,56.4,60.4,54.75,58.05,2989350
2026-03-24 13:28:00,13:28:00,58.75,59.2,55.05,57.8,1738425
2026-03-24 13:29:00,13:29:00,56.05,62.55,55.3,58.35,3171545
2026-03-24 13:30:00,13:30:00,38.35,45.6,30.25,44.55,8572330
2026-03-24 13:31:00,13:31:00,63.9,66.5,51.9,52.0,5009485
2026-03-24 13:32:00,13:32:00,34.2,43.15,33.8,41.25,4570280
2026-03-24 13:33:00,13:33:00,40.75,41.95,37.25,38.15,3096210
2026-03-24 13:34:00,13:34:00,38.7,43.35,36.25,41.15,3952065
2026-03-24 13:35:00,13:35:00,41.7,48.0,40.05,48.0,6374290
2026-03-24 13:36:00,13:36:00,48.9,48.9,43.85,46.25,6116175
2026-03-24 13:37:00,13:37:00,46.3,47.4,38.9,39.85,4967235
2026-03-24 13:38:00,13:38:00,39.4,44.4,33.35,34.45,5906290
2026-03-24 13:39:00,13:39:00,33.85,36.5,31.0,35.7,5010785
2026-03-24 13:40:00,13:40:00,36.45,40.1,33.3,38.05,4236050
2026-03-24 13:41:00,13:41:00,36.9,39.25,35.0,39.0,2544230
2026-03-24 13:42:00,13:42:00,39.55,47.75,36.15,45.4,5654935
2026-03-24 13:43:00,13:43:00,45.2,45.4,36.8,36.8,4861025
2026-03-24 13:44:00,13:44:00,36.3,37.25,33.8,35.9,4060485
2026-03-24 13:45:00,13:45:00,36.5,41.4,34.45,34.7,4225195
2026-03-24 13:46:00,13:46:00,34.35,40.35,34.1,34.1,3337360
2026-03-24 13:47:00,13:47:00,53.1,54.7,43.45,45.45,4884165
2026-03-24 13:48:00,13:48:00,44.9,45.95,39.0,39.25,4222270
2026-03-24 13:49:00,13:49:00,61.35,62.7,46.65,47.25,7878390
2026-03-24 13:50:00,13:50:00,45.2,52.65,45.2,48.45,7371845
2026-03-24 13:51:00,13:51:00,47.35,49.6,39.6,42.5,7917065
2026-03-24 13:52:00,13:52:00,27.05,31.9,25.8,31.4,3607240
2026-03-24 13:53:00,13:53:00,30.3,37.4,29.05,35.65,4090385
2026-03-24 13:54:00,13:54:00,53.75,56.35,44.8,45.5,6494280
2026-03-24 13:55:00,13:55:00,28.7,31.9,26.95,28.4,2860390
2026-03-24 13:56:00,13:56:00,28.4,37.0,28.4,28.4,3912740
2026-03-24 13:57:00,13:57:00,28.85,34.35,27.7,34.3,2833610
2026-03-24 13:58:00,13:58:00,34.65,36.4,29.3,30.35,2372565
2026-03-24 13:59:00,13:59:00,30.8,34.1,26.7,27.45,2985125
2026-03-24 14:00:00,14:00:00,27.6,31.65,20.7,28.8,6036095
2026-03-24 14:01:00,14:01:00,28.8,34.3,27.75,32.3,4191330
2026-03-24 14:02:00,14:02:00,32.85,34.5,27.2,28.4,3399240
2026-03-24 14:03:00,14:03:00,47.4,51.8,39.95,41.7,5277740
2026-03-24 14:04:00,14:04:00,41.45,46.25,40.55,43.6,4593940
2026-03-24 14:05:00,14:05:00,26.15,33.45,26.05,33.45,2831660
2026-03-24 14:06:00,14:06:00,33.25,34.45,29.55,30.4,2943785
2026-03-24 14:07:00,14:07:00,32.25,33.0,27.5,29.6,2758015
2026-03-24 14:08:00,14:08:00,49.0,56.3,40.35,40.9,7740005
2026-03-24 14:09:00,14:09:00,40.35,44.0,36.05,41.6,8000850
2026-03-24 14:10:00,14:10:00,24.25,32.9,24.15,31.45,4586920
2026-03-24 14:11:00,14:11:00,30.5,32.4,26.65,27.7,3863080
2026-03-24 14:12:00,14:12:00,46.2,48.65,37.35,38.1,7435025
2026-03-24 14:13:00,14:13:00,23.5,24.55,22.4,23.5,2696265
2026-03-24 14:14:00,14:14:00,23.25,30.1,22.1,28.3,4536220
2026-03-24 14:15:00,14:15:00,30.0,36.05,28.3,28.7,7065825
2026-03-24 14:16:00,14:16:00,29.05,54.0,27.25,37.25,12809290
2026-03-24 14:17:00,14:17:00,38.2,46.8,35.25,43.0,8081320
2026-03-24 14:18:00,14:18:00,44.1,44.1,33.55,36.4,5660785
2026-03-24 14:19:00,14:19:00,36.75,37.8,23.15,23.75,8879000
2026-03-24 14:20:00,14:20:00,23.55,30.6,22.95,24.4,7150910
2026-03-24 14:21:00,14:21:00,42.85,44.6,20.85,21.6,20255300
2026-03-24 14:22:00,14:22:00,19.0,29.5,19.0,29.1,13164515
2026-03-24 14:23:00,14:23:00,30.35,34.9,28.25,29.5,10358595
2026-03-24 14:24:00,14:24:00,28.9,34.85,26.55,27.45,7771075
2026-03-24 14:25:00,14:25:00,28.0,30.8,27.0,29.8,5790720
2026-03-24 14:26:00,14:26:00,28.55,29.8,18.25,19.3,12708995
2026-03-24 14:27:00,14:27:00,19.3,23.25,17.45,17.8,8673925
2026-03-24 14:28:00,14:28:00,18.4,25.75,17.8,21.2,6870630
2026-03-24 14:29:00,14:29:00,20.35,25.0,19.75,21.0,6025825
2026-03-24 14:30:00,14:30:00,21.3,21.3,16.4,18.75,7974850
2026-03-24 14:31:00,14:31:00,19.3,23.1,18.75,20.8,5902065
2026-03-24 14:32:00,14:32:00,20.25,28.1,19.75,27.9,8502715
2026-03-24 14:33:00,14:33:00,26.2,27.9,21.75,22.8,7026500
2026-03-24 14:34:00,14:34:00,24.85,24.85,20.25,22.45,5278585
2026-03-24 14:35:00,14:35:00,21.75,24.4,20.3,22.45,5566600
2026-03-24 14:36:00,14:36:00,22.2,22.45,13.4,16.0,11870820
2026-03-24 14:37:00,14:37:00,31.15,37.4,17.3,18.5,10178025
2026-03-24 14:38:00,14:38:00,18.05,22.15,16.6,17.3,10270780
2026-03-24 14:39:00,14:39:00,18.45,19.75,15.2,15.95,6701825
2026-03-24 14:40:00,14:40:00,15.65,18.8,12.25,13.85,10096645
2026-03-24 14:41:00,14:41:00,14.15,18.25,13.85,17.0,6557200
2026-03-24 14:42:00,14:42:00,17.2,21.65,16.5,21.3,9601280
2026-03-24 14:43:00,14:43:00,21.05,33.5,19.05,23.3,13167115
2026-03-24 14:44:00,14:44:00,23.75,23.75,17.45,17.45,8590465
2026-03-24 14:45:00,14:45:00,17.65,23.65,16.95,19.95,8221655
2026-03-24 14:46:00,14:46:00,20.25,20.25,14.55,17.45,7903415
2026-03-24 14:47:00,14:47:00,18.6,21.45,17.45,20.05,6771895
2026-03-24 14:48:00,14:48:00,20.1,20.4,14.9,15.65,7055945
2026-03-24 14:49:00,14:49:00,14.4,19.4,13.95,19.05,8355620
2026-03-24 14:50:00,14:50:00,19.45,19.7,13.6,14.85,10473580
2026-03-24 14:51:00,14:51:00,15.15,15.2,8.05,11.2,15454855
2026-03-24 14:52:00,14:52:00,11.15,16.15,10.1,14.5,10373545
2026-03-24 14:53:00,14:53:00,13.9,14.5,9.05,9.05,8055450
2026-03-24 14:54:00,14:54:00,8.85,12.4,8.3,11.05,8036015
2026-03-24 14:55:00,14:55:00,11.55,16.0,9.45,10.95,11570000
2026-03-24 14:56:00,14:56:00,10.95,15.5,7.45,9.3,11467560
2026-03-24 14:57:00,14:57:00,9.15,15.65,8.75,13.9,12940785
2026-03-24 14:58:00,14:58:00,14.05,20.15,9.55,14.2,19365775
2026-03-24 14:59:00,14:59:00,13.55,16.15,10.0,10.0,13952640
2026-03-24 15:00:00,15:00:00,9.7,10.0,1.65,1.85,36815090
2026-03-24 15:01:00,15:01:00,1.75,2.9,1.4,1.7,30351945
2026-03-24 15:02:00,15:02:00,1.85,6.35,1.7,3.35,37692460
2026-03-24 15:03:00,15:03:00,3.45,4.5,1.4,2.25,52867880
2026-03-24 15:04:00,15:04:00,2.3,2.65,1.35,1.35,35413170
2026-03-24 15:05:00,15:05:00,1.4,1.4,0.6,0.95,43143815
2026-03-24 15:06:00,15:06:00,1.0,1.2,0.65,0.75,31055960
2026-03-24 15:07:00,15:07:00,0.7,1.65,0.6,1.4,27528020
2026-03-24 15:08:00,15:08:00,1.75,2.7,0.65,0.75,44093010
2026-03-24 15:09:00,15:09:00,0.9,0.9,0.55,0.55,28543775
2026-03-24 15:10:00,15:10:00,0.6,0.8,0.5,0.55,20449195
2026-03-24 15:11:00,15:11:00,0.5,0.55,0.25,0.25,14737840
2026-03-24 15:12:00,15:12:00,0.3,0.35,0.25,0.25,10549175
2026-03-24 15:13:00,15:13:00,0.3,0.3,0.2,0.25,7064460
2026-03-24 15:14:00,15:14:00,0.2,0.25,0.15,0.15,8394100
2026-03-24 15:15:00,15:15:00,0.15,0.2,0.15,0.15,6941350
2026-03-24 15:16:00,15:16:00,0.2,0.2,0.15,0.15,7446140
2026-03-24 15:17:00,15:17:00,0.2,0.2,0.15,0.15,5441800
2026-03-24 15:18:00,15:18:00,0.2,0.2,0.15,0.15,6331065
2026-03-24 15:19:00,15:19:00,0.2,0.2,0.1,0.1,6614465
2026-03-24 15:20:00,15:20:00,0.1,0.1,0.05,0.05,1944085
2026-03-24 15:21:00,15:21:00,0.15,0.15,0.1,0.1,3080285
2026-03-24 15:22:00,15:22:00,0.1,0.1,0.05,0.1,6526650
2026-03-24 15:23:00,15:23:00,0.1,0.1,0.05,0.1,2346045
2026-03-24 15:24:00,15:24:00,0.05,0.1,0.05,0.05,778570
2026-03-24 15:25:00,15:25:00,0.1,0.1,0.05,0.1,638820
2026-03-24 15:26:00,15:26:00,0.05,0.1,0.05,0.1,1053455
2026-03-24 15:27:00,15:27:00,0.05,0.1,0.05,0.1,1010555
2026-03-24 15:28:00,15:28:00,0.1,0.1,0.05,0.1,1214330
2026-03-24 15:29:00,15:29:00,0.1,0.1,0.05,0.05,3546660
2026-03-25 09:15:00,09:15:00,486.65,532.25,486.65,532.25,77220
2026-03-25 09:16:00,09:16:00,531.7,555.85,530.1,554.9,17875
2026-03-25 09:17:00,09:17:00,555.45,574.25,554.5,568.9,76960
2026-03-25 09:18:00,09:18:00,568.8,570.5,548.8,550.7,9295
2026-03-25 09:19:00,09:19:00,548.6,564.75,546.45,560.45,9100
2026-03-25 09:20:00,09:20:00,527.05,539.3,522.6,535.35,48425
2026-03-25 09:21:00,09:21:00,535.4,546.5,532.35,546.5,37180
2026-03-25 09:22:00,09:22:00,545.35,550.1,536.6,540.6,25285
2026-03-25 09:23:00,09:23:00,539.35,542.9,532.6,542.9,32630
2026-03-25 09:24:00,09:24:00,545.0,554.25,542.9,545.45,40365
2026-03-25 09:25:00,09:25:00,546.35,555.45,545.45,548.1,20475
2026-03-25 09:26:00,09:26:00,548.0,558.15,548.0,558.15,40625
2026-03-25 09:27:00,09:27:00,559.25,568.35,554.0,555.35,54600
2026-03-25 09:28:00,09:28:00,555.75,565.25,553.5,564.9,31265
2026-03-25 09:29:00,09:29:00,563.3,572.7,562.55,569.7,66560
2026-03-25 09:30:00,09:30:00,569.5,573.0,562.5,571.95,25285
2026-03-25 09:31:00,09:31:00,573.7,577.15,570.15,570.5,23465
2026-03-25 09:32:00,09:32:00,570.4,576.4,565.4,567.0,18720
2026-03-25 09:33:00,09:33:00,567.2,573.45,566.35,569.9,6435
2026-03-25 09:34:00,09:34:00,533.85,548.4,531.85,545.95,57200
2026-03-25 09:35:00,09:35:00,547.1,548.4,541.55,545.1,6500
2026-03-25 09:36:00,09:36:00,583.15,583.15,570.0,574.45,15600
2026-03-25 09:37:00,09:37:00,572.7,577.65,569.55,569.85,27690
2026-03-25 09:38:00,09:38:00,572.0,574.2,556.0,562.05,14950
2026-03-25 09:39:00,09:39:00,561.3,567.05,554.7,567.05,13910
2026-03-25 09:40:00,09:40:00,567.55,569.25,560.95,560.95,9100
2026-03-25 09:41:00,09:41:00,560.8,569.5,558.5,564.1,9360
2026-03-25 09:42:00,09:42:00,530.4,535.0,529.0,535.0,780
2026-03-25 09:43:00,09:43:00,540.0,571.0,535.0,571.0,10790
2026-03-25 09:44:00,09:44:00,570.25,578.0,568.55,572.1,7150
2026-03-25 09:45:00,09:45:00,576.35,577.45,572.1,576.6,3510
2026-03-25 09:46:00,09:46:00,537.4,547.2,534.4,544.1,47450
2026-03-25 09:47:00,09:47:00,545.0,548.7,536.7,538.5,32500
2026-03-25 09:48:00,09:48:00,540.0,544.1,536.35,537.9,13845
2026-03-25 09:49:00,09:49:00,571.0,576.4,564.75,571.35,2795
2026-03-25 09:50:00,09:50:00,571.2,576.35,571.05,576.35,3510
2026-03-25 09:51:00,09:51:00,571.85,577.05,571.85,574.3,5330
2026-03-25 09:52:00,09:52:00,539.0,549.8,537.6,544.85,10790
2026-03-25 09:53:00,09:53:00,577.8,584.95,568.7,574.55,1105
2026-03-25 09:54:00,09:54:00,538.55,553.7,537.5,551.75,24895
2026-03-25 09:55:00,09:55:00,552.0,559.15,548.8,550.8,35620
2026-03-25 09:56:00,09:56:00,550.0,554.2,546.0,548.35,14040
2026-03-25 09:57:00,09:57:00,545.5,548.35,537.0,541.05,11505
2026-03-25 09:58:00,09:58:00,540.25,541.75,532.45,537.55,13065
2026-03-25 09:59:00,09:59:00,537.95,548.35,536.65,548.35,9230
2026-03-25 10:00:00,10:00:00,547.2,561.6,547.2,553.4,37830
2026-03-25 10:01:00,10:01:00,551.5,553.4,545.0,549.95,11245
2026-03-25 10:02:00,10:02:00,551.0,553.3,540.0,541.05,8320
2026-03-25 10:03:00,10:03:00,541.1,550.0,540.35,544.7,6695
2026-03-25 10:04:00,10:04:00,544.4,545.4,540.75,545.4,6695
2026-03-25 10:05:00,10:05:00,543.35,550.3,543.35,544.5,6110
2026-03-25 10:06:00,10:06:00,571.4,582.95,550.3,556.55,33150
2026-03-25 10:07:00,10:07:00,557.85,564.55,556.55,564.55,2600
2026-03-25 10:08:00,10:08:00,528.0,542.25,522.6,538.25,25155
2026-03-25 10:09:00,10:09:00,540.15,551.25,536.15,547.75,29835
2026-03-25 10:10:00,10:10:00,548.9,558.0,547.75,548.5,16380
2026-03-25 10:11:00,10:11:00,546.25,559.85,543.85,559.85,14105
2026-03-25 10:12:00,10:12:00,558.65,559.85,553.9,557.8,10985
2026-03-25 10:13:00,10:13:00,555.2,562.0,552.3,553.95,12805
2026-03-25 10:14:00,10:14:00,552.5,559.95,551.1,559.2,7410
2026-03-25 10:15:00,10:15:00,559.1,560.2,544.55,544.55,31330
2026-03-25 10:16:00,10:16:00,544.25,555.25,544.25,555.25,10010
2026-03-25 10:17:00,10:17:00,553.2,566.95,553.2,560.8,15665
2026-03-25 10:18:00,10:18:00,560.0,562.65,555.2,559.35,11505
2026-03-25 10:19:00,10:19:00,561.0,561.0,544.7,548.3,28535
2026-03-25 10:20:00,10:20:00,548.85,553.7,546.05,552.85,6565
2026-03-25 10:21:00,10:21:00,553.55,563.9,552.85,563.9,10465
2026-03-25 10:22:00,10:22:00,563.7,563.9,551.05,551.05,6110
2026-03-25 10:23:00,10:23:00,551.8,553.3,542.45,546.0,13520
2026-03-25 10:24:00,10:24:00,546.0,551.85,546.0,549.05,6045
2026-03-25 10:25:00,10:25:00,552.0,554.55,549.05,554.55,41860
2026-03-25 10:26:00,10:26:00,556.65,567.0,554.55,565.45,19500
2026-03-25 10:27:00,10:27:00,565.05,567.3,563.3,564.95,5005
2026-03-25 10:28:00,10:28:00,565.0,571.2,559.85,559.85,9750
2026-03-25 10:29:00,10:29:00,557.8,570.55,556.9,570.55,6890
2026-03-25 10:30:00,10:30:00,571.15,574.0,563.5,566.5,12480
2026-03-25 10:31:00,10:31:00,565.6,571.3,562.6,564.0,7670
2026-03-25 10:32:00,10:32:00,563.5,565.7,559.45,561.5,6435
2026-03-25 10:33:00,10:33:00,563.1,567.8,561.5,567.5,2015
2026-03-25 10:34:00,10:34:00,566.7,568.55,563.6,564.1,3640
2026-03-25 10:35:00,10:35:00,564.5,564.5,558.55,560.25,4290
2026-03-25 10:36:00,10:36:00,558.95,567.65,556.8,567.65,5330
2026-03-25 10:37:00,10:37:00,564.65,567.65,560.4,564.1,3770
2026-03-25 10:38:00,10:38:00,566.0,569.95,562.4,563.7,4225
2026-03-25 10:39:00,10:39:00,564.1,569.4,562.3,569.4,9815
2026-03-25 10:40:00,10:40:00,566.2,570.6,565.7,568.95,7215
2026-03-25 10:41:00,10:41:00,540.1,546.15,530.65,540.8,6890
2026-03-25 10:42:00,10:42:00,544.0,552.2,540.0,552.2,5655
2026-03-25 10:43:00,10:43:00,555.95,575.45,552.2,571.2,12220
2026-03-25 10:44:00,10:44:00,571.0,576.1,567.25,575.6,4810
2026-03-25 10:45:00,10:45:00,575.55,579.0,570.7,578.0,5070
2026-03-25 10:46:00,10:46:00,580.15,581.8,571.85,571.85,4355
2026-03-25 10:47:00,10:47:00,572.9,572.9,566.4,568.35,3380
2026-03-25 10:48:00,10:48:00,568.35,571.55,566.4,567.0,2145
2026-03-25 10:49:00,10:49:00,565.0,569.5,563.5,564.55,3640
2026-03-25 10:50:00,10:50:00,569.5,570.0,561.2,562.05,3055
2026-03-25 10:51:00,10:51:00,562.05,565.4,560.0,562.25,4940
2026-03-25 10:52:00,10:52:00,562.05,566.0,561.0,566.0,650
2026-03-25 10:53:00,10:53:00,567.5,579.9,566.0,578.1,1950
2026-03-25 10:54:00,10:54:00,541.0,542.0,537.5,540.3,22555
2026-03-25 10:55:00,10:55:00,578.8,578.8,565.95,569.95,2340
2026-03-25 10:56:00,10:56:00,569.7,569.95,566.0,569.25,3315
2026-03-25 10:57:00,10:57:00,569.15,570.0,563.55,565.0,2990
2026-03-25 10:58:00,10:58:00,566.8,568.2,563.9,566.15,1560
2026-03-25 10:59:00,10:59:00,565.9,571.2,565.9,570.85,1430
2026-03-25 11:00:00,11:00:00,534.95,540.75,534.4,539.2,27495
2026-03-25 11:01:00,11:01:00,538.75,544.5,536.55,543.5,42055
2026-03-25 11:02:00,11:02:00,542.95,551.85,542.95,550.6,53690
2026-03-25 11:03:00,11:03:00,549.0,550.6,542.3,547.0,44915
2026-03-25 11:04:00,11:04:00,545.0,547.05,542.0,544.0,14170
2026-03-25 11:05:00,11:05:00,545.6,559.0,544.0,558.65,38025
2026-03-25 11:06:00,11:06:00,555.85,560.6,552.5,560.4,51025
2026-03-25 11:07:00,11:07:00,560.4,577.2,558.85,577.0,77805
2026-03-25 11:08:00,11:08:00,540.1,554.5,538.85,554.5,28990
2026-03-25 11:09:00,11:09:00,590.5,591.45,579.2,582.5,65455
2026-03-25 11:10:00,11:10:00,582.6,588.6,581.6,586.55,25285
2026-03-25 11:11:00,11:11:00,588.0,589.0,578.05,578.15,34320
2026-03-25 11:12:00,11:12:00,578.9,581.2,575.15,577.75,32695
2026-03-25 11:13:00,11:13:00,578.85,580.0,573.0,574.8,17225
2026-03-25 11:14:00,11:14:00,539.15,551.3,539.05,550.95,6890
2026-03-25 11:15:00,11:15:00,548.5,550.95,543.8,546.2,4420
2026-03-25 11:16:00,11:16:00,582.0,587.65,570.55,570.55,34385
2026-03-25 11:17:00,11:17:00,571.4,575.0,570.55,572.3,20605
2026-03-25 11:18:00,11:18:00,572.9,575.0,565.55,572.4,32565
2026-03-25 11:19:00,11:19:00,573.9,573.9,566.8,568.8,32110
2026-03-25 11:20:00,11:20:00,570.9,574.0,563.3,563.5,27300
2026-03-25 11:21:00,11:21:00,563.2,569.0,563.2,567.0,64155
2026-03-25 11:22:00,11:22:00,566.25,567.15,559.9,562.0,20540
2026-03-25 11:23:00,11:23:00,561.35,563.0,551.9,551.9,32695
2026-03-25 11:24:00,11:24:00,551.9,558.35,550.05,550.05,30030
2026-03-25 11:25:00,11:25:00,552.3,555.0,540.9,542.15,66950
2026-03-25 11:26:00,11:26:00,541.15,545.0,540.0,542.2,21840
2026-03-25 11:27:00,11:27:00,540.6,551.8,540.3,548.3,31655
2026-03-25 11:28:00,11:28:00,549.4,555.15,547.0,554.25,22165
2026-03-25 11:29:00,11:29:00,554.8,557.75,548.3,551.45,24700
2026-03-25 11:30:00,11:30:00,550.8,555.65,548.5,551.15,14300
2026-03-25 11:31:00,11:31:00,552.35,559.45,549.9,557.75,20215
2026-03-25 11:32:00,11:32:00,559.0,560.0,544.3,544.3,39845
2026-03-25 11:33:00,11:33:00,544.2,553.35,543.25,549.95,31850
2026-03-25 11:34:00,11:34:00,549.9,552.0,546.2,549.75,7865
2026-03-25 11:35:00,11:35:00,549.05,550.6,540.6,540.6,16575
2026-03-25 11:36:00,11:36:00,577.0,578.55,569.75,572.3,4615
2026-03-25 11:37:00,11:37:00,574.0,577.25,570.1,573.45,2730
2026-03-25 11:38:00,11:38:00,571.7,573.45,554.25,554.25,5005
2026-03-25 11:39:00,11:39:00,553.05,566.55,553.05,563.7,5525
2026-03-25 11:40:00,11:40:00,561.9,565.8,557.85,561.2,4290
2026-03-25 11:41:00,11:41:00,562.95,576.25,558.4,572.0,6240
2026-03-25 11:42:00,11:42:00,572.0,572.0,567.05,567.05,845
2026-03-25 11:43:00,11:43:00,563.1,568.1,563.1,566.45,780
2026-03-25 11:44:00,11:44:00,563.2,566.45,557.7,559.5,2860
2026-03-25 11:45:00,11:45:00,559.7,566.6,557.4,566.6,2340
2026-03-25 11:46:00,11:46:00,563.1,566.6,559.0,561.95,2145
2026-03-25 11:47:00,11:47:00,561.75,565.0,558.55,560.5,1820
2026-03-25 11:48:00,11:48:00,527.05,545.0,525.2,544.65,40755
2026-03-25 11:49:00,11:49:00,547.2,555.1,543.7,544.2,67795
2026-03-25 11:50:00,11:50:00,545.05,554.7,543.0,554.0,31200
2026-03-25 11:51:00,11:51:00,554.65,563.6,552.55,560.65,31525
2026-03-25 11:52:00,11:52:00,561.0,561.95,555.6,555.6,41340
2026-03-25 11:53:00,11:53:00,556.05,561.25,553.0,559.75,25220
2026-03-25 11:54:00,11:54:00,559.0,562.6,555.2,558.8,25220
2026-03-25 11:55:00,11:55:00,560.0,566.35,557.6,558.95,30355
2026-03-25 11:56:00,11:56:00,563.0,564.0,557.8,558.2,20150
2026-03-25 11:57:00,11:57:00,559.0,560.25,555.35,557.65,17225
2026-03-25 11:58:00,11:58:00,555.75,557.65,544.3,548.85,36010
2026-03-25 11:59:00,11:59:00,545.0,555.3,543.35,554.5,20020
2026-03-25 12:00:00,12:00:00,555.0,555.75,546.7,554.15,21515
2026-03-25 12:01:00,12:01:00,555.0,558.8,551.35,553.25,20930
2026-03-25 12:02:00,12:02:00,552.45,554.45,550.05,550.65,12285
2026-03-25 12:03:00,12:03:00,551.75,561.0,550.65,558.05,25090
2026-03-25 12:04:00,12:04:00,556.35,563.25,556.35,561.2,18005
2026-03-25 12:05:00,12:05:00,559.6,561.2,554.5,558.0,14365
2026-03-25 12:06:00,12:06:00,557.65,561.0,553.8,560.2,18655
2026-03-25 12:07:00,12:07:00,561.35,562.0,557.6,561.9,13975
2026-03-25 12:08:00,12:08:00,561.0,572.0,560.1,568.7,31395
2026-03-25 12:09:00,12:09:00,568.95,569.75,559.05,561.8,38025
2026-03-25 12:10:00,12:10:00,561.65,571.25,559.25,564.0,47970
2026-03-25 12:11:00,12:11:00,565.25,570.0,562.7,565.55,15535
2026-03-25 12:12:00,12:12:00,567.6,571.0,565.55,567.8,25935
2026-03-25 12:13:00,12:13:00,532.0,547.5,531.1,545.65,4940
2026-03-25 12:14:00,12:14:00,545.7,550.0,541.25,548.25,2990
2026-03-25 12:15:00,12:15:00,550.0,550.5,544.05,550.0,8580
2026-03-25 12:16:00,12:16:00,548.75,550.0,540.6,545.6,3445
2026-03-25 12:17:00,12:17:00,543.7,545.6,533.4,539.9,4225
2026-03-25 12:18:00,12:18:00,539.15,548.45,539.15,547.25,3640
2026-03-25 12:19:00,12:19:00,546.55,551.6,544.45,548.25,11635
2026-03-25 12:20:00,12:20:00,549.55,549.8,545.35,549.8,8125
2026-03-25 12:21:00,12:21:00,550.7,554.0,548.3,553.9,1820
2026-03-25 12:22:00,12:22:00,552.6,553.9,549.35,550.0,780
2026-03-25 12:23:00,12:23:00,550.0,554.0,548.5,548.95,2470
2026-03-25 12:24:00,12:24:00,549.3,552.8,538.85,539.4,2535
2026-03-25 12:25:00,12:25:00,578.25,580.0,568.0,568.0,22620
2026-03-25 12:26:00,12:26:00,528.15,536.05,527.25,527.25,2665
2026-03-25 12:27:00,12:27:00,530.0,533.65,527.25,532.55,4420
2026-03-25 12:28:00,12:28:00,570.0,570.0,565.55,566.65,13845
2026-03-25 12:29:00,12:29:00,534.6,537.9,530.05,536.8,2405
2026-03-25 12:30:00,12:30:00,534.15,536.8,523.8,534.2,4355
2026-03-25 12:31:00,12:31:00,533.55,537.0,533.55,535.95,3380
2026-03-25 12:32:00,12:32:00,534.3,549.55,533.7,549.55,3315
2026-03-25 12:33:00,12:33:00,552.15,555.5,547.65,552.3,7605
2026-03-25 12:34:00,12:34:00,553.2,559.35,543.9,544.6,8060
2026-03-25 12:35:00,12:35:00,544.95,548.25,543.8,544.0,2665
2026-03-25 12:36:00,12:36:00,550.0,552.95,544.0,547.15,3250
2026-03-25 12:37:00,12:37:00,547.05,547.15,542.0,543.55,2535
2026-03-25 12:38:00,12:38:00,543.1,543.55,540.0,540.0,975
2026-03-25 12:39:00,12:39:00,540.0,540.2,532.25,533.6,3445
2026-03-25 12:40:00,12:40:00,531.5,535.45,530.65,534.65,5590
2026-03-25 12:41:00,12:41:00,534.3,543.95,533.95,537.8,3380
2026-03-25 12:42:00,12:42:00,539.55,545.75,537.8,544.1,2145
2026-03-25 12:43:00,12:43:00,547.05,547.05,542.0,544.3,910
2026-03-25 12:44:00,12:44:00,544.3,550.0,544.3,546.25,4940
2026-03-25 12:45:00,12:45:00,547.1,550.85,546.25,550.05,2405
2026-03-25 12:46:00,12:46:00,550.8,550.8,531.2,541.0,7410
2026-03-25 12:47:00,12:47:00,578.55,579.75,560.05,563.1,27755
2026-03-25 12:48:00,12:48:00,525.35,531.8,522.9,530.5,3900
2026-03-25 12:49:00,12:49:00,567.55,569.4,555.4,558.0,23400
2026-03-25 12:50:00,12:50:00,558.4,560.55,554.6,554.6,19955
2026-03-25 12:51:00,12:51:00,552.9,560.9,552.9,555.0,14495
2026-03-25 12:52:00,12:52:00,551.1,555.0,543.4,547.0,29120
2026-03-25 12:53:00,12:53:00,546.95,548.1,542.2,546.0,18720
2026-03-25 12:54:00,12:54:00,545.0,547.2,537.6,539.6,20345
2026-03-25 12:55:00,12:55:00,538.9,545.05,535.1,544.05,21645
2026-03-25 12:56:00,12:56:00,541.25,544.5,537.3,540.0,14950
2026-03-25 12:57:00,12:57:00,539.2,540.0,525.8,525.8,27040
2026-03-25 12:58:00,12:58:00,560.05,570.0,560.05,560.85,1430
2026-03-25 12:59:00,12:59:00,561.25,565.15,560.85,564.1,2145
2026-03-25 13:00:00,13:00:00,520.5,534.95,515.55,534.95,48035
2026-03-25 13:01:00,13:01:00,535.15,540.7,532.5,539.0,28990
2026-03-25 13:02:00,13:02:00,540.65,543.45,536.2,543.45,26910
2026-03-25 13:03:00,13:03:00,543.15,546.05,538.4,542.0,24310
2026-03-25 13:04:00,13:04:00,540.0,544.8,538.0,543.0,10400
2026-03-25 13:05:00,13:05:00,542.35,543.0,536.8,540.6,9555
2026-03-25 13:06:00,13:06:00,534.0,558.85,534.0,557.5,26910
2026-03-25 13:07:00,13:07:00,557.95,557.95,546.95,546.95,35295
2026-03-25 13:08:00,13:08:00,545.0,546.95,534.0,535.3,17160
2026-03-25 13:09:00,13:09:00,535.0,542.0,532.55,542.0,18265
2026-03-25 13:10:00,13:10:00,540.5,549.0,539.05,544.05,15080
2026-03-25 13:11:00,13:11:00,540.75,547.65,540.75,547.65,11245
2026-03-25 13:12:00,13:12:00,547.35,547.65,540.55,541.65,17290
2026-03-25 13:13:00,13:13:00,543.9,545.0,540.4,543.0,6760
2026-03-25 13:14:00,13:14:00,544.0,547.0,533.95,536.15,14430
2026-03-25 13:15:00,13:15:00,534.25,545.0,534.25,537.95,21385
2026-03-25 13:16:00,13:16:00,537.75,552.6,537.15,550.55,17550
2026-03-25 13:17:00,13:17:00,552.0,552.1,536.75,536.75,16640
2026-03-25 13:18:00,13:18:00,537.75,539.75,536.5,536.6,12610
2026-03-25 13:19:00,13:19:00,537.35,537.35,528.55,529.3,17550
2026-03-25 13:20:00,13:20:00,569.3,569.3,562.05,563.9,845
2026-03-25 13:21:00,13:21:00,528.0,537.9,525.45,534.1,15080
2026-03-25 13:22:00,13:22:00,534.9,534.9,527.3,531.85,9360
2026-03-25 13:23:00,13:23:00,531.0,540.0,528.75,534.45,14365
2026-03-25 13:24:00,13:24:00,534.55,542.0,533.55,537.6,7865
2026-03-25 13:25:00,13:25:00,540.0,543.95,536.5,542.95,10725
2026-03-25 13:26:00,13:26:00,544.0,553.9,542.95,552.5,33605
2026-03-25 13:27:00,13:27:00,552.05,561.35,552.0,554.0,31200
2026-03-25 13:28:00,13:28:00,554.0,558.4,552.3,557.5,23010
2026-03-25 13:29:00,13:29:00,555.45,557.5,546.0,553.9,13130
2026-03-25 13:30:00,13:30:00,553.8,557.1,550.0,553.3,11830
2026-03-25 13:31:00,13:31:00,554.0,555.0,536.55,538.9,21385
2026-03-25 13:32:00,13:32:00,539.55,548.35,533.8,540.8,20930
2026-03-25 13:33:00,13:33:00,540.0,559.0,540.0,559.0,15860
2026-03-25 13:34:00,13:34:00,558.9,569.6,557.0,563.4,62335
2026-03-25 13:35:00,13:35:00,528.4,530.0,524.1,525.75,4225
2026-03-25 13:36:00,13:36:00,525.75,531.9,519.8,529.9,5135
2026-03-25 13:37:00,13:37:00,530.4,534.5,527.25,534.5,3770
2026-03-25 13:38:00,13:38:00,534.0,536.7,528.6,528.6,2210
2026-03-25 13:39:00,13:39:00,526.95,528.6,521.0,523.65,2405
2026-03-25 13:40:00,13:40:00,528.05,528.05,519.5,523.8,1950
2026-03-25 13:41:00,13:41:00,523.05,529.0,523.05,529.0,845
2026-03-25 13:42:00,13:42:00,530.0,530.5,523.3,523.3,3380
2026-03-25 13:43:00,13:43:00,528.1,528.1,523.3,524.05,1365
2026-03-25 13:44:00,13:44:00,527.5,533.0,524.05,529.85,1755
2026-03-25 13:45:00,13:45:00,531.6,542.25,528.5,542.25,15925
2026-03-25 13:46:00,13:46:00,544.0,544.3,534.45,538.65,8970
2026-03-25 13:47:00,13:47:00,537.6,538.95,530.35,537.95,4225
2026-03-25 13:48:00,13:48:00,535.0,540.7,535.0,538.5,3250
2026-03-25 13:49:00,13:49:00,537.5,542.0,536.85,541.65,2535
2026-03-25 13:50:00,13:50:00,542.85,549.9,539.3,545.65,6305
2026-03-25 13:51:00,13:51:00,547.0,552.15,543.3,549.9,10985
2026-03-25 13:52:00,13:52:00,549.8,549.9,528.0,530.05,9555
2026-03-25 13:53:00,13:53:00,528.85,531.5,523.35,523.6,6825
2026-03-25 13:54:00,13:54:00,523.3,525.9,522.4,525.8,1885
2026-03-25 13:55:00,13:55:00,565.0,567.65,556.0,559.35,21970
2026-03-25 13:56:00,13:56:00,522.15,531.4,521.6,531.4,5395
2026-03-25 13:57:00,13:57:00,528.55,531.4,525.3,530.1,2665
2026-03-25 13:58:00,13:58:00,531.65,535.45,527.25,529.0,2535
2026-03-25 13:59:00,13:59:00,528.8,529.9,528.8,529.9,910
2026-03-25 14:00:00,14:00:00,526.7,532.85,526.7,528.95,2470
2026-03-25 14:01:00,14:01:00,527.8,536.35,525.1,536.35,2795
2026-03-25 14:02:00,14:02:00,536.35,548.0,536.35,545.8,8125
2026-03-25 14:03:00,14:03:00,545.3,548.85,541.25,545.0,6370
2026-03-25 14:04:00,14:04:00,543.1,545.0,532.7,537.0,4160
2026-03-25 14:05:00,14:05:00,534.95,538.85,532.0,532.0,3770
2026-03-25 14:06:00,14:06:00,570.0,572.5,543.8,544.4,43615
2026-03-25 14:07:00,14:07:00,544.15,551.65,541.8,543.65,28730
2026-03-25 14:08:00,14:08:00,545.4,554.4,542.9,552.1,29900
2026-03-25 14:09:00,14:09:00,553.15,553.7,544.7,547.25,15405
2026-03-25 14:10:00,14:10:00,548.55,559.0,547.25,555.5,26390
2026-03-25 14:11:00,14:11:00,555.0,556.45,546.4,548.7,22230
2026-03-25 14:12:00,14:12:00,550.35,552.95,540.65,541.85,20800
2026-03-25 14:13:00,14:13:00,541.55,541.85,536.0,537.75,14820
2026-03-25 14:14:00,14:14:00,536.75,538.4,534.55,538.05,35945
2026-03-25 14:15:00,14:15:00,539.05,546.95,531.6,543.55,29640
2026-03-25 14:16:00,14:16:00,544.05,544.05,538.0,540.6,11180
2026-03-25 14:17:00,14:17:00,540.9,544.4,530.8,535.0,15080
2026-03-25 14:18:00,14:18:00,533.7,535.8,522.45,526.5,37635
2026-03-25 14:19:00,14:19:00,526.0,529.75,522.1,524.85,24960
2026-03-25 14:20:00,14:20:00,525.5,530.15,523.15,527.9,14170
2026-03-25 14:21:00,14:21:00,569.2,569.2,552.5,552.65,2080
2026-03-25 14:22:00,14:22:00,552.6,552.65,538.45,538.45,5590
2026-03-25 14:23:00,14:23:00,540.15,540.15,528.6,528.6,5135
2026-03-25 14:24:00,14:24:00,566.5,568.4,556.3,559.75,21385
2026-03-25 14:25:00,14:25:00,521.7,530.6,515.5,529.05,8320
2026-03-25 14:26:00,14:26:00,528.7,532.3,522.2,524.95,6760
2026-03-25 14:27:00,14:27:00,525.8,526.15,516.9,525.0,3445
2026-03-25 14:28:00,14:28:00,529.4,532.2,522.95,531.4,8190
2026-03-25 14:29:00,14:29:00,531.25,531.4,526.7,529.1,3055
2026-03-25 14:30:00,14:30:00,568.85,568.85,542.95,553.0,38155
2026-03-25 14:31:00,14:31:00,515.5,526.0,512.75,521.5,6695
2026-03-25 14:32:00,14:32:00,520.9,527.0,520.9,524.7,3575
2026-03-25 14:33:00,14:33:00,523.1,541.3,522.2,536.0,4160
2026-03-25 14:34:00,14:34:00,536.65,536.65,527.95,531.5,5070
2026-03-25 14:35:00,14:35:00,529.35,541.0,528.75,539.0,3705
2026-03-25 14:36:00,14:36:00,539.8,540.15,532.8,537.45,2795
2026-03-25 14:37:00,14:37:00,532.95,537.45,526.9,534.2,2470
2026-03-25 14:38:00,14:38:00,535.05,536.75,522.35,526.1,2925
2026-03-25 14:39:00,14:39:00,531.3,531.7,526.1,531.7,780
2026-03-25 14:40:00,14:40:00,532.2,543.85,531.7,541.35,2860
2026-03-25 14:41:00,14:41:00,541.1,542.9,532.8,540.2,3835
2026-03-25 14:42:00,14:42:00,541.0,553.95,540.0,551.9,4615
2026-03-25 14:43:00,14:43:00,550.0,553.2,547.45,549.6,5785
2026-03-25 14:44:00,14:44:00,544.0,549.6,542.0,549.2,2145
2026-03-25 14:45:00,14:45:00,545.75,554.15,545.7,551.45,3575
2026-03-25 14:46:00,14:46:00,553.3,554.45,541.35,544.4,4030
2026-03-25 14:47:00,14:47:00,543.15,544.4,533.1,541.0,4745
2026-03-25 14:48:00,14:48:00,540.4,541.0,530.0,535.4,5460
2026-03-25 14:49:00,14:49:00,536.0,546.25,535.4,543.8,910
2026-03-25 14:50:00,14:50:00,539.0,544.0,535.0,535.0,1040
2026-03-25 14:51:00,14:51:00,536.75,539.9,535.0,538.95,1105
2026-03-25 14:52:00,14:52:00,537.0,538.95,532.8,532.8,1430
2026-03-25 14:53:00,14:53:00,531.3,534.5,520.65,521.85,3185
2026-03-25 14:54:00,14:54:00,524.95,527.3,513.0,518.6,5915
2026-03-25 14:55:00,14:55:00,553.25,559.1,553.25,555.0,6175
2026-03-25 14:56:00,14:56:00,518.55,524.95,515.85,519.4,1430
2026-03-25 14:57:00,14:57:00,558.95,565.2,549.25,553.05,11050
2026-03-25 14:58:00,14:58:00,517.35,525.2,514.8,516.25,6435
2026-03-25 14:59:00,14:59:00,518.25,523.4,516.2,522.7,3250
2026-03-25 15:00:00,15:00:00,554.5,559.85,537.55,548.35,45695
2026-03-25 15:01:00,15:01:00,545.0,553.7,537.05,540.35,22035
2026-03-25 15:02:00,15:02:00,503.2,528.0,502.95,525.15,4745
2026-03-25 15:03:00,15:03:00,525.0,535.4,520.1,525.7,9815
2026-03-25 15:04:00,15:04:00,524.75,525.7,514.0,515.0,2795
2026-03-25 15:05:00,15:05:00,550.7,552.0,544.6,551.3,6695
2026-03-25 15:06:00,15:06:00,551.05,551.3,540.6,542.25,10725
2026-03-25 15:07:00,15:07:00,541.3,549.05,541.15,546.85,3835
2026-03-25 15:08:00,15:08:00,550.0,559.5,546.85,553.3,7735
2026-03-25 15:09:00,15:09:00,553.95,558.45,548.05,557.0,5330
2026-03-25 15:10:00,15:10:00,555.0,557.0,549.95,549.95,2860
2026-03-25 15:11:00,15:11:00,548.9,556.6,548.6,549.85,2535
2026-03-25 15:12:00,15:12:00,548.0,549.85,543.95,543.95,6760
2026-03-25 15:13:00,15:13:00,541.8,544.75,538.0,544.75,5200
2026-03-25 15:14:00,15:14:00,542.95,546.55,540.8,543.4,4095
2026-03-25 15:15:00,15:15:00,542.3,550.85,538.0,550.35,7280
2026-03-25 15:16:00,15:16:00,551.0,551.0,546.2,547.5,4355
2026-03-25 15:17:00,15:17:00,546.0,554.3,544.65,546.0,6175
2026-03-25 15:18:00,15:18:00,545.25,546.0,530.2,532.95,10400
2026-03-25 15:19:00,15:19:00,529.2,532.95,521.1,522.85,12285
2026-03-25 15:20:00,15:20:00,525.35,531.1,520.9,529.2,12805
2026-03-25 15:21:00,15:21:00,529.95,534.0,525.5,529.55,5265
2026-03-25 15:22:00,15:22:00,529.05,533.1,529.0,529.7,12090
2026-03-25 15:23:00,15:23:00,525.0,538.2,524.85,533.8,41990
2026-03-25 15:24:00,15:24:00,533.1,537.45,531.65,537.45,7215
2026-03-25 15:25:00,15:25:00,537.05,539.4,534.4,534.4,6955
2026-03-25 15:26:00,15:26:00,534.0,542.5,532.0,541.0,18720
2026-03-25 15:27:00,15:27:00,541.0,545.0,541.0,541.95,4745
2026-03-25 15:28:00,15:28:00,543.0,551.15,538.75,551.15,22295
2026-03-25 15:29:00,15:29:00,551.25,557.7,548.6,556.75,13455
2026-03-27 09:19:00,09:19:00,348.0,354.9,345.65,351.7,63180
2026-03-27 09:20:00,09:20:00,349.6,355.15,343.7,352.35,76635
2026-03-27 09:21:00,09:21:00,316.55,337.55,316.55,336.85,73515
2026-03-27 09:22:00,09:22:00,337.0,346.05,331.85,337.0,99710
2026-03-27 09:23:00,09:23:00,339.95,350.5,337.0,348.15,33410
2026-03-27 09:24:00,09:24:00,346.65,348.25,329.4,331.25,35815
2026-03-27 09:25:00,09:25:00,331.9,336.6,326.6,335.0,28925
2026-03-27 09:26:00,09:26:00,336.2,340.95,330.3,334.55,27430
2026-03-27 09:27:00,09:27:00,367.6,369.2,363.0,364.25,19890
2026-03-27 09:28:00,09:28:00,362.1,367.1,357.1,362.15,51285
2026-03-27 09:29:00,09:29:00,360.95,362.15,353.25,354.9,56875
2026-03-27 09:30:00,09:30:00,354.2,354.9,337.1,340.55,132015
2026-03-27 09:31:00,09:31:00,339.95,346.95,339.95,346.1,59345
2026-03-27 09:32:00,09:32:00,348.0,355.75,346.1,351.45,76180
2026-03-27 09:33:00,09:33:00,352.2,352.2,342.45,342.45,36985
2026-03-27 09:34:00,09:34:00,374.25,376.3,362.85,363.35,12480
2026-03-27 09:35:00,09:35:00,363.45,363.75,358.95,361.95,10205
2026-03-27 09:36:00,09:36:00,362.0,362.5,355.45,359.45,12155
2026-03-27 09:37:00,09:37:00,360.35,361.65,352.4,356.6,14885
2026-03-27 09:38:00,09:38:00,356.15,357.8,351.85,354.1,11050
2026-03-27 09:39:00,09:39:00,355.0,362.1,349.7,361.85,14625
2026-03-27 09:40:00,09:40:00,332.0,338.25,330.35,333.7,127400
2026-03-27 09:41:00,09:41:00,334.1,338.2,332.25,335.7,76375
2026-03-27 09:42:00,09:42:00,334.2,341.65,332.1,340.35,55770
2026-03-27 09:43:00,09:43:00,340.35,349.9,339.2,348.55,81835
2026-03-27 09:44:00,09:44:00,348.55,350.5,343.65,346.8,51545
2026-03-27 09:45:00,09:45:00,346.6,347.5,338.65,338.65,47840
2026-03-27 09:46:00,09:46:00,338.4,341.1,335.35,338.7,35165
2026-03-27 09:47:00,09:47:00,337.55,341.1,334.45,340.55,43355
2026-03-27 09:48:00,09:48:00,342.0,346.0,337.4,343.35,42445
2026-03-27 09:49:00,09:49:00,342.3,345.2,337.95,340.25,38090
2026-03-27 09:50:00,09:50:00,338.35,340.25,335.65,339.05,22685
2026-03-27 09:51:00,09:51:00,339.9,339.9,333.6,338.75,38805
2026-03-27 09:52:00,09:52:00,338.2,341.4,331.25,335.25,58045
2026-03-27 09:53:00,09:53:00,369.2,369.95,361.05,364.95,10075
2026-03-27 09:54:00,09:54:00,364.9,364.95,357.65,357.65,9100
2026-03-27 09:55:00,09:55:00,357.65,359.05,354.1,355.8,12805
2026-03-27 09:56:00,09:56:00,353.8,355.8,342.3,343.45,26390
2026-03-27 09:57:00,09:57:00,342.7,344.6,338.8,338.8,21905
2026-03-27 09:58:00,09:58:00,338.85,339.45,333.0,335.0,32890
2026-03-27 09:59:00,09:59:00,335.15,342.2,334.8,337.6,20865
2026-03-27 10:00:00,10:00:00,336.85,344.0,333.85,342.6,22425
2026-03-27 10:01:00,10:01:00,342.95,345.95,337.4,345.0,28080
2026-03-27 10:02:00,10:02:00,344.95,350.0,344.25,348.45,13845
2026-03-27 10:03:00,10:03:00,349.2,363.3,348.4,355.5,42185
2026-03-27 10:04:00,10:04:00,356.3,358.5,351.15,354.4,10010
2026-03-27 10:05:00,10:05:00,354.3,354.4,348.65,350.45,10335
2026-03-27 10:06:00,10:06:00,349.9,352.5,346.3,347.65,8060
2026-03-27 10:07:00,10:07:00,349.55,351.7,343.2,351.05,12935
2026-03-27 10:08:00,10:08:00,350.3,351.4,346.9,346.9,14040
2026-03-27 10:09:00,10:09:00,349.8,356.6,346.9,353.0,9100
2026-03-27 10:10:00,10:10:00,352.45,353.0,344.85,344.85,7280
2026-03-27 10:11:00,10:11:00,345.45,347.25,338.75,338.75,6630
2026-03-27 10:12:00,10:12:00,339.9,343.35,337.85,341.85,11245
2026-03-27 10:13:00,10:13:00,341.7,341.85,330.95,332.35,22360
2026-03-27 10:14:00,10:14:00,333.2,333.3,328.15,330.0,16640
2026-03-27 10:15:00,10:15:00,330.35,333.95,327.4,329.75,16640
2026-03-27 10:16:00,10:16:00,332.0,335.35,329.75,335.35,18915
2026-03-27 10:17:00,10:17:00,331.75,335.35,327.75,330.15,13455
2026-03-27 10:18:00,10:18:00,361.1,362.45,356.9,356.9,41730
2026-03-27 10:19:00,10:19:00,356.0,360.15,353.05,353.85,45435
2026-03-27 10:20:00,10:20:00,320.95,325.85,319.35,323.8,30095
2026-03-27 10:21:00,10:21:00,325.25,334.55,323.8,329.2,55510
2026-03-27 10:22:00,10:22:00,328.75,333.2,328.75,332.6,19630
2026-03-27 10:23:00,10:23:00,333.35,336.0,330.9,336.0,19890
2026-03-27 10:24:00,10:24:00,336.3,343.9,336.0,342.55,26260
2026-03-27 10:25:00,10:25:00,342.6,346.6,340.8,345.85,17745
2026-03-27 10:26:00,10:26:00,346.1,346.9,339.05,339.05,17355
2026-03-27 10:27:00,10:27:00,339.05,343.3,336.7,341.55,17095
2026-03-27 10:28:00,10:28:00,341.5,342.65,336.85,341.0,9685
2026-03-27 10:29:00,10:29:00,340.6,343.1,338.6,341.1,5980
2026-03-27 10:30:00,10:30:00,341.15,351.3,341.1,350.2,15860
2026-03-27 10:31:00,10:31:00,319.2,326.0,318.3,325.25,214045
2026-03-27 10:32:00,10:32:00,358.7,359.8,353.6,354.95,20410
2026-03-27 10:33:00,10:33:00,353.65,354.95,344.1,344.95,14495
2026-03-27 10:34:00,10:34:00,345.85,346.3,339.25,346.3,17615
2026-03-27 10:35:00,10:35:00,346.05,347.6,340.85,347.6,12480
2026-03-27 10:36:00,10:36:00,346.5,348.9,337.4,337.45,14885
2026-03-27 10:37:00,10:37:00,336.35,340.25,332.6,337.8,16315
2026-03-27 10:38:00,10:38:00,336.75,347.35,334.8,345.35,21125
2026-03-27 10:39:00,10:39:00,345.3,348.3,341.7,345.7,10790
2026-03-27 10:40:00,10:40:00,345.15,345.7,335.05,335.05,10855
2026-03-27 10:41:00,10:41:00,336.2,337.15,333.0,333.0,8970
2026-03-27 10:42:00,10:42:00,333.25,341.95,330.15,341.25,14950
2026-03-27 10:43:00,10:43:00,341.6,343.9,335.0,340.9,12675
2026-03-27 10:44:00,10:44:00,340.7,340.9,333.9,333.95,10140
2026-03-27 10:45:00,10:45:00,334.35,334.35,326.9,327.25,29315
2026-03-27 10:46:00,10:46:00,359.15,361.05,353.0,353.45,39715
2026-03-27 10:47:00,10:47:00,321.05,323.35,318.55,321.3,26130
2026-03-27 10:48:00,10:48:00,323.25,328.45,321.0,327.95,32305
2026-03-27 10:49:00,10:49:00,327.9,328.05,319.45,319.45,15860
2026-03-27 10:50:00,10:50:00,353.6,354.05,348.75,350.0,57200
2026-03-27 10:51:00,10:51:00,350.15,352.05,347.35,349.35,54080
2026-03-27 10:52:00,10:52:00,349.4,350.7,346.7,347.6,36985
2026-03-27 10:53:00,10:53:00,348.6,350.35,340.1,342.0,69420
2026-03-27 10:54:00,10:54:00,341.8,342.55,330.65,332.75,74230
2026-03-27 10:55:00,10:55:00,333.0,338.4,331.35,337.15,58890
2026-03-27 10:56:00,10:56:00,337.0,342.9,337.0,342.9,55445
2026-03-27 10:57:00,10:57:00,342.85,342.9,334.1,339.9,44655
2026-03-27 10:58:00,10:58:00,308.95,314.85,307.95,312.65,30095
2026-03-27 10:59:00,10:59:00,343.95,344.45,340.25,344.45,35100
2026-03-27 11:00:00,11:00:00,312.5,322.95,312.0,322.55,63635
2026-03-27 11:01:00,11:01:00,321.0,328.45,319.45,325.2,69225
2026-03-27 11:02:00,11:02:00,324.9,327.3,321.0,321.3,26260
2026-03-27 11:03:00,11:03:00,353.4,353.4,340.6,344.0,62725
2026-03-27 11:04:00,11:04:00,312.7,318.45,311.0,317.7,16250
2026-03-27 11:05:00,11:05:00,316.95,317.7,313.5,315.75,10270
2026-03-27 11:06:00,11:06:00,318.85,319.3,315.0,317.0,8320
2026-03-27 11:07:00,11:07:00,316.95,322.95,316.95,320.95,11180
2026-03-27 11:08:00,11:08:00,320.2,323.95,318.85,323.15,9750
2026-03-27 11:09:00,11:09:00,321.95,327.5,320.9,326.4,14300
2026-03-27 11:10:00,11:10:00,326.45,330.5,322.2,322.7,39260
2026-03-27 11:11:00,11:11:00,321.0,325.95,320.15,322.95,18655
2026-03-27 11:12:00,11:12:00,322.15,322.95,315.0,320.65,15210
2026-03-27 11:13:00,11:13:00,320.6,325.0,317.6,325.0,14170
2026-03-27 11:14:00,11:14:00,323.5,325.0,318.95,323.8,7735
2026-03-27 11:15:00,11:15:00,323.75,326.25,319.85,323.7,8450
2026-03-27 11:16:00,11:16:00,324.0,326.35,321.6,321.6,8515
2026-03-27 11:17:00,11:17:00,321.8,322.55,318.0,319.35,7215
2026-03-27 11:18:00,11:18:00,351.9,353.6,340.0,340.0,47190
2026-03-27 11:19:00,11:19:00,341.0,341.45,335.1,341.45,64740
2026-03-27 11:20:00,11:20:00,341.0,342.35,337.55,342.35,27690
2026-03-27 11:21:00,11:21:00,340.15,342.35,336.05,336.05,21320
2026-03-27 11:22:00,11:22:00,336.6,340.5,333.5,335.7,44850
2026-03-27 11:23:00,11:23:00,335.95,337.55,330.35,330.55,42250
2026-03-27 11:24:00,11:24:00,329.6,334.25,329.6,331.6,40105
2026-03-27 11:25:00,11:25:00,332.2,332.2,328.0,330.1,71630
2026-03-27 11:26:00,11:26:00,330.6,330.85,326.7,329.2,53170
2026-03-27 11:27:00,11:27:00,329.75,336.95,328.0,328.6,72670
2026-03-27 11:28:00,11:28:00,327.85,328.6,317.5,318.6,111020
2026-03-27 11:29:00,11:29:00,318.4,318.95,314.0,317.6,182910
2026-03-27 11:30:00,11:30:00,317.7,320.85,315.85,319.45,74685
2026-03-27 11:31:00,11:31:00,318.7,320.55,315.25,315.6,54535
2026-03-27 11:32:00,11:32:00,314.65,318.85,311.55,318.85,96915
2026-03-27 11:33:00,11:33:00,318.35,323.9,318.35,321.55,128310
2026-03-27 11:34:00,11:34:00,321.2,322.45,315.25,317.8,58175
2026-03-27 11:35:00,11:35:00,319.0,324.15,317.8,320.8,33930
2026-03-27 11:36:00,11:36:00,319.9,327.3,318.2,323.2,51675
2026-03-27 11:37:00,11:37:00,322.3,326.8,320.0,320.0,42575
2026-03-27 11:38:00,11:38:00,320.0,322.5,317.35,322.25,37635
2026-03-27 11:39:00,11:39:00,322.5,326.2,321.1,321.65,35945
2026-03-27 11:40:00,11:40:00,322.4,327.0,321.1,325.8,30940
2026-03-27 11:41:00,11:41:00,326.4,326.65,321.45,321.85,32240
2026-03-27 11:42:00,11:42:00,321.45,321.95,317.5,318.0,27300
2026-03-27 11:43:00,11:43:00,318.05,318.05,312.0,316.3,51350
2026-03-27 11:44:00,11:44:00,315.9,326.45,315.7,326.45,83265
2026-03-27 11:45:00,11:45:00,325.7,326.45,323.15,323.5,35880
2026-03-27 11:46:00,11:46:00,322.15,329.5,322.0,327.6,52715
2026-03-27 11:47:00,11:47:00,326.65,328.0,321.35,323.35,23660
2026-03-27 11:48:00,11:48:00,322.7,326.6,321.2,326.6,25285
2026-03-27 11:49:00,11:49:00,326.4,326.6,322.0,324.1,13065
2026-03-27 11:50:00,11:50:00,324.6,326.9,322.85,326.9,15145
2026-03-27 11:51:00,11:51:00,326.55,327.4,324.05,325.05,16640
2026-03-27 11:52:00,11:52:00,324.55,326.0,321.55,323.15,17940
2026-03-27 11:53:00,11:53:00,323.0,330.95,321.5,330.95,48815
2026-03-27 11:54:00,11:54:00,331.05,331.2,326.7,328.95,31070
2026-03-27 11:55:00,11:55:00,328.35,328.95,322.7,325.5,22620
2026-03-27 11:56:00,11:56:00,325.3,326.55,315.1,320.0,67405
2026-03-27 11:57:00,11:57:00,319.6,321.25,317.85,319.9,22815
2026-03-27 11:58:00,11:58:00,320.85,322.0,317.4,319.6,29705
2026-03-27 11:59:00,11:59:00,319.25,323.75,318.6,320.85,29705
2026-03-27 12:00:00,12:00:00,319.95,320.85,313.9,315.1,34645
2026-03-27 12:01:00,12:01:00,314.6,316.4,311.55,311.55,33085
2026-03-27 12:02:00,12:02:00,343.0,343.35,333.55,338.35,28665
2026-03-27 12:03:00,12:03:00,306.6,318.4,306.6,317.25,104325
2026-03-27 12:04:00,12:04:00,317.55,322.85,316.35,316.35,63765
2026-03-27 12:05:00,12:05:00,317.7,319.75,315.3,318.8,26585
2026-03-27 12:06:00,12:06:00,317.95,318.8,315.0,318.0,22555
2026-03-27 12:07:00,12:07:00,317.85,322.85,315.0,322.2,64870
2026-03-27 12:08:00,12:08:00,322.0,324.15,317.6,318.0,69940
2026-03-27 12:09:00,12:09:00,318.0,319.95,315.6,316.2,24245
2026-03-27 12:10:00,12:10:00,315.85,316.35,312.0,314.65,38545
2026-03-27 12:11:00,12:11:00,313.15,314.65,306.3,309.5,84175
2026-03-27 12:12:00,12:12:00,311.0,317.55,309.5,314.8,57915
2026-03-27 12:13:00,12:13:00,315.15,316.15,311.55,313.15,26325
2026-03-27 12:14:00,12:14:00,311.45,313.15,309.4,311.1,21125
2026-03-27 12:15:00,12:15:00,309.6,313.95,307.2,313.2,32370
2026-03-27 12:16:00,12:16:00,343.2,344.9,338.85,339.55,2665
2026-03-27 12:17:00,12:17:00,339.5,339.55,332.0,335.85,9230
2026-03-27 12:18:00,12:18:00,336.6,337.85,324.0,328.0,16900
2026-03-27 12:19:00,12:19:00,329.3,332.0,327.7,329.85,13130
2026-03-27 12:20:00,12:20:00,328.95,330.85,326.25,328.6,11115
2026-03-27 12:21:00,12:21:00,296.7,305.8,296.7,305.8,71695
2026-03-27 12:22:00,12:22:00,306.2,306.5,303.0,304.7,77415
2026-03-27 12:23:00,12:23:00,304.2,307.45,302.25,302.8,41860
2026-03-27 12:24:00,12:24:00,302.8,309.0,302.75,308.75,82745
2026-03-27 12:25:00,12:25:00,309.15,312.0,305.8,312.0,79365
2026-03-27 12:26:00,12:26:00,314.0,322.0,312.0,320.8,209820
2026-03-27 12:27:00,12:27:00,319.95,328.35,319.55,328.0,92365
2026-03-27 12:28:00,12:28:00,328.05,328.05,323.25,323.85,63245
2026-03-27 12:29:00,12:29:00,323.0,330.95,322.05,329.6,75660
2026-03-27 12:30:00,12:30:00,329.35,329.6,319.85,319.85,64155
2026-03-27 12:31:00,12:31:00,319.3,322.2,317.55,319.25,117130
2026-03-27 12:32:00,12:32:00,317.7,319.25,309.4,315.7,118690
2026-03-27 12:33:00,12:33:00,314.95,320.15,314.45,318.2,154960
2026-03-27 12:34:00,12:34:00,317.25,322.95,317.25,322.4,38350
2026-03-27 12:35:00,12:35:00,321.75,329.35,319.75,328.85,73515
2026-03-27 12:36:00,12:36:00,327.55,329.45,322.0,323.55,65910
2026-03-27 12:37:00,12:37:00,324.95,326.15,322.15,322.2,33800
2026-03-27 12:38:00,12:38:00,322.05,322.7,318.0,321.45,43095
2026-03-27 12:39:00,12:39:00,321.2,324.75,320.05,324.0,52455
2026-03-27 12:40:00,12:40:00,323.55,325.7,317.55,318.3,104520
2026-03-27 12:41:00,12:41:00,319.2,320.9,313.9,320.75,54860
2026-03-27 12:42:00,12:42:00,321.2,328.15,319.65,328.0,90350
2026-03-27 12:43:00,12:43:00,328.25,328.25,320.65,320.9,93600
2026-03-27 12:44:00,12:44:00,321.3,329.2,320.2,328.25,21970
2026-03-27 12:45:00,12:45:00,327.85,328.25,319.95,324.4,46410
2026-03-27 12:46:00,12:46:00,325.45,326.4,314.85,320.0,58500
2026-03-27 12:47:00,12:47:00,320.0,323.0,316.35,321.7,29250
2026-03-27 12:48:00,12:48:00,322.25,322.8,318.45,319.45,27755
2026-03-27 12:49:00,12:49:00,319.85,323.0,318.45,319.85,16835
2026-03-27 12:50:00,12:50:00,320.8,331.0,319.85,330.0,72410
2026-03-27 12:51:00,12:51:00,330.45,330.8,319.45,322.2,79755
2026-03-27 12:52:00,12:52:00,322.4,323.0,313.25,313.65,55640
2026-03-27 12:53:00,12:53:00,311.2,319.15,309.0,319.15,90480
2026-03-27 12:54:00,12:54:00,320.2,323.4,314.1,319.05,64090
2026-03-27 12:55:00,12:55:00,319.15,320.85,317.2,317.2,23075
2026-03-27 12:56:00,12:56:00,317.95,320.3,317.2,320.3,21190
2026-03-27 12:57:00,12:57:00,320.5,323.1,317.0,318.45,27560
2026-03-27 12:58:00,12:58:00,318.75,319.65,309.0,310.95,40040
2026-03-27 12:59:00,12:59:00,314.6,316.15,310.35,312.55,29055
2026-03-27 13:00:00,13:00:00,313.6,318.15,310.9,313.3,25285
2026-03-27 13:01:00,13:01:00,312.95,314.25,309.9,310.9,36205
2026-03-27 13:02:00,13:02:00,310.5,312.35,309.05,309.5,41145
2026-03-27 13:03:00,13:03:00,310.05,310.05,302.0,306.6,81445
2026-03-27 13:04:00,13:04:00,306.0,306.6,300.35,301.05,72995
2026-03-27 13:05:00,13:05:00,301.0,304.2,300.25,302.75,54600
2026-03-27 13:06:00,13:06:00,302.9,306.05,301.9,303.7,29315
2026-03-27 13:07:00,13:07:00,303.5,307.6,301.0,303.0,30030
2026-03-27 13:08:00,13:08:00,303.25,306.0,301.5,304.0,23595
2026-03-27 13:09:00,13:09:00,304.55,304.55,300.2,302.0,20800
2026-03-27 13:10:00,13:10:00,334.0,336.0,328.7,329.6,11895
2026-03-27 13:11:00,13:11:00,329.6,330.5,322.75,325.0,13845
2026-03-27 13:12:00,13:12:00,293.15,303.4,293.15,299.1,86970
2026-03-27 13:13:00,13:13:00,299.0,304.3,296.45,303.4,59280
2026-03-27 13:14:00,13:14:00,303.5,311.4,303.2,309.5,83460
2026-03-27 13:15:00,13:15:00,309.3,312.4,305.4,312.35,75270
2026-03-27 13:16:00,13:16:00,312.0,326.15,312.0,324.3,145275
2026-03-27 13:17:00,13:17:00,293.55,312.45,292.9,306.75,156390
2026-03-27 13:18:00,13:18:00,339.9,339.9,322.7,327.1,146705
2026-03-27 13:19:00,13:19:00,327.35,331.15,324.9,329.2,64545
2026-03-27 13:20:00,13:20:00,326.0,329.2,320.5,320.9,58760
2026-03-27 13:21:00,13:21:00,323.6,323.6,314.75,314.75,76115
2026-03-27 13:22:00,13:22:00,314.9,317.4,310.25,317.4,179985
2026-03-27 13:23:00,13:23:00,317.85,319.0,314.45,317.15,58760
2026-03-27 13:24:00,13:24:00,316.95,318.4,313.3,314.55,51220
2026-03-27 13:25:00,13:25:00,314.65,321.95,314.55,319.95,67145
2026-03-27 13:26:00,13:26:00,319.65,327.65,319.65,321.3,58760
2026-03-27 13:27:00,13:27:00,323.0,324.05,315.9,316.15,43290
2026-03-27 13:28:00,13:28:00,315.65,317.2,308.65,309.35,83265
2026-03-27 13:29:00,13:29:00,308.95,309.4,301.9,301.9,82095
2026-03-27 13:30:00,13:30:00,303.4,303.6,293.15,302.3,120250
2026-03-27 13:31:00,13:31:00,301.5,308.3,299.6,301.25,78910
2026-03-27 13:32:00,13:32:00,332.95,333.2,320.0,320.15,29510
2026-03-27 13:33:00,13:33:00,288.5,294.3,285.15,293.85,108810
2026-03-27 13:34:00,13:34:00,326.8,329.15,322.0,322.5,7605
2026-03-27 13:35:00,13:35:00,322.4,322.5,315.55,319.5,13780
2026-03-27 13:36:00,13:36:00,288.65,297.9,288.05,296.85,102180
2026-03-27 13:37:00,13:37:00,327.9,331.1,317.65,320.15,13455
2026-03-27 13:38:00,13:38:00,318.55,321.05,316.55,321.0,16575
2026-03-27 13:39:00,13:39:00,318.1,321.0,314.0,315.55,24375
2026-03-27 13:40:00,13:40:00,315.0,327.35,314.1,326.6,28860
2026-03-27 13:41:00,13:41:00,295.5,297.35,291.0,294.1,79235
2026-03-27 13:42:00,13:42:00,292.95,299.25,290.0,299.25,52390
2026-03-27 13:43:00,13:43:00,299.05,304.95,296.0,296.8,139425
2026-03-27 13:44:00,13:44:00,296.1,296.8,289.25,294.9,52650
2026-03-27 13:45:00,13:45:00,295.5,300.15,294.0,298.05,48750
2026-03-27 13:46:00,13:46:00,295.45,298.05,291.15,291.85,36725
2026-03-27 13:47:00,13:47:00,290.1,294.7,287.0,287.95,50830
2026-03-27 13:48:00,13:48:00,289.2,293.0,287.95,290.75,35555
2026-03-27 13:49:00,13:49:00,323.4,325.85,315.0,317.25,9100
2026-03-27 13:50:00,13:50:00,285.0,289.95,285.0,289.0,25935
2026-03-27 13:51:00,13:51:00,291.05,300.35,289.0,299.1,85540
2026-03-27 13:52:00,13:52:00,298.65,299.55,292.5,295.75,42120
2026-03-27 13:53:00,13:53:00,295.05,295.75,289.95,291.55,44460
2026-03-27 13:54:00,13:54:00,289.4,293.6,289.3,291.7,19760
2026-03-27 13:55:00,13:55:00,323.6,330.25,319.75,320.85,8905
2026-03-27 13:56:00,13:56:00,290.1,292.6,288.15,291.9,24570
2026-03-27 13:57:00,13:57:00,293.4,293.7,290.15,290.15,30810
2026-03-27 13:58:00,13:58:00,321.7,325.2,311.0,312.45,17550
2026-03-27 13:59:00,13:59:00,312.45,322.5,311.3,320.15,15600
2026-03-27 14:00:00,14:00:00,317.9,321.65,315.9,315.9,5980
2026-03-27 14:01:00,14:01:00,316.7,320.75,315.9,320.75,6240
2026-03-27 14:02:00,14:02:00,288.5,292.35,287.45,291.65,67470
2026-03-27 14:03:00,14:03:00,324.3,325.45,319.1,320.4,30550
2026-03-27 14:04:00,14:04:00,321.05,321.9,316.55,317.45,17160
2026-03-27 14:05:00,14:05:00,318.4,323.0,308.75,309.5,49660
2026-03-27 14:06:00,14:06:00,309.6,309.6,299.9,307.3,24245
2026-03-27 14:07:00,14:07:00,306.5,308.0,301.7,304.4,21645
2026-03-27 14:08:00,14:08:00,304.05,304.45,299.25,301.05,19500
2026-03-27 14:09:00,14:09:00,300.9,309.5,300.9,309.5,12415
2026-03-27 14:10:00,14:10:00,309.35,310.0,298.2,298.8,14950
2026-03-27 14:11:00,14:11:00,299.2,299.65,293.2,298.4,40235
2026-03-27 14:12:00,14:12:00,300.65,308.35,298.4,306.65,30355
2026-03-27 14:13:00,14:13:00,306.65,311.5,305.2,308.4,41145
2026-03-27 14:14:00,14:14:00,306.4,311.25,305.55,309.65,16055
2026-03-27 14:15:00,14:15:00,308.85,313.0,307.45,312.45,12155
2026-03-27 14:16:00,14:16:00,312.7,312.7,305.1,305.95,21125
2026-03-27 14:17:00,14:17:00,305.95,307.8,303.35,303.95,6695
2026-03-27 14:18:00,14:18:00,304.15,309.05,303.95,306.2,5590
2026-03-27 14:19:00,14:19:00,306.0,306.2,295.4,297.55,29055
2026-03-27 14:20:00,14:20:00,299.7,305.5,297.55,303.9,20150
2026-03-27 14:21:00,14:21:00,303.3,305.7,300.0,300.05,12155
2026-03-27 14:22:00,14:22:00,300.75,300.75,292.75,293.6,23010
2026-03-27 14:23:00,14:23:00,293.95,296.85,288.4,295.75,31655
2026-03-27 14:24:00,14:24:00,297.0,297.0,292.45,295.75,18785
2026-03-27 14:25:00,14:25:00,295.75,299.2,294.0,298.45,21385
2026-03-27 14:26:00,14:26:00,298.55,298.55,288.4,288.4,40040
2026-03-27 14:27:00,14:27:00,288.05,295.35,285.0,293.45,35425
2026-03-27 14:28:00,14:28:00,293.55,294.95,289.75,294.6,22490
2026-03-27 14:29:00,14:29:00,293.35,294.85,290.6,290.6,16640
2026-03-27 14:30:00,14:30:00,291.65,292.8,289.2,291.7,17420
2026-03-27 14:31:00,14:31:00,323.2,325.2,314.0,314.0,25675
2026-03-27 14:32:00,14:32:00,306.9,321.6,306.9,318.15,50115
2026-03-27 14:33:00,14:33:00,318.0,318.6,312.2,312.7,31785
2026-03-27 14:34:00,14:34:00,313.0,313.2,303.5,308.25,53495
2026-03-27 14:35:00,14:35:00,307.7,314.85,306.0,311.25,33605
2026-03-27 14:36:00,14:36:00,311.1,313.05,300.5,305.35,75010
2026-03-27 14:37:00,14:37:00,304.6,306.3,298.7,303.6,92560
2026-03-27 14:38:00,14:38:00,303.75,308.15,296.55,298.4,56225
2026-03-27 14:39:00,14:39:00,298.15,299.55,292.7,296.7,61035
2026-03-27 14:40:00,14:40:00,296.0,300.4,291.6,293.7,74555
2026-03-27 14:41:00,14:41:00,293.35,302.1,293.35,300.0,98865
2026-03-27 14:42:00,14:42:00,299.95,308.35,299.95,307.85,98475
2026-03-27 14:43:00,14:43:00,310.3,311.95,307.5,310.4,63960
2026-03-27 14:44:00,14:44:00,311.0,312.0,303.4,306.05,46410
2026-03-27 14:45:00,14:45:00,306.5,310.4,306.0,310.25,31785
2026-03-27 14:46:00,14:46:00,311.0,314.2,307.25,308.5,43095
2026-03-27 14:47:00,14:47:00,304.7,308.5,303.05,306.05,45435
2026-03-27 14:48:00,14:48:00,304.55,310.5,303.95,307.15,32890
2026-03-27 14:49:00,14:49:00,307.1,310.45,307.1,308.0,17875
2026-03-27 14:50:00,14:50:00,307.95,310.15,306.2,310.05,28665
2026-03-27 14:51:00,14:51:00,308.75,317.4,308.65,315.0,44915
2026-03-27 14:52:00,14:52:00,317.4,317.7,311.35,313.55,39975
2026-03-27 14:53:00,14:53:00,313.55,317.2,304.4,304.45,29965
2026-03-27 14:54:00,14:54:00,305.9,309.6,303.8,307.5,19890
2026-03-27 14:55:00,14:55:00,307.9,312.2,306.65,310.9,25870
2026-03-27 14:56:00,14:56:00,308.45,315.0,307.6,312.2,45110
2026-03-27 14:57:00,14:57:00,311.9,312.2,298.65,306.6,111995
2026-03-27 14:58:00,14:58:00,306.2,309.1,300.4,300.55,27820
2026-03-27 14:59:00,14:59:00,300.4,304.45,297.85,297.85,34580
2026-03-27 15:00:00,15:00:00,295.3,297.85,283.95,287.15,144885
2026-03-27 15:01:00,15:01:00,286.45,287.15,277.55,282.5,113360
2026-03-27 15:02:00,15:02:00,281.25,296.95,281.25,295.25,110695
2026-03-27 15:03:00,15:03:00,326.4,326.4,316.15,317.25,11115
2026-03-27 15:04:00,15:04:00,286.4,295.4,286.4,293.55,64025
2026-03-27 15:05:00,15:05:00,324.3,326.85,319.15,319.8,11180
2026-03-27 15:06:00,15:06:00,286.45,293.7,286.45,291.85,34840
2026-03-27 15:07:00,15:07:00,324.65,324.65,311.7,315.0,11700
2026-03-27 15:08:00,15:08:00,315.25,320.4,315.0,319.0,6175
2026-03-27 15:09:00,15:09:00,320.0,321.0,316.1,317.8,6435
2026-03-27 15:10:00,15:10:00,286.6,292.0,284.65,288.2,63895
2026-03-27 15:11:00,15:11:00,287.0,288.9,286.15,287.45,43030
2026-03-27 15:12:00,15:12:00,318.7,320.2,310.9,312.65,11700
2026-03-27 15:13:00,15:13:00,311.15,316.35,311.15,315.15,7475
2026-03-27 15:14:00,15:14:00,314.75,315.15,308.8,313.0,9360
2026-03-27 15:15:00,15:15:00,311.6,313.0,300.4,305.95,37570
2026-03-27 15:16:00,15:16:00,304.7,307.75,300.95,307.75,6760
2026-03-27 15:17:00,15:17:00,305.6,309.0,305.6,307.95,11310
2026-03-27 15:18:00,15:18:00,305.3,307.95,303.15,306.85,15600
2026-03-27 15:19:00,15:19:00,307.2,309.3,306.8,308.45,5720
2026-03-27 15:20:00,15:20:00,308.45,309.0,305.35,308.05,13260
2026-03-27 15:21:00,15:21:00,306.2,308.1,306.05,307.65,4030
2026-03-27 15:22:00,15:22:00,306.2,308.0,305.95,307.45,17550
2026-03-27 15:23:00,15:23:00,306.85,307.85,306.05,307.45,8775
2026-03-27 15:24:00,15:24:00,306.2,307.45,299.2,304.5,14300
2026-03-27 15:25:00,15:25:00,304.2,306.15,300.3,301.4,10205
2026-03-27 15:26:00,15:26:00,301.7,302.0,296.85,298.7,16510
2026-03-27 15:27:00,15:27:00,297.75,298.7,295.05,295.6,10595
2026-03-27 15:28:00,15:28:00,263.55,265.7,263.55,265.7,64025
2026-03-27 15:29:00,15:29:00,265.75,267.95,262.8,263.85,73710
2026-03-30 09:15:00,09:15:00,129.55,129.6,55.15,57.5,2008760
2026-03-30 09:16:00,09:16:00,55.45,57.5,44.7,46.25,1983280
2026-03-30 09:17:00,09:17:00,47.45,59.2,46.25,55.25,1769235
2026-03-30 09:18:00,09:18:00,57.15,64.1,55.25,58.0,1331720
2026-03-30 09:19:00,09:19:00,59.25,59.55,52.2,56.45,1169025
2026-03-30 09:20:00,09:20:00,56.35,56.45,47.55,48.85,1347710
2026-03-30 09:21:00,09:21:00,47.35,51.2,45.8,48.15,952120
2026-03-30 09:22:00,09:22:00,35.85,48.95,35.75,42.9,2336360
2026-03-30 09:23:00,09:23:00,42.95,49.1,42.9,46.75,1825200
2026-03-30 09:24:00,09:24:00,47.45,48.3,38.75,41.55,1675440
2026-03-30 09:25:00,09:25:00,40.6,43.9,37.45,42.55,1605500
2026-03-30 09:26:00,09:26:00,42.55,48.45,42.55,44.6,1580085
2026-03-30 09:27:00,09:27:00,44.45,45.0,39.45,41.0,1141075
2026-03-30 09:28:00,09:28:00,39.6,47.95,39.6,47.95,1816490
2026-03-30 09:29:00,09:29:00,34.65,48.65,34.25,42.65,2818075
2026-03-30 09:30:00,09:30:00,42.15,47.95,38.35,39.1,1769625
2026-03-30 09:31:00,09:31:00,40.7,54.95,39.1,53.25,1931735
2026-03-30 09:32:00,09:32:00,37.75,45.15,37.75,39.8,3825835
2026-03-30 09:33:00,09:33:00,40.85,46.3,39.6,43.75,3067220
2026-03-30 09:34:00,09:34:00,30.65,46.0,30.65,44.4,3102645
2026-03-30 09:35:00,09:35:00,60.5,64.25,57.9,61.15,4273815
2026-03-30 09:36:00,09:36:00,44.5,62.85,43.8,62.6,2912455
2026-03-30 09:37:00,09:37:00,62.0,63.45,55.0,60.9,2204020
2026-03-30 09:38:00,09:38:00,60.3,63.2,51.6,53.1,1789775
2026-03-30 09:39:00,09:39:00,53.0,55.2,47.95,51.15,1479205
2026-03-30 09:40:00,09:40:00,49.7,56.55,43.35,52.75,1693445
2026-03-30 09:41:00,09:41:00,52.6,61.3,52.6,55.75,1509300
2026-03-30 09:42:00,09:42:00,73.45,75.75,65.95,66.85,1794975
2026-03-30 09:43:00,09:43:00,66.5,72.7,64.75,64.75,1558960
2026-03-30 09:44:00,09:44:00,64.55,64.75,60.3,63.15,1819805
2026-03-30 09:45:00,09:45:00,47.35,56.75,47.35,50.8,1081600
2026-03-30 09:46:00,09:46:00,51.85,56.15,50.8,53.8,781820
2026-03-30 09:47:00,09:47:00,70.5,73.6,62.2,63.45,1539135
2026-03-30 09:48:00,09:48:00,63.55,63.55,52.4,53.25,2696200
2026-03-30 09:49:00,09:49:00,53.05,53.35,47.7,48.7,2230930
2026-03-30 09:50:00,09:50:00,65.0,65.75,59.35,63.2,1252030
2026-03-30 09:51:00,09:51:00,47.25,60.8,45.85,57.4,2853435
2026-03-30 09:52:00,09:52:00,58.4,61.35,49.15,51.3,2185625
2026-03-30 09:53:00,09:53:00,51.35,53.85,46.35,46.75,1384175
2026-03-30 09:54:00,09:54:00,63.6,64.85,56.2,57.0,1031680
2026-03-30 09:55:00,09:55:00,56.35,57.0,50.55,51.85,1341145
2026-03-30 09:56:00,09:56:00,51.85,56.15,51.85,53.85,788385
2026-03-30 09:57:00,09:57:00,54.9,62.45,53.85,58.35,1003405
2026-03-30 09:58:00,09:58:00,58.35,58.35,46.55,48.9,1383265
2026-03-30 09:59:00,09:59:00,48.75,55.1,48.2,54.45,752180
2026-03-30 10:00:00,10:00:00,53.95,54.45,49.55,49.55,649545
2026-03-30 10:01:00,10:01:00,49.9,56.8,49.55,54.05,775060
2026-03-30 10:02:00,10:02:00,39.55,48.5,39.35,48.3,2165150
2026-03-30 10:03:00,10:03:00,48.1,56.95,47.9,55.15,3181945
2026-03-30 10:04:00,10:04:00,54.7,55.6,48.0,49.25,1873950
2026-03-30 10:05:00,10:05:00,47.85,49.25,43.95,43.95,1721460
2026-03-30 10:06:00,10:06:00,46.9,46.9,39.2,39.75,1825850
2026-03-30 10:07:00,10:07:00,54.35,54.95,48.3,51.15,1216215
2026-03-30 10:08:00,10:08:00,51.2,51.2,44.85,45.0,1260870
2026-03-30 10:09:00,10:09:00,45.95,46.65,40.8,43.5,1193985
2026-03-30 10:10:00,10:10:00,43.05,43.5,36.2,37.35,1654900
2026-03-30 10:11:00,10:11:00,51.9,52.65,46.65,46.65,2265185
2026-03-30 10:12:00,10:12:00,49.2,50.4,46.65,48.75,2002715
2026-03-30 10:13:00,10:13:00,48.6,49.85,43.55,48.05,2030210
2026-03-30 10:14:00,10:14:00,35.05,40.05,34.1,39.95,1457365
2026-03-30 10:15:00,10:15:00,39.4,42.65,35.25,35.25,1466010
2026-03-30 10:16:00,10:16:00,34.85,37.25,33.45,35.85,831090
2026-03-30 10:17:00,10:17:00,49.9,49.9,44.0,44.1,1583075
2026-03-30 10:18:00,10:18:00,44.1,44.25,40.35,40.4,1883830
2026-03-30 10:19:00,10:19:00,41.45,42.8,39.5,41.5,1414985
2026-03-30 10:20:00,10:20:00,41.4,43.15,39.7,40.85,1279265
2026-03-30 10:21:00,10:21:00,40.35,43.6,39.3,41.25,1583725
2026-03-30 10:22:00,10:22:00,41.8,43.75,38.1,39.5,1512745
2026-03-30 10:23:00,10:23:00,40.25,41.0,36.35,37.9,1713660
2026-03-30 10:24:00,10:24:00,37.65,38.75,35.55,36.5,1659320
2026-03-30 10:25:00,10:25:00,36.3,40.4,36.1,39.85,1384890
2026-03-30 10:26:00,10:26:00,39.6,42.35,38.0,38.35,1527110
2026-03-30 10:27:00,10:27:00,38.6,40.25,36.75,37.6,966550
2026-03-30 10:28:00,10:28:00,37.7,39.05,34.75,36.3,1487330
2026-03-30 10:29:00,10:29:00,36.6,37.7,33.25,33.25,1187485
2026-03-30 10:30:00,10:30:00,34.35,35.55,32.85,34.05,1484665
2026-03-30 10:31:00,10:31:00,34.35,34.8,31.15,31.15,1444105
2026-03-30 10:32:00,10:32:00,30.95,31.5,29.2,29.45,1850550
2026-03-30 10:33:00,10:33:00,41.9,42.95,40.7,41.3,884845
2026-03-30 10:34:00,10:34:00,28.65,31.9,28.1,31.5,1656525
2026-03-30 10:35:00,10:35:00,31.4,33.95,31.05,32.65,1760330
2026-03-30 10:36:00,10:36:00,32.85,34.45,32.1,32.1,1512550
2026-03-30 10:37:00,10:37:00,32.3,34.5,29.4,30.4,1658540
2026-03-30 10:38:00,10:38:00,30.7,36.85,30.35,36.75,1965080
2026-03-30 10:39:00,10:39:00,36.15,37.75,33.75,34.6,1730560
2026-03-30 10:40:00,10:40:00,34.35,38.95,33.6,36.0,1774500
2026-03-30 10:41:00,10:41:00,35.65,37.05,30.8,31.8,1726985
2026-03-30 10:42:00,10:42:00,31.7,32.7,30.35,30.8,1193660
2026-03-30 10:43:00,10:43:00,43.85,44.45,36.2,36.75,1533545
2026-03-30 10:44:00,10:44:00,36.75,38.85,35.65,36.3,1076920
2026-03-30 10:45:00,10:45:00,36.2,37.6,35.15,37.05,852865
2026-03-30 10:46:00,10:46:00,37.15,41.9,36.9,39.95,1042730
2026-03-30 10:47:00,10:47:00,28.3,31.25,25.9,30.95,1222520
2026-03-30 10:48:00,10:48:00,31.35,33.05,29.7,29.75,1608490
2026-03-30 10:49:00,10:49:00,30.4,33.1,29.75,31.4,1216280
2026-03-30 10:50:00,10:50:00,31.1,32.15,30.35,31.25,931515
2026-03-30 10:51:00,10:51:00,43.9,44.05,38.45,39.55,1088880
2026-03-30 10:52:00,10:52:00,40.0,40.65,37.3,38.15,787280
2026-03-30 10:53:00,10:53:00,38.2,38.35,32.25,32.25,1556165
2026-03-30 10:54:00,10:54:00,31.6,33.55,31.3,31.4,1626690
2026-03-30 10:55:00,10:55:00,31.75,31.9,29.75,30.0,1506635
2026-03-30 10:56:00,10:56:00,30.25,36.9,28.95,35.65,1966575
2026-03-30 10:57:00,10:57:00,35.7,38.2,34.8,35.85,1332695
2026-03-30 10:58:00,10:58:00,35.85,36.2,33.15,35.4,1048970
2026-03-30 10:59:00,10:59:00,35.25,35.5,30.05,30.1,1059110
2026-03-30 11:00:00,11:00:00,29.9,32.55,29.9,30.95,1022710
2026-03-30 11:01:00,11:01:00,30.55,30.95,29.35,29.35,696930
2026-03-30 11:02:00,11:02:00,29.35,31.95,29.35,30.65,553475
2026-03-30 11:03:00,11:03:00,30.7,34.65,30.0,34.25,852605
2026-03-30 11:04:00,11:04:00,34.3,35.65,33.2,34.45,640120
2026-03-30 11:05:00,11:05:00,34.05,35.3,33.3,33.95,600015
2026-03-30 11:06:00,11:06:00,33.65,35.5,32.55,35.25,655785
2026-03-30 11:07:00,11:07:00,35.3,35.35,32.7,34.0,620295
2026-03-30 11:08:00,11:08:00,33.85,34.05,30.25,30.9,789425
2026-03-30 11:09:00,11:09:00,43.15,43.7,37.2,37.2,2462070
2026-03-30 11:10:00,11:10:00,37.55,39.45,34.6,38.0,3916510
2026-03-30 11:11:00,11:11:00,37.75,38.1,34.3,34.3,1944735
2026-03-30 11:12:00,11:12:00,34.4,35.05,33.15,33.65,1865955
2026-03-30 11:13:00,11:13:00,23.8,26.65,23.2,26.2,1179165
2026-03-30 11:14:00,11:14:00,26.45,26.45,23.5,25.35,795470
2026-03-30 11:15:00,11:15:00,37.45,37.45,35.1,35.75,1049620
2026-03-30 11:16:00,11:16:00,25.05,27.05,24.55,25.35,755105
2026-03-30 11:17:00,11:17:00,36.75,37.05,34.45,35.55,930540
2026-03-30 11:18:00,11:18:00,24.7,26.15,24.05,25.9,529880
2026-03-30 11:19:00,11:19:00,25.55,27.25,24.75,26.55,698230
2026-03-30 11:20:00,11:20:00,37.75,38.0,34.85,36.05,1112540
2026-03-30 11:21:00,11:21:00,24.85,28.5,24.35,26.85,1143805
2026-03-30 11:22:00,11:22:00,26.3,27.25,25.0,26.9,1114555
2026-03-30 11:23:00,11:23:00,38.1,41.25,36.7,36.7,1194245
2026-03-30 11:24:00,11:24:00,26.35,28.55,25.6,28.3,760305
2026-03-30 11:25:00,11:25:00,28.6,29.1,27.45,27.65,808665
2026-03-30 11:26:00,11:26:00,39.5,41.05,35.75,37.1,1408940
2026-03-30 11:27:00,11:27:00,37.65,38.45,36.0,36.0,861770
2026-03-30 11:28:00,11:28:00,36.15,36.6,34.2,35.55,1358890
2026-03-30 11:29:00,11:29:00,35.35,36.95,33.6,33.95,985010
2026-03-30 11:30:00,11:30:00,33.35,34.1,30.7,33.6,2107040
2026-03-30 11:31:00,11:31:00,22.85,26.8,22.35,26.7,1154530
2026-03-30 11:32:00,11:32:00,27.1,28.45,26.3,28.05,1607255
2026-03-30 11:33:00,11:33:00,27.7,28.05,24.75,26.5,1174160
2026-03-30 11:34:00,11:34:00,26.75,31.85,26.5,30.2,2068105
2026-03-30 11:35:00,11:35:00,29.9,35.5,29.9,32.95,3387995
2026-03-30 11:36:00,11:36:00,32.25,34.3,29.6,34.3,1561885
2026-03-30 11:37:00,11:37:00,23.6,27.75,23.6,27.75,3269240
2026-03-30 11:38:00,11:38:00,27.05,28.25,24.75,26.95,3201965
2026-03-30 11:39:00,11:39:00,38.25,38.35,31.25,33.25,1658930
2026-03-30 11:40:00,11:40:00,32.9,34.6,28.8,34.6,1870505
2026-03-30 11:41:00,11:41:00,34.3,35.45,28.95,29.7,1324180
2026-03-30 11:42:00,11:42:00,30.0,30.6,27.0,27.0,1331915
2026-03-30 11:43:00,11:43:00,27.2,27.45,25.35,27.05,1439165
2026-03-30 11:44:00,11:44:00,26.95,27.05,23.65,24.0,1423110
2026-03-30 11:45:00,11:45:00,34.7,35.15,31.3,31.75,2415465
2026-03-30 11:46:00,11:46:00,32.3,33.2,28.8,28.8,2499900
2026-03-30 11:47:00,11:47:00,28.9,30.1,28.2,28.75,1963520
2026-03-30 11:48:00,11:48:00,28.8,30.85,28.5,29.6,1235780
2026-03-30 11:49:00,11:49:00,29.6,30.55,28.3,28.3,882245
2026-03-30 11:50:00,11:50:00,28.4,28.65,26.85,26.9,1791985
2026-03-30 11:51:00,11:51:00,27.25,29.15,26.9,28.1,1083030
2026-03-30 11:52:00,11:52:00,28.0,29.0,26.9,27.0,799825
2026-03-30 11:53:00,11:53:00,27.4,28.0,26.1,26.2,1258465
2026-03-30 11:54:00,11:54:00,17.2,19.95,16.15,19.95,1722500
2026-03-30 11:55:00,11:55:00,19.9,22.5,19.45,22.4,1450605
2026-03-30 11:56:00,11:56:00,34.05,34.05,28.1,28.4,2359695
2026-03-30 11:57:00,11:57:00,18.8,20.9,18.3,20.05,978965
2026-03-30 11:58:00,11:58:00,20.35,21.9,20.05,21.9,937365
2026-03-30 11:59:00,11:59:00,21.9,21.95,20.7,21.2,685490
2026-03-30 12:00:00,12:00:00,20.9,23.05,20.25,23.05,889135
2026-03-30 12:01:00,12:01:00,23.3,27.05,23.05,27.05,2407860
2026-03-30 12:02:00,12:02:00,17.55,23.9,17.5,23.85,4623905
2026-03-30 12:03:00,12:03:00,23.2,33.4,22.9,29.85,8267740
2026-03-30 12:04:00,12:04:00,30.2,30.2,26.2,30.1,3592290
2026-03-30 12:05:00,12:05:00,30.05,48.85,29.3,36.3,9523605
2026-03-30 12:06:00,12:06:00,37.0,46.55,34.15,35.25,6901440
2026-03-30 12:07:00,12:07:00,34.3,37.6,32.6,32.6,3488160
2026-03-30 12:08:00,12:08:00,31.25,33.3,29.2,29.4,3644940
2026-03-30 12:09:00,12:09:00,29.25,33.75,28.95,32.25,2780895
2026-03-30 12:10:00,12:10:00,32.45,34.7,30.3,33.0,2329990
2026-03-30 12:11:00,12:11:00,33.0,37.95,31.8,35.0,3036605
2026-03-30 12:12:00,12:12:00,24.0,28.1,23.6,26.85,1633580
2026-03-30 12:13:00,12:13:00,38.55,38.95,31.65,32.65,2631850
2026-03-30 12:14:00,12:14:00,32.5,37.1,32.25,34.4,2012920
2026-03-30 12:15:00,12:15:00,34.65,38.4,30.1,30.35,2616120
2026-03-30 12:16:00,12:16:00,30.0,36.7,29.05,34.2,3061240
2026-03-30 12:17:00,12:17:00,34.35,37.45,31.25,31.7,2010125
2026-03-30 12:18:00,12:18:00,32.05,32.1,28.65,29.1,2060760
2026-03-30 12:19:00,12:19:00,30.5,31.8,29.1,30.95,1687270
2026-03-30 12:20:00,12:20:00,30.35,35.9,29.5,33.7,2241460
2026-03-30 12:21:00,12:21:00,23.35,33.6,23.2,28.4,2700295
2026-03-30 12:22:00,12:22:00,41.55,41.7,31.6,31.6,2937740
2026-03-30 12:23:00,12:23:00,31.65,31.65,24.6,24.8,3959345
2026-03-30 12:24:00,12:24:00,24.75,26.35,20.85,20.85,3440710
2026-03-30 12:25:00,12:25:00,21.2,23.1,20.2,22.65,2553785
2026-03-30 12:26:00,12:26:00,33.4,33.65,25.65,25.9,2062060
2026-03-30 12:27:00,12:27:00,26.0,29.0,23.9,23.9,1939860
2026-03-30 12:28:00,12:28:00,23.7,25.05,23.15,24.5,1474720
2026-03-30 12:29:00,12:29:00,24.35,26.85,21.4,26.85,2007005
2026-03-30 12:30:00,12:30:00,25.95,26.85,23.15,23.15,1286545
2026-03-30 12:31:00,12:31:00,23.25,25.95,22.75,25.85,1178190
2026-03-30 12:32:00,12:32:00,26.8,27.3,23.6,24.3,1619540
2026-03-30 12:33:00,12:33:00,24.15,25.35,22.95,23.8,1019460
2026-03-30 12:34:00,12:34:00,24.2,25.9,23.8,25.35,1033370
2026-03-30 12:35:00,12:35:00,25.6,28.5,24.35,27.2,1464255
2026-03-30 12:36:00,12:36:00,18.2,19.95,17.7,19.95,2565485
2026-03-30 12:37:00,12:37:00,20.2,22.05,19.2,19.6,3460080
2026-03-30 12:38:00,12:38:00,19.35,24.05,18.4,23.7,3329495
2026-03-30 12:39:00,12:39:00,25.0,31.85,23.7,29.7,5238545
2026-03-30 12:40:00,12:40:00,29.25,30.6,27.3,30.45,2769065
2026-03-30 12:41:00,12:41:00,29.15,36.15,28.25,31.95,3399370
2026-03-30 12:42:00,12:42:00,32.05,34.4,29.55,31.85,3444610
2026-03-30 12:43:00,12:43:00,31.45,32.35,26.3,28.65,2665455
2026-03-30 12:44:00,12:44:00,28.95,30.35,27.4,27.6,1872455
2026-03-30 12:45:00,12:45:00,27.5,28.75,25.9,27.45,1935375
2026-03-30 12:46:00,12:46:00,25.1,27.45,22.0,24.05,3435120
2026-03-30 12:47:00,12:47:00,23.9,24.05,19.9,21.45,2500095
2026-03-30 12:48:00,12:48:00,21.2,22.2,19.4,19.55,1632995
2026-03-30 12:49:00,12:49:00,19.55,20.2,17.35,18.2,2372435
2026-03-30 12:50:00,12:50:00,18.3,18.7,16.05,17.4,2189720
2026-03-30 12:51:00,12:51:00,17.6,18.15,16.6,18.1,1514435
2026-03-30 12:52:00,12:52:00,27.65,27.75,20.65,21.3,2735200
2026-03-30 12:53:00,12:53:00,21.5,21.5,17.3,18.6,3024450
2026-03-30 12:54:00,12:54:00,18.45,20.25,18.3,19.25,2271815
2026-03-30 12:55:00,12:55:00,19.1,20.2,18.05,19.8,1860365
2026-03-30 12:56:00,12:56:00,19.9,20.35,16.95,17.3,1671670
2026-03-30 12:57:00,12:57:00,17.15,19.4,16.2,19.4,1731665
2026-03-30 12:58:00,12:58:00,19.4,19.85,18.1,19.45,1138670
2026-03-30 12:59:00,12:59:00,19.45,19.8,18.3,19.25,1080820
2026-03-30 13:00:00,13:00:00,19.4,20.45,19.15,19.65,1402440
2026-03-30 13:01:00,13:01:00,19.4,19.65,17.1,17.95,1507610
2026-03-30 13:02:00,13:02:00,17.85,18.65,14.9,15.25,2312050
2026-03-30 13:03:00,13:03:00,15.45,16.75,14.75,15.3,1635400
2026-03-30 13:04:00,13:04:00,15.45,16.35,15.05,16.25,1051245
2026-03-30 13:05:00,13:05:00,16.35,18.25,14.85,17.7,1549925
2026-03-30 13:06:00,13:06:00,17.85,18.3,16.25,17.85,1277380
2026-03-30 13:07:00,13:07:00,17.95,18.35,16.2,16.45,1125540
2026-03-30 13:08:00,13:08:00,16.3,17.1,15.45,16.9,898690
2026-03-30 13:09:00,13:09:00,16.6,17.65,16.3,17.4,718510
2026-03-30 13:10:00,13:10:00,16.9,17.85,16.5,16.65,726440
2026-03-30 13:11:00,13:11:00,16.65,17.55,14.9,16.7,1391650
2026-03-30 13:12:00,13:12:00,16.8,18.6,16.45,18.6,1504685
2026-03-30 13:13:00,13:13:00,18.45,18.6,12.95,13.0,2934295
2026-03-30 13:14:00,13:14:00,13.05,15.95,12.75,15.4,1840215
2026-03-30 13:15:00,13:15:00,15.15,17.45,14.7,17.45,1705665
2026-03-30 13:16:00,13:16:00,17.65,21.1,16.7,21.1,2421315
2026-03-30 13:17:00,13:17:00,20.9,21.1,15.4,15.45,2601950
2026-03-30 13:18:00,13:18:00,15.4,16.4,13.75,15.95,2299180
2026-03-30 13:19:00,13:19:00,16.0,16.0,13.6,14.2,1454570
2026-03-30 13:20:00,13:20:00,14.0,15.25,13.5,14.25,1196650
2026-03-30 13:21:00,13:21:00,14.65,16.6,13.85,14.7,1603420
2026-03-30 13:22:00,13:22:00,14.65,15.45,14.3,14.95,794625
2026-03-30 13:23:00,13:23:00,14.45,15.0,14.0,14.35,1053195
2026-03-30 13:24:00,13:24:00,14.35,14.6,13.05,13.8,1313715
2026-03-30 13:25:00,13:25:00,23.05,23.35,18.75,19.35,4599790
2026-03-30 13:26:00,13:26:00,19.45,19.7,16.1,17.0,4697095
2026-03-30 13:27:00,13:27:00,17.05,20.2,16.9,19.2,2964910
2026-03-30 13:28:00,13:28:00,11.4,12.05,9.9,11.9,2251600
2026-03-30 13:29:00,13:29:00,12.0,12.1,11.25,11.3,1465880
2026-03-30 13:30:00,13:30:00,19.2,19.75,18.45,18.55,1663220
2026-03-30 13:31:00,13:31:00,18.2,19.0,16.15,16.5,2177955
2026-03-30 13:32:00,13:32:00,17.0,19.6,15.8,15.95,2074280
2026-03-30 13:33:00,13:33:00,16.1,17.45,15.75,17.35,1795365
2026-03-30 13:34:00,13:34:00,9.85,12.1,9.85,11.95,1967420
2026-03-30 13:35:00,13:35:00,12.3,15.35,11.95,14.0,3684395
2026-03-30 13:36:00,13:36:00,13.95,14.0,12.2,12.5,2149290
2026-03-30 13:37:00,13:37:00,12.1,12.5,10.65,10.95,2252055
2026-03-30 13:38:00,13:38:00,10.45,11.65,10.15,11.1,1513980
2026-03-30 13:39:00,13:39:00,11.2,14.45,11.05,14.45,1626170
2026-03-30 13:40:00,13:40:00,14.3,14.8,12.75,13.15,2247310
2026-03-30 13:41:00,13:41:00,13.5,13.6,11.85,12.45,1623570
2026-03-30 13:42:00,13:42:00,20.2,21.05,16.1,16.45,4727580
2026-03-30 13:43:00,13:43:00,16.25,17.35,13.35,13.45,5024175
2026-03-30 13:44:00,13:44:00,13.9,14.8,13.2,14.55,3268460
2026-03-30 13:45:00,13:45:00,14.65,15.55,13.45,14.95,2204345
2026-03-30 13:46:00,13:46:00,15.1,15.7,14.3,14.7,2115035
2026-03-30 13:47:00,13:47:00,14.75,14.9,12.35,13.85,2852265
2026-03-30 13:48:00,13:48:00,13.75,13.85,12.1,12.3,2354560
2026-03-30 13:49:00,13:49:00,12.15,13.55,11.55,11.55,2171780
2026-03-30 13:50:00,13:50:00,11.55,12.3,11.3,11.95,3374800
2026-03-30 13:51:00,13:51:00,12.5,12.5,10.05,10.7,3585140
2026-03-30 13:52:00,13:52:00,10.65,11.1,9.35,9.35,2470845
2026-03-30 13:53:00,13:53:00,9.55,9.55,8.2,8.4,6659705
2026-03-30 13:54:00,13:54:00,14.8,15.0,13.8,13.85,3087890
2026-03-30 13:55:00,13:55:00,8.0,8.1,7.45,7.45,3624465
2026-03-30 13:56:00,13:56:00,13.0,13.95,12.75,12.95,2181660
2026-03-30 13:57:00,13:57:00,7.3,8.6,7.25,7.7,3544840
2026-03-30 13:58:00,13:58:00,7.8,7.8,6.75,7.15,3092830
2026-03-30 13:59:00,13:59:00,7.15,7.25,6.4,7.2,2640235
2026-03-30 14:00:00,14:00:00,7.15,8.6,7.1,8.3,2496195
2026-03-30 14:01:00,14:01:00,8.45,9.35,8.2,9.2,4089150
2026-03-30 14:02:00,14:02:00,8.95,11.7,8.3,11.7,4255745
2026-03-30 14:03:00,14:03:00,11.4,16.2,10.45,11.4,9653280
2026-03-30 14:04:00,14:04:00,11.5,15.9,10.45,10.6,6796465
2026-03-30 14:05:00,14:05:00,10.45,11.8,10.25,11.7,4708275
2026-03-30 14:06:00,14:06:00,12.1,12.1,9.0,9.6,5333575
2026-03-30 14:07:00,14:07:00,9.55,10.8,9.15,9.7,3300505
2026-03-30 14:08:00,14:08:00,9.85,12.6,9.7,10.5,4496830
2026-03-30 14:09:00,14:09:00,10.4,11.1,7.55,7.55,5131360
2026-03-30 14:10:00,14:10:00,7.8,8.3,6.9,6.9,5222490
2026-03-30 14:11:00,14:11:00,7.05,7.1,5.55,5.8,5318755
2026-03-30 14:12:00,14:12:00,5.9,5.95,4.9,5.6,5174455
2026-03-30 14:13:00,14:13:00,10.3,10.55,8.0,8.3,4133090
2026-03-30 14:14:00,14:14:00,8.45,8.6,7.45,7.7,2951520
2026-03-30 14:15:00,14:15:00,7.7,8.45,7.55,7.55,3086525
2026-03-30 14:16:00,14:16:00,7.55,8.1,6.6,7.85,3621215
2026-03-30 14:17:00,14:17:00,7.8,8.1,7.0,7.85,2935530
2026-03-30 14:18:00,14:18:00,7.8,7.9,6.45,6.85,3365310
2026-03-30 14:19:00,14:19:00,6.85,7.75,6.75,6.85,2879435
2026-03-30 14:20:00,14:20:00,4.0,4.8,4.0,4.5,3557125
2026-03-30 14:21:00,14:21:00,8.1,8.45,5.3,5.45,4720560
2026-03-30 14:22:00,14:22:00,5.5,6.35,5.05,5.05,4359875
2026-03-30 14:23:00,14:23:00,5.1,5.4,4.8,5.35,6931730
2026-03-30 14:24:00,14:24:00,5.4,5.55,4.0,4.1,4446845
2026-03-30 14:25:00,14:25:00,4.2,4.45,4.05,4.25,3150875
2026-03-30 14:26:00,14:26:00,4.2,4.35,3.95,4.0,2768675
2026-03-30 14:27:00,14:27:00,4.1,4.85,4.0,4.6,2989415
2026-03-30 14:28:00,14:28:00,4.7,4.75,4.05,4.15,2714855
2026-03-30 14:29:00,14:29:00,4.2,4.5,3.65,3.9,2354820
2026-03-30 14:30:00,14:30:00,3.9,4.25,3.5,4.1,3226665
2026-03-30 14:31:00,14:31:00,4.1,5.1,4.0,4.6,4903015
2026-03-30 14:32:00,14:32:00,4.15,4.6,3.2,3.2,4846595
2026-03-30 14:33:00,14:33:00,3.2,3.4,2.95,2.95,4140110
2026-03-30 14:34:00,14:34:00,6.25,6.4,4.55,4.6,11461385
2026-03-30 14:35:00,14:35:00,4.55,4.7,3.95,4.3,9223305
2026-03-30 14:36:00,14:36:00,4.25,5.45,4.25,4.55,5610735
2026-03-30 14:37:00,14:37:00,4.65,5.3,3.95,4.7,5155085
2026-03-30 14:38:00,14:38:00,4.75,5.2,4.3,4.3,3828825
2026-03-30 14:39:00,14:39:00,4.35,4.35,3.55,4.0,5020080
2026-03-30 14:40:00,14:40:00,4.1,4.95,4.0,4.35,4959240
2026-03-30 14:41:00,14:41:00,4.35,4.8,3.9,3.9,4426500
2026-03-30 14:42:00,14:42:00,4.05,6.6,3.9,5.0,10094110
2026-03-30 14:43:00,14:43:00,4.95,5.25,4.0,5.05,6253780
2026-03-30 14:44:00,14:44:00,4.9,5.15,4.15,4.15,5342545
2026-03-30 14:45:00,14:45:00,5.0,6.75,3.55,4.1,9642880
2026-03-30 14:46:00,14:46:00,4.35,4.4,3.4,3.5,6059430
2026-03-30 14:47:00,14:47:00,3.6,4.0,2.55,2.6,10597080
2026-03-30 14:48:00,14:48:00,2.65,2.9,2.1,2.25,8856055
2026-03-30 14:49:00,14:49:00,2.25,2.65,2.2,2.45,6842550
2026-03-30 14:50:00,14:50:00,2.55,3.3,2.45,2.95,7516600
2026-03-30 14:51:00,14:51:00,3.05,3.35,2.75,2.9,6190665
2026-03-30 14:52:00,14:52:00,2.6,3.2,2.25,2.3,8561475
2026-03-30 14:53:00,14:53:00,2.3,2.3,1.5,1.65,10410465
2026-03-30 14:54:00,14:54:00,1.8,1.9,1.2,1.4,12500020
2026-03-30 14:55:00,14:55:00,1.45,1.5,1.25,1.45,10781940
2026-03-30 14:56:00,14:56:00,1.5,1.75,1.2,1.25,14502540
2026-03-30 14:57:00,14:57:00,1.2,1.3,0.75,1.2,15661945
2026-03-30 14:58:00,14:58:00,1.1,1.25,1.0,1.05,17279210
2026-03-30 14:59:00,14:59:00,1.1,1.35,1.0,1.35,15092090
2026-03-30 15:00:00,15:00:00,2.55,2.55,0.7,1.1,31857215
2026-03-30 15:01:00,15:01:00,0.85,1.2,0.6,0.6,15880995
2026-03-30 15:02:00,15:02:00,0.85,0.9,0.5,0.65,10502700
2026-03-30 15:03:00,15:03:00,0.65,0.7,0.5,0.55,5304000
2026-03-30 15:04:00,15:04:00,0.5,0.55,0.45,0.45,4449705
2026-03-30 15:05:00,15:05:00,0.45,0.5,0.4,0.4,2342015
2026-03-30 15:06:00,15:06:00,0.45,0.45,0.35,0.35,1745380
2026-03-30 15:07:00,15:07:00,0.4,0.4,0.3,0.3,1464970
2026-03-30 15:08:00,15:08:00,0.3,0.35,0.25,0.25,1407445
2026-03-30 15:09:00,15:09:00,0.3,0.3,0.2,0.2,1510730
2026-03-30 15:10:00,15:10:00,0.25,0.25,0.2,0.2,1012050
2026-03-30 15:11:00,15:11:00,0.25,0.25,0.2,0.2,706875
2026-03-30 15:12:00,15:12:00,0.2,0.2,0.15,0.2,1049815
2026-03-30 15:13:00,15:13:00,0.15,0.2,0.1,0.15,1774565
2026-03-30 15:14:00,15:14:00,0.1,0.15,0.1,0.1,1157845
2026-03-30 15:15:00,15:15:00,0.15,0.15,0.1,0.1,1307865
2026-03-30 15:16:00,15:16:00,0.1,0.15,0.1,0.1,1105650
2026-03-30 15:17:00,15:17:00,0.15,0.15,0.1,0.15,1333605
2026-03-30 15:18:00,15:18:00,0.15,0.15,0.1,0.1,919685
2026-03-30 15:19:00,15:19:00,0.15,0.15,0.1,0.15,597480
2026-03-30 15:20:00,15:20:00,0.15,0.15,0.1,0.1,1018095
2026-03-30 15:21:00,15:21:00,0.15,0.15,0.1,0.15,703625
2026-03-30 15:22:00,15:22:00,0.15,0.15,0.1,0.15,710775
2026-03-30 15:23:00,15:23:00,0.15,0.15,0.1,0.1,719615
2026-03-30 15:24:00,15:24:00,0.1,0.15,0.1,0.15,157560
2026-03-30 15:25:00,15:25:00,0.15,0.15,0.05,0.05,1492790
2026-03-30 15:26:00,15:26:00,0.1,0.1,0.05,0.1,927095
2026-03-30 15:27:00,15:27:00,0.1,0.1,0.05,0.1,704015
2026-03-30 15:28:00,15:28:00,0.1,0.1,0.05,0.1,972790
2026-03-30 15:29:00,15:29:00,0.05,0.05,0.05,0.05,178295
2026-04-01 09:15:00,09:15:00,339.85,339.85,308.0,324.9,821665
2026-04-01 09:16:00,09:16:00,350.25,355.8,335.55,336.6,731510
2026-04-01 09:17:00,09:17:00,311.5,340.5,311.5,338.95,813540
2026-04-01 09:18:00,09:18:00,312.15,324.45,309.15,319.6,1033890
2026-04-01 09:19:00,09:19:00,321.3,325.0,319.15,321.05,654745
2026-04-01 09:20:00,09:20:00,323.05,328.95,321.05,324.45,825370
2026-04-01 09:21:00,09:21:00,325.0,325.0,305.85,314.15,854685
2026-04-01 09:22:00,09:22:00,314.6,319.6,311.0,316.6,520390
2026-04-01 09:23:00,09:23:00,318.0,318.75,310.0,310.0,424710
2026-04-01 09:24:00,09:24:00,310.35,319.0,310.0,316.6,440765
2026-04-01 09:25:00,09:25:00,317.65,324.2,316.6,320.2,738075
2026-04-01 09:26:00,09:26:00,321.3,322.0,314.65,314.75,480740
2026-04-01 09:27:00,09:27:00,315.8,324.15,314.75,319.4,471835
2026-04-01 09:28:00,09:28:00,319.55,326.85,319.4,326.55,659165
2026-04-01 09:29:00,09:29:00,300.5,307.65,300.1,307.65,369590
2026-04-01 09:30:00,09:30:00,334.05,336.3,324.65,327.8,882245
2026-04-01 09:31:00,09:31:00,329.0,329.35,315.9,315.9,551005
2026-04-01 09:32:00,09:32:00,344.55,345.95,321.15,323.55,336700
2026-04-01 09:33:00,09:33:00,323.75,328.05,323.1,326.2,317590
2026-04-01 09:34:00,09:34:00,326.3,328.15,322.6,326.4,187915
2026-04-01 09:35:00,09:35:00,325.45,326.4,316.15,318.9,284635
2026-04-01 09:36:00,09:36:00,319.8,320.65,317.25,318.25,244335
2026-04-01 09:37:00,09:37:00,318.4,318.7,315.65,316.7,164450
2026-04-01 09:38:00,09:38:00,316.9,319.0,315.3,317.9,218075
2026-04-01 09:39:00,09:39:00,317.85,318.75,313.25,314.3,295620
2026-04-01 09:40:00,09:40:00,314.15,326.9,313.4,326.25,520325
2026-04-01 09:41:00,09:41:00,325.25,334.8,325.25,334.8,573105
2026-04-01 09:42:00,09:42:00,335.0,336.0,328.0,329.0,336505
2026-04-01 09:43:00,09:43:00,327.75,329.0,317.65,321.2,290225
2026-04-01 09:44:00,09:44:00,320.65,329.65,318.5,323.55,216840
2026-04-01 09:45:00,09:45:00,323.0,329.45,323.0,328.2,314405
2026-04-01 09:46:00,09:46:00,327.65,329.15,325.0,325.15,115505
2026-04-01 09:47:00,09:47:00,325.1,331.45,325.1,329.2,161135
2026-04-01 09:48:00,09:48:00,303.35,309.0,303.35,307.9,492895
2026-04-01 09:49:00,09:49:00,309.15,317.05,308.05,316.45,828165
2026-04-01 09:50:00,09:50:00,317.55,319.9,315.15,319.9,576875
2026-04-01 09:51:00,09:51:00,320.0,329.95,319.35,329.25,954590
2026-04-01 09:52:00,09:52:00,302.65,305.75,301.2,305.35,412620
2026-04-01 09:53:00,09:53:00,333.85,336.0,317.45,321.5,987285
2026-04-01 09:54:00,09:54:00,321.85,327.0,321.3,326.95,435955
2026-04-01 09:55:00,09:55:00,327.6,328.95,318.0,319.75,421330
2026-04-01 09:56:00,09:56:00,320.1,321.75,310.65,311.7,447005
2026-04-01 09:57:00,09:57:00,311.4,318.75,310.1,318.25,331695
2026-04-01 09:58:00,09:58:00,319.05,319.05,312.0,315.15,280280
2026-04-01 09:59:00,09:59:00,315.3,316.5,311.6,314.0,151255
2026-04-01 10:00:00,10:00:00,313.4,321.25,312.05,320.0,412165
2026-04-01 10:01:00,10:01:00,319.45,325.0,316.35,324.35,379340
2026-04-01 10:02:00,10:02:00,323.7,328.35,321.85,326.5,457925
2026-04-01 10:03:00,10:03:00,299.45,307.9,299.2,305.95,280670
2026-04-01 10:04:00,10:04:00,306.6,312.6,305.2,306.6,483145
2026-04-01 10:05:00,10:05:00,306.75,310.0,304.15,304.15,257855
2026-04-01 10:06:00,10:06:00,331.45,332.0,323.8,327.45,481845
2026-04-01 10:07:00,10:07:00,327.7,328.85,321.45,323.35,266305
2026-04-01 10:08:00,10:08:00,322.8,326.0,320.6,326.0,213070
2026-04-01 10:09:00,10:09:00,325.45,326.3,321.2,322.65,196105
2026-04-01 10:10:00,10:10:00,322.7,322.7,309.65,310.25,561860
2026-04-01 10:11:00,10:11:00,310.0,310.25,303.9,303.9,383565
2026-04-01 10:12:00,10:12:00,303.75,310.2,300.9,308.0,413075
2026-04-01 10:13:00,10:13:00,336.05,336.05,328.9,331.8,98735
2026-04-01 10:14:00,10:14:00,332.0,333.9,330.15,331.45,70265
2026-04-01 10:15:00,10:15:00,329.6,337.5,329.6,332.2,193115
2026-04-01 10:16:00,10:16:00,331.55,336.0,329.5,334.7,114660
2026-04-01 10:17:00,10:17:00,334.8,335.15,329.95,330.15,89700
2026-04-01 10:18:00,10:18:00,329.6,330.65,325.65,329.0,107705
2026-04-01 10:19:00,10:19:00,330.3,337.0,329.0,332.8,170560
2026-04-01 10:20:00,10:20:00,305.65,308.95,304.95,308.95,270140
2026-04-01 10:21:00,10:21:00,336.9,337.0,325.85,326.55,209430
2026-04-01 10:22:00,10:22:00,327.05,327.8,323.75,324.65,216320
2026-04-01 10:23:00,10:23:00,324.75,324.75,314.25,317.55,262470
2026-04-01 10:24:00,10:24:00,316.45,318.75,310.0,311.3,286195
2026-04-01 10:25:00,10:25:00,338.7,340.15,326.65,327.65,448370
2026-04-01 10:26:00,10:26:00,327.7,328.3,320.7,320.7,379990
2026-04-01 10:27:00,10:27:00,321.25,323.4,320.0,323.4,243100
2026-04-01 10:28:00,10:28:00,322.95,323.4,313.25,320.15,400270
2026-04-01 10:29:00,10:29:00,319.4,321.3,312.95,321.15,320255
2026-04-01 10:30:00,10:30:00,323.7,325.45,317.7,325.0,489580
2026-04-01 10:31:00,10:31:00,326.95,327.05,322.85,325.7,445835
2026-04-01 10:32:00,10:32:00,325.05,333.5,325.05,333.3,513695
2026-04-01 10:33:00,10:33:00,332.5,333.3,323.75,326.35,400205
2026-04-01 10:34:00,10:34:00,324.6,327.35,323.7,324.55,150605
2026-04-01 10:35:00,10:35:00,325.25,330.2,324.55,328.85,170820
2026-04-01 10:36:00,10:36:00,329.5,332.35,328.6,331.9,201110
2026-04-01 10:37:00,10:37:00,332.9,334.9,331.35,334.0,306995
2026-04-01 10:38:00,10:38:00,334.0,335.2,330.0,333.5,248560
2026-04-01 10:39:00,10:39:00,333.6,334.7,332.05,334.05,113685
2026-04-01 10:40:00,10:40:00,335.0,335.0,329.85,331.25,243685
2026-04-01 10:41:00,10:41:00,331.45,333.75,328.35,329.6,183950
2026-04-01 10:42:00,10:42:00,330.25,331.2,324.05,331.15,274300
2026-04-01 10:43:00,10:43:00,330.6,335.75,329.05,334.7,215540
2026-04-01 10:44:00,10:44:00,334.75,337.75,332.7,333.8,361855
2026-04-01 10:45:00,10:45:00,333.2,334.1,328.8,332.45,164255
2026-04-01 10:46:00,10:46:00,332.5,333.6,329.4,330.2,114140
2026-04-01 10:47:00,10:47:00,330.35,334.4,329.2,333.7,83590
2026-04-01 10:48:00,10:48:00,334.35,339.65,333.7,336.15,354185
2026-04-01 10:49:00,10:49:00,336.05,336.15,324.5,329.45,368615
2026-04-01 10:50:00,10:50:00,330.1,331.5,322.95,326.2,268515
2026-04-01 10:51:00,10:51:00,325.35,331.05,324.4,329.7,185640
2026-04-01 10:52:00,10:52:00,330.0,333.85,328.2,328.5,157300
2026-04-01 10:53:00,10:53:00,328.85,329.45,325.85,329.4,115570
2026-04-01 10:54:00,10:54:00,328.5,329.75,326.1,326.1,108225
2026-04-01 10:55:00,10:55:00,327.0,327.95,322.15,327.95,231660
2026-04-01 10:56:00,10:56:00,327.05,327.95,322.9,323.5,136955
2026-04-01 10:57:00,10:57:00,323.5,323.85,317.25,318.05,249600
2026-04-01 10:58:00,10:58:00,345.4,346.1,342.0,342.25,62140
2026-04-01 10:59:00,10:59:00,342.85,345.35,338.6,338.6,69160
2026-04-01 11:00:00,11:00:00,338.35,339.35,334.75,335.0,93405
2026-04-01 11:01:00,11:01:00,335.85,335.85,331.35,332.8,83525
2026-04-01 11:02:00,11:02:00,331.7,336.0,330.75,334.1,71045
2026-04-01 11:03:00,11:03:00,334.25,335.4,328.95,333.65,127335
2026-04-01 11:04:00,11:04:00,333.8,333.8,326.3,327.6,107965
2026-04-01 11:05:00,11:05:00,327.45,328.05,323.4,324.2,106860
2026-04-01 11:06:00,11:06:00,324.0,331.45,322.0,330.8,181610
2026-04-01 11:07:00,11:07:00,329.85,336.3,329.85,333.85,196885
2026-04-01 11:08:00,11:08:00,306.9,316.05,306.35,314.75,509145
2026-04-01 11:09:00,11:09:00,340.05,342.4,335.0,338.3,159445
2026-04-01 11:10:00,11:10:00,311.15,320.8,310.4,320.0,364650
2026-04-01 11:11:00,11:11:00,320.0,320.85,315.7,316.1,315575
2026-04-01 11:12:00,11:12:00,343.8,344.1,336.55,337.3,90415
2026-04-01 11:13:00,11:13:00,337.45,338.1,333.55,334.15,114595
2026-04-01 11:14:00,11:14:00,334.6,338.2,334.05,337.35,45760
2026-04-01 11:15:00,11:15:00,338.4,339.55,333.6,335.05,75335
2026-04-01 11:16:00,11:16:00,334.35,338.85,332.6,334.2,83200
2026-04-01 11:17:00,11:17:00,334.25,336.7,330.3,335.0,84240
2026-04-01 11:18:00,11:18:00,335.5,336.3,333.7,334.0,38805
2026-04-01 11:19:00,11:19:00,333.55,338.45,333.15,338.45,52260
2026-04-01 11:20:00,11:20:00,338.25,340.7,335.55,340.0,108095
2026-04-01 11:21:00,11:21:00,313.0,316.95,311.3,316.5,315315
2026-04-01 11:22:00,11:22:00,316.25,317.8,314.45,317.0,299455
2026-04-01 11:23:00,11:23:00,345.5,345.5,342.65,343.2,59150
2026-04-01 11:24:00,11:24:00,315.15,319.2,314.45,317.4,221390
2026-04-01 11:25:00,11:25:00,318.35,319.8,317.4,318.15,214175
2026-04-01 11:26:00,11:26:00,317.9,321.1,317.15,319.8,243945
2026-04-01 11:27:00,11:27:00,319.5,324.8,317.0,324.65,232895
2026-04-01 11:28:00,11:28:00,324.15,326.0,320.85,320.85,447655
2026-04-01 11:29:00,11:29:00,320.0,321.7,316.5,320.8,225875
2026-04-01 11:30:00,11:30:00,320.8,325.95,320.0,325.3,200655
2026-04-01 11:31:00,11:31:00,325.0,333.45,323.55,331.3,560885
2026-04-01 11:32:00,11:32:00,330.35,331.8,324.6,327.0,353275
2026-04-01 11:33:00,11:33:00,326.1,327.0,322.7,325.95,231920
2026-04-01 11:34:00,11:34:00,326.35,327.95,323.25,325.8,174785
2026-04-01 11:35:00,11:35:00,325.95,326.85,323.6,325.85,151710
2026-04-01 11:36:00,11:36:00,325.75,326.4,322.75,322.75,153530
2026-04-01 11:37:00,11:37:00,322.05,327.65,320.7,327.4,165100
2026-04-01 11:38:00,11:38:00,327.9,328.25,325.0,326.0,192140
2026-04-01 11:39:00,11:39:00,325.55,332.6,325.55,330.1,435435
2026-04-01 11:40:00,11:40:00,330.85,332.0,328.0,332.0,239005
2026-04-01 11:41:00,11:41:00,331.3,332.7,328.2,332.7,233675
2026-04-01 11:42:00,11:42:00,332.7,336.2,325.3,329.7,507975
2026-04-01 11:43:00,11:43:00,328.75,330.8,326.45,326.45,143845
2026-04-01 11:44:00,11:44:00,326.45,329.1,323.55,324.25,199550
2026-04-01 11:45:00,11:45:00,324.0,325.0,319.15,323.35,344110
2026-04-01 11:46:00,11:46:00,322.85,324.05,318.9,319.0,164515
2026-04-01 11:47:00,11:47:00,347.3,347.5,336.8,337.55,130585
2026-04-01 11:48:00,11:48:00,336.8,337.55,325.35,328.6,221195
2026-04-01 11:49:00,11:49:00,327.8,331.0,326.7,328.8,111020
2026-04-01 11:50:00,11:50:00,329.45,332.9,326.6,328.2,154180
2026-04-01 11:51:00,11:51:00,327.55,334.1,327.05,333.05,138125
2026-04-01 11:52:00,11:52:00,333.9,335.85,331.25,334.05,152165
2026-04-01 11:53:00,11:53:00,333.6,336.6,325.95,326.65,199745
2026-04-01 11:54:00,11:54:00,325.85,327.65,323.5,323.65,158990
2026-04-01 11:55:00,11:55:00,324.1,326.4,321.25,325.25,118950
2026-04-01 11:56:00,11:56:00,325.45,328.5,323.25,327.75,82550
2026-04-01 11:57:00,11:57:00,327.2,333.0,325.5,333.0,160420
2026-04-01 11:58:00,11:58:00,333.0,339.0,333.0,337.65,219245
2026-04-01 11:59:00,11:59:00,309.85,312.0,308.1,310.6,234260
2026-04-01 12:00:00,12:00:00,310.5,324.75,309.1,323.7,659685
2026-04-01 12:01:00,12:01:00,323.05,327.65,320.6,326.6,518440
2026-04-01 12:02:00,12:02:00,326.5,330.55,324.75,329.7,451425
2026-04-01 12:03:00,12:03:00,303.2,319.45,302.2,319.35,434655
2026-04-01 12:04:00,12:04:00,317.75,320.0,311.8,318.15,368290
2026-04-01 12:05:00,12:05:00,318.25,321.0,314.35,315.75,287690
2026-04-01 12:06:00,12:06:00,317.2,321.75,315.8,321.05,218075
2026-04-01 12:07:00,12:07:00,319.55,321.35,315.95,319.0,206180
2026-04-01 12:08:00,12:08:00,318.6,321.5,311.95,312.8,192010
2026-04-01 12:09:00,12:09:00,312.5,320.4,312.5,319.15,132925
2026-04-01 12:10:00,12:10:00,318.5,319.75,309.2,315.05,201955
2026-04-01 12:11:00,12:11:00,314.4,323.95,314.4,323.9,331370
2026-04-01 12:12:00,12:12:00,323.9,331.0,323.9,326.25,574210
2026-04-01 12:13:00,12:13:00,325.8,327.15,319.8,327.0,222105
2026-04-01 12:14:00,12:14:00,326.75,331.9,325.25,330.0,195780
2026-04-01 12:15:00,12:15:00,329.35,331.95,320.65,325.0,218790
2026-04-01 12:16:00,12:16:00,323.9,330.0,319.05,327.95,166205
2026-04-01 12:17:00,12:17:00,327.75,331.65,321.9,325.5,172510
2026-04-01 12:18:00,12:18:00,325.6,328.0,320.55,321.45,160420
2026-04-01 12:19:00,12:19:00,321.65,321.95,315.85,316.25,154765
2026-04-01 12:20:00,12:20:00,315.7,317.15,310.95,314.95,195975
2026-04-01 12:21:00,12:21:00,315.4,317.65,310.05,313.2,139880
2026-04-01 12:22:00,12:22:00,312.6,319.8,312.1,316.1,141440
2026-04-01 12:23:00,12:23:00,315.35,316.1,311.7,315.8,83135
2026-04-01 12:24:00,12:24:00,317.2,317.2,312.15,312.95,76440
2026-04-01 12:25:00,12:25:00,313.05,315.35,310.8,314.15,88400
2026-04-01 12:26:00,12:26:00,314.0,315.85,311.3,312.55,62140
2026-04-01 12:27:00,12:27:00,340.75,341.9,336.0,336.7,226590
2026-04-01 12:28:00,12:28:00,336.8,338.6,333.5,337.9,156780
2026-04-01 12:29:00,12:29:00,309.0,317.35,308.6,315.45,161915
2026-04-01 12:30:00,12:30:00,314.9,323.85,314.9,316.8,291590
2026-04-01 12:31:00,12:31:00,318.4,320.85,316.8,319.5,106340
2026-04-01 12:32:00,12:32:00,318.6,319.5,309.7,311.6,165620
2026-04-01 12:33:00,12:33:00,311.55,315.9,310.25,314.8,74165
2026-04-01 12:34:00,12:34:00,314.15,316.5,313.95,315.1,54080
2026-04-01 12:35:00,12:35:00,343.8,344.75,334.55,336.45,178685
2026-04-01 12:36:00,12:36:00,335.1,340.0,335.1,339.85,112710
2026-04-01 12:37:00,12:37:00,311.65,316.0,310.2,315.0,104780
2026-04-01 12:38:00,12:38:00,315.25,317.75,313.4,316.1,84890
2026-04-01 12:39:00,12:39:00,316.45,321.1,313.75,321.1,165880
2026-04-01 12:40:00,12:40:00,321.0,327.0,321.0,322.5,299065
2026-04-01 12:41:00,12:41:00,322.0,322.5,314.55,318.5,159185
2026-04-01 12:42:00,12:42:00,318.9,320.7,317.65,320.15,81510
2026-04-01 12:43:00,12:43:00,319.25,321.3,316.75,317.6,65260
2026-04-01 12:44:00,12:44:00,317.55,319.0,315.8,317.05,58175
2026-04-01 12:45:00,12:45:00,317.35,326.25,316.05,325.45,182780
2026-04-01 12:46:00,12:46:00,325.35,327.9,323.7,326.95,180375
2026-04-01 12:47:00,12:47:00,326.9,331.75,326.4,331.35,213330
2026-04-01 12:48:00,12:48:00,303.0,308.8,301.95,308.2,415675
2026-04-01 12:49:00,12:49:00,336.0,337.5,331.35,331.4,233675
2026-04-01 12:50:00,12:50:00,332.1,334.45,328.65,334.4,166465
2026-04-01 12:51:00,12:51:00,332.95,334.65,329.15,330.15,130065
2026-04-01 12:52:00,12:52:00,328.95,333.45,324.25,332.7,155415
2026-04-01 12:53:00,12:53:00,332.05,334.65,332.05,333.25,114010
2026-04-01 12:54:00,12:54:00,334.35,335.55,332.35,333.65,129610
2026-04-01 12:55:00,12:55:00,333.55,334.8,330.5,333.55,82745
2026-04-01 12:56:00,12:56:00,333.35,333.55,323.5,323.95,155870
2026-04-01 12:57:00,12:57:00,324.8,333.25,323.95,332.75,110110
2026-04-01 12:58:00,12:58:00,332.7,332.75,329.4,330.3,47710
2026-04-01 12:59:00,12:59:00,329.75,333.5,326.0,327.6,76635
2026-04-01 13:00:00,13:00:00,327.75,333.1,327.35,331.0,86320
2026-04-01 13:01:00,13:01:00,331.1,332.8,329.65,332.05,82615
2026-04-01 13:02:00,13:02:00,331.8,334.3,330.45,331.05,83265
2026-04-01 13:03:00,13:03:00,329.4,331.05,323.25,328.4,160745
2026-04-01 13:04:00,13:04:00,329.35,329.9,327.0,328.9,44330
2026-04-01 13:05:00,13:05:00,330.0,331.6,328.65,329.8,66625
2026-04-01 13:06:00,13:06:00,329.85,330.6,325.55,329.7,61230
2026-04-01 13:07:00,13:07:00,330.55,333.85,329.7,331.35,126945
2026-04-01 13:08:00,13:08:00,303.4,307.45,302.85,306.3,262795
2026-04-01 13:09:00,13:09:00,333.9,333.9,327.05,329.0,81445
2026-04-01 13:10:00,13:10:00,328.9,330.3,326.2,328.6,65455
2026-04-01 13:11:00,13:11:00,326.0,328.6,316.3,316.9,235885
2026-04-01 13:12:00,13:12:00,316.9,322.0,314.8,318.95,195000
2026-04-01 13:13:00,13:13:00,319.2,327.6,318.25,325.7,162825
2026-04-01 13:14:00,13:14:00,298.2,306.0,298.0,305.3,535730
2026-04-01 13:15:00,13:15:00,306.0,315.55,305.3,309.15,980980
2026-04-01 13:16:00,13:16:00,336.9,338.65,331.85,333.65,180245
2026-04-01 13:17:00,13:17:00,305.25,306.15,300.65,305.75,336180
2026-04-01 13:18:00,13:18:00,332.85,334.15,320.25,321.55,196820
2026-04-01 13:19:00,13:19:00,322.15,322.15,311.45,312.6,266045
2026-04-01 13:20:00,13:20:00,312.3,312.6,305.0,305.05,201175
2026-04-01 13:21:00,13:21:00,305.2,305.35,295.45,299.95,262405
2026-04-01 13:22:00,13:22:00,329.1,331.95,324.0,324.05,257660
2026-04-01 13:23:00,13:23:00,324.2,324.2,316.25,321.1,341640
2026-04-01 13:24:00,13:24:00,320.95,321.95,318.45,319.0,140270
2026-04-01 13:25:00,13:25:00,319.2,321.05,313.15,314.25,272870
2026-04-01 13:26:00,13:26:00,314.25,316.3,312.6,313.25,189085
2026-04-01 13:27:00,13:27:00,313.05,315.0,308.55,313.85,262340
2026-04-01 13:28:00,13:28:00,313.05,317.65,313.05,314.25,277875
2026-04-01 13:29:00,13:29:00,313.0,317.05,308.0,316.15,302445
2026-04-01 13:30:00,13:30:00,315.35,316.15,305.2,306.75,361790
2026-04-01 13:31:00,13:31:00,334.25,334.8,323.0,324.9,101205
2026-04-01 13:32:00,13:32:00,325.05,327.7,318.35,324.8,129545
2026-04-01 13:33:00,13:33:00,325.4,328.65,323.3,326.7,94120
2026-04-01 13:34:00,13:34:00,299.25,304.95,298.5,299.5,368680
2026-04-01 13:35:00,13:35:00,327.25,327.8,318.8,318.95,90675
2026-04-01 13:36:00,13:36:00,319.4,321.9,315.0,317.5,87750
2026-04-01 13:37:00,13:37:00,318.1,319.2,313.15,316.15,114335
2026-04-01 13:38:00,13:38:00,316.85,322.75,316.15,319.55,144560
2026-04-01 13:39:00,13:39:00,320.75,325.3,317.0,321.95,131885
2026-04-01 13:40:00,13:40:00,348.95,351.35,325.2,326.6,227240
2026-04-01 13:41:00,13:41:00,354.0,356.4,330.15,330.15,127855
2026-04-01 13:42:00,13:42:00,302.95,310.2,301.75,308.0,262080
2026-04-01 13:43:00,13:43:00,339.4,341.4,325.2,326.4,223730
2026-04-01 13:44:00,13:44:00,300.45,311.4,300.0,308.55,344240
2026-04-01 13:45:00,13:45:00,308.1,314.35,303.35,314.35,602160
2026-04-01 13:46:00,13:46:00,314.15,318.85,313.0,315.8,434720
2026-04-01 13:47:00,13:47:00,316.2,322.75,315.5,322.05,311025
2026-04-01 13:48:00,13:48:00,320.6,327.4,320.2,327.4,290745
2026-04-01 13:49:00,13:49:00,327.2,329.1,320.55,321.0,400400
2026-04-01 13:50:00,13:50:00,320.1,324.6,318.0,323.9,191295
2026-04-01 13:51:00,13:51:00,322.95,323.9,317.1,321.6,186030
2026-04-01 13:52:00,13:52:00,321.95,323.95,320.35,321.05,175240
2026-04-01 13:53:00,13:53:00,320.85,324.75,318.4,319.25,159835
2026-04-01 13:54:00,13:54:00,319.9,320.75,317.8,319.15,119275
2026-04-01 13:55:00,13:55:00,319.15,323.1,316.35,323.1,147745
2026-04-01 13:56:00,13:56:00,324.0,325.95,321.2,324.65,245050
2026-04-01 13:57:00,13:57:00,324.15,333.4,322.2,325.1,418535
2026-04-01 13:58:00,13:58:00,324.35,327.15,322.35,324.0,143520
2026-04-01 13:59:00,13:59:00,324.15,324.55,317.25,323.8,191490
2026-04-01 14:00:00,14:00:00,323.5,324.35,318.85,318.85,138125
2026-04-01 14:01:00,14:01:00,319.35,320.55,316.75,320.4,125905
2026-04-01 14:02:00,14:02:00,321.35,327.75,320.4,326.55,306540
2026-04-01 14:03:00,14:03:00,327.45,335.0,326.55,332.55,424125
2026-04-01 14:04:00,14:04:00,332.95,334.2,328.75,329.15,167050
2026-04-01 14:05:00,14:05:00,330.25,332.15,327.5,327.5,152620
2026-04-01 14:06:00,14:06:00,299.2,305.05,297.85,303.9,153855
2026-04-01 14:07:00,14:07:00,331.45,333.2,325.0,325.55,167375
2026-04-01 14:08:00,14:08:00,327.3,333.5,325.55,333.5,128375
2026-04-01 14:09:00,14:09:00,305.3,310.5,304.65,310.05,206375
2026-04-01 14:10:00,14:10:00,309.9,310.05,302.25,303.75,187005
2026-04-01 14:11:00,14:11:00,303.6,310.0,303.55,308.7,155480
2026-04-01 14:12:00,14:12:00,308.6,310.0,302.75,309.85,145405
2026-04-01 14:13:00,14:13:00,309.3,310.2,305.15,307.6,235950
2026-04-01 14:14:00,14:14:00,307.65,317.9,307.55,315.6,294450
2026-04-01 14:15:00,14:15:00,316.15,317.35,311.1,313.0,206050
2026-04-01 14:16:00,14:16:00,313.45,313.45,303.0,303.0,203125
2026-04-01 14:17:00,14:17:00,303.4,309.0,303.0,309.0,93405
2026-04-01 14:18:00,14:18:00,308.9,311.55,306.3,309.3,101270
2026-04-01 14:19:00,14:19:00,309.6,317.0,309.3,315.35,175435
2026-04-01 14:20:00,14:20:00,313.9,316.55,311.3,313.85,119535
2026-04-01 14:21:00,14:21:00,340.6,342.0,333.05,334.45,141830
2026-04-01 14:22:00,14:22:00,306.55,311.0,302.0,308.9,174590
2026-04-01 14:23:00,14:23:00,307.25,312.0,306.15,311.3,97110
2026-04-01 14:24:00,14:24:00,339.95,340.0,322.15,331.65,243945
2026-04-01 14:25:00,14:25:00,303.75,307.55,298.85,307.0,113620
2026-04-01 14:26:00,14:26:00,306.95,309.0,303.9,305.0,93665
2026-04-01 14:27:00,14:27:00,305.4,306.9,302.9,302.9,70785
2026-04-01 14:28:00,14:28:00,302.85,305.05,300.8,302.75,107705
2026-04-01 14:29:00,14:29:00,302.3,306.05,302.3,306.0,59085
2026-04-01 14:30:00,14:30:00,334.05,335.55,327.8,329.8,102440
2026-04-01 14:31:00,14:31:00,302.3,310.15,300.55,308.9,88660
2026-04-01 14:32:00,14:32:00,334.4,337.1,331.6,333.4,55055
2026-04-01 14:33:00,14:33:00,333.0,333.4,323.55,324.35,137215
2026-04-01 14:34:00,14:34:00,325.5,330.6,324.35,327.15,99190
2026-04-01 14:35:00,14:35:00,327.8,328.65,324.05,326.2,93210
2026-04-01 14:36:00,14:36:00,326.7,327.7,316.5,318.3,215150
2026-04-01 14:37:00,14:37:00,346.25,347.05,339.3,339.3,56940
2026-04-01 14:38:00,14:38:00,339.55,339.55,331.05,335.7,58955
2026-04-01 14:39:00,14:39:00,336.75,338.0,333.6,334.0,56875
2026-04-01 14:40:00,14:40:00,334.1,334.25,325.1,325.25,124020
2026-04-01 14:41:00,14:41:00,324.7,334.95,323.4,334.7,162500
2026-04-01 14:42:00,14:42:00,334.6,337.9,331.2,335.25,150605
2026-04-01 14:43:00,14:43:00,308.75,313.95,305.15,313.95,166855
2026-04-01 14:44:00,14:44:00,341.25,341.45,334.2,335.25,108355
2026-04-01 14:45:00,14:45:00,334.35,337.25,332.55,334.3,59865
2026-04-01 14:46:00,14:46:00,332.5,334.3,327.7,330.15,87750
2026-04-01 14:47:00,14:47:00,330.95,332.15,325.0,326.65,79950
2026-04-01 14:48:00,14:48:00,355.75,356.3,340.45,342.9,195455
2026-04-01 14:49:00,14:49:00,314.5,325.95,314.1,325.95,171275
2026-04-01 14:50:00,14:50:00,327.0,328.0,324.05,324.85,134550
2026-04-01 14:51:00,14:51:00,324.45,329.0,322.8,324.85,107315
2026-04-01 14:52:00,14:52:00,324.85,334.1,322.25,334.1,109980
2026-04-01 14:53:00,14:53:00,334.4,337.5,329.65,334.5,183755
2026-04-01 14:54:00,14:54:00,333.6,334.8,329.4,333.15,85605
2026-04-01 14:55:00,14:55:00,304.95,317.65,304.8,317.65,522990
2026-04-01 14:56:00,14:56:00,316.85,319.6,313.3,316.25,331175
2026-04-01 14:57:00,14:57:00,342.9,344.95,340.0,341.75,84565
2026-04-01 14:58:00,14:58:00,341.3,342.85,335.15,337.05,116415
2026-04-01 14:59:00,14:59:00,335.75,337.05,330.65,333.6,130910
2026-04-01 15:00:00,15:00:00,307.15,319.95,306.6,319.85,559325
2026-04-01 15:01:00,15:01:00,318.95,322.45,311.35,312.15,544765
2026-04-01 15:02:00,15:02:00,312.9,322.4,312.15,314.7,429780
2026-04-01 15:03:00,15:03:00,341.3,342.75,332.8,341.95,158535
2026-04-01 15:04:00,15:04:00,314.0,321.65,314.0,315.35,350090
2026-04-01 15:05:00,15:05:00,345.0,347.0,343.2,345.05,53950
2026-04-01 15:06:00,15:06:00,318.0,320.5,315.9,319.4,191035
2026-04-01 15:07:00,15:07:00,346.35,347.05,341.85,342.05,49400
2026-04-01 15:08:00,15:08:00,342.35,343.5,338.35,341.5,82810
2026-04-01 15:09:00,15:09:00,314.75,320.0,313.85,318.65,202865
2026-04-01 15:10:00,15:10:00,320.0,324.8,317.65,321.1,374855
2026-04-01 15:11:00,15:11:00,319.7,323.25,316.05,318.4,201240
2026-04-01 15:12:00,15:12:00,318.85,320.7,316.55,319.25,169845
2026-04-01 15:13:00,15:13:00,319.25,320.55,317.85,318.75,112905
2026-04-01 15:14:00,15:14:00,346.9,347.6,341.55,343.15,57135
2026-04-01 15:15:00,15:15:00,318.0,319.95,314.65,314.65,262405
2026-04-01 15:16:00,15:16:00,343.1,345.0,337.15,343.6,95160
2026-04-01 15:17:00,15:17:00,315.45,318.55,314.15,318.2,170105
2026-04-01 15:18:00,15:18:00,318.9,322.0,318.2,321.7,232440
2026-04-01 15:19:00,15:19:00,322.25,322.95,316.55,317.1,193115
2026-04-01 15:20:00,15:20:00,317.85,318.0,315.0,317.6,154115
2026-04-01 15:21:00,15:21:00,318.0,319.35,316.9,318.4,140595
2026-04-01 15:22:00,15:22:00,318.65,318.65,315.15,316.6,136695
2026-04-01 15:23:00,15:23:00,317.0,318.7,314.55,317.15,132990
2026-04-01 15:24:00,15:24:00,317.7,319.0,316.75,318.0,118625
2026-04-01 15:25:00,15:25:00,319.0,321.25,318.0,319.0,189800
2026-04-01 15:26:00,15:26:00,318.85,322.35,318.05,321.4,207350
2026-04-01 15:27:00,15:27:00,321.85,324.9,320.7,324.9,266305
2026-04-01 15:28:00,15:28:00,325.0,326.0,323.55,325.4,198120
2026-04-01 15:29:00,15:29:00,326.45,335.0,324.75,335.0,288665
