datetime,time,open,high,low,close,volume
2026-04-15 09:15:00,09:15:00,108.0,182.45,108.0,147.7,1086735
2026-04-15 09:16:00,09:16:00,146.6,149.65,142.3,146.4,933205
2026-04-15 09:17:00,09:17:00,146.6,148.35,143.05,144.05,635895
2026-04-15 09:18:00,09:18:00,144.25,150.2,142.55,146.85,502060
2026-04-15 09:19:00,09:19:00,146.4,147.5,144.0,146.5,344045
2026-04-15 09:20:00,09:20:00,146.15,147.75,144.7,145.9,406705
2026-04-15 09:21:00,09:21:00,145.85,147.2,142.0,144.2,378885
2026-04-15 09:22:00,09:22:00,143.9,146.6,141.5,143.95,304980
2026-04-15 09:23:00,09:23:00,144.3,145.95,143.3,145.1,200460
2026-04-15 09:24:00,09:24:00,144.95,145.1,141.45,141.8,194025
2026-04-15 09:25:00,09:25:00,142.25,143.45,140.2,143.35,292955
2026-04-15 09:26:00,09:26:00,142.9,143.35,141.0,141.0,165880
2026-04-15 09:27:00,09:27:00,141.75,142.35,136.2,136.8,415220
2026-04-15 09:28:00,09:28:00,136.45,139.3,136.45,138.65,222430
2026-04-15 09:29:00,09:29:00,138.55,139.65,137.4,139.45,153725
2026-04-15 09:30:00,09:30:00,139.85,139.85,135.5,137.6,222300
2026-04-15 09:31:00,09:31:00,137.4,138.0,135.5,137.7,157560
2026-04-15 09:32:00,09:32:00,137.25,138.7,136.0,138.5,167765
2026-04-15 09:33:00,09:33:00,139.0,139.3,136.0,136.1,174460
2026-04-15 09:34:00,09:34:00,136.9,137.2,133.05,135.55,244400
2026-04-15 09:35:00,09:35:00,135.75,137.35,135.3,136.85,121355
2026-04-15 09:36:00,09:36:00,136.9,139.8,136.85,138.8,181415
2026-04-15 09:37:00,09:37:00,138.8,139.45,137.75,138.05,108875
2026-04-15 09:38:00,09:38:00,137.3,138.15,131.8,131.8,219895
2026-04-15 09:39:00,09:39:00,131.65,135.0,131.65,134.1,198120
2026-04-15 09:40:00,09:40:00,133.95,138.5,133.15,138.5,237835
2026-04-15 09:41:00,09:41:00,138.3,139.9,137.4,139.0,233740
2026-04-15 09:42:00,09:42:00,139.25,142.4,139.0,142.4,337935
2026-04-15 09:43:00,09:43:00,142.0,146.4,142.0,146.4,371735
2026-04-15 09:44:00,09:44:00,147.0,147.45,144.2,144.3,348335
2026-04-15 09:45:00,09:45:00,145.15,148.8,144.3,148.8,331695
2026-04-15 09:46:00,09:46:00,149.1,149.8,147.4,149.3,307450
2026-04-15 09:47:00,09:47:00,148.9,149.6,145.9,146.95,213525
2026-04-15 09:48:00,09:48:00,147.0,147.0,139.7,142.0,385385
2026-04-15 09:49:00,09:49:00,141.85,142.45,138.55,138.8,185055
2026-04-15 09:50:00,09:50:00,138.7,140.0,135.1,136.3,273780
2026-04-15 09:51:00,09:51:00,137.4,141.6,136.3,140.5,180440
2026-04-15 09:52:00,09:52:00,140.65,145.4,140.35,144.8,255255
2026-04-15 09:53:00,09:53:00,145.0,145.4,143.35,145.15,114075
2026-04-15 09:54:00,09:54:00,145.8,146.5,143.0,143.0,159900
2026-04-15 09:55:00,09:55:00,143.85,148.05,143.0,147.3,228800
2026-04-15 09:56:00,09:56:00,147.6,147.6,145.5,146.85,113750
2026-04-15 09:57:00,09:57:00,146.6,149.0,145.3,147.45,165425
2026-04-15 09:58:00,09:58:00,147.75,147.9,142.35,144.25,177515
2026-04-15 09:59:00,09:59:00,144.6,146.6,143.2,146.2,94120
2026-04-15 10:00:00,10:00:00,146.75,148.55,146.05,147.5,148460
2026-04-15 10:01:00,10:01:00,146.75,149.55,145.55,145.55,244530
2026-04-15 10:02:00,10:02:00,145.6,146.95,143.45,145.7,128440
2026-04-15 10:03:00,10:03:00,145.35,148.0,145.0,147.2,87230
2026-04-15 10:04:00,10:04:00,147.85,149.2,147.0,149.2,140270
2026-04-15 10:05:00,10:05:00,149.8,152.2,149.2,150.6,400530
2026-04-15 10:06:00,10:06:00,150.6,153.0,150.25,152.25,284960
2026-04-15 10:07:00,10:07:00,152.6,155.55,152.15,153.65,347295
2026-04-15 10:08:00,10:08:00,153.4,154.0,149.3,151.4,241540
2026-04-15 10:09:00,10:09:00,150.9,153.0,150.0,151.45,129350
2026-04-15 10:10:00,10:10:00,151.3,154.85,151.0,153.9,199680
2026-04-15 10:11:00,10:11:00,154.1,154.6,151.5,153.0,217945
2026-04-15 10:12:00,10:12:00,153.9,155.5,152.75,153.35,227045
2026-04-15 10:13:00,10:13:00,152.9,153.65,151.15,152.4,134225
2026-04-15 10:14:00,10:14:00,152.35,152.65,151.1,152.5,86320
2026-04-15 10:15:00,10:15:00,152.5,155.4,152.5,153.65,168285
2026-04-15 10:16:00,10:16:00,153.35,155.0,152.7,154.35,122265
2026-04-15 10:17:00,10:17:00,154.1,155.3,153.8,154.1,145990
2026-04-15 10:18:00,10:18:00,154.5,157.05,153.55,156.8,188890
2026-04-15 10:19:00,10:19:00,157.0,160.65,156.8,160.1,370500
2026-04-15 10:20:00,10:20:00,160.25,162.45,159.25,161.7,248755
2026-04-15 10:21:00,10:21:00,161.8,161.85,157.15,157.15,217750
2026-04-15 10:22:00,10:22:00,157.05,159.6,154.75,159.6,228020
2026-04-15 10:23:00,10:23:00,159.7,164.1,158.85,163.9,280800
2026-04-15 10:24:00,10:24:00,162.9,164.0,160.1,160.65,226330
2026-04-15 10:25:00,10:25:00,160.75,161.2,157.3,160.25,150605
2026-04-15 10:26:00,10:26:00,160.1,161.5,158.6,159.6,111280
2026-04-15 10:27:00,10:27:00,159.1,162.5,159.1,162.0,112645
2026-04-15 10:28:00,10:28:00,161.35,162.05,159.4,159.4,88465
2026-04-15 10:29:00,10:29:00,159.55,160.65,158.0,160.25,113295
2026-04-15 10:30:00,10:30:00,159.8,166.5,159.8,165.5,408720
2026-04-15 10:31:00,10:31:00,165.0,165.5,160.55,161.15,137475
2026-04-15 10:32:00,10:32:00,161.0,162.9,159.65,161.6,166205
2026-04-15 10:33:00,10:33:00,161.3,161.8,159.35,160.55,90675
2026-04-15 10:34:00,10:34:00,160.7,162.35,156.7,158.95,171080
2026-04-15 10:35:00,10:35:00,159.1,160.1,157.0,157.5,104065
2026-04-15 10:36:00,10:36:00,157.75,159.35,153.25,153.7,185055
2026-04-15 10:37:00,10:37:00,153.4,157.65,153.35,157.45,140010
2026-04-15 10:38:00,10:38:00,156.55,158.4,156.1,156.1,95550
2026-04-15 10:39:00,10:39:00,156.25,156.5,152.65,153.75,135590
2026-04-15 10:40:00,10:40:00,153.75,157.0,153.75,156.6,87490
2026-04-15 10:41:00,10:41:00,156.75,157.5,154.1,155.0,73775
2026-04-15 10:42:00,10:42:00,154.8,156.7,154.8,156.3,47970
2026-04-15 10:43:00,10:43:00,156.3,156.75,154.15,155.0,43225
2026-04-15 10:44:00,10:44:00,154.5,155.0,151.2,153.8,148330
2026-04-15 10:45:00,10:45:00,153.15,156.3,153.0,154.0,101595
2026-04-15 10:46:00,10:46:00,153.65,155.6,153.5,154.25,57265
2026-04-15 10:47:00,10:47:00,154.0,155.0,152.3,154.3,63765
2026-04-15 10:48:00,10:48:00,154.0,156.7,153.1,154.5,100490
2026-04-15 10:49:00,10:49:00,154.8,156.15,154.0,154.0,52910
2026-04-15 10:50:00,10:50:00,153.8,154.35,147.6,148.75,330395
2026-04-15 10:51:00,10:51:00,148.25,149.9,146.0,147.65,208065
2026-04-15 10:52:00,10:52:00,147.6,147.9,144.6,145.05,163540
2026-04-15 10:53:00,10:53:00,144.9,145.05,140.3,141.0,277550
2026-04-15 10:54:00,10:54:00,141.0,147.1,141.0,145.7,256425
2026-04-15 10:55:00,10:55:00,145.7,148.7,145.6,147.4,138710
2026-04-15 10:56:00,10:56:00,147.0,147.55,145.5,146.6,61555
2026-04-15 10:57:00,10:57:00,146.85,148.85,146.25,148.8,71500
2026-04-15 10:58:00,10:58:00,148.75,149.45,145.85,146.05,120250
2026-04-15 10:59:00,10:59:00,146.65,147.15,144.85,144.85,79300
2026-04-15 11:00:00,11:00:00,144.65,144.85,141.1,142.55,169780
2026-04-15 11:01:00,11:01:00,141.8,144.75,141.55,143.35,111345
2026-04-15 11:02:00,11:02:00,143.35,145.4,143.35,144.25,98215
2026-04-15 11:03:00,11:03:00,144.1,144.25,142.0,143.45,71630
2026-04-15 11:04:00,11:04:00,143.3,144.85,142.7,143.85,61360
2026-04-15 11:05:00,11:05:00,143.75,144.3,141.7,142.1,66170
2026-04-15 11:06:00,11:06:00,141.8,142.1,139.8,140.75,172770
2026-04-15 11:07:00,11:07:00,140.75,140.8,137.25,138.25,247130
2026-04-15 11:08:00,11:08:00,139.2,140.35,138.5,140.0,103545
2026-04-15 11:09:00,11:09:00,139.9,140.1,137.45,138.55,116870
2026-04-15 11:10:00,11:10:00,138.0,138.75,134.3,134.8,247975
2026-04-15 11:11:00,11:11:00,134.65,137.0,134.1,136.65,172120
2026-04-15 11:12:00,11:12:00,136.6,138.0,135.0,135.65,114595
2026-04-15 11:13:00,11:13:00,136.05,137.3,135.15,136.7,91520
2026-04-15 11:14:00,11:14:00,136.85,138.0,136.15,136.35,79430
2026-04-15 11:15:00,11:15:00,136.05,137.65,133.4,137.65,170105
2026-04-15 11:16:00,11:16:00,138.45,138.6,136.8,137.5,137995
2026-04-15 11:17:00,11:17:00,137.9,139.85,137.5,138.85,173940
2026-04-15 11:18:00,11:18:00,138.85,141.25,138.6,138.6,238940
2026-04-15 11:19:00,11:19:00,138.35,138.95,135.2,136.7,156130
2026-04-15 11:20:00,11:20:00,137.0,140.0,136.55,139.45,91585
2026-04-15 11:21:00,11:21:00,139.9,140.5,139.05,140.5,72280
2026-04-15 11:22:00,11:22:00,140.5,142.15,140.1,140.65,136110
2026-04-15 11:23:00,11:23:00,140.55,141.7,139.5,139.5,80665
2026-04-15 11:24:00,11:24:00,139.2,141.45,138.95,141.45,64935
2026-04-15 11:25:00,11:25:00,140.95,141.45,138.95,139.7,78455
2026-04-15 11:26:00,11:26:00,139.5,140.4,136.8,136.8,129090
2026-04-15 11:27:00,11:27:00,137.0,140.5,136.8,140.45,84890
2026-04-15 11:28:00,11:28:00,140.45,140.8,138.0,139.35,86840
2026-04-15 11:29:00,11:29:00,139.1,140.5,138.5,139.2,36465
2026-04-15 11:30:00,11:30:00,139.2,141.0,138.65,139.4,76635
2026-04-15 11:31:00,11:31:00,139.85,140.0,138.75,140.0,30810
2026-04-15 11:32:00,11:32:00,139.55,140.0,138.05,138.85,26065
2026-04-15 11:33:00,11:33:00,139.0,139.25,137.6,137.6,33215
2026-04-15 11:34:00,11:34:00,137.8,139.25,137.6,138.1,36790
2026-04-15 11:35:00,11:35:00,138.45,140.95,138.0,140.5,71825
2026-04-15 11:36:00,11:36:00,140.7,141.35,139.5,140.7,75140
2026-04-15 11:37:00,11:37:00,141.0,141.85,140.7,141.15,88725
2026-04-15 11:38:00,11:38:00,140.9,141.6,140.8,141.1,43420
2026-04-15 11:39:00,11:39:00,140.7,141.5,140.1,141.2,35750
2026-04-15 11:40:00,11:40:00,141.5,142.0,139.4,140.95,126360
2026-04-15 11:41:00,11:41:00,141.2,143.7,140.95,143.1,163930
2026-04-15 11:42:00,11:42:00,143.1,143.85,142.1,143.5,121225
2026-04-15 11:43:00,11:43:00,144.35,145.2,143.5,145.0,188955
2026-04-15 11:44:00,11:44:00,144.75,145.8,143.3,145.7,139165
2026-04-15 11:45:00,11:45:00,145.8,146.5,143.0,144.2,206180
2026-04-15 11:46:00,11:46:00,144.3,144.95,143.4,143.8,64870
2026-04-15 11:47:00,11:47:00,144.3,145.45,142.75,145.45,101660
2026-04-15 11:48:00,11:48:00,145.25,148.75,145.2,148.75,202215
2026-04-15 11:49:00,11:49:00,148.9,150.0,148.3,149.6,223990
2026-04-15 11:50:00,11:50:00,149.5,149.6,147.8,148.45,144625
2026-04-15 11:51:00,11:51:00,148.45,150.65,148.15,149.25,170170
2026-04-15 11:52:00,11:52:00,149.1,149.55,147.6,148.1,84305
2026-04-15 11:53:00,11:53:00,147.95,148.1,146.1,146.65,97630
2026-04-15 11:54:00,11:54:00,147.0,149.65,146.65,148.45,106600
2026-04-15 11:55:00,11:55:00,148.9,149.0,147.4,148.05,63310
2026-04-15 11:56:00,11:56:00,148.1,149.2,147.3,147.95,70200
2026-04-15 11:57:00,11:57:00,147.7,148.5,146.0,146.0,81380
2026-04-15 11:58:00,11:58:00,145.1,147.4,145.1,145.35,101335
2026-04-15 11:59:00,11:59:00,145.75,146.95,145.05,146.6,44395
2026-04-15 12:00:00,12:00:00,146.7,149.5,146.6,149.45,135915
2026-04-15 12:01:00,12:01:00,149.45,149.45,147.0,147.95,72670
2026-04-15 12:02:00,12:02:00,147.5,148.45,146.55,147.85,71565
2026-04-15 12:03:00,12:03:00,147.8,148.85,147.1,148.0,45825
2026-04-15 12:04:00,12:04:00,148.45,150.4,147.9,149.45,151840
2026-04-15 12:05:00,12:05:00,149.5,149.85,147.5,147.6,102310
2026-04-15 12:06:00,12:06:00,147.85,149.9,147.35,148.95,71760
2026-04-15 12:07:00,12:07:00,148.65,149.25,148.45,148.7,48425
2026-04-15 12:08:00,12:08:00,148.7,149.6,148.2,149.2,45240
2026-04-15 12:09:00,12:09:00,149.65,150.0,148.9,149.15,56030
2026-04-15 12:10:00,12:10:00,148.95,150.55,148.95,150.3,98800
2026-04-15 12:11:00,12:11:00,150.3,150.6,149.55,149.8,71110
2026-04-15 12:12:00,12:12:00,149.6,150.45,148.8,150.15,87100
2026-04-15 12:13:00,12:13:00,149.9,150.25,148.0,148.2,68770
2026-04-15 12:14:00,12:14:00,148.65,149.75,148.0,148.9,42315
2026-04-15 12:15:00,12:15:00,148.7,149.8,148.55,149.75,50960
2026-04-15 12:16:00,12:16:00,149.7,150.4,149.3,150.4,55900
2026-04-15 12:17:00,12:17:00,150.45,150.45,144.85,146.3,182975
2026-04-15 12:18:00,12:18:00,145.45,146.3,144.0,146.3,156910
2026-04-15 12:19:00,12:19:00,146.45,147.5,145.0,146.1,77155
2026-04-15 12:20:00,12:20:00,145.15,146.9,144.45,144.8,96720
2026-04-15 12:21:00,12:21:00,144.5,144.8,138.35,140.65,296010
2026-04-15 12:22:00,12:22:00,141.0,141.0,137.05,139.95,164060
2026-04-15 12:23:00,12:23:00,140.1,142.3,139.95,142.15,129935
2026-04-15 12:24:00,12:24:00,141.8,145.45,141.7,143.4,161200
2026-04-15 12:25:00,12:25:00,143.4,145.0,142.85,144.0,115310
2026-04-15 12:26:00,12:26:00,143.6,144.9,142.55,144.45,73840
2026-04-15 12:27:00,12:27:00,144.75,147.6,144.3,145.8,184340
2026-04-15 12:28:00,12:28:00,145.45,145.8,142.5,143.85,102960
2026-04-15 12:29:00,12:29:00,144.05,144.05,141.15,141.7,65975
2026-04-15 12:30:00,12:30:00,141.6,142.8,139.85,140.45,103675
2026-04-15 12:31:00,12:31:00,140.95,142.5,138.75,139.9,124475
2026-04-15 12:32:00,12:32:00,140.2,141.8,138.75,139.7,67665
2026-04-15 12:33:00,12:33:00,139.85,141.0,139.3,139.3,54080
2026-04-15 12:34:00,12:34:00,139.3,142.0,139.0,141.95,74750
2026-04-15 12:35:00,12:35:00,141.75,143.65,140.8,143.65,83915
2026-04-15 12:36:00,12:36:00,143.85,145.5,143.3,145.15,173290
2026-04-15 12:37:00,12:37:00,144.65,145.7,144.25,145.45,134420
2026-04-15 12:38:00,12:38:00,144.8,147.55,144.65,147.55,135915
2026-04-15 12:39:00,12:39:00,147.2,147.8,144.7,146.0,134355
2026-04-15 12:40:00,12:40:00,145.8,146.25,144.3,145.95,79040
2026-04-15 12:41:00,12:41:00,145.6,147.0,144.75,144.9,84240
2026-04-15 12:42:00,12:42:00,145.05,145.9,143.0,143.0,87880
2026-04-15 12:43:00,12:43:00,142.6,145.35,142.2,145.35,87035
2026-04-15 12:44:00,12:44:00,145.35,145.65,143.1,144.2,74815
2026-04-15 12:45:00,12:45:00,144.4,145.95,143.2,145.9,73320
2026-04-15 12:46:00,12:46:00,146.0,146.0,142.2,143.4,95225
2026-04-15 12:47:00,12:47:00,143.15,143.5,139.05,139.65,181740
2026-04-15 12:48:00,12:48:00,139.65,139.65,137.4,137.4,178750
2026-04-15 12:49:00,12:49:00,137.75,139.4,137.4,139.1,127920
2026-04-15 12:50:00,12:50:00,139.5,140.0,138.9,139.8,114075
2026-04-15 12:51:00,12:51:00,139.6,144.0,139.6,143.0,180505
2026-04-15 12:52:00,12:52:00,143.15,143.15,138.55,138.8,119275
2026-04-15 12:53:00,12:53:00,139.0,139.0,134.7,135.8,272740
2026-04-15 12:54:00,12:54:00,135.95,137.0,135.15,136.9,125255
2026-04-15 12:55:00,12:55:00,137.25,137.85,136.1,136.95,54470
2026-04-15 12:56:00,12:56:00,136.95,138.8,136.45,138.5,57655
2026-04-15 12:57:00,12:57:00,138.9,139.0,137.5,137.9,61165
2026-04-15 12:58:00,12:58:00,137.25,137.9,135.6,136.15,85345
2026-04-15 12:59:00,12:59:00,136.15,136.75,134.8,135.0,96070
2026-04-15 13:00:00,13:00:00,134.7,135.1,132.85,132.85,143325
2026-04-15 13:01:00,13:01:00,132.9,137.2,132.85,137.2,97955
2026-04-15 13:02:00,13:02:00,137.2,138.15,136.25,138.15,90545
2026-04-15 13:03:00,13:03:00,138.1,138.65,137.0,137.9,88270
2026-04-15 13:04:00,13:04:00,137.6,137.9,136.0,136.4,47970
2026-04-15 13:05:00,13:05:00,136.4,137.35,135.75,135.95,31720
2026-04-15 13:06:00,13:06:00,135.75,137.1,135.5,136.5,32695
2026-04-15 13:07:00,13:07:00,136.45,137.4,134.8,135.2,76700
2026-04-15 13:08:00,13:08:00,134.85,136.75,134.1,136.75,57395
2026-04-15 13:09:00,13:09:00,137.0,138.45,136.75,138.2,76505
2026-04-15 13:10:00,13:10:00,138.4,139.0,138.2,139.0,76765
2026-04-15 13:11:00,13:11:00,139.0,139.5,138.0,139.35,121030
2026-04-15 13:12:00,13:12:00,139.5,142.6,138.85,141.15,238225
2026-04-15 13:13:00,13:13:00,141.05,142.1,139.45,141.35,167050
2026-04-15 13:14:00,13:14:00,141.2,142.25,140.5,141.55,62335
2026-04-15 13:15:00,13:15:00,141.25,141.65,138.4,139.8,97630
2026-04-15 13:16:00,13:16:00,139.3,141.65,138.45,140.95,82485
2026-04-15 13:17:00,13:17:00,141.1,141.65,139.9,141.5,85735
2026-04-15 13:18:00,13:18:00,141.3,142.15,140.55,141.85,86450
2026-04-15 13:19:00,13:19:00,141.5,143.85,141.0,143.35,190515
2026-04-15 13:20:00,13:20:00,143.4,145.0,143.35,144.5,176150
2026-04-15 13:21:00,13:21:00,144.35,144.65,141.6,141.65,185380
2026-04-15 13:22:00,13:22:00,141.6,141.9,137.65,140.6,219375
2026-04-15 13:23:00,13:23:00,139.8,140.9,136.0,136.0,176475
2026-04-15 13:24:00,13:24:00,136.0,136.3,126.6,130.05,652015
2026-04-15 13:25:00,13:25:00,129.6,132.25,129.1,131.25,269490
2026-04-15 13:26:00,13:26:00,131.55,131.95,129.05,131.7,171600
2026-04-15 13:27:00,13:27:00,131.5,133.35,131.15,132.0,162565
2026-04-15 13:28:00,13:28:00,132.0,132.95,130.05,130.85,102115
2026-04-15 13:29:00,13:29:00,130.6,131.85,130.3,130.9,87490
2026-04-15 13:30:00,13:30:00,131.0,131.1,128.9,130.3,133315
2026-04-15 13:31:00,13:31:00,130.1,132.9,130.1,132.4,135070
2026-04-15 13:32:00,13:32:00,132.55,137.15,132.4,136.85,285285
2026-04-15 13:33:00,13:33:00,137.1,139.15,136.5,138.5,304460
2026-04-15 13:34:00,13:34:00,138.75,139.45,135.1,135.1,170105
2026-04-15 13:35:00,13:35:00,134.6,139.75,134.25,139.75,161980
2026-04-15 13:36:00,13:36:00,139.5,139.75,138.0,138.2,140335
2026-04-15 13:37:00,13:37:00,138.25,138.45,136.05,136.6,106275
2026-04-15 13:38:00,13:38:00,136.1,136.6,134.55,134.8,91390
2026-04-15 13:39:00,13:39:00,134.2,134.8,127.7,130.0,311675
2026-04-15 13:40:00,13:40:00,129.7,132.3,129.15,132.3,114465
2026-04-15 13:41:00,13:41:00,131.8,133.85,131.7,133.55,118690
2026-04-15 13:42:00,13:42:00,133.5,135.6,133.5,134.9,123305
2026-04-15 13:43:00,13:43:00,134.9,135.75,133.9,135.4,91975
2026-04-15 13:44:00,13:44:00,135.4,136.4,134.85,135.7,80275
2026-04-15 13:45:00,13:45:00,135.85,137.8,135.0,137.2,108095
2026-04-15 13:46:00,13:46:00,137.25,137.5,135.35,135.55,82420
2026-04-15 13:47:00,13:47:00,135.7,136.35,134.6,134.85,90480
2026-04-15 13:48:00,13:48:00,135.55,136.1,133.75,135.15,93860
2026-04-15 13:49:00,13:49:00,134.2,136.0,133.0,136.0,100880
2026-04-15 13:50:00,13:50:00,136.0,136.5,135.05,136.3,91455
2026-04-15 13:51:00,13:51:00,136.4,137.0,135.5,135.75,43030
2026-04-15 13:52:00,13:52:00,136.1,136.2,133.2,134.45,65650
2026-04-15 13:53:00,13:53:00,134.4,134.95,133.0,134.7,74620
2026-04-15 13:54:00,13:54:00,134.8,135.9,133.6,133.9,74880
2026-04-15 13:55:00,13:55:00,134.4,136.5,133.9,136.4,76765
2026-04-15 13:56:00,13:56:00,136.75,139.0,136.3,138.7,114790
2026-04-15 13:57:00,13:57:00,138.75,139.2,137.75,138.0,83005
2026-04-15 13:58:00,13:58:00,138.05,139.8,137.45,138.5,93925
2026-04-15 13:59:00,13:59:00,138.45,140.7,137.9,140.35,124345
2026-04-15 14:00:00,14:00:00,140.2,141.55,139.65,140.75,146055
2026-04-15 14:01:00,14:01:00,140.2,141.3,139.8,140.55,95160
2026-04-15 14:02:00,14:02:00,141.0,141.75,140.55,140.65,74945
2026-04-15 14:03:00,14:03:00,140.25,143.35,139.9,142.85,152620
2026-04-15 14:04:00,14:04:00,143.3,143.75,140.1,142.2,187070
2026-04-15 14:05:00,14:05:00,142.65,142.75,141.1,141.1,108940
2026-04-15 14:06:00,14:06:00,141.7,142.95,140.85,141.9,88335
2026-04-15 14:07:00,14:07:00,142.15,143.2,141.9,141.9,99775
2026-04-15 14:08:00,14:08:00,141.7,142.3,140.0,141.05,73645
2026-04-15 14:09:00,14:09:00,140.9,141.45,139.6,140.55,118495
2026-04-15 14:10:00,14:10:00,140.3,140.55,137.9,138.25,123240
2026-04-15 14:11:00,14:11:00,138.5,140.1,136.4,140.1,108810
2026-04-15 14:12:00,14:12:00,139.85,144.55,139.85,144.0,263315
2026-04-15 14:13:00,14:13:00,143.85,144.0,140.75,141.1,124280
2026-04-15 14:14:00,14:14:00,140.55,141.1,138.6,139.8,100295
2026-04-15 14:15:00,14:15:00,140.1,140.15,137.35,138.0,91780
2026-04-15 14:16:00,14:16:00,137.95,139.5,137.3,139.4,48425
2026-04-15 14:17:00,14:17:00,139.6,141.4,139.1,139.85,126360
2026-04-15 14:18:00,14:18:00,140.0,140.2,137.4,138.3,92235
2026-04-15 14:19:00,14:19:00,138.25,140.5,137.95,140.5,53625
2026-04-15 14:20:00,14:20:00,140.3,141.55,139.3,140.6,81770
2026-04-15 14:21:00,14:21:00,140.6,143.15,140.6,142.95,121810
2026-04-15 14:22:00,14:22:00,142.65,143.8,140.95,141.55,156130
2026-04-15 14:23:00,14:23:00,141.4,141.55,138.85,139.7,115245
2026-04-15 14:24:00,14:24:00,140.15,140.9,138.7,139.0,70200
2026-04-15 14:25:00,14:25:00,138.85,141.55,138.3,141.05,88465
2026-04-15 14:26:00,14:26:00,141.0,142.15,140.7,141.5,82290
2026-04-15 14:27:00,14:27:00,141.2,142.7,140.8,140.8,76700
2026-04-15 14:28:00,14:28:00,140.7,141.15,139.65,141.1,47580
2026-04-15 14:29:00,14:29:00,140.4,141.85,140.1,141.85,77155
2026-04-15 14:30:00,14:30:00,141.5,143.95,141.5,142.7,150280
2026-04-15 14:31:00,14:31:00,141.8,143.6,141.6,142.7,98800
2026-04-15 14:32:00,14:32:00,143.0,143.0,138.05,139.9,140400
2026-04-15 14:33:00,14:33:00,140.0,140.65,138.6,139.4,97565
2026-04-15 14:34:00,14:34:00,139.35,140.95,139.35,140.55,58370
2026-04-15 14:35:00,14:35:00,140.15,140.55,137.55,139.75,69485
2026-04-15 14:36:00,14:36:00,139.85,139.85,137.55,138.15,53625
2026-04-15 14:37:00,14:37:00,138.35,138.5,134.75,136.2,216255
2026-04-15 14:38:00,14:38:00,136.5,136.5,133.25,133.25,145990
2026-04-15 14:39:00,14:39:00,133.05,136.0,133.05,136.0,129155
2026-04-15 14:40:00,14:40:00,136.05,137.05,135.4,136.2,81640
2026-04-15 14:41:00,14:41:00,136.8,137.25,135.6,137.2,60645
2026-04-15 14:42:00,14:42:00,136.95,139.05,136.3,139.05,85475
2026-04-15 14:43:00,14:43:00,139.35,140.75,138.8,140.0,91065
2026-04-15 14:44:00,14:44:00,139.85,141.0,138.8,140.95,103545
2026-04-15 14:45:00,14:45:00,141.0,143.7,140.95,141.75,246545
2026-04-15 14:46:00,14:46:00,141.55,141.8,140.5,141.35,116350
2026-04-15 14:47:00,14:47:00,141.2,143.8,140.7,143.0,137930
2026-04-15 14:48:00,14:48:00,142.8,143.7,141.55,142.35,100165
2026-04-15 14:49:00,14:49:00,142.35,145.45,142.35,145.3,185380
2026-04-15 14:50:00,14:50:00,144.95,145.3,142.55,144.0,118040
2026-04-15 14:51:00,14:51:00,143.85,151.55,143.85,151.05,544700
2026-04-15 14:52:00,14:52:00,151.5,152.95,149.6,152.3,299390
2026-04-15 14:53:00,14:53:00,151.3,152.1,147.9,147.95,333125
2026-04-15 14:54:00,14:54:00,147.45,150.0,146.75,149.45,198055
2026-04-15 14:55:00,14:55:00,149.1,149.5,147.6,149.1,110500
2026-04-15 14:56:00,14:56:00,148.95,149.3,146.3,149.3,148460
2026-04-15 14:57:00,14:57:00,149.45,150.25,148.25,149.8,184405
2026-04-15 14:58:00,14:58:00,149.35,150.4,148.45,150.3,88920
2026-04-15 14:59:00,14:59:00,150.6,151.5,148.75,149.35,212095
2026-04-15 15:00:00,15:00:00,150.0,150.85,138.45,140.75,476645
2026-04-15 15:01:00,15:01:00,140.7,141.6,138.35,140.6,243620
2026-04-15 15:02:00,15:02:00,141.0,141.75,138.6,140.35,134290
2026-04-15 15:03:00,15:03:00,140.3,142.5,140.3,141.9,109525
2026-04-15 15:04:00,15:04:00,141.75,142.9,140.7,142.9,90675
2026-04-15 15:05:00,15:05:00,142.6,143.3,139.8,139.8,136370
2026-04-15 15:06:00,15:06:00,140.4,141.35,139.4,139.9,86385
2026-04-15 15:07:00,15:07:00,139.6,139.9,133.75,135.9,321360
2026-04-15 15:08:00,15:08:00,136.15,137.3,133.3,135.9,173615
2026-04-15 15:09:00,15:09:00,136.4,138.2,135.9,137.25,176345
2026-04-15 15:10:00,15:10:00,137.3,138.85,135.85,138.05,97825
2026-04-15 15:11:00,15:11:00,138.15,138.15,136.1,136.45,78715
2026-04-15 15:12:00,15:12:00,136.6,137.9,135.0,136.4,104650
2026-04-15 15:13:00,15:13:00,136.55,137.1,135.95,136.8,81315
2026-04-15 15:14:00,15:14:00,136.35,138.0,136.25,136.5,87880
2026-04-15 15:15:00,15:15:00,136.0,138.0,135.05,137.4,176540
2026-04-15 15:16:00,15:16:00,137.65,137.7,136.25,137.3,75920
2026-04-15 15:17:00,15:17:00,137.45,138.25,136.95,137.95,122135
2026-04-15 15:18:00,15:18:00,138.15,138.35,137.45,138.0,56940
2026-04-15 15:19:00,15:19:00,137.85,138.0,135.55,136.25,181935
2026-04-15 15:20:00,15:20:00,136.5,138.0,136.25,137.4,112840
2026-04-15 15:21:00,15:21:00,137.45,138.2,137.2,138.2,86190
2026-04-15 15:22:00,15:22:00,137.7,138.2,136.0,137.9,141570
2026-04-15 15:23:00,15:23:00,138.05,138.05,136.55,137.75,87425
2026-04-15 15:24:00,15:24:00,137.55,137.95,136.9,137.55,114855
2026-04-15 15:25:00,15:25:00,137.75,139.25,137.55,138.85,180440
2026-04-15 15:26:00,15:26:00,138.55,138.85,136.55,136.85,147940
2026-04-15 15:27:00,15:27:00,136.6,136.85,135.0,135.6,129870
2026-04-15 15:28:00,15:28:00,135.1,135.6,132.75,134.3,226460
2026-04-15 15:29:00,15:29:00,133.8,134.3,131.3,131.45,280735
2026-04-16 09:15:00,09:15:00,186.0,196.2,158.55,189.6,1195285
2026-04-16 09:16:00,09:16:00,189.8,195.15,183.5,188.1,905255
2026-04-16 09:17:00,09:17:00,164.3,171.0,162.8,169.55,1296555
2026-04-16 09:18:00,09:18:00,193.4,195.8,188.55,193.5,818935
2026-04-16 09:19:00,09:19:00,168.9,175.8,167.05,175.8,1555970
2026-04-16 09:20:00,09:20:00,176.55,180.3,174.5,177.65,1653405
2026-04-16 09:21:00,09:21:00,178.75,179.0,175.3,176.6,652405
2026-04-16 09:22:00,09:22:00,176.55,179.9,173.7,178.4,743275
2026-04-16 09:23:00,09:23:00,177.85,178.4,172.45,172.75,583895
2026-04-16 09:24:00,09:24:00,172.6,173.7,166.8,173.5,941135
2026-04-16 09:25:00,09:25:00,173.25,180.7,173.0,178.9,1584375
2026-04-16 09:26:00,09:26:00,177.95,179.35,174.2,176.1,765505
2026-04-16 09:27:00,09:27:00,176.7,180.4,174.0,174.5,701350
2026-04-16 09:28:00,09:28:00,174.3,178.5,171.2,178.5,618345
2026-04-16 09:29:00,09:29:00,177.65,179.85,174.75,175.8,578435
2026-04-16 09:30:00,09:30:00,176.55,179.35,175.15,176.0,406900
2026-04-16 09:31:00,09:31:00,175.95,176.0,170.8,170.95,760955
2026-04-16 09:32:00,09:32:00,197.9,198.05,191.1,191.1,447915
2026-04-16 09:33:00,09:33:00,190.05,192.3,188.65,191.2,683865
2026-04-16 09:34:00,09:34:00,190.15,191.2,185.9,189.5,382980
2026-04-16 09:35:00,09:35:00,189.8,189.8,183.85,186.2,364910
2026-04-16 09:36:00,09:36:00,186.65,190.9,185.9,187.05,407160
2026-04-16 09:37:00,09:37:00,186.85,187.05,179.1,179.9,706875
2026-04-16 09:38:00,09:38:00,206.55,207.15,193.55,195.1,1010295
2026-04-16 09:39:00,09:39:00,167.7,177.5,166.8,175.75,798330
2026-04-16 09:40:00,09:40:00,202.8,203.9,194.25,195.1,823160
2026-04-16 09:41:00,09:41:00,195.15,196.35,192.0,193.9,535925
2026-04-16 09:42:00,09:42:00,193.25,197.85,191.6,193.6,633750
2026-04-16 09:43:00,09:43:00,194.25,196.0,192.05,194.05,405535
2026-04-16 09:44:00,09:44:00,194.6,194.7,190.45,190.45,345020
2026-04-16 09:45:00,09:45:00,191.25,193.0,188.4,192.9,881465
2026-04-16 09:46:00,09:46:00,167.95,174.9,167.4,174.3,883740
2026-04-16 09:47:00,09:47:00,200.8,202.5,197.4,198.6,641550
2026-04-16 09:48:00,09:48:00,172.1,175.35,171.8,174.2,360815
2026-04-16 09:49:00,09:49:00,173.4,175.2,172.0,174.45,271050
2026-04-16 09:50:00,09:50:00,174.55,177.95,174.0,176.35,494130
2026-04-16 09:51:00,09:51:00,176.1,176.65,170.9,175.4,434655
2026-04-16 09:52:00,09:52:00,175.1,178.2,174.1,174.7,393250
2026-04-16 09:53:00,09:53:00,200.55,201.05,192.25,192.7,639795
2026-04-16 09:54:00,09:54:00,192.0,196.6,189.7,194.4,872625
2026-04-16 09:55:00,09:55:00,194.4,194.95,191.0,192.05,381940
2026-04-16 09:56:00,09:56:00,192.8,193.0,186.45,187.95,803140
2026-04-16 09:57:00,09:57:00,186.15,187.95,181.0,182.15,890175
2026-04-16 09:58:00,09:58:00,181.95,184.1,179.55,183.05,763620
2026-04-16 09:59:00,09:59:00,208.55,209.8,203.95,204.6,173420
2026-04-16 10:00:00,10:00:00,204.65,207.0,203.65,205.05,241670
2026-04-16 10:01:00,10:01:00,179.3,185.35,178.05,185.35,603590
2026-04-16 10:02:00,10:02:00,185.5,187.1,184.65,186.0,772850
2026-04-16 10:03:00,10:03:00,185.0,186.0,183.1,184.9,494910
2026-04-16 10:04:00,10:04:00,184.6,190.15,184.1,190.15,596180
2026-04-16 10:05:00,10:05:00,189.2,190.35,187.55,190.0,760240
2026-04-16 10:06:00,10:06:00,189.8,190.0,183.45,184.3,428285
2026-04-16 10:07:00,10:07:00,184.6,190.5,183.85,190.5,408005
2026-04-16 10:08:00,10:08:00,190.05,193.3,189.45,193.3,748410
2026-04-16 10:09:00,10:09:00,193.3,193.9,190.55,192.85,550615
2026-04-16 10:10:00,10:10:00,193.15,197.5,192.7,196.55,852540
2026-04-16 10:11:00,10:11:00,196.9,196.95,193.95,195.25,441350
2026-04-16 10:12:00,10:12:00,195.35,195.6,189.45,191.0,658775
2026-04-16 10:13:00,10:13:00,190.3,195.7,190.3,193.7,487825
2026-04-16 10:14:00,10:14:00,193.95,194.35,191.9,193.5,213070
2026-04-16 10:15:00,10:15:00,193.5,193.5,186.6,189.45,530465
2026-04-16 10:16:00,10:16:00,188.0,192.85,187.05,192.8,585910
2026-04-16 10:17:00,10:17:00,192.15,193.5,189.5,190.1,387660
2026-04-16 10:18:00,10:18:00,190.75,196.5,190.1,196.05,506740
2026-04-16 10:19:00,10:19:00,196.65,197.2,190.45,191.7,743535
2026-04-16 10:20:00,10:20:00,191.4,192.35,189.3,191.8,297505
2026-04-16 10:21:00,10:21:00,192.2,192.2,186.3,186.8,348725
2026-04-16 10:22:00,10:22:00,186.7,190.35,186.7,189.7,175890
2026-04-16 10:23:00,10:23:00,190.0,191.55,188.4,190.4,165230
2026-04-16 10:24:00,10:24:00,190.5,191.2,187.5,188.9,147875
2026-04-16 10:25:00,10:25:00,187.9,192.3,187.3,192.25,210210
2026-04-16 10:26:00,10:26:00,192.05,193.55,191.5,192.35,243685
2026-04-16 10:27:00,10:27:00,193.25,194.4,184.9,185.35,420745
2026-04-16 10:28:00,10:28:00,185.2,186.95,182.5,186.25,656565
2026-04-16 10:29:00,10:29:00,186.7,190.35,184.8,187.2,332605
2026-04-16 10:30:00,10:30:00,187.25,191.95,187.2,190.3,310115
2026-04-16 10:31:00,10:31:00,188.5,193.95,188.5,193.15,391755
2026-04-16 10:32:00,10:32:00,192.8,193.9,188.25,188.8,382850
2026-04-16 10:33:00,10:33:00,187.8,192.0,187.75,191.35,193440
2026-04-16 10:34:00,10:34:00,191.5,192.75,189.55,192.55,210470
2026-04-16 10:35:00,10:35:00,192.85,194.4,191.0,192.5,404170
2026-04-16 10:36:00,10:36:00,193.3,196.45,192.3,194.3,463775
2026-04-16 10:37:00,10:37:00,194.6,195.8,192.0,195.55,274300
2026-04-16 10:38:00,10:38:00,195.3,195.55,189.4,189.5,311675
2026-04-16 10:39:00,10:39:00,189.35,189.5,183.1,185.25,676195
2026-04-16 10:40:00,10:40:00,185.05,186.65,184.0,184.95,300755
2026-04-16 10:41:00,10:41:00,185.05,190.0,184.95,188.45,289770
2026-04-16 10:42:00,10:42:00,188.75,191.95,187.85,190.15,322010
2026-04-16 10:43:00,10:43:00,190.3,191.85,188.9,191.35,217880
2026-04-16 10:44:00,10:44:00,191.4,191.7,189.3,189.95,177775
2026-04-16 10:45:00,10:45:00,189.25,193.0,189.25,191.2,240955
2026-04-16 10:46:00,10:46:00,192.0,194.35,190.65,193.65,167635
2026-04-16 10:47:00,10:47:00,193.7,193.95,191.6,193.0,189280
2026-04-16 10:48:00,10:48:00,193.95,195.4,192.1,192.3,369005
2026-04-16 10:49:00,10:49:00,192.0,193.3,191.05,193.3,204035
2026-04-16 10:50:00,10:50:00,192.85,193.45,191.0,192.6,120380
2026-04-16 10:51:00,10:51:00,192.85,193.8,190.5,191.0,152230
2026-04-16 10:52:00,10:52:00,190.65,191.65,188.5,189.45,199225
2026-04-16 10:53:00,10:53:00,189.4,192.7,189.4,191.1,102700
2026-04-16 10:54:00,10:54:00,191.55,191.7,189.3,190.6,110435
2026-04-16 10:55:00,10:55:00,190.9,190.9,187.45,188.95,160615
2026-04-16 10:56:00,10:56:00,188.65,188.95,185.35,186.9,258505
2026-04-16 10:57:00,10:57:00,186.7,189.7,186.3,189.35,222170
2026-04-16 10:58:00,10:58:00,188.95,189.35,186.05,187.2,129155
2026-04-16 10:59:00,10:59:00,187.4,188.35,186.0,187.2,137735
2026-04-16 11:00:00,11:00:00,187.35,190.5,187.0,189.65,208195
2026-04-16 11:01:00,11:01:00,190.05,193.85,189.65,190.5,369915
2026-04-16 11:02:00,11:02:00,190.7,192.95,189.1,191.7,191295
2026-04-16 11:03:00,11:03:00,192.0,194.5,191.2,193.5,369135
2026-04-16 11:04:00,11:04:00,193.45,194.5,191.25,192.95,382265
2026-04-16 11:05:00,11:05:00,167.35,169.05,166.05,167.4,181870
2026-04-16 11:06:00,11:06:00,193.65,194.7,192.3,193.7,212615
2026-04-16 11:07:00,11:07:00,193.55,193.9,190.5,191.7,236340
2026-04-16 11:08:00,11:08:00,165.5,168.5,162.8,168.2,211705
2026-04-16 11:09:00,11:09:00,193.8,195.7,192.05,193.25,424515
2026-04-16 11:10:00,11:10:00,192.85,193.25,189.4,189.8,268515
2026-04-16 11:11:00,11:11:00,190.15,191.0,188.15,188.15,307320
2026-04-16 11:12:00,11:12:00,188.45,189.25,184.55,185.05,431535
2026-04-16 11:13:00,11:13:00,185.35,188.8,185.05,186.95,304785
2026-04-16 11:14:00,11:14:00,187.0,188.0,186.55,187.6,125645
2026-04-16 11:15:00,11:15:00,187.9,189.9,183.65,183.65,392730
2026-04-16 11:16:00,11:16:00,183.65,185.45,182.8,183.4,570115
2026-04-16 11:17:00,11:17:00,182.95,183.85,180.2,181.0,642135
2026-04-16 11:18:00,11:18:00,180.15,186.0,180.15,185.4,394615
2026-04-16 11:19:00,11:19:00,185.05,187.75,184.1,187.7,343525
2026-04-16 11:20:00,11:20:00,187.55,191.6,186.3,189.35,577980
2026-04-16 11:21:00,11:21:00,189.25,190.85,187.5,189.0,280930
2026-04-16 11:22:00,11:22:00,189.05,189.05,183.3,185.2,382070
2026-04-16 11:23:00,11:23:00,185.05,185.2,181.35,182.3,490685
2026-04-16 11:24:00,11:24:00,183.05,183.3,181.5,182.7,261495
2026-04-16 11:25:00,11:25:00,183.1,183.4,179.3,179.55,444925
2026-04-16 11:26:00,11:26:00,179.2,179.7,175.15,175.7,1066195
2026-04-16 11:27:00,11:27:00,175.7,178.25,174.2,175.9,551525
2026-04-16 11:28:00,11:28:00,175.9,178.2,172.8,178.2,476710
2026-04-16 11:29:00,11:29:00,178.55,179.1,177.3,178.95,332735
2026-04-16 11:30:00,11:30:00,178.4,179.55,177.0,178.25,316030
2026-04-16 11:31:00,11:31:00,177.65,179.7,175.55,175.8,233025
2026-04-16 11:32:00,11:32:00,175.5,178.25,174.6,178.25,276445
2026-04-16 11:33:00,11:33:00,177.7,178.25,175.75,176.7,145210
2026-04-16 11:34:00,11:34:00,176.9,178.85,175.7,178.2,259740
2026-04-16 11:35:00,11:35:00,176.9,178.5,176.05,177.55,264940
2026-04-16 11:36:00,11:36:00,178.0,178.95,176.55,177.15,134030
2026-04-16 11:37:00,11:37:00,177.6,177.9,173.05,173.05,230815
2026-04-16 11:38:00,11:38:00,173.05,173.55,168.9,170.25,878930
2026-04-16 11:39:00,11:39:00,170.0,170.25,165.0,168.25,785915
2026-04-16 11:40:00,11:40:00,193.7,194.7,190.5,190.85,192725
2026-04-16 11:41:00,11:41:00,191.5,192.5,190.6,191.75,157560
2026-04-16 11:42:00,11:42:00,191.8,191.8,188.25,189.05,206115
2026-04-16 11:43:00,11:43:00,189.4,191.7,189.05,189.7,147485
2026-04-16 11:44:00,11:44:00,190.0,190.65,185.2,185.5,308360
2026-04-16 11:45:00,11:45:00,185.1,185.5,181.35,182.3,485225
2026-04-16 11:46:00,11:46:00,182.4,182.65,175.05,175.05,387595
2026-04-16 11:47:00,11:47:00,201.95,203.5,198.0,198.0,478010
2026-04-16 11:48:00,11:48:00,171.2,175.05,170.2,175.05,337350
2026-04-16 11:49:00,11:49:00,175.95,181.15,175.05,179.05,621985
2026-04-16 11:50:00,11:50:00,178.9,179.05,173.3,174.15,287625
2026-04-16 11:51:00,11:51:00,200.0,200.1,197.0,197.35,384280
2026-04-16 11:52:00,11:52:00,172.2,175.1,171.5,174.0,166855
2026-04-16 11:53:00,11:53:00,174.3,176.2,173.15,175.4,157235
2026-04-16 11:54:00,11:54:00,175.15,178.05,175.15,176.55,170495
2026-04-16 11:55:00,11:55:00,176.4,176.55,174.3,174.3,108095
2026-04-16 11:56:00,11:56:00,200.7,201.25,197.15,197.5,234195
2026-04-16 11:57:00,11:57:00,197.25,197.5,188.65,188.65,601770
2026-04-16 11:58:00,11:58:00,188.5,192.8,186.95,191.8,680095
2026-04-16 11:59:00,11:59:00,191.05,193.55,188.1,188.1,406380
2026-04-16 12:00:00,12:00:00,188.05,188.1,177.85,180.9,1279590
2026-04-16 12:01:00,12:01:00,205.0,209.65,199.8,199.8,314145
2026-04-16 12:02:00,12:02:00,200.55,203.5,199.75,203.1,242775
2026-04-16 12:03:00,12:03:00,203.7,205.95,201.45,201.85,180830
2026-04-16 12:04:00,12:04:00,202.7,203.4,198.5,199.15,167050
2026-04-16 12:05:00,12:05:00,198.4,201.6,198.4,201.6,287690
2026-04-16 12:06:00,12:06:00,202.8,203.8,199.15,202.8,336700
2026-04-16 12:07:00,12:07:00,202.85,203.85,194.35,195.1,372970
2026-04-16 12:08:00,12:08:00,194.6,199.1,193.8,198.95,213785
2026-04-16 12:09:00,12:09:00,198.8,203.0,198.0,202.35,314145
2026-04-16 12:10:00,12:10:00,176.5,179.5,176.0,179.5,352300
2026-04-16 12:11:00,12:11:00,179.5,181.65,178.6,180.6,628290
2026-04-16 12:12:00,12:12:00,206.5,208.7,201.95,202.95,292435
2026-04-16 12:13:00,12:13:00,177.8,181.7,177.55,181.6,212420
2026-04-16 12:14:00,12:14:00,180.75,183.5,180.35,181.85,319410
2026-04-16 12:15:00,12:15:00,181.2,183.25,180.75,182.3,344500
2026-04-16 12:16:00,12:16:00,207.65,208.35,204.15,205.65,142545
2026-04-16 12:17:00,12:17:00,205.65,205.85,200.8,201.05,195000
2026-04-16 12:18:00,12:18:00,175.5,180.6,174.75,180.3,307580
2026-04-16 12:19:00,12:19:00,180.6,181.0,178.25,180.6,197210
2026-04-16 12:20:00,12:20:00,180.5,181.1,178.95,179.65,228995
2026-04-16 12:21:00,12:21:00,179.45,182.0,179.0,181.75,128765
2026-04-16 12:22:00,12:22:00,207.75,208.55,203.0,204.0,139750
2026-04-16 12:23:00,12:23:00,203.65,204.45,198.15,198.7,171210
2026-04-16 12:24:00,12:24:00,198.55,201.25,197.05,200.35,201370
2026-04-16 12:25:00,12:25:00,200.25,202.5,197.85,200.7,129480
2026-04-16 12:26:00,12:26:00,201.35,201.9,199.0,199.6,122655
2026-04-16 12:27:00,12:27:00,199.9,199.9,196.2,199.4,91065
2026-04-16 12:28:00,12:28:00,198.3,199.8,197.65,198.55,71955
2026-04-16 12:29:00,12:29:00,199.65,200.0,196.55,198.3,72215
2026-04-16 12:30:00,12:30:00,197.0,198.3,194.5,196.45,201890
2026-04-16 12:31:00,12:31:00,195.75,199.65,195.1,199.65,140205
2026-04-16 12:32:00,12:32:00,199.3,200.85,197.4,198.0,212485
2026-04-16 12:33:00,12:33:00,198.0,198.0,192.3,194.9,292435
2026-04-16 12:34:00,12:34:00,194.35,195.0,186.15,186.15,424645
2026-04-16 12:35:00,12:35:00,186.4,189.0,185.1,186.35,296400
2026-04-16 12:36:00,12:36:00,185.85,187.35,181.85,183.25,301795
2026-04-16 12:37:00,12:37:00,182.7,187.75,182.7,187.15,204425
2026-04-16 12:38:00,12:38:00,187.5,191.0,187.15,190.35,185250
2026-04-16 12:39:00,12:39:00,190.8,194.7,190.35,194.7,253110
2026-04-16 12:40:00,12:40:00,194.95,197.1,193.55,196.6,208650
2026-04-16 12:41:00,12:41:00,197.3,198.45,194.7,195.2,163995
2026-04-16 12:42:00,12:42:00,195.0,198.3,193.9,198.3,140465
2026-04-16 12:43:00,12:43:00,197.6,198.5,195.55,196.05,155415
2026-04-16 12:44:00,12:44:00,197.0,197.45,189.3,189.8,230360
2026-04-16 12:45:00,12:45:00,189.95,190.75,187.05,188.3,221650
2026-04-16 12:46:00,12:46:00,188.7,194.4,188.3,192.75,214825
2026-04-16 12:47:00,12:47:00,193.55,193.55,187.7,187.9,142610
2026-04-16 12:48:00,12:48:00,188.05,189.9,187.1,187.85,99580
2026-04-16 12:49:00,12:49:00,188.3,188.95,186.0,186.55,142545
2026-04-16 12:50:00,12:50:00,186.55,188.4,184.25,184.25,149565
2026-04-16 12:51:00,12:51:00,183.85,188.95,182.15,187.05,198315
2026-04-16 12:52:00,12:52:00,187.2,189.6,186.45,189.5,168935
2026-04-16 12:53:00,12:53:00,189.05,192.0,186.45,187.3,198770
2026-04-16 12:54:00,12:54:00,213.3,213.8,206.85,206.9,289510
2026-04-16 12:55:00,12:55:00,180.7,183.3,178.6,181.55,292630
2026-04-16 12:56:00,12:56:00,207.0,207.6,203.7,205.3,195130
2026-04-16 12:57:00,12:57:00,179.15,179.45,176.05,179.45,185510
2026-04-16 12:58:00,12:58:00,179.05,181.0,178.5,181.0,105625
2026-04-16 12:59:00,12:59:00,180.5,184.65,179.55,183.7,289640
2026-04-16 13:00:00,13:00:00,183.6,188.95,182.65,186.25,314665
2026-04-16 13:01:00,13:01:00,185.35,187.0,183.75,184.45,148460
2026-04-16 13:02:00,13:02:00,183.8,186.95,183.8,185.1,96720
2026-04-16 13:03:00,13:03:00,184.8,191.45,184.8,189.6,208845
2026-04-16 13:04:00,13:04:00,190.35,190.5,185.9,189.8,156065
2026-04-16 13:05:00,13:05:00,189.35,191.6,188.8,189.5,184600
2026-04-16 13:06:00,13:06:00,189.9,190.15,181.85,185.0,283985
2026-04-16 13:07:00,13:07:00,184.75,185.15,181.0,183.4,135850
2026-04-16 13:08:00,13:08:00,183.95,185.25,182.0,183.0,119990
2026-04-16 13:09:00,13:09:00,208.75,209.3,204.2,207.1,194025
2026-04-16 13:10:00,13:10:00,206.6,207.1,199.25,200.65,288990
2026-04-16 13:11:00,13:11:00,201.15,205.1,199.5,204.85,236145
2026-04-16 13:12:00,13:12:00,204.45,205.85,202.6,203.7,162305
2026-04-16 13:13:00,13:13:00,203.65,206.0,202.85,202.85,140855
2026-04-16 13:14:00,13:14:00,202.75,205.15,201.55,202.9,111670
2026-04-16 13:15:00,13:15:00,202.3,204.45,201.0,204.45,110305
2026-04-16 13:16:00,13:16:00,204.15,204.55,201.0,202.2,113360
2026-04-16 13:17:00,13:17:00,176.3,177.5,171.7,177.5,194285
2026-04-16 13:18:00,13:18:00,177.1,179.7,177.1,178.1,173160
2026-04-16 13:19:00,13:19:00,177.35,182.9,176.9,181.0,172770
2026-04-16 13:20:00,13:20:00,181.5,181.85,178.4,179.95,120575
2026-04-16 13:21:00,13:21:00,179.45,181.0,179.45,180.4,70785
2026-04-16 13:22:00,13:22:00,180.15,183.1,179.0,179.0,169130
2026-04-16 13:23:00,13:23:00,205.5,205.65,198.1,198.3,312975
2026-04-16 13:24:00,13:24:00,197.9,199.2,193.5,194.9,447005
2026-04-16 13:25:00,13:25:00,194.6,196.35,192.9,194.65,362895
2026-04-16 13:26:00,13:26:00,194.45,196.45,191.2,193.25,381940
2026-04-16 13:27:00,13:27:00,193.3,193.6,189.75,193.6,323570
2026-04-16 13:28:00,13:28:00,193.9,198.55,193.6,198.35,333970
2026-04-16 13:29:00,13:29:00,198.2,198.85,195.4,196.9,174395
2026-04-16 13:30:00,13:30:00,196.35,198.45,195.75,196.45,127985
2026-04-16 13:31:00,13:31:00,196.4,197.95,195.15,197.85,76505
2026-04-16 13:32:00,13:32:00,197.5,199.1,197.0,197.0,141570
2026-04-16 13:33:00,13:33:00,171.7,174.8,170.75,174.3,91260
2026-04-16 13:34:00,13:34:00,200.95,201.75,197.2,198.4,148460
2026-04-16 13:35:00,13:35:00,198.4,198.4,196.5,197.5,68770
2026-04-16 13:36:00,13:36:00,197.1,200.2,196.55,198.0,84370
2026-04-16 13:37:00,13:37:00,197.75,198.4,195.0,196.75,94315
2026-04-16 13:38:00,13:38:00,195.6,198.4,195.6,198.3,81575
2026-04-16 13:39:00,13:39:00,198.7,200.75,198.15,198.8,169455
2026-04-16 13:40:00,13:40:00,173.15,175.95,171.95,173.95,92820
2026-04-16 13:41:00,13:41:00,173.3,179.5,173.0,177.8,149695
2026-04-16 13:42:00,13:42:00,178.6,180.85,177.75,178.3,219960
2026-04-16 13:43:00,13:43:00,179.0,182.0,178.3,180.1,283595
2026-04-16 13:44:00,13:44:00,180.25,182.7,179.05,181.6,221260
2026-04-16 13:45:00,13:45:00,181.1,185.7,181.05,184.7,387725
2026-04-16 13:46:00,13:46:00,185.25,187.7,183.85,186.95,247975
2026-04-16 13:47:00,13:47:00,186.4,186.95,182.45,185.2,232310
2026-04-16 13:48:00,13:48:00,184.5,188.25,183.95,188.25,185315
2026-04-16 13:49:00,13:49:00,187.8,188.25,185.0,186.55,144430
2026-04-16 13:50:00,13:50:00,162.0,177.0,161.55,175.8,1201915
2026-04-16 13:51:00,13:51:00,201.1,202.55,196.5,198.35,608595
2026-04-16 13:52:00,13:52:00,197.5,199.7,194.1,197.85,292175
2026-04-16 13:53:00,13:53:00,197.5,197.85,194.75,196.8,163865
2026-04-16 13:54:00,13:54:00,172.0,173.55,168.0,172.95,481455
2026-04-16 13:55:00,13:55:00,173.4,175.6,170.2,170.35,731510
2026-04-16 13:56:00,13:56:00,170.7,172.5,167.2,171.9,460850
2026-04-16 13:57:00,13:57:00,171.75,171.9,168.5,168.9,396695
2026-04-16 13:58:00,13:58:00,194.5,198.9,190.6,192.6,240630
2026-04-16 13:59:00,13:59:00,167.5,172.5,167.1,170.6,389155
2026-04-16 14:00:00,14:00:00,171.05,171.05,166.65,168.15,313105
2026-04-16 14:01:00,14:01:00,168.0,169.9,167.4,167.7,149955
2026-04-16 14:02:00,14:02:00,192.6,194.65,185.55,185.55,254735
2026-04-16 14:03:00,14:03:00,185.3,187.95,178.25,178.25,677690
2026-04-16 14:04:00,14:04:00,178.5,183.0,178.25,180.6,271960
2026-04-16 14:05:00,14:05:00,180.0,180.6,175.5,179.2,337285
2026-04-16 14:06:00,14:06:00,180.0,182.95,178.85,180.6,264940
2026-04-16 14:07:00,14:07:00,180.5,186.7,179.75,184.8,286910
2026-04-16 14:08:00,14:08:00,183.85,185.0,179.85,181.8,201045
2026-04-16 14:09:00,14:09:00,181.45,184.65,181.15,184.45,148525
2026-04-16 14:10:00,14:10:00,184.6,185.85,182.5,185.85,175695
2026-04-16 14:11:00,14:11:00,188.0,191.2,185.85,189.55,389025
2026-04-16 14:12:00,14:12:00,189.6,191.5,187.4,191.2,187720
2026-04-16 14:13:00,14:13:00,192.5,192.5,188.4,190.6,170365
2026-04-16 14:14:00,14:14:00,191.0,193.5,188.75,190.4,226395
2026-04-16 14:15:00,14:15:00,190.1,191.4,187.0,191.3,171145
2026-04-16 14:16:00,14:16:00,191.35,191.35,184.2,187.45,158860
2026-04-16 14:17:00,14:17:00,187.6,189.75,186.5,188.15,79820
2026-04-16 14:18:00,14:18:00,188.4,189.0,185.85,188.65,99645
2026-04-16 14:19:00,14:19:00,189.0,190.45,186.2,189.6,113750
2026-04-16 14:20:00,14:20:00,188.15,191.0,187.0,189.05,119340
2026-04-16 14:21:00,14:21:00,188.35,190.0,187.35,189.7,48165
2026-04-16 14:22:00,14:22:00,189.6,193.0,189.6,192.5,145600
2026-04-16 14:23:00,14:23:00,192.15,192.5,187.35,187.35,133315
2026-04-16 14:24:00,14:24:00,187.0,188.45,181.65,187.8,329550
2026-04-16 14:25:00,14:25:00,188.2,192.6,187.8,192.4,184340
2026-04-16 14:26:00,14:26:00,166.8,173.5,166.7,172.4,613210
2026-04-16 14:27:00,14:27:00,172.95,174.2,171.4,172.7,455780
2026-04-16 14:28:00,14:28:00,172.5,173.5,170.45,172.6,307840
2026-04-16 14:29:00,14:29:00,172.2,176.2,170.0,175.9,437515
2026-04-16 14:30:00,14:30:00,176.9,181.8,175.9,181.8,992550
2026-04-16 14:31:00,14:31:00,181.8,188.0,181.8,188.0,1198340
2026-04-16 14:32:00,14:32:00,187.85,190.8,185.6,190.8,1052740
2026-04-16 14:33:00,14:33:00,192.2,196.75,188.35,192.95,1301820
2026-04-16 14:34:00,14:34:00,193.05,198.8,192.9,198.6,1007565
2026-04-16 14:35:00,14:35:00,198.25,200.65,191.95,192.25,1099670
2026-04-16 14:36:00,14:36:00,191.5,193.5,189.95,193.05,594945
2026-04-16 14:37:00,14:37:00,193.9,194.75,189.35,189.35,483145
2026-04-16 14:38:00,14:38:00,190.05,192.65,189.35,192.25,387465
2026-04-16 14:39:00,14:39:00,192.35,194.75,189.0,192.45,467415
2026-04-16 14:40:00,14:40:00,167.7,171.65,166.95,169.4,304655
2026-04-16 14:41:00,14:41:00,168.2,170.7,168.2,170.7,205725
2026-04-16 14:42:00,14:42:00,171.7,173.3,170.1,171.4,424840
2026-04-16 14:43:00,14:43:00,170.65,172.4,169.5,172.0,250900
2026-04-16 14:44:00,14:44:00,197.15,198.0,186.7,191.0,988585
2026-04-16 14:45:00,14:45:00,165.5,174.4,165.5,172.3,546650
2026-04-16 14:46:00,14:46:00,170.65,172.3,166.95,169.95,230425
2026-04-16 14:47:00,14:47:00,169.45,171.35,169.2,170.0,219635
2026-04-16 14:48:00,14:48:00,170.05,173.2,169.5,171.95,190060
2026-04-16 14:49:00,14:49:00,171.0,172.3,168.95,171.75,202150
2026-04-16 14:50:00,14:50:00,171.9,174.0,170.7,171.75,302575
2026-04-16 14:51:00,14:51:00,170.95,175.9,170.95,175.05,304200
2026-04-16 14:52:00,14:52:00,175.85,176.9,171.7,171.7,279110
2026-04-16 14:53:00,14:53:00,171.0,173.75,167.1,171.65,331435
2026-04-16 14:54:00,14:54:00,171.85,173.4,169.5,170.5,182975
2026-04-16 14:55:00,14:55:00,170.95,171.25,166.15,166.15,256555
2026-04-16 14:56:00,14:56:00,166.9,168.7,164.05,164.05,223080
2026-04-16 14:57:00,14:57:00,190.15,194.8,188.15,190.1,450515
2026-04-16 14:58:00,14:58:00,164.05,168.0,162.8,168.0,170885
2026-04-16 14:59:00,14:59:00,168.45,169.9,165.4,167.95,218075
2026-04-16 15:00:00,15:00:00,195.3,198.75,183.55,186.3,1052740
2026-04-16 15:01:00,15:01:00,183.4,186.3,178.15,181.0,1011010
2026-04-16 15:02:00,15:02:00,178.3,185.65,176.7,181.35,839150
2026-04-16 15:03:00,15:03:00,182.35,186.45,181.0,185.6,495300
2026-04-16 15:04:00,15:04:00,185.65,191.65,183.4,184.65,637910
2026-04-16 15:05:00,15:05:00,184.15,184.7,180.3,183.95,425880
2026-04-16 15:06:00,15:06:00,183.95,184.5,178.75,179.4,341575
2026-04-16 15:07:00,15:07:00,179.25,179.65,175.05,175.45,492960
2026-04-16 15:08:00,15:08:00,202.35,202.35,195.0,196.05,212810
2026-04-16 15:09:00,15:09:00,197.5,199.2,196.05,198.65,219440
2026-04-16 15:10:00,15:10:00,172.1,177.1,171.8,175.2,774345
2026-04-16 15:11:00,15:11:00,175.65,178.35,174.25,176.75,436020
2026-04-16 15:12:00,15:12:00,176.9,177.8,174.3,177.7,345865
2026-04-16 15:13:00,15:13:00,177.95,178.5,175.35,175.75,298675
2026-04-16 15:14:00,15:14:00,176.8,178.0,175.2,177.3,339300
2026-04-16 15:15:00,15:15:00,177.45,182.8,176.0,182.5,710385
2026-04-16 15:16:00,15:16:00,182.0,182.5,178.9,179.25,310440
2026-04-16 15:17:00,15:17:00,179.05,181.5,178.8,180.6,347750
2026-04-16 15:18:00,15:18:00,180.65,182.2,179.0,181.9,418860
2026-04-16 15:19:00,15:19:00,181.85,181.9,180.55,181.15,316030
2026-04-16 15:20:00,15:20:00,181.0,182.9,180.2,181.9,410735
2026-04-16 15:21:00,15:21:00,181.95,182.1,180.6,181.3,343980
2026-04-16 15:22:00,15:22:00,181.55,181.55,178.05,179.65,389285
2026-04-16 15:23:00,15:23:00,179.5,179.95,178.05,179.95,218725
2026-04-16 15:24:00,15:24:00,179.55,179.95,178.25,179.5,283660
2026-04-16 15:25:00,15:25:00,179.8,182.6,179.35,182.2,403260
2026-04-16 15:26:00,15:26:00,182.45,182.45,178.4,180.25,280280
2026-04-16 15:27:00,15:27:00,180.85,181.3,179.35,179.6,361465
2026-04-16 15:28:00,15:28:00,179.35,180.25,176.8,179.05,460265
2026-04-16 15:29:00,15:29:00,179.65,179.75,172.85,173.95,648895
2026-04-17 09:15:00,09:15:00,79.9,79.9,52.25,74.7,1594320
2026-04-17 09:16:00,09:16:00,96.05,109.1,87.7,88.95,1222715
2026-04-17 09:17:00,09:17:00,75.1,88.5,74.3,87.5,1280630
2026-04-17 09:18:00,09:18:00,86.9,90.8,86.05,89.05,1166035
2026-04-17 09:19:00,09:19:00,89.8,90.55,83.35,87.0,904345
2026-04-17 09:20:00,09:20:00,88.05,91.45,87.0,90.75,922480
2026-04-17 09:21:00,09:21:00,90.25,93.45,87.5,90.0,641810
2026-04-17 09:22:00,09:22:00,90.7,93.3,90.0,90.6,777270
2026-04-17 09:23:00,09:23:00,74.1,77.85,73.5,76.45,323050
2026-04-17 09:24:00,09:24:00,92.8,93.9,85.15,85.5,813345
2026-04-17 09:25:00,09:25:00,86.25,90.85,85.5,90.85,630175
2026-04-17 09:26:00,09:26:00,75.15,77.85,74.35,77.2,287300
2026-04-17 09:27:00,09:27:00,93.95,93.95,90.7,90.75,760045
2026-04-17 09:28:00,09:28:00,74.4,79.1,74.25,78.35,259675
2026-04-17 09:29:00,09:29:00,77.8,78.35,76.3,78.1,193570
2026-04-17 09:30:00,09:30:00,94.85,95.8,88.75,89.4,804570
2026-04-17 09:31:00,09:31:00,88.7,89.4,86.0,88.4,563485
2026-04-17 09:32:00,09:32:00,88.55,91.1,86.4,88.55,582530
2026-04-17 09:33:00,09:33:00,88.7,88.7,84.85,86.85,605345
2026-04-17 09:34:00,09:34:00,87.1,87.95,84.2,84.95,434070
2026-04-17 09:35:00,09:35:00,84.05,84.95,81.25,81.45,862745
2026-04-17 09:36:00,09:36:00,81.8,82.5,80.15,80.2,564200
2026-04-17 09:37:00,09:37:00,97.5,97.6,93.8,94.7,490295
2026-04-17 09:38:00,09:38:00,79.85,88.55,78.6,88.35,1203995
2026-04-17 09:39:00,09:39:00,88.0,90.4,85.2,85.5,1065805
2026-04-17 09:40:00,09:40:00,85.2,89.65,85.2,89.3,523250
2026-04-17 09:41:00,09:41:00,89.25,89.5,83.4,83.75,591890
2026-04-17 09:42:00,09:42:00,82.7,83.75,79.2,80.4,610090
2026-04-17 09:43:00,09:43:00,80.8,81.95,77.35,80.5,489970
2026-04-17 09:44:00,09:44:00,80.7,82.1,79.45,80.6,266500
2026-04-17 09:45:00,09:45:00,80.45,82.0,79.2,80.5,272090
2026-04-17 09:46:00,09:46:00,80.25,82.8,80.25,82.35,324610
2026-04-17 09:47:00,09:47:00,82.95,85.4,82.35,85.4,432380
2026-04-17 09:48:00,09:48:00,85.15,87.9,84.9,86.45,483665
2026-04-17 09:49:00,09:49:00,86.35,89.85,86.1,89.15,580775
2026-04-17 09:50:00,09:50:00,89.1,92.5,88.85,88.85,729235
2026-04-17 09:51:00,09:51:00,89.1,91.5,88.85,89.35,406380
2026-04-17 09:52:00,09:52:00,73.1,74.95,72.25,74.85,226525
2026-04-17 09:53:00,09:53:00,75.8,75.8,73.3,74.6,184665
2026-04-17 09:54:00,09:54:00,91.4,91.8,88.25,90.5,420550
2026-04-17 09:55:00,09:55:00,90.5,91.85,86.85,90.25,580970
2026-04-17 09:56:00,09:56:00,72.9,77.1,72.7,76.55,210470
2026-04-17 09:57:00,09:57:00,76.55,79.5,76.0,76.25,340210
2026-04-17 09:58:00,09:58:00,93.95,94.65,88.05,88.05,654485
2026-04-17 09:59:00,09:59:00,72.4,76.25,72.05,75.6,161720
2026-04-17 10:00:00,10:00:00,75.0,76.75,75.0,76.7,182065
2026-04-17 10:01:00,10:01:00,93.6,95.05,85.1,88.8,1136200
2026-04-17 10:02:00,10:02:00,73.05,75.0,71.8,74.55,205140
2026-04-17 10:03:00,10:03:00,74.7,79.1,73.25,78.8,304330
2026-04-17 10:04:00,10:04:00,79.0,85.55,78.8,85.0,718835
2026-04-17 10:05:00,10:05:00,85.4,87.65,84.2,85.65,595400
2026-04-17 10:06:00,10:06:00,85.6,89.6,85.6,89.6,519415
2026-04-17 10:07:00,10:07:00,73.0,75.05,71.75,74.75,1355900
2026-04-17 10:08:00,10:08:00,91.3,91.9,85.9,86.8,521235
2026-04-17 10:09:00,10:09:00,86.4,88.0,85.55,87.5,255970
2026-04-17 10:10:00,10:10:00,87.5,87.55,84.15,85.95,334815
2026-04-17 10:11:00,10:11:00,85.75,86.2,84.25,85.1,179530
2026-04-17 10:12:00,10:12:00,85.0,87.6,84.35,87.6,224835
2026-04-17 10:13:00,10:13:00,87.45,89.75,86.9,88.1,346905
2026-04-17 10:14:00,10:14:00,88.45,89.65,87.65,89.4,216255
2026-04-17 10:15:00,10:15:00,74.0,78.6,72.95,78.2,1398735
2026-04-17 10:16:00,10:16:00,77.65,79.5,77.35,78.45,888810
2026-04-17 10:17:00,10:17:00,78.9,79.45,75.05,76.25,1099540
2026-04-17 10:18:00,10:18:00,76.4,77.4,74.8,77.25,499330
2026-04-17 10:19:00,10:19:00,77.3,77.3,74.6,75.0,430885
2026-04-17 10:20:00,10:20:00,75.25,76.4,74.1,74.75,494780
2026-04-17 10:21:00,10:21:00,75.15,76.8,73.95,75.8,442910
2026-04-17 10:22:00,10:22:00,76.2,77.5,75.8,77.3,452595
2026-04-17 10:23:00,10:23:00,77.45,77.45,74.5,74.5,497120
2026-04-17 10:24:00,10:24:00,74.85,77.0,74.5,76.45,358020
2026-04-17 10:25:00,10:25:00,76.65,80.95,76.45,78.05,793000
2026-04-17 10:26:00,10:26:00,78.0,80.9,77.9,80.25,821795
2026-04-17 10:27:00,10:27:00,80.8,82.8,78.55,82.05,962260
2026-04-17 10:28:00,10:28:00,81.55,82.05,79.0,79.2,814190
2026-04-17 10:29:00,10:29:00,79.25,81.15,77.25,77.3,803985
2026-04-17 10:30:00,10:30:00,77.35,80.25,77.3,77.85,638820
2026-04-17 10:31:00,10:31:00,77.8,78.2,76.0,77.8,786240
2026-04-17 10:32:00,10:32:00,95.0,95.4,88.8,89.45,474045
2026-04-17 10:33:00,10:33:00,89.7,91.55,89.05,89.5,256750
2026-04-17 10:34:00,10:34:00,90.8,90.9,86.8,89.4,359255
2026-04-17 10:35:00,10:35:00,89.4,90.5,88.2,90.5,170365
2026-04-17 10:36:00,10:36:00,90.35,91.15,88.95,91.0,223535
2026-04-17 10:37:00,10:37:00,90.95,91.25,85.8,87.75,384930
2026-04-17 10:38:00,10:38:00,87.6,87.75,84.5,85.15,319800
2026-04-17 10:39:00,10:39:00,84.85,86.55,83.0,83.55,313755
2026-04-17 10:40:00,10:40:00,84.1,84.4,81.2,83.15,365170
2026-04-17 10:41:00,10:41:00,82.8,85.65,82.55,85.45,293215
2026-04-17 10:42:00,10:42:00,85.4,88.65,84.9,86.0,393250
2026-04-17 10:43:00,10:43:00,85.6,87.8,84.0,84.55,241345
2026-04-17 10:44:00,10:44:00,84.75,87.15,84.3,86.95,111865
2026-04-17 10:45:00,10:45:00,87.05,87.8,85.0,87.8,127010
2026-04-17 10:46:00,10:46:00,87.65,89.75,86.65,87.15,392535
2026-04-17 10:47:00,10:47:00,87.25,88.85,85.9,86.45,151190
2026-04-17 10:48:00,10:48:00,86.1,87.25,84.35,85.35,172185
2026-04-17 10:49:00,10:49:00,85.85,87.55,85.35,86.2,140140
2026-04-17 10:50:00,10:50:00,86.2,87.6,84.6,86.75,145990
2026-04-17 10:51:00,10:51:00,86.65,86.75,83.1,84.25,168285
2026-04-17 10:52:00,10:52:00,83.9,85.6,83.7,84.5,94770
2026-04-17 10:53:00,10:53:00,84.8,85.0,83.15,83.75,76245
2026-04-17 10:54:00,10:54:00,83.55,86.65,83.4,85.35,114660
2026-04-17 10:55:00,10:55:00,85.1,86.3,85.0,86.05,92040
2026-04-17 10:56:00,10:56:00,85.6,87.4,85.25,87.3,116025
2026-04-17 10:57:00,10:57:00,87.0,87.3,84.75,86.3,134355
2026-04-17 10:58:00,10:58:00,85.7,86.3,83.2,84.1,120510
2026-04-17 10:59:00,10:59:00,84.6,85.2,83.4,83.4,74555
2026-04-17 11:00:00,11:00:00,83.15,83.9,82.0,83.5,208000
2026-04-17 11:01:00,11:01:00,83.6,85.25,83.35,84.15,129870
2026-04-17 11:02:00,11:02:00,84.15,85.25,82.15,82.15,103285
2026-04-17 11:03:00,11:03:00,81.8,82.7,79.5,80.2,413530
2026-04-17 11:04:00,11:04:00,80.25,80.6,77.2,80.5,545025
2026-04-17 11:05:00,11:05:00,80.85,82.5,80.1,81.9,218725
2026-04-17 11:06:00,11:06:00,82.2,83.45,79.25,80.5,208325
2026-04-17 11:07:00,11:07:00,80.3,84.7,80.3,82.4,231075
2026-04-17 11:08:00,11:08:00,82.2,82.85,81.55,82.8,97825
2026-04-17 11:09:00,11:09:00,82.95,83.2,81.75,82.4,104845
2026-04-17 11:10:00,11:10:00,82.6,87.65,82.4,87.45,450125
2026-04-17 11:11:00,11:11:00,88.4,89.35,87.0,87.3,424125
2026-04-17 11:12:00,11:12:00,86.8,88.05,84.45,84.55,314730
2026-04-17 11:13:00,11:13:00,84.7,86.6,83.9,86.5,172185
2026-04-17 11:14:00,11:14:00,86.45,86.75,84.05,85.75,105950
2026-04-17 11:15:00,11:15:00,85.9,88.4,85.75,88.4,188370
2026-04-17 11:16:00,11:16:00,88.55,89.0,87.3,88.4,167700
2026-04-17 11:17:00,11:17:00,89.05,89.05,86.6,86.8,185380
2026-04-17 11:18:00,11:18:00,70.15,72.5,70.0,71.0,365885
2026-04-17 11:19:00,11:19:00,70.9,71.95,69.95,71.7,298415
2026-04-17 11:20:00,11:20:00,71.95,72.7,70.55,71.4,429000
2026-04-17 11:21:00,11:21:00,71.35,71.85,70.9,71.7,157170
2026-04-17 11:22:00,11:22:00,71.7,72.65,71.55,72.25,323505
2026-04-17 11:23:00,11:23:00,72.2,73.1,72.05,72.55,318890
2026-04-17 11:24:00,11:24:00,90.0,90.0,86.8,87.95,191685
2026-04-17 11:25:00,11:25:00,70.85,72.6,70.1,72.45,392080
2026-04-17 11:26:00,11:26:00,72.6,72.95,71.55,72.35,220740
2026-04-17 11:27:00,11:27:00,89.5,89.6,84.85,87.6,280150
2026-04-17 11:28:00,11:28:00,87.15,87.95,85.4,87.5,122460
2026-04-17 11:29:00,11:29:00,70.65,71.35,70.0,70.95,218725
2026-04-17 11:30:00,11:30:00,71.05,73.95,70.7,71.95,564200
2026-04-17 11:31:00,11:31:00,88.45,88.9,86.8,87.5,155415
2026-04-17 11:32:00,11:32:00,70.7,70.95,69.75,70.5,191425
2026-04-17 11:33:00,11:33:00,70.5,73.1,70.5,72.9,293670
2026-04-17 11:34:00,11:34:00,73.1,73.5,71.65,73.25,342680
2026-04-17 11:35:00,11:35:00,73.3,74.15,71.85,73.55,403910
2026-04-17 11:36:00,11:36:00,73.25,75.4,73.2,73.95,622310
2026-04-17 11:37:00,11:37:00,74.2,75.45,73.75,73.75,437125
2026-04-17 11:38:00,11:38:00,73.85,74.7,73.3,74.0,371930
2026-04-17 11:39:00,11:39:00,74.05,74.1,71.6,73.4,389415
2026-04-17 11:40:00,11:40:00,73.05,74.5,72.8,73.8,229970
2026-04-17 11:41:00,11:41:00,73.75,74.95,73.45,73.6,243230
2026-04-17 11:42:00,11:42:00,73.6,74.5,72.5,74.3,257270
2026-04-17 11:43:00,11:43:00,74.5,77.8,74.4,77.35,761930
2026-04-17 11:44:00,11:44:00,77.25,79.8,76.0,76.4,1036295
2026-04-17 11:45:00,11:45:00,76.6,76.6,74.35,74.85,542620
2026-04-17 11:46:00,11:46:00,75.1,76.1,74.0,74.85,348855
2026-04-17 11:47:00,11:47:00,74.9,75.75,72.2,72.25,576160
2026-04-17 11:48:00,11:48:00,72.35,72.5,70.2,72.35,578565
2026-04-17 11:49:00,11:49:00,72.6,72.6,70.1,71.75,348530
2026-04-17 11:50:00,11:50:00,71.9,75.75,71.75,75.75,538460
2026-04-17 11:51:00,11:51:00,75.85,77.5,75.0,77.5,650130
2026-04-17 11:52:00,11:52:00,77.8,77.8,75.25,75.3,610935
2026-04-17 11:53:00,11:53:00,75.35,78.85,74.35,78.35,535990
2026-04-17 11:54:00,11:54:00,78.5,83.5,78.35,82.0,1578330
2026-04-17 11:55:00,11:55:00,81.75,84.1,81.0,84.1,921700
2026-04-17 11:56:00,11:56:00,83.95,84.1,79.5,79.9,1057355
2026-04-17 11:57:00,11:57:00,79.6,80.85,79.2,80.3,466050
2026-04-17 11:58:00,11:58:00,80.15,80.3,75.45,75.45,777335
2026-04-17 11:59:00,11:59:00,93.3,94.1,88.25,88.85,485615
2026-04-17 12:00:00,12:00:00,88.15,89.05,85.1,86.5,547560
2026-04-17 12:01:00,12:01:00,70.35,72.95,70.0,72.6,861120
2026-04-17 12:02:00,12:02:00,89.35,89.7,88.35,88.5,214695
2026-04-17 12:03:00,12:03:00,88.55,88.85,86.15,87.05,183170
2026-04-17 12:04:00,12:04:00,86.6,87.6,86.0,86.0,143780
2026-04-17 12:05:00,12:05:00,86.05,86.8,84.5,85.15,280735
2026-04-17 12:06:00,12:06:00,85.2,88.0,85.15,87.85,190580
2026-04-17 12:07:00,12:07:00,71.25,72.8,71.15,72.6,610285
2026-04-17 12:08:00,12:08:00,72.45,73.25,71.5,71.75,564460
2026-04-17 12:09:00,12:09:00,71.8,72.65,71.1,72.05,280995
2026-04-17 12:10:00,12:10:00,72.2,72.7,71.35,71.35,210990
2026-04-17 12:11:00,12:11:00,71.0,73.3,70.6,73.3,336895
2026-04-17 12:12:00,12:12:00,73.15,73.65,72.0,73.2,348270
2026-04-17 12:13:00,12:13:00,73.05,73.35,70.95,72.0,305045
2026-04-17 12:14:00,12:14:00,71.95,73.75,71.95,73.65,216190
2026-04-17 12:15:00,12:15:00,73.7,74.75,72.15,74.75,376610
2026-04-17 12:16:00,12:16:00,74.8,75.35,73.2,74.0,561470
2026-04-17 12:17:00,12:17:00,73.9,74.6,73.0,73.75,204295
2026-04-17 12:18:00,12:18:00,73.65,74.7,73.1,74.0,160420
2026-04-17 12:19:00,12:19:00,73.95,74.7,73.1,73.1,187200
2026-04-17 12:20:00,12:20:00,73.2,74.0,71.95,72.0,282555
2026-04-17 12:21:00,12:21:00,72.1,73.85,71.95,72.45,164905
2026-04-17 12:22:00,12:22:00,72.5,73.7,71.55,73.5,215475
2026-04-17 12:23:00,12:23:00,73.5,73.9,72.6,73.65,138320
2026-04-17 12:24:00,12:24:00,73.75,74.7,73.6,74.3,216710
2026-04-17 12:25:00,12:25:00,74.2,74.6,72.9,73.5,163995
2026-04-17 12:26:00,12:26:00,73.55,74.5,73.0,74.25,115765
2026-04-17 12:27:00,12:27:00,74.55,74.6,73.2,73.35,123760
2026-04-17 12:28:00,12:28:00,73.7,73.7,72.15,72.3,155675
2026-04-17 12:29:00,12:29:00,72.0,72.85,71.8,71.8,159835
2026-04-17 12:30:00,12:30:00,71.65,72.55,71.0,71.95,368810
2026-04-17 12:31:00,12:31:00,72.15,72.5,71.1,71.1,147940
2026-04-17 12:32:00,12:32:00,87.7,88.25,85.35,86.45,332540
2026-04-17 12:33:00,12:33:00,86.5,87.55,85.0,87.55,196105
2026-04-17 12:34:00,12:34:00,87.0,87.55,84.8,85.1,147940
2026-04-17 12:35:00,12:35:00,84.95,86.8,84.8,86.8,108875
2026-04-17 12:36:00,12:36:00,86.65,87.65,85.9,85.9,142610
2026-04-17 12:37:00,12:37:00,86.0,86.95,85.3,85.3,61815
2026-04-17 12:38:00,12:38:00,85.5,86.7,85.05,86.0,108290
2026-04-17 12:39:00,12:39:00,85.7,86.0,84.0,84.15,155935
2026-04-17 12:40:00,12:40:00,84.15,85.1,82.95,84.7,211705
2026-04-17 12:41:00,12:41:00,84.85,85.7,84.65,85.65,120250
2026-04-17 12:42:00,12:42:00,86.0,87.5,85.5,87.4,190840
2026-04-17 12:43:00,12:43:00,87.25,87.55,85.75,86.35,117195
2026-04-17 12:44:00,12:44:00,85.6,86.35,82.95,84.95,235300
2026-04-17 12:45:00,12:45:00,85.0,86.75,84.6,86.2,157560
2026-04-17 12:46:00,12:46:00,69.7,70.2,69.15,69.7,198770
2026-04-17 12:47:00,12:47:00,86.1,86.7,84.7,84.9,80665
2026-04-17 12:48:00,12:48:00,84.75,85.25,82.15,83.55,199420
2026-04-17 12:49:00,12:49:00,83.5,85.6,83.5,85.0,112385
2026-04-17 12:50:00,12:50:00,85.3,86.15,84.75,84.95,96265
2026-04-17 12:51:00,12:51:00,84.85,84.95,82.5,83.3,94120
2026-04-17 12:52:00,12:52:00,83.3,83.9,80.6,81.6,208065
2026-04-17 12:53:00,12:53:00,81.5,81.6,80.35,81.5,124280
2026-04-17 12:54:00,12:54:00,81.65,82.1,80.5,80.85,79235
2026-04-17 12:55:00,12:55:00,81.2,82.4,80.65,82.4,74425
2026-04-17 12:56:00,12:56:00,82.8,83.9,82.4,83.4,80080
2026-04-17 12:57:00,12:57:00,83.5,83.6,81.3,81.9,60905
2026-04-17 12:58:00,12:58:00,82.0,82.2,81.05,81.95,48945
2026-04-17 12:59:00,12:59:00,82.05,83.5,81.0,82.75,67275
2026-04-17 13:00:00,13:00:00,82.9,83.9,81.8,83.9,80990
2026-04-17 13:01:00,13:01:00,84.2,84.2,82.0,83.6,115375
2026-04-17 13:02:00,13:02:00,83.4,84.7,83.0,83.6,104585
2026-04-17 13:03:00,13:03:00,83.75,83.9,82.0,82.55,67145
2026-04-17 13:04:00,13:04:00,82.7,84.85,82.55,83.3,90415
2026-04-17 13:05:00,13:05:00,83.25,85.4,83.0,85.4,74360
2026-04-17 13:06:00,13:06:00,68.75,70.1,68.75,69.6,511940
2026-04-17 13:07:00,13:07:00,69.5,70.55,68.8,70.2,252655
2026-04-17 13:08:00,13:08:00,70.4,71.45,70.0,71.45,419835
2026-04-17 13:09:00,13:09:00,71.3,73.0,71.25,71.45,574080
2026-04-17 13:10:00,13:10:00,71.7,72.75,71.4,72.75,367120
2026-04-17 13:11:00,13:11:00,72.6,73.0,71.85,72.5,415805
2026-04-17 13:12:00,13:12:00,72.8,74.4,72.3,74.25,556855
2026-04-17 13:13:00,13:13:00,74.0,74.2,72.55,72.85,378365
2026-04-17 13:14:00,13:14:00,72.8,73.1,71.85,72.15,290680
2026-04-17 13:15:00,13:15:00,72.0,73.55,71.5,72.9,283205
2026-04-17 13:16:00,13:16:00,72.85,73.45,70.55,71.5,388440
2026-04-17 13:17:00,13:17:00,71.45,71.7,69.0,70.4,536055
2026-04-17 13:18:00,13:18:00,87.25,87.5,85.1,85.6,101530
2026-04-17 13:19:00,13:19:00,85.65,86.25,83.8,84.1,178295
2026-04-17 13:20:00,13:20:00,84.5,86.25,84.0,85.6,159250
2026-04-17 13:21:00,13:21:00,85.45,85.9,84.0,84.8,97500
2026-04-17 13:22:00,13:22:00,84.55,87.4,84.3,87.15,107770
2026-04-17 13:23:00,13:23:00,70.25,72.9,70.05,72.05,471705
2026-04-17 13:24:00,13:24:00,88.7,89.65,85.3,85.75,232310
2026-04-17 13:25:00,13:25:00,85.6,86.2,84.95,85.55,186030
2026-04-17 13:26:00,13:26:00,85.05,86.75,84.0,86.75,158470
2026-04-17 13:27:00,13:27:00,70.1,71.8,69.1,71.75,406250
2026-04-17 13:28:00,13:28:00,71.55,73.0,71.35,73.0,336375
2026-04-17 13:29:00,13:29:00,72.8,73.5,71.75,73.3,310245
2026-04-17 13:30:00,13:30:00,73.8,74.0,72.3,72.45,421395
2026-04-17 13:31:00,13:31:00,72.65,74.2,72.1,73.95,406510
2026-04-17 13:32:00,13:32:00,73.3,74.4,72.25,74.3,324350
2026-04-17 13:33:00,13:33:00,74.4,74.85,73.55,74.15,404365
2026-04-17 13:34:00,13:34:00,74.2,75.1,73.85,75.1,324805
2026-04-17 13:35:00,13:35:00,75.1,75.25,72.75,72.8,462540
2026-04-17 13:36:00,13:36:00,72.85,73.65,72.4,72.95,522405
2026-04-17 13:37:00,13:37:00,73.1,74.45,72.95,74.35,304720
2026-04-17 13:38:00,13:38:00,74.05,75.15,73.4,75.05,315120
2026-04-17 13:39:00,13:39:00,75.3,78.6,75.05,77.75,882310
2026-04-17 13:40:00,13:40:00,77.15,79.95,76.8,79.4,961090
2026-04-17 13:41:00,13:41:00,79.3,82.7,78.75,82.7,1048060
2026-04-17 13:42:00,13:42:00,82.55,83.0,80.25,82.15,850785
2026-04-17 13:43:00,13:43:00,82.0,82.15,76.8,78.6,1010815
2026-04-17 13:44:00,13:44:00,78.3,78.6,75.3,75.55,748995
2026-04-17 13:45:00,13:45:00,76.05,77.95,75.55,77.0,452660
2026-04-17 13:46:00,13:46:00,76.8,78.2,75.5,77.85,397800
2026-04-17 13:47:00,13:47:00,77.75,78.0,76.6,77.35,262210
2026-04-17 13:48:00,13:48:00,77.65,78.1,77.1,77.25,379600
2026-04-17 13:49:00,13:49:00,77.0,77.75,76.05,76.9,303290
2026-04-17 13:50:00,13:50:00,76.95,77.5,76.0,76.2,309140
2026-04-17 13:51:00,13:51:00,75.8,76.45,75.2,76.25,333970
2026-04-17 13:52:00,13:52:00,76.4,76.95,75.55,76.2,205010
2026-04-17 13:53:00,13:53:00,76.1,76.35,73.5,75.1,828685
2026-04-17 13:54:00,13:54:00,75.3,76.85,74.85,76.85,285870
2026-04-17 13:55:00,13:55:00,76.8,77.5,75.95,75.95,298740
2026-04-17 13:56:00,13:56:00,75.7,76.0,72.8,74.75,528840
2026-04-17 13:57:00,13:57:00,74.95,76.2,74.55,75.85,202410
2026-04-17 13:58:00,13:58:00,75.9,77.05,75.5,76.85,281385
2026-04-17 13:59:00,13:59:00,76.75,77.4,75.55,75.6,244725
2026-04-17 14:00:00,14:00:00,75.5,78.45,75.5,78.0,479635
2026-04-17 14:01:00,14:01:00,77.9,78.65,77.75,78.4,254605
2026-04-17 14:02:00,14:02:00,78.55,78.55,77.55,78.45,223080
2026-04-17 14:03:00,14:03:00,78.15,78.8,77.85,78.0,213850
2026-04-17 14:04:00,14:04:00,78.1,78.1,74.0,75.25,663975
2026-04-17 14:05:00,14:05:00,74.95,76.25,73.9,76.15,341965
2026-04-17 14:06:00,14:06:00,76.4,78.25,75.65,77.4,455845
2026-04-17 14:07:00,14:07:00,77.25,79.9,77.25,79.3,342810
2026-04-17 14:08:00,14:08:00,79.15,79.35,76.6,77.7,381160
2026-04-17 14:09:00,14:09:00,78.15,79.5,77.6,78.3,437385
2026-04-17 14:10:00,14:10:00,78.05,80.45,77.7,80.1,369980
2026-04-17 14:11:00,14:11:00,79.9,80.65,79.7,80.1,538590
2026-04-17 14:12:00,14:12:00,80.1,80.35,78.95,79.0,322660
2026-04-17 14:13:00,14:13:00,79.0,79.4,77.2,77.3,429260
2026-04-17 14:14:00,14:14:00,77.35,77.35,75.5,76.7,455455
2026-04-17 14:15:00,14:15:00,76.75,77.55,76.35,77.0,220415
2026-04-17 14:16:00,14:16:00,76.9,78.7,76.75,78.5,363805
2026-04-17 14:17:00,14:17:00,78.45,80.5,77.0,77.2,686725
2026-04-17 14:18:00,14:18:00,76.6,79.95,75.75,79.5,472355
2026-04-17 14:19:00,14:19:00,78.9,79.65,78.85,79.1,284440
2026-04-17 14:20:00,14:20:00,79.1,83.15,79.1,82.9,887315
2026-04-17 14:21:00,14:21:00,66.55,66.55,64.9,65.55,241020
2026-04-17 14:22:00,14:22:00,81.15,81.7,77.2,79.25,820430
2026-04-17 14:23:00,14:23:00,79.45,80.0,78.5,79.15,266630
2026-04-17 14:24:00,14:24:00,79.15,81.45,78.95,80.4,452075
2026-04-17 14:25:00,14:25:00,80.6,80.95,78.85,79.45,410800
2026-04-17 14:26:00,14:26:00,79.4,79.55,76.5,77.1,503685
2026-04-17 14:27:00,14:27:00,76.5,78.0,76.05,76.85,372775
2026-04-17 14:28:00,14:28:00,77.3,77.85,75.25,75.25,610675
2026-04-17 14:29:00,14:29:00,75.55,76.2,74.5,74.7,637910
2026-04-17 14:30:00,14:30:00,74.8,76.75,73.9,76.4,464490
2026-04-17 14:31:00,14:31:00,76.4,77.55,76.2,76.7,422630
2026-04-17 14:32:00,14:32:00,77.1,77.4,76.0,77.35,295880
2026-04-17 14:33:00,14:33:00,77.1,78.0,76.25,77.2,242190
2026-04-17 14:34:00,14:34:00,77.35,78.75,76.5,78.65,284245
2026-04-17 14:35:00,14:35:00,78.85,79.2,77.8,78.75,468260
2026-04-17 14:36:00,14:36:00,77.95,82.8,77.95,82.25,1022970
2026-04-17 14:37:00,14:37:00,82.4,82.85,81.0,81.1,574470
2026-04-17 14:38:00,14:38:00,64.95,66.7,63.75,66.6,181155
2026-04-17 14:39:00,14:39:00,67.35,67.35,65.55,65.8,186485
2026-04-17 14:40:00,14:40:00,65.4,68.05,65.0,65.0,330720
2026-04-17 14:41:00,14:41:00,65.5,66.5,64.8,66.3,150735
2026-04-17 14:42:00,14:42:00,66.9,70.15,66.3,70.0,295945
2026-04-17 14:43:00,14:43:00,69.3,73.6,68.95,70.2,674440
2026-04-17 14:44:00,14:44:00,70.05,74.6,70.05,74.2,539825
2026-04-17 14:45:00,14:45:00,72.85,76.45,72.0,75.6,547495
2026-04-17 14:46:00,14:46:00,74.95,81.2,74.95,79.0,981500
2026-04-17 14:47:00,14:47:00,78.65,79.75,73.4,75.25,508105
2026-04-17 14:48:00,14:48:00,75.5,76.5,73.55,75.2,245700
2026-04-17 14:49:00,14:49:00,75.0,77.05,74.9,75.15,264680
2026-04-17 14:50:00,14:50:00,75.2,75.95,73.95,75.95,174265
2026-04-17 14:51:00,14:51:00,75.9,77.8,75.3,77.3,289965
2026-04-17 14:52:00,14:52:00,77.4,78.95,75.45,77.0,346970
2026-04-17 14:53:00,14:53:00,76.95,77.35,75.6,76.25,177190
2026-04-17 14:54:00,14:54:00,76.4,76.8,75.3,76.3,174200
2026-04-17 14:55:00,14:55:00,76.15,77.25,75.2,76.25,175890
2026-04-17 14:56:00,14:56:00,76.0,76.25,74.05,74.7,230685
2026-04-17 14:57:00,14:57:00,74.8,75.3,72.75,74.95,273195
2026-04-17 14:58:00,14:58:00,74.95,76.0,74.85,75.2,188370
2026-04-17 14:59:00,14:59:00,74.9,76.2,74.25,74.55,171210
2026-04-17 15:00:00,15:00:00,74.95,77.4,66.25,68.35,841815
2026-04-17 15:01:00,15:01:00,68.5,71.4,68.35,69.0,365235
2026-04-17 15:02:00,15:02:00,68.7,69.8,67.2,69.55,234650
2026-04-17 15:03:00,15:03:00,69.35,70.6,68.6,69.5,184795
2026-04-17 15:04:00,15:04:00,70.1,74.0,69.5,73.85,270270
2026-04-17 15:05:00,15:05:00,73.95,76.25,73.25,76.25,361075
2026-04-17 15:06:00,15:06:00,75.8,76.25,73.55,74.35,266240
2026-04-17 15:07:00,15:07:00,74.25,74.75,73.3,74.0,121550
2026-04-17 15:08:00,15:08:00,73.55,75.25,72.0,75.25,286650
2026-04-17 15:09:00,15:09:00,75.1,75.4,74.25,74.55,115765
2026-04-17 15:10:00,15:10:00,73.8,75.1,73.65,74.8,159315
2026-04-17 15:11:00,15:11:00,74.3,74.9,73.5,74.7,99580
2026-04-17 15:12:00,15:12:00,74.75,74.75,73.85,74.3,114075
2026-04-17 15:13:00,15:13:00,74.6,74.6,72.85,73.15,175370
2026-04-17 15:14:00,15:14:00,73.05,74.05,73.05,74.05,147485
2026-04-17 15:15:00,15:15:00,73.3,74.05,71.25,72.05,313300
2026-04-17 15:16:00,15:16:00,71.95,73.7,70.85,73.15,196300
2026-04-17 15:17:00,15:17:00,73.1,74.1,72.5,74.1,209170
2026-04-17 15:18:00,15:18:00,73.9,74.15,73.1,73.6,133575
2026-04-17 15:19:00,15:19:00,73.5,73.85,72.75,73.3,144495
2026-04-17 15:20:00,15:20:00,73.1,73.55,70.4,71.0,330655
2026-04-17 15:21:00,15:21:00,71.15,72.45,69.45,72.1,338000
2026-04-17 15:22:00,15:22:00,71.85,74.0,71.7,73.65,317655
2026-04-17 15:23:00,15:23:00,73.3,74.4,73.2,74.2,211705
2026-04-17 15:24:00,15:24:00,73.9,74.7,73.5,74.0,136565
2026-04-17 15:25:00,15:25:00,73.9,75.1,73.25,74.9,289445
2026-04-17 15:26:00,15:26:00,74.95,75.2,74.5,74.8,240630
2026-04-17 15:27:00,15:27:00,74.8,75.4,74.45,75.1,214240
2026-04-17 15:28:00,15:28:00,74.95,75.35,74.25,75.35,291005
2026-04-17 15:29:00,15:29:00,75.2,78.95,75.2,78.15,576290
2026-04-20 09:15:00,09:15:00,205.0,205.0,123.85,126.6,2831465
2026-04-20 09:16:00,09:16:00,162.6,162.6,134.1,144.4,1314235
2026-04-20 09:17:00,09:17:00,123.75,139.2,118.65,138.2,3531320
2026-04-20 09:18:00,09:18:00,139.35,144.55,129.35,132.35,2991105
2026-04-20 09:19:00,09:19:00,107.6,126.5,106.65,126.5,1499875
2026-04-20 09:20:00,09:20:00,126.6,135.0,126.15,132.85,2711865
2026-04-20 09:21:00,09:21:00,134.0,138.65,127.4,138.15,1862770
2026-04-20 09:22:00,09:22:00,113.95,119.75,110.9,117.1,2420210
2026-04-20 09:23:00,09:23:00,117.35,125.4,115.7,122.4,2390570
2026-04-20 09:24:00,09:24:00,119.85,125.55,118.95,122.6,1664065
2026-04-20 09:25:00,09:25:00,120.9,138.35,120.9,134.5,3639675
2026-04-20 09:26:00,09:26:00,133.9,135.2,118.8,120.65,2303730
2026-04-20 09:27:00,09:27:00,120.0,125.8,119.75,124.0,1392365
2026-04-20 09:28:00,09:28:00,124.2,135.9,124.0,129.05,2701010
2026-04-20 09:29:00,09:29:00,128.15,129.7,121.0,122.15,1202955
2026-04-20 09:30:00,09:30:00,121.35,125.75,116.5,118.15,1548105
2026-04-20 09:31:00,09:31:00,142.85,144.0,139.5,141.15,867945
2026-04-20 09:32:00,09:32:00,140.6,143.75,127.35,130.75,1208025
2026-04-20 09:33:00,09:33:00,131.15,141.15,129.5,139.4,1390025
2026-04-20 09:34:00,09:34:00,139.3,139.95,129.0,133.35,838565
2026-04-20 09:35:00,09:35:00,133.55,136.9,128.65,133.85,773435
2026-04-20 09:36:00,09:36:00,133.55,138.4,126.3,129.0,872755
2026-04-20 09:37:00,09:37:00,128.25,131.8,127.25,128.45,421135
2026-04-20 09:38:00,09:38:00,128.6,132.65,123.5,125.35,823485
2026-04-20 09:39:00,09:39:00,125.35,129.35,124.2,129.15,583700
2026-04-20 09:40:00,09:40:00,128.45,129.15,124.65,128.7,536315
2026-04-20 09:41:00,09:41:00,127.7,132.9,120.4,120.95,944320
2026-04-20 09:42:00,09:42:00,146.4,151.75,141.9,146.4,1060540
2026-04-20 09:43:00,09:43:00,147.0,147.0,135.6,136.25,1662115
2026-04-20 09:44:00,09:44:00,135.75,136.65,129.2,131.1,1644175
2026-04-20 09:45:00,09:45:00,129.1,131.6,125.0,128.3,1659515
2026-04-20 09:46:00,09:46:00,129.3,129.3,124.35,125.25,1145040
2026-04-20 09:47:00,09:47:00,123.45,125.25,119.9,121.4,1496170
2026-04-20 09:48:00,09:48:00,121.4,124.05,120.2,122.55,975845
2026-04-20 09:49:00,09:49:00,122.1,126.7,122.1,124.15,1228175
2026-04-20 09:50:00,09:50:00,124.8,124.8,120.35,123.65,1062750
2026-04-20 09:51:00,09:51:00,122.65,128.75,122.0,125.15,1178060
2026-04-20 09:52:00,09:52:00,125.35,130.9,125.05,129.95,1582230
2026-04-20 09:53:00,09:53:00,130.25,138.6,129.35,135.35,2678390
2026-04-20 09:54:00,09:54:00,110.5,123.6,110.5,122.75,1892345
2026-04-20 09:55:00,09:55:00,123.6,128.4,117.75,125.65,2007850
2026-04-20 09:56:00,09:56:00,124.65,125.65,116.45,118.85,1235780
2026-04-20 09:57:00,09:57:00,118.45,121.35,115.5,117.35,768755
2026-04-20 09:58:00,09:58:00,142.35,144.4,139.05,142.1,630435
2026-04-20 09:59:00,09:59:00,116.1,122.55,115.2,120.85,707005
2026-04-20 10:00:00,10:00:00,121.0,122.85,116.9,121.5,647010
2026-04-20 10:01:00,10:01:00,123.0,124.7,118.4,119.65,793195
2026-04-20 10:02:00,10:02:00,118.85,127.4,117.65,126.25,1015625
2026-04-20 10:03:00,10:03:00,127.6,139.2,126.25,135.95,2661685
2026-04-20 10:04:00,10:04:00,134.95,135.95,127.5,133.8,1328210
2026-04-20 10:05:00,10:05:00,134.45,137.85,133.1,136.85,1065480
2026-04-20 10:06:00,10:06:00,136.85,137.25,130.3,133.6,701610
2026-04-20 10:07:00,10:07:00,133.15,139.8,133.05,138.9,1010165
2026-04-20 10:08:00,10:08:00,114.6,120.55,113.85,119.6,2574975
2026-04-20 10:09:00,10:09:00,118.85,126.9,117.7,124.05,2550015
2026-04-20 10:10:00,10:10:00,124.5,124.5,118.6,122.95,1749605
2026-04-20 10:11:00,10:11:00,121.6,122.95,119.4,120.0,856765
2026-04-20 10:12:00,10:12:00,146.3,149.2,139.5,140.15,774605
2026-04-20 10:13:00,10:13:00,140.25,145.3,139.65,145.25,525850
2026-04-20 10:14:00,10:14:00,117.05,123.35,116.15,121.6,1035125
2026-04-20 10:15:00,10:15:00,121.8,123.8,118.4,123.8,1117415
2026-04-20 10:16:00,10:16:00,124.65,127.8,123.8,125.85,1802255
2026-04-20 10:17:00,10:17:00,125.85,131.85,125.2,129.8,2316015
2026-04-20 10:18:00,10:18:00,130.65,132.45,124.2,128.2,1739010
2026-04-20 10:19:00,10:19:00,128.1,128.85,124.0,126.55,796770
2026-04-20 10:20:00,10:20:00,126.4,129.1,121.3,121.85,1105780
2026-04-20 10:21:00,10:21:00,122.15,123.8,116.9,123.8,1411085
2026-04-20 10:22:00,10:22:00,124.8,128.45,123.15,125.75,1243060
2026-04-20 10:23:00,10:23:00,125.6,129.0,124.0,129.0,945165
2026-04-20 10:24:00,10:24:00,129.25,134.7,129.0,131.1,2380040
2026-04-20 10:25:00,10:25:00,129.75,131.1,123.25,128.65,1599520
2026-04-20 10:26:00,10:26:00,129.0,133.2,128.65,133.05,1360840
2026-04-20 10:27:00,10:27:00,131.2,133.05,126.25,130.85,983775
2026-04-20 10:28:00,10:28:00,130.45,136.0,128.55,136.0,1590940
2026-04-20 10:29:00,10:29:00,136.3,136.7,132.0,136.4,1542775
2026-04-20 10:30:00,10:30:00,110.85,124.65,110.15,123.8,2427230
2026-04-20 10:31:00,10:31:00,124.35,128.9,121.85,126.2,1769560
2026-04-20 10:32:00,10:32:00,126.05,133.2,124.6,129.25,2001935
2026-04-20 10:33:00,10:33:00,130.2,131.5,124.55,128.45,993070
2026-04-20 10:34:00,10:34:00,129.4,130.2,122.55,125.35,834730
2026-04-20 10:35:00,10:35:00,125.35,129.0,123.55,127.05,852475
2026-04-20 10:36:00,10:36:00,127.9,129.5,123.85,124.5,713505
2026-04-20 10:37:00,10:37:00,125.15,129.8,124.05,126.55,664560
2026-04-20 10:38:00,10:38:00,127.05,127.1,121.8,122.3,643305
2026-04-20 10:39:00,10:39:00,122.1,125.5,118.5,124.55,1090310
2026-04-20 10:40:00,10:40:00,124.75,130.8,124.35,129.4,1277705
2026-04-20 10:41:00,10:41:00,129.65,130.05,126.2,127.25,618345
2026-04-20 10:42:00,10:42:00,127.8,128.5,124.4,128.35,558805
2026-04-20 10:43:00,10:43:00,127.85,128.35,124.7,127.65,410215
2026-04-20 10:44:00,10:44:00,127.25,128.9,126.3,126.5,491920
2026-04-20 10:45:00,10:45:00,125.35,126.5,121.0,121.2,1016730
2026-04-20 10:46:00,10:46:00,147.35,148.55,142.25,144.45,1076010
2026-04-20 10:47:00,10:47:00,119.6,126.35,118.1,124.25,876720
2026-04-20 10:48:00,10:48:00,124.1,126.85,123.7,126.35,542490
2026-04-20 10:49:00,10:49:00,125.3,126.35,121.0,124.25,363415
2026-04-20 10:50:00,10:50:00,150.15,151.0,143.05,143.95,682565
2026-04-20 10:51:00,10:51:00,143.65,144.25,139.1,140.25,1012895
2026-04-20 10:52:00,10:52:00,141.85,148.55,140.25,144.0,859950
2026-04-20 10:53:00,10:53:00,118.95,121.45,118.2,121.1,350610
2026-04-20 10:54:00,10:54:00,121.8,123.0,118.9,121.2,414245
2026-04-20 10:55:00,10:55:00,146.95,147.25,140.95,142.2,525460
2026-04-20 10:56:00,10:56:00,142.95,144.1,140.5,143.8,365105
2026-04-20 10:57:00,10:57:00,118.9,121.75,118.5,121.1,614055
2026-04-20 10:58:00,10:58:00,120.8,123.3,119.55,122.75,547560
2026-04-20 10:59:00,10:59:00,122.7,123.55,120.7,122.35,471575
2026-04-20 11:00:00,11:00:00,148.95,149.3,140.55,145.4,975715
2026-04-20 11:01:00,11:01:00,145.15,146.85,142.25,143.85,472940
2026-04-20 11:02:00,11:02:00,144.55,146.0,141.0,142.85,387790
2026-04-20 11:03:00,11:03:00,143.0,148.25,141.5,148.0,562965
2026-04-20 11:04:00,11:04:00,121.9,128.0,120.65,127.1,1084785
2026-04-20 11:05:00,11:05:00,126.75,127.75,123.7,127.4,841165
2026-04-20 11:06:00,11:06:00,127.6,129.35,120.55,122.15,1091675
2026-04-20 11:07:00,11:07:00,121.85,124.95,121.75,122.85,321425
2026-04-20 11:08:00,11:08:00,149.2,149.9,142.1,142.1,727610
2026-04-20 11:09:00,11:09:00,142.15,142.8,138.2,139.45,1171365
2026-04-20 11:10:00,11:10:00,138.95,141.15,133.7,140.4,1868230
2026-04-20 11:11:00,11:11:00,139.15,141.35,137.6,138.4,747045
2026-04-20 11:12:00,11:12:00,138.8,144.2,138.4,142.05,1063465
2026-04-20 11:13:00,11:13:00,139.45,142.95,139.0,142.7,525200
2026-04-20 11:14:00,11:14:00,142.15,143.0,135.1,135.1,871325
2026-04-20 11:15:00,11:15:00,135.6,144.8,135.1,144.8,782080
2026-04-20 11:16:00,11:16:00,144.9,148.25,141.2,141.45,1249430
2026-04-20 11:17:00,11:17:00,141.7,146.55,141.05,145.95,416585
2026-04-20 11:18:00,11:18:00,120.15,126.0,119.55,123.6,801840
2026-04-20 11:19:00,11:19:00,123.6,124.0,119.3,122.0,496145
2026-04-20 11:20:00,11:20:00,121.4,124.2,121.0,124.05,391430
2026-04-20 11:21:00,11:21:00,124.1,126.65,121.35,126.2,559585
2026-04-20 11:22:00,11:22:00,126.85,127.3,121.8,125.7,681005
2026-04-20 11:23:00,11:23:00,125.8,129.5,124.4,128.65,723775
2026-04-20 11:24:00,11:24:00,131.45,141.0,128.65,138.05,2674035
2026-04-20 11:25:00,11:25:00,138.95,141.45,136.75,140.6,1428375
2026-04-20 11:26:00,11:26:00,139.65,140.65,137.8,139.8,998855
2026-04-20 11:27:00,11:27:00,139.55,139.8,132.05,137.0,1175330
2026-04-20 11:28:00,11:28:00,137.4,140.55,137.0,139.3,781820
2026-04-20 11:29:00,11:29:00,139.45,143.2,138.7,138.75,1219855
2026-04-20 11:30:00,11:30:00,139.6,141.65,137.05,138.45,771485
2026-04-20 11:31:00,11:31:00,138.35,138.45,132.1,134.65,911430
2026-04-20 11:32:00,11:32:00,134.15,138.4,132.6,136.9,530920
2026-04-20 11:33:00,11:33:00,137.1,137.1,133.6,134.35,379730
2026-04-20 11:34:00,11:34:00,133.9,136.25,132.7,132.95,360815
2026-04-20 11:35:00,11:35:00,133.3,137.95,131.5,137.95,660660
2026-04-20 11:36:00,11:36:00,137.8,138.4,132.3,133.65,491660
2026-04-20 11:37:00,11:37:00,134.25,135.7,132.65,132.95,269230
2026-04-20 11:38:00,11:38:00,132.85,134.65,129.35,134.65,831935
2026-04-20 11:39:00,11:39:00,134.9,137.15,134.4,136.95,610935
2026-04-20 11:40:00,11:40:00,136.5,138.3,135.25,138.05,585000
2026-04-20 11:41:00,11:41:00,137.95,138.2,133.0,135.7,436150
2026-04-20 11:42:00,11:42:00,135.45,139.2,134.9,139.0,640120
2026-04-20 11:43:00,11:43:00,139.85,140.4,137.9,139.25,734825
2026-04-20 11:44:00,11:44:00,139.1,140.45,134.4,136.15,650000
2026-04-20 11:45:00,11:45:00,135.75,139.6,135.5,138.65,443820
2026-04-20 11:46:00,11:46:00,139.5,141.8,138.65,138.85,672425
2026-04-20 11:47:00,11:47:00,139.15,141.5,137.35,138.95,514865
2026-04-20 11:48:00,11:48:00,138.95,139.75,132.8,133.95,698815
2026-04-20 11:49:00,11:49:00,133.8,137.4,132.7,137.2,424255
2026-04-20 11:50:00,11:50:00,136.15,137.2,132.15,132.6,417755
2026-04-20 11:51:00,11:51:00,133.25,135.4,130.85,131.0,476710
2026-04-20 11:52:00,11:52:00,131.15,133.45,130.2,132.55,360555
2026-04-20 11:53:00,11:53:00,133.5,134.85,131.3,134.65,258310
2026-04-20 11:54:00,11:54:00,134.25,138.0,133.9,136.8,502060
2026-04-20 11:55:00,11:55:00,137.2,138.65,134.6,136.15,407875
2026-04-20 11:56:00,11:56:00,135.2,137.4,133.35,135.55,272870
2026-04-20 11:57:00,11:57:00,136.15,137.7,135.0,136.5,167180
2026-04-20 11:58:00,11:58:00,137.2,138.75,135.75,138.6,331370
2026-04-20 11:59:00,11:59:00,138.35,138.6,133.45,136.2,343655
2026-04-20 12:00:00,12:00:00,136.4,141.15,135.9,138.85,669435
2026-04-20 12:01:00,12:01:00,139.0,139.85,133.75,134.0,473850
2026-04-20 12:02:00,12:02:00,133.95,136.65,132.25,136.45,384410
2026-04-20 12:03:00,12:03:00,136.7,136.95,132.9,132.9,202150
2026-04-20 12:04:00,12:04:00,132.65,134.4,131.3,132.25,350805
2026-04-20 12:05:00,12:05:00,132.65,133.4,128.25,128.9,702585
2026-04-20 12:06:00,12:06:00,128.4,130.5,127.05,130.05,647140
2026-04-20 12:07:00,12:07:00,129.55,131.45,128.0,128.75,449670
2026-04-20 12:08:00,12:08:00,129.1,133.0,128.75,131.8,485550
2026-04-20 12:09:00,12:09:00,131.05,131.8,127.5,128.15,527280
2026-04-20 12:10:00,12:10:00,128.4,128.85,123.85,125.9,890630
2026-04-20 12:11:00,12:11:00,126.1,127.85,125.1,126.9,390780
2026-04-20 12:12:00,12:12:00,127.25,130.0,126.4,127.2,408395
2026-04-20 12:13:00,12:13:00,127.3,127.7,122.2,122.6,751660
2026-04-20 12:14:00,12:14:00,121.6,123.4,117.95,123.0,1262105
2026-04-20 12:15:00,12:15:00,122.85,124.0,121.0,123.65,648505
2026-04-20 12:16:00,12:16:00,124.0,126.15,117.35,119.7,925665
2026-04-20 12:17:00,12:17:00,120.85,121.65,118.45,120.05,409500
2026-04-20 12:18:00,12:18:00,120.6,121.75,118.45,120.3,264680
2026-04-20 12:19:00,12:19:00,121.1,121.1,117.4,120.45,374790
2026-04-20 12:20:00,12:20:00,120.8,123.75,120.45,123.75,529490
2026-04-20 12:21:00,12:21:00,123.75,125.0,122.35,122.9,631280
2026-04-20 12:22:00,12:22:00,122.7,126.9,122.35,126.9,678470
2026-04-20 12:23:00,12:23:00,126.8,127.85,123.5,126.3,616200
2026-04-20 12:24:00,12:24:00,126.2,127.6,124.5,127.5,513565
2026-04-20 12:25:00,12:25:00,127.75,129.8,126.45,129.8,709670
2026-04-20 12:26:00,12:26:00,129.35,138.4,125.7,137.35,1876940
2026-04-20 12:27:00,12:27:00,137.3,139.0,135.4,138.05,1042665
2026-04-20 12:28:00,12:28:00,137.35,138.05,132.45,132.6,778050
2026-04-20 12:29:00,12:29:00,132.5,138.85,132.0,137.3,783250
2026-04-20 12:30:00,12:30:00,140.8,141.5,135.55,136.3,1032850
2026-04-20 12:31:00,12:31:00,136.1,136.4,131.05,133.7,694525
2026-04-20 12:32:00,12:32:00,133.9,138.75,133.7,138.75,352495
2026-04-20 12:33:00,12:33:00,138.0,142.3,137.7,139.85,1256255
2026-04-20 12:34:00,12:34:00,140.3,141.25,137.55,138.15,649155
2026-04-20 12:35:00,12:35:00,138.2,140.4,135.0,136.5,585650
2026-04-20 12:36:00,12:36:00,136.2,137.25,130.4,135.1,829465
2026-04-20 12:37:00,12:37:00,135.1,136.1,132.7,133.1,305435
2026-04-20 12:38:00,12:38:00,132.25,140.1,132.25,140.1,527215
2026-04-20 12:39:00,12:39:00,139.0,140.95,137.05,138.35,560235
2026-04-20 12:40:00,12:40:00,138.55,140.5,134.55,136.45,570765
2026-04-20 12:41:00,12:41:00,136.35,139.2,135.3,135.3,320515
2026-04-20 12:42:00,12:42:00,137.0,139.4,135.3,136.1,284505
2026-04-20 12:43:00,12:43:00,136.0,137.5,135.2,135.85,230230
2026-04-20 12:44:00,12:44:00,135.8,136.65,132.85,136.45,319670
2026-04-20 12:45:00,12:45:00,136.1,136.6,134.0,134.35,258960
2026-04-20 12:46:00,12:46:00,134.0,137.1,133.4,137.1,270270
2026-04-20 12:47:00,12:47:00,137.3,142.2,136.0,141.35,829660
2026-04-20 12:48:00,12:48:00,141.95,144.0,140.2,142.4,970515
2026-04-20 12:49:00,12:49:00,142.4,142.4,137.65,140.5,528190
2026-04-20 12:50:00,12:50:00,140.15,144.55,139.6,142.95,556985
2026-04-20 12:51:00,12:51:00,116.65,122.25,114.05,120.75,1841775
2026-04-20 12:52:00,12:52:00,120.5,122.35,118.65,120.25,1732055
2026-04-20 12:53:00,12:53:00,120.2,120.75,115.6,118.7,1152255
2026-04-20 12:54:00,12:54:00,145.4,148.8,139.6,141.0,684970
2026-04-20 12:55:00,12:55:00,115.3,116.9,113.4,116.9,1048710
2026-04-20 12:56:00,12:56:00,143.1,143.35,137.3,137.3,518765
2026-04-20 12:57:00,12:57:00,138.05,140.75,135.5,136.65,577915
2026-04-20 12:58:00,12:58:00,136.45,136.65,132.25,135.3,635245
2026-04-20 12:59:00,12:59:00,135.15,136.45,133.35,134.2,315380
2026-04-20 13:00:00,13:00:00,133.8,135.2,108.1,121.45,2609945
2026-04-20 13:01:00,13:01:00,122.75,124.75,117.0,117.6,1532440
2026-04-20 13:02:00,13:02:00,117.45,123.6,117.15,122.4,897195
2026-04-20 13:03:00,13:03:00,122.7,125.35,120.35,122.25,741065
2026-04-20 13:04:00,13:04:00,122.85,123.05,120.45,121.3,422630
2026-04-20 13:05:00,13:05:00,121.25,125.9,118.65,123.8,817635
2026-04-20 13:06:00,13:06:00,122.65,123.8,112.1,114.85,1476020
2026-04-20 13:07:00,13:07:00,114.1,117.6,110.4,116.3,1071655
2026-04-20 13:08:00,13:08:00,142.85,143.65,139.3,139.3,485420
2026-04-20 13:09:00,13:09:00,139.0,143.55,138.95,139.45,441350
2026-04-20 13:10:00,13:10:00,138.0,139.6,135.55,135.9,960440
2026-04-20 13:11:00,13:11:00,136.05,136.2,128.05,132.4,2149485
2026-04-20 13:12:00,13:12:00,132.2,138.6,129.55,136.65,1548755
2026-04-20 13:13:00,13:13:00,136.95,139.05,135.9,138.6,1070810
2026-04-20 13:14:00,13:14:00,137.95,140.2,135.15,135.4,947570
2026-04-20 13:15:00,13:15:00,134.45,135.4,129.55,131.0,1097265
2026-04-20 13:16:00,13:16:00,131.4,136.75,127.45,135.35,1629030
2026-04-20 13:17:00,13:17:00,134.5,139.05,134.5,138.45,1261000
2026-04-20 13:18:00,13:18:00,138.2,139.4,135.95,137.2,745810
2026-04-20 13:19:00,13:19:00,137.55,137.55,134.2,135.0,624260
2026-04-20 13:20:00,13:20:00,135.25,136.85,133.45,134.7,555685
2026-04-20 13:21:00,13:21:00,134.4,134.7,129.55,132.5,883025
2026-04-20 13:22:00,13:22:00,132.85,132.85,125.35,126.8,1145820
2026-04-20 13:23:00,13:23:00,126.0,126.8,118.65,118.65,1698320
2026-04-20 13:24:00,13:24:00,118.0,126.55,117.6,122.35,1698060
2026-04-20 13:25:00,13:25:00,122.35,122.35,116.45,116.45,1223105
2026-04-20 13:26:00,13:26:00,140.55,142.1,134.45,138.6,809835
2026-04-20 13:27:00,13:27:00,137.0,138.6,133.4,134.4,529815
2026-04-20 13:28:00,13:28:00,135.45,139.25,133.05,138.4,624000
2026-04-20 13:29:00,13:29:00,113.2,123.95,113.15,123.9,2112630
2026-04-20 13:30:00,13:30:00,122.85,126.95,121.2,121.95,2696005
2026-04-20 13:31:00,13:31:00,121.8,122.25,117.5,119.35,1360320
2026-04-20 13:32:00,13:32:00,119.1,120.0,114.65,118.5,829400
2026-04-20 13:33:00,13:33:00,118.3,123.7,117.25,121.8,964275
2026-04-20 13:34:00,13:34:00,122.0,123.55,120.95,121.55,834015
2026-04-20 13:35:00,13:35:00,121.65,121.85,118.35,120.6,785200
2026-04-20 13:36:00,13:36:00,144.95,147.1,135.15,137.2,661700
2026-04-20 13:37:00,13:37:00,135.8,141.95,133.95,136.3,422630
2026-04-20 13:38:00,13:38:00,112.05,116.45,110.8,115.05,666640
2026-04-20 13:39:00,13:39:00,114.75,115.05,112.75,114.95,352950
2026-04-20 13:40:00,13:40:00,114.25,118.65,111.3,117.2,714285
2026-04-20 13:41:00,13:41:00,117.4,119.85,114.7,118.25,773175
2026-04-20 13:42:00,13:42:00,119.2,122.55,117.3,122.2,1073605
2026-04-20 13:43:00,13:43:00,121.8,126.7,120.95,124.8,1757795
2026-04-20 13:44:00,13:44:00,124.4,127.0,120.65,120.65,1290770
2026-04-20 13:45:00,13:45:00,120.5,122.3,118.95,120.45,1108770
2026-04-20 13:46:00,13:46:00,120.1,120.5,115.6,118.7,934570
2026-04-20 13:47:00,13:47:00,119.5,123.85,118.7,121.9,824330
2026-04-20 13:48:00,13:48:00,122.1,122.25,119.0,119.95,619125
2026-04-20 13:49:00,13:49:00,119.1,120.25,115.45,116.25,825825
2026-04-20 13:50:00,13:50:00,116.5,118.25,114.85,117.2,677755
2026-04-20 13:51:00,13:51:00,117.1,118.0,112.35,115.75,871910
2026-04-20 13:52:00,13:52:00,141.65,142.45,138.7,142.2,272805
2026-04-20 13:53:00,13:53:00,116.4,119.6,116.0,117.0,784225
2026-04-20 13:54:00,13:54:00,117.45,123.35,116.95,120.9,1026545
2026-04-20 13:55:00,13:55:00,120.4,120.6,116.0,116.45,808925
2026-04-20 13:56:00,13:56:00,116.6,117.5,114.25,115.75,482820
2026-04-20 13:57:00,13:57:00,115.15,120.5,113.75,119.95,658775
2026-04-20 13:58:00,13:58:00,121.15,122.35,115.35,117.95,763490
2026-04-20 13:59:00,13:59:00,118.65,123.3,117.95,120.95,1020825
2026-04-20 14:00:00,14:00:00,120.45,121.25,114.7,114.7,932620
2026-04-20 14:01:00,14:01:00,112.85,116.9,112.8,116.65,842010
2026-04-20 14:02:00,14:02:00,115.7,116.65,107.9,113.7,1562925
2026-04-20 14:03:00,14:03:00,113.95,119.6,113.45,118.05,885235
2026-04-20 14:04:00,14:04:00,117.55,121.75,115.4,120.2,983450
2026-04-20 14:05:00,14:05:00,119.25,120.2,114.1,117.25,796900
2026-04-20 14:06:00,14:06:00,116.8,117.5,111.3,112.45,631345
2026-04-20 14:07:00,14:07:00,112.75,113.35,109.85,112.6,905320
2026-04-20 14:08:00,14:08:00,137.5,138.5,134.6,135.7,288665
2026-04-20 14:09:00,14:09:00,109.75,113.9,108.05,113.4,806780
2026-04-20 14:10:00,14:10:00,112.95,117.5,112.95,117.45,981110
2026-04-20 14:11:00,14:11:00,119.0,121.5,115.55,117.55,1196000
2026-04-20 14:12:00,14:12:00,117.4,120.55,115.5,116.1,685165
2026-04-20 14:13:00,14:13:00,115.85,119.3,114.6,118.95,510315
2026-04-20 14:14:00,14:14:00,119.3,120.3,116.0,119.8,620815
2026-04-20 14:15:00,14:15:00,118.5,120.8,116.25,119.65,921180
2026-04-20 14:16:00,14:16:00,119.6,121.25,116.75,121.25,667095
2026-04-20 14:17:00,14:17:00,122.4,123.0,119.55,120.75,1508455
2026-04-20 14:18:00,14:18:00,120.1,121.75,116.25,117.85,993525
2026-04-20 14:19:00,14:19:00,117.4,120.15,113.9,118.9,1069510
2026-04-20 14:20:00,14:20:00,119.0,123.85,118.75,123.5,947700
2026-04-20 14:21:00,14:21:00,123.1,123.95,119.6,119.6,1204255
2026-04-20 14:22:00,14:22:00,119.25,120.65,117.05,119.25,689325
2026-04-20 14:23:00,14:23:00,119.75,123.55,119.0,123.55,685685
2026-04-20 14:24:00,14:24:00,123.2,136.25,122.75,131.35,4350320
2026-04-20 14:25:00,14:25:00,132.35,139.65,131.35,135.05,2955095
2026-04-20 14:26:00,14:26:00,135.85,137.0,127.55,130.9,2071745
2026-04-20 14:27:00,14:27:00,106.95,113.7,105.0,110.35,1314690
2026-04-20 14:28:00,14:28:00,110.5,115.95,110.5,113.85,1583660
2026-04-20 14:29:00,14:29:00,113.75,113.85,108.6,109.85,1024790
2026-04-20 14:30:00,14:30:00,135.35,135.35,126.45,126.45,1908855
2026-04-20 14:31:00,14:31:00,127.5,131.05,126.45,129.4,1012505
2026-04-20 14:32:00,14:32:00,129.65,129.65,122.15,127.35,2156180
2026-04-20 14:33:00,14:33:00,127.0,132.0,125.35,131.0,1181115
2026-04-20 14:34:00,14:34:00,130.75,132.3,127.35,130.8,1000935
2026-04-20 14:35:00,14:35:00,130.85,132.1,129.0,129.75,775125
2026-04-20 14:36:00,14:36:00,105.1,109.75,105.0,108.0,962195
2026-04-20 14:37:00,14:37:00,133.1,133.2,128.0,128.25,871390
2026-04-20 14:38:00,14:38:00,127.25,128.25,123.65,124.0,1354340
2026-04-20 14:39:00,14:39:00,123.9,124.8,118.75,122.8,1805765
2026-04-20 14:40:00,14:40:00,122.85,122.85,117.8,121.2,1208870
2026-04-20 14:41:00,14:41:00,121.2,122.3,116.95,116.95,846495
2026-04-20 14:42:00,14:42:00,118.0,120.85,116.95,119.85,700310
2026-04-20 14:43:00,14:43:00,119.95,121.6,118.65,119.3,593905
2026-04-20 14:44:00,14:44:00,119.25,124.5,118.1,123.6,967525
2026-04-20 14:45:00,14:45:00,123.2,124.2,117.65,120.7,1563965
2026-04-20 14:46:00,14:46:00,121.1,121.15,107.75,113.3,3276520
2026-04-20 14:47:00,14:47:00,112.35,114.7,108.0,108.9,1380080
2026-04-20 14:48:00,14:48:00,108.65,114.15,108.65,113.1,953485
2026-04-20 14:49:00,14:49:00,113.7,119.45,113.1,119.0,1247740
2026-04-20 14:50:00,14:50:00,119.0,119.8,116.1,117.75,1347385
2026-04-20 14:51:00,14:51:00,117.35,120.55,116.8,120.0,736385
2026-04-20 14:52:00,14:52:00,119.85,122.15,119.6,121.0,856635
2026-04-20 14:53:00,14:53:00,120.7,121.2,119.0,120.85,562770
2026-04-20 14:54:00,14:54:00,120.7,124.55,120.0,123.5,828620
2026-04-20 14:55:00,14:55:00,123.05,126.1,119.65,119.65,1706640
2026-04-20 14:56:00,14:56:00,119.3,121.8,119.1,120.35,988520
2026-04-20 14:57:00,14:57:00,119.9,121.6,116.85,116.85,829205
2026-04-20 14:58:00,14:58:00,117.15,120.95,116.85,120.85,534885
2026-04-20 14:59:00,14:59:00,121.1,124.65,120.85,121.6,1121835
2026-04-20 15:00:00,15:00:00,122.7,134.95,121.6,128.6,4087720
2026-04-20 15:01:00,15:01:00,128.75,131.95,127.75,131.55,1592565
2026-04-20 15:02:00,15:02:00,132.45,132.45,125.95,126.15,1398605
2026-04-20 15:03:00,15:03:00,127.0,127.65,123.55,125.1,1121900
2026-04-20 15:04:00,15:04:00,124.85,125.1,121.0,123.8,1091415
2026-04-20 15:05:00,15:05:00,123.5,123.8,118.5,121.0,1286545
2026-04-20 15:06:00,15:06:00,121.0,121.75,114.7,116.25,1311700
2026-04-20 15:07:00,15:07:00,116.8,118.55,115.85,117.6,879450
2026-04-20 15:08:00,15:08:00,118.4,118.4,113.2,117.6,1134510
2026-04-20 15:09:00,15:09:00,117.3,119.0,115.55,115.9,936455
2026-04-20 15:10:00,15:10:00,115.55,118.4,114.7,118.4,762125
2026-04-20 15:11:00,15:11:00,118.7,118.7,116.6,116.9,554905
2026-04-20 15:12:00,15:12:00,117.15,117.15,114.7,115.1,505180
2026-04-20 15:13:00,15:13:00,115.05,115.1,110.35,112.9,1112670
2026-04-20 15:14:00,15:14:00,113.65,114.4,108.65,110.25,1043055
2026-04-20 15:15:00,15:15:00,136.15,136.5,127.6,130.15,882375
2026-04-20 15:16:00,15:16:00,129.75,130.15,121.05,122.05,690300
2026-04-20 15:17:00,15:17:00,122.0,123.2,115.2,119.85,1062555
2026-04-20 15:18:00,15:18:00,118.95,119.85,104.45,108.65,1136785
2026-04-20 15:19:00,15:19:00,108.5,111.2,103.15,105.95,988910
2026-04-20 15:20:00,15:20:00,105.85,114.35,105.55,112.0,1158885
2026-04-20 15:21:00,15:21:00,111.5,112.0,108.8,110.7,477425
2026-04-20 15:22:00,15:22:00,110.2,112.45,108.3,108.7,561925
2026-04-20 15:23:00,15:23:00,108.85,109.55,106.15,108.0,487045
2026-04-20 15:24:00,15:24:00,133.2,133.25,125.1,128.35,883805
2026-04-20 15:25:00,15:25:00,103.35,110.25,103.35,108.45,927940
2026-04-20 15:26:00,15:26:00,108.75,111.4,108.45,110.2,674245
2026-04-20 15:27:00,15:27:00,109.45,112.95,109.45,111.55,557830
2026-04-20 15:28:00,15:28:00,112.25,112.25,107.6,107.65,631605
2026-04-20 15:29:00,15:29:00,107.8,109.15,106.35,107.0,760695
2026-04-21 09:15:00,09:15:00,100.0,105.95,57.8,87.1,8480420
2026-04-21 09:16:00,09:16:00,82.25,93.0,82.1,84.75,7838935
2026-04-21 09:17:00,09:17:00,84.75,91.3,82.1,86.4,3647410
2026-04-21 09:18:00,09:18:00,88.2,99.2,86.4,95.15,5220020
2026-04-21 09:19:00,09:19:00,97.0,104.25,94.05,102.5,4337255
2026-04-21 09:20:00,09:20:00,104.7,113.9,102.5,105.5,5350735
2026-04-21 09:21:00,09:21:00,109.2,110.65,100.05,100.3,2431520
2026-04-21 09:22:00,09:22:00,98.85,109.2,95.9,105.45,3128580
2026-04-21 09:23:00,09:23:00,76.55,81.7,75.1,81.7,2706665
2026-04-21 09:24:00,09:24:00,112.3,118.45,102.4,102.4,3818425
2026-04-21 09:25:00,09:25:00,101.25,105.45,91.65,104.95,4287400
2026-04-21 09:26:00,09:26:00,106.35,110.45,103.35,104.25,3097770
2026-04-21 09:27:00,09:27:00,105.05,107.95,99.25,100.2,1649310
2026-04-21 09:28:00,09:28:00,102.15,102.55,97.4,98.05,1234350
2026-04-21 09:29:00,09:29:00,99.0,99.05,92.15,92.6,1713335
2026-04-21 09:30:00,09:30:00,93.95,96.15,87.15,87.85,2699125
2026-04-21 09:31:00,09:31:00,87.9,96.7,84.7,95.95,3057080
2026-04-21 09:32:00,09:32:00,97.7,103.35,95.15,100.55,3125785
2026-04-21 09:33:00,09:33:00,101.3,103.65,98.0,100.1,1802385
2026-04-21 09:34:00,09:34:00,98.45,100.6,91.95,99.05,1982175
2026-04-21 09:35:00,09:35:00,100.5,110.8,99.05,106.85,3688620
2026-04-21 09:36:00,09:36:00,106.7,109.85,97.35,100.15,2673905
2026-04-21 09:37:00,09:37:00,99.95,104.95,99.7,101.45,1370655
2026-04-21 09:38:00,09:38:00,101.35,113.0,101.35,108.2,2569645
2026-04-21 09:39:00,09:39:00,107.0,108.9,101.8,103.05,1322945
2026-04-21 09:40:00,09:40:00,103.1,104.05,92.45,93.15,2181725
2026-04-21 09:41:00,09:41:00,90.95,100.35,90.95,99.1,1804400
2026-04-21 09:42:00,09:42:00,103.35,104.35,97.85,97.85,1662765
2026-04-21 09:43:00,09:43:00,96.65,97.85,88.55,95.7,2622425
2026-04-21 09:44:00,09:44:00,95.85,103.3,95.7,102.5,1743105
2026-04-21 09:45:00,09:45:00,68.45,96.65,68.45,93.55,10301265
2026-04-21 09:46:00,09:46:00,96.15,102.95,90.95,99.35,7754045
2026-04-21 09:47:00,09:47:00,99.6,100.9,88.4,91.0,2970890
2026-04-21 09:48:00,09:48:00,90.3,97.1,90.3,94.0,1880190
2026-04-21 09:49:00,09:49:00,93.95,95.35,91.4,93.0,1309230
2026-04-21 09:50:00,09:50:00,92.95,100.4,92.3,99.45,1951170
2026-04-21 09:51:00,09:51:00,100.2,100.25,91.4,92.3,2201550
2026-04-21 09:52:00,09:52:00,92.85,94.6,83.3,84.1,2975440
2026-04-21 09:53:00,09:53:00,84.2,87.35,82.0,85.05,2012985
2026-04-21 09:54:00,09:54:00,84.95,90.65,80.2,90.6,2639715
2026-04-21 09:55:00,09:55:00,89.7,91.45,85.8,88.7,1785875
2026-04-21 09:56:00,09:56:00,88.45,90.4,84.0,86.0,1226355
2026-04-21 09:57:00,09:57:00,83.75,92.6,83.75,91.4,1551420
2026-04-21 09:58:00,09:58:00,90.9,91.4,86.9,87.35,1045980
2026-04-21 09:59:00,09:59:00,88.5,91.15,87.35,91.15,867555
2026-04-21 10:00:00,10:00:00,91.6,94.95,89.65,93.3,2234765
2026-04-21 10:01:00,10:01:00,93.35,94.55,88.65,89.65,1341925
2026-04-21 10:02:00,10:02:00,89.55,91.4,87.35,88.4,942435
2026-04-21 10:03:00,10:03:00,88.05,98.1,87.3,96.7,2039765
2026-04-21 10:04:00,10:04:00,98.65,101.75,94.85,101.6,2751905
2026-04-21 10:05:00,10:05:00,102.05,102.05,94.5,96.5,2306915
2026-04-21 10:06:00,10:06:00,98.0,100.65,92.15,99.3,1717755
2026-04-21 10:07:00,10:07:00,98.7,104.05,98.3,101.05,1895335
2026-04-21 10:08:00,10:08:00,100.45,107.0,99.75,103.8,2187770
2026-04-21 10:09:00,10:09:00,104.4,104.5,100.75,104.2,1120795
2026-04-21 10:10:00,10:10:00,106.4,106.4,97.8,102.15,1616745
2026-04-21 10:11:00,10:11:00,101.8,102.5,93.9,95.35,1249430
2026-04-21 10:12:00,10:12:00,95.4,99.65,95.35,97.35,936130
2026-04-21 10:13:00,10:13:00,98.35,101.15,97.35,99.5,628160
2026-04-21 10:14:00,10:14:00,99.25,99.5,93.3,95.3,979550
2026-04-21 10:15:00,10:15:00,96.75,100.0,95.3,99.0,801515
2026-04-21 10:16:00,10:16:00,98.95,100.5,94.05,95.75,874445
2026-04-21 10:17:00,10:17:00,95.6,95.75,91.85,94.85,877435
2026-04-21 10:18:00,10:18:00,94.25,94.85,90.0,91.2,987025
2026-04-21 10:19:00,10:19:00,90.9,94.0,87.1,87.35,1041755
2026-04-21 10:20:00,10:20:00,87.55,87.8,82.15,86.55,1867710
2026-04-21 10:21:00,10:21:00,86.4,87.1,81.0,85.5,1270880
2026-04-21 10:22:00,10:22:00,84.9,85.5,80.6,81.4,861315
2026-04-21 10:23:00,10:23:00,80.65,82.35,79.35,80.3,1116895
2026-04-21 10:24:00,10:24:00,80.2,82.4,80.2,82.25,843245
2026-04-21 10:25:00,10:25:00,82.55,82.75,75.9,81.2,1850940
2026-04-21 10:26:00,10:26:00,80.9,82.0,78.05,79.65,958490
2026-04-21 10:27:00,10:27:00,79.15,81.45,75.0,75.6,1390155
2026-04-21 10:28:00,10:28:00,74.6,79.15,74.3,76.65,1177735
2026-04-21 10:29:00,10:29:00,75.6,80.5,74.25,79.75,1093560
2026-04-21 10:30:00,10:30:00,79.6,83.95,78.3,83.95,1796730
2026-04-21 10:31:00,10:31:00,84.7,90.45,83.95,87.45,3623035
2026-04-21 10:32:00,10:32:00,86.05,89.4,82.5,83.3,1753570
2026-04-21 10:33:00,10:33:00,83.85,96.0,83.3,92.0,2667080
2026-04-21 10:34:00,10:34:00,59.25,69.1,58.95,69.1,8078525
2026-04-21 10:35:00,10:35:00,67.85,74.25,67.85,73.95,8628945
2026-04-21 10:36:00,10:36:00,72.55,73.95,68.65,70.5,4882605
2026-04-21 10:37:00,10:37:00,70.25,70.6,65.1,67.05,3812575
2026-04-21 10:38:00,10:38:00,66.65,68.3,65.55,67.8,2257190
2026-04-21 10:39:00,10:39:00,67.4,71.3,67.15,70.4,2785055
2026-04-21 10:40:00,10:40:00,70.8,70.8,68.85,70.75,2111395
2026-04-21 10:41:00,10:41:00,106.2,106.75,94.0,94.0,1903655
2026-04-21 10:42:00,10:42:00,93.15,99.65,93.15,96.65,1206530
2026-04-21 10:43:00,10:43:00,64.7,66.6,63.45,65.7,2492555
2026-04-21 10:44:00,10:44:00,66.25,67.3,64.55,66.0,1947335
2026-04-21 10:45:00,10:45:00,66.2,70.2,65.65,68.2,3034070
2026-04-21 10:46:00,10:46:00,102.6,103.45,98.25,99.95,750035
2026-04-21 10:47:00,10:47:00,100.0,100.25,96.15,96.9,655655
2026-04-21 10:48:00,10:48:00,97.0,99.3,95.45,99.0,497770
2026-04-21 10:49:00,10:49:00,64.25,66.45,64.25,65.7,1756950
2026-04-21 10:50:00,10:50:00,65.6,66.15,62.6,65.3,1530230
2026-04-21 10:51:00,10:51:00,65.35,72.7,65.3,72.5,4122690
2026-04-21 10:52:00,10:52:00,71.8,72.8,68.25,69.35,3365375
2026-04-21 10:53:00,10:53:00,69.25,70.7,67.5,69.55,2190110
2026-04-21 10:54:00,10:54:00,69.85,74.9,69.45,72.3,5763225
2026-04-21 10:55:00,10:55:00,73.25,80.45,72.3,75.45,8676460
2026-04-21 10:56:00,10:56:00,75.65,78.15,74.1,75.2,2803060
2026-04-21 10:57:00,10:57:00,75.1,76.7,72.65,76.7,2501395
2026-04-21 10:58:00,10:58:00,76.65,85.65,76.45,83.15,6095115
2026-04-21 10:59:00,10:59:00,84.25,87.2,78.9,81.9,5350995
2026-04-21 11:00:00,11:00:00,80.95,83.0,77.45,82.45,3008850
2026-04-21 11:01:00,11:01:00,81.85,82.45,73.3,74.4,3669055
2026-04-21 11:02:00,11:02:00,74.3,77.0,72.2,76.6,2419885
2026-04-21 11:03:00,11:03:00,77.1,77.8,74.95,76.45,1732900
2026-04-21 11:04:00,11:04:00,77.0,81.0,76.45,80.9,1939535
2026-04-21 11:05:00,11:05:00,80.55,83.5,80.25,83.5,3394885
2026-04-21 11:06:00,11:06:00,83.7,84.1,79.65,82.15,2191215
2026-04-21 11:07:00,11:07:00,82.4,86.0,81.7,83.6,2876250
2026-04-21 11:08:00,11:08:00,83.25,85.3,82.35,83.65,2137525
2026-04-21 11:09:00,11:09:00,83.9,85.05,79.25,80.25,2292290
2026-04-21 11:10:00,11:10:00,80.0,80.25,74.4,77.35,2578030
2026-04-21 11:11:00,11:11:00,77.0,78.65,76.1,77.85,1173315
2026-04-21 11:12:00,11:12:00,77.65,79.4,77.35,79.15,1008085
2026-04-21 11:13:00,11:13:00,79.35,82.6,78.45,79.15,2181335
2026-04-21 11:14:00,11:14:00,79.7,82.35,79.0,80.9,1209000
2026-04-21 11:15:00,11:15:00,80.5,81.45,77.85,78.25,1025310
2026-04-21 11:16:00,11:16:00,77.6,78.35,74.7,74.9,1680705
2026-04-21 11:17:00,11:17:00,74.3,78.5,73.85,77.2,1556425
2026-04-21 11:18:00,11:18:00,77.55,79.1,75.8,77.45,1187940
2026-04-21 11:19:00,11:19:00,77.0,78.3,76.8,77.1,594490
2026-04-21 11:20:00,11:20:00,77.15,77.7,75.2,75.7,857870
2026-04-21 11:21:00,11:21:00,75.65,76.5,73.4,73.6,1345110
2026-04-21 11:22:00,11:22:00,73.9,73.9,69.65,71.7,2843620
2026-04-21 11:23:00,11:23:00,71.65,72.5,69.55,70.5,1288625
2026-04-21 11:24:00,11:24:00,71.3,73.95,70.5,71.95,1860950
2026-04-21 11:25:00,11:25:00,72.1,74.35,71.75,72.0,1343420
2026-04-21 11:26:00,11:26:00,71.75,72.0,68.85,69.7,1673425
2026-04-21 11:27:00,11:27:00,69.75,70.7,66.1,67.85,2199210
2026-04-21 11:28:00,11:28:00,67.7,67.9,63.75,67.5,3231150
2026-04-21 11:29:00,11:29:00,67.3,68.55,66.2,67.0,1750840
2026-04-21 11:30:00,11:30:00,67.4,68.3,65.0,65.25,1690910
2026-04-21 11:31:00,11:31:00,65.55,67.3,62.85,62.85,1433640
2026-04-21 11:32:00,11:32:00,98.45,101.35,94.1,94.1,917215
2026-04-21 11:33:00,11:33:00,95.0,97.3,91.7,94.7,1280760
2026-04-21 11:34:00,11:34:00,94.6,96.05,92.3,93.55,616980
2026-04-21 11:35:00,11:35:00,93.4,93.55,87.1,89.05,1168895
2026-04-21 11:36:00,11:36:00,55.85,63.0,55.65,61.65,5102305
2026-04-21 11:37:00,11:37:00,60.95,63.65,59.25,61.95,2949635
2026-04-21 11:38:00,11:38:00,61.6,65.35,61.45,64.75,3154515
2026-04-21 11:39:00,11:39:00,100.35,102.2,96.55,96.55,856180
2026-04-21 11:40:00,11:40:00,96.2,98.45,94.45,97.7,582985
2026-04-21 11:41:00,11:41:00,98.0,99.75,96.3,96.45,459810
2026-04-21 11:42:00,11:42:00,96.65,99.95,95.05,98.2,536250
2026-04-21 11:43:00,11:43:00,98.3,100.45,98.1,99.55,335790
2026-04-21 11:44:00,11:44:00,63.55,66.4,62.8,65.9,2426320
2026-04-21 11:45:00,11:45:00,66.5,68.25,65.35,66.9,3444675
2026-04-21 11:46:00,11:46:00,67.25,69.65,66.9,69.65,3058965
2026-04-21 11:47:00,11:47:00,69.75,71.5,68.6,70.85,3862495
2026-04-21 11:48:00,11:48:00,70.2,70.85,65.45,68.35,2878135
2026-04-21 11:49:00,11:49:00,68.85,68.85,64.75,66.45,1966640
2026-04-21 11:50:00,11:50:00,67.7,68.7,59.9,59.9,3278990
2026-04-21 11:51:00,11:51:00,59.4,65.95,59.4,62.1,2867670
2026-04-21 11:52:00,11:52:00,99.2,99.2,92.4,97.8,838500
2026-04-21 11:53:00,11:53:00,61.6,63.95,61.35,62.9,1546675
2026-04-21 11:54:00,11:54:00,62.85,64.55,61.85,63.95,1066845
2026-04-21 11:55:00,11:55:00,63.55,65.45,63.3,65.45,1355705
2026-04-21 11:56:00,11:56:00,65.3,67.75,64.45,66.8,2464865
2026-04-21 11:57:00,11:57:00,67.0,67.0,60.05,61.3,2866695
2026-04-21 11:58:00,11:58:00,98.55,99.65,93.15,94.35,635440
2026-04-21 11:59:00,11:59:00,58.25,63.65,57.65,63.45,2397980
2026-04-21 12:00:00,12:00:00,63.9,66.15,60.15,62.5,2340260
2026-04-21 12:01:00,12:01:00,62.55,66.0,61.7,66.0,1763580
2026-04-21 12:02:00,12:02:00,66.45,69.2,66.0,67.15,3211195
2026-04-21 12:03:00,12:03:00,67.4,70.3,67.15,69.35,2722915
2026-04-21 12:04:00,12:04:00,69.65,71.35,69.15,69.5,2177565
2026-04-21 12:05:00,12:05:00,69.85,69.85,66.45,66.5,1965275
2026-04-21 12:06:00,12:06:00,66.4,70.7,66.3,70.7,2001740
2026-04-21 12:07:00,12:07:00,70.5,71.95,69.45,71.25,2841410
2026-04-21 12:08:00,12:08:00,72.05,73.65,69.1,69.1,3356925
2026-04-21 12:09:00,12:09:00,68.9,71.2,68.25,71.0,1568320
2026-04-21 12:10:00,12:10:00,71.0,79.1,71.0,77.55,3951415
2026-04-21 12:11:00,12:11:00,76.7,81.45,75.15,80.25,6006975
2026-04-21 12:12:00,12:12:00,80.5,81.3,77.0,77.35,2995200
2026-04-21 12:13:00,12:13:00,77.3,82.65,77.25,80.65,3082885
2026-04-21 12:14:00,12:14:00,81.1,81.3,77.5,78.3,2481570
2026-04-21 12:15:00,12:15:00,78.4,80.35,78.1,78.2,1602965
2026-04-21 12:16:00,12:16:00,77.0,78.2,74.7,76.5,2611960
2026-04-21 12:17:00,12:17:00,76.4,76.5,70.7,70.7,2366910
2026-04-21 12:18:00,12:18:00,70.5,75.95,69.45,75.75,2509325
2026-04-21 12:19:00,12:19:00,75.9,81.5,75.75,79.8,3206385
2026-04-21 12:20:00,12:20:00,79.1,80.85,74.7,80.45,2241330
2026-04-21 12:21:00,12:21:00,80.95,83.95,79.1,79.1,3199755
2026-04-21 12:22:00,12:22:00,79.5,83.2,78.8,83.2,1654705
2026-04-21 12:23:00,12:23:00,84.85,92.3,82.8,86.55,7166640
2026-04-21 12:24:00,12:24:00,86.25,87.7,78.15,81.35,3328520
2026-04-21 12:25:00,12:25:00,80.55,83.1,77.9,81.95,2548065
2026-04-21 12:26:00,12:26:00,81.45,82.6,79.5,80.0,1364870
2026-04-21 12:27:00,12:27:00,80.25,80.25,76.9,77.4,1627665
2026-04-21 12:28:00,12:28:00,77.65,78.75,74.75,75.6,1883245
2026-04-21 12:29:00,12:29:00,76.35,76.9,73.65,76.4,1464905
2026-04-21 12:30:00,12:30:00,76.2,78.5,76.2,78.4,1622530
2026-04-21 12:31:00,12:31:00,78.3,81.6,78.25,81.45,2306720
2026-04-21 12:32:00,12:32:00,81.2,82.25,77.3,78.45,1891955
2026-04-21 12:33:00,12:33:00,78.5,80.05,71.7,71.7,2598245
2026-04-21 12:34:00,12:34:00,71.8,73.35,67.4,67.9,3349905
2026-04-21 12:35:00,12:35:00,67.6,71.4,66.95,71.4,2284620
2026-04-21 12:36:00,12:36:00,71.5,75.3,71.4,72.6,2494830
2026-04-21 12:37:00,12:37:00,74.5,76.0,72.6,75.0,1394185
2026-04-21 12:38:00,12:38:00,74.65,76.0,72.05,73.3,1260545
2026-04-21 12:39:00,12:39:00,73.05,74.25,70.65,73.35,1137825
2026-04-21 12:40:00,12:40:00,73.4,73.65,70.85,71.75,943410
2026-04-21 12:41:00,12:41:00,72.0,73.55,71.15,71.15,969475
2026-04-21 12:42:00,12:42:00,71.2,73.65,71.1,72.0,835965
2026-04-21 12:43:00,12:43:00,72.25,72.25,69.3,70.9,1428440
2026-04-21 12:44:00,12:44:00,70.85,70.9,68.1,68.3,1188200
2026-04-21 12:45:00,12:45:00,69.0,69.45,62.45,64.4,3529565
2026-04-21 12:46:00,12:46:00,65.1,65.45,57.45,59.95,3944850
2026-04-21 12:47:00,12:47:00,60.35,60.35,53.6,55.0,4427215
2026-04-21 12:48:00,12:48:00,56.25,58.9,55.0,56.8,2844205
2026-04-21 12:49:00,12:49:00,56.2,60.4,56.2,59.15,3083210
2026-04-21 12:50:00,12:50:00,58.8,59.45,56.15,57.15,2443870
2026-04-21 12:51:00,12:51:00,57.1,58.1,53.7,54.55,2784795
2026-04-21 12:52:00,12:52:00,54.5,62.0,54.5,58.45,4369235
2026-04-21 12:53:00,12:53:00,58.3,60.85,55.3,60.4,3107325
2026-04-21 12:54:00,12:54:00,60.05,60.5,57.65,58.15,1733550
2026-04-21 12:55:00,12:55:00,58.5,63.7,57.2,63.7,2644590
2026-04-21 12:56:00,12:56:00,63.75,63.8,59.6,62.0,2755545
2026-04-21 12:57:00,12:57:00,62.1,63.15,55.85,56.35,3314285
2026-04-21 12:58:00,12:58:00,57.4,60.4,57.0,59.05,1537445
2026-04-21 12:59:00,12:59:00,59.4,59.9,57.15,58.6,1175655
2026-04-21 13:00:00,13:00:00,58.55,60.55,57.05,58.1,1854385
2026-04-21 13:01:00,13:01:00,58.9,58.9,50.6,52.4,4959305
2026-04-21 13:02:00,13:02:00,52.35,53.25,49.6,52.25,2862730
2026-04-21 13:03:00,13:03:00,52.65,54.45,51.35,54.0,2059915
2026-04-21 13:04:00,13:04:00,53.65,54.0,47.45,48.4,2571855
2026-04-21 13:05:00,13:05:00,48.2,52.6,46.5,51.8,4030650
2026-04-21 13:06:00,13:06:00,52.1,53.45,51.15,52.35,2321865
2026-04-21 13:07:00,13:07:00,52.2,55.2,50.4,52.05,2818465
2026-04-21 13:08:00,13:08:00,51.85,53.95,50.5,53.2,1352130
2026-04-21 13:09:00,13:09:00,53.4,55.0,50.75,50.75,2005640
2026-04-21 13:10:00,13:10:00,50.55,51.45,45.2,49.2,3997695
2026-04-21 13:11:00,13:11:00,48.85,53.05,48.75,52.6,2611180
2026-04-21 13:12:00,13:12:00,53.25,58.25,52.6,57.35,4582695
2026-04-21 13:13:00,13:13:00,57.1,57.9,55.1,57.75,3109730
2026-04-21 13:14:00,13:14:00,57.25,60.5,57.2,57.7,3684395
2026-04-21 13:15:00,13:15:00,57.95,63.35,57.7,61.75,4895280
2026-04-21 13:16:00,13:16:00,62.1,71.0,61.75,68.35,8654035
2026-04-21 13:17:00,13:17:00,68.85,68.85,63.6,65.25,3559530
2026-04-21 13:18:00,13:18:00,65.15,65.6,62.5,63.55,2564120
2026-04-21 13:19:00,13:19:00,63.4,63.55,59.15,61.85,3504930
2026-04-21 13:20:00,13:20:00,62.35,67.15,59.75,65.35,3884530
2026-04-21 13:21:00,13:21:00,65.75,66.15,62.25,63.85,1901315
2026-04-21 13:22:00,13:22:00,63.85,64.6,59.25,60.15,2057445
2026-04-21 13:23:00,13:23:00,59.75,63.2,59.7,61.7,1500005
2026-04-21 13:24:00,13:24:00,61.95,62.4,59.5,62.35,1116765
2026-04-21 13:25:00,13:25:00,62.05,63.15,60.35,62.65,1220505
2026-04-21 13:26:00,13:26:00,63.0,64.6,62.5,64.2,2285335
2026-04-21 13:27:00,13:27:00,64.85,65.7,62.75,63.95,2381080
2026-04-21 13:28:00,13:28:00,63.2,64.55,61.7,62.85,1605630
2026-04-21 13:29:00,13:29:00,62.85,66.8,59.3,65.35,3047395
2026-04-21 13:30:00,13:30:00,64.7,68.2,64.45,67.6,2976935
2026-04-21 13:31:00,13:31:00,68.05,69.35,66.65,69.35,3475030
2026-04-21 13:32:00,13:32:00,68.65,79.1,68.55,78.7,7510620
2026-04-21 13:33:00,13:33:00,78.8,80.8,76.35,76.65,4944680
2026-04-21 13:34:00,13:34:00,74.85,76.8,71.4,74.75,3418480
2026-04-21 13:35:00,13:35:00,75.05,75.75,70.0,72.55,3107520
2026-04-21 13:36:00,13:36:00,72.1,72.55,61.1,62.65,4249375
2026-04-21 13:37:00,13:37:00,62.8,63.95,56.9,57.7,4110925
2026-04-21 13:38:00,13:38:00,55.9,59.0,54.1,58.6,4812145
2026-04-21 13:39:00,13:39:00,59.2,62.15,58.15,60.6,4034615
2026-04-21 13:40:00,13:40:00,60.8,63.4,59.2,61.95,2103270
2026-04-21 13:41:00,13:41:00,61.15,62.7,57.15,58.2,2300870
2026-04-21 13:42:00,13:42:00,57.0,57.55,50.1,52.45,4277130
2026-04-21 13:43:00,13:43:00,52.1,52.1,40.35,42.1,9486490
2026-04-21 13:44:00,13:44:00,43.4,45.9,41.9,45.9,5503420
2026-04-21 13:45:00,13:45:00,46.25,47.4,42.95,47.4,4598035
2026-04-21 13:46:00,13:46:00,48.0,49.6,46.2,49.2,5718570
2026-04-21 13:47:00,13:47:00,48.95,49.45,42.15,45.8,4851275
2026-04-21 13:48:00,13:48:00,46.25,47.2,43.25,45.8,2475785
2026-04-21 13:49:00,13:49:00,46.55,49.75,45.3,49.15,2778750
2026-04-21 13:50:00,13:50:00,49.4,51.55,47.05,47.05,4980755
2026-04-21 13:51:00,13:51:00,47.35,57.0,47.05,56.75,5772325
2026-04-21 13:52:00,13:52:00,57.5,60.05,55.1,56.5,6126510
2026-04-21 13:53:00,13:53:00,57.0,58.8,54.65,54.65,3397355
2026-04-21 13:54:00,13:54:00,54.9,58.95,53.2,58.95,3468010
2026-04-21 13:55:00,13:55:00,58.4,66.3,58.2,65.75,7408115
2026-04-21 13:56:00,13:56:00,67.2,72.35,65.75,70.15,5978050
2026-04-21 13:57:00,13:57:00,69.25,70.15,65.0,65.55,3502395
2026-04-21 13:58:00,13:58:00,66.25,70.0,65.55,66.25,2440165
2026-04-21 13:59:00,13:59:00,66.35,66.7,63.45,64.0,2448095
2026-04-21 14:00:00,14:00:00,65.05,66.15,57.9,58.7,4269070
2026-04-21 14:01:00,14:01:00,57.0,61.65,54.35,58.6,4259255
2026-04-21 14:02:00,14:02:00,57.7,59.3,53.1,56.95,3101345
2026-04-21 14:03:00,14:03:00,57.15,60.65,56.0,56.7,2959970
2026-04-21 14:04:00,14:04:00,55.9,57.05,51.35,52.0,4029545
2026-04-21 14:05:00,14:05:00,51.95,52.0,48.3,49.05,3387215
2026-04-21 14:06:00,14:06:00,50.2,50.55,43.65,46.5,4959045
2026-04-21 14:07:00,14:07:00,46.55,48.6,45.9,47.05,2524210
2026-04-21 14:08:00,14:08:00,46.8,51.0,45.3,45.45,3756415
2026-04-21 14:09:00,14:09:00,44.85,46.0,42.0,44.8,4591600
2026-04-21 14:10:00,14:10:00,45.0,46.6,42.15,44.95,3921580
2026-04-21 14:11:00,14:11:00,44.45,45.1,39.55,43.15,5189275
2026-04-21 14:12:00,14:12:00,44.05,47.1,42.4,46.9,4694495
2026-04-21 14:13:00,14:13:00,47.35,51.4,44.6,47.95,6564610
2026-04-21 14:14:00,14:14:00,47.1,50.15,45.25,46.7,4145505
2026-04-21 14:15:00,14:15:00,47.0,52.4,45.2,52.05,4914520
2026-04-21 14:16:00,14:16:00,52.0,57.4,52.0,57.4,8090095
2026-04-21 14:17:00,14:17:00,58.3,62.95,57.05,62.0,7376720
2026-04-21 14:18:00,14:18:00,61.45,66.25,61.45,63.3,5815485
2026-04-21 14:19:00,14:19:00,63.1,64.9,57.95,58.85,5545865
2026-04-21 14:20:00,14:20:00,60.9,67.15,58.9,64.05,4293705
2026-04-21 14:21:00,14:21:00,63.95,74.7,61.7,72.0,6428305
2026-04-21 14:22:00,14:22:00,31.75,48.55,31.3,46.8,26954590
2026-04-21 14:23:00,14:23:00,90.15,90.65,78.35,82.7,5814315
2026-04-21 14:24:00,14:24:00,40.75,43.55,38.05,43.45,7062445
2026-04-21 14:25:00,14:25:00,87.4,87.4,71.45,75.7,5709925
2026-04-21 14:26:00,14:26:00,75.9,79.8,66.9,76.0,7220265
2026-04-21 14:27:00,14:27:00,76.25,77.4,69.3,69.3,2755870
2026-04-21 14:28:00,14:28:00,70.35,79.3,69.3,75.8,2964195
2026-04-21 14:29:00,14:29:00,76.05,77.8,74.35,77.4,1761760
2026-04-21 14:30:00,14:30:00,75.7,77.6,66.25,69.15,3465085
2026-04-21 14:31:00,14:31:00,69.0,69.9,62.85,65.75,3225040
2026-04-21 14:32:00,14:32:00,66.55,72.1,64.35,67.75,2761265
2026-04-21 14:33:00,14:33:00,67.95,69.75,64.85,65.75,1693250
2026-04-21 14:34:00,14:34:00,66.0,66.0,58.55,58.95,3483610
2026-04-21 14:35:00,14:35:00,57.5,59.45,52.9,58.95,5664425
2026-04-21 14:36:00,14:36:00,59.0,63.4,56.9,59.9,3345745
2026-04-21 14:37:00,14:37:00,60.3,65.75,58.95,59.3,3696355
2026-04-21 14:38:00,14:38:00,59.0,59.8,52.0,57.65,3764930
2026-04-21 14:39:00,14:39:00,56.5,57.2,50.35,50.7,3584555
2026-04-21 14:40:00,14:40:00,50.85,57.35,48.65,55.85,4813185
2026-04-21 14:41:00,14:41:00,56.4,59.2,47.8,49.2,3948425
2026-04-21 14:42:00,14:42:00,49.5,51.8,42.35,43.5,6027450
2026-04-21 14:43:00,14:43:00,43.35,45.7,35.85,44.95,12509445
2026-04-21 14:44:00,14:44:00,45.0,47.85,38.45,38.95,7819825
2026-04-21 14:45:00,14:45:00,41.65,45.15,38.95,44.3,4892030
2026-04-21 14:46:00,14:46:00,43.15,44.55,38.6,43.0,4616430
2026-04-21 14:47:00,14:47:00,43.4,53.75,41.9,52.85,9588995
2026-04-21 14:48:00,14:48:00,54.1,54.1,46.7,48.35,5748665
2026-04-21 14:49:00,14:49:00,48.85,56.95,47.1,54.75,5539170
2026-04-21 14:50:00,14:50:00,54.9,64.85,53.65,64.85,8718515
2026-04-21 14:51:00,14:51:00,65.3,65.95,58.3,59.85,6860425
2026-04-21 14:52:00,14:52:00,60.0,63.75,57.1,60.4,3652025
2026-04-21 14:53:00,14:53:00,60.75,62.8,57.6,61.45,2375100
2026-04-21 14:54:00,14:54:00,61.8,66.4,60.0,64.5,3696550
2026-04-21 14:55:00,14:55:00,64.0,70.2,62.85,67.55,4462770
2026-04-21 14:56:00,14:56:00,68.25,76.6,67.55,74.6,5673850
2026-04-21 14:57:00,14:57:00,75.65,77.1,67.95,67.95,4370080
2026-04-21 14:58:00,14:58:00,68.1,71.5,63.85,71.15,3693300
2026-04-21 14:59:00,14:59:00,71.3,72.5,66.0,69.4,2701205
2026-04-21 15:00:00,15:00:00,22.95,43.55,22.95,38.75,38308660
2026-04-21 15:01:00,15:01:00,39.35,43.8,30.7,30.7,19344390
2026-04-21 15:02:00,15:02:00,79.75,82.5,65.15,72.3,7462325
2026-04-21 15:03:00,15:03:00,72.0,78.95,70.7,72.5,8193250
2026-04-21 15:04:00,15:04:00,72.8,73.6,67.35,73.4,5039385
2026-04-21 15:05:00,15:05:00,73.4,77.0,72.1,73.1,3264690
2026-04-21 15:06:00,15:06:00,24.85,25.45,21.4,23.95,12952940
2026-04-21 15:07:00,15:07:00,22.4,28.8,21.55,26.0,15661750
2026-04-21 15:08:00,15:08:00,76.45,76.45,70.6,73.35,2818075
2026-04-21 15:09:00,15:09:00,73.0,74.7,71.15,73.7,1809275
2026-04-21 15:10:00,15:10:00,73.45,73.7,70.95,73.35,1300910
2026-04-21 15:11:00,15:11:00,23.5,26.5,23.1,24.7,10702510
2026-04-21 15:12:00,15:12:00,24.75,25.0,22.55,24.15,6183385
2026-04-21 15:13:00,15:13:00,73.65,74.7,72.25,73.45,1847625
2026-04-21 15:14:00,15:14:00,74.3,74.45,71.25,72.65,1989065
2026-04-21 15:15:00,15:15:00,23.0,25.0,21.7,24.3,7693530
2026-04-21 15:16:00,15:16:00,24.9,28.15,24.3,27.75,10519210
2026-04-21 15:17:00,15:17:00,28.2,30.6,26.85,28.9,9540440
2026-04-21 15:18:00,15:18:00,29.0,29.05,25.9,27.4,6857240
2026-04-21 15:19:00,15:19:00,27.35,27.8,26.8,27.2,3215160
2026-04-21 15:20:00,15:20:00,27.4,29.05,27.15,27.35,4720885
2026-04-21 15:21:00,15:21:00,27.4,28.55,27.15,27.5,4296630
2026-04-21 15:22:00,15:22:00,77.3,77.9,76.65,77.1,768365
2026-04-21 15:23:00,15:23:00,27.05,27.9,26.6,27.85,3796910
2026-04-21 15:24:00,15:24:00,28.0,28.0,27.35,27.65,2328755
2026-04-21 15:25:00,15:25:00,77.6,77.8,76.5,76.9,710840
2026-04-21 15:26:00,15:26:00,77.0,77.0,76.1,76.5,744575
2026-04-21 15:27:00,15:27:00,76.45,76.9,76.05,76.75,518050
2026-04-21 15:28:00,15:28:00,76.95,77.0,76.2,76.2,412685
2026-04-21 15:29:00,15:29:00,26.35,26.6,26.1,26.6,2761395
