datetime,time,open,high,low,close,volume
2026-02-02 09:15:00,09:15:00,28.35,37.7,27.3,33.35,613795
2026-02-02 09:16:00,09:16:00,38.35,39.85,35.9,37.35,1456780
2026-02-02 09:17:00,09:17:00,36.65,37.35,34.2,36.1,967460
2026-02-02 09:18:00,09:18:00,35.7,36.55,34.1,35.85,663325
2026-02-02 09:19:00,09:19:00,35.45,35.9,33.75,35.15,989105
2026-02-02 09:20:00,09:20:00,34.45,35.15,30.0,32.45,1410825
2026-02-02 09:21:00,09:21:00,38.6,40.7,37.3,37.3,314535
2026-02-02 09:22:00,09:22:00,36.4,37.3,31.35,33.4,568100
2026-02-02 09:23:00,09:23:00,39.45,39.8,34.2,34.75,889265
2026-02-02 09:24:00,09:24:00,34.85,36.45,34.35,35.8,774410
2026-02-02 09:25:00,09:25:00,29.65,34.85,29.5,33.75,489710
2026-02-02 09:26:00,09:26:00,32.85,33.75,31.4,33.05,312650
2026-02-02 09:27:00,09:27:00,33.05,38.0,32.5,36.65,356005
2026-02-02 09:28:00,09:28:00,36.2,39.15,32.4,33.3,538525
2026-02-02 09:29:00,09:29:00,32.8,35.3,32.7,33.4,379080
2026-02-02 09:30:00,09:30:00,39.5,40.8,35.75,36.2,733525
2026-02-02 09:31:00,09:31:00,36.7,36.85,32.35,34.35,917150
2026-02-02 09:32:00,09:32:00,33.8,34.35,32.25,32.6,623480
2026-02-02 09:33:00,09:33:00,32.55,33.85,32.0,32.9,493090
2026-02-02 09:34:00,09:34:00,32.55,37.0,32.45,36.25,854360
2026-02-02 09:35:00,09:35:00,31.2,33.35,30.5,33.35,287690
2026-02-02 09:36:00,09:36:00,39.55,40.15,34.85,35.55,724165
2026-02-02 09:37:00,09:37:00,35.25,37.85,34.05,36.35,490425
2026-02-02 09:38:00,09:38:00,36.1,36.75,32.4,33.9,374400
2026-02-02 09:39:00,09:39:00,33.6,36.1,33.1,36.1,457990
2026-02-02 09:40:00,09:40:00,30.55,32.1,29.3,32.05,158145
2026-02-02 09:41:00,09:41:00,37.65,38.45,32.2,33.6,554905
2026-02-02 09:42:00,09:42:00,33.2,36.35,33.2,36.35,466635
2026-02-02 09:43:00,09:43:00,36.1,36.35,32.75,35.4,531700
2026-02-02 09:44:00,09:44:00,29.5,31.95,29.15,31.8,197925
2026-02-02 09:45:00,09:45:00,37.75,39.2,34.1,35.25,791115
2026-02-02 09:46:00,09:46:00,35.25,35.55,32.6,32.95,423020
2026-02-02 09:47:00,09:47:00,32.9,34.55,31.45,32.55,501865
2026-02-02 09:48:00,09:48:00,32.3,32.55,28.35,29.0,871390
2026-02-02 09:49:00,09:49:00,29.9,30.85,29.0,30.05,547430
2026-02-02 09:50:00,09:50:00,25.05,27.5,24.55,27.5,198575
2026-02-02 09:51:00,09:51:00,32.7,32.9,26.2,26.6,823225
2026-02-02 09:52:00,09:52:00,31.85,33.9,29.65,29.8,407615
2026-02-02 09:53:00,09:53:00,24.45,25.15,24.0,24.4,848120
2026-02-02 09:54:00,09:54:00,29.3,29.45,25.9,26.8,527475
2026-02-02 09:55:00,09:55:00,27.3,28.45,26.75,27.85,290940
2026-02-02 09:56:00,09:56:00,27.55,29.9,27.55,27.8,311480
2026-02-02 09:57:00,09:57:00,23.35,25.4,23.15,25.05,530595
2026-02-02 09:58:00,09:58:00,21.5,27.5,21.1,27.35,584025
2026-02-02 09:59:00,09:59:00,26.95,28.4,25.9,27.1,713245
2026-02-02 10:00:00,10:00:00,27.1,28.35,25.9,26.75,739895
2026-02-02 10:01:00,10:01:00,26.85,29.2,24.25,25.2,785395
2026-02-02 10:02:00,10:02:00,25.35,26.8,23.7,26.4,422955
2026-02-02 10:03:00,10:03:00,26.5,28.6,26.4,28.0,374400
2026-02-02 10:04:00,10:04:00,23.6,25.85,23.6,25.75,867035
2026-02-02 10:05:00,10:05:00,25.15,27.05,24.4,25.6,900185
2026-02-02 10:06:00,10:06:00,25.75,26.3,23.0,23.45,824135
2026-02-02 10:07:00,10:07:00,23.65,25.3,22.95,24.95,530660
2026-02-02 10:08:00,10:08:00,24.9,25.4,23.5,25.0,512330
2026-02-02 10:09:00,10:09:00,25.15,25.3,22.1,22.9,730600
2026-02-02 10:10:00,10:10:00,22.65,23.95,21.75,22.3,479765
2026-02-02 10:11:00,10:11:00,27.2,27.7,21.35,24.35,847860
2026-02-02 10:12:00,10:12:00,24.45,25.25,21.95,22.1,563810
2026-02-02 10:13:00,10:13:00,18.85,21.75,18.4,20.65,585195
2026-02-02 10:14:00,10:14:00,25.55,26.2,22.0,23.65,399165
2026-02-02 10:15:00,10:15:00,19.65,20.2,18.5,20.05,312975
2026-02-02 10:16:00,10:16:00,19.6,20.8,18.6,20.0,431470
2026-02-02 10:17:00,10:17:00,19.9,20.3,18.45,20.3,327795
2026-02-02 10:18:00,10:18:00,24.7,24.75,21.7,21.7,216970
2026-02-02 10:19:00,10:19:00,21.5,22.5,19.05,20.25,640770
2026-02-02 10:20:00,10:20:00,16.8,18.95,15.45,18.95,623220
2026-02-02 10:21:00,10:21:00,18.3,20.2,17.3,19.9,508625
2026-02-02 10:22:00,10:22:00,19.7,21.15,18.6,20.8,530725
2026-02-02 10:23:00,10:23:00,20.85,21.5,18.95,19.5,516100
2026-02-02 10:24:00,10:24:00,19.4,19.5,17.8,19.35,431340
2026-02-02 10:25:00,10:25:00,19.25,19.35,17.75,18.55,338585
2026-02-02 10:26:00,10:26:00,22.9,22.9,19.85,19.85,320710
2026-02-02 10:27:00,10:27:00,19.8,21.3,18.55,18.8,565045
2026-02-02 10:28:00,10:28:00,18.65,20.8,18.65,20.7,290290
2026-02-02 10:29:00,10:29:00,20.9,21.3,19.65,20.25,182910
2026-02-02 10:30:00,10:30:00,20.6,20.6,18.65,19.05,283205
2026-02-02 10:31:00,10:31:00,19.0,19.5,17.15,17.35,448045
2026-02-02 10:32:00,10:32:00,17.6,18.2,17.35,17.75,267020
2026-02-02 10:33:00,10:33:00,17.45,18.4,16.6,17.75,284960
2026-02-02 10:34:00,10:34:00,17.65,17.75,16.85,17.7,187720
2026-02-02 10:35:00,10:35:00,17.85,18.2,17.3,17.9,184405
2026-02-02 10:36:00,10:36:00,18.05,18.2,17.05,18.2,203450
2026-02-02 10:37:00,10:37:00,18.15,19.05,17.65,18.5,229840
2026-02-02 10:38:00,10:38:00,18.45,19.4,18.2,19.2,216710
2026-02-02 10:39:00,10:39:00,18.85,20.05,17.7,18.55,340340
2026-02-02 10:40:00,10:40:00,18.65,18.65,16.3,17.0,296725
2026-02-02 10:41:00,10:41:00,16.95,17.8,16.6,17.8,194415
2026-02-02 10:42:00,10:42:00,17.65,18.15,16.75,17.9,347295
2026-02-02 10:43:00,10:43:00,17.9,18.35,16.9,17.95,231855
2026-02-02 10:44:00,10:44:00,18.15,18.9,17.8,17.8,290615
2026-02-02 10:45:00,10:45:00,18.0,18.8,17.35,18.05,239785
2026-02-02 10:46:00,10:46:00,18.05,18.75,17.6,18.65,154960
2026-02-02 10:47:00,10:47:00,18.45,18.9,17.7,18.1,157495
2026-02-02 10:48:00,10:48:00,18.05,18.1,16.85,17.2,253890
2026-02-02 10:49:00,10:49:00,17.1,17.8,15.95,17.55,306930
2026-02-02 10:50:00,10:50:00,17.75,18.0,16.8,16.8,282620
2026-02-02 10:51:00,10:51:00,16.75,17.4,16.35,16.5,163540
2026-02-02 10:52:00,10:52:00,16.6,18.1,16.5,17.7,168545
2026-02-02 10:53:00,10:53:00,17.75,20.5,17.55,20.5,246740
2026-02-02 10:54:00,10:54:00,17.2,17.75,16.75,17.15,548665
2026-02-02 10:55:00,10:55:00,17.1,22.35,17.1,22.35,1094730
2026-02-02 10:56:00,10:56:00,21.4,23.65,21.15,23.35,1231685
2026-02-02 10:57:00,10:57:00,23.25,24.15,22.2,22.95,1193400
2026-02-02 10:58:00,10:58:00,19.05,19.1,17.8,18.55,388505
2026-02-02 10:59:00,10:59:00,18.4,18.95,17.75,18.15,288860
2026-02-02 11:00:00,11:00:00,18.05,18.3,16.85,17.15,302900
2026-02-02 11:01:00,11:01:00,17.2,21.4,17.1,21.4,567970
2026-02-02 11:02:00,11:02:00,21.95,21.95,18.1,19.0,751725
2026-02-02 11:03:00,11:03:00,18.95,19.1,17.75,18.35,290290
2026-02-02 11:04:00,11:04:00,18.35,19.9,18.1,18.95,301470
2026-02-02 11:05:00,11:05:00,18.85,19.4,18.2,18.4,207415
2026-02-02 11:06:00,11:06:00,18.6,19.6,17.95,19.2,286975
2026-02-02 11:07:00,11:07:00,19.1,20.0,18.9,19.35,225875
2026-02-02 11:08:00,11:08:00,18.95,19.35,18.15,18.6,267475
2026-02-02 11:09:00,11:09:00,15.25,19.7,15.05,16.15,1416480
2026-02-02 11:10:00,11:10:00,19.85,21.85,19.0,19.0,458315
2026-02-02 11:11:00,11:11:00,15.4,16.2,15.3,16.0,418535
2026-02-02 11:12:00,11:12:00,19.55,19.8,17.6,18.35,618605
2026-02-02 11:13:00,11:13:00,18.4,18.7,17.05,17.05,289965
2026-02-02 11:14:00,11:14:00,17.2,17.9,16.75,17.9,277615
2026-02-02 11:15:00,11:15:00,18.1,18.1,16.4,16.55,244855
2026-02-02 11:16:00,11:16:00,16.75,17.85,16.55,17.05,197990
2026-02-02 11:17:00,11:17:00,14.1,14.95,13.7,14.2,307970
2026-02-02 11:18:00,11:18:00,14.3,15.3,14.05,14.65,327080
2026-02-02 11:19:00,11:19:00,14.7,15.7,14.65,15.2,309855
2026-02-02 11:20:00,11:20:00,15.2,15.5,14.45,14.8,370630
2026-02-02 11:21:00,11:21:00,14.85,15.25,14.35,14.8,295555
2026-02-02 11:22:00,11:22:00,14.85,16.5,14.4,16.5,421070
2026-02-02 11:23:00,11:23:00,16.65,16.85,15.8,16.5,720590
2026-02-02 11:24:00,11:24:00,16.65,16.65,15.45,16.15,443105
2026-02-02 11:25:00,11:25:00,16.3,16.55,14.8,14.85,397020
2026-02-02 11:26:00,11:26:00,14.95,14.95,12.9,13.0,868595
2026-02-02 11:27:00,11:27:00,13.0,13.6,12.55,13.1,669890
2026-02-02 11:28:00,11:28:00,13.35,13.6,12.2,12.2,408460
2026-02-02 11:29:00,11:29:00,12.2,12.8,11.65,11.75,468390
2026-02-02 11:30:00,11:30:00,15.1,15.2,13.0,13.2,502710
2026-02-02 11:31:00,11:31:00,13.35,13.65,12.4,12.6,363220
2026-02-02 11:32:00,11:32:00,15.7,15.75,13.25,13.3,1104220
2026-02-02 11:33:00,11:33:00,13.75,13.85,12.4,13.5,1272115
2026-02-02 11:34:00,11:34:00,16.7,16.9,15.05,15.4,518765
2026-02-02 11:35:00,11:35:00,12.25,13.1,12.25,12.5,762320
2026-02-02 11:36:00,11:36:00,12.55,13.8,12.45,13.1,670670
2026-02-02 11:37:00,11:37:00,13.2,13.7,12.85,13.4,469040
2026-02-02 11:38:00,11:38:00,13.0,13.4,11.55,11.75,537550
2026-02-02 11:39:00,11:39:00,14.6,14.9,12.05,12.65,556140
2026-02-02 11:40:00,11:40:00,10.45,11.8,10.25,11.4,616135
2026-02-02 11:41:00,11:41:00,14.3,14.4,13.15,13.15,220285
2026-02-02 11:42:00,11:42:00,13.4,13.5,11.7,12.0,389870
2026-02-02 11:43:00,11:43:00,12.05,13.15,11.9,12.85,392600
2026-02-02 11:44:00,11:44:00,12.8,13.1,12.35,12.4,282425
2026-02-02 11:45:00,11:45:00,12.4,13.2,12.05,12.8,248560
2026-02-02 11:46:00,11:46:00,15.8,17.1,15.75,16.6,461825
2026-02-02 11:47:00,11:47:00,13.45,13.8,13.15,13.7,250055
2026-02-02 11:48:00,11:48:00,13.55,13.8,13.3,13.75,189475
2026-02-02 11:49:00,11:49:00,14.0,14.55,13.5,13.65,261300
2026-02-02 11:50:00,11:50:00,13.6,14.65,13.55,14.6,188890
2026-02-02 11:51:00,11:51:00,14.8,15.05,13.65,14.15,184925
2026-02-02 11:52:00,11:52:00,14.1,14.15,13.05,13.65,181870
2026-02-02 11:53:00,11:53:00,13.65,14.05,13.35,13.4,117975
2026-02-02 11:54:00,11:54:00,13.4,13.8,12.95,13.5,207480
2026-02-02 11:55:00,11:55:00,13.7,14.65,13.5,14.55,202020
2026-02-02 11:56:00,11:56:00,14.4,14.55,12.95,13.6,229515
2026-02-02 11:57:00,11:57:00,13.4,13.75,13.1,13.1,113750
2026-02-02 11:58:00,11:58:00,13.05,14.15,13.05,13.95,109980
2026-02-02 11:59:00,11:59:00,13.9,13.95,13.15,13.2,113815
2026-02-02 12:00:00,12:00:00,13.2,13.65,13.05,13.45,81900
2026-02-02 12:01:00,12:01:00,13.4,13.75,13.15,13.55,137735
2026-02-02 12:02:00,12:02:00,13.5,14.3,13.5,14.1,120835
2026-02-02 12:03:00,12:03:00,14.15,14.2,13.4,13.55,68185
2026-02-02 12:04:00,12:04:00,13.4,14.15,13.35,13.7,78585
2026-02-02 12:05:00,12:05:00,13.65,13.85,12.95,13.6,115505
2026-02-02 12:06:00,12:06:00,13.6,14.15,13.25,14.1,102440
2026-02-02 12:07:00,12:07:00,14.2,14.2,13.3,13.6,53755
2026-02-02 12:08:00,12:08:00,13.6,14.45,13.35,14.2,101465
2026-02-02 12:09:00,12:09:00,14.25,14.3,13.15,13.5,135265
2026-02-02 12:10:00,12:10:00,13.55,13.7,13.15,13.15,84890
2026-02-02 12:11:00,12:11:00,13.2,14.0,13.05,13.65,64740
2026-02-02 12:12:00,12:12:00,17.0,17.05,15.35,15.6,428870
2026-02-02 12:13:00,12:13:00,15.75,16.3,15.4,16.0,379730
2026-02-02 12:14:00,12:14:00,16.0,16.0,12.9,13.5,1109745
2026-02-02 12:15:00,12:15:00,13.7,14.6,13.15,14.15,815295
2026-02-02 12:16:00,12:16:00,14.15,14.25,13.05,13.25,859170
2026-02-02 12:17:00,12:17:00,16.25,16.65,15.9,16.35,288145
2026-02-02 12:18:00,12:18:00,13.4,14.35,13.3,14.35,847340
2026-02-02 12:19:00,12:19:00,14.3,16.0,14.3,15.95,876655
2026-02-02 12:20:00,12:20:00,15.85,16.4,15.4,15.85,570765
2026-02-02 12:21:00,12:21:00,15.85,16.5,15.35,15.8,850720
2026-02-02 12:22:00,12:22:00,15.65,15.9,15.2,15.45,413790
2026-02-02 12:23:00,12:23:00,15.25,15.45,14.8,15.05,370110
2026-02-02 12:24:00,12:24:00,15.0,15.45,14.9,15.05,133055
2026-02-02 12:25:00,12:25:00,15.15,16.25,15.1,16.2,269230
2026-02-02 12:26:00,12:26:00,16.35,16.45,15.2,15.5,301795
2026-02-02 12:27:00,12:27:00,15.4,16.05,15.2,15.5,189605
2026-02-02 12:28:00,12:28:00,15.45,15.8,15.05,15.7,209105
2026-02-02 12:29:00,12:29:00,15.55,15.8,15.4,15.55,124020
2026-02-02 12:30:00,12:30:00,15.7,16.3,15.25,16.05,177125
2026-02-02 12:31:00,12:31:00,16.2,16.6,15.8,16.05,290550
2026-02-02 12:32:00,12:32:00,16.15,17.35,16.0,17.05,410410
2026-02-02 12:33:00,12:33:00,17.0,17.05,16.2,16.5,324350
2026-02-02 12:34:00,12:34:00,16.6,16.6,15.85,16.4,306215
2026-02-02 12:35:00,12:35:00,13.45,14.15,13.4,14.05,114790
2026-02-02 12:36:00,12:36:00,14.25,14.7,13.8,14.3,240500
2026-02-02 12:37:00,12:37:00,14.3,14.3,13.0,13.25,185640
2026-02-02 12:38:00,12:38:00,13.35,13.9,13.25,13.6,54665
2026-02-02 12:39:00,12:39:00,16.65,16.65,15.55,15.85,477685
2026-02-02 12:40:00,12:40:00,15.8,16.1,15.25,15.8,394550
2026-02-02 12:41:00,12:41:00,15.75,16.05,15.5,15.7,222820
2026-02-02 12:42:00,12:42:00,15.85,16.2,15.15,15.3,236405
2026-02-02 12:43:00,12:43:00,15.3,15.55,14.75,15.35,470405
2026-02-02 12:44:00,12:44:00,12.6,13.0,12.45,12.9,85670
2026-02-02 12:45:00,12:45:00,12.9,13.5,12.75,12.9,159705
2026-02-02 12:46:00,12:46:00,15.85,15.9,14.9,15.55,211315
2026-02-02 12:47:00,12:47:00,15.5,15.7,15.0,15.1,141830
2026-02-02 12:48:00,12:48:00,15.15,15.15,14.1,14.35,595530
2026-02-02 12:49:00,12:49:00,14.3,14.35,12.9,13.0,499720
2026-02-02 12:50:00,12:50:00,12.9,14.0,12.8,13.75,466635
2026-02-02 12:51:00,12:51:00,13.75,14.45,13.5,13.7,241085
2026-02-02 12:52:00,12:52:00,13.6,14.4,13.45,14.0,274495
2026-02-02 12:53:00,12:53:00,14.05,14.55,14.0,14.5,100230
2026-02-02 12:54:00,12:54:00,14.5,14.6,13.7,13.75,220805
2026-02-02 12:55:00,12:55:00,13.75,13.85,13.3,13.4,206570
2026-02-02 12:56:00,12:56:00,13.4,13.7,12.7,12.8,313170
2026-02-02 12:57:00,12:57:00,12.8,13.0,12.5,12.55,641420
2026-02-02 12:58:00,12:58:00,15.45,15.5,14.45,14.45,441220
2026-02-02 12:59:00,12:59:00,14.5,15.0,14.3,14.7,514215
2026-02-02 13:00:00,13:00:00,14.6,14.75,14.25,14.75,338065
2026-02-02 13:01:00,13:01:00,14.65,15.15,14.4,14.9,237705
2026-02-02 13:02:00,13:02:00,14.95,15.1,14.35,14.35,241540
2026-02-02 13:03:00,13:03:00,14.45,15.05,14.35,14.9,110565
2026-02-02 13:04:00,13:04:00,14.95,14.95,13.9,13.95,235235
2026-02-02 13:05:00,13:05:00,14.0,14.35,13.3,13.45,331630
2026-02-02 13:06:00,13:06:00,13.5,13.6,12.8,13.05,261105
2026-02-02 13:07:00,13:07:00,13.15,14.05,13.05,13.15,214760
2026-02-02 13:08:00,13:08:00,13.2,13.5,13.1,13.45,120380
2026-02-02 13:09:00,13:09:00,13.45,13.75,13.2,13.5,158795
2026-02-02 13:10:00,13:10:00,13.4,13.85,13.4,13.65,180115
2026-02-02 13:11:00,13:11:00,13.55,14.1,13.55,13.75,152945
2026-02-02 13:12:00,13:12:00,13.75,14.4,13.75,14.25,149175
2026-02-02 13:13:00,13:13:00,14.35,15.3,14.25,14.85,240955
2026-02-02 13:14:00,13:14:00,14.9,15.35,14.65,15.05,181545
2026-02-02 13:15:00,13:15:00,15.1,15.5,14.45,15.5,149110
2026-02-02 13:16:00,13:16:00,12.65,14.0,12.65,13.35,672360
2026-02-02 13:17:00,13:17:00,13.4,13.75,12.9,13.5,460915
2026-02-02 13:18:00,13:18:00,13.55,15.25,13.5,14.25,765895
2026-02-02 13:19:00,13:19:00,14.25,15.05,14.15,14.55,572390
2026-02-02 13:20:00,13:20:00,14.45,15.55,14.05,14.75,909675
2026-02-02 13:21:00,13:21:00,12.25,12.85,11.85,12.7,329095
2026-02-02 13:22:00,13:22:00,12.6,12.7,11.95,12.5,276055
2026-02-02 13:23:00,13:23:00,12.4,13.35,11.75,12.25,441610
2026-02-02 13:24:00,13:24:00,12.3,12.7,11.45,11.5,265850
2026-02-02 13:25:00,13:25:00,11.5,12.25,11.15,11.15,288080
2026-02-02 13:26:00,13:26:00,13.85,13.9,13.0,13.45,624325
2026-02-02 13:27:00,13:27:00,13.55,14.05,12.7,12.75,430365
2026-02-02 13:28:00,13:28:00,12.75,12.9,10.7,10.75,944710
2026-02-02 13:29:00,13:29:00,11.05,11.7,10.75,11.55,715910
2026-02-02 13:30:00,13:30:00,11.55,12.55,11.2,12.15,1201525
2026-02-02 13:31:00,13:31:00,12.1,12.5,11.55,12.1,1096680
2026-02-02 13:32:00,13:32:00,9.9,10.5,9.8,10.15,198900
2026-02-02 13:33:00,13:33:00,12.55,12.65,11.6,12.3,671710
2026-02-02 13:34:00,13:34:00,12.35,12.55,11.25,11.3,789685
2026-02-02 13:35:00,13:35:00,11.25,11.7,10.6,11.1,818805
2026-02-02 13:36:00,13:36:00,11.1,11.4,10.6,10.65,521950
2026-02-02 13:37:00,13:37:00,10.65,10.65,9.85,9.9,601120
2026-02-02 13:38:00,13:38:00,10.0,10.45,9.75,9.95,500630
2026-02-02 13:39:00,13:39:00,9.85,10.25,9.05,9.25,681135
2026-02-02 13:40:00,13:40:00,9.3,9.35,8.95,9.15,780000
2026-02-02 13:41:00,13:41:00,11.6,11.6,10.9,10.9,280150
2026-02-02 13:42:00,13:42:00,10.95,11.25,10.55,10.55,462020
2026-02-02 13:43:00,13:43:00,10.75,10.85,9.8,9.95,659165
2026-02-02 13:44:00,13:44:00,9.95,10.2,9.65,9.75,1186770
2026-02-02 13:45:00,13:45:00,9.85,10.05,9.65,10.0,338195
2026-02-02 13:46:00,13:46:00,10.0,10.75,9.95,10.45,264485
2026-02-02 13:47:00,13:47:00,10.4,10.45,9.9,10.35,227305
2026-02-02 13:48:00,13:48:00,10.35,10.5,10.1,10.45,118625
2026-02-02 13:49:00,13:49:00,10.45,10.6,10.2,10.25,129350
2026-02-02 13:50:00,13:50:00,10.3,10.6,10.25,10.5,152230
2026-02-02 13:51:00,13:51:00,13.3,13.3,12.1,12.1,640640
2026-02-02 13:52:00,13:52:00,12.15,12.3,11.7,11.9,1474330
2026-02-02 13:53:00,13:53:00,9.4,9.8,9.25,9.25,1119430
2026-02-02 13:54:00,13:54:00,9.2,9.4,8.9,9.4,403715
2026-02-02 13:55:00,13:55:00,9.3,9.95,9.25,9.85,153920
2026-02-02 13:56:00,13:56:00,9.8,9.85,9.4,9.6,115310
2026-02-02 13:57:00,13:57:00,9.7,9.95,9.55,9.65,205270
2026-02-02 13:58:00,13:58:00,9.65,9.85,9.45,9.55,270075
2026-02-02 13:59:00,13:59:00,9.5,9.95,9.3,9.85,132535
2026-02-02 14:00:00,14:00:00,9.85,11.15,9.7,10.65,415610
2026-02-02 14:01:00,14:01:00,10.55,10.85,9.85,10.0,230035
2026-02-02 14:02:00,14:02:00,9.9,10.35,9.7,10.35,212550
2026-02-02 14:03:00,14:03:00,10.3,10.7,10.2,10.4,133575
2026-02-02 14:04:00,14:04:00,10.35,10.4,9.85,10.0,156130
2026-02-02 14:05:00,14:05:00,9.95,10.2,9.55,9.6,130520
2026-02-02 14:06:00,14:06:00,9.7,10.45,9.55,10.45,139360
2026-02-02 14:07:00,14:07:00,10.35,10.45,9.8,10.25,124800
2026-02-02 14:08:00,14:08:00,10.25,11.15,10.25,11.0,206765
2026-02-02 14:09:00,14:09:00,10.95,11.5,10.7,11.25,243490
2026-02-02 14:10:00,14:10:00,9.2,10.2,9.15,9.95,697450
2026-02-02 14:11:00,14:11:00,10.05,10.05,8.45,8.7,777335
2026-02-02 14:12:00,14:12:00,10.75,10.75,9.55,10.0,336310
2026-02-02 14:13:00,14:13:00,10.0,10.4,9.5,10.05,174005
2026-02-02 14:14:00,14:14:00,10.0,10.35,9.6,9.6,129415
2026-02-02 14:15:00,14:15:00,9.7,9.8,9.0,9.0,233480
2026-02-02 14:16:00,14:16:00,9.0,9.5,9.0,9.3,218140
2026-02-02 14:17:00,14:17:00,9.1,9.8,8.85,9.8,145860
2026-02-02 14:18:00,14:18:00,9.8,10.2,9.7,9.9,142545
2026-02-02 14:19:00,14:19:00,10.3,10.55,9.9,10.1,310700
2026-02-02 14:20:00,14:20:00,9.75,10.15,9.15,9.15,212030
2026-02-02 14:21:00,14:21:00,9.15,9.3,8.8,8.9,198510
2026-02-02 14:22:00,14:22:00,8.9,8.9,7.85,7.85,364520
2026-02-02 14:23:00,14:23:00,7.8,8.25,7.75,8.05,669695
2026-02-02 14:24:00,14:24:00,8.1,8.2,7.6,8.15,224835
2026-02-02 14:25:00,14:25:00,8.15,8.45,7.85,8.25,213720
2026-02-02 14:26:00,14:26:00,8.15,8.25,7.8,7.8,181545
2026-02-02 14:27:00,14:27:00,7.85,8.0,7.7,7.95,175175
2026-02-02 14:28:00,14:28:00,7.9,8.05,7.75,7.8,103025
2026-02-02 14:29:00,14:29:00,7.8,7.9,7.45,7.5,198445
2026-02-02 14:30:00,14:30:00,7.6,8.05,7.5,7.95,306475
2026-02-02 14:31:00,14:31:00,7.95,8.25,7.55,8.15,497315
2026-02-02 14:32:00,14:32:00,8.2,8.85,8.15,8.5,348985
2026-02-02 14:33:00,14:33:00,8.6,9.2,8.5,8.8,310960
2026-02-02 14:34:00,14:34:00,8.75,9.5,8.75,9.1,251160
2026-02-02 14:35:00,14:35:00,9.2,9.35,8.55,8.6,268840
2026-02-02 14:36:00,14:36:00,8.6,9.05,8.5,9.05,189865
2026-02-02 14:37:00,14:37:00,8.95,9.3,8.65,8.95,187785
2026-02-02 14:38:00,14:38:00,8.8,8.95,8.15,8.45,250055
2026-02-02 14:39:00,14:39:00,8.45,8.45,7.95,8.1,160550
2026-02-02 14:40:00,14:40:00,8.1,8.85,8.05,8.35,163735
2026-02-02 14:41:00,14:41:00,8.35,8.75,8.1,8.6,143130
2026-02-02 14:42:00,14:42:00,8.55,8.6,8.1,8.2,164320
2026-02-02 14:43:00,14:43:00,8.3,8.7,8.15,8.35,111670
2026-02-02 14:44:00,14:44:00,8.35,8.7,8.25,8.7,163670
2026-02-02 14:45:00,14:45:00,8.7,8.95,8.5,8.5,229775
2026-02-02 14:46:00,14:46:00,8.15,8.7,8.15,8.65,116935
2026-02-02 14:47:00,14:47:00,11.0,11.0,9.6,9.7,987220
2026-02-02 14:48:00,14:48:00,9.75,9.75,8.55,8.65,1658865
2026-02-02 14:49:00,14:49:00,8.9,9.3,8.45,8.65,2201550
2026-02-02 14:50:00,14:50:00,8.65,8.95,8.5,8.6,1032655
2026-02-02 14:51:00,14:51:00,8.6,8.6,7.65,7.9,1771705
2026-02-02 14:52:00,14:52:00,7.7,8.1,7.5,7.7,1236105
2026-02-02 14:53:00,14:53:00,7.6,8.0,7.55,8.0,1088425
2026-02-02 14:54:00,14:54:00,8.0,8.4,7.95,8.0,983515
2026-02-02 14:55:00,14:55:00,9.7,9.95,9.2,9.25,326820
2026-02-02 14:56:00,14:56:00,7.7,8.0,7.55,7.55,669565
2026-02-02 14:57:00,14:57:00,9.15,9.15,8.35,8.45,1041235
2026-02-02 14:58:00,14:58:00,7.2,7.6,7.15,7.35,862030
2026-02-02 14:59:00,14:59:00,8.95,9.0,8.15,8.15,429130
2026-02-02 15:00:00,15:00:00,8.4,8.4,7.25,7.75,1441570
2026-02-02 15:01:00,15:01:00,7.8,8.05,7.5,8.0,734695
2026-02-02 15:02:00,15:02:00,8.0,8.55,8.0,8.5,547040
2026-02-02 15:03:00,15:03:00,8.45,8.55,8.1,8.3,502190
2026-02-02 15:04:00,15:04:00,8.3,8.35,7.9,7.95,368355
2026-02-02 15:05:00,15:05:00,9.65,9.65,8.5,8.5,1081210
2026-02-02 15:06:00,15:06:00,8.6,8.6,7.3,7.5,1100905
2026-02-02 15:07:00,15:07:00,7.55,8.1,7.3,8.05,1069575
2026-02-02 15:08:00,15:08:00,6.7,7.15,6.6,7.15,441935
2026-02-02 15:09:00,15:09:00,8.7,8.75,7.85,8.35,744250
2026-02-02 15:10:00,15:10:00,8.45,8.95,8.35,8.9,603850
2026-02-02 15:11:00,15:11:00,8.9,9.25,8.75,9.25,543205
2026-02-02 15:12:00,15:12:00,9.3,9.3,8.55,8.6,593905
2026-02-02 15:13:00,15:13:00,8.6,9.1,8.6,8.95,488800
2026-02-02 15:14:00,15:14:00,8.9,9.3,8.65,8.85,598715
2026-02-02 15:15:00,15:15:00,8.95,9.15,8.4,8.4,711945
2026-02-02 15:16:00,15:16:00,8.4,8.4,7.8,7.85,937365
2026-02-02 15:17:00,15:17:00,7.9,7.95,7.2,7.5,994110
2026-02-02 15:18:00,15:18:00,7.45,7.7,7.35,7.55,785200
2026-02-02 15:19:00,15:19:00,7.6,7.95,7.55,7.95,656045
2026-02-02 15:20:00,15:20:00,8.05,8.5,7.95,8.45,1068860
2026-02-02 15:21:00,15:21:00,8.5,8.65,7.9,7.95,1029665
2026-02-02 15:22:00,15:22:00,8.0,8.1,7.25,7.7,1353365
2026-02-02 15:23:00,15:23:00,7.75,8.0,7.65,7.8,815815
2026-02-02 15:24:00,15:24:00,7.8,7.9,7.5,7.8,857935
2026-02-02 15:25:00,15:25:00,7.8,8.65,7.8,8.0,1304745
2026-02-02 15:26:00,15:26:00,8.0,8.2,7.7,8.0,617240
2026-02-02 15:27:00,15:27:00,8.1,8.1,7.65,7.95,645125
2026-02-02 15:28:00,15:28:00,7.95,8.0,7.8,8.0,441675
2026-02-02 15:29:00,15:29:00,8.0,8.8,8.0,8.0,911690
2026-02-03 09:15:00,09:15:00,19.0,44.95,2.6,38.6,2675920
2026-02-03 09:16:00,09:16:00,36.5,38.6,21.4,22.3,2695225
2026-02-03 09:17:00,09:17:00,21.75,23.2,16.3,18.0,2146300
2026-02-03 09:18:00,09:18:00,17.7,18.65,9.6,11.65,2105675
2026-02-03 09:19:00,09:19:00,11.9,14.95,11.65,14.15,1867710
2026-02-03 09:20:00,09:20:00,17.2,17.8,14.0,16.65,980525
2026-02-03 09:21:00,09:21:00,15.8,17.3,14.4,16.2,777270
2026-02-03 09:22:00,09:22:00,15.8,18.8,15.75,17.55,827060
2026-02-03 09:23:00,09:23:00,17.9,20.65,17.3,20.1,637260
2026-02-03 09:24:00,09:24:00,16.8,20.85,16.8,19.25,1865175
2026-02-03 09:25:00,09:25:00,18.2,21.95,17.85,20.5,2104960
2026-02-03 09:26:00,09:26:00,20.75,22.85,18.7,19.05,2010515
2026-02-03 09:27:00,09:27:00,19.25,21.95,18.9,19.55,1449890
2026-02-03 09:28:00,09:28:00,19.2,19.55,15.0,17.2,1671280
2026-02-03 09:29:00,09:29:00,17.05,17.75,16.2,17.5,1023360
2026-02-03 09:30:00,09:30:00,14.95,16.25,14.5,15.35,699335
2026-02-03 09:31:00,09:31:00,18.3,18.35,13.8,14.05,1621230
2026-02-03 09:32:00,09:32:00,13.6,16.1,11.8,15.3,1565070
2026-02-03 09:33:00,09:33:00,13.25,14.25,12.35,13.4,471315
2026-02-03 09:34:00,09:34:00,13.55,14.3,12.1,14.1,618150
2026-02-03 09:35:00,09:35:00,13.85,14.95,13.2,14.05,673335
2026-02-03 09:36:00,09:36:00,14.0,14.05,10.9,10.95,849615
2026-02-03 09:37:00,09:37:00,10.85,12.3,10.6,11.15,445185
2026-02-03 09:38:00,09:38:00,10.9,11.15,9.0,9.45,725140
2026-02-03 09:39:00,09:39:00,9.45,10.45,8.05,9.25,836095
2026-02-03 09:40:00,09:40:00,9.3,10.6,8.85,10.1,707265
2026-02-03 09:41:00,09:41:00,10.05,11.05,9.55,10.9,782535
2026-02-03 09:42:00,09:42:00,10.75,11.2,10.1,10.95,782665
2026-02-03 09:43:00,09:43:00,10.8,10.95,9.65,9.7,586560
2026-02-03 09:44:00,09:44:00,9.55,10.95,9.25,10.15,665340
2026-02-03 09:45:00,09:45:00,8.6,11.95,8.2,11.95,1174550
2026-02-03 09:46:00,09:46:00,11.95,12.1,10.25,11.05,1671215
2026-02-03 09:47:00,09:47:00,11.1,12.8,9.65,9.75,1997320
2026-02-03 09:48:00,09:48:00,11.8,11.95,8.95,9.1,1269840
2026-02-03 09:49:00,09:49:00,11.15,11.15,10.1,10.1,1660815
2026-02-03 09:50:00,09:50:00,10.0,11.05,9.9,10.45,1442805
2026-02-03 09:51:00,09:51:00,10.55,11.05,9.45,9.55,1102985
2026-02-03 09:52:00,09:52:00,7.8,7.85,6.95,7.35,707070
2026-02-03 09:53:00,09:53:00,7.3,8.0,7.3,7.5,457600
2026-02-03 09:54:00,09:54:00,7.5,8.6,7.25,8.55,411515
2026-02-03 09:55:00,09:55:00,8.5,8.55,7.35,7.6,417040
2026-02-03 09:56:00,09:56:00,7.6,8.05,7.05,7.9,418015
2026-02-03 09:57:00,09:57:00,7.85,7.95,7.2,7.45,290355
2026-02-03 09:58:00,09:58:00,6.1,6.75,5.95,6.7,605475
2026-02-03 09:59:00,09:59:00,6.65,7.2,6.45,6.75,1009970
2026-02-03 10:00:00,10:00:00,6.75,6.75,6.05,6.05,557245
2026-02-03 10:01:00,10:01:00,6.1,6.8,6.05,6.25,625950
2026-02-03 10:02:00,10:02:00,6.35,6.5,5.7,6.15,769795
2026-02-03 10:03:00,10:03:00,6.0,6.25,5.4,5.8,787800
2026-02-03 10:04:00,10:04:00,5.75,6.2,5.1,6.2,820170
2026-02-03 10:05:00,10:05:00,6.15,7.7,6.15,7.7,1373450
2026-02-03 10:06:00,10:06:00,7.95,9.1,7.3,7.45,2064335
2026-02-03 10:07:00,10:07:00,6.15,8.75,6.15,7.3,1206660
2026-02-03 10:08:00,10:08:00,7.25,7.35,6.25,6.25,544440
2026-02-03 10:09:00,10:09:00,7.45,7.6,6.65,7.35,1281995
2026-02-03 10:10:00,10:10:00,7.65,8.2,7.35,7.4,845910
2026-02-03 10:11:00,10:11:00,6.15,7.2,5.95,6.65,398385
2026-02-03 10:12:00,10:12:00,6.65,7.15,6.05,6.15,402350
2026-02-03 10:13:00,10:13:00,6.3,6.7,5.35,5.4,250250
2026-02-03 10:14:00,10:14:00,5.35,5.9,5.3,5.55,265200
2026-02-03 10:15:00,10:15:00,6.55,6.65,5.45,5.6,1135615
2026-02-03 10:16:00,10:16:00,6.95,7.2,6.65,6.7,644930
2026-02-03 10:17:00,10:17:00,6.65,7.0,6.55,6.8,569400
2026-02-03 10:18:00,10:18:00,6.85,7.0,6.65,6.95,399815
2026-02-03 10:19:00,10:19:00,6.85,7.5,6.8,7.3,380055
2026-02-03 10:20:00,10:20:00,7.25,7.3,6.85,7.0,309530
2026-02-03 10:21:00,10:21:00,6.95,7.15,6.35,6.5,387335
2026-02-03 10:22:00,10:22:00,6.4,6.85,6.35,6.8,307580
2026-02-03 10:23:00,10:23:00,6.8,7.2,6.8,6.95,302315
2026-02-03 10:24:00,10:24:00,8.3,8.35,7.55,7.85,749710
2026-02-03 10:25:00,10:25:00,6.65,7.05,6.6,7.0,220285
2026-02-03 10:26:00,10:26:00,8.3,8.55,7.9,8.1,680680
2026-02-03 10:27:00,10:27:00,8.1,8.2,7.8,8.15,686075
2026-02-03 10:28:00,10:28:00,8.2,8.5,8.15,8.4,553930
2026-02-03 10:29:00,10:29:00,6.95,7.3,6.95,7.2,206895
2026-02-03 10:30:00,10:30:00,6.95,7.2,6.6,6.8,281710
2026-02-03 10:31:00,10:31:00,8.45,8.45,7.5,7.65,709865
2026-02-03 10:32:00,10:32:00,7.65,7.7,6.4,6.6,1474005
2026-02-03 10:33:00,10:33:00,6.6,6.65,6.1,6.1,666575
2026-02-03 10:34:00,10:34:00,6.2,6.35,5.45,5.5,1086345
2026-02-03 10:35:00,10:35:00,5.55,5.75,5.45,5.55,1098565
2026-02-03 10:36:00,10:36:00,5.5,5.95,5.5,5.95,582465
2026-02-03 10:37:00,10:37:00,5.95,5.95,5.75,5.8,415740
2026-02-03 10:38:00,10:38:00,5.8,6.3,5.8,6.1,428610
2026-02-03 10:39:00,10:39:00,6.05,6.25,5.75,5.85,434980
2026-02-03 10:40:00,10:40:00,5.9,6.05,5.75,6.05,455390
2026-02-03 10:41:00,10:41:00,6.0,6.15,5.85,5.95,359970
2026-02-03 10:42:00,10:42:00,6.0,6.4,5.9,6.3,571285
2026-02-03 10:43:00,10:43:00,6.3,6.3,5.8,5.9,514735
2026-02-03 10:44:00,10:44:00,5.95,6.45,5.9,6.4,378105
2026-02-03 10:45:00,10:45:00,6.35,6.75,6.1,6.7,572780
2026-02-03 10:46:00,10:46:00,6.8,6.9,6.45,6.6,495690
2026-02-03 10:47:00,10:47:00,6.7,7.1,6.6,6.95,428350
2026-02-03 10:48:00,10:48:00,5.8,6.65,5.75,6.2,331370
2026-02-03 10:49:00,10:49:00,6.15,6.5,5.95,6.1,462410
2026-02-03 10:50:00,10:50:00,6.1,6.55,5.95,6.15,262080
2026-02-03 10:51:00,10:51:00,6.15,6.25,5.95,6.2,215670
2026-02-03 10:52:00,10:52:00,6.15,6.4,5.95,6.25,282165
2026-02-03 10:53:00,10:53:00,6.15,6.25,5.7,5.95,238810
2026-02-03 10:54:00,10:54:00,5.95,5.95,5.1,5.1,339300
2026-02-03 10:55:00,10:55:00,5.2,5.2,4.65,4.65,665730
2026-02-03 10:56:00,10:56:00,5.45,5.85,5.35,5.65,650000
2026-02-03 10:57:00,10:57:00,5.65,6.25,5.65,5.95,584740
2026-02-03 10:58:00,10:58:00,6.0,6.0,5.6,5.7,538720
2026-02-03 10:59:00,10:59:00,5.65,6.1,5.65,5.75,514540
2026-02-03 11:00:00,11:00:00,5.8,5.85,5.3,5.4,573755
2026-02-03 11:01:00,11:01:00,5.45,5.55,4.95,5.25,646685
2026-02-03 11:02:00,11:02:00,5.25,5.25,4.85,4.9,628875
2026-02-03 11:03:00,11:03:00,4.95,4.95,4.75,4.9,575640
2026-02-03 11:04:00,11:04:00,4.9,5.2,4.9,5.1,459680
2026-02-03 11:05:00,11:05:00,5.05,5.1,4.95,5.0,333450
2026-02-03 11:06:00,11:06:00,5.0,5.05,4.75,4.9,295945
2026-02-03 11:07:00,11:07:00,4.95,5.35,4.9,5.2,417430
2026-02-03 11:08:00,11:08:00,5.25,5.6,5.2,5.25,504790
2026-02-03 11:09:00,11:09:00,5.35,5.65,5.25,5.45,518895
2026-02-03 11:10:00,11:10:00,5.45,5.75,5.45,5.6,693290
2026-02-03 11:11:00,11:11:00,5.55,5.65,5.35,5.65,450645
2026-02-03 11:12:00,11:12:00,4.75,4.8,4.5,4.7,149435
2026-02-03 11:13:00,11:13:00,5.4,5.45,5.0,5.0,385970
2026-02-03 11:14:00,11:14:00,5.0,5.15,4.75,4.9,523965
2026-02-03 11:15:00,11:15:00,4.9,5.1,4.65,5.0,687570
2026-02-03 11:16:00,11:16:00,5.0,5.2,4.85,4.9,354640
2026-02-03 11:17:00,11:17:00,4.85,4.95,4.2,4.25,798655
2026-02-03 11:18:00,11:18:00,4.3,4.4,4.15,4.25,775060
2026-02-03 11:19:00,11:19:00,4.25,4.8,4.1,4.65,704535
2026-02-03 11:20:00,11:20:00,4.7,5.0,4.65,4.65,641355
2026-02-03 11:21:00,11:21:00,4.65,4.65,4.45,4.55,449735
2026-02-03 11:22:00,11:22:00,4.55,4.55,4.3,4.4,446745
2026-02-03 11:23:00,11:23:00,4.4,4.45,4.25,4.4,317330
2026-02-03 11:24:00,11:24:00,4.35,4.65,4.2,4.65,620490
2026-02-03 11:25:00,11:25:00,4.6,4.75,4.45,4.55,674635
2026-02-03 11:26:00,11:26:00,4.5,4.65,4.45,4.5,435825
2026-02-03 11:27:00,11:27:00,4.45,4.5,4.0,4.0,488345
2026-02-03 11:28:00,11:28:00,4.05,4.3,4.0,4.3,471575
2026-02-03 11:29:00,11:29:00,4.3,4.4,4.1,4.25,764530
2026-02-03 11:30:00,11:30:00,4.25,4.5,4.25,4.45,352690
2026-02-03 11:31:00,11:31:00,4.45,4.45,4.15,4.15,271375
2026-02-03 11:32:00,11:32:00,4.8,4.8,4.4,4.5,344305
2026-02-03 11:33:00,11:33:00,4.6,4.65,4.35,4.55,593580
2026-02-03 11:34:00,11:34:00,4.5,4.65,4.3,4.3,607230
2026-02-03 11:35:00,11:35:00,4.3,4.35,4.0,4.1,773500
2026-02-03 11:36:00,11:36:00,4.1,4.25,3.8,3.9,656110
2026-02-03 11:37:00,11:37:00,3.85,4.05,3.65,3.8,552760
2026-02-03 11:38:00,11:38:00,3.8,3.85,3.4,3.45,512655
2026-02-03 11:39:00,11:39:00,3.5,3.7,3.45,3.6,447850
2026-02-03 11:40:00,11:40:00,3.65,3.75,3.55,3.75,529685
2026-02-03 11:41:00,11:41:00,3.7,3.75,3.65,3.7,315835
2026-02-03 11:42:00,11:42:00,3.7,3.8,3.7,3.75,213135
2026-02-03 11:43:00,11:43:00,3.75,3.95,3.7,3.95,492570
2026-02-03 11:44:00,11:44:00,3.95,3.95,3.8,3.9,230165
2026-02-03 11:45:00,11:45:00,3.95,4.1,3.85,3.95,251030
2026-02-03 11:46:00,11:46:00,4.05,4.05,3.85,4.05,237705
2026-02-03 11:47:00,11:47:00,4.0,4.35,3.95,4.3,372710
2026-02-03 11:48:00,11:48:00,4.35,4.5,4.2,4.2,287755
2026-02-03 11:49:00,11:49:00,4.15,4.2,4.0,4.05,231595
2026-02-03 11:50:00,11:50:00,4.1,4.1,3.7,3.7,285935
2026-02-03 11:51:00,11:51:00,3.7,3.85,3.65,3.75,308880
2026-02-03 11:52:00,11:52:00,3.8,3.8,3.55,3.75,282620
2026-02-03 11:53:00,11:53:00,3.7,3.8,3.65,3.7,240955
2026-02-03 11:54:00,11:54:00,3.75,3.85,3.7,3.75,210925
2026-02-03 11:55:00,11:55:00,3.75,3.75,3.55,3.55,351390
2026-02-03 11:56:00,11:56:00,3.65,3.8,3.55,3.7,281580
2026-02-03 11:57:00,11:57:00,3.75,3.75,3.55,3.6,125450
2026-02-03 11:58:00,11:58:00,3.5,3.65,3.5,3.6,207090
2026-02-03 11:59:00,11:59:00,3.65,3.8,3.6,3.8,239005
2026-02-03 12:00:00,12:00:00,3.75,3.9,3.65,3.9,304395
2026-02-03 12:01:00,12:01:00,3.85,4.05,3.85,3.9,325715
2026-02-03 12:02:00,12:02:00,3.9,4.0,3.8,3.85,540605
2026-02-03 12:03:00,12:03:00,3.85,4.0,3.75,3.9,523510
2026-02-03 12:04:00,12:04:00,3.55,3.7,3.5,3.55,506805
2026-02-03 12:05:00,12:05:00,3.55,3.65,3.45,3.6,353145
2026-02-03 12:06:00,12:06:00,3.65,3.65,3.5,3.55,347750
2026-02-03 12:07:00,12:07:00,3.55,3.85,3.55,3.75,413270
2026-02-03 12:08:00,12:08:00,4.25,4.3,4.05,4.05,469820
2026-02-03 12:09:00,12:09:00,4.1,4.25,4.05,4.15,422175
2026-02-03 12:10:00,12:10:00,4.1,4.2,4.0,4.15,551200
2026-02-03 12:11:00,12:11:00,4.15,4.15,3.95,3.95,329615
2026-02-03 12:12:00,12:12:00,3.95,4.35,3.95,4.25,242775
2026-02-03 12:13:00,12:13:00,4.25,4.3,4.05,4.05,309400
2026-02-03 12:14:00,12:14:00,4.0,4.1,3.9,4.0,457600
2026-02-03 12:15:00,12:15:00,4.0,4.15,3.95,4.0,205725
2026-02-03 12:16:00,12:16:00,4.1,4.2,4.0,4.1,173810
2026-02-03 12:17:00,12:17:00,4.05,4.35,4.05,4.35,316160
2026-02-03 12:18:00,12:18:00,4.35,4.4,4.25,4.25,251940
2026-02-03 12:19:00,12:19:00,4.3,4.3,4.05,4.15,424255
2026-02-03 12:20:00,12:20:00,4.15,4.2,4.05,4.15,212875
2026-02-03 12:21:00,12:21:00,4.1,4.2,4.0,4.2,256555
2026-02-03 12:22:00,12:22:00,3.8,3.85,3.7,3.85,209690
2026-02-03 12:23:00,12:23:00,3.85,3.95,3.8,3.85,350415
2026-02-03 12:24:00,12:24:00,3.8,3.95,3.75,3.9,311935
2026-02-03 12:25:00,12:25:00,3.95,4.35,3.8,3.95,915915
2026-02-03 12:26:00,12:26:00,3.95,4.15,3.9,4.0,1042730
2026-02-03 12:27:00,12:27:00,4.05,4.1,3.95,4.1,610155
2026-02-03 12:28:00,12:28:00,4.25,4.8,4.1,4.4,1304940
2026-02-03 12:29:00,12:29:00,4.5,4.75,3.8,3.9,2363985
2026-02-03 12:30:00,12:30:00,3.95,4.3,3.6,3.7,1399320
2026-02-03 12:31:00,12:31:00,3.65,4.0,3.5,3.75,1324895
2026-02-03 12:32:00,12:32:00,3.75,3.85,3.5,3.6,1074840
2026-02-03 12:33:00,12:33:00,3.6,3.75,3.45,3.55,754585
2026-02-03 12:34:00,12:34:00,3.55,3.65,3.4,3.6,348465
2026-02-03 12:35:00,12:35:00,3.65,4.15,3.6,4.05,637975
2026-02-03 12:36:00,12:36:00,3.5,3.8,3.2,3.25,1036165
2026-02-03 12:37:00,12:37:00,3.75,3.8,3.5,3.65,775905
2026-02-03 12:38:00,12:38:00,3.65,3.8,3.45,3.55,833105
2026-02-03 12:39:00,12:39:00,3.5,3.55,3.3,3.35,617110
2026-02-03 12:40:00,12:40:00,3.35,3.5,3.3,3.3,612300
2026-02-03 12:41:00,12:41:00,3.35,3.5,3.3,3.45,486720
2026-02-03 12:42:00,12:42:00,3.4,3.45,3.2,3.2,483665
2026-02-03 12:43:00,12:43:00,3.2,3.3,3.1,3.25,380900
2026-02-03 12:44:00,12:44:00,3.25,3.3,3.05,3.1,373490
2026-02-03 12:45:00,12:45:00,3.1,3.1,2.95,3.0,709930
2026-02-03 12:46:00,12:46:00,3.0,3.2,3.0,3.0,528970
2026-02-03 12:47:00,12:47:00,3.0,3.3,3.0,3.3,689910
2026-02-03 12:48:00,12:48:00,3.35,3.45,3.25,3.4,546585
2026-02-03 12:49:00,12:49:00,3.35,3.5,3.3,3.4,481975
2026-02-03 12:50:00,12:50:00,3.5,3.55,3.2,3.5,876265
2026-02-03 12:51:00,12:51:00,3.55,3.6,3.45,3.55,406055
2026-02-03 12:52:00,12:52:00,3.55,3.65,3.25,3.3,534300
2026-02-03 12:53:00,12:53:00,3.25,3.35,3.0,3.0,568685
2026-02-03 12:54:00,12:54:00,3.0,3.2,3.0,3.15,515320
2026-02-03 12:55:00,12:55:00,3.2,3.2,2.85,3.1,933010
2026-02-03 12:56:00,12:56:00,3.1,3.4,3.1,3.35,634400
2026-02-03 12:57:00,12:57:00,3.3,3.6,3.3,3.45,543920
2026-02-03 12:58:00,12:58:00,3.4,3.55,3.4,3.45,533520
2026-02-03 12:59:00,12:59:00,3.5,3.6,3.35,3.5,407030
2026-02-03 13:00:00,13:00:00,3.5,3.55,3.35,3.4,421655
2026-02-03 13:01:00,13:01:00,3.4,3.4,3.25,3.35,473720
2026-02-03 13:02:00,13:02:00,3.3,3.35,3.2,3.3,529620
2026-02-03 13:03:00,13:03:00,3.3,3.4,3.25,3.35,431990
2026-02-03 13:04:00,13:04:00,3.4,3.4,3.3,3.35,352365
2026-02-03 13:05:00,13:05:00,3.35,3.45,3.3,3.45,313625
2026-02-03 13:06:00,13:06:00,3.45,3.45,3.2,3.2,458770
2026-02-03 13:07:00,13:07:00,3.25,3.3,3.2,3.3,262925
2026-02-03 13:08:00,13:08:00,3.3,3.45,3.25,3.4,333580
2026-02-03 13:09:00,13:09:00,3.35,3.45,3.25,3.3,288210
2026-02-03 13:10:00,13:10:00,3.25,3.55,3.25,3.45,465985
2026-02-03 13:11:00,13:11:00,3.5,3.65,3.45,3.65,384930
2026-02-03 13:12:00,13:12:00,3.5,3.85,3.5,3.75,387855
2026-02-03 13:13:00,13:13:00,3.75,3.8,3.65,3.75,411580
2026-02-03 13:14:00,13:14:00,3.7,3.9,3.7,3.85,288535
2026-02-03 13:15:00,13:15:00,3.8,3.85,3.55,3.65,535535
2026-02-03 13:16:00,13:16:00,3.6,3.75,3.5,3.5,327145
2026-02-03 13:17:00,13:17:00,3.45,3.5,3.4,3.45,317850
2026-02-03 13:18:00,13:18:00,3.4,3.45,3.2,3.35,534625
2026-02-03 13:19:00,13:19:00,3.35,3.4,3.25,3.4,426465
2026-02-03 13:20:00,13:20:00,3.35,3.5,3.3,3.45,374985
2026-02-03 13:21:00,13:21:00,3.45,3.55,3.4,3.45,356915
2026-02-03 13:22:00,13:22:00,3.4,3.5,3.25,3.25,542750
2026-02-03 13:23:00,13:23:00,3.3,3.45,3.25,3.45,274495
2026-02-03 13:24:00,13:24:00,3.4,3.5,3.3,3.4,252200
2026-02-03 13:25:00,13:25:00,3.45,3.65,3.4,3.6,431275
2026-02-03 13:26:00,13:26:00,3.65,4.45,3.4,3.5,2152475
2026-02-03 13:27:00,13:27:00,3.5,4.3,3.15,3.25,1533350
2026-02-03 13:28:00,13:28:00,3.25,3.3,3.1,3.15,720330
2026-02-03 13:29:00,13:29:00,3.15,3.25,2.95,3.1,607425
2026-02-03 13:30:00,13:30:00,3.1,3.35,3.05,3.25,511290
2026-02-03 13:31:00,13:31:00,3.25,3.45,3.25,3.45,298610
2026-02-03 13:32:00,13:32:00,3.45,3.45,3.15,3.15,251290
2026-02-03 13:33:00,13:33:00,3.2,3.3,2.5,2.55,468065
2026-02-03 13:34:00,13:34:00,2.5,2.85,2.5,2.75,484445
2026-02-03 13:35:00,13:35:00,2.75,3.25,2.5,2.8,998465
2026-02-03 13:36:00,13:36:00,2.8,2.95,2.3,2.45,1062035
2026-02-03 13:37:00,13:37:00,2.45,2.5,2.1,2.1,681265
2026-02-03 13:38:00,13:38:00,2.05,2.1,1.7,1.85,945100
2026-02-03 13:39:00,13:39:00,1.9,1.95,1.75,1.75,563615
2026-02-03 13:40:00,13:40:00,1.95,2.0,1.7,1.75,566735
2026-02-03 13:41:00,13:41:00,1.75,1.9,1.6,1.65,932555
2026-02-03 13:42:00,13:42:00,1.65,1.75,1.65,1.7,569335
2026-02-03 13:43:00,13:43:00,1.75,1.8,1.6,1.7,1962545
2026-02-03 13:44:00,13:44:00,1.7,1.75,1.6,1.65,837395
2026-02-03 13:45:00,13:45:00,1.65,1.75,1.6,1.7,737360
2026-02-03 13:46:00,13:46:00,1.7,1.8,1.65,1.7,606840
2026-02-03 13:47:00,13:47:00,1.65,1.8,1.65,1.7,1030770
2026-02-03 13:48:00,13:48:00,1.7,1.75,1.65,1.7,667225
2026-02-03 13:49:00,13:49:00,1.7,1.7,1.5,1.5,623935
2026-02-03 13:50:00,13:50:00,1.5,1.6,1.45,1.45,400985
2026-02-03 13:51:00,13:51:00,1.5,1.55,1.45,1.5,783250
2026-02-03 13:52:00,13:52:00,1.45,1.5,1.25,1.3,673205
2026-02-03 13:53:00,13:53:00,1.25,1.3,1.2,1.25,417495
2026-02-03 13:54:00,13:54:00,1.25,1.5,1.2,1.4,640575
2026-02-03 13:55:00,13:55:00,1.4,1.4,1.3,1.3,213850
2026-02-03 13:56:00,13:56:00,1.35,1.35,1.25,1.3,294125
2026-02-03 13:57:00,13:57:00,1.35,1.35,1.2,1.2,399880
2026-02-03 13:58:00,13:58:00,1.15,1.25,1.05,1.25,363610
2026-02-03 13:59:00,13:59:00,1.25,1.4,1.15,1.4,510965
2026-02-03 14:00:00,14:00:00,1.4,1.7,1.3,1.5,736710
2026-02-03 14:01:00,14:01:00,1.5,1.5,1.3,1.3,565240
2026-02-03 14:02:00,14:02:00,1.3,1.4,1.2,1.4,597090
2026-02-03 14:03:00,14:03:00,1.35,1.45,1.3,1.35,554255
2026-02-03 14:04:00,14:04:00,1.5,1.55,1.4,1.4,578435
2026-02-03 14:05:00,14:05:00,1.35,1.4,1.3,1.4,544960
2026-02-03 14:06:00,14:06:00,1.55,1.6,1.45,1.5,273585
2026-02-03 14:07:00,14:07:00,1.45,1.55,1.4,1.45,378950
2026-02-03 14:08:00,14:08:00,1.45,1.55,1.4,1.4,443170
2026-02-03 14:09:00,14:09:00,1.4,1.55,1.4,1.45,287430
2026-02-03 14:10:00,14:10:00,1.35,1.45,1.35,1.45,251030
2026-02-03 14:11:00,14:11:00,1.5,1.55,1.45,1.5,322140
2026-02-03 14:12:00,14:12:00,1.5,1.5,1.25,1.25,239720
2026-02-03 14:13:00,14:13:00,1.3,1.35,1.25,1.35,380770
2026-02-03 14:14:00,14:14:00,1.35,1.35,1.15,1.15,430820
2026-02-03 14:15:00,14:15:00,1.1,1.1,1.0,1.1,549120
2026-02-03 14:16:00,14:16:00,1.1,1.3,1.1,1.25,309270
2026-02-03 14:17:00,14:17:00,1.3,1.3,1.15,1.15,130780
2026-02-03 14:18:00,14:18:00,1.2,1.35,1.2,1.35,317135
2026-02-03 14:19:00,14:19:00,1.35,1.35,1.2,1.25,106015
2026-02-03 14:20:00,14:20:00,1.25,1.25,1.1,1.15,234390
2026-02-03 14:21:00,14:21:00,1.1,1.25,1.1,1.2,403780
2026-02-03 14:22:00,14:22:00,1.15,1.25,1.1,1.2,65390
2026-02-03 14:23:00,14:23:00,1.15,1.25,1.1,1.15,170625
2026-02-03 14:24:00,14:24:00,1.1,1.15,1.0,1.15,257725
2026-02-03 14:25:00,14:25:00,1.15,1.15,1.0,1.05,342680
2026-02-03 14:26:00,14:26:00,1.05,1.15,1.05,1.1,566605
2026-02-03 14:27:00,14:27:00,1.05,1.1,0.95,1.0,355940
2026-02-03 14:28:00,14:28:00,1.05,1.1,1.0,1.05,283790
2026-02-03 14:29:00,14:29:00,1.1,1.15,0.95,1.0,538460
2026-02-03 14:30:00,14:30:00,1.1,1.15,0.85,0.85,481260
2026-02-03 14:31:00,14:31:00,0.85,0.95,0.8,0.9,222495
2026-02-03 14:32:00,14:32:00,0.9,1.45,0.85,1.35,736710
2026-02-03 14:33:00,14:33:00,1.3,1.4,0.9,0.95,707980
2026-02-03 14:34:00,14:34:00,0.95,0.95,0.85,0.9,294710
2026-02-03 14:35:00,14:35:00,0.95,1.0,0.9,0.95,450710
2026-02-03 14:36:00,14:36:00,0.95,1.0,0.9,0.95,315055
2026-02-03 14:37:00,14:37:00,0.95,0.95,0.8,0.8,294515
2026-02-03 14:38:00,14:38:00,0.9,1.0,0.9,0.95,446940
2026-02-03 14:39:00,14:39:00,0.95,0.95,0.8,0.8,200655
2026-02-03 14:40:00,14:40:00,0.8,0.85,0.8,0.85,72475
2026-02-03 14:41:00,14:41:00,0.85,1.1,0.8,0.85,464295
2026-02-03 14:42:00,14:42:00,0.9,1.0,0.75,0.8,598390
2026-02-03 14:43:00,14:43:00,0.8,0.95,0.75,0.85,463905
2026-02-03 14:44:00,14:44:00,0.9,0.9,0.8,0.85,474110
2026-02-03 14:45:00,14:45:00,0.9,0.9,0.75,0.8,353535
2026-02-03 14:46:00,14:46:00,0.8,0.8,0.7,0.75,169195
2026-02-03 14:47:00,14:47:00,0.85,0.85,0.75,0.8,346450
2026-02-03 14:48:00,14:48:00,0.8,0.8,0.7,0.75,278590
2026-02-03 14:49:00,14:49:00,0.7,0.75,0.55,0.6,169455
2026-02-03 14:50:00,14:50:00,0.6,0.7,0.55,0.7,142090
2026-02-03 14:51:00,14:51:00,0.65,0.7,0.65,0.65,169260
2026-02-03 14:52:00,14:52:00,0.7,0.7,0.55,0.65,253305
2026-02-03 14:53:00,14:53:00,0.6,0.65,0.55,0.55,238030
2026-02-03 14:54:00,14:54:00,0.55,0.55,0.45,0.45,219245
2026-02-03 14:55:00,14:55:00,0.45,0.5,0.4,0.45,398255
2026-02-03 14:56:00,14:56:00,0.45,0.6,0.45,0.55,340080
2026-02-03 14:57:00,14:57:00,0.55,0.65,0.55,0.6,356265
2026-02-03 14:58:00,14:58:00,0.6,0.65,0.55,0.6,352625
2026-02-03 14:59:00,14:59:00,0.55,0.6,0.45,0.55,521495
2026-02-03 15:00:00,15:00:00,0.6,0.7,0.5,0.55,570830
2026-02-03 15:01:00,15:01:00,0.5,0.65,0.5,0.55,390260
2026-02-03 15:02:00,15:02:00,0.55,0.8,0.55,0.65,335270
2026-02-03 15:03:00,15:03:00,0.55,0.6,0.5,0.5,613470
2026-02-03 15:04:00,15:04:00,0.55,0.65,0.5,0.6,1012180
2026-02-03 15:05:00,15:05:00,0.65,0.65,0.45,0.45,933660
2026-02-03 15:06:00,15:06:00,0.45,0.45,0.35,0.35,380640
2026-02-03 15:07:00,15:07:00,0.35,0.4,0.3,0.3,210210
2026-02-03 15:08:00,15:08:00,0.35,0.35,0.25,0.25,759265
2026-02-03 15:09:00,15:09:00,0.3,0.3,0.2,0.2,428610
2026-02-03 15:10:00,15:10:00,0.2,0.2,0.1,0.15,464035
2026-02-03 15:11:00,15:11:00,0.1,0.15,0.1,0.1,160615
2026-02-03 15:12:00,15:12:00,0.15,0.15,0.1,0.1,167765
2026-02-03 15:13:00,15:13:00,0.15,0.2,0.1,0.15,315315
2026-02-03 15:14:00,15:14:00,0.2,0.2,0.1,0.1,430495
2026-02-03 15:15:00,15:15:00,0.1,0.15,0.1,0.1,172250
2026-02-03 15:16:00,15:16:00,0.15,0.15,0.1,0.1,36400
2026-02-03 15:17:00,15:17:00,0.15,0.15,0.1,0.1,97110
2026-02-03 15:18:00,15:18:00,0.15,0.15,0.1,0.1,680810
2026-02-03 15:19:00,15:19:00,0.1,0.1,0.05,0.1,319930
2026-02-03 15:20:00,15:20:00,0.1,0.1,0.05,0.1,299455
2026-02-03 15:21:00,15:21:00,0.05,0.1,0.05,0.05,664430
2026-02-03 15:22:00,15:22:00,0.05,0.1,0.05,0.05,166530
2026-02-03 15:23:00,15:23:00,0.05,0.1,0.05,0.05,148265
2026-02-03 15:24:00,15:24:00,0.05,0.1,0.05,0.05,193635
2026-02-03 15:25:00,15:25:00,0.05,0.1,0.05,0.05,341185
2026-02-03 15:26:00,15:26:00,0.05,0.1,0.05,0.05,181545
2026-02-03 15:27:00,15:27:00,0.05,0.1,0.05,0.05,138320
2026-02-03 15:28:00,15:28:00,0.05,0.05,0.05,0.05,424255
2026-02-03 15:29:00,15:29:00,0.05,0.05,0.05,0.05,7865
2026-02-04 09:15:00,09:15:00,35.05,42.85,35.0,39.15,269490
2026-02-04 09:16:00,09:16:00,43.95,45.65,41.35,41.35,563680
2026-02-04 09:17:00,09:17:00,41.6,42.3,39.1,40.0,365235
2026-02-04 09:18:00,09:18:00,46.65,47.05,45.65,45.75,132015
2026-02-04 09:19:00,09:19:00,39.95,41.2,39.25,41.0,283530
2026-02-04 09:20:00,09:20:00,46.1,47.2,45.0,45.4,114205
2026-02-04 09:21:00,09:21:00,39.65,40.75,39.25,40.75,137735
2026-02-04 09:22:00,09:22:00,46.7,47.05,44.05,44.05,111085
2026-02-04 09:23:00,09:23:00,44.35,44.45,41.6,41.6,134940
2026-02-04 09:24:00,09:24:00,41.8,42.0,40.55,41.05,103870
2026-02-04 09:25:00,09:25:00,40.8,41.05,38.85,39.45,146575
2026-02-04 09:26:00,09:26:00,45.05,45.2,43.05,44.45,231530
2026-02-04 09:27:00,09:27:00,44.75,45.5,43.7,44.2,262080
2026-02-04 09:28:00,09:28:00,38.85,40.05,38.7,39.75,54860
2026-02-04 09:29:00,09:29:00,39.85,40.9,39.6,40.35,55120
2026-02-04 09:30:00,09:30:00,40.25,40.55,39.2,39.6,47710
2026-02-04 09:31:00,09:31:00,44.7,45.1,42.35,42.65,245245
2026-02-04 09:32:00,09:32:00,42.9,44.2,42.55,42.95,210730
2026-02-04 09:33:00,09:33:00,43.15,44.55,42.5,44.5,145405
2026-02-04 09:34:00,09:34:00,38.95,39.95,38.0,39.65,54405
2026-02-04 09:35:00,09:35:00,39.65,41.15,39.4,39.5,67665
2026-02-04 09:36:00,09:36:00,39.45,40.95,39.15,40.75,60190
2026-02-04 09:37:00,09:37:00,40.6,43.4,40.45,42.65,99060
2026-02-04 09:38:00,09:38:00,42.55,44.35,41.8,42.2,156780
2026-02-04 09:39:00,09:39:00,42.5,43.2,41.85,43.2,90285
2026-02-04 09:40:00,09:40:00,43.15,43.2,40.7,41.2,75205
2026-02-04 09:41:00,09:41:00,41.15,41.2,39.0,39.3,85085
2026-02-04 09:42:00,09:42:00,44.75,44.75,43.35,43.55,148590
2026-02-04 09:43:00,09:43:00,43.4,44.45,42.5,42.6,194610
2026-02-04 09:44:00,09:44:00,42.8,42.85,41.9,41.95,160940
2026-02-04 09:45:00,09:45:00,42.15,43.75,41.95,42.5,170690
2026-02-04 09:46:00,09:46:00,42.85,43.1,42.3,42.65,103285
2026-02-04 09:47:00,09:47:00,42.35,42.65,41.25,42.4,141245
2026-02-04 09:48:00,09:48:00,42.25,42.4,41.3,42.1,91195
2026-02-04 09:49:00,09:49:00,42.2,42.9,42.0,42.6,186160
2026-02-04 09:50:00,09:50:00,42.65,44.15,42.6,43.5,144495
2026-02-04 09:51:00,09:51:00,37.9,38.6,37.4,37.8,58305
2026-02-04 09:52:00,09:52:00,37.65,38.5,37.3,38.35,89570
2026-02-04 09:53:00,09:53:00,38.5,39.8,38.3,39.6,82940
2026-02-04 09:54:00,09:54:00,39.5,39.6,37.35,37.55,79755
2026-02-04 09:55:00,09:55:00,37.45,38.0,37.05,37.45,34775
2026-02-04 09:56:00,09:56:00,37.5,38.15,37.15,37.9,25870
2026-02-04 09:57:00,09:57:00,38.0,38.8,37.55,38.65,38350
2026-02-04 09:58:00,09:58:00,44.15,44.4,40.75,41.15,155155
2026-02-04 09:59:00,09:59:00,41.0,41.4,40.2,40.45,82160
2026-02-04 10:00:00,10:00:00,40.55,41.55,39.7,40.6,195520
2026-02-04 10:01:00,10:01:00,40.9,41.65,40.3,40.7,70330
2026-02-04 10:02:00,10:02:00,40.75,41.25,40.2,40.85,66495
2026-02-04 10:03:00,10:03:00,40.5,41.55,40.15,41.0,94705
2026-02-04 10:04:00,10:04:00,40.8,41.65,40.4,41.45,110695
2026-02-04 10:05:00,10:05:00,41.35,41.45,38.6,39.25,177385
2026-02-04 10:06:00,10:06:00,39.85,40.6,39.25,40.35,65455
2026-02-04 10:07:00,10:07:00,40.2,42.1,40.05,40.3,95810
2026-02-04 10:08:00,10:08:00,40.0,40.3,38.9,38.9,94640
2026-02-04 10:09:00,10:09:00,38.65,39.4,38.45,38.7,121290
2026-02-04 10:10:00,10:10:00,38.5,39.4,38.3,39.1,110175
2026-02-04 10:11:00,10:11:00,38.9,40.0,38.9,40.0,99450
2026-02-04 10:12:00,10:12:00,39.95,40.5,39.2,40.3,98020
2026-02-04 10:13:00,10:13:00,40.35,40.6,39.55,40.6,99060
2026-02-04 10:14:00,10:14:00,40.55,41.4,40.05,40.6,59605
2026-02-04 10:15:00,10:15:00,40.5,41.4,39.9,40.45,87815
2026-02-04 10:16:00,10:16:00,40.4,41.15,40.15,40.65,30810
2026-02-04 10:17:00,10:17:00,35.35,36.25,35.2,36.1,36075
2026-02-04 10:18:00,10:18:00,36.05,36.2,35.1,36.15,36985
2026-02-04 10:19:00,10:19:00,36.05,37.65,36.05,37.55,95160
2026-02-04 10:20:00,10:20:00,37.85,37.85,36.0,36.3,56615
2026-02-04 10:21:00,10:21:00,36.35,37.75,35.7,37.75,57395
2026-02-04 10:22:00,10:22:00,37.75,38.2,37.3,38.0,75660
2026-02-04 10:23:00,10:23:00,38.0,38.85,37.55,38.2,91845
2026-02-04 10:24:00,10:24:00,38.05,38.2,37.4,37.5,50050
2026-02-04 10:25:00,10:25:00,37.85,38.95,37.4,37.4,96850
2026-02-04 10:26:00,10:26:00,37.35,37.75,36.6,37.3,78520
2026-02-04 10:27:00,10:27:00,37.25,38.45,37.25,38.4,22035
2026-02-04 10:28:00,10:28:00,39.0,39.0,37.25,37.55,73905
2026-02-04 10:29:00,10:29:00,37.45,38.0,36.4,37.4,46865
2026-02-04 10:30:00,10:30:00,37.2,37.95,37.0,37.6,57460
2026-02-04 10:31:00,10:31:00,37.65,37.65,36.1,36.8,54145
2026-02-04 10:32:00,10:32:00,36.3,37.45,36.25,36.95,39650
2026-02-04 10:33:00,10:33:00,37.05,38.2,36.95,38.05,75855
2026-02-04 10:34:00,10:34:00,37.7,39.25,37.5,38.6,146380
2026-02-04 10:35:00,10:35:00,38.55,39.05,37.7,38.85,77610
2026-02-04 10:36:00,10:36:00,33.85,34.65,33.8,33.95,109590
2026-02-04 10:37:00,10:37:00,33.8,34.6,33.2,34.15,126230
2026-02-04 10:38:00,10:38:00,34.2,34.75,33.5,33.5,91520
2026-02-04 10:39:00,10:39:00,38.35,38.7,36.8,36.8,101075
2026-02-04 10:40:00,10:40:00,36.7,37.25,35.6,37.25,154700
2026-02-04 10:41:00,10:41:00,37.45,38.35,36.6,36.7,64090
2026-02-04 10:42:00,10:42:00,36.8,37.65,36.7,36.9,20345
2026-02-04 10:43:00,10:43:00,36.5,37.1,35.25,35.3,57330
2026-02-04 10:44:00,10:44:00,35.3,36.5,34.9,35.45,53105
2026-02-04 10:45:00,10:45:00,35.3,36.8,35.1,36.8,35230
2026-02-04 10:46:00,10:46:00,37.0,37.3,35.65,36.15,40495
2026-02-04 10:47:00,10:47:00,35.9,36.15,34.35,35.05,57265
2026-02-04 10:48:00,10:48:00,34.9,35.05,33.6,33.95,48490
2026-02-04 10:49:00,10:49:00,33.9,34.15,33.2,33.85,50830
2026-02-04 10:50:00,10:50:00,33.7,35.2,33.45,34.45,51155
2026-02-04 10:51:00,10:51:00,34.3,35.0,33.35,33.85,67340
2026-02-04 10:52:00,10:52:00,33.45,34.45,32.95,33.8,49400
2026-02-04 10:53:00,10:53:00,33.6,34.05,33.0,33.95,31720
2026-02-04 10:54:00,10:54:00,34.15,35.7,33.95,34.85,46280
2026-02-04 10:55:00,10:55:00,35.0,35.4,34.1,34.75,46150
2026-02-04 10:56:00,10:56:00,34.9,35.05,33.65,34.7,27820
2026-02-04 10:57:00,10:57:00,34.6,35.65,34.35,35.3,45955
2026-02-04 10:58:00,10:58:00,35.25,35.3,34.2,34.95,32695
2026-02-04 10:59:00,10:59:00,35.0,35.0,33.1,33.75,50895
2026-02-04 11:00:00,11:00:00,33.9,33.9,32.8,33.4,21905
2026-02-04 11:01:00,11:01:00,33.1,33.4,32.5,33.1,38480
2026-02-04 11:02:00,11:02:00,33.3,34.5,32.9,33.2,36140
2026-02-04 11:03:00,11:03:00,33.3,33.3,31.55,31.6,56420
2026-02-04 11:04:00,11:04:00,31.5,33.2,31.5,32.8,65000
2026-02-04 11:05:00,11:05:00,32.75,34.05,32.75,33.15,29900
2026-02-04 11:06:00,11:06:00,32.9,33.15,31.75,31.75,41665
2026-02-04 11:07:00,11:07:00,31.85,33.05,31.75,32.7,35750
2026-02-04 11:08:00,11:08:00,32.8,33.35,32.7,33.35,21385
2026-02-04 11:09:00,11:09:00,33.3,34.65,33.25,34.35,34320
2026-02-04 11:10:00,11:10:00,34.2,35.85,34.0,35.65,53690
2026-02-04 11:11:00,11:11:00,30.9,31.4,30.5,31.25,154310
2026-02-04 11:12:00,11:12:00,31.1,32.1,31.1,31.45,145210
2026-02-04 11:13:00,11:13:00,36.55,37.0,35.35,35.5,61555
2026-02-04 11:14:00,11:14:00,30.55,31.45,30.55,30.8,49985
2026-02-04 11:15:00,11:15:00,30.8,32.2,30.8,32.1,76375
2026-02-04 11:16:00,11:16:00,31.95,32.5,31.4,32.45,88985
2026-02-04 11:17:00,11:17:00,32.6,33.2,31.5,32.15,124020
2026-02-04 11:18:00,11:18:00,32.3,32.5,31.15,31.25,84110
2026-02-04 11:19:00,11:19:00,31.2,31.7,31.1,31.4,79820
2026-02-04 11:20:00,11:20:00,31.4,31.5,30.3,30.6,121550
2026-02-04 11:21:00,11:21:00,30.55,31.3,30.55,30.65,50700
2026-02-04 11:22:00,11:22:00,30.35,30.65,29.75,30.5,85345
2026-02-04 11:23:00,11:23:00,30.35,31.4,30.2,31.4,47450
2026-02-04 11:24:00,11:24:00,31.4,32.75,31.4,32.5,104000
2026-02-04 11:25:00,11:25:00,32.4,32.5,31.2,32.0,123760
2026-02-04 11:26:00,11:26:00,32.15,32.45,31.7,31.75,62140
2026-02-04 11:27:00,11:27:00,31.85,33.4,31.6,33.0,111280
2026-02-04 11:28:00,11:28:00,33.0,33.5,31.0,31.35,120705
2026-02-04 11:29:00,11:29:00,31.4,31.7,30.6,31.15,45760
2026-02-04 11:30:00,11:30:00,31.3,32.2,31.15,31.8,103870
2026-02-04 11:31:00,11:31:00,31.75,32.65,30.35,30.4,219375
2026-02-04 11:32:00,11:32:00,30.45,31.0,30.25,30.65,106795
2026-02-04 11:33:00,11:33:00,30.45,31.65,30.45,31.15,60710
2026-02-04 11:34:00,11:34:00,31.15,31.4,30.45,31.0,63700
2026-02-04 11:35:00,11:35:00,31.0,31.55,30.75,31.3,37115
2026-02-04 11:36:00,11:36:00,31.6,32.0,31.1,31.95,36465
2026-02-04 11:37:00,11:37:00,32.0,32.0,30.8,30.95,45890
2026-02-04 11:38:00,11:38:00,30.95,31.3,30.4,30.55,31655
2026-02-04 11:39:00,11:39:00,30.5,30.95,30.05,30.65,34710
2026-02-04 11:40:00,11:40:00,30.75,30.75,29.6,29.7,60775
2026-02-04 11:41:00,11:41:00,29.5,29.7,28.75,29.4,99645
2026-02-04 11:42:00,11:42:00,29.5,29.6,28.55,28.75,146120
2026-02-04 11:43:00,11:43:00,28.9,29.75,28.75,29.3,59410
2026-02-04 11:44:00,11:44:00,29.3,29.75,28.75,28.75,35750
2026-02-04 11:45:00,11:45:00,28.8,28.8,27.85,28.15,204165
2026-02-04 11:46:00,11:46:00,28.3,28.95,28.1,28.8,64220
2026-02-04 11:47:00,11:47:00,28.7,30.15,28.65,30.1,62530
2026-02-04 11:48:00,11:48:00,29.85,30.1,28.65,28.8,70200
2026-02-04 11:49:00,11:49:00,28.85,30.0,28.5,28.7,51285
2026-02-04 11:50:00,11:50:00,28.6,30.4,28.6,29.6,81900
2026-02-04 11:51:00,11:51:00,29.6,30.75,29.6,30.45,99385
2026-02-04 11:52:00,11:52:00,30.6,30.65,29.5,29.55,68900
2026-02-04 11:53:00,11:53:00,29.3,30.3,29.25,29.5,81380
2026-02-04 11:54:00,11:54:00,29.35,29.5,27.45,27.5,109785
2026-02-04 11:55:00,11:55:00,32.35,32.9,31.65,31.65,59670
2026-02-04 11:56:00,11:56:00,27.2,27.9,26.85,27.8,122135
2026-02-04 11:57:00,11:57:00,27.85,27.9,26.95,27.35,59995
2026-02-04 11:58:00,11:58:00,31.95,32.0,31.15,31.65,22360
2026-02-04 11:59:00,11:59:00,31.7,31.8,31.0,31.0,20670
2026-02-04 12:00:00,12:00:00,30.8,31.0,30.2,30.45,116935
2026-02-04 12:01:00,12:01:00,30.45,31.15,30.45,30.55,22100
2026-02-04 12:02:00,12:02:00,26.2,27.05,26.1,26.75,91390
2026-02-04 12:03:00,12:03:00,26.65,27.6,26.65,27.4,72735
2026-02-04 12:04:00,12:04:00,27.4,27.75,26.6,26.6,85930
2026-02-04 12:05:00,12:05:00,26.6,26.8,26.25,26.5,37050
2026-02-04 12:06:00,12:06:00,26.5,26.85,26.15,26.75,46670
2026-02-04 12:07:00,12:07:00,30.95,31.0,29.55,29.85,42575
2026-02-04 12:08:00,12:08:00,29.75,30.05,29.35,29.45,31915
2026-02-04 12:09:00,12:09:00,29.5,29.55,29.0,29.45,29250
2026-02-04 12:10:00,12:10:00,29.3,29.6,29.15,29.25,30160
2026-02-04 12:11:00,12:11:00,29.25,30.0,29.2,29.45,35230
2026-02-04 12:12:00,12:12:00,29.5,30.05,29.25,29.75,20865
2026-02-04 12:13:00,12:13:00,29.85,30.3,29.7,29.75,36205
2026-02-04 12:14:00,12:14:00,29.7,29.75,29.05,29.2,35100
2026-02-04 12:15:00,12:15:00,29.3,29.35,28.55,29.05,52325
2026-02-04 12:16:00,12:16:00,29.1,29.7,28.75,29.7,28145
2026-02-04 12:17:00,12:17:00,29.85,29.85,29.0,29.35,18200
2026-02-04 12:18:00,12:18:00,29.4,30.15,29.3,29.55,27365
2026-02-04 12:19:00,12:19:00,29.9,30.4,29.55,30.2,18850
2026-02-04 12:20:00,12:20:00,30.15,30.5,29.55,29.7,36335
2026-02-04 12:21:00,12:21:00,29.45,30.5,29.45,30.0,16770
2026-02-04 12:22:00,12:22:00,30.35,30.9,30.0,30.7,34905
2026-02-04 12:23:00,12:23:00,30.65,30.7,29.9,30.05,21320
2026-02-04 12:24:00,12:24:00,30.15,30.9,30.05,30.4,34190
2026-02-04 12:25:00,12:25:00,30.45,30.45,29.8,29.85,21645
2026-02-04 12:26:00,12:26:00,29.7,29.9,28.7,29.0,60450
2026-02-04 12:27:00,12:27:00,28.9,29.0,28.2,28.3,37440
2026-02-04 12:28:00,12:28:00,27.95,28.4,27.95,28.3,70395
2026-02-04 12:29:00,12:29:00,28.05,28.85,28.05,28.85,31590
2026-02-04 12:30:00,12:30:00,28.95,29.7,28.6,29.7,56355
2026-02-04 12:31:00,12:31:00,29.65,30.35,29.55,29.7,72150
2026-02-04 12:32:00,12:32:00,29.8,29.95,29.4,29.5,27105
2026-02-04 12:33:00,12:33:00,29.45,30.15,29.45,30.0,37245
2026-02-04 12:34:00,12:34:00,29.9,30.1,29.5,29.5,65000
2026-02-04 12:35:00,12:35:00,29.45,30.15,29.45,30.05,18655
2026-02-04 12:36:00,12:36:00,30.15,30.7,30.05,30.65,40885
2026-02-04 12:37:00,12:37:00,30.65,30.75,29.0,29.05,46865
2026-02-04 12:38:00,12:38:00,29.05,29.95,29.05,29.9,27170
2026-02-04 12:39:00,12:39:00,29.7,29.9,29.0,29.25,17615
2026-02-04 12:40:00,12:40:00,29.25,29.3,28.4,28.75,27235
2026-02-04 12:41:00,12:41:00,28.65,28.75,28.0,28.25,28275
2026-02-04 12:42:00,12:42:00,28.1,28.25,27.4,27.75,55185
2026-02-04 12:43:00,12:43:00,28.0,28.4,27.75,28.15,13000
2026-02-04 12:44:00,12:44:00,28.2,29.0,28.15,29.0,42575
2026-02-04 12:45:00,12:45:00,29.15,29.6,28.85,28.95,47125
2026-02-04 12:46:00,12:46:00,28.85,29.75,28.85,29.05,27820
2026-02-04 12:47:00,12:47:00,29.05,29.9,29.05,29.7,29315
2026-02-04 12:48:00,12:48:00,29.65,30.05,29.5,30.0,40690
2026-02-04 12:49:00,12:49:00,25.85,26.15,25.75,26.1,47060
2026-02-04 12:50:00,12:50:00,25.95,26.5,25.85,26.25,92365
2026-02-04 12:51:00,12:51:00,26.35,26.6,25.95,26.1,123760
2026-02-04 12:52:00,12:52:00,26.25,26.45,25.95,26.4,381680
2026-02-04 12:53:00,12:53:00,26.45,26.8,26.2,26.8,281060
2026-02-04 12:54:00,12:54:00,26.75,27.15,26.0,26.2,132145
2026-02-04 12:55:00,12:55:00,26.2,26.8,26.05,26.45,40950
2026-02-04 12:56:00,12:56:00,26.5,26.5,25.8,26.1,50570
2026-02-04 12:57:00,12:57:00,26.1,26.65,26.0,26.65,38610
2026-02-04 12:58:00,12:58:00,26.7,27.0,26.55,26.85,59540
2026-02-04 12:59:00,12:59:00,26.8,27.6,26.45,27.25,95485
2026-02-04 13:00:00,13:00:00,27.1,27.25,26.75,27.05,123500
2026-02-04 13:01:00,13:01:00,27.15,27.9,27.05,27.5,84435
2026-02-04 13:02:00,13:02:00,27.25,27.5,27.0,27.1,53235
2026-02-04 13:03:00,13:03:00,26.75,27.25,26.6,27.1,60905
2026-02-04 13:04:00,13:04:00,27.0,27.1,26.15,26.25,206050
2026-02-04 13:05:00,13:05:00,26.25,26.4,25.9,25.95,112515
2026-02-04 13:06:00,13:06:00,25.95,26.2,25.55,25.65,39130
2026-02-04 13:07:00,13:07:00,25.55,26.0,25.1,25.1,140660
2026-02-04 13:08:00,13:08:00,29.25,29.65,28.7,28.7,56745
2026-02-04 13:09:00,13:09:00,28.5,29.0,28.2,28.95,41990
2026-02-04 13:10:00,13:10:00,28.8,29.25,28.7,29.15,18265
2026-02-04 13:11:00,13:11:00,29.15,29.35,28.6,28.8,16120
2026-02-04 13:12:00,13:12:00,28.75,28.8,28.05,28.05,33150
2026-02-04 13:13:00,13:13:00,28.0,28.5,27.95,28.2,26065
2026-02-04 13:14:00,13:14:00,27.9,28.45,27.75,28.2,37440
2026-02-04 13:15:00,13:15:00,28.2,28.45,27.8,28.2,20865
2026-02-04 13:16:00,13:16:00,28.1,28.4,28.0,28.3,7605
2026-02-04 13:17:00,13:17:00,28.4,28.55,27.95,28.05,19305
2026-02-04 13:18:00,13:18:00,28.05,28.3,27.6,28.2,30290
2026-02-04 13:19:00,13:19:00,28.4,28.7,27.85,27.95,25220
2026-02-04 13:20:00,13:20:00,27.9,28.1,27.4,27.65,26975
2026-02-04 13:21:00,13:21:00,27.55,27.9,27.3,27.75,16640
2026-02-04 13:22:00,13:22:00,27.8,27.8,26.9,27.05,41925
2026-02-04 13:23:00,13:23:00,27.25,27.25,26.35,26.5,35295
2026-02-04 13:24:00,13:24:00,26.55,26.95,26.45,26.8,26065
2026-02-04 13:25:00,13:25:00,26.65,27.1,26.4,26.9,18460
2026-02-04 13:26:00,13:26:00,26.25,27.1,26.2,27.1,106470
2026-02-04 13:27:00,13:27:00,27.0,27.1,26.6,26.8,43290
2026-02-04 13:28:00,13:28:00,26.7,26.8,26.4,26.45,24700
2026-02-04 13:29:00,13:29:00,26.3,26.7,26.15,26.4,22620
2026-02-04 13:30:00,13:30:00,26.1,26.6,26.0,26.45,27625
2026-02-04 13:31:00,13:31:00,26.45,26.85,26.25,26.4,13065
2026-02-04 13:32:00,13:32:00,26.4,26.45,26.1,26.35,119015
2026-02-04 13:33:00,13:33:00,26.6,27.15,26.35,27.1,86905
2026-02-04 13:34:00,13:34:00,27.0,27.1,26.6,26.65,19955
2026-02-04 13:35:00,13:35:00,26.55,27.0,26.3,26.9,24765
2026-02-04 13:36:00,13:36:00,26.8,27.1,26.25,26.25,21645
2026-02-04 13:37:00,13:37:00,26.15,26.75,26.15,26.55,36595
2026-02-04 13:38:00,13:38:00,26.6,26.7,26.15,26.7,36270
2026-02-04 13:39:00,13:39:00,26.75,26.75,26.15,26.45,33085
2026-02-04 13:40:00,13:40:00,26.55,26.85,26.4,26.6,32760
2026-02-04 13:41:00,13:41:00,26.6,26.65,26.35,26.6,8385
2026-02-04 13:42:00,13:42:00,26.75,26.95,26.45,26.65,22100
2026-02-04 13:43:00,13:43:00,26.65,27.0,26.6,26.9,14170
2026-02-04 13:44:00,13:44:00,26.85,26.95,26.5,26.65,44525
2026-02-04 13:45:00,13:45:00,26.6,27.05,26.4,26.95,34060
2026-02-04 13:46:00,13:46:00,26.95,27.0,26.65,27.0,20215
2026-02-04 13:47:00,13:47:00,26.7,27.0,26.55,26.85,18395
2026-02-04 13:48:00,13:48:00,26.85,27.0,26.4,26.6,18265
2026-02-04 13:49:00,13:49:00,26.55,26.95,26.45,26.85,8255
2026-02-04 13:50:00,13:50:00,26.8,27.05,26.7,27.05,11245
2026-02-04 13:51:00,13:51:00,27.05,27.05,26.25,26.25,22620
2026-02-04 13:52:00,13:52:00,29.9,30.25,29.45,30.15,141245
2026-02-04 13:53:00,13:53:00,30.2,30.3,29.65,29.65,40495
2026-02-04 13:54:00,13:54:00,29.7,30.5,29.5,29.7,131755
2026-02-04 13:55:00,13:55:00,29.6,30.55,29.6,30.3,83395
2026-02-04 13:56:00,13:56:00,30.2,30.95,30.0,30.8,55575
2026-02-04 13:57:00,13:57:00,30.8,30.85,30.3,30.5,40430
2026-02-04 13:58:00,13:58:00,30.55,30.9,30.05,30.45,90025
2026-02-04 13:59:00,13:59:00,30.5,30.8,30.2,30.55,52585
2026-02-04 14:00:00,14:00:00,26.4,26.9,26.2,26.75,21385
2026-02-04 14:01:00,14:01:00,26.55,26.75,26.3,26.45,15730
2026-02-04 14:02:00,14:02:00,26.45,27.1,26.45,27.05,28665
2026-02-04 14:03:00,14:03:00,26.85,27.15,26.75,26.85,35620
2026-02-04 14:04:00,14:04:00,26.8,26.85,26.25,26.65,25610
2026-02-04 14:05:00,14:05:00,26.4,26.8,26.3,26.6,27495
2026-02-04 14:06:00,14:06:00,26.75,27.15,26.6,27.0,16120
2026-02-04 14:07:00,14:07:00,27.05,27.2,26.35,26.7,10465
2026-02-04 14:08:00,14:08:00,26.45,26.7,26.15,26.25,9945
2026-02-04 14:09:00,14:09:00,26.2,26.25,25.8,25.95,26000
2026-02-04 14:10:00,14:10:00,29.9,30.1,29.15,29.15,58500
2026-02-04 14:11:00,14:11:00,29.25,29.25,28.5,28.55,101075
2026-02-04 14:12:00,14:12:00,28.65,28.65,28.0,28.05,117585
2026-02-04 14:13:00,14:13:00,27.5,28.1,27.5,27.8,85475
2026-02-04 14:14:00,14:14:00,27.75,27.9,27.55,27.6,91000
2026-02-04 14:15:00,14:15:00,27.55,27.8,27.35,27.6,76895
2026-02-04 14:16:00,14:16:00,27.6,28.05,27.5,28.05,69745
2026-02-04 14:17:00,14:17:00,27.9,28.05,27.6,27.8,107445
2026-02-04 14:18:00,14:18:00,27.75,27.8,27.05,27.6,235495
2026-02-04 14:19:00,14:19:00,27.55,27.8,27.2,27.25,274690
2026-02-04 14:20:00,14:20:00,27.2,27.25,26.95,27.0,205335
2026-02-04 14:21:00,14:21:00,26.9,27.0,26.4,26.45,110175
2026-02-04 14:22:00,14:22:00,26.5,27.6,26.45,27.6,157235
2026-02-04 14:23:00,14:23:00,27.55,27.6,27.3,27.45,63635
2026-02-04 14:24:00,14:24:00,27.4,28.05,27.4,27.85,66235
2026-02-04 14:25:00,14:25:00,27.85,28.1,27.8,27.95,60775
2026-02-04 14:26:00,14:26:00,28.05,28.35,27.6,27.8,80925
2026-02-04 14:27:00,14:27:00,27.6,27.8,27.5,27.65,35165
2026-02-04 14:28:00,14:28:00,27.65,28.1,27.65,27.75,34710
2026-02-04 14:29:00,14:29:00,27.65,27.85,27.6,27.85,38675
2026-02-04 14:30:00,14:30:00,27.75,28.1,27.4,28.1,123110
2026-02-04 14:31:00,14:31:00,27.95,28.15,27.6,27.75,22945
2026-02-04 14:32:00,14:32:00,27.75,28.0,27.55,27.85,28210
2026-02-04 14:33:00,14:33:00,27.8,28.0,27.7,27.7,35750
2026-02-04 14:34:00,14:34:00,27.8,28.05,27.55,27.85,24960
2026-02-04 14:35:00,14:35:00,27.9,27.9,27.6,27.8,24960
2026-02-04 14:36:00,14:36:00,27.95,28.0,27.4,27.65,68185
2026-02-04 14:37:00,14:37:00,27.65,27.7,27.35,27.45,57070
2026-02-04 14:38:00,14:38:00,27.5,27.8,27.15,27.25,77415
2026-02-04 14:39:00,14:39:00,27.3,27.45,27.1,27.35,86645
2026-02-04 14:40:00,14:40:00,27.35,27.75,27.35,27.4,46215
2026-02-04 14:41:00,14:41:00,27.4,27.9,27.4,27.9,30550
2026-02-04 14:42:00,14:42:00,27.95,27.95,27.5,27.65,11310
2026-02-04 14:43:00,14:43:00,27.75,28.05,27.65,27.9,31850
2026-02-04 14:44:00,14:44:00,27.8,28.05,27.6,27.95,84500
2026-02-04 14:45:00,14:45:00,28.15,28.15,27.8,28.05,30160
2026-02-04 14:46:00,14:46:00,28.05,28.35,27.8,28.3,78455
2026-02-04 14:47:00,14:47:00,28.15,29.35,28.15,29.35,114595
2026-02-04 14:48:00,14:48:00,29.3,29.4,28.3,28.3,77025
2026-02-04 14:49:00,14:49:00,28.4,28.95,28.25,28.8,65585
2026-02-04 14:50:00,14:50:00,28.7,28.95,28.55,28.85,35750
2026-02-04 14:51:00,14:51:00,28.75,29.05,28.55,28.7,35945
2026-02-04 14:52:00,14:52:00,28.75,28.95,28.65,28.9,28990
2026-02-04 14:53:00,14:53:00,28.85,29.05,28.75,29.0,65325
2026-02-04 14:54:00,14:54:00,29.1,29.35,29.0,29.1,36985
2026-02-04 14:55:00,14:55:00,29.15,29.3,28.8,29.2,41340
2026-02-04 14:56:00,14:56:00,29.1,29.4,29.0,29.1,43745
2026-02-04 14:57:00,14:57:00,29.15,29.85,29.1,29.25,47450
2026-02-04 14:58:00,14:58:00,29.1,29.3,28.75,29.15,63310
2026-02-04 14:59:00,14:59:00,29.1,29.85,29.1,29.55,79560
2026-02-04 15:00:00,15:00:00,28.6,29.55,27.95,28.45,188045
2026-02-04 15:01:00,15:01:00,28.3,29.2,27.9,29.2,110890
2026-02-04 15:02:00,15:02:00,29.25,29.65,29.05,29.4,47710
2026-02-04 15:03:00,15:03:00,29.35,29.8,28.85,29.05,52195
2026-02-04 15:04:00,15:04:00,29.05,29.55,28.85,29.25,51480
2026-02-04 15:05:00,15:05:00,29.3,29.45,28.85,29.1,127205
2026-02-04 15:06:00,15:06:00,29.05,29.45,29.05,29.45,109330
2026-02-04 15:07:00,15:07:00,29.5,30.6,29.35,30.6,292435
2026-02-04 15:08:00,15:08:00,30.65,31.0,30.55,30.6,103870
2026-02-04 15:09:00,15:09:00,30.95,31.6,30.6,30.9,135135
2026-02-04 15:10:00,15:10:00,31.25,32.5,30.9,32.35,139425
2026-02-04 15:11:00,15:11:00,32.2,32.6,31.25,32.15,109135
2026-02-04 15:12:00,15:12:00,32.15,32.3,31.6,32.1,79040
2026-02-04 15:13:00,15:13:00,32.2,32.2,31.8,32.05,58890
2026-02-04 15:14:00,15:14:00,32.0,32.35,31.75,32.0,185445
2026-02-04 15:15:00,15:15:00,32.3,32.45,31.35,32.1,184730
2026-02-04 15:16:00,15:16:00,32.05,32.1,31.3,31.8,161135
2026-02-04 15:17:00,15:17:00,31.8,32.25,30.9,32.25,165880
2026-02-04 15:18:00,15:18:00,32.25,32.6,32.1,32.35,162955
2026-02-04 15:19:00,15:19:00,28.2,29.35,27.95,28.85,39520
2026-02-04 15:20:00,15:20:00,29.4,29.7,28.85,29.65,88725
2026-02-04 15:21:00,15:21:00,29.7,31.4,29.65,31.4,79560
2026-02-04 15:22:00,15:22:00,31.55,31.55,30.15,30.65,139945
2026-02-04 15:23:00,15:23:00,30.45,31.25,30.3,31.05,74490
2026-02-04 15:24:00,15:24:00,31.05,31.75,30.75,31.65,72670
2026-02-04 15:25:00,15:25:00,31.95,32.5,31.45,32.0,173875
2026-02-04 15:26:00,15:26:00,31.95,32.45,31.7,32.35,99125
2026-02-04 15:27:00,15:27:00,32.5,33.65,32.35,33.5,354640
2026-02-04 15:28:00,15:28:00,33.45,35.0,33.45,35.0,154440
2026-02-04 15:29:00,15:29:00,35.15,35.6,33.55,34.5,350415
2026-02-05 09:15:00,09:15:00,40.0,40.0,25.05,25.25,648570
2026-02-05 09:16:00,09:16:00,25.1,25.25,23.2,24.25,412620
2026-02-05 09:17:00,09:17:00,28.6,28.95,26.85,27.25,125840
2026-02-05 09:18:00,09:18:00,27.35,27.95,26.3,26.45,66885
2026-02-05 09:19:00,09:19:00,26.8,27.8,26.05,27.65,73515
2026-02-05 09:20:00,09:20:00,23.75,24.7,23.65,24.0,233415
2026-02-05 09:21:00,09:21:00,24.0,25.0,24.0,25.0,235040
2026-02-05 09:22:00,09:22:00,25.2,26.0,24.85,25.4,497705
2026-02-05 09:23:00,09:23:00,25.45,25.45,24.15,25.2,367705
2026-02-05 09:24:00,09:24:00,25.0,26.45,24.8,25.85,330330
2026-02-05 09:25:00,09:25:00,22.7,23.35,22.45,22.85,93340
2026-02-05 09:26:00,09:26:00,26.1,26.1,24.35,24.95,300755
2026-02-05 09:27:00,09:27:00,21.85,23.1,21.85,22.95,90740
2026-02-05 09:28:00,09:28:00,22.95,23.0,22.25,22.6,52520
2026-02-05 09:29:00,09:29:00,26.0,26.0,23.95,24.05,205205
2026-02-05 09:30:00,09:30:00,23.9,24.2,23.0,23.6,148200
2026-02-05 09:31:00,09:31:00,23.55,23.6,22.25,23.0,272545
2026-02-05 09:32:00,09:32:00,22.9,23.35,21.95,22.75,172315
2026-02-05 09:33:00,09:33:00,22.8,23.45,21.45,23.3,144950
2026-02-05 09:34:00,09:34:00,23.1,24.15,22.35,23.75,120380
2026-02-05 09:35:00,09:35:00,23.6,23.75,22.55,23.6,82615
2026-02-05 09:36:00,09:36:00,23.5,24.3,23.0,24.3,98865
2026-02-05 09:37:00,09:37:00,24.3,24.65,23.6,23.7,150215
2026-02-05 09:38:00,09:38:00,21.2,21.75,20.7,21.45,36985
2026-02-05 09:39:00,09:39:00,24.65,25.5,23.6,23.75,128635
2026-02-05 09:40:00,09:40:00,20.85,21.75,20.6,21.5,420485
2026-02-05 09:41:00,09:41:00,21.45,22.1,21.25,21.95,58630
2026-02-05 09:42:00,09:42:00,22.05,23.65,21.95,22.4,119080
2026-02-05 09:43:00,09:43:00,22.55,23.05,22.35,22.9,262340
2026-02-05 09:44:00,09:44:00,22.75,23.7,22.1,23.25,336440
2026-02-05 09:45:00,09:45:00,23.2,24.8,23.2,24.05,628030
2026-02-05 09:46:00,09:46:00,24.15,24.55,23.1,24.55,111410
2026-02-05 09:47:00,09:47:00,24.45,24.8,23.65,24.25,74815
2026-02-05 09:48:00,09:48:00,20.9,22.7,20.75,22.7,176475
2026-02-05 09:49:00,09:49:00,26.65,26.95,24.65,25.05,105950
2026-02-05 09:50:00,09:50:00,25.1,25.2,23.8,24.2,112060
2026-02-05 09:51:00,09:51:00,24.6,25.8,24.15,25.65,80665
2026-02-05 09:52:00,09:52:00,25.4,26.7,25.2,26.15,92235
2026-02-05 09:53:00,09:53:00,26.3,26.4,25.05,25.6,85930
2026-02-05 09:54:00,09:54:00,22.15,23.3,22.05,22.5,145210
2026-02-05 09:55:00,09:55:00,22.75,22.95,21.85,22.2,136305
2026-02-05 09:56:00,09:56:00,25.9,28.05,25.45,25.8,148980
2026-02-05 09:57:00,09:57:00,25.6,25.95,24.35,24.95,99710
2026-02-05 09:58:00,09:58:00,24.85,25.75,24.1,24.35,58175
2026-02-05 09:59:00,09:59:00,24.25,24.4,23.7,24.25,47450
2026-02-05 10:00:00,10:00:00,24.15,25.05,23.7,24.6,73580
2026-02-05 10:01:00,10:01:00,24.55,25.2,23.65,25.2,83005
2026-02-05 10:02:00,10:02:00,25.15,25.7,24.5,25.5,41340
2026-02-05 10:03:00,10:03:00,25.55,25.7,24.55,24.9,48880
2026-02-05 10:04:00,10:04:00,24.8,24.95,23.4,24.0,54405
2026-02-05 10:05:00,10:05:00,23.6,24.5,23.45,24.35,44200
2026-02-05 10:06:00,10:06:00,24.35,24.55,23.65,24.15,38350
2026-02-05 10:07:00,10:07:00,24.05,24.55,23.35,23.45,39455
2026-02-05 10:08:00,10:08:00,23.5,24.55,22.75,24.1,133185
2026-02-05 10:09:00,10:09:00,24.25,24.45,23.3,23.65,47320
2026-02-05 10:10:00,10:10:00,23.55,23.65,22.2,22.25,66560
2026-02-05 10:11:00,10:11:00,22.05,22.4,21.45,21.7,78000
2026-02-05 10:12:00,10:12:00,21.75,22.05,21.2,22.05,43940
2026-02-05 10:13:00,10:13:00,21.85,22.4,21.3,21.6,57200
2026-02-05 10:14:00,10:14:00,21.7,21.8,20.9,21.4,66300
2026-02-05 10:15:00,10:15:00,21.35,22.1,21.15,21.8,44590
2026-02-05 10:16:00,10:16:00,21.8,21.9,21.05,21.45,30420
2026-02-05 10:17:00,10:17:00,21.65,22.25,21.45,22.0,25610
2026-02-05 10:18:00,10:18:00,22.1,22.2,21.4,21.85,24765
2026-02-05 10:19:00,10:19:00,21.65,21.85,20.5,20.6,43160
2026-02-05 10:20:00,10:20:00,23.85,23.85,22.75,22.8,175500
2026-02-05 10:21:00,10:21:00,22.75,23.7,22.6,22.75,115830
2026-02-05 10:22:00,10:22:00,22.8,23.1,21.75,22.1,161980
2026-02-05 10:23:00,10:23:00,22.05,22.3,21.7,22.1,84630
2026-02-05 10:24:00,10:24:00,22.0,22.2,21.6,22.1,191750
2026-02-05 10:25:00,10:25:00,22.15,22.3,21.65,21.8,61165
2026-02-05 10:26:00,10:26:00,21.85,22.0,21.4,21.85,141180
2026-02-05 10:27:00,10:27:00,21.75,22.2,21.4,22.15,46345
2026-02-05 10:28:00,10:28:00,22.25,22.5,21.9,22.5,64545
2026-02-05 10:29:00,10:29:00,19.4,19.55,19.0,19.55,35425
2026-02-05 10:30:00,10:30:00,19.4,19.7,19.15,19.55,55120
2026-02-05 10:31:00,10:31:00,19.7,20.5,19.55,19.7,101465
2026-02-05 10:32:00,10:32:00,19.7,20.2,19.1,19.95,90805
2026-02-05 10:33:00,10:33:00,20.05,20.45,19.9,20.4,51220
2026-02-05 10:34:00,10:34:00,20.45,21.05,20.1,20.25,69810
2026-02-05 10:35:00,10:35:00,20.2,20.65,19.65,20.65,33800
2026-02-05 10:36:00,10:36:00,20.9,21.0,20.25,20.7,40300
2026-02-05 10:37:00,10:37:00,20.5,20.85,20.1,20.6,17680
2026-02-05 10:38:00,10:38:00,20.7,21.95,20.6,21.95,62985
2026-02-05 10:39:00,10:39:00,21.9,22.6,21.8,22.25,73645
2026-02-05 10:40:00,10:40:00,22.25,22.55,21.5,21.5,71890
2026-02-05 10:41:00,10:41:00,21.45,21.5,20.4,20.45,78455
2026-02-05 10:42:00,10:42:00,20.45,21.25,20.45,21.15,41600
2026-02-05 10:43:00,10:43:00,21.05,21.3,20.55,20.6,48880
2026-02-05 10:44:00,10:44:00,20.7,21.7,20.6,21.7,31460
2026-02-05 10:45:00,10:45:00,21.6,22.1,21.35,21.45,35945
2026-02-05 10:46:00,10:46:00,21.5,21.65,20.95,21.45,28275
2026-02-05 10:47:00,10:47:00,21.2,21.85,21.1,21.35,14950
2026-02-05 10:48:00,10:48:00,21.9,22.25,21.35,22.05,41860
2026-02-05 10:49:00,10:49:00,22.3,22.45,21.7,22.0,33150
2026-02-05 10:50:00,10:50:00,22.25,22.25,21.1,21.45,22295
2026-02-05 10:51:00,10:51:00,21.4,21.7,21.0,21.4,17745
2026-02-05 10:52:00,10:52:00,21.5,21.9,21.25,21.4,24115
2026-02-05 10:53:00,10:53:00,21.25,22.0,21.25,21.95,30225
2026-02-05 10:54:00,10:54:00,21.9,22.2,21.4,21.9,31785
2026-02-05 10:55:00,10:55:00,22.1,22.7,21.75,21.9,35230
2026-02-05 10:56:00,10:56:00,18.8,19.1,18.7,18.95,23530
2026-02-05 10:57:00,10:57:00,18.95,20.35,18.8,19.05,143780
2026-02-05 10:58:00,10:58:00,19.0,19.25,18.75,19.1,35035
2026-02-05 10:59:00,10:59:00,19.15,19.65,18.75,19.35,72540
2026-02-05 11:00:00,11:00:00,19.3,19.8,19.25,19.6,60710
2026-02-05 11:01:00,11:01:00,19.65,20.5,19.3,20.5,57590
2026-02-05 11:02:00,11:02:00,24.3,24.75,22.05,22.05,103935
2026-02-05 11:03:00,11:03:00,22.05,22.05,21.4,21.75,56745
2026-02-05 11:04:00,11:04:00,21.7,21.8,21.15,21.8,36855
2026-02-05 11:05:00,11:05:00,21.7,21.85,21.25,21.4,17745
2026-02-05 11:06:00,11:06:00,21.4,21.5,20.7,21.3,53820
2026-02-05 11:07:00,11:07:00,21.4,21.4,20.45,20.75,36400
2026-02-05 11:08:00,11:08:00,20.75,20.75,20.1,20.1,28405
2026-02-05 11:09:00,11:09:00,20.2,20.65,19.7,19.9,32500
2026-02-05 11:10:00,11:10:00,19.9,20.35,19.9,20.15,17095
2026-02-05 11:11:00,11:11:00,20.1,20.35,19.75,19.75,24570
2026-02-05 11:12:00,11:12:00,19.75,19.8,19.35,19.4,20930
2026-02-05 11:13:00,11:13:00,19.4,19.85,19.05,19.85,30940
2026-02-05 11:14:00,11:14:00,19.7,19.85,19.35,19.75,29315
2026-02-05 11:15:00,11:15:00,19.7,20.1,19.4,19.95,23400
2026-02-05 11:16:00,11:16:00,19.9,20.0,19.75,20.0,19110
2026-02-05 11:17:00,11:17:00,20.0,20.3,19.85,20.15,21255
2026-02-05 11:18:00,11:18:00,20.2,20.6,20.05,20.55,26455
2026-02-05 11:19:00,11:19:00,20.55,20.8,20.3,20.5,34840
2026-02-05 11:20:00,11:20:00,20.55,20.65,20.05,20.35,22230
2026-02-05 11:21:00,11:21:00,20.3,20.75,20.2,20.45,22945
2026-02-05 11:22:00,11:22:00,20.4,20.55,20.1,20.35,28535
2026-02-05 11:23:00,11:23:00,20.25,20.5,20.15,20.35,14170
2026-02-05 11:24:00,11:24:00,20.35,20.95,20.25,20.7,33020
2026-02-05 11:25:00,11:25:00,20.7,21.05,20.45,20.45,35295
2026-02-05 11:26:00,11:26:00,20.6,20.6,20.0,20.2,24960
2026-02-05 11:27:00,11:27:00,20.1,20.25,19.85,20.0,22360
2026-02-05 11:28:00,11:28:00,19.9,20.05,19.55,19.75,19435
2026-02-05 11:29:00,11:29:00,19.7,20.0,19.7,19.95,9815
2026-02-05 11:30:00,11:30:00,19.85,19.95,19.15,19.55,25935
2026-02-05 11:31:00,11:31:00,19.5,19.85,19.45,19.75,16185
2026-02-05 11:32:00,11:32:00,19.85,20.3,19.75,19.9,34125
2026-02-05 11:33:00,11:33:00,20.1,20.15,19.65,19.95,12610
2026-02-05 11:34:00,11:34:00,19.9,20.45,19.85,20.4,16770
2026-02-05 11:35:00,11:35:00,20.4,20.85,20.35,20.55,17680
2026-02-05 11:36:00,11:36:00,20.6,20.6,19.35,19.35,31460
2026-02-05 11:37:00,11:37:00,19.35,19.65,19.1,19.45,26000
2026-02-05 11:38:00,11:38:00,19.4,19.45,19.05,19.1,14105
2026-02-05 11:39:00,11:39:00,19.1,19.2,18.55,18.95,39325
2026-02-05 11:40:00,11:40:00,19.0,19.35,18.9,18.9,58955
2026-02-05 11:41:00,11:41:00,18.85,19.25,18.8,19.25,16770
2026-02-05 11:42:00,11:42:00,19.2,19.25,18.7,19.0,18005
2026-02-05 11:43:00,11:43:00,22.4,22.4,21.65,21.65,34515
2026-02-05 11:44:00,11:44:00,18.6,19.15,18.6,19.15,12675
2026-02-05 11:45:00,11:45:00,19.05,19.3,19.05,19.2,9880
2026-02-05 11:46:00,11:46:00,19.1,19.35,19.0,19.0,21320
2026-02-05 11:47:00,11:47:00,18.85,19.3,18.85,19.2,11635
2026-02-05 11:48:00,11:48:00,19.1,20.0,19.1,19.95,65260
2026-02-05 11:49:00,11:49:00,20.0,20.8,19.95,20.35,70525
2026-02-05 11:50:00,11:50:00,20.3,20.6,20.2,20.4,121030
2026-02-05 11:51:00,11:51:00,20.25,20.4,19.95,20.1,64415
2026-02-05 11:52:00,11:52:00,20.05,20.4,20.05,20.15,36790
2026-02-05 11:53:00,11:53:00,19.95,20.3,19.8,20.3,22945
2026-02-05 11:54:00,11:54:00,20.3,20.3,19.85,20.05,20085
2026-02-05 11:55:00,11:55:00,20.0,20.15,19.65,19.65,15925
2026-02-05 11:56:00,11:56:00,19.6,20.05,19.5,20.0,17095
2026-02-05 11:57:00,11:57:00,20.0,20.45,19.95,20.35,28275
2026-02-05 11:58:00,11:58:00,20.25,20.35,20.1,20.1,59605
2026-02-05 11:59:00,11:59:00,20.05,20.2,19.45,19.45,27950
2026-02-05 12:00:00,12:00:00,19.5,20.15,19.35,20.15,18590
2026-02-05 12:01:00,12:01:00,20.2,20.7,20.05,20.7,18850
2026-02-05 12:02:00,12:02:00,20.45,20.7,19.65,19.7,24830
2026-02-05 12:03:00,12:03:00,19.6,19.8,19.3,19.3,16900
2026-02-05 12:04:00,12:04:00,19.3,19.3,18.85,19.15,27885
2026-02-05 12:05:00,12:05:00,19.0,19.15,18.85,19.15,11115
2026-02-05 12:06:00,12:06:00,19.1,19.2,18.95,19.1,9880
2026-02-05 12:07:00,12:07:00,19.35,19.95,19.1,19.9,24245
2026-02-05 12:08:00,12:08:00,19.65,20.35,19.65,20.3,63310
2026-02-05 12:09:00,12:09:00,20.25,20.5,19.9,20.05,23140
2026-02-05 12:10:00,12:10:00,20.05,20.2,19.75,20.15,18070
2026-02-05 12:11:00,12:11:00,20.15,20.45,20.05,20.4,8710
2026-02-05 12:12:00,12:12:00,20.25,20.8,20.2,20.75,35620
2026-02-05 12:13:00,12:13:00,20.65,20.85,20.35,20.5,17160
2026-02-05 12:14:00,12:14:00,20.45,21.05,20.35,20.6,38545
2026-02-05 12:15:00,12:15:00,17.6,18.15,17.55,17.95,61880
2026-02-05 12:16:00,12:16:00,17.9,18.3,17.9,17.95,31135
2026-02-05 12:17:00,12:17:00,18.0,19.05,17.9,18.65,44005
2026-02-05 12:18:00,12:18:00,18.75,18.75,18.1,18.45,54080
2026-02-05 12:19:00,12:19:00,18.45,19.2,18.35,19.05,34905
2026-02-05 12:20:00,12:20:00,18.95,19.55,18.4,18.85,53690
2026-02-05 12:21:00,12:21:00,18.85,19.8,18.55,19.65,55445
2026-02-05 12:22:00,12:22:00,19.65,20.0,18.95,19.0,87035
2026-02-05 12:23:00,12:23:00,19.05,19.55,19.0,19.45,44200
2026-02-05 12:24:00,12:24:00,19.35,19.5,19.05,19.25,46150
2026-02-05 12:25:00,12:25:00,19.2,19.6,19.05,19.05,36530
2026-02-05 12:26:00,12:26:00,18.95,19.35,18.65,18.7,68705
2026-02-05 12:27:00,12:27:00,18.7,19.1,18.5,19.0,36790
2026-02-05 12:28:00,12:28:00,18.95,19.7,18.95,19.3,47450
2026-02-05 12:29:00,12:29:00,19.05,19.3,18.5,18.9,48750
2026-02-05 12:30:00,12:30:00,18.85,19.2,18.2,18.2,28015
2026-02-05 12:31:00,12:31:00,21.3,21.5,20.5,20.95,40105
2026-02-05 12:32:00,12:32:00,17.8,18.8,17.8,18.8,31850
2026-02-05 12:33:00,12:33:00,18.8,20.35,18.75,20.2,97825
2026-02-05 12:34:00,12:34:00,20.1,20.3,18.8,18.8,51675
2026-02-05 12:35:00,12:35:00,21.9,22.05,21.3,21.45,62400
2026-02-05 12:36:00,12:36:00,18.3,18.7,18.15,18.45,22945
2026-02-05 12:37:00,12:37:00,18.45,18.9,18.45,18.5,18200
2026-02-05 12:38:00,12:38:00,18.45,18.5,17.9,18.05,38935
2026-02-05 12:39:00,12:39:00,18.1,18.5,17.95,18.5,13065
2026-02-05 12:40:00,12:40:00,18.45,18.8,18.4,18.75,21645
2026-02-05 12:41:00,12:41:00,18.65,18.7,18.3,18.5,15795
2026-02-05 12:42:00,12:42:00,18.45,18.55,18.2,18.4,21840
2026-02-05 12:43:00,12:43:00,18.2,18.45,17.85,17.95,17485
2026-02-05 12:44:00,12:44:00,18.0,18.85,17.95,18.65,33215
2026-02-05 12:45:00,12:45:00,21.85,21.85,20.8,20.9,28665
2026-02-05 12:46:00,12:46:00,17.95,18.2,17.7,18.2,24505
2026-02-05 12:47:00,12:47:00,18.2,18.35,18.05,18.2,6435
2026-02-05 12:48:00,12:48:00,18.25,18.4,18.05,18.4,35555
2026-02-05 12:49:00,12:49:00,21.35,21.45,20.75,21.1,23140
2026-02-05 12:50:00,12:50:00,21.0,21.1,20.35,20.65,41470
2026-02-05 12:51:00,12:51:00,20.5,21.0,20.3,20.45,12480
2026-02-05 12:52:00,12:52:00,20.45,20.7,20.15,20.4,30225
2026-02-05 12:53:00,12:53:00,20.55,21.2,20.4,20.7,15665
2026-02-05 12:54:00,12:54:00,17.8,18.35,17.75,18.0,34580
2026-02-05 12:55:00,12:55:00,17.95,18.55,17.95,18.45,32435
2026-02-05 12:56:00,12:56:00,18.45,19.25,18.45,18.6,69095
2026-02-05 12:57:00,12:57:00,21.7,21.9,20.9,21.05,14950
2026-02-05 12:58:00,12:58:00,20.8,21.05,20.2,20.25,46865
2026-02-05 12:59:00,12:59:00,20.3,20.5,19.8,20.45,54730
2026-02-05 13:00:00,13:00:00,20.5,20.8,20.35,20.5,19175
2026-02-05 13:01:00,13:01:00,20.35,20.8,20.15,20.25,6695
2026-02-05 13:02:00,13:02:00,20.2,20.65,20.15,20.3,15210
2026-02-05 13:03:00,13:03:00,20.25,20.4,20.15,20.25,17615
2026-02-05 13:04:00,13:04:00,20.2,20.5,20.2,20.5,14625
2026-02-05 13:05:00,13:05:00,20.4,20.55,20.05,20.1,20345
2026-02-05 13:06:00,13:06:00,19.9,20.1,19.85,19.95,33540
2026-02-05 13:07:00,13:07:00,19.9,20.45,19.9,20.15,20995
2026-02-05 13:08:00,13:08:00,20.15,20.45,20.1,20.4,16770
2026-02-05 13:09:00,13:09:00,20.35,20.5,19.5,19.7,37375
2026-02-05 13:10:00,13:10:00,19.65,20.05,19.35,20.05,33865
2026-02-05 13:11:00,13:11:00,19.9,20.15,19.9,20.15,13325
2026-02-05 13:12:00,13:12:00,20.45,20.55,20.1,20.45,37050
2026-02-05 13:13:00,13:13:00,20.45,20.7,20.4,20.5,7865
2026-02-05 13:14:00,13:14:00,20.35,20.5,20.0,20.25,21385
2026-02-05 13:15:00,13:15:00,20.1,20.25,19.65,19.8,15535
2026-02-05 13:16:00,13:16:00,20.05,20.05,19.7,19.75,9230
2026-02-05 13:17:00,13:17:00,19.85,20.0,19.0,19.05,36075
2026-02-05 13:18:00,13:18:00,19.0,19.45,18.9,19.4,21255
2026-02-05 13:19:00,13:19:00,19.45,19.45,19.05,19.05,7800
2026-02-05 13:20:00,13:20:00,19.15,19.55,18.95,19.45,16185
2026-02-05 13:21:00,13:21:00,19.35,19.65,19.3,19.6,14495
2026-02-05 13:22:00,13:22:00,19.6,19.75,19.15,19.35,8450
2026-02-05 13:23:00,13:23:00,19.5,19.65,19.3,19.65,32110
2026-02-05 13:24:00,13:24:00,19.65,20.15,19.6,20.05,44200
2026-02-05 13:25:00,13:25:00,20.05,20.65,20.05,20.45,43290
2026-02-05 13:26:00,13:26:00,20.45,21.1,20.35,20.95,25740
2026-02-05 13:27:00,13:27:00,20.85,21.2,20.8,20.95,44850
2026-02-05 13:28:00,13:28:00,18.25,19.6,18.05,19.55,314925
2026-02-05 13:29:00,13:29:00,19.5,20.0,19.2,19.95,58110
2026-02-05 13:30:00,13:30:00,19.8,19.95,18.7,19.15,71630
2026-02-05 13:31:00,13:31:00,19.15,19.6,18.55,18.75,47255
2026-02-05 13:32:00,13:32:00,21.55,22.45,21.05,21.35,49725
2026-02-05 13:33:00,13:33:00,21.4,21.75,21.15,21.55,20410
2026-02-05 13:34:00,13:34:00,21.45,21.9,21.05,21.1,34905
2026-02-05 13:35:00,13:35:00,21.5,21.5,20.4,20.9,39325
2026-02-05 13:36:00,13:36:00,20.9,21.45,20.9,21.15,45240
2026-02-05 13:37:00,13:37:00,20.9,21.15,20.85,20.9,18980
2026-02-05 13:38:00,13:38:00,20.75,20.9,20.0,20.2,37765
2026-02-05 13:39:00,13:39:00,20.3,20.3,19.65,20.0,24505
2026-02-05 13:40:00,13:40:00,20.0,20.6,20.0,20.6,21710
2026-02-05 13:41:00,13:41:00,20.4,20.6,19.8,20.05,11375
2026-02-05 13:42:00,13:42:00,19.85,20.4,19.85,20.25,24180
2026-02-05 13:43:00,13:43:00,20.25,20.5,20.25,20.45,5135
2026-02-05 13:44:00,13:44:00,20.5,20.6,20.1,20.35,38025
2026-02-05 13:45:00,13:45:00,20.2,20.65,20.05,20.4,70460
2026-02-05 13:46:00,13:46:00,20.4,20.4,20.1,20.1,14040
2026-02-05 13:47:00,13:47:00,20.1,20.25,19.9,20.05,18720
2026-02-05 13:48:00,13:48:00,19.9,20.15,19.6,19.75,18525
2026-02-05 13:49:00,13:49:00,19.8,20.1,19.65,20.1,9750
2026-02-05 13:50:00,13:50:00,19.95,20.1,19.75,19.75,7735
2026-02-05 13:51:00,13:51:00,19.65,19.9,19.55,19.9,48165
2026-02-05 13:52:00,13:52:00,19.85,20.3,19.75,19.8,21450
2026-02-05 13:53:00,13:53:00,19.95,20.5,19.8,20.3,40105
2026-02-05 13:54:00,13:54:00,20.45,20.65,20.25,20.45,41665
2026-02-05 13:55:00,13:55:00,20.35,20.7,20.2,20.55,16315
2026-02-05 13:56:00,13:56:00,20.45,20.75,20.15,20.25,23595
2026-02-05 13:57:00,13:57:00,20.25,20.5,19.95,20.45,31395
2026-02-05 13:58:00,13:58:00,20.75,20.85,20.2,20.5,30485
2026-02-05 13:59:00,13:59:00,20.5,20.55,19.9,19.9,12090
2026-02-05 14:00:00,14:00:00,19.95,20.35,19.85,20.3,27365
2026-02-05 14:01:00,14:01:00,20.3,20.35,19.8,19.9,12610
2026-02-05 14:02:00,14:02:00,19.9,20.7,19.85,20.7,23855
2026-02-05 14:03:00,14:03:00,20.7,21.15,20.6,21.0,24505
2026-02-05 14:04:00,14:04:00,20.85,21.2,20.65,20.85,64805
2026-02-05 14:05:00,14:05:00,17.95,18.6,17.9,18.45,46410
2026-02-05 14:06:00,14:06:00,18.45,18.8,18.4,18.8,39715
2026-02-05 14:07:00,14:07:00,18.75,19.4,18.5,19.4,73450
2026-02-05 14:08:00,14:08:00,19.2,19.55,18.85,19.15,98995
2026-02-05 14:09:00,14:09:00,19.5,19.8,19.15,19.4,75270
2026-02-05 14:10:00,14:10:00,19.4,19.9,19.25,19.7,97175
2026-02-05 14:11:00,14:11:00,19.7,21.25,19.7,20.8,246675
2026-02-05 14:12:00,14:12:00,20.75,21.05,20.2,20.25,156910
2026-02-05 14:13:00,14:13:00,20.2,20.8,19.9,20.6,113425
2026-02-05 14:14:00,14:14:00,20.5,20.6,19.65,20.15,68380
2026-02-05 14:15:00,14:15:00,20.0,20.55,19.7,20.35,75465
2026-02-05 14:16:00,14:16:00,20.25,20.75,20.05,20.4,79495
2026-02-05 14:17:00,14:17:00,20.35,20.8,20.1,20.15,75205
2026-02-05 14:18:00,14:18:00,20.25,20.45,19.75,20.25,97240
2026-02-05 14:19:00,14:19:00,20.35,20.4,19.75,20.15,53755
2026-02-05 14:20:00,14:20:00,20.05,20.15,19.65,19.8,51025
2026-02-05 14:21:00,14:21:00,19.9,19.9,19.3,19.7,123955
2026-02-05 14:22:00,14:22:00,19.6,20.4,19.6,19.8,91910
2026-02-05 14:23:00,14:23:00,19.75,20.1,19.5,19.6,48685
2026-02-05 14:24:00,14:24:00,19.6,20.2,19.55,19.85,42835
2026-02-05 14:25:00,14:25:00,19.9,20.1,19.6,19.75,240695
2026-02-05 14:26:00,14:26:00,19.7,19.75,18.45,18.45,125190
2026-02-05 14:27:00,14:27:00,18.4,18.55,18.15,18.2,51090
2026-02-05 14:28:00,14:28:00,18.35,18.7,18.1,18.35,44785
2026-02-05 14:29:00,14:29:00,18.35,18.45,17.8,18.45,53495
2026-02-05 14:30:00,14:30:00,18.45,18.7,18.15,18.5,41210
2026-02-05 14:31:00,14:31:00,18.5,18.5,17.9,18.15,31720
2026-02-05 14:32:00,14:32:00,18.05,18.2,17.35,17.35,63570
2026-02-05 14:33:00,14:33:00,17.4,18.05,17.35,17.95,95290
2026-02-05 14:34:00,14:34:00,20.85,20.9,20.15,20.3,22230
2026-02-05 14:35:00,14:35:00,20.3,20.5,20.0,20.5,33800
2026-02-05 14:36:00,14:36:00,20.5,20.5,20.0,20.05,31070
2026-02-05 14:37:00,14:37:00,20.1,20.35,20.0,20.25,21970
2026-02-05 14:38:00,14:38:00,20.15,20.25,19.75,19.9,28405
2026-02-05 14:39:00,14:39:00,19.85,20.4,19.85,20.4,27625
2026-02-05 14:40:00,14:40:00,17.5,18.05,17.45,18.05,51285
2026-02-05 14:41:00,14:41:00,17.9,18.05,17.6,17.85,81445
2026-02-05 14:42:00,14:42:00,20.7,20.85,20.0,20.2,25935
2026-02-05 14:43:00,14:43:00,20.0,20.7,19.8,20.45,23855
2026-02-05 14:44:00,14:44:00,17.55,17.8,17.55,17.65,14040
2026-02-05 14:45:00,14:45:00,17.8,17.85,17.55,17.8,23920
2026-02-05 14:46:00,14:46:00,17.8,17.9,17.6,17.9,24830
2026-02-05 14:47:00,14:47:00,17.8,18.3,17.7,18.0,49010
2026-02-05 14:48:00,14:48:00,18.05,18.15,17.85,18.05,22490
2026-02-05 14:49:00,14:49:00,18.0,18.05,17.55,17.65,16120
2026-02-05 14:50:00,14:50:00,17.6,17.8,17.5,17.6,21515
2026-02-05 14:51:00,14:51:00,17.6,17.95,17.55,17.9,14755
2026-02-05 14:52:00,14:52:00,17.8,17.9,17.6,17.9,19305
2026-02-05 14:53:00,14:53:00,21.05,21.05,20.35,20.65,47580
2026-02-05 14:54:00,14:54:00,20.7,20.8,20.25,20.35,53625
2026-02-05 14:55:00,14:55:00,20.15,20.35,19.4,19.95,58175
2026-02-05 14:56:00,14:56:00,19.9,20.0,19.65,19.95,38805
2026-02-05 14:57:00,14:57:00,19.85,20.0,19.65,19.75,42185
2026-02-05 14:58:00,14:58:00,19.75,19.9,19.45,19.75,37830
2026-02-05 14:59:00,14:59:00,19.75,20.35,19.7,20.25,39455
2026-02-05 15:00:00,15:00:00,19.5,20.25,19.05,19.8,120835
2026-02-05 15:01:00,15:01:00,19.65,20.05,19.55,20.0,52650
2026-02-05 15:02:00,15:02:00,19.85,20.2,19.7,20.15,35685
2026-02-05 15:03:00,15:03:00,20.05,20.15,19.75,19.85,14885
2026-02-05 15:04:00,15:04:00,19.8,19.85,19.05,19.4,47320
2026-02-05 15:05:00,15:05:00,19.4,19.4,18.5,19.15,82030
2026-02-05 15:06:00,15:06:00,19.1,19.65,18.95,19.6,76570
2026-02-05 15:07:00,15:07:00,19.6,19.9,19.1,19.1,74360
2026-02-05 15:08:00,15:08:00,19.05,19.2,18.95,19.05,30550
2026-02-05 15:09:00,15:09:00,19.1,19.2,18.85,18.85,40105
2026-02-05 15:10:00,15:10:00,18.85,18.85,18.45,18.5,62205
2026-02-05 15:11:00,15:11:00,18.5,18.5,18.05,18.35,54730
2026-02-05 15:12:00,15:12:00,18.35,18.35,17.65,18.0,66885
2026-02-05 15:13:00,15:13:00,18.1,18.1,17.8,17.95,35295
2026-02-05 15:14:00,15:14:00,17.8,18.05,17.25,17.6,43160
2026-02-05 15:15:00,15:15:00,17.65,18.2,17.5,17.9,95940
2026-02-05 15:16:00,15:16:00,17.85,18.05,17.3,17.95,97500
2026-02-05 15:17:00,15:17:00,17.9,18.2,17.15,18.15,73645
2026-02-05 15:18:00,15:18:00,18.1,18.15,17.65,17.8,70005
2026-02-05 15:19:00,15:19:00,17.9,18.15,17.55,18.1,78520
2026-02-05 15:20:00,15:20:00,18.15,18.3,17.95,18.1,131885
2026-02-05 15:21:00,15:21:00,18.25,19.3,18.1,18.75,190515
2026-02-05 15:22:00,15:22:00,18.7,19.05,18.35,19.05,54795
2026-02-05 15:23:00,15:23:00,19.05,19.2,18.6,18.9,72410
2026-02-05 15:24:00,15:24:00,19.0,19.0,18.5,18.75,123435
2026-02-05 15:25:00,15:25:00,19.2,22.0,18.75,21.05,333320
2026-02-05 15:26:00,15:26:00,21.2,21.95,21.0,21.35,147810
2026-02-05 15:27:00,15:27:00,21.55,21.6,20.9,20.9,64480
2026-02-05 15:28:00,15:28:00,20.85,21.2,20.45,20.45,70720
2026-02-05 15:29:00,15:29:00,20.5,20.55,19.3,19.45,131040
2026-02-06 09:15:00,09:15:00,25.0,25.0,16.05,16.4,506285
2026-02-06 09:16:00,09:16:00,16.45,17.0,15.6,16.5,598910
2026-02-06 09:17:00,09:17:00,16.3,16.5,15.4,15.5,373555
2026-02-06 09:18:00,09:18:00,18.05,18.5,17.85,17.85,185445
2026-02-06 09:19:00,09:19:00,15.1,15.85,15.1,15.75,288275
2026-02-06 09:20:00,09:20:00,15.8,16.2,15.4,15.4,266630
2026-02-06 09:21:00,09:21:00,15.3,15.9,15.1,15.15,182260
2026-02-06 09:22:00,09:22:00,15.0,15.55,14.9,15.45,163995
2026-02-06 09:23:00,09:23:00,15.3,15.9,15.3,15.35,138385
2026-02-06 09:24:00,09:24:00,15.3,15.5,14.55,14.55,171535
2026-02-06 09:25:00,09:25:00,14.5,15.05,14.0,14.6,266370
2026-02-06 09:26:00,09:26:00,14.4,15.25,14.2,15.25,223925
2026-02-06 09:27:00,09:27:00,15.05,15.25,14.4,14.4,257400
2026-02-06 09:28:00,09:28:00,14.25,14.5,13.65,14.5,249080
2026-02-06 09:29:00,09:29:00,12.5,13.1,12.5,12.85,84045
2026-02-06 09:30:00,09:30:00,12.75,13.15,12.65,12.8,94185
2026-02-06 09:31:00,09:31:00,12.7,12.8,12.2,12.5,65000
2026-02-06 09:32:00,09:32:00,12.75,13.1,12.35,12.35,68120
2026-02-06 09:33:00,09:33:00,12.4,12.5,11.65,12.15,100555
2026-02-06 09:34:00,09:34:00,12.15,12.45,11.95,12.1,43550
2026-02-06 09:35:00,09:35:00,11.95,12.45,11.9,12.3,54925
2026-02-06 09:36:00,09:36:00,12.5,13.1,12.3,12.65,91520
2026-02-06 09:37:00,09:37:00,12.55,13.1,12.45,12.95,60255
2026-02-06 09:38:00,09:38:00,13.1,13.95,12.95,13.5,218205
2026-02-06 09:39:00,09:39:00,13.45,13.5,12.5,12.75,204035
2026-02-06 09:40:00,09:40:00,12.85,13.0,12.55,12.65,58760
2026-02-06 09:41:00,09:41:00,12.65,13.05,12.5,12.9,60775
2026-02-06 09:42:00,09:42:00,12.8,12.9,12.55,12.8,69940
2026-02-06 09:43:00,09:43:00,12.85,13.95,12.8,13.65,136370
2026-02-06 09:44:00,09:44:00,13.7,14.05,13.4,13.45,130325
2026-02-06 09:45:00,09:45:00,13.45,13.55,12.35,12.5,117260
2026-02-06 09:46:00,09:46:00,12.35,12.7,12.25,12.45,68965
2026-02-06 09:47:00,09:47:00,12.55,12.6,11.9,12.05,80665
2026-02-06 09:48:00,09:48:00,12.1,12.25,11.7,11.8,72930
2026-02-06 09:49:00,09:49:00,12.0,12.25,11.8,11.9,39910
2026-02-06 09:50:00,09:50:00,11.8,12.4,11.8,12.2,46865
2026-02-06 09:51:00,09:51:00,12.15,12.35,12.0,12.05,19760
2026-02-06 09:52:00,09:52:00,12.1,12.35,12.05,12.1,41405
2026-02-06 09:53:00,09:53:00,12.05,12.3,11.95,11.95,34580
2026-02-06 09:54:00,09:54:00,12.0,12.25,11.95,12.1,31785
2026-02-06 09:55:00,09:55:00,12.15,12.45,12.1,12.3,35490
2026-02-06 09:56:00,09:56:00,12.3,12.3,12.1,12.15,57460
2026-02-06 09:57:00,09:57:00,12.3,12.35,11.95,12.15,30290
2026-02-06 09:58:00,09:58:00,12.15,12.15,11.8,12.05,35295
2026-02-06 09:59:00,09:59:00,12.05,12.05,11.45,11.45,49530
2026-02-06 10:00:00,10:00:00,11.45,11.8,11.25,11.6,51675
2026-02-06 10:01:00,10:01:00,11.65,11.9,11.6,11.9,72020
2026-02-06 10:02:00,10:02:00,11.9,12.55,11.7,12.1,98735
2026-02-06 10:03:00,10:03:00,10.55,10.8,10.35,10.55,538070
2026-02-06 10:04:00,10:04:00,12.05,12.2,11.35,11.65,154440
2026-02-06 10:05:00,10:05:00,11.65,11.7,11.3,11.4,85150
2026-02-06 10:06:00,10:06:00,11.55,12.1,11.4,12.1,79625
2026-02-06 10:07:00,10:07:00,12.15,12.5,12.1,12.15,53755
2026-02-06 10:08:00,10:08:00,12.1,12.3,11.95,12.0,50115
2026-02-06 10:09:00,10:09:00,12.05,12.2,11.85,12.0,44005
2026-02-06 10:10:00,10:10:00,10.55,10.9,10.45,10.8,163085
2026-02-06 10:11:00,10:11:00,10.8,11.8,10.75,11.3,719940
2026-02-06 10:12:00,10:12:00,11.4,12.0,11.15,11.15,659165
2026-02-06 10:13:00,10:13:00,11.3,11.5,11.1,11.35,306150
2026-02-06 10:14:00,10:14:00,11.35,11.7,11.3,11.4,186745
2026-02-06 10:15:00,10:15:00,11.35,11.5,11.05,11.3,270335
2026-02-06 10:16:00,10:16:00,11.3,11.6,11.25,11.25,199745
2026-02-06 10:17:00,10:17:00,12.85,12.9,11.95,12.0,109525
2026-02-06 10:18:00,10:18:00,12.05,12.1,11.5,11.55,121680
2026-02-06 10:19:00,10:19:00,11.45,11.75,11.45,11.65,52975
2026-02-06 10:20:00,10:20:00,11.65,11.65,11.35,11.65,68315
2026-02-06 10:21:00,10:21:00,11.65,11.8,11.4,11.55,111085
2026-02-06 10:22:00,10:22:00,11.55,11.6,11.05,11.1,55445
2026-02-06 10:23:00,10:23:00,11.1,11.2,10.9,11.1,114400
2026-02-06 10:24:00,10:24:00,11.15,11.4,11.0,11.3,35035
2026-02-06 10:25:00,10:25:00,11.3,11.75,11.3,11.7,36270
2026-02-06 10:26:00,10:26:00,11.7,11.75,11.25,11.3,41665
2026-02-06 10:27:00,10:27:00,11.35,11.6,11.3,11.4,73775
2026-02-06 10:28:00,10:28:00,10.15,10.5,10.15,10.25,171015
2026-02-06 10:29:00,10:29:00,10.3,11.2,10.25,11.15,354510
2026-02-06 10:30:00,10:30:00,11.1,12.0,11.0,11.0,857480
2026-02-06 10:31:00,10:31:00,11.15,11.8,11.0,11.5,374205
2026-02-06 10:32:00,10:32:00,11.4,11.5,11.05,11.45,247390
2026-02-06 10:33:00,10:33:00,11.4,12.0,11.4,12.0,202280
2026-02-06 10:34:00,10:34:00,12.1,12.5,11.9,12.0,543725
2026-02-06 10:35:00,10:35:00,12.0,12.15,11.45,11.45,252655
2026-02-06 10:36:00,10:36:00,11.55,11.8,11.1,11.15,334945
2026-02-06 10:37:00,10:37:00,11.2,12.2,11.15,12.2,247000
2026-02-06 10:38:00,10:38:00,12.05,12.2,11.3,11.45,301925
2026-02-06 10:39:00,10:39:00,11.4,11.5,11.1,11.15,167895
2026-02-06 10:40:00,10:40:00,11.25,11.65,11.15,11.55,134485
2026-02-06 10:41:00,10:41:00,11.55,12.05,11.55,11.9,202410
2026-02-06 10:42:00,10:42:00,11.85,12.0,11.6,11.8,213850
2026-02-06 10:43:00,10:43:00,11.8,12.0,11.65,12.0,247065
2026-02-06 10:44:00,10:44:00,11.95,12.15,11.7,11.85,220545
2026-02-06 10:45:00,10:45:00,11.95,12.3,11.85,11.9,333060
2026-02-06 10:46:00,10:46:00,11.85,12.0,11.45,11.55,286520
2026-02-06 10:47:00,10:47:00,11.6,11.7,11.4,11.5,458705
2026-02-06 10:48:00,10:48:00,11.6,12.05,11.5,11.75,247520
2026-02-06 10:49:00,10:49:00,11.75,11.8,11.35,11.6,219375
2026-02-06 10:50:00,10:50:00,11.7,11.9,11.5,11.7,165945
2026-02-06 10:51:00,10:51:00,11.8,11.9,11.6,11.6,199290
2026-02-06 10:52:00,10:52:00,11.55,12.0,11.45,11.5,267020
2026-02-06 10:53:00,10:53:00,11.6,11.6,11.15,11.5,263445
2026-02-06 10:54:00,10:54:00,11.45,11.7,11.4,11.6,114465
2026-02-06 10:55:00,10:55:00,11.6,11.95,11.6,11.6,195845
2026-02-06 10:56:00,10:56:00,11.6,11.7,11.25,11.35,242190
2026-02-06 10:57:00,10:57:00,11.35,11.5,11.0,11.05,253695
2026-02-06 10:58:00,10:58:00,11.0,11.1,10.85,10.95,197405
2026-02-06 10:59:00,10:59:00,11.0,11.05,10.7,10.8,257595
2026-02-06 11:00:00,11:00:00,12.35,12.4,11.9,12.0,70460
2026-02-06 11:01:00,11:01:00,11.95,12.1,11.75,11.8,41015
2026-02-06 11:02:00,11:02:00,11.75,11.8,11.5,11.8,82095
2026-02-06 11:03:00,11:03:00,11.75,12.0,11.7,11.95,53300
2026-02-06 11:04:00,11:04:00,11.8,11.95,11.55,11.7,46475
2026-02-06 11:05:00,11:05:00,11.65,11.8,11.45,11.6,52325
2026-02-06 11:06:00,11:06:00,11.8,11.8,11.5,11.7,36530
2026-02-06 11:07:00,11:07:00,11.7,11.85,11.6,11.7,86580
2026-02-06 11:08:00,11:08:00,11.7,11.9,11.65,11.7,27690
2026-02-06 11:09:00,11:09:00,11.7,12.05,11.7,11.85,54405
2026-02-06 11:10:00,11:10:00,11.85,12.0,11.45,11.45,65325
2026-02-06 11:11:00,11:11:00,11.6,11.85,11.45,11.8,81445
2026-02-06 11:12:00,11:12:00,11.7,12.0,11.6,11.9,58825
2026-02-06 11:13:00,11:13:00,11.9,12.0,11.75,11.75,52065
2026-02-06 11:14:00,11:14:00,13.7,13.9,13.3,13.3,170885
2026-02-06 11:15:00,11:15:00,11.5,11.65,11.4,11.65,85670
2026-02-06 11:16:00,11:16:00,11.65,11.75,11.5,11.7,63570
2026-02-06 11:17:00,11:17:00,13.5,13.5,13.0,13.05,246935
2026-02-06 11:18:00,11:18:00,11.2,11.55,11.15,11.45,78325
2026-02-06 11:19:00,11:19:00,13.2,13.4,13.05,13.25,99190
2026-02-06 11:20:00,11:20:00,13.35,13.4,12.7,12.8,231920
2026-02-06 11:21:00,11:21:00,12.75,12.8,12.15,12.5,377975
2026-02-06 11:22:00,11:22:00,12.5,12.65,12.2,12.4,217230
2026-02-06 11:23:00,11:23:00,12.4,12.8,12.2,12.6,348465
2026-02-06 11:24:00,11:24:00,12.55,12.65,12.3,12.4,114400
2026-02-06 11:25:00,11:25:00,12.5,12.5,12.15,12.4,116545
2026-02-06 11:26:00,11:26:00,12.35,12.55,12.3,12.5,95290
2026-02-06 11:27:00,11:27:00,12.4,12.7,12.4,12.6,84110
2026-02-06 11:28:00,11:28:00,12.65,12.7,12.5,12.6,53170
2026-02-06 11:29:00,11:29:00,12.6,12.75,12.45,12.55,63115
2026-02-06 11:30:00,11:30:00,12.55,12.8,12.45,12.7,68835
2026-02-06 11:31:00,11:31:00,12.7,12.75,12.6,12.6,64870
2026-02-06 11:32:00,11:32:00,12.6,12.75,12.5,12.7,54600
2026-02-06 11:33:00,11:33:00,12.7,12.75,12.4,12.5,61490
2026-02-06 11:34:00,11:34:00,12.5,12.55,11.75,11.95,310830
2026-02-06 11:35:00,11:35:00,12.0,12.45,11.95,12.3,894530
2026-02-06 11:36:00,11:36:00,12.25,12.4,12.2,12.35,172640
2026-02-06 11:37:00,11:37:00,12.4,12.4,12.1,12.3,122850
2026-02-06 11:38:00,11:38:00,13.95,14.05,13.8,13.9,104715
2026-02-06 11:39:00,11:39:00,13.9,14.2,13.7,14.1,184730
2026-02-06 11:40:00,11:40:00,14.15,14.15,13.9,13.9,109785
2026-02-06 11:41:00,11:41:00,13.95,14.0,13.7,13.9,113035
2026-02-06 11:42:00,11:42:00,13.95,14.1,13.8,14.0,55770
2026-02-06 11:43:00,11:43:00,14.05,14.15,14.0,14.15,60060
2026-02-06 11:44:00,11:44:00,12.55,12.7,12.5,12.5,91780
2026-02-06 11:45:00,11:45:00,12.5,12.9,12.5,12.9,182650
2026-02-06 11:46:00,11:46:00,14.6,14.65,14.2,14.25,270595
2026-02-06 11:47:00,11:47:00,14.2,14.4,14.05,14.3,39390
2026-02-06 11:48:00,11:48:00,14.35,14.6,14.3,14.5,22360
2026-02-06 11:49:00,11:49:00,14.45,14.55,14.25,14.4,141960
2026-02-06 11:50:00,11:50:00,14.5,14.55,14.3,14.3,227110
2026-02-06 11:51:00,11:51:00,14.3,14.6,14.3,14.6,31265
2026-02-06 11:52:00,11:52:00,14.55,14.65,14.5,14.55,48880
2026-02-06 11:53:00,11:53:00,14.65,14.9,14.55,14.7,61685
2026-02-06 11:54:00,11:54:00,14.6,14.85,14.6,14.85,27235
2026-02-06 11:55:00,11:55:00,14.75,14.85,14.45,14.65,52780
2026-02-06 11:56:00,11:56:00,12.9,13.05,12.75,13.05,55510
2026-02-06 11:57:00,11:57:00,13.0,13.2,12.85,12.9,107640
2026-02-06 11:58:00,11:58:00,14.6,14.85,14.55,14.6,38285
2026-02-06 11:59:00,11:59:00,14.7,14.7,14.35,14.4,40950
2026-02-06 12:00:00,12:00:00,14.3,14.4,14.0,14.0,133510
2026-02-06 12:01:00,12:01:00,14.0,14.1,13.8,14.0,124540
2026-02-06 12:02:00,12:02:00,14.0,14.3,14.0,14.15,44330
2026-02-06 12:03:00,12:03:00,14.2,14.45,14.15,14.4,43615
2026-02-06 12:04:00,12:04:00,12.65,13.0,12.65,12.95,63960
2026-02-06 12:05:00,12:05:00,13.05,13.15,12.85,13.1,112450
2026-02-06 12:06:00,12:06:00,13.1,13.25,12.85,12.85,111150
2026-02-06 12:07:00,12:07:00,12.85,12.9,12.65,12.7,104715
2026-02-06 12:08:00,12:08:00,12.7,12.85,12.7,12.75,81705
2026-02-06 12:09:00,12:09:00,12.8,13.05,12.75,13.05,71305
2026-02-06 12:10:00,12:10:00,13.0,13.15,12.8,12.8,134160
2026-02-06 12:11:00,12:11:00,12.8,12.9,12.7,12.7,60320
2026-02-06 12:12:00,12:12:00,12.75,12.8,12.65,12.75,57785
2026-02-06 12:13:00,12:13:00,12.65,12.75,12.4,12.4,114725
2026-02-06 12:14:00,12:14:00,12.4,12.5,12.1,12.15,173420
2026-02-06 12:15:00,12:15:00,12.15,12.6,12.05,12.55,314795
2026-02-06 12:16:00,12:16:00,12.6,12.65,12.35,12.45,213850
2026-02-06 12:17:00,12:17:00,12.45,12.6,12.25,12.55,242060
2026-02-06 12:18:00,12:18:00,12.6,12.6,12.1,12.15,134485
2026-02-06 12:19:00,12:19:00,12.1,12.2,11.95,12.2,112515
2026-02-06 12:20:00,12:20:00,12.15,12.4,12.15,12.4,31200
2026-02-06 12:21:00,12:21:00,12.45,12.7,12.4,12.5,179400
2026-02-06 12:22:00,12:22:00,12.5,12.75,12.45,12.7,60580
2026-02-06 12:23:00,12:23:00,12.6,12.75,12.45,12.7,54925
2026-02-06 12:24:00,12:24:00,11.2,11.25,11.0,11.2,33865
2026-02-06 12:25:00,12:25:00,11.25,11.35,11.1,11.35,37570
2026-02-06 12:26:00,12:26:00,11.35,11.35,11.2,11.3,41080
2026-02-06 12:27:00,12:27:00,11.15,11.3,10.95,11.1,110370
2026-02-06 12:28:00,12:28:00,11.05,11.1,10.85,10.95,53300
2026-02-06 12:29:00,12:29:00,10.9,10.95,10.7,10.8,36400
2026-02-06 12:30:00,12:30:00,10.85,11.15,10.8,11.1,41340
2026-02-06 12:31:00,12:31:00,11.15,11.4,11.0,11.2,75010
2026-02-06 12:32:00,12:32:00,11.35,11.35,11.15,11.25,35295
2026-02-06 12:33:00,12:33:00,11.15,11.9,11.15,11.55,93535
2026-02-06 12:34:00,12:34:00,11.55,11.95,11.55,11.6,99905
2026-02-06 12:35:00,12:35:00,11.45,11.7,11.45,11.55,62855
2026-02-06 12:36:00,12:36:00,11.6,11.6,11.25,11.3,75400
2026-02-06 12:37:00,12:37:00,11.35,11.45,11.25,11.4,55705
2026-02-06 12:38:00,12:38:00,11.45,11.7,11.35,11.55,40885
2026-02-06 12:39:00,12:39:00,11.7,11.7,11.45,11.6,32630
2026-02-06 12:40:00,12:40:00,11.55,11.6,11.25,11.3,49010
2026-02-06 12:41:00,12:41:00,11.35,11.65,11.3,11.45,93925
2026-02-06 12:42:00,12:42:00,11.5,11.65,11.45,11.55,207545
2026-02-06 12:43:00,12:43:00,11.6,11.65,11.35,11.45,71370
2026-02-06 12:44:00,12:44:00,11.45,11.55,11.3,11.4,36725
2026-02-06 12:45:00,12:45:00,11.4,11.55,11.15,11.2,56095
2026-02-06 12:46:00,12:46:00,11.2,11.25,10.95,10.95,74165
2026-02-06 12:47:00,12:47:00,10.95,10.95,10.7,10.75,104975
2026-02-06 12:48:00,12:48:00,10.8,11.15,10.75,11.15,43745
2026-02-06 12:49:00,12:49:00,11.1,11.5,11.1,11.4,40495
2026-02-06 12:50:00,12:50:00,11.4,11.5,11.15,11.3,32240
2026-02-06 12:51:00,12:51:00,11.4,11.4,11.25,11.3,20020
2026-02-06 12:52:00,12:52:00,11.25,11.55,11.2,11.3,35945
2026-02-06 12:53:00,12:53:00,11.3,11.4,11.3,11.3,15145
2026-02-06 12:54:00,12:54:00,11.3,11.45,11.25,11.4,19565
2026-02-06 12:55:00,12:55:00,11.55,11.55,11.05,11.1,39325
2026-02-06 12:56:00,12:56:00,11.1,11.3,11.1,11.1,24440
2026-02-06 12:57:00,12:57:00,11.1,11.15,10.85,10.85,15860
2026-02-06 12:58:00,12:58:00,10.9,10.95,10.6,10.6,71760
2026-02-06 12:59:00,12:59:00,10.65,10.7,10.55,10.6,28990
2026-02-06 13:00:00,13:00:00,10.65,10.85,10.55,10.75,31655
2026-02-06 13:01:00,13:01:00,10.85,10.95,10.75,10.8,53170
2026-02-06 13:02:00,13:02:00,10.9,10.9,10.7,10.75,31265
2026-02-06 13:03:00,13:03:00,10.85,10.85,10.5,10.5,36985
2026-02-06 13:04:00,13:04:00,10.55,10.7,10.45,10.45,51805
2026-02-06 13:05:00,13:05:00,10.45,10.5,10.2,10.2,56420
2026-02-06 13:06:00,13:06:00,10.15,10.4,10.1,10.2,28405
2026-02-06 13:07:00,13:07:00,10.3,10.4,10.15,10.15,91650
2026-02-06 13:08:00,13:08:00,10.2,10.35,10.1,10.3,15535
2026-02-06 13:09:00,13:09:00,10.3,10.4,10.15,10.15,28795
2026-02-06 13:10:00,13:10:00,10.15,10.15,10.0,10.0,39845
2026-02-06 13:11:00,13:11:00,10.0,10.2,10.0,10.1,16250
2026-02-06 13:12:00,13:12:00,10.2,10.3,10.0,10.1,12545
2026-02-06 13:13:00,13:13:00,10.05,10.3,10.05,10.2,37050
2026-02-06 13:14:00,13:14:00,10.15,10.2,10.0,10.0,36140
2026-02-06 13:15:00,13:15:00,10.1,10.1,9.8,9.9,35555
2026-02-06 13:16:00,13:16:00,9.85,10.0,9.8,10.0,22490
2026-02-06 13:17:00,13:17:00,10.05,10.1,9.8,10.0,21645
2026-02-06 13:18:00,13:18:00,10.05,10.05,9.85,9.95,11765
2026-02-06 13:19:00,13:19:00,10.0,10.0,9.8,9.8,20410
2026-02-06 13:20:00,13:20:00,9.9,10.0,9.8,10.0,16185
2026-02-06 13:21:00,13:21:00,9.95,10.05,9.8,9.8,25285
2026-02-06 13:22:00,13:22:00,9.85,10.0,9.8,9.95,9165
2026-02-06 13:23:00,13:23:00,9.9,9.95,9.75,9.75,22815
2026-02-06 13:24:00,13:24:00,9.75,10.0,9.7,9.95,37245
2026-02-06 13:25:00,13:25:00,9.95,9.95,9.8,9.85,12350
2026-02-06 13:26:00,13:26:00,9.85,9.95,9.75,9.85,31395
2026-02-06 13:27:00,13:27:00,9.85,10.0,9.75,9.95,18785
2026-02-06 13:28:00,13:28:00,9.85,9.95,9.8,9.95,10205
2026-02-06 13:29:00,13:29:00,10.0,10.05,9.85,9.9,80080
2026-02-06 13:30:00,13:30:00,9.85,10.05,9.7,9.95,18395
2026-02-06 13:31:00,13:31:00,9.9,10.1,9.85,10.1,11180
2026-02-06 13:32:00,13:32:00,10.1,10.3,10.1,10.3,71695
2026-02-06 13:33:00,13:33:00,10.35,10.6,10.2,10.25,38675
2026-02-06 13:34:00,13:34:00,10.2,10.3,10.1,10.15,35230
2026-02-06 13:35:00,13:35:00,10.15,10.2,9.95,10.15,27950
2026-02-06 13:36:00,13:36:00,11.65,11.7,11.2,11.35,84695
2026-02-06 13:37:00,13:37:00,11.35,11.4,11.2,11.25,40755
2026-02-06 13:38:00,13:38:00,11.25,11.25,11.0,11.2,145340
2026-02-06 13:39:00,13:39:00,11.2,11.35,11.15,11.2,70200
2026-02-06 13:40:00,13:40:00,11.15,11.2,11.0,11.05,184080
2026-02-06 13:41:00,13:41:00,11.1,11.25,11.05,11.15,57330
2026-02-06 13:42:00,13:42:00,11.15,11.35,11.05,11.3,99970
2026-02-06 13:43:00,13:43:00,11.35,11.35,11.15,11.3,52390
2026-02-06 13:44:00,13:44:00,11.25,11.3,11.0,11.05,93730
2026-02-06 13:45:00,13:45:00,11.05,11.15,10.9,11.05,31200
2026-02-06 13:46:00,13:46:00,11.0,11.15,11.0,11.15,38350
2026-02-06 13:47:00,13:47:00,9.8,9.9,9.75,9.8,9750
2026-02-06 13:48:00,13:48:00,11.15,11.15,10.9,10.9,32955
2026-02-06 13:49:00,13:49:00,10.9,10.95,10.7,10.85,81055
2026-02-06 13:50:00,13:50:00,10.9,10.95,10.8,10.85,105170
2026-02-06 13:51:00,13:51:00,10.85,10.9,10.7,10.75,76830
2026-02-06 13:52:00,13:52:00,10.8,10.85,10.5,10.55,212680
2026-02-06 13:53:00,13:53:00,10.5,10.75,10.5,10.75,186940
2026-02-06 13:54:00,13:54:00,10.75,10.8,10.65,10.8,224640
2026-02-06 13:55:00,13:55:00,10.75,10.8,10.6,10.65,147095
2026-02-06 13:56:00,13:56:00,10.65,10.8,10.65,10.75,81315
2026-02-06 13:57:00,13:57:00,10.8,10.85,10.7,10.8,104130
2026-02-06 13:58:00,13:58:00,10.8,10.9,10.75,10.85,120250
2026-02-06 13:59:00,13:59:00,10.85,10.85,10.65,10.7,77155
2026-02-06 14:00:00,14:00:00,10.7,10.75,10.6,10.65,93730
2026-02-06 14:01:00,14:01:00,11.95,12.0,11.75,11.9,62660
2026-02-06 14:02:00,14:02:00,11.9,12.0,11.85,11.9,76505
2026-02-06 14:03:00,14:03:00,10.65,10.8,10.6,10.75,68835
2026-02-06 14:04:00,14:04:00,10.75,10.85,10.65,10.85,128700
2026-02-06 14:05:00,14:05:00,10.8,10.85,10.7,10.75,46475
2026-02-06 14:06:00,14:06:00,10.8,10.9,10.7,10.9,42445
2026-02-06 14:07:00,14:07:00,12.25,12.3,12.1,12.1,65910
2026-02-06 14:08:00,14:08:00,12.05,12.2,12.05,12.1,12220
2026-02-06 14:09:00,14:09:00,12.15,12.4,12.1,12.4,26325
2026-02-06 14:10:00,14:10:00,11.05,11.15,11.05,11.15,55445
2026-02-06 14:11:00,14:11:00,11.15,11.3,11.1,11.25,49205
2026-02-06 14:12:00,14:12:00,11.3,11.3,11.15,11.2,118170
2026-02-06 14:13:00,14:13:00,11.2,11.35,11.15,11.35,74490
2026-02-06 14:14:00,14:14:00,11.4,11.45,11.3,11.45,69680
2026-02-06 14:15:00,14:15:00,11.45,11.6,11.3,11.3,54015
2026-02-06 14:16:00,14:16:00,11.35,11.45,11.3,11.35,109655
2026-02-06 14:17:00,14:17:00,11.35,11.5,11.3,11.35,82810
2026-02-06 14:18:00,14:18:00,11.35,11.4,11.25,11.3,44135
2026-02-06 14:19:00,14:19:00,11.2,11.3,11.1,11.25,31265
2026-02-06 14:20:00,14:20:00,12.6,12.65,12.45,12.45,43875
2026-02-06 14:21:00,14:21:00,12.55,12.55,12.4,12.5,30030
2026-02-06 14:22:00,14:22:00,11.15,11.35,11.1,11.35,62725
2026-02-06 14:23:00,14:23:00,11.35,11.45,11.25,11.3,58435
2026-02-06 14:24:00,14:24:00,11.3,11.6,11.25,11.6,57980
2026-02-06 14:25:00,14:25:00,11.55,11.6,11.3,11.35,60970
2026-02-06 14:26:00,14:26:00,11.3,11.45,11.2,11.4,19305
2026-02-06 14:27:00,14:27:00,11.4,11.55,11.4,11.4,20800
2026-02-06 14:28:00,14:28:00,11.4,11.45,11.35,11.45,39065
2026-02-06 14:29:00,14:29:00,11.45,11.45,11.3,11.4,51155
2026-02-06 14:30:00,14:30:00,11.45,11.55,11.35,11.4,51740
2026-02-06 14:31:00,14:31:00,11.5,11.5,11.15,11.25,72085
2026-02-06 14:32:00,14:32:00,11.25,11.4,11.2,11.3,28990
2026-02-06 14:33:00,14:33:00,11.3,11.45,11.2,11.25,36920
2026-02-06 14:34:00,14:34:00,11.25,11.3,11.1,11.2,27170
2026-02-06 14:35:00,14:35:00,11.15,11.3,11.15,11.3,26455
2026-02-06 14:36:00,14:36:00,12.65,12.65,12.5,12.6,9555
2026-02-06 14:37:00,14:37:00,12.6,12.7,12.45,12.6,7410
2026-02-06 14:38:00,14:38:00,12.55,12.6,12.45,12.5,91975
2026-02-06 14:39:00,14:39:00,12.5,12.6,12.4,12.45,163540
2026-02-06 14:40:00,14:40:00,12.5,12.5,12.3,12.3,54145
2026-02-06 14:41:00,14:41:00,12.25,12.3,12.15,12.25,80405
2026-02-06 14:42:00,14:42:00,12.2,12.3,12.15,12.25,42185
2026-02-06 14:43:00,14:43:00,12.2,12.5,12.2,12.45,136110
2026-02-06 14:44:00,14:44:00,12.45,12.5,12.35,12.45,187395
2026-02-06 14:45:00,14:45:00,12.55,12.65,12.25,12.5,113555
2026-02-06 14:46:00,14:46:00,12.4,12.65,12.35,12.6,99255
2026-02-06 14:47:00,14:47:00,12.6,12.8,12.6,12.8,26780
2026-02-06 14:48:00,14:48:00,12.75,13.05,12.65,13.0,55120
2026-02-06 14:49:00,14:49:00,13.0,13.05,12.8,13.0,26000
2026-02-06 14:50:00,14:50:00,12.95,13.0,12.8,12.9,44005
2026-02-06 14:51:00,14:51:00,12.9,13.0,12.8,12.9,48035
2026-02-06 14:52:00,14:52:00,12.95,13.15,12.9,13.15,51350
2026-02-06 14:53:00,14:53:00,13.15,13.15,12.95,12.95,29055
2026-02-06 14:54:00,14:54:00,13.05,13.05,12.9,13.0,49660
2026-02-06 14:55:00,14:55:00,13.05,13.1,12.85,12.85,57265
2026-02-06 14:56:00,14:56:00,12.9,13.05,12.8,12.85,46735
2026-02-06 14:57:00,14:57:00,12.65,13.0,12.65,12.85,94185
2026-02-06 14:58:00,14:58:00,12.75,13.0,12.6,12.95,55315
2026-02-06 14:59:00,14:59:00,13.0,13.05,12.7,12.8,71760
2026-02-06 15:00:00,15:00:00,14.0,14.15,13.7,13.7,464815
2026-02-06 15:01:00,15:01:00,13.8,14.15,13.7,13.8,188175
2026-02-06 15:02:00,15:02:00,13.85,14.0,13.65,13.9,351650
2026-02-06 15:03:00,15:03:00,13.8,14.15,13.8,14.0,260260
2026-02-06 15:04:00,15:04:00,14.05,14.05,13.8,14.0,96330
2026-02-06 15:05:00,15:05:00,14.05,14.1,13.65,13.7,135005
2026-02-06 15:06:00,15:06:00,13.85,14.15,13.7,14.15,122850
2026-02-06 15:07:00,15:07:00,14.1,14.3,13.85,14.0,182195
2026-02-06 15:08:00,15:08:00,14.05,14.45,14.0,14.35,168350
2026-02-06 15:09:00,15:09:00,14.5,14.5,14.3,14.5,113035
2026-02-06 15:10:00,15:10:00,14.45,14.65,14.45,14.65,168610
2026-02-06 15:11:00,15:11:00,14.65,14.9,14.6,14.75,150735
2026-02-06 15:12:00,15:12:00,14.8,14.85,14.6,14.7,171535
2026-02-06 15:13:00,15:13:00,14.8,14.85,14.45,14.65,184795
2026-02-06 15:14:00,15:14:00,14.75,14.95,14.65,14.85,245960
2026-02-06 15:15:00,15:15:00,15.05,15.25,14.85,15.1,405600
2026-02-06 15:16:00,15:16:00,15.05,15.25,14.95,15.15,317460
2026-02-06 15:17:00,15:17:00,15.25,15.45,15.05,15.05,258245
2026-02-06 15:18:00,15:18:00,15.15,15.3,15.05,15.25,300235
2026-02-06 15:19:00,15:19:00,15.3,15.8,15.25,15.8,353340
2026-02-06 15:20:00,15:20:00,16.0,16.8,15.8,16.4,433550
2026-02-06 15:21:00,15:21:00,16.55,17.2,16.4,17.05,453895
2026-02-06 15:22:00,15:22:00,17.25,17.35,15.95,16.0,449800
2026-02-06 15:23:00,15:23:00,16.15,16.7,16.0,16.45,310310
2026-02-06 15:24:00,15:24:00,16.5,16.7,16.4,16.6,355615
2026-02-06 15:25:00,15:25:00,16.95,17.6,16.6,17.35,590460
2026-02-06 15:26:00,15:26:00,17.5,17.8,17.2,17.5,338520
2026-02-06 15:27:00,15:27:00,17.5,17.85,17.45,17.7,390130
2026-02-06 15:28:00,15:28:00,17.75,17.9,17.15,17.6,396175
2026-02-06 15:29:00,15:29:00,15.95,16.1,14.8,14.9,158470
2026-02-09 09:15:00,09:15:00,18.2,18.2,7.25,7.6,1708720
2026-02-09 09:16:00,09:16:00,7.55,8.45,7.4,8.1,1403220
2026-02-09 09:17:00,09:17:00,7.25,7.3,6.9,7.0,1254370
2026-02-09 09:18:00,09:18:00,7.1,7.2,6.95,7.15,750945
2026-02-09 09:19:00,09:19:00,7.35,7.35,6.95,7.15,768560
2026-02-09 09:20:00,09:20:00,7.25,7.4,7.0,7.25,759655
2026-02-09 09:21:00,09:21:00,7.3,7.45,6.95,7.1,774345
2026-02-09 09:22:00,09:22:00,7.1,7.4,7.05,7.25,527735
2026-02-09 09:23:00,09:23:00,7.25,7.4,7.15,7.2,578435
2026-02-09 09:24:00,09:24:00,7.15,7.2,6.95,7.0,475670
2026-02-09 09:25:00,09:25:00,7.05,7.1,6.8,6.95,460525
2026-02-09 09:26:00,09:26:00,6.9,7.0,6.8,6.95,407745
2026-02-09 09:27:00,09:27:00,6.85,7.0,6.75,6.75,517595
2026-02-09 09:28:00,09:28:00,6.8,6.95,6.55,6.55,427635
2026-02-09 09:29:00,09:29:00,6.55,6.75,6.45,6.55,456040
2026-02-09 09:30:00,09:30:00,7.45,7.55,7.35,7.45,282165
2026-02-09 09:31:00,09:31:00,6.6,6.85,6.55,6.8,266565
2026-02-09 09:32:00,09:32:00,6.8,6.85,6.7,6.8,215930
2026-02-09 09:33:00,09:33:00,6.95,7.2,6.8,7.15,385320
2026-02-09 09:34:00,09:34:00,7.2,7.45,7.1,7.1,430170
2026-02-09 09:35:00,09:35:00,7.1,7.25,7.05,7.15,125255
2026-02-09 09:36:00,09:36:00,7.2,7.25,7.0,7.25,170625
2026-02-09 09:37:00,09:37:00,7.2,7.4,7.1,7.15,231790
2026-02-09 09:38:00,09:38:00,7.2,7.35,7.1,7.3,288015
2026-02-09 09:39:00,09:39:00,7.25,7.55,7.05,7.45,346710
2026-02-09 09:40:00,09:40:00,7.45,7.45,7.15,7.15,343265
2026-02-09 09:41:00,09:41:00,7.15,7.4,7.05,7.1,328055
2026-02-09 09:42:00,09:42:00,7.05,7.2,6.9,7.0,219635
2026-02-09 09:43:00,09:43:00,7.05,7.25,7.0,7.1,135460
2026-02-09 09:44:00,09:44:00,7.1,7.3,7.0,7.05,162240
2026-02-09 09:45:00,09:45:00,7.1,7.2,7.0,7.05,192790
2026-02-09 09:46:00,09:46:00,7.05,7.15,6.9,7.0,196625
2026-02-09 09:47:00,09:47:00,7.0,7.1,6.85,6.85,210990
2026-02-09 09:48:00,09:48:00,6.9,7.0,6.75,6.85,295100
2026-02-09 09:49:00,09:49:00,6.85,7.15,6.8,6.95,148850
2026-02-09 09:50:00,09:50:00,6.95,7.0,6.75,7.0,175630
2026-02-09 09:51:00,09:51:00,7.0,7.25,6.9,7.15,159575
2026-02-09 09:52:00,09:52:00,7.05,7.15,6.9,6.95,163865
2026-02-09 09:53:00,09:53:00,7.0,7.0,6.75,6.8,119210
2026-02-09 09:54:00,09:54:00,6.8,7.0,6.75,6.85,93340
2026-02-09 09:55:00,09:55:00,6.85,6.95,6.85,6.9,121940
2026-02-09 09:56:00,09:56:00,6.95,7.1,6.9,6.95,109005
2026-02-09 09:57:00,09:57:00,6.95,6.95,6.75,6.8,173420
2026-02-09 09:58:00,09:58:00,6.75,6.95,6.75,6.9,126750
2026-02-09 09:59:00,09:59:00,6.85,6.9,6.75,6.8,178750
2026-02-09 10:00:00,10:00:00,6.8,6.9,6.75,6.75,216255
2026-02-09 10:01:00,10:01:00,6.8,6.95,6.7,6.85,259610
2026-02-09 10:02:00,10:02:00,6.9,6.95,6.85,6.85,116220
2026-02-09 10:03:00,10:03:00,6.9,7.05,6.85,7.05,111085
2026-02-09 10:04:00,10:04:00,7.0,7.1,7.0,7.05,141960
2026-02-09 10:05:00,10:05:00,7.75,7.85,7.65,7.75,93795
2026-02-09 10:06:00,10:06:00,7.05,7.25,7.0,7.15,159250
2026-02-09 10:07:00,10:07:00,7.2,7.25,7.15,7.2,144950
2026-02-09 10:08:00,10:08:00,7.2,7.35,7.15,7.35,206245
2026-02-09 10:09:00,10:09:00,7.3,7.5,7.25,7.25,141310
2026-02-09 10:10:00,10:10:00,7.25,7.4,7.2,7.2,177385
2026-02-09 10:11:00,10:11:00,7.25,7.25,7.05,7.15,116285
2026-02-09 10:12:00,10:12:00,7.2,7.35,7.15,7.25,125125
2026-02-09 10:13:00,10:13:00,7.2,7.25,7.1,7.2,75660
2026-02-09 10:14:00,10:14:00,7.25,7.25,7.05,7.05,100685
2026-02-09 10:15:00,10:15:00,7.1,7.25,7.05,7.1,79625
2026-02-09 10:16:00,10:16:00,7.05,7.15,6.9,6.95,120900
2026-02-09 10:17:00,10:17:00,7.0,7.0,6.85,6.9,93860
2026-02-09 10:18:00,10:18:00,6.9,6.95,6.75,6.75,160030
2026-02-09 10:19:00,10:19:00,6.8,6.8,6.7,6.75,81835
2026-02-09 10:20:00,10:20:00,6.75,6.8,6.7,6.75,88465
2026-02-09 10:21:00,10:21:00,7.55,7.55,7.35,7.4,100685
2026-02-09 10:22:00,10:22:00,6.75,6.8,6.7,6.8,53430
2026-02-09 10:23:00,10:23:00,6.75,6.8,6.7,6.75,136045
2026-02-09 10:24:00,10:24:00,6.75,6.75,6.6,6.65,63895
2026-02-09 10:25:00,10:25:00,6.6,6.65,6.6,6.6,62010
2026-02-09 10:26:00,10:26:00,6.65,6.7,6.55,6.6,60450
2026-02-09 10:27:00,10:27:00,6.65,6.7,6.6,6.65,86255
2026-02-09 10:28:00,10:28:00,6.6,6.65,6.5,6.55,154895
2026-02-09 10:29:00,10:29:00,6.55,6.7,6.55,6.7,76635
2026-02-09 10:30:00,10:30:00,6.7,6.7,6.55,6.6,40105
2026-02-09 10:31:00,10:31:00,6.65,6.65,6.45,6.5,93535
2026-02-09 10:32:00,10:32:00,7.1,7.1,6.9,7.0,180440
2026-02-09 10:33:00,10:33:00,7.0,7.05,6.95,7.0,160485
2026-02-09 10:34:00,10:34:00,7.0,7.0,6.9,6.95,72930
2026-02-09 10:35:00,10:35:00,7.0,7.05,6.9,7.0,481325
2026-02-09 10:36:00,10:36:00,7.05,7.1,6.95,7.05,91650
2026-02-09 10:37:00,10:37:00,7.05,7.15,7.0,7.1,73970
2026-02-09 10:38:00,10:38:00,7.15,7.3,7.1,7.3,366470
2026-02-09 10:39:00,10:39:00,7.35,7.45,7.2,7.2,129610
2026-02-09 10:40:00,10:40:00,7.25,7.35,7.2,7.35,83655
2026-02-09 10:41:00,10:41:00,7.35,7.35,7.2,7.2,143910
2026-02-09 10:42:00,10:42:00,7.25,7.35,7.2,7.3,107120
2026-02-09 10:43:00,10:43:00,7.25,7.4,7.25,7.35,83265
2026-02-09 10:44:00,10:44:00,7.4,7.4,7.3,7.4,58500
2026-02-09 10:45:00,10:45:00,7.4,7.6,7.4,7.5,101725
2026-02-09 10:46:00,10:46:00,7.5,7.55,7.45,7.55,60385
2026-02-09 10:47:00,10:47:00,7.55,7.6,7.5,7.55,25805
2026-02-09 10:48:00,10:48:00,7.55,7.65,7.5,7.55,109005
2026-02-09 10:49:00,10:49:00,7.6,7.7,7.45,7.55,131365
2026-02-09 10:50:00,10:50:00,7.55,7.55,7.4,7.5,197990
2026-02-09 10:51:00,10:51:00,7.5,7.65,7.5,7.6,76180
2026-02-09 10:52:00,10:52:00,7.55,7.75,7.55,7.65,91585
2026-02-09 10:53:00,10:53:00,7.7,7.75,7.6,7.6,80665
2026-02-09 10:54:00,10:54:00,7.55,7.75,7.55,7.75,148915
2026-02-09 10:55:00,10:55:00,7.7,7.75,7.6,7.75,132275
2026-02-09 10:56:00,10:56:00,7.7,7.85,7.65,7.8,166335
2026-02-09 10:57:00,10:57:00,7.8,7.8,7.7,7.7,150475
2026-02-09 10:58:00,10:58:00,7.7,7.75,7.6,7.75,111605
2026-02-09 10:59:00,10:59:00,7.75,7.85,7.75,7.85,114790
2026-02-09 11:00:00,11:00:00,7.8,7.9,7.8,7.8,112710
2026-02-09 11:01:00,11:01:00,7.85,7.85,7.7,7.75,50700
2026-02-09 11:02:00,11:02:00,7.8,7.95,7.75,7.95,95680
2026-02-09 11:03:00,11:03:00,7.85,7.95,7.75,7.8,80665
2026-02-09 11:04:00,11:04:00,7.8,7.95,7.75,7.9,134810
2026-02-09 11:05:00,11:05:00,7.9,8.0,7.8,8.0,58110
2026-02-09 11:06:00,11:06:00,8.0,8.0,7.8,7.8,80795
2026-02-09 11:07:00,11:07:00,7.85,7.95,7.8,7.85,67080
2026-02-09 11:08:00,11:08:00,7.8,7.85,7.65,7.75,159055
2026-02-09 11:09:00,11:09:00,7.75,7.8,7.65,7.8,131300
2026-02-09 11:10:00,11:10:00,7.8,7.9,7.75,7.85,94770
2026-02-09 11:11:00,11:11:00,7.8,7.85,7.75,7.8,126490
2026-02-09 11:12:00,11:12:00,7.85,7.85,7.7,7.8,74880
2026-02-09 11:13:00,11:13:00,7.8,7.85,7.75,7.8,93210
2026-02-09 11:14:00,11:14:00,7.8,7.95,7.75,7.95,72735
2026-02-09 11:15:00,11:15:00,7.95,7.95,7.85,7.95,60840
2026-02-09 11:16:00,11:16:00,7.9,7.95,7.8,7.8,47710
2026-02-09 11:17:00,11:17:00,7.85,7.85,7.75,7.8,39390
2026-02-09 11:18:00,11:18:00,7.75,7.8,7.7,7.75,24375
2026-02-09 11:19:00,11:19:00,7.75,7.75,7.65,7.75,29055
2026-02-09 11:20:00,11:20:00,7.7,7.9,7.7,7.85,96590
2026-02-09 11:21:00,11:21:00,7.85,7.9,7.75,7.9,59150
2026-02-09 11:22:00,11:22:00,7.9,8.0,7.8,8.0,48880
2026-02-09 11:23:00,11:23:00,7.95,8.0,7.9,8.0,89635
2026-02-09 11:24:00,11:24:00,8.0,8.1,7.95,8.1,84045
2026-02-09 11:25:00,11:25:00,8.05,8.1,8.0,8.1,34060
2026-02-09 11:26:00,11:26:00,8.1,8.1,8.0,8.05,55835
2026-02-09 11:27:00,11:27:00,8.05,8.05,8.0,8.05,55965
2026-02-09 11:28:00,11:28:00,8.05,8.05,7.9,8.05,56290
2026-02-09 11:29:00,11:29:00,8.05,8.1,8.0,8.1,36270
2026-02-09 11:30:00,11:30:00,8.05,8.35,8.05,8.3,120705
2026-02-09 11:31:00,11:31:00,8.3,8.3,8.2,8.2,93015
2026-02-09 11:32:00,11:32:00,8.15,8.2,8.05,8.1,147225
2026-02-09 11:33:00,11:33:00,8.1,8.15,7.95,8.0,72215
2026-02-09 11:34:00,11:34:00,8.05,8.05,7.9,7.9,30940
2026-02-09 11:35:00,11:35:00,7.95,8.0,7.8,7.85,55445
2026-02-09 11:36:00,11:36:00,7.85,7.85,7.75,7.75,43160
2026-02-09 11:37:00,11:37:00,7.8,7.85,7.7,7.75,35295
2026-02-09 11:38:00,11:38:00,7.8,7.95,7.75,7.95,26780
2026-02-09 11:39:00,11:39:00,7.95,7.95,7.8,7.9,15860
2026-02-09 11:40:00,11:40:00,7.85,7.95,7.85,7.9,25805
2026-02-09 11:41:00,11:41:00,7.9,7.95,7.85,7.9,54145
2026-02-09 11:42:00,11:42:00,7.9,8.05,7.9,8.05,43095
2026-02-09 11:43:00,11:43:00,8.05,8.05,7.85,7.9,55640
2026-02-09 11:44:00,11:44:00,7.9,7.95,7.8,7.85,66365
2026-02-09 11:45:00,11:45:00,7.85,7.9,7.8,7.9,68770
2026-02-09 11:46:00,11:46:00,7.9,8.1,7.9,8.1,119730
2026-02-09 11:47:00,11:47:00,8.1,8.1,8.0,8.05,78455
2026-02-09 11:48:00,11:48:00,8.05,8.05,7.95,8.05,65195
2026-02-09 11:49:00,11:49:00,8.05,8.1,7.95,8.0,65975
2026-02-09 11:50:00,11:50:00,8.0,8.05,7.95,8.05,54990
2026-02-09 11:51:00,11:51:00,8.05,8.2,8.05,8.1,94640
2026-02-09 11:52:00,11:52:00,8.1,8.1,7.85,7.95,55445
2026-02-09 11:53:00,11:53:00,7.9,8.05,7.8,7.95,38480
2026-02-09 11:54:00,11:54:00,7.9,7.95,7.8,7.8,32695
2026-02-09 11:55:00,11:55:00,7.8,7.85,7.6,7.7,66885
2026-02-09 11:56:00,11:56:00,7.7,7.7,7.55,7.65,37505
2026-02-09 11:57:00,11:57:00,7.6,7.65,7.5,7.55,40365
2026-02-09 11:58:00,11:58:00,7.55,7.6,7.4,7.45,49400
2026-02-09 11:59:00,11:59:00,7.45,7.6,7.45,7.6,45760
2026-02-09 12:00:00,12:00:00,7.6,7.6,7.5,7.55,42510
2026-02-09 12:01:00,12:01:00,7.55,7.55,7.4,7.45,26845
2026-02-09 12:02:00,12:02:00,7.5,7.5,7.4,7.4,39585
2026-02-09 12:03:00,12:03:00,7.4,7.5,7.4,7.5,23595
2026-02-09 12:04:00,12:04:00,7.5,7.55,7.5,7.5,30160
2026-02-09 12:05:00,12:05:00,7.5,7.55,7.35,7.35,51090
2026-02-09 12:06:00,12:06:00,7.35,7.45,7.35,7.45,23920
2026-02-09 12:07:00,12:07:00,7.45,7.45,7.25,7.3,44915
2026-02-09 12:08:00,12:08:00,7.3,7.3,7.2,7.2,41080
2026-02-09 12:09:00,12:09:00,7.2,7.25,7.15,7.2,54405
2026-02-09 12:10:00,12:10:00,7.2,7.3,7.2,7.25,33670
2026-02-09 12:11:00,12:11:00,7.3,7.3,7.2,7.25,15730
2026-02-09 12:12:00,12:12:00,7.2,7.25,7.2,7.2,14950
2026-02-09 12:13:00,12:13:00,7.2,7.35,7.2,7.2,39065
2026-02-09 12:14:00,12:14:00,7.2,7.35,7.2,7.35,37895
2026-02-09 12:15:00,12:15:00,7.3,7.35,7.25,7.35,10010
2026-02-09 12:16:00,12:16:00,7.35,7.45,7.35,7.35,16120
2026-02-09 12:17:00,12:17:00,7.4,7.4,7.3,7.3,30095
2026-02-09 12:18:00,12:18:00,7.35,7.4,7.3,7.35,16835
2026-02-09 12:19:00,12:19:00,7.3,7.4,7.25,7.3,23335
2026-02-09 12:20:00,12:20:00,7.35,7.35,7.25,7.25,4940
2026-02-09 12:21:00,12:21:00,7.25,7.3,7.2,7.25,26910
2026-02-09 12:22:00,12:22:00,7.25,7.25,7.2,7.25,19175
2026-02-09 12:23:00,12:23:00,7.2,7.35,7.2,7.35,27690
2026-02-09 12:24:00,12:24:00,7.35,7.35,7.25,7.3,19240
2026-02-09 12:25:00,12:25:00,7.3,7.35,7.25,7.3,23790
2026-02-09 12:26:00,12:26:00,7.4,7.4,7.3,7.4,7605
2026-02-09 12:27:00,12:27:00,7.4,7.45,7.25,7.3,20735
2026-02-09 12:28:00,12:28:00,7.3,7.35,7.2,7.25,14820
2026-02-09 12:29:00,12:29:00,7.25,7.35,7.2,7.3,28990
2026-02-09 12:30:00,12:30:00,7.3,7.45,7.25,7.45,67665
2026-02-09 12:31:00,12:31:00,7.45,7.5,7.4,7.45,54730
2026-02-09 12:32:00,12:32:00,7.45,7.5,7.3,7.4,59475
2026-02-09 12:33:00,12:33:00,7.4,7.45,7.3,7.35,16640
2026-02-09 12:34:00,12:34:00,7.35,7.45,7.35,7.4,16380
2026-02-09 12:35:00,12:35:00,7.4,7.4,7.3,7.35,33670
2026-02-09 12:36:00,12:36:00,7.35,7.45,7.35,7.45,11050
2026-02-09 12:37:00,12:37:00,7.45,7.5,7.35,7.4,16640
2026-02-09 12:38:00,12:38:00,7.4,7.55,7.4,7.45,12285
2026-02-09 12:39:00,12:39:00,7.45,7.55,7.4,7.45,18915
2026-02-09 12:40:00,12:40:00,7.45,7.5,7.35,7.4,11505
2026-02-09 12:41:00,12:41:00,7.35,7.4,7.25,7.25,45110
2026-02-09 12:42:00,12:42:00,7.35,7.4,7.25,7.3,9360
2026-02-09 12:43:00,12:43:00,7.3,7.3,7.25,7.3,30485
2026-02-09 12:44:00,12:44:00,7.25,7.35,7.2,7.35,15470
2026-02-09 12:45:00,12:45:00,7.3,7.35,7.25,7.25,17485
2026-02-09 12:46:00,12:46:00,7.25,7.3,7.15,7.2,25675
2026-02-09 12:47:00,12:47:00,7.25,7.3,7.2,7.3,24375
2026-02-09 12:48:00,12:48:00,7.3,7.3,7.2,7.2,34645
2026-02-09 12:49:00,12:49:00,7.25,7.25,7.2,7.2,10660
2026-02-09 12:50:00,12:50:00,7.2,7.25,7.15,7.25,16835
2026-02-09 12:51:00,12:51:00,7.25,7.25,7.05,7.1,35360
2026-02-09 12:52:00,12:52:00,7.15,7.4,7.1,7.4,51610
2026-02-09 12:53:00,12:53:00,6.8,6.9,6.75,6.85,85605
2026-02-09 12:54:00,12:54:00,6.85,6.9,6.75,6.9,77610
2026-02-09 12:55:00,12:55:00,6.85,6.9,6.7,6.7,128505
2026-02-09 12:56:00,12:56:00,6.7,6.8,6.65,6.7,76310
2026-02-09 12:57:00,12:57:00,7.25,7.3,7.15,7.15,35880
2026-02-09 12:58:00,12:58:00,7.15,7.2,7.05,7.1,41600
2026-02-09 12:59:00,12:59:00,7.1,7.15,6.95,7.0,64415
2026-02-09 13:00:00,13:00:00,7.05,7.15,6.9,6.95,45500
2026-02-09 13:01:00,13:01:00,6.9,7.0,6.9,6.9,42185
2026-02-09 13:02:00,13:02:00,6.9,7.0,6.9,7.0,76570
2026-02-09 13:03:00,13:03:00,7.0,7.05,6.95,6.95,28860
2026-02-09 13:04:00,13:04:00,7.0,7.05,6.95,6.95,9360
2026-02-09 13:05:00,13:05:00,6.95,7.0,6.95,7.0,18460
2026-02-09 13:06:00,13:06:00,7.0,7.0,6.95,7.0,26845
2026-02-09 13:07:00,13:07:00,7.0,7.05,6.9,6.95,31135
2026-02-09 13:08:00,13:08:00,6.95,6.95,6.8,6.9,40105
2026-02-09 13:09:00,13:09:00,6.85,6.95,6.8,6.95,65780
2026-02-09 13:10:00,13:10:00,6.95,7.05,6.9,7.0,31720
2026-02-09 13:11:00,13:11:00,7.05,7.05,6.95,7.0,47645
2026-02-09 13:12:00,13:12:00,6.95,7.05,6.95,7.05,38220
2026-02-09 13:13:00,13:13:00,7.05,7.1,7.0,7.05,26715
2026-02-09 13:14:00,13:14:00,7.0,7.05,6.95,7.0,12870
2026-02-09 13:15:00,13:15:00,6.95,7.05,6.9,7.05,25090
2026-02-09 13:16:00,13:16:00,7.0,7.15,7.0,7.1,39195
2026-02-09 13:17:00,13:17:00,7.1,7.15,7.0,7.05,39000
2026-02-09 13:18:00,13:18:00,7.05,7.15,7.0,7.1,13520
2026-02-09 13:19:00,13:19:00,7.1,7.15,7.1,7.1,12935
2026-02-09 13:20:00,13:20:00,7.1,7.2,7.1,7.15,10725
2026-02-09 13:21:00,13:21:00,7.2,7.25,7.1,7.1,35880
2026-02-09 13:22:00,13:22:00,7.15,7.2,7.1,7.15,33410
2026-02-09 13:23:00,13:23:00,7.2,7.25,7.15,7.2,38090
2026-02-09 13:24:00,13:24:00,7.25,7.3,7.2,7.25,9295
2026-02-09 13:25:00,13:25:00,7.25,7.25,7.1,7.25,65910
2026-02-09 13:26:00,13:26:00,7.25,7.25,7.15,7.15,18135
2026-02-09 13:27:00,13:27:00,7.15,7.2,7.1,7.2,20930
2026-02-09 13:28:00,13:28:00,7.2,7.25,7.15,7.25,23140
2026-02-09 13:29:00,13:29:00,7.25,7.4,7.25,7.35,35945
2026-02-09 13:30:00,13:30:00,7.4,7.4,7.2,7.25,22685
2026-02-09 13:31:00,13:31:00,7.2,7.35,7.2,7.35,13975
2026-02-09 13:32:00,13:32:00,7.4,7.4,7.35,7.35,18720
2026-02-09 13:33:00,13:33:00,7.35,7.4,7.25,7.25,40170
2026-02-09 13:34:00,13:34:00,7.25,7.25,7.15,7.15,46345
2026-02-09 13:35:00,13:35:00,7.2,7.25,7.15,7.25,18460
2026-02-09 13:36:00,13:36:00,7.25,7.3,7.15,7.2,22295
2026-02-09 13:37:00,13:37:00,7.25,7.3,7.2,7.3,18850
2026-02-09 13:38:00,13:38:00,7.25,7.35,7.2,7.35,25870
2026-02-09 13:39:00,13:39:00,7.3,7.35,7.25,7.3,9230
2026-02-09 13:40:00,13:40:00,7.3,7.4,7.3,7.35,39065
2026-02-09 13:41:00,13:41:00,7.4,7.4,7.3,7.3,36465
2026-02-09 13:42:00,13:42:00,7.35,7.4,7.25,7.25,17420
2026-02-09 13:43:00,13:43:00,7.25,7.35,7.25,7.3,18980
2026-02-09 13:44:00,13:44:00,7.35,7.35,7.25,7.35,14170
2026-02-09 13:45:00,13:45:00,7.3,7.45,7.3,7.4,35620
2026-02-09 13:46:00,13:46:00,7.4,7.45,7.35,7.35,33605
2026-02-09 13:47:00,13:47:00,7.4,7.6,7.35,7.45,35100
2026-02-09 13:48:00,13:48:00,7.5,7.55,7.4,7.45,45175
2026-02-09 13:49:00,13:49:00,7.5,7.5,7.35,7.5,95940
2026-02-09 13:50:00,13:50:00,7.45,7.5,7.45,7.5,33865
2026-02-09 13:51:00,13:51:00,7.5,7.55,7.4,7.55,47645
2026-02-09 13:52:00,13:52:00,7.55,7.55,7.5,7.5,15600
2026-02-09 13:53:00,13:53:00,7.5,7.55,7.45,7.5,19890
2026-02-09 13:54:00,13:54:00,7.55,7.55,7.45,7.5,17420
2026-02-09 13:55:00,13:55:00,7.5,7.55,7.5,7.55,11570
2026-02-09 13:56:00,13:56:00,7.55,7.55,7.5,7.55,4680
2026-02-09 13:57:00,13:57:00,7.6,7.6,7.5,7.55,16380
2026-02-09 13:58:00,13:58:00,7.55,7.6,7.5,7.5,7865
2026-02-09 13:59:00,13:59:00,7.55,7.6,7.5,7.6,18850
2026-02-09 14:00:00,14:00:00,7.6,7.6,7.5,7.5,29185
2026-02-09 14:01:00,14:01:00,7.6,7.65,7.5,7.6,23920
2026-02-09 14:02:00,14:02:00,7.6,7.65,7.55,7.6,10075
2026-02-09 14:03:00,14:03:00,7.6,7.6,7.5,7.55,46150
2026-02-09 14:04:00,14:04:00,7.6,7.7,7.55,7.65,32305
2026-02-09 14:05:00,14:05:00,7.65,7.8,7.65,7.75,48230
2026-02-09 14:06:00,14:06:00,7.75,7.85,7.75,7.75,53235
2026-02-09 14:07:00,14:07:00,7.8,7.8,7.7,7.75,45045
2026-02-09 14:08:00,14:08:00,7.7,7.85,7.7,7.85,45500
2026-02-09 14:09:00,14:09:00,7.9,7.9,7.8,7.85,18980
2026-02-09 14:10:00,14:10:00,7.85,7.9,7.85,7.85,23660
2026-02-09 14:11:00,14:11:00,7.85,7.9,7.8,7.85,7800
2026-02-09 14:12:00,14:12:00,7.85,8.05,7.85,8.0,52195
2026-02-09 14:13:00,14:13:00,8.0,8.1,8.0,8.0,28015
2026-02-09 14:14:00,14:14:00,8.0,8.05,7.9,7.95,39000
2026-02-09 14:15:00,14:15:00,7.9,7.95,7.8,7.8,24700
2026-02-09 14:16:00,14:16:00,7.85,7.9,7.75,7.9,39130
2026-02-09 14:17:00,14:17:00,7.9,7.95,7.8,7.85,14755
2026-02-09 14:18:00,14:18:00,7.85,7.9,7.8,7.8,27105
2026-02-09 14:19:00,14:19:00,7.85,7.9,7.8,7.9,36205
2026-02-09 14:20:00,14:20:00,7.85,7.95,7.85,7.9,39650
2026-02-09 14:21:00,14:21:00,7.9,7.9,7.8,7.9,37830
2026-02-09 14:22:00,14:22:00,7.9,7.9,7.8,7.8,68055
2026-02-09 14:23:00,14:23:00,7.85,7.85,7.6,7.65,71305
2026-02-09 14:24:00,14:24:00,7.65,7.7,7.65,7.65,68055
2026-02-09 14:25:00,14:25:00,7.65,7.7,7.65,7.65,10335
2026-02-09 14:26:00,14:26:00,7.7,7.75,7.6,7.6,66495
2026-02-09 14:27:00,14:27:00,7.65,7.7,7.55,7.6,39715
2026-02-09 14:28:00,14:28:00,7.55,7.65,7.55,7.65,52975
2026-02-09 14:29:00,14:29:00,7.65,7.65,7.45,7.45,51870
2026-02-09 14:30:00,14:30:00,7.45,7.6,7.4,7.6,61490
2026-02-09 14:31:00,14:31:00,7.6,7.65,7.5,7.5,39780
2026-02-09 14:32:00,14:32:00,7.55,7.6,7.5,7.5,66560
2026-02-09 14:33:00,14:33:00,7.45,7.5,7.3,7.4,68575
2026-02-09 14:34:00,14:34:00,7.35,7.5,7.35,7.45,44590
2026-02-09 14:35:00,14:35:00,7.45,7.7,7.45,7.7,49725
2026-02-09 14:36:00,14:36:00,7.7,7.75,7.65,7.75,44330
2026-02-09 14:37:00,14:37:00,7.65,7.75,7.6,7.65,50245
2026-02-09 14:38:00,14:38:00,7.65,7.7,7.6,7.65,66365
2026-02-09 14:39:00,14:39:00,7.65,7.7,7.6,7.7,47190
2026-02-09 14:40:00,14:40:00,7.65,7.75,7.65,7.7,47125
2026-02-09 14:41:00,14:41:00,7.7,7.8,7.7,7.7,65455
2026-02-09 14:42:00,14:42:00,7.7,7.75,7.6,7.7,84695
2026-02-09 14:43:00,14:43:00,7.75,7.75,7.65,7.7,42445
2026-02-09 14:44:00,14:44:00,7.7,7.95,7.7,7.95,55575
2026-02-09 14:45:00,14:45:00,7.95,8.0,7.85,7.95,35425
2026-02-09 14:46:00,14:46:00,7.95,7.95,7.85,7.95,59995
2026-02-09 14:47:00,14:47:00,7.9,7.95,7.85,7.9,56160
2026-02-09 14:48:00,14:48:00,7.9,7.9,7.8,7.8,75725
2026-02-09 14:49:00,14:49:00,7.85,8.05,7.8,8.0,95225
2026-02-09 14:50:00,14:50:00,8.0,8.05,7.7,7.7,76310
2026-02-09 14:51:00,14:51:00,7.7,7.8,7.7,7.8,39780
2026-02-09 14:52:00,14:52:00,7.8,7.85,7.75,7.8,41145
2026-02-09 14:53:00,14:53:00,7.85,8.05,7.8,7.9,116155
2026-02-09 14:54:00,14:54:00,7.95,8.0,7.75,7.8,196235
2026-02-09 14:55:00,14:55:00,7.85,7.9,7.75,7.85,90480
2026-02-09 14:56:00,14:56:00,7.9,8.0,7.85,7.85,86255
2026-02-09 14:57:00,14:57:00,7.85,8.0,7.85,7.95,59735
2026-02-09 14:58:00,14:58:00,7.95,8.05,7.9,8.0,67990
2026-02-09 14:59:00,14:59:00,8.0,8.15,7.95,7.95,129805
2026-02-09 15:00:00,15:00:00,8.0,8.2,7.95,8.15,115050
2026-02-09 15:01:00,15:01:00,8.15,8.35,8.15,8.35,139165
2026-02-09 15:02:00,15:02:00,8.35,8.9,8.35,8.9,720135
2026-02-09 15:03:00,15:03:00,8.85,8.9,8.55,8.6,147615
2026-02-09 15:04:00,15:04:00,8.6,8.85,8.6,8.75,180505
2026-02-09 15:05:00,15:05:00,8.8,9.05,8.75,8.9,232635
2026-02-09 15:06:00,15:06:00,8.9,9.05,8.9,8.9,342225
2026-02-09 15:07:00,15:07:00,8.9,9.6,8.9,9.55,174655
2026-02-09 15:08:00,15:08:00,9.6,9.9,9.45,9.65,194870
2026-02-09 15:09:00,15:09:00,9.65,10.15,9.5,10.15,168740
2026-02-09 15:10:00,15:10:00,10.15,10.55,10.0,10.15,270335
2026-02-09 15:11:00,15:11:00,10.15,10.15,9.7,9.95,255905
2026-02-09 15:12:00,15:12:00,9.95,10.0,9.35,9.35,250835
2026-02-09 15:13:00,15:13:00,9.45,9.6,9.35,9.5,215345
2026-02-09 15:14:00,15:14:00,9.45,9.9,9.45,9.8,283855
2026-02-09 15:15:00,15:15:00,10.05,10.15,9.8,10.1,313170
2026-02-09 15:16:00,15:16:00,10.1,10.2,9.9,10.1,247455
2026-02-09 15:17:00,15:17:00,10.15,10.2,9.9,10.0,267215
2026-02-09 15:18:00,15:18:00,10.0,10.05,9.55,9.9,244595
2026-02-09 15:19:00,15:19:00,9.9,10.15,9.75,10.15,190450
2026-02-09 15:20:00,15:20:00,10.1,10.15,9.95,10.0,219635
2026-02-09 15:21:00,15:21:00,10.0,10.2,9.95,10.0,189800
2026-02-09 15:22:00,15:22:00,9.95,10.3,9.9,10.3,230750
2026-02-09 15:23:00,15:23:00,10.4,10.65,10.3,10.35,479050
2026-02-09 15:24:00,15:24:00,10.4,10.9,10.35,10.8,281580
2026-02-09 15:25:00,15:25:00,10.85,11.35,10.4,10.5,508625
2026-02-09 15:26:00,15:26:00,10.8,11.15,10.5,11.1,424645
2026-02-09 15:27:00,15:27:00,11.05,11.5,10.45,11.15,561405
2026-02-09 15:28:00,15:28:00,11.2,11.3,11.1,11.2,221715
2026-02-09 15:29:00,15:29:00,11.2,11.35,10.7,10.7,329030
2026-02-10 09:15:00,09:15:00,5.0,5.0,2.55,2.6,4294875
2026-02-10 09:16:00,09:16:00,2.8,2.8,2.5,2.6,1923610
2026-02-10 09:17:00,09:17:00,2.4,2.45,2.3,2.35,1823835
2026-02-10 09:18:00,09:18:00,2.6,2.65,2.55,2.6,1008215
2026-02-10 09:19:00,09:19:00,2.4,2.4,2.35,2.35,1264250
2026-02-10 09:20:00,09:20:00,2.4,2.65,2.35,2.55,2487485
2026-02-10 09:21:00,09:21:00,2.55,2.55,2.5,2.5,1167855
2026-02-10 09:22:00,09:22:00,2.5,2.55,2.45,2.5,1216930
2026-02-10 09:23:00,09:23:00,2.5,2.55,2.4,2.5,1258400
2026-02-10 09:24:00,09:24:00,2.5,2.55,2.45,2.55,881335
2026-02-10 09:25:00,09:25:00,2.55,2.65,2.5,2.65,1150500
2026-02-10 09:26:00,09:26:00,2.6,2.65,2.5,2.6,1167400
2026-02-10 09:27:00,09:27:00,2.6,2.6,2.4,2.4,655655
2026-02-10 09:28:00,09:28:00,2.4,2.45,2.35,2.45,851370
2026-02-10 09:29:00,09:29:00,2.45,2.45,2.3,2.3,582725
2026-02-10 09:30:00,09:30:00,2.3,2.4,2.25,2.3,838240
2026-02-10 09:31:00,09:31:00,2.3,2.35,2.25,2.25,963170
2026-02-10 09:32:00,09:32:00,2.25,2.3,2.2,2.3,739050
2026-02-10 09:33:00,09:33:00,2.45,2.6,2.45,2.6,787930
2026-02-10 09:34:00,09:34:00,2.55,2.8,2.55,2.75,786370
2026-02-10 09:35:00,09:35:00,2.75,2.85,2.65,2.75,662350
2026-02-10 09:36:00,09:36:00,2.8,2.9,2.75,2.85,819065
2026-02-10 09:37:00,09:37:00,2.9,3.0,2.85,2.9,776555
2026-02-10 09:38:00,09:38:00,2.9,2.95,2.8,2.95,744380
2026-02-10 09:39:00,09:39:00,2.9,2.95,2.75,2.8,334035
2026-02-10 09:40:00,09:40:00,2.75,2.9,2.75,2.85,497835
2026-02-10 09:41:00,09:41:00,2.85,2.9,2.8,2.9,407615
2026-02-10 09:42:00,09:42:00,2.9,2.95,2.85,2.85,339365
2026-02-10 09:43:00,09:43:00,2.85,2.85,2.75,2.8,269360
2026-02-10 09:44:00,09:44:00,2.75,2.85,2.75,2.85,218595
2026-02-10 09:45:00,09:45:00,2.8,2.9,2.75,2.75,444730
2026-02-10 09:46:00,09:46:00,2.8,2.9,2.75,2.85,251290
2026-02-10 09:47:00,09:47:00,2.9,2.95,2.85,2.95,306865
2026-02-10 09:48:00,09:48:00,2.9,3.0,2.9,2.95,232570
2026-02-10 09:49:00,09:49:00,2.95,3.0,2.9,2.9,445380
2026-02-10 09:50:00,09:50:00,2.9,2.95,2.85,2.85,332995
2026-02-10 09:51:00,09:51:00,2.85,2.9,2.85,2.85,259090
2026-02-10 09:52:00,09:52:00,2.9,2.95,2.85,2.85,313105
2026-02-10 09:53:00,09:53:00,2.9,2.95,2.85,2.9,210860
2026-02-10 09:54:00,09:54:00,2.85,2.95,2.85,2.9,176865
2026-02-10 09:55:00,09:55:00,2.9,2.95,2.85,2.85,382590
2026-02-10 09:56:00,09:56:00,2.9,2.9,2.75,2.75,171925
2026-02-10 09:57:00,09:57:00,2.75,2.8,2.7,2.7,101335
2026-02-10 09:58:00,09:58:00,2.75,2.75,2.7,2.75,78715
2026-02-10 09:59:00,09:59:00,2.7,2.75,2.6,2.6,142090
2026-02-10 10:00:00,10:00:00,2.6,2.7,2.6,2.7,226850
2026-02-10 10:01:00,10:01:00,2.65,2.7,2.65,2.7,114855
2026-02-10 10:02:00,10:02:00,2.7,2.75,2.65,2.75,231400
2026-02-10 10:03:00,10:03:00,2.7,2.75,2.7,2.7,195325
2026-02-10 10:04:00,10:04:00,2.75,2.8,2.7,2.75,166855
2026-02-10 10:05:00,10:05:00,2.8,2.9,2.75,2.85,266240
2026-02-10 10:06:00,10:06:00,2.8,2.9,2.8,2.85,184535
2026-02-10 10:07:00,10:07:00,2.9,2.9,2.8,2.9,198770
2026-02-10 10:08:00,10:08:00,2.9,2.9,2.8,2.85,197405
2026-02-10 10:09:00,10:09:00,2.8,2.9,2.8,2.85,113360
2026-02-10 10:10:00,10:10:00,2.85,2.9,2.8,2.85,144495
2026-02-10 10:11:00,10:11:00,2.85,2.85,2.75,2.8,142740
2026-02-10 10:12:00,10:12:00,2.75,2.85,2.75,2.85,149955
2026-02-10 10:13:00,10:13:00,2.85,2.9,2.8,2.9,235430
2026-02-10 10:14:00,10:14:00,2.8,2.9,2.8,2.85,119275
2026-02-10 10:15:00,10:15:00,2.85,2.9,2.85,2.85,42315
2026-02-10 10:16:00,10:16:00,2.9,3.0,2.85,2.95,212940
2026-02-10 10:17:00,10:17:00,3.0,3.0,2.95,3.0,257985
2026-02-10 10:18:00,10:18:00,3.0,3.05,2.95,2.95,414505
2026-02-10 10:19:00,10:19:00,3.0,3.15,2.95,3.1,387595
2026-02-10 10:20:00,10:20:00,3.15,3.2,3.1,3.15,292240
2026-02-10 10:21:00,10:21:00,3.15,3.2,3.0,3.05,143520
2026-02-10 10:22:00,10:22:00,3.0,3.1,3.0,3.05,188045
2026-02-10 10:23:00,10:23:00,3.1,3.1,2.95,3.0,227175
2026-02-10 10:24:00,10:24:00,3.0,3.05,3.0,3.0,140400
2026-02-10 10:25:00,10:25:00,3.0,3.1,3.0,3.05,164580
2026-02-10 10:26:00,10:26:00,3.05,3.1,2.95,3.05,195845
2026-02-10 10:27:00,10:27:00,3.05,3.05,3.0,3.05,86580
2026-02-10 10:28:00,10:28:00,3.05,3.05,2.9,2.95,211510
2026-02-10 10:29:00,10:29:00,2.95,3.05,2.95,3.0,139360
2026-02-10 10:30:00,10:30:00,2.95,3.05,2.95,3.05,225615
2026-02-10 10:31:00,10:31:00,3.0,3.1,3.0,3.05,195585
2026-02-10 10:32:00,10:32:00,3.05,3.15,3.0,3.1,203385
2026-02-10 10:33:00,10:33:00,3.3,3.3,3.2,3.25,221195
2026-02-10 10:34:00,10:34:00,3.2,3.3,3.2,3.3,455000
2026-02-10 10:35:00,10:35:00,3.15,3.2,3.1,3.15,343070
2026-02-10 10:36:00,10:36:00,3.15,3.25,3.1,3.15,413010
2026-02-10 10:37:00,10:37:00,3.3,3.35,3.2,3.3,234390
2026-02-10 10:38:00,10:38:00,3.15,3.15,2.95,3.0,260455
2026-02-10 10:39:00,10:39:00,2.95,3.0,2.9,2.9,253955
2026-02-10 10:40:00,10:40:00,2.95,2.95,2.75,2.75,185445
2026-02-10 10:41:00,10:41:00,2.75,2.75,2.6,2.6,221000
2026-02-10 10:42:00,10:42:00,2.65,2.65,2.45,2.5,264485
2026-02-10 10:43:00,10:43:00,2.55,2.55,2.3,2.35,256490
2026-02-10 10:44:00,10:44:00,2.35,2.35,2.1,2.1,368355
2026-02-10 10:45:00,10:45:00,2.1,2.15,2.0,2.0,228150
2026-02-10 10:46:00,10:46:00,2.05,2.2,2.0,2.2,470665
2026-02-10 10:47:00,10:47:00,2.15,2.2,2.1,2.15,233025
2026-02-10 10:48:00,10:48:00,2.15,2.25,2.15,2.25,114790
2026-02-10 10:49:00,10:49:00,2.2,2.25,2.1,2.15,374465
2026-02-10 10:50:00,10:50:00,2.15,2.3,2.15,2.3,206440
2026-02-10 10:51:00,10:51:00,2.3,2.35,2.25,2.3,218920
2026-02-10 10:52:00,10:52:00,2.3,2.35,2.25,2.3,136435
2026-02-10 10:53:00,10:53:00,2.25,2.3,2.15,2.2,80405
2026-02-10 10:54:00,10:54:00,2.15,2.3,2.15,2.25,207610
2026-02-10 10:55:00,10:55:00,2.25,2.35,2.25,2.3,120055
2026-02-10 10:56:00,10:56:00,2.35,2.35,2.25,2.35,135655
2026-02-10 10:57:00,10:57:00,2.35,2.35,2.3,2.35,38740
2026-02-10 10:58:00,10:58:00,2.35,2.35,2.3,2.3,198835
2026-02-10 10:59:00,10:59:00,2.35,2.4,2.3,2.35,159510
2026-02-10 11:00:00,11:00:00,2.35,2.4,2.35,2.35,125125
2026-02-10 11:01:00,11:01:00,2.35,2.4,2.3,2.35,76115
2026-02-10 11:02:00,11:02:00,2.35,2.4,2.3,2.35,146835
2026-02-10 11:03:00,11:03:00,2.4,2.4,2.35,2.35,54080
2026-02-10 11:04:00,11:04:00,2.35,2.35,2.3,2.35,122980
2026-02-10 11:05:00,11:05:00,2.35,2.35,2.3,2.35,125450
2026-02-10 11:06:00,11:06:00,2.3,2.35,2.25,2.35,121810
2026-02-10 11:07:00,11:07:00,2.35,2.4,2.3,2.35,168025
2026-02-10 11:08:00,11:08:00,2.3,2.4,2.3,2.35,75140
2026-02-10 11:09:00,11:09:00,2.4,2.4,2.35,2.4,148330
2026-02-10 11:10:00,11:10:00,2.35,2.45,2.35,2.4,99190
2026-02-10 11:11:00,11:11:00,2.45,2.45,2.4,2.4,85345
2026-02-10 11:12:00,11:12:00,2.4,2.45,2.3,2.35,603655
2026-02-10 11:13:00,11:13:00,2.35,2.5,2.35,2.4,447980
2026-02-10 11:14:00,11:14:00,2.4,2.55,2.4,2.5,382135
2026-02-10 11:15:00,11:15:00,2.5,2.55,2.45,2.55,257270
2026-02-10 11:16:00,11:16:00,2.55,2.55,2.45,2.55,171275
2026-02-10 11:17:00,11:17:00,2.5,2.55,2.45,2.45,196040
2026-02-10 11:18:00,11:18:00,2.45,2.55,2.45,2.45,229450
2026-02-10 11:19:00,11:19:00,2.5,2.5,2.45,2.5,88335
2026-02-10 11:20:00,11:20:00,2.45,2.5,2.4,2.4,99775
2026-02-10 11:21:00,11:21:00,2.4,2.45,2.4,2.4,110305
2026-02-10 11:22:00,11:22:00,2.45,2.45,2.35,2.35,149760
2026-02-10 11:23:00,11:23:00,2.4,2.4,2.3,2.35,179855
2026-02-10 11:24:00,11:24:00,2.35,2.4,2.35,2.35,96720
2026-02-10 11:25:00,11:25:00,2.35,2.4,2.3,2.3,149630
2026-02-10 11:26:00,11:26:00,2.3,2.3,2.25,2.25,212030
2026-02-10 11:27:00,11:27:00,2.3,2.3,2.25,2.3,108940
2026-02-10 11:28:00,11:28:00,2.3,2.3,2.25,2.25,61425
2026-02-10 11:29:00,11:29:00,2.3,2.35,2.25,2.25,171535
2026-02-10 11:30:00,11:30:00,2.3,2.3,2.25,2.25,137930
2026-02-10 11:31:00,11:31:00,2.25,2.35,2.25,2.3,118170
2026-02-10 11:32:00,11:32:00,2.3,2.35,2.25,2.3,119275
2026-02-10 11:33:00,11:33:00,2.3,2.3,2.25,2.3,166530
2026-02-10 11:34:00,11:34:00,2.25,2.3,2.2,2.2,127855
2026-02-10 11:35:00,11:35:00,2.2,2.25,2.2,2.25,94705
2026-02-10 11:36:00,11:36:00,2.25,2.25,2.15,2.15,105495
2026-02-10 11:37:00,11:37:00,2.15,2.2,2.15,2.2,163605
2026-02-10 11:38:00,11:38:00,2.15,2.2,2.15,2.15,109460
2026-02-10 11:39:00,11:39:00,2.15,2.25,2.15,2.2,102050
2026-02-10 11:40:00,11:40:00,2.2,2.3,2.2,2.25,103155
2026-02-10 11:41:00,11:41:00,2.3,2.35,2.25,2.35,57395
2026-02-10 11:42:00,11:42:00,2.3,2.35,2.3,2.3,29705
2026-02-10 11:43:00,11:43:00,2.3,2.3,2.25,2.3,90740
2026-02-10 11:44:00,11:44:00,2.25,2.35,2.25,2.3,47450
2026-02-10 11:45:00,11:45:00,2.35,2.35,2.3,2.3,76635
2026-02-10 11:46:00,11:46:00,2.35,2.35,2.25,2.25,79560
2026-02-10 11:47:00,11:47:00,2.25,2.3,2.25,2.3,172445
2026-02-10 11:48:00,11:48:00,2.3,2.35,2.25,2.25,49660
2026-02-10 11:49:00,11:49:00,2.25,2.3,2.25,2.25,41080
2026-02-10 11:50:00,11:50:00,2.25,2.3,2.25,2.25,73580
2026-02-10 11:51:00,11:51:00,2.25,2.3,2.2,2.2,134355
2026-02-10 11:52:00,11:52:00,2.2,2.25,2.2,2.2,41275
2026-02-10 11:53:00,11:53:00,2.2,2.2,2.1,2.15,137280
2026-02-10 11:54:00,11:54:00,2.15,2.15,2.0,2.05,268385
2026-02-10 11:55:00,11:55:00,2.0,2.05,2.0,2.05,94900
2026-02-10 11:56:00,11:56:00,2.0,2.1,2.0,2.05,444015
2026-02-10 11:57:00,11:57:00,2.05,2.1,2.0,2.1,204100
2026-02-10 11:58:00,11:58:00,2.05,2.1,2.05,2.1,75985
2026-02-10 11:59:00,11:59:00,2.1,2.1,1.95,2.05,446420
2026-02-10 12:00:00,12:00:00,2.05,2.1,2.0,2.0,295425
2026-02-10 12:01:00,12:01:00,2.0,2.05,1.8,1.85,645840
2026-02-10 12:02:00,12:02:00,1.9,1.9,1.8,1.85,218335
2026-02-10 12:03:00,12:03:00,1.9,1.9,1.8,1.85,295165
2026-02-10 12:04:00,12:04:00,1.85,1.85,1.75,1.75,220610
2026-02-10 12:05:00,12:05:00,1.8,1.9,1.75,1.9,314990
2026-02-10 12:06:00,12:06:00,1.9,1.9,1.85,1.85,77935
2026-02-10 12:07:00,12:07:00,1.9,1.9,1.8,1.85,67990
2026-02-10 12:08:00,12:08:00,1.85,1.85,1.6,1.6,405405
2026-02-10 12:09:00,12:09:00,1.65,1.65,1.55,1.55,209170
2026-02-10 12:10:00,12:10:00,1.55,1.65,1.55,1.65,158795
2026-02-10 12:11:00,12:11:00,1.65,1.65,1.55,1.6,178490
2026-02-10 12:12:00,12:12:00,1.6,1.65,1.55,1.6,180505
2026-02-10 12:13:00,12:13:00,1.65,1.65,1.5,1.5,253565
2026-02-10 12:14:00,12:14:00,1.5,1.5,1.4,1.45,163345
2026-02-10 12:15:00,12:15:00,1.4,1.45,1.35,1.4,247910
2026-02-10 12:16:00,12:16:00,1.4,1.45,1.4,1.45,132145
2026-02-10 12:17:00,12:17:00,1.45,1.45,1.4,1.4,148980
2026-02-10 12:18:00,12:18:00,1.4,1.45,1.4,1.4,190125
2026-02-10 12:19:00,12:19:00,1.45,1.5,1.4,1.45,479050
2026-02-10 12:20:00,12:20:00,1.45,1.45,1.35,1.35,406510
2026-02-10 12:21:00,12:21:00,1.4,1.45,1.35,1.4,248755
2026-02-10 12:22:00,12:22:00,1.35,1.4,1.35,1.35,140790
2026-02-10 12:23:00,12:23:00,1.35,1.45,1.35,1.35,165165
2026-02-10 12:24:00,12:24:00,1.35,1.4,1.35,1.35,55120
2026-02-10 12:25:00,12:25:00,1.35,1.4,1.3,1.35,90285
2026-02-10 12:26:00,12:26:00,1.3,1.35,1.3,1.3,39390
2026-02-10 12:27:00,12:27:00,1.35,1.35,1.3,1.3,58175
2026-02-10 12:28:00,12:28:00,1.35,1.35,1.3,1.35,160355
2026-02-10 12:29:00,12:29:00,1.35,1.35,1.3,1.35,163995
2026-02-10 12:30:00,12:30:00,1.35,1.35,1.3,1.3,124670
2026-02-10 12:31:00,12:31:00,1.3,1.4,1.3,1.3,179660
2026-02-10 12:32:00,12:32:00,1.35,1.35,1.25,1.3,254150
2026-02-10 12:33:00,12:33:00,1.3,1.35,1.2,1.25,207480
2026-02-10 12:34:00,12:34:00,1.25,1.25,1.15,1.2,117910
2026-02-10 12:35:00,12:35:00,1.15,1.2,1.15,1.15,80665
2026-02-10 12:36:00,12:36:00,1.2,1.2,1.15,1.2,59995
2026-02-10 12:37:00,12:37:00,1.15,1.2,1.05,1.1,158405
2026-02-10 12:38:00,12:38:00,1.1,1.15,1.05,1.05,213655
2026-02-10 12:39:00,12:39:00,1.1,1.15,1.05,1.1,316290
2026-02-10 12:40:00,12:40:00,1.05,1.1,1.05,1.1,87035
2026-02-10 12:41:00,12:41:00,1.05,1.1,1.05,1.05,34320
2026-02-10 12:42:00,12:42:00,1.1,1.1,1.05,1.1,216255
2026-02-10 12:43:00,12:43:00,1.1,1.1,1.05,1.1,70070
2026-02-10 12:44:00,12:44:00,1.1,1.15,1.05,1.1,120835
2026-02-10 12:45:00,12:45:00,1.1,1.2,1.1,1.15,230685
2026-02-10 12:46:00,12:46:00,1.2,1.2,1.1,1.15,270855
2026-02-10 12:47:00,12:47:00,1.1,1.15,1.05,1.1,269555
2026-02-10 12:48:00,12:48:00,1.15,1.15,1.05,1.1,403520
2026-02-10 12:49:00,12:49:00,1.1,1.15,1.05,1.1,446940
2026-02-10 12:50:00,12:50:00,1.15,1.3,1.1,1.25,849290
2026-02-10 12:51:00,12:51:00,1.3,1.35,1.25,1.25,422500
2026-02-10 12:52:00,12:52:00,1.3,1.4,1.25,1.4,455520
2026-02-10 12:53:00,12:53:00,1.35,1.5,1.3,1.45,874640
2026-02-10 12:54:00,12:54:00,1.5,1.6,1.45,1.6,540345
2026-02-10 12:55:00,12:55:00,1.6,1.6,1.5,1.55,938080
2026-02-10 12:56:00,12:56:00,1.55,1.55,1.45,1.55,274430
2026-02-10 12:57:00,12:57:00,1.55,1.6,1.45,1.55,541840
2026-02-10 12:58:00,12:58:00,1.5,1.55,1.3,1.35,959920
2026-02-10 12:59:00,12:59:00,1.3,1.4,1.3,1.35,230880
2026-02-10 13:00:00,13:00:00,1.35,1.45,1.35,1.35,271375
2026-02-10 13:01:00,13:01:00,1.4,1.45,1.35,1.35,422500
2026-02-10 13:02:00,13:02:00,1.4,1.5,1.3,1.4,392990
2026-02-10 13:03:00,13:03:00,1.45,1.5,1.35,1.35,104650
2026-02-10 13:04:00,13:04:00,1.4,1.45,1.35,1.35,50960
2026-02-10 13:05:00,13:05:00,1.4,1.4,1.3,1.35,168870
2026-02-10 13:06:00,13:06:00,1.35,1.35,1.2,1.2,221910
2026-02-10 13:07:00,13:07:00,1.15,1.2,1.1,1.15,241410
2026-02-10 13:08:00,13:08:00,1.25,1.3,1.15,1.15,312715
2026-02-10 13:09:00,13:09:00,1.15,1.2,1.05,1.05,369655
2026-02-10 13:10:00,13:10:00,1.1,1.1,1.05,1.05,211380
2026-02-10 13:11:00,13:11:00,1.1,1.1,1.0,1.0,439010
2026-02-10 13:12:00,13:12:00,1.05,1.05,1.0,1.0,372255
2026-02-10 13:13:00,13:13:00,1.0,1.1,1.0,1.05,195065
2026-02-10 13:14:00,13:14:00,1.05,1.15,1.0,1.05,263250
2026-02-10 13:15:00,13:15:00,1.0,1.1,1.0,1.0,162110
2026-02-10 13:16:00,13:16:00,1.05,1.05,0.9,0.9,493220
2026-02-10 13:17:00,13:17:00,0.95,0.95,0.9,0.95,275925
2026-02-10 13:18:00,13:18:00,0.9,0.95,0.8,0.8,607685
2026-02-10 13:19:00,13:19:00,0.8,0.85,0.75,0.75,674570
2026-02-10 13:20:00,13:20:00,0.8,0.8,0.7,0.7,349635
2026-02-10 13:21:00,13:21:00,0.75,0.75,0.65,0.65,422305
2026-02-10 13:22:00,13:22:00,0.65,0.7,0.6,0.65,1291420
2026-02-10 13:23:00,13:23:00,0.6,0.65,0.6,0.6,1075685
2026-02-10 13:24:00,13:24:00,0.65,0.65,0.55,0.65,749385
2026-02-10 13:25:00,13:25:00,0.65,0.75,0.6,0.7,678535
2026-02-10 13:26:00,13:26:00,0.7,0.75,0.5,0.55,768235
2026-02-10 13:27:00,13:27:00,0.55,0.6,0.5,0.5,675935
2026-02-10 13:28:00,13:28:00,0.55,0.65,0.5,0.65,165815
2026-02-10 13:29:00,13:29:00,0.65,0.7,0.55,0.6,422565
2026-02-10 13:30:00,13:30:00,0.55,0.6,0.45,0.45,789815
2026-02-10 13:31:00,13:31:00,0.45,0.5,0.45,0.5,847145
2026-02-10 13:32:00,13:32:00,0.45,0.5,0.45,0.5,553475
2026-02-10 13:33:00,13:33:00,0.5,0.55,0.5,0.5,489320
2026-02-10 13:34:00,13:34:00,0.55,0.55,0.5,0.5,551720
2026-02-10 13:35:00,13:35:00,0.55,0.55,0.45,0.5,1355185
2026-02-10 13:36:00,13:36:00,0.5,0.5,0.4,0.4,630500
2026-02-10 13:37:00,13:37:00,0.4,0.5,0.4,0.45,907920
2026-02-10 13:38:00,13:38:00,0.5,0.5,0.4,0.45,865670
2026-02-10 13:39:00,13:39:00,0.45,0.45,0.4,0.45,395265
2026-02-10 13:40:00,13:40:00,0.6,0.6,0.55,0.6,156520
2026-02-10 13:41:00,13:41:00,0.6,0.6,0.55,0.6,62660
2026-02-10 13:42:00,13:42:00,0.45,0.5,0.45,0.5,99580
2026-02-10 13:43:00,13:43:00,0.5,0.5,0.45,0.45,263055
2026-02-10 13:44:00,13:44:00,0.55,0.65,0.55,0.6,167245
2026-02-10 13:45:00,13:45:00,0.65,0.7,0.6,0.7,256360
2026-02-10 13:46:00,13:46:00,0.7,0.75,0.65,0.75,403000
2026-02-10 13:47:00,13:47:00,0.65,0.65,0.45,0.45,455390
2026-02-10 13:48:00,13:48:00,0.45,0.5,0.45,0.5,616200
2026-02-10 13:49:00,13:49:00,0.4,0.5,0.4,0.45,610480
2026-02-10 13:50:00,13:50:00,0.45,0.5,0.45,0.5,84305
2026-02-10 13:51:00,13:51:00,0.55,0.6,0.55,0.6,63765
2026-02-10 13:52:00,13:52:00,0.55,0.65,0.55,0.65,77610
2026-02-10 13:53:00,13:53:00,0.6,0.65,0.55,0.6,149435
2026-02-10 13:54:00,13:54:00,0.6,0.6,0.5,0.6,179010
2026-02-10 13:55:00,13:55:00,0.55,0.6,0.5,0.55,43680
2026-02-10 13:56:00,13:56:00,0.4,0.5,0.4,0.5,590200
2026-02-10 13:57:00,13:57:00,0.5,0.5,0.45,0.5,255255
2026-02-10 13:58:00,13:58:00,0.5,0.5,0.45,0.5,112255
2026-02-10 13:59:00,13:59:00,0.5,0.5,0.45,0.45,436280
2026-02-10 14:00:00,14:00:00,0.5,0.5,0.45,0.5,573885
2026-02-10 14:01:00,14:01:00,0.45,0.55,0.45,0.5,302575
2026-02-10 14:02:00,14:02:00,0.5,0.6,0.45,0.45,355940
2026-02-10 14:03:00,14:03:00,0.45,0.5,0.4,0.45,483340
2026-02-10 14:04:00,14:04:00,0.4,0.45,0.4,0.4,286780
2026-02-10 14:05:00,14:05:00,0.45,0.45,0.4,0.45,168025
2026-02-10 14:06:00,14:06:00,0.45,0.45,0.35,0.4,453310
2026-02-10 14:07:00,14:07:00,0.4,0.45,0.35,0.45,523185
2026-02-10 14:08:00,14:08:00,0.45,0.5,0.4,0.4,278980
2026-02-10 14:09:00,14:09:00,0.4,0.45,0.4,0.4,395915
2026-02-10 14:10:00,14:10:00,0.45,0.45,0.4,0.45,129480
2026-02-10 14:11:00,14:11:00,0.45,0.5,0.4,0.45,186615
2026-02-10 14:12:00,14:12:00,0.45,0.45,0.4,0.45,66755
2026-02-10 14:13:00,14:13:00,0.4,0.45,0.4,0.45,80600
2026-02-10 14:14:00,14:14:00,0.45,0.45,0.4,0.4,84825
2026-02-10 14:15:00,14:15:00,0.45,0.45,0.4,0.4,59085
2026-02-10 14:16:00,14:16:00,0.45,0.5,0.4,0.4,76180
2026-02-10 14:17:00,14:17:00,0.45,0.5,0.4,0.5,301080
2026-02-10 14:18:00,14:18:00,0.5,0.6,0.5,0.6,236795
2026-02-10 14:19:00,14:19:00,0.6,0.6,0.55,0.6,178295
2026-02-10 14:20:00,14:20:00,0.6,0.6,0.45,0.5,202150
2026-02-10 14:21:00,14:21:00,0.55,0.55,0.5,0.5,182390
2026-02-10 14:22:00,14:22:00,0.55,0.55,0.45,0.5,152490
2026-02-10 14:23:00,14:23:00,0.5,0.55,0.45,0.45,337935
2026-02-10 14:24:00,14:24:00,0.45,0.5,0.45,0.45,124540
2026-02-10 14:25:00,14:25:00,0.55,0.6,0.5,0.6,124605
2026-02-10 14:26:00,14:26:00,0.6,0.6,0.55,0.6,363805
2026-02-10 14:27:00,14:27:00,0.6,0.6,0.55,0.55,1105585
2026-02-10 14:28:00,14:28:00,0.55,0.6,0.5,0.5,417755
2026-02-10 14:29:00,14:29:00,0.55,0.55,0.5,0.55,335660
2026-02-10 14:30:00,14:30:00,0.55,0.55,0.5,0.55,569660
2026-02-10 14:31:00,14:31:00,0.55,0.7,0.5,0.65,490100
2026-02-10 14:32:00,14:32:00,0.7,0.7,0.6,0.6,529295
2026-02-10 14:33:00,14:33:00,0.6,0.65,0.5,0.6,666445
2026-02-10 14:34:00,14:34:00,0.55,0.65,0.55,0.6,303745
2026-02-10 14:35:00,14:35:00,0.6,0.65,0.55,0.55,517010
2026-02-10 14:36:00,14:36:00,0.55,0.7,0.55,0.7,307775
2026-02-10 14:37:00,14:37:00,0.75,0.75,0.55,0.6,462475
2026-02-10 14:38:00,14:38:00,0.55,0.6,0.4,0.45,1089075
2026-02-10 14:39:00,14:39:00,0.45,0.55,0.4,0.45,911495
2026-02-10 14:40:00,14:40:00,0.45,0.5,0.4,0.45,775970
2026-02-10 14:41:00,14:41:00,0.45,0.55,0.4,0.5,491595
2026-02-10 14:42:00,14:42:00,0.5,0.65,0.5,0.6,1332435
2026-02-10 14:43:00,14:43:00,0.6,0.65,0.45,0.5,667615
2026-02-10 14:44:00,14:44:00,0.45,0.5,0.35,0.35,539630
2026-02-10 14:45:00,14:45:00,0.4,0.45,0.35,0.4,450515
2026-02-10 14:46:00,14:46:00,0.35,0.4,0.3,0.3,280540
2026-02-10 14:47:00,14:47:00,0.35,0.35,0.25,0.3,406510
2026-02-10 14:48:00,14:48:00,0.25,0.3,0.25,0.25,142545
2026-02-10 14:49:00,14:49:00,0.3,0.3,0.25,0.3,211315
2026-02-10 14:50:00,14:50:00,0.25,0.3,0.2,0.2,228865
2026-02-10 14:51:00,14:51:00,0.25,0.25,0.2,0.2,129220
2026-02-10 14:52:00,14:52:00,0.25,0.25,0.2,0.25,475540
2026-02-10 14:53:00,14:53:00,0.2,0.25,0.2,0.2,311870
2026-02-10 14:54:00,14:54:00,0.2,0.25,0.15,0.15,366340
2026-02-10 14:55:00,14:55:00,0.2,0.25,0.15,0.2,214045
2026-02-10 14:56:00,14:56:00,0.2,0.2,0.15,0.2,234455
2026-02-10 14:57:00,14:57:00,0.2,0.25,0.15,0.25,385450
2026-02-10 14:58:00,14:58:00,0.2,0.25,0.2,0.2,177580
2026-02-10 14:59:00,14:59:00,0.25,0.3,0.2,0.2,377260
2026-02-10 15:00:00,15:00:00,0.25,0.3,0.2,0.2,1014520
2026-02-10 15:01:00,15:01:00,0.25,0.25,0.2,0.25,842595
2026-02-10 15:02:00,15:02:00,0.25,0.3,0.2,0.2,927095
2026-02-10 15:03:00,15:03:00,0.2,0.25,0.15,0.15,605735
2026-02-10 15:04:00,15:04:00,0.15,0.2,0.15,0.2,332475
2026-02-10 15:05:00,15:05:00,0.15,0.2,0.15,0.2,320645
2026-02-10 15:06:00,15:06:00,0.2,0.2,0.1,0.1,440635
2026-02-10 15:07:00,15:07:00,0.1,0.15,0.1,0.1,574600
2026-02-10 15:08:00,15:08:00,0.1,0.15,0.1,0.15,79040
2026-02-10 15:09:00,15:09:00,0.1,0.15,0.1,0.15,339625
2026-02-10 15:10:00,15:10:00,0.15,0.15,0.1,0.1,341770
2026-02-10 15:11:00,15:11:00,0.1,0.15,0.1,0.1,342615
2026-02-10 15:12:00,15:12:00,0.1,0.15,0.1,0.1,124475
2026-02-10 15:13:00,15:13:00,0.1,0.15,0.05,0.1,279760
2026-02-10 15:14:00,15:14:00,0.05,0.1,0.05,0.05,97045
2026-02-10 15:15:00,15:15:00,0.05,0.1,0.05,0.05,266110
2026-02-10 15:16:00,15:16:00,0.05,0.1,0.05,0.05,109785
2026-02-10 15:17:00,15:17:00,0.05,0.1,0.05,0.05,253955
2026-02-10 15:18:00,15:18:00,0.1,0.1,0.05,0.05,252265
2026-02-10 15:19:00,15:19:00,0.05,0.1,0.05,0.05,344240
2026-02-10 15:20:00,15:20:00,0.1,0.1,0.05,0.1,749125
2026-02-10 15:21:00,15:21:00,0.1,0.1,0.05,0.05,684580
2026-02-10 15:22:00,15:22:00,0.05,0.1,0.05,0.05,293995
2026-02-10 15:23:00,15:23:00,0.05,0.1,0.05,0.05,331500
2026-02-10 15:24:00,15:24:00,0.1,0.1,0.05,0.05,219765
2026-02-10 15:25:00,15:25:00,0.05,0.1,0.05,0.05,296725
2026-02-10 15:26:00,15:26:00,0.05,0.1,0.05,0.05,111735
2026-02-10 15:27:00,15:27:00,0.05,0.05,0.05,0.05,27040
2026-02-10 15:28:00,15:28:00,0.05,0.05,0.05,0.05,171795
2026-02-10 15:29:00,15:29:00,0.05,0.05,0.05,0.05,83785
2026-02-11 09:15:00,09:15:00,24.7,24.7,16.3,17.0,808015
2026-02-11 09:16:00,09:16:00,17.3,18.5,17.0,17.3,631540
2026-02-11 09:17:00,09:17:00,17.2,17.3,16.5,16.65,384995
2026-02-11 09:18:00,09:18:00,16.55,17.2,16.55,17.15,442000
2026-02-11 09:19:00,09:19:00,17.1,17.7,17.05,17.4,191490
2026-02-11 09:20:00,09:20:00,17.4,18.3,17.3,18.0,283465
2026-02-11 09:21:00,09:21:00,17.9,18.0,17.2,17.35,210340
2026-02-11 09:22:00,09:22:00,17.3,17.7,17.2,17.7,179465
2026-02-11 09:23:00,09:23:00,17.55,17.9,17.55,17.6,135200
2026-02-11 09:24:00,09:24:00,17.4,17.95,17.35,17.7,109330
2026-02-11 09:25:00,09:25:00,17.75,18.15,17.35,17.6,209430
2026-02-11 09:26:00,09:26:00,17.5,17.6,16.85,17.1,182910
2026-02-11 09:27:00,09:27:00,16.95,17.15,16.85,17.1,188565
2026-02-11 09:28:00,09:28:00,17.2,17.45,17.05,17.15,202345
2026-02-11 09:29:00,09:29:00,17.15,17.3,17.05,17.2,95875
2026-02-11 09:30:00,09:30:00,17.2,17.7,17.0,17.5,165165
2026-02-11 09:31:00,09:31:00,15.35,15.6,15.25,15.5,29250
2026-02-11 09:32:00,09:32:00,15.5,15.85,15.4,15.6,53495
2026-02-11 09:33:00,09:33:00,15.55,15.95,15.55,15.75,44980
2026-02-11 09:34:00,09:34:00,15.75,15.95,15.6,15.9,50375
2026-02-11 09:35:00,09:35:00,15.85,16.1,15.5,16.05,45695
2026-02-11 09:36:00,09:36:00,16.05,16.95,16.05,16.6,111605
2026-02-11 09:37:00,09:37:00,16.55,17.05,16.5,17.05,64870
2026-02-11 09:38:00,09:38:00,17.1,19.15,17.05,18.25,187330
2026-02-11 09:39:00,09:39:00,18.15,19.15,18.15,19.1,114660
2026-02-11 09:40:00,09:40:00,16.8,17.15,16.15,17.15,362895
2026-02-11 09:41:00,09:41:00,19.3,19.65,18.3,18.5,162760
2026-02-11 09:42:00,09:42:00,18.55,19.15,18.25,18.8,92170
2026-02-11 09:43:00,09:43:00,18.75,19.3,18.65,18.7,66690
2026-02-11 09:44:00,09:44:00,18.7,19.1,18.25,18.9,86905
2026-02-11 09:45:00,09:45:00,18.9,19.5,18.6,18.95,108550
2026-02-11 09:46:00,09:46:00,18.95,19.15,18.15,18.65,71500
2026-02-11 09:47:00,09:47:00,18.5,19.25,18.35,18.5,52390
2026-02-11 09:48:00,09:48:00,18.6,19.0,18.15,19.0,40040
2026-02-11 09:49:00,09:49:00,18.9,19.75,18.7,19.65,58890
2026-02-11 09:50:00,09:50:00,19.65,19.9,19.1,19.2,108810
2026-02-11 09:51:00,09:51:00,19.5,19.75,18.9,18.9,58760
2026-02-11 09:52:00,09:52:00,18.8,19.25,18.45,18.55,75335
2026-02-11 09:53:00,09:53:00,18.45,18.75,17.4,17.4,98865
2026-02-11 09:54:00,09:54:00,17.4,17.85,17.25,17.65,87685
2026-02-11 09:55:00,09:55:00,17.65,17.85,17.15,17.6,62400
2026-02-11 09:56:00,09:56:00,17.6,17.8,17.0,17.55,37245
2026-02-11 09:57:00,09:57:00,17.6,17.95,17.1,17.25,33020
2026-02-11 09:58:00,09:58:00,17.3,18.15,17.25,18.15,54795
2026-02-11 09:59:00,09:59:00,17.9,18.6,17.7,18.5,43810
2026-02-11 10:00:00,10:00:00,18.6,19.6,18.5,19.4,116805
2026-02-11 10:01:00,10:01:00,17.0,17.35,16.7,17.15,55250
2026-02-11 10:02:00,10:02:00,17.25,17.7,16.85,17.05,96590
2026-02-11 10:03:00,10:03:00,16.9,17.05,16.5,16.9,149305
2026-02-11 10:04:00,10:04:00,16.9,17.2,16.55,17.2,63570
2026-02-11 10:05:00,10:05:00,17.25,17.4,16.7,17.05,174980
2026-02-11 10:06:00,10:06:00,17.0,17.25,16.65,17.05,260000
2026-02-11 10:07:00,10:07:00,17.05,17.15,16.8,16.8,35230
2026-02-11 10:08:00,10:08:00,16.75,16.85,16.35,16.8,36725
2026-02-11 10:09:00,10:09:00,19.25,19.35,18.8,18.85,43550
2026-02-11 10:10:00,10:10:00,18.8,18.85,17.95,18.65,120380
2026-02-11 10:11:00,10:11:00,18.55,19.2,18.55,19.1,41665
2026-02-11 10:12:00,10:12:00,16.8,17.0,16.6,16.95,49335
2026-02-11 10:13:00,10:13:00,17.05,17.75,16.95,17.0,74490
2026-02-11 10:14:00,10:14:00,16.8,17.1,16.7,16.85,24180
2026-02-11 10:15:00,10:15:00,16.75,16.9,16.45,16.55,142610
2026-02-11 10:16:00,10:16:00,19.0,19.0,18.3,18.55,33345
2026-02-11 10:17:00,10:17:00,18.45,18.55,18.0,18.2,35880
2026-02-11 10:18:00,10:18:00,18.15,18.2,17.5,17.5,45240
2026-02-11 10:19:00,10:19:00,17.4,17.7,17.2,17.4,37310
2026-02-11 10:20:00,10:20:00,17.55,17.65,17.35,17.5,27170
2026-02-11 10:21:00,10:21:00,17.5,17.8,17.3,17.65,23985
2026-02-11 10:22:00,10:22:00,17.5,18.0,17.5,17.6,31135
2026-02-11 10:23:00,10:23:00,17.65,17.65,17.1,17.2,39260
2026-02-11 10:24:00,10:24:00,17.2,17.25,16.8,16.85,40885
2026-02-11 10:25:00,10:25:00,16.8,17.05,16.75,17.0,17940
2026-02-11 10:26:00,10:26:00,17.05,17.25,16.7,17.1,105755
2026-02-11 10:27:00,10:27:00,17.1,17.35,16.8,17.3,119990
2026-02-11 10:28:00,10:28:00,17.25,17.35,16.85,16.95,24375
2026-02-11 10:29:00,10:29:00,16.9,17.0,16.55,16.85,37895
2026-02-11 10:30:00,10:30:00,16.8,16.9,16.6,16.75,33345
2026-02-11 10:31:00,10:31:00,16.8,16.8,16.35,16.35,38480
2026-02-11 10:32:00,10:32:00,16.35,16.8,16.35,16.5,14105
2026-02-11 10:33:00,10:33:00,16.55,16.8,16.45,16.75,13065
2026-02-11 10:34:00,10:34:00,16.7,16.85,16.45,16.75,19955
2026-02-11 10:35:00,10:35:00,16.8,17.15,16.55,16.7,36790
2026-02-11 10:36:00,10:36:00,16.8,16.85,16.5,16.65,15145
2026-02-11 10:37:00,10:37:00,16.5,16.65,16.1,16.1,35295
2026-02-11 10:38:00,10:38:00,18.5,18.6,18.1,18.35,141245
2026-02-11 10:39:00,10:39:00,18.4,18.45,18.1,18.25,76180
2026-02-11 10:40:00,10:40:00,18.2,18.5,18.2,18.5,37310
2026-02-11 10:41:00,10:41:00,18.3,18.7,18.3,18.45,61035
2026-02-11 10:42:00,10:42:00,18.4,18.55,18.2,18.55,46085
2026-02-11 10:43:00,10:43:00,16.25,16.4,16.15,16.3,11310
2026-02-11 10:44:00,10:44:00,16.25,16.45,16.2,16.4,10010
2026-02-11 10:45:00,10:45:00,16.35,16.5,16.25,16.3,50570
2026-02-11 10:46:00,10:46:00,16.35,16.45,16.25,16.35,17355
2026-02-11 10:47:00,10:47:00,18.8,18.95,18.55,18.55,50310
2026-02-11 10:48:00,10:48:00,16.2,16.5,16.2,16.5,21450
2026-02-11 10:49:00,10:49:00,19.0,19.0,18.65,18.65,36660
2026-02-11 10:50:00,10:50:00,16.35,16.4,16.2,16.3,15340
2026-02-11 10:51:00,10:51:00,18.6,18.85,18.5,18.8,44785
2026-02-11 10:52:00,10:52:00,16.45,16.7,16.3,16.7,14235
2026-02-11 10:53:00,10:53:00,16.7,16.85,16.6,16.6,20150
2026-02-11 10:54:00,10:54:00,16.55,17.0,16.55,16.9,21840
2026-02-11 10:55:00,10:55:00,16.85,16.95,16.65,16.7,21905
2026-02-11 10:56:00,10:56:00,16.6,16.75,16.5,16.75,9555
2026-02-11 10:57:00,10:57:00,16.65,16.8,16.6,16.8,13000
2026-02-11 10:58:00,10:58:00,16.8,16.9,16.5,16.5,19240
2026-02-11 10:59:00,10:59:00,16.5,16.65,16.35,16.55,29575
2026-02-11 11:00:00,11:00:00,16.45,16.85,16.45,16.7,27625
2026-02-11 11:01:00,11:01:00,16.6,16.85,16.5,16.7,8450
2026-02-11 11:02:00,11:02:00,16.75,16.85,16.5,16.75,12090
2026-02-11 11:03:00,11:03:00,16.8,16.8,16.6,16.7,10790
2026-02-11 11:04:00,11:04:00,16.7,16.7,16.25,16.25,18590
2026-02-11 11:05:00,11:05:00,16.25,16.35,16.1,16.25,20020
2026-02-11 11:06:00,11:06:00,16.25,16.6,16.15,16.6,14950
2026-02-11 11:07:00,11:07:00,16.65,17.0,16.55,16.85,24635
2026-02-11 11:08:00,11:08:00,17.0,17.6,16.85,17.45,33410
2026-02-11 11:09:00,11:09:00,17.4,17.7,17.35,17.5,62335
2026-02-11 11:10:00,11:10:00,17.3,17.5,17.05,17.4,26065
2026-02-11 11:11:00,11:11:00,17.35,17.7,17.2,17.5,16185
2026-02-11 11:12:00,11:12:00,17.55,17.7,17.25,17.25,13000
2026-02-11 11:13:00,11:13:00,17.3,17.35,16.5,16.6,30615
2026-02-11 11:14:00,11:14:00,16.5,17.0,16.5,17.0,17030
2026-02-11 11:15:00,11:15:00,17.0,17.15,16.45,16.6,43875
2026-02-11 11:16:00,11:16:00,16.5,16.6,16.1,16.35,34060
2026-02-11 11:17:00,11:17:00,16.3,16.55,16.3,16.55,7995
2026-02-11 11:18:00,11:18:00,16.5,16.55,16.35,16.5,7605
2026-02-11 11:19:00,11:19:00,16.7,17.25,16.5,16.9,22100
2026-02-11 11:20:00,11:20:00,16.9,17.15,16.5,17.05,19175
2026-02-11 11:21:00,11:21:00,17.1,17.35,16.75,16.8,21125
2026-02-11 11:22:00,11:22:00,16.85,16.85,16.55,16.6,219245
2026-02-11 11:23:00,11:23:00,16.65,16.65,16.1,16.2,19955
2026-02-11 11:24:00,11:24:00,16.3,16.6,16.15,16.6,244790
2026-02-11 11:25:00,11:25:00,16.5,16.7,16.45,16.7,13195
2026-02-11 11:26:00,11:26:00,16.7,16.75,16.4,16.55,7930
2026-02-11 11:27:00,11:27:00,16.45,16.55,16.35,16.5,5330
2026-02-11 11:28:00,11:28:00,16.6,16.65,16.35,16.45,6565
2026-02-11 11:29:00,11:29:00,16.35,16.75,16.35,16.45,7735
2026-02-11 11:30:00,11:30:00,16.55,16.6,16.4,16.45,9750
2026-02-11 11:31:00,11:31:00,16.45,16.45,16.3,16.45,18980
2026-02-11 11:32:00,11:32:00,16.4,16.45,16.1,16.15,36660
2026-02-11 11:33:00,11:33:00,18.35,18.45,17.9,18.1,133640
2026-02-11 11:34:00,11:34:00,15.95,16.2,15.95,16.1,10465
2026-02-11 11:35:00,11:35:00,18.25,18.25,18.1,18.25,40820
2026-02-11 11:36:00,11:36:00,16.1,16.25,15.9,16.25,225225
2026-02-11 11:37:00,11:37:00,16.25,16.4,16.15,16.25,21060
2026-02-11 11:38:00,11:38:00,16.3,16.4,16.1,16.3,211185
2026-02-11 11:39:00,11:39:00,16.2,16.45,16.2,16.45,129870
2026-02-11 11:40:00,11:40:00,16.35,16.45,16.25,16.3,29055
2026-02-11 11:41:00,11:41:00,16.3,16.45,16.2,16.4,38675
2026-02-11 11:42:00,11:42:00,16.4,16.4,16.0,16.2,6175
2026-02-11 11:43:00,11:43:00,16.2,16.2,16.0,16.15,4615
2026-02-11 11:44:00,11:44:00,16.15,16.45,16.0,16.4,11635
2026-02-11 11:45:00,11:45:00,16.3,16.5,16.25,16.5,7475
2026-02-11 11:46:00,11:46:00,16.55,16.65,16.25,16.35,19370
2026-02-11 11:47:00,11:47:00,16.3,16.35,16.0,16.0,5590
2026-02-11 11:48:00,11:48:00,16.15,16.25,16.0,16.05,9100
2026-02-11 11:49:00,11:49:00,16.15,16.3,16.05,16.1,196040
2026-02-11 11:50:00,11:50:00,16.1,16.25,16.05,16.2,17160
2026-02-11 11:51:00,11:51:00,16.15,16.3,16.1,16.1,7280
2026-02-11 11:52:00,11:52:00,16.1,16.55,16.0,16.55,16055
2026-02-11 11:53:00,11:53:00,16.5,16.55,16.2,16.2,10270
2026-02-11 11:54:00,11:54:00,16.2,16.4,16.15,16.4,8190
2026-02-11 11:55:00,11:55:00,16.45,16.65,16.35,16.45,23335
2026-02-11 11:56:00,11:56:00,16.5,16.7,16.35,16.35,21385
2026-02-11 11:57:00,11:57:00,16.3,16.6,16.25,16.35,33085
2026-02-11 11:58:00,11:58:00,16.35,16.5,16.2,16.45,18330
2026-02-11 11:59:00,11:59:00,16.55,16.85,16.45,16.8,71500
2026-02-11 12:00:00,12:00:00,16.7,17.0,16.55,16.95,38090
2026-02-11 12:01:00,12:01:00,16.65,16.95,16.45,16.45,21320
2026-02-11 12:02:00,12:02:00,16.5,16.7,16.3,16.35,15535
2026-02-11 12:03:00,12:03:00,16.45,16.75,16.35,16.75,19565
2026-02-11 12:04:00,12:04:00,16.75,16.75,16.45,16.45,15795
2026-02-11 12:05:00,12:05:00,16.5,16.8,16.45,16.5,14495
2026-02-11 12:06:00,12:06:00,16.55,16.8,16.4,16.7,12675
2026-02-11 12:07:00,12:07:00,16.7,16.9,16.5,16.85,46475
2026-02-11 12:08:00,12:08:00,16.75,17.5,16.7,17.0,76700
2026-02-11 12:09:00,12:09:00,17.1,17.5,17.0,17.2,25740
2026-02-11 12:10:00,12:10:00,16.95,17.2,16.65,16.7,46280
2026-02-11 12:11:00,12:11:00,16.8,16.85,16.5,16.65,236405
2026-02-11 12:12:00,12:12:00,16.65,16.75,16.4,16.4,22295
2026-02-11 12:13:00,12:13:00,16.5,16.55,16.3,16.4,11310
2026-02-11 12:14:00,12:14:00,16.45,16.75,16.3,16.6,10725
2026-02-11 12:15:00,12:15:00,16.6,16.8,16.6,16.75,16770
2026-02-11 12:16:00,12:16:00,16.85,17.1,16.65,16.75,18265
2026-02-11 12:17:00,12:17:00,16.75,17.05,16.7,16.95,15210
2026-02-11 12:18:00,12:18:00,16.9,17.1,16.85,16.95,28080
2026-02-11 12:19:00,12:19:00,17.1,17.3,16.95,17.05,25220
2026-02-11 12:20:00,12:20:00,17.2,17.3,17.0,17.2,10400
2026-02-11 12:21:00,12:21:00,17.2,17.4,17.0,17.25,25220
2026-02-11 12:22:00,12:22:00,17.15,17.45,17.15,17.35,18980
2026-02-11 12:23:00,12:23:00,17.35,17.6,17.25,17.45,16965
2026-02-11 12:24:00,12:24:00,17.45,17.45,17.3,17.35,11115
2026-02-11 12:25:00,12:25:00,17.3,17.45,17.05,17.45,16510
2026-02-11 12:26:00,12:26:00,17.45,17.45,17.1,17.2,14170
2026-02-11 12:27:00,12:27:00,17.2,17.2,16.75,16.9,19240
2026-02-11 12:28:00,12:28:00,16.9,17.05,16.75,16.9,10140
2026-02-11 12:29:00,12:29:00,16.85,16.95,16.7,16.75,10335
2026-02-11 12:30:00,12:30:00,16.75,17.1,16.7,16.75,13065
2026-02-11 12:31:00,12:31:00,16.6,16.8,16.55,16.8,11635
2026-02-11 12:32:00,12:32:00,16.75,17.5,16.65,17.2,30225
2026-02-11 12:33:00,12:33:00,17.2,17.4,17.1,17.35,13195
2026-02-11 12:34:00,12:34:00,17.4,17.95,17.25,17.8,36465
2026-02-11 12:35:00,12:35:00,17.9,17.95,17.1,17.3,34190
2026-02-11 12:36:00,12:36:00,17.35,17.65,17.25,17.5,16835
2026-02-11 12:37:00,12:37:00,15.3,15.85,15.3,15.8,40235
2026-02-11 12:38:00,12:38:00,15.6,15.8,15.45,15.55,31980
2026-02-11 12:39:00,12:39:00,15.6,15.8,15.55,15.65,30485
2026-02-11 12:40:00,12:40:00,15.6,15.75,15.5,15.5,40105
2026-02-11 12:41:00,12:41:00,15.5,15.5,15.2,15.4,33345
2026-02-11 12:42:00,12:42:00,15.35,17.2,15.25,16.6,151970
2026-02-11 12:43:00,12:43:00,16.55,16.6,16.1,16.35,114920
2026-02-11 12:44:00,12:44:00,16.5,16.5,15.95,16.05,80405
2026-02-11 12:45:00,12:45:00,16.25,16.8,16.05,16.8,82810
2026-02-11 12:46:00,12:46:00,16.85,16.95,16.4,16.65,70005
2026-02-11 12:47:00,12:47:00,16.6,16.65,16.15,16.2,28925
2026-02-11 12:48:00,12:48:00,16.35,16.4,15.75,16.25,44785
2026-02-11 12:49:00,12:49:00,16.25,16.35,15.85,15.9,24310
2026-02-11 12:50:00,12:50:00,15.95,15.95,15.55,15.65,28015
2026-02-11 12:51:00,12:51:00,15.65,16.0,15.55,16.0,22035
2026-02-11 12:52:00,12:52:00,15.95,16.3,15.85,16.0,28340
2026-02-11 12:53:00,12:53:00,16.0,16.1,15.65,15.9,25805
2026-02-11 12:54:00,12:54:00,17.85,18.1,17.6,17.7,31525
2026-02-11 12:55:00,12:55:00,17.75,18.1,17.6,17.8,23920
2026-02-11 12:56:00,12:56:00,18.0,18.0,17.4,17.55,10595
2026-02-11 12:57:00,12:57:00,17.6,17.6,16.9,17.2,39325
2026-02-11 12:58:00,12:58:00,17.15,17.45,16.95,17.15,20605
2026-02-11 12:59:00,12:59:00,17.05,17.45,16.8,17.4,29575
2026-02-11 13:00:00,13:00:00,15.2,15.55,15.15,15.4,58045
2026-02-11 13:01:00,13:01:00,15.35,15.9,15.35,15.6,54470
2026-02-11 13:02:00,13:02:00,15.55,15.95,15.5,15.65,24570
2026-02-11 13:03:00,13:03:00,15.85,16.1,15.4,15.65,30940
2026-02-11 13:04:00,13:04:00,15.6,15.75,15.6,15.75,6500
2026-02-11 13:05:00,13:05:00,15.65,15.75,15.35,15.45,17875
2026-02-11 13:06:00,13:06:00,15.45,15.5,14.9,15.05,54470
2026-02-11 13:07:00,13:07:00,17.05,17.3,16.95,17.1,34775
2026-02-11 13:08:00,13:08:00,17.05,17.3,16.95,17.25,12155
2026-02-11 13:09:00,13:09:00,17.25,17.45,17.15,17.25,16380
2026-02-11 13:10:00,13:10:00,17.2,17.4,17.05,17.2,24180
2026-02-11 13:11:00,13:11:00,15.2,15.25,15.1,15.15,29900
2026-02-11 13:12:00,13:12:00,17.25,17.4,16.7,16.75,13130
2026-02-11 13:13:00,13:13:00,14.8,15.15,14.7,15.15,27820
2026-02-11 13:14:00,13:14:00,15.05,15.5,15.0,15.15,21970
2026-02-11 13:15:00,13:15:00,17.2,17.25,16.95,16.95,7475
2026-02-11 13:16:00,13:16:00,14.9,15.3,14.85,15.1,17680
2026-02-11 13:17:00,13:17:00,17.1,17.25,17.0,17.1,11245
2026-02-11 13:18:00,13:18:00,16.95,17.1,16.85,16.85,14235
2026-02-11 13:19:00,13:19:00,16.85,16.85,16.65,16.75,13585
2026-02-11 13:20:00,13:20:00,16.75,16.75,16.2,16.25,33540
2026-02-11 13:21:00,13:21:00,16.35,16.45,16.15,16.35,9035
2026-02-11 13:22:00,13:22:00,16.4,16.7,16.3,16.6,8905
2026-02-11 13:23:00,13:23:00,16.55,17.1,16.35,17.1,11570
2026-02-11 13:24:00,13:24:00,17.2,17.4,16.5,16.5,23140
2026-02-11 13:25:00,13:25:00,16.4,16.5,16.3,16.45,11765
2026-02-11 13:26:00,13:26:00,16.55,16.6,16.4,16.5,4290
2026-02-11 13:27:00,13:27:00,16.45,16.5,16.1,16.25,15405
2026-02-11 13:28:00,13:28:00,16.3,16.3,15.9,16.05,22880
2026-02-11 13:29:00,13:29:00,15.95,16.05,15.75,15.8,19175
2026-02-11 13:30:00,13:30:00,15.85,16.0,15.6,15.95,25675
2026-02-11 13:31:00,13:31:00,15.9,16.05,15.85,15.95,13780
2026-02-11 13:32:00,13:32:00,16.05,16.25,15.95,15.95,11050
2026-02-11 13:33:00,13:33:00,15.9,16.1,15.8,15.9,11375
2026-02-11 13:34:00,13:34:00,15.95,15.95,15.7,15.85,13910
2026-02-11 13:35:00,13:35:00,15.8,15.95,15.8,15.95,15665
2026-02-11 13:36:00,13:36:00,15.9,16.35,15.85,16.2,11960
2026-02-11 13:37:00,13:37:00,16.25,16.35,16.15,16.3,9360
2026-02-11 13:38:00,13:38:00,16.15,16.3,15.95,16.15,17485
2026-02-11 13:39:00,13:39:00,16.15,16.25,16.05,16.2,13650
2026-02-11 13:40:00,13:40:00,16.15,16.35,16.05,16.05,7280
2026-02-11 13:41:00,13:41:00,16.1,16.15,15.95,15.95,227760
2026-02-11 13:42:00,13:42:00,16.0,16.1,15.7,15.8,20995
2026-02-11 13:43:00,13:43:00,15.75,16.05,15.7,16.05,32630
2026-02-11 13:44:00,13:44:00,16.0,16.25,15.95,16.25,239590
2026-02-11 13:45:00,13:45:00,16.2,16.4,16.2,16.4,13000
2026-02-11 13:46:00,13:46:00,16.3,16.4,16.1,16.15,24505
2026-02-11 13:47:00,13:47:00,16.1,16.4,16.1,16.35,10140
2026-02-11 13:48:00,13:48:00,16.3,16.4,16.2,16.2,15665
2026-02-11 13:49:00,13:49:00,16.25,16.65,16.2,16.6,26130
2026-02-11 13:50:00,13:50:00,16.65,17.1,16.5,17.0,33020
2026-02-11 13:51:00,13:51:00,17.0,17.4,16.8,17.4,26195
2026-02-11 13:52:00,13:52:00,17.25,17.4,16.8,16.9,33540
2026-02-11 13:53:00,13:53:00,16.9,17.05,16.7,17.0,17355
2026-02-11 13:54:00,13:54:00,16.95,17.0,16.75,16.95,12935
2026-02-11 13:55:00,13:55:00,16.85,16.95,16.6,16.75,8645
2026-02-11 13:56:00,13:56:00,16.75,16.85,16.65,16.65,3315
2026-02-11 13:57:00,13:57:00,16.65,16.7,16.5,16.6,14560
2026-02-11 13:58:00,13:58:00,16.8,16.9,16.6,16.85,4485
2026-02-11 13:59:00,13:59:00,16.85,17.05,16.85,17.05,12805
2026-02-11 14:00:00,14:00:00,17.05,17.05,16.8,17.0,11570
2026-02-11 14:01:00,14:01:00,17.1,17.1,16.7,16.9,10465
2026-02-11 14:02:00,14:02:00,16.8,16.9,16.3,16.4,23270
2026-02-11 14:03:00,14:03:00,16.45,16.65,16.4,16.5,10335
2026-02-11 14:04:00,14:04:00,16.4,16.65,16.4,16.45,8255
2026-02-11 14:05:00,14:05:00,16.55,16.55,16.35,16.4,11375
2026-02-11 14:06:00,14:06:00,16.5,16.55,16.15,16.55,10855
2026-02-11 14:07:00,14:07:00,16.6,16.75,16.5,16.6,11310
2026-02-11 14:08:00,14:08:00,16.6,16.6,16.5,16.6,1430
2026-02-11 14:09:00,14:09:00,16.55,16.6,16.4,16.5,23465
2026-02-11 14:10:00,14:10:00,16.45,16.5,16.05,16.1,14430
2026-02-11 14:11:00,14:11:00,16.1,16.4,16.05,16.4,11895
2026-02-11 14:12:00,14:12:00,16.4,16.4,16.25,16.35,5980
2026-02-11 14:13:00,14:13:00,16.25,16.4,16.15,16.15,2925
2026-02-11 14:14:00,14:14:00,16.1,16.15,15.95,15.95,14625
2026-02-11 14:15:00,14:15:00,16.05,16.2,15.95,16.15,25285
2026-02-11 14:16:00,14:16:00,16.05,16.3,16.05,16.05,19045
2026-02-11 14:17:00,14:17:00,16.15,16.25,16.05,16.15,8450
2026-02-11 14:18:00,14:18:00,16.15,16.4,16.1,16.4,12740
2026-02-11 14:19:00,14:19:00,16.3,16.5,16.3,16.4,6630
2026-02-11 14:20:00,14:20:00,16.4,16.55,16.3,16.45,21645
2026-02-11 14:21:00,14:21:00,16.4,16.65,16.4,16.45,20995
2026-02-11 14:22:00,14:22:00,16.5,16.65,16.4,16.65,6500
2026-02-11 14:23:00,14:23:00,16.7,16.9,16.65,16.7,51025
2026-02-11 14:24:00,14:24:00,16.65,16.8,16.65,16.65,15795
2026-02-11 14:25:00,14:25:00,16.65,16.75,16.6,16.75,3185
2026-02-11 14:26:00,14:26:00,16.7,16.75,16.45,16.45,13260
2026-02-11 14:27:00,14:27:00,16.55,16.55,16.35,16.55,7410
2026-02-11 14:28:00,14:28:00,16.5,16.55,16.25,16.3,12675
2026-02-11 14:29:00,14:29:00,16.25,16.65,16.25,16.65,6045
2026-02-11 14:30:00,14:30:00,16.65,16.85,16.55,16.85,10855
2026-02-11 14:31:00,14:31:00,16.8,16.85,16.55,16.55,9035
2026-02-11 14:32:00,14:32:00,16.5,16.55,16.3,16.45,7995
2026-02-11 14:33:00,14:33:00,16.4,16.6,16.4,16.6,2340
2026-02-11 14:34:00,14:34:00,16.5,16.6,16.25,16.3,10920
2026-02-11 14:35:00,14:35:00,16.35,16.5,16.3,16.3,6370
2026-02-11 14:36:00,14:36:00,16.4,16.45,16.3,16.45,6370
2026-02-11 14:37:00,14:37:00,16.35,16.45,16.25,16.45,4355
2026-02-11 14:38:00,14:38:00,16.35,16.5,16.3,16.5,12545
2026-02-11 14:39:00,14:39:00,16.55,16.7,16.45,16.65,29510
2026-02-11 14:40:00,14:40:00,16.7,16.75,16.6,16.65,6825
2026-02-11 14:41:00,14:41:00,16.65,16.7,16.6,16.7,2340
2026-02-11 14:42:00,14:42:00,16.65,16.8,16.65,16.7,8710
2026-02-11 14:43:00,14:43:00,16.75,16.75,16.45,16.6,18070
2026-02-11 14:44:00,14:44:00,16.55,16.75,16.55,16.6,31525
2026-02-11 14:45:00,14:45:00,16.75,16.85,16.6,16.85,11115
2026-02-11 14:46:00,14:46:00,16.75,16.85,16.65,16.65,9490
2026-02-11 14:47:00,14:47:00,16.75,17.05,16.65,16.95,9425
2026-02-11 14:48:00,14:48:00,16.85,17.05,16.85,16.9,8970
2026-02-11 14:49:00,14:49:00,16.85,17.1,16.85,16.9,4940
2026-02-11 14:50:00,14:50:00,17.05,17.05,16.85,17.0,12285
2026-02-11 14:51:00,14:51:00,17.0,17.15,16.95,17.1,18915
2026-02-11 14:52:00,14:52:00,17.0,17.15,16.95,17.15,9035
2026-02-11 14:53:00,14:53:00,17.15,17.35,17.0,17.35,21775
2026-02-11 14:54:00,14:54:00,17.3,17.4,17.15,17.2,10660
2026-02-11 14:55:00,14:55:00,17.2,17.25,17.05,17.15,13845
2026-02-11 14:56:00,14:56:00,17.0,17.15,16.9,17.1,13520
2026-02-11 14:57:00,14:57:00,17.15,17.2,17.0,17.1,4745
2026-02-11 14:58:00,14:58:00,17.1,17.25,17.1,17.15,31460
2026-02-11 14:59:00,14:59:00,17.15,17.4,17.1,17.4,16445
2026-02-11 15:00:00,15:00:00,17.0,17.4,16.75,17.1,49790
2026-02-11 15:01:00,15:01:00,17.2,17.25,17.0,17.1,43875
2026-02-11 15:02:00,15:02:00,17.05,17.45,17.05,17.45,26390
2026-02-11 15:03:00,15:03:00,17.25,17.45,17.1,17.2,30095
2026-02-11 15:04:00,15:04:00,17.15,17.2,17.0,17.05,17680
2026-02-11 15:05:00,15:05:00,17.0,17.05,16.85,17.0,21580
2026-02-11 15:06:00,15:06:00,16.85,17.0,16.75,16.9,34905
2026-02-11 15:07:00,15:07:00,16.9,17.6,16.9,17.55,109395
2026-02-11 15:08:00,15:08:00,17.6,18.25,17.55,17.9,502385
2026-02-11 15:09:00,15:09:00,17.95,18.3,17.9,18.2,35555
2026-02-11 15:10:00,15:10:00,18.2,18.2,17.95,18.15,38610
2026-02-11 15:11:00,15:11:00,18.2,18.3,18.1,18.3,37245
2026-02-11 15:12:00,15:12:00,18.2,18.3,18.0,18.2,30875
2026-02-11 15:13:00,15:13:00,18.2,18.2,17.85,18.05,30355
2026-02-11 15:14:00,15:14:00,18.05,18.05,17.65,17.8,24505
2026-02-11 15:15:00,15:15:00,17.9,18.05,17.6,17.9,81835
2026-02-11 15:16:00,15:16:00,17.9,18.0,17.7,17.95,61490
2026-02-11 15:17:00,15:17:00,17.95,18.2,17.95,18.1,52390
2026-02-11 15:18:00,15:18:00,18.2,18.25,18.0,18.05,43940
2026-02-11 15:19:00,15:19:00,18.05,18.35,18.05,18.35,28600
2026-02-11 15:20:00,15:20:00,18.4,18.9,18.35,18.75,87100
2026-02-11 15:21:00,15:21:00,18.8,18.95,18.75,18.85,52000
2026-02-11 15:22:00,15:22:00,18.85,18.9,18.5,18.65,59150
2026-02-11 15:23:00,15:23:00,18.55,18.9,18.55,18.7,70265
2026-02-11 15:24:00,15:24:00,18.75,19.2,18.6,19.15,79235
2026-02-11 15:25:00,15:25:00,19.15,19.2,18.75,18.8,97305
2026-02-11 15:26:00,15:26:00,18.85,19.0,18.55,19.0,97695
2026-02-11 15:27:00,15:27:00,18.95,19.15,18.85,19.0,83525
2026-02-11 15:28:00,15:28:00,19.05,19.1,18.95,19.05,74035
2026-02-11 15:29:00,15:29:00,19.1,19.2,18.85,19.2,68835
