datetime,time,open,high,low,close,volume
2026-03-23 09:15:00,09:15:00,60.05,75.35,39.8,74.65,584675
2026-03-23 09:16:00,09:16:00,84.05,90.0,71.4,71.75,1148810
2026-03-23 09:17:00,09:17:00,70.35,74.8,67.65,71.35,817180
2026-03-23 09:18:00,09:18:00,71.9,76.55,71.25,75.85,653770
2026-03-23 09:19:00,09:19:00,75.55,77.1,72.5,74.2,521365
2026-03-23 09:20:00,09:20:00,74.05,77.5,70.65,72.3,557700
2026-03-23 09:21:00,09:21:00,72.0,73.2,69.05,70.55,580775
2026-03-23 09:22:00,09:22:00,69.85,72.7,68.05,71.7,498550
2026-03-23 09:23:00,09:23:00,71.75,73.75,70.9,72.25,492180
2026-03-23 09:24:00,09:24:00,72.5,75.2,70.65,73.8,464750
2026-03-23 09:25:00,09:25:00,74.45,75.35,72.4,73.5,538460
2026-03-23 09:26:00,09:26:00,73.35,74.95,70.7,70.7,278525
2026-03-23 09:27:00,09:27:00,71.1,72.0,70.35,71.2,260065
2026-03-23 09:28:00,09:28:00,71.1,74.35,70.55,73.9,193245
2026-03-23 09:29:00,09:29:00,73.85,74.8,71.85,73.8,282490
2026-03-23 09:30:00,09:30:00,74.4,75.85,71.0,72.25,530335
2026-03-23 09:31:00,09:31:00,72.0,74.5,70.85,74.2,193700
2026-03-23 09:32:00,09:32:00,73.95,75.65,73.25,75.0,457145
2026-03-23 09:33:00,09:33:00,74.15,75.0,71.05,72.8,199680
2026-03-23 09:34:00,09:34:00,72.3,73.75,71.6,72.35,117130
2026-03-23 09:35:00,09:35:00,82.0,82.85,78.05,78.4,169065
2026-03-23 09:36:00,09:36:00,77.8,80.5,75.0,75.55,217165
2026-03-23 09:37:00,09:37:00,75.65,78.65,75.55,77.95,128895
2026-03-23 09:38:00,09:38:00,68.8,70.55,67.75,69.9,435045
2026-03-23 09:39:00,09:39:00,69.9,71.7,69.7,70.95,229905
2026-03-23 09:40:00,09:40:00,71.25,73.7,69.8,73.5,419900
2026-03-23 09:41:00,09:41:00,73.35,73.85,71.9,73.35,813735
2026-03-23 09:42:00,09:42:00,73.15,76.4,73.15,74.8,341055
2026-03-23 09:43:00,09:43:00,74.95,75.4,73.4,74.15,234780
2026-03-23 09:44:00,09:44:00,75.25,76.8,71.45,73.0,431860
2026-03-23 09:45:00,09:45:00,73.2,75.3,73.0,73.15,234585
2026-03-23 09:46:00,09:46:00,73.15,75.2,72.5,74.9,204165
2026-03-23 09:47:00,09:47:00,74.85,79.8,74.75,78.4,647725
2026-03-23 09:48:00,09:48:00,70.15,72.9,69.8,71.65,207415
2026-03-23 09:49:00,09:49:00,71.85,73.65,71.3,72.45,152425
2026-03-23 09:50:00,09:50:00,72.6,74.25,71.65,73.6,175240
2026-03-23 09:51:00,09:51:00,73.8,76.05,72.5,75.65,186680
2026-03-23 09:52:00,09:52:00,75.05,77.0,71.7,72.3,273975
2026-03-23 09:53:00,09:53:00,72.6,76.65,72.3,76.35,150150
2026-03-23 09:54:00,09:54:00,76.75,82.85,75.9,81.85,371800
2026-03-23 09:55:00,09:55:00,81.9,85.15,81.45,84.15,360035
2026-03-23 09:56:00,09:56:00,75.15,79.9,72.55,78.45,532805
2026-03-23 09:57:00,09:57:00,78.7,83.65,77.8,81.9,667940
2026-03-23 09:58:00,09:58:00,80.9,81.9,73.45,77.0,482040
2026-03-23 09:59:00,09:59:00,77.3,81.55,77.0,80.35,450710
2026-03-23 10:00:00,10:00:00,80.55,83.0,79.5,82.1,455455
2026-03-23 10:01:00,10:01:00,81.85,84.55,77.7,82.55,438295
2026-03-23 10:02:00,10:02:00,82.8,83.0,77.9,78.7,328900
2026-03-23 10:03:00,10:03:00,78.35,80.75,75.2,80.75,251745
2026-03-23 10:04:00,10:04:00,80.65,81.9,76.55,76.95,174720
2026-03-23 10:05:00,10:05:00,76.9,77.55,74.05,76.45,228995
2026-03-23 10:06:00,10:06:00,77.0,77.55,73.65,73.65,129805
2026-03-23 10:07:00,10:07:00,72.7,76.8,72.0,76.6,231595
2026-03-23 10:08:00,10:08:00,77.0,78.55,76.0,77.55,227760
2026-03-23 10:09:00,10:09:00,77.4,78.95,77.4,78.8,114400
2026-03-23 10:10:00,10:10:00,77.9,81.25,77.75,79.7,227305
2026-03-23 10:11:00,10:11:00,79.65,81.25,77.8,80.75,159575
2026-03-23 10:12:00,10:12:00,80.75,83.45,80.75,81.95,296335
2026-03-23 10:13:00,10:13:00,82.05,87.8,80.4,85.6,558415
2026-03-23 10:14:00,10:14:00,75.9,77.5,74.5,75.75,140270
2026-03-23 10:15:00,10:15:00,75.7,78.25,74.4,78.0,163735
2026-03-23 10:16:00,10:16:00,78.45,79.25,76.1,78.25,175565
2026-03-23 10:17:00,10:17:00,88.4,88.4,80.65,82.6,518375
2026-03-23 10:18:00,10:18:00,74.05,75.35,73.2,74.8,98150
2026-03-23 10:19:00,10:19:00,74.8,78.0,73.8,77.9,132210
2026-03-23 10:20:00,10:20:00,78.0,79.75,75.6,77.9,172575
2026-03-23 10:21:00,10:21:00,77.9,79.5,76.2,76.4,121745
2026-03-23 10:22:00,10:22:00,76.55,79.65,75.8,77.2,115180
2026-03-23 10:23:00,10:23:00,77.1,78.2,73.85,75.25,142675
2026-03-23 10:24:00,10:24:00,75.7,78.15,74.65,77.9,85930
2026-03-23 10:25:00,10:25:00,77.8,78.2,76.3,76.9,73385
2026-03-23 10:26:00,10:26:00,75.75,76.9,73.8,73.8,84175
2026-03-23 10:27:00,10:27:00,74.3,74.95,73.0,74.55,126165
2026-03-23 10:28:00,10:28:00,75.0,78.45,74.55,78.3,156975
2026-03-23 10:29:00,10:29:00,77.95,78.6,75.95,78.0,145990
2026-03-23 10:30:00,10:30:00,77.75,78.0,73.65,75.0,99450
2026-03-23 10:31:00,10:31:00,74.8,75.75,72.9,75.0,96980
2026-03-23 10:32:00,10:32:00,75.15,76.0,73.3,73.65,44980
2026-03-23 10:33:00,10:33:00,74.2,76.4,72.7,74.9,71435
2026-03-23 10:34:00,10:34:00,74.9,77.45,74.5,77.45,74555
2026-03-23 10:35:00,10:35:00,77.05,77.45,73.4,73.8,87295
2026-03-23 10:36:00,10:36:00,83.5,84.55,78.65,78.85,331175
2026-03-23 10:37:00,10:37:00,79.45,81.35,77.55,77.9,226330
2026-03-23 10:38:00,10:38:00,68.9,71.55,68.9,71.2,98020
2026-03-23 10:39:00,10:39:00,71.25,72.7,69.8,72.3,91065
2026-03-23 10:40:00,10:40:00,72.9,76.25,72.3,75.65,121810
2026-03-23 10:41:00,10:41:00,75.1,76.3,73.3,73.3,86255
2026-03-23 10:42:00,10:42:00,73.75,75.95,72.3,73.2,66365
2026-03-23 10:43:00,10:43:00,73.25,75.3,72.35,72.35,43420
2026-03-23 10:44:00,10:44:00,72.3,75.0,71.85,73.05,68510
2026-03-23 10:45:00,10:45:00,73.3,74.5,72.95,73.45,46280
2026-03-23 10:46:00,10:46:00,73.6,75.65,73.45,74.9,52260
2026-03-23 10:47:00,10:47:00,75.0,76.25,74.4,74.8,100750
2026-03-23 10:48:00,10:48:00,75.15,76.7,73.8,76.5,85605
2026-03-23 10:49:00,10:49:00,76.45,77.15,73.1,73.7,106730
2026-03-23 10:50:00,10:50:00,74.7,77.85,73.7,77.45,153660
2026-03-23 10:51:00,10:51:00,69.45,71.5,68.6,69.7,1434810
2026-03-23 10:52:00,10:52:00,70.05,71.75,69.7,70.4,848575
2026-03-23 10:53:00,10:53:00,79.9,80.15,76.75,77.45,161980
2026-03-23 10:54:00,10:54:00,78.05,78.35,74.75,76.45,107835
2026-03-23 10:55:00,10:55:00,67.25,68.9,67.0,68.4,810615
2026-03-23 10:56:00,10:56:00,77.65,78.0,74.2,75.35,106015
2026-03-23 10:57:00,10:57:00,66.35,68.5,66.1,66.95,335400
2026-03-23 10:58:00,10:58:00,75.9,76.6,74.3,74.75,72345
2026-03-23 10:59:00,10:59:00,74.4,75.9,72.8,74.35,107770
2026-03-23 11:00:00,11:00:00,65.15,69.45,65.15,68.7,654225
2026-03-23 11:01:00,11:01:00,68.7,71.5,68.7,70.7,980460
2026-03-23 11:02:00,11:02:00,71.5,72.7,68.95,69.65,1135875
2026-03-23 11:03:00,11:03:00,69.55,70.2,67.65,68.85,914810
2026-03-23 11:04:00,11:04:00,77.3,78.25,75.2,75.35,128245
2026-03-23 11:05:00,11:05:00,75.3,77.4,75.3,75.65,88140
2026-03-23 11:06:00,11:06:00,75.9,77.8,73.5,73.55,95355
2026-03-23 11:07:00,11:07:00,83.6,83.6,75.65,76.8,618475
2026-03-23 11:08:00,11:08:00,68.3,70.15,67.95,68.2,164710
2026-03-23 11:09:00,11:09:00,68.5,70.15,68.2,68.85,117065
2026-03-23 11:10:00,11:10:00,68.25,69.1,67.55,68.1,94120
2026-03-23 11:11:00,11:11:00,68.4,68.75,66.35,66.65,74880
2026-03-23 11:12:00,11:12:00,67.45,69.45,66.5,69.45,62855
2026-03-23 11:13:00,11:13:00,69.45,71.05,69.0,70.4,112060
2026-03-23 11:14:00,11:14:00,70.15,70.45,68.65,70.15,46995
2026-03-23 11:15:00,11:15:00,70.5,72.85,70.15,72.45,124215
2026-03-23 11:16:00,11:16:00,72.65,74.25,72.3,73.9,105300
2026-03-23 11:17:00,11:17:00,74.2,74.7,72.8,74.3,82420
2026-03-23 11:18:00,11:18:00,74.85,76.55,74.05,74.9,128245
2026-03-23 11:19:00,11:19:00,74.85,75.75,73.2,74.85,56225
2026-03-23 11:20:00,11:20:00,74.95,74.95,69.3,70.6,132210
2026-03-23 11:21:00,11:21:00,71.1,72.55,70.6,71.85,70395
2026-03-23 11:22:00,11:22:00,71.65,75.75,71.35,75.55,82875
2026-03-23 11:23:00,11:23:00,74.7,75.7,70.9,71.0,117130
2026-03-23 11:24:00,11:24:00,71.3,73.5,70.25,71.55,80470
2026-03-23 11:25:00,11:25:00,71.8,72.2,70.5,70.95,60970
2026-03-23 11:26:00,11:26:00,71.1,72.1,68.7,69.85,88920
2026-03-23 11:27:00,11:27:00,69.8,72.35,69.2,72.2,63570
2026-03-23 11:28:00,11:28:00,72.2,73.5,71.1,73.5,65845
2026-03-23 11:29:00,11:29:00,73.7,73.7,68.65,69.85,71825
2026-03-23 11:30:00,11:30:00,69.9,71.6,69.4,71.2,50505
2026-03-23 11:31:00,11:31:00,71.2,71.45,69.5,70.1,36725
2026-03-23 11:32:00,11:32:00,69.5,72.1,68.35,71.55,83460
2026-03-23 11:33:00,11:33:00,71.9,74.6,71.45,74.6,83330
2026-03-23 11:34:00,11:34:00,74.75,74.8,72.3,72.95,95940
2026-03-23 11:35:00,11:35:00,64.2,66.8,64.1,66.7,518245
2026-03-23 11:36:00,11:36:00,66.15,66.75,65.15,66.45,399100
2026-03-23 11:37:00,11:37:00,75.4,76.1,74.05,74.55,63895
2026-03-23 11:38:00,11:38:00,74.45,74.6,73.0,73.3,66365
2026-03-23 11:39:00,11:39:00,73.45,73.5,70.45,71.3,80275
2026-03-23 11:40:00,11:40:00,71.45,72.35,68.4,71.65,85735
2026-03-23 11:41:00,11:41:00,71.7,71.7,69.5,69.7,48295
2026-03-23 11:42:00,11:42:00,69.5,73.75,69.5,72.9,68575
2026-03-23 11:43:00,11:43:00,64.45,67.75,64.05,66.7,581555
2026-03-23 11:44:00,11:44:00,66.9,68.6,65.95,66.55,987740
2026-03-23 11:45:00,11:45:00,75.5,76.2,73.0,74.25,100945
2026-03-23 11:46:00,11:46:00,73.45,76.6,73.45,75.7,81120
2026-03-23 11:47:00,11:47:00,66.9,67.95,65.5,67.05,351065
2026-03-23 11:48:00,11:48:00,76.65,76.7,73.75,75.65,90675
2026-03-23 11:49:00,11:49:00,75.75,77.0,74.25,74.55,61295
2026-03-23 11:50:00,11:50:00,74.55,75.8,73.5,73.6,58435
2026-03-23 11:51:00,11:51:00,73.3,73.6,70.4,72.05,102310
2026-03-23 11:52:00,11:52:00,71.95,72.45,70.0,71.8,116285
2026-03-23 11:53:00,11:53:00,71.45,72.45,69.85,71.95,212030
2026-03-23 11:54:00,11:54:00,71.65,72.6,71.0,71.55,35490
2026-03-23 11:55:00,11:55:00,71.3,72.35,71.05,71.85,24960
2026-03-23 11:56:00,11:56:00,71.75,74.3,71.75,73.75,63635
2026-03-23 11:57:00,11:57:00,73.95,73.95,71.3,71.3,71240
2026-03-23 11:58:00,11:58:00,71.15,73.3,70.75,71.5,69615
2026-03-23 11:59:00,11:59:00,71.65,73.4,70.9,71.75,39975
2026-03-23 12:00:00,12:00:00,71.95,73.95,71.25,73.0,63050
2026-03-23 12:01:00,12:01:00,73.35,73.95,72.0,72.1,49855
2026-03-23 12:02:00,12:02:00,72.15,73.3,71.05,71.1,38480
2026-03-23 12:03:00,12:03:00,70.85,72.9,70.8,72.15,46085
2026-03-23 12:04:00,12:04:00,72.2,72.55,70.75,72.55,33345
2026-03-23 12:05:00,12:05:00,72.25,73.15,71.1,71.8,43030
2026-03-23 12:06:00,12:06:00,71.45,73.5,71.2,73.5,17160
2026-03-23 12:07:00,12:07:00,73.35,75.2,73.35,74.2,92820
2026-03-23 12:08:00,12:08:00,74.0,75.0,73.4,74.2,53430
2026-03-23 12:09:00,12:09:00,73.7,74.8,72.05,72.15,53950
2026-03-23 12:10:00,12:10:00,71.9,72.3,69.8,71.5,104780
2026-03-23 12:11:00,12:11:00,71.45,72.35,70.95,71.35,50505
2026-03-23 12:12:00,12:12:00,71.35,73.2,71.15,73.1,43160
2026-03-23 12:13:00,12:13:00,72.65,74.7,72.45,73.9,69225
2026-03-23 12:14:00,12:14:00,74.15,75.35,73.9,74.75,77870
2026-03-23 12:15:00,12:15:00,75.3,77.85,74.4,76.4,183560
2026-03-23 12:16:00,12:16:00,67.9,69.4,67.4,68.15,799435
2026-03-23 12:17:00,12:17:00,77.35,79.45,76.35,78.35,261235
2026-03-23 12:18:00,12:18:00,69.0,69.6,67.6,68.7,482040
2026-03-23 12:19:00,12:19:00,78.2,79.25,77.0,78.55,83980
2026-03-23 12:20:00,12:20:00,69.1,70.3,67.7,69.3,546650
2026-03-23 12:21:00,12:21:00,69.3,69.65,68.2,68.7,350740
2026-03-23 12:22:00,12:22:00,69.2,73.2,68.5,72.3,1712230
2026-03-23 12:23:00,12:23:00,72.2,74.8,71.05,72.1,1156805
2026-03-23 12:24:00,12:24:00,72.4,80.65,72.0,79.05,1725815
2026-03-23 12:25:00,12:25:00,78.15,84.2,78.15,82.55,2294695
2026-03-23 12:26:00,12:26:00,82.5,87.35,81.55,85.55,1846130
2026-03-23 12:27:00,12:27:00,85.55,85.55,80.4,82.1,1356290
2026-03-23 12:28:00,12:28:00,82.25,83.5,77.45,77.6,1243775
2026-03-23 12:29:00,12:29:00,77.2,78.3,75.8,76.8,1253655
2026-03-23 12:30:00,12:30:00,76.9,80.15,75.6,78.5,996710
2026-03-23 12:31:00,12:31:00,79.6,81.0,76.2,77.05,706030
2026-03-23 12:32:00,12:32:00,76.85,80.0,76.3,78.25,427960
2026-03-23 12:33:00,12:33:00,78.45,78.45,75.9,78.3,428350
2026-03-23 12:34:00,12:34:00,77.95,78.3,73.35,74.0,698100
2026-03-23 12:35:00,12:35:00,83.25,84.15,81.25,81.65,126945
2026-03-23 12:36:00,12:36:00,73.05,75.3,72.45,74.75,430885
2026-03-23 12:37:00,12:37:00,83.85,84.0,76.35,77.05,301470
2026-03-23 12:38:00,12:38:00,76.8,79.85,76.8,79.75,90025
2026-03-23 12:39:00,12:39:00,71.0,72.75,70.45,72.7,451360
2026-03-23 12:40:00,12:40:00,81.75,81.8,79.7,80.6,94120
2026-03-23 12:41:00,12:41:00,80.3,81.4,79.45,80.35,62465
2026-03-23 12:42:00,12:42:00,71.5,74.1,71.5,73.8,508820
2026-03-23 12:43:00,12:43:00,73.1,75.35,72.7,73.9,479895
2026-03-23 12:44:00,12:44:00,83.1,83.45,79.95,81.5,87295
2026-03-23 12:45:00,12:45:00,81.45,84.45,81.25,83.5,77675
2026-03-23 12:46:00,12:46:00,83.8,84.7,81.95,82.0,70720
2026-03-23 12:47:00,12:47:00,81.7,82.0,77.95,80.6,200590
2026-03-23 12:48:00,12:48:00,81.45,81.55,79.7,81.0,47840
2026-03-23 12:49:00,12:49:00,79.85,81.1,78.45,79.95,57135
2026-03-23 12:50:00,12:50:00,79.75,83.45,79.5,82.45,98410
2026-03-23 12:51:00,12:51:00,82.55,83.8,80.05,81.35,58305
2026-03-23 12:52:00,12:52:00,72.4,74.9,72.2,74.7,417300
2026-03-23 12:53:00,12:53:00,75.0,75.8,74.45,75.25,502450
2026-03-23 12:54:00,12:54:00,75.35,77.35,74.55,76.9,488735
2026-03-23 12:55:00,12:55:00,77.2,80.75,76.9,78.55,1006655
2026-03-23 12:56:00,12:56:00,78.3,80.6,77.7,80.6,837915
2026-03-23 12:57:00,12:57:00,80.95,81.4,79.05,79.05,583180
2026-03-23 12:58:00,12:58:00,79.25,82.2,76.6,76.8,896220
2026-03-23 12:59:00,12:59:00,76.25,78.7,76.25,77.1,477815
2026-03-23 13:00:00,13:00:00,77.5,80.55,77.1,79.0,511615
2026-03-23 13:01:00,13:01:00,78.85,80.3,77.0,78.4,399555
2026-03-23 13:02:00,13:02:00,77.7,81.1,77.65,79.15,500500
2026-03-23 13:03:00,13:03:00,79.4,81.95,79.15,81.2,514995
2026-03-23 13:04:00,13:04:00,81.1,81.75,79.0,80.85,458965
2026-03-23 13:05:00,13:05:00,81.3,82.65,79.85,81.95,626600
2026-03-23 13:06:00,13:06:00,81.8,82.4,77.25,79.2,1135615
2026-03-23 13:07:00,13:07:00,79.85,80.05,77.4,78.0,511290
2026-03-23 13:08:00,13:08:00,78.05,78.75,74.95,74.95,568880
2026-03-23 13:09:00,13:09:00,75.35,79.9,73.7,79.35,795730
2026-03-23 13:10:00,13:10:00,79.0,80.35,77.6,80.35,423475
2026-03-23 13:11:00,13:11:00,80.8,83.0,79.3,82.7,808275
2026-03-23 13:12:00,13:12:00,81.4,83.55,79.8,81.6,887640
2026-03-23 13:13:00,13:13:00,81.75,82.35,78.4,81.8,626145
2026-03-23 13:14:00,13:14:00,82.0,82.35,78.0,78.0,472940
2026-03-23 13:15:00,13:15:00,78.1,78.6,73.45,75.35,959660
2026-03-23 13:16:00,13:16:00,74.7,75.9,74.35,74.95,436345
2026-03-23 13:17:00,13:17:00,75.4,76.65,74.45,75.25,406185
2026-03-23 13:18:00,13:18:00,75.25,75.25,72.85,74.65,427830
2026-03-23 13:19:00,13:19:00,75.5,76.05,74.1,76.05,276445
2026-03-23 13:20:00,13:20:00,76.4,77.75,74.0,74.3,489905
2026-03-23 13:21:00,13:21:00,74.85,75.6,71.35,71.5,620165
2026-03-23 13:22:00,13:22:00,71.5,73.8,71.5,73.35,447655
2026-03-23 13:23:00,13:23:00,73.1,76.35,72.8,73.95,445575
2026-03-23 13:24:00,13:24:00,73.65,74.7,72.85,74.25,236535
2026-03-23 13:25:00,13:25:00,74.8,78.6,74.25,74.95,565305
2026-03-23 13:26:00,13:26:00,75.25,75.5,72.55,73.3,292435
2026-03-23 13:27:00,13:27:00,73.2,78.0,72.55,77.55,445965
2026-03-23 13:28:00,13:28:00,77.0,78.35,75.8,77.0,465075
2026-03-23 13:29:00,13:29:00,76.8,78.3,75.25,76.8,381355
2026-03-23 13:30:00,13:30:00,76.9,76.9,71.15,72.15,848120
2026-03-23 13:31:00,13:31:00,72.2,74.65,72.15,73.75,487500
2026-03-23 13:32:00,13:32:00,73.85,75.1,70.15,70.15,644410
2026-03-23 13:33:00,13:33:00,70.75,73.45,70.15,71.25,426855
2026-03-23 13:34:00,13:34:00,71.55,73.45,68.45,68.7,538525
2026-03-23 13:35:00,13:35:00,69.35,70.8,68.5,70.7,436995
2026-03-23 13:36:00,13:36:00,70.4,70.85,67.35,68.05,503165
2026-03-23 13:37:00,13:37:00,67.8,70.0,67.75,69.8,309335
2026-03-23 13:38:00,13:38:00,69.8,70.05,68.25,68.25,253500
2026-03-23 13:39:00,13:39:00,68.2,69.7,68.05,68.8,184210
2026-03-23 13:40:00,13:40:00,68.3,68.85,65.95,67.4,690235
2026-03-23 13:41:00,13:41:00,76.5,77.45,72.3,72.5,181870
2026-03-23 13:42:00,13:42:00,72.4,73.8,70.8,73.8,204100
2026-03-23 13:43:00,13:43:00,73.8,75.35,72.25,73.35,82550
2026-03-23 13:44:00,13:44:00,73.2,73.35,67.1,67.6,288080
2026-03-23 13:45:00,13:45:00,67.1,68.5,65.55,65.65,164125
2026-03-23 13:46:00,13:46:00,66.85,67.95,65.25,66.15,113750
2026-03-23 13:47:00,13:47:00,75.3,76.5,71.9,72.45,279045
2026-03-23 13:48:00,13:48:00,73.0,74.6,70.1,70.4,330785
2026-03-23 13:49:00,13:49:00,71.0,71.55,68.55,69.4,279630
2026-03-23 13:50:00,13:50:00,68.55,69.4,64.2,64.2,455065
2026-03-23 13:51:00,13:51:00,64.35,71.7,63.1,70.8,544050
2026-03-23 13:52:00,13:52:00,71.05,72.0,67.25,67.25,378495
2026-03-23 13:53:00,13:53:00,67.05,70.5,67.05,70.0,210470
2026-03-23 13:54:00,13:54:00,69.9,73.65,69.3,72.7,199615
2026-03-23 13:55:00,13:55:00,73.05,73.9,70.8,72.55,241800
2026-03-23 13:56:00,13:56:00,73.3,74.15,70.8,71.7,147485
2026-03-23 13:57:00,13:57:00,71.35,73.45,69.6,69.6,197665
2026-03-23 13:58:00,13:58:00,68.5,72.65,68.5,71.3,169520
2026-03-23 13:59:00,13:59:00,70.6,73.15,70.4,72.65,125255
2026-03-23 14:00:00,14:00:00,72.8,74.85,71.65,71.9,270335
2026-03-23 14:01:00,14:01:00,71.85,73.1,66.9,66.9,234455
2026-03-23 14:02:00,14:02:00,76.3,76.55,72.75,74.05,148850
2026-03-23 14:03:00,14:03:00,74.35,74.35,71.65,72.8,112970
2026-03-23 14:04:00,14:04:00,72.55,74.1,69.75,72.25,190775
2026-03-23 14:05:00,14:05:00,71.95,74.7,70.25,74.7,116870
2026-03-23 14:06:00,14:06:00,74.25,74.7,70.45,71.0,101205
2026-03-23 14:07:00,14:07:00,70.65,76.35,69.65,75.2,142090
2026-03-23 14:08:00,14:08:00,67.2,72.9,66.7,71.5,371475
2026-03-23 14:09:00,14:09:00,80.4,81.05,76.6,77.6,125255
2026-03-23 14:10:00,14:10:00,68.9,71.7,68.35,70.3,194415
2026-03-23 14:11:00,14:11:00,78.05,80.1,76.55,77.0,93080
2026-03-23 14:12:00,14:12:00,76.85,78.1,74.5,78.1,102895
2026-03-23 14:13:00,14:13:00,69.35,70.0,66.9,70.0,136305
2026-03-23 14:14:00,14:14:00,69.85,70.0,67.6,68.75,73125
2026-03-23 14:15:00,14:15:00,68.2,70.45,68.15,68.6,100425
2026-03-23 14:16:00,14:16:00,77.05,77.85,74.05,74.8,101400
2026-03-23 14:17:00,14:17:00,75.4,75.85,72.5,73.7,78845
2026-03-23 14:18:00,14:18:00,72.4,73.7,70.45,71.7,93600
2026-03-23 14:19:00,14:19:00,72.1,74.45,70.45,73.75,92820
2026-03-23 14:20:00,14:20:00,74.0,75.5,71.0,73.15,108290
2026-03-23 14:21:00,14:21:00,73.05,73.35,71.3,72.85,60840
2026-03-23 14:22:00,14:22:00,73.3,75.35,72.05,73.95,59995
2026-03-23 14:23:00,14:23:00,74.0,74.75,68.75,68.75,95810
2026-03-23 14:24:00,14:24:00,68.95,72.65,67.55,72.65,181285
2026-03-23 14:25:00,14:25:00,64.6,73.6,64.5,71.85,621400
2026-03-23 14:26:00,14:26:00,71.55,73.45,66.8,67.85,489710
2026-03-23 14:27:00,14:27:00,76.05,78.0,73.55,76.15,177190
2026-03-23 14:28:00,14:28:00,67.7,68.55,65.85,67.4,149955
2026-03-23 14:29:00,14:29:00,67.3,71.05,67.3,70.4,265135
2026-03-23 14:30:00,14:30:00,70.85,73.5,69.6,72.85,267930
2026-03-23 14:31:00,14:31:00,65.35,68.2,64.95,67.3,263835
2026-03-23 14:32:00,14:32:00,67.35,70.85,67.3,69.15,320775
2026-03-23 14:33:00,14:33:00,61.9,65.4,61.35,64.8,2016820
2026-03-23 14:34:00,14:34:00,71.65,73.35,68.15,71.5,438750
2026-03-23 14:35:00,14:35:00,71.25,71.85,69.25,70.9,233675
2026-03-23 14:36:00,14:36:00,70.65,71.05,63.25,63.45,443755
2026-03-23 14:37:00,14:37:00,73.05,73.05,65.3,68.0,720980
2026-03-23 14:38:00,14:38:00,60.6,61.35,58.05,60.4,153855
2026-03-23 14:39:00,14:39:00,61.9,63.3,57.95,58.8,197860
2026-03-23 14:40:00,14:40:00,59.3,64.9,58.8,63.0,192725
2026-03-23 14:41:00,14:41:00,63.75,65.0,61.0,61.0,220285
2026-03-23 14:42:00,14:42:00,62.0,65.8,60.75,65.65,138450
2026-03-23 14:43:00,14:43:00,74.6,75.9,67.5,67.5,420745
2026-03-23 14:44:00,14:44:00,68.5,69.75,66.5,68.3,354640
2026-03-23 14:45:00,14:45:00,68.1,72.5,68.1,70.2,260520
2026-03-23 14:46:00,14:46:00,70.0,71.0,68.5,68.6,143000
2026-03-23 14:47:00,14:47:00,68.65,69.75,66.4,67.7,189865
2026-03-23 14:48:00,14:48:00,67.25,68.65,62.5,63.1,421590
2026-03-23 14:49:00,14:49:00,63.3,65.6,59.3,59.7,438620
2026-03-23 14:50:00,14:50:00,59.05,59.7,53.7,55.1,905190
2026-03-23 14:51:00,14:51:00,63.8,63.8,57.5,58.2,447135
2026-03-23 14:52:00,14:52:00,59.15,64.5,58.2,62.0,262600
2026-03-23 14:53:00,14:53:00,61.35,64.5,61.05,62.85,203255
2026-03-23 14:54:00,14:54:00,54.75,59.35,54.75,58.15,270400
2026-03-23 14:55:00,14:55:00,58.7,63.7,57.95,62.65,425750
2026-03-23 14:56:00,14:56:00,63.0,63.5,60.45,61.55,465725
2026-03-23 14:57:00,14:57:00,61.75,62.0,59.65,60.6,251745
2026-03-23 14:58:00,14:58:00,61.1,62.25,57.85,59.95,267475
2026-03-23 14:59:00,14:59:00,60.1,61.15,59.1,59.5,237770
2026-03-23 15:00:00,15:00:00,59.7,66.45,59.5,65.05,759785
2026-03-23 15:01:00,15:01:00,57.15,58.85,54.9,55.0,329355
2026-03-23 15:02:00,15:02:00,53.6,57.65,53.55,56.1,291005
2026-03-23 15:03:00,15:03:00,57.3,61.3,56.1,61.3,363675
2026-03-23 15:04:00,15:04:00,54.55,59.8,53.75,58.4,2251535
2026-03-23 15:05:00,15:05:00,58.05,60.8,57.0,59.4,1839825
2026-03-23 15:06:00,15:06:00,59.8,65.4,57.55,62.85,2541760
2026-03-23 15:07:00,15:07:00,62.55,64.95,59.8,62.95,1927185
2026-03-23 15:08:00,15:08:00,63.5,64.5,60.55,62.45,1095445
2026-03-23 15:09:00,15:09:00,62.1,62.45,55.1,57.9,1784705
2026-03-23 15:10:00,15:10:00,66.05,67.8,61.7,62.25,292760
2026-03-23 15:11:00,15:11:00,62.5,62.8,60.75,61.05,143975
2026-03-23 15:12:00,15:12:00,53.85,57.8,52.75,56.9,1006590
2026-03-23 15:13:00,15:13:00,57.55,58.0,55.35,55.95,840320
2026-03-23 15:14:00,15:14:00,56.6,57.7,55.8,56.35,548730
2026-03-23 15:15:00,15:15:00,57.05,59.65,56.35,58.05,1464125
2026-03-23 15:16:00,15:16:00,58.7,60.8,57.25,59.15,1157910
2026-03-23 15:17:00,15:17:00,58.85,59.9,56.8,59.9,745680
2026-03-23 15:18:00,15:18:00,59.45,61.45,58.15,60.85,1165710
2026-03-23 15:19:00,15:19:00,60.55,61.6,59.25,59.5,757055
2026-03-23 15:20:00,15:20:00,59.6,60.3,53.9,54.0,1641965
2026-03-23 15:21:00,15:21:00,54.75,57.4,54.0,57.05,783770
2026-03-23 15:22:00,15:22:00,56.45,58.4,56.0,58.25,976170
2026-03-23 15:23:00,15:23:00,57.7,58.45,56.6,57.0,702390
2026-03-23 15:24:00,15:24:00,56.9,57.8,55.7,57.1,786890
2026-03-23 15:25:00,15:25:00,57.05,58.1,56.9,57.3,882180
2026-03-23 15:26:00,15:26:00,57.6,57.6,55.0,56.25,1160055
2026-03-23 15:27:00,15:27:00,56.1,56.4,54.1,54.75,1017900
2026-03-23 15:28:00,15:28:00,54.75,54.75,52.45,54.25,1214265
2026-03-23 15:29:00,15:29:00,54.4,57.75,53.8,56.05,1602640
2026-03-24 09:15:00,09:15:00,17.2,19.7,6.45,7.5,1649440
2026-03-24 09:16:00,09:16:00,5.9,9.35,5.65,8.65,4353050
2026-03-24 09:17:00,09:17:00,9.1,9.65,6.75,6.9,2830945
2026-03-24 09:18:00,09:18:00,6.8,8.95,6.7,8.4,2026570
2026-03-24 09:19:00,09:19:00,8.4,8.75,7.15,7.55,2516605
2026-03-24 09:20:00,09:20:00,7.45,7.75,6.75,7.55,1744145
2026-03-24 09:21:00,09:21:00,7.2,7.6,6.9,6.9,2122315
2026-03-24 09:22:00,09:22:00,5.2,5.55,4.7,5.2,786435
2026-03-24 09:23:00,09:23:00,6.95,7.15,6.25,6.35,983385
2026-03-24 09:24:00,09:24:00,6.25,6.5,4.9,4.9,1467700
2026-03-24 09:25:00,09:25:00,5.15,5.25,4.85,5.05,1489475
2026-03-24 09:26:00,09:26:00,6.75,6.95,6.15,6.2,678275
2026-03-24 09:27:00,09:27:00,6.3,6.4,5.65,5.7,1203280
2026-03-24 09:28:00,09:28:00,5.8,6.25,5.4,6.15,842920
2026-03-24 09:29:00,09:29:00,6.15,6.5,5.7,5.85,727025
2026-03-24 09:30:00,09:30:00,5.9,5.9,5.2,5.3,587860
2026-03-24 09:31:00,09:31:00,5.35,6.0,5.1,5.8,616330
2026-03-24 09:32:00,09:32:00,6.1,6.7,5.8,5.9,460655
2026-03-24 09:33:00,09:33:00,5.9,6.5,5.75,5.75,398840
2026-03-24 09:34:00,09:34:00,4.35,4.8,4.25,4.8,730990
2026-03-24 09:35:00,09:35:00,4.8,4.85,4.1,4.45,842725
2026-03-24 09:36:00,09:36:00,4.45,4.75,4.3,4.45,943735
2026-03-24 09:37:00,09:37:00,4.45,5.75,4.45,5.25,1593865
2026-03-24 09:38:00,09:38:00,5.2,5.6,4.85,5.15,1104220
2026-03-24 09:39:00,09:39:00,3.8,4.45,3.75,4.35,629330
2026-03-24 09:40:00,09:40:00,5.8,6.05,5.05,5.1,1296360
2026-03-24 09:41:00,09:41:00,5.2,5.75,5.0,5.05,767780
2026-03-24 09:42:00,09:42:00,3.65,4.65,3.6,4.65,494650
2026-03-24 09:43:00,09:43:00,4.8,5.6,4.65,5.0,1553825
2026-03-24 09:44:00,09:44:00,5.0,5.5,4.7,4.7,681590
2026-03-24 09:45:00,09:45:00,3.4,4.25,3.3,3.85,991120
2026-03-24 09:46:00,09:46:00,3.85,4.25,3.85,4.05,832780
2026-03-24 09:47:00,09:47:00,4.1,4.4,3.9,4.3,561535
2026-03-24 09:48:00,09:48:00,4.35,4.65,4.25,4.45,586950
2026-03-24 09:49:00,09:49:00,4.35,4.45,3.95,4.25,623025
2026-03-24 09:50:00,09:50:00,4.15,4.3,3.85,4.0,559910
2026-03-24 09:51:00,09:51:00,4.0,4.15,3.8,3.8,673335
2026-03-24 09:52:00,09:52:00,3.8,3.85,3.45,3.55,630760
2026-03-24 09:53:00,09:53:00,3.55,3.95,3.55,3.6,422045
2026-03-24 09:54:00,09:54:00,4.95,5.1,4.65,4.85,430300
2026-03-24 09:55:00,09:55:00,4.9,5.05,4.0,4.0,927875
2026-03-24 09:56:00,09:56:00,4.0,4.0,3.45,3.5,844480
2026-03-24 09:57:00,09:57:00,3.55,4.05,3.5,3.6,515060
2026-03-24 09:58:00,09:58:00,3.6,4.0,3.25,3.75,682955
2026-03-24 09:59:00,09:59:00,3.7,4.0,3.45,3.65,534365
2026-03-24 10:00:00,10:00:00,3.65,3.9,3.55,3.7,560365
2026-03-24 10:01:00,10:01:00,2.7,3.3,2.7,3.15,989365
2026-03-24 10:02:00,10:02:00,3.15,3.3,2.65,2.8,933855
2026-03-24 10:03:00,10:03:00,2.8,3.15,2.75,3.05,593710
2026-03-24 10:04:00,10:04:00,3.05,3.4,2.9,3.3,647075
2026-03-24 10:05:00,10:05:00,3.25,3.35,2.95,2.95,470080
2026-03-24 10:06:00,10:06:00,2.9,3.2,2.8,3.15,544960
2026-03-24 10:07:00,10:07:00,3.25,3.7,3.15,3.5,710190
2026-03-24 10:08:00,10:08:00,3.4,3.55,3.2,3.45,396370
2026-03-24 10:09:00,10:09:00,3.45,3.9,3.2,3.5,769015
2026-03-24 10:10:00,10:10:00,3.65,3.7,3.4,3.4,467805
2026-03-24 10:11:00,10:11:00,3.35,3.55,3.25,3.45,298025
2026-03-24 10:12:00,10:12:00,3.6,3.6,3.25,3.3,446290
2026-03-24 10:13:00,10:13:00,3.35,3.35,3.0,3.0,624845
2026-03-24 10:14:00,10:14:00,2.9,3.05,2.75,2.9,927160
2026-03-24 10:15:00,10:15:00,2.9,3.05,2.8,2.8,509795
2026-03-24 10:16:00,10:16:00,3.85,3.95,3.35,3.35,752505
2026-03-24 10:17:00,10:17:00,3.35,3.45,3.1,3.15,618670
2026-03-24 10:18:00,10:18:00,3.1,3.2,2.95,3.15,484965
2026-03-24 10:19:00,10:19:00,3.15,3.4,3.15,3.25,240890
2026-03-24 10:20:00,10:20:00,2.35,2.65,2.3,2.65,919685
2026-03-24 10:21:00,10:21:00,3.65,3.65,3.15,3.15,399295
2026-03-24 10:22:00,10:22:00,3.2,3.25,2.9,2.95,497965
2026-03-24 10:23:00,10:23:00,3.0,3.0,2.75,2.8,1233245
2026-03-24 10:24:00,10:24:00,2.85,2.85,2.65,2.75,855660
2026-03-24 10:25:00,10:25:00,2.7,3.05,2.7,2.85,1054625
2026-03-24 10:26:00,10:26:00,2.8,3.35,2.8,3.15,687895
2026-03-24 10:27:00,10:27:00,3.3,3.3,3.1,3.15,501410
2026-03-24 10:28:00,10:28:00,3.15,3.25,3.05,3.05,237445
2026-03-24 10:29:00,10:29:00,3.05,3.1,2.9,2.95,266175
2026-03-24 10:30:00,10:30:00,2.1,2.25,2.05,2.2,1024205
2026-03-24 10:31:00,10:31:00,2.3,2.4,2.2,2.35,933595
2026-03-24 10:32:00,10:32:00,2.35,2.55,2.25,2.55,859105
2026-03-24 10:33:00,10:33:00,2.5,2.85,2.35,2.75,1586065
2026-03-24 10:34:00,10:34:00,2.0,2.15,1.95,2.1,1431495
2026-03-24 10:35:00,10:35:00,2.2,2.35,2.1,2.25,1186250
2026-03-24 10:36:00,10:36:00,2.2,2.55,2.05,2.45,1276665
2026-03-24 10:37:00,10:37:00,2.45,3.2,2.45,2.6,2117960
2026-03-24 10:38:00,10:38:00,2.6,2.85,2.45,2.55,1100125
2026-03-24 10:39:00,10:39:00,2.5,3.05,2.5,2.85,819910
2026-03-24 10:40:00,10:40:00,2.8,2.95,2.7,2.8,1022905
2026-03-24 10:41:00,10:41:00,2.75,2.8,2.45,2.5,972855
2026-03-24 10:42:00,10:42:00,2.55,2.55,2.2,2.2,1016860
2026-03-24 10:43:00,10:43:00,2.2,2.25,2.0,2.05,785655
2026-03-24 10:44:00,10:44:00,2.05,2.15,1.95,2.05,765700
2026-03-24 10:45:00,10:45:00,2.05,2.05,1.9,2.0,737360
2026-03-24 10:46:00,10:46:00,2.0,2.15,1.9,2.1,636545
2026-03-24 10:47:00,10:47:00,2.05,2.15,1.9,1.95,663520
2026-03-24 10:48:00,10:48:00,2.65,2.8,2.2,2.25,2242695
2026-03-24 10:49:00,10:49:00,2.25,2.4,2.15,2.4,1094535
2026-03-24 10:50:00,10:50:00,2.4,2.4,2.15,2.15,984230
2026-03-24 10:51:00,10:51:00,2.15,2.45,2.05,2.45,947180
2026-03-24 10:52:00,10:52:00,1.8,2.0,1.7,1.95,1467050
2026-03-24 10:53:00,10:53:00,1.85,2.0,1.8,1.85,1285505
2026-03-24 10:54:00,10:54:00,1.85,1.95,1.8,1.85,948155
2026-03-24 10:55:00,10:55:00,1.85,1.85,1.75,1.8,752635
2026-03-24 10:56:00,10:56:00,1.75,1.95,1.75,1.9,1027000
2026-03-24 10:57:00,10:57:00,1.9,2.05,1.85,2.05,711815
2026-03-24 10:58:00,10:58:00,2.05,2.2,2.0,2.1,778245
2026-03-24 10:59:00,10:59:00,2.1,2.3,2.05,2.2,755820
2026-03-24 11:00:00,11:00:00,2.15,2.2,1.85,1.85,859495
2026-03-24 11:01:00,11:01:00,1.9,1.95,1.75,1.75,860600
2026-03-24 11:02:00,11:02:00,1.8,1.9,1.75,1.85,953355
2026-03-24 11:03:00,11:03:00,1.85,1.85,1.7,1.8,635245
2026-03-24 11:04:00,11:04:00,2.4,2.45,2.25,2.25,732810
2026-03-24 11:05:00,11:05:00,1.65,1.85,1.65,1.8,579800
2026-03-24 11:06:00,11:06:00,1.75,1.85,1.7,1.8,316160
2026-03-24 11:07:00,11:07:00,1.8,1.9,1.8,1.8,724360
2026-03-24 11:08:00,11:08:00,2.5,2.5,2.2,2.3,604695
2026-03-24 11:09:00,11:09:00,2.35,2.4,2.25,2.25,565370
2026-03-24 11:10:00,11:10:00,2.3,2.3,2.1,2.15,600535
2026-03-24 11:11:00,11:11:00,2.15,2.25,2.05,2.15,1549730
2026-03-24 11:12:00,11:12:00,2.2,2.25,2.05,2.15,790725
2026-03-24 11:13:00,11:13:00,2.2,2.25,2.15,2.2,751270
2026-03-24 11:14:00,11:14:00,2.2,2.3,2.15,2.2,753545
2026-03-24 11:15:00,11:15:00,2.1,2.25,2.05,2.1,608140
2026-03-24 11:16:00,11:16:00,2.1,2.15,2.05,2.1,963755
2026-03-24 11:17:00,11:17:00,2.1,2.15,2.0,2.0,773305
2026-03-24 11:18:00,11:18:00,2.85,3.0,2.8,2.8,575055
2026-03-24 11:19:00,11:19:00,2.9,2.9,2.7,2.75,679705
2026-03-24 11:20:00,11:20:00,2.75,2.75,2.45,2.55,747890
2026-03-24 11:21:00,11:21:00,2.55,2.7,2.5,2.55,742430
2026-03-24 11:22:00,11:22:00,2.5,2.6,2.4,2.55,599300
2026-03-24 11:23:00,11:23:00,1.75,1.8,1.7,1.8,1145690
2026-03-24 11:24:00,11:24:00,1.8,1.85,1.75,1.8,807885
2026-03-24 11:25:00,11:25:00,1.8,2.15,1.75,1.8,1456260
2026-03-24 11:26:00,11:26:00,1.75,1.95,1.75,1.75,827905
2026-03-24 11:27:00,11:27:00,1.75,1.8,1.7,1.7,632515
2026-03-24 11:28:00,11:28:00,2.3,2.35,2.1,2.35,834665
2026-03-24 11:29:00,11:29:00,2.3,2.4,2.2,2.2,598390
2026-03-24 11:30:00,11:30:00,2.2,2.3,2.05,2.3,1073020
2026-03-24 11:31:00,11:31:00,2.3,2.4,2.25,2.3,600730
2026-03-24 11:32:00,11:32:00,2.25,2.3,2.1,2.2,351780
2026-03-24 11:33:00,11:33:00,2.2,2.35,2.15,2.2,411645
2026-03-24 11:34:00,11:34:00,2.2,2.3,2.1,2.15,1091870
2026-03-24 11:35:00,11:35:00,2.25,2.25,2.05,2.25,1275820
2026-03-24 11:36:00,11:36:00,2.25,2.45,2.2,2.35,813020
2026-03-24 11:37:00,11:37:00,2.35,2.4,2.3,2.4,437970
2026-03-24 11:38:00,11:38:00,2.35,2.45,2.25,2.4,472225
2026-03-24 11:39:00,11:39:00,2.4,2.45,2.3,2.35,408265
2026-03-24 11:40:00,11:40:00,2.3,2.4,2.3,2.35,344955
2026-03-24 11:41:00,11:41:00,2.35,2.45,2.3,2.3,343850
2026-03-24 11:42:00,11:42:00,2.35,2.35,2.15,2.2,425945
2026-03-24 11:43:00,11:43:00,2.2,2.3,2.15,2.3,349570
2026-03-24 11:44:00,11:44:00,2.25,2.3,2.1,2.25,530205
2026-03-24 11:45:00,11:45:00,2.25,2.35,2.2,2.25,429585
2026-03-24 11:46:00,11:46:00,2.9,2.9,2.5,2.55,1232595
2026-03-24 11:47:00,11:47:00,2.55,2.8,2.45,2.65,2815995
2026-03-24 11:48:00,11:48:00,2.0,2.2,2.0,2.15,734175
2026-03-24 11:49:00,11:49:00,2.1,2.25,2.1,2.25,448695
2026-03-24 11:50:00,11:50:00,2.2,2.35,2.05,2.15,787020
2026-03-24 11:51:00,11:51:00,2.1,2.2,2.1,2.1,629785
2026-03-24 11:52:00,11:52:00,2.75,2.8,2.55,2.6,871260
2026-03-24 11:53:00,11:53:00,2.7,2.7,2.5,2.6,1055860
2026-03-24 11:54:00,11:54:00,2.6,2.65,2.55,2.6,617305
2026-03-24 11:55:00,11:55:00,2.65,2.65,2.5,2.55,1103050
2026-03-24 11:56:00,11:56:00,3.35,3.35,3.1,3.15,1499225
2026-03-24 11:57:00,11:57:00,2.4,2.5,2.2,2.2,1504100
2026-03-24 11:58:00,11:58:00,2.25,2.3,2.1,2.15,1519895
2026-03-24 11:59:00,11:59:00,2.2,2.25,2.1,2.15,1134315
2026-03-24 12:00:00,12:00:00,2.1,2.15,2.0,2.05,1130220
2026-03-24 12:01:00,12:01:00,2.05,2.15,2.0,2.15,777595
2026-03-24 12:02:00,12:02:00,2.15,2.2,2.1,2.15,912990
2026-03-24 12:03:00,12:03:00,2.1,2.2,2.05,2.15,646100
2026-03-24 12:04:00,12:04:00,2.15,2.2,2.1,2.2,441090
2026-03-24 12:05:00,12:05:00,1.8,2.0,1.75,1.95,532935
2026-03-24 12:06:00,12:06:00,1.95,2.0,1.85,1.95,537030
2026-03-24 12:07:00,12:07:00,2.45,2.45,2.05,2.15,676325
2026-03-24 12:08:00,12:08:00,1.75,1.9,1.75,1.85,448955
2026-03-24 12:09:00,12:09:00,1.85,2.0,1.8,1.95,299195
2026-03-24 12:10:00,12:10:00,2.45,2.65,2.3,2.35,393250
2026-03-24 12:11:00,12:11:00,2.3,2.45,2.25,2.35,598780
2026-03-24 12:12:00,12:12:00,1.85,2.0,1.85,1.9,261235
2026-03-24 12:13:00,12:13:00,1.95,2.0,1.85,1.9,520975
2026-03-24 12:14:00,12:14:00,1.9,1.9,1.8,1.85,395915
2026-03-24 12:15:00,12:15:00,1.85,1.95,1.75,1.9,495950
2026-03-24 12:16:00,12:16:00,1.85,1.95,1.8,1.8,513565
2026-03-24 12:17:00,12:17:00,1.85,1.95,1.8,1.9,247195
2026-03-24 12:18:00,12:18:00,1.95,1.95,1.85,1.9,299325
2026-03-24 12:19:00,12:19:00,1.9,1.95,1.85,1.9,438360
2026-03-24 12:20:00,12:20:00,1.95,1.95,1.8,1.85,784875
2026-03-24 12:21:00,12:21:00,1.85,1.95,1.75,1.8,448240
2026-03-24 12:22:00,12:22:00,2.85,3.0,2.2,2.25,2174510
2026-03-24 12:23:00,12:23:00,2.3,2.55,2.15,2.15,1688375
2026-03-24 12:24:00,12:24:00,2.8,2.9,2.4,2.5,3655860
2026-03-24 12:25:00,12:25:00,2.5,2.6,2.3,2.5,3031145
2026-03-24 12:26:00,12:26:00,3.2,3.35,2.9,3.1,2140905
2026-03-24 12:27:00,12:27:00,2.55,2.7,2.3,2.4,2020980
2026-03-24 12:28:00,12:28:00,1.9,2.1,1.85,2.0,1294410
2026-03-24 12:29:00,12:29:00,2.05,2.4,1.85,1.85,2316535
2026-03-24 12:30:00,12:30:00,1.9,1.95,1.65,1.65,1396850
2026-03-24 12:31:00,12:31:00,1.7,1.7,1.5,1.6,1843465
2026-03-24 12:32:00,12:32:00,2.05,2.05,1.9,2.0,1810770
2026-03-24 12:33:00,12:33:00,2.0,2.35,2.0,2.3,1968200
2026-03-24 12:34:00,12:34:00,2.3,2.4,2.15,2.25,1799200
2026-03-24 12:35:00,12:35:00,2.85,3.05,2.65,3.0,1778790
2026-03-24 12:36:00,12:36:00,3.0,3.05,2.75,2.85,1015365
2026-03-24 12:37:00,12:37:00,2.9,2.9,2.65,2.7,992940
2026-03-24 12:38:00,12:38:00,2.7,2.8,2.6,2.7,777010
2026-03-24 12:39:00,12:39:00,2.65,2.75,2.6,2.65,763555
2026-03-24 12:40:00,12:40:00,2.65,2.8,2.6,2.75,856895
2026-03-24 12:41:00,12:41:00,2.75,2.8,2.65,2.75,907725
2026-03-24 12:42:00,12:42:00,2.75,2.75,2.6,2.65,822445
2026-03-24 12:43:00,12:43:00,2.7,2.8,2.6,2.6,1084655
2026-03-24 12:44:00,12:44:00,2.6,2.6,2.35,2.35,801645
2026-03-24 12:45:00,12:45:00,2.35,2.45,2.2,2.35,731965
2026-03-24 12:46:00,12:46:00,2.35,2.4,2.25,2.4,436605
2026-03-24 12:47:00,12:47:00,3.0,3.15,2.9,2.95,1405755
2026-03-24 12:48:00,12:48:00,3.0,3.05,2.95,3.05,1368445
2026-03-24 12:49:00,12:49:00,3.1,3.15,2.85,2.95,1534780
2026-03-24 12:50:00,12:50:00,2.95,3.1,2.9,3.0,1344785
2026-03-24 12:51:00,12:51:00,3.0,3.05,2.9,2.95,1029210
2026-03-24 12:52:00,12:52:00,3.05,3.05,2.85,2.9,1991080
2026-03-24 12:53:00,12:53:00,2.9,3.2,2.85,3.15,2130700
2026-03-24 12:54:00,12:54:00,3.05,3.35,3.05,3.25,1150825
2026-03-24 12:55:00,12:55:00,3.25,3.3,3.05,3.1,1647490
2026-03-24 12:56:00,12:56:00,3.15,3.25,3.0,3.1,1616485
2026-03-24 12:57:00,12:57:00,2.35,2.65,2.3,2.5,611780
2026-03-24 12:58:00,12:58:00,2.45,2.55,2.3,2.35,620230
2026-03-24 12:59:00,12:59:00,2.3,2.35,2.1,2.2,640185
2026-03-24 13:00:00,13:00:00,2.25,2.45,2.1,2.4,806780
2026-03-24 13:01:00,13:01:00,2.35,2.45,2.2,2.35,519935
2026-03-24 13:02:00,13:02:00,2.3,2.4,2.25,2.3,525005
2026-03-24 13:03:00,13:03:00,2.3,2.5,2.25,2.4,754975
2026-03-24 13:04:00,13:04:00,2.35,2.5,2.3,2.4,430950
2026-03-24 13:05:00,13:05:00,1.9,2.0,1.65,1.85,1226680
2026-03-24 13:06:00,13:06:00,2.45,2.55,2.1,2.2,1189370
2026-03-24 13:07:00,13:07:00,2.3,2.3,1.85,1.85,1075165
2026-03-24 13:08:00,13:08:00,1.85,1.85,1.65,1.75,944775
2026-03-24 13:09:00,13:09:00,1.7,1.85,1.65,1.85,690170
2026-03-24 13:10:00,13:10:00,1.8,1.9,1.7,1.8,494715
2026-03-24 13:11:00,13:11:00,2.45,2.45,1.9,1.95,2212600
2026-03-24 13:12:00,13:12:00,1.55,1.6,1.45,1.45,602550
2026-03-24 13:13:00,13:13:00,1.5,1.5,1.3,1.3,751790
2026-03-24 13:14:00,13:14:00,1.75,1.75,1.6,1.7,2050620
2026-03-24 13:15:00,13:15:00,1.35,1.45,1.25,1.4,686790
2026-03-24 13:16:00,13:16:00,1.35,1.4,1.25,1.35,501280
2026-03-24 13:17:00,13:17:00,1.8,1.9,1.75,1.8,1115985
2026-03-24 13:18:00,13:18:00,1.75,1.8,1.65,1.8,1198210
2026-03-24 13:19:00,13:19:00,1.8,1.8,1.65,1.8,932880
2026-03-24 13:20:00,13:20:00,1.75,1.9,1.65,1.7,1385150
2026-03-24 13:21:00,13:21:00,1.7,1.7,1.5,1.6,1918995
2026-03-24 13:22:00,13:22:00,1.6,1.7,1.55,1.7,1396460
2026-03-24 13:23:00,13:23:00,1.7,1.7,1.55,1.7,1085110
2026-03-24 13:24:00,13:24:00,1.65,1.7,1.55,1.6,807300
2026-03-24 13:25:00,13:25:00,1.6,1.65,1.55,1.55,466765
2026-03-24 13:26:00,13:26:00,1.6,1.65,1.55,1.65,986180
2026-03-24 13:27:00,13:27:00,1.65,1.65,1.55,1.65,928005
2026-03-24 13:28:00,13:28:00,1.6,1.65,1.55,1.65,1080495
2026-03-24 13:29:00,13:29:00,1.65,1.65,1.5,1.65,1433120
2026-03-24 13:30:00,13:30:00,2.0,2.05,1.85,1.9,1320995
2026-03-24 13:31:00,13:31:00,1.55,1.65,1.5,1.5,815620
2026-03-24 13:32:00,13:32:00,1.85,1.85,1.7,1.75,1118000
2026-03-24 13:33:00,13:33:00,1.75,1.8,1.7,1.7,632255
2026-03-24 13:34:00,13:34:00,1.75,1.75,1.65,1.7,543855
2026-03-24 13:35:00,13:35:00,1.75,1.75,1.55,1.7,1251965
2026-03-24 13:36:00,13:36:00,1.6,1.7,1.45,1.5,1064245
2026-03-24 13:37:00,13:37:00,1.5,1.55,1.35,1.35,1443585
2026-03-24 13:38:00,13:38:00,1.4,1.4,1.3,1.3,798135
2026-03-24 13:39:00,13:39:00,1.3,1.4,1.3,1.3,1335880
2026-03-24 13:40:00,13:40:00,1.35,1.45,1.3,1.45,1245920
2026-03-24 13:41:00,13:41:00,1.45,1.5,1.4,1.45,990210
2026-03-24 13:42:00,13:42:00,1.4,1.45,1.25,1.35,666120
2026-03-24 13:43:00,13:43:00,1.35,1.35,1.2,1.3,1254500
2026-03-24 13:44:00,13:44:00,1.3,1.45,1.25,1.4,656500
2026-03-24 13:45:00,13:45:00,1.4,1.5,1.35,1.4,923910
2026-03-24 13:46:00,13:46:00,1.4,1.4,1.3,1.35,704275
2026-03-24 13:47:00,13:47:00,1.25,1.3,1.1,1.15,746135
2026-03-24 13:48:00,13:48:00,1.15,1.2,1.05,1.15,1192035
2026-03-24 13:49:00,13:49:00,0.95,1.3,0.95,1.3,1003535
2026-03-24 13:50:00,13:50:00,1.15,1.3,0.9,1.0,1191385
2026-03-24 13:51:00,13:51:00,1.0,1.2,0.95,1.05,766025
2026-03-24 13:52:00,13:52:00,1.35,1.35,1.15,1.2,1047215
2026-03-24 13:53:00,13:53:00,1.2,1.2,1.05,1.05,1425970
2026-03-24 13:54:00,13:54:00,0.95,1.0,0.85,0.95,627445
2026-03-24 13:55:00,13:55:00,1.15,1.2,1.05,1.1,1184235
2026-03-24 13:56:00,13:56:00,1.15,1.15,0.9,1.0,1997905
2026-03-24 13:57:00,13:57:00,0.95,1.0,0.9,0.9,1291160
2026-03-24 13:58:00,13:58:00,0.9,1.0,0.9,1.0,873535
2026-03-24 13:59:00,13:59:00,0.95,1.1,0.9,1.05,1011205
2026-03-24 14:00:00,14:00:00,1.0,1.3,1.0,1.05,1523925
2026-03-24 14:01:00,14:01:00,1.05,1.1,1.0,1.05,957255
2026-03-24 14:02:00,14:02:00,1.0,1.05,0.95,1.0,642330
2026-03-24 14:03:00,14:03:00,0.8,0.9,0.8,0.9,377455
2026-03-24 14:04:00,14:04:00,0.9,0.95,0.85,0.9,176475
2026-03-24 14:05:00,14:05:00,1.1,1.1,0.95,0.95,781755
2026-03-24 14:06:00,14:06:00,1.0,1.05,0.9,0.9,1209975
2026-03-24 14:07:00,14:07:00,0.95,1.0,0.9,0.95,727090
2026-03-24 14:08:00,14:08:00,0.85,0.9,0.8,0.85,162175
2026-03-24 14:09:00,14:09:00,0.8,0.95,0.8,0.95,200135
2026-03-24 14:10:00,14:10:00,1.1,1.1,0.9,0.9,707330
2026-03-24 14:11:00,14:11:00,0.95,0.95,0.9,0.95,405015
2026-03-24 14:12:00,14:12:00,0.85,0.85,0.7,0.8,391820
2026-03-24 14:13:00,14:13:00,0.95,1.05,0.9,1.05,674310
2026-03-24 14:14:00,14:14:00,1.05,1.05,0.85,0.9,777985
2026-03-24 14:15:00,14:15:00,0.95,1.0,0.85,0.9,1487655
2026-03-24 14:16:00,14:16:00,0.95,0.95,0.8,0.85,1443520
2026-03-24 14:17:00,14:17:00,0.8,0.9,0.75,0.8,1551810
2026-03-24 14:18:00,14:18:00,0.8,0.85,0.8,0.8,1184885
2026-03-24 14:19:00,14:19:00,0.8,0.85,0.75,0.8,658515
2026-03-24 14:20:00,14:20:00,0.8,0.95,0.8,0.95,951470
2026-03-24 14:21:00,14:21:00,0.8,0.95,0.75,0.9,479440
2026-03-24 14:22:00,14:22:00,1.0,1.0,0.7,0.75,491985
2026-03-24 14:23:00,14:23:00,0.75,0.8,0.7,0.7,250835
2026-03-24 14:24:00,14:24:00,0.75,0.8,0.7,0.75,319345
2026-03-24 14:25:00,14:25:00,0.75,0.75,0.6,0.6,164775
2026-03-24 14:26:00,14:26:00,0.65,0.7,0.6,0.7,736190
2026-03-24 14:27:00,14:27:00,0.7,0.7,0.6,0.6,219895
2026-03-24 14:28:00,14:28:00,0.65,0.7,0.6,0.65,261885
2026-03-24 14:29:00,14:29:00,0.6,0.65,0.6,0.65,253045
2026-03-24 14:30:00,14:30:00,0.6,0.7,0.55,0.65,426855
2026-03-24 14:31:00,14:31:00,0.65,0.7,0.6,0.65,243165
2026-03-24 14:32:00,14:32:00,0.65,0.7,0.6,0.6,122915
2026-03-24 14:33:00,14:33:00,0.6,0.65,0.6,0.6,221130
2026-03-24 14:34:00,14:34:00,0.65,0.65,0.55,0.6,236210
2026-03-24 14:35:00,14:35:00,0.55,0.6,0.55,0.6,293995
2026-03-24 14:36:00,14:36:00,0.6,0.6,0.5,0.5,351715
2026-03-24 14:37:00,14:37:00,0.45,0.6,0.45,0.5,1020695
2026-03-24 14:38:00,14:38:00,0.5,0.5,0.45,0.5,618020
2026-03-24 14:39:00,14:39:00,0.45,0.55,0.45,0.5,602550
2026-03-24 14:40:00,14:40:00,0.5,0.55,0.45,0.5,852540
2026-03-24 14:41:00,14:41:00,0.5,0.5,0.45,0.45,137865
2026-03-24 14:42:00,14:42:00,0.5,0.5,0.4,0.45,788905
2026-03-24 14:43:00,14:43:00,0.4,0.45,0.4,0.45,306670
2026-03-24 14:44:00,14:44:00,0.4,0.45,0.4,0.4,360360
2026-03-24 14:45:00,14:45:00,0.4,0.45,0.35,0.4,608855
2026-03-24 14:46:00,14:46:00,0.4,0.45,0.35,0.4,338650
2026-03-24 14:47:00,14:47:00,0.35,0.45,0.35,0.35,553410
2026-03-24 14:48:00,14:48:00,0.4,0.45,0.35,0.4,410670
2026-03-24 14:49:00,14:49:00,0.4,0.45,0.4,0.45,442390
2026-03-24 14:50:00,14:50:00,0.4,0.45,0.35,0.35,355160
2026-03-24 14:51:00,14:51:00,0.35,0.4,0.35,0.4,325195
2026-03-24 14:52:00,14:52:00,0.4,0.4,0.35,0.35,337220
2026-03-24 14:53:00,14:53:00,0.35,0.4,0.35,0.35,404040
2026-03-24 14:54:00,14:54:00,0.35,0.35,0.3,0.35,606125
2026-03-24 14:55:00,14:55:00,0.35,0.4,0.3,0.3,680030
2026-03-24 14:56:00,14:56:00,0.35,0.35,0.3,0.3,197730
2026-03-24 14:57:00,14:57:00,0.3,0.35,0.3,0.3,570960
2026-03-24 14:58:00,14:58:00,0.35,0.35,0.3,0.3,979355
2026-03-24 14:59:00,14:59:00,0.35,0.35,0.25,0.3,341835
2026-03-24 15:00:00,15:00:00,0.25,0.3,0.25,0.25,851045
2026-03-24 15:01:00,15:01:00,0.3,0.3,0.2,0.2,441935
2026-03-24 15:02:00,15:02:00,0.25,0.25,0.2,0.25,610350
2026-03-24 15:03:00,15:03:00,0.2,0.25,0.15,0.2,608140
2026-03-24 15:04:00,15:04:00,0.2,0.2,0.15,0.2,638365
2026-03-24 15:05:00,15:05:00,0.15,0.2,0.15,0.15,276380
2026-03-24 15:06:00,15:06:00,0.2,0.2,0.1,0.15,1286025
2026-03-24 15:07:00,15:07:00,0.1,0.15,0.1,0.1,278135
2026-03-24 15:08:00,15:08:00,0.15,0.15,0.1,0.15,140790
2026-03-24 15:09:00,15:09:00,0.1,0.15,0.1,0.1,144820
2026-03-24 15:10:00,15:10:00,0.1,0.15,0.1,0.1,325975
2026-03-24 15:11:00,15:11:00,0.15,0.15,0.1,0.1,734955
2026-03-24 15:12:00,15:12:00,0.1,0.15,0.1,0.1,305175
2026-03-24 15:13:00,15:13:00,0.1,0.15,0.1,0.1,471315
2026-03-24 15:14:00,15:14:00,0.15,0.15,0.05,0.05,625235
2026-03-24 15:15:00,15:15:00,0.05,0.1,0.05,0.1,372385
2026-03-24 15:16:00,15:16:00,0.05,0.1,0.05,0.05,600015
2026-03-24 15:17:00,15:17:00,0.05,0.1,0.05,0.1,731315
2026-03-24 15:18:00,15:18:00,0.05,0.1,0.05,0.1,589810
2026-03-24 15:19:00,15:19:00,0.05,0.1,0.05,0.05,120510
2026-03-24 15:20:00,15:20:00,0.1,0.1,0.05,0.05,223340
2026-03-24 15:21:00,15:21:00,0.05,0.1,0.05,0.05,955890
2026-03-24 15:22:00,15:22:00,0.1,0.1,0.05,0.05,348010
2026-03-24 15:23:00,15:23:00,0.1,0.1,0.05,0.05,104325
2026-03-24 15:24:00,15:24:00,0.1,0.1,0.05,0.05,287430
2026-03-24 15:25:00,15:25:00,0.1,0.1,0.05,0.05,197340
2026-03-24 15:26:00,15:26:00,0.1,0.1,0.05,0.05,148330
2026-03-24 15:27:00,15:27:00,0.1,0.1,0.05,0.05,70460
2026-03-24 15:28:00,15:28:00,0.05,0.05,0.05,0.05,321685
2026-03-24 15:29:00,15:29:00,0.05,0.05,0.05,0.05,13585
2026-03-25 09:15:00,09:15:00,182.0,182.0,130.5,130.8,127985
2026-03-25 09:16:00,09:16:00,131.1,134.45,129.45,129.95,91455
2026-03-25 09:17:00,09:17:00,129.8,130.4,125.85,126.75,67145
2026-03-25 09:18:00,09:18:00,127.8,129.45,125.35,129.45,57915
2026-03-25 09:19:00,09:19:00,130.35,130.8,123.6,124.25,50375
2026-03-25 09:20:00,09:20:00,135.2,135.75,131.8,132.35,193635
2026-03-25 09:21:00,09:21:00,132.8,133.1,129.7,130.15,243425
2026-03-25 09:22:00,09:22:00,130.65,134.3,130.15,132.5,220155
2026-03-25 09:23:00,09:23:00,132.75,134.35,131.7,131.7,130585
2026-03-25 09:24:00,09:24:00,131.45,131.85,127.95,130.6,119730
2026-03-25 09:25:00,09:25:00,130.7,130.7,129.0,130.2,177970
2026-03-25 09:26:00,09:26:00,130.7,131.5,128.9,130.0,266825
2026-03-25 09:27:00,09:27:00,129.7,132.35,128.55,131.65,350675
2026-03-25 09:28:00,09:28:00,132.15,132.55,129.75,130.2,222170
2026-03-25 09:29:00,09:29:00,130.55,130.8,127.25,128.55,120250
2026-03-25 09:30:00,09:30:00,128.65,130.75,127.65,128.45,89245
2026-03-25 09:31:00,09:31:00,128.8,129.0,126.45,127.9,256815
2026-03-25 09:32:00,09:32:00,127.8,128.25,124.4,126.15,499655
2026-03-25 09:33:00,09:33:00,126.15,126.15,123.6,124.0,88595
2026-03-25 09:34:00,09:34:00,135.25,135.55,130.55,131.4,40820
2026-03-25 09:35:00,09:35:00,131.5,133.6,131.15,133.25,29965
2026-03-25 09:36:00,09:36:00,122.5,124.95,122.0,124.15,120250
2026-03-25 09:37:00,09:37:00,124.25,124.8,122.75,124.0,78390
2026-03-25 09:38:00,09:38:00,123.3,127.0,123.1,125.1,93080
2026-03-25 09:39:00,09:39:00,126.2,126.45,123.5,123.55,66625
2026-03-25 09:40:00,09:40:00,123.6,126.75,123.55,126.6,67730
2026-03-25 09:41:00,09:41:00,126.7,127.2,124.35,125.45,60580
2026-03-25 09:42:00,09:42:00,135.7,136.6,133.3,133.3,20410
2026-03-25 09:43:00,09:43:00,133.25,133.3,124.4,124.45,99190
2026-03-25 09:44:00,09:44:00,124.4,126.35,123.6,125.65,49855
2026-03-25 09:45:00,09:45:00,125.9,126.6,124.7,126.15,52585
2026-03-25 09:46:00,09:46:00,137.2,138.05,134.0,135.1,163150
2026-03-25 09:47:00,09:47:00,134.6,136.8,133.65,136.25,79365
2026-03-25 09:48:00,09:48:00,135.8,136.8,134.8,135.95,60060
2026-03-25 09:49:00,09:49:00,125.0,127.5,124.95,126.05,21905
2026-03-25 09:50:00,09:50:00,126.4,127.4,125.45,127.4,21450
2026-03-25 09:51:00,09:51:00,127.05,127.4,125.65,125.7,13325
2026-03-25 09:52:00,09:52:00,136.75,137.5,133.85,135.15,107510
2026-03-25 09:53:00,09:53:00,124.3,127.35,124.3,126.2,16315
2026-03-25 09:54:00,09:54:00,137.45,137.75,133.25,133.5,51480
2026-03-25 09:55:00,09:55:00,133.6,134.65,132.05,134.15,85800
2026-03-25 09:56:00,09:56:00,134.55,135.95,133.25,134.6,58760
2026-03-25 09:57:00,09:57:00,135.0,136.6,134.6,135.8,81315
2026-03-25 09:58:00,09:58:00,136.4,137.15,135.8,136.65,50765
2026-03-25 09:59:00,09:59:00,136.35,136.75,134.8,134.8,50115
2026-03-25 10:00:00,10:00:00,134.5,134.8,130.3,132.8,109655
2026-03-25 10:01:00,10:01:00,132.9,134.25,132.1,133.5,51675
2026-03-25 10:02:00,10:02:00,133.1,136.3,132.0,135.8,62075
2026-03-25 10:03:00,10:03:00,136.0,136.4,133.65,135.45,94770
2026-03-25 10:04:00,10:04:00,135.5,136.15,134.75,135.9,32630
2026-03-25 10:05:00,10:05:00,135.5,135.95,134.2,135.85,27560
2026-03-25 10:06:00,10:06:00,125.0,130.6,124.9,128.9,106210
2026-03-25 10:07:00,10:07:00,128.9,129.25,126.9,127.2,23075
2026-03-25 10:08:00,10:08:00,138.75,140.7,136.05,136.4,90805
2026-03-25 10:09:00,10:09:00,136.45,138.55,135.3,136.05,91000
2026-03-25 10:10:00,10:10:00,135.5,136.2,133.7,135.35,152880
2026-03-25 10:11:00,10:11:00,135.9,136.65,131.0,131.0,76895
2026-03-25 10:12:00,10:12:00,131.4,132.15,130.1,130.65,220610
2026-03-25 10:13:00,10:13:00,130.75,131.3,128.8,130.55,162825
2026-03-25 10:14:00,10:14:00,131.05,131.7,128.75,129.5,62920
2026-03-25 10:15:00,10:15:00,129.3,134.15,129.3,134.15,86710
2026-03-25 10:16:00,10:16:00,133.85,134.4,131.5,131.5,55445
2026-03-25 10:17:00,10:17:00,132.2,132.25,128.75,130.0,42965
2026-03-25 10:18:00,10:18:00,130.7,131.5,129.95,130.7,41470
2026-03-25 10:19:00,10:19:00,130.8,133.4,130.45,132.65,87360
2026-03-25 10:20:00,10:20:00,132.4,133.4,131.75,132.0,37570
2026-03-25 10:21:00,10:21:00,132.15,132.35,129.9,130.05,46475
2026-03-25 10:22:00,10:22:00,129.8,133.55,129.6,133.55,46345
2026-03-25 10:23:00,10:23:00,133.5,135.95,132.9,135.6,85150
2026-03-25 10:24:00,10:24:00,135.5,135.6,133.95,134.55,34060
2026-03-25 10:25:00,10:25:00,133.6,134.55,132.45,132.45,35165
2026-03-25 10:26:00,10:26:00,132.35,132.8,129.8,130.6,54795
2026-03-25 10:27:00,10:27:00,131.1,131.7,130.5,131.5,30290
2026-03-25 10:28:00,10:28:00,131.55,133.8,130.3,133.8,37440
2026-03-25 10:29:00,10:29:00,133.6,133.8,130.35,130.35,36660
2026-03-25 10:30:00,10:30:00,130.3,132.0,129.65,131.4,53820
2026-03-25 10:31:00,10:31:00,131.15,132.35,130.45,131.85,35685
2026-03-25 10:32:00,10:32:00,131.75,133.35,131.55,132.1,52780
2026-03-25 10:33:00,10:33:00,132.2,132.35,130.1,130.1,24830
2026-03-25 10:34:00,10:34:00,130.6,130.7,129.15,130.6,38870
2026-03-25 10:35:00,10:35:00,130.35,131.9,130.0,131.25,30290
2026-03-25 10:36:00,10:36:00,131.15,131.6,128.1,128.15,38220
2026-03-25 10:37:00,10:37:00,128.3,130.8,128.15,129.7,24505
2026-03-25 10:38:00,10:38:00,129.7,130.4,128.3,129.65,26845
2026-03-25 10:39:00,10:39:00,129.8,129.95,128.2,128.55,35620
2026-03-25 10:40:00,10:40:00,129.15,129.15,127.8,128.15,42380
2026-03-25 10:41:00,10:41:00,139.15,139.15,135.45,137.1,47125
2026-03-25 10:42:00,10:42:00,136.7,137.25,133.6,133.75,21710
2026-03-25 10:43:00,10:43:00,133.0,133.75,129.25,131.6,70590
2026-03-25 10:44:00,10:44:00,131.6,133.0,131.45,132.6,23205
2026-03-25 10:45:00,10:45:00,132.55,134.3,132.3,133.4,36660
2026-03-25 10:46:00,10:46:00,133.15,134.6,132.65,134.6,20670
2026-03-25 10:47:00,10:47:00,133.85,134.9,133.75,134.2,24635
2026-03-25 10:48:00,10:48:00,134.5,134.5,132.85,132.95,11700
2026-03-25 10:49:00,10:49:00,132.65,133.25,132.15,132.15,15665
2026-03-25 10:50:00,10:50:00,132.0,132.85,131.25,132.85,13845
2026-03-25 10:51:00,10:51:00,133.15,133.15,131.75,132.6,11765
2026-03-25 10:52:00,10:52:00,133.0,133.65,132.6,133.15,8190
2026-03-25 10:53:00,10:53:00,133.45,133.45,130.0,130.95,27365
2026-03-25 10:54:00,10:54:00,141.7,142.65,141.0,141.65,40560
2026-03-25 10:55:00,10:55:00,130.45,133.1,130.25,132.15,17485
2026-03-25 10:56:00,10:56:00,132.25,132.65,131.25,131.5,15210
2026-03-25 10:57:00,10:57:00,131.5,133.2,131.0,132.45,11830
2026-03-25 10:58:00,10:58:00,132.05,133.45,132.05,132.6,21450
2026-03-25 10:59:00,10:59:00,132.3,133.0,131.9,132.0,8645
2026-03-25 11:00:00,11:00:00,143.0,143.1,141.15,141.65,41860
2026-03-25 11:01:00,11:01:00,141.8,142.4,140.0,140.1,57850
2026-03-25 11:02:00,11:02:00,140.4,140.5,138.25,139.05,91780
2026-03-25 11:03:00,11:03:00,139.65,141.6,139.05,140.95,47255
2026-03-25 11:04:00,11:04:00,141.05,141.8,140.7,141.2,16705
2026-03-25 11:05:00,11:05:00,140.9,141.35,138.45,138.9,45890
2026-03-25 11:06:00,11:06:00,139.15,140.0,137.0,137.15,60645
2026-03-25 11:07:00,11:07:00,137.1,137.45,132.35,132.6,139685
2026-03-25 11:08:00,11:08:00,143.7,145.0,143.0,143.6,27690
2026-03-25 11:09:00,11:09:00,133.15,134.9,133.0,134.45,76960
2026-03-25 11:10:00,11:10:00,134.5,135.45,134.05,134.65,54925
2026-03-25 11:11:00,11:11:00,134.25,135.3,134.0,135.0,45435
2026-03-25 11:12:00,11:12:00,134.65,135.0,133.3,133.95,40235
2026-03-25 11:13:00,11:13:00,133.55,134.6,133.35,134.1,44785
2026-03-25 11:14:00,11:14:00,144.75,144.95,142.15,142.15,21320
2026-03-25 11:15:00,11:15:00,142.8,144.55,142.15,143.8,18655
2026-03-25 11:16:00,11:16:00,133.15,135.35,132.3,135.1,32500
2026-03-25 11:17:00,11:17:00,134.95,135.1,133.95,134.55,32890
2026-03-25 11:18:00,11:18:00,134.3,136.15,134.1,134.85,32240
2026-03-25 11:19:00,11:19:00,134.8,136.05,134.8,134.9,40950
2026-03-25 11:20:00,11:20:00,134.95,136.7,134.75,136.7,29445
2026-03-25 11:21:00,11:21:00,136.8,137.0,135.5,135.85,22035
2026-03-25 11:22:00,11:22:00,135.6,137.8,135.6,137.3,44525
2026-03-25 11:23:00,11:23:00,137.65,139.8,137.3,139.6,59735
2026-03-25 11:24:00,11:24:00,139.8,140.35,138.4,139.25,67470
2026-03-25 11:25:00,11:25:00,139.05,141.5,138.5,141.5,76310
2026-03-25 11:26:00,11:26:00,141.45,142.25,141.0,141.7,32955
2026-03-25 11:27:00,11:27:00,141.95,142.35,139.35,140.55,62595
2026-03-25 11:28:00,11:28:00,140.4,141.0,139.15,139.2,32045
2026-03-25 11:29:00,11:29:00,139.2,141.45,138.5,140.9,41860
2026-03-25 11:30:00,11:30:00,140.9,141.6,139.7,141.0,24440
2026-03-25 11:31:00,11:31:00,141.0,141.55,139.05,139.85,26065
2026-03-25 11:32:00,11:32:00,139.4,143.55,139.15,143.15,36140
2026-03-25 11:33:00,11:33:00,143.05,143.4,141.0,141.35,43745
2026-03-25 11:34:00,11:34:00,141.5,142.95,141.1,141.5,12610
2026-03-25 11:35:00,11:35:00,141.6,144.0,141.5,143.7,25220
2026-03-25 11:36:00,11:36:00,133.1,134.5,132.5,133.45,21450
2026-03-25 11:37:00,11:37:00,133.05,133.45,131.7,132.45,13260
2026-03-25 11:38:00,11:38:00,132.3,135.2,131.75,135.0,27690
2026-03-25 11:39:00,11:39:00,135.5,135.55,132.3,133.9,32500
2026-03-25 11:40:00,11:40:00,133.75,135.15,132.6,134.0,26455
2026-03-25 11:41:00,11:41:00,134.2,135.6,131.55,133.15,36140
2026-03-25 11:42:00,11:42:00,133.15,134.3,132.9,133.75,9685
2026-03-25 11:43:00,11:43:00,134.65,135.4,133.7,134.6,13455
2026-03-25 11:44:00,11:44:00,134.75,135.75,134.3,134.8,11505
2026-03-25 11:45:00,11:45:00,134.9,135.5,133.6,133.6,12155
2026-03-25 11:46:00,11:46:00,134.65,135.25,133.35,134.7,6370
2026-03-25 11:47:00,11:47:00,134.45,135.15,133.1,133.7,6695
2026-03-25 11:48:00,11:48:00,145.05,145.05,138.25,138.25,79950
2026-03-25 11:49:00,11:49:00,138.2,140.55,136.3,140.15,72150
2026-03-25 11:50:00,11:50:00,140.35,141.0,138.6,138.65,29900
2026-03-25 11:51:00,11:51:00,138.65,139.15,136.45,136.95,25415
2026-03-25 11:52:00,11:52:00,136.95,138.25,136.65,138.1,34190
2026-03-25 11:53:00,11:53:00,138.25,138.75,136.0,136.0,33085
2026-03-25 11:54:00,11:54:00,136.0,137.25,135.35,136.45,19370
2026-03-25 11:55:00,11:55:00,136.7,137.0,135.3,136.95,24180
2026-03-25 11:56:00,11:56:00,136.5,137.0,135.6,136.5,18980
2026-03-25 11:57:00,11:57:00,136.65,136.9,135.75,136.15,10985
2026-03-25 11:58:00,11:58:00,136.7,139.6,136.15,138.4,32110
2026-03-25 11:59:00,11:59:00,138.55,139.5,136.65,136.9,19305
2026-03-25 12:00:00,12:00:00,136.6,138.6,136.2,136.75,17030
2026-03-25 12:01:00,12:01:00,137.0,137.65,135.85,137.0,14560
2026-03-25 12:02:00,12:02:00,137.25,137.7,136.65,137.1,12285
2026-03-25 12:03:00,12:03:00,136.7,137.1,134.95,135.95,24830
2026-03-25 12:04:00,12:04:00,135.95,136.15,133.95,134.5,24180
2026-03-25 12:05:00,12:05:00,134.65,136.0,134.5,135.0,15340
2026-03-25 12:06:00,12:06:00,135.3,136.25,134.0,134.0,15795
2026-03-25 12:07:00,12:07:00,134.25,135.1,133.45,133.85,27300
2026-03-25 12:08:00,12:08:00,134.1,134.35,131.4,132.1,34255
2026-03-25 12:09:00,12:09:00,132.2,135.1,132.1,135.1,19955
2026-03-25 12:10:00,12:10:00,134.65,135.4,132.7,133.6,41470
2026-03-25 12:11:00,12:11:00,134.05,134.4,132.9,133.5,19110
2026-03-25 12:12:00,12:12:00,133.4,133.55,131.95,132.45,27430
2026-03-25 12:13:00,12:13:00,143.0,143.5,139.1,139.1,26780
2026-03-25 12:14:00,12:14:00,138.85,140.95,137.3,137.4,29510
2026-03-25 12:15:00,12:15:00,137.8,140.3,136.9,139.0,30290
2026-03-25 12:16:00,12:16:00,138.95,141.5,138.95,141.1,23335
2026-03-25 12:17:00,12:17:00,141.05,143.15,140.6,140.6,25610
2026-03-25 12:18:00,12:18:00,140.4,140.6,138.25,138.45,13390
2026-03-25 12:19:00,12:19:00,138.6,139.55,137.5,138.7,32760
2026-03-25 12:20:00,12:20:00,138.55,138.95,137.7,138.15,19240
2026-03-25 12:21:00,12:21:00,137.75,138.15,135.9,136.2,38870
2026-03-25 12:22:00,12:22:00,136.5,137.55,136.1,137.15,18460
2026-03-25 12:23:00,12:23:00,136.85,137.3,135.3,135.8,16510
2026-03-25 12:24:00,12:24:00,135.95,137.8,134.35,137.0,16250
2026-03-25 12:25:00,12:25:00,126.6,128.5,125.8,128.45,38350
2026-03-25 12:26:00,12:26:00,138.75,139.8,137.85,139.8,16575
2026-03-25 12:27:00,12:27:00,139.3,139.8,137.6,138.0,12480
2026-03-25 12:28:00,12:28:00,128.05,128.8,127.7,128.25,10595
2026-03-25 12:29:00,12:29:00,139.1,139.1,136.7,137.0,12415
2026-03-25 12:30:00,12:30:00,137.4,139.9,137.0,137.35,15080
2026-03-25 12:31:00,12:31:00,137.5,137.65,135.2,135.7,10205
2026-03-25 12:32:00,12:32:00,136.55,136.55,130.85,131.25,36335
2026-03-25 12:33:00,12:33:00,130.65,132.4,130.0,131.8,44395
2026-03-25 12:34:00,12:34:00,131.75,132.8,130.0,132.3,35750
2026-03-25 12:35:00,12:35:00,132.25,132.8,131.6,131.6,7540
2026-03-25 12:36:00,12:36:00,131.15,132.1,130.25,131.35,7930
2026-03-25 12:37:00,12:37:00,131.1,132.7,131.1,132.4,10010
2026-03-25 12:38:00,12:38:00,132.4,133.2,131.8,133.2,9555
2026-03-25 12:39:00,12:39:00,132.9,134.9,132.65,134.9,14560
2026-03-25 12:40:00,12:40:00,134.65,135.45,134.0,134.2,17680
2026-03-25 12:41:00,12:41:00,134.3,134.6,131.95,134.3,11115
2026-03-25 12:42:00,12:42:00,134.35,134.35,132.4,132.4,5395
2026-03-25 12:43:00,12:43:00,132.0,132.75,132.0,132.45,10595
2026-03-25 12:44:00,12:44:00,132.5,132.5,130.75,131.5,19110
2026-03-25 12:45:00,12:45:00,131.65,131.65,129.95,130.1,6500
2026-03-25 12:46:00,12:46:00,129.85,134.75,129.85,131.25,32890
2026-03-25 12:47:00,12:47:00,122.2,127.0,122.05,126.4,37895
2026-03-25 12:48:00,12:48:00,136.55,137.1,134.4,135.1,18785
2026-03-25 12:49:00,12:49:00,126.0,128.4,124.85,127.7,46540
2026-03-25 12:50:00,12:50:00,127.9,128.9,127.1,128.4,35425
2026-03-25 12:51:00,12:51:00,128.6,129.85,127.5,129.7,29965
2026-03-25 12:52:00,12:52:00,130.5,132.45,129.65,131.0,70200
2026-03-25 12:53:00,12:53:00,131.5,131.75,130.25,131.0,19955
2026-03-25 12:54:00,12:54:00,131.4,131.8,130.35,131.1,37505
2026-03-25 12:55:00,12:55:00,130.75,131.6,128.55,129.2,35945
2026-03-25 12:56:00,12:56:00,129.95,131.0,128.95,130.0,38415
2026-03-25 12:57:00,12:57:00,130.0,133.45,130.0,133.35,49010
2026-03-25 12:58:00,12:58:00,123.3,124.0,122.3,122.55,23140
2026-03-25 12:59:00,12:59:00,122.7,122.85,121.15,122.75,17680
2026-03-25 13:00:00,13:00:00,132.85,134.25,129.75,130.25,62010
2026-03-25 13:01:00,13:01:00,130.1,130.85,128.65,128.75,45110
2026-03-25 13:02:00,13:02:00,128.4,129.6,127.45,127.6,32500
2026-03-25 13:03:00,13:03:00,127.45,129.4,126.9,128.3,21450
2026-03-25 13:04:00,13:04:00,129.0,129.5,127.55,128.55,14170
2026-03-25 13:05:00,13:05:00,128.3,130.75,128.3,129.3,16315
2026-03-25 13:06:00,13:06:00,129.85,130.75,124.85,125.25,38675
2026-03-25 13:07:00,13:07:00,124.8,127.5,124.7,127.4,37245
2026-03-25 13:08:00,13:08:00,127.8,130.85,127.4,130.65,32825
2026-03-25 13:09:00,13:09:00,130.8,131.45,128.8,128.8,18395
2026-03-25 13:10:00,13:10:00,129.15,129.55,126.6,127.45,26195
2026-03-25 13:11:00,13:11:00,128.0,128.3,126.7,126.8,11180
2026-03-25 13:12:00,13:12:00,126.65,128.35,126.45,127.35,17355
2026-03-25 13:13:00,13:13:00,127.05,128.0,125.9,125.95,18655
2026-03-25 13:14:00,13:14:00,126.35,128.3,124.9,128.1,30875
2026-03-25 13:15:00,13:15:00,128.55,128.55,126.1,128.45,29250
2026-03-25 13:16:00,13:16:00,128.1,128.6,123.35,123.5,22035
2026-03-25 13:17:00,13:17:00,123.4,128.3,123.4,128.3,21580
2026-03-25 13:18:00,13:18:00,128.0,128.3,126.7,127.75,11440
2026-03-25 13:19:00,13:19:00,127.9,129.75,127.75,129.55,25610
2026-03-25 13:20:00,13:20:00,119.15,121.3,118.55,120.05,13000
2026-03-25 13:21:00,13:21:00,129.5,130.6,125.85,126.9,48555
2026-03-25 13:22:00,13:22:00,126.7,129.25,126.65,128.05,13390
2026-03-25 13:23:00,13:23:00,128.3,128.9,124.4,126.7,28925
2026-03-25 13:24:00,13:24:00,126.9,127.35,124.7,126.25,16835
2026-03-25 13:25:00,13:25:00,125.3,126.35,123.75,123.75,20020
2026-03-25 13:26:00,13:26:00,123.85,124.1,120.7,121.2,60385
2026-03-25 13:27:00,13:27:00,121.0,121.25,118.0,120.7,74880
2026-03-25 13:28:00,13:28:00,120.85,121.35,119.3,119.5,30095
2026-03-25 13:29:00,13:29:00,119.95,122.1,119.5,120.2,24180
2026-03-25 13:30:00,13:30:00,119.85,121.9,119.5,120.35,31005
2026-03-25 13:31:00,13:31:00,120.4,124.85,120.3,123.3,31265
2026-03-25 13:32:00,13:32:00,123.1,124.55,120.9,122.85,22945
2026-03-25 13:33:00,13:33:00,122.55,122.85,117.8,117.8,39000
2026-03-25 13:34:00,13:34:00,118.2,118.3,115.8,118.0,63505
2026-03-25 13:35:00,13:35:00,127.55,128.55,127.1,128.35,3835
2026-03-25 13:36:00,13:36:00,128.1,129.55,126.0,126.85,20605
2026-03-25 13:37:00,13:37:00,126.8,127.55,124.7,124.8,28080
2026-03-25 13:38:00,13:38:00,125.05,126.35,124.4,126.35,18265
2026-03-25 13:39:00,13:39:00,127.0,128.15,126.35,127.0,10920
2026-03-25 13:40:00,13:40:00,126.45,127.95,125.35,125.35,10010
2026-03-25 13:41:00,13:41:00,125.7,127.0,125.3,125.3,4875
2026-03-25 13:42:00,13:42:00,125.05,126.55,124.6,125.6,24505
2026-03-25 13:43:00,13:43:00,125.0,126.5,124.45,126.1,13455
2026-03-25 13:44:00,13:44:00,125.75,126.1,123.75,124.0,16640
2026-03-25 13:45:00,13:45:00,123.8,124.85,121.3,121.3,33605
2026-03-25 13:46:00,13:46:00,121.05,123.7,120.9,122.85,38610
2026-03-25 13:47:00,13:47:00,123.65,124.65,122.75,124.0,17290
2026-03-25 13:48:00,13:48:00,124.55,124.55,122.6,123.2,14300
2026-03-25 13:49:00,13:49:00,122.7,123.25,121.8,122.0,11830
2026-03-25 13:50:00,13:50:00,121.9,122.95,119.95,120.9,23790
2026-03-25 13:51:00,13:51:00,120.5,121.15,119.2,119.4,21515
2026-03-25 13:52:00,13:52:00,119.5,124.85,119.25,124.7,28535
2026-03-25 13:53:00,13:53:00,124.7,126.05,124.1,126.05,18720
2026-03-25 13:54:00,13:54:00,125.75,126.05,124.6,125.0,16315
2026-03-25 13:55:00,13:55:00,115.3,117.65,115.05,116.1,31200
2026-03-25 13:56:00,13:56:00,125.6,126.05,124.0,124.25,15990
2026-03-25 13:57:00,13:57:00,124.45,126.0,124.2,125.0,12545
2026-03-25 13:58:00,13:58:00,124.55,125.0,123.35,124.45,14690
2026-03-25 13:59:00,13:59:00,124.45,125.05,124.0,124.15,4485
2026-03-25 14:00:00,14:00:00,124.05,124.4,121.4,122.0,13065
2026-03-25 14:01:00,14:01:00,123.0,123.85,119.2,119.2,24050
2026-03-25 14:02:00,14:02:00,119.6,120.0,115.95,115.95,34970
2026-03-25 14:03:00,14:03:00,116.15,117.55,115.7,116.35,20345
2026-03-25 14:04:00,14:04:00,117.65,119.4,116.35,118.1,34710
2026-03-25 14:05:00,14:05:00,118.75,119.4,118.1,119.4,18200
2026-03-25 14:06:00,14:06:00,110.3,117.05,109.6,117.05,93405
2026-03-25 14:07:00,14:07:00,117.15,118.15,115.8,117.6,69290
2026-03-25 14:08:00,14:08:00,116.85,119.3,115.75,116.75,55315
2026-03-25 14:09:00,14:09:00,116.75,119.9,116.75,119.25,70070
2026-03-25 14:10:00,14:10:00,119.0,119.25,116.1,117.2,34190
2026-03-25 14:11:00,14:11:00,116.95,119.25,116.75,118.05,22750
2026-03-25 14:12:00,14:12:00,117.9,120.6,116.85,119.55,50115
2026-03-25 14:13:00,14:13:00,119.6,121.1,119.5,120.25,72410
2026-03-25 14:14:00,14:14:00,120.0,120.45,118.25,118.25,23335
2026-03-25 14:15:00,14:15:00,118.2,120.3,115.6,117.0,66885
2026-03-25 14:16:00,14:16:00,116.7,118.75,116.7,117.75,17485
2026-03-25 14:17:00,14:17:00,117.0,119.7,116.55,118.85,38675
2026-03-25 14:18:00,14:18:00,119.2,122.05,118.75,121.05,57200
2026-03-25 14:19:00,14:19:00,121.45,122.0,120.0,121.5,40560
2026-03-25 14:20:00,14:20:00,120.8,122.5,120.0,120.05,46605
2026-03-25 14:21:00,14:21:00,110.2,114.5,109.7,114.5,28405
2026-03-25 14:22:00,14:22:00,114.05,118.95,114.0,118.35,58045
2026-03-25 14:23:00,14:23:00,117.9,123.35,117.9,123.05,52195
2026-03-25 14:24:00,14:24:00,113.45,117.3,112.9,115.5,218595
2026-03-25 14:25:00,14:25:00,125.45,128.25,122.0,122.0,77155
2026-03-25 14:26:00,14:26:00,121.4,126.1,120.05,125.15,48295
2026-03-25 14:27:00,14:27:00,124.75,127.85,123.7,124.7,60190
2026-03-25 14:28:00,14:28:00,124.25,129.5,124.25,125.25,31850
2026-03-25 14:29:00,14:29:00,125.1,128.15,125.1,126.95,24570
2026-03-25 14:30:00,14:30:00,117.2,125.6,116.3,120.65,192270
2026-03-25 14:31:00,14:31:00,130.15,131.05,125.15,126.7,37895
2026-03-25 14:32:00,14:32:00,126.8,127.0,123.65,124.65,20085
2026-03-25 14:33:00,14:33:00,124.8,125.5,119.15,122.15,39585
2026-03-25 14:34:00,14:34:00,121.9,125.2,121.65,124.4,17485
2026-03-25 14:35:00,14:35:00,124.25,125.9,120.9,121.7,18590
2026-03-25 14:36:00,14:36:00,121.4,125.2,121.25,125.2,20540
2026-03-25 14:37:00,14:37:00,124.8,127.35,124.75,125.0,19630
2026-03-25 14:38:00,14:38:00,124.0,129.05,124.0,125.0,27430
2026-03-25 14:39:00,14:39:00,124.85,125.55,123.4,124.1,20280
2026-03-25 14:40:00,14:40:00,124.1,124.45,118.55,119.3,42315
2026-03-25 14:41:00,14:41:00,120.0,122.4,118.6,120.2,15210
2026-03-25 14:42:00,14:42:00,119.6,120.3,115.65,115.9,31785
2026-03-25 14:43:00,14:43:00,116.2,118.55,115.9,117.0,13455
2026-03-25 14:44:00,14:44:00,119.75,120.55,117.0,119.15,19825
2026-03-25 14:45:00,14:45:00,119.1,119.8,117.2,118.1,17550
2026-03-25 14:46:00,14:46:00,117.95,122.45,117.95,121.05,25025
2026-03-25 14:47:00,14:47:00,121.3,125.15,121.05,122.55,33930
2026-03-25 14:48:00,14:48:00,123.35,125.7,122.55,123.7,18460
2026-03-25 14:49:00,14:49:00,124.0,124.25,119.55,122.75,20540
2026-03-25 14:50:00,14:50:00,122.85,124.25,121.2,124.25,16055
2026-03-25 14:51:00,14:51:00,123.15,124.5,122.5,122.8,14105
2026-03-25 14:52:00,14:52:00,122.5,124.65,122.5,124.55,22035
2026-03-25 14:53:00,14:53:00,125.25,128.45,123.6,128.3,25090
2026-03-25 14:54:00,14:54:00,128.35,130.3,126.85,128.5,31460
2026-03-25 14:55:00,14:55:00,118.2,118.9,117.1,118.1,55770
2026-03-25 14:56:00,14:56:00,128.85,129.45,126.4,128.15,16055
2026-03-25 14:57:00,14:57:00,117.4,119.1,114.3,117.7,88140
2026-03-25 14:58:00,14:58:00,128.25,128.5,124.9,127.4,21970
2026-03-25 14:59:00,14:59:00,127.75,128.45,125.55,126.3,23660
2026-03-25 15:00:00,15:00:00,117.0,122.45,115.75,117.85,190970
2026-03-25 15:01:00,15:01:00,117.4,118.95,114.75,117.2,109915
2026-03-25 15:02:00,15:02:00,127.9,127.9,119.1,119.1,60125
2026-03-25 15:03:00,15:03:00,120.0,122.3,117.3,120.95,52845
2026-03-25 15:04:00,15:04:00,121.2,124.05,120.95,123.65,29315
2026-03-25 15:05:00,15:05:00,112.85,116.2,112.85,113.75,84240
2026-03-25 15:06:00,15:06:00,113.3,116.7,113.3,116.4,87945
2026-03-25 15:07:00,15:07:00,116.15,116.8,114.85,116.15,80340
2026-03-25 15:08:00,15:08:00,116.1,116.15,112.85,114.2,70005
2026-03-25 15:09:00,15:09:00,114.6,116.4,113.65,114.55,93860
2026-03-25 15:10:00,15:10:00,115.25,117.4,114.55,117.4,89895
2026-03-25 15:11:00,15:11:00,117.45,118.0,115.35,117.0,83655
2026-03-25 15:12:00,15:12:00,116.65,117.7,115.6,117.5,75075
2026-03-25 15:13:00,15:13:00,117.4,119.0,117.1,117.7,125580
2026-03-25 15:14:00,15:14:00,118.1,119.1,117.05,119.1,115505
2026-03-25 15:15:00,15:15:00,119.45,121.9,118.65,119.4,158080
2026-03-25 15:16:00,15:16:00,120.25,122.6,119.4,121.95,135135
2026-03-25 15:17:00,15:17:00,121.8,122.65,119.05,121.8,124995
2026-03-25 15:18:00,15:18:00,121.55,124.0,121.25,122.85,96070
2026-03-25 15:19:00,15:19:00,122.6,124.5,122.6,124.3,111280
2026-03-25 15:20:00,15:20:00,123.65,125.0,122.95,122.95,114205
2026-03-25 15:21:00,15:21:00,122.6,123.9,121.55,123.3,97890
2026-03-25 15:22:00,15:22:00,122.85,125.35,120.5,125.35,161265
2026-03-25 15:23:00,15:23:00,125.8,125.8,123.75,123.75,130130
2026-03-25 15:24:00,15:24:00,123.3,124.8,123.0,123.65,75465
2026-03-25 15:25:00,15:25:00,123.0,123.8,122.2,123.65,120705
2026-03-25 15:26:00,15:26:00,123.0,123.65,119.25,120.8,128570
2026-03-25 15:27:00,15:27:00,121.15,121.45,119.0,121.45,87295
2026-03-25 15:28:00,15:28:00,121.05,121.45,119.0,119.0,280995
2026-03-25 15:29:00,15:29:00,119.55,121.6,119.0,120.6,300040
2026-03-30 09:15:00,09:15:00,8.05,13.8,5.1,8.6,7909785
2026-03-30 09:16:00,09:16:00,8.5,8.6,5.95,7.55,5042960
2026-03-30 09:17:00,09:17:00,7.3,7.75,6.6,6.6,4350710
2026-03-30 09:18:00,09:18:00,6.5,7.05,6.2,6.65,4052620
2026-03-30 09:19:00,09:19:00,6.7,7.1,5.95,6.0,3349905
2026-03-30 09:20:00,09:20:00,6.1,6.2,5.85,6.0,2837380
2026-03-30 09:21:00,09:21:00,6.0,6.15,5.1,5.1,2523690
2026-03-30 09:22:00,09:22:00,7.1,7.3,6.5,6.75,1212640
2026-03-30 09:23:00,09:23:00,6.8,7.3,6.65,6.95,876200
2026-03-30 09:24:00,09:24:00,6.95,7.4,6.85,6.9,803465
2026-03-30 09:25:00,09:25:00,7.2,7.25,6.6,6.6,734760
2026-03-30 09:26:00,09:26:00,6.65,6.65,5.95,6.1,581555
2026-03-30 09:27:00,09:27:00,6.1,6.8,6.1,6.3,507195
2026-03-30 09:28:00,09:28:00,6.4,6.55,5.7,5.8,634790
2026-03-30 09:29:00,09:29:00,7.5,7.55,6.65,6.65,2550470
2026-03-30 09:30:00,09:30:00,6.65,6.65,6.2,6.55,2019355
2026-03-30 09:31:00,09:31:00,6.5,6.55,6.0,6.1,1869075
2026-03-30 09:32:00,09:32:00,8.05,8.15,7.6,7.9,2130570
2026-03-30 09:33:00,09:33:00,7.95,8.8,7.85,8.45,1246180
2026-03-30 09:34:00,09:34:00,11.65,11.65,10.05,10.3,3028090
2026-03-30 09:35:00,09:35:00,7.65,7.75,7.1,7.35,945165
2026-03-30 09:36:00,09:36:00,10.5,10.65,9.45,9.45,3005275
2026-03-30 09:37:00,09:37:00,9.5,9.75,9.4,9.55,3084640
2026-03-30 09:38:00,09:38:00,9.65,10.05,9.45,9.45,2949765
2026-03-30 09:39:00,09:39:00,9.55,9.65,8.5,8.8,2270970
2026-03-30 09:40:00,09:40:00,8.7,10.15,8.65,9.95,1964495
2026-03-30 09:41:00,09:41:00,9.85,9.95,8.55,9.3,1226745
2026-03-30 09:42:00,09:42:00,6.85,7.8,6.85,7.8,740740
2026-03-30 09:43:00,09:43:00,7.75,8.3,7.5,8.3,722085
2026-03-30 09:44:00,09:44:00,8.5,9.15,8.3,8.65,591175
2026-03-30 09:45:00,09:45:00,11.5,11.65,9.9,9.9,1024595
2026-03-30 09:46:00,09:46:00,10.1,10.6,9.6,10.1,762905
2026-03-30 09:47:00,09:47:00,7.7,8.3,7.55,8.25,405340
2026-03-30 09:48:00,09:48:00,8.1,9.55,8.1,9.45,766025
2026-03-30 09:49:00,09:49:00,9.5,10.15,8.8,9.3,834860
2026-03-30 09:50:00,09:50:00,7.0,7.8,6.8,7.15,1258465
2026-03-30 09:51:00,09:51:00,9.7,9.75,7.45,7.8,821730
2026-03-30 09:52:00,09:52:00,7.65,8.7,7.5,8.5,480155
2026-03-30 09:53:00,09:53:00,8.7,8.9,7.95,8.7,511485
2026-03-30 09:54:00,09:54:00,6.25,6.75,6.1,6.6,493935
2026-03-30 09:55:00,09:55:00,6.55,6.95,6.4,6.7,929045
2026-03-30 09:56:00,09:56:00,6.8,6.8,5.95,6.15,521170
2026-03-30 09:57:00,09:57:00,6.1,6.3,5.55,5.85,572260
2026-03-30 09:58:00,09:58:00,5.8,6.7,5.8,6.45,644605
2026-03-30 09:59:00,09:59:00,6.4,6.45,5.55,5.7,471250
2026-03-30 10:00:00,10:00:00,5.7,5.8,5.4,5.75,258375
2026-03-30 10:01:00,10:01:00,5.85,5.85,5.5,5.55,353990
2026-03-30 10:02:00,10:02:00,7.45,7.5,6.05,6.2,930410
2026-03-30 10:03:00,10:03:00,6.3,6.3,5.6,5.75,900835
2026-03-30 10:04:00,10:04:00,5.75,6.1,5.6,6.05,661115
2026-03-30 10:05:00,10:05:00,6.2,6.4,5.95,6.35,456235
2026-03-30 10:06:00,10:06:00,6.1,6.7,6.1,6.35,355420
2026-03-30 10:07:00,10:07:00,4.75,5.15,4.65,4.95,438620
2026-03-30 10:08:00,10:08:00,5.0,5.4,4.95,5.3,573885
2026-03-30 10:09:00,10:09:00,5.2,5.65,5.1,5.45,555685
2026-03-30 10:10:00,10:10:00,5.45,6.25,5.4,5.75,823745
2026-03-30 10:11:00,10:11:00,4.55,5.15,4.5,5.15,377780
2026-03-30 10:12:00,10:12:00,4.8,5.15,4.5,4.5,472225
2026-03-30 10:13:00,10:13:00,4.5,4.85,4.35,4.35,535535
2026-03-30 10:14:00,10:14:00,5.35,5.4,4.55,4.55,848120
2026-03-30 10:15:00,10:15:00,4.65,4.65,4.2,4.6,725400
2026-03-30 10:16:00,10:16:00,4.6,5.0,4.45,4.75,596310
2026-03-30 10:17:00,10:17:00,3.8,4.2,3.8,4.15,472485
2026-03-30 10:18:00,10:18:00,4.15,4.6,4.15,4.5,658840
2026-03-30 10:19:00,10:19:00,4.4,4.5,4.25,4.3,486525
2026-03-30 10:20:00,10:20:00,4.3,4.45,4.15,4.25,535340
2026-03-30 10:21:00,10:21:00,4.3,4.3,3.8,3.95,524420
2026-03-30 10:22:00,10:22:00,3.9,4.15,3.75,4.1,408265
2026-03-30 10:23:00,10:23:00,4.0,4.45,3.9,4.15,621075
2026-03-30 10:24:00,10:24:00,4.2,4.25,3.95,4.05,479115
2026-03-30 10:25:00,10:25:00,4.15,4.15,3.7,3.7,362635
2026-03-30 10:26:00,10:26:00,3.7,3.9,3.65,3.85,257465
2026-03-30 10:27:00,10:27:00,3.8,4.05,3.75,4.05,388050
2026-03-30 10:28:00,10:28:00,3.95,4.4,3.95,4.15,434460
2026-03-30 10:29:00,10:29:00,4.15,4.2,4.0,4.2,355225
2026-03-30 10:30:00,10:30:00,4.2,4.2,3.9,3.9,447980
2026-03-30 10:31:00,10:31:00,3.95,4.15,3.9,4.1,412295
2026-03-30 10:32:00,10:32:00,4.15,4.15,3.75,3.9,430300
2026-03-30 10:33:00,10:33:00,3.05,3.15,2.95,3.05,843570
2026-03-30 10:34:00,10:34:00,4.0,4.0,3.25,3.3,483795
2026-03-30 10:35:00,10:35:00,3.25,3.35,3.2,3.25,435240
2026-03-30 10:36:00,10:36:00,3.2,3.25,3.05,3.2,476450
2026-03-30 10:37:00,10:37:00,3.2,3.55,3.1,3.5,445965
2026-03-30 10:38:00,10:38:00,3.45,3.5,2.95,3.0,483275
2026-03-30 10:39:00,10:39:00,3.0,3.1,2.9,3.05,334295
2026-03-30 10:40:00,10:40:00,3.05,3.05,2.8,2.9,507065
2026-03-30 10:41:00,10:41:00,2.95,3.35,2.9,3.3,395915
2026-03-30 10:42:00,10:42:00,3.3,3.45,3.25,3.4,371345
2026-03-30 10:43:00,10:43:00,2.75,3.0,2.7,2.85,1098565
2026-03-30 10:44:00,10:44:00,2.85,2.95,2.8,2.85,1012440
2026-03-30 10:45:00,10:45:00,2.9,2.95,2.75,2.9,813215
2026-03-30 10:46:00,10:46:00,2.9,2.9,2.65,2.65,828815
2026-03-30 10:47:00,10:47:00,3.25,3.55,3.15,3.15,233545
2026-03-30 10:48:00,10:48:00,3.1,3.25,3.0,3.2,203190
2026-03-30 10:49:00,10:49:00,3.15,3.2,3.0,3.0,329875
2026-03-30 10:50:00,10:50:00,3.1,3.1,2.85,2.85,199030
2026-03-30 10:51:00,10:51:00,2.35,2.6,2.35,2.55,675285
2026-03-30 10:52:00,10:52:00,2.5,2.7,2.5,2.6,734825
2026-03-30 10:53:00,10:53:00,2.6,3.0,2.6,2.95,1835860
2026-03-30 10:54:00,10:54:00,3.0,3.0,2.75,2.8,1725425
2026-03-30 10:55:00,10:55:00,2.8,3.2,2.8,3.1,1711450
2026-03-30 10:56:00,10:56:00,3.05,3.25,2.6,2.7,1844830
2026-03-30 10:57:00,10:57:00,2.7,2.7,2.45,2.5,1349010
2026-03-30 10:58:00,10:58:00,2.5,2.8,2.5,2.65,749060
2026-03-30 10:59:00,10:59:00,2.65,2.9,2.55,2.85,694395
2026-03-30 11:00:00,11:00:00,2.85,2.9,2.7,2.85,883415
2026-03-30 11:01:00,11:01:00,2.85,3.05,2.85,3.0,939445
2026-03-30 11:02:00,11:02:00,3.05,3.05,2.85,2.9,819910
2026-03-30 11:03:00,11:03:00,2.9,2.9,2.65,2.7,668200
2026-03-30 11:04:00,11:04:00,2.75,2.8,2.65,2.65,732420
2026-03-30 11:05:00,11:05:00,2.75,2.75,2.65,2.7,635830
2026-03-30 11:06:00,11:06:00,2.7,2.75,2.65,2.65,787020
2026-03-30 11:07:00,11:07:00,2.7,2.7,2.55,2.65,814255
2026-03-30 11:08:00,11:08:00,2.7,2.9,2.65,2.85,681720
2026-03-30 11:09:00,11:09:00,2.1,2.4,2.05,2.4,492180
2026-03-30 11:10:00,11:10:00,2.3,2.65,2.2,2.2,1152775
2026-03-30 11:11:00,11:11:00,2.2,2.35,2.15,2.35,593450
2026-03-30 11:12:00,11:12:00,2.3,2.45,2.25,2.4,464425
2026-03-30 11:13:00,11:13:00,3.55,3.6,3.05,3.1,1384630
2026-03-30 11:14:00,11:14:00,3.05,3.3,2.95,2.95,1100970
2026-03-30 11:15:00,11:15:00,2.05,2.15,2.0,2.15,329810
2026-03-30 11:16:00,11:16:00,3.1,3.1,2.75,2.75,1045070
2026-03-30 11:17:00,11:17:00,1.9,2.05,1.9,2.05,376740
2026-03-30 11:18:00,11:18:00,2.9,2.95,2.8,2.8,648505
2026-03-30 11:19:00,11:19:00,2.8,2.9,2.75,2.8,681460
2026-03-30 11:20:00,11:20:00,1.9,2.05,1.9,2.0,307970
2026-03-30 11:21:00,11:21:00,2.95,3.05,2.7,2.7,967850
2026-03-30 11:22:00,11:22:00,2.8,2.9,2.7,2.75,702455
2026-03-30 11:23:00,11:23:00,1.9,1.95,1.85,1.95,168285
2026-03-30 11:24:00,11:24:00,2.75,2.8,2.6,2.6,967785
2026-03-30 11:25:00,11:25:00,2.6,2.7,2.55,2.6,950495
2026-03-30 11:26:00,11:26:00,1.75,1.85,1.65,1.8,705705
2026-03-30 11:27:00,11:27:00,1.8,1.9,1.75,1.85,710190
2026-03-30 11:28:00,11:28:00,1.85,1.9,1.8,1.85,563615
2026-03-30 11:29:00,11:29:00,1.85,1.95,1.8,1.9,400595
2026-03-30 11:30:00,11:30:00,1.9,2.0,1.85,1.95,641745
2026-03-30 11:31:00,11:31:00,2.9,3.0,2.65,2.65,1020175
2026-03-30 11:32:00,11:32:00,2.65,2.65,2.45,2.5,1320995
2026-03-30 11:33:00,11:33:00,2.55,2.8,2.5,2.7,1471925
2026-03-30 11:34:00,11:34:00,2.7,2.7,2.45,2.45,1724580
2026-03-30 11:35:00,11:35:00,2.5,2.55,2.3,2.3,1965145
2026-03-30 11:36:00,11:36:00,2.35,2.35,2.2,2.2,1515020
2026-03-30 11:37:00,11:37:00,2.75,2.8,2.55,2.6,402480
2026-03-30 11:38:00,11:38:00,2.65,2.7,2.45,2.45,701090
2026-03-30 11:39:00,11:39:00,1.95,2.05,1.9,1.95,1750840
2026-03-30 11:40:00,11:40:00,2.0,2.1,1.95,2.05,1357330
2026-03-30 11:41:00,11:41:00,2.1,2.1,1.95,2.0,981890
2026-03-30 11:42:00,11:42:00,2.0,2.1,2.0,2.1,566800
2026-03-30 11:43:00,11:43:00,2.05,2.2,2.05,2.1,1060150
2026-03-30 11:44:00,11:44:00,2.1,2.2,2.1,2.15,618410
2026-03-30 11:45:00,11:45:00,1.5,1.6,1.5,1.6,268320
2026-03-30 11:46:00,11:46:00,1.55,1.7,1.5,1.65,356070
2026-03-30 11:47:00,11:47:00,1.7,1.75,1.6,1.65,683930
2026-03-30 11:48:00,11:48:00,1.65,1.65,1.6,1.65,366145
2026-03-30 11:49:00,11:49:00,1.65,1.75,1.6,1.7,410280
2026-03-30 11:50:00,11:50:00,1.75,1.75,1.65,1.7,194740
2026-03-30 11:51:00,11:51:00,1.7,1.7,1.6,1.7,359840
2026-03-30 11:52:00,11:52:00,1.7,1.7,1.6,1.7,529425
2026-03-30 11:53:00,11:53:00,1.65,1.7,1.6,1.65,716950
2026-03-30 11:54:00,11:54:00,2.55,2.6,2.2,2.25,1211405
2026-03-30 11:55:00,11:55:00,2.2,2.25,2.05,2.05,922350
2026-03-30 11:56:00,11:56:00,1.45,1.55,1.45,1.55,146120
2026-03-30 11:57:00,11:57:00,2.15,2.25,2.05,2.1,493740
2026-03-30 11:58:00,11:58:00,2.1,2.1,1.9,1.95,863200
2026-03-30 11:59:00,11:59:00,1.95,1.95,1.85,1.95,906425
2026-03-30 12:00:00,12:00:00,1.95,1.95,1.8,1.8,686335
2026-03-30 12:01:00,12:01:00,1.85,1.85,1.7,1.75,1628510
2026-03-30 12:02:00,12:02:00,2.1,2.15,1.9,1.95,702845
2026-03-30 12:03:00,12:03:00,2.0,2.1,1.9,1.95,862030
2026-03-30 12:04:00,12:04:00,1.9,2.0,1.85,2.0,731835
2026-03-30 12:05:00,12:05:00,2.05,2.1,1.7,1.75,2093715
2026-03-30 12:06:00,12:06:00,1.75,1.75,1.6,1.75,980655
2026-03-30 12:07:00,12:07:00,1.75,1.75,1.65,1.7,595725
2026-03-30 12:08:00,12:08:00,1.75,1.75,1.6,1.7,674960
2026-03-30 12:09:00,12:09:00,1.7,1.7,1.6,1.65,385450
2026-03-30 12:10:00,12:10:00,1.65,1.7,1.6,1.65,507910
2026-03-30 12:11:00,12:11:00,1.65,1.7,1.5,1.55,514215
2026-03-30 12:12:00,12:12:00,1.9,1.95,1.85,1.95,542945
2026-03-30 12:13:00,12:13:00,1.55,1.6,1.5,1.6,530075
2026-03-30 12:14:00,12:14:00,1.55,1.7,1.55,1.7,387855
2026-03-30 12:15:00,12:15:00,1.7,1.75,1.6,1.7,316290
2026-03-30 12:16:00,12:16:00,1.7,1.7,1.55,1.55,359190
2026-03-30 12:17:00,12:17:00,1.6,1.75,1.55,1.7,267540
2026-03-30 12:18:00,12:18:00,1.7,1.7,1.65,1.65,200590
2026-03-30 12:19:00,12:19:00,1.65,1.7,1.6,1.7,296400
2026-03-30 12:20:00,12:20:00,1.7,1.7,1.55,1.65,429195
2026-03-30 12:21:00,12:21:00,2.0,2.0,1.85,1.9,862940
2026-03-30 12:22:00,12:22:00,1.5,1.65,1.5,1.65,280670
2026-03-30 12:23:00,12:23:00,1.65,1.75,1.6,1.7,189150
2026-03-30 12:24:00,12:24:00,1.75,1.8,1.65,1.8,374660
2026-03-30 12:25:00,12:25:00,1.8,1.85,1.7,1.75,611455
2026-03-30 12:26:00,12:26:00,1.4,1.5,1.4,1.45,796900
2026-03-30 12:27:00,12:27:00,1.5,1.5,1.4,1.5,669500
2026-03-30 12:28:00,12:28:00,1.5,1.55,1.45,1.45,912535
2026-03-30 12:29:00,12:29:00,1.5,1.5,1.35,1.35,831545
2026-03-30 12:30:00,12:30:00,1.4,1.45,1.35,1.45,730210
2026-03-30 12:31:00,12:31:00,1.45,1.45,1.4,1.45,605085
2026-03-30 12:32:00,12:32:00,1.45,1.45,1.35,1.45,654355
2026-03-30 12:33:00,12:33:00,1.45,1.5,1.4,1.45,502320
2026-03-30 12:34:00,12:34:00,1.5,1.55,1.4,1.5,879905
2026-03-30 12:35:00,12:35:00,1.55,1.55,1.35,1.4,1081080
2026-03-30 12:36:00,12:36:00,1.65,1.65,1.55,1.55,333320
2026-03-30 12:37:00,12:37:00,1.55,1.55,1.4,1.45,305760
2026-03-30 12:38:00,12:38:00,1.45,1.5,1.4,1.4,195975
2026-03-30 12:39:00,12:39:00,1.45,1.45,1.35,1.45,414765
2026-03-30 12:40:00,12:40:00,1.45,1.45,1.4,1.4,182260
2026-03-30 12:41:00,12:41:00,1.45,1.5,1.4,1.45,449280
2026-03-30 12:42:00,12:42:00,1.4,1.45,1.4,1.45,355160
2026-03-30 12:43:00,12:43:00,1.4,1.45,1.35,1.4,157170
2026-03-30 12:44:00,12:44:00,1.45,1.45,1.35,1.4,152490
2026-03-30 12:45:00,12:45:00,1.4,1.4,1.25,1.25,326885
2026-03-30 12:46:00,12:46:00,1.3,1.35,1.25,1.3,111475
2026-03-30 12:47:00,12:47:00,1.35,1.4,1.3,1.35,328250
2026-03-30 12:48:00,12:48:00,1.35,1.4,1.35,1.35,236990
2026-03-30 12:49:00,12:49:00,1.4,1.4,1.3,1.35,185835
2026-03-30 12:50:00,12:50:00,1.35,1.45,1.35,1.45,209885
2026-03-30 12:51:00,12:51:00,1.4,1.45,1.35,1.4,174200
2026-03-30 12:52:00,12:52:00,1.15,1.2,1.1,1.2,1219075
2026-03-30 12:53:00,12:53:00,1.15,1.45,1.15,1.4,2130310
2026-03-30 12:54:00,12:54:00,1.4,1.4,1.2,1.25,806130
2026-03-30 12:55:00,12:55:00,1.25,1.25,1.15,1.2,703885
2026-03-30 12:56:00,12:56:00,1.15,1.25,1.15,1.25,779740
2026-03-30 12:57:00,12:57:00,1.25,1.25,1.2,1.25,472095
2026-03-30 12:58:00,12:58:00,1.2,1.25,1.1,1.1,513695
2026-03-30 12:59:00,12:59:00,1.15,1.2,1.1,1.15,584675
2026-03-30 13:00:00,13:00:00,1.15,1.2,1.1,1.1,417885
2026-03-30 13:01:00,13:01:00,1.15,1.2,1.1,1.2,865930
2026-03-30 13:02:00,13:02:00,1.2,1.2,1.1,1.2,720395
2026-03-30 13:03:00,13:03:00,1.15,1.2,1.1,1.15,1003275
2026-03-30 13:04:00,13:04:00,1.15,1.2,1.1,1.15,674440
2026-03-30 13:05:00,13:05:00,1.15,1.2,1.1,1.1,354445
2026-03-30 13:06:00,13:06:00,1.15,1.15,1.1,1.15,617500
2026-03-30 13:07:00,13:07:00,1.1,1.2,1.1,1.1,288795
2026-03-30 13:08:00,13:08:00,1.1,1.15,1.1,1.1,200070
2026-03-30 13:09:00,13:09:00,1.15,1.15,1.05,1.15,492115
2026-03-30 13:10:00,13:10:00,1.15,1.15,1.05,1.05,344500
2026-03-30 13:11:00,13:11:00,1.1,1.15,1.05,1.05,863070
2026-03-30 13:12:00,13:12:00,1.05,1.1,0.85,0.9,1992185
2026-03-30 13:13:00,13:13:00,0.85,1.0,0.85,0.95,1481090
2026-03-30 13:14:00,13:14:00,1.0,1.0,0.9,0.95,750035
2026-03-30 13:15:00,13:15:00,0.95,0.95,0.85,0.95,1137695
2026-03-30 13:16:00,13:16:00,0.9,0.95,0.9,0.9,1075880
2026-03-30 13:17:00,13:17:00,0.9,0.95,0.85,0.9,779675
2026-03-30 13:18:00,13:18:00,0.95,0.95,0.85,0.9,538070
2026-03-30 13:19:00,13:19:00,0.95,0.95,0.9,0.95,330265
2026-03-30 13:20:00,13:20:00,0.95,0.95,0.9,0.95,269815
2026-03-30 13:21:00,13:21:00,0.95,0.95,0.85,0.9,583050
2026-03-30 13:22:00,13:22:00,0.9,0.95,0.85,0.9,619905
2026-03-30 13:23:00,13:23:00,0.9,0.95,0.85,0.9,563615
2026-03-30 13:24:00,13:24:00,0.9,0.95,0.85,0.9,427440
2026-03-30 13:25:00,13:25:00,0.7,0.75,0.7,0.75,85475
2026-03-30 13:26:00,13:26:00,0.75,0.8,0.7,0.75,423020
2026-03-30 13:27:00,13:27:00,0.75,0.75,0.65,0.65,144950
2026-03-30 13:28:00,13:28:00,0.9,1.0,0.9,0.9,1096290
2026-03-30 13:29:00,13:29:00,0.9,0.95,0.9,0.9,562835
2026-03-30 13:30:00,13:30:00,0.7,0.7,0.65,0.65,36140
2026-03-30 13:31:00,13:31:00,0.7,0.7,0.65,0.7,150085
2026-03-30 13:32:00,13:32:00,0.7,0.7,0.65,0.65,98800
2026-03-30 13:33:00,13:33:00,0.7,0.7,0.65,0.7,17615
2026-03-30 13:34:00,13:34:00,0.9,0.9,0.85,0.85,310050
2026-03-30 13:35:00,13:35:00,0.85,0.9,0.8,0.8,745095
2026-03-30 13:36:00,13:36:00,0.8,0.85,0.8,0.85,500760
2026-03-30 13:37:00,13:37:00,0.85,0.85,0.75,0.8,1569490
2026-03-30 13:38:00,13:38:00,0.75,0.8,0.7,0.75,1108900
2026-03-30 13:39:00,13:39:00,0.75,0.75,0.7,0.7,743535
2026-03-30 13:40:00,13:40:00,0.7,0.75,0.65,0.7,769405
2026-03-30 13:41:00,13:41:00,0.65,0.7,0.65,0.65,733070
2026-03-30 13:42:00,13:42:00,0.55,0.55,0.5,0.5,172055
2026-03-30 13:43:00,13:43:00,0.5,0.55,0.5,0.55,52650
2026-03-30 13:44:00,13:44:00,0.55,0.55,0.5,0.55,179530
2026-03-30 13:45:00,13:45:00,0.55,0.55,0.5,0.5,100685
2026-03-30 13:46:00,13:46:00,0.5,0.55,0.5,0.5,42835
2026-03-30 13:47:00,13:47:00,0.55,0.55,0.5,0.55,27690
2026-03-30 13:48:00,13:48:00,0.55,0.55,0.5,0.55,46670
2026-03-30 13:49:00,13:49:00,0.55,0.55,0.5,0.55,75920
2026-03-30 13:50:00,13:50:00,0.5,0.55,0.5,0.55,99645
2026-03-30 13:51:00,13:51:00,0.5,0.6,0.5,0.55,1004965
2026-03-30 13:52:00,13:52:00,0.6,0.65,0.55,0.65,262210
2026-03-30 13:53:00,13:53:00,0.6,0.65,0.55,0.6,1325220
2026-03-30 13:54:00,13:54:00,0.5,0.55,0.5,0.5,198965
2026-03-30 13:55:00,13:55:00,0.6,0.65,0.6,0.6,592670
2026-03-30 13:56:00,13:56:00,0.5,0.55,0.45,0.45,682240
2026-03-30 13:57:00,13:57:00,0.6,0.6,0.55,0.55,111930
2026-03-30 13:58:00,13:58:00,0.55,0.6,0.5,0.55,795535
2026-03-30 13:59:00,13:59:00,0.55,0.6,0.5,0.55,808145
2026-03-30 14:00:00,14:00:00,0.6,0.6,0.5,0.5,443560
2026-03-30 14:01:00,14:01:00,0.5,0.55,0.5,0.55,110955
2026-03-30 14:02:00,14:02:00,0.55,0.55,0.5,0.5,514410
2026-03-30 14:03:00,14:03:00,0.5,0.55,0.5,0.5,431925
2026-03-30 14:04:00,14:04:00,0.55,0.55,0.5,0.5,337025
2026-03-30 14:05:00,14:05:00,0.55,0.55,0.5,0.55,158730
2026-03-30 14:06:00,14:06:00,0.5,0.55,0.5,0.5,58175
2026-03-30 14:07:00,14:07:00,0.5,0.55,0.5,0.5,188890
2026-03-30 14:08:00,14:08:00,0.5,0.55,0.5,0.55,69615
2026-03-30 14:09:00,14:09:00,0.55,0.55,0.5,0.5,144105
2026-03-30 14:10:00,14:10:00,0.55,0.55,0.5,0.55,106665
2026-03-30 14:11:00,14:11:00,0.5,0.6,0.5,0.6,613990
2026-03-30 14:12:00,14:12:00,0.6,0.6,0.5,0.6,397865
2026-03-30 14:13:00,14:13:00,0.45,0.5,0.45,0.5,214500
2026-03-30 14:14:00,14:14:00,0.45,0.5,0.45,0.45,106990
2026-03-30 14:15:00,14:15:00,0.5,0.5,0.45,0.45,422695
2026-03-30 14:16:00,14:16:00,0.45,0.5,0.45,0.5,194285
2026-03-30 14:17:00,14:17:00,0.5,0.5,0.45,0.5,258960
2026-03-30 14:18:00,14:18:00,0.45,0.5,0.45,0.5,197145
2026-03-30 14:19:00,14:19:00,0.5,0.5,0.45,0.45,116090
2026-03-30 14:20:00,14:20:00,0.6,0.6,0.55,0.55,45630
2026-03-30 14:21:00,14:21:00,0.4,0.45,0.4,0.4,135005
2026-03-30 14:22:00,14:22:00,0.45,0.45,0.4,0.4,103350
2026-03-30 14:23:00,14:23:00,0.45,0.5,0.4,0.4,1666535
2026-03-30 14:24:00,14:24:00,0.45,0.45,0.4,0.45,643500
2026-03-30 14:25:00,14:25:00,0.45,0.45,0.4,0.45,199225
2026-03-30 14:26:00,14:26:00,0.45,0.45,0.4,0.45,325585
2026-03-30 14:27:00,14:27:00,0.4,0.45,0.4,0.45,174525
2026-03-30 14:28:00,14:28:00,0.45,0.45,0.4,0.4,153725
2026-03-30 14:29:00,14:29:00,0.45,0.45,0.4,0.45,157430
2026-03-30 14:30:00,14:30:00,0.4,0.5,0.4,0.45,510380
2026-03-30 14:31:00,14:31:00,0.45,0.5,0.4,0.45,571350
2026-03-30 14:32:00,14:32:00,0.4,0.45,0.4,0.45,263445
2026-03-30 14:33:00,14:33:00,0.4,0.45,0.4,0.45,144885
2026-03-30 14:34:00,14:34:00,0.4,0.5,0.35,0.5,863005
2026-03-30 14:35:00,14:35:00,0.45,0.5,0.45,0.45,462280
2026-03-30 14:36:00,14:36:00,0.45,0.5,0.45,0.45,262730
2026-03-30 14:37:00,14:37:00,0.45,0.5,0.45,0.45,212225
2026-03-30 14:38:00,14:38:00,0.45,0.5,0.4,0.4,185445
2026-03-30 14:39:00,14:39:00,0.45,0.45,0.4,0.4,148720
2026-03-30 14:40:00,14:40:00,0.4,0.45,0.4,0.4,153075
2026-03-30 14:41:00,14:41:00,0.45,0.5,0.4,0.45,382330
2026-03-30 14:42:00,14:42:00,0.5,0.5,0.35,0.35,227630
2026-03-30 14:43:00,14:43:00,0.4,0.4,0.35,0.35,115635
2026-03-30 14:44:00,14:44:00,0.35,0.4,0.35,0.4,305435
2026-03-30 14:45:00,14:45:00,0.4,0.5,0.4,0.45,328185
2026-03-30 14:46:00,14:46:00,0.4,0.5,0.4,0.4,322855
2026-03-30 14:47:00,14:47:00,0.45,0.5,0.4,0.4,520715
2026-03-30 14:48:00,14:48:00,0.45,0.5,0.35,0.4,160745
2026-03-30 14:49:00,14:49:00,0.4,0.45,0.35,0.4,286910
2026-03-30 14:50:00,14:50:00,0.35,0.4,0.35,0.35,112905
2026-03-30 14:51:00,14:51:00,0.35,0.4,0.35,0.35,199030
2026-03-30 14:52:00,14:52:00,0.35,0.4,0.35,0.35,130455
2026-03-30 14:53:00,14:53:00,0.35,0.35,0.3,0.3,108030
2026-03-30 14:54:00,14:54:00,0.35,0.35,0.3,0.3,152490
2026-03-30 14:55:00,14:55:00,0.3,0.35,0.3,0.3,86515
2026-03-30 14:56:00,14:56:00,0.35,0.35,0.3,0.35,75595
2026-03-30 14:57:00,14:57:00,0.35,0.35,0.25,0.3,330200
2026-03-30 14:58:00,14:58:00,0.25,0.3,0.25,0.3,115505
2026-03-30 14:59:00,14:59:00,0.25,0.3,0.2,0.2,522210
2026-03-30 15:00:00,15:00:00,0.2,0.25,0.2,0.25,205075
2026-03-30 15:01:00,15:01:00,0.15,0.2,0.15,0.15,238485
2026-03-30 15:02:00,15:02:00,0.15,0.2,0.1,0.1,471705
2026-03-30 15:03:00,15:03:00,0.1,0.15,0.1,0.1,134420
2026-03-30 15:04:00,15:04:00,0.1,0.15,0.1,0.1,310960
2026-03-30 15:05:00,15:05:00,0.1,0.15,0.1,0.15,163930
2026-03-30 15:06:00,15:06:00,0.15,0.15,0.1,0.1,228410
2026-03-30 15:07:00,15:07:00,0.15,0.15,0.1,0.15,227955
2026-03-30 15:08:00,15:08:00,0.1,0.15,0.1,0.15,108550
2026-03-30 15:09:00,15:09:00,0.1,0.15,0.1,0.1,59150
2026-03-30 15:10:00,15:10:00,0.1,0.15,0.1,0.15,88335
2026-03-30 15:11:00,15:11:00,0.1,0.15,0.1,0.1,207480
2026-03-30 15:12:00,15:12:00,0.1,0.15,0.1,0.1,96590
2026-03-30 15:13:00,15:13:00,0.15,0.15,0.1,0.1,69355
2026-03-30 15:14:00,15:14:00,0.1,0.15,0.1,0.1,117715
2026-03-30 15:15:00,15:15:00,0.1,0.15,0.1,0.1,110955
2026-03-30 15:16:00,15:16:00,0.15,0.15,0.1,0.1,84890
2026-03-30 15:17:00,15:17:00,0.1,0.15,0.1,0.15,101465
2026-03-30 15:18:00,15:18:00,0.15,0.15,0.05,0.05,388635
2026-03-30 15:19:00,15:19:00,0.05,0.1,0.05,0.1,92820
2026-03-30 15:20:00,15:20:00,0.05,0.1,0.05,0.05,443170
2026-03-30 15:21:00,15:21:00,0.05,0.1,0.05,0.05,197015
2026-03-30 15:22:00,15:22:00,0.05,0.05,0.05,0.05,4095
2026-03-30 15:23:00,15:23:00,0.05,0.05,0.05,0.05,60255
2026-03-30 15:24:00,15:24:00,0.05,0.05,0.05,0.05,142285
2026-03-30 15:25:00,15:25:00,0.05,0.05,0.05,0.05,12675
2026-03-30 15:26:00,15:26:00,0.05,0.05,0.05,0.05,19565
2026-03-30 15:27:00,15:27:00,0.05,0.05,0.05,0.05,225290
2026-03-30 15:28:00,15:28:00,0.05,0.05,0.05,0.05,29315
2026-03-30 15:29:00,15:29:00,0.05,0.05,0.05,0.05,134485
2026-04-02 09:15:00,09:15:00,153.05,235.85,153.05,235.85,680160
2026-04-02 09:16:00,09:16:00,253.3,267.85,242.95,245.2,382460
2026-04-02 09:17:00,09:17:00,245.7,254.6,244.0,250.75,214110
2026-04-02 09:18:00,09:18:00,251.1,256.05,248.0,250.85,133445
2026-04-02 09:19:00,09:19:00,252.0,262.4,250.85,258.6,191165
2026-04-02 09:20:00,09:20:00,257.75,262.1,253.7,255.85,193765
2026-04-02 09:21:00,09:21:00,256.5,262.2,253.85,257.55,138970
2026-04-02 09:22:00,09:22:00,258.5,264.05,257.25,258.35,151125
2026-04-02 09:23:00,09:23:00,259.1,260.25,246.95,253.25,133445
2026-04-02 09:24:00,09:24:00,252.9,256.35,249.0,249.0,84825
2026-04-02 09:25:00,09:25:00,249.85,251.3,246.05,248.05,74100
2026-04-02 09:26:00,09:26:00,248.05,259.0,248.05,258.4,122785
2026-04-02 09:27:00,09:27:00,258.2,258.85,252.2,254.0,74425
2026-04-02 09:28:00,09:28:00,254.4,258.0,253.6,257.75,51350
2026-04-02 09:29:00,09:29:00,257.3,258.1,252.4,255.0,59345
2026-04-02 09:30:00,09:30:00,255.85,256.15,245.9,249.55,83525
2026-04-02 09:31:00,09:31:00,247.35,250.7,242.5,250.7,96850
2026-04-02 09:32:00,09:32:00,252.25,252.55,247.85,251.8,52520
2026-04-02 09:33:00,09:33:00,251.85,256.95,251.8,255.1,71240
2026-04-02 09:34:00,09:34:00,254.9,255.95,250.0,250.8,49920
2026-04-02 09:35:00,09:35:00,250.4,254.7,250.4,254.0,39975
2026-04-02 09:36:00,09:36:00,255.15,255.4,244.15,245.95,83200
2026-04-02 09:37:00,09:37:00,265.5,267.2,255.6,260.2,540930
2026-04-02 09:38:00,09:38:00,260.15,267.7,260.15,264.8,319345
2026-04-02 09:39:00,09:39:00,243.3,255.0,243.3,253.95,88595
2026-04-02 09:40:00,09:40:00,254.9,257.4,251.3,251.75,104780
2026-04-02 09:41:00,09:41:00,250.0,251.75,243.6,248.35,80470
2026-04-02 09:42:00,09:42:00,248.35,255.5,247.35,253.35,52130
2026-04-02 09:43:00,09:43:00,254.25,255.15,248.35,252.35,39455
2026-04-02 09:44:00,09:44:00,253.0,256.0,250.6,250.6,54860
2026-04-02 09:45:00,09:45:00,251.1,251.1,245.65,246.7,53625
2026-04-02 09:46:00,09:46:00,247.0,254.0,246.7,254.0,39910
2026-04-02 09:47:00,09:47:00,254.45,255.0,251.35,253.55,33930
2026-04-02 09:48:00,09:48:00,253.9,260.0,253.45,259.45,130845
2026-04-02 09:49:00,09:49:00,260.0,263.55,259.45,261.7,120965
2026-04-02 09:50:00,09:50:00,261.7,263.7,258.35,259.5,73970
2026-04-02 09:51:00,09:51:00,260.45,266.0,259.5,266.0,79495
2026-04-02 09:52:00,09:52:00,246.1,253.7,246.0,253.7,253045
2026-04-02 09:53:00,09:53:00,273.75,274.6,268.2,268.2,152620
2026-04-02 09:54:00,09:54:00,248.1,253.0,247.0,251.6,89570
2026-04-02 09:55:00,09:55:00,251.8,253.55,247.6,248.25,104585
2026-04-02 09:56:00,09:56:00,247.0,250.3,244.15,249.45,106600
2026-04-02 09:57:00,09:57:00,249.85,253.6,249.45,253.0,110760
2026-04-02 09:58:00,09:58:00,252.75,255.75,252.5,254.3,134225
2026-04-02 09:59:00,09:59:00,254.65,257.85,254.3,257.3,135915
2026-04-02 10:00:00,10:00:00,258.0,264.45,253.65,254.55,368875
2026-04-02 10:01:00,10:01:00,275.5,275.5,265.5,266.7,156260
2026-04-02 10:02:00,10:02:00,247.45,252.4,245.9,250.7,110045
2026-04-02 10:03:00,10:03:00,250.3,255.7,245.45,254.25,127920
2026-04-02 10:04:00,10:04:00,254.0,256.5,252.95,253.3,89570
2026-04-02 10:05:00,10:05:00,254.0,256.85,253.3,255.4,43095
2026-04-02 10:06:00,10:06:00,255.5,263.1,255.4,263.0,179075
2026-04-02 10:07:00,10:07:00,263.0,265.0,255.85,255.85,224120
2026-04-02 10:08:00,10:08:00,256.75,264.6,255.85,260.5,131235
2026-04-02 10:09:00,10:09:00,261.2,265.0,260.25,264.4,98800
2026-04-02 10:10:00,10:10:00,265.1,265.1,262.1,262.1,107965
2026-04-02 10:11:00,10:11:00,263.05,263.05,257.15,259.2,151060
2026-04-02 10:12:00,10:12:00,259.25,260.55,255.35,257.75,106470
2026-04-02 10:13:00,10:13:00,258.05,259.05,250.3,251.7,143650
2026-04-02 10:14:00,10:14:00,271.65,272.15,261.8,263.5,158080
2026-04-02 10:15:00,10:15:00,244.2,253.1,243.55,248.55,153920
2026-04-02 10:16:00,10:16:00,247.55,255.2,247.5,255.2,100750
2026-04-02 10:17:00,10:17:00,255.2,259.0,255.0,257.8,150930
2026-04-02 10:18:00,10:18:00,258.55,261.2,251.7,253.6,136305
2026-04-02 10:19:00,10:19:00,254.8,257.85,253.6,254.3,58630
2026-04-02 10:20:00,10:20:00,254.1,254.3,244.95,245.8,114270
2026-04-02 10:21:00,10:21:00,246.4,253.7,245.4,252.45,77675
2026-04-02 10:22:00,10:22:00,252.25,257.2,252.25,255.1,99450
2026-04-02 10:23:00,10:23:00,255.8,259.0,253.95,255.35,86450
2026-04-02 10:24:00,10:24:00,255.9,259.8,255.35,258.95,82875
2026-04-02 10:25:00,10:25:00,258.9,259.8,251.9,251.9,94640
2026-04-02 10:26:00,10:26:00,252.35,255.45,247.75,251.75,95875
2026-04-02 10:27:00,10:27:00,252.2,252.2,247.1,247.55,66560
2026-04-02 10:28:00,10:28:00,247.5,252.0,247.25,248.8,53625
2026-04-02 10:29:00,10:29:00,248.6,250.0,247.4,248.15,29575
2026-04-02 10:30:00,10:30:00,247.0,251.0,245.0,247.8,80145
2026-04-02 10:31:00,10:31:00,248.45,249.55,243.2,243.65,63700
2026-04-02 10:32:00,10:32:00,242.8,246.0,242.0,245.7,76180
2026-04-02 10:33:00,10:33:00,245.55,249.0,241.4,248.45,62010
2026-04-02 10:34:00,10:34:00,249.2,251.35,248.2,249.45,63505
2026-04-02 10:35:00,10:35:00,249.45,252.3,247.8,252.0,72930
2026-04-02 10:36:00,10:36:00,251.15,252.2,245.4,248.85,54990
2026-04-02 10:37:00,10:37:00,249.4,251.1,243.5,243.5,59280
2026-04-02 10:38:00,10:38:00,243.85,246.4,243.5,245.1,46605
2026-04-02 10:39:00,10:39:00,245.1,246.9,244.85,244.85,35815
2026-04-02 10:40:00,10:40:00,265.7,265.85,258.15,258.5,133965
2026-04-02 10:41:00,10:41:00,238.75,247.15,238.75,244.85,59670
2026-04-02 10:42:00,10:42:00,264.95,265.5,258.05,259.8,52715
2026-04-02 10:43:00,10:43:00,259.55,265.0,258.25,259.55,35230
2026-04-02 10:44:00,10:44:00,239.3,244.65,238.6,244.1,32175
2026-04-02 10:45:00,10:45:00,243.85,245.0,242.0,243.1,49920
2026-04-02 10:46:00,10:46:00,243.85,248.5,242.7,246.95,63245
2026-04-02 10:47:00,10:47:00,247.9,256.0,246.95,255.55,223405
2026-04-02 10:48:00,10:48:00,255.55,257.1,253.9,254.0,123955
2026-04-02 10:49:00,10:49:00,254.6,255.25,249.7,252.25,82355
2026-04-02 10:50:00,10:50:00,251.5,253.75,250.6,251.55,35750
2026-04-02 10:51:00,10:51:00,251.05,252.65,249.65,251.25,28015
2026-04-02 10:52:00,10:52:00,251.75,253.0,250.0,251.7,31590
2026-04-02 10:53:00,10:53:00,271.45,273.35,259.65,260.0,124540
2026-04-02 10:54:00,10:54:00,258.05,263.15,256.0,261.3,127075
2026-04-02 10:55:00,10:55:00,262.45,265.4,259.25,260.85,84240
2026-04-02 10:56:00,10:56:00,260.0,260.85,252.75,252.75,82420
2026-04-02 10:57:00,10:57:00,253.5,256.5,250.35,256.2,83330
2026-04-02 10:58:00,10:58:00,256.0,257.75,252.1,257.15,73060
2026-04-02 10:59:00,10:59:00,257.4,259.95,253.05,253.05,63180
2026-04-02 11:00:00,11:00:00,252.95,254.8,249.8,253.5,88205
2026-04-02 11:01:00,11:01:00,253.6,259.55,253.5,257.9,51935
2026-04-02 11:02:00,11:02:00,257.4,259.05,252.15,252.45,52260
2026-04-02 11:03:00,11:03:00,252.25,259.45,252.25,257.0,42770
2026-04-02 11:04:00,11:04:00,257.2,258.15,255.0,256.55,23075
2026-04-02 11:05:00,11:05:00,255.85,257.1,253.35,253.8,28470
2026-04-02 11:06:00,11:06:00,253.8,260.0,253.8,255.25,44655
2026-04-02 11:07:00,11:07:00,255.05,258.2,255.05,257.55,22945
2026-04-02 11:08:00,11:08:00,257.0,261.05,253.9,261.05,70915
2026-04-02 11:09:00,11:09:00,261.3,263.55,256.95,258.3,124020
2026-04-02 11:10:00,11:10:00,258.8,264.35,258.3,261.55,93795
2026-04-02 11:11:00,11:11:00,261.8,263.75,261.0,262.05,42055
2026-04-02 11:12:00,11:12:00,241.25,242.35,239.45,242.35,28925
2026-04-02 11:13:00,11:13:00,262.6,265.0,261.35,261.75,66365
2026-04-02 11:14:00,11:14:00,260.9,263.65,260.0,261.9,32565
2026-04-02 11:15:00,11:15:00,240.6,242.5,239.55,242.2,25545
2026-04-02 11:16:00,11:16:00,262.7,264.3,261.25,263.65,25090
2026-04-02 11:17:00,11:17:00,242.55,249.7,241.65,247.3,122460
2026-04-02 11:18:00,11:18:00,247.95,248.2,242.2,244.0,80470
2026-04-02 11:19:00,11:19:00,243.6,247.6,243.3,246.15,45370
2026-04-02 11:20:00,11:20:00,246.7,249.5,245.55,246.55,61035
2026-04-02 11:21:00,11:21:00,247.0,248.0,246.25,246.85,29705
2026-04-02 11:22:00,11:22:00,246.05,247.75,244.05,244.85,41730
2026-04-02 11:23:00,11:23:00,245.05,247.25,244.25,244.5,32890
2026-04-02 11:24:00,11:24:00,244.5,249.6,244.45,247.0,60515
2026-04-02 11:25:00,11:25:00,249.3,249.3,246.45,247.45,52650
2026-04-02 11:26:00,11:26:00,247.15,249.2,243.0,248.7,68055
2026-04-02 11:27:00,11:27:00,249.0,251.1,248.0,248.9,96590
2026-04-02 11:28:00,11:28:00,249.45,251.5,248.75,251.35,59280
2026-04-02 11:29:00,11:29:00,251.65,252.6,249.9,251.75,71630
2026-04-02 11:30:00,11:30:00,250.05,252.15,248.9,249.05,41795
2026-04-02 11:31:00,11:31:00,249.0,249.6,246.15,247.05,54210
2026-04-02 11:32:00,11:32:00,247.55,249.65,243.0,245.7,58305
2026-04-02 11:33:00,11:33:00,244.8,246.95,242.25,246.55,42185
2026-04-02 11:34:00,11:34:00,246.35,247.3,243.0,243.85,57980
2026-04-02 11:35:00,11:35:00,264.0,264.5,258.1,259.65,67925
2026-04-02 11:36:00,11:36:00,259.05,259.65,253.9,254.9,59475
2026-04-02 11:37:00,11:37:00,255.0,257.4,254.6,255.0,41925
2026-04-02 11:38:00,11:38:00,255.0,257.35,254.8,256.2,19175
2026-04-02 11:39:00,11:39:00,256.35,257.25,254.7,255.2,38545
2026-04-02 11:40:00,11:40:00,256.65,257.6,255.2,257.2,24375
2026-04-02 11:41:00,11:41:00,257.25,261.8,256.75,259.9,44980
2026-04-02 11:42:00,11:42:00,239.85,241.25,238.2,240.65,25090
2026-04-02 11:43:00,11:43:00,260.45,262.0,259.15,259.15,27495
2026-04-02 11:44:00,11:44:00,239.3,241.15,238.85,239.7,24050
2026-04-02 11:45:00,11:45:00,260.05,260.4,256.65,256.9,45565
2026-04-02 11:46:00,11:46:00,256.95,258.0,255.85,255.85,21515
2026-04-02 11:47:00,11:47:00,255.8,255.85,251.4,252.2,83395
2026-04-02 11:48:00,11:48:00,251.65,257.05,251.65,252.95,44720
2026-04-02 11:49:00,11:49:00,253.05,256.0,252.3,254.65,24830
2026-04-02 11:50:00,11:50:00,254.9,254.9,251.4,253.2,32110
2026-04-02 11:51:00,11:51:00,252.45,253.85,248.85,248.85,84045
2026-04-02 11:52:00,11:52:00,249.3,252.9,248.1,252.6,73840
2026-04-02 11:53:00,11:53:00,252.75,253.85,249.1,249.1,35295
2026-04-02 11:54:00,11:54:00,249.15,252.95,248.3,251.7,27040
2026-04-02 11:55:00,11:55:00,250.85,251.7,250.0,251.55,24765
2026-04-02 11:56:00,11:56:00,251.15,251.55,249.3,249.7,21255
2026-04-02 11:57:00,11:57:00,270.95,270.95,254.65,256.65,775320
2026-04-02 11:58:00,11:58:00,256.95,257.25,244.7,244.7,671840
2026-04-02 11:59:00,11:59:00,244.75,257.75,244.05,255.9,512395
2026-04-02 12:00:00,12:00:00,257.0,257.2,253.1,256.9,280410
2026-04-02 12:01:00,12:01:00,236.35,240.85,235.25,239.95,57915
2026-04-02 12:02:00,12:02:00,240.1,245.75,239.3,244.15,80990
2026-04-02 12:03:00,12:03:00,264.7,265.4,259.0,259.05,216255
2026-04-02 12:04:00,12:04:00,238.2,243.4,238.2,242.3,47125
2026-04-02 12:05:00,12:05:00,242.35,248.3,242.3,247.65,62400
2026-04-02 12:06:00,12:06:00,247.05,248.9,245.9,248.9,36920
2026-04-02 12:07:00,12:07:00,248.75,251.35,248.7,249.95,90805
2026-04-02 12:08:00,12:08:00,249.7,250.15,241.4,242.95,66365
2026-04-02 12:09:00,12:09:00,242.5,244.0,240.9,241.65,36010
2026-04-02 12:10:00,12:10:00,241.7,242.65,240.9,242.2,27755
2026-04-02 12:11:00,12:11:00,241.35,242.6,236.65,241.7,56485
2026-04-02 12:12:00,12:12:00,241.35,241.85,239.3,240.0,18590
2026-04-02 12:13:00,12:13:00,239.65,241.95,237.45,241.95,23010
2026-04-02 12:14:00,12:14:00,242.0,243.2,239.55,239.55,26520
2026-04-02 12:15:00,12:15:00,240.1,241.85,239.3,240.0,23660
2026-04-02 12:16:00,12:16:00,239.8,241.5,238.65,240.55,19695
2026-04-02 12:17:00,12:17:00,240.2,242.65,240.2,240.35,16705
2026-04-02 12:18:00,12:18:00,239.8,242.2,239.3,240.45,17875
2026-04-02 12:19:00,12:19:00,241.0,244.55,239.1,241.95,28600
2026-04-02 12:20:00,12:20:00,242.25,247.05,240.95,246.75,33410
2026-04-02 12:21:00,12:21:00,246.5,254.0,245.8,250.4,111475
2026-04-02 12:22:00,12:22:00,250.3,253.45,247.1,248.2,78715
2026-04-02 12:23:00,12:23:00,248.5,248.5,245.4,246.75,32110
2026-04-02 12:24:00,12:24:00,246.0,246.75,241.0,244.9,38350
2026-04-02 12:25:00,12:25:00,244.9,246.3,242.1,244.0,26975
2026-04-02 12:26:00,12:26:00,265.0,265.4,255.05,256.55,303615
2026-04-02 12:27:00,12:27:00,236.35,241.55,236.15,241.0,25805
2026-04-02 12:28:00,12:28:00,261.6,262.0,258.6,258.6,82225
2026-04-02 12:29:00,12:29:00,258.2,259.1,250.5,250.85,290290
2026-04-02 12:30:00,12:30:00,250.6,250.85,247.55,248.95,382070
2026-04-02 12:31:00,12:31:00,248.15,254.2,246.45,251.65,252070
2026-04-02 12:32:00,12:32:00,251.4,253.05,245.5,245.5,205985
2026-04-02 12:33:00,12:33:00,243.45,245.5,236.35,241.65,632320
2026-04-02 12:34:00,12:34:00,241.3,243.45,240.0,240.35,160680
2026-04-02 12:35:00,12:35:00,260.6,264.85,255.3,257.1,156130
2026-04-02 12:36:00,12:36:00,257.15,258.0,248.3,248.8,265655
2026-04-02 12:37:00,12:37:00,247.95,254.55,243.9,253.1,284505
2026-04-02 12:38:00,12:38:00,253.15,253.25,247.25,247.6,124670
2026-04-02 12:39:00,12:39:00,247.6,253.0,246.1,252.3,110240
2026-04-02 12:40:00,12:40:00,251.8,252.3,247.85,248.85,90545
2026-04-02 12:41:00,12:41:00,249.15,250.8,246.0,246.9,57070
2026-04-02 12:42:00,12:42:00,246.9,255.85,246.9,254.05,120575
2026-04-02 12:43:00,12:43:00,253.6,254.05,244.0,245.55,123175
2026-04-02 12:44:00,12:44:00,245.35,246.2,242.7,245.5,70785
2026-04-02 12:45:00,12:45:00,245.1,247.85,244.0,246.2,66755
2026-04-02 12:46:00,12:46:00,246.9,255.0,246.2,253.85,99580
2026-04-02 12:47:00,12:47:00,253.3,253.85,246.8,247.1,85995
2026-04-02 12:48:00,12:48:00,247.65,249.15,244.0,244.1,50570
2026-04-02 12:49:00,12:49:00,244.0,249.8,242.0,249.3,91520
2026-04-02 12:50:00,12:50:00,249.25,250.25,246.25,250.25,47320
2026-04-02 12:51:00,12:51:00,250.6,252.7,248.65,250.8,92300
2026-04-02 12:52:00,12:52:00,250.8,256.05,250.4,256.05,103285
2026-04-02 12:53:00,12:53:00,255.65,256.05,253.05,255.85,79170
2026-04-02 12:54:00,12:54:00,255.3,260.45,255.0,260.45,132795
2026-04-02 12:55:00,12:55:00,260.0,260.45,253.4,253.4,108680
2026-04-02 12:56:00,12:56:00,253.3,256.55,251.55,255.25,73905
2026-04-02 12:57:00,12:57:00,255.35,255.35,246.75,246.75,87295
2026-04-02 12:58:00,12:58:00,248.6,248.6,243.15,244.4,102050
2026-04-02 12:59:00,12:59:00,244.65,246.9,244.25,245.0,58305
2026-04-02 13:00:00,13:00:00,264.7,265.65,253.1,254.0,629590
2026-04-02 13:01:00,13:01:00,253.95,254.5,251.2,252.65,346450
2026-04-02 13:02:00,13:02:00,252.7,257.1,251.15,256.05,223600
2026-04-02 13:03:00,13:03:00,256.0,262.0,255.5,261.95,283465
2026-04-02 13:04:00,13:04:00,242.3,244.6,242.2,242.8,104130
2026-04-02 13:05:00,13:05:00,241.95,244.25,240.45,243.65,52520
2026-04-02 13:06:00,13:06:00,244.3,251.2,243.65,249.9,129350
2026-04-02 13:07:00,13:07:00,250.3,254.25,249.75,250.7,141180
2026-04-02 13:08:00,13:08:00,250.45,250.85,239.05,241.1,127465
2026-04-02 13:09:00,13:09:00,260.75,262.25,259.4,262.0,165230
2026-04-02 13:10:00,13:10:00,242.25,248.4,241.95,246.3,82615
2026-04-02 13:11:00,13:11:00,246.65,247.75,242.5,245.75,51155
2026-04-02 13:12:00,13:12:00,245.65,246.95,244.4,245.2,40300
2026-04-02 13:13:00,13:13:00,244.75,248.0,241.6,247.2,56615
2026-04-02 13:14:00,13:14:00,246.3,247.25,242.0,242.35,36270
2026-04-02 13:15:00,13:15:00,241.85,242.7,238.1,240.5,61100
2026-04-02 13:16:00,13:16:00,239.85,244.7,239.25,243.5,46215
2026-04-02 13:17:00,13:17:00,263.95,264.1,255.45,255.6,145535
2026-04-02 13:18:00,13:18:00,255.1,255.6,251.65,251.7,246740
2026-04-02 13:19:00,13:19:00,253.25,253.25,248.5,251.35,247845
2026-04-02 13:20:00,13:20:00,251.1,253.9,250.4,252.2,119340
2026-04-02 13:21:00,13:21:00,252.7,253.1,240.75,242.25,469755
2026-04-02 13:22:00,13:22:00,242.05,246.0,241.5,244.95,221650
2026-04-02 13:23:00,13:23:00,264.95,265.25,257.7,260.65,142090
2026-04-02 13:24:00,13:24:00,259.75,261.65,254.65,254.65,120770
2026-04-02 13:25:00,13:25:00,254.35,261.95,251.45,257.7,180960
2026-04-02 13:26:00,13:26:00,256.35,259.95,251.2,252.4,81900
2026-04-02 13:27:00,13:27:00,252.35,252.4,247.8,247.8,90220
2026-04-02 13:28:00,13:28:00,246.1,247.8,239.6,239.95,151840
2026-04-02 13:29:00,13:29:00,260.45,260.5,250.1,250.95,395590
2026-04-02 13:30:00,13:30:00,250.5,253.85,247.85,251.95,415675
2026-04-02 13:31:00,13:31:00,253.7,258.7,251.1,258.35,289055
2026-04-02 13:32:00,13:32:00,258.7,264.5,257.6,259.6,349570
2026-04-02 13:33:00,13:33:00,259.3,261.05,258.3,259.15,100555
2026-04-02 13:34:00,13:34:00,259.05,261.75,253.75,254.75,123435
2026-04-02 13:35:00,13:35:00,236.45,244.9,235.6,243.95,93340
2026-04-02 13:36:00,13:36:00,263.0,263.85,253.3,254.7,146835
2026-04-02 13:37:00,13:37:00,254.0,254.7,246.1,249.0,328380
2026-04-02 13:38:00,13:38:00,248.8,249.75,246.4,246.6,147745
2026-04-02 13:39:00,13:39:00,247.35,250.7,244.9,247.45,169910
2026-04-02 13:40:00,13:40:00,267.55,268.7,259.15,265.8,152165
2026-04-02 13:41:00,13:41:00,245.7,250.0,245.3,247.55,168610
2026-04-02 13:42:00,13:42:00,267.35,270.0,263.6,264.05,53755
2026-04-02 13:43:00,13:43:00,263.45,266.95,259.45,260.05,40885
2026-04-02 13:44:00,13:44:00,258.45,260.05,255.0,258.2,91455
2026-04-02 13:45:00,13:45:00,257.75,258.4,250.7,250.7,80470
2026-04-02 13:46:00,13:46:00,251.75,251.75,242.75,244.0,138515
2026-04-02 13:47:00,13:47:00,245.55,250.4,242.5,247.25,78325
2026-04-02 13:48:00,13:48:00,247.45,255.25,246.3,254.05,76635
2026-04-02 13:49:00,13:49:00,255.2,256.8,252.3,253.35,71110
2026-04-02 13:50:00,13:50:00,253.6,257.4,253.0,253.35,68185
2026-04-02 13:51:00,13:51:00,233.8,242.55,232.8,241.8,186225
2026-04-02 13:52:00,13:52:00,262.0,262.0,253.0,254.05,66040
2026-04-02 13:53:00,13:53:00,253.6,254.25,243.9,244.85,83265
2026-04-02 13:54:00,13:54:00,247.05,257.5,244.85,257.0,71890
2026-04-02 13:55:00,13:55:00,257.95,260.8,255.75,260.0,59280
2026-04-02 13:56:00,13:56:00,258.9,262.1,257.6,261.1,55380
2026-04-02 13:57:00,13:57:00,240.9,247.0,240.2,245.8,213460
2026-04-02 13:58:00,13:58:00,246.9,250.15,240.4,240.4,334425
2026-04-02 13:59:00,13:59:00,260.95,264.3,255.3,255.85,108355
2026-04-02 14:00:00,14:00:00,256.65,257.4,248.8,249.6,86125
2026-04-02 14:01:00,14:01:00,250.2,253.55,247.6,252.7,54405
2026-04-02 14:02:00,14:02:00,253.3,262.0,252.7,253.8,85020
2026-04-02 14:03:00,14:03:00,253.3,253.8,250.6,252.45,37310
2026-04-02 14:04:00,14:04:00,252.35,252.8,239.75,243.6,120380
2026-04-02 14:05:00,14:05:00,243.3,248.05,240.75,245.75,53365
2026-04-02 14:06:00,14:06:00,247.6,248.45,243.2,245.0,37440
2026-04-02 14:07:00,14:07:00,245.45,247.65,242.4,247.05,37635
2026-04-02 14:08:00,14:08:00,248.0,248.85,232.15,237.75,119405
2026-04-02 14:09:00,14:09:00,237.5,239.4,233.55,233.85,73580
2026-04-02 14:10:00,14:10:00,254.3,256.1,248.7,249.75,427765
2026-04-02 14:11:00,14:11:00,249.4,250.0,244.55,246.3,451360
2026-04-02 14:12:00,14:12:00,247.0,247.3,239.6,240.1,375570
2026-04-02 14:13:00,14:13:00,259.6,262.0,254.05,254.5,214175
2026-04-02 14:14:00,14:14:00,255.1,262.15,254.5,257.15,150085
2026-04-02 14:15:00,14:15:00,256.85,257.15,247.5,248.4,144105
2026-04-02 14:16:00,14:16:00,247.95,253.6,240.6,251.65,240435
2026-04-02 14:17:00,14:17:00,252.9,261.6,250.55,256.6,138190
2026-04-02 14:18:00,14:18:00,237.6,241.15,236.3,240.4,316810
2026-04-02 14:19:00,14:19:00,259.15,259.15,244.65,247.25,118950
2026-04-02 14:20:00,14:20:00,247.6,248.25,241.75,243.3,61945
2026-04-02 14:21:00,14:21:00,242.5,249.3,241.75,242.8,62920
2026-04-02 14:22:00,14:22:00,243.9,246.4,242.1,243.65,49530
2026-04-02 14:23:00,14:23:00,244.7,247.95,243.65,245.65,68770
2026-04-02 14:24:00,14:24:00,245.3,245.65,231.25,232.8,144235
2026-04-02 14:25:00,14:25:00,231.05,235.8,227.2,235.8,104715
2026-04-02 14:26:00,14:26:00,236.1,243.95,235.8,243.95,89115
2026-04-02 14:27:00,14:27:00,243.05,243.95,233.3,233.45,80730
2026-04-02 14:28:00,14:28:00,252.75,255.25,249.6,250.75,194090
2026-04-02 14:29:00,14:29:00,230.75,234.45,230.75,233.1,48295
2026-04-02 14:30:00,14:30:00,232.7,238.55,231.95,233.8,48165
2026-04-02 14:31:00,14:31:00,234.55,234.65,223.9,231.0,87685
2026-04-02 14:32:00,14:32:00,251.1,254.0,245.9,245.9,153335
2026-04-02 14:33:00,14:33:00,246.15,246.45,237.75,238.3,296595
2026-04-02 14:34:00,14:34:00,237.35,249.35,236.75,244.35,228345
2026-04-02 14:35:00,14:35:00,245.0,252.95,243.85,248.55,188890
2026-04-02 14:36:00,14:36:00,227.85,237.9,227.45,236.85,43940
2026-04-02 14:37:00,14:37:00,238.2,249.8,236.85,249.2,151320
2026-04-02 14:38:00,14:38:00,249.15,254.85,244.5,250.95,117325
2026-04-02 14:39:00,14:39:00,251.35,253.15,246.25,250.55,84435
2026-04-02 14:40:00,14:40:00,230.1,236.45,227.85,236.45,235170
2026-04-02 14:41:00,14:41:00,237.15,246.95,236.45,242.0,554060
2026-04-02 14:42:00,14:42:00,243.95,246.95,241.45,243.8,373750
2026-04-02 14:43:00,14:43:00,243.6,254.55,243.15,247.5,723710
2026-04-02 14:44:00,14:44:00,247.85,255.35,247.5,252.5,435955
2026-04-02 14:45:00,14:45:00,254.35,259.95,248.15,248.15,693420
2026-04-02 14:46:00,14:46:00,268.25,270.2,254.95,255.35,304070
2026-04-02 14:47:00,14:47:00,234.75,249.65,234.65,241.3,494000
2026-04-02 14:48:00,14:48:00,261.15,266.7,252.25,252.7,102505
2026-04-02 14:49:00,14:49:00,232.65,239.55,232.65,239.55,164905
2026-04-02 14:50:00,14:50:00,260.3,262.5,249.5,251.8,120510
2026-04-02 14:51:00,14:51:00,250.95,251.8,239.45,241.8,172640
2026-04-02 14:52:00,14:52:00,241.65,246.55,240.6,246.0,66625
2026-04-02 14:53:00,14:53:00,247.5,250.25,242.55,244.7,57330
2026-04-02 14:54:00,14:54:00,245.05,246.55,240.4,242.5,52780
2026-04-02 14:55:00,14:55:00,243.0,244.7,239.6,241.75,42835
2026-04-02 14:56:00,14:56:00,241.1,242.75,238.2,241.75,41405
2026-04-02 14:57:00,14:57:00,240.9,247.0,237.65,238.55,75855
2026-04-02 14:58:00,14:58:00,238.6,243.95,237.1,237.1,62725
2026-04-02 14:59:00,14:59:00,237.1,244.5,236.35,242.35,59995
2026-04-02 15:00:00,15:00:00,262.35,263.4,248.0,250.95,366080
2026-04-02 15:01:00,15:01:00,250.05,256.6,245.7,254.9,231725
2026-04-02 15:02:00,15:02:00,235.15,243.8,232.6,243.4,119405
2026-04-02 15:03:00,15:03:00,242.95,244.75,237.7,237.7,103025
2026-04-02 15:04:00,15:04:00,258.0,258.8,250.8,251.5,185315
2026-04-02 15:05:00,15:05:00,251.85,257.0,248.0,248.35,181090
2026-04-02 15:06:00,15:06:00,250.4,250.4,243.4,248.95,281840
2026-04-02 15:07:00,15:07:00,248.4,248.95,229.5,232.05,431340
2026-04-02 15:08:00,15:08:00,251.8,261.15,249.55,249.55,121485
2026-04-02 15:09:00,15:09:00,249.7,249.7,242.9,243.25,129740
2026-04-02 15:10:00,15:10:00,242.75,246.4,240.5,243.95,129285
2026-04-02 15:11:00,15:11:00,243.6,247.5,239.8,242.95,116415
2026-04-02 15:12:00,15:12:00,242.85,246.0,241.85,245.95,122980
2026-04-02 15:13:00,15:13:00,246.0,248.85,244.9,247.6,109655
2026-04-02 15:14:00,15:14:00,248.05,248.6,237.9,239.15,137670
2026-04-02 15:15:00,15:15:00,238.5,241.35,235.7,235.7,153530
2026-04-02 15:16:00,15:16:00,234.0,236.0,230.6,235.6,116350
2026-04-02 15:17:00,15:17:00,235.55,241.2,234.3,241.2,81575
2026-04-02 15:18:00,15:18:00,242.0,247.65,239.8,247.65,101465
2026-04-02 15:19:00,15:19:00,227.85,240.95,226.35,240.95,269425
2026-04-02 15:20:00,15:20:00,241.15,264.75,239.9,245.75,502905
2026-04-02 15:21:00,15:21:00,246.9,249.25,235.55,246.25,233675
2026-04-02 15:22:00,15:22:00,245.3,250.3,243.95,247.1,190840
2026-04-02 15:23:00,15:23:00,246.35,250.6,243.7,248.2,144105
2026-04-02 15:24:00,15:24:00,247.95,250.2,246.3,249.25,145210
2026-04-02 15:25:00,15:25:00,248.85,250.0,244.8,244.8,229450
2026-04-02 15:26:00,15:26:00,243.7,244.8,234.35,237.4,288730
2026-04-02 15:27:00,15:27:00,236.8,237.4,229.55,231.3,245310
2026-04-02 15:28:00,15:28:00,229.8,235.2,228.55,232.75,222820
2026-04-02 15:29:00,15:29:00,232.75,233.0,221.3,221.3,249015
