datetime,time,open,high,low,close,volume
2026-03-09 09:15:00,09:15:00,128.4,140.85,94.45,138.7,915330
2026-03-09 09:16:00,09:16:00,124.65,151.6,124.65,147.55,1728805
2026-03-09 09:17:00,09:17:00,137.7,155.5,134.05,155.35,676260
2026-03-09 09:18:00,09:18:00,142.45,150.65,133.85,150.65,2628275
2026-03-09 09:19:00,09:19:00,146.4,152.25,130.75,136.65,2923895
2026-03-09 09:20:00,09:20:00,132.75,140.35,129.05,133.4,2180035
2026-03-09 09:21:00,09:21:00,132.9,146.9,132.9,143.4,1915420
2026-03-09 09:22:00,09:22:00,143.2,143.5,132.15,141.15,1577095
2026-03-09 09:23:00,09:23:00,141.95,145.2,137.1,138.2,1489345
2026-03-09 09:24:00,09:24:00,125.25,130.0,125.15,129.0,204945
2026-03-09 09:25:00,09:25:00,129.05,129.3,121.5,125.4,277940
2026-03-09 09:26:00,09:26:00,126.1,130.45,125.4,127.05,263055
2026-03-09 09:27:00,09:27:00,129.2,130.3,120.8,125.15,293020
2026-03-09 09:28:00,09:28:00,138.2,140.95,127.05,127.1,1479140
2026-03-09 09:29:00,09:29:00,127.7,136.75,127.1,133.25,1007045
2026-03-09 09:30:00,09:30:00,149.3,149.3,132.25,132.45,475800
2026-03-09 09:31:00,09:31:00,133.15,137.3,122.85,125.95,421135
2026-03-09 09:32:00,09:32:00,112.3,123.15,112.1,123.15,1453855
2026-03-09 09:33:00,09:33:00,123.9,133.1,121.6,123.35,2036385
2026-03-09 09:34:00,09:34:00,123.0,128.2,119.0,122.0,829465
2026-03-09 09:35:00,09:35:00,121.85,128.0,120.95,125.1,702455
2026-03-09 09:36:00,09:36:00,125.6,128.45,123.85,127.25,582725
2026-03-09 09:37:00,09:37:00,127.1,128.25,124.6,126.2,566930
2026-03-09 09:38:00,09:38:00,125.75,126.9,117.5,122.65,748930
2026-03-09 09:39:00,09:39:00,124.85,125.95,119.1,125.95,574210
2026-03-09 09:40:00,09:40:00,126.4,126.65,121.95,125.2,554060
2026-03-09 09:41:00,09:41:00,123.75,128.25,123.75,126.15,812695
2026-03-09 09:42:00,09:42:00,126.9,128.2,123.65,126.95,473980
2026-03-09 09:43:00,09:43:00,125.95,132.25,124.5,128.95,1252160
2026-03-09 09:44:00,09:44:00,127.6,134.3,127.4,134.15,771550
2026-03-09 09:45:00,09:45:00,121.0,125.55,116.9,124.35,327470
2026-03-09 09:46:00,09:46:00,139.5,139.9,133.95,134.45,1234090
2026-03-09 09:47:00,09:47:00,134.7,135.0,126.2,128.3,976105
2026-03-09 09:48:00,09:48:00,126.35,128.3,120.7,121.1,1080885
2026-03-09 09:49:00,09:49:00,120.2,125.3,119.75,124.65,650975
2026-03-09 09:50:00,09:50:00,125.05,126.05,123.75,125.35,396370
2026-03-09 09:51:00,09:51:00,125.6,128.1,121.75,123.15,645905
2026-03-09 09:52:00,09:52:00,122.3,124.8,118.8,124.3,639275
2026-03-09 09:53:00,09:53:00,124.25,124.7,122.3,124.45,345410
2026-03-09 09:54:00,09:54:00,138.35,140.8,133.8,134.8,149305
2026-03-09 09:55:00,09:55:00,134.95,137.45,133.75,136.2,99775
2026-03-09 09:56:00,09:56:00,136.6,137.25,134.6,135.3,74230
2026-03-09 09:57:00,09:57:00,135.0,136.95,134.1,136.05,71565
2026-03-09 09:58:00,09:58:00,122.7,126.4,121.7,122.55,583310
2026-03-09 09:59:00,09:59:00,122.65,123.4,120.4,123.0,390910
2026-03-09 10:00:00,10:00:00,123.5,123.55,120.55,123.5,332280
2026-03-09 10:01:00,10:01:00,123.7,123.7,115.95,121.3,858650
2026-03-09 10:02:00,10:02:00,121.1,125.15,121.1,124.85,695175
2026-03-09 10:03:00,10:03:00,125.2,127.45,124.1,125.5,649220
2026-03-09 10:04:00,10:04:00,125.3,128.2,124.2,127.05,549510
2026-03-09 10:05:00,10:05:00,127.25,127.25,122.9,123.8,376480
2026-03-09 10:06:00,10:06:00,137.35,138.25,128.5,129.75,247065
2026-03-09 10:07:00,10:07:00,129.2,132.25,128.95,129.9,190385
2026-03-09 10:08:00,10:08:00,129.9,130.25,127.05,128.05,158275
2026-03-09 10:09:00,10:09:00,127.5,129.3,126.3,128.25,146770
2026-03-09 10:10:00,10:10:00,128.45,129.15,124.15,126.0,201825
2026-03-09 10:11:00,10:11:00,138.5,139.35,135.6,136.7,465400
2026-03-09 10:12:00,10:12:00,136.8,140.05,136.4,139.5,316160
2026-03-09 10:13:00,10:13:00,125.7,128.6,124.0,128.55,127855
2026-03-09 10:14:00,10:14:00,127.75,130.55,127.3,129.95,160420
2026-03-09 10:15:00,10:15:00,130.5,137.1,129.95,137.1,369655
2026-03-09 10:16:00,10:16:00,136.65,138.25,132.75,132.95,243360
2026-03-09 10:17:00,10:17:00,119.35,123.5,116.55,123.45,718640
2026-03-09 10:18:00,10:18:00,123.55,125.45,120.95,120.95,963235
2026-03-09 10:19:00,10:19:00,121.0,123.7,120.95,122.75,387140
2026-03-09 10:20:00,10:20:00,136.0,137.2,124.65,124.65,206635
2026-03-09 10:21:00,10:21:00,127.2,129.9,124.6,129.1,218985
2026-03-09 10:22:00,10:22:00,128.3,130.6,124.55,127.95,167440
2026-03-09 10:23:00,10:23:00,114.7,118.85,114.7,118.35,455130
2026-03-09 10:24:00,10:24:00,131.2,132.75,130.1,131.4,98670
2026-03-09 10:25:00,10:25:00,118.2,121.35,117.2,121.35,398190
2026-03-09 10:26:00,10:26:00,135.35,135.7,128.0,129.3,188240
2026-03-09 10:27:00,10:27:00,128.3,129.5,126.8,127.45,98280
2026-03-09 10:28:00,10:28:00,128.05,129.75,127.0,127.3,63180
2026-03-09 10:29:00,10:29:00,127.7,129.4,126.7,129.25,55315
2026-03-09 10:30:00,10:30:00,129.3,129.65,127.0,127.65,59410
2026-03-09 10:31:00,10:31:00,114.3,120.95,114.25,120.5,638625
2026-03-09 10:32:00,10:32:00,120.4,122.65,119.0,121.4,662740
2026-03-09 10:33:00,10:33:00,121.3,121.95,115.3,116.7,717405
2026-03-09 10:34:00,10:34:00,116.3,121.25,115.55,121.0,475020
2026-03-09 10:35:00,10:35:00,120.7,122.6,118.55,120.55,644215
2026-03-09 10:36:00,10:36:00,120.0,121.9,115.75,116.65,769405
2026-03-09 10:37:00,10:37:00,130.15,130.4,122.9,122.9,279955
2026-03-09 10:38:00,10:38:00,108.9,110.4,104.75,109.2,1822990
2026-03-09 10:39:00,10:39:00,109.65,111.1,107.0,107.45,512655
2026-03-09 10:40:00,10:40:00,108.0,109.05,104.05,109.05,699855
2026-03-09 10:41:00,10:41:00,110.25,111.8,108.35,111.2,574275
2026-03-09 10:42:00,10:42:00,124.25,124.95,120.95,121.55,108810
2026-03-09 10:43:00,10:43:00,121.45,122.75,119.05,120.25,153725
2026-03-09 10:44:00,10:44:00,120.55,124.25,120.25,121.4,70980
2026-03-09 10:45:00,10:45:00,120.95,124.8,120.65,123.3,84695
2026-03-09 10:46:00,10:46:00,110.55,111.7,108.7,110.65,303095
2026-03-09 10:47:00,10:47:00,111.25,115.35,110.65,114.5,619970
2026-03-09 10:48:00,10:48:00,114.7,117.0,114.5,116.85,442780
2026-03-09 10:49:00,10:49:00,117.0,119.15,116.5,118.7,633880
2026-03-09 10:50:00,10:50:00,132.6,133.45,111.3,117.15,533195
2026-03-09 10:51:00,10:51:00,130.85,134.9,101.6,101.6,1376505
2026-03-09 10:52:00,10:52:00,101.2,122.7,101.2,112.6,1163695
2026-03-09 10:53:00,10:53:00,112.1,115.65,109.55,112.95,697775
2026-03-09 10:54:00,10:54:00,112.9,113.25,107.4,113.05,606710
2026-03-09 10:55:00,10:55:00,113.05,115.9,110.0,113.85,527475
2026-03-09 10:56:00,10:56:00,126.9,128.6,115.35,115.8,480545
2026-03-09 10:57:00,10:57:00,115.65,122.3,115.65,122.05,350415
2026-03-09 10:58:00,10:58:00,109.9,114.0,109.9,112.55,469300
2026-03-09 10:59:00,10:59:00,111.8,115.0,111.25,112.1,356070
2026-03-09 11:00:00,11:00:00,110.55,115.25,108.3,114.25,493415
2026-03-09 11:01:00,11:01:00,114.85,115.05,111.55,111.95,269815
2026-03-09 11:02:00,11:02:00,112.4,112.85,109.0,111.85,291525
2026-03-09 11:03:00,11:03:00,111.9,113.0,106.3,106.3,322270
2026-03-09 11:04:00,11:04:00,106.55,111.0,106.3,109.2,273585
2026-03-09 11:05:00,11:05:00,109.35,114.55,109.2,111.3,280410
2026-03-09 11:06:00,11:06:00,111.4,112.85,110.2,111.55,151710
2026-03-09 11:07:00,11:07:00,112.8,115.8,111.45,115.5,241345
2026-03-09 11:08:00,11:08:00,115.95,116.2,113.7,114.25,287690
2026-03-09 11:09:00,11:09:00,113.6,119.1,113.6,117.1,487305
2026-03-09 11:10:00,11:10:00,104.6,111.9,102.25,111.65,413855
2026-03-09 11:11:00,11:11:00,111.4,118.15,111.1,115.3,460525
2026-03-09 11:12:00,11:12:00,115.25,117.1,113.75,114.45,232830
2026-03-09 11:13:00,11:13:00,115.8,115.8,104.35,104.4,353015
2026-03-09 11:14:00,11:14:00,104.95,107.5,103.85,104.0,189800
2026-03-09 11:15:00,11:15:00,105.0,110.7,104.0,109.65,218400
2026-03-09 11:16:00,11:16:00,109.85,114.95,109.4,111.05,266955
2026-03-09 11:17:00,11:17:00,111.7,114.3,105.05,107.3,264030
2026-03-09 11:18:00,11:18:00,119.75,120.25,110.4,110.4,527865
2026-03-09 11:19:00,11:19:00,109.25,113.0,109.25,111.65,307255
2026-03-09 11:20:00,11:20:00,111.5,112.8,109.6,109.7,245245
2026-03-09 11:21:00,11:21:00,111.0,111.55,109.15,109.9,221520
2026-03-09 11:22:00,11:22:00,110.0,110.0,106.55,108.65,299650
2026-03-09 11:23:00,11:23:00,109.5,109.8,106.35,108.75,210795
2026-03-09 11:24:00,11:24:00,109.05,112.15,108.75,110.7,266435
2026-03-09 11:25:00,11:25:00,111.1,111.35,109.55,110.4,119405
2026-03-09 11:26:00,11:26:00,110.0,113.55,109.1,109.75,217360
2026-03-09 11:27:00,11:27:00,109.45,111.05,108.3,109.0,165620
2026-03-09 11:28:00,11:28:00,122.4,122.5,113.1,113.4,271505
2026-03-09 11:29:00,11:29:00,113.7,119.2,113.4,118.6,178100
2026-03-09 11:30:00,11:30:00,117.7,119.3,116.2,116.2,92560
2026-03-09 11:31:00,11:31:00,116.4,116.95,115.0,116.9,116935
2026-03-09 11:32:00,11:32:00,116.95,119.95,116.7,117.4,143780
2026-03-09 11:33:00,11:33:00,105.45,107.95,104.4,106.4,219570
2026-03-09 11:34:00,11:34:00,118.75,118.9,114.5,115.55,117780
2026-03-09 11:35:00,11:35:00,115.4,116.45,113.45,116.45,108875
2026-03-09 11:36:00,11:36:00,116.25,118.45,115.7,116.9,82225
2026-03-09 11:37:00,11:37:00,117.2,118.1,115.3,116.4,84500
2026-03-09 11:38:00,11:38:00,116.05,116.75,114.8,116.3,79170
2026-03-09 11:39:00,11:39:00,116.6,117.2,113.5,115.55,184210
2026-03-09 11:40:00,11:40:00,128.1,128.85,120.9,122.65,1132105
2026-03-09 11:41:00,11:41:00,122.95,122.95,120.2,122.0,546325
2026-03-09 11:42:00,11:42:00,110.1,113.5,109.55,113.0,189475
2026-03-09 11:43:00,11:43:00,113.1,117.2,112.0,115.8,215150
2026-03-09 11:44:00,11:44:00,115.6,116.5,113.3,115.1,172965
2026-03-09 11:45:00,11:45:00,115.05,117.6,114.25,117.15,160680
2026-03-09 11:46:00,11:46:00,117.75,118.15,113.8,113.8,233415
2026-03-09 11:47:00,11:47:00,113.7,113.8,109.5,112.2,232895
2026-03-09 11:48:00,11:48:00,111.8,114.2,111.75,113.7,94315
2026-03-09 11:49:00,11:49:00,114.15,115.75,113.65,115.4,88985
2026-03-09 11:50:00,11:50:00,115.1,118.3,114.5,115.2,168610
2026-03-09 11:51:00,11:51:00,114.95,117.55,114.8,116.65,88400
2026-03-09 11:52:00,11:52:00,116.0,116.65,113.7,115.55,65715
2026-03-09 11:53:00,11:53:00,115.75,117.65,115.05,116.2,73515
2026-03-09 11:54:00,11:54:00,116.45,117.2,115.1,115.5,62530
2026-03-09 11:55:00,11:55:00,115.35,117.95,115.35,116.75,84435
2026-03-09 11:56:00,11:56:00,116.8,116.85,113.75,114.85,111605
2026-03-09 11:57:00,11:57:00,114.55,116.5,112.1,114.05,116740
2026-03-09 11:58:00,11:58:00,113.3,117.05,113.2,116.7,84500
2026-03-09 11:59:00,11:59:00,116.65,117.6,115.5,116.4,85215
2026-03-09 12:00:00,12:00:00,104.35,105.5,103.25,105.0,232440
2026-03-09 12:01:00,12:01:00,117.25,117.55,111.9,111.9,128570
2026-03-09 12:02:00,12:02:00,112.2,114.55,111.85,114.4,111995
2026-03-09 12:03:00,12:03:00,102.35,103.3,100.4,102.4,212615
2026-03-09 12:04:00,12:04:00,115.05,116.25,107.95,111.15,245505
2026-03-09 12:05:00,12:05:00,99.2,102.95,97.7,101.85,274365
2026-03-09 12:06:00,12:06:00,102.35,104.85,101.85,103.75,297895
2026-03-09 12:07:00,12:07:00,103.95,107.55,102.9,107.25,388115
2026-03-09 12:08:00,12:08:00,107.4,108.55,106.65,108.25,336635
2026-03-09 12:09:00,12:09:00,107.45,114.05,107.15,114.05,468910
2026-03-09 12:10:00,12:10:00,114.55,117.95,111.4,112.0,801320
2026-03-09 12:11:00,12:11:00,111.85,112.0,105.8,109.25,569140
2026-03-09 12:12:00,12:12:00,108.85,109.65,107.45,107.65,222170
2026-03-09 12:13:00,12:13:00,108.05,111.75,107.65,110.85,281450
2026-03-09 12:14:00,12:14:00,110.35,112.8,108.9,108.95,245830
2026-03-09 12:15:00,12:15:00,109.15,109.4,107.3,109.05,158665
2026-03-09 12:16:00,12:16:00,108.75,111.8,108.7,111.2,135850
2026-03-09 12:17:00,12:17:00,111.45,111.45,107.25,110.2,187330
2026-03-09 12:18:00,12:18:00,110.15,112.0,107.95,111.65,150670
2026-03-09 12:19:00,12:19:00,111.7,112.65,111.0,111.3,172835
2026-03-09 12:20:00,12:20:00,111.45,116.05,111.3,113.3,448500
2026-03-09 12:21:00,12:21:00,113.0,114.8,107.85,107.85,294060
2026-03-09 12:22:00,12:22:00,107.95,112.5,107.85,112.15,176280
2026-03-09 12:23:00,12:23:00,112.15,114.45,111.5,112.45,195715
2026-03-09 12:24:00,12:24:00,112.7,112.7,105.6,105.9,291070
2026-03-09 12:25:00,12:25:00,105.8,110.25,105.75,108.95,211380
2026-03-09 12:26:00,12:26:00,108.8,109.0,104.25,105.05,254540
2026-03-09 12:27:00,12:27:00,104.3,106.7,104.0,105.5,227045
2026-03-09 12:28:00,12:28:00,105.75,108.95,104.75,108.95,147615
2026-03-09 12:29:00,12:29:00,109.0,109.65,107.9,108.5,173095
2026-03-09 12:30:00,12:30:00,107.6,108.5,106.1,106.8,116090
2026-03-09 12:31:00,12:31:00,107.6,111.95,106.8,107.3,268645
2026-03-09 12:32:00,12:32:00,107.3,112.85,106.95,111.95,202345
2026-03-09 12:33:00,12:33:00,111.95,112.8,110.6,111.75,124215
2026-03-09 12:34:00,12:34:00,112.1,115.6,109.1,115.6,242125
2026-03-09 12:35:00,12:35:00,115.35,117.5,113.8,114.75,423280
2026-03-09 12:36:00,12:36:00,115.1,115.6,110.6,112.05,276965
2026-03-09 12:37:00,12:37:00,110.5,112.05,108.3,109.35,228150
2026-03-09 12:38:00,12:38:00,109.25,110.6,109.0,109.4,104715
2026-03-09 12:39:00,12:39:00,106.65,109.4,105.15,107.4,318630
2026-03-09 12:40:00,12:40:00,107.1,108.9,106.0,107.6,140985
2026-03-09 12:41:00,12:41:00,107.65,109.35,105.1,106.75,218075
2026-03-09 12:42:00,12:42:00,106.3,108.25,104.95,108.2,155675
2026-03-09 12:43:00,12:43:00,120.9,122.0,119.0,119.55,87165
2026-03-09 12:44:00,12:44:00,107.0,109.7,106.1,108.25,110825
2026-03-09 12:45:00,12:45:00,121.0,122.1,118.65,120.4,77415
2026-03-09 12:46:00,12:46:00,120.0,124.9,120.0,124.7,117585
2026-03-09 12:47:00,12:47:00,111.0,111.7,109.8,111.0,280995
2026-03-09 12:48:00,12:48:00,111.15,114.3,110.75,113.9,276055
2026-03-09 12:49:00,12:49:00,113.25,116.35,113.2,115.7,393770
2026-03-09 12:50:00,12:50:00,115.9,115.9,112.2,114.4,306020
2026-03-09 12:51:00,12:51:00,114.7,115.0,109.85,111.65,213070
2026-03-09 12:52:00,12:52:00,111.25,114.5,110.95,113.3,141700
2026-03-09 12:53:00,12:53:00,126.65,127.4,118.2,118.35,262145
2026-03-09 12:54:00,12:54:00,118.8,121.4,118.35,119.55,120900
2026-03-09 12:55:00,12:55:00,118.95,121.65,118.75,120.55,118105
2026-03-09 12:56:00,12:56:00,120.3,120.7,118.65,119.15,57265
2026-03-09 12:57:00,12:57:00,119.1,119.4,115.1,117.5,191880
2026-03-09 12:58:00,12:58:00,117.05,119.65,116.9,118.85,104195
2026-03-09 12:59:00,12:59:00,119.5,119.85,118.0,119.0,65065
2026-03-09 13:00:00,13:00:00,118.8,121.4,118.8,121.2,84695
2026-03-09 13:01:00,13:01:00,121.35,122.3,117.8,119.4,121290
2026-03-09 13:02:00,13:02:00,118.45,121.3,118.45,119.1,57200
2026-03-09 13:03:00,13:03:00,119.8,122.85,119.1,122.05,142675
2026-03-09 13:04:00,13:04:00,121.85,123.6,120.5,121.0,166010
2026-03-09 13:05:00,13:05:00,122.0,123.0,120.65,121.25,123825
2026-03-09 13:06:00,13:06:00,121.1,123.3,120.95,123.0,71890
2026-03-09 13:07:00,13:07:00,123.15,124.5,122.25,124.0,60840
2026-03-09 13:08:00,13:08:00,123.75,126.65,123.3,125.6,131430
2026-03-09 13:09:00,13:09:00,125.1,126.75,124.25,126.1,81185
2026-03-09 13:10:00,13:10:00,125.65,126.1,123.85,124.15,50115
2026-03-09 13:11:00,13:11:00,124.25,126.95,124.15,125.3,84695
2026-03-09 13:12:00,13:12:00,125.05,127.0,124.3,125.6,108550
2026-03-09 13:13:00,13:13:00,112.95,117.8,112.8,117.55,393120
2026-03-09 13:14:00,13:14:00,117.7,117.8,113.05,114.0,483470
2026-03-09 13:15:00,13:15:00,127.9,127.9,124.5,126.5,148135
2026-03-09 13:16:00,13:16:00,112.9,114.2,111.75,114.2,139165
2026-03-09 13:17:00,13:17:00,114.5,115.85,113.85,115.5,245635
2026-03-09 13:18:00,13:18:00,115.85,115.85,113.8,114.15,246285
2026-03-09 13:19:00,13:19:00,114.0,114.15,111.1,111.45,372320
2026-03-09 13:20:00,13:20:00,124.95,127.15,115.95,116.1,343590
2026-03-09 13:21:00,13:21:00,103.3,112.25,103.3,112.25,359580
2026-03-09 13:22:00,13:22:00,112.45,113.8,109.75,113.8,248235
2026-03-09 13:23:00,13:23:00,113.6,114.4,110.3,111.3,148070
2026-03-09 13:24:00,13:24:00,111.75,113.9,111.3,113.9,99775
2026-03-09 13:25:00,13:25:00,127.55,129.8,124.55,124.55,168740
2026-03-09 13:26:00,13:26:00,124.15,124.55,118.7,118.7,194220
2026-03-09 13:27:00,13:27:00,118.5,121.15,116.9,117.15,192270
2026-03-09 13:28:00,13:28:00,117.15,119.8,116.45,116.45,128700
2026-03-09 13:29:00,13:29:00,117.25,119.85,115.85,119.3,119990
2026-03-09 13:30:00,13:30:00,117.9,119.7,116.25,118.5,74165
2026-03-09 13:31:00,13:31:00,117.8,119.4,116.3,117.25,50115
2026-03-09 13:32:00,13:32:00,116.75,117.6,113.6,115.45,185185
2026-03-09 13:33:00,13:33:00,128.85,129.3,120.55,124.0,940420
2026-03-09 13:34:00,13:34:00,111.35,117.45,110.4,117.25,211575
2026-03-09 13:35:00,13:35:00,117.75,119.0,116.35,118.75,161655
2026-03-09 13:36:00,13:36:00,118.8,120.2,117.9,120.0,148070
2026-03-09 13:37:00,13:37:00,120.1,120.55,117.85,117.85,134225
2026-03-09 13:38:00,13:38:00,117.65,119.55,117.0,117.05,75530
2026-03-09 13:39:00,13:39:00,116.9,117.05,114.75,116.3,119860
2026-03-09 13:40:00,13:40:00,115.8,116.6,114.0,115.45,82095
2026-03-09 13:41:00,13:41:00,116.15,117.6,115.25,116.85,74945
2026-03-09 13:42:00,13:42:00,116.6,117.5,116.25,117.5,51285
2026-03-09 13:43:00,13:43:00,117.5,119.5,116.3,116.55,75985
2026-03-09 13:44:00,13:44:00,116.3,117.2,114.35,116.25,75140
2026-03-09 13:45:00,13:45:00,116.6,120.45,116.25,120.0,115960
2026-03-09 13:46:00,13:46:00,120.7,124.75,120.0,124.35,221910
2026-03-09 13:47:00,13:47:00,123.95,124.95,119.35,120.2,245310
2026-03-09 13:48:00,13:48:00,120.2,121.35,115.6,119.75,193895
2026-03-09 13:49:00,13:49:00,119.65,122.45,119.65,121.25,85345
2026-03-09 13:50:00,13:50:00,121.35,123.1,119.45,121.2,70980
2026-03-09 13:51:00,13:51:00,121.5,121.95,120.5,120.5,49400
2026-03-09 13:52:00,13:52:00,120.2,120.65,115.45,115.8,146185
2026-03-09 13:53:00,13:53:00,116.1,117.4,115.1,116.0,111410
2026-03-09 13:54:00,13:54:00,116.0,118.8,116.0,117.1,72800
2026-03-09 13:55:00,13:55:00,117.35,118.0,115.55,116.35,68640
2026-03-09 13:56:00,13:56:00,116.1,116.5,114.65,115.65,78325
2026-03-09 13:57:00,13:57:00,115.5,116.75,114.4,115.0,53625
2026-03-09 13:58:00,13:58:00,115.4,121.4,114.45,121.4,160485
2026-03-09 13:59:00,13:59:00,121.4,124.3,120.95,123.8,214890
2026-03-09 14:00:00,14:00:00,109.75,114.1,108.8,112.95,484510
2026-03-09 14:01:00,14:01:00,113.45,115.2,111.6,112.7,378040
2026-03-09 14:02:00,14:02:00,113.25,118.05,112.7,115.3,507520
2026-03-09 14:03:00,14:03:00,128.35,129.15,121.6,124.95,292890
2026-03-09 14:04:00,14:04:00,124.9,127.35,121.15,122.1,139295
2026-03-09 14:05:00,14:05:00,122.65,125.65,120.45,124.5,128440
2026-03-09 14:06:00,14:06:00,124.9,125.75,122.2,123.1,97435
2026-03-09 14:07:00,14:07:00,123.45,125.4,117.6,117.6,123110
2026-03-09 14:08:00,14:08:00,117.05,122.2,117.05,119.95,194805
2026-03-09 14:09:00,14:09:00,120.1,120.1,117.1,119.5,89180
2026-03-09 14:10:00,14:10:00,119.65,121.05,118.0,118.0,73840
2026-03-09 14:11:00,14:11:00,118.1,121.55,118.0,121.1,65260
2026-03-09 14:12:00,14:12:00,121.3,124.0,117.75,118.0,165360
2026-03-09 14:13:00,14:13:00,118.7,122.5,117.55,122.5,84500
2026-03-09 14:14:00,14:14:00,122.3,125.2,121.4,123.85,131625
2026-03-09 14:15:00,14:15:00,110.1,115.1,109.65,114.8,311610
2026-03-09 14:16:00,14:16:00,115.0,115.0,112.0,112.75,223405
2026-03-09 14:17:00,14:17:00,113.75,115.25,112.75,115.25,188565
2026-03-09 14:18:00,14:18:00,128.55,129.55,121.85,125.35,225810
2026-03-09 14:19:00,14:19:00,126.0,126.4,123.0,124.3,101920
2026-03-09 14:20:00,14:20:00,112.5,115.7,111.0,113.85,210340
2026-03-09 14:21:00,14:21:00,114.8,114.8,110.7,112.55,162175
2026-03-09 14:22:00,14:22:00,125.4,125.55,117.45,117.7,307970
2026-03-09 14:23:00,14:23:00,118.3,120.35,117.55,119.25,111930
2026-03-09 14:24:00,14:24:00,119.05,120.2,116.6,118.6,111215
2026-03-09 14:25:00,14:25:00,117.85,119.15,115.8,116.6,171925
2026-03-09 14:26:00,14:26:00,116.45,119.85,114.9,116.2,262730
2026-03-09 14:27:00,14:27:00,116.15,118.6,115.5,118.25,93145
2026-03-09 14:28:00,14:28:00,119.05,121.85,118.25,121.85,125580
2026-03-09 14:29:00,14:29:00,121.7,121.85,117.2,118.05,126685
2026-03-09 14:30:00,14:30:00,117.05,119.95,114.85,119.45,127465
2026-03-09 14:31:00,14:31:00,118.6,119.45,112.5,113.3,121875
2026-03-09 14:32:00,14:32:00,112.15,114.75,110.6,110.6,207805
2026-03-09 14:33:00,14:33:00,112.25,115.8,110.6,115.4,106730
2026-03-09 14:34:00,14:34:00,116.5,116.85,114.4,116.2,82940
2026-03-09 14:35:00,14:35:00,115.75,118.35,113.8,113.95,135395
2026-03-09 14:36:00,14:36:00,114.6,117.0,113.3,116.45,79430
2026-03-09 14:37:00,14:37:00,115.9,116.45,113.55,113.55,81120
2026-03-09 14:38:00,14:38:00,112.85,114.3,110.45,111.5,147680
2026-03-09 14:39:00,14:39:00,124.55,126.3,123.4,123.6,254735
2026-03-09 14:40:00,14:40:00,124.4,125.15,122.8,124.9,284765
2026-03-09 14:41:00,14:41:00,126.1,129.85,124.9,126.4,444535
2026-03-09 14:42:00,14:42:00,126.0,126.4,122.35,122.35,355745
2026-03-09 14:43:00,14:43:00,115.6,122.35,115.6,117.35,1203995
2026-03-09 14:44:00,14:44:00,117.7,122.6,116.0,119.45,599495
2026-03-09 14:45:00,14:45:00,120.5,123.5,111.55,111.55,699140
2026-03-09 14:46:00,14:46:00,119.9,127.05,109.3,116.75,1448655
2026-03-09 14:47:00,14:47:00,117.9,119.0,113.45,113.85,418145
2026-03-09 14:48:00,14:48:00,113.0,114.8,110.55,111.7,509665
2026-03-09 14:49:00,14:49:00,111.65,121.65,111.25,118.25,520650
2026-03-09 14:50:00,14:50:00,116.9,118.5,113.7,116.8,315705
2026-03-09 14:51:00,14:51:00,116.7,116.8,108.6,108.6,386295
2026-03-09 14:52:00,14:52:00,108.5,115.45,106.7,115.45,368745
2026-03-09 14:53:00,14:53:00,116.65,119.15,109.45,109.5,617695
2026-03-09 14:54:00,14:54:00,108.6,109.5,97.9,99.0,768430
2026-03-09 14:55:00,14:55:00,99.1,100.25,96.5,98.55,414180
2026-03-09 14:56:00,14:56:00,98.7,101.7,96.35,100.9,308100
2026-03-09 14:57:00,14:57:00,100.5,111.25,100.5,106.0,553605
2026-03-09 14:58:00,14:58:00,105.4,107.8,102.85,105.45,221715
2026-03-09 14:59:00,14:59:00,107.25,108.45,101.95,101.95,239720
2026-03-09 15:00:00,15:00:00,100.45,112.25,100.45,106.75,609180
2026-03-09 15:01:00,15:01:00,108.25,111.95,99.55,101.45,644345
2026-03-09 15:02:00,15:02:00,96.15,101.45,90.1,90.65,799825
2026-03-09 15:03:00,15:03:00,103.5,104.4,88.2,94.1,2574195
2026-03-09 15:04:00,15:04:00,94.4,94.4,88.95,92.0,1295515
2026-03-09 15:05:00,15:05:00,92.55,93.0,87.3,90.35,1240265
2026-03-09 15:06:00,15:06:00,89.65,98.9,84.75,98.9,1470495
2026-03-09 15:07:00,15:07:00,96.6,106.5,96.6,106.5,1284205
2026-03-09 15:08:00,15:08:00,107.05,111.75,106.1,106.1,1466530
2026-03-09 15:09:00,15:09:00,106.45,110.75,104.9,107.5,703690
2026-03-09 15:10:00,15:10:00,109.35,112.4,106.6,108.85,869115
2026-03-09 15:11:00,15:11:00,107.7,108.85,104.1,107.55,695045
2026-03-09 15:12:00,15:12:00,107.6,107.6,98.9,101.95,891605
2026-03-09 15:13:00,15:13:00,102.6,103.75,99.0,101.95,742105
2026-03-09 15:14:00,15:14:00,101.5,102.85,98.2,101.65,614705
2026-03-09 15:15:00,15:15:00,103.25,103.5,95.35,98.45,1198860
2026-03-09 15:16:00,15:16:00,99.05,103.2,98.45,103.2,839735
2026-03-09 15:17:00,15:17:00,100.7,103.2,96.65,98.0,663195
2026-03-09 15:18:00,15:18:00,97.8,102.35,97.8,102.1,596570
2026-03-09 15:19:00,15:19:00,102.2,103.35,99.75,103.0,576160
2026-03-09 15:20:00,15:20:00,92.1,103.8,91.65,99.55,673400
2026-03-09 15:21:00,15:21:00,101.9,102.9,97.7,100.7,458835
2026-03-09 15:22:00,15:22:00,99.25,101.0,96.0,100.9,386425
2026-03-09 15:23:00,15:23:00,101.55,102.5,98.75,102.25,306605
2026-03-09 15:24:00,15:24:00,102.2,103.9,100.75,101.15,337480
2026-03-09 15:25:00,15:25:00,102.1,103.95,99.45,99.85,332930
2026-03-09 15:26:00,15:26:00,99.4,100.0,97.2,99.3,354250
2026-03-09 15:27:00,15:27:00,99.35,100.1,95.4,96.25,296725
2026-03-09 15:28:00,15:28:00,96.05,97.25,92.5,93.85,472355
2026-03-09 15:29:00,15:29:00,94.0,98.25,91.1,96.0,517400
2026-03-10 09:15:00,09:15:00,20.0,20.05,4.35,6.25,4191785
2026-03-10 09:16:00,09:16:00,6.25,7.05,5.35,5.7,3751085
2026-03-10 09:17:00,09:17:00,5.65,9.95,5.65,7.55,4123080
2026-03-10 09:18:00,09:18:00,6.45,7.0,5.8,6.1,948545
2026-03-10 09:19:00,09:19:00,6.2,6.3,5.45,5.45,1088490
2026-03-10 09:20:00,09:20:00,5.6,5.7,4.8,4.85,879190
2026-03-10 09:21:00,09:21:00,4.8,5.1,4.7,5.0,943800
2026-03-10 09:22:00,09:22:00,5.0,5.05,4.2,4.2,858650
2026-03-10 09:23:00,09:23:00,4.3,4.8,4.2,4.8,585065
2026-03-10 09:24:00,09:24:00,4.75,5.1,4.6,4.7,600600
2026-03-10 09:25:00,09:25:00,4.65,5.1,4.55,4.8,527670
2026-03-10 09:26:00,09:26:00,4.8,5.85,4.65,5.45,722085
2026-03-10 09:27:00,09:27:00,5.55,5.7,4.9,5.0,682240
2026-03-10 09:28:00,09:28:00,4.95,5.45,4.75,4.75,515320
2026-03-10 09:29:00,09:29:00,4.8,4.8,4.3,4.3,624650
2026-03-10 09:30:00,09:30:00,4.4,5.95,4.3,5.15,772655
2026-03-10 09:31:00,09:31:00,5.25,5.8,5.05,5.05,622895
2026-03-10 09:32:00,09:32:00,5.05,5.2,4.55,4.75,536445
2026-03-10 09:33:00,09:33:00,4.75,5.3,4.65,5.2,388310
2026-03-10 09:34:00,09:34:00,4.25,4.85,4.2,4.85,791375
2026-03-10 09:35:00,09:35:00,4.85,4.95,4.5,4.65,853710
2026-03-10 09:36:00,09:36:00,4.7,6.6,4.45,5.85,2333760
2026-03-10 09:37:00,09:37:00,5.7,6.15,5.05,5.15,1213615
2026-03-10 09:38:00,09:38:00,5.1,5.5,4.95,5.1,704080
2026-03-10 09:39:00,09:39:00,5.2,5.75,5.1,5.7,666250
2026-03-10 09:40:00,09:40:00,5.6,5.7,5.3,5.5,754260
2026-03-10 09:41:00,09:41:00,5.6,5.9,5.35,5.45,663000
2026-03-10 09:42:00,09:42:00,5.5,5.55,4.55,4.6,803855
2026-03-10 09:43:00,09:43:00,5.75,6.05,5.25,5.25,424905
2026-03-10 09:44:00,09:44:00,5.3,5.4,4.5,4.6,440895
2026-03-10 09:45:00,09:45:00,4.6,5.15,4.55,5.05,561275
2026-03-10 09:46:00,09:46:00,5.05,5.2,4.45,4.5,370955
2026-03-10 09:47:00,09:47:00,4.5,4.85,4.3,4.85,366210
2026-03-10 09:48:00,09:48:00,4.85,5.25,4.6,4.65,400335
2026-03-10 09:49:00,09:49:00,4.75,4.75,4.25,4.35,468325
2026-03-10 09:50:00,09:50:00,4.4,4.5,4.1,4.1,490620
2026-03-10 09:51:00,09:51:00,4.2,4.35,4.05,4.15,411385
2026-03-10 09:52:00,09:52:00,4.1,4.25,3.9,4.0,534820
2026-03-10 09:53:00,09:53:00,4.0,4.05,3.7,3.8,380510
2026-03-10 09:54:00,09:54:00,3.95,4.35,3.8,4.05,489645
2026-03-10 09:55:00,09:55:00,3.15,3.6,3.15,3.6,955890
2026-03-10 09:56:00,09:56:00,3.65,3.95,3.4,3.8,907530
2026-03-10 09:57:00,09:57:00,3.8,4.6,3.8,4.15,1462955
2026-03-10 09:58:00,09:58:00,4.35,4.75,4.15,4.75,1254045
2026-03-10 09:59:00,09:59:00,4.9,4.9,3.9,4.15,1179165
2026-03-10 10:00:00,10:00:00,4.3,4.3,3.75,3.75,1029080
2026-03-10 10:01:00,10:01:00,3.7,3.8,3.3,3.35,971490
2026-03-10 10:02:00,10:02:00,4.25,4.4,3.95,4.0,574860
2026-03-10 10:03:00,10:03:00,4.05,4.05,3.8,4.0,375440
2026-03-10 10:04:00,10:04:00,4.0,4.1,3.8,3.85,362115
2026-03-10 10:05:00,10:05:00,3.8,4.05,3.75,4.05,269880
2026-03-10 10:06:00,10:06:00,4.0,4.3,4.0,4.0,281775
2026-03-10 10:07:00,10:07:00,3.95,4.1,3.9,3.9,197925
2026-03-10 10:08:00,10:08:00,3.95,4.1,3.75,3.9,390455
2026-03-10 10:09:00,10:09:00,3.9,4.15,3.9,4.1,270790
2026-03-10 10:10:00,10:10:00,4.1,4.15,3.9,4.05,243685
2026-03-10 10:11:00,10:11:00,4.05,4.1,3.85,3.95,335985
2026-03-10 10:12:00,10:12:00,3.95,4.0,3.85,3.95,304135
2026-03-10 10:13:00,10:13:00,4.0,4.0,3.8,3.85,224835
2026-03-10 10:14:00,10:14:00,3.8,3.85,3.6,3.7,468520
2026-03-10 10:15:00,10:15:00,4.65,4.75,4.0,4.1,1557530
2026-03-10 10:16:00,10:16:00,4.15,4.35,4.05,4.25,1472185
2026-03-10 10:17:00,10:17:00,4.35,4.35,3.85,3.9,1845415
2026-03-10 10:18:00,10:18:00,3.9,4.0,3.55,3.65,1536730
2026-03-10 10:19:00,10:19:00,3.65,3.75,3.55,3.55,1272895
2026-03-10 10:20:00,10:20:00,3.55,3.7,3.5,3.5,1136590
2026-03-10 10:21:00,10:21:00,3.55,3.8,3.4,3.75,774800
2026-03-10 10:22:00,10:22:00,3.0,3.4,3.0,3.1,871390
2026-03-10 10:23:00,10:23:00,3.15,3.25,2.95,2.95,494975
2026-03-10 10:24:00,10:24:00,2.9,3.0,2.8,2.9,681005
2026-03-10 10:25:00,10:25:00,2.85,2.9,2.65,2.75,628615
2026-03-10 10:26:00,10:26:00,2.8,2.9,2.7,2.85,484640
2026-03-10 10:27:00,10:27:00,2.9,3.0,2.8,2.95,585130
2026-03-10 10:28:00,10:28:00,3.75,3.9,3.45,3.45,989430
2026-03-10 10:29:00,10:29:00,2.9,3.0,2.8,2.95,623025
2026-03-10 10:30:00,10:30:00,2.95,2.95,2.8,2.85,309140
2026-03-10 10:31:00,10:31:00,3.4,3.5,3.2,3.2,834665
2026-03-10 10:32:00,10:32:00,3.2,3.3,3.1,3.15,1054170
2026-03-10 10:33:00,10:33:00,3.15,3.2,2.95,3.0,898430
2026-03-10 10:34:00,10:34:00,3.0,3.1,2.95,2.95,1307215
2026-03-10 10:35:00,10:35:00,2.95,3.05,2.9,3.0,922870
2026-03-10 10:36:00,10:36:00,3.0,3.05,2.85,2.95,1120665
2026-03-10 10:37:00,10:37:00,2.95,3.0,2.85,2.95,953745
2026-03-10 10:38:00,10:38:00,2.9,2.95,2.8,2.8,555295
2026-03-10 10:39:00,10:39:00,2.8,2.85,2.75,2.75,795600
2026-03-10 10:40:00,10:40:00,2.8,2.85,2.65,2.7,1432145
2026-03-10 10:41:00,10:41:00,2.7,2.7,2.55,2.6,1671605
2026-03-10 10:42:00,10:42:00,2.6,2.65,2.55,2.55,1428700
2026-03-10 10:43:00,10:43:00,2.55,2.6,2.4,2.45,1259050
2026-03-10 10:44:00,10:44:00,2.45,2.45,2.25,2.25,1686815
2026-03-10 10:45:00,10:45:00,2.25,2.35,2.25,2.25,989820
2026-03-10 10:46:00,10:46:00,2.3,2.3,2.2,2.3,688285
2026-03-10 10:47:00,10:47:00,2.25,2.4,2.25,2.35,873795
2026-03-10 10:48:00,10:48:00,2.8,2.95,2.8,2.9,424580
2026-03-10 10:49:00,10:49:00,2.5,2.5,2.4,2.45,948740
2026-03-10 10:50:00,10:50:00,2.5,2.65,2.4,2.6,1136655
2026-03-10 10:51:00,10:51:00,2.65,2.65,2.5,2.6,921765
2026-03-10 10:52:00,10:52:00,2.6,2.6,2.4,2.4,675220
2026-03-10 10:53:00,10:53:00,2.4,2.5,2.35,2.45,908700
2026-03-10 10:54:00,10:54:00,2.45,2.5,2.4,2.45,438035
2026-03-10 10:55:00,10:55:00,2.45,2.45,2.35,2.35,701285
2026-03-10 10:56:00,10:56:00,2.35,2.45,2.35,2.4,585975
2026-03-10 10:57:00,10:57:00,2.45,2.5,2.35,2.35,563095
2026-03-10 10:58:00,10:58:00,2.4,2.4,2.25,2.3,604045
2026-03-10 10:59:00,10:59:00,2.3,2.35,2.2,2.2,487305
2026-03-10 11:00:00,11:00:00,2.2,2.2,2.05,2.1,847275
2026-03-10 11:01:00,11:01:00,2.1,2.1,2.0,2.05,1351870
2026-03-10 11:02:00,11:02:00,2.0,2.2,2.0,2.15,935415
2026-03-10 11:03:00,11:03:00,2.2,2.2,2.05,2.05,1288495
2026-03-10 11:04:00,11:04:00,2.1,2.15,2.05,2.1,440115
2026-03-10 11:05:00,11:05:00,2.1,2.15,2.0,2.05,574340
2026-03-10 11:06:00,11:06:00,2.05,2.1,1.95,2.0,672360
2026-03-10 11:07:00,11:07:00,2.0,2.05,1.95,2.0,325065
2026-03-10 11:08:00,11:08:00,2.0,2.0,1.95,1.95,211315
2026-03-10 11:09:00,11:09:00,1.95,2.0,1.9,1.95,486265
2026-03-10 11:10:00,11:10:00,1.95,2.0,1.9,2.0,557635
2026-03-10 11:11:00,11:11:00,1.95,2.0,1.9,2.0,1175070
2026-03-10 11:12:00,11:12:00,1.95,2.0,1.9,1.9,354640
2026-03-10 11:13:00,11:13:00,1.95,1.95,1.9,1.95,456235
2026-03-10 11:14:00,11:14:00,2.0,2.1,1.95,2.0,762580
2026-03-10 11:15:00,11:15:00,2.35,2.4,2.3,2.4,592865
2026-03-10 11:16:00,11:16:00,2.35,2.45,2.35,2.4,706680
2026-03-10 11:17:00,11:17:00,2.05,2.05,1.95,2.0,424190
2026-03-10 11:18:00,11:18:00,1.95,2.0,1.9,1.95,330525
2026-03-10 11:19:00,11:19:00,1.9,2.0,1.9,1.95,509795
2026-03-10 11:20:00,11:20:00,1.95,2.0,1.95,1.95,205465
2026-03-10 11:21:00,11:21:00,2.2,2.25,2.1,2.15,327470
2026-03-10 11:22:00,11:22:00,2.1,2.2,2.1,2.1,672490
2026-03-10 11:23:00,11:23:00,2.15,2.2,2.05,2.05,363480
2026-03-10 11:24:00,11:24:00,2.05,2.15,2.0,2.0,457860
2026-03-10 11:25:00,11:25:00,2.05,2.1,2.0,2.0,328250
2026-03-10 11:26:00,11:26:00,1.75,1.75,1.65,1.7,918710
2026-03-10 11:27:00,11:27:00,1.65,1.75,1.65,1.7,345540
2026-03-10 11:28:00,11:28:00,1.7,1.75,1.7,1.7,169195
2026-03-10 11:29:00,11:29:00,2.05,2.1,2.05,2.1,424645
2026-03-10 11:30:00,11:30:00,2.1,2.1,2.05,2.05,227760
2026-03-10 11:31:00,11:31:00,2.05,2.1,2.05,2.05,247260
2026-03-10 11:32:00,11:32:00,2.1,2.1,2.0,2.05,236665
2026-03-10 11:33:00,11:33:00,2.05,2.15,2.0,2.15,592605
2026-03-10 11:34:00,11:34:00,2.1,2.2,2.1,2.15,448500
2026-03-10 11:35:00,11:35:00,2.15,2.15,2.05,2.1,595270
2026-03-10 11:36:00,11:36:00,2.15,2.15,2.05,2.1,547560
2026-03-10 11:37:00,11:37:00,2.1,2.2,2.1,2.2,263055
2026-03-10 11:38:00,11:38:00,2.15,2.25,2.1,2.2,592670
2026-03-10 11:39:00,11:39:00,2.15,2.2,2.15,2.15,378820
2026-03-10 11:40:00,11:40:00,2.2,2.2,2.1,2.1,505440
2026-03-10 11:41:00,11:41:00,2.15,2.2,2.1,2.1,291005
2026-03-10 11:42:00,11:42:00,2.15,2.2,2.1,2.15,439335
2026-03-10 11:43:00,11:43:00,2.15,2.2,2.1,2.15,290550
2026-03-10 11:44:00,11:44:00,2.15,2.25,2.15,2.15,761735
2026-03-10 11:45:00,11:45:00,2.15,2.2,2.1,2.15,306215
2026-03-10 11:46:00,11:46:00,2.2,2.2,2.1,2.15,212875
2026-03-10 11:47:00,11:47:00,2.1,2.2,2.1,2.15,390780
2026-03-10 11:48:00,11:48:00,1.9,2.0,1.85,1.95,457340
2026-03-10 11:49:00,11:49:00,2.0,2.0,1.8,1.8,968435
2026-03-10 11:50:00,11:50:00,1.75,1.9,1.75,1.85,1135290
2026-03-10 11:51:00,11:51:00,1.85,1.9,1.8,1.9,778115
2026-03-10 11:52:00,11:52:00,1.9,1.9,1.8,1.8,427245
2026-03-10 11:53:00,11:53:00,1.85,1.9,1.75,1.75,447655
2026-03-10 11:54:00,11:54:00,1.8,1.8,1.75,1.75,178100
2026-03-10 11:55:00,11:55:00,1.75,1.8,1.7,1.75,310895
2026-03-10 11:56:00,11:56:00,1.75,1.95,1.75,1.95,359710
2026-03-10 11:57:00,11:57:00,1.9,1.95,1.8,1.85,309985
2026-03-10 11:58:00,11:58:00,1.8,1.9,1.75,1.75,363480
2026-03-10 11:59:00,11:59:00,1.8,1.85,1.75,1.85,326040
2026-03-10 12:00:00,12:00:00,1.8,1.85,1.8,1.85,217360
2026-03-10 12:01:00,12:01:00,1.8,1.9,1.8,1.85,267735
2026-03-10 12:02:00,12:02:00,1.85,1.85,1.7,1.7,388050
2026-03-10 12:03:00,12:03:00,1.7,1.75,1.65,1.75,333645
2026-03-10 12:04:00,12:04:00,1.75,1.8,1.7,1.7,436735
2026-03-10 12:05:00,12:05:00,1.7,1.75,1.65,1.7,263965
2026-03-10 12:06:00,12:06:00,1.65,1.7,1.6,1.6,249990
2026-03-10 12:07:00,12:07:00,1.95,2.05,1.9,1.95,830505
2026-03-10 12:08:00,12:08:00,1.65,1.65,1.6,1.6,108940
2026-03-10 12:09:00,12:09:00,1.6,1.7,1.6,1.7,292890
2026-03-10 12:10:00,12:10:00,1.7,1.7,1.6,1.7,503620
2026-03-10 12:11:00,12:11:00,1.65,1.75,1.65,1.7,469235
2026-03-10 12:12:00,12:12:00,1.7,1.7,1.65,1.7,106730
2026-03-10 12:13:00,12:13:00,1.65,1.75,1.65,1.7,388375
2026-03-10 12:14:00,12:14:00,1.5,1.65,1.45,1.65,586430
2026-03-10 12:15:00,12:15:00,1.9,2.45,1.65,1.65,3404960
2026-03-10 12:16:00,12:16:00,1.7,1.7,1.5,1.55,1060410
2026-03-10 12:17:00,12:17:00,1.55,1.65,1.45,1.5,1469780
2026-03-10 12:18:00,12:18:00,1.55,1.6,1.4,1.6,889005
2026-03-10 12:19:00,12:19:00,1.6,1.7,1.6,1.6,1203735
2026-03-10 12:20:00,12:20:00,1.65,1.75,1.6,1.7,450125
2026-03-10 12:21:00,12:21:00,1.35,1.35,1.3,1.35,269035
2026-03-10 12:22:00,12:22:00,1.35,1.8,1.35,1.75,1106365
2026-03-10 12:23:00,12:23:00,1.75,1.75,1.45,1.6,1072955
2026-03-10 12:24:00,12:24:00,1.65,1.7,1.55,1.55,453115
2026-03-10 12:25:00,12:25:00,1.55,1.65,1.45,1.45,646685
2026-03-10 12:26:00,12:26:00,1.5,1.65,1.45,1.65,672295
2026-03-10 12:27:00,12:27:00,1.7,1.8,1.6,1.8,509145
2026-03-10 12:28:00,12:28:00,1.75,1.9,1.7,1.8,404040
2026-03-10 12:29:00,12:29:00,1.7,1.8,1.55,1.6,370110
2026-03-10 12:30:00,12:30:00,1.6,1.65,1.55,1.65,410020
2026-03-10 12:31:00,12:31:00,1.65,1.65,1.55,1.55,346385
2026-03-10 12:32:00,12:32:00,1.6,1.65,1.5,1.5,377520
2026-03-10 12:33:00,12:33:00,1.5,1.5,1.35,1.45,587275
2026-03-10 12:34:00,12:34:00,1.5,1.6,1.45,1.55,424840
2026-03-10 12:35:00,12:35:00,1.95,2.05,1.5,1.6,1596855
2026-03-10 12:36:00,12:36:00,1.6,1.65,1.5,1.65,1218425
2026-03-10 12:37:00,12:37:00,1.3,1.45,1.25,1.45,419185
2026-03-10 12:38:00,12:38:00,1.45,1.45,1.3,1.35,548275
2026-03-10 12:39:00,12:39:00,1.4,1.45,1.3,1.45,431405
2026-03-10 12:40:00,12:40:00,1.45,1.5,1.35,1.35,460135
2026-03-10 12:41:00,12:41:00,1.4,1.4,1.25,1.25,277030
2026-03-10 12:42:00,12:42:00,1.3,1.45,1.25,1.4,442910
2026-03-10 12:43:00,12:43:00,1.4,1.5,1.35,1.45,600145
2026-03-10 12:44:00,12:44:00,1.5,1.6,1.4,1.4,562705
2026-03-10 12:45:00,12:45:00,1.45,1.5,1.3,1.3,551850
2026-03-10 12:46:00,12:46:00,1.3,1.3,1.15,1.25,558220
2026-03-10 12:47:00,12:47:00,1.25,1.25,1.15,1.2,446095
2026-03-10 12:48:00,12:48:00,1.2,1.25,1.15,1.15,276120
2026-03-10 12:49:00,12:49:00,1.5,1.55,1.4,1.45,542295
2026-03-10 12:50:00,12:50:00,1.45,1.55,1.4,1.45,705185
2026-03-10 12:51:00,12:51:00,1.45,1.45,1.35,1.4,542750
2026-03-10 12:52:00,12:52:00,1.35,1.4,1.3,1.3,326560
2026-03-10 12:53:00,12:53:00,1.3,1.4,1.3,1.3,521365
2026-03-10 12:54:00,12:54:00,1.35,1.35,1.2,1.25,739635
2026-03-10 12:55:00,12:55:00,1.55,1.6,1.5,1.5,685620
2026-03-10 12:56:00,12:56:00,1.5,1.55,1.45,1.45,658190
2026-03-10 12:57:00,12:57:00,1.25,1.4,1.25,1.35,1009190
2026-03-10 12:58:00,12:58:00,1.35,1.35,1.25,1.3,531310
2026-03-10 12:59:00,12:59:00,1.3,1.35,1.2,1.3,699205
2026-03-10 13:00:00,13:00:00,1.3,1.35,1.25,1.25,489580
2026-03-10 13:01:00,13:01:00,1.45,1.5,1.35,1.4,898430
2026-03-10 13:02:00,13:02:00,1.15,1.2,1.15,1.15,379730
2026-03-10 13:03:00,13:03:00,1.35,1.4,1.2,1.4,610090
2026-03-10 13:04:00,13:04:00,1.35,1.45,1.35,1.35,378625
2026-03-10 13:05:00,13:05:00,1.25,1.3,1.2,1.25,315510
2026-03-10 13:06:00,13:06:00,1.2,1.35,1.2,1.35,436280
2026-03-10 13:07:00,13:07:00,1.35,1.35,1.2,1.25,311675
2026-03-10 13:08:00,13:08:00,1.2,1.3,1.2,1.3,452725
2026-03-10 13:09:00,13:09:00,1.25,1.35,1.25,1.3,353860
2026-03-10 13:10:00,13:10:00,1.35,1.45,1.3,1.45,1165515
2026-03-10 13:11:00,13:11:00,1.4,1.45,1.35,1.4,704405
2026-03-10 13:12:00,13:12:00,1.35,1.4,1.3,1.35,592150
2026-03-10 13:13:00,13:13:00,1.3,1.4,1.25,1.35,544115
2026-03-10 13:14:00,13:14:00,1.35,1.35,1.25,1.3,504400
2026-03-10 13:15:00,13:15:00,1.3,1.3,1.25,1.25,220415
2026-03-10 13:16:00,13:16:00,1.3,1.3,1.25,1.25,205465
2026-03-10 13:17:00,13:17:00,1.25,1.35,1.25,1.25,204620
2026-03-10 13:18:00,13:18:00,1.3,1.35,1.25,1.3,264030
2026-03-10 13:19:00,13:19:00,1.3,1.3,1.25,1.3,138970
2026-03-10 13:20:00,13:20:00,1.3,1.3,1.2,1.25,174590
2026-03-10 13:21:00,13:21:00,1.25,1.3,1.2,1.25,509925
2026-03-10 13:22:00,13:22:00,1.25,1.35,1.2,1.25,850720
2026-03-10 13:23:00,13:23:00,1.25,1.3,1.15,1.2,991900
2026-03-10 13:24:00,13:24:00,1.2,1.2,1.1,1.1,373555
2026-03-10 13:25:00,13:25:00,1.1,1.2,1.1,1.15,429845
2026-03-10 13:26:00,13:26:00,1.15,1.2,1.1,1.1,590330
2026-03-10 13:27:00,13:27:00,1.05,1.2,1.05,1.15,411190
2026-03-10 13:28:00,13:28:00,1.1,1.15,1.05,1.1,235170
2026-03-10 13:29:00,13:29:00,1.05,1.1,1.0,1.05,343135
2026-03-10 13:30:00,13:30:00,1.3,1.3,1.1,1.1,468520
2026-03-10 13:31:00,13:31:00,1.05,1.2,1.05,1.2,575835
2026-03-10 13:32:00,13:32:00,1.2,1.25,1.15,1.2,732875
2026-03-10 13:33:00,13:33:00,1.0,1.05,0.95,1.0,607685
2026-03-10 13:34:00,13:34:00,1.1,1.15,1.05,1.1,630370
2026-03-10 13:35:00,13:35:00,1.1,1.15,1.05,1.05,128245
2026-03-10 13:36:00,13:36:00,0.9,0.95,0.85,0.95,541320
2026-03-10 13:37:00,13:37:00,0.9,0.95,0.85,0.95,462215
2026-03-10 13:38:00,13:38:00,1.05,1.05,1.0,1.05,584805
2026-03-10 13:39:00,13:39:00,1.0,1.05,0.9,1.0,1285310
2026-03-10 13:40:00,13:40:00,1.0,1.05,0.9,0.95,547625
2026-03-10 13:41:00,13:41:00,0.95,1.0,0.9,1.0,1252550
2026-03-10 13:42:00,13:42:00,1.05,1.15,1.0,1.05,2585310
2026-03-10 13:43:00,13:43:00,1.05,1.1,1.0,1.05,900055
2026-03-10 13:44:00,13:44:00,1.1,1.1,1.0,1.0,1093560
2026-03-10 13:45:00,13:45:00,1.0,1.15,1.0,1.05,1446250
2026-03-10 13:46:00,13:46:00,1.1,1.1,1.0,1.0,857740
2026-03-10 13:47:00,13:47:00,1.05,1.1,1.0,1.1,980850
2026-03-10 13:48:00,13:48:00,0.9,0.95,0.8,0.85,840840
2026-03-10 13:49:00,13:49:00,1.05,1.05,0.95,0.95,366470
2026-03-10 13:50:00,13:50:00,1.0,1.0,0.9,0.95,440830
2026-03-10 13:51:00,13:51:00,0.95,0.95,0.85,0.85,781300
2026-03-10 13:52:00,13:52:00,0.85,0.9,0.75,0.8,2037880
2026-03-10 13:53:00,13:53:00,0.8,0.85,0.75,0.8,707525
2026-03-10 13:54:00,13:54:00,0.8,0.8,0.75,0.75,218660
2026-03-10 13:55:00,13:55:00,0.75,0.8,0.7,0.7,302705
2026-03-10 13:56:00,13:56:00,0.75,0.8,0.7,0.8,442390
2026-03-10 13:57:00,13:57:00,0.8,0.85,0.75,0.85,264355
2026-03-10 13:58:00,13:58:00,0.8,0.85,0.75,0.85,323700
2026-03-10 13:59:00,13:59:00,0.8,0.85,0.8,0.85,380250
2026-03-10 14:00:00,14:00:00,0.85,0.9,0.8,0.8,276835
2026-03-10 14:01:00,14:01:00,0.7,0.85,0.65,0.75,732485
2026-03-10 14:02:00,14:02:00,0.75,0.8,0.7,0.8,387075
2026-03-10 14:03:00,14:03:00,0.75,0.9,0.75,0.9,560560
2026-03-10 14:04:00,14:04:00,0.95,1.0,0.9,0.9,564785
2026-03-10 14:05:00,14:05:00,0.85,0.9,0.75,0.75,410215
2026-03-10 14:06:00,14:06:00,0.75,0.8,0.7,0.8,834535
2026-03-10 14:07:00,14:07:00,0.8,0.85,0.7,0.8,631540
2026-03-10 14:08:00,14:08:00,0.8,0.8,0.75,0.75,809965
2026-03-10 14:09:00,14:09:00,0.95,1.05,0.85,0.95,2243670
2026-03-10 14:10:00,14:10:00,0.95,0.95,0.8,0.85,1091090
2026-03-10 14:11:00,14:11:00,0.9,0.95,0.85,0.95,1664845
2026-03-10 14:12:00,14:12:00,0.9,1.0,0.85,0.9,1437800
2026-03-10 14:13:00,14:13:00,0.9,1.05,0.85,0.85,1230515
2026-03-10 14:14:00,14:14:00,0.9,0.9,0.85,0.9,841620
2026-03-10 14:15:00,14:15:00,0.7,0.8,0.7,0.75,989690
2026-03-10 14:16:00,14:16:00,0.75,0.8,0.65,0.65,769470
2026-03-10 14:17:00,14:17:00,0.65,0.8,0.65,0.8,1132495
2026-03-10 14:18:00,14:18:00,0.75,0.85,0.7,0.75,842140
2026-03-10 14:19:00,14:19:00,0.75,0.75,0.6,0.6,570570
2026-03-10 14:20:00,14:20:00,0.6,0.7,0.6,0.65,362960
2026-03-10 14:21:00,14:21:00,0.65,0.7,0.6,0.7,796705
2026-03-10 14:22:00,14:22:00,0.75,0.75,0.6,0.65,924560
2026-03-10 14:23:00,14:23:00,0.7,0.7,0.6,0.65,348595
2026-03-10 14:24:00,14:24:00,0.7,0.7,0.6,0.65,672880
2026-03-10 14:25:00,14:25:00,0.65,0.7,0.6,0.7,340015
2026-03-10 14:26:00,14:26:00,0.55,0.6,0.5,0.6,348205
2026-03-10 14:27:00,14:27:00,0.6,0.65,0.5,0.6,376610
2026-03-10 14:28:00,14:28:00,0.6,0.65,0.55,0.55,215150
2026-03-10 14:29:00,14:29:00,0.75,0.75,0.55,0.55,950755
2026-03-10 14:30:00,14:30:00,0.6,0.6,0.55,0.6,478075
2026-03-10 14:31:00,14:31:00,0.6,0.65,0.55,0.65,409370
2026-03-10 14:32:00,14:32:00,0.65,0.65,0.55,0.65,363350
2026-03-10 14:33:00,14:33:00,0.55,0.6,0.5,0.6,873080
2026-03-10 14:34:00,14:34:00,0.55,0.6,0.5,0.55,1172795
2026-03-10 14:35:00,14:35:00,0.7,0.7,0.55,0.55,633490
2026-03-10 14:36:00,14:36:00,0.55,0.6,0.55,0.55,255905
2026-03-10 14:37:00,14:37:00,0.6,0.6,0.5,0.5,576030
2026-03-10 14:38:00,14:38:00,0.55,0.55,0.5,0.5,341835
2026-03-10 14:39:00,14:39:00,0.5,0.55,0.5,0.5,738140
2026-03-10 14:40:00,14:40:00,0.5,0.55,0.45,0.45,327665
2026-03-10 14:41:00,14:41:00,0.4,0.45,0.35,0.4,1127750
2026-03-10 14:42:00,14:42:00,0.35,0.4,0.35,0.4,394355
2026-03-10 14:43:00,14:43:00,0.4,0.4,0.35,0.35,302510
2026-03-10 14:44:00,14:44:00,0.4,0.4,0.3,0.3,398645
2026-03-10 14:45:00,14:45:00,0.35,0.35,0.3,0.3,380770
2026-03-10 14:46:00,14:46:00,0.35,0.35,0.3,0.3,334555
2026-03-10 14:47:00,14:47:00,0.35,0.4,0.3,0.3,577655
2026-03-10 14:48:00,14:48:00,0.35,0.4,0.3,0.35,556075
2026-03-10 14:49:00,14:49:00,0.3,0.35,0.3,0.3,248040
2026-03-10 14:50:00,14:50:00,0.3,0.35,0.3,0.3,405860
2026-03-10 14:51:00,14:51:00,0.35,0.35,0.3,0.3,931190
2026-03-10 14:52:00,14:52:00,0.3,0.35,0.25,0.25,517530
2026-03-10 14:53:00,14:53:00,0.3,0.3,0.2,0.25,951015
2026-03-10 14:54:00,14:54:00,0.25,0.25,0.2,0.25,325130
2026-03-10 14:55:00,14:55:00,0.25,0.25,0.2,0.25,327015
2026-03-10 14:56:00,14:56:00,0.25,0.25,0.2,0.2,426530
2026-03-10 14:57:00,14:57:00,0.25,0.25,0.15,0.15,521040
2026-03-10 14:58:00,14:58:00,0.2,0.2,0.15,0.2,244270
2026-03-10 14:59:00,14:59:00,0.15,0.2,0.1,0.15,786240
2026-03-10 15:00:00,15:00:00,0.1,0.2,0.1,0.2,789360
2026-03-10 15:01:00,15:01:00,0.15,0.15,0.1,0.1,757510
2026-03-10 15:02:00,15:02:00,0.1,0.15,0.1,0.15,467285
2026-03-10 15:03:00,15:03:00,0.1,0.15,0.1,0.1,970320
2026-03-10 15:04:00,15:04:00,0.15,0.15,0.1,0.15,306670
2026-03-10 15:05:00,15:05:00,0.15,0.15,0.05,0.1,468520
2026-03-10 15:06:00,15:06:00,0.1,0.1,0.05,0.1,417950
2026-03-10 15:07:00,15:07:00,0.1,0.1,0.05,0.1,264810
2026-03-10 15:08:00,15:08:00,0.05,0.1,0.05,0.1,269295
2026-03-10 15:09:00,15:09:00,0.05,0.1,0.05,0.05,200720
2026-03-10 15:10:00,15:10:00,0.1,0.1,0.05,0.1,214890
2026-03-10 15:11:00,15:11:00,0.1,0.15,0.1,0.15,324285
2026-03-10 15:12:00,15:12:00,0.1,0.15,0.1,0.15,392860
2026-03-10 15:13:00,15:13:00,0.15,0.15,0.05,0.1,386620
2026-03-10 15:14:00,15:14:00,0.1,0.1,0.05,0.1,152360
2026-03-10 15:15:00,15:15:00,0.1,0.1,0.05,0.1,431015
2026-03-10 15:16:00,15:16:00,0.1,0.1,0.05,0.1,264875
2026-03-10 15:17:00,15:17:00,0.1,0.1,0.05,0.05,379405
2026-03-10 15:18:00,15:18:00,0.1,0.1,0.05,0.1,236925
2026-03-10 15:19:00,15:19:00,0.05,0.1,0.05,0.1,174785
2026-03-10 15:20:00,15:20:00,0.05,0.1,0.05,0.1,473005
2026-03-10 15:21:00,15:21:00,0.05,0.1,0.05,0.05,253890
2026-03-10 15:22:00,15:22:00,0.1,0.1,0.05,0.1,289965
2026-03-10 15:23:00,15:23:00,0.1,0.1,0.05,0.05,280345
2026-03-10 15:24:00,15:24:00,0.1,0.1,0.05,0.05,231725
2026-03-10 15:25:00,15:25:00,0.1,0.1,0.05,0.05,257595
2026-03-10 15:26:00,15:26:00,0.05,0.1,0.05,0.05,623220
2026-03-10 15:27:00,15:27:00,0.05,0.1,0.05,0.05,468520
2026-03-10 15:28:00,15:28:00,0.05,0.05,0.05,0.05,49920
2026-03-10 15:29:00,15:29:00,0.05,0.05,0.05,0.05,32435
2026-03-12 09:15:00,09:15:00,205.0,242.75,200.05,240.9,1996475
2026-03-12 09:16:00,09:16:00,240.35,251.7,230.4,247.55,1435850
2026-03-12 09:17:00,09:17:00,230.35,242.85,225.4,238.15,285350
2026-03-12 09:18:00,09:18:00,238.9,240.15,232.3,232.3,184275
2026-03-12 09:19:00,09:19:00,232.6,236.0,230.15,233.2,157235
2026-03-12 09:20:00,09:20:00,251.5,253.6,231.7,231.7,797550
2026-03-12 09:21:00,09:21:00,212.2,224.45,212.2,222.4,223535
2026-03-12 09:22:00,09:22:00,221.4,224.7,216.45,220.15,136045
2026-03-12 09:23:00,09:23:00,240.35,247.0,234.65,234.65,672100
2026-03-12 09:24:00,09:24:00,233.9,236.5,225.45,226.45,917540
2026-03-12 09:25:00,09:25:00,226.85,231.5,221.2,223.45,707590
2026-03-12 09:26:00,09:26:00,224.4,232.45,223.45,224.4,392145
2026-03-12 09:27:00,09:27:00,222.1,228.0,218.25,225.8,582270
2026-03-12 09:28:00,09:28:00,225.35,231.65,222.8,229.15,443040
2026-03-12 09:29:00,09:29:00,228.6,229.15,218.8,223.5,418730
2026-03-12 09:30:00,09:30:00,225.0,230.05,223.5,227.35,419315
2026-03-12 09:31:00,09:31:00,227.7,228.15,216.8,220.8,476840
2026-03-12 09:32:00,09:32:00,220.9,225.9,220.45,224.7,244140
2026-03-12 09:33:00,09:33:00,225.5,228.75,221.8,226.15,303745
2026-03-12 09:34:00,09:34:00,226.2,233.85,225.15,232.0,428805
2026-03-12 09:35:00,09:35:00,231.3,237.45,229.25,234.75,510445
2026-03-12 09:36:00,09:36:00,234.45,237.1,230.1,236.5,397020
2026-03-12 09:37:00,09:37:00,236.35,238.65,229.35,232.3,421525
2026-03-12 09:38:00,09:38:00,232.55,237.0,226.3,237.0,300950
2026-03-12 09:39:00,09:39:00,218.0,228.7,218.0,228.3,182520
2026-03-12 09:40:00,09:40:00,246.55,248.1,243.0,243.35,432185
2026-03-12 09:41:00,09:41:00,243.4,246.0,240.45,243.95,290680
2026-03-12 09:42:00,09:42:00,244.3,244.3,229.9,231.0,408915
2026-03-12 09:43:00,09:43:00,231.8,236.0,229.3,235.3,265330
2026-03-12 09:44:00,09:44:00,234.7,235.55,231.1,232.85,148265
2026-03-12 09:45:00,09:45:00,232.25,233.3,228.0,230.3,269360
2026-03-12 09:46:00,09:46:00,229.7,234.65,227.45,234.65,237965
2026-03-12 09:47:00,09:47:00,234.8,236.6,230.75,233.9,236535
2026-03-12 09:48:00,09:48:00,233.9,233.9,229.9,230.95,137735
2026-03-12 09:49:00,09:49:00,230.2,231.85,223.0,224.2,279500
2026-03-12 09:50:00,09:50:00,243.6,246.4,240.8,242.95,176085
2026-03-12 09:51:00,09:51:00,241.6,243.95,236.25,237.0,217165
2026-03-12 09:52:00,09:52:00,236.7,238.5,233.1,235.3,241930
2026-03-12 09:53:00,09:53:00,235.5,238.6,234.85,235.3,104455
2026-03-12 09:54:00,09:54:00,235.6,236.0,228.9,229.8,170235
2026-03-12 09:55:00,09:55:00,230.0,236.2,229.8,234.05,102635
2026-03-12 09:56:00,09:56:00,233.55,235.85,231.6,231.7,89050
2026-03-12 09:57:00,09:57:00,231.05,232.0,225.6,227.5,211315
2026-03-12 09:58:00,09:58:00,245.8,246.45,237.25,237.25,408915
2026-03-12 09:59:00,09:59:00,236.55,237.5,232.9,234.15,619320
2026-03-12 10:00:00,10:00:00,234.0,242.75,232.2,242.1,523380
2026-03-12 10:01:00,10:01:00,242.6,244.15,239.55,240.9,415675
2026-03-12 10:02:00,10:02:00,239.4,240.9,232.3,235.35,379925
2026-03-12 10:03:00,10:03:00,234.55,241.9,234.55,239.85,208130
2026-03-12 10:04:00,10:04:00,239.05,240.4,236.6,238.0,213655
2026-03-12 10:05:00,10:05:00,218.5,229.4,218.5,229.4,161005
2026-03-12 10:06:00,10:06:00,229.95,231.0,228.0,230.3,180050
2026-03-12 10:07:00,10:07:00,229.8,234.75,229.8,234.25,183560
2026-03-12 10:08:00,10:08:00,232.9,241.2,231.8,241.0,255710
2026-03-12 10:09:00,10:09:00,240.75,243.05,236.0,238.65,200785
2026-03-12 10:10:00,10:10:00,238.8,239.4,230.3,232.05,203125
2026-03-12 10:11:00,10:11:00,232.6,240.35,232.05,238.1,130130
2026-03-12 10:12:00,10:12:00,237.5,241.5,234.6,240.7,110305
2026-03-12 10:13:00,10:13:00,221.65,223.5,220.15,221.65,226135
2026-03-12 10:14:00,10:14:00,221.5,228.4,221.5,226.0,430300
2026-03-12 10:15:00,10:15:00,225.9,226.85,223.45,226.8,251745
2026-03-12 10:16:00,10:16:00,227.7,231.15,224.65,229.8,364715
2026-03-12 10:17:00,10:17:00,229.9,233.55,225.9,233.45,371995
2026-03-12 10:18:00,10:18:00,232.8,233.8,224.0,226.45,378755
2026-03-12 10:19:00,10:19:00,224.85,226.45,221.0,224.2,232635
2026-03-12 10:20:00,10:20:00,223.45,225.5,219.6,223.85,233740
2026-03-12 10:21:00,10:21:00,223.65,224.45,217.6,217.95,186940
2026-03-12 10:22:00,10:22:00,217.0,224.0,216.5,221.55,210145
2026-03-12 10:23:00,10:23:00,221.6,226.3,220.8,225.35,163280
2026-03-12 10:24:00,10:24:00,225.65,225.85,219.0,221.2,159770
2026-03-12 10:25:00,10:25:00,239.2,240.6,229.85,230.9,201825
2026-03-12 10:26:00,10:26:00,230.45,234.25,213.0,214.05,470015
2026-03-12 10:27:00,10:27:00,214.65,221.0,209.0,218.05,306605
2026-03-12 10:28:00,10:28:00,218.5,224.5,215.75,219.0,213850
2026-03-12 10:29:00,10:29:00,219.0,220.55,214.8,214.95,72150
2026-03-12 10:30:00,10:30:00,214.7,227.1,214.7,227.1,110045
2026-03-12 10:31:00,10:31:00,226.6,230.1,225.65,228.2,180895
2026-03-12 10:32:00,10:32:00,227.35,228.2,213.95,214.7,103805
2026-03-12 10:33:00,10:33:00,213.45,215.4,211.05,212.8,151645
2026-03-12 10:34:00,10:34:00,231.6,233.7,223.45,227.75,368745
2026-03-12 10:35:00,10:35:00,227.2,232.0,224.6,231.4,349635
2026-03-12 10:36:00,10:36:00,233.35,233.35,223.35,223.35,200590
2026-03-12 10:37:00,10:37:00,223.15,223.6,212.35,213.75,599690
2026-03-12 10:38:00,10:38:00,213.5,217.0,209.7,211.4,375375
2026-03-12 10:39:00,10:39:00,209.75,214.05,209.4,209.4,221130
2026-03-12 10:40:00,10:40:00,209.4,212.3,208.35,211.0,233675
2026-03-12 10:41:00,10:41:00,212.25,216.65,210.0,210.4,294710
2026-03-12 10:42:00,10:42:00,210.05,217.55,208.6,215.95,214760
2026-03-12 10:43:00,10:43:00,216.0,222.8,214.2,222.8,364000
2026-03-12 10:44:00,10:44:00,223.15,223.15,215.55,219.05,264875
2026-03-12 10:45:00,10:45:00,218.25,220.0,215.7,216.35,147615
2026-03-12 10:46:00,10:46:00,216.1,219.6,213.65,219.55,152165
2026-03-12 10:47:00,10:47:00,219.4,220.2,212.65,213.7,163800
2026-03-12 10:48:00,10:48:00,214.0,220.4,213.6,215.55,170300
2026-03-12 10:49:00,10:49:00,214.65,218.9,214.65,215.8,121680
2026-03-12 10:50:00,10:50:00,216.7,224.9,215.8,223.75,310830
2026-03-12 10:51:00,10:51:00,223.8,225.5,220.6,225.5,228475
2026-03-12 10:52:00,10:52:00,207.0,207.4,202.45,206.8,89635
2026-03-12 10:53:00,10:53:00,224.2,226.45,206.95,207.5,540605
2026-03-12 10:54:00,10:54:00,207.95,216.75,205.9,216.4,291655
2026-03-12 10:55:00,10:55:00,215.45,222.15,214.4,218.75,273910
2026-03-12 10:56:00,10:56:00,218.65,219.85,213.2,213.2,136305
2026-03-12 10:57:00,10:57:00,212.3,213.2,203.3,203.4,327015
2026-03-12 10:58:00,10:58:00,220.2,224.25,216.55,216.55,153985
2026-03-12 10:59:00,10:59:00,217.65,218.4,214.75,215.6,158145
2026-03-12 11:00:00,11:00:00,215.85,217.0,213.75,215.1,135395
2026-03-12 11:01:00,11:01:00,215.85,217.0,210.3,214.6,200655
2026-03-12 11:02:00,11:02:00,213.6,214.6,210.3,210.95,97175
2026-03-12 11:03:00,11:03:00,210.2,213.65,208.85,211.4,125255
2026-03-12 11:04:00,11:04:00,211.75,213.05,204.85,204.85,141830
2026-03-12 11:05:00,11:05:00,204.85,210.95,203.5,209.0,186420
2026-03-12 11:06:00,11:06:00,208.35,215.4,208.35,214.2,150865
2026-03-12 11:07:00,11:07:00,214.65,218.0,212.1,214.4,120445
2026-03-12 11:08:00,11:08:00,214.2,216.5,211.9,213.0,73645
2026-03-12 11:09:00,11:09:00,213.5,215.95,212.65,214.0,61685
2026-03-12 11:10:00,11:10:00,214.2,214.2,207.85,208.2,75855
2026-03-12 11:11:00,11:11:00,206.15,210.2,203.75,209.45,98475
2026-03-12 11:12:00,11:12:00,209.0,213.75,208.95,212.05,77870
2026-03-12 11:13:00,11:13:00,211.1,215.85,209.0,212.1,119080
2026-03-12 11:14:00,11:14:00,211.35,215.5,208.95,214.15,57395
2026-03-12 11:15:00,11:15:00,213.65,214.9,210.8,211.0,40885
2026-03-12 11:16:00,11:16:00,209.55,213.8,208.35,210.05,47190
2026-03-12 11:17:00,11:17:00,210.15,216.35,209.7,214.55,72345
2026-03-12 11:18:00,11:18:00,195.55,224.55,195.55,223.0,1065740
2026-03-12 11:19:00,11:19:00,220.35,224.5,212.45,215.45,688285
2026-03-12 11:20:00,11:20:00,216.6,224.3,215.45,223.2,387140
2026-03-12 11:21:00,11:21:00,204.9,214.25,204.75,211.65,239135
2026-03-12 11:22:00,11:22:00,211.6,213.25,208.2,212.0,133055
2026-03-12 11:23:00,11:23:00,211.45,213.25,206.85,208.9,110955
2026-03-12 11:24:00,11:24:00,227.05,228.1,212.85,212.95,388440
2026-03-12 11:25:00,11:25:00,214.15,221.4,212.95,219.55,226005
2026-03-12 11:26:00,11:26:00,219.45,219.55,214.5,217.5,267800
2026-03-12 11:27:00,11:27:00,218.25,219.4,210.85,218.05,187070
2026-03-12 11:28:00,11:28:00,217.4,219.3,213.5,213.5,111995
2026-03-12 11:29:00,11:29:00,213.3,213.6,207.45,212.6,269490
2026-03-12 11:30:00,11:30:00,212.85,220.7,212.6,219.45,242775
2026-03-12 11:31:00,11:31:00,219.25,221.9,217.5,221.65,181155
2026-03-12 11:32:00,11:32:00,220.3,223.3,218.95,219.9,248105
2026-03-12 11:33:00,11:33:00,219.95,221.9,215.8,218.1,156325
2026-03-12 11:34:00,11:34:00,217.35,218.1,210.9,211.4,156260
2026-03-12 11:35:00,11:35:00,211.95,216.45,210.3,212.4,119795
2026-03-12 11:36:00,11:36:00,212.6,215.9,211.65,215.15,84695
2026-03-12 11:37:00,11:37:00,215.15,218.8,213.85,218.8,77675
2026-03-12 11:38:00,11:38:00,219.1,220.2,213.95,214.15,112840
2026-03-12 11:39:00,11:39:00,214.0,217.3,213.05,213.75,87620
2026-03-12 11:40:00,11:40:00,214.1,214.75,208.7,209.65,175825
2026-03-12 11:41:00,11:41:00,207.95,217.25,206.0,217.25,237965
2026-03-12 11:42:00,11:42:00,216.2,217.25,211.2,214.0,113165
2026-03-12 11:43:00,11:43:00,213.75,215.4,205.0,209.25,190970
2026-03-12 11:44:00,11:44:00,208.6,209.6,205.45,206.45,78520
2026-03-12 11:45:00,11:45:00,206.1,207.85,202.0,202.8,163540
2026-03-12 11:46:00,11:46:00,202.5,208.7,202.0,205.9,143975
2026-03-12 11:47:00,11:47:00,206.35,208.8,203.45,204.05,88725
2026-03-12 11:48:00,11:48:00,204.2,211.0,204.05,210.75,156520
2026-03-12 11:49:00,11:49:00,211.1,216.7,210.75,214.8,225940
2026-03-12 11:50:00,11:50:00,213.65,215.0,209.9,212.0,139100
2026-03-12 11:51:00,11:51:00,212.0,212.3,204.7,209.75,126945
2026-03-12 11:52:00,11:52:00,210.15,210.45,206.5,209.5,84890
2026-03-12 11:53:00,11:53:00,209.5,211.15,204.0,205.1,98215
2026-03-12 11:54:00,11:54:00,203.3,205.1,201.05,203.8,130975
2026-03-12 11:55:00,11:55:00,204.4,206.65,202.75,204.2,128960
2026-03-12 11:56:00,11:56:00,224.5,224.5,213.4,214.8,161850
2026-03-12 11:57:00,11:57:00,214.85,216.95,213.15,214.2,127790
2026-03-12 11:58:00,11:58:00,215.8,218.5,214.2,214.7,79365
2026-03-12 11:59:00,11:59:00,214.35,214.95,210.75,212.85,88530
2026-03-12 12:00:00,12:00:00,212.0,214.8,210.45,212.75,79170
2026-03-12 12:01:00,12:01:00,212.3,213.9,208.3,212.55,112125
2026-03-12 12:02:00,12:02:00,211.9,213.7,209.3,209.3,67665
2026-03-12 12:03:00,12:03:00,209.35,211.25,207.75,209.75,48555
2026-03-12 12:04:00,12:04:00,209.0,211.75,207.0,210.25,52845
2026-03-12 12:05:00,12:05:00,210.05,214.5,207.05,213.25,86775
2026-03-12 12:06:00,12:06:00,213.0,215.4,210.65,213.0,91520
2026-03-12 12:07:00,12:07:00,194.85,198.05,191.95,198.05,146055
2026-03-12 12:08:00,12:08:00,198.3,199.3,196.25,198.05,147290
2026-03-12 12:09:00,12:09:00,216.6,218.25,211.75,214.75,58825
2026-03-12 12:10:00,12:10:00,196.8,199.5,195.05,195.5,106925
2026-03-12 12:11:00,12:11:00,194.85,202.2,194.85,201.7,161135
2026-03-12 12:12:00,12:12:00,220.4,221.0,214.6,214.6,69095
2026-03-12 12:13:00,12:13:00,212.55,214.6,207.9,208.7,117260
2026-03-12 12:14:00,12:14:00,208.65,208.7,201.5,204.35,181545
2026-03-12 12:15:00,12:15:00,204.45,208.6,204.35,205.45,59540
2026-03-12 12:16:00,12:16:00,187.2,196.0,184.9,195.05,226395
2026-03-12 12:17:00,12:17:00,214.05,214.7,209.0,209.0,59345
2026-03-12 12:18:00,12:18:00,208.15,209.3,205.8,209.25,44915
2026-03-12 12:19:00,12:19:00,192.1,196.0,190.9,194.7,138190
2026-03-12 12:20:00,12:20:00,212.2,213.3,208.2,209.3,39065
2026-03-12 12:21:00,12:21:00,208.0,209.45,202.8,203.6,77480
2026-03-12 12:22:00,12:22:00,204.1,204.1,195.4,199.15,204035
2026-03-12 12:23:00,12:23:00,199.85,204.35,198.3,203.15,79755
2026-03-12 12:24:00,12:24:00,203.35,205.55,197.2,197.45,60320
2026-03-12 12:25:00,12:25:00,197.55,200.25,197.25,199.95,55120
2026-03-12 12:26:00,12:26:00,199.0,199.95,193.1,195.2,112840
2026-03-12 12:27:00,12:27:00,194.95,199.15,194.65,196.3,45175
2026-03-12 12:28:00,12:28:00,196.8,203.7,196.3,202.5,74100
2026-03-12 12:29:00,12:29:00,202.7,204.65,199.4,200.1,53105
2026-03-12 12:30:00,12:30:00,201.6,202.75,198.3,200.1,42445
2026-03-12 12:31:00,12:31:00,200.2,202.3,198.45,199.45,29835
2026-03-12 12:32:00,12:32:00,199.55,206.05,199.45,206.05,58175
2026-03-12 12:33:00,12:33:00,187.45,193.9,185.4,193.6,283335
2026-03-12 12:34:00,12:34:00,193.4,194.4,190.2,194.0,253175
2026-03-12 12:35:00,12:35:00,211.65,214.3,207.85,207.95,84435
2026-03-12 12:36:00,12:36:00,189.05,200.6,189.05,199.55,296400
2026-03-12 12:37:00,12:37:00,198.7,199.55,193.45,193.9,231985
2026-03-12 12:38:00,12:38:00,194.55,199.95,193.0,199.55,158925
2026-03-12 12:39:00,12:39:00,199.45,203.3,197.3,198.15,272090
2026-03-12 12:40:00,12:40:00,198.1,202.5,198.1,199.0,147550
2026-03-12 12:41:00,12:41:00,199.45,201.0,195.6,195.6,186550
2026-03-12 12:42:00,12:42:00,195.85,199.0,195.15,199.0,119145
2026-03-12 12:43:00,12:43:00,198.05,199.0,193.55,197.0,102440
2026-03-12 12:44:00,12:44:00,197.65,200.55,195.65,195.75,99450
2026-03-12 12:45:00,12:45:00,196.1,197.9,194.25,197.45,80665
2026-03-12 12:46:00,12:46:00,196.9,197.45,189.15,190.7,211445
2026-03-12 12:47:00,12:47:00,208.5,211.15,206.0,206.7,59150
2026-03-12 12:48:00,12:48:00,187.6,191.4,186.0,191.1,117715
2026-03-12 12:49:00,12:49:00,191.0,193.55,189.4,191.4,131755
2026-03-12 12:50:00,12:50:00,210.0,212.5,206.05,206.85,49855
2026-03-12 12:51:00,12:51:00,188.3,192.55,187.4,190.25,101140
2026-03-12 12:52:00,12:52:00,190.45,196.25,189.6,195.5,130975
2026-03-12 12:53:00,12:53:00,196.0,199.0,192.15,192.15,202865
2026-03-12 12:54:00,12:54:00,192.45,197.75,192.15,195.0,138515
2026-03-12 12:55:00,12:55:00,195.0,199.05,194.0,196.8,128895
2026-03-12 12:56:00,12:56:00,196.35,196.8,192.2,192.2,115960
2026-03-12 12:57:00,12:57:00,192.35,194.1,187.0,190.55,191490
2026-03-12 12:58:00,12:58:00,189.25,190.45,185.55,186.5,141505
2026-03-12 12:59:00,12:59:00,186.5,191.65,186.5,190.45,134095
2026-03-12 13:00:00,13:00:00,190.3,194.65,189.2,194.15,118690
2026-03-12 13:01:00,13:01:00,194.55,200.15,192.45,200.15,156390
2026-03-12 13:02:00,13:02:00,201.55,202.0,194.45,196.1,262535
2026-03-12 13:03:00,13:03:00,196.2,197.6,194.15,194.15,128115
2026-03-12 13:04:00,13:04:00,194.75,195.3,192.2,194.75,98930
2026-03-12 13:05:00,13:05:00,177.45,192.7,177.05,192.65,163410
2026-03-12 13:06:00,13:06:00,195.5,198.3,192.65,197.9,226980
2026-03-12 13:07:00,13:07:00,195.0,197.9,187.8,189.1,101205
2026-03-12 13:08:00,13:08:00,207.3,209.45,203.7,205.1,228280
2026-03-12 13:09:00,13:09:00,204.85,206.5,200.15,203.25,245115
2026-03-12 13:10:00,13:10:00,202.45,205.5,198.15,198.15,242515
2026-03-12 13:11:00,13:11:00,197.5,199.7,194.0,194.85,218140
2026-03-12 13:12:00,13:12:00,195.25,196.05,191.1,193.2,214435
2026-03-12 13:13:00,13:13:00,193.9,195.5,187.2,187.95,209235
2026-03-12 13:14:00,13:14:00,188.1,188.5,183.7,186.95,244855
2026-03-12 13:15:00,13:15:00,188.45,190.65,186.95,188.4,167960
2026-03-12 13:16:00,13:16:00,188.3,190.95,186.75,187.85,120770
2026-03-12 13:17:00,13:17:00,187.45,188.75,185.4,187.55,99775
2026-03-12 13:18:00,13:18:00,186.65,191.85,186.65,191.75,119340
2026-03-12 13:19:00,13:19:00,191.4,193.0,188.5,190.75,137215
2026-03-12 13:20:00,13:20:00,190.4,191.85,188.6,190.9,99515
2026-03-12 13:21:00,13:21:00,191.7,193.55,190.9,191.95,100750
2026-03-12 13:22:00,13:22:00,190.95,191.95,181.9,183.0,243815
2026-03-12 13:23:00,13:23:00,201.7,202.4,195.45,197.0,179855
2026-03-12 13:24:00,13:24:00,195.9,197.0,190.95,193.85,160485
2026-03-12 13:25:00,13:25:00,193.5,195.5,188.85,188.85,125645
2026-03-12 13:26:00,13:26:00,188.8,192.65,188.65,191.1,101790
2026-03-12 13:27:00,13:27:00,190.6,193.85,187.3,187.3,89830
2026-03-12 13:28:00,13:28:00,187.3,189.2,184.5,186.95,127205
2026-03-12 13:29:00,13:29:00,186.15,191.45,183.2,184.95,77285
2026-03-12 13:30:00,13:30:00,203.3,204.5,198.65,199.8,435760
2026-03-12 13:31:00,13:31:00,201.1,201.75,197.45,201.0,333385
2026-03-12 13:32:00,13:32:00,200.7,203.3,199.35,199.85,352040
2026-03-12 13:33:00,13:33:00,199.7,201.35,189.1,189.1,469495
2026-03-12 13:34:00,13:34:00,188.85,192.25,185.9,189.35,578500
2026-03-12 13:35:00,13:35:00,190.0,192.8,184.65,185.0,350090
2026-03-12 13:36:00,13:36:00,185.8,189.3,184.8,185.05,248300
2026-03-12 13:37:00,13:37:00,186.0,189.5,185.0,187.2,301145
2026-03-12 13:38:00,13:38:00,187.4,187.4,183.15,184.5,243490
2026-03-12 13:39:00,13:39:00,185.15,186.5,182.7,184.6,211250
2026-03-12 13:40:00,13:40:00,182.6,184.6,180.5,180.95,252850
2026-03-12 13:41:00,13:41:00,181.0,185.05,177.5,185.05,515905
2026-03-12 13:42:00,13:42:00,184.55,192.55,184.55,189.15,437320
2026-03-12 13:43:00,13:43:00,189.05,194.6,187.25,191.65,301210
2026-03-12 13:44:00,13:44:00,190.75,194.1,190.0,192.05,234260
2026-03-12 13:45:00,13:45:00,191.65,197.05,189.7,189.7,311870
2026-03-12 13:46:00,13:46:00,190.25,193.15,187.55,192.75,174005
2026-03-12 13:47:00,13:47:00,192.55,196.0,190.1,190.9,212875
2026-03-12 13:48:00,13:48:00,190.8,193.0,188.65,193.0,132665
2026-03-12 13:49:00,13:49:00,194.0,197.1,193.0,195.05,187330
2026-03-12 13:50:00,13:50:00,194.55,198.2,191.4,198.15,186550
2026-03-12 13:51:00,13:51:00,179.8,185.0,178.9,179.95,144430
2026-03-12 13:52:00,13:52:00,179.8,183.4,179.4,179.9,62010
2026-03-12 13:53:00,13:53:00,180.05,186.25,179.9,184.6,97955
2026-03-12 13:54:00,13:54:00,183.9,184.95,180.3,184.3,58630
2026-03-12 13:55:00,13:55:00,183.4,189.45,183.4,189.45,90155
2026-03-12 13:56:00,13:56:00,188.5,189.85,185.7,187.2,99385
2026-03-12 13:57:00,13:57:00,187.55,192.6,185.9,190.05,103285
2026-03-12 13:58:00,13:58:00,191.35,194.0,188.45,193.5,123890
2026-03-12 13:59:00,13:59:00,194.1,198.5,192.1,196.1,187720
2026-03-12 14:00:00,14:00:00,196.3,199.55,188.25,188.55,173160
2026-03-12 14:01:00,14:01:00,188.4,191.85,187.05,190.8,61815
2026-03-12 14:02:00,14:02:00,189.75,193.8,188.05,189.8,49855
2026-03-12 14:03:00,14:03:00,187.85,192.2,187.85,192.2,43160
2026-03-12 14:04:00,14:04:00,193.1,193.75,188.25,188.25,63310
2026-03-12 14:05:00,14:05:00,188.2,190.0,181.55,184.6,137930
2026-03-12 14:06:00,14:06:00,184.75,188.4,184.3,186.45,42185
2026-03-12 14:07:00,14:07:00,185.65,196.15,185.45,195.15,95225
2026-03-12 14:08:00,14:08:00,195.25,197.55,193.25,197.2,102310
2026-03-12 14:09:00,14:09:00,179.0,185.7,178.0,184.45,318760
2026-03-12 14:10:00,14:10:00,184.65,188.8,183.05,188.1,306670
2026-03-12 14:11:00,14:11:00,187.85,192.9,186.85,190.6,349570
2026-03-12 14:12:00,14:12:00,190.4,194.5,188.7,189.15,267280
2026-03-12 14:13:00,14:13:00,188.6,189.45,180.0,182.0,346125
2026-03-12 14:14:00,14:14:00,200.35,200.4,187.4,189.0,173420
2026-03-12 14:15:00,14:15:00,190.0,197.2,184.1,186.5,159705
2026-03-12 14:16:00,14:16:00,185.5,188.0,181.5,187.85,103675
2026-03-12 14:17:00,14:17:00,189.0,195.45,187.85,190.25,96785
2026-03-12 14:18:00,14:18:00,193.0,194.35,187.35,188.25,67925
2026-03-12 14:19:00,14:19:00,187.7,188.25,183.6,185.6,69095
2026-03-12 14:20:00,14:20:00,184.85,187.5,181.9,186.2,71175
2026-03-12 14:21:00,14:21:00,186.1,188.3,184.45,185.3,32825
2026-03-12 14:22:00,14:22:00,185.35,186.7,182.2,185.2,56160
2026-03-12 14:23:00,14:23:00,185.05,185.2,181.7,183.7,62270
2026-03-12 14:24:00,14:24:00,184.0,194.1,183.7,192.2,95745
2026-03-12 14:25:00,14:25:00,191.95,193.0,188.6,192.05,71695
2026-03-12 14:26:00,14:26:00,191.5,193.3,186.5,186.85,72475
2026-03-12 14:27:00,14:27:00,186.5,193.0,185.9,193.0,42315
2026-03-12 14:28:00,14:28:00,174.6,180.0,174.15,178.0,209885
2026-03-12 14:29:00,14:29:00,177.65,185.45,177.65,183.6,239850
2026-03-12 14:30:00,14:30:00,201.95,202.9,195.35,195.95,129870
2026-03-12 14:31:00,14:31:00,177.8,182.4,175.75,181.2,188175
2026-03-12 14:32:00,14:32:00,182.9,187.15,181.2,184.4,185640
2026-03-12 14:33:00,14:33:00,203.0,203.1,192.5,196.75,120315
2026-03-12 14:34:00,14:34:00,195.5,197.45,193.15,194.55,44265
2026-03-12 14:35:00,14:35:00,194.05,197.65,193.1,195.6,38935
2026-03-12 14:36:00,14:36:00,195.7,198.1,192.75,197.45,58630
2026-03-12 14:37:00,14:37:00,198.05,203.7,197.45,200.25,102440
2026-03-12 14:38:00,14:38:00,201.25,201.3,194.25,194.9,57265
2026-03-12 14:39:00,14:39:00,176.6,184.05,176.3,182.65,115115
2026-03-12 14:40:00,14:40:00,183.0,194.75,182.65,191.65,482365
2026-03-12 14:41:00,14:41:00,193.0,193.4,189.3,191.95,254735
2026-03-12 14:42:00,14:42:00,193.1,198.0,190.9,197.7,383045
2026-03-12 14:43:00,14:43:00,198.2,202.8,193.95,201.75,489255
2026-03-12 14:44:00,14:44:00,181.85,193.15,181.85,190.0,206960
2026-03-12 14:45:00,14:45:00,210.8,215.85,202.25,206.2,721565
2026-03-12 14:46:00,14:46:00,187.15,194.5,184.2,193.1,139750
2026-03-12 14:47:00,14:47:00,193.5,196.85,191.55,196.65,133640
2026-03-12 14:48:00,14:48:00,195.95,196.65,188.15,189.15,110435
2026-03-12 14:49:00,14:49:00,188.9,190.7,186.0,188.25,103155
2026-03-12 14:50:00,14:50:00,187.6,205.55,187.0,205.3,234065
2026-03-12 14:51:00,14:51:00,191.0,192.6,185.0,191.45,756080
2026-03-12 14:52:00,14:52:00,191.8,196.65,188.2,190.1,579345
2026-03-12 14:53:00,14:53:00,207.7,209.65,199.9,203.5,221585
2026-03-12 14:54:00,14:54:00,203.55,204.95,199.55,203.75,130130
2026-03-12 14:55:00,14:55:00,204.6,210.4,203.55,205.1,142675
2026-03-12 14:56:00,14:56:00,202.5,205.1,198.3,200.75,99385
2026-03-12 14:57:00,14:57:00,200.55,204.0,199.9,203.25,62920
2026-03-12 14:58:00,14:58:00,203.15,204.45,201.35,203.3,59345
2026-03-12 14:59:00,14:59:00,202.95,204.2,199.3,202.8,73905
2026-03-12 15:00:00,15:00:00,182.65,192.85,182.65,189.0,397150
2026-03-12 15:01:00,15:01:00,189.25,196.45,189.0,194.4,370435
2026-03-12 15:02:00,15:02:00,195.45,195.45,185.65,189.0,299325
2026-03-12 15:03:00,15:03:00,207.35,209.6,205.7,205.7,78585
2026-03-12 15:04:00,15:04:00,203.7,206.7,196.3,197.35,199745
2026-03-12 15:05:00,15:05:00,197.65,199.0,192.35,195.6,117715
2026-03-12 15:06:00,15:06:00,195.5,202.5,194.0,201.9,96200
2026-03-12 15:07:00,15:07:00,202.15,202.15,198.0,201.7,80470
2026-03-12 15:08:00,15:08:00,202.05,202.05,197.8,197.8,48880
2026-03-12 15:09:00,15:09:00,197.3,199.0,189.8,191.35,107250
2026-03-12 15:10:00,15:10:00,210.6,212.75,206.1,208.65,460395
2026-03-12 15:11:00,15:11:00,189.8,198.55,189.6,198.55,97240
2026-03-12 15:12:00,15:12:00,198.2,204.0,196.6,202.75,176280
2026-03-12 15:13:00,15:13:00,202.7,203.1,199.6,201.4,106665
2026-03-12 15:14:00,15:14:00,201.0,202.35,196.25,201.0,129480
2026-03-12 15:15:00,15:15:00,200.9,205.25,200.9,204.65,168740
2026-03-12 15:16:00,15:16:00,204.95,208.3,202.05,207.4,104390
2026-03-12 15:17:00,15:17:00,207.4,208.8,200.0,200.05,116480
2026-03-12 15:18:00,15:18:00,200.0,202.5,199.1,200.7,72735
2026-03-12 15:19:00,15:19:00,200.65,200.8,194.55,195.1,92365
2026-03-12 15:20:00,15:20:00,194.95,201.0,194.95,200.15,132405
2026-03-12 15:21:00,15:21:00,200.05,200.65,196.3,199.3,83590
2026-03-12 15:22:00,15:22:00,199.1,199.45,196.5,198.85,67925
2026-03-12 15:23:00,15:23:00,199.35,200.2,197.4,199.25,45435
2026-03-12 15:24:00,15:24:00,199.3,200.8,198.95,200.3,70265
2026-03-12 15:25:00,15:25:00,200.6,204.0,200.3,202.7,114400
2026-03-12 15:26:00,15:26:00,202.35,202.7,198.9,199.15,78455
2026-03-12 15:27:00,15:27:00,198.9,200.75,197.55,199.8,63765
2026-03-12 15:28:00,15:28:00,199.35,202.0,199.2,201.4,107315
2026-03-12 15:29:00,15:29:00,201.95,202.0,200.0,201.5,134355
2026-03-13 09:15:00,09:15:00,225.65,289.45,225.65,259.9,3315455
2026-03-13 09:16:00,09:16:00,260.5,264.85,245.1,262.0,1935765
2026-03-13 09:17:00,09:17:00,261.45,262.45,253.9,254.75,1096225
2026-03-13 09:18:00,09:18:00,257.05,257.95,247.35,255.3,953420
2026-03-13 09:19:00,09:19:00,256.3,259.0,251.55,255.15,661570
2026-03-13 09:20:00,09:20:00,229.5,243.15,229.5,243.15,1498250
2026-03-13 09:21:00,09:21:00,265.3,269.5,252.65,253.8,975325
2026-03-13 09:22:00,09:22:00,253.85,261.0,251.6,260.45,670800
2026-03-13 09:23:00,09:23:00,260.25,267.85,259.4,262.7,830505
2026-03-13 09:24:00,09:24:00,261.2,267.15,257.05,258.0,578045
2026-03-13 09:25:00,09:25:00,258.45,264.6,258.0,259.45,663065
2026-03-13 09:26:00,09:26:00,256.9,259.45,251.55,252.0,701285
2026-03-13 09:27:00,09:27:00,250.0,252.0,237.8,237.8,1067170
2026-03-13 09:28:00,09:28:00,237.6,242.65,234.45,235.95,814450
2026-03-13 09:29:00,09:29:00,235.3,239.6,234.65,238.5,700765
2026-03-13 09:30:00,09:30:00,238.8,242.5,235.1,235.1,865800
2026-03-13 09:31:00,09:31:00,260.4,261.3,250.4,253.25,265395
2026-03-13 09:32:00,09:32:00,229.5,241.35,228.4,237.85,1461785
2026-03-13 09:33:00,09:33:00,236.6,243.45,232.05,242.1,1013480
2026-03-13 09:34:00,09:34:00,242.8,248.0,241.7,243.6,1312285
2026-03-13 09:35:00,09:35:00,243.6,247.65,242.6,247.65,736645
2026-03-13 09:36:00,09:36:00,247.35,251.45,245.85,249.15,1037270
2026-03-13 09:37:00,09:37:00,250.7,253.95,245.35,245.7,986050
2026-03-13 09:38:00,09:38:00,245.85,246.05,234.7,243.6,1157845
2026-03-13 09:39:00,09:39:00,243.5,249.1,241.75,245.55,649675
2026-03-13 09:40:00,09:40:00,244.95,249.7,243.0,245.9,473395
2026-03-13 09:41:00,09:41:00,246.15,250.75,245.9,248.05,475735
2026-03-13 09:42:00,09:42:00,247.75,250.9,247.0,250.8,349050
2026-03-13 09:43:00,09:43:00,250.9,254.95,250.6,252.3,690885
2026-03-13 09:44:00,09:44:00,252.7,258.9,252.3,258.4,756665
2026-03-13 09:45:00,09:45:00,233.8,240.0,232.8,239.05,1097330
2026-03-13 09:46:00,09:46:00,239.25,248.4,237.4,246.9,1391520
2026-03-13 09:47:00,09:47:00,247.35,256.85,246.45,256.85,1559090
2026-03-13 09:48:00,09:48:00,255.8,258.8,243.05,251.9,1219140
2026-03-13 09:49:00,09:49:00,251.7,254.0,246.35,253.0,513175
2026-03-13 09:50:00,09:50:00,253.8,258.0,252.45,254.85,688090
2026-03-13 09:51:00,09:51:00,254.8,263.25,251.4,261.05,928330
2026-03-13 09:52:00,09:52:00,236.8,249.45,236.8,242.6,2250885
2026-03-13 09:53:00,09:53:00,266.5,268.8,262.55,268.75,424125
2026-03-13 09:54:00,09:54:00,244.85,252.25,243.0,252.25,1245855
2026-03-13 09:55:00,09:55:00,252.9,254.25,248.4,251.45,1286220
2026-03-13 09:56:00,09:56:00,250.0,251.45,242.35,250.0,965835
2026-03-13 09:57:00,09:57:00,249.85,250.2,243.8,248.8,538785
2026-03-13 09:58:00,09:58:00,248.6,257.7,248.6,255.8,1366950
2026-03-13 09:59:00,09:59:00,257.55,258.1,251.75,256.35,872820
2026-03-13 10:00:00,10:00:00,254.95,264.2,254.0,263.45,1226615
2026-03-13 10:01:00,10:01:00,264.0,267.15,254.4,258.75,1139710
2026-03-13 10:02:00,10:02:00,257.85,258.75,243.0,243.0,1052805
2026-03-13 10:03:00,10:03:00,243.25,250.85,242.55,248.8,668135
2026-03-13 10:04:00,10:04:00,247.6,251.45,246.35,249.6,392535
2026-03-13 10:05:00,10:05:00,250.2,262.7,249.6,262.7,865605
2026-03-13 10:06:00,10:06:00,262.15,269.45,260.5,267.35,1201590
2026-03-13 10:07:00,10:07:00,266.25,267.35,258.0,259.9,729560
2026-03-13 10:08:00,10:08:00,260.05,264.0,259.55,259.55,316160
2026-03-13 10:09:00,10:09:00,258.75,265.3,258.0,264.85,375635
2026-03-13 10:10:00,10:10:00,264.5,266.35,259.0,259.0,396370
2026-03-13 10:11:00,10:11:00,258.2,266.75,256.15,265.75,502190
2026-03-13 10:12:00,10:12:00,241.95,251.7,241.0,249.1,1003730
2026-03-13 10:13:00,10:13:00,249.05,249.1,243.55,248.05,506740
2026-03-13 10:14:00,10:14:00,271.75,277.35,263.85,263.85,862225
2026-03-13 10:15:00,10:15:00,264.45,269.2,259.55,263.0,561730
2026-03-13 10:16:00,10:16:00,262.55,273.05,261.85,269.45,529880
2026-03-13 10:17:00,10:17:00,245.45,251.45,245.2,248.55,379665
2026-03-13 10:18:00,10:18:00,272.15,272.5,262.5,264.85,284505
2026-03-13 10:19:00,10:19:00,241.5,250.6,240.6,249.6,331695
2026-03-13 10:20:00,10:20:00,273.6,274.2,266.25,268.3,308685
2026-03-13 10:21:00,10:21:00,245.55,246.4,239.8,245.85,339885
2026-03-13 10:22:00,10:22:00,245.65,250.95,245.45,246.45,583505
2026-03-13 10:23:00,10:23:00,244.05,251.7,242.5,251.55,336635
2026-03-13 10:24:00,10:24:00,252.15,257.1,247.95,252.3,791570
2026-03-13 10:25:00,10:25:00,252.0,255.8,248.15,251.2,429195
2026-03-13 10:26:00,10:26:00,251.8,251.8,245.5,247.65,281125
2026-03-13 10:27:00,10:27:00,271.0,274.7,264.75,267.05,342030
2026-03-13 10:28:00,10:28:00,267.15,267.5,257.2,259.1,472160
2026-03-13 10:29:00,10:29:00,259.6,262.45,253.45,255.6,478595
2026-03-13 10:30:00,10:30:00,255.1,259.45,251.0,256.75,492765
2026-03-13 10:31:00,10:31:00,257.0,259.85,252.0,253.25,331435
2026-03-13 10:32:00,10:32:00,251.75,259.85,250.05,256.8,424840
2026-03-13 10:33:00,10:33:00,256.55,266.25,255.8,264.4,560560
2026-03-13 10:34:00,10:34:00,263.15,270.5,261.8,269.85,517855
2026-03-13 10:35:00,10:35:00,244.95,247.75,243.0,245.2,543270
2026-03-13 10:36:00,10:36:00,269.15,269.6,263.7,265.65,252915
2026-03-13 10:37:00,10:37:00,264.7,266.95,263.25,264.6,171210
2026-03-13 10:38:00,10:38:00,263.75,270.3,263.75,264.55,238875
2026-03-13 10:39:00,10:39:00,263.75,266.0,260.0,262.6,252200
2026-03-13 10:40:00,10:40:00,262.35,269.85,262.15,268.6,222820
2026-03-13 10:41:00,10:41:00,268.4,268.95,260.15,263.45,262405
2026-03-13 10:42:00,10:42:00,264.0,270.45,263.1,269.5,297570
2026-03-13 10:43:00,10:43:00,245.1,250.45,244.15,250.45,443820
2026-03-13 10:44:00,10:44:00,248.9,251.6,242.6,243.9,491075
2026-03-13 10:45:00,10:45:00,268.0,272.5,265.35,268.45,229320
2026-03-13 10:46:00,10:46:00,242.95,246.75,241.65,246.2,153075
2026-03-13 10:47:00,10:47:00,246.4,252.4,245.1,250.45,428480
2026-03-13 10:48:00,10:48:00,275.0,276.1,267.2,267.2,253305
2026-03-13 10:49:00,10:49:00,266.35,268.95,261.4,262.5,299000
2026-03-13 10:50:00,10:50:00,261.9,262.5,252.45,253.85,422500
2026-03-13 10:51:00,10:51:00,253.75,254.0,243.95,245.75,552760
2026-03-13 10:52:00,10:52:00,245.7,247.4,239.6,242.0,642655
2026-03-13 10:53:00,10:53:00,242.85,244.55,235.2,237.9,684645
2026-03-13 10:54:00,10:54:00,238.35,246.7,237.55,245.0,715390
2026-03-13 10:55:00,10:55:00,245.55,251.25,245.0,248.95,682240
2026-03-13 10:56:00,10:56:00,248.9,250.75,245.2,245.45,318240
2026-03-13 10:57:00,10:57:00,245.55,254.2,245.45,252.35,617435
2026-03-13 10:58:00,10:58:00,252.75,252.9,247.0,247.0,341770
2026-03-13 10:59:00,10:59:00,247.0,248.65,241.0,241.0,348790
2026-03-13 11:00:00,11:00:00,241.0,250.15,240.5,249.15,418405
2026-03-13 11:01:00,11:01:00,248.5,250.45,242.05,243.3,320060
2026-03-13 11:02:00,11:02:00,242.35,251.4,241.35,251.4,370240
2026-03-13 11:03:00,11:03:00,250.95,251.55,243.85,243.9,359450
2026-03-13 11:04:00,11:04:00,245.4,248.4,243.3,247.2,248690
2026-03-13 11:05:00,11:05:00,248.3,255.1,247.2,248.45,500825
2026-03-13 11:06:00,11:06:00,248.7,253.45,248.45,250.2,256295
2026-03-13 11:07:00,11:07:00,249.55,254.4,247.4,254.4,261560
2026-03-13 11:08:00,11:08:00,254.4,257.05,252.0,254.9,491075
2026-03-13 11:09:00,11:09:00,255.2,263.9,254.9,263.9,723385
2026-03-13 11:10:00,11:10:00,264.5,265.25,260.5,262.8,492375
2026-03-13 11:11:00,11:11:00,263.4,264.8,258.75,259.4,303095
2026-03-13 11:12:00,11:12:00,258.8,265.45,258.65,263.55,290095
2026-03-13 11:13:00,11:13:00,263.4,264.2,259.4,263.8,170690
2026-03-13 11:14:00,11:14:00,239.0,245.55,238.65,243.75,558610
2026-03-13 11:15:00,11:15:00,244.55,255.2,243.75,254.25,951990
2026-03-13 11:16:00,11:16:00,254.4,256.6,246.5,247.5,630760
2026-03-13 11:17:00,11:17:00,271.85,273.2,266.3,269.05,440960
2026-03-13 11:18:00,11:18:00,243.8,249.55,243.25,246.05,217945
2026-03-13 11:19:00,11:19:00,244.95,248.3,243.25,248.3,180700
2026-03-13 11:20:00,11:20:00,248.15,249.35,246.0,247.2,176930
2026-03-13 11:21:00,11:21:00,272.25,272.65,263.6,265.3,293345
2026-03-13 11:22:00,11:22:00,263.95,267.85,258.4,267.8,455715
2026-03-13 11:23:00,11:23:00,268.05,271.85,264.15,265.9,318760
2026-03-13 11:24:00,11:24:00,265.35,268.05,262.2,264.6,135265
2026-03-13 11:25:00,11:25:00,264.15,265.8,261.0,262.9,127335
2026-03-13 11:26:00,11:26:00,260.2,262.9,254.2,254.2,325455
2026-03-13 11:27:00,11:27:00,254.35,258.35,250.2,251.1,301470
2026-03-13 11:28:00,11:28:00,250.9,251.2,242.45,242.45,415415
2026-03-13 11:29:00,11:29:00,268.8,269.9,264.05,265.65,176930
2026-03-13 11:30:00,11:30:00,240.95,244.4,239.45,242.25,711035
2026-03-13 11:31:00,11:31:00,266.85,271.35,265.3,265.35,138385
2026-03-13 11:32:00,11:32:00,265.3,266.1,260.6,261.85,196040
2026-03-13 11:33:00,11:33:00,261.25,261.85,249.25,254.3,283985
2026-03-13 11:34:00,11:34:00,253.85,258.95,253.25,257.75,176150
2026-03-13 11:35:00,11:35:00,256.7,257.75,250.7,251.25,134225
2026-03-13 11:36:00,11:36:00,251.9,258.7,250.6,258.35,133575
2026-03-13 11:37:00,11:37:00,258.9,261.65,257.75,258.0,218660
2026-03-13 11:38:00,11:38:00,257.8,258.0,244.6,245.4,333190
2026-03-13 11:39:00,11:39:00,245.7,246.0,240.9,245.3,227890
2026-03-13 11:40:00,11:40:00,245.6,252.65,244.45,251.15,239395
2026-03-13 11:41:00,11:41:00,251.75,253.45,246.3,247.2,187070
2026-03-13 11:42:00,11:42:00,247.4,248.65,243.15,248.25,159250
2026-03-13 11:43:00,11:43:00,247.75,252.05,242.7,246.55,247260
2026-03-13 11:44:00,11:44:00,246.4,250.75,245.75,248.8,176605
2026-03-13 11:45:00,11:45:00,248.5,253.5,248.5,249.8,354900
2026-03-13 11:46:00,11:46:00,250.5,258.05,249.8,251.0,265915
2026-03-13 11:47:00,11:47:00,252.5,254.85,249.6,254.4,170625
2026-03-13 11:48:00,11:48:00,253.95,258.0,253.05,255.0,173940
2026-03-13 11:49:00,11:49:00,254.85,255.3,250.2,251.5,142415
2026-03-13 11:50:00,11:50:00,251.75,254.15,250.1,250.1,115375
2026-03-13 11:51:00,11:51:00,251.0,258.75,250.1,256.15,221390
2026-03-13 11:52:00,11:52:00,256.9,260.1,256.15,257.85,235040
2026-03-13 11:53:00,11:53:00,257.15,257.85,249.2,253.65,226655
2026-03-13 11:54:00,11:54:00,253.95,260.55,253.65,260.05,174655
2026-03-13 11:55:00,11:55:00,260.65,265.3,260.05,264.9,290160
2026-03-13 11:56:00,11:56:00,265.95,268.2,263.7,264.55,342940
2026-03-13 11:57:00,11:57:00,264.35,269.7,263.9,263.9,239980
2026-03-13 11:58:00,11:58:00,240.1,247.25,239.65,245.5,790855
2026-03-13 11:59:00,11:59:00,245.5,249.0,244.2,249.0,624585
2026-03-13 12:00:00,12:00:00,247.35,251.1,244.8,248.75,963885
2026-03-13 12:01:00,12:01:00,249.0,253.6,248.25,253.6,683670
2026-03-13 12:02:00,12:02:00,253.35,258.5,253.35,257.25,1057550
2026-03-13 12:03:00,12:03:00,257.35,258.65,251.4,253.6,608595
2026-03-13 12:04:00,12:04:00,253.25,255.6,253.2,254.45,254930
2026-03-13 12:05:00,12:05:00,254.75,257.0,253.6,254.6,357045
2026-03-13 12:06:00,12:06:00,254.05,256.0,252.0,253.15,264745
2026-03-13 12:07:00,12:07:00,252.6,254.15,249.2,252.15,374660
2026-03-13 12:08:00,12:08:00,251.35,264.65,251.35,263.1,838370
2026-03-13 12:09:00,12:09:00,262.55,265.55,257.9,258.0,665925
2026-03-13 12:10:00,12:10:00,257.35,264.55,257.35,262.75,335010
2026-03-13 12:11:00,12:11:00,239.15,244.55,238.45,240.45,624000
2026-03-13 12:12:00,12:12:00,265.0,265.85,258.3,259.25,358085
2026-03-13 12:13:00,12:13:00,259.15,262.85,255.5,262.55,331305
2026-03-13 12:14:00,12:14:00,262.2,263.0,254.7,259.1,242450
2026-03-13 12:15:00,12:15:00,258.7,264.15,258.2,264.0,231205
2026-03-13 12:16:00,12:16:00,264.25,265.0,262.0,263.9,241475
2026-03-13 12:17:00,12:17:00,264.05,265.75,258.5,259.95,275925
2026-03-13 12:18:00,12:18:00,258.9,264.5,257.5,261.9,234130
2026-03-13 12:19:00,12:19:00,237.7,248.2,237.05,248.15,423475
2026-03-13 12:20:00,12:20:00,248.0,254.95,248.0,251.45,977795
2026-03-13 12:21:00,12:21:00,252.75,253.25,245.5,251.85,483340
2026-03-13 12:22:00,12:22:00,252.05,269.0,251.5,269.0,1049425
2026-03-13 12:23:00,12:23:00,239.8,253.0,239.8,248.0,2724800
2026-03-13 12:24:00,12:24:00,248.9,253.45,241.15,253.45,2071485
2026-03-13 12:25:00,12:25:00,251.4,255.2,245.0,248.5,1817530
2026-03-13 12:26:00,12:26:00,272.6,274.6,266.2,269.1,243360
2026-03-13 12:27:00,12:27:00,269.25,275.4,267.9,274.2,229190
2026-03-13 12:28:00,12:28:00,272.75,275.2,263.95,265.8,273455
2026-03-13 12:29:00,12:29:00,265.7,273.4,263.85,272.0,195260
2026-03-13 12:30:00,12:30:00,248.55,255.0,245.85,255.0,877175
2026-03-13 12:31:00,12:31:00,254.6,277.9,254.55,277.5,2580435
2026-03-13 12:32:00,12:32:00,272.5,281.15,265.4,268.3,1951105
2026-03-13 12:33:00,12:33:00,267.5,271.95,263.55,270.5,732810
2026-03-13 12:34:00,12:34:00,271.6,276.15,270.5,273.1,708695
2026-03-13 12:35:00,12:35:00,274.4,279.5,271.85,279.5,535210
2026-03-13 12:36:00,12:36:00,277.45,279.5,274.2,276.15,558350
2026-03-13 12:37:00,12:37:00,276.1,284.0,275.5,281.4,957580
2026-03-13 12:38:00,12:38:00,255.4,274.7,254.0,274.5,1037985
2026-03-13 12:39:00,12:39:00,273.7,274.6,263.7,265.2,704275
2026-03-13 12:40:00,12:40:00,264.7,270.8,262.35,270.8,477295
2026-03-13 12:41:00,12:41:00,271.25,284.75,270.8,278.05,950040
2026-03-13 12:42:00,12:42:00,278.7,278.8,264.2,267.55,632255
2026-03-13 12:43:00,12:43:00,268.0,271.4,266.9,270.3,247585
2026-03-13 12:44:00,12:44:00,268.1,273.5,267.0,273.5,283075
2026-03-13 12:45:00,12:45:00,273.0,276.55,263.45,264.0,380965
2026-03-13 12:46:00,12:46:00,287.45,289.65,279.7,280.15,521105
2026-03-13 12:47:00,12:47:00,280.3,286.95,279.3,285.0,339950
2026-03-13 12:48:00,12:48:00,283.9,285.0,276.25,281.4,270855
2026-03-13 12:49:00,12:49:00,280.35,283.2,275.85,278.1,237835
2026-03-13 12:50:00,12:50:00,278.7,283.9,273.0,273.0,259870
2026-03-13 12:51:00,12:51:00,273.3,277.5,272.35,276.2,309790
2026-03-13 12:52:00,12:52:00,279.0,285.75,276.2,284.8,352690
2026-03-13 12:53:00,12:53:00,259.2,267.4,259.2,264.25,566410
2026-03-13 12:54:00,12:54:00,289.55,291.8,279.9,280.05,355745
2026-03-13 12:55:00,12:55:00,280.35,284.1,276.8,281.05,214175
2026-03-13 12:56:00,12:56:00,255.6,262.5,255.1,261.6,225095
2026-03-13 12:57:00,12:57:00,261.7,267.4,260.5,260.55,351715
2026-03-13 12:58:00,12:58:00,285.35,287.7,279.0,279.35,264225
2026-03-13 12:59:00,12:59:00,278.0,282.0,271.5,281.05,443755
2026-03-13 13:00:00,13:00:00,282.9,284.6,278.25,284.6,186160
2026-03-13 13:01:00,13:01:00,285.15,288.0,281.8,281.85,208325
2026-03-13 13:02:00,13:02:00,279.5,281.85,277.0,279.35,223470
2026-03-13 13:03:00,13:03:00,253.9,262.2,253.45,261.95,183885
2026-03-13 13:04:00,13:04:00,261.65,265.0,258.1,259.85,296725
2026-03-13 13:05:00,13:05:00,259.3,262.45,257.2,261.6,161785
2026-03-13 13:06:00,13:06:00,261.95,262.45,256.4,258.25,179530
2026-03-13 13:07:00,13:07:00,258.55,261.65,257.55,258.0,115635
2026-03-13 13:08:00,13:08:00,258.15,272.85,258.0,272.85,369915
2026-03-13 13:09:00,13:09:00,270.9,278.55,268.1,276.0,610220
2026-03-13 13:10:00,13:10:00,277.4,285.4,276.0,283.85,745355
2026-03-13 13:11:00,13:11:00,283.2,286.9,265.6,268.7,746395
2026-03-13 13:12:00,13:12:00,269.0,277.45,268.7,272.75,267995
2026-03-13 13:13:00,13:13:00,272.0,284.1,271.95,284.1,314990
2026-03-13 13:14:00,13:14:00,288.15,289.45,280.2,286.5,404300
2026-03-13 13:15:00,13:15:00,260.55,265.8,255.95,263.9,1196000
2026-03-13 13:16:00,13:16:00,288.65,290.8,284.0,284.6,308555
2026-03-13 13:17:00,13:17:00,283.65,284.6,275.05,280.7,313560
2026-03-13 13:18:00,13:18:00,280.6,287.75,278.95,285.85,212355
2026-03-13 13:19:00,13:19:00,260.3,264.2,259.0,262.65,633880
2026-03-13 13:20:00,13:20:00,286.1,286.7,275.05,281.85,231855
2026-03-13 13:21:00,13:21:00,280.95,286.7,277.35,286.65,145730
2026-03-13 13:22:00,13:22:00,284.8,286.65,282.3,283.9,94835
2026-03-13 13:23:00,13:23:00,259.25,263.65,259.25,261.75,467805
2026-03-13 13:24:00,13:24:00,261.0,288.7,259.9,284.85,2159625
2026-03-13 13:25:00,13:25:00,283.8,287.65,277.35,277.35,1393210
2026-03-13 13:26:00,13:26:00,277.0,277.55,267.2,269.3,1012440
2026-03-13 13:27:00,13:27:00,269.45,273.6,264.1,264.5,697580
2026-03-13 13:28:00,13:28:00,289.45,290.8,280.6,283.55,219635
2026-03-13 13:29:00,13:29:00,283.3,285.2,278.9,279.6,186030
2026-03-13 13:30:00,13:30:00,278.55,284.8,277.0,277.2,177905
2026-03-13 13:31:00,13:31:00,278.9,280.25,272.55,279.4,194155
2026-03-13 13:32:00,13:32:00,280.05,286.6,279.4,286.3,258895
2026-03-13 13:33:00,13:33:00,261.2,268.0,260.25,266.55,994240
2026-03-13 13:34:00,13:34:00,266.2,268.0,261.4,265.05,559845
2026-03-13 13:35:00,13:35:00,265.05,274.45,263.8,273.55,1027195
2026-03-13 13:36:00,13:36:00,272.05,273.55,266.0,269.0,594100
2026-03-13 13:37:00,13:37:00,269.8,275.65,268.85,271.9,711035
2026-03-13 13:38:00,13:38:00,271.85,279.5,270.25,279.0,879125
2026-03-13 13:39:00,13:39:00,277.95,279.4,272.35,276.25,570050
2026-03-13 13:40:00,13:40:00,276.65,278.4,274.15,278.4,311415
2026-03-13 13:41:00,13:41:00,277.3,285.6,272.6,276.4,1051570
2026-03-13 13:42:00,13:42:00,275.45,276.4,265.0,268.85,750035
2026-03-13 13:43:00,13:43:00,269.85,273.9,268.85,272.05,397930
2026-03-13 13:44:00,13:44:00,271.55,276.05,269.2,273.65,319345
2026-03-13 13:45:00,13:45:00,273.45,278.45,270.85,275.0,445705
2026-03-13 13:46:00,13:46:00,275.25,275.25,271.5,274.45,213005
2026-03-13 13:47:00,13:47:00,273.95,275.0,267.75,271.75,389935
2026-03-13 13:48:00,13:48:00,270.9,276.15,269.0,274.7,612430
2026-03-13 13:49:00,13:49:00,274.1,276.35,271.5,275.3,313105
2026-03-13 13:50:00,13:50:00,275.3,282.5,272.4,282.5,543985
2026-03-13 13:51:00,13:51:00,283.4,289.8,282.5,287.5,950040
2026-03-13 13:52:00,13:52:00,287.15,295.6,273.95,278.25,1363115
2026-03-13 13:53:00,13:53:00,277.45,282.6,275.15,277.65,433875
2026-03-13 13:54:00,13:54:00,277.45,287.65,276.5,287.65,472940
2026-03-13 13:55:00,13:55:00,287.5,287.85,281.1,285.85,416780
2026-03-13 13:56:00,13:56:00,285.9,286.7,281.35,283.55,210145
2026-03-13 13:57:00,13:57:00,282.6,289.4,281.8,289.4,378170
2026-03-13 13:58:00,13:58:00,289.35,298.65,289.35,297.55,973245
2026-03-13 13:59:00,13:59:00,272.85,280.65,270.75,275.75,1148745
2026-03-13 14:00:00,14:00:00,300.7,301.5,291.15,294.9,558610
2026-03-13 14:01:00,14:01:00,295.35,296.55,289.05,291.7,323050
2026-03-13 14:02:00,14:02:00,291.25,292.2,279.0,281.0,672945
2026-03-13 14:03:00,14:03:00,281.2,285.75,277.0,283.65,526110
2026-03-13 14:04:00,14:04:00,282.5,288.15,282.2,284.35,323310
2026-03-13 14:05:00,14:05:00,284.25,286.8,273.55,274.95,728260
2026-03-13 14:06:00,14:06:00,275.55,275.55,265.15,267.75,932425
2026-03-13 14:07:00,14:07:00,267.0,267.8,260.75,261.25,631150
2026-03-13 14:08:00,14:08:00,261.0,265.75,259.4,262.15,460135
2026-03-13 14:09:00,14:09:00,260.85,264.75,258.1,261.7,491985
2026-03-13 14:10:00,14:10:00,286.7,290.9,281.1,284.15,156975
2026-03-13 14:11:00,14:11:00,260.9,268.05,259.25,262.5,594230
2026-03-13 14:12:00,14:12:00,262.05,263.95,258.85,263.95,324675
2026-03-13 14:13:00,14:13:00,289.1,290.8,280.0,280.95,140595
2026-03-13 14:14:00,14:14:00,281.5,281.5,267.7,270.7,261300
2026-03-13 14:15:00,14:15:00,270.75,280.9,268.0,279.9,253175
2026-03-13 14:16:00,14:16:00,279.05,282.65,275.95,279.6,195390
2026-03-13 14:17:00,14:17:00,280.7,281.1,273.15,273.75,121680
2026-03-13 14:18:00,14:18:00,273.85,279.0,272.0,275.6,100100
2026-03-13 14:19:00,14:19:00,275.65,275.75,255.3,255.3,258050
2026-03-13 14:20:00,14:20:00,256.85,260.8,251.2,253.95,416000
2026-03-13 14:21:00,14:21:00,253.75,263.55,250.55,262.45,352495
2026-03-13 14:22:00,14:22:00,263.5,269.2,260.95,263.55,408720
2026-03-13 14:23:00,14:23:00,262.0,267.4,260.4,262.1,223470
2026-03-13 14:24:00,14:24:00,262.4,266.0,261.35,265.65,124540
2026-03-13 14:25:00,14:25:00,262.65,265.65,262.5,264.6,147485
2026-03-13 14:26:00,14:26:00,266.5,270.7,263.45,266.65,376285
2026-03-13 14:27:00,14:27:00,265.95,267.15,259.3,264.7,234910
2026-03-13 14:28:00,14:28:00,263.8,264.7,256.5,260.9,242385
2026-03-13 14:29:00,14:29:00,261.4,269.5,260.4,269.5,227305
2026-03-13 14:30:00,14:30:00,269.7,269.7,255.5,260.15,430950
2026-03-13 14:31:00,14:31:00,284.25,289.1,279.1,279.1,205270
2026-03-13 14:32:00,14:32:00,277.3,279.1,262.8,263.7,573300
2026-03-13 14:33:00,14:33:00,262.25,266.4,258.3,263.5,497380
2026-03-13 14:34:00,14:34:00,264.35,273.75,260.5,273.6,462345
2026-03-13 14:35:00,14:35:00,272.7,287.0,272.7,279.15,654095
2026-03-13 14:36:00,14:36:00,279.1,280.45,274.4,278.35,274495
2026-03-13 14:37:00,14:37:00,278.25,285.4,274.7,276.15,286195
2026-03-13 14:38:00,14:38:00,275.25,280.2,267.0,278.3,330395
2026-03-13 14:39:00,14:39:00,255.85,266.0,254.2,265.5,562575
2026-03-13 14:40:00,14:40:00,265.1,265.8,258.8,262.7,440115
2026-03-13 14:41:00,14:41:00,261.75,263.9,258.35,261.05,220090
2026-03-13 14:42:00,14:42:00,260.9,265.7,258.2,262.25,293605
2026-03-13 14:43:00,14:43:00,261.9,264.8,259.55,260.25,171080
2026-03-13 14:44:00,14:44:00,260.4,261.55,252.25,255.9,482625
2026-03-13 14:45:00,14:45:00,256.25,266.85,255.15,266.55,286520
2026-03-13 14:46:00,14:46:00,266.4,278.35,262.65,277.1,699075
2026-03-13 14:47:00,14:47:00,277.0,283.7,272.95,275.65,741130
2026-03-13 14:48:00,14:48:00,275.1,278.0,272.9,274.75,224380
2026-03-13 14:49:00,14:49:00,274.55,280.25,268.95,279.55,270660
2026-03-13 14:50:00,14:50:00,279.1,280.3,263.85,267.95,381225
2026-03-13 14:51:00,14:51:00,268.85,271.65,264.95,270.9,240110
2026-03-13 14:52:00,14:52:00,270.25,279.1,267.75,279.1,247000
2026-03-13 14:53:00,14:53:00,255.7,265.1,254.55,264.75,1488500
2026-03-13 14:54:00,14:54:00,265.75,270.15,261.0,267.95,1423370
2026-03-13 14:55:00,14:55:00,267.2,275.4,264.85,274.8,1404325
2026-03-13 14:56:00,14:56:00,272.95,279.5,272.95,277.5,1259830
2026-03-13 14:57:00,14:57:00,277.1,281.1,269.65,269.95,947700
2026-03-13 14:58:00,14:58:00,270.75,271.85,264.4,266.7,872105
2026-03-13 14:59:00,14:59:00,291.85,293.6,280.4,284.25,282165
2026-03-13 15:00:00,15:00:00,281.4,288.55,272.6,274.55,386295
2026-03-13 15:01:00,15:01:00,253.1,261.3,251.95,258.8,785005
2026-03-13 15:02:00,15:02:00,258.0,261.35,256.2,259.8,585975
2026-03-13 15:03:00,15:03:00,259.95,267.9,259.8,262.45,1051765
2026-03-13 15:04:00,15:04:00,262.8,280.0,262.35,277.55,1082445
2026-03-13 15:05:00,15:05:00,277.15,278.65,270.45,272.75,912080
2026-03-13 15:06:00,15:06:00,273.2,278.0,271.35,274.2,516425
2026-03-13 15:07:00,15:07:00,273.6,275.75,265.1,265.4,738075
2026-03-13 15:08:00,15:08:00,265.65,278.0,265.4,278.0,918840
2026-03-13 15:09:00,15:09:00,278.55,282.0,276.05,276.05,851045
2026-03-13 15:10:00,15:10:00,274.75,280.05,273.9,277.0,489840
2026-03-13 15:11:00,15:11:00,276.85,277.0,263.65,263.65,658775
2026-03-13 15:12:00,15:12:00,264.8,265.45,257.1,262.5,695955
2026-03-13 15:13:00,15:13:00,261.9,265.65,259.65,262.8,584610
2026-03-13 15:14:00,15:14:00,263.7,266.4,262.35,264.3,368550
2026-03-13 15:15:00,15:15:00,264.2,273.9,263.2,273.0,793715
2026-03-13 15:16:00,15:16:00,272.65,276.8,269.9,273.5,684125
2026-03-13 15:17:00,15:17:00,273.5,275.35,268.15,270.25,262795
2026-03-13 15:18:00,15:18:00,270.9,273.5,270.0,271.8,287625
2026-03-13 15:19:00,15:19:00,272.05,272.05,266.25,270.2,332540
2026-03-13 15:20:00,15:20:00,271.05,273.0,268.7,269.5,343135
2026-03-13 15:21:00,15:21:00,269.85,270.3,256.5,256.5,617110
2026-03-13 15:22:00,15:22:00,256.4,266.4,253.75,265.75,656175
2026-03-13 15:23:00,15:23:00,265.7,269.95,265.7,267.55,277225
2026-03-13 15:24:00,15:24:00,267.35,269.35,266.2,266.8,258505
2026-03-13 15:25:00,15:25:00,267.1,268.3,262.05,264.55,544115
2026-03-13 15:26:00,15:26:00,264.05,265.0,259.6,260.0,270855
2026-03-13 15:27:00,15:27:00,260.0,261.0,256.0,260.35,359645
2026-03-13 15:28:00,15:28:00,260.55,262.0,257.8,260.7,350545
2026-03-13 15:29:00,15:29:00,260.5,261.3,255.0,255.0,608855
2026-03-16 09:15:00,09:15:00,398.05,422.35,268.55,337.85,174720
2026-03-16 09:16:00,09:16:00,333.25,352.75,319.45,352.75,86710
2026-03-16 09:17:00,09:17:00,348.8,359.95,335.0,347.25,52000
2026-03-16 09:18:00,09:18:00,347.7,358.25,327.6,327.6,21060
2026-03-16 09:19:00,09:19:00,328.0,328.0,310.05,319.2,26845
2026-03-16 09:20:00,09:20:00,317.5,325.9,305.65,320.7,23920
2026-03-16 09:21:00,09:21:00,323.0,338.95,320.7,332.7,23270
2026-03-16 09:22:00,09:22:00,330.75,338.3,320.85,322.9,16705
2026-03-16 09:23:00,09:23:00,325.9,330.5,314.75,329.9,16445
2026-03-16 09:24:00,09:24:00,331.1,351.75,326.5,347.0,16250
2026-03-16 09:25:00,09:25:00,306.05,336.7,304.0,324.05,151190
2026-03-16 09:26:00,09:26:00,324.55,334.15,320.0,328.65,100555
2026-03-16 09:27:00,09:27:00,364.8,369.1,342.7,350.65,28275
2026-03-16 09:28:00,09:28:00,346.2,350.65,331.3,340.35,33410
2026-03-16 09:29:00,09:29:00,342.25,347.0,338.95,339.95,21710
2026-03-16 09:30:00,09:30:00,375.0,379.3,353.8,356.25,101205
2026-03-16 09:31:00,09:31:00,359.05,364.15,343.0,345.75,94250
2026-03-16 09:32:00,09:32:00,347.1,355.95,345.05,352.15,65520
2026-03-16 09:33:00,09:33:00,349.15,352.15,334.6,343.0,106860
2026-03-16 09:34:00,09:34:00,342.95,343.0,328.8,330.7,86905
2026-03-16 09:35:00,09:35:00,368.35,372.0,357.3,359.2,18460
2026-03-16 09:36:00,09:36:00,359.25,361.25,344.55,346.3,12220
2026-03-16 09:37:00,09:37:00,348.2,354.1,331.95,334.9,23920
2026-03-16 09:38:00,09:38:00,335.15,342.95,333.5,338.25,15470
2026-03-16 09:39:00,09:39:00,338.4,356.65,337.85,354.7,12610
2026-03-16 09:40:00,09:40:00,353.1,354.7,329.0,331.15,8905
2026-03-16 09:41:00,09:41:00,367.8,369.1,357.6,365.6,48620
2026-03-16 09:42:00,09:42:00,327.5,338.9,327.5,338.65,12545
2026-03-16 09:43:00,09:43:00,339.6,351.5,338.65,351.15,8190
2026-03-16 09:44:00,09:44:00,350.3,358.15,347.85,358.1,6825
2026-03-16 09:45:00,09:45:00,355.8,360.0,333.45,337.2,9035
2026-03-16 09:46:00,09:46:00,339.4,340.45,330.3,339.45,11180
2026-03-16 09:47:00,09:47:00,344.25,364.75,339.45,364.75,15665
2026-03-16 09:48:00,09:48:00,362.35,364.75,351.4,358.05,5655
2026-03-16 09:49:00,09:49:00,357.3,359.45,349.2,358.2,3250
2026-03-16 09:50:00,09:50:00,357.75,364.2,354.8,364.0,17680
2026-03-16 09:51:00,09:51:00,365.6,367.2,352.2,353.1,11310
2026-03-16 09:52:00,09:52:00,350.0,360.7,343.65,353.35,6695
2026-03-16 09:53:00,09:53:00,352.95,366.65,348.7,366.55,4875
2026-03-16 09:54:00,09:54:00,367.8,377.6,365.85,367.1,26650
2026-03-16 09:55:00,09:55:00,369.75,371.4,360.45,362.25,11895
2026-03-16 09:56:00,09:56:00,332.4,341.95,328.65,338.3,93210
2026-03-16 09:57:00,09:57:00,337.35,339.9,327.0,339.0,63115
2026-03-16 09:58:00,09:58:00,338.95,351.55,336.7,350.6,110240
2026-03-16 09:59:00,09:59:00,319.0,344.6,314.65,339.4,95810
2026-03-16 10:00:00,10:00:00,378.0,378.0,358.7,364.15,139555
2026-03-16 10:01:00,10:01:00,326.5,340.4,318.0,339.85,26715
2026-03-16 10:02:00,10:02:00,339.5,341.55,330.45,338.55,32500
2026-03-16 10:03:00,10:03:00,338.95,343.15,333.55,339.7,32890
2026-03-16 10:04:00,10:04:00,376.7,377.8,353.0,354.85,59410
2026-03-16 10:05:00,10:05:00,350.35,360.85,345.0,348.0,84045
2026-03-16 10:06:00,10:06:00,348.95,360.05,346.4,351.85,52130
2026-03-16 10:07:00,10:07:00,350.0,360.95,349.95,357.0,48100
2026-03-16 10:08:00,10:08:00,356.6,363.7,350.25,354.2,37635
2026-03-16 10:09:00,10:09:00,359.0,369.95,354.2,365.4,56355
2026-03-16 10:10:00,10:10:00,365.7,373.75,360.05,368.65,71630
2026-03-16 10:11:00,10:11:00,329.55,344.05,328.0,344.05,20345
2026-03-16 10:12:00,10:12:00,345.55,352.05,343.7,352.0,38610
2026-03-16 10:13:00,10:13:00,354.35,361.2,347.7,357.9,31070
2026-03-16 10:14:00,10:14:00,360.0,361.9,348.75,350.5,25610
2026-03-16 10:15:00,10:15:00,352.8,366.55,350.5,362.55,30550
2026-03-16 10:16:00,10:16:00,359.3,380.6,359.3,366.35,44655
2026-03-16 10:17:00,10:17:00,327.35,346.85,326.25,344.65,79820
2026-03-16 10:18:00,10:18:00,345.6,350.8,336.45,340.25,181090
2026-03-16 10:19:00,10:19:00,341.1,356.8,340.25,355.0,170560
2026-03-16 10:20:00,10:20:00,318.4,356.4,318.4,356.4,167310
2026-03-16 10:21:00,10:21:00,394.6,394.6,374.0,375.9,145795
2026-03-16 10:22:00,10:22:00,340.7,349.25,337.25,339.35,40300
2026-03-16 10:23:00,10:23:00,338.7,348.5,336.9,346.35,40040
2026-03-16 10:24:00,10:24:00,345.1,358.55,345.1,356.25,47840
2026-03-16 10:25:00,10:25:00,357.5,366.0,347.5,355.05,121680
2026-03-16 10:26:00,10:26:00,355.35,360.3,346.3,359.75,36725
2026-03-16 10:27:00,10:27:00,360.35,370.0,358.05,362.25,41015
2026-03-16 10:28:00,10:28:00,362.5,374.3,361.05,372.65,36725
2026-03-16 10:29:00,10:29:00,335.75,341.85,332.85,340.8,168870
2026-03-16 10:30:00,10:30:00,375.45,378.2,348.85,353.75,58305
2026-03-16 10:31:00,10:31:00,353.85,353.85,342.55,344.5,36335
2026-03-16 10:32:00,10:32:00,347.2,349.9,341.4,346.1,27430
2026-03-16 10:33:00,10:33:00,345.85,359.05,345.4,358.15,25350
2026-03-16 10:34:00,10:34:00,358.45,362.95,351.5,352.9,21385
2026-03-16 10:35:00,10:35:00,355.9,360.95,342.1,342.1,23270
2026-03-16 10:36:00,10:36:00,344.5,347.95,340.65,343.45,17875
2026-03-16 10:37:00,10:37:00,344.25,352.25,337.3,344.4,20410
2026-03-16 10:38:00,10:38:00,340.75,344.4,332.0,338.25,19825
2026-03-16 10:39:00,10:39:00,337.5,350.2,335.65,348.1,16315
2026-03-16 10:40:00,10:40:00,348.3,353.85,344.0,348.05,16185
2026-03-16 10:41:00,10:41:00,347.15,355.0,337.0,340.8,15730
2026-03-16 10:42:00,10:42:00,342.25,350.5,340.8,347.5,10465
2026-03-16 10:43:00,10:43:00,347.45,351.3,341.1,344.0,19760
2026-03-16 10:44:00,10:44:00,345.9,351.05,343.35,348.5,5135
2026-03-16 10:45:00,10:45:00,349.85,357.1,347.0,355.5,24245
2026-03-16 10:46:00,10:46:00,355.5,360.0,344.1,348.85,23790
2026-03-16 10:47:00,10:47:00,349.25,352.15,338.05,349.8,23985
2026-03-16 10:48:00,10:48:00,350.1,364.3,349.8,362.5,35100
2026-03-16 10:49:00,10:49:00,363.8,369.55,360.0,360.45,27690
2026-03-16 10:50:00,10:50:00,324.6,337.75,321.8,335.45,148915
2026-03-16 10:51:00,10:51:00,334.8,344.55,326.3,344.55,197340
2026-03-16 10:52:00,10:52:00,345.15,352.0,338.2,352.0,244075
2026-03-16 10:53:00,10:53:00,348.0,368.75,346.9,364.35,257140
2026-03-16 10:54:00,10:54:00,363.75,371.0,360.05,366.4,159120
2026-03-16 10:55:00,10:55:00,331.3,351.0,326.4,346.45,197860
2026-03-16 10:56:00,10:56:00,346.65,353.45,341.75,350.3,130000
2026-03-16 10:57:00,10:57:00,386.05,387.0,361.4,362.55,159965
2026-03-16 10:58:00,10:58:00,363.0,363.0,347.45,351.95,152555
2026-03-16 10:59:00,10:59:00,388.0,390.35,367.25,368.65,40365
2026-03-16 11:00:00,11:00:00,333.1,344.7,330.7,344.15,126100
2026-03-16 11:01:00,11:01:00,384.95,385.65,359.7,364.15,24570
2026-03-16 11:02:00,11:02:00,363.4,369.5,361.05,366.15,27950
2026-03-16 11:03:00,11:03:00,363.75,367.9,353.75,353.75,15340
2026-03-16 11:04:00,11:04:00,353.05,361.0,352.2,361.0,16445
2026-03-16 11:05:00,11:05:00,362.4,370.2,353.9,354.95,21190
2026-03-16 11:06:00,11:06:00,353.45,359.8,343.2,343.2,16510
2026-03-16 11:07:00,11:07:00,339.15,343.2,334.35,336.2,35425
2026-03-16 11:08:00,11:08:00,335.8,339.2,330.0,332.4,33280
2026-03-16 11:09:00,11:09:00,370.85,375.65,361.8,362.55,48750
2026-03-16 11:10:00,11:10:00,363.4,365.9,348.0,362.35,78130
2026-03-16 11:11:00,11:11:00,328.65,341.8,326.4,339.25,23335
2026-03-16 11:12:00,11:12:00,376.25,376.25,358.4,358.4,44850
2026-03-16 11:13:00,11:13:00,359.0,368.5,354.75,357.05,36205
2026-03-16 11:14:00,11:14:00,357.2,359.0,350.35,353.9,67600
2026-03-16 11:15:00,11:15:00,354.6,360.0,337.0,338.9,73775
2026-03-16 11:16:00,11:16:00,337.2,340.85,329.15,329.15,87555
2026-03-16 11:17:00,11:17:00,367.0,368.7,345.2,353.9,25350
2026-03-16 11:18:00,11:18:00,354.2,365.6,345.5,345.5,12935
2026-03-16 11:19:00,11:19:00,377.1,382.45,352.75,357.8,129870
2026-03-16 11:20:00,11:20:00,357.75,376.0,357.75,360.95,85800
2026-03-16 11:21:00,11:21:00,360.8,363.35,351.05,351.75,81380
2026-03-16 11:22:00,11:22:00,354.65,366.25,351.45,363.15,47580
2026-03-16 11:23:00,11:23:00,363.4,370.65,357.65,367.05,52065
2026-03-16 11:24:00,11:24:00,368.2,372.0,353.75,365.8,55120
2026-03-16 11:25:00,11:25:00,332.3,342.4,329.7,338.35,23075
2026-03-16 11:26:00,11:26:00,333.6,338.35,328.1,334.45,14950
2026-03-16 11:27:00,11:27:00,370.85,375.45,362.05,362.05,47580
2026-03-16 11:28:00,11:28:00,328.5,337.0,327.95,334.65,15470
2026-03-16 11:29:00,11:29:00,335.4,345.0,334.65,335.0,26975
2026-03-16 11:30:00,11:30:00,334.7,342.8,334.7,336.15,14495
2026-03-16 11:31:00,11:31:00,368.6,371.0,352.2,361.9,152165
2026-03-16 11:32:00,11:32:00,361.35,361.95,334.4,346.15,160160
2026-03-16 11:33:00,11:33:00,345.9,355.0,342.6,351.45,76765
2026-03-16 11:34:00,11:34:00,351.05,359.1,351.0,355.1,64025
2026-03-16 11:35:00,11:35:00,353.8,357.55,342.0,351.2,69810
2026-03-16 11:36:00,11:36:00,350.7,362.0,350.0,360.0,77415
2026-03-16 11:37:00,11:37:00,359.6,369.4,358.95,362.1,77025
2026-03-16 11:38:00,11:38:00,363.35,367.3,358.0,362.35,37960
2026-03-16 11:39:00,11:39:00,325.75,340.0,325.75,334.65,16770
2026-03-16 11:40:00,11:40:00,337.3,339.7,331.95,333.7,8840
2026-03-16 11:41:00,11:41:00,328.6,337.4,326.85,329.0,7995
2026-03-16 11:42:00,11:42:00,366.25,372.3,357.9,359.55,57265
2026-03-16 11:43:00,11:43:00,322.75,343.65,322.35,341.25,11700
2026-03-16 11:44:00,11:44:00,341.25,353.7,339.0,350.8,20020
2026-03-16 11:45:00,11:45:00,351.0,351.0,335.95,342.2,20150
2026-03-16 11:46:00,11:46:00,340.65,352.8,340.4,348.45,14560
2026-03-16 11:47:00,11:47:00,350.0,352.7,343.25,349.4,8515
2026-03-16 11:48:00,11:48:00,350.05,358.7,343.9,344.95,10270
2026-03-16 11:49:00,11:49:00,345.05,347.55,336.3,343.9,7150
2026-03-16 11:50:00,11:50:00,342.45,344.7,337.25,340.2,2340
2026-03-16 11:51:00,11:51:00,334.55,351.2,334.55,348.95,11765
2026-03-16 11:52:00,11:52:00,347.6,357.0,341.9,342.0,11050
2026-03-16 11:53:00,11:53:00,339.75,347.5,339.75,347.5,5330
2026-03-16 11:54:00,11:54:00,348.0,350.7,343.65,350.7,5460
2026-03-16 11:55:00,11:55:00,352.4,360.8,349.25,359.85,8190
2026-03-16 11:56:00,11:56:00,361.95,361.95,343.15,343.15,19110
2026-03-16 11:57:00,11:57:00,344.4,348.45,331.45,336.25,18135
2026-03-16 11:58:00,11:58:00,337.15,355.0,336.25,354.75,14235
2026-03-16 11:59:00,11:59:00,353.2,361.45,349.15,357.0,13195
2026-03-16 12:00:00,12:00:00,357.8,357.8,336.1,340.7,22165
2026-03-16 12:01:00,12:01:00,377.95,378.95,365.05,368.5,50830
2026-03-16 12:02:00,12:02:00,370.35,370.35,364.5,366.45,32240
2026-03-16 12:03:00,12:03:00,366.0,366.95,358.0,359.65,47710
2026-03-16 12:04:00,12:04:00,323.05,351.0,321.0,348.9,14430
2026-03-16 12:05:00,12:05:00,346.05,348.9,339.7,343.45,9425
2026-03-16 12:06:00,12:06:00,345.35,349.75,338.3,338.7,8190
2026-03-16 12:07:00,12:07:00,340.8,347.2,334.0,334.65,8970
2026-03-16 12:08:00,12:08:00,337.05,340.05,332.45,338.7,10855
2026-03-16 12:09:00,12:09:00,340.0,341.6,338.7,339.4,5590
2026-03-16 12:10:00,12:10:00,342.45,351.0,339.4,351.0,11700
2026-03-16 12:11:00,12:11:00,350.35,352.3,334.05,337.9,9815
2026-03-16 12:12:00,12:12:00,374.0,376.15,367.0,367.0,36335
2026-03-16 12:13:00,12:13:00,366.0,371.8,358.25,371.05,48555
2026-03-16 12:14:00,12:14:00,335.0,343.45,333.8,341.25,9620
2026-03-16 12:15:00,12:15:00,341.4,342.65,335.0,341.8,12285
2026-03-16 12:16:00,12:16:00,340.0,346.0,338.05,344.2,3705
2026-03-16 12:17:00,12:17:00,342.8,344.95,334.55,340.0,7800
2026-03-16 12:18:00,12:18:00,343.95,345.4,339.6,343.15,3900
2026-03-16 12:19:00,12:19:00,341.0,343.15,333.0,333.45,6825
2026-03-16 12:20:00,12:20:00,333.1,339.25,333.0,335.5,4615
2026-03-16 12:21:00,12:21:00,330.6,335.5,330.0,333.55,7605
2026-03-16 12:22:00,12:22:00,331.15,335.25,329.6,331.4,6695
2026-03-16 12:23:00,12:23:00,326.95,332.35,326.95,331.25,5850
2026-03-16 12:24:00,12:24:00,370.0,371.0,350.0,353.0,75855
2026-03-16 12:25:00,12:25:00,354.35,363.0,352.0,352.8,44265
2026-03-16 12:26:00,12:26:00,355.15,358.95,347.1,355.3,63505
2026-03-16 12:27:00,12:27:00,355.25,363.65,355.25,358.6,53625
2026-03-16 12:28:00,12:28:00,358.5,371.7,358.5,366.0,52910
2026-03-16 12:29:00,12:29:00,365.2,366.0,354.4,362.8,49855
2026-03-16 12:30:00,12:30:00,325.25,334.85,324.8,328.35,10335
2026-03-16 12:31:00,12:31:00,366.25,370.0,360.0,366.8,33475
2026-03-16 12:32:00,12:32:00,366.55,368.5,358.0,368.0,28405
2026-03-16 12:33:00,12:33:00,329.55,341.5,328.3,341.5,9360
2026-03-16 12:34:00,12:34:00,342.3,358.0,341.35,351.35,18460
2026-03-16 12:35:00,12:35:00,315.75,340.2,315.05,335.95,201760
2026-03-16 12:36:00,12:36:00,375.35,377.5,350.0,351.3,20345
2026-03-16 12:37:00,12:37:00,351.3,359.45,340.75,343.9,28925
2026-03-16 12:38:00,12:38:00,345.3,354.7,342.0,348.25,9880
2026-03-16 12:39:00,12:39:00,345.6,349.5,340.9,346.55,3575
2026-03-16 12:40:00,12:40:00,348.1,351.45,346.35,348.95,5980
2026-03-16 12:41:00,12:41:00,349.25,349.25,339.0,345.6,23595
2026-03-16 12:42:00,12:42:00,342.95,346.85,340.0,346.45,8255
2026-03-16 12:43:00,12:43:00,346.45,346.8,337.9,340.85,27105
2026-03-16 12:44:00,12:44:00,345.1,354.4,340.85,353.65,17160
2026-03-16 12:45:00,12:45:00,352.75,364.9,351.1,364.9,13000
2026-03-16 12:46:00,12:46:00,326.2,339.1,324.1,334.75,97890
2026-03-16 12:47:00,12:47:00,332.7,339.55,329.9,332.25,57590
2026-03-16 12:48:00,12:48:00,334.0,349.4,332.0,346.1,79365
2026-03-16 12:49:00,12:49:00,346.2,356.85,346.1,352.85,108355
2026-03-16 12:50:00,12:50:00,353.05,358.55,347.75,354.95,72605
2026-03-16 12:51:00,12:51:00,355.1,357.45,349.65,354.55,62205
2026-03-16 12:52:00,12:52:00,353.35,354.55,340.15,340.85,59280
2026-03-16 12:53:00,12:53:00,379.6,381.8,364.2,371.1,10595
2026-03-16 12:54:00,12:54:00,334.05,336.35,329.75,335.0,75335
2026-03-16 12:55:00,12:55:00,334.85,341.55,333.3,337.35,41665
2026-03-16 12:56:00,12:56:00,338.6,338.95,329.0,333.9,25025
2026-03-16 12:57:00,12:57:00,335.6,342.5,333.9,336.0,28340
2026-03-16 12:58:00,12:58:00,337.0,341.05,336.0,340.15,17615
2026-03-16 12:59:00,12:59:00,377.6,377.6,363.5,366.0,6435
2026-03-16 13:00:00,13:00:00,365.1,368.0,359.0,364.75,14625
2026-03-16 13:01:00,13:01:00,365.0,365.0,349.0,354.5,9100
2026-03-16 13:02:00,13:02:00,351.65,354.5,335.85,338.75,10595
2026-03-16 13:03:00,13:03:00,337.85,341.9,335.0,340.3,6435
2026-03-16 13:04:00,13:04:00,301.6,337.75,300.0,337.75,182130
2026-03-16 13:05:00,13:05:00,338.05,366.65,337.75,348.1,442975
2026-03-16 13:06:00,13:06:00,348.3,350.2,333.1,336.15,74620
2026-03-16 13:07:00,13:07:00,335.55,346.2,335.55,337.1,50570
2026-03-16 13:08:00,13:08:00,338.8,343.55,327.05,329.1,81965
2026-03-16 13:09:00,13:09:00,330.5,337.1,319.5,333.15,48555
2026-03-16 13:10:00,13:10:00,334.0,339.75,332.2,333.1,24700
2026-03-16 13:11:00,13:11:00,373.45,374.2,357.05,359.85,7475
2026-03-16 13:12:00,13:12:00,353.05,364.55,349.0,364.25,8385
2026-03-16 13:13:00,13:13:00,327.55,332.7,326.15,329.6,28340
2026-03-16 13:14:00,13:14:00,334.3,336.1,324.5,332.25,31395
2026-03-16 13:15:00,13:15:00,371.5,371.85,356.4,361.7,8385
2026-03-16 13:16:00,13:16:00,359.65,361.8,352.0,352.2,8970
2026-03-16 13:17:00,13:17:00,352.45,354.5,345.35,349.05,8320
2026-03-16 13:18:00,13:18:00,350.6,357.5,348.35,352.95,14040
2026-03-16 13:19:00,13:19:00,355.85,356.15,350.0,350.35,2860
2026-03-16 13:20:00,13:20:00,348.15,353.6,346.65,348.6,10725
2026-03-16 13:21:00,13:21:00,349.0,351.35,346.45,346.45,7345
2026-03-16 13:22:00,13:22:00,347.7,348.25,339.4,345.0,7605
2026-03-16 13:23:00,13:23:00,344.55,354.95,342.0,354.0,16510
2026-03-16 13:24:00,13:24:00,358.0,360.95,352.6,357.1,11440
2026-03-16 13:25:00,13:25:00,353.35,357.1,350.25,354.15,4485
2026-03-16 13:26:00,13:26:00,354.15,360.0,348.0,360.0,2535
2026-03-16 13:27:00,13:27:00,359.5,367.85,359.3,366.65,7800
2026-03-16 13:28:00,13:28:00,367.3,376.6,366.65,369.55,13585
2026-03-16 13:29:00,13:29:00,332.75,333.8,325.1,332.05,35945
2026-03-16 13:30:00,13:30:00,370.05,372.3,355.0,355.0,13780
2026-03-16 13:31:00,13:31:00,320.15,334.0,313.75,334.0,44395
2026-03-16 13:32:00,13:32:00,333.35,336.45,327.0,332.4,50375
2026-03-16 13:33:00,13:33:00,332.1,343.7,331.0,332.15,60710
2026-03-16 13:34:00,13:34:00,333.0,340.9,332.15,335.3,28990
2026-03-16 13:35:00,13:35:00,334.95,336.8,329.4,330.25,33280
2026-03-16 13:36:00,13:36:00,329.75,330.25,322.75,322.95,27820
2026-03-16 13:37:00,13:37:00,320.0,323.95,315.35,322.1,26130
2026-03-16 13:38:00,13:38:00,359.4,368.3,356.8,357.9,4810
2026-03-16 13:39:00,13:39:00,359.25,363.0,352.0,353.9,5720
2026-03-16 13:40:00,13:40:00,353.45,356.85,348.6,349.6,5070
2026-03-16 13:41:00,13:41:00,349.05,350.85,334.0,342.4,11115
2026-03-16 13:42:00,13:42:00,309.0,319.5,305.45,316.3,52520
2026-03-16 13:43:00,13:43:00,353.1,360.25,350.55,357.9,10790
2026-03-16 13:44:00,13:44:00,322.5,339.55,321.25,338.45,59865
2026-03-16 13:45:00,13:45:00,338.85,349.65,335.7,348.0,94510
2026-03-16 13:46:00,13:46:00,350.7,352.95,331.1,334.1,74035
2026-03-16 13:47:00,13:47:00,331.85,335.9,326.0,330.7,43615
2026-03-16 13:48:00,13:48:00,332.75,345.0,330.7,344.8,41405
2026-03-16 13:49:00,13:49:00,344.8,347.15,331.05,339.9,42770
2026-03-16 13:50:00,13:50:00,339.9,348.45,334.75,344.95,39520
2026-03-16 13:51:00,13:51:00,345.1,345.1,331.75,336.2,28665
2026-03-16 13:52:00,13:52:00,370.05,375.8,358.0,359.3,10985
2026-03-16 13:53:00,13:53:00,357.8,361.0,350.35,350.35,15665
2026-03-16 13:54:00,13:54:00,349.15,356.85,349.15,356.85,7410
2026-03-16 13:55:00,13:55:00,322.0,328.25,320.25,324.3,60905
2026-03-16 13:56:00,13:56:00,363.0,371.65,358.4,359.15,5330
2026-03-16 13:57:00,13:57:00,358.3,364.6,354.1,357.2,3705
2026-03-16 13:58:00,13:58:00,364.3,364.3,357.0,360.55,3835
2026-03-16 13:59:00,13:59:00,354.0,361.7,353.9,356.3,2665
2026-03-16 14:00:00,14:00:00,358.7,360.0,353.1,355.15,6305
2026-03-16 14:01:00,14:01:00,356.85,364.6,355.15,361.1,8840
2026-03-16 14:02:00,14:02:00,361.1,367.3,359.1,365.4,4225
2026-03-16 14:03:00,14:03:00,368.0,368.0,360.0,365.55,10140
2026-03-16 14:04:00,14:04:00,324.3,329.35,320.2,327.75,27755
2026-03-16 14:05:00,14:05:00,367.3,367.8,355.35,356.15,20345
2026-03-16 14:06:00,14:06:00,318.0,332.0,316.45,328.5,45695
2026-03-16 14:07:00,14:07:00,368.75,370.0,354.2,356.3,19110
2026-03-16 14:08:00,14:08:00,353.3,363.75,353.3,358.8,17160
2026-03-16 14:09:00,14:09:00,363.15,363.2,349.7,356.95,16055
2026-03-16 14:10:00,14:10:00,357.75,357.75,351.75,353.95,14625
2026-03-16 14:11:00,14:11:00,397.95,398.55,362.55,364.35,101400
2026-03-16 14:12:00,14:12:00,359.15,370.4,359.15,369.3,86190
2026-03-16 14:13:00,14:13:00,332.0,342.25,325.75,339.95,33345
2026-03-16 14:14:00,14:14:00,338.7,348.25,338.65,344.75,18590
2026-03-16 14:15:00,14:15:00,340.0,351.25,337.75,350.5,8970
2026-03-16 14:16:00,14:16:00,348.3,358.7,348.3,357.6,8970
2026-03-16 14:17:00,14:17:00,356.85,359.3,343.45,343.5,12285
2026-03-16 14:18:00,14:18:00,383.0,385.1,336.95,336.95,131690
2026-03-16 14:19:00,14:19:00,374.15,381.55,365.8,368.0,10595
2026-03-16 14:20:00,14:20:00,368.65,368.65,350.95,354.85,8320
2026-03-16 14:21:00,14:21:00,350.0,354.85,326.25,341.15,16510
2026-03-16 14:22:00,14:22:00,375.9,377.3,353.4,357.65,35880
2026-03-16 14:23:00,14:23:00,355.0,357.65,341.8,346.1,49725
2026-03-16 14:24:00,14:24:00,384.75,388.7,367.75,367.75,14625
2026-03-16 14:25:00,14:25:00,327.6,348.1,317.3,345.25,101920
2026-03-16 14:26:00,14:26:00,385.3,393.15,360.05,362.2,6110
2026-03-16 14:27:00,14:27:00,359.4,369.0,352.0,353.3,11895
2026-03-16 14:28:00,14:28:00,357.0,365.4,347.65,354.9,11050
2026-03-16 14:29:00,14:29:00,356.95,368.65,351.6,360.85,7735
2026-03-16 14:30:00,14:30:00,359.7,369.9,347.4,368.2,11180
2026-03-16 14:31:00,14:31:00,366.15,370.85,352.3,354.65,13910
2026-03-16 14:32:00,14:32:00,356.7,358.05,348.8,351.0,7735
2026-03-16 14:33:00,14:33:00,351.85,354.1,335.85,343.0,21450
2026-03-16 14:34:00,14:34:00,344.8,349.55,336.9,349.55,14950
2026-03-16 14:35:00,14:35:00,349.05,356.4,345.85,349.45,9230
2026-03-16 14:36:00,14:36:00,388.65,394.2,375.75,384.05,27300
2026-03-16 14:37:00,14:37:00,381.9,384.05,370.85,381.9,101140
2026-03-16 14:38:00,14:38:00,341.3,346.4,334.85,340.35,4485
2026-03-16 14:39:00,14:39:00,377.75,380.4,345.6,346.85,40820
2026-03-16 14:40:00,14:40:00,347.45,360.05,332.65,342.7,50700
2026-03-16 14:41:00,14:41:00,342.0,364.8,342.0,364.35,46605
2026-03-16 14:42:00,14:42:00,363.3,366.15,350.0,350.0,35750
2026-03-16 14:43:00,14:43:00,392.0,392.0,367.2,375.8,5200
2026-03-16 14:44:00,14:44:00,375.2,384.25,362.0,379.5,7085
2026-03-16 14:45:00,14:45:00,338.3,346.5,335.6,342.7,59345
2026-03-16 14:46:00,14:46:00,344.75,351.85,342.7,347.75,57200
2026-03-16 14:47:00,14:47:00,382.6,384.55,367.55,375.3,8060
2026-03-16 14:48:00,14:48:00,373.7,375.3,361.05,366.95,9360
2026-03-16 14:49:00,14:49:00,366.35,373.9,356.55,361.4,10335
2026-03-16 14:50:00,14:50:00,360.0,372.0,353.9,367.0,5525
2026-03-16 14:51:00,14:51:00,363.9,369.35,360.6,369.1,4225
2026-03-16 14:52:00,14:52:00,367.3,375.0,359.45,360.0,13065
2026-03-16 14:53:00,14:53:00,395.0,400.4,362.55,376.2,69420
2026-03-16 14:54:00,14:54:00,343.35,362.4,337.2,361.8,32435
2026-03-16 14:55:00,14:55:00,360.5,379.4,357.55,373.3,11895
2026-03-16 14:56:00,14:56:00,370.0,376.0,361.0,372.7,7865
2026-03-16 14:57:00,14:57:00,373.4,373.4,348.7,365.85,9685
2026-03-16 14:58:00,14:58:00,363.75,372.1,361.75,361.75,4615
2026-03-16 14:59:00,14:59:00,360.9,367.8,354.6,366.75,5915
2026-03-16 15:00:00,15:00:00,324.3,354.0,323.85,350.0,88075
2026-03-16 15:01:00,15:01:00,351.65,360.75,344.3,359.85,59475
2026-03-16 15:02:00,15:02:00,360.25,373.6,356.6,371.45,72475
2026-03-16 15:03:00,15:03:00,362.45,371.45,347.2,353.2,33280
2026-03-16 15:04:00,15:04:00,348.0,359.0,347.0,359.0,14885
2026-03-16 15:05:00,15:05:00,360.25,360.25,344.95,350.85,29445
2026-03-16 15:06:00,15:06:00,386.15,393.65,349.4,355.15,5915
2026-03-16 15:07:00,15:07:00,357.35,366.85,353.0,366.85,18720
2026-03-16 15:08:00,15:08:00,366.55,376.0,362.0,376.0,16380
2026-03-16 15:09:00,15:09:00,377.45,380.0,369.45,373.0,2405
2026-03-16 15:10:00,15:10:00,370.9,374.4,369.2,371.5,2145
2026-03-16 15:11:00,15:11:00,369.0,373.0,361.65,362.75,5655
2026-03-16 15:12:00,15:12:00,362.8,384.1,359.0,378.0,5525
2026-03-16 15:13:00,15:13:00,335.55,349.95,335.55,345.15,33735
2026-03-16 15:14:00,15:14:00,383.15,385.0,377.15,382.25,2860
2026-03-16 15:15:00,15:15:00,342.1,348.65,340.05,345.3,16055
2026-03-16 15:16:00,15:16:00,345.15,361.8,343.7,356.55,41210
2026-03-16 15:17:00,15:17:00,353.9,359.0,349.3,355.95,16315
2026-03-16 15:18:00,15:18:00,356.35,360.0,348.45,351.0,20670
2026-03-16 15:19:00,15:19:00,350.05,376.0,345.8,370.05,49075
2026-03-16 15:20:00,15:20:00,367.7,376.7,363.7,374.15,24635
2026-03-16 15:21:00,15:21:00,367.8,374.15,353.5,365.75,33605
2026-03-16 15:22:00,15:22:00,365.9,370.8,360.75,366.8,17810
2026-03-16 15:23:00,15:23:00,325.15,335.95,319.55,335.8,11830
2026-03-16 15:24:00,15:24:00,337.2,343.5,333.2,343.5,15340
2026-03-16 15:25:00,15:25:00,341.2,345.4,336.75,340.0,16575
2026-03-16 15:26:00,15:26:00,338.75,341.2,331.65,339.55,7995
2026-03-16 15:27:00,15:27:00,339.6,339.6,334.3,337.25,11700
2026-03-16 15:28:00,15:28:00,335.85,337.55,330.5,336.7,24245
2026-03-16 15:29:00,15:29:00,336.65,336.7,327.2,334.5,12220
2026-03-17 09:15:00,09:15:00,170.0,170.0,112.35,147.25,4124055
2026-03-17 09:16:00,09:16:00,153.65,163.6,145.95,146.75,2852525
2026-03-17 09:17:00,09:17:00,147.55,177.95,146.75,160.8,2404415
2026-03-17 09:18:00,09:18:00,157.45,165.0,151.75,155.05,1223430
2026-03-17 09:19:00,09:19:00,152.55,155.05,133.8,152.4,1880255
2026-03-17 09:20:00,09:20:00,153.9,166.15,152.4,162.2,1749735
2026-03-17 09:21:00,09:21:00,162.15,164.4,151.4,157.55,1322165
2026-03-17 09:22:00,09:22:00,158.8,158.8,132.25,143.85,2169050
2026-03-17 09:23:00,09:23:00,144.35,166.6,141.9,157.45,2291510
2026-03-17 09:24:00,09:24:00,124.6,140.3,118.6,137.4,1650545
2026-03-17 09:25:00,09:25:00,143.3,146.5,129.9,140.15,2082730
2026-03-17 09:26:00,09:26:00,139.05,145.15,128.55,135.65,1144065
2026-03-17 09:27:00,09:27:00,136.15,152.3,135.0,143.4,1813825
2026-03-17 09:28:00,09:28:00,176.25,178.75,164.3,165.9,916955
2026-03-17 09:29:00,09:29:00,131.35,137.8,121.3,135.85,1149720
2026-03-17 09:30:00,09:30:00,132.15,141.5,122.85,138.55,1131975
2026-03-17 09:31:00,09:31:00,137.65,145.7,132.8,135.8,976755
2026-03-17 09:32:00,09:32:00,170.9,178.75,163.85,165.0,643305
2026-03-17 09:33:00,09:33:00,165.15,166.45,148.05,154.1,1275885
2026-03-17 09:34:00,09:34:00,153.0,155.65,144.7,154.2,1176435
2026-03-17 09:35:00,09:35:00,153.75,159.95,133.65,138.85,1634750
2026-03-17 09:36:00,09:36:00,170.6,171.5,155.35,157.3,294060
2026-03-17 09:37:00,09:37:00,156.4,162.2,152.8,155.8,241540
2026-03-17 09:38:00,09:38:00,122.75,137.7,121.65,135.45,1219920
2026-03-17 09:39:00,09:39:00,171.5,171.5,148.4,152.5,273585
2026-03-17 09:40:00,09:40:00,151.4,152.5,135.35,140.45,429325
2026-03-17 09:41:00,09:41:00,137.5,148.6,135.85,144.9,343070
2026-03-17 09:42:00,09:42:00,112.8,128.55,110.0,127.8,2068365
2026-03-17 09:43:00,09:43:00,163.25,166.8,153.35,155.0,369525
2026-03-17 09:44:00,09:44:00,150.95,155.0,138.7,138.7,269815
2026-03-17 09:45:00,09:45:00,138.85,151.7,136.65,151.7,274755
2026-03-17 09:46:00,09:46:00,152.25,155.95,132.75,136.6,374855
2026-03-17 09:47:00,09:47:00,169.0,171.0,153.65,157.4,485355
2026-03-17 09:48:00,09:48:00,158.45,164.5,154.0,158.25,337935
2026-03-17 09:49:00,09:49:00,158.15,162.55,152.2,155.25,328120
2026-03-17 09:50:00,09:50:00,154.95,161.75,154.95,159.8,284245
2026-03-17 09:51:00,09:51:00,158.75,163.9,156.6,162.5,231660
2026-03-17 09:52:00,09:52:00,136.4,140.75,125.9,126.5,641550
2026-03-17 09:53:00,09:53:00,158.55,161.7,149.05,158.6,452595
2026-03-17 09:54:00,09:54:00,160.0,164.75,151.35,155.3,369655
2026-03-17 09:55:00,09:55:00,120.4,128.6,119.85,125.45,346190
2026-03-17 09:56:00,09:56:00,127.7,131.15,124.35,126.55,420745
2026-03-17 09:57:00,09:57:00,126.35,129.15,122.35,124.65,261040
2026-03-17 09:58:00,09:58:00,158.35,159.65,135.9,145.4,964535
2026-03-17 09:59:00,09:59:00,145.0,158.7,141.15,143.25,468845
2026-03-17 10:00:00,10:00:00,140.6,145.7,133.0,141.2,617110
2026-03-17 10:01:00,10:01:00,140.15,142.05,128.25,128.4,1019135
2026-03-17 10:02:00,10:02:00,130.3,133.7,123.55,125.9,810550
2026-03-17 10:03:00,10:03:00,125.85,133.85,124.4,129.25,654420
2026-03-17 10:04:00,10:04:00,129.0,139.25,127.0,129.25,578370
2026-03-17 10:05:00,10:05:00,166.15,166.9,157.2,157.65,143000
2026-03-17 10:06:00,10:06:00,124.8,129.95,123.6,128.3,434980
2026-03-17 10:07:00,10:07:00,164.0,167.5,156.95,158.85,91585
2026-03-17 10:08:00,10:08:00,125.2,133.7,123.0,128.45,573885
2026-03-17 10:09:00,10:09:00,128.65,130.4,125.25,130.4,323895
2026-03-17 10:10:00,10:10:00,130.85,133.5,127.05,129.3,436280
2026-03-17 10:11:00,10:11:00,129.7,133.15,124.6,126.5,519870
2026-03-17 10:12:00,10:12:00,127.15,129.45,115.25,126.25,1222325
2026-03-17 10:13:00,10:13:00,126.45,135.85,126.15,135.75,1078675
2026-03-17 10:14:00,10:14:00,175.0,177.4,155.0,156.05,234390
2026-03-17 10:15:00,10:15:00,151.7,156.05,141.9,145.25,301535
2026-03-17 10:16:00,10:16:00,145.65,146.65,140.65,141.5,163605
2026-03-17 10:17:00,10:17:00,142.0,144.45,136.75,143.2,225290
2026-03-17 10:18:00,10:18:00,142.95,143.9,135.5,143.8,163540
2026-03-17 10:19:00,10:19:00,141.8,143.8,129.5,131.65,271700
2026-03-17 10:20:00,10:20:00,131.75,144.9,128.7,128.7,402805
2026-03-17 10:21:00,10:21:00,130.65,135.0,127.8,128.4,239850
2026-03-17 10:22:00,10:22:00,129.0,130.65,120.4,121.6,441350
2026-03-17 10:23:00,10:23:00,119.75,125.85,118.85,118.85,298675
2026-03-17 10:24:00,10:24:00,117.35,131.55,116.95,127.3,409890
2026-03-17 10:25:00,10:25:00,127.0,138.2,126.15,137.35,411840
2026-03-17 10:26:00,10:26:00,136.7,143.9,135.9,143.9,332670
2026-03-17 10:27:00,10:27:00,142.55,150.6,138.9,147.85,358410
2026-03-17 10:28:00,10:28:00,143.55,156.6,140.75,156.25,396630
2026-03-17 10:29:00,10:29:00,119.55,137.35,114.25,136.75,2564250
2026-03-17 10:30:00,10:30:00,136.8,150.7,136.7,148.65,3320980
2026-03-17 10:31:00,10:31:00,147.0,148.65,126.3,134.1,1736800
2026-03-17 10:32:00,10:32:00,133.3,145.95,129.65,143.75,1180985
2026-03-17 10:33:00,10:33:00,143.7,163.3,143.7,156.95,2097095
2026-03-17 10:34:00,10:34:00,120.55,127.25,113.3,127.05,1722695
2026-03-17 10:35:00,10:35:00,129.75,133.25,118.35,129.5,2258945
2026-03-17 10:36:00,10:36:00,130.4,141.0,129.5,137.85,2177760
2026-03-17 10:37:00,10:37:00,140.95,146.7,126.75,128.55,1794520
2026-03-17 10:38:00,10:38:00,162.75,166.1,150.45,153.6,885495
2026-03-17 10:39:00,10:39:00,153.75,162.2,144.65,147.45,545935
2026-03-17 10:40:00,10:40:00,147.95,160.0,141.5,158.1,870285
2026-03-17 10:41:00,10:41:00,122.6,132.85,121.05,125.4,1258660
2026-03-17 10:42:00,10:42:00,161.35,165.9,153.35,155.0,512395
2026-03-17 10:43:00,10:43:00,154.4,155.0,145.0,152.15,528710
2026-03-17 10:44:00,10:44:00,153.35,156.9,147.8,149.0,282815
2026-03-17 10:45:00,10:45:00,148.05,152.7,146.45,150.3,274300
2026-03-17 10:46:00,10:46:00,150.1,152.1,133.7,136.45,875095
2026-03-17 10:47:00,10:47:00,135.9,156.95,135.05,148.1,897910
2026-03-17 10:48:00,10:48:00,147.5,148.75,136.5,136.5,485940
2026-03-17 10:49:00,10:49:00,136.35,136.5,112.6,114.45,1116505
2026-03-17 10:50:00,10:50:00,111.15,119.05,106.4,117.7,1171690
2026-03-17 10:51:00,10:51:00,157.1,163.35,143.1,144.45,339755
2026-03-17 10:52:00,10:52:00,144.05,153.9,143.8,147.05,199485
2026-03-17 10:53:00,10:53:00,109.85,113.0,105.7,113.0,563355
2026-03-17 10:54:00,10:54:00,114.2,117.15,109.7,115.3,478595
2026-03-17 10:55:00,10:55:00,152.9,153.5,142.3,142.4,118625
2026-03-17 10:56:00,10:56:00,141.65,150.95,139.5,147.0,187135
2026-03-17 10:57:00,10:57:00,110.05,124.1,108.4,121.05,993980
2026-03-17 10:58:00,10:58:00,120.05,121.05,109.35,112.55,764660
2026-03-17 10:59:00,10:59:00,112.1,115.1,109.9,113.95,349050
2026-03-17 11:00:00,11:00:00,113.85,121.4,107.95,115.55,955890
2026-03-17 11:01:00,11:01:00,114.9,117.45,110.0,111.05,454415
2026-03-17 11:02:00,11:02:00,111.7,115.0,108.25,112.8,469690
2026-03-17 11:03:00,11:03:00,112.8,125.1,112.8,118.45,936585
2026-03-17 11:04:00,11:04:00,118.25,122.75,116.05,120.6,520975
2026-03-17 11:05:00,11:05:00,119.75,120.6,112.25,112.85,510380
2026-03-17 11:06:00,11:06:00,112.95,120.6,108.8,119.65,828555
2026-03-17 11:07:00,11:07:00,119.9,126.25,117.5,122.25,790075
2026-03-17 11:08:00,11:08:00,121.2,151.3,121.2,147.75,1793025
2026-03-17 11:09:00,11:09:00,148.25,148.25,137.0,141.0,917540
2026-03-17 11:10:00,11:10:00,139.4,142.7,134.05,135.2,625105
2026-03-17 11:11:00,11:11:00,134.5,138.4,129.95,132.9,536185
2026-03-17 11:12:00,11:12:00,132.2,142.3,126.0,142.3,743600
2026-03-17 11:13:00,11:13:00,106.05,125.0,105.6,125.0,2089360
2026-03-17 11:14:00,11:14:00,123.35,125.0,111.55,120.85,1585870
2026-03-17 11:15:00,11:15:00,120.65,132.15,114.1,130.75,1661595
2026-03-17 11:16:00,11:16:00,129.15,133.65,126.95,131.75,1355770
2026-03-17 11:17:00,11:17:00,131.9,143.9,131.75,140.15,1923480
2026-03-17 11:18:00,11:18:00,141.1,142.2,132.0,139.7,1007110
2026-03-17 11:19:00,11:19:00,139.0,144.9,126.4,143.6,1157845
2026-03-17 11:20:00,11:20:00,143.6,147.25,138.4,140.3,974545
2026-03-17 11:21:00,11:21:00,103.1,127.25,100.1,115.0,6681480
2026-03-17 11:22:00,11:22:00,156.4,156.85,144.4,154.9,703040
2026-03-17 11:23:00,11:23:00,155.5,163.9,149.4,155.6,734825
2026-03-17 11:24:00,11:24:00,116.4,129.15,116.0,129.05,3155945
2026-03-17 11:25:00,11:25:00,128.65,156.05,124.25,155.6,4895345
2026-03-17 11:26:00,11:26:00,158.3,161.55,145.75,156.35,4927975
2026-03-17 11:27:00,11:27:00,154.0,158.25,145.5,155.65,1756755
2026-03-17 11:28:00,11:28:00,153.3,159.2,144.45,159.2,1518270
2026-03-17 11:29:00,11:29:00,155.7,162.65,153.05,154.2,1321905
2026-03-17 11:30:00,11:30:00,152.95,162.5,148.1,161.5,1749735
2026-03-17 11:31:00,11:31:00,159.9,161.7,146.0,153.3,1536405
2026-03-17 11:32:00,11:32:00,154.7,161.45,153.3,158.1,1144780
2026-03-17 11:33:00,11:33:00,121.15,126.35,112.05,125.9,1321060
2026-03-17 11:34:00,11:34:00,131.3,132.35,121.55,130.5,2048800
2026-03-17 11:35:00,11:35:00,129.3,130.5,117.15,126.15,1253135
2026-03-17 11:36:00,11:36:00,126.8,137.75,124.9,126.7,1676155
2026-03-17 11:37:00,11:37:00,161.05,166.7,153.8,153.85,1087970
2026-03-17 11:38:00,11:38:00,152.45,154.75,127.35,133.15,2303925
2026-03-17 11:39:00,11:39:00,136.45,146.95,133.15,145.85,1255930
2026-03-17 11:40:00,11:40:00,146.5,149.55,138.0,144.4,852475
2026-03-17 11:41:00,11:41:00,143.0,148.75,137.75,138.85,742625
2026-03-17 11:42:00,11:42:00,139.35,140.55,132.95,134.95,654940
2026-03-17 11:43:00,11:43:00,135.3,137.6,130.0,133.2,631995
2026-03-17 11:44:00,11:44:00,133.4,154.95,133.2,145.0,1397760
2026-03-17 11:45:00,11:45:00,144.45,147.55,135.35,135.35,616980
2026-03-17 11:46:00,11:46:00,136.1,141.7,128.85,129.25,870740
2026-03-17 11:47:00,11:47:00,128.9,135.85,122.3,135.85,1173900
2026-03-17 11:48:00,11:48:00,136.45,146.4,135.55,144.85,1060995
2026-03-17 11:49:00,11:49:00,145.4,148.0,138.55,142.35,740220
2026-03-17 11:50:00,11:50:00,142.85,144.3,120.4,123.25,1246570
2026-03-17 11:51:00,11:51:00,123.0,127.55,109.8,113.85,1471405
2026-03-17 11:52:00,11:52:00,149.15,155.9,143.1,144.8,312455
2026-03-17 11:53:00,11:53:00,108.55,126.0,108.55,121.8,1286350
2026-03-17 11:54:00,11:54:00,121.8,124.75,118.6,121.15,803790
2026-03-17 11:55:00,11:55:00,121.1,138.95,120.9,138.95,1486225
2026-03-17 11:56:00,11:56:00,141.75,155.5,138.95,150.2,1983930
2026-03-17 11:57:00,11:57:00,149.4,150.2,133.0,137.7,1151410
2026-03-17 11:58:00,11:58:00,136.15,137.7,119.8,119.8,1209650
2026-03-17 11:59:00,11:59:00,121.15,122.85,115.6,120.65,928395
2026-03-17 12:00:00,12:00:00,122.25,131.65,120.65,130.5,917345
2026-03-17 12:01:00,12:01:00,131.15,132.4,114.5,114.65,1177865
2026-03-17 12:02:00,12:02:00,115.0,123.65,113.5,116.0,833300
2026-03-17 12:03:00,12:03:00,116.7,126.0,114.0,124.85,725465
2026-03-17 12:04:00,12:04:00,125.9,126.75,119.5,124.4,527020
2026-03-17 12:05:00,12:05:00,124.5,125.65,115.15,117.95,504855
2026-03-17 12:06:00,12:06:00,117.3,119.85,112.75,118.0,573690
2026-03-17 12:07:00,12:07:00,157.05,158.0,146.3,150.75,171210
2026-03-17 12:08:00,12:08:00,149.5,150.75,134.2,136.05,464945
2026-03-17 12:09:00,12:09:00,136.2,142.9,135.55,137.05,222170
2026-03-17 12:10:00,12:10:00,136.7,149.65,135.65,144.1,311870
2026-03-17 12:11:00,12:11:00,141.6,144.1,133.8,137.7,250965
2026-03-17 12:12:00,12:12:00,137.6,140.5,134.55,139.75,164255
2026-03-17 12:13:00,12:13:00,139.8,139.8,128.05,132.4,414570
2026-03-17 12:14:00,12:14:00,133.1,142.85,132.4,136.85,217230
2026-03-17 12:15:00,12:15:00,98.9,112.7,98.9,112.7,1601600
2026-03-17 12:16:00,12:16:00,114.3,124.15,112.55,123.35,2488655
2026-03-17 12:17:00,12:17:00,122.05,134.4,117.2,118.2,2426450
2026-03-17 12:18:00,12:18:00,117.45,133.85,117.45,133.15,1459510
2026-03-17 12:19:00,12:19:00,133.25,148.25,132.95,146.5,2153905
2026-03-17 12:20:00,12:20:00,147.75,149.0,133.55,133.55,1362920
2026-03-17 12:21:00,12:21:00,133.75,135.7,126.65,128.45,1133860
2026-03-17 12:22:00,12:22:00,128.0,130.15,120.95,123.5,1278290
2026-03-17 12:23:00,12:23:00,123.0,132.5,120.55,128.9,924040
2026-03-17 12:24:00,12:24:00,129.8,145.75,128.9,145.75,1272895
2026-03-17 12:25:00,12:25:00,146.1,146.1,129.65,134.45,1068925
2026-03-17 12:26:00,12:26:00,135.2,137.7,128.6,133.35,559650
2026-03-17 12:27:00,12:27:00,134.15,134.15,128.35,132.0,414960
2026-03-17 12:28:00,12:28:00,131.2,144.7,129.9,143.95,1055340
2026-03-17 12:29:00,12:29:00,141.35,143.95,122.85,125.0,1154205
2026-03-17 12:30:00,12:30:00,123.6,141.7,123.6,136.1,1122030
2026-03-17 12:31:00,12:31:00,135.75,147.55,135.6,141.05,1153360
2026-03-17 12:32:00,12:32:00,139.95,141.05,128.0,128.0,967850
2026-03-17 12:33:00,12:33:00,128.3,128.3,119.15,120.45,1062685
2026-03-17 12:34:00,12:34:00,120.05,120.45,113.35,116.45,1006070
2026-03-17 12:35:00,12:35:00,156.15,159.6,140.0,145.35,362050
2026-03-17 12:36:00,12:36:00,106.4,112.5,102.0,110.05,1070745
2026-03-17 12:37:00,12:37:00,112.75,114.15,106.6,112.4,813995
2026-03-17 12:38:00,12:38:00,113.7,115.5,104.7,106.2,934700
2026-03-17 12:39:00,12:39:00,104.9,108.0,95.25,108.0,1580930
2026-03-17 12:40:00,12:40:00,107.75,111.3,105.75,110.0,971100
2026-03-17 12:41:00,12:41:00,109.1,117.8,108.6,108.6,1248715
2026-03-17 12:42:00,12:42:00,147.15,152.4,139.25,142.95,266435
2026-03-17 12:43:00,12:43:00,142.5,149.0,118.5,121.85,639600
2026-03-17 12:44:00,12:44:00,122.25,130.3,121.55,125.45,422630
2026-03-17 12:45:00,12:45:00,126.0,126.0,106.55,113.2,980200
2026-03-17 12:46:00,12:46:00,112.3,119.0,110.5,112.15,454155
2026-03-17 12:47:00,12:47:00,112.95,116.2,108.3,108.3,378885
2026-03-17 12:48:00,12:48:00,107.95,114.85,106.05,106.65,446485
2026-03-17 12:49:00,12:49:00,147.45,148.85,130.0,130.55,782145
2026-03-17 12:50:00,12:50:00,130.3,143.5,122.15,133.5,799955
2026-03-17 12:51:00,12:51:00,93.65,103.8,92.35,103.15,677105
2026-03-17 12:52:00,12:52:00,103.0,110.2,102.15,107.25,821925
2026-03-17 12:53:00,12:53:00,107.9,110.5,98.25,110.5,592280
2026-03-17 12:54:00,12:54:00,108.6,113.55,101.95,109.6,622440
2026-03-17 12:55:00,12:55:00,109.2,116.95,107.45,115.5,623610
2026-03-17 12:56:00,12:56:00,114.45,116.3,102.7,103.15,579865
2026-03-17 12:57:00,12:57:00,101.75,109.65,98.6,108.85,536185
2026-03-17 12:58:00,12:58:00,148.85,151.4,139.25,143.7,366860
2026-03-17 12:59:00,12:59:00,143.4,146.6,140.55,140.8,198575
2026-03-17 13:00:00,13:00:00,141.1,142.35,129.65,130.35,648635
2026-03-17 13:01:00,13:01:00,130.9,136.2,126.15,126.55,680875
2026-03-17 13:02:00,13:02:00,125.4,132.35,116.05,116.05,647790
2026-03-17 13:03:00,13:03:00,114.8,122.15,112.65,114.35,1164865
2026-03-17 13:04:00,13:04:00,116.15,124.2,114.35,120.25,624195
2026-03-17 13:05:00,13:05:00,121.5,123.9,113.15,122.4,579475
2026-03-17 13:06:00,13:06:00,122.05,137.1,122.05,130.0,1365000
2026-03-17 13:07:00,13:07:00,130.4,130.4,118.35,118.35,646100
2026-03-17 13:08:00,13:08:00,117.0,118.35,106.65,106.65,1061710
2026-03-17 13:09:00,13:09:00,108.35,114.4,104.5,105.7,789945
2026-03-17 13:10:00,13:10:00,106.2,108.2,98.3,105.6,940095
2026-03-17 13:11:00,13:11:00,105.0,109.0,99.5,107.0,703950
2026-03-17 13:12:00,13:12:00,105.1,108.45,99.15,105.9,731640
2026-03-17 13:13:00,13:13:00,146.7,153.1,142.2,145.35,158860
2026-03-17 13:14:00,13:14:00,145.95,146.4,134.0,135.15,220350
2026-03-17 13:15:00,13:15:00,133.25,135.4,116.25,116.25,494650
2026-03-17 13:16:00,13:16:00,117.25,122.65,113.65,122.3,521625
2026-03-17 13:17:00,13:17:00,121.15,129.8,119.7,120.0,342615
2026-03-17 13:18:00,13:18:00,120.2,123.3,113.9,121.4,316355
2026-03-17 13:19:00,13:19:00,122.35,125.65,115.55,116.6,284180
2026-03-17 13:20:00,13:20:00,115.65,121.45,111.2,115.05,343915
2026-03-17 13:21:00,13:21:00,117.05,126.3,114.15,122.9,321620
2026-03-17 13:22:00,13:22:00,122.6,125.65,115.05,124.7,313755
2026-03-17 13:23:00,13:23:00,125.85,134.4,123.8,131.1,499005
2026-03-17 13:24:00,13:24:00,130.0,133.1,125.55,132.1,254800
2026-03-17 13:25:00,13:25:00,130.8,136.35,127.7,132.55,295815
2026-03-17 13:26:00,13:26:00,134.15,137.75,128.8,136.9,449670
2026-03-17 13:27:00,13:27:00,138.65,144.15,134.8,138.4,503165
2026-03-17 13:28:00,13:28:00,137.75,138.4,124.05,130.45,433225
2026-03-17 13:29:00,13:29:00,130.95,134.5,123.95,127.6,237185
2026-03-17 13:30:00,13:30:00,125.6,127.6,97.2,98.05,913445
2026-03-17 13:31:00,13:31:00,99.2,105.0,86.55,103.05,1063075
2026-03-17 13:32:00,13:32:00,101.65,106.3,95.0,99.2,634075
2026-03-17 13:33:00,13:33:00,99.4,105.35,96.6,105.35,417365
2026-03-17 13:34:00,13:34:00,104.6,125.65,104.6,119.05,872040
2026-03-17 13:35:00,13:35:00,120.15,123.3,113.4,123.3,396045
2026-03-17 13:36:00,13:36:00,121.55,124.65,115.05,124.65,411320
2026-03-17 13:37:00,13:37:00,125.65,129.5,121.5,123.8,576485
2026-03-17 13:38:00,13:38:00,121.3,126.05,114.3,125.3,417560
2026-03-17 13:39:00,13:39:00,88.05,110.25,88.05,110.0,4693455
2026-03-17 13:40:00,13:40:00,109.5,110.0,92.85,105.4,2746380
2026-03-17 13:41:00,13:41:00,103.15,115.65,102.2,115.65,2400645
2026-03-17 13:42:00,13:42:00,112.55,117.7,102.6,104.0,2784925
2026-03-17 13:43:00,13:43:00,146.55,147.6,124.0,124.2,528970
2026-03-17 13:44:00,13:44:00,126.6,137.35,124.2,131.8,385190
2026-03-17 13:45:00,13:45:00,132.25,132.9,121.15,121.8,307190
2026-03-17 13:46:00,13:46:00,121.75,127.05,115.8,119.8,536185
2026-03-17 13:47:00,13:47:00,120.1,120.1,110.5,117.65,476970
2026-03-17 13:48:00,13:48:00,117.3,130.65,117.3,126.9,562770
2026-03-17 13:49:00,13:49:00,124.55,126.9,110.55,110.8,364650
2026-03-17 13:50:00,13:50:00,111.35,115.5,100.85,114.4,661440
2026-03-17 13:51:00,13:51:00,114.45,120.0,108.35,112.6,470340
2026-03-17 13:52:00,13:52:00,112.6,114.5,105.4,112.6,378495
2026-03-17 13:53:00,13:53:00,113.0,120.6,112.6,119.45,360555
2026-03-17 13:54:00,13:54:00,119.3,120.6,111.15,119.1,351650
2026-03-17 13:55:00,13:55:00,118.8,123.85,114.5,114.5,395005
2026-03-17 13:56:00,13:56:00,114.85,122.0,114.5,119.6,252265
2026-03-17 13:57:00,13:57:00,120.0,121.35,111.75,118.35,330265
2026-03-17 13:58:00,13:58:00,118.35,136.45,117.3,132.7,629720
2026-03-17 13:59:00,13:59:00,130.0,133.5,120.0,123.85,458900
2026-03-17 14:00:00,14:00:00,123.35,123.85,111.1,116.6,476840
2026-03-17 14:01:00,14:01:00,116.0,126.7,107.05,126.7,620945
2026-03-17 14:02:00,14:02:00,128.45,133.8,120.4,122.15,606385
2026-03-17 14:03:00,14:03:00,122.0,122.15,98.55,100.5,925600
2026-03-17 14:04:00,14:04:00,99.0,105.95,95.05,101.9,871520
2026-03-17 14:05:00,14:05:00,103.2,111.45,98.05,111.45,722150
2026-03-17 14:06:00,14:06:00,112.65,128.0,111.3,119.85,829270
2026-03-17 14:07:00,14:07:00,121.05,122.0,105.85,105.85,493740
2026-03-17 14:08:00,14:08:00,105.3,114.4,101.05,101.05,484965
2026-03-17 14:09:00,14:09:00,100.6,101.3,92.75,95.65,735995
2026-03-17 14:10:00,14:10:00,137.1,139.0,121.95,123.45,817960
2026-03-17 14:11:00,14:11:00,120.55,123.45,112.55,116.55,840840
2026-03-17 14:12:00,14:12:00,115.4,121.7,114.2,118.35,715195
2026-03-17 14:13:00,14:13:00,121.15,121.7,107.35,112.25,1044550
2026-03-17 14:14:00,14:14:00,114.35,121.0,112.25,118.0,726375
2026-03-17 14:15:00,14:15:00,115.5,119.55,110.6,115.05,596310
2026-03-17 14:16:00,14:16:00,77.9,110.1,72.85,100.65,3650790
2026-03-17 14:17:00,14:17:00,99.7,106.05,81.45,104.2,1957540
2026-03-17 14:18:00,14:18:00,101.75,104.2,91.35,102.5,843310
2026-03-17 14:19:00,14:19:00,102.25,107.4,100.05,102.6,1036360
2026-03-17 14:20:00,14:20:00,102.15,102.6,91.6,97.55,747045
2026-03-17 14:21:00,14:21:00,97.3,116.1,97.3,112.25,1387880
2026-03-17 14:22:00,14:22:00,111.7,125.05,108.0,123.0,1163500
2026-03-17 14:23:00,14:23:00,122.45,132.25,110.1,127.45,1085370
2026-03-17 14:24:00,14:24:00,127.6,127.6,111.0,121.55,706420
2026-03-17 14:25:00,14:25:00,121.95,127.85,108.95,124.3,783575
2026-03-17 14:26:00,14:26:00,122.55,139.05,120.3,136.2,873600
2026-03-17 14:27:00,14:27:00,135.2,136.2,115.9,121.0,793065
2026-03-17 14:28:00,14:28:00,121.2,121.2,108.2,112.95,660855
2026-03-17 14:29:00,14:29:00,114.0,114.0,102.1,110.75,633620
2026-03-17 14:30:00,14:30:00,107.55,110.75,89.4,96.25,1118065
2026-03-17 14:31:00,14:31:00,143.7,147.4,129.1,132.0,446485
2026-03-17 14:32:00,14:32:00,127.7,132.3,122.15,124.0,581230
2026-03-17 14:33:00,14:33:00,124.0,141.7,124.0,133.35,540345
2026-03-17 14:34:00,14:34:00,133.3,136.9,124.65,129.0,359645
2026-03-17 14:35:00,14:35:00,130.3,133.1,118.6,120.25,749775
2026-03-17 14:36:00,14:36:00,121.2,123.6,110.8,123.6,853060
2026-03-17 14:37:00,14:37:00,124.35,138.0,123.6,130.4,849810
2026-03-17 14:38:00,14:38:00,129.1,130.4,108.55,116.85,916565
2026-03-17 14:39:00,14:39:00,116.95,126.4,115.9,118.4,562120
2026-03-17 14:40:00,14:40:00,113.0,121.1,110.8,115.85,512590
2026-03-17 14:41:00,14:41:00,115.65,115.85,103.9,103.9,849095
2026-03-17 14:42:00,14:42:00,103.7,118.3,91.5,118.3,1647295
2026-03-17 14:43:00,14:43:00,120.85,121.75,110.5,120.9,1003275
2026-03-17 14:44:00,14:44:00,122.3,127.0,118.0,120.8,819390
2026-03-17 14:45:00,14:45:00,122.85,130.65,112.55,129.65,1150305
2026-03-17 14:46:00,14:46:00,133.25,133.35,107.85,113.3,926510
2026-03-17 14:47:00,14:47:00,109.6,117.1,108.8,114.45,692965
2026-03-17 14:48:00,14:48:00,117.75,142.0,114.45,130.3,1427660
2026-03-17 14:49:00,14:49:00,128.35,135.5,103.4,103.4,942565
2026-03-17 14:50:00,14:50:00,100.95,103.4,86.05,90.9,2016495
2026-03-17 14:51:00,14:51:00,88.4,111.1,87.55,88.0,1928745
2026-03-17 14:52:00,14:52:00,88.95,98.3,85.3,91.75,1011205
2026-03-17 14:53:00,14:53:00,91.15,98.95,82.35,98.95,1368510
2026-03-17 14:54:00,14:54:00,98.65,105.85,78.85,79.3,1762150
2026-03-17 14:55:00,14:55:00,127.35,129.5,119.45,122.95,367315
2026-03-17 14:56:00,14:56:00,120.85,130.45,117.55,129.75,384150
2026-03-17 14:57:00,14:57:00,127.0,135.6,122.1,122.4,304005
2026-03-17 14:58:00,14:58:00,120.9,125.1,107.7,108.1,368940
2026-03-17 14:59:00,14:59:00,106.9,118.4,102.95,104.9,419640
2026-03-17 15:00:00,15:00:00,56.8,88.75,55.7,71.5,5766475
2026-03-17 15:01:00,15:01:00,123.55,125.55,114.35,122.05,462410
2026-03-17 15:02:00,15:02:00,74.75,96.85,71.85,96.85,3923010
2026-03-17 15:03:00,15:03:00,97.0,116.5,96.85,106.2,3934190
2026-03-17 15:04:00,15:04:00,107.65,113.4,97.95,97.95,2029040
2026-03-17 15:05:00,15:05:00,99.5,118.0,97.95,116.05,2034240
2026-03-17 15:06:00,15:06:00,116.45,122.4,109.1,118.05,1427855
2026-03-17 15:07:00,15:07:00,118.25,119.35,112.85,115.3,770640
2026-03-17 15:08:00,15:08:00,115.55,117.7,108.4,111.65,896155
2026-03-17 15:09:00,15:09:00,110.15,114.45,103.1,113.8,1142700
2026-03-17 15:10:00,15:10:00,61.85,71.9,61.85,70.75,5585255
2026-03-17 15:11:00,15:11:00,70.0,70.75,65.55,67.15,1811680
2026-03-17 15:12:00,15:12:00,117.4,120.65,113.35,114.05,668070
2026-03-17 15:13:00,15:13:00,113.2,115.8,110.35,112.3,1041170
2026-03-17 15:14:00,15:14:00,112.25,113.0,107.35,109.8,760045
2026-03-17 15:15:00,15:15:00,60.1,66.35,59.0,64.7,4800120
2026-03-17 15:16:00,15:16:00,64.8,66.85,63.4,66.7,2966925
2026-03-17 15:17:00,15:17:00,66.6,69.9,66.6,67.9,2160275
2026-03-17 15:18:00,15:18:00,68.7,72.75,66.8,70.25,2933775
2026-03-17 15:19:00,15:19:00,69.85,71.3,68.0,69.7,2281565
2026-03-17 15:20:00,15:20:00,70.0,70.0,65.65,67.9,1414075
2026-03-17 15:21:00,15:21:00,67.8,69.45,67.35,68.75,739180
2026-03-17 15:22:00,15:22:00,68.85,69.5,68.4,68.8,621205
2026-03-17 15:23:00,15:23:00,69.0,70.0,68.8,68.8,570310
2026-03-17 15:24:00,15:24:00,68.95,69.3,68.3,68.7,591500
2026-03-17 15:25:00,15:25:00,69.0,69.6,68.55,68.95,520000
2026-03-17 15:26:00,15:26:00,68.85,69.3,68.7,69.1,257985
2026-03-17 15:27:00,15:27:00,68.95,69.25,68.8,69.0,306670
2026-03-17 15:28:00,15:28:00,69.2,69.3,68.8,68.85,380055
2026-03-17 15:29:00,15:29:00,69.1,69.1,68.55,68.75,392730
