datetime,time,open,high,low,close,volume
2026-02-16 09:15:00,09:15:00,150.05,151.4,128.9,138.35,713635
2026-02-16 09:16:00,09:16:00,136.75,162.8,136.75,151.2,689845
2026-02-16 09:17:00,09:17:00,154.5,155.4,149.75,154.4,402675
2026-02-16 09:18:00,09:18:00,158.5,163.45,153.45,157.95,459160
2026-02-16 09:19:00,09:19:00,160.15,173.3,157.95,173.3,660465
2026-02-16 09:20:00,09:20:00,173.75,178.15,164.75,170.95,582530
2026-02-16 09:21:00,09:21:00,172.75,179.35,169.4,174.85,415220
2026-02-16 09:22:00,09:22:00,139.55,144.8,138.85,139.25,1228500
2026-02-16 09:23:00,09:23:00,139.4,145.55,139.1,144.0,1145625
2026-02-16 09:24:00,09:24:00,143.45,144.0,135.55,141.15,931645
2026-02-16 09:25:00,09:25:00,178.1,179.0,167.9,172.6,210795
2026-02-16 09:26:00,09:26:00,171.2,172.6,163.0,165.2,303680
2026-02-16 09:27:00,09:27:00,161.7,167.15,158.0,167.15,371280
2026-02-16 09:28:00,09:28:00,131.15,141.75,130.7,140.7,1500200
2026-02-16 09:29:00,09:29:00,175.95,177.35,168.95,168.95,214825
2026-02-16 09:30:00,09:30:00,134.05,145.9,133.0,144.7,1742845
2026-02-16 09:31:00,09:31:00,144.85,155.25,144.05,148.35,2423590
2026-02-16 09:32:00,09:32:00,150.75,154.85,148.35,150.2,933400
2026-02-16 09:33:00,09:33:00,151.55,157.85,150.2,156.8,1017705
2026-02-16 09:34:00,09:34:00,157.1,165.4,155.35,161.35,1467765
2026-02-16 09:35:00,09:35:00,162.35,162.75,156.65,160.25,913640
2026-02-16 09:36:00,09:36:00,159.95,160.25,154.45,156.05,618930
2026-02-16 09:37:00,09:37:00,155.7,156.05,147.2,149.85,850200
2026-02-16 09:38:00,09:38:00,149.85,152.25,145.25,145.7,527605
2026-02-16 09:39:00,09:39:00,145.75,150.3,145.25,150.0,401310
2026-02-16 09:40:00,09:40:00,151.15,151.15,138.3,139.75,1006135
2026-02-16 09:41:00,09:41:00,140.55,142.95,134.35,142.95,929760
2026-02-16 09:42:00,09:42:00,143.0,145.9,141.25,141.25,831415
2026-02-16 09:43:00,09:43:00,178.9,179.65,165.6,165.6,217880
2026-02-16 09:44:00,09:44:00,165.65,166.75,160.15,162.85,189670
2026-02-16 09:45:00,09:45:00,161.95,166.45,159.8,160.8,165490
2026-02-16 09:46:00,09:46:00,160.75,169.25,158.85,165.3,212875
2026-02-16 09:47:00,09:47:00,165.45,166.1,160.5,164.85,86905
2026-02-16 09:48:00,09:48:00,163.7,164.85,157.6,158.4,141570
2026-02-16 09:49:00,09:49:00,158.1,158.85,154.1,158.35,158925
2026-02-16 09:50:00,09:50:00,158.5,160.65,155.05,156.4,146120
2026-02-16 09:51:00,09:51:00,156.0,156.4,147.2,150.5,323245
2026-02-16 09:52:00,09:52:00,150.0,150.5,144.15,147.75,282880
2026-02-16 09:53:00,09:53:00,147.75,159.3,147.65,156.55,364715
2026-02-16 09:54:00,09:54:00,156.4,164.15,155.0,164.0,313625
2026-02-16 09:55:00,09:55:00,128.3,133.2,125.05,132.0,1451255
2026-02-16 09:56:00,09:56:00,168.1,171.0,165.3,165.9,283010
2026-02-16 09:57:00,09:57:00,129.3,142.85,128.9,141.55,1663415
2026-02-16 09:58:00,09:58:00,141.45,144.85,137.75,137.75,1353495
2026-02-16 09:59:00,09:59:00,137.7,144.4,136.25,144.0,839605
2026-02-16 10:00:00,10:00:00,144.35,152.6,143.35,144.8,1775670
2026-02-16 10:01:00,10:01:00,146.55,158.15,144.8,158.15,1354730
2026-02-16 10:02:00,10:02:00,156.55,167.45,155.25,163.05,1514370
2026-02-16 10:03:00,10:03:00,162.8,174.8,162.8,171.85,1370980
2026-02-16 10:04:00,10:04:00,134.6,137.4,128.9,137.4,1361945
2026-02-16 10:05:00,10:05:00,137.75,142.3,136.5,138.35,1602900
2026-02-16 10:06:00,10:06:00,175.05,178.45,169.8,171.1,621855
2026-02-16 10:07:00,10:07:00,170.65,171.1,165.4,168.25,568490
2026-02-16 10:08:00,10:08:00,167.9,169.05,162.8,169.05,414960
2026-02-16 10:09:00,10:09:00,167.35,172.9,166.6,171.75,435175
2026-02-16 10:10:00,10:10:00,171.35,171.95,167.65,167.7,273975
2026-02-16 10:11:00,10:11:00,167.95,178.1,167.7,172.2,628485
2026-02-16 10:12:00,10:12:00,136.7,159.5,135.5,158.25,2703285
2026-02-16 10:13:00,10:13:00,158.4,170.1,158.25,161.35,2295995
2026-02-16 10:14:00,10:14:00,158.45,161.35,149.9,160.75,1125085
2026-02-16 10:15:00,10:15:00,160.05,167.3,155.85,156.6,1102855
2026-02-16 10:16:00,10:16:00,156.9,158.05,151.8,156.6,492440
2026-02-16 10:17:00,10:17:00,156.5,161.45,155.65,156.05,460005
2026-02-16 10:18:00,10:18:00,158.9,160.8,155.3,159.85,301405
2026-02-16 10:19:00,10:19:00,160.35,161.9,155.5,156.35,287170
2026-02-16 10:20:00,10:20:00,156.05,159.0,150.85,151.05,473135
2026-02-16 10:21:00,10:21:00,150.5,157.15,148.7,153.75,570375
2026-02-16 10:22:00,10:22:00,154.0,155.0,151.5,153.0,181740
2026-02-16 10:23:00,10:23:00,153.05,155.0,147.4,148.8,389610
2026-02-16 10:24:00,10:24:00,148.45,150.15,144.25,144.85,458575
2026-02-16 10:25:00,10:25:00,143.2,148.0,140.2,143.0,558610
2026-02-16 10:26:00,10:26:00,180.0,181.4,176.85,179.05,251550
2026-02-16 10:27:00,10:27:00,179.4,180.1,175.55,178.85,307190
2026-02-16 10:28:00,10:28:00,179.75,180.9,174.2,174.45,280800
2026-02-16 10:29:00,10:29:00,139.35,144.5,137.95,141.35,442910
2026-02-16 10:30:00,10:30:00,178.2,178.35,173.6,173.85,269425
2026-02-16 10:31:00,10:31:00,139.4,144.15,136.5,142.7,528710
2026-02-16 10:32:00,10:32:00,142.85,144.5,140.25,143.5,414830
2026-02-16 10:33:00,10:33:00,144.3,149.25,143.2,148.1,716950
2026-02-16 10:34:00,10:34:00,148.5,148.55,142.0,142.0,434135
2026-02-16 10:35:00,10:35:00,145.25,146.55,141.25,143.25,269945
2026-02-16 10:36:00,10:36:00,142.95,147.5,142.6,146.95,192270
2026-02-16 10:37:00,10:37:00,145.5,146.95,140.7,141.85,252070
2026-02-16 10:38:00,10:38:00,179.1,179.1,173.35,176.9,240370
2026-02-16 10:39:00,10:39:00,139.85,143.1,138.45,141.6,265330
2026-02-16 10:40:00,10:40:00,141.45,146.9,141.45,145.6,328250
2026-02-16 10:41:00,10:41:00,145.0,148.55,143.95,147.75,314600
2026-02-16 10:42:00,10:42:00,147.8,148.5,139.1,139.35,354120
2026-02-16 10:43:00,10:43:00,175.9,179.75,171.0,176.65,467350
2026-02-16 10:44:00,10:44:00,139.1,142.65,138.0,142.65,272350
2026-02-16 10:45:00,10:45:00,141.5,143.25,139.45,139.45,203515
2026-02-16 10:46:00,10:46:00,176.55,179.15,173.25,178.55,161005
2026-02-16 10:47:00,10:47:00,141.35,147.9,141.35,147.5,447200
2026-02-16 10:48:00,10:48:00,185.4,187.25,178.0,178.75,278395
2026-02-16 10:49:00,10:49:00,178.7,178.75,171.5,173.1,274885
2026-02-16 10:50:00,10:50:00,172.4,173.1,167.0,170.05,454610
2026-02-16 10:51:00,10:51:00,169.05,176.8,168.0,176.8,300560
2026-02-16 10:52:00,10:52:00,177.1,179.7,171.5,172.05,342290
2026-02-16 10:53:00,10:53:00,172.5,174.15,168.3,171.65,209820
2026-02-16 10:54:00,10:54:00,171.15,171.65,168.6,170.85,144820
2026-02-16 10:55:00,10:55:00,170.5,175.25,168.35,169.35,221845
2026-02-16 10:56:00,10:56:00,169.55,170.25,166.6,169.65,200200
2026-02-16 10:57:00,10:57:00,171.6,171.6,168.5,170.45,122005
2026-02-16 10:58:00,10:58:00,171.5,173.9,170.45,172.6,180440
2026-02-16 10:59:00,10:59:00,173.3,176.45,172.6,175.15,224250
2026-02-16 11:00:00,11:00:00,175.4,178.0,168.0,168.0,347230
2026-02-16 11:01:00,11:01:00,168.45,168.75,161.65,161.65,434070
2026-02-16 11:02:00,11:02:00,161.25,167.0,160.3,163.65,296595
2026-02-16 11:03:00,11:03:00,163.2,170.3,160.1,169.65,330525
2026-02-16 11:04:00,11:04:00,132.15,142.15,131.9,142.0,842920
2026-02-16 11:05:00,11:05:00,142.6,145.6,137.8,141.55,821275
2026-02-16 11:06:00,11:06:00,140.5,142.6,136.6,141.4,444925
2026-02-16 11:07:00,11:07:00,142.25,143.2,138.7,139.25,290095
2026-02-16 11:08:00,11:08:00,139.0,140.95,137.15,139.6,212160
2026-02-16 11:09:00,11:09:00,139.35,141.45,136.75,141.3,194090
2026-02-16 11:10:00,11:10:00,141.35,142.25,138.65,139.3,151905
2026-02-16 11:11:00,11:11:00,138.9,140.7,134.3,134.55,331890
2026-02-16 11:12:00,11:12:00,133.75,141.05,133.45,139.0,299650
2026-02-16 11:13:00,11:13:00,138.6,142.35,138.6,141.5,268840
2026-02-16 11:14:00,11:14:00,141.8,143.3,140.55,142.5,266695
2026-02-16 11:15:00,11:15:00,142.5,145.45,138.6,144.2,459290
2026-02-16 11:16:00,11:16:00,143.9,144.0,139.3,139.4,198120
2026-02-16 11:17:00,11:17:00,140.2,146.5,139.4,144.7,293930
2026-02-16 11:18:00,11:18:00,144.55,145.55,142.0,144.8,230620
2026-02-16 11:19:00,11:19:00,145.35,147.05,141.5,142.25,392535
2026-02-16 11:20:00,11:20:00,141.3,146.35,141.25,145.95,259870
2026-02-16 11:21:00,11:21:00,144.45,146.7,142.5,144.95,265330
2026-02-16 11:22:00,11:22:00,144.55,147.9,144.0,144.3,266565
2026-02-16 11:23:00,11:23:00,145.1,146.2,143.4,146.2,152815
2026-02-16 11:24:00,11:24:00,147.05,153.0,146.2,151.0,714285
2026-02-16 11:25:00,11:25:00,151.15,155.1,141.75,143.6,804765
2026-02-16 11:26:00,11:26:00,181.2,181.85,173.25,173.9,405145
2026-02-16 11:27:00,11:27:00,137.3,142.25,136.45,139.3,300820
2026-02-16 11:28:00,11:28:00,177.75,179.35,172.3,173.3,166400
2026-02-16 11:29:00,11:29:00,172.75,173.3,164.8,169.1,430170
2026-02-16 11:30:00,11:30:00,168.6,172.4,167.25,170.7,221715
2026-02-16 11:31:00,11:31:00,171.0,173.2,168.45,172.35,228670
2026-02-16 11:32:00,11:32:00,171.85,175.65,170.8,174.55,210860
2026-02-16 11:33:00,11:33:00,137.05,139.65,136.65,137.95,310115
2026-02-16 11:34:00,11:34:00,176.2,177.15,167.15,167.15,207805
2026-02-16 11:35:00,11:35:00,167.6,168.5,163.4,163.85,279825
2026-02-16 11:36:00,11:36:00,163.7,169.45,162.65,169.3,217035
2026-02-16 11:37:00,11:37:00,169.35,172.5,166.3,167.35,264225
2026-02-16 11:38:00,11:38:00,131.1,133.4,129.5,133.1,147875
2026-02-16 11:39:00,11:39:00,133.35,136.75,132.7,133.45,275535
2026-02-16 11:40:00,11:40:00,170.35,171.45,165.4,168.0,193765
2026-02-16 11:41:00,11:41:00,168.05,168.5,164.05,168.5,149695
2026-02-16 11:42:00,11:42:00,131.0,134.8,130.05,134.6,264095
2026-02-16 11:43:00,11:43:00,171.95,172.75,166.75,167.4,148785
2026-02-16 11:44:00,11:44:00,166.2,167.65,164.0,164.2,181090
2026-02-16 11:45:00,11:45:00,164.85,165.65,161.55,162.0,205855
2026-02-16 11:46:00,11:46:00,162.45,162.45,152.05,155.2,716690
2026-02-16 11:47:00,11:47:00,155.3,164.0,154.4,160.05,412880
2026-02-16 11:48:00,11:48:00,160.4,160.4,156.8,159.35,154960
2026-02-16 11:49:00,11:49:00,159.65,163.0,158.4,162.0,165815
2026-02-16 11:50:00,11:50:00,161.65,163.0,159.8,162.5,101075
2026-02-16 11:51:00,11:51:00,162.7,162.7,158.5,160.2,125905
2026-02-16 11:52:00,11:52:00,159.9,162.55,157.65,158.25,201760
2026-02-16 11:53:00,11:53:00,158.25,159.05,156.65,156.95,137540
2026-02-16 11:54:00,11:54:00,156.65,158.25,153.7,154.5,258765
2026-02-16 11:55:00,11:55:00,154.5,157.15,153.5,156.85,178750
2026-02-16 11:56:00,11:56:00,157.3,161.2,155.55,160.95,276510
2026-02-16 11:57:00,11:57:00,161.3,164.95,160.95,164.85,431470
2026-02-16 11:58:00,11:58:00,165.4,166.95,163.6,166.45,333385
2026-02-16 11:59:00,11:59:00,129.4,132.65,128.75,132.25,434980
2026-02-16 12:00:00,12:00:00,132.8,134.6,131.45,134.6,473460
2026-02-16 12:01:00,12:01:00,135.0,137.05,132.55,133.7,521495
2026-02-16 12:02:00,12:02:00,133.5,138.25,133.25,135.2,404170
2026-02-16 12:03:00,12:03:00,135.8,138.55,134.85,137.85,286715
2026-02-16 12:04:00,12:04:00,138.35,138.4,133.5,136.75,241020
2026-02-16 12:05:00,12:05:00,136.95,137.8,135.05,135.45,167310
2026-02-16 12:06:00,12:06:00,135.9,139.1,135.45,136.5,321230
2026-02-16 12:07:00,12:07:00,136.15,139.55,134.45,138.3,262210
2026-02-16 12:08:00,12:08:00,138.1,141.85,137.85,140.45,413790
2026-02-16 12:09:00,12:09:00,140.85,141.85,138.2,141.0,254995
2026-02-16 12:10:00,12:10:00,141.6,147.6,140.9,147.6,553995
2026-02-16 12:11:00,12:11:00,148.25,153.2,147.6,149.55,897650
2026-02-16 12:12:00,12:12:00,150.05,151.75,148.3,150.45,358085
2026-02-16 12:13:00,12:13:00,150.4,151.7,148.05,148.05,249795
2026-02-16 12:14:00,12:14:00,148.65,150.85,145.85,146.8,332540
2026-02-16 12:15:00,12:15:00,146.75,146.8,138.75,139.2,547170
2026-02-16 12:16:00,12:16:00,139.25,146.9,137.6,146.9,415220
2026-02-16 12:17:00,12:17:00,146.4,151.95,145.9,151.7,507975
2026-02-16 12:18:00,12:18:00,152.65,156.1,151.7,154.5,881660
2026-02-16 12:19:00,12:19:00,154.9,160.9,154.5,158.15,907790
2026-02-16 12:20:00,12:20:00,158.65,159.95,151.7,151.7,588965
2026-02-16 12:21:00,12:21:00,153.0,155.9,151.7,152.65,282490
2026-02-16 12:22:00,12:22:00,152.4,154.8,149.85,153.9,385905
2026-02-16 12:23:00,12:23:00,153.95,155.4,153.1,154.6,185250
2026-02-16 12:24:00,12:24:00,154.5,157.5,152.75,156.05,296855
2026-02-16 12:25:00,12:25:00,156.15,156.15,152.25,152.7,180830
2026-02-16 12:26:00,12:26:00,152.9,164.8,152.05,164.7,559000
2026-02-16 12:27:00,12:27:00,166.3,167.7,160.65,163.8,810290
2026-02-16 12:28:00,12:28:00,163.95,164.35,161.45,162.85,242905
2026-02-16 12:29:00,12:29:00,126.0,130.9,125.4,130.9,1084655
2026-02-16 12:30:00,12:30:00,134.95,136.1,130.35,133.6,3210545
2026-02-16 12:31:00,12:31:00,133.0,139.3,131.8,133.0,2414490
2026-02-16 12:32:00,12:32:00,134.05,134.45,127.65,134.1,1579825
2026-02-16 12:33:00,12:33:00,133.95,135.9,131.05,135.0,940940
2026-02-16 12:34:00,12:34:00,135.05,137.25,134.15,134.15,929175
2026-02-16 12:35:00,12:35:00,135.0,137.0,132.55,135.4,897000
2026-02-16 12:36:00,12:36:00,136.5,137.7,133.25,134.4,948870
2026-02-16 12:37:00,12:37:00,134.25,134.4,129.05,132.55,970580
2026-02-16 12:38:00,12:38:00,132.8,135.25,129.35,130.85,734240
2026-02-16 12:39:00,12:39:00,168.85,170.2,166.1,166.8,93860
2026-02-16 12:40:00,12:40:00,166.9,168.15,164.7,166.15,148915
2026-02-16 12:41:00,12:41:00,128.4,131.85,127.75,130.1,602355
2026-02-16 12:42:00,12:42:00,130.4,134.5,128.85,131.15,822770
2026-02-16 12:43:00,12:43:00,131.95,132.7,128.1,130.95,511290
2026-02-16 12:44:00,12:44:00,131.5,131.8,129.2,131.55,315120
2026-02-16 12:45:00,12:45:00,132.0,133.95,130.1,130.35,528840
2026-02-16 12:46:00,12:46:00,168.3,168.45,163.4,165.6,196755
2026-02-16 12:47:00,12:47:00,165.8,167.15,163.8,165.05,120965
2026-02-16 12:48:00,12:48:00,165.15,165.9,162.1,162.95,120510
2026-02-16 12:49:00,12:49:00,163.05,164.25,154.45,155.2,380965
2026-02-16 12:50:00,12:50:00,155.55,158.4,154.4,154.85,312715
2026-02-16 12:51:00,12:51:00,155.4,156.0,152.65,154.3,224510
2026-02-16 12:52:00,12:52:00,154.55,160.8,153.05,158.75,270270
2026-02-16 12:53:00,12:53:00,158.7,164.9,158.5,161.3,300170
2026-02-16 12:54:00,12:54:00,160.35,161.55,158.2,161.1,117455
2026-02-16 12:55:00,12:55:00,162.05,165.65,161.1,161.8,272025
2026-02-16 12:56:00,12:56:00,162.05,162.35,155.0,155.6,173875
2026-02-16 12:57:00,12:57:00,155.4,157.1,153.25,153.4,141050
2026-02-16 12:58:00,12:58:00,153.25,153.4,148.15,150.15,291655
2026-02-16 12:59:00,12:59:00,149.85,153.65,149.2,153.45,129740
2026-02-16 13:00:00,13:00:00,153.2,161.15,153.2,159.6,336960
2026-02-16 13:01:00,13:01:00,122.4,129.85,121.6,129.7,1467375
2026-02-16 13:02:00,13:02:00,129.55,131.25,127.05,128.3,1256710
2026-02-16 13:03:00,13:03:00,127.95,130.05,125.25,128.9,709735
2026-02-16 13:04:00,13:04:00,166.6,167.0,161.0,163.4,121355
2026-02-16 13:05:00,13:05:00,163.75,164.95,162.55,162.8,98605
2026-02-16 13:06:00,13:06:00,162.6,164.1,159.35,160.25,107965
2026-02-16 13:07:00,13:07:00,160.3,162.6,159.0,160.95,112905
2026-02-16 13:08:00,13:08:00,161.2,163.5,160.95,161.85,80015
2026-02-16 13:09:00,13:09:00,124.8,127.45,123.95,127.2,546390
2026-02-16 13:10:00,13:10:00,126.95,131.0,126.95,130.1,985920
2026-02-16 13:11:00,13:11:00,130.05,130.7,127.4,129.8,736060
2026-02-16 13:12:00,13:12:00,168.0,168.45,162.85,163.5,187265
2026-02-16 13:13:00,13:13:00,125.75,127.65,125.0,126.4,376610
2026-02-16 13:14:00,13:14:00,163.8,165.75,162.0,162.8,78780
2026-02-16 13:15:00,13:15:00,163.85,164.5,161.65,162.8,67080
2026-02-16 13:16:00,13:16:00,162.35,163.75,160.5,161.8,98865
2026-02-16 13:17:00,13:17:00,161.9,161.9,159.5,159.5,80795
2026-02-16 13:18:00,13:18:00,159.85,160.3,157.5,158.6,135655
2026-02-16 13:19:00,13:19:00,159.7,159.9,157.35,157.4,81185
2026-02-16 13:20:00,13:20:00,157.65,163.5,157.4,163.4,169975
2026-02-16 13:21:00,13:21:00,163.7,165.35,159.7,159.7,190710
2026-02-16 13:22:00,13:22:00,122.75,128.7,119.6,128.65,1043965
2026-02-16 13:23:00,13:23:00,166.9,169.3,162.25,163.75,248625
2026-02-16 13:24:00,13:24:00,163.45,167.0,162.25,163.2,103935
2026-02-16 13:25:00,13:25:00,163.3,165.85,160.0,160.9,139880
2026-02-16 13:26:00,13:26:00,161.55,165.3,160.65,165.0,89830
2026-02-16 13:27:00,13:27:00,127.5,128.4,125.85,127.85,368420
2026-02-16 13:28:00,13:28:00,127.8,133.95,127.45,130.2,1035580
2026-02-16 13:29:00,13:29:00,130.8,134.35,129.35,132.85,855010
2026-02-16 13:30:00,13:30:00,171.6,171.6,162.45,162.5,205530
2026-02-16 13:31:00,13:31:00,162.05,163.4,158.2,160.2,221000
2026-02-16 13:32:00,13:32:00,160.7,161.05,156.9,160.45,162630
2026-02-16 13:33:00,13:33:00,123.05,130.4,122.25,129.8,846560
2026-02-16 13:34:00,13:34:00,129.6,131.05,125.25,127.4,914095
2026-02-16 13:35:00,13:35:00,127.65,132.95,126.8,129.8,847080
2026-02-16 13:36:00,13:36:00,130.35,136.3,129.35,135.1,1256840
2026-02-16 13:37:00,13:37:00,134.7,135.6,132.55,135.15,710060
2026-02-16 13:38:00,13:38:00,135.8,137.2,130.25,131.25,1009970
2026-02-16 13:39:00,13:39:00,132.15,138.7,131.25,136.75,1180270
2026-02-16 13:40:00,13:40:00,136.55,136.75,132.6,135.6,681265
2026-02-16 13:41:00,13:41:00,135.5,139.4,134.7,136.1,999830
2026-02-16 13:42:00,13:42:00,135.5,137.5,133.3,135.55,569790
2026-02-16 13:43:00,13:43:00,134.25,138.8,133.9,135.7,575770
2026-02-16 13:44:00,13:44:00,136.45,138.0,134.5,135.95,474110
2026-02-16 13:45:00,13:45:00,136.0,137.95,133.45,134.0,619775
2026-02-16 13:46:00,13:46:00,134.15,136.35,131.85,134.3,607100
2026-02-16 13:47:00,13:47:00,133.65,134.3,132.3,133.05,271830
2026-02-16 13:48:00,13:48:00,132.75,133.6,130.45,130.7,586300
2026-02-16 13:49:00,13:49:00,131.65,131.65,128.85,129.5,499785
2026-02-16 13:50:00,13:50:00,130.0,134.55,129.5,133.4,530985
2026-02-16 13:51:00,13:51:00,133.65,134.2,130.2,131.8,376480
2026-02-16 13:52:00,13:52:00,170.75,170.9,163.25,163.6,297895
2026-02-16 13:53:00,13:53:00,163.8,167.8,162.6,163.1,223080
2026-02-16 13:54:00,13:54:00,162.55,165.4,162.2,162.2,247130
2026-02-16 13:55:00,13:55:00,163.1,163.75,159.4,160.25,422370
2026-02-16 13:56:00,13:56:00,160.05,161.15,156.9,157.65,605475
2026-02-16 13:57:00,13:57:00,157.25,161.95,155.0,156.3,333125
2026-02-16 13:58:00,13:58:00,156.45,162.65,155.9,161.25,212160
2026-02-16 13:59:00,13:59:00,160.8,161.25,156.45,158.95,149175
2026-02-16 14:00:00,14:00:00,158.4,163.4,158.15,162.45,242645
2026-02-16 14:01:00,14:01:00,125.3,127.0,124.0,127.0,1228370
2026-02-16 14:02:00,14:02:00,127.45,128.65,126.45,127.3,1587170
2026-02-16 14:03:00,14:03:00,165.15,165.8,158.8,160.55,489060
2026-02-16 14:04:00,14:04:00,124.35,126.65,123.3,124.7,533715
2026-02-16 14:05:00,14:05:00,162.5,163.8,154.4,154.65,241800
2026-02-16 14:06:00,14:06:00,154.45,155.6,150.85,152.25,235885
2026-02-16 14:07:00,14:07:00,153.1,161.55,152.1,159.75,254410
2026-02-16 14:08:00,14:08:00,160.4,160.4,153.45,155.9,118235
2026-02-16 14:09:00,14:09:00,155.3,155.9,151.55,152.2,140530
2026-02-16 14:10:00,14:10:00,152.75,156.75,152.2,154.05,114205
2026-02-16 14:11:00,14:11:00,154.2,160.2,154.0,160.2,176150
2026-02-16 14:12:00,14:12:00,160.2,163.7,159.0,159.2,223405
2026-02-16 14:13:00,14:13:00,122.15,132.1,122.05,131.15,1461915
2026-02-16 14:14:00,14:14:00,130.75,132.1,127.7,130.5,1072500
2026-02-16 14:15:00,14:15:00,130.45,132.3,128.9,130.95,748670
2026-02-16 14:16:00,14:16:00,131.15,133.35,129.85,129.85,786630
2026-02-16 14:17:00,14:17:00,130.0,132.6,128.8,132.0,465270
2026-02-16 14:18:00,14:18:00,131.95,132.15,128.95,131.3,469690
2026-02-16 14:19:00,14:19:00,131.4,131.95,126.7,128.25,571350
2026-02-16 14:20:00,14:20:00,128.5,133.25,128.25,131.15,722280
2026-02-16 14:21:00,14:21:00,130.35,131.4,127.05,131.0,526955
2026-02-16 14:22:00,14:22:00,130.55,132.65,130.05,130.3,322465
2026-02-16 14:23:00,14:23:00,130.1,132.75,129.45,131.9,329680
2026-02-16 14:24:00,14:24:00,131.5,131.9,129.05,131.3,276445
2026-02-16 14:25:00,14:25:00,131.7,136.3,131.3,136.0,1035580
2026-02-16 14:26:00,14:26:00,135.85,138.05,133.8,137.05,1035840
2026-02-16 14:27:00,14:27:00,136.75,148.95,136.7,143.95,2929745
2026-02-16 14:28:00,14:28:00,144.55,162.9,143.95,158.7,3299075
2026-02-16 14:29:00,14:29:00,160.0,171.0,158.7,165.7,2535455
2026-02-16 14:30:00,14:30:00,165.25,171.7,164.8,170.1,1461850
2026-02-16 14:31:00,14:31:00,173.25,175.35,168.8,172.6,1309750
2026-02-16 14:32:00,14:32:00,134.9,141.5,131.0,137.4,1637935
2026-02-16 14:33:00,14:33:00,137.15,144.25,135.2,143.1,1391520
2026-02-16 14:34:00,14:34:00,142.6,156.0,141.9,155.35,2246855
2026-02-16 14:35:00,14:35:00,155.35,160.7,148.3,148.95,2114970
2026-02-16 14:36:00,14:36:00,148.7,154.75,147.65,154.65,782600
2026-02-16 14:37:00,14:37:00,153.6,154.95,150.2,150.9,470860
2026-02-16 14:38:00,14:38:00,148.95,150.9,141.4,143.15,1070615
2026-02-16 14:39:00,14:39:00,142.65,145.35,142.35,144.7,437190
2026-02-16 14:40:00,14:40:00,145.85,149.85,144.5,145.55,612170
2026-02-16 14:41:00,14:41:00,145.5,146.75,141.85,146.0,444730
2026-02-16 14:42:00,14:42:00,145.6,147.85,142.95,146.0,335075
2026-02-16 14:43:00,14:43:00,145.3,146.0,139.9,145.0,589550
2026-02-16 14:44:00,14:44:00,144.45,155.0,144.0,152.85,966290
2026-02-16 14:45:00,14:45:00,152.35,155.65,148.4,150.2,747370
2026-02-16 14:46:00,14:46:00,150.0,155.8,149.7,152.85,566410
2026-02-16 14:47:00,14:47:00,152.6,155.8,151.05,154.0,408070
2026-02-16 14:48:00,14:48:00,154.85,167.6,154.0,167.45,1236300
2026-02-16 14:49:00,14:49:00,170.05,175.5,166.45,170.0,1455285
2026-02-16 14:50:00,14:50:00,170.35,170.85,161.75,168.25,727805
2026-02-16 14:51:00,14:51:00,168.45,171.5,166.65,167.3,555230
2026-02-16 14:52:00,14:52:00,167.7,168.1,160.3,161.8,499525
2026-02-16 14:53:00,14:53:00,161.95,162.1,154.8,158.95,698425
2026-02-16 14:54:00,14:54:00,158.4,163.45,158.35,161.0,363870
2026-02-16 14:55:00,14:55:00,160.9,165.0,159.75,164.3,346970
2026-02-16 14:56:00,14:56:00,164.4,167.1,164.3,166.3,318110
2026-02-16 14:57:00,14:57:00,166.1,166.3,159.95,162.25,288405
2026-02-16 14:58:00,14:58:00,163.4,170.0,162.25,167.0,418860
2026-02-16 14:59:00,14:59:00,166.45,168.7,163.4,166.9,297830
2026-02-16 15:00:00,15:00:00,129.25,138.45,129.25,134.95,2986620
2026-02-16 15:01:00,15:01:00,136.35,138.1,132.05,137.1,2050360
2026-02-16 15:02:00,15:02:00,137.75,138.05,129.2,129.2,1758900
2026-02-16 15:03:00,15:03:00,129.55,131.5,126.3,130.65,1448005
2026-02-16 15:04:00,15:04:00,130.6,137.5,130.6,135.95,1401400
2026-02-16 15:05:00,15:05:00,134.7,135.95,130.35,130.4,1009515
2026-02-16 15:06:00,15:06:00,133.0,138.05,130.4,138.05,1038505
2026-02-16 15:07:00,15:07:00,136.45,140.0,135.1,136.4,1594840
2026-02-16 15:08:00,15:08:00,136.2,136.4,132.35,135.45,910975
2026-02-16 15:09:00,15:09:00,134.7,136.95,133.95,135.65,584220
2026-02-16 15:10:00,15:10:00,134.7,144.15,134.7,141.8,1573455
2026-02-16 15:11:00,15:11:00,140.75,141.8,136.5,137.5,1011205
2026-02-16 15:12:00,15:12:00,137.1,138.5,135.3,136.15,708565
2026-02-16 15:13:00,15:13:00,135.95,136.15,132.5,133.0,846040
2026-02-16 15:14:00,15:14:00,133.15,137.0,130.8,135.05,917475
2026-02-16 15:15:00,15:15:00,134.4,135.45,132.0,132.95,689975
2026-02-16 15:16:00,15:16:00,133.4,137.9,131.3,134.55,1077375
2026-02-16 15:17:00,15:17:00,135.75,137.3,134.3,134.7,443950
2026-02-16 15:18:00,15:18:00,134.0,135.15,132.65,135.0,432510
2026-02-16 15:19:00,15:19:00,134.95,136.0,134.0,134.0,424775
2026-02-16 15:20:00,15:20:00,134.0,135.0,132.45,134.8,505375
2026-02-16 15:21:00,15:21:00,134.7,135.65,132.65,134.95,641420
2026-02-16 15:22:00,15:22:00,134.05,135.0,133.5,134.45,351715
2026-02-16 15:23:00,15:23:00,134.4,139.6,133.9,138.85,912275
2026-02-16 15:24:00,15:24:00,139.1,139.4,137.5,138.25,514800
2026-02-16 15:25:00,15:25:00,137.4,138.75,135.65,137.35,610350
2026-02-16 15:26:00,15:26:00,137.15,139.45,137.05,138.75,553605
2026-02-16 15:27:00,15:27:00,138.7,138.75,135.55,137.5,567645
2026-02-16 15:28:00,15:28:00,137.6,137.9,136.3,137.0,518050
2026-02-16 15:29:00,15:29:00,136.75,140.5,136.75,139.25,870675
2026-02-17 09:15:00,09:15:00,269.0,271.75,208.2,216.9,302900
2026-02-17 09:16:00,09:16:00,211.75,216.9,199.3,204.7,335855
2026-02-17 09:17:00,09:17:00,202.3,206.0,198.0,204.3,224835
2026-02-17 09:18:00,09:18:00,204.15,211.55,202.9,207.6,204620
2026-02-17 09:19:00,09:19:00,207.55,212.75,203.4,207.35,200135
2026-02-17 09:20:00,09:20:00,204.2,207.35,178.5,178.6,447135
2026-02-17 09:21:00,09:21:00,179.75,192.5,178.6,188.1,378235
2026-02-17 09:22:00,09:22:00,187.4,205.25,186.3,197.7,394030
2026-02-17 09:23:00,09:23:00,196.8,204.5,186.35,187.45,257205
2026-02-17 09:24:00,09:24:00,187.25,190.0,176.75,179.55,328185
2026-02-17 09:25:00,09:25:00,178.0,188.55,173.1,184.75,301080
2026-02-17 09:26:00,09:26:00,186.15,195.25,181.55,184.8,226590
2026-02-17 09:27:00,09:27:00,184.9,189.9,180.1,180.45,175370
2026-02-17 09:28:00,09:28:00,180.45,192.3,179.9,191.95,157430
2026-02-17 09:29:00,09:29:00,191.95,193.5,187.0,190.0,144495
2026-02-17 09:30:00,09:30:00,188.6,190.0,179.0,187.5,223535
2026-02-17 09:31:00,09:31:00,188.9,189.15,180.1,184.65,140790
2026-02-17 09:32:00,09:32:00,183.5,203.3,178.7,202.9,432315
2026-02-17 09:33:00,09:33:00,202.35,213.0,197.2,209.55,639665
2026-02-17 09:34:00,09:34:00,209.25,212.0,200.45,209.6,312000
2026-02-17 09:35:00,09:35:00,209.65,209.65,200.6,202.0,149500
2026-02-17 09:36:00,09:36:00,198.65,202.15,183.6,184.3,248365
2026-02-17 09:37:00,09:37:00,181.4,197.3,180.0,190.75,264485
2026-02-17 09:38:00,09:38:00,191.15,209.0,190.75,207.85,218725
2026-02-17 09:39:00,09:39:00,209.65,215.95,207.85,212.3,358540
2026-02-17 09:40:00,09:40:00,211.3,212.3,202.15,207.0,309400
2026-02-17 09:41:00,09:41:00,207.0,213.3,203.15,210.35,139035
2026-02-17 09:42:00,09:42:00,210.35,226.0,208.25,219.3,298870
2026-02-17 09:43:00,09:43:00,172.9,185.8,172.5,184.2,551980
2026-02-17 09:44:00,09:44:00,184.5,206.4,182.6,203.3,533715
2026-02-17 09:45:00,09:45:00,201.8,204.95,194.45,204.1,349895
2026-02-17 09:46:00,09:46:00,203.75,204.1,194.8,200.25,206375
2026-02-17 09:47:00,09:47:00,201.0,201.4,190.0,191.05,211770
2026-02-17 09:48:00,09:48:00,192.0,198.55,188.95,192.85,110500
2026-02-17 09:49:00,09:49:00,193.45,202.8,191.0,199.4,176735
2026-02-17 09:50:00,09:50:00,200.4,204.55,190.4,198.5,271180
2026-02-17 09:51:00,09:51:00,198.5,206.6,197.5,206.6,345540
2026-02-17 09:52:00,09:52:00,207.1,215.85,203.55,209.75,290160
2026-02-17 09:53:00,09:53:00,210.3,218.1,209.75,215.15,185705
2026-02-17 09:54:00,09:54:00,215.45,216.85,206.95,214.05,134550
2026-02-17 09:55:00,09:55:00,215.0,215.75,207.7,209.1,93730
2026-02-17 09:56:00,09:56:00,208.95,210.5,205.15,207.4,72865
2026-02-17 09:57:00,09:57:00,207.45,226.1,204.45,224.2,210925
2026-02-17 09:58:00,09:58:00,223.3,232.35,217.65,226.2,329225
2026-02-17 09:59:00,09:59:00,226.9,226.9,215.0,219.0,131235
2026-02-17 10:00:00,10:00:00,218.7,219.0,210.1,215.75,110825
2026-02-17 10:01:00,10:01:00,216.05,223.6,215.75,219.95,97435
2026-02-17 10:02:00,10:02:00,220.6,220.6,207.3,213.45,98670
2026-02-17 10:03:00,10:03:00,213.9,217.8,210.0,212.7,46280
2026-02-17 10:04:00,10:04:00,213.95,216.9,209.0,216.0,39260
2026-02-17 10:05:00,10:05:00,215.3,216.0,211.3,213.2,38090
2026-02-17 10:06:00,10:06:00,212.9,220.8,208.75,217.3,79365
2026-02-17 10:07:00,10:07:00,217.55,221.1,213.45,216.65,61880
2026-02-17 10:08:00,10:08:00,216.7,221.1,210.5,219.9,53170
2026-02-17 10:09:00,10:09:00,220.55,225.7,214.7,214.7,131625
2026-02-17 10:10:00,10:10:00,215.2,218.9,214.7,215.5,32435
2026-02-17 10:11:00,10:11:00,215.85,217.35,211.05,216.7,32110
2026-02-17 10:12:00,10:12:00,218.0,225.4,216.7,221.8,77350
2026-02-17 10:13:00,10:13:00,175.2,181.45,174.15,180.05,740675
2026-02-17 10:14:00,10:14:00,180.15,183.65,177.35,181.2,551850
2026-02-17 10:15:00,10:15:00,229.45,231.45,217.5,217.9,88790
2026-02-17 10:16:00,10:16:00,218.15,226.05,215.6,223.3,70135
2026-02-17 10:17:00,10:17:00,222.8,227.4,221.4,223.15,38155
2026-02-17 10:18:00,10:18:00,175.4,185.25,175.25,182.85,546260
2026-02-17 10:19:00,10:19:00,182.75,201.0,182.75,196.35,1458795
2026-02-17 10:20:00,10:20:00,197.0,201.45,195.0,201.45,595660
2026-02-17 10:21:00,10:21:00,200.7,201.45,190.7,191.6,476190
2026-02-17 10:22:00,10:22:00,191.8,197.95,189.8,195.4,342095
2026-02-17 10:23:00,10:23:00,195.8,199.4,192.65,196.5,297505
2026-02-17 10:24:00,10:24:00,197.1,197.35,191.8,196.3,164515
2026-02-17 10:25:00,10:25:00,196.1,198.6,194.1,194.4,178555
2026-02-17 10:26:00,10:26:00,194.0,219.0,194.0,217.35,859820
2026-02-17 10:27:00,10:27:00,216.35,231.5,214.8,225.8,1043445
2026-02-17 10:28:00,10:28:00,179.95,187.35,174.4,187.35,543010
2026-02-17 10:29:00,10:29:00,235.65,236.0,223.6,231.4,407875
2026-02-17 10:30:00,10:30:00,184.4,188.0,179.45,186.45,461500
2026-02-17 10:31:00,10:31:00,186.4,189.75,181.85,183.25,357630
2026-02-17 10:32:00,10:32:00,230.0,235.2,228.9,230.0,256295
2026-02-17 10:33:00,10:33:00,230.0,230.0,221.05,222.3,300755
2026-02-17 10:34:00,10:34:00,221.6,222.3,210.9,213.55,355615
2026-02-17 10:35:00,10:35:00,213.0,217.0,206.1,208.95,311740
2026-02-17 10:36:00,10:36:00,210.65,214.8,208.95,210.15,133120
2026-02-17 10:37:00,10:37:00,211.5,214.2,203.45,205.8,219050
2026-02-17 10:38:00,10:38:00,205.85,205.85,196.85,201.95,334295
2026-02-17 10:39:00,10:39:00,201.5,204.55,197.5,197.85,213850
2026-02-17 10:40:00,10:40:00,197.9,205.4,195.8,201.05,234975
2026-02-17 10:41:00,10:41:00,201.85,202.75,192.9,194.7,226005
2026-02-17 10:42:00,10:42:00,194.8,198.65,189.75,192.8,310635
2026-02-17 10:43:00,10:43:00,241.8,243.2,218.05,219.0,67925
2026-02-17 10:44:00,10:44:00,220.15,220.15,208.8,213.1,85215
2026-02-17 10:45:00,10:45:00,212.25,218.0,206.1,215.4,82810
2026-02-17 10:46:00,10:46:00,217.8,217.8,204.1,205.2,55705
2026-02-17 10:47:00,10:47:00,204.9,207.15,191.3,200.7,90675
2026-02-17 10:48:00,10:48:00,201.55,207.45,195.3,206.6,102830
2026-02-17 10:49:00,10:49:00,207.05,215.45,204.35,206.45,93405
2026-02-17 10:50:00,10:50:00,206.3,209.0,199.45,207.3,52975
2026-02-17 10:51:00,10:51:00,208.4,208.85,204.1,207.8,32305
2026-02-17 10:52:00,10:52:00,207.05,209.2,204.0,209.2,29770
2026-02-17 10:53:00,10:53:00,208.8,209.2,197.95,199.5,59995
2026-02-17 10:54:00,10:54:00,199.85,206.5,199.5,204.4,33995
2026-02-17 10:55:00,10:55:00,205.65,214.4,204.4,208.0,82810
2026-02-17 10:56:00,10:56:00,208.9,213.9,205.4,205.8,68835
2026-02-17 10:57:00,10:57:00,205.95,208.45,202.25,206.3,31850
2026-02-17 10:58:00,10:58:00,207.05,213.9,206.3,208.8,38935
2026-02-17 10:59:00,10:59:00,208.9,216.9,208.8,215.8,74880
2026-02-17 11:00:00,11:00:00,215.65,216.35,207.25,210.9,36075
2026-02-17 11:01:00,11:01:00,213.0,221.55,210.9,218.15,82745
2026-02-17 11:02:00,11:02:00,218.25,218.25,204.7,214.7,60580
2026-02-17 11:03:00,11:03:00,215.35,217.25,206.55,208.15,41600
2026-02-17 11:04:00,11:04:00,209.4,216.0,208.15,215.7,19630
2026-02-17 11:05:00,11:05:00,215.8,217.0,208.95,209.1,26325
2026-02-17 11:06:00,11:06:00,210.55,211.15,199.15,206.1,79625
2026-02-17 11:07:00,11:07:00,206.45,212.55,204.75,212.55,69745
2026-02-17 11:08:00,11:08:00,212.8,222.9,212.3,222.9,113100
2026-02-17 11:09:00,11:09:00,223.9,224.55,216.0,219.3,56225
2026-02-17 11:10:00,11:10:00,219.75,220.05,211.3,214.75,41275
2026-02-17 11:11:00,11:11:00,216.25,222.0,212.15,220.55,26780
2026-02-17 11:12:00,11:12:00,221.8,226.2,220.05,222.95,60775
2026-02-17 11:13:00,11:13:00,222.85,224.0,219.5,222.95,20020
2026-02-17 11:14:00,11:14:00,223.55,226.0,220.8,226.0,29770
2026-02-17 11:15:00,11:15:00,177.35,177.55,171.0,176.5,210925
2026-02-17 11:16:00,11:16:00,177.45,184.15,176.5,179.4,630305
2026-02-17 11:17:00,11:17:00,179.35,190.4,179.35,188.75,556270
2026-02-17 11:18:00,11:18:00,189.9,197.65,188.75,189.9,614640
2026-02-17 11:19:00,11:19:00,190.25,190.25,184.4,189.1,232895
2026-02-17 11:20:00,11:20:00,189.35,195.75,189.1,195.35,389285
2026-02-17 11:21:00,11:21:00,195.35,195.35,185.8,186.8,332865
2026-02-17 11:22:00,11:22:00,185.3,192.7,185.3,189.5,218725
2026-02-17 11:23:00,11:23:00,192.1,193.45,188.6,189.9,301405
2026-02-17 11:24:00,11:24:00,189.9,192.85,189.9,192.85,125385
2026-02-17 11:25:00,11:25:00,193.0,193.0,187.55,188.5,134420
2026-02-17 11:26:00,11:26:00,189.4,192.4,187.85,192.4,106535
2026-02-17 11:27:00,11:27:00,192.8,195.05,187.95,192.55,218790
2026-02-17 11:28:00,11:28:00,192.7,196.0,190.75,191.95,243425
2026-02-17 11:29:00,11:29:00,192.0,194.95,189.75,192.4,127400
2026-02-17 11:30:00,11:30:00,193.2,197.15,189.2,193.2,211185
2026-02-17 11:31:00,11:31:00,192.1,196.0,190.4,190.5,180375
2026-02-17 11:32:00,11:32:00,190.85,211.85,190.3,211.85,332410
2026-02-17 11:33:00,11:33:00,211.25,227.85,207.15,225.7,1216150
2026-02-17 11:34:00,11:34:00,225.3,228.15,221.75,226.25,405925
2026-02-17 11:35:00,11:35:00,227.65,233.0,225.45,231.4,413725
2026-02-17 11:36:00,11:36:00,185.0,193.8,180.9,190.05,488280
2026-02-17 11:37:00,11:37:00,190.0,198.75,188.5,198.75,423475
2026-02-17 11:38:00,11:38:00,198.35,207.65,190.65,196.45,584545
2026-02-17 11:39:00,11:39:00,195.8,197.4,190.2,192.4,238485
2026-02-17 11:40:00,11:40:00,192.05,193.75,185.7,188.5,223795
2026-02-17 11:41:00,11:41:00,236.45,238.2,233.0,234.65,152685
2026-02-17 11:42:00,11:42:00,234.5,234.65,216.55,216.85,365040
2026-02-17 11:43:00,11:43:00,216.9,226.4,216.85,223.2,202865
2026-02-17 11:44:00,11:44:00,224.7,225.0,220.0,223.9,111800
2026-02-17 11:45:00,11:45:00,177.0,186.4,175.65,186.4,440635
2026-02-17 11:46:00,11:46:00,185.95,191.3,184.3,189.55,314340
2026-02-17 11:47:00,11:47:00,189.6,190.45,183.35,186.85,291135
2026-02-17 11:48:00,11:48:00,187.0,191.6,186.5,186.65,169715
2026-02-17 11:49:00,11:49:00,186.3,190.5,185.8,189.1,87945
2026-02-17 11:50:00,11:50:00,188.55,190.95,185.5,187.9,104585
2026-02-17 11:51:00,11:51:00,189.6,190.4,186.65,186.65,70655
2026-02-17 11:52:00,11:52:00,187.2,198.7,186.65,194.05,289445
2026-02-17 11:53:00,11:53:00,193.0,197.7,190.8,196.5,103090
2026-02-17 11:54:00,11:54:00,196.8,198.7,195.15,197.75,101920
2026-02-17 11:55:00,11:55:00,197.8,197.8,192.5,194.0,93990
2026-02-17 11:56:00,11:56:00,193.75,195.2,192.3,193.05,44330
2026-02-17 11:57:00,11:57:00,193.05,195.8,188.1,188.1,89440
2026-02-17 11:58:00,11:58:00,187.95,191.85,185.15,188.7,145340
2026-02-17 11:59:00,11:59:00,189.8,191.85,187.25,190.05,70460
2026-02-17 12:00:00,12:00:00,190.3,192.7,187.4,188.7,68445
2026-02-17 12:01:00,12:01:00,189.35,194.0,187.85,192.9,55900
2026-02-17 12:02:00,12:02:00,193.35,196.4,191.3,192.0,96070
2026-02-17 12:03:00,12:03:00,192.1,193.3,189.0,189.0,46475
2026-02-17 12:04:00,12:04:00,237.4,237.4,228.75,230.0,145210
2026-02-17 12:05:00,12:05:00,183.0,189.2,180.85,184.0,111930
2026-02-17 12:06:00,12:06:00,184.7,188.85,180.8,188.2,75010
2026-02-17 12:07:00,12:07:00,188.75,193.0,184.6,191.05,125255
2026-02-17 12:08:00,12:08:00,191.15,192.0,183.65,184.4,75075
2026-02-17 12:09:00,12:09:00,183.65,185.5,181.35,183.05,55965
2026-02-17 12:10:00,12:10:00,184.05,188.6,183.05,186.55,71695
2026-02-17 12:11:00,12:11:00,234.65,234.65,226.05,226.15,89635
2026-02-17 12:12:00,12:12:00,177.75,184.3,176.85,184.05,88075
2026-02-17 12:13:00,12:13:00,184.6,186.6,181.8,186.0,69615
2026-02-17 12:14:00,12:14:00,234.8,234.95,229.05,229.25,55640
2026-02-17 12:15:00,12:15:00,183.0,186.6,181.25,185.9,70395
2026-02-17 12:16:00,12:16:00,185.6,190.75,184.45,188.85,125710
2026-02-17 12:17:00,12:17:00,189.7,195.05,188.85,193.25,180115
2026-02-17 12:18:00,12:18:00,195.9,202.05,195.05,201.25,243165
2026-02-17 12:19:00,12:19:00,202.9,209.35,200.7,203.8,232245
2026-02-17 12:20:00,12:20:00,202.95,207.0,202.2,204.0,162890
2026-02-17 12:21:00,12:21:00,203.35,204.0,197.25,200.85,118040
2026-02-17 12:22:00,12:22:00,200.0,200.85,196.4,199.0,57005
2026-02-17 12:23:00,12:23:00,199.1,213.75,199.0,208.9,276055
2026-02-17 12:24:00,12:24:00,209.7,214.4,205.4,211.45,172185
2026-02-17 12:25:00,12:25:00,210.25,212.6,208.55,210.8,80535
2026-02-17 12:26:00,12:26:00,210.85,214.0,200.2,200.2,174200
2026-02-17 12:27:00,12:27:00,200.5,203.25,192.4,192.4,164905
2026-02-17 12:28:00,12:28:00,191.75,195.0,188.35,190.2,163670
2026-02-17 12:29:00,12:29:00,190.4,190.4,183.2,187.4,158470
2026-02-17 12:30:00,12:30:00,188.5,193.0,183.85,186.35,134745
2026-02-17 12:31:00,12:31:00,187.0,189.75,184.25,188.5,82615
2026-02-17 12:32:00,12:32:00,188.5,194.15,187.5,189.2,217230
2026-02-17 12:33:00,12:33:00,189.65,192.35,187.8,189.4,54210
2026-02-17 12:34:00,12:34:00,188.2,190.45,185.55,189.15,66560
2026-02-17 12:35:00,12:35:00,189.5,190.0,185.75,189.35,60905
2026-02-17 12:36:00,12:36:00,189.1,190.9,186.45,186.75,46800
2026-02-17 12:37:00,12:37:00,186.85,186.9,183.5,184.35,118950
2026-02-17 12:38:00,12:38:00,184.55,186.0,178.5,183.05,128765
2026-02-17 12:39:00,12:39:00,183.0,190.15,182.4,188.6,92495
2026-02-17 12:40:00,12:40:00,188.55,194.0,187.1,192.0,122330
2026-02-17 12:41:00,12:41:00,191.6,192.0,180.8,185.75,119600
2026-02-17 12:42:00,12:42:00,186.45,188.3,183.35,186.55,69680
2026-02-17 12:43:00,12:43:00,186.55,193.35,186.55,189.65,117195
2026-02-17 12:44:00,12:44:00,190.8,193.35,187.4,191.8,67015
2026-02-17 12:45:00,12:45:00,192.5,196.8,191.0,194.3,156780
2026-02-17 12:46:00,12:46:00,194.65,196.4,192.55,193.95,69225
2026-02-17 12:47:00,12:47:00,195.85,198.6,190.35,191.25,109460
2026-02-17 12:48:00,12:48:00,192.05,197.15,191.0,195.3,94575
2026-02-17 12:49:00,12:49:00,195.15,197.4,193.45,197.4,52325
2026-02-17 12:50:00,12:50:00,197.05,197.4,193.25,195.3,46930
2026-02-17 12:51:00,12:51:00,195.95,198.0,194.65,197.45,50050
2026-02-17 12:52:00,12:52:00,198.3,210.35,197.45,206.9,210080
2026-02-17 12:53:00,12:53:00,207.55,216.65,206.9,213.55,339235
2026-02-17 12:54:00,12:54:00,214.55,214.65,209.1,209.6,162955
2026-02-17 12:55:00,12:55:00,209.9,213.3,207.05,207.85,98020
2026-02-17 12:56:00,12:56:00,207.35,207.85,195.0,195.15,252265
2026-02-17 12:57:00,12:57:00,192.9,195.15,184.55,187.85,168480
2026-02-17 12:58:00,12:58:00,186.5,189.0,182.65,187.75,121290
2026-02-17 12:59:00,12:59:00,188.0,190.65,182.4,183.45,121225
2026-02-17 13:00:00,13:00:00,183.05,189.3,183.05,184.25,173680
2026-02-17 13:01:00,13:01:00,185.1,187.45,182.35,186.9,103545
2026-02-17 13:02:00,13:02:00,187.65,193.45,186.9,188.95,183885
2026-02-17 13:03:00,13:03:00,188.8,188.95,185.85,186.8,44980
2026-02-17 13:04:00,13:04:00,235.1,235.55,216.9,217.65,257205
2026-02-17 13:05:00,13:05:00,219.2,223.95,215.25,220.9,181545
2026-02-17 13:06:00,13:06:00,172.95,186.6,172.35,186.6,237835
2026-02-17 13:07:00,13:07:00,187.35,197.1,186.4,192.45,331435
2026-02-17 13:08:00,13:08:00,192.15,202.5,191.8,199.15,193245
2026-02-17 13:09:00,13:09:00,200.95,212.05,199.15,210.8,243880
2026-02-17 13:10:00,13:10:00,210.8,214.2,201.8,207.9,204945
2026-02-17 13:11:00,13:11:00,208.0,208.95,199.85,201.3,110955
2026-02-17 13:12:00,13:12:00,195.9,203.85,195.9,197.9,132340
2026-02-17 13:13:00,13:13:00,196.45,197.9,185.0,187.3,231335
2026-02-17 13:14:00,13:14:00,186.2,190.0,181.55,189.55,232505
2026-02-17 13:15:00,13:15:00,188.8,189.55,182.5,185.85,119665
2026-02-17 13:16:00,13:16:00,186.15,189.45,183.75,188.45,83200
2026-02-17 13:17:00,13:17:00,188.75,191.4,186.0,189.6,83915
2026-02-17 13:18:00,13:18:00,187.2,189.6,186.15,188.75,61100
2026-02-17 13:19:00,13:19:00,188.95,195.25,188.5,190.3,144300
2026-02-17 13:20:00,13:20:00,191.05,195.7,189.55,191.85,73710
2026-02-17 13:21:00,13:21:00,190.3,191.9,189.0,190.0,57460
2026-02-17 13:22:00,13:22:00,190.45,195.25,187.4,194.15,79040
2026-02-17 13:23:00,13:23:00,194.35,196.0,187.95,187.95,132600
2026-02-17 13:24:00,13:24:00,187.25,192.15,184.0,189.6,97045
2026-02-17 13:25:00,13:25:00,189.75,191.25,185.6,188.8,54860
2026-02-17 13:26:00,13:26:00,188.8,193.0,185.65,188.25,48295
2026-02-17 13:27:00,13:27:00,188.35,190.5,186.2,189.4,24700
2026-02-17 13:28:00,13:28:00,190.0,192.9,189.4,192.05,52195
2026-02-17 13:29:00,13:29:00,191.65,194.1,189.2,192.85,81575
2026-02-17 13:30:00,13:30:00,193.8,202.3,192.85,202.3,151775
2026-02-17 13:31:00,13:31:00,201.8,205.95,199.85,205.75,153660
2026-02-17 13:32:00,13:32:00,205.65,209.1,200.7,209.0,162890
2026-02-17 13:33:00,13:33:00,209.8,213.05,207.65,210.55,151905
2026-02-17 13:34:00,13:34:00,210.75,210.85,202.45,206.45,105235
2026-02-17 13:35:00,13:35:00,206.95,207.5,199.4,207.4,99905
2026-02-17 13:36:00,13:36:00,207.6,212.4,205.85,211.7,146380
2026-02-17 13:37:00,13:37:00,211.2,211.7,206.25,206.45,70460
2026-02-17 13:38:00,13:38:00,206.4,207.55,194.0,195.5,179855
2026-02-17 13:39:00,13:39:00,196.15,201.45,194.7,195.55,79430
2026-02-17 13:40:00,13:40:00,195.35,203.6,195.1,198.4,65650
2026-02-17 13:41:00,13:41:00,199.4,207.4,198.4,201.6,83265
2026-02-17 13:42:00,13:42:00,202.45,210.0,201.6,207.45,87425
2026-02-17 13:43:00,13:43:00,207.2,210.0,205.45,207.55,64545
2026-02-17 13:44:00,13:44:00,207.6,208.8,201.85,202.9,58370
2026-02-17 13:45:00,13:45:00,203.05,206.15,202.9,202.9,27820
2026-02-17 13:46:00,13:46:00,202.0,207.0,200.1,201.65,61035
2026-02-17 13:47:00,13:47:00,201.85,202.25,186.1,187.05,180180
2026-02-17 13:48:00,13:48:00,189.85,195.15,187.05,190.5,80015
2026-02-17 13:49:00,13:49:00,190.3,196.7,186.6,187.8,87750
2026-02-17 13:50:00,13:50:00,187.75,189.2,182.9,184.05,112515
2026-02-17 13:51:00,13:51:00,185.25,187.1,181.3,185.9,110760
2026-02-17 13:52:00,13:52:00,186.95,195.0,185.9,187.6,167635
2026-02-17 13:53:00,13:53:00,187.35,193.75,186.6,190.5,82420
2026-02-17 13:54:00,13:54:00,190.2,190.5,177.3,178.9,88985
2026-02-17 13:55:00,13:55:00,224.3,228.9,219.15,220.15,202215
2026-02-17 13:56:00,13:56:00,220.6,222.15,213.05,214.85,170950
2026-02-17 13:57:00,13:57:00,215.15,215.3,203.65,205.0,367120
2026-02-17 13:58:00,13:58:00,204.85,211.45,203.9,207.85,160095
2026-02-17 13:59:00,13:59:00,208.0,212.75,206.0,206.75,151125
2026-02-17 14:00:00,14:00:00,206.65,220.8,203.65,220.8,252720
2026-02-17 14:01:00,14:01:00,222.6,238.0,216.7,231.95,499850
2026-02-17 14:02:00,14:02:00,232.05,232.7,220.0,227.8,199940
2026-02-17 14:03:00,14:03:00,178.5,187.1,177.0,178.8,223600
2026-02-17 14:04:00,14:04:00,177.8,183.85,177.7,180.8,95225
2026-02-17 14:05:00,14:05:00,181.5,185.65,180.7,181.6,143845
2026-02-17 14:06:00,14:06:00,180.75,181.6,171.0,177.85,180310
2026-02-17 14:07:00,14:07:00,177.8,178.7,175.6,178.4,62205
2026-02-17 14:08:00,14:08:00,178.5,185.0,172.85,174.6,143130
2026-02-17 14:09:00,14:09:00,223.7,225.9,208.0,208.0,215215
2026-02-17 14:10:00,14:10:00,208.35,212.2,204.7,208.0,195455
2026-02-17 14:11:00,14:11:00,206.55,214.2,206.1,209.75,107185
2026-02-17 14:12:00,14:12:00,210.1,210.8,189.45,196.2,416910
2026-02-17 14:13:00,14:13:00,244.55,245.7,219.85,228.15,74685
2026-02-17 14:14:00,14:14:00,225.6,233.6,225.0,225.0,66560
2026-02-17 14:15:00,14:15:00,223.85,230.85,221.45,230.85,31070
2026-02-17 14:16:00,14:16:00,181.3,205.35,179.35,201.8,671060
2026-02-17 14:17:00,14:17:00,203.55,204.7,190.05,191.35,353015
2026-02-17 14:18:00,14:18:00,192.3,199.15,191.35,198.35,148395
2026-02-17 14:19:00,14:19:00,199.0,202.9,194.65,196.7,243360
2026-02-17 14:20:00,14:20:00,196.7,201.4,196.3,201.4,103545
2026-02-17 14:21:00,14:21:00,201.25,209.0,198.5,205.85,285350
2026-02-17 14:22:00,14:22:00,205.75,207.0,196.8,200.65,145210
2026-02-17 14:23:00,14:23:00,200.6,202.0,189.4,198.4,172055
2026-02-17 14:24:00,14:24:00,196.95,198.5,193.0,197.0,122200
2026-02-17 14:25:00,14:25:00,197.4,197.95,193.0,194.4,78715
2026-02-17 14:26:00,14:26:00,190.2,200.45,190.2,199.25,135915
2026-02-17 14:27:00,14:27:00,199.55,207.35,194.4,195.35,265915
2026-02-17 14:28:00,14:28:00,195.2,197.45,183.9,184.2,324805
2026-02-17 14:29:00,14:29:00,182.8,191.15,181.55,181.7,178880
2026-02-17 14:30:00,14:30:00,182.25,186.7,180.4,183.55,190905
2026-02-17 14:31:00,14:31:00,187.2,187.5,172.0,172.0,199355
2026-02-17 14:32:00,14:32:00,173.55,190.55,172.0,184.8,284245
2026-02-17 14:33:00,14:33:00,185.55,196.6,183.3,196.1,285610
2026-02-17 14:34:00,14:34:00,196.95,200.35,189.85,198.85,293345
2026-02-17 14:35:00,14:35:00,199.7,199.7,194.1,198.2,131950
2026-02-17 14:36:00,14:36:00,198.35,209.95,195.5,209.45,305175
2026-02-17 14:37:00,14:37:00,211.05,218.35,209.0,214.6,527800
2026-02-17 14:38:00,14:38:00,215.55,223.1,213.05,223.1,286650
2026-02-17 14:39:00,14:39:00,225.35,235.35,223.1,230.2,511550
2026-02-17 14:40:00,14:40:00,179.5,184.45,175.1,176.2,358670
2026-02-17 14:41:00,14:41:00,225.15,227.95,215.95,227.2,243685
2026-02-17 14:42:00,14:42:00,177.05,181.95,176.0,180.55,153400
2026-02-17 14:43:00,14:43:00,180.8,186.45,174.2,175.4,249925
2026-02-17 14:44:00,14:44:00,223.6,225.3,217.0,218.65,172510
2026-02-17 14:45:00,14:45:00,221.2,224.25,213.0,217.85,211185
2026-02-17 14:46:00,14:46:00,218.6,219.5,214.0,218.45,111670
2026-02-17 14:47:00,14:47:00,218.9,220.1,214.95,219.0,92820
2026-02-17 14:48:00,14:48:00,220.0,220.0,207.25,209.55,175695
2026-02-17 14:49:00,14:49:00,209.9,218.25,207.55,214.55,95550
2026-02-17 14:50:00,14:50:00,214.4,216.3,207.55,213.25,102700
2026-02-17 14:51:00,14:51:00,213.45,218.05,209.45,218.0,88855
2026-02-17 14:52:00,14:52:00,219.2,225.0,216.5,220.7,229905
2026-02-17 14:53:00,14:53:00,220.25,220.75,210.95,219.0,118235
2026-02-17 14:54:00,14:54:00,219.75,225.3,217.0,224.05,156260
2026-02-17 14:55:00,14:55:00,223.1,226.2,214.9,214.9,147875
2026-02-17 14:56:00,14:56:00,213.4,214.9,197.7,201.6,309920
2026-02-17 14:57:00,14:57:00,201.2,204.55,197.9,199.3,241215
2026-02-17 14:58:00,14:58:00,198.95,217.3,198.95,216.6,213720
2026-02-17 14:59:00,14:59:00,216.05,219.55,210.0,216.0,195585
2026-02-17 15:00:00,15:00:00,169.45,186.65,165.95,182.45,457015
2026-02-17 15:01:00,15:01:00,181.5,192.15,177.25,187.1,328120
2026-02-17 15:02:00,15:02:00,237.55,240.75,224.35,227.2,246805
2026-02-17 15:03:00,15:03:00,228.3,232.0,226.4,228.8,171665
2026-02-17 15:04:00,15:04:00,229.5,229.65,219.3,221.95,222365
2026-02-17 15:05:00,15:05:00,221.0,227.1,216.0,227.0,220155
2026-02-17 15:06:00,15:06:00,177.8,185.1,177.2,181.4,263315
2026-02-17 15:07:00,15:07:00,181.1,181.4,176.15,177.4,171795
2026-02-17 15:08:00,15:08:00,178.25,181.7,177.25,179.1,87620
2026-02-17 15:09:00,15:09:00,179.55,182.85,178.65,180.7,94900
2026-02-17 15:10:00,15:10:00,231.0,231.0,223.75,223.75,95420
2026-02-17 15:11:00,15:11:00,223.85,228.15,223.2,226.85,93080
2026-02-17 15:12:00,15:12:00,227.45,229.3,226.5,228.35,52000
2026-02-17 15:13:00,15:13:00,178.85,179.65,177.2,177.75,46995
2026-02-17 15:14:00,15:14:00,226.9,227.6,224.75,226.5,114465
2026-02-17 15:15:00,15:15:00,226.0,227.55,225.1,225.4,103415
2026-02-17 15:16:00,15:16:00,176.1,177.6,175.55,176.75,96655
2026-02-17 15:17:00,15:17:00,176.8,177.85,176.3,177.2,59280
2026-02-17 15:18:00,15:18:00,226.7,227.0,222.15,222.4,118040
2026-02-17 15:19:00,15:19:00,221.95,225.25,221.95,224.7,51870
2026-02-17 15:20:00,15:20:00,175.0,177.0,174.35,176.25,115570
2026-02-17 15:21:00,15:21:00,176.0,176.9,175.5,176.35,27690
2026-02-17 15:22:00,15:22:00,176.55,176.55,175.8,176.1,35685
2026-02-17 15:23:00,15:23:00,176.3,177.0,175.8,176.45,20735
2026-02-17 15:24:00,15:24:00,226.0,226.25,225.2,225.95,48750
2026-02-17 15:25:00,15:25:00,225.25,226.5,225.25,225.6,52195
2026-02-17 15:26:00,15:26:00,225.9,226.05,224.9,225.35,60775
2026-02-17 15:27:00,15:27:00,225.7,226.05,225.05,225.8,110305
2026-02-17 15:28:00,15:28:00,225.4,225.95,225.05,225.05,76050
2026-02-17 15:29:00,15:29:00,225.55,225.85,224.85,225.0,50310
2026-02-18 09:15:00,09:15:00,441.15,441.8,425.0,425.0,2600
2026-02-18 09:16:00,09:16:00,420.05,425.75,417.5,424.0,5720
2026-02-18 09:17:00,09:17:00,382.05,387.95,378.95,385.55,19500
2026-02-18 09:18:00,09:18:00,388.4,388.9,381.6,387.8,21125
2026-02-18 09:19:00,09:19:00,386.0,399.65,386.0,390.55,14040
2026-02-18 09:20:00,09:20:00,392.55,392.55,380.15,380.15,15275
2026-02-18 09:21:00,09:21:00,422.5,428.0,419.4,423.8,1365
2026-02-18 09:22:00,09:22:00,426.95,427.1,419.75,419.75,1495
2026-02-18 09:23:00,09:23:00,424.75,424.75,410.0,411.25,2795
2026-02-18 09:24:00,09:24:00,414.7,415.6,406.45,406.45,910
2026-02-18 09:25:00,09:25:00,402.0,419.65,401.8,418.85,910
2026-02-18 09:26:00,09:26:00,418.6,419.05,414.45,419.05,910
2026-02-18 09:27:00,09:27:00,378.9,388.2,378.0,386.0,23920
2026-02-18 09:28:00,09:28:00,432.0,433.85,418.75,419.45,2275
2026-02-18 09:29:00,09:29:00,376.7,379.7,372.45,379.6,3250
2026-02-18 09:30:00,09:30:00,423.45,425.25,418.0,419.4,910
2026-02-18 09:31:00,09:31:00,420.35,421.5,408.35,408.35,2405
2026-02-18 09:32:00,09:32:00,409.05,416.4,408.35,415.65,975
2026-02-18 09:33:00,09:33:00,371.35,388.0,369.4,378.5,9945
2026-02-18 09:34:00,09:34:00,381.0,384.9,374.85,384.05,22750
2026-02-18 09:35:00,09:35:00,382.8,386.35,376.7,384.0,10855
2026-02-18 09:36:00,09:36:00,384.2,391.6,380.0,389.0,18655
2026-02-18 09:37:00,09:37:00,389.9,392.1,386.05,388.8,7345
2026-02-18 09:38:00,09:38:00,390.8,393.0,386.0,393.0,2795
2026-02-18 09:39:00,09:39:00,394.0,396.2,388.1,389.45,11960
2026-02-18 09:40:00,09:40:00,386.1,391.6,385.45,387.4,5720
2026-02-18 09:41:00,09:41:00,387.7,393.7,387.4,391.35,9360
2026-02-18 09:42:00,09:42:00,391.7,395.0,383.25,386.5,7735
2026-02-18 09:43:00,09:43:00,384.8,392.25,383.7,392.0,4420
2026-02-18 09:44:00,09:44:00,392.25,397.05,389.25,394.9,5200
2026-02-18 09:45:00,09:45:00,392.45,394.9,386.8,387.9,2860
2026-02-18 09:46:00,09:46:00,388.1,388.1,381.4,381.6,9750
2026-02-18 09:47:00,09:47:00,422.9,426.6,416.0,416.0,1625
2026-02-18 09:48:00,09:48:00,416.95,422.9,414.5,421.15,1755
2026-02-18 09:49:00,09:49:00,421.7,423.0,419.65,419.65,1105
2026-02-18 09:50:00,09:50:00,416.9,419.65,416.65,416.65,520
2026-02-18 09:51:00,09:51:00,419.3,422.25,416.65,418.6,975
2026-02-18 09:52:00,09:52:00,418.7,418.7,416.45,418.65,455
2026-02-18 09:53:00,09:53:00,413.75,418.65,408.0,417.05,1885
2026-02-18 09:54:00,09:54:00,410.45,417.05,402.4,402.4,1040
2026-02-18 09:55:00,09:55:00,403.85,403.85,388.45,388.5,1820
2026-02-18 09:56:00,09:56:00,384.9,388.5,382.45,387.1,1430
2026-02-18 09:57:00,09:57:00,426.85,430.4,420.0,422.4,25155
2026-02-18 09:58:00,09:58:00,427.7,428.35,418.75,421.55,5135
2026-02-18 09:59:00,09:59:00,421.0,422.75,415.3,421.15,39520
2026-02-18 10:00:00,10:00:00,422.55,422.55,409.95,414.9,15795
2026-02-18 10:01:00,10:01:00,412.9,419.1,408.95,416.4,15210
2026-02-18 10:02:00,10:02:00,417.1,417.1,411.6,415.9,10205
2026-02-18 10:03:00,10:03:00,416.65,419.0,414.05,419.0,6305
2026-02-18 10:04:00,10:04:00,418.75,422.7,418.7,420.35,4940
2026-02-18 10:05:00,10:05:00,419.0,428.4,419.0,424.6,8320
2026-02-18 10:06:00,10:06:00,423.8,427.4,423.0,425.85,6110
2026-02-18 10:07:00,10:07:00,425.15,425.85,413.0,413.15,6630
2026-02-18 10:08:00,10:08:00,411.15,420.1,406.3,420.0,6370
2026-02-18 10:09:00,10:09:00,421.2,424.25,419.85,420.35,4745
2026-02-18 10:10:00,10:10:00,419.15,420.7,415.6,417.95,4225
2026-02-18 10:11:00,10:11:00,417.85,425.0,417.7,423.75,1820
2026-02-18 10:12:00,10:12:00,425.0,425.75,422.05,425.75,3120
2026-02-18 10:13:00,10:13:00,425.35,425.75,416.0,416.05,2015
2026-02-18 10:14:00,10:14:00,418.0,420.2,415.0,415.0,1040
2026-02-18 10:15:00,10:15:00,412.75,417.95,412.75,415.0,1625
2026-02-18 10:16:00,10:16:00,415.45,415.45,410.8,411.2,5070
2026-02-18 10:17:00,10:17:00,409.15,411.2,400.0,407.4,7475
2026-02-18 10:18:00,10:18:00,408.0,423.3,407.4,423.3,5915
2026-02-18 10:19:00,10:19:00,424.0,427.5,422.55,423.85,2990
2026-02-18 10:20:00,10:20:00,423.05,425.0,420.0,420.3,1885
2026-02-18 10:21:00,10:21:00,417.5,422.85,417.0,420.0,1170
2026-02-18 10:22:00,10:22:00,419.5,423.35,417.0,423.35,845
2026-02-18 10:23:00,10:23:00,420.95,423.35,418.4,419.2,1040
2026-02-18 10:24:00,10:24:00,424.0,428.35,419.2,420.0,2730
2026-02-18 10:25:00,10:25:00,420.0,420.6,415.95,415.95,3315
2026-02-18 10:26:00,10:26:00,414.0,415.95,406.2,407.8,4095
2026-02-18 10:27:00,10:27:00,409.05,411.15,405.25,405.25,9295
2026-02-18 10:28:00,10:28:00,406.85,410.0,403.0,409.3,2990
2026-02-18 10:29:00,10:29:00,411.4,420.0,409.3,417.25,52065
2026-02-18 10:30:00,10:30:00,419.55,421.0,413.6,416.65,2925
2026-02-18 10:31:00,10:31:00,416.45,422.0,416.45,419.9,2080
2026-02-18 10:32:00,10:32:00,418.95,421.65,418.95,420.45,1430
2026-02-18 10:33:00,10:33:00,419.85,425.55,419.85,425.55,4095
2026-02-18 10:34:00,10:34:00,424.6,425.55,421.1,421.1,2145
2026-02-18 10:35:00,10:35:00,378.15,385.0,377.65,385.0,3055
2026-02-18 10:36:00,10:36:00,385.0,385.0,382.0,384.1,1300
2026-02-18 10:37:00,10:37:00,384.75,388.95,380.1,380.1,2925
2026-02-18 10:38:00,10:38:00,423.3,423.85,413.0,414.1,6890
2026-02-18 10:39:00,10:39:00,415.25,418.1,412.0,412.0,13455
2026-02-18 10:40:00,10:40:00,413.0,414.25,408.0,409.5,3380
2026-02-18 10:41:00,10:41:00,408.0,411.15,408.0,410.1,2080
2026-02-18 10:42:00,10:42:00,413.55,416.95,410.1,416.2,13325
2026-02-18 10:43:00,10:43:00,412.3,416.2,412.0,412.0,780
2026-02-18 10:44:00,10:44:00,412.0,414.2,411.85,413.35,9555
2026-02-18 10:45:00,10:45:00,410.0,418.1,410.0,415.0,5980
2026-02-18 10:46:00,10:46:00,414.8,422.0,414.8,422.0,7345
2026-02-18 10:47:00,10:47:00,379.1,383.6,378.8,382.85,5135
2026-02-18 10:48:00,10:48:00,382.4,382.85,376.55,382.0,2210
2026-02-18 10:49:00,10:49:00,381.4,382.7,379.1,380.65,975
2026-02-18 10:50:00,10:50:00,381.45,381.95,380.65,381.95,325
2026-02-18 10:51:00,10:51:00,381.75,381.95,379.6,381.8,845
2026-02-18 10:52:00,10:52:00,382.5,385.0,381.8,385.0,390
2026-02-18 10:53:00,10:53:00,387.9,395.0,385.0,395.0,3315
2026-02-18 10:54:00,10:54:00,395.2,395.2,393.6,394.0,585
2026-02-18 10:55:00,10:55:00,390.65,394.05,388.1,393.6,1820
2026-02-18 10:56:00,10:56:00,393.6,397.55,393.15,393.15,2080
2026-02-18 10:57:00,10:57:00,396.3,398.0,393.15,397.85,1755
2026-02-18 10:58:00,10:58:00,398.0,405.0,397.85,405.0,3250
2026-02-18 10:59:00,10:59:00,405.1,407.25,403.7,403.7,1560
2026-02-18 11:00:00,11:00:00,404.0,407.9,403.3,406.0,975
2026-02-18 11:01:00,11:01:00,405.65,406.0,401.95,403.45,1430
2026-02-18 11:02:00,11:02:00,405.25,411.0,403.45,409.15,1430
2026-02-18 11:03:00,11:03:00,409.5,409.5,402.75,403.4,780
2026-02-18 11:04:00,11:04:00,403.7,409.0,403.4,407.55,520
2026-02-18 11:05:00,11:05:00,405.85,407.55,402.15,402.15,520
2026-02-18 11:06:00,11:06:00,402.3,403.85,402.15,403.85,455
2026-02-18 11:07:00,11:07:00,401.4,407.8,401.4,406.95,455
2026-02-18 11:08:00,11:08:00,405.8,406.95,405.8,405.95,325
2026-02-18 11:09:00,11:09:00,410.0,410.0,405.95,407.9,130
2026-02-18 11:10:00,11:10:00,409.55,409.55,407.9,409.55,130
2026-02-18 11:11:00,11:11:00,406.65,409.55,403.8,403.8,520
2026-02-18 11:12:00,11:12:00,404.85,405.1,392.6,392.6,1495
2026-02-18 11:13:00,11:13:00,391.7,400.2,390.0,399.5,2340
2026-02-18 11:14:00,11:14:00,403.95,408.15,399.5,408.15,1105
2026-02-18 11:15:00,11:15:00,404.6,408.15,399.5,399.5,780
2026-02-18 11:16:00,11:16:00,396.85,399.5,395.65,395.65,325
2026-02-18 11:17:00,11:17:00,393.15,395.65,389.85,389.85,715
2026-02-18 11:18:00,11:18:00,392.15,397.0,389.85,396.15,975
2026-02-18 11:19:00,11:19:00,388.8,396.15,388.8,390.55,1300
2026-02-18 11:20:00,11:20:00,391.0,393.95,390.55,393.95,325
2026-02-18 11:21:00,11:21:00,396.8,396.8,392.95,393.25,195
2026-02-18 11:22:00,11:22:00,396.95,397.0,393.25,397.0,455
2026-02-18 11:23:00,11:23:00,399.0,399.0,397.0,399.0,65
2026-02-18 11:24:00,11:24:00,394.75,399.0,390.65,390.65,390
2026-02-18 11:25:00,11:25:00,385.15,390.65,385.15,385.15,65
2026-02-18 11:26:00,11:26:00,383.1,389.2,380.0,389.2,2275
2026-02-18 11:27:00,11:27:00,388.75,393.0,388.75,393.0,650
2026-02-18 11:28:00,11:28:00,392.55,397.4,392.55,396.8,1820
2026-02-18 11:29:00,11:29:00,396.55,401.4,396.55,401.4,195
2026-02-18 11:30:00,11:30:00,399.6,401.4,393.5,393.5,1235
2026-02-18 11:31:00,11:31:00,396.35,399.1,393.5,399.1,1235
2026-02-18 11:32:00,11:32:00,397.2,403.65,397.2,403.65,650
2026-02-18 11:33:00,11:33:00,400.2,406.75,400.2,406.75,1300
2026-02-18 11:34:00,11:34:00,409.3,422.0,406.75,418.8,3120
2026-02-18 11:35:00,11:35:00,419.55,419.65,413.0,414.35,2860
2026-02-18 11:36:00,11:36:00,414.15,414.35,410.3,410.3,845
2026-02-18 11:37:00,11:37:00,406.25,410.3,404.0,404.0,325
2026-02-18 11:38:00,11:38:00,406.85,406.85,402.05,402.05,650
2026-02-18 11:39:00,11:39:00,400.4,403.05,400.4,401.8,390
2026-02-18 11:40:00,11:40:00,401.8,401.8,401.8,401.8,0
2026-02-18 11:41:00,11:41:00,397.9,401.8,388.4,389.05,2145
2026-02-18 11:42:00,11:42:00,389.4,389.4,383.85,384.15,2795
2026-02-18 11:43:00,11:43:00,381.55,384.3,379.9,384.15,975
2026-02-18 11:44:00,11:44:00,384.35,389.2,383.05,387.15,585
2026-02-18 11:45:00,11:45:00,388.7,388.7,387.15,387.6,195
2026-02-18 11:46:00,11:46:00,384.0,387.6,384.0,384.3,260
2026-02-18 11:47:00,11:47:00,387.05,389.25,384.3,389.25,260
2026-02-18 11:48:00,11:48:00,386.15,389.25,384.2,384.2,130
2026-02-18 11:49:00,11:49:00,386.1,388.5,384.2,388.15,780
2026-02-18 11:50:00,11:50:00,390.55,392.05,388.15,391.65,260
2026-02-18 11:51:00,11:51:00,392.0,392.0,390.65,390.8,1365
2026-02-18 11:52:00,11:52:00,387.9,390.8,385.75,386.0,585
2026-02-18 11:53:00,11:53:00,389.55,389.55,386.0,389.55,65
2026-02-18 11:54:00,11:54:00,390.5,390.5,389.55,390.5,585
2026-02-18 11:55:00,11:55:00,390.5,390.5,390.5,390.5,0
2026-02-18 11:56:00,11:56:00,393.5,393.5,390.3,392.1,780
2026-02-18 11:57:00,11:57:00,391.45,394.0,391.45,394.0,195
2026-02-18 11:58:00,11:58:00,395.0,395.25,392.55,392.55,455
2026-02-18 11:59:00,11:59:00,391.6,399.85,391.6,399.85,585
2026-02-18 12:00:00,12:00:00,401.6,403.0,398.35,403.0,910
2026-02-18 12:01:00,12:01:00,404.55,405.25,403.0,405.25,390
2026-02-18 12:02:00,12:02:00,410.75,410.75,403.65,403.65,390
2026-02-18 12:03:00,12:03:00,399.0,403.65,399.0,400.7,260
2026-02-18 12:04:00,12:04:00,404.05,404.1,400.7,403.75,260
2026-02-18 12:05:00,12:05:00,401.45,403.75,401.45,401.45,65
2026-02-18 12:06:00,12:06:00,404.6,404.85,401.45,404.75,325
2026-02-18 12:07:00,12:07:00,408.3,410.0,404.75,410.0,260
2026-02-18 12:08:00,12:08:00,412.25,413.4,410.0,410.25,585
2026-02-18 12:09:00,12:09:00,411.0,412.55,410.25,412.55,195
2026-02-18 12:10:00,12:10:00,411.25,412.55,411.2,411.2,260
2026-02-18 12:11:00,12:11:00,406.65,414.85,406.65,411.85,2275
2026-02-18 12:12:00,12:12:00,410.5,411.85,407.25,409.2,780
2026-02-18 12:13:00,12:13:00,405.3,410.9,405.3,409.3,325
2026-02-18 12:14:00,12:14:00,412.0,412.35,409.3,411.55,260
2026-02-18 12:15:00,12:15:00,415.0,415.0,411.55,413.45,260
2026-02-18 12:16:00,12:16:00,416.6,421.3,413.45,418.75,1235
2026-02-18 12:17:00,12:17:00,418.75,418.75,413.1,413.1,650
2026-02-18 12:18:00,12:18:00,414.9,414.9,413.1,414.9,130
2026-02-18 12:19:00,12:19:00,410.7,414.9,410.7,410.7,65
2026-02-18 12:20:00,12:20:00,410.2,414.45,410.2,411.2,390
2026-02-18 12:21:00,12:21:00,413.55,417.5,411.2,416.9,845
2026-02-18 12:22:00,12:22:00,416.05,420.4,413.8,413.8,650
2026-02-18 12:23:00,12:23:00,415.55,416.15,413.8,416.0,650
2026-02-18 12:24:00,12:24:00,422.8,422.8,416.0,420.85,325
2026-02-18 12:25:00,12:25:00,423.75,423.75,409.8,409.8,325
2026-02-18 12:26:00,12:26:00,407.2,409.8,404.8,409.1,845
2026-02-18 12:27:00,12:27:00,404.6,409.1,404.6,407.9,585
2026-02-18 12:28:00,12:28:00,410.55,413.05,407.9,413.05,1430
2026-02-18 12:29:00,12:29:00,417.85,417.85,413.05,416.1,130
2026-02-18 12:30:00,12:30:00,410.45,416.1,410.45,415.25,780
2026-02-18 12:31:00,12:31:00,418.35,418.35,415.25,418.0,845
2026-02-18 12:32:00,12:32:00,419.5,424.2,418.0,423.75,780
2026-02-18 12:33:00,12:33:00,420.9,423.75,420.9,422.05,1495
2026-02-18 12:34:00,12:34:00,425.0,425.8,421.05,421.05,845
2026-02-18 12:35:00,12:35:00,376.1,381.95,376.1,376.1,8125
2026-02-18 12:36:00,12:36:00,420.0,421.2,419.1,421.15,520
2026-02-18 12:37:00,12:37:00,376.75,382.2,375.55,380.3,5850
2026-02-18 12:38:00,12:38:00,380.7,382.05,379.05,381.9,6955
2026-02-18 12:39:00,12:39:00,383.95,385.5,379.0,384.0,13520
2026-02-18 12:40:00,12:40:00,428.35,428.35,420.0,421.25,1625
2026-02-18 12:41:00,12:41:00,417.05,421.25,416.05,418.55,910
2026-02-18 12:42:00,12:42:00,372.35,381.7,372.35,380.75,10075
2026-02-18 12:43:00,12:43:00,382.0,382.0,377.65,380.0,3640
2026-02-18 12:44:00,12:44:00,381.0,382.0,378.05,380.75,4940
2026-02-18 12:45:00,12:45:00,422.35,424.6,421.65,421.65,455
2026-02-18 12:46:00,12:46:00,377.05,380.4,376.85,380.05,6825
2026-02-18 12:47:00,12:47:00,380.25,381.45,377.45,378.2,2340
2026-02-18 12:48:00,12:48:00,421.65,424.0,420.35,420.35,390
2026-02-18 12:49:00,12:49:00,420.5,420.5,416.0,416.0,455
2026-02-18 12:50:00,12:50:00,413.95,416.0,412.1,413.6,390
2026-02-18 12:51:00,12:51:00,417.55,417.55,413.6,414.8,1040
2026-02-18 12:52:00,12:52:00,416.55,418.05,414.8,418.05,130
2026-02-18 12:53:00,12:53:00,374.0,382.1,373.85,382.1,9165
2026-02-18 12:54:00,12:54:00,382.1,383.0,379.0,379.0,6045
2026-02-18 12:55:00,12:55:00,422.7,425.75,422.7,425.05,195
2026-02-18 12:56:00,12:56:00,419.35,425.05,419.35,423.4,260
2026-02-18 12:57:00,12:57:00,381.2,383.5,380.55,382.05,3380
2026-02-18 12:58:00,12:58:00,382.0,388.0,382.0,385.8,22165
2026-02-18 12:59:00,12:59:00,386.15,387.8,382.25,386.45,9165
2026-02-18 13:00:00,13:00:00,386.65,390.0,383.75,386.75,7540
2026-02-18 13:01:00,13:01:00,389.0,395.15,386.75,389.4,17420
2026-02-18 13:02:00,13:02:00,390.5,390.5,380.0,380.0,7410
2026-02-18 13:03:00,13:03:00,379.4,380.0,373.45,379.55,4745
2026-02-18 13:04:00,13:04:00,379.8,388.7,379.55,388.7,4095
2026-02-18 13:05:00,13:05:00,388.8,390.5,386.0,389.2,5850
2026-02-18 13:06:00,13:06:00,389.2,389.5,385.3,385.4,2990
2026-02-18 13:07:00,13:07:00,385.4,386.85,382.1,382.1,4290
2026-02-18 13:08:00,13:08:00,382.95,385.65,382.0,383.65,2405
2026-02-18 13:09:00,13:09:00,384.55,385.15,382.45,384.3,2080
2026-02-18 13:10:00,13:10:00,428.85,428.85,422.15,422.15,585
2026-02-18 13:11:00,13:11:00,422.45,422.45,419.35,419.35,195
2026-02-18 13:12:00,13:12:00,379.8,382.8,378.4,382.8,4160
2026-02-18 13:13:00,13:13:00,383.2,384.25,381.5,383.5,5265
2026-02-18 13:14:00,13:14:00,382.15,388.2,381.7,387.1,7800
2026-02-18 13:15:00,13:15:00,388.4,395.0,387.1,393.0,16640
2026-02-18 13:16:00,13:16:00,393.0,395.0,390.6,390.6,3575
2026-02-18 13:17:00,13:17:00,389.6,390.6,381.25,384.85,5850
2026-02-18 13:18:00,13:18:00,387.75,389.1,384.85,389.1,585
2026-02-18 13:19:00,13:19:00,388.7,392.85,387.55,392.0,2275
2026-02-18 13:20:00,13:20:00,390.0,393.5,390.0,390.65,6435
2026-02-18 13:21:00,13:21:00,392.0,394.15,389.4,390.0,4745
2026-02-18 13:22:00,13:22:00,390.45,392.8,387.15,392.8,2925
2026-02-18 13:23:00,13:23:00,392.75,400.1,392.0,400.1,27755
2026-02-18 13:24:00,13:24:00,400.0,400.1,391.65,391.65,7475
2026-02-18 13:25:00,13:25:00,391.7,393.55,384.45,384.45,9490
2026-02-18 13:26:00,13:26:00,385.05,389.0,383.0,387.05,7865
2026-02-18 13:27:00,13:27:00,387.75,387.75,384.4,385.6,2210
2026-02-18 13:28:00,13:28:00,426.55,429.9,425.0,425.0,390
2026-02-18 13:29:00,13:29:00,382.85,385.0,380.0,385.0,10725
2026-02-18 13:30:00,13:30:00,384.65,386.4,383.6,383.65,2795
2026-02-18 13:31:00,13:31:00,384.15,388.0,383.65,386.0,4940
2026-02-18 13:32:00,13:32:00,385.0,388.0,381.55,383.65,2210
2026-02-18 13:33:00,13:33:00,385.8,385.8,382.85,382.85,390
2026-02-18 13:34:00,13:34:00,386.35,386.45,382.85,385.0,715
2026-02-18 13:35:00,13:35:00,385.4,387.0,385.0,387.0,650
2026-02-18 13:36:00,13:36:00,430.7,431.05,426.6,426.6,585
2026-02-18 13:37:00,13:37:00,427.95,429.25,423.9,424.05,715
2026-02-18 13:38:00,13:38:00,378.3,382.0,378.3,382.0,2470
2026-02-18 13:39:00,13:39:00,424.9,428.15,424.9,424.9,130
2026-02-18 13:40:00,13:40:00,379.1,385.4,379.1,385.4,1560
2026-02-18 13:41:00,13:41:00,431.2,431.6,429.3,429.3,585
2026-02-18 13:42:00,13:42:00,427.0,429.3,422.5,422.5,130
2026-02-18 13:43:00,13:43:00,426.8,426.8,422.25,423.45,455
2026-02-18 13:44:00,13:44:00,424.75,429.8,423.45,429.8,325
2026-02-18 13:45:00,13:45:00,384.9,392.6,384.9,391.8,9230
2026-02-18 13:46:00,13:46:00,392.95,394.5,389.25,389.85,4875
2026-02-18 13:47:00,13:47:00,392.55,392.55,385.0,385.9,11505
2026-02-18 13:48:00,13:48:00,384.4,394.65,384.4,392.4,2145
2026-02-18 13:49:00,13:49:00,392.85,393.9,388.25,390.05,10010
2026-02-18 13:50:00,13:50:00,391.5,392.6,390.05,392.6,1950
2026-02-18 13:51:00,13:51:00,393.8,398.15,392.45,396.2,6760
2026-02-18 13:52:00,13:52:00,396.7,399.9,386.55,387.3,7670
2026-02-18 13:53:00,13:53:00,432.3,432.5,417.95,419.8,3055
2026-02-18 13:54:00,13:54:00,420.8,420.9,415.0,415.0,650
2026-02-18 13:55:00,13:55:00,410.6,416.85,410.6,416.2,1235
2026-02-18 13:56:00,13:56:00,413.6,416.2,411.55,412.95,390
2026-02-18 13:57:00,13:57:00,420.3,422.95,412.95,419.2,1235
2026-02-18 13:58:00,13:58:00,426.1,426.1,419.2,422.85,1495
2026-02-18 13:59:00,13:59:00,424.15,424.4,422.5,424.4,455
2026-02-18 14:00:00,14:00:00,379.55,380.05,376.25,377.5,2860
2026-02-18 14:01:00,14:01:00,422.45,422.45,420.0,420.3,650
2026-02-18 14:02:00,14:02:00,418.45,421.65,418.45,421.65,390
2026-02-18 14:03:00,14:03:00,422.7,424.8,421.65,424.55,715
2026-02-18 14:04:00,14:04:00,378.25,380.0,376.85,379.7,520
2026-02-18 14:05:00,14:05:00,380.5,385.35,379.7,384.85,8580
2026-02-18 14:06:00,14:06:00,381.95,384.85,381.55,382.0,11635
2026-02-18 14:07:00,14:07:00,381.3,384.85,380.8,384.85,6565
2026-02-18 14:08:00,14:08:00,384.1,387.0,384.1,386.8,5720
2026-02-18 14:09:00,14:09:00,387.6,390.0,385.6,387.6,5005
2026-02-18 14:10:00,14:10:00,389.6,391.7,387.55,391.7,3900
2026-02-18 14:11:00,14:11:00,391.45,406.4,390.9,403.8,22360
2026-02-18 14:12:00,14:12:00,403.85,412.8,402.95,412.55,32435
2026-02-18 14:13:00,14:13:00,414.45,417.6,410.1,411.4,25610
2026-02-18 14:14:00,14:14:00,410.7,415.0,410.3,415.0,3250
2026-02-18 14:15:00,14:15:00,419.9,421.2,414.4,415.5,15600
2026-02-18 14:16:00,14:16:00,414.2,415.5,406.0,413.3,17225
2026-02-18 14:17:00,14:17:00,414.05,420.05,413.3,420.05,9230
2026-02-18 14:18:00,14:18:00,420.6,428.05,419.4,426.35,14625
2026-02-18 14:19:00,14:19:00,426.75,434.5,425.4,434.15,22685
2026-02-18 14:20:00,14:20:00,387.25,394.0,387.25,394.0,10075
2026-02-18 14:21:00,14:21:00,397.75,401.05,394.0,397.0,7865
2026-02-18 14:22:00,14:22:00,399.2,412.8,397.0,405.5,8515
2026-02-18 14:23:00,14:23:00,405.65,412.75,405.5,412.75,6760
2026-02-18 14:24:00,14:24:00,411.05,412.75,404.7,410.75,5785
2026-02-18 14:25:00,14:25:00,409.9,410.75,398.1,398.55,5720
2026-02-18 14:26:00,14:26:00,398.05,407.1,398.05,406.9,4160
2026-02-18 14:27:00,14:27:00,407.75,413.5,406.9,411.2,4485
2026-02-18 14:28:00,14:28:00,411.35,412.35,403.05,403.05,7085
2026-02-18 14:29:00,14:29:00,402.8,403.85,399.45,402.45,1430
2026-02-18 14:30:00,14:30:00,401.45,402.45,399.6,401.85,650
2026-02-18 14:31:00,14:31:00,396.5,401.85,390.45,392.4,2665
2026-02-18 14:32:00,14:32:00,393.8,401.35,392.4,400.7,1950
2026-02-18 14:33:00,14:33:00,402.7,408.0,400.7,403.65,2080
2026-02-18 14:34:00,14:34:00,400.95,403.65,392.55,394.05,1365
2026-02-18 14:35:00,14:35:00,393.75,394.05,393.75,393.75,195
2026-02-18 14:36:00,14:36:00,399.25,403.0,393.75,399.45,1105
2026-02-18 14:37:00,14:37:00,400.8,400.8,395.6,396.0,2080
2026-02-18 14:38:00,14:38:00,395.35,396.0,392.0,393.75,780
2026-02-18 14:39:00,14:39:00,395.0,396.05,393.75,394.75,520
2026-02-18 14:40:00,14:40:00,393.9,394.75,391.0,391.0,715
2026-02-18 14:41:00,14:41:00,395.0,397.4,391.0,395.0,2015
2026-02-18 14:42:00,14:42:00,394.5,395.4,390.2,391.4,1300
2026-02-18 14:43:00,14:43:00,394.6,394.6,391.4,393.3,1105
2026-02-18 14:44:00,14:44:00,394.65,396.1,393.3,394.75,3575
2026-02-18 14:45:00,14:45:00,393.35,394.75,388.75,388.75,260
2026-02-18 14:46:00,14:46:00,436.15,436.15,431.4,434.2,3380
2026-02-18 14:47:00,14:47:00,388.8,395.15,388.8,390.4,2145
2026-02-18 14:48:00,14:48:00,387.55,391.65,385.6,391.65,1235
2026-02-18 14:49:00,14:49:00,394.65,395.05,391.65,394.35,1300
2026-02-18 14:50:00,14:50:00,396.4,397.45,394.35,396.75,520
2026-02-18 14:51:00,14:51:00,399.0,401.0,396.65,399.5,1105
2026-02-18 14:52:00,14:52:00,402.15,402.75,396.8,398.95,3315
2026-02-18 14:53:00,14:53:00,400.35,400.35,398.7,398.7,130
2026-02-18 14:54:00,14:54:00,397.15,398.7,397.15,397.15,1300
2026-02-18 14:55:00,14:55:00,397.15,397.15,397.15,397.15,0
2026-02-18 14:56:00,14:56:00,405.0,406.0,397.15,399.45,780
2026-02-18 14:57:00,14:57:00,404.3,404.3,399.45,402.75,845
2026-02-18 14:58:00,14:58:00,404.25,405.0,400.55,400.55,1105
2026-02-18 14:59:00,14:59:00,400.85,401.25,398.4,399.3,4745
2026-02-18 15:00:00,15:00:00,405.05,430.1,399.3,426.6,11830
2026-02-18 15:01:00,15:01:00,382.95,383.7,372.7,380.6,104780
2026-02-18 15:02:00,15:02:00,424.5,425.8,406.85,413.9,5720
2026-02-18 15:03:00,15:03:00,414.05,414.05,411.4,412.5,4745
2026-02-18 15:04:00,15:04:00,414.1,417.2,411.0,412.8,2340
2026-02-18 15:05:00,15:05:00,412.8,416.0,408.7,409.1,2990
2026-02-18 15:06:00,15:06:00,407.85,412.45,407.45,412.05,4680
2026-02-18 15:07:00,15:07:00,413.65,416.8,412.05,416.65,2015
2026-02-18 15:08:00,15:08:00,415.4,417.2,412.35,412.35,1105
2026-02-18 15:09:00,15:09:00,368.5,375.3,368.15,375.3,31590
2026-02-18 15:10:00,15:10:00,376.0,376.0,372.2,372.25,40820
2026-02-18 15:11:00,15:11:00,417.4,419.0,415.9,417.25,325
2026-02-18 15:12:00,15:12:00,416.7,417.25,414.9,414.9,325
2026-02-18 15:13:00,15:13:00,414.15,414.9,413.8,413.8,1365
2026-02-18 15:14:00,15:14:00,411.1,414.7,411.1,414.7,1690
2026-02-18 15:15:00,15:15:00,413.1,418.0,412.45,414.0,6305
2026-02-18 15:16:00,15:16:00,414.75,414.75,410.65,414.6,2535
2026-02-18 15:17:00,15:17:00,414.65,416.6,414.5,416.5,7215
2026-02-18 15:18:00,15:18:00,372.0,372.35,368.25,370.95,26065
2026-02-18 15:19:00,15:19:00,415.85,415.85,407.1,407.1,1560
2026-02-18 15:20:00,15:20:00,408.7,411.7,407.1,411.5,4160
2026-02-18 15:21:00,15:21:00,410.65,411.5,409.9,411.1,4225
2026-02-18 15:22:00,15:22:00,411.3,412.35,411.1,411.2,390
2026-02-18 15:23:00,15:23:00,412.4,412.4,411.2,412.3,325
2026-02-18 15:24:00,15:24:00,410.8,413.8,410.8,412.2,2925
2026-02-18 15:25:00,15:25:00,412.25,412.3,410.85,411.7,2470
2026-02-18 15:26:00,15:26:00,411.55,413.4,411.55,411.55,2145
2026-02-18 15:27:00,15:27:00,411.9,411.9,410.25,411.15,1430
2026-02-18 15:28:00,15:28:00,411.5,413.6,410.85,411.45,3770
2026-02-18 15:29:00,15:29:00,412.95,413.35,411.45,412.1,2405
2026-02-19 09:15:00,09:15:00,424.75,439.45,412.7,421.5,7800
2026-02-19 09:16:00,09:16:00,420.8,428.45,415.25,423.45,4550
2026-02-19 09:17:00,09:17:00,422.9,443.2,421.5,443.2,4030
2026-02-19 09:18:00,09:18:00,441.0,443.2,435.0,437.2,1885
2026-02-19 09:19:00,09:19:00,435.0,437.2,431.0,431.0,1560
2026-02-19 09:20:00,09:20:00,428.0,440.95,426.6,440.3,845
2026-02-19 09:21:00,09:21:00,444.0,448.4,440.3,444.0,12805
2026-02-19 09:22:00,09:22:00,446.35,447.0,443.85,443.85,585
2026-02-19 09:23:00,09:23:00,436.0,443.85,432.8,441.25,1365
2026-02-19 09:24:00,09:24:00,436.15,441.25,428.0,428.0,585
2026-02-19 09:25:00,09:25:00,428.45,428.45,421.95,421.95,845
2026-02-19 09:26:00,09:26:00,418.7,421.95,411.8,413.15,4420
2026-02-19 09:27:00,09:27:00,413.75,415.9,408.7,411.2,7215
2026-02-19 09:28:00,09:28:00,457.3,458.4,444.0,445.05,8450
2026-02-19 09:29:00,09:29:00,445.5,453.4,444.0,444.0,5330
2026-02-19 09:30:00,09:30:00,445.6,447.65,437.0,443.1,21645
2026-02-19 09:31:00,09:31:00,440.7,449.45,436.0,439.0,13065
2026-02-19 09:32:00,09:32:00,438.5,445.85,435.4,442.2,4875
2026-02-19 09:33:00,09:33:00,439.9,442.2,437.35,437.35,7540
2026-02-19 09:34:00,09:34:00,436.7,440.0,435.05,435.6,2405
2026-02-19 09:35:00,09:35:00,434.9,445.8,434.85,440.05,7800
2026-02-19 09:36:00,09:36:00,441.0,444.6,437.45,438.45,5590
2026-02-19 09:37:00,09:37:00,441.1,442.0,419.25,422.7,9750
2026-02-19 09:38:00,09:38:00,420.55,422.7,415.1,416.7,19370
2026-02-19 09:39:00,09:39:00,415.0,425.55,413.0,421.45,18330
2026-02-19 09:40:00,09:40:00,421.95,425.55,419.15,420.0,4355
2026-02-19 09:41:00,09:41:00,419.35,425.05,419.35,425.05,3965
2026-02-19 09:42:00,09:42:00,425.35,426.2,419.65,423.3,6045
2026-02-19 09:43:00,09:43:00,421.1,423.9,416.4,419.4,6500
2026-02-19 09:44:00,09:44:00,420.3,422.25,417.25,419.45,3640
2026-02-19 09:45:00,09:45:00,417.5,420.85,417.0,420.5,6890
2026-02-19 09:46:00,09:46:00,422.0,425.0,416.65,425.0,5135
2026-02-19 09:47:00,09:47:00,425.35,430.0,423.0,430.0,9555
2026-02-19 09:48:00,09:48:00,429.0,438.75,428.75,434.15,21970
2026-02-19 09:49:00,09:49:00,436.4,441.35,434.15,439.95,6045
2026-02-19 09:50:00,09:50:00,439.75,439.95,431.45,432.1,4160
2026-02-19 09:51:00,09:51:00,432.35,435.7,425.2,425.2,7800
2026-02-19 09:52:00,09:52:00,427.85,432.3,419.9,420.55,8385
2026-02-19 09:53:00,09:53:00,419.65,425.0,416.3,422.2,7670
2026-02-19 09:54:00,09:54:00,422.25,425.7,416.15,416.95,2860
2026-02-19 09:55:00,09:55:00,416.8,420.45,416.0,419.0,1625
2026-02-19 09:56:00,09:56:00,419.5,420.4,412.9,419.25,9425
2026-02-19 09:57:00,09:57:00,416.75,419.25,416.75,417.45,10400
2026-02-19 09:58:00,09:58:00,467.2,467.2,467.2,467.2,0
2026-02-19 09:59:00,09:59:00,457.55,467.2,456.9,459.55,1495
2026-02-19 10:00:00,10:00:00,459.4,465.7,459.4,465.7,195
2026-02-19 10:01:00,10:01:00,462.85,465.7,462.85,462.85,325
2026-02-19 10:02:00,10:02:00,453.45,462.85,452.95,454.15,715
2026-02-19 10:03:00,10:03:00,410.15,422.05,408.9,420.0,8840
2026-02-19 10:04:00,10:04:00,420.5,424.15,418.15,423.0,9555
2026-02-19 10:05:00,10:05:00,422.1,426.05,421.25,425.3,7930
2026-02-19 10:06:00,10:06:00,425.1,426.15,422.85,423.7,2145
2026-02-19 10:07:00,10:07:00,424.7,425.0,415.35,418.55,7605
2026-02-19 10:08:00,10:08:00,419.75,421.15,412.3,421.15,2470
2026-02-19 10:09:00,10:09:00,421.4,421.8,414.55,415.7,4355
2026-02-19 10:10:00,10:10:00,415.5,420.0,413.65,416.25,1625
2026-02-19 10:11:00,10:11:00,450.0,460.2,450.0,458.1,260
2026-02-19 10:12:00,10:12:00,457.7,458.1,452.0,452.0,195
2026-02-19 10:13:00,10:13:00,453.0,453.0,448.65,448.65,390
2026-02-19 10:14:00,10:14:00,447.95,448.65,435.0,440.6,1040
2026-02-19 10:15:00,10:15:00,442.2,442.2,434.8,436.1,1820
2026-02-19 10:16:00,10:16:00,434.9,441.2,434.9,440.05,1885
2026-02-19 10:17:00,10:17:00,440.3,444.95,439.35,444.95,715
2026-02-19 10:18:00,10:18:00,445.7,448.1,444.95,446.9,1235
2026-02-19 10:19:00,10:19:00,446.55,446.9,446.25,446.25,520
2026-02-19 10:20:00,10:20:00,441.9,446.25,441.9,441.9,65
2026-02-19 10:21:00,10:21:00,435.6,441.9,434.9,437.8,1300
2026-02-19 10:22:00,10:22:00,435.15,442.65,433.95,441.35,1755
2026-02-19 10:23:00,10:23:00,445.2,446.2,441.35,446.2,780
2026-02-19 10:24:00,10:24:00,443.55,446.2,443.55,443.55,195
2026-02-19 10:25:00,10:25:00,439.2,443.55,439.2,439.95,260
2026-02-19 10:26:00,10:26:00,437.2,439.95,437.2,439.2,390
2026-02-19 10:27:00,10:27:00,436.6,439.2,425.0,429.75,3315
2026-02-19 10:28:00,10:28:00,430.15,434.2,426.75,432.9,1235
2026-02-19 10:29:00,10:29:00,434.9,440.0,432.9,438.95,845
2026-02-19 10:30:00,10:30:00,436.85,438.95,431.55,432.35,520
2026-02-19 10:31:00,10:31:00,428.75,436.15,428.75,435.85,715
2026-02-19 10:32:00,10:32:00,436.8,440.1,435.85,440.1,1040
2026-02-19 10:33:00,10:33:00,437.85,440.6,434.95,434.95,1235
2026-02-19 10:34:00,10:34:00,434.95,436.35,427.5,427.5,715
2026-02-19 10:35:00,10:35:00,427.75,432.5,426.2,428.65,2015
2026-02-19 10:36:00,10:36:00,427.75,428.8,423.3,424.5,1235
2026-02-19 10:37:00,10:37:00,468.3,470.9,457.0,457.0,8320
2026-02-19 10:38:00,10:38:00,455.8,459.05,453.3,458.3,6955
2026-02-19 10:39:00,10:39:00,458.2,458.3,453.4,453.4,1235
2026-02-19 10:40:00,10:40:00,453.0,457.0,446.1,453.75,4290
2026-02-19 10:41:00,10:41:00,409.65,417.7,409.65,417.5,2730
2026-02-19 10:42:00,10:42:00,417.05,417.5,410.55,414.3,5655
2026-02-19 10:43:00,10:43:00,414.9,421.8,414.3,421.8,6175
2026-02-19 10:44:00,10:44:00,420.3,421.8,418.0,419.4,650
2026-02-19 10:45:00,10:45:00,418.3,419.4,412.2,412.2,195
2026-02-19 10:46:00,10:46:00,413.55,416.25,411.7,416.25,780
2026-02-19 10:47:00,10:47:00,461.55,463.35,461.55,462.6,1560
2026-02-19 10:48:00,10:48:00,457.15,462.6,456.15,457.7,1170
2026-02-19 10:49:00,10:49:00,456.85,462.85,456.0,459.75,1885
2026-02-19 10:50:00,10:50:00,459.7,460.5,457.35,460.5,1170
2026-02-19 10:51:00,10:51:00,417.1,420.65,412.45,419.6,1170
2026-02-19 10:52:00,10:52:00,419.25,420.05,416.8,419.8,4615
2026-02-19 10:53:00,10:53:00,422.15,422.15,417.05,419.6,4745
2026-02-19 10:54:00,10:54:00,420.2,424.4,418.25,424.4,3380
2026-02-19 10:55:00,10:55:00,422.1,424.4,418.65,418.65,845
2026-02-19 10:56:00,10:56:00,462.7,465.7,459.4,461.5,1105
2026-02-19 10:57:00,10:57:00,419.05,419.6,414.1,419.6,1105
2026-02-19 10:58:00,10:58:00,421.05,425.75,419.6,425.75,1430
2026-02-19 10:59:00,10:59:00,427.65,428.75,425.7,425.7,1820
2026-02-19 11:00:00,11:00:00,425.25,426.65,425.25,426.45,585
2026-02-19 11:01:00,11:01:00,427.1,431.55,423.25,423.25,780
2026-02-19 11:02:00,11:02:00,421.95,424.15,418.5,418.5,2600
2026-02-19 11:03:00,11:03:00,421.8,426.5,418.5,426.5,260
2026-02-19 11:04:00,11:04:00,425.5,429.05,425.0,425.0,1820
2026-02-19 11:05:00,11:05:00,423.5,425.15,423.5,425.15,715
2026-02-19 11:06:00,11:06:00,418.5,425.15,418.5,421.35,1625
2026-02-19 11:07:00,11:07:00,427.1,430.35,421.35,430.35,715
2026-02-19 11:08:00,11:08:00,434.25,434.25,428.3,428.55,585
2026-02-19 11:09:00,11:09:00,425.5,428.55,419.9,421.7,3250
2026-02-19 11:10:00,11:10:00,421.6,427.5,421.6,427.5,845
2026-02-19 11:11:00,11:11:00,425.25,427.65,424.9,424.9,1755
2026-02-19 11:12:00,11:12:00,423.45,424.9,423.45,424.6,260
2026-02-19 11:13:00,11:13:00,464.95,469.35,457.1,457.1,650
2026-02-19 11:14:00,11:14:00,457.9,459.55,451.7,453.65,3575
2026-02-19 11:15:00,11:15:00,452.15,457.75,451.95,453.4,4420
2026-02-19 11:16:00,11:16:00,451.15,453.4,447.3,449.3,5135
2026-02-19 11:17:00,11:17:00,449.45,457.1,448.3,457.1,1495
2026-02-19 11:18:00,11:18:00,456.5,457.1,443.5,444.95,13325
2026-02-19 11:19:00,11:19:00,444.55,447.8,443.0,443.55,1625
2026-02-19 11:20:00,11:20:00,443.35,446.65,440.75,446.65,2925
2026-02-19 11:21:00,11:21:00,448.0,448.85,442.4,443.1,1625
2026-02-19 11:22:00,11:22:00,444.1,445.3,437.05,437.05,3510
2026-02-19 11:23:00,11:23:00,436.55,439.95,427.65,427.65,5330
2026-02-19 11:24:00,11:24:00,425.0,427.65,418.45,420.75,9035
2026-02-19 11:25:00,11:25:00,424.4,430.0,420.75,430.0,5330
2026-02-19 11:26:00,11:26:00,430.0,432.0,426.6,428.3,2795
2026-02-19 11:27:00,11:27:00,428.3,428.3,419.4,422.0,7605
2026-02-19 11:28:00,11:28:00,421.35,430.55,421.35,429.0,3900
2026-02-19 11:29:00,11:29:00,427.4,430.0,424.2,424.2,3445
2026-02-19 11:30:00,11:30:00,423.15,425.0,421.9,421.9,2860
2026-02-19 11:31:00,11:31:00,420.9,422.15,419.0,420.05,3250
2026-02-19 11:32:00,11:32:00,423.55,428.1,420.05,426.2,2665
2026-02-19 11:33:00,11:33:00,426.3,427.8,424.9,426.5,1105
2026-02-19 11:34:00,11:34:00,428.0,428.0,421.55,421.55,1755
2026-02-19 11:35:00,11:35:00,424.65,424.65,419.15,423.15,1495
2026-02-19 11:36:00,11:36:00,422.95,423.15,410.75,414.75,5460
2026-02-19 11:37:00,11:37:00,417.4,421.65,414.75,417.45,2665
2026-02-19 11:38:00,11:38:00,419.0,422.0,417.45,418.95,1300
2026-02-19 11:39:00,11:39:00,424.05,425.5,418.95,422.6,1235
2026-02-19 11:40:00,11:40:00,423.35,425.7,421.55,425.1,28080
2026-02-19 11:41:00,11:41:00,422.15,425.1,415.25,415.25,9295
2026-02-19 11:42:00,11:42:00,462.35,462.75,458.1,458.1,1300
2026-02-19 11:43:00,11:43:00,410.0,419.4,409.75,416.85,1950
2026-02-19 11:44:00,11:44:00,417.1,418.95,416.8,418.95,585
2026-02-19 11:45:00,11:45:00,462.4,462.4,462.4,462.4,1300
2026-02-19 11:46:00,11:46:00,455.6,462.4,455.6,457.25,1755
2026-02-19 11:47:00,11:47:00,453.65,460.95,453.65,460.95,780
2026-02-19 11:48:00,11:48:00,457.25,460.95,448.45,454.9,2080
2026-02-19 11:49:00,11:49:00,454.75,457.0,454.75,457.0,260
2026-02-19 11:50:00,11:50:00,453.25,457.0,452.45,452.45,390
2026-02-19 11:51:00,11:51:00,451.15,455.55,445.65,452.9,3965
2026-02-19 11:52:00,11:52:00,453.7,455.25,451.95,453.75,2210
2026-02-19 11:53:00,11:53:00,449.85,453.75,449.85,449.9,585
2026-02-19 11:54:00,11:54:00,452.3,452.3,449.9,452.3,65
2026-02-19 11:55:00,11:55:00,452.3,452.3,452.3,452.3,0
2026-02-19 11:56:00,11:56:00,453.1,453.1,451.25,451.25,1690
2026-02-19 11:57:00,11:57:00,447.45,451.25,446.8,449.05,1560
2026-02-19 11:58:00,11:58:00,452.55,452.55,449.05,452.55,65
2026-02-19 11:59:00,11:59:00,452.55,452.55,452.55,452.55,0
2026-02-19 12:00:00,12:00:00,452.05,452.55,449.4,449.4,195
2026-02-19 12:01:00,12:01:00,438.3,449.4,436.95,437.35,1625
2026-02-19 12:02:00,12:02:00,437.9,447.25,437.35,447.25,845
2026-02-19 12:03:00,12:03:00,441.0,447.25,440.7,445.0,975
2026-02-19 12:04:00,12:04:00,444.85,446.1,441.35,441.7,650
2026-02-19 12:05:00,12:05:00,442.15,442.15,441.7,442.15,455
2026-02-19 12:06:00,12:06:00,443.6,445.7,442.15,445.7,1040
2026-02-19 12:07:00,12:07:00,443.55,445.7,441.85,442.35,975
2026-02-19 12:08:00,12:08:00,435.15,442.35,435.15,438.75,325
2026-02-19 12:09:00,12:09:00,436.0,438.75,426.9,426.9,1430
2026-02-19 12:10:00,12:10:00,421.4,426.9,420.0,424.5,3640
2026-02-19 12:11:00,12:11:00,469.25,471.15,462.75,464.35,2275
2026-02-19 12:12:00,12:12:00,463.75,464.35,455.0,458.7,5655
2026-02-19 12:13:00,12:13:00,456.4,458.7,447.0,448.45,2795
2026-02-19 12:14:00,12:14:00,450.0,457.2,446.4,446.85,1040
2026-02-19 12:15:00,12:15:00,446.25,446.85,438.35,445.95,7085
2026-02-19 12:16:00,12:16:00,445.45,448.4,442.35,444.05,4680
2026-02-19 12:17:00,12:17:00,445.0,445.0,439.05,444.55,2600
2026-02-19 12:18:00,12:18:00,443.9,458.95,443.9,457.35,6370
2026-02-19 12:19:00,12:19:00,459.25,460.65,456.0,460.65,2210
2026-02-19 12:20:00,12:20:00,458.3,465.35,456.0,463.85,5525
2026-02-19 12:21:00,12:21:00,425.3,427.0,421.55,427.0,520
2026-02-19 12:22:00,12:22:00,427.2,427.2,422.5,422.5,325
2026-02-19 12:23:00,12:23:00,419.4,425.2,418.9,425.2,1105
2026-02-19 12:24:00,12:24:00,428.35,428.75,423.5,423.5,585
2026-02-19 12:25:00,12:25:00,421.7,423.5,419.65,422.65,520
2026-02-19 12:26:00,12:26:00,465.85,466.4,459.15,466.1,1105
2026-02-19 12:27:00,12:27:00,463.15,466.1,463.15,465.9,390
2026-02-19 12:28:00,12:28:00,425.0,427.55,420.6,427.55,390
2026-02-19 12:29:00,12:29:00,429.95,429.95,426.25,426.3,260
2026-02-19 12:30:00,12:30:00,423.3,426.3,423.3,423.95,260
2026-02-19 12:31:00,12:31:00,468.75,470.75,466.9,466.9,455
2026-02-19 12:32:00,12:32:00,467.15,467.25,460.25,461.0,715
2026-02-19 12:33:00,12:33:00,461.5,461.5,458.55,458.55,780
2026-02-19 12:34:00,12:34:00,459.0,468.4,458.55,466.5,1755
2026-02-19 12:35:00,12:35:00,463.7,466.5,463.7,464.7,130
2026-02-19 12:36:00,12:36:00,465.0,465.0,458.75,458.75,1170
2026-02-19 12:37:00,12:37:00,457.8,461.4,455.55,458.55,2080
2026-02-19 12:38:00,12:38:00,458.0,458.55,452.55,453.2,1040
2026-02-19 12:39:00,12:39:00,446.6,453.2,441.75,442.65,2600
2026-02-19 12:40:00,12:40:00,441.15,450.0,441.15,444.65,5135
2026-02-19 12:41:00,12:41:00,442.4,444.65,426.55,434.0,7150
2026-02-19 12:42:00,12:42:00,433.75,434.0,427.1,427.1,2600
2026-02-19 12:43:00,12:43:00,469.2,473.65,466.45,466.45,780
2026-02-19 12:44:00,12:44:00,420.2,429.85,420.2,429.85,4095
2026-02-19 12:45:00,12:45:00,428.3,429.85,425.8,425.8,1235
2026-02-19 12:46:00,12:46:00,428.1,430.25,425.8,428.7,7605
2026-02-19 12:47:00,12:47:00,473.2,473.2,469.9,472.2,650
2026-02-19 12:48:00,12:48:00,472.2,472.2,472.2,472.2,0
2026-02-19 12:49:00,12:49:00,430.55,438.5,430.4,438.5,4680
2026-02-19 12:50:00,12:50:00,437.75,438.6,434.05,434.15,910
2026-02-19 12:51:00,12:51:00,434.0,440.2,434.0,440.2,3965
2026-02-19 12:52:00,12:52:00,440.0,446.05,440.0,445.4,3445
2026-02-19 12:53:00,12:53:00,449.0,454.95,445.4,445.4,1950
2026-02-19 12:54:00,12:54:00,445.55,445.95,441.0,444.1,2730
2026-02-19 12:55:00,12:55:00,446.2,449.35,444.1,446.8,1950
2026-02-19 12:56:00,12:56:00,450.2,450.2,445.0,445.0,520
2026-02-19 12:57:00,12:57:00,444.75,447.45,443.35,445.0,5265
2026-02-19 12:58:00,12:58:00,444.0,445.0,443.35,444.15,455
2026-02-19 12:59:00,12:59:00,444.55,445.0,443.35,444.55,2405
2026-02-19 13:00:00,13:00:00,446.6,446.6,440.0,444.0,2275
2026-02-19 13:01:00,13:01:00,444.65,448.8,444.0,445.0,1495
2026-02-19 13:02:00,13:02:00,445.25,446.2,443.6,444.15,2470
2026-02-19 13:03:00,13:03:00,447.0,447.0,444.15,447.0,715
2026-02-19 13:04:00,13:04:00,448.0,450.0,447.0,450.0,1365
2026-02-19 13:05:00,13:05:00,454.15,455.0,450.0,455.0,1365
2026-02-19 13:06:00,13:06:00,457.6,458.4,453.1,453.75,2080
2026-02-19 13:07:00,13:07:00,456.45,458.9,453.75,458.9,1690
2026-02-19 13:08:00,13:08:00,456.8,466.0,456.8,464.85,3575
2026-02-19 13:09:00,13:09:00,420.55,426.6,420.4,426.6,1170
2026-02-19 13:10:00,13:10:00,425.2,426.6,423.7,424.0,715
2026-02-19 13:11:00,13:11:00,469.25,469.55,467.35,467.4,7345
2026-02-19 13:12:00,13:12:00,467.35,470.5,462.85,463.6,7410
2026-02-19 13:13:00,13:13:00,461.55,466.0,461.55,465.0,845
2026-02-19 13:14:00,13:14:00,464.25,466.15,464.25,466.15,195
2026-02-19 13:15:00,13:15:00,460.25,466.15,451.35,451.35,3510
2026-02-19 13:16:00,13:16:00,451.8,452.4,448.8,449.85,715
2026-02-19 13:17:00,13:17:00,449.5,458.15,449.5,455.85,2145
2026-02-19 13:18:00,13:18:00,452.55,458.0,452.0,458.0,2860
2026-02-19 13:19:00,13:19:00,455.95,458.0,455.0,455.0,585
2026-02-19 13:20:00,13:20:00,455.05,455.05,451.0,451.0,1040
2026-02-19 13:21:00,13:21:00,415.25,419.75,411.2,418.8,520
2026-02-19 13:22:00,13:22:00,421.1,424.0,418.8,421.35,520
2026-02-19 13:23:00,13:23:00,422.75,423.4,421.35,422.8,195
2026-02-19 13:24:00,13:24:00,425.35,425.4,422.8,425.4,195
2026-02-19 13:25:00,13:25:00,422.75,425.4,422.75,424.05,325
2026-02-19 13:26:00,13:26:00,464.6,466.75,452.45,452.95,2015
2026-02-19 13:27:00,13:27:00,452.0,455.0,447.8,455.0,2405
2026-02-19 13:28:00,13:28:00,454.3,460.5,451.0,460.5,1170
2026-02-19 13:29:00,13:29:00,460.75,466.4,460.5,463.9,1105
2026-02-19 13:30:00,13:30:00,460.15,463.9,447.0,447.0,1040
2026-02-19 13:31:00,13:31:00,445.8,447.0,437.55,439.65,2600
2026-02-19 13:32:00,13:32:00,439.0,439.65,435.0,436.3,3315
2026-02-19 13:33:00,13:33:00,433.6,436.3,429.8,431.45,2990
2026-02-19 13:34:00,13:34:00,429.8,441.7,428.55,439.65,4680
2026-02-19 13:35:00,13:35:00,438.9,439.65,432.4,434.75,2210
2026-02-19 13:36:00,13:36:00,434.85,439.25,434.75,438.75,1040
2026-02-19 13:37:00,13:37:00,439.3,450.0,438.75,450.0,3380
2026-02-19 13:38:00,13:38:00,452.5,452.5,445.55,445.55,1040
2026-02-19 13:39:00,13:39:00,444.55,446.1,444.55,445.2,455
2026-02-19 13:40:00,13:40:00,446.0,453.0,444.9,453.0,1625
2026-02-19 13:41:00,13:41:00,454.35,454.55,452.55,453.7,2340
2026-02-19 13:42:00,13:42:00,451.0,453.7,444.8,444.8,1560
2026-02-19 13:43:00,13:43:00,440.0,447.85,439.0,447.75,1950
2026-02-19 13:44:00,13:44:00,448.35,452.9,447.65,447.65,1040
2026-02-19 13:45:00,13:45:00,448.65,448.65,443.6,443.6,650
2026-02-19 13:46:00,13:46:00,444.7,444.7,440.7,440.7,2145
2026-02-19 13:47:00,13:47:00,440.6,444.0,436.0,436.0,1560
2026-02-19 13:48:00,13:48:00,436.0,436.0,429.25,435.4,7865
2026-02-19 13:49:00,13:49:00,436.35,436.35,430.75,433.9,5460
2026-02-19 13:50:00,13:50:00,436.0,436.4,430.1,431.75,2210
2026-02-19 13:51:00,13:51:00,433.15,435.2,431.4,431.4,650
2026-02-19 13:52:00,13:52:00,472.9,480.1,472.9,472.9,195
2026-02-19 13:53:00,13:53:00,461.1,472.9,461.1,461.1,520
2026-02-19 13:54:00,13:54:00,426.0,433.0,421.65,427.75,12935
2026-02-19 13:55:00,13:55:00,426.95,429.05,424.95,425.15,1820
2026-02-19 13:56:00,13:56:00,467.3,473.0,467.3,467.3,260
2026-02-19 13:57:00,13:57:00,461.9,467.3,461.9,462.15,715
2026-02-19 13:58:00,13:58:00,462.85,462.85,458.1,458.1,260
2026-02-19 13:59:00,13:59:00,458.1,458.1,458.1,458.1,0
2026-02-19 14:00:00,14:00:00,455.7,458.1,455.7,455.7,2210
2026-02-19 14:01:00,14:01:00,455.85,455.85,448.7,448.7,195
2026-02-19 14:02:00,14:02:00,449.75,454.55,448.7,450.0,325
2026-02-19 14:03:00,14:03:00,452.05,452.05,448.55,448.55,390
2026-02-19 14:04:00,14:04:00,448.55,448.55,448.55,448.55,0
2026-02-19 14:05:00,14:05:00,443.7,448.55,438.15,440.1,1690
2026-02-19 14:06:00,14:06:00,445.3,447.15,440.1,447.15,1625
2026-02-19 14:07:00,14:07:00,450.0,453.0,447.15,450.7,715
2026-02-19 14:08:00,14:08:00,453.25,453.25,450.7,453.25,260
2026-02-19 14:09:00,14:09:00,453.6,453.6,453.25,453.6,65
2026-02-19 14:10:00,14:10:00,464.45,464.45,453.6,462.45,195
2026-02-19 14:11:00,14:11:00,456.0,462.45,456.0,458.05,130
2026-02-19 14:12:00,14:12:00,458.05,458.05,458.05,458.05,0
2026-02-19 14:13:00,14:13:00,462.2,462.2,458.05,462.2,195
2026-02-19 14:14:00,14:14:00,466.4,466.4,462.2,462.9,1040
2026-02-19 14:15:00,14:15:00,420.05,421.65,418.1,421.65,2470
2026-02-19 14:16:00,14:16:00,421.95,431.0,421.65,431.0,5785
2026-02-19 14:17:00,14:17:00,428.6,432.05,426.0,430.0,3055
2026-02-19 14:18:00,14:18:00,430.15,431.15,429.0,429.1,3120
2026-02-19 14:19:00,14:19:00,425.0,432.8,424.8,430.0,2470
2026-02-19 14:20:00,14:20:00,430.0,438.7,428.95,437.0,7475
2026-02-19 14:21:00,14:21:00,437.2,439.0,428.0,428.0,4030
2026-02-19 14:22:00,14:22:00,425.6,428.2,422.75,423.4,13650
2026-02-19 14:23:00,14:23:00,421.25,423.4,417.7,421.0,4615
2026-02-19 14:24:00,14:24:00,424.3,428.5,421.0,426.3,1170
2026-02-19 14:25:00,14:25:00,468.4,473.15,465.15,465.15,130
2026-02-19 14:26:00,14:26:00,461.1,465.15,461.1,461.1,65
2026-02-19 14:27:00,14:27:00,450.0,461.1,450.0,450.0,325
2026-02-19 14:28:00,14:28:00,450.0,450.0,450.0,450.0,0
2026-02-19 14:29:00,14:29:00,451.15,451.15,439.1,439.55,390
2026-02-19 14:30:00,14:30:00,439.55,439.55,439.55,439.55,0
2026-02-19 14:31:00,14:31:00,439.55,439.55,439.55,439.55,0
2026-02-19 14:32:00,14:32:00,459.1,459.1,439.55,457.95,260
2026-02-19 14:33:00,14:33:00,462.0,462.0,454.75,454.75,130
2026-02-19 14:34:00,14:34:00,454.75,454.75,454.75,454.75,0
2026-02-19 14:35:00,14:35:00,454.5,459.95,454.5,459.85,325
2026-02-19 14:36:00,14:36:00,459.85,459.85,459.85,459.85,0
2026-02-19 14:37:00,14:37:00,462.35,462.35,458.45,458.45,130
2026-02-19 14:38:00,14:38:00,458.45,458.45,458.45,458.45,0
2026-02-19 14:39:00,14:39:00,459.1,459.1,458.45,459.1,195
2026-02-19 14:40:00,14:40:00,455.0,459.1,455.0,455.0,65
2026-02-19 14:41:00,14:41:00,455.0,455.0,455.0,455.0,0
2026-02-19 14:42:00,14:42:00,455.0,455.0,455.0,455.0,0
2026-02-19 14:43:00,14:43:00,432.55,455.0,430.65,430.65,325
2026-02-19 14:44:00,14:44:00,470.9,473.05,463.9,463.9,1950
2026-02-19 14:45:00,14:45:00,462.2,464.1,454.85,460.1,5525
2026-02-19 14:46:00,14:46:00,459.05,460.1,454.0,454.0,3640
2026-02-19 14:47:00,14:47:00,455.7,455.85,447.1,447.7,21775
2026-02-19 14:48:00,14:48:00,447.95,450.85,438.75,441.45,7670
2026-02-19 14:49:00,14:49:00,443.5,456.5,441.45,456.5,4875
2026-02-19 14:50:00,14:50:00,457.9,459.45,456.0,456.0,910
2026-02-19 14:51:00,14:51:00,454.6,458.95,453.75,458.4,325
2026-02-19 14:52:00,14:52:00,457.3,461.15,455.95,461.15,1235
2026-02-19 14:53:00,14:53:00,460.0,461.15,452.8,455.8,2535
2026-02-19 14:54:00,14:54:00,453.9,458.05,453.9,458.05,780
2026-02-19 14:55:00,14:55:00,457.85,458.05,449.75,453.25,1300
2026-02-19 14:56:00,14:56:00,455.65,455.65,453.0,455.25,1950
2026-02-19 14:57:00,14:57:00,405.1,408.0,405.1,405.1,65
2026-02-19 14:58:00,14:58:00,405.1,405.1,405.1,405.1,0
2026-02-19 14:59:00,14:59:00,462.0,464.45,458.1,458.1,1950
2026-02-19 15:00:00,15:00:00,451.95,458.1,441.75,445.0,1365
2026-02-19 15:01:00,15:01:00,488.0,491.95,471.9,472.7,2990
2026-02-19 15:02:00,15:02:00,419.8,425.3,413.2,425.3,4810
2026-02-19 15:03:00,15:03:00,425.1,436.95,425.1,430.9,6890
2026-02-19 15:04:00,15:04:00,429.05,431.35,425.95,430.45,1625
2026-02-19 15:05:00,15:05:00,432.4,434.3,427.0,427.0,650
2026-02-19 15:06:00,15:06:00,468.15,470.85,460.0,460.0,260
2026-02-19 15:07:00,15:07:00,460.0,460.0,442.25,445.6,3055
2026-02-19 15:08:00,15:08:00,442.95,448.75,432.7,442.15,715
2026-02-19 15:09:00,15:09:00,399.0,418.9,399.0,417.5,8060
2026-02-19 15:10:00,15:10:00,418.75,427.4,415.5,426.75,3900
2026-02-19 15:11:00,15:11:00,422.55,426.75,420.3,422.0,4745
2026-02-19 15:12:00,15:12:00,422.25,422.5,416.95,416.95,2925
2026-02-19 15:13:00,15:13:00,458.6,462.8,450.45,454.0,5005
2026-02-19 15:14:00,15:14:00,455.1,455.1,444.05,444.05,1495
2026-02-19 15:15:00,15:15:00,446.85,446.85,439.75,445.1,2145
2026-02-19 15:16:00,15:16:00,444.9,445.1,430.25,432.85,2405
2026-02-19 15:17:00,15:17:00,434.95,434.95,423.2,428.4,2275
2026-02-19 15:18:00,15:18:00,472.35,474.05,465.65,467.4,64545
2026-02-19 15:19:00,15:19:00,466.95,467.4,449.3,457.0,34320
2026-02-19 15:20:00,15:20:00,456.8,464.6,448.3,450.15,28925
2026-02-19 15:21:00,15:21:00,451.4,459.15,443.45,459.1,18915
2026-02-19 15:22:00,15:22:00,463.15,465.4,446.05,449.25,16380
2026-02-19 15:23:00,15:23:00,449.7,451.7,449.25,450.75,14040
2026-02-19 15:24:00,15:24:00,452.85,457.55,450.75,454.95,17680
2026-02-19 15:25:00,15:25:00,456.0,458.4,453.8,455.2,19240
2026-02-19 15:26:00,15:26:00,454.8,456.15,449.0,449.45,16770
2026-02-19 15:27:00,15:27:00,450.0,450.0,444.0,444.0,21385
2026-02-19 15:28:00,15:28:00,443.85,447.95,443.85,447.9,25350
2026-02-19 15:29:00,15:29:00,447.25,452.15,447.25,450.5,48165
2026-02-20 09:15:00,09:15:00,149.9,175.0,132.6,173.65,3539445
2026-02-20 09:16:00,09:16:00,172.55,183.85,167.0,175.65,2755155
2026-02-20 09:17:00,09:17:00,178.1,178.1,157.6,157.6,1430585
2026-02-20 09:18:00,09:18:00,161.05,166.1,151.45,160.05,1723605
2026-02-20 09:19:00,09:19:00,161.95,169.65,157.6,168.15,1604135
2026-02-20 09:20:00,09:20:00,168.75,172.7,162.4,167.75,1612780
2026-02-20 09:21:00,09:21:00,168.6,178.75,167.75,170.1,1866215
2026-02-20 09:22:00,09:22:00,171.05,176.95,169.3,171.2,917930
2026-02-20 09:23:00,09:23:00,173.7,173.7,160.5,160.65,1082575
2026-02-20 09:24:00,09:24:00,160.45,162.25,148.6,148.6,1379105
2026-02-20 09:25:00,09:25:00,180.1,182.4,171.9,176.0,264030
2026-02-20 09:26:00,09:26:00,175.95,185.2,175.95,180.85,229905
2026-02-20 09:27:00,09:27:00,180.9,186.2,177.3,183.85,174200
2026-02-20 09:28:00,09:28:00,181.9,183.85,172.75,172.75,161005
2026-02-20 09:29:00,09:29:00,172.5,175.75,159.75,159.9,584675
2026-02-20 09:30:00,09:30:00,162.1,184.15,159.9,184.15,735280
2026-02-20 09:31:00,09:31:00,183.6,184.15,170.65,171.65,387985
2026-02-20 09:32:00,09:32:00,142.05,156.3,140.1,156.2,1641315
2026-02-20 09:33:00,09:33:00,156.75,169.1,156.1,167.1,2799875
2026-02-20 09:34:00,09:34:00,167.65,176.8,164.85,175.4,2783885
2026-02-20 09:35:00,09:35:00,174.95,180.25,172.0,172.25,2377830
2026-02-20 09:36:00,09:36:00,141.5,150.5,141.05,145.75,1571180
2026-02-20 09:37:00,09:37:00,177.7,180.0,169.9,177.35,1086150
2026-02-20 09:38:00,09:38:00,176.65,177.35,165.2,171.1,1200485
2026-02-20 09:39:00,09:39:00,170.8,177.0,170.0,174.95,901160
2026-02-20 09:40:00,09:40:00,174.15,174.95,164.3,170.5,682045
2026-02-20 09:41:00,09:41:00,171.3,172.9,166.0,168.85,548925
2026-02-20 09:42:00,09:42:00,167.7,182.9,164.9,176.4,1543360
2026-02-20 09:43:00,09:43:00,147.05,154.9,145.8,152.45,2103725
2026-02-20 09:44:00,09:44:00,152.45,157.8,148.9,153.1,1741350
2026-02-20 09:45:00,09:45:00,153.8,158.0,149.65,154.95,1355445
2026-02-20 09:46:00,09:46:00,153.5,157.5,152.25,153.2,1122550
2026-02-20 09:47:00,09:47:00,153.45,161.9,153.2,159.75,1891500
2026-02-20 09:48:00,09:48:00,159.25,174.2,158.6,173.5,2575625
2026-02-20 09:49:00,09:49:00,174.5,175.5,164.95,172.0,1518530
2026-02-20 09:50:00,09:50:00,171.85,181.8,170.75,178.8,1566825
2026-02-20 09:51:00,09:51:00,178.45,181.95,173.85,179.75,1002885
2026-02-20 09:52:00,09:52:00,180.75,180.75,168.4,168.9,858780
2026-02-20 09:53:00,09:53:00,169.45,174.25,168.0,168.7,539435
2026-02-20 09:54:00,09:54:00,169.15,173.55,165.25,172.95,596635
2026-02-20 09:55:00,09:55:00,173.1,176.05,169.15,174.2,578760
2026-02-20 09:56:00,09:56:00,175.55,188.35,174.2,183.5,1335100
2026-02-20 09:57:00,09:57:00,182.8,186.45,178.6,186.45,629395
2026-02-20 09:58:00,09:58:00,185.05,186.45,175.55,181.0,532870
2026-02-20 09:59:00,09:59:00,182.1,187.3,179.1,185.9,583830
2026-02-20 10:00:00,10:00:00,185.9,186.35,174.2,175.65,542945
2026-02-20 10:01:00,10:01:00,176.8,182.6,174.45,175.7,499200
2026-02-20 10:02:00,10:02:00,175.55,177.25,173.2,176.9,323700
2026-02-20 10:03:00,10:03:00,176.8,179.6,167.65,167.65,566670
2026-02-20 10:04:00,10:04:00,167.8,173.4,167.65,170.0,412750
2026-02-20 10:05:00,10:05:00,171.9,176.4,169.95,170.35,440960
2026-02-20 10:06:00,10:06:00,171.1,178.9,170.35,172.15,389935
2026-02-20 10:07:00,10:07:00,172.35,173.25,166.9,169.65,397345
2026-02-20 10:08:00,10:08:00,170.65,171.0,152.3,153.45,1042405
2026-02-20 10:09:00,10:09:00,153.3,154.25,147.0,154.0,920075
2026-02-20 10:10:00,10:10:00,154.4,160.55,152.2,159.1,742365
2026-02-20 10:11:00,10:11:00,159.7,168.8,157.95,168.15,890955
2026-02-20 10:12:00,10:12:00,165.85,171.5,163.0,164.95,584870
2026-02-20 10:13:00,10:13:00,164.9,168.3,156.65,156.65,509145
2026-02-20 10:14:00,10:14:00,156.15,158.8,151.0,155.5,498030
2026-02-20 10:15:00,10:15:00,156.4,165.8,155.5,165.8,591500
2026-02-20 10:16:00,10:16:00,165.15,178.45,165.15,177.0,1126840
2026-02-20 10:17:00,10:17:00,177.45,181.85,175.05,181.25,746850
2026-02-20 10:18:00,10:18:00,150.85,162.35,150.45,160.8,4753645
2026-02-20 10:19:00,10:19:00,160.6,163.9,157.35,160.6,2756260
2026-02-20 10:20:00,10:20:00,161.0,161.85,155.8,160.2,1706575
2026-02-20 10:21:00,10:21:00,160.2,162.6,157.45,160.25,1356875
2026-02-20 10:22:00,10:22:00,160.5,172.0,160.25,166.75,3554330
2026-02-20 10:23:00,10:23:00,167.8,168.4,160.0,162.8,1562340
2026-02-20 10:24:00,10:24:00,162.45,167.55,161.45,165.75,1174940
2026-02-20 10:25:00,10:25:00,166.0,171.35,165.75,170.05,1374815
2026-02-20 10:26:00,10:26:00,169.95,183.2,166.55,178.5,2404610
2026-02-20 10:27:00,10:27:00,178.0,181.5,175.4,175.4,2151825
2026-02-20 10:28:00,10:28:00,175.15,176.25,169.4,170.75,1332110
2026-02-20 10:29:00,10:29:00,170.9,172.7,167.5,172.0,910065
2026-02-20 10:30:00,10:30:00,172.6,186.75,172.0,183.15,2561260
2026-02-20 10:31:00,10:31:00,184.0,187.9,180.8,184.2,1145365
2026-02-20 10:32:00,10:32:00,185.4,194.3,184.2,190.55,1542775
2026-02-20 10:33:00,10:33:00,160.15,164.45,156.4,164.45,1293240
2026-02-20 10:34:00,10:34:00,194.95,196.45,188.25,192.5,814060
2026-02-20 10:35:00,10:35:00,192.9,197.0,190.0,192.15,933465
2026-02-20 10:36:00,10:36:00,191.75,194.25,189.35,192.45,503685
2026-02-20 10:37:00,10:37:00,192.55,194.95,188.55,190.9,669760
2026-02-20 10:38:00,10:38:00,190.55,190.9,186.4,188.7,661440
2026-02-20 10:39:00,10:39:00,158.8,166.5,157.9,166.5,945100
2026-02-20 10:40:00,10:40:00,165.8,181.2,164.9,179.65,2322970
2026-02-20 10:41:00,10:41:00,180.4,189.1,179.65,184.25,1721785
2026-02-20 10:42:00,10:42:00,184.95,184.95,174.65,182.75,1005810
2026-02-20 10:43:00,10:43:00,182.45,184.1,179.05,181.8,503555
2026-02-20 10:44:00,10:44:00,181.75,185.65,179.6,182.65,503555
2026-02-20 10:45:00,10:45:00,182.6,187.1,182.4,182.95,658775
2026-02-20 10:46:00,10:46:00,182.35,182.95,175.6,181.65,583570
2026-02-20 10:47:00,10:47:00,181.75,181.9,166.4,166.4,738400
2026-02-20 10:48:00,10:48:00,166.05,176.5,165.15,173.4,839605
2026-02-20 10:49:00,10:49:00,173.05,174.9,166.65,169.65,465985
2026-02-20 10:50:00,10:50:00,170.1,173.7,160.95,162.15,624715
2026-02-20 10:51:00,10:51:00,162.6,170.0,162.15,166.85,470210
2026-02-20 10:52:00,10:52:00,167.5,175.6,166.85,169.7,621985
2026-02-20 10:53:00,10:53:00,169.15,175.15,165.45,168.1,457600
2026-02-20 10:54:00,10:54:00,167.3,173.55,167.3,169.35,273195
2026-02-20 10:55:00,10:55:00,169.2,173.95,168.3,170.7,316030
2026-02-20 10:56:00,10:56:00,171.1,173.4,168.7,170.25,231335
2026-02-20 10:57:00,10:57:00,172.0,173.6,167.15,168.9,322920
2026-02-20 10:58:00,10:58:00,168.45,168.9,158.6,159.1,710580
2026-02-20 10:59:00,10:59:00,158.8,169.35,158.8,164.5,461825
2026-02-20 11:00:00,11:00:00,165.05,170.5,164.5,170.5,349115
2026-02-20 11:01:00,11:01:00,169.8,171.35,160.7,164.85,461370
2026-02-20 11:02:00,11:02:00,195.95,197.25,187.0,189.75,531115
2026-02-20 11:03:00,11:03:00,190.0,195.45,189.0,189.35,308945
2026-02-20 11:04:00,11:04:00,160.1,166.4,159.25,163.85,362700
2026-02-20 11:05:00,11:05:00,163.9,170.5,163.65,167.05,530985
2026-02-20 11:06:00,11:06:00,168.05,171.0,162.7,163.3,414245
2026-02-20 11:07:00,11:07:00,193.85,198.85,191.75,192.25,218985
2026-02-20 11:08:00,11:08:00,192.0,195.0,186.0,193.15,588055
2026-02-20 11:09:00,11:09:00,192.6,193.55,187.2,192.0,315770
2026-02-20 11:10:00,11:10:00,191.1,192.95,188.25,189.65,216515
2026-02-20 11:11:00,11:11:00,188.1,193.9,184.6,191.5,563030
2026-02-20 11:12:00,11:12:00,161.0,167.85,159.8,167.85,648765
2026-02-20 11:13:00,11:13:00,199.6,202.4,188.1,188.2,749450
2026-02-20 11:14:00,11:14:00,188.15,189.0,183.75,186.25,522210
2026-02-20 11:15:00,11:15:00,157.45,168.95,155.7,164.9,800215
2026-02-20 11:16:00,11:16:00,164.75,166.85,162.0,165.35,374790
2026-02-20 11:17:00,11:17:00,196.25,196.45,188.15,194.15,405795
2026-02-20 11:18:00,11:18:00,162.95,165.75,160.85,164.9,218335
2026-02-20 11:19:00,11:19:00,165.55,168.8,161.05,165.75,400010
2026-02-20 11:20:00,11:20:00,166.0,168.7,163.05,163.05,373165
2026-02-20 11:21:00,11:21:00,194.65,199.75,190.0,190.15,326365
2026-02-20 11:22:00,11:22:00,191.05,191.25,184.0,186.45,624845
2026-02-20 11:23:00,11:23:00,187.7,189.9,182.1,183.9,400205
2026-02-20 11:24:00,11:24:00,184.8,189.8,183.9,187.5,308880
2026-02-20 11:25:00,11:25:00,187.9,190.8,182.8,189.25,295425
2026-02-20 11:26:00,11:26:00,158.9,162.85,156.0,162.0,339300
2026-02-20 11:27:00,11:27:00,162.1,167.55,162.0,165.85,613730
2026-02-20 11:28:00,11:28:00,165.65,176.4,165.65,173.9,1012960
2026-02-20 11:29:00,11:29:00,173.25,176.75,165.75,167.05,707980
2026-02-20 11:30:00,11:30:00,166.7,177.2,166.1,175.75,748020
2026-02-20 11:31:00,11:31:00,176.05,179.15,172.1,177.25,782665
2026-02-20 11:32:00,11:32:00,178.05,178.05,163.25,163.9,681720
2026-02-20 11:33:00,11:33:00,164.4,170.4,160.75,167.1,644215
2026-02-20 11:34:00,11:34:00,168.35,170.85,165.6,169.9,294645
2026-02-20 11:35:00,11:35:00,171.5,171.8,168.1,168.5,332215
2026-02-20 11:36:00,11:36:00,167.9,173.85,164.45,170.9,496145
2026-02-20 11:37:00,11:37:00,170.4,175.8,170.25,175.6,396760
2026-02-20 11:38:00,11:38:00,175.8,179.0,171.7,173.8,585910
2026-02-20 11:39:00,11:39:00,174.25,177.8,172.5,174.85,299065
2026-02-20 11:40:00,11:40:00,174.5,177.25,171.95,172.6,293930
2026-02-20 11:41:00,11:41:00,172.45,179.15,171.55,175.0,415220
2026-02-20 11:42:00,11:42:00,175.85,178.7,170.6,173.9,306345
2026-02-20 11:43:00,11:43:00,174.0,175.45,172.2,174.4,155350
2026-02-20 11:44:00,11:44:00,174.35,175.8,172.4,173.65,139555
2026-02-20 11:45:00,11:45:00,173.6,178.9,173.6,177.0,323245
2026-02-20 11:46:00,11:46:00,177.2,189.25,174.65,186.55,998725
2026-02-20 11:47:00,11:47:00,186.4,186.55,178.5,178.95,561340
2026-02-20 11:48:00,11:48:00,178.95,180.2,166.3,166.9,848120
2026-02-20 11:49:00,11:49:00,166.8,171.1,164.55,170.9,504075
2026-02-20 11:50:00,11:50:00,171.15,171.5,166.4,171.5,262600
2026-02-20 11:51:00,11:51:00,171.65,173.25,170.05,171.5,277875
2026-02-20 11:52:00,11:52:00,172.4,176.5,170.05,173.0,339235
2026-02-20 11:53:00,11:53:00,173.05,174.75,169.1,170.65,203060
2026-02-20 11:54:00,11:54:00,170.75,171.0,160.0,164.1,565370
2026-02-20 11:55:00,11:55:00,163.35,166.65,160.95,166.65,276120
2026-02-20 11:56:00,11:56:00,167.5,170.35,166.3,169.85,325910
2026-02-20 11:57:00,11:57:00,169.5,179.2,168.95,179.1,510185
2026-02-20 11:58:00,11:58:00,178.25,183.0,174.05,177.7,578890
2026-02-20 11:59:00,11:59:00,177.5,179.55,172.05,172.05,267345
2026-02-20 12:00:00,12:00:00,172.1,176.0,170.8,171.0,230230
2026-02-20 12:01:00,12:01:00,171.1,172.75,163.7,164.8,338845
2026-02-20 12:02:00,12:02:00,165.05,166.3,160.0,162.85,399425
2026-02-20 12:03:00,12:03:00,164.15,166.45,161.75,163.75,244335
2026-02-20 12:04:00,12:04:00,162.6,165.8,161.8,165.8,165815
2026-02-20 12:05:00,12:05:00,164.9,166.15,162.05,163.8,182455
2026-02-20 12:06:00,12:06:00,163.35,166.0,161.0,165.15,172120
2026-02-20 12:07:00,12:07:00,165.1,167.0,160.8,164.75,196755
2026-02-20 12:08:00,12:08:00,165.5,167.8,163.95,163.95,184860
2026-02-20 12:09:00,12:09:00,164.55,165.85,159.95,165.85,303095
2026-02-20 12:10:00,12:10:00,166.65,167.2,164.25,166.05,228995
2026-02-20 12:11:00,12:11:00,165.25,168.2,164.7,167.05,214175
2026-02-20 12:12:00,12:12:00,166.8,167.05,163.35,166.3,169910
2026-02-20 12:13:00,12:13:00,166.05,169.25,163.4,168.95,202280
2026-02-20 12:14:00,12:14:00,168.8,175.0,168.8,173.05,458250
2026-02-20 12:15:00,12:15:00,173.15,181.2,173.05,179.85,592345
2026-02-20 12:16:00,12:16:00,178.0,186.25,177.85,183.2,676065
2026-02-20 12:17:00,12:17:00,152.3,162.9,152.15,155.5,3612505
2026-02-20 12:18:00,12:18:00,154.95,168.9,154.95,166.3,2674750
2026-02-20 12:19:00,12:19:00,164.9,168.5,163.05,166.2,2299830
2026-02-20 12:20:00,12:20:00,166.35,175.5,166.0,168.85,3178240
2026-02-20 12:21:00,12:21:00,169.4,172.25,164.95,170.15,1602120
2026-02-20 12:22:00,12:22:00,169.9,176.95,167.25,175.5,1551615
2026-02-20 12:23:00,12:23:00,174.45,178.2,173.35,175.85,1734005
2026-02-20 12:24:00,12:24:00,176.45,176.45,171.3,172.2,1015430
2026-02-20 12:25:00,12:25:00,172.95,174.8,170.05,171.45,762320
2026-02-20 12:26:00,12:26:00,172.15,183.4,171.45,183.05,2323620
2026-02-20 12:27:00,12:27:00,183.2,183.2,174.75,178.0,1516255
2026-02-20 12:28:00,12:28:00,177.45,184.1,177.0,177.0,1215890
2026-02-20 12:29:00,12:29:00,177.6,181.45,177.0,179.0,553085
2026-02-20 12:30:00,12:30:00,179.05,181.8,176.15,179.2,655070
2026-02-20 12:31:00,12:31:00,178.2,181.85,177.2,181.1,667420
2026-02-20 12:32:00,12:32:00,179.05,181.1,175.5,175.5,691470
2026-02-20 12:33:00,12:33:00,175.25,177.45,167.9,169.55,1139710
2026-02-20 12:34:00,12:34:00,169.15,172.9,167.55,170.7,587860
2026-02-20 12:35:00,12:35:00,170.95,174.25,169.85,170.05,578760
2026-02-20 12:36:00,12:36:00,170.05,173.6,167.5,169.6,405730
2026-02-20 12:37:00,12:37:00,169.95,171.55,164.55,166.85,736320
2026-02-20 12:38:00,12:38:00,166.95,169.45,164.65,164.65,450710
2026-02-20 12:39:00,12:39:00,164.8,166.65,163.1,165.0,524355
2026-02-20 12:40:00,12:40:00,165.0,167.1,162.85,163.9,527475
2026-02-20 12:41:00,12:41:00,163.35,166.7,160.0,160.4,706680
2026-02-20 12:42:00,12:42:00,193.95,195.8,189.35,191.35,248105
2026-02-20 12:43:00,12:43:00,191.2,192.15,178.2,179.15,535210
2026-02-20 12:44:00,12:44:00,178.85,182.65,175.7,177.05,265395
2026-02-20 12:45:00,12:45:00,176.35,179.4,173.7,177.75,295945
2026-02-20 12:46:00,12:46:00,176.85,177.75,169.0,171.85,435045
2026-02-20 12:47:00,12:47:00,172.7,175.15,171.45,174.6,315250
2026-02-20 12:48:00,12:48:00,174.95,186.4,173.85,185.75,594035
2026-02-20 12:49:00,12:49:00,186.0,188.9,176.25,176.25,532805
2026-02-20 12:50:00,12:50:00,176.5,181.1,174.25,175.6,205725
2026-02-20 12:51:00,12:51:00,176.1,180.65,174.85,179.15,157885
2026-02-20 12:52:00,12:52:00,179.65,179.65,176.05,178.4,104000
2026-02-20 12:53:00,12:53:00,178.95,178.95,170.6,173.6,231985
2026-02-20 12:54:00,12:54:00,174.45,181.15,173.6,180.25,166465
2026-02-20 12:55:00,12:55:00,179.4,180.25,175.3,176.4,128245
2026-02-20 12:56:00,12:56:00,176.4,176.75,165.75,169.3,444795
2026-02-20 12:57:00,12:57:00,168.0,169.3,160.3,160.55,398710
2026-02-20 12:58:00,12:58:00,160.45,165.9,156.2,165.55,699855
2026-02-20 12:59:00,12:59:00,166.3,169.1,163.5,167.0,444275
2026-02-20 13:00:00,13:00:00,167.8,174.0,167.0,170.65,617045
2026-02-20 13:01:00,13:01:00,171.8,172.7,168.25,169.75,234260
2026-02-20 13:02:00,13:02:00,170.05,170.05,159.7,160.6,353080
2026-02-20 13:03:00,13:03:00,160.3,163.05,156.7,157.05,289705
2026-02-20 13:04:00,13:04:00,156.35,163.8,156.35,159.35,233740
2026-02-20 13:05:00,13:05:00,160.1,161.35,157.85,158.45,133575
2026-02-20 13:06:00,13:06:00,159.25,159.9,155.55,156.4,219570
2026-02-20 13:07:00,13:07:00,187.35,187.4,181.65,182.75,464295
2026-02-20 13:08:00,13:08:00,181.8,183.7,175.75,181.05,597675
2026-02-20 13:09:00,13:09:00,180.55,181.8,174.0,176.25,410150
2026-02-20 13:10:00,13:10:00,177.85,181.2,168.8,168.8,627120
2026-02-20 13:11:00,13:11:00,169.65,171.35,158.8,163.4,1249040
2026-02-20 13:12:00,13:12:00,163.95,166.75,162.0,165.35,796640
2026-02-20 13:13:00,13:13:00,165.7,174.2,165.1,174.2,921310
2026-02-20 13:14:00,13:14:00,174.6,177.05,172.55,173.0,876915
2026-02-20 13:15:00,13:15:00,172.25,173.0,164.15,164.3,629265
2026-02-20 13:16:00,13:16:00,165.0,171.0,163.15,170.85,577460
2026-02-20 13:17:00,13:17:00,171.9,177.7,170.25,173.55,995020
2026-02-20 13:18:00,13:18:00,173.0,175.5,168.8,170.0,350220
2026-02-20 13:19:00,13:19:00,170.4,171.55,166.55,171.45,333255
2026-02-20 13:20:00,13:20:00,171.4,174.6,168.85,168.85,414570
2026-02-20 13:21:00,13:21:00,169.0,170.2,161.75,164.4,655460
2026-02-20 13:22:00,13:22:00,164.35,172.45,164.0,171.65,447720
2026-02-20 13:23:00,13:23:00,172.15,172.15,166.45,169.0,280085
2026-02-20 13:24:00,13:24:00,170.4,176.5,169.0,174.1,594880
2026-02-20 13:25:00,13:25:00,174.15,175.0,169.25,174.75,560885
2026-02-20 13:26:00,13:26:00,175.1,179.2,171.8,173.3,727870
2026-02-20 13:27:00,13:27:00,173.2,178.0,170.65,174.35,555685
2026-02-20 13:28:00,13:28:00,174.35,184.4,174.35,181.0,1086345
2026-02-20 13:29:00,13:29:00,182.9,184.25,177.0,179.3,673985
2026-02-20 13:30:00,13:30:00,148.5,157.3,147.65,151.4,1211730
2026-02-20 13:31:00,13:31:00,152.35,157.35,151.4,154.55,736645
2026-02-20 13:32:00,13:32:00,154.2,156.65,152.8,155.05,481000
2026-02-20 13:33:00,13:33:00,154.9,155.05,150.1,153.1,442000
2026-02-20 13:34:00,13:34:00,152.25,160.4,151.55,160.4,646425
2026-02-20 13:35:00,13:35:00,159.35,171.1,158.1,166.45,1518465
2026-02-20 13:36:00,13:36:00,164.9,166.45,154.4,154.55,869440
2026-02-20 13:37:00,13:37:00,155.05,156.5,150.55,155.5,634205
2026-02-20 13:38:00,13:38:00,155.8,158.4,152.4,155.3,399100
2026-02-20 13:39:00,13:39:00,186.6,189.5,182.1,186.15,403455
2026-02-20 13:40:00,13:40:00,186.75,187.05,181.7,182.15,238095
2026-02-20 13:41:00,13:41:00,182.0,185.55,180.85,181.6,360555
2026-02-20 13:42:00,13:42:00,182.15,182.15,169.95,177.0,820885
2026-02-20 13:43:00,13:43:00,146.75,157.15,146.75,155.15,721240
2026-02-20 13:44:00,13:44:00,185.95,190.45,183.0,183.2,522210
2026-02-20 13:45:00,13:45:00,152.6,161.05,152.4,152.7,749645
2026-02-20 13:46:00,13:46:00,153.3,154.2,149.8,153.3,340015
2026-02-20 13:47:00,13:47:00,184.7,185.3,179.7,180.3,216190
2026-02-20 13:48:00,13:48:00,150.25,154.55,147.9,153.5,285350
2026-02-20 13:49:00,13:49:00,153.25,156.7,151.85,154.85,327275
2026-02-20 13:50:00,13:50:00,155.25,157.65,154.0,156.2,264875
2026-02-20 13:51:00,13:51:00,156.95,157.5,152.1,152.85,295490
2026-02-20 13:52:00,13:52:00,184.15,186.3,181.65,182.7,151840
2026-02-20 13:53:00,13:53:00,182.8,185.9,181.75,184.2,107510
2026-02-20 13:54:00,13:54:00,185.4,185.4,177.05,177.05,289770
2026-02-20 13:55:00,13:55:00,177.25,184.75,175.9,184.0,385905
2026-02-20 13:56:00,13:56:00,153.0,155.8,150.1,155.7,295555
2026-02-20 13:57:00,13:57:00,155.55,160.7,152.95,160.35,566280
2026-02-20 13:58:00,13:58:00,160.75,170.1,160.35,164.9,1116440
2026-02-20 13:59:00,13:59:00,165.45,170.35,164.5,170.35,567190
2026-02-20 14:00:00,14:00:00,169.1,171.3,165.5,168.7,624455
2026-02-20 14:01:00,14:01:00,168.9,178.2,168.55,172.9,939965
2026-02-20 14:02:00,14:02:00,172.9,172.9,164.1,164.7,462930
2026-02-20 14:03:00,14:03:00,165.4,171.6,164.7,168.15,389090
2026-02-20 14:04:00,14:04:00,168.85,171.4,162.4,162.4,319605
2026-02-20 14:05:00,14:05:00,161.25,163.1,152.4,161.7,944905
2026-02-20 14:06:00,14:06:00,162.0,165.7,161.25,163.75,415805
2026-02-20 14:07:00,14:07:00,164.1,169.9,160.2,168.9,408980
2026-02-20 14:08:00,14:08:00,167.2,169.75,163.7,165.0,334035
2026-02-20 14:09:00,14:09:00,166.0,167.8,164.2,166.9,208715
2026-02-20 14:10:00,14:10:00,167.05,169.65,165.0,165.75,297700
2026-02-20 14:11:00,14:11:00,165.75,168.45,162.75,167.15,256295
2026-02-20 14:12:00,14:12:00,167.25,168.6,163.8,166.4,171405
2026-02-20 14:13:00,14:13:00,166.45,166.75,162.7,166.15,170820
2026-02-20 14:14:00,14:14:00,166.5,168.2,163.7,166.15,193570
2026-02-20 14:15:00,14:15:00,166.0,171.65,166.0,169.6,640250
2026-02-20 14:16:00,14:16:00,170.35,176.35,169.6,172.75,554580
2026-02-20 14:17:00,14:17:00,172.6,174.5,170.9,174.4,306865
2026-02-20 14:18:00,14:18:00,148.2,151.35,144.6,149.7,3081520
2026-02-20 14:19:00,14:19:00,149.05,152.5,146.9,150.05,1758445
2026-02-20 14:20:00,14:20:00,180.6,181.95,175.6,178.65,445250
2026-02-20 14:21:00,14:21:00,148.1,154.9,147.55,154.25,2193035
2026-02-20 14:22:00,14:22:00,185.95,185.95,178.15,180.75,338325
2026-02-20 14:23:00,14:23:00,180.2,180.8,173.5,173.85,382850
2026-02-20 14:24:00,14:24:00,173.95,177.1,170.15,172.85,390195
2026-02-20 14:25:00,14:25:00,172.0,173.1,169.75,173.1,265850
2026-02-20 14:26:00,14:26:00,173.1,174.25,166.9,167.2,384670
2026-02-20 14:27:00,14:27:00,167.5,172.8,167.2,167.6,234975
2026-02-20 14:28:00,14:28:00,167.45,167.6,162.25,165.2,420290
2026-02-20 14:29:00,14:29:00,165.4,169.0,159.55,159.55,395980
2026-02-20 14:30:00,14:30:00,159.6,166.5,156.95,164.45,541580
2026-02-20 14:31:00,14:31:00,164.75,168.5,163.75,168.3,288145
2026-02-20 14:32:00,14:32:00,168.0,170.3,163.65,168.0,365495
2026-02-20 14:33:00,14:33:00,167.2,169.55,164.75,169.2,218400
2026-02-20 14:34:00,14:34:00,168.9,171.2,165.0,169.0,226200
2026-02-20 14:35:00,14:35:00,167.9,178.0,167.9,177.05,452075
2026-02-20 14:36:00,14:36:00,177.2,180.0,170.55,174.7,461240
2026-02-20 14:37:00,14:37:00,174.95,176.6,169.4,169.4,216710
2026-02-20 14:38:00,14:38:00,168.5,170.2,164.5,165.6,349830
2026-02-20 14:39:00,14:39:00,166.3,174.55,165.6,173.75,237380
2026-02-20 14:40:00,14:40:00,173.3,179.2,172.2,173.9,384280
2026-02-20 14:41:00,14:41:00,174.6,178.1,170.75,178.1,224250
2026-02-20 14:42:00,14:42:00,178.15,178.6,173.7,176.9,146575
2026-02-20 14:43:00,14:43:00,177.6,183.0,175.15,181.9,354900
2026-02-20 14:44:00,14:44:00,149.1,160.8,148.85,154.6,3204565
2026-02-20 14:45:00,14:45:00,155.1,164.55,153.3,162.65,2345720
2026-02-20 14:46:00,14:46:00,162.95,167.05,160.85,165.15,2114710
2026-02-20 14:47:00,14:47:00,165.05,165.15,156.8,163.5,1700725
2026-02-20 14:48:00,14:48:00,163.05,170.35,161.75,169.05,2062385
2026-02-20 14:49:00,14:49:00,167.5,173.1,166.0,170.85,1716975
2026-02-20 14:50:00,14:50:00,168.6,170.85,156.3,157.35,2042495
2026-02-20 14:51:00,14:51:00,158.2,158.2,145.05,155.85,2489045
2026-02-20 14:52:00,14:52:00,155.65,158.15,151.4,157.0,1081730
2026-02-20 14:53:00,14:53:00,157.1,157.3,150.2,152.2,908895
2026-02-20 14:54:00,14:54:00,152.55,156.9,149.85,155.4,909220
2026-02-20 14:55:00,14:55:00,154.5,159.4,152.2,157.7,932880
2026-02-20 14:56:00,14:56:00,157.55,157.95,152.1,156.0,724425
2026-02-20 14:57:00,14:57:00,155.7,156.35,152.45,154.2,527150
2026-02-20 14:58:00,14:58:00,154.55,157.05,152.65,156.05,542100
2026-02-20 14:59:00,14:59:00,156.35,164.1,156.05,164.1,1381380
2026-02-20 15:00:00,15:00:00,197.2,197.7,181.55,181.55,435110
2026-02-20 15:01:00,15:01:00,149.65,154.7,146.8,151.6,1206530
2026-02-20 15:02:00,15:02:00,184.35,186.6,168.05,168.8,589355
2026-02-20 15:03:00,15:03:00,170.85,178.5,167.8,171.9,333580
2026-02-20 15:04:00,15:04:00,170.25,171.9,159.0,161.45,532350
2026-02-20 15:05:00,15:05:00,162.75,164.2,158.6,158.8,317330
2026-02-20 15:06:00,15:06:00,154.85,158.8,148.8,154.05,576680
2026-02-20 15:07:00,15:07:00,187.95,187.95,175.6,175.85,485095
2026-02-20 15:08:00,15:08:00,145.0,151.7,142.65,149.95,646360
2026-02-20 15:09:00,15:09:00,181.95,185.6,177.05,180.75,399230
2026-02-20 15:10:00,15:10:00,180.0,180.75,172.0,172.3,457405
2026-02-20 15:11:00,15:11:00,173.8,179.2,172.3,174.9,319670
2026-02-20 15:12:00,15:12:00,174.35,178.25,172.2,177.6,264420
2026-02-20 15:13:00,15:13:00,176.85,177.6,172.55,174.55,176150
2026-02-20 15:14:00,15:14:00,174.25,181.25,172.95,176.9,389155
2026-02-20 15:15:00,15:15:00,176.7,178.4,172.7,177.2,375830
2026-02-20 15:16:00,15:16:00,176.75,181.4,176.05,179.35,264745
2026-02-20 15:17:00,15:17:00,180.0,181.15,174.85,177.1,402545
2026-02-20 15:18:00,15:18:00,177.4,177.6,172.6,174.85,208650
2026-02-20 15:19:00,15:19:00,174.6,174.6,159.35,162.95,691730
2026-02-20 15:20:00,15:20:00,161.0,162.95,150.2,155.0,821535
2026-02-20 15:21:00,15:21:00,154.8,156.0,149.4,152.25,514540
2026-02-20 15:22:00,15:22:00,154.1,173.95,151.4,173.4,1177150
2026-02-20 15:23:00,15:23:00,172.0,175.35,159.25,168.3,433745
2026-02-20 15:24:00,15:24:00,166.25,175.5,161.95,175.5,406640
2026-02-20 15:25:00,15:25:00,174.0,175.5,169.25,170.45,335660
2026-02-20 15:26:00,15:26:00,169.4,170.45,160.4,165.45,421915
2026-02-20 15:27:00,15:27:00,166.35,169.25,163.8,167.95,269880
2026-02-20 15:28:00,15:28:00,168.15,171.9,165.85,171.65,360100
2026-02-20 15:29:00,15:29:00,171.05,171.9,164.7,165.25,525395
2026-02-23 09:15:00,09:15:00,378.55,393.8,363.5,363.5,172770
2026-02-23 09:16:00,09:16:00,360.2,389.95,360.1,383.35,73645
2026-02-23 09:17:00,09:17:00,337.45,377.3,334.6,373.6,38350
2026-02-23 09:18:00,09:18:00,375.35,377.65,357.3,367.9,20020
2026-02-23 09:19:00,09:19:00,364.05,381.0,364.05,374.3,33475
2026-02-23 09:20:00,09:20:00,380.25,398.15,374.3,397.7,16900
2026-02-23 09:21:00,09:21:00,398.9,405.1,388.15,390.0,14365
2026-02-23 09:22:00,09:22:00,389.8,398.0,381.0,392.7,11505
2026-02-23 09:23:00,09:23:00,345.35,361.2,344.05,361.2,43810
2026-02-23 09:24:00,09:24:00,357.45,372.05,357.45,365.75,69680
2026-02-23 09:25:00,09:25:00,365.75,373.0,362.85,371.6,43485
2026-02-23 09:26:00,09:26:00,372.2,379.6,371.5,377.55,41730
2026-02-23 09:27:00,09:27:00,377.1,386.8,374.6,386.8,38285
2026-02-23 09:28:00,09:28:00,386.65,390.95,381.25,383.35,62595
2026-02-23 09:29:00,09:29:00,383.3,390.0,373.95,390.0,50570
2026-02-23 09:30:00,09:30:00,390.75,396.0,387.5,395.55,64935
2026-02-23 09:31:00,09:31:00,395.45,399.0,378.8,380.85,36075
2026-02-23 09:32:00,09:32:00,378.8,383.0,371.2,379.4,36400
2026-02-23 09:33:00,09:33:00,380.9,383.55,374.4,376.3,20085
2026-02-23 09:34:00,09:34:00,377.45,379.0,372.0,377.0,19890
2026-02-23 09:35:00,09:35:00,376.9,392.95,376.9,381.6,36205
2026-02-23 09:36:00,09:36:00,381.25,388.0,376.25,386.5,22295
2026-02-23 09:37:00,09:37:00,386.6,390.4,384.0,389.0,33020
2026-02-23 09:38:00,09:38:00,391.25,400.2,380.2,380.2,49595
2026-02-23 09:39:00,09:39:00,380.4,380.4,360.15,361.35,65260
2026-02-23 09:40:00,09:40:00,408.15,414.75,407.0,411.35,2535
2026-02-23 09:41:00,09:41:00,358.45,373.0,356.35,370.8,37895
2026-02-23 09:42:00,09:42:00,371.15,377.95,365.55,369.05,20865
2026-02-23 09:43:00,09:43:00,370.55,374.6,367.4,371.4,24245
2026-02-23 09:44:00,09:44:00,371.45,375.25,364.4,365.45,18200
2026-02-23 09:45:00,09:45:00,366.75,374.9,365.45,370.95,18265
2026-02-23 09:46:00,09:46:00,371.25,374.9,360.65,361.4,16510
2026-02-23 09:47:00,09:47:00,359.05,380.55,359.05,375.55,41275
2026-02-23 09:48:00,09:48:00,375.6,382.9,371.8,381.4,32630
2026-02-23 09:49:00,09:49:00,381.15,385.0,373.4,373.4,31590
2026-02-23 09:50:00,09:50:00,375.05,380.2,364.55,369.6,13325
2026-02-23 09:51:00,09:51:00,371.95,380.4,369.6,374.3,43550
2026-02-23 09:52:00,09:52:00,375.2,376.2,366.75,369.85,24440
2026-02-23 09:53:00,09:53:00,414.85,416.5,393.9,393.9,4745
2026-02-23 09:54:00,09:54:00,396.4,399.6,392.25,399.3,2275
2026-02-23 09:55:00,09:55:00,353.6,361.85,346.3,361.8,25155
2026-02-23 09:56:00,09:56:00,362.45,375.45,361.8,370.1,43485
2026-02-23 09:57:00,09:57:00,372.85,374.7,361.05,363.1,16770
2026-02-23 09:58:00,09:58:00,364.4,367.4,354.3,364.7,10985
2026-02-23 09:59:00,09:59:00,364.9,368.2,358.0,361.35,11115
2026-02-23 10:00:00,10:00:00,411.5,413.05,403.9,403.9,1820
2026-02-23 10:01:00,10:01:00,353.6,365.4,353.6,363.1,9490
2026-02-23 10:02:00,10:02:00,364.35,368.55,356.95,364.35,9035
2026-02-23 10:03:00,10:03:00,363.75,370.25,362.85,365.15,12870
2026-02-23 10:04:00,10:04:00,364.6,367.0,360.0,362.55,9165
2026-02-23 10:05:00,10:05:00,363.55,368.5,359.85,360.0,11765
2026-02-23 10:06:00,10:06:00,358.1,364.95,355.0,359.9,12870
2026-02-23 10:07:00,10:07:00,404.0,407.2,397.7,397.7,1690
2026-02-23 10:08:00,10:08:00,399.15,408.35,397.7,399.5,1690
2026-02-23 10:09:00,10:09:00,351.0,361.65,351.0,361.65,12220
2026-02-23 10:10:00,10:10:00,358.85,361.65,355.5,356.75,6435
2026-02-23 10:11:00,10:11:00,407.05,407.6,405.75,407.6,1820
2026-02-23 10:12:00,10:12:00,397.15,407.6,390.0,394.55,3640
2026-02-23 10:13:00,10:13:00,389.0,394.55,382.4,388.65,4940
2026-02-23 10:14:00,10:14:00,384.0,395.2,383.25,395.2,5135
2026-02-23 10:15:00,10:15:00,396.85,405.7,395.2,395.3,1235
2026-02-23 10:16:00,10:16:00,392.9,398.85,391.25,398.85,325
2026-02-23 10:17:00,10:17:00,352.95,360.65,352.95,359.8,10400
2026-02-23 10:18:00,10:18:00,359.9,363.9,355.1,362.6,20995
2026-02-23 10:19:00,10:19:00,364.7,367.0,354.95,358.4,25805
2026-02-23 10:20:00,10:20:00,405.75,405.75,395.55,399.2,3770
2026-02-23 10:21:00,10:21:00,402.85,402.85,392.4,400.7,3835
2026-02-23 10:22:00,10:22:00,351.35,359.0,348.3,358.75,7410
2026-02-23 10:23:00,10:23:00,356.25,361.85,354.6,359.5,9100
2026-02-23 10:24:00,10:24:00,358.5,359.5,352.75,356.55,17095
2026-02-23 10:25:00,10:25:00,400.0,401.9,393.25,395.85,1105
2026-02-23 10:26:00,10:26:00,392.95,395.85,392.95,395.5,975
2026-02-23 10:27:00,10:27:00,396.05,396.45,380.0,383.6,2925
2026-02-23 10:28:00,10:28:00,386.5,386.5,376.35,376.35,3380
2026-02-23 10:29:00,10:29:00,375.7,380.15,372.2,380.15,7020
2026-02-23 10:30:00,10:30:00,385.0,385.0,376.3,379.2,5005
2026-02-23 10:31:00,10:31:00,379.9,379.9,372.2,377.2,2210
2026-02-23 10:32:00,10:32:00,375.8,377.45,370.0,375.35,2665
2026-02-23 10:33:00,10:33:00,374.4,377.3,372.75,376.15,1235
2026-02-23 10:34:00,10:34:00,374.0,384.7,373.75,378.0,2795
2026-02-23 10:35:00,10:35:00,382.45,385.0,378.0,384.2,4420
2026-02-23 10:36:00,10:36:00,382.4,384.2,373.0,377.35,4875
2026-02-23 10:37:00,10:37:00,378.05,378.05,368.0,368.05,2405
2026-02-23 10:38:00,10:38:00,369.65,369.65,360.0,363.35,5525
2026-02-23 10:39:00,10:39:00,363.25,365.95,360.2,365.95,1105
2026-02-23 10:40:00,10:40:00,361.8,365.95,351.85,351.85,2925
2026-02-23 10:41:00,10:41:00,354.85,358.95,351.85,354.3,10595
2026-02-23 10:42:00,10:42:00,353.15,356.0,349.25,356.0,2860
2026-02-23 10:43:00,10:43:00,404.25,405.1,388.6,388.6,8645
2026-02-23 10:44:00,10:44:00,389.0,389.0,376.9,379.1,26065
2026-02-23 10:45:00,10:45:00,379.4,386.0,370.0,370.0,26845
2026-02-23 10:46:00,10:46:00,372.4,374.05,367.6,371.35,7345
2026-02-23 10:47:00,10:47:00,370.55,380.6,368.0,380.6,8710
2026-02-23 10:48:00,10:48:00,381.85,385.0,377.65,378.7,4095
2026-02-23 10:49:00,10:49:00,382.35,388.95,376.0,376.65,9490
2026-02-23 10:50:00,10:50:00,377.4,381.7,376.65,381.7,4550
2026-02-23 10:51:00,10:51:00,387.0,396.1,381.7,395.95,25285
2026-02-23 10:52:00,10:52:00,395.05,396.0,387.4,387.8,6825
2026-02-23 10:53:00,10:53:00,390.0,398.0,387.8,394.85,5395
2026-02-23 10:54:00,10:54:00,394.25,397.8,387.95,391.75,10075
2026-02-23 10:55:00,10:55:00,391.0,391.75,386.1,388.1,1885
2026-02-23 10:56:00,10:56:00,390.2,393.0,386.15,393.0,2405
2026-02-23 10:57:00,10:57:00,347.85,352.45,344.25,352.2,7280
2026-02-23 10:58:00,10:58:00,397.1,399.55,395.2,395.2,2210
2026-02-23 10:59:00,10:59:00,394.25,395.2,389.15,390.65,2665
2026-02-23 11:00:00,11:00:00,388.0,397.6,387.0,395.45,8775
2026-02-23 11:01:00,11:01:00,351.85,355.0,348.5,354.75,4940
2026-02-23 11:02:00,11:02:00,355.6,367.15,354.75,367.15,6955
2026-02-23 11:03:00,11:03:00,368.4,369.0,358.0,359.8,2925
2026-02-23 11:04:00,11:04:00,359.8,363.6,355.0,355.8,4355
2026-02-23 11:05:00,11:05:00,354.55,356.5,347.55,347.65,4550
2026-02-23 11:06:00,11:06:00,390.0,394.35,377.8,379.35,16900
2026-02-23 11:07:00,11:07:00,375.1,382.0,368.0,379.4,13390
2026-02-23 11:08:00,11:08:00,378.5,388.0,378.5,387.75,5460
2026-02-23 11:09:00,11:09:00,339.9,356.8,339.9,356.0,3315
2026-02-23 11:10:00,11:10:00,355.4,367.2,355.2,363.2,7540
2026-02-23 11:11:00,11:11:00,363.7,364.45,358.7,358.7,2145
2026-02-23 11:12:00,11:12:00,357.0,359.55,343.65,351.45,3900
2026-02-23 11:13:00,11:13:00,352.6,361.75,351.45,358.95,2990
2026-02-23 11:14:00,11:14:00,365.15,373.35,358.95,371.5,5980
2026-02-23 11:15:00,11:15:00,372.45,375.65,365.15,366.6,12090
2026-02-23 11:16:00,11:16:00,367.45,373.0,366.6,373.0,1690
2026-02-23 11:17:00,11:17:00,370.35,373.0,364.95,367.45,4095
2026-02-23 11:18:00,11:18:00,364.2,367.45,353.0,355.15,2795
2026-02-23 11:19:00,11:19:00,397.0,404.1,394.05,395.8,6825
2026-02-23 11:20:00,11:20:00,350.1,353.7,347.7,352.3,2405
2026-02-23 11:21:00,11:21:00,397.4,398.8,393.45,395.0,11570
2026-02-23 11:22:00,11:22:00,397.0,397.2,381.6,386.0,23660
2026-02-23 11:23:00,11:23:00,388.2,388.2,382.85,384.0,1495
2026-02-23 11:24:00,11:24:00,385.7,387.9,382.0,387.9,2470
2026-02-23 11:25:00,11:25:00,385.85,390.9,383.8,384.45,3575
2026-02-23 11:26:00,11:26:00,383.8,384.45,377.85,377.85,4810
2026-02-23 11:27:00,11:27:00,377.3,381.55,376.0,379.0,7150
2026-02-23 11:28:00,11:28:00,383.25,386.45,379.0,386.0,6110
2026-02-23 11:29:00,11:29:00,385.35,388.0,382.75,383.35,1690
2026-02-23 11:30:00,11:30:00,380.0,383.35,372.9,374.6,6955
2026-02-23 11:31:00,11:31:00,376.1,381.1,374.6,377.2,3510
2026-02-23 11:32:00,11:32:00,378.05,382.65,375.1,382.65,2990
2026-02-23 11:33:00,11:33:00,382.35,382.65,379.05,380.0,1235
2026-02-23 11:34:00,11:34:00,378.45,380.55,375.0,375.0,2665
2026-02-23 11:35:00,11:35:00,374.0,380.25,371.8,380.0,14495
2026-02-23 11:36:00,11:36:00,380.4,390.4,380.0,388.2,6110
2026-02-23 11:37:00,11:37:00,389.25,390.55,380.0,384.8,5590
2026-02-23 11:38:00,11:38:00,385.0,386.6,383.7,386.6,2535
2026-02-23 11:39:00,11:39:00,384.8,388.4,381.0,387.1,2795
2026-02-23 11:40:00,11:40:00,384.85,387.8,381.0,381.0,2795
2026-02-23 11:41:00,11:41:00,381.85,387.0,379.0,382.0,2925
2026-02-23 11:42:00,11:42:00,384.35,387.9,382.0,387.9,1885
2026-02-23 11:43:00,11:43:00,386.75,387.9,380.0,383.2,585
2026-02-23 11:44:00,11:44:00,382.3,389.0,382.3,388.8,2275
2026-02-23 11:45:00,11:45:00,387.5,391.05,381.8,384.05,4810
2026-02-23 11:46:00,11:46:00,384.35,385.7,379.55,383.5,3445
2026-02-23 11:47:00,11:47:00,381.0,384.05,377.8,384.0,3835
2026-02-23 11:48:00,11:48:00,380.2,384.0,365.5,365.85,13000
2026-02-23 11:49:00,11:49:00,366.0,368.4,351.3,366.05,23725
2026-02-23 11:50:00,11:50:00,365.2,366.05,352.65,352.9,23790
2026-02-23 11:51:00,11:51:00,352.0,364.5,347.3,364.5,17615
2026-02-23 11:52:00,11:52:00,364.3,368.35,358.65,364.0,13065
2026-02-23 11:53:00,11:53:00,365.0,382.8,364.0,379.25,23465
2026-02-23 11:54:00,11:54:00,384.0,386.0,376.7,376.7,7020
2026-02-23 11:55:00,11:55:00,375.8,376.9,368.5,374.4,6890
2026-02-23 11:56:00,11:56:00,376.5,382.55,373.15,375.2,4160
2026-02-23 11:57:00,11:57:00,375.85,380.15,375.0,375.0,3835
2026-02-23 11:58:00,11:58:00,375.45,376.6,368.7,368.7,10855
2026-02-23 11:59:00,11:59:00,368.4,370.0,365.0,365.0,5915
2026-02-23 12:00:00,12:00:00,365.45,369.55,362.7,364.4,6890
2026-02-23 12:01:00,12:01:00,364.15,370.1,362.2,368.6,2210
2026-02-23 12:02:00,12:02:00,369.0,382.25,368.6,382.25,8515
2026-02-23 12:03:00,12:03:00,382.0,383.15,376.95,379.4,4095
2026-02-23 12:04:00,12:04:00,379.9,381.2,373.85,381.2,1820
2026-02-23 12:05:00,12:05:00,380.8,383.45,376.7,383.45,3315
2026-02-23 12:06:00,12:06:00,384.95,389.05,381.8,385.45,10335
2026-02-23 12:07:00,12:07:00,384.9,391.8,381.4,390.0,9035
2026-02-23 12:08:00,12:08:00,392.65,394.25,385.0,392.7,6045
2026-02-23 12:09:00,12:09:00,390.35,392.8,382.95,383.95,2925
2026-02-23 12:10:00,12:10:00,382.9,383.95,373.4,373.4,7605
2026-02-23 12:11:00,12:11:00,372.1,384.0,369.85,382.7,17160
2026-02-23 12:12:00,12:12:00,382.7,391.8,381.4,391.8,11180
2026-02-23 12:13:00,12:13:00,393.65,394.2,383.7,384.05,10595
2026-02-23 12:14:00,12:14:00,379.0,384.05,373.85,380.75,11310
2026-02-23 12:15:00,12:15:00,377.0,387.5,377.0,379.05,7995
2026-02-23 12:16:00,12:16:00,380.45,388.35,379.05,385.15,4550
2026-02-23 12:17:00,12:17:00,340.8,354.65,340.05,354.65,10595
2026-02-23 12:18:00,12:18:00,400.0,403.3,389.85,391.15,12285
2026-02-23 12:19:00,12:19:00,390.0,395.0,388.7,393.8,7150
2026-02-23 12:20:00,12:20:00,392.25,394.2,389.55,392.05,2015
2026-02-23 12:21:00,12:21:00,390.2,395.55,385.05,392.4,2210
2026-02-23 12:22:00,12:22:00,390.35,392.4,373.8,373.8,11375
2026-02-23 12:23:00,12:23:00,371.8,380.0,371.8,379.0,7215
2026-02-23 12:24:00,12:24:00,373.85,380.0,373.85,376.0,3640
2026-02-23 12:25:00,12:25:00,374.7,377.35,370.0,370.3,5915
2026-02-23 12:26:00,12:26:00,371.95,377.7,368.0,370.25,7215
2026-02-23 12:27:00,12:27:00,369.4,372.9,366.9,369.45,1885
2026-02-23 12:28:00,12:28:00,369.45,375.5,369.45,375.35,2080
2026-02-23 12:29:00,12:29:00,374.75,377.0,370.0,370.0,10725
2026-02-23 12:30:00,12:30:00,370.25,372.0,363.2,364.6,4225
2026-02-23 12:31:00,12:31:00,362.0,365.85,352.9,364.65,13130
2026-02-23 12:32:00,12:32:00,362.3,374.7,362.3,372.1,6955
2026-02-23 12:33:00,12:33:00,369.65,372.2,367.35,367.7,4095
2026-02-23 12:34:00,12:34:00,366.15,375.5,366.15,373.6,6500
2026-02-23 12:35:00,12:35:00,372.0,375.3,370.45,370.45,2015
2026-02-23 12:36:00,12:36:00,374.7,377.0,370.45,372.65,2990
2026-02-23 12:37:00,12:37:00,373.3,378.6,372.65,373.25,3250
2026-02-23 12:38:00,12:38:00,373.35,373.5,372.45,372.45,1365
2026-02-23 12:39:00,12:39:00,371.5,385.0,371.5,380.35,15730
2026-02-23 12:40:00,12:40:00,381.1,382.1,377.5,379.0,3705
2026-02-23 12:41:00,12:41:00,377.65,386.95,377.65,384.25,7605
2026-02-23 12:42:00,12:42:00,384.4,387.35,382.0,387.35,8320
2026-02-23 12:43:00,12:43:00,341.1,349.7,339.9,348.1,5200
2026-02-23 12:44:00,12:44:00,349.25,353.2,346.8,352.8,5005
2026-02-23 12:45:00,12:45:00,355.0,356.85,350.0,354.7,13520
2026-02-23 12:46:00,12:46:00,355.8,358.75,347.45,347.45,5330
2026-02-23 12:47:00,12:47:00,393.55,396.65,385.4,388.45,11700
2026-02-23 12:48:00,12:48:00,391.8,394.75,388.45,390.7,2665
2026-02-23 12:49:00,12:49:00,392.75,392.75,381.55,381.55,3510
2026-02-23 12:50:00,12:50:00,383.1,388.65,378.65,379.1,8190
2026-02-23 12:51:00,12:51:00,376.7,379.1,370.0,370.95,12610
2026-02-23 12:52:00,12:52:00,369.95,370.95,363.0,366.6,16900
2026-02-23 12:53:00,12:53:00,366.35,371.55,362.15,363.0,9555
2026-02-23 12:54:00,12:54:00,363.3,374.05,360.2,374.05,4290
2026-02-23 12:55:00,12:55:00,371.5,374.05,366.1,366.6,16120
2026-02-23 12:56:00,12:56:00,368.6,369.65,362.9,362.9,2665
2026-02-23 12:57:00,12:57:00,364.25,369.0,362.9,363.55,2210
2026-02-23 12:58:00,12:58:00,363.65,366.75,358.85,360.55,5070
2026-02-23 12:59:00,12:59:00,360.25,360.55,350.55,352.6,9360
2026-02-23 13:00:00,13:00:00,351.45,355.85,346.0,353.85,29770
2026-02-23 13:01:00,13:01:00,355.0,355.65,350.0,354.0,8580
2026-02-23 13:02:00,13:02:00,352.55,354.0,345.25,348.0,4225
2026-02-23 13:03:00,13:03:00,348.0,350.15,345.95,350.15,2665
2026-02-23 13:04:00,13:04:00,350.8,353.25,348.0,352.6,3250
2026-02-23 13:05:00,13:05:00,353.45,363.0,352.6,359.25,10465
2026-02-23 13:06:00,13:06:00,357.75,360.7,356.1,358.55,8515
2026-02-23 13:07:00,13:07:00,359.4,362.0,353.0,353.0,2535
2026-02-23 13:08:00,13:08:00,354.3,361.95,353.0,361.95,1365
2026-02-23 13:09:00,13:09:00,364.0,366.25,358.0,358.0,17095
2026-02-23 13:10:00,13:10:00,360.0,362.0,358.0,361.05,3120
2026-02-23 13:11:00,13:11:00,362.0,365.0,359.95,362.0,3575
2026-02-23 13:12:00,13:12:00,360.0,362.0,355.45,357.15,4030
2026-02-23 13:13:00,13:13:00,354.9,357.15,349.2,349.2,5850
2026-02-23 13:14:00,13:14:00,346.05,351.75,344.4,349.8,5135
2026-02-23 13:15:00,13:15:00,348.1,349.8,341.1,341.9,8450
2026-02-23 13:16:00,13:16:00,341.35,346.8,341.35,345.4,4875
2026-02-23 13:17:00,13:17:00,345.35,362.4,341.85,362.4,9750
2026-02-23 13:18:00,13:18:00,359.35,365.3,359.3,361.15,9815
2026-02-23 13:19:00,13:19:00,362.0,367.35,357.4,358.35,17420
2026-02-23 13:20:00,13:20:00,360.0,366.0,358.35,365.05,3510
2026-02-23 13:21:00,13:21:00,366.0,366.0,359.25,362.9,2145
2026-02-23 13:22:00,13:22:00,363.0,363.85,359.0,359.0,3315
2026-02-23 13:23:00,13:23:00,357.25,364.8,355.75,363.8,7150
2026-02-23 13:24:00,13:24:00,363.0,369.6,363.0,365.0,11635
2026-02-23 13:25:00,13:25:00,363.9,372.55,359.4,360.0,8125
2026-02-23 13:26:00,13:26:00,360.05,369.9,360.0,369.05,8450
2026-02-23 13:27:00,13:27:00,369.3,371.65,364.4,364.4,17940
2026-02-23 13:28:00,13:28:00,365.0,373.0,364.4,372.8,5070
2026-02-23 13:29:00,13:29:00,372.0,376.0,370.15,374.95,28145
2026-02-23 13:30:00,13:30:00,330.0,336.4,326.75,335.4,13260
2026-02-23 13:31:00,13:31:00,382.15,388.7,372.2,372.2,19565
2026-02-23 13:32:00,13:32:00,371.55,374.1,368.9,374.1,48750
2026-02-23 13:33:00,13:33:00,372.0,374.1,362.0,365.0,9035
2026-02-23 13:34:00,13:34:00,364.95,365.2,360.6,360.6,13195
2026-02-23 13:35:00,13:35:00,362.9,363.45,359.85,361.8,4875
2026-02-23 13:36:00,13:36:00,364.1,372.3,361.8,363.65,19760
2026-02-23 13:37:00,13:37:00,364.05,368.6,363.65,367.45,9035
2026-02-23 13:38:00,13:38:00,363.5,368.7,362.8,368.7,4420
2026-02-23 13:39:00,13:39:00,372.0,372.0,367.3,367.9,2990
2026-02-23 13:40:00,13:40:00,367.2,367.9,362.4,362.4,1495
2026-02-23 13:41:00,13:41:00,358.1,364.9,357.1,364.9,7215
2026-02-23 13:42:00,13:42:00,366.45,378.95,362.1,377.9,6695
2026-02-23 13:43:00,13:43:00,377.7,386.7,377.7,384.2,15860
2026-02-23 13:44:00,13:44:00,383.3,392.95,383.05,383.7,18135
2026-02-23 13:45:00,13:45:00,384.05,385.2,376.95,384.0,3835
2026-02-23 13:46:00,13:46:00,383.05,387.5,382.7,387.15,4095
2026-02-23 13:47:00,13:47:00,387.8,388.3,371.25,371.25,6045
2026-02-23 13:48:00,13:48:00,372.5,376.25,371.25,372.2,4680
2026-02-23 13:49:00,13:49:00,375.8,377.15,369.85,371.0,5070
2026-02-23 13:50:00,13:50:00,370.5,378.4,370.15,376.1,5980
2026-02-23 13:51:00,13:51:00,375.3,376.1,371.45,373.4,9685
2026-02-23 13:52:00,13:52:00,371.65,373.4,369.8,370.15,1625
2026-02-23 13:53:00,13:53:00,370.8,375.15,368.1,373.5,3965
2026-02-23 13:54:00,13:54:00,375.4,375.8,367.35,370.7,3120
2026-02-23 13:55:00,13:55:00,367.6,371.65,364.0,364.0,715
2026-02-23 13:56:00,13:56:00,369.75,373.15,364.0,368.25,1040
2026-02-23 13:57:00,13:57:00,366.6,368.25,358.65,358.65,5525
2026-02-23 13:58:00,13:58:00,358.7,363.6,357.45,363.6,3510
2026-02-23 13:59:00,13:59:00,362.65,366.0,354.15,354.3,5850
2026-02-23 14:00:00,14:00:00,355.05,361.25,354.3,358.45,11700
2026-02-23 14:01:00,14:01:00,357.05,358.45,351.65,353.7,10075
2026-02-23 14:02:00,14:02:00,352.15,354.25,340.25,340.25,9425
2026-02-23 14:03:00,14:03:00,384.7,389.2,378.6,378.6,4550
2026-02-23 14:04:00,14:04:00,378.1,381.25,370.05,381.25,1105
2026-02-23 14:05:00,14:05:00,384.8,387.45,380.0,380.0,1040
2026-02-23 14:06:00,14:06:00,380.0,386.5,380.0,384.55,1040
2026-02-23 14:07:00,14:07:00,341.45,354.65,339.35,350.0,20865
2026-02-23 14:08:00,14:08:00,349.3,352.45,342.45,342.45,5460
2026-02-23 14:09:00,14:09:00,342.6,345.0,339.45,340.35,9750
2026-02-23 14:10:00,14:10:00,339.1,343.45,337.7,337.7,6760
2026-02-23 14:11:00,14:11:00,383.9,384.45,378.6,378.6,1235
2026-02-23 14:12:00,14:12:00,378.0,380.75,374.6,380.75,1300
2026-02-23 14:13:00,14:13:00,333.25,345.0,333.25,344.4,9425
2026-02-23 14:14:00,14:14:00,345.0,349.15,342.45,344.2,7410
2026-02-23 14:15:00,14:15:00,346.9,348.8,344.2,348.8,7475
2026-02-23 14:16:00,14:16:00,391.45,392.75,384.15,384.3,845
2026-02-23 14:17:00,14:17:00,338.05,346.0,335.05,345.6,6760
2026-02-23 14:18:00,14:18:00,344.0,362.0,343.15,362.0,16965
2026-02-23 14:19:00,14:19:00,359.9,362.0,355.0,357.05,7670
2026-02-23 14:20:00,14:20:00,357.45,357.85,353.95,356.8,4290
2026-02-23 14:21:00,14:21:00,361.0,361.0,356.45,358.65,3705
2026-02-23 14:22:00,14:22:00,360.9,363.85,357.75,357.75,4615
2026-02-23 14:23:00,14:23:00,357.75,366.0,356.85,365.0,4160
2026-02-23 14:24:00,14:24:00,364.9,365.0,357.75,362.45,6110
2026-02-23 14:25:00,14:25:00,361.5,367.95,361.15,361.55,8450
2026-02-23 14:26:00,14:26:00,360.95,361.55,354.55,359.0,4940
2026-02-23 14:27:00,14:27:00,356.0,362.0,352.0,361.05,5135
2026-02-23 14:28:00,14:28:00,360.7,377.6,360.7,377.6,13390
2026-02-23 14:29:00,14:29:00,378.45,390.95,377.6,390.8,21970
2026-02-23 14:30:00,14:30:00,342.5,370.45,341.5,367.25,17745
2026-02-23 14:31:00,14:31:00,367.95,379.0,367.25,368.0,11310
2026-02-23 14:32:00,14:32:00,364.35,368.6,360.4,363.25,7995
2026-02-23 14:33:00,14:33:00,360.4,363.25,353.4,361.15,7800
2026-02-23 14:34:00,14:34:00,363.75,373.0,361.15,370.25,9360
2026-02-23 14:35:00,14:35:00,371.6,382.6,370.05,376.5,5850
2026-02-23 14:36:00,14:36:00,372.0,376.5,357.3,360.85,7150
2026-02-23 14:37:00,14:37:00,364.65,364.65,356.85,359.45,5135
2026-02-23 14:38:00,14:38:00,360.85,362.75,352.0,362.65,6500
2026-02-23 14:39:00,14:39:00,363.8,363.8,357.15,357.75,4420
2026-02-23 14:40:00,14:40:00,357.75,358.55,354.6,355.55,1300
2026-02-23 14:41:00,14:41:00,355.45,362.2,355.45,360.9,4615
2026-02-23 14:42:00,14:42:00,358.7,362.4,358.7,361.1,5200
2026-02-23 14:43:00,14:43:00,360.8,361.95,353.05,356.1,5265
2026-02-23 14:44:00,14:44:00,397.1,401.05,378.15,392.0,27040
2026-02-23 14:45:00,14:45:00,391.65,400.0,388.0,393.4,9815
2026-02-23 14:46:00,14:46:00,353.4,361.9,349.65,360.0,5590
2026-02-23 14:47:00,14:47:00,359.0,366.0,359.0,360.4,5850
2026-02-23 14:48:00,14:48:00,363.2,365.0,355.15,355.2,4355
2026-02-23 14:49:00,14:49:00,356.5,372.0,354.8,369.75,3965
2026-02-23 14:50:00,14:50:00,368.2,369.75,359.45,359.45,5850
2026-02-23 14:51:00,14:51:00,364.25,364.25,358.35,358.35,975
2026-02-23 14:52:00,14:52:00,357.0,358.35,350.6,350.85,2405
2026-02-23 14:53:00,14:53:00,350.0,352.85,346.65,352.85,2925
2026-02-23 14:54:00,14:54:00,351.4,356.3,348.15,353.9,4160
2026-02-23 14:55:00,14:55:00,351.05,353.9,349.35,351.25,3380
2026-02-23 14:56:00,14:56:00,348.85,351.25,342.75,343.75,4160
2026-02-23 14:57:00,14:57:00,348.45,356.0,343.75,348.8,3445
2026-02-23 14:58:00,14:58:00,393.75,397.0,390.0,392.6,5265
2026-02-23 14:59:00,14:59:00,389.9,395.1,386.0,389.9,5590
2026-02-23 15:00:00,15:00:00,352.1,366.6,340.45,366.6,6565
2026-02-23 15:01:00,15:01:00,370.0,379.0,361.5,374.15,16185
2026-02-23 15:02:00,15:02:00,385.6,388.15,374.15,385.0,18005
2026-02-23 15:03:00,15:03:00,385.8,389.35,380.0,387.85,10140
2026-02-23 15:04:00,15:04:00,386.8,387.85,378.4,379.35,1430
2026-02-23 15:05:00,15:05:00,333.0,343.6,333.0,339.65,35555
2026-02-23 15:06:00,15:06:00,339.0,343.0,336.45,336.55,24375
2026-02-23 15:07:00,15:07:00,383.7,386.1,372.1,376.15,4030
2026-02-23 15:08:00,15:08:00,378.4,378.4,366.2,366.7,2535
2026-02-23 15:09:00,15:09:00,364.75,369.0,361.55,366.05,6695
2026-02-23 15:10:00,15:10:00,367.0,367.75,361.15,362.8,13780
2026-02-23 15:11:00,15:11:00,362.25,369.15,361.4,368.5,10920
2026-02-23 15:12:00,15:12:00,370.75,372.9,368.5,372.9,3055
2026-02-23 15:13:00,15:13:00,376.0,377.05,368.3,368.75,3640
2026-02-23 15:14:00,15:14:00,369.65,369.8,367.75,369.8,2535
2026-02-23 15:15:00,15:15:00,368.8,386.5,368.6,386.5,5200
2026-02-23 15:16:00,15:16:00,389.0,389.0,379.15,379.15,3055
2026-02-23 15:17:00,15:17:00,378.5,379.95,374.45,377.2,3315
2026-02-23 15:18:00,15:18:00,378.8,382.05,376.55,382.05,1105
2026-02-23 15:19:00,15:19:00,383.4,384.1,378.0,378.0,2275
2026-02-23 15:20:00,15:20:00,378.0,378.0,374.15,374.6,4940
2026-02-23 15:21:00,15:21:00,375.0,375.0,371.0,371.0,2210
2026-02-23 15:22:00,15:22:00,369.7,371.0,360.3,364.4,3250
2026-02-23 15:23:00,15:23:00,362.8,367.6,362.8,365.8,5070
2026-02-23 15:24:00,15:24:00,366.5,376.7,365.7,376.7,4940
2026-02-23 15:25:00,15:25:00,376.2,377.0,368.65,368.65,8515
2026-02-23 15:26:00,15:26:00,369.5,373.55,368.65,371.9,3575
2026-02-23 15:27:00,15:27:00,372.0,372.0,367.05,367.15,3445
2026-02-23 15:28:00,15:28:00,367.6,368.0,366.4,368.0,1040
2026-02-23 15:29:00,15:29:00,367.55,368.0,363.8,364.35,3380
2026-02-24 09:15:00,09:15:00,170.0,179.0,122.4,122.4,1186380
2026-02-24 09:16:00,09:16:00,123.05,139.65,122.4,132.6,1248065
2026-02-24 09:17:00,09:17:00,133.1,140.55,127.25,127.55,810095
2026-02-24 09:18:00,09:18:00,128.35,128.35,115.85,116.0,968890
2026-02-24 09:19:00,09:19:00,155.05,155.9,146.3,146.3,154310
2026-02-24 09:20:00,09:20:00,146.3,151.0,142.2,143.35,253045
2026-02-24 09:21:00,09:21:00,142.4,151.75,136.1,136.3,220870
2026-02-24 09:22:00,09:22:00,135.65,136.3,125.3,127.4,377065
2026-02-24 09:23:00,09:23:00,126.95,139.75,126.95,128.9,311350
2026-02-24 09:24:00,09:24:00,129.35,134.0,128.0,130.3,211705
2026-02-24 09:25:00,09:25:00,130.9,133.75,123.0,124.85,313040
2026-02-24 09:26:00,09:26:00,126.35,131.5,122.6,129.05,265655
2026-02-24 09:27:00,09:27:00,129.9,142.65,128.2,139.75,556790
2026-02-24 09:28:00,09:28:00,140.45,140.45,127.7,129.8,211510
2026-02-24 09:29:00,09:29:00,130.65,134.7,125.3,125.3,235430
2026-02-24 09:30:00,09:30:00,124.15,127.75,117.0,117.4,486005
2026-02-24 09:31:00,09:31:00,117.55,124.35,115.65,115.65,436475
2026-02-24 09:32:00,09:32:00,155.25,156.55,145.0,145.0,542945
2026-02-24 09:33:00,09:33:00,145.05,145.05,134.1,136.5,871975
2026-02-24 09:34:00,09:34:00,137.1,140.9,133.6,135.4,444730
2026-02-24 09:35:00,09:35:00,135.45,142.45,133.55,138.4,408460
2026-02-24 09:36:00,09:36:00,138.55,149.0,138.15,144.4,509080
2026-02-24 09:37:00,09:37:00,146.0,151.0,141.15,141.15,384280
2026-02-24 09:38:00,09:38:00,143.3,143.85,134.7,136.5,415090
2026-02-24 09:39:00,09:39:00,136.4,140.95,135.45,136.35,226070
2026-02-24 09:40:00,09:40:00,136.2,140.65,134.5,138.85,359580
2026-02-24 09:41:00,09:41:00,140.05,143.35,138.85,141.85,323765
2026-02-24 09:42:00,09:42:00,140.1,142.4,131.1,133.5,532480
2026-02-24 09:43:00,09:43:00,133.35,133.55,118.0,120.85,1109615
2026-02-24 09:44:00,09:44:00,120.95,131.45,120.05,130.65,978835
2026-02-24 09:45:00,09:45:00,131.5,137.3,127.1,137.3,826735
2026-02-24 09:46:00,09:46:00,137.85,142.15,132.0,141.3,710905
2026-02-24 09:47:00,09:47:00,104.35,109.85,100.65,109.6,996905
2026-02-24 09:48:00,09:48:00,108.9,113.25,107.05,111.35,1243775
2026-02-24 09:49:00,09:49:00,110.9,112.65,107.7,109.35,562965
2026-02-24 09:50:00,09:50:00,146.4,147.45,131.9,134.8,552370
2026-02-24 09:51:00,09:51:00,135.2,135.2,129.9,131.3,494715
2026-02-24 09:52:00,09:52:00,132.3,132.3,127.35,129.2,377715
2026-02-24 09:53:00,09:53:00,128.45,134.9,125.0,132.8,516490
2026-02-24 09:54:00,09:54:00,133.3,143.0,132.8,137.6,667745
2026-02-24 09:55:00,09:55:00,137.55,145.55,137.25,139.0,437450
2026-02-24 09:56:00,09:56:00,138.4,139.15,135.0,137.85,251745
2026-02-24 09:57:00,09:57:00,138.45,142.2,135.8,137.95,217815
2026-02-24 09:58:00,09:58:00,138.5,141.75,136.85,137.75,185120
2026-02-24 09:59:00,09:59:00,138.9,141.0,136.4,137.5,166400
2026-02-24 10:00:00,10:00:00,138.45,140.9,134.45,138.55,254605
2026-02-24 10:01:00,10:01:00,137.3,145.1,135.3,143.25,368355
2026-02-24 10:02:00,10:02:00,143.35,145.6,132.15,132.15,451035
2026-02-24 10:03:00,10:03:00,131.8,138.65,130.35,131.15,553020
2026-02-24 10:04:00,10:04:00,131.9,138.6,131.15,138.25,285740
2026-02-24 10:05:00,10:05:00,139.15,145.15,138.25,143.2,500435
2026-02-24 10:06:00,10:06:00,142.95,145.65,136.0,145.65,328055
2026-02-24 10:07:00,10:07:00,146.4,149.75,143.75,148.05,561730
2026-02-24 10:08:00,10:08:00,108.7,115.15,108.7,111.7,1037270
2026-02-24 10:09:00,10:09:00,150.15,150.75,137.65,137.95,451815
2026-02-24 10:10:00,10:10:00,139.55,139.55,132.4,134.8,528060
2026-02-24 10:11:00,10:11:00,133.9,134.8,124.7,125.45,698945
2026-02-24 10:12:00,10:12:00,126.65,131.6,121.2,122.35,679900
2026-02-24 10:13:00,10:13:00,120.3,122.35,115.8,115.8,839410
2026-02-24 10:14:00,10:14:00,114.6,117.4,113.5,114.15,680550
2026-02-24 10:15:00,10:15:00,113.9,120.5,112.35,116.65,660400
2026-02-24 10:16:00,10:16:00,116.9,123.55,116.0,117.45,517985
2026-02-24 10:17:00,10:17:00,117.55,117.55,103.45,103.75,1180010
2026-02-24 10:18:00,10:18:00,104.15,117.55,103.75,117.55,887510
2026-02-24 10:19:00,10:19:00,117.7,123.55,115.75,121.6,912730
2026-02-24 10:20:00,10:20:00,122.05,132.4,120.65,127.55,1144780
2026-02-24 10:21:00,10:21:00,126.95,128.3,122.1,123.85,511940
2026-02-24 10:22:00,10:22:00,123.6,123.85,117.45,118.4,486590
2026-02-24 10:23:00,10:23:00,119.0,119.5,114.35,117.4,470990
2026-02-24 10:24:00,10:24:00,117.65,117.85,112.35,112.45,422565
2026-02-24 10:25:00,10:25:00,112.75,118.3,111.9,114.8,411710
2026-02-24 10:26:00,10:26:00,115.95,118.9,114.3,116.15,316745
2026-02-24 10:27:00,10:27:00,116.1,121.6,116.1,120.0,335595
2026-02-24 10:28:00,10:28:00,120.35,123.1,115.1,116.05,474305
2026-02-24 10:29:00,10:29:00,116.1,122.5,115.5,119.0,343265
2026-02-24 10:30:00,10:30:00,118.65,125.2,118.5,121.15,460135
2026-02-24 10:31:00,10:31:00,122.0,125.95,120.1,124.15,513825
2026-02-24 10:32:00,10:32:00,124.85,130.65,124.15,124.25,748345
2026-02-24 10:33:00,10:33:00,124.7,127.1,121.15,124.65,391885
2026-02-24 10:34:00,10:34:00,124.3,126.95,121.35,124.95,416195
2026-02-24 10:35:00,10:35:00,124.65,131.25,124.65,130.55,536575
2026-02-24 10:36:00,10:36:00,130.95,132.2,127.35,129.9,425100
2026-02-24 10:37:00,10:37:00,130.15,131.6,126.85,129.25,230815
2026-02-24 10:38:00,10:38:00,129.9,131.55,128.45,128.85,269425
2026-02-24 10:39:00,10:39:00,129.05,130.55,126.3,129.3,240305
2026-02-24 10:40:00,10:40:00,128.8,129.7,122.5,122.5,390390
2026-02-24 10:41:00,10:41:00,122.1,129.8,118.45,129.05,699075
2026-02-24 10:42:00,10:42:00,129.0,133.8,128.45,131.45,722670
2026-02-24 10:43:00,10:43:00,132.8,135.2,128.55,131.2,628420
2026-02-24 10:44:00,10:44:00,130.85,131.35,119.0,119.1,744055
2026-02-24 10:45:00,10:45:00,118.6,121.95,115.55,118.05,637715
2026-02-24 10:46:00,10:46:00,117.8,120.55,115.2,115.2,322465
2026-02-24 10:47:00,10:47:00,115.1,117.1,110.45,110.45,603005
2026-02-24 10:48:00,10:48:00,111.1,111.1,98.4,102.15,1655225
2026-02-24 10:49:00,10:49:00,141.0,141.45,133.7,133.7,210600
2026-02-24 10:50:00,10:50:00,135.0,138.95,130.05,136.3,266110
2026-02-24 10:51:00,10:51:00,98.2,104.2,97.75,99.1,1039740
2026-02-24 10:52:00,10:52:00,138.0,138.0,129.0,129.1,180570
2026-02-24 10:53:00,10:53:00,126.8,129.1,122.3,124.85,248235
2026-02-24 10:54:00,10:54:00,124.9,128.55,124.15,127.25,140530
2026-02-24 10:55:00,10:55:00,127.1,136.3,125.45,136.3,214045
2026-02-24 10:56:00,10:56:00,136.2,137.9,128.75,128.75,219245
2026-02-24 10:57:00,10:57:00,129.45,131.85,126.75,128.45,85020
2026-02-24 10:58:00,10:58:00,128.3,133.6,128.1,133.15,95615
2026-02-24 10:59:00,10:59:00,133.15,135.95,129.8,135.45,80665
2026-02-24 11:00:00,11:00:00,96.8,104.45,95.25,101.7,1124565
2026-02-24 11:01:00,11:01:00,102.35,106.65,101.7,104.9,1021670
2026-02-24 11:02:00,11:02:00,105.2,107.2,99.9,102.85,772915
2026-02-24 11:03:00,11:03:00,102.5,107.85,101.2,103.2,639600
2026-02-24 11:04:00,11:04:00,103.45,107.4,103.2,105.95,414245
2026-02-24 11:05:00,11:05:00,106.7,106.7,100.4,100.65,438620
2026-02-24 11:06:00,11:06:00,101.35,103.7,99.4,102.2,455650
2026-02-24 11:07:00,11:07:00,102.0,110.9,102.0,109.1,686010
2026-02-24 11:08:00,11:08:00,110.05,119.1,109.1,116.45,1618240
2026-02-24 11:09:00,11:09:00,116.65,118.6,112.9,116.95,650715
2026-02-24 11:10:00,11:10:00,117.15,117.8,113.6,117.2,464490
2026-02-24 11:11:00,11:11:00,116.35,128.15,116.35,126.8,1444625
2026-02-24 11:12:00,11:12:00,127.3,135.15,126.8,133.1,1514435
2026-02-24 11:13:00,11:13:00,132.25,133.25,124.2,130.8,744510
2026-02-24 11:14:00,11:14:00,130.4,132.15,126.15,128.0,358410
2026-02-24 11:15:00,11:15:00,127.2,131.7,121.35,131.2,1162720
2026-02-24 11:16:00,11:16:00,130.5,131.2,122.05,123.3,524030
2026-02-24 11:17:00,11:17:00,122.3,128.55,117.9,127.2,844285
2026-02-24 11:18:00,11:18:00,127.0,133.7,123.2,132.9,582465
2026-02-24 11:19:00,11:19:00,132.45,137.0,127.55,128.15,972205
2026-02-24 11:20:00,11:20:00,129.85,139.4,126.1,137.25,895635
2026-02-24 11:21:00,11:21:00,137.05,138.85,131.4,131.75,830050
2026-02-24 11:22:00,11:22:00,131.7,138.05,131.0,134.0,543400
2026-02-24 11:23:00,11:23:00,132.95,134.0,122.45,122.45,608010
2026-02-24 11:24:00,11:24:00,123.65,128.45,122.45,124.6,401115
2026-02-24 11:25:00,11:25:00,125.05,129.6,122.55,125.75,486460
2026-02-24 11:26:00,11:26:00,126.6,135.75,125.75,130.7,688610
2026-02-24 11:27:00,11:27:00,131.15,137.8,129.8,130.45,576745
2026-02-24 11:28:00,11:28:00,131.1,131.1,125.95,128.05,413010
2026-02-24 11:29:00,11:29:00,128.0,135.5,128.0,134.2,401245
2026-02-24 11:30:00,11:30:00,135.6,137.15,132.85,135.85,474630
2026-02-24 11:31:00,11:31:00,135.0,135.85,128.75,131.35,325975
2026-02-24 11:32:00,11:32:00,132.95,135.0,128.2,129.0,359320
2026-02-24 11:33:00,11:33:00,129.5,130.8,119.6,120.05,571220
2026-02-24 11:34:00,11:34:00,121.5,123.45,116.6,120.3,639340
2026-02-24 11:35:00,11:35:00,121.15,124.15,117.6,123.3,325650
2026-02-24 11:36:00,11:36:00,124.3,126.45,118.95,120.4,424255
2026-02-24 11:37:00,11:37:00,120.6,133.15,120.05,133.15,526825
2026-02-24 11:38:00,11:38:00,132.4,138.2,131.0,134.0,851175
2026-02-24 11:39:00,11:39:00,134.55,141.0,133.4,138.9,764985
2026-02-24 11:40:00,11:40:00,140.0,143.0,132.05,136.1,1157650
2026-02-24 11:41:00,11:41:00,137.95,138.75,125.65,126.0,616135
2026-02-24 11:42:00,11:42:00,126.2,126.2,117.2,117.2,728065
2026-02-24 11:43:00,11:43:00,119.4,120.8,114.25,118.75,619710
2026-02-24 11:44:00,11:44:00,121.15,121.15,111.3,111.3,460135
2026-02-24 11:45:00,11:45:00,111.85,114.4,108.2,108.2,699465
2026-02-24 11:46:00,11:46:00,108.55,112.35,105.3,111.05,611845
2026-02-24 11:47:00,11:47:00,112.15,114.3,106.0,106.1,449540
2026-02-24 11:48:00,11:48:00,107.05,109.6,104.95,107.85,412880
2026-02-24 11:49:00,11:49:00,106.7,114.25,106.6,113.15,526955
2026-02-24 11:50:00,11:50:00,113.1,114.05,104.9,105.3,446485
2026-02-24 11:51:00,11:51:00,106.2,111.2,105.3,108.85,367705
2026-02-24 11:52:00,11:52:00,109.0,111.0,106.55,110.3,258375
2026-02-24 11:53:00,11:53:00,109.65,111.95,106.5,110.95,268255
2026-02-24 11:54:00,11:54:00,110.95,111.7,102.85,102.85,416455
2026-02-24 11:55:00,11:55:00,104.35,106.8,101.7,102.75,456690
2026-02-24 11:56:00,11:56:00,103.8,107.45,102.7,103.45,421200
2026-02-24 11:57:00,11:57:00,103.3,107.4,101.45,101.7,339820
2026-02-24 11:58:00,11:58:00,101.85,104.2,95.0,95.35,808405
2026-02-24 11:59:00,11:59:00,136.7,139.45,128.0,128.4,246220
2026-02-24 12:00:00,12:00:00,128.8,131.2,126.6,128.0,158600
2026-02-24 12:01:00,12:01:00,128.0,128.4,121.2,125.0,198965
2026-02-24 12:02:00,12:02:00,124.05,128.95,122.3,123.35,156715
2026-02-24 12:03:00,12:03:00,123.25,123.4,117.75,121.2,258180
2026-02-24 12:04:00,12:04:00,121.95,124.8,120.3,123.85,151190
2026-02-24 12:05:00,12:05:00,124.1,137.65,123.85,135.3,388375
2026-02-24 12:06:00,12:06:00,136.0,137.05,130.2,132.4,216645
2026-02-24 12:07:00,12:07:00,133.15,135.1,128.45,131.3,127660
2026-02-24 12:08:00,12:08:00,130.75,131.3,125.1,125.1,174915
2026-02-24 12:09:00,12:09:00,123.65,125.1,117.3,121.45,292370
2026-02-24 12:10:00,12:10:00,121.4,124.45,119.15,121.3,145925
2026-02-24 12:11:00,12:11:00,120.9,124.15,113.2,113.2,348595
2026-02-24 12:12:00,12:12:00,112.75,118.5,110.25,117.75,415220
2026-02-24 12:13:00,12:13:00,118.0,128.6,117.05,126.05,470730
2026-02-24 12:14:00,12:14:00,126.8,128.75,121.65,121.65,202345
2026-02-24 12:15:00,12:15:00,122.2,122.2,117.15,118.05,186810
2026-02-24 12:16:00,12:16:00,119.05,119.35,115.2,117.1,162240
2026-02-24 12:17:00,12:17:00,116.65,117.85,113.7,117.85,146900
2026-02-24 12:18:00,12:18:00,117.65,118.55,115.25,118.45,120770
2026-02-24 12:19:00,12:19:00,117.55,118.45,113.8,115.1,519025
2026-02-24 12:20:00,12:20:00,115.2,115.2,98.5,100.6,925925
2026-02-24 12:21:00,12:21:00,100.8,107.25,99.75,102.2,511420
2026-02-24 12:22:00,12:22:00,101.85,102.2,97.8,98.35,445575
2026-02-24 12:23:00,12:23:00,98.55,98.55,88.9,89.3,641940
2026-02-24 12:24:00,12:24:00,130.95,133.15,126.25,129.25,574405
2026-02-24 12:25:00,12:25:00,86.75,96.0,86.6,93.65,781495
2026-02-24 12:26:00,12:26:00,136.45,136.7,132.5,132.85,273910
2026-02-24 12:27:00,12:27:00,134.15,134.15,126.9,130.2,409565
2026-02-24 12:28:00,12:28:00,87.95,94.4,87.95,93.0,421265
2026-02-24 12:29:00,12:29:00,93.7,98.2,92.8,93.3,702975
2026-02-24 12:30:00,12:30:00,92.45,96.4,91.3,94.4,402025
2026-02-24 12:31:00,12:31:00,93.7,94.4,90.15,93.05,354055
2026-02-24 12:32:00,12:32:00,93.25,96.8,92.6,92.8,303680
2026-02-24 12:33:00,12:33:00,135.55,136.25,128.85,132.35,291200
2026-02-24 12:34:00,12:34:00,90.5,94.65,89.2,93.75,377065
2026-02-24 12:35:00,12:35:00,93.45,97.0,93.45,96.8,375765
2026-02-24 12:36:00,12:36:00,96.55,100.9,92.95,93.85,693680
2026-02-24 12:37:00,12:37:00,93.6,98.7,93.15,95.45,293800
2026-02-24 12:38:00,12:38:00,95.8,98.6,94.85,97.0,301925
2026-02-24 12:39:00,12:39:00,98.0,98.0,92.65,92.65,364845
2026-02-24 12:40:00,12:40:00,92.25,96.8,92.0,93.35,271505
2026-02-24 12:41:00,12:41:00,136.25,137.7,134.4,135.3,101855
2026-02-24 12:42:00,12:42:00,134.65,135.9,131.2,133.9,216125
2026-02-24 12:43:00,12:43:00,133.65,135.3,131.3,131.3,113165
2026-02-24 12:44:00,12:44:00,128.8,136.0,128.8,130.3,299390
2026-02-24 12:45:00,12:45:00,131.4,132.5,125.5,125.5,333190
2026-02-24 12:46:00,12:46:00,126.8,129.35,115.15,115.15,580125
2026-02-24 12:47:00,12:47:00,117.0,117.9,107.5,111.55,1235455
2026-02-24 12:48:00,12:48:00,110.65,117.5,110.25,111.0,746135
2026-02-24 12:49:00,12:49:00,111.55,114.9,109.75,111.5,658255
2026-02-24 12:50:00,12:50:00,111.65,115.1,106.15,113.5,758485
2026-02-24 12:51:00,12:51:00,112.2,117.5,111.1,113.75,628940
2026-02-24 12:52:00,12:52:00,113.7,116.25,111.35,113.05,343655
2026-02-24 12:53:00,12:53:00,113.35,115.35,110.45,110.7,538135
2026-02-24 12:54:00,12:54:00,111.35,118.1,110.65,118.05,455910
2026-02-24 12:55:00,12:55:00,118.45,122.65,116.1,117.6,889915
2026-02-24 12:56:00,12:56:00,118.8,121.6,117.45,121.5,343720
2026-02-24 12:57:00,12:57:00,121.55,122.5,116.4,118.45,371735
2026-02-24 12:58:00,12:58:00,118.55,119.1,113.1,114.05,333710
2026-02-24 12:59:00,12:59:00,113.5,123.3,112.55,119.8,503230
2026-02-24 13:00:00,13:00:00,120.8,121.0,113.8,119.25,332605
2026-02-24 13:01:00,13:01:00,119.5,124.95,117.1,123.2,540085
2026-02-24 13:02:00,13:02:00,123.4,127.3,119.3,126.4,474370
2026-02-24 13:03:00,13:03:00,126.15,135.0,125.65,132.95,867685
2026-02-24 13:04:00,13:04:00,132.95,137.6,132.95,136.6,576875
2026-02-24 13:05:00,13:05:00,134.3,136.6,129.65,131.2,343590
2026-02-24 13:06:00,13:06:00,132.2,134.55,129.95,131.35,208910
2026-02-24 13:07:00,13:07:00,131.85,131.85,126.7,128.55,250510
2026-02-24 13:08:00,13:08:00,128.6,138.5,128.4,134.35,457470
2026-02-24 13:09:00,13:09:00,134.75,137.75,133.35,133.5,261495
2026-02-24 13:10:00,13:10:00,134.15,134.5,129.3,131.8,233545
2026-02-24 13:11:00,13:11:00,132.15,139.0,130.4,135.0,269815
2026-02-24 13:12:00,13:12:00,91.7,97.65,91.45,95.7,1040520
2026-02-24 13:13:00,13:13:00,95.7,99.0,91.55,93.6,1182220
2026-02-24 13:14:00,13:14:00,137.55,139.5,131.8,131.85,330395
2026-02-24 13:15:00,13:15:00,131.95,132.25,124.85,128.25,489905
2026-02-24 13:16:00,13:16:00,128.45,131.45,126.15,129.3,310700
2026-02-24 13:17:00,13:17:00,131.1,131.75,126.95,130.2,235430
2026-02-24 13:18:00,13:18:00,131.2,140.95,130.2,135.35,556595
2026-02-24 13:19:00,13:19:00,134.45,139.95,131.5,137.05,300105
2026-02-24 13:20:00,13:20:00,138.25,140.35,131.05,131.3,248820
2026-02-24 13:21:00,13:21:00,131.35,132.6,128.1,129.05,216905
2026-02-24 13:22:00,13:22:00,129.1,132.6,125.25,130.5,334880
2026-02-24 13:23:00,13:23:00,129.35,130.5,121.55,121.95,384150
2026-02-24 13:24:00,13:24:00,122.25,122.25,110.25,110.25,744770
2026-02-24 13:25:00,13:25:00,108.8,112.05,104.15,110.45,804895
2026-02-24 13:26:00,13:26:00,111.65,117.05,110.45,116.25,690885
2026-02-24 13:27:00,13:27:00,116.5,122.6,114.25,121.9,581685
2026-02-24 13:28:00,13:28:00,125.25,125.25,112.5,113.0,541840
2026-02-24 13:29:00,13:29:00,112.3,113.0,92.7,92.7,1242215
2026-02-24 13:30:00,13:30:00,137.55,138.1,118.7,119.4,337025
2026-02-24 13:31:00,13:31:00,117.15,119.4,109.35,109.75,457600
2026-02-24 13:32:00,13:32:00,110.9,112.4,100.0,100.0,701155
2026-02-24 13:33:00,13:33:00,100.0,106.25,98.25,105.95,835055
2026-02-24 13:34:00,13:34:00,106.0,114.3,100.8,104.8,544245
2026-02-24 13:35:00,13:35:00,104.75,107.3,100.4,107.1,296010
2026-02-24 13:36:00,13:36:00,107.8,107.8,100.15,102.75,401440
2026-02-24 13:37:00,13:37:00,103.4,117.3,102.75,117.15,532935
2026-02-24 13:38:00,13:38:00,116.8,131.25,115.75,130.2,882895
2026-02-24 13:39:00,13:39:00,88.05,100.95,87.2,97.75,3971110
2026-02-24 13:40:00,13:40:00,140.25,142.0,127.5,130.45,482105
2026-02-24 13:41:00,13:41:00,130.35,131.7,120.75,123.85,300560
2026-02-24 13:42:00,13:42:00,125.85,127.85,120.85,127.2,260585
2026-02-24 13:43:00,13:43:00,126.5,127.45,119.45,124.15,150345
2026-02-24 13:44:00,13:44:00,125.5,129.4,124.15,126.05,135005
2026-02-24 13:45:00,13:45:00,126.25,137.55,123.15,131.0,265915
2026-02-24 13:46:00,13:46:00,130.75,131.1,125.95,128.0,168025
2026-02-24 13:47:00,13:47:00,128.4,131.3,124.3,125.95,135135
2026-02-24 13:48:00,13:48:00,126.15,128.4,122.15,126.0,141310
2026-02-24 13:49:00,13:49:00,126.05,127.3,121.95,124.25,92235
2026-02-24 13:50:00,13:50:00,123.6,125.7,120.4,121.5,109135
2026-02-24 13:51:00,13:51:00,121.85,128.2,117.55,125.85,208000
2026-02-24 13:52:00,13:52:00,125.6,129.85,124.35,129.85,115700
2026-02-24 13:53:00,13:53:00,128.75,135.05,125.35,131.2,236210
2026-02-24 13:54:00,13:54:00,132.5,138.75,128.35,137.05,244075
2026-02-24 13:55:00,13:55:00,93.1,119.45,92.8,113.45,4127045
2026-02-24 13:56:00,13:56:00,115.0,122.9,111.25,117.5,2148120
2026-02-24 13:57:00,13:57:00,118.3,123.2,115.8,122.3,1390935
2026-02-24 13:58:00,13:58:00,122.45,124.15,115.85,116.15,1048060
2026-02-24 13:59:00,13:59:00,116.5,124.8,115.35,117.7,939055
2026-02-24 14:00:00,14:00:00,119.8,121.85,114.15,118.8,872885
2026-02-24 14:01:00,14:01:00,118.8,120.4,92.9,98.3,1830205
2026-02-24 14:02:00,14:02:00,100.45,116.6,98.3,109.2,1422265
2026-02-24 14:03:00,14:03:00,110.15,113.95,102.05,103.7,781495
2026-02-24 14:04:00,14:04:00,103.2,104.6,94.05,94.8,1079520
2026-02-24 14:05:00,14:05:00,95.1,99.65,90.7,94.4,894855
2026-02-24 14:06:00,14:06:00,94.55,98.65,90.1,98.15,847990
2026-02-24 14:07:00,14:07:00,98.15,114.55,98.15,112.55,1633775
2026-02-24 14:08:00,14:08:00,113.7,115.2,109.2,111.0,736515
2026-02-24 14:09:00,14:09:00,110.5,120.35,110.5,118.8,1127360
2026-02-24 14:10:00,14:10:00,118.45,121.05,113.9,120.15,796315
2026-02-24 14:11:00,14:11:00,78.1,94.6,74.85,92.2,4726865
2026-02-24 14:12:00,14:12:00,91.35,98.35,87.4,96.3,2436005
2026-02-24 14:13:00,14:13:00,96.4,98.2,88.3,89.75,1683240
2026-02-24 14:14:00,14:14:00,90.15,105.1,89.75,100.0,2535585
2026-02-24 14:15:00,14:15:00,100.15,101.55,93.3,97.75,1366885
2026-02-24 14:16:00,14:16:00,97.85,102.9,92.75,92.75,1199380
2026-02-24 14:17:00,14:17:00,89.8,96.15,76.05,96.15,2893475
2026-02-24 14:18:00,14:18:00,96.05,98.2,87.65,95.45,1440790
2026-02-24 14:19:00,14:19:00,97.1,97.85,84.75,87.15,1077310
2026-02-24 14:20:00,14:20:00,86.95,91.95,83.1,85.45,1210430
2026-02-24 14:21:00,14:21:00,85.3,93.15,84.05,87.8,952185
2026-02-24 14:22:00,14:22:00,88.1,91.8,83.7,88.9,1068665
2026-02-24 14:23:00,14:23:00,134.3,135.6,112.1,112.1,971425
2026-02-24 14:24:00,14:24:00,111.8,115.75,101.45,115.45,1203280
2026-02-24 14:25:00,14:25:00,115.85,126.3,112.95,122.65,1016860
2026-02-24 14:26:00,14:26:00,122.9,125.1,113.45,123.15,545025
2026-02-24 14:27:00,14:27:00,123.9,123.9,115.1,120.75,323765
2026-02-24 14:28:00,14:28:00,121.75,130.0,120.55,120.55,794365
2026-02-24 14:29:00,14:29:00,120.1,126.15,110.95,114.8,512460
2026-02-24 14:30:00,14:30:00,115.45,115.45,101.5,105.85,808600
2026-02-24 14:31:00,14:31:00,105.3,120.9,105.3,114.9,741455
2026-02-24 14:32:00,14:32:00,114.95,119.6,105.7,106.7,496080
2026-02-24 14:33:00,14:33:00,107.05,110.75,96.15,96.15,746070
2026-02-24 14:34:00,14:34:00,96.0,102.2,91.0,98.65,921245
2026-02-24 14:35:00,14:35:00,97.75,113.05,97.4,107.0,888225
2026-02-24 14:36:00,14:36:00,106.0,116.8,102.55,112.6,631865
2026-02-24 14:37:00,14:37:00,112.9,118.95,108.8,116.05,571480
2026-02-24 14:38:00,14:38:00,116.25,139.75,114.55,128.1,1346800
2026-02-24 14:39:00,14:39:00,127.05,133.3,115.0,118.7,908830
2026-02-24 14:40:00,14:40:00,116.6,123.9,116.0,118.8,777660
2026-02-24 14:41:00,14:41:00,119.7,129.6,115.85,117.1,717340
2026-02-24 14:42:00,14:42:00,116.1,121.45,112.9,117.45,507780
2026-02-24 14:43:00,14:43:00,114.55,118.95,100.65,102.35,803075
2026-02-24 14:44:00,14:44:00,100.9,104.7,90.85,90.85,1291485
2026-02-24 14:45:00,14:45:00,137.45,140.55,122.65,124.1,309400
2026-02-24 14:46:00,14:46:00,75.25,98.6,74.2,89.8,3217890
2026-02-24 14:47:00,14:47:00,90.35,94.05,86.3,92.0,846625
2026-02-24 14:48:00,14:48:00,92.25,93.05,84.75,84.75,843700
2026-02-24 14:49:00,14:49:00,84.75,100.7,78.55,100.45,1745900
2026-02-24 14:50:00,14:50:00,101.9,121.0,100.2,113.9,2102230
2026-02-24 14:51:00,14:51:00,117.0,125.6,111.3,124.4,1125540
2026-02-24 14:52:00,14:52:00,122.25,128.8,118.4,119.45,890110
2026-02-24 14:53:00,14:53:00,119.65,123.3,109.3,110.6,787605
2026-02-24 14:54:00,14:54:00,109.3,124.8,106.55,116.95,795340
2026-02-24 14:55:00,14:55:00,117.55,124.35,108.25,116.6,691275
2026-02-24 14:56:00,14:56:00,117.8,125.8,115.8,121.1,697710
2026-02-24 14:57:00,14:57:00,120.95,121.65,109.4,115.5,830180
2026-02-24 14:58:00,14:58:00,115.15,131.65,115.15,129.7,737880
2026-02-24 14:59:00,14:59:00,84.6,93.65,77.0,86.2,2721875
2026-02-24 15:00:00,15:00:00,92.45,108.6,78.4,79.15,4089150
2026-02-24 15:01:00,15:01:00,129.05,133.4,122.55,126.25,715845
2026-02-24 15:02:00,15:02:00,125.85,126.25,106.05,111.45,1071850
2026-02-24 15:03:00,15:03:00,110.3,114.4,106.4,107.55,511095
2026-02-24 15:04:00,15:04:00,108.65,114.6,104.75,106.8,569205
2026-02-24 15:05:00,15:05:00,107.5,118.25,101.05,111.75,1294020
2026-02-24 15:06:00,15:06:00,111.05,121.85,110.9,114.7,775320
2026-02-24 15:07:00,15:07:00,114.25,116.5,106.95,111.6,545740
2026-02-24 15:08:00,15:08:00,111.3,114.6,106.5,110.15,371150
2026-02-24 15:09:00,15:09:00,110.4,116.5,108.3,111.15,403715
2026-02-24 15:10:00,15:10:00,109.75,115.45,109.75,114.05,275405
2026-02-24 15:11:00,15:11:00,114.45,117.7,113.85,116.6,345735
2026-02-24 15:12:00,15:12:00,117.2,119.35,116.1,116.25,339820
2026-02-24 15:13:00,15:13:00,115.8,122.3,115.75,120.25,354640
2026-02-24 15:14:00,15:14:00,120.35,123.85,118.45,121.65,311610
2026-02-24 15:15:00,15:15:00,121.5,122.0,117.0,118.4,274625
2026-02-24 15:16:00,15:16:00,118.05,119.35,117.0,118.65,169910
2026-02-24 15:17:00,15:17:00,69.1,72.9,69.05,72.2,724360
2026-02-24 15:18:00,15:18:00,71.6,77.0,70.75,76.7,1086540
2026-02-24 15:19:00,15:19:00,76.5,78.95,75.3,76.5,951795
2026-02-24 15:20:00,15:20:00,76.6,78.0,74.7,77.85,772005
2026-02-24 15:21:00,15:21:00,76.9,77.85,73.7,74.45,668525
2026-02-24 15:22:00,15:22:00,74.3,75.9,73.85,74.15,468260
2026-02-24 15:23:00,15:23:00,74.45,75.45,74.1,74.95,232505
2026-02-24 15:24:00,15:24:00,75.05,76.95,74.65,76.95,422630
2026-02-24 15:25:00,15:25:00,76.7,76.95,75.2,75.3,347880
2026-02-24 15:26:00,15:26:00,75.0,76.0,74.75,74.9,366405
2026-02-24 15:27:00,15:27:00,74.75,75.85,74.55,75.8,284700
2026-02-24 15:28:00,15:28:00,75.8,75.8,74.65,74.95,292760
2026-02-24 15:29:00,15:29:00,75.15,75.15,74.5,74.5,312715
