datetime,time,open,high,low,close,volume
2026-02-09 09:15:00,09:15:00,18.2,18.2,7.25,7.6,1708720
2026-02-09 09:16:00,09:16:00,7.55,8.45,7.4,8.1,1403220
2026-02-09 09:17:00,09:17:00,7.25,7.3,6.9,7.0,1254370
2026-02-09 09:18:00,09:18:00,7.1,7.2,6.95,7.15,750945
2026-02-09 09:19:00,09:19:00,7.35,7.35,6.95,7.15,768560
2026-02-09 09:20:00,09:20:00,7.25,7.4,7.0,7.25,759655
2026-02-09 09:21:00,09:21:00,7.3,7.45,6.95,7.1,774345
2026-02-09 09:22:00,09:22:00,7.1,7.4,7.05,7.25,527735
2026-02-09 09:23:00,09:23:00,7.25,7.4,7.15,7.2,578435
2026-02-09 09:24:00,09:24:00,7.15,7.2,6.95,7.0,475670
2026-02-09 09:25:00,09:25:00,7.05,7.1,6.8,6.95,460525
2026-02-09 09:26:00,09:26:00,6.9,7.0,6.8,6.95,407745
2026-02-09 09:27:00,09:27:00,6.85,7.0,6.75,6.75,517595
2026-02-09 09:28:00,09:28:00,6.8,6.95,6.55,6.55,427635
2026-02-09 09:29:00,09:29:00,6.55,6.75,6.45,6.55,456040
2026-02-09 09:30:00,09:30:00,7.45,7.55,7.35,7.45,282165
2026-02-09 09:31:00,09:31:00,6.6,6.85,6.55,6.8,266565
2026-02-09 09:32:00,09:32:00,6.8,6.85,6.7,6.8,215930
2026-02-09 09:33:00,09:33:00,6.95,7.2,6.8,7.15,385320
2026-02-09 09:34:00,09:34:00,7.2,7.45,7.1,7.1,430170
2026-02-09 09:35:00,09:35:00,7.1,7.25,7.05,7.15,125255
2026-02-09 09:36:00,09:36:00,7.2,7.25,7.0,7.25,170625
2026-02-09 09:37:00,09:37:00,7.2,7.4,7.1,7.15,231790
2026-02-09 09:38:00,09:38:00,7.2,7.35,7.1,7.3,288015
2026-02-09 09:39:00,09:39:00,7.25,7.55,7.05,7.45,346710
2026-02-09 09:40:00,09:40:00,7.45,7.45,7.15,7.15,343265
2026-02-09 09:41:00,09:41:00,7.15,7.4,7.05,7.1,328055
2026-02-09 09:42:00,09:42:00,7.05,7.2,6.9,7.0,219635
2026-02-09 09:43:00,09:43:00,7.05,7.25,7.0,7.1,135460
2026-02-09 09:44:00,09:44:00,7.1,7.3,7.0,7.05,162240
2026-02-09 09:45:00,09:45:00,7.1,7.2,7.0,7.05,192790
2026-02-09 09:46:00,09:46:00,7.05,7.15,6.9,7.0,196625
2026-02-09 09:47:00,09:47:00,7.0,7.1,6.85,6.85,210990
2026-02-09 09:48:00,09:48:00,6.9,7.0,6.75,6.85,295100
2026-02-09 09:49:00,09:49:00,6.85,7.15,6.8,6.95,148850
2026-02-09 09:50:00,09:50:00,6.95,7.0,6.75,7.0,175630
2026-02-09 09:51:00,09:51:00,7.0,7.25,6.9,7.15,159575
2026-02-09 09:52:00,09:52:00,7.05,7.15,6.9,6.95,163865
2026-02-09 09:53:00,09:53:00,7.0,7.0,6.75,6.8,119210
2026-02-09 09:54:00,09:54:00,6.8,7.0,6.75,6.85,93340
2026-02-09 09:55:00,09:55:00,6.85,6.95,6.85,6.9,121940
2026-02-09 09:56:00,09:56:00,6.95,7.1,6.9,6.95,109005
2026-02-09 09:57:00,09:57:00,6.95,6.95,6.75,6.8,173420
2026-02-09 09:58:00,09:58:00,6.75,6.95,6.75,6.9,126750
2026-02-09 09:59:00,09:59:00,6.85,6.9,6.75,6.8,178750
2026-02-09 10:00:00,10:00:00,6.8,6.9,6.75,6.75,216255
2026-02-09 10:01:00,10:01:00,6.8,6.95,6.7,6.85,259610
2026-02-09 10:02:00,10:02:00,6.9,6.95,6.85,6.85,116220
2026-02-09 10:03:00,10:03:00,6.9,7.05,6.85,7.05,111085
2026-02-09 10:04:00,10:04:00,7.0,7.1,7.0,7.05,141960
2026-02-09 10:05:00,10:05:00,7.75,7.85,7.65,7.75,93795
2026-02-09 10:06:00,10:06:00,7.05,7.25,7.0,7.15,159250
2026-02-09 10:07:00,10:07:00,7.2,7.25,7.15,7.2,144950
2026-02-09 10:08:00,10:08:00,7.2,7.35,7.15,7.35,206245
2026-02-09 10:09:00,10:09:00,7.3,7.5,7.25,7.25,141310
2026-02-09 10:10:00,10:10:00,7.25,7.4,7.2,7.2,177385
2026-02-09 10:11:00,10:11:00,7.25,7.25,7.05,7.15,116285
2026-02-09 10:12:00,10:12:00,7.2,7.35,7.15,7.25,125125
2026-02-09 10:13:00,10:13:00,7.2,7.25,7.1,7.2,75660
2026-02-09 10:14:00,10:14:00,7.25,7.25,7.05,7.05,100685
2026-02-09 10:15:00,10:15:00,7.1,7.25,7.05,7.1,79625
2026-02-09 10:16:00,10:16:00,7.05,7.15,6.9,6.95,120900
2026-02-09 10:17:00,10:17:00,7.0,7.0,6.85,6.9,93860
2026-02-09 10:18:00,10:18:00,6.9,6.95,6.75,6.75,160030
2026-02-09 10:19:00,10:19:00,6.8,6.8,6.7,6.75,81835
2026-02-09 10:20:00,10:20:00,6.75,6.8,6.7,6.75,88465
2026-02-09 10:21:00,10:21:00,7.55,7.55,7.35,7.4,100685
2026-02-09 10:22:00,10:22:00,6.75,6.8,6.7,6.8,53430
2026-02-09 10:23:00,10:23:00,6.75,6.8,6.7,6.75,136045
2026-02-09 10:24:00,10:24:00,6.75,6.75,6.6,6.65,63895
2026-02-09 10:25:00,10:25:00,6.6,6.65,6.6,6.6,62010
2026-02-09 10:26:00,10:26:00,6.65,6.7,6.55,6.6,60450
2026-02-09 10:27:00,10:27:00,6.65,6.7,6.6,6.65,86255
2026-02-09 10:28:00,10:28:00,6.6,6.65,6.5,6.55,154895
2026-02-09 10:29:00,10:29:00,6.55,6.7,6.55,6.7,76635
2026-02-09 10:30:00,10:30:00,6.7,6.7,6.55,6.6,40105
2026-02-09 10:31:00,10:31:00,6.65,6.65,6.45,6.5,93535
2026-02-09 10:32:00,10:32:00,7.1,7.1,6.9,7.0,180440
2026-02-09 10:33:00,10:33:00,7.0,7.05,6.95,7.0,160485
2026-02-09 10:34:00,10:34:00,7.0,7.0,6.9,6.95,72930
2026-02-09 10:35:00,10:35:00,7.0,7.05,6.9,7.0,481325
2026-02-09 10:36:00,10:36:00,7.05,7.1,6.95,7.05,91650
2026-02-09 10:37:00,10:37:00,7.05,7.15,7.0,7.1,73970
2026-02-09 10:38:00,10:38:00,7.15,7.3,7.1,7.3,366470
2026-02-09 10:39:00,10:39:00,7.35,7.45,7.2,7.2,129610
2026-02-09 10:40:00,10:40:00,7.25,7.35,7.2,7.35,83655
2026-02-09 10:41:00,10:41:00,7.35,7.35,7.2,7.2,143910
2026-02-09 10:42:00,10:42:00,7.25,7.35,7.2,7.3,107120
2026-02-09 10:43:00,10:43:00,7.25,7.4,7.25,7.35,83265
2026-02-09 10:44:00,10:44:00,7.4,7.4,7.3,7.4,58500
2026-02-09 10:45:00,10:45:00,7.4,7.6,7.4,7.5,101725
2026-02-09 10:46:00,10:46:00,7.5,7.55,7.45,7.55,60385
2026-02-09 10:47:00,10:47:00,7.55,7.6,7.5,7.55,25805
2026-02-09 10:48:00,10:48:00,7.55,7.65,7.5,7.55,109005
2026-02-09 10:49:00,10:49:00,7.6,7.7,7.45,7.55,131365
2026-02-09 10:50:00,10:50:00,7.55,7.55,7.4,7.5,197990
2026-02-09 10:51:00,10:51:00,7.5,7.65,7.5,7.6,76180
2026-02-09 10:52:00,10:52:00,7.55,7.75,7.55,7.65,91585
2026-02-09 10:53:00,10:53:00,7.7,7.75,7.6,7.6,80665
2026-02-09 10:54:00,10:54:00,7.55,7.75,7.55,7.75,148915
2026-02-09 10:55:00,10:55:00,7.7,7.75,7.6,7.75,132275
2026-02-09 10:56:00,10:56:00,7.7,7.85,7.65,7.8,166335
2026-02-09 10:57:00,10:57:00,7.8,7.8,7.7,7.7,150475
2026-02-09 10:58:00,10:58:00,7.7,7.75,7.6,7.75,111605
2026-02-09 10:59:00,10:59:00,7.75,7.85,7.75,7.85,114790
2026-02-09 11:00:00,11:00:00,7.8,7.9,7.8,7.8,112710
2026-02-09 11:01:00,11:01:00,7.85,7.85,7.7,7.75,50700
2026-02-09 11:02:00,11:02:00,7.8,7.95,7.75,7.95,95680
2026-02-09 11:03:00,11:03:00,7.85,7.95,7.75,7.8,80665
2026-02-09 11:04:00,11:04:00,7.8,7.95,7.75,7.9,134810
2026-02-09 11:05:00,11:05:00,7.9,8.0,7.8,8.0,58110
2026-02-09 11:06:00,11:06:00,8.0,8.0,7.8,7.8,80795
2026-02-09 11:07:00,11:07:00,7.85,7.95,7.8,7.85,67080
2026-02-09 11:08:00,11:08:00,7.8,7.85,7.65,7.75,159055
2026-02-09 11:09:00,11:09:00,7.75,7.8,7.65,7.8,131300
2026-02-09 11:10:00,11:10:00,7.8,7.9,7.75,7.85,94770
2026-02-09 11:11:00,11:11:00,7.8,7.85,7.75,7.8,126490
2026-02-09 11:12:00,11:12:00,7.85,7.85,7.7,7.8,74880
2026-02-09 11:13:00,11:13:00,7.8,7.85,7.75,7.8,93210
2026-02-09 11:14:00,11:14:00,7.8,7.95,7.75,7.95,72735
2026-02-09 11:15:00,11:15:00,7.95,7.95,7.85,7.95,60840
2026-02-09 11:16:00,11:16:00,7.9,7.95,7.8,7.8,47710
2026-02-09 11:17:00,11:17:00,7.85,7.85,7.75,7.8,39390
2026-02-09 11:18:00,11:18:00,7.75,7.8,7.7,7.75,24375
2026-02-09 11:19:00,11:19:00,7.75,7.75,7.65,7.75,29055
2026-02-09 11:20:00,11:20:00,7.7,7.9,7.7,7.85,96590
2026-02-09 11:21:00,11:21:00,7.85,7.9,7.75,7.9,59150
2026-02-09 11:22:00,11:22:00,7.9,8.0,7.8,8.0,48880
2026-02-09 11:23:00,11:23:00,7.95,8.0,7.9,8.0,89635
2026-02-09 11:24:00,11:24:00,8.0,8.1,7.95,8.1,84045
2026-02-09 11:25:00,11:25:00,8.05,8.1,8.0,8.1,34060
2026-02-09 11:26:00,11:26:00,8.1,8.1,8.0,8.05,55835
2026-02-09 11:27:00,11:27:00,8.05,8.05,8.0,8.05,55965
2026-02-09 11:28:00,11:28:00,8.05,8.05,7.9,8.05,56290
2026-02-09 11:29:00,11:29:00,8.05,8.1,8.0,8.1,36270
2026-02-09 11:30:00,11:30:00,8.05,8.35,8.05,8.3,120705
2026-02-09 11:31:00,11:31:00,8.3,8.3,8.2,8.2,93015
2026-02-09 11:32:00,11:32:00,8.15,8.2,8.05,8.1,147225
2026-02-09 11:33:00,11:33:00,8.1,8.15,7.95,8.0,72215
2026-02-09 11:34:00,11:34:00,8.05,8.05,7.9,7.9,30940
2026-02-09 11:35:00,11:35:00,7.95,8.0,7.8,7.85,55445
2026-02-09 11:36:00,11:36:00,7.85,7.85,7.75,7.75,43160
2026-02-09 11:37:00,11:37:00,7.8,7.85,7.7,7.75,35295
2026-02-09 11:38:00,11:38:00,7.8,7.95,7.75,7.95,26780
2026-02-09 11:39:00,11:39:00,7.95,7.95,7.8,7.9,15860
2026-02-09 11:40:00,11:40:00,7.85,7.95,7.85,7.9,25805
2026-02-09 11:41:00,11:41:00,7.9,7.95,7.85,7.9,54145
2026-02-09 11:42:00,11:42:00,7.9,8.05,7.9,8.05,43095
2026-02-09 11:43:00,11:43:00,8.05,8.05,7.85,7.9,55640
2026-02-09 11:44:00,11:44:00,7.9,7.95,7.8,7.85,66365
2026-02-09 11:45:00,11:45:00,7.85,7.9,7.8,7.9,68770
2026-02-09 11:46:00,11:46:00,7.9,8.1,7.9,8.1,119730
2026-02-09 11:47:00,11:47:00,8.1,8.1,8.0,8.05,78455
2026-02-09 11:48:00,11:48:00,8.05,8.05,7.95,8.05,65195
2026-02-09 11:49:00,11:49:00,8.05,8.1,7.95,8.0,65975
2026-02-09 11:50:00,11:50:00,8.0,8.05,7.95,8.05,54990
2026-02-09 11:51:00,11:51:00,8.05,8.2,8.05,8.1,94640
2026-02-09 11:52:00,11:52:00,8.1,8.1,7.85,7.95,55445
2026-02-09 11:53:00,11:53:00,7.9,8.05,7.8,7.95,38480
2026-02-09 11:54:00,11:54:00,7.9,7.95,7.8,7.8,32695
2026-02-09 11:55:00,11:55:00,7.8,7.85,7.6,7.7,66885
2026-02-09 11:56:00,11:56:00,7.7,7.7,7.55,7.65,37505
2026-02-09 11:57:00,11:57:00,7.6,7.65,7.5,7.55,40365
2026-02-09 11:58:00,11:58:00,7.55,7.6,7.4,7.45,49400
2026-02-09 11:59:00,11:59:00,7.45,7.6,7.45,7.6,45760
2026-02-09 12:00:00,12:00:00,7.6,7.6,7.5,7.55,42510
2026-02-09 12:01:00,12:01:00,7.55,7.55,7.4,7.45,26845
2026-02-09 12:02:00,12:02:00,7.5,7.5,7.4,7.4,39585
2026-02-09 12:03:00,12:03:00,7.4,7.5,7.4,7.5,23595
2026-02-09 12:04:00,12:04:00,7.5,7.55,7.5,7.5,30160
2026-02-09 12:05:00,12:05:00,7.5,7.55,7.35,7.35,51090
2026-02-09 12:06:00,12:06:00,7.35,7.45,7.35,7.45,23920
2026-02-09 12:07:00,12:07:00,7.45,7.45,7.25,7.3,44915
2026-02-09 12:08:00,12:08:00,7.3,7.3,7.2,7.2,41080
2026-02-09 12:09:00,12:09:00,7.2,7.25,7.15,7.2,54405
2026-02-09 12:10:00,12:10:00,7.2,7.3,7.2,7.25,33670
2026-02-09 12:11:00,12:11:00,7.3,7.3,7.2,7.25,15730
2026-02-09 12:12:00,12:12:00,7.2,7.25,7.2,7.2,14950
2026-02-09 12:13:00,12:13:00,7.2,7.35,7.2,7.2,39065
2026-02-09 12:14:00,12:14:00,7.2,7.35,7.2,7.35,37895
2026-02-09 12:15:00,12:15:00,7.3,7.35,7.25,7.35,10010
2026-02-09 12:16:00,12:16:00,7.35,7.45,7.35,7.35,16120
2026-02-09 12:17:00,12:17:00,7.4,7.4,7.3,7.3,30095
2026-02-09 12:18:00,12:18:00,7.35,7.4,7.3,7.35,16835
2026-02-09 12:19:00,12:19:00,7.3,7.4,7.25,7.3,23335
2026-02-09 12:20:00,12:20:00,7.35,7.35,7.25,7.25,4940
2026-02-09 12:21:00,12:21:00,7.25,7.3,7.2,7.25,26910
2026-02-09 12:22:00,12:22:00,7.25,7.25,7.2,7.25,19175
2026-02-09 12:23:00,12:23:00,7.2,7.35,7.2,7.35,27690
2026-02-09 12:24:00,12:24:00,7.35,7.35,7.25,7.3,19240
2026-02-09 12:25:00,12:25:00,7.3,7.35,7.25,7.3,23790
2026-02-09 12:26:00,12:26:00,7.4,7.4,7.3,7.4,7605
2026-02-09 12:27:00,12:27:00,7.4,7.45,7.25,7.3,20735
2026-02-09 12:28:00,12:28:00,7.3,7.35,7.2,7.25,14820
2026-02-09 12:29:00,12:29:00,7.25,7.35,7.2,7.3,28990
2026-02-09 12:30:00,12:30:00,7.3,7.45,7.25,7.45,67665
2026-02-09 12:31:00,12:31:00,7.45,7.5,7.4,7.45,54730
2026-02-09 12:32:00,12:32:00,7.45,7.5,7.3,7.4,59475
2026-02-09 12:33:00,12:33:00,7.4,7.45,7.3,7.35,16640
2026-02-09 12:34:00,12:34:00,7.35,7.45,7.35,7.4,16380
2026-02-09 12:35:00,12:35:00,7.4,7.4,7.3,7.35,33670
2026-02-09 12:36:00,12:36:00,7.35,7.45,7.35,7.45,11050
2026-02-09 12:37:00,12:37:00,7.45,7.5,7.35,7.4,16640
2026-02-09 12:38:00,12:38:00,7.4,7.55,7.4,7.45,12285
2026-02-09 12:39:00,12:39:00,7.45,7.55,7.4,7.45,18915
2026-02-09 12:40:00,12:40:00,7.45,7.5,7.35,7.4,11505
2026-02-09 12:41:00,12:41:00,7.35,7.4,7.25,7.25,45110
2026-02-09 12:42:00,12:42:00,7.35,7.4,7.25,7.3,9360
2026-02-09 12:43:00,12:43:00,7.3,7.3,7.25,7.3,30485
2026-02-09 12:44:00,12:44:00,7.25,7.35,7.2,7.35,15470
2026-02-09 12:45:00,12:45:00,7.3,7.35,7.25,7.25,17485
2026-02-09 12:46:00,12:46:00,7.25,7.3,7.15,7.2,25675
2026-02-09 12:47:00,12:47:00,7.25,7.3,7.2,7.3,24375
2026-02-09 12:48:00,12:48:00,7.3,7.3,7.2,7.2,34645
2026-02-09 12:49:00,12:49:00,7.25,7.25,7.2,7.2,10660
2026-02-09 12:50:00,12:50:00,7.2,7.25,7.15,7.25,16835
2026-02-09 12:51:00,12:51:00,7.25,7.25,7.05,7.1,35360
2026-02-09 12:52:00,12:52:00,7.15,7.4,7.1,7.4,51610
2026-02-09 12:53:00,12:53:00,6.8,6.9,6.75,6.85,85605
2026-02-09 12:54:00,12:54:00,6.85,6.9,6.75,6.9,77610
2026-02-09 12:55:00,12:55:00,6.85,6.9,6.7,6.7,128505
2026-02-09 12:56:00,12:56:00,6.7,6.8,6.65,6.7,76310
2026-02-09 12:57:00,12:57:00,7.25,7.3,7.15,7.15,35880
2026-02-09 12:58:00,12:58:00,7.15,7.2,7.05,7.1,41600
2026-02-09 12:59:00,12:59:00,7.1,7.15,6.95,7.0,64415
2026-02-09 13:00:00,13:00:00,7.05,7.15,6.9,6.95,45500
2026-02-09 13:01:00,13:01:00,6.9,7.0,6.9,6.9,42185
2026-02-09 13:02:00,13:02:00,6.9,7.0,6.9,7.0,76570
2026-02-09 13:03:00,13:03:00,7.0,7.05,6.95,6.95,28860
2026-02-09 13:04:00,13:04:00,7.0,7.05,6.95,6.95,9360
2026-02-09 13:05:00,13:05:00,6.95,7.0,6.95,7.0,18460
2026-02-09 13:06:00,13:06:00,7.0,7.0,6.95,7.0,26845
2026-02-09 13:07:00,13:07:00,7.0,7.05,6.9,6.95,31135
2026-02-09 13:08:00,13:08:00,6.95,6.95,6.8,6.9,40105
2026-02-09 13:09:00,13:09:00,6.85,6.95,6.8,6.95,65780
2026-02-09 13:10:00,13:10:00,6.95,7.05,6.9,7.0,31720
2026-02-09 13:11:00,13:11:00,7.05,7.05,6.95,7.0,47645
2026-02-09 13:12:00,13:12:00,6.95,7.05,6.95,7.05,38220
2026-02-09 13:13:00,13:13:00,7.05,7.1,7.0,7.05,26715
2026-02-09 13:14:00,13:14:00,7.0,7.05,6.95,7.0,12870
2026-02-09 13:15:00,13:15:00,6.95,7.05,6.9,7.05,25090
2026-02-09 13:16:00,13:16:00,7.0,7.15,7.0,7.1,39195
2026-02-09 13:17:00,13:17:00,7.1,7.15,7.0,7.05,39000
2026-02-09 13:18:00,13:18:00,7.05,7.15,7.0,7.1,13520
2026-02-09 13:19:00,13:19:00,7.1,7.15,7.1,7.1,12935
2026-02-09 13:20:00,13:20:00,7.1,7.2,7.1,7.15,10725
2026-02-09 13:21:00,13:21:00,7.2,7.25,7.1,7.1,35880
2026-02-09 13:22:00,13:22:00,7.15,7.2,7.1,7.15,33410
2026-02-09 13:23:00,13:23:00,7.2,7.25,7.15,7.2,38090
2026-02-09 13:24:00,13:24:00,7.25,7.3,7.2,7.25,9295
2026-02-09 13:25:00,13:25:00,7.25,7.25,7.1,7.25,65910
2026-02-09 13:26:00,13:26:00,7.25,7.25,7.15,7.15,18135
2026-02-09 13:27:00,13:27:00,7.15,7.2,7.1,7.2,20930
2026-02-09 13:28:00,13:28:00,7.2,7.25,7.15,7.25,23140
2026-02-09 13:29:00,13:29:00,7.25,7.4,7.25,7.35,35945
2026-02-09 13:30:00,13:30:00,7.4,7.4,7.2,7.25,22685
2026-02-09 13:31:00,13:31:00,7.2,7.35,7.2,7.35,13975
2026-02-09 13:32:00,13:32:00,7.4,7.4,7.35,7.35,18720
2026-02-09 13:33:00,13:33:00,7.35,7.4,7.25,7.25,40170
2026-02-09 13:34:00,13:34:00,7.25,7.25,7.15,7.15,46345
2026-02-09 13:35:00,13:35:00,7.2,7.25,7.15,7.25,18460
2026-02-09 13:36:00,13:36:00,7.25,7.3,7.15,7.2,22295
2026-02-09 13:37:00,13:37:00,7.25,7.3,7.2,7.3,18850
2026-02-09 13:38:00,13:38:00,7.25,7.35,7.2,7.35,25870
2026-02-09 13:39:00,13:39:00,7.3,7.35,7.25,7.3,9230
2026-02-09 13:40:00,13:40:00,7.3,7.4,7.3,7.35,39065
2026-02-09 13:41:00,13:41:00,7.4,7.4,7.3,7.3,36465
2026-02-09 13:42:00,13:42:00,7.35,7.4,7.25,7.25,17420
2026-02-09 13:43:00,13:43:00,7.25,7.35,7.25,7.3,18980
2026-02-09 13:44:00,13:44:00,7.35,7.35,7.25,7.35,14170
2026-02-09 13:45:00,13:45:00,7.3,7.45,7.3,7.4,35620
2026-02-09 13:46:00,13:46:00,7.4,7.45,7.35,7.35,33605
2026-02-09 13:47:00,13:47:00,7.4,7.6,7.35,7.45,35100
2026-02-09 13:48:00,13:48:00,7.5,7.55,7.4,7.45,45175
2026-02-09 13:49:00,13:49:00,7.5,7.5,7.35,7.5,95940
2026-02-09 13:50:00,13:50:00,7.45,7.5,7.45,7.5,33865
2026-02-09 13:51:00,13:51:00,7.5,7.55,7.4,7.55,47645
2026-02-09 13:52:00,13:52:00,7.55,7.55,7.5,7.5,15600
2026-02-09 13:53:00,13:53:00,7.5,7.55,7.45,7.5,19890
2026-02-09 13:54:00,13:54:00,7.55,7.55,7.45,7.5,17420
2026-02-09 13:55:00,13:55:00,7.5,7.55,7.5,7.55,11570
2026-02-09 13:56:00,13:56:00,7.55,7.55,7.5,7.55,4680
2026-02-09 13:57:00,13:57:00,7.6,7.6,7.5,7.55,16380
2026-02-09 13:58:00,13:58:00,7.55,7.6,7.5,7.5,7865
2026-02-09 13:59:00,13:59:00,7.55,7.6,7.5,7.6,18850
2026-02-09 14:00:00,14:00:00,7.6,7.6,7.5,7.5,29185
2026-02-09 14:01:00,14:01:00,7.6,7.65,7.5,7.6,23920
2026-02-09 14:02:00,14:02:00,7.6,7.65,7.55,7.6,10075
2026-02-09 14:03:00,14:03:00,7.6,7.6,7.5,7.55,46150
2026-02-09 14:04:00,14:04:00,7.6,7.7,7.55,7.65,32305
2026-02-09 14:05:00,14:05:00,7.65,7.8,7.65,7.75,48230
2026-02-09 14:06:00,14:06:00,7.75,7.85,7.75,7.75,53235
2026-02-09 14:07:00,14:07:00,7.8,7.8,7.7,7.75,45045
2026-02-09 14:08:00,14:08:00,7.7,7.85,7.7,7.85,45500
2026-02-09 14:09:00,14:09:00,7.9,7.9,7.8,7.85,18980
2026-02-09 14:10:00,14:10:00,7.85,7.9,7.85,7.85,23660
2026-02-09 14:11:00,14:11:00,7.85,7.9,7.8,7.85,7800
2026-02-09 14:12:00,14:12:00,7.85,8.05,7.85,8.0,52195
2026-02-09 14:13:00,14:13:00,8.0,8.1,8.0,8.0,28015
2026-02-09 14:14:00,14:14:00,8.0,8.05,7.9,7.95,39000
2026-02-09 14:15:00,14:15:00,7.9,7.95,7.8,7.8,24700
2026-02-09 14:16:00,14:16:00,7.85,7.9,7.75,7.9,39130
2026-02-09 14:17:00,14:17:00,7.9,7.95,7.8,7.85,14755
2026-02-09 14:18:00,14:18:00,7.85,7.9,7.8,7.8,27105
2026-02-09 14:19:00,14:19:00,7.85,7.9,7.8,7.9,36205
2026-02-09 14:20:00,14:20:00,7.85,7.95,7.85,7.9,39650
2026-02-09 14:21:00,14:21:00,7.9,7.9,7.8,7.9,37830
2026-02-09 14:22:00,14:22:00,7.9,7.9,7.8,7.8,68055
2026-02-09 14:23:00,14:23:00,7.85,7.85,7.6,7.65,71305
2026-02-09 14:24:00,14:24:00,7.65,7.7,7.65,7.65,68055
2026-02-09 14:25:00,14:25:00,7.65,7.7,7.65,7.65,10335
2026-02-09 14:26:00,14:26:00,7.7,7.75,7.6,7.6,66495
2026-02-09 14:27:00,14:27:00,7.65,7.7,7.55,7.6,39715
2026-02-09 14:28:00,14:28:00,7.55,7.65,7.55,7.65,52975
2026-02-09 14:29:00,14:29:00,7.65,7.65,7.45,7.45,51870
2026-02-09 14:30:00,14:30:00,7.45,7.6,7.4,7.6,61490
2026-02-09 14:31:00,14:31:00,7.6,7.65,7.5,7.5,39780
2026-02-09 14:32:00,14:32:00,7.55,7.6,7.5,7.5,66560
2026-02-09 14:33:00,14:33:00,7.45,7.5,7.3,7.4,68575
2026-02-09 14:34:00,14:34:00,7.35,7.5,7.35,7.45,44590
2026-02-09 14:35:00,14:35:00,7.45,7.7,7.45,7.7,49725
2026-02-09 14:36:00,14:36:00,7.7,7.75,7.65,7.75,44330
2026-02-09 14:37:00,14:37:00,7.65,7.75,7.6,7.65,50245
2026-02-09 14:38:00,14:38:00,7.65,7.7,7.6,7.65,66365
2026-02-09 14:39:00,14:39:00,7.65,7.7,7.6,7.7,47190
2026-02-09 14:40:00,14:40:00,7.65,7.75,7.65,7.7,47125
2026-02-09 14:41:00,14:41:00,7.7,7.8,7.7,7.7,65455
2026-02-09 14:42:00,14:42:00,7.7,7.75,7.6,7.7,84695
2026-02-09 14:43:00,14:43:00,7.75,7.75,7.65,7.7,42445
2026-02-09 14:44:00,14:44:00,7.7,7.95,7.7,7.95,55575
2026-02-09 14:45:00,14:45:00,7.95,8.0,7.85,7.95,35425
2026-02-09 14:46:00,14:46:00,7.95,7.95,7.85,7.95,59995
2026-02-09 14:47:00,14:47:00,7.9,7.95,7.85,7.9,56160
2026-02-09 14:48:00,14:48:00,7.9,7.9,7.8,7.8,75725
2026-02-09 14:49:00,14:49:00,7.85,8.05,7.8,8.0,95225
2026-02-09 14:50:00,14:50:00,8.0,8.05,7.7,7.7,76310
2026-02-09 14:51:00,14:51:00,7.7,7.8,7.7,7.8,39780
2026-02-09 14:52:00,14:52:00,7.8,7.85,7.75,7.8,41145
2026-02-09 14:53:00,14:53:00,7.85,8.05,7.8,7.9,116155
2026-02-09 14:54:00,14:54:00,7.95,8.0,7.75,7.8,196235
2026-02-09 14:55:00,14:55:00,7.85,7.9,7.75,7.85,90480
2026-02-09 14:56:00,14:56:00,7.9,8.0,7.85,7.85,86255
2026-02-09 14:57:00,14:57:00,7.85,8.0,7.85,7.95,59735
2026-02-09 14:58:00,14:58:00,7.95,8.05,7.9,8.0,67990
2026-02-09 14:59:00,14:59:00,8.0,8.15,7.95,7.95,129805
2026-02-09 15:00:00,15:00:00,8.0,8.2,7.95,8.15,115050
2026-02-09 15:01:00,15:01:00,8.15,8.35,8.15,8.35,139165
2026-02-09 15:02:00,15:02:00,8.35,8.9,8.35,8.9,720135
2026-02-09 15:03:00,15:03:00,8.85,8.9,8.55,8.6,147615
2026-02-09 15:04:00,15:04:00,8.6,8.85,8.6,8.75,180505
2026-02-09 15:05:00,15:05:00,8.8,9.05,8.75,8.9,232635
2026-02-09 15:06:00,15:06:00,8.9,9.05,8.9,8.9,342225
2026-02-09 15:07:00,15:07:00,8.9,9.6,8.9,9.55,174655
2026-02-09 15:08:00,15:08:00,9.6,9.9,9.45,9.65,194870
2026-02-09 15:09:00,15:09:00,9.65,10.15,9.5,10.15,168740
2026-02-09 15:10:00,15:10:00,10.15,10.55,10.0,10.15,270335
2026-02-09 15:11:00,15:11:00,10.15,10.15,9.7,9.95,255905
2026-02-09 15:12:00,15:12:00,9.95,10.0,9.35,9.35,250835
2026-02-09 15:13:00,15:13:00,9.45,9.6,9.35,9.5,215345
2026-02-09 15:14:00,15:14:00,9.45,9.9,9.45,9.8,283855
2026-02-09 15:15:00,15:15:00,10.05,10.15,9.8,10.1,313170
2026-02-09 15:16:00,15:16:00,10.1,10.2,9.9,10.1,247455
2026-02-09 15:17:00,15:17:00,10.15,10.2,9.9,10.0,267215
2026-02-09 15:18:00,15:18:00,10.0,10.05,9.55,9.9,244595
2026-02-09 15:19:00,15:19:00,9.9,10.15,9.75,10.15,190450
2026-02-09 15:20:00,15:20:00,10.1,10.15,9.95,10.0,219635
2026-02-09 15:21:00,15:21:00,10.0,10.2,9.95,10.0,189800
2026-02-09 15:22:00,15:22:00,9.95,10.3,9.9,10.3,230750
2026-02-09 15:23:00,15:23:00,10.4,10.65,10.3,10.35,479050
2026-02-09 15:24:00,15:24:00,10.4,10.9,10.35,10.8,281580
2026-02-09 15:25:00,15:25:00,10.85,11.35,10.4,10.5,508625
2026-02-09 15:26:00,15:26:00,10.8,11.15,10.5,11.1,424645
2026-02-09 15:27:00,15:27:00,11.05,11.5,10.45,11.15,561405
2026-02-09 15:28:00,15:28:00,11.2,11.3,11.1,11.2,221715
2026-02-09 15:29:00,15:29:00,11.2,11.35,10.7,10.7,329030
2026-02-10 09:15:00,09:15:00,5.0,5.0,2.55,2.6,4294875
2026-02-10 09:16:00,09:16:00,2.8,2.8,2.5,2.6,1923610
2026-02-10 09:17:00,09:17:00,2.4,2.45,2.3,2.35,1823835
2026-02-10 09:18:00,09:18:00,2.6,2.65,2.55,2.6,1008215
2026-02-10 09:19:00,09:19:00,2.4,2.4,2.35,2.35,1264250
2026-02-10 09:20:00,09:20:00,2.4,2.65,2.35,2.55,2487485
2026-02-10 09:21:00,09:21:00,2.55,2.55,2.5,2.5,1167855
2026-02-10 09:22:00,09:22:00,2.5,2.55,2.45,2.5,1216930
2026-02-10 09:23:00,09:23:00,2.5,2.55,2.4,2.5,1258400
2026-02-10 09:24:00,09:24:00,2.5,2.55,2.45,2.55,881335
2026-02-10 09:25:00,09:25:00,2.55,2.65,2.5,2.65,1150500
2026-02-10 09:26:00,09:26:00,2.6,2.65,2.5,2.6,1167400
2026-02-10 09:27:00,09:27:00,2.6,2.6,2.4,2.4,655655
2026-02-10 09:28:00,09:28:00,2.4,2.45,2.35,2.45,851370
2026-02-10 09:29:00,09:29:00,2.45,2.45,2.3,2.3,582725
2026-02-10 09:30:00,09:30:00,2.3,2.4,2.25,2.3,838240
2026-02-10 09:31:00,09:31:00,2.3,2.35,2.25,2.25,963170
2026-02-10 09:32:00,09:32:00,2.25,2.3,2.2,2.3,739050
2026-02-10 09:33:00,09:33:00,2.45,2.6,2.45,2.6,787930
2026-02-10 09:34:00,09:34:00,2.55,2.8,2.55,2.75,786370
2026-02-10 09:35:00,09:35:00,2.75,2.85,2.65,2.75,662350
2026-02-10 09:36:00,09:36:00,2.8,2.9,2.75,2.85,819065
2026-02-10 09:37:00,09:37:00,2.9,3.0,2.85,2.9,776555
2026-02-10 09:38:00,09:38:00,2.9,2.95,2.8,2.95,744380
2026-02-10 09:39:00,09:39:00,2.9,2.95,2.75,2.8,334035
2026-02-10 09:40:00,09:40:00,2.75,2.9,2.75,2.85,497835
2026-02-10 09:41:00,09:41:00,2.85,2.9,2.8,2.9,407615
2026-02-10 09:42:00,09:42:00,2.9,2.95,2.85,2.85,339365
2026-02-10 09:43:00,09:43:00,2.85,2.85,2.75,2.8,269360
2026-02-10 09:44:00,09:44:00,2.75,2.85,2.75,2.85,218595
2026-02-10 09:45:00,09:45:00,2.8,2.9,2.75,2.75,444730
2026-02-10 09:46:00,09:46:00,2.8,2.9,2.75,2.85,251290
2026-02-10 09:47:00,09:47:00,2.9,2.95,2.85,2.95,306865
2026-02-10 09:48:00,09:48:00,2.9,3.0,2.9,2.95,232570
2026-02-10 09:49:00,09:49:00,2.95,3.0,2.9,2.9,445380
2026-02-10 09:50:00,09:50:00,2.9,2.95,2.85,2.85,332995
2026-02-10 09:51:00,09:51:00,2.85,2.9,2.85,2.85,259090
2026-02-10 09:52:00,09:52:00,2.9,2.95,2.85,2.85,313105
2026-02-10 09:53:00,09:53:00,2.9,2.95,2.85,2.9,210860
2026-02-10 09:54:00,09:54:00,2.85,2.95,2.85,2.9,176865
2026-02-10 09:55:00,09:55:00,2.9,2.95,2.85,2.85,382590
2026-02-10 09:56:00,09:56:00,2.9,2.9,2.75,2.75,171925
2026-02-10 09:57:00,09:57:00,2.75,2.8,2.7,2.7,101335
2026-02-10 09:58:00,09:58:00,2.75,2.75,2.7,2.75,78715
2026-02-10 09:59:00,09:59:00,2.7,2.75,2.6,2.6,142090
2026-02-10 10:00:00,10:00:00,2.6,2.7,2.6,2.7,226850
2026-02-10 10:01:00,10:01:00,2.65,2.7,2.65,2.7,114855
2026-02-10 10:02:00,10:02:00,2.7,2.75,2.65,2.75,231400
2026-02-10 10:03:00,10:03:00,2.7,2.75,2.7,2.7,195325
2026-02-10 10:04:00,10:04:00,2.75,2.8,2.7,2.75,166855
2026-02-10 10:05:00,10:05:00,2.8,2.9,2.75,2.85,266240
2026-02-10 10:06:00,10:06:00,2.8,2.9,2.8,2.85,184535
2026-02-10 10:07:00,10:07:00,2.9,2.9,2.8,2.9,198770
2026-02-10 10:08:00,10:08:00,2.9,2.9,2.8,2.85,197405
2026-02-10 10:09:00,10:09:00,2.8,2.9,2.8,2.85,113360
2026-02-10 10:10:00,10:10:00,2.85,2.9,2.8,2.85,144495
2026-02-10 10:11:00,10:11:00,2.85,2.85,2.75,2.8,142740
2026-02-10 10:12:00,10:12:00,2.75,2.85,2.75,2.85,149955
2026-02-10 10:13:00,10:13:00,2.85,2.9,2.8,2.9,235430
2026-02-10 10:14:00,10:14:00,2.8,2.9,2.8,2.85,119275
2026-02-10 10:15:00,10:15:00,2.85,2.9,2.85,2.85,42315
2026-02-10 10:16:00,10:16:00,2.9,3.0,2.85,2.95,212940
2026-02-10 10:17:00,10:17:00,3.0,3.0,2.95,3.0,257985
2026-02-10 10:18:00,10:18:00,3.0,3.05,2.95,2.95,414505
2026-02-10 10:19:00,10:19:00,3.0,3.15,2.95,3.1,387595
2026-02-10 10:20:00,10:20:00,3.15,3.2,3.1,3.15,292240
2026-02-10 10:21:00,10:21:00,3.15,3.2,3.0,3.05,143520
2026-02-10 10:22:00,10:22:00,3.0,3.1,3.0,3.05,188045
2026-02-10 10:23:00,10:23:00,3.1,3.1,2.95,3.0,227175
2026-02-10 10:24:00,10:24:00,3.0,3.05,3.0,3.0,140400
2026-02-10 10:25:00,10:25:00,3.0,3.1,3.0,3.05,164580
2026-02-10 10:26:00,10:26:00,3.05,3.1,2.95,3.05,195845
2026-02-10 10:27:00,10:27:00,3.05,3.05,3.0,3.05,86580
2026-02-10 10:28:00,10:28:00,3.05,3.05,2.9,2.95,211510
2026-02-10 10:29:00,10:29:00,2.95,3.05,2.95,3.0,139360
2026-02-10 10:30:00,10:30:00,2.95,3.05,2.95,3.05,225615
2026-02-10 10:31:00,10:31:00,3.0,3.1,3.0,3.05,195585
2026-02-10 10:32:00,10:32:00,3.05,3.15,3.0,3.1,203385
2026-02-10 10:33:00,10:33:00,3.3,3.3,3.2,3.25,221195
2026-02-10 10:34:00,10:34:00,3.2,3.3,3.2,3.3,455000
2026-02-10 10:35:00,10:35:00,3.15,3.2,3.1,3.15,343070
2026-02-10 10:36:00,10:36:00,3.15,3.25,3.1,3.15,413010
2026-02-10 10:37:00,10:37:00,3.3,3.35,3.2,3.3,234390
2026-02-10 10:38:00,10:38:00,3.15,3.15,2.95,3.0,260455
2026-02-10 10:39:00,10:39:00,2.95,3.0,2.9,2.9,253955
2026-02-10 10:40:00,10:40:00,2.95,2.95,2.75,2.75,185445
2026-02-10 10:41:00,10:41:00,2.75,2.75,2.6,2.6,221000
2026-02-10 10:42:00,10:42:00,2.65,2.65,2.45,2.5,264485
2026-02-10 10:43:00,10:43:00,2.55,2.55,2.3,2.35,256490
2026-02-10 10:44:00,10:44:00,2.35,2.35,2.1,2.1,368355
2026-02-10 10:45:00,10:45:00,2.1,2.15,2.0,2.0,228150
2026-02-10 10:46:00,10:46:00,2.05,2.2,2.0,2.2,470665
2026-02-10 10:47:00,10:47:00,2.15,2.2,2.1,2.15,233025
2026-02-10 10:48:00,10:48:00,2.15,2.25,2.15,2.25,114790
2026-02-10 10:49:00,10:49:00,2.2,2.25,2.1,2.15,374465
2026-02-10 10:50:00,10:50:00,2.15,2.3,2.15,2.3,206440
2026-02-10 10:51:00,10:51:00,2.3,2.35,2.25,2.3,218920
2026-02-10 10:52:00,10:52:00,2.3,2.35,2.25,2.3,136435
2026-02-10 10:53:00,10:53:00,2.25,2.3,2.15,2.2,80405
2026-02-10 10:54:00,10:54:00,2.15,2.3,2.15,2.25,207610
2026-02-10 10:55:00,10:55:00,2.25,2.35,2.25,2.3,120055
2026-02-10 10:56:00,10:56:00,2.35,2.35,2.25,2.35,135655
2026-02-10 10:57:00,10:57:00,2.35,2.35,2.3,2.35,38740
2026-02-10 10:58:00,10:58:00,2.35,2.35,2.3,2.3,198835
2026-02-10 10:59:00,10:59:00,2.35,2.4,2.3,2.35,159510
2026-02-10 11:00:00,11:00:00,2.35,2.4,2.35,2.35,125125
2026-02-10 11:01:00,11:01:00,2.35,2.4,2.3,2.35,76115
2026-02-10 11:02:00,11:02:00,2.35,2.4,2.3,2.35,146835
2026-02-10 11:03:00,11:03:00,2.4,2.4,2.35,2.35,54080
2026-02-10 11:04:00,11:04:00,2.35,2.35,2.3,2.35,122980
2026-02-10 11:05:00,11:05:00,2.35,2.35,2.3,2.35,125450
2026-02-10 11:06:00,11:06:00,2.3,2.35,2.25,2.35,121810
2026-02-10 11:07:00,11:07:00,2.35,2.4,2.3,2.35,168025
2026-02-10 11:08:00,11:08:00,2.3,2.4,2.3,2.35,75140
2026-02-10 11:09:00,11:09:00,2.4,2.4,2.35,2.4,148330
2026-02-10 11:10:00,11:10:00,2.35,2.45,2.35,2.4,99190
2026-02-10 11:11:00,11:11:00,2.45,2.45,2.4,2.4,85345
2026-02-10 11:12:00,11:12:00,2.4,2.45,2.3,2.35,603655
2026-02-10 11:13:00,11:13:00,2.35,2.5,2.35,2.4,447980
2026-02-10 11:14:00,11:14:00,2.4,2.55,2.4,2.5,382135
2026-02-10 11:15:00,11:15:00,2.5,2.55,2.45,2.55,257270
2026-02-10 11:16:00,11:16:00,2.55,2.55,2.45,2.55,171275
2026-02-10 11:17:00,11:17:00,2.5,2.55,2.45,2.45,196040
2026-02-10 11:18:00,11:18:00,2.45,2.55,2.45,2.45,229450
2026-02-10 11:19:00,11:19:00,2.5,2.5,2.45,2.5,88335
2026-02-10 11:20:00,11:20:00,2.45,2.5,2.4,2.4,99775
2026-02-10 11:21:00,11:21:00,2.4,2.45,2.4,2.4,110305
2026-02-10 11:22:00,11:22:00,2.45,2.45,2.35,2.35,149760
2026-02-10 11:23:00,11:23:00,2.4,2.4,2.3,2.35,179855
2026-02-10 11:24:00,11:24:00,2.35,2.4,2.35,2.35,96720
2026-02-10 11:25:00,11:25:00,2.35,2.4,2.3,2.3,149630
2026-02-10 11:26:00,11:26:00,2.3,2.3,2.25,2.25,212030
2026-02-10 11:27:00,11:27:00,2.3,2.3,2.25,2.3,108940
2026-02-10 11:28:00,11:28:00,2.3,2.3,2.25,2.25,61425
2026-02-10 11:29:00,11:29:00,2.3,2.35,2.25,2.25,171535
2026-02-10 11:30:00,11:30:00,2.3,2.3,2.25,2.25,137930
2026-02-10 11:31:00,11:31:00,2.25,2.35,2.25,2.3,118170
2026-02-10 11:32:00,11:32:00,2.3,2.35,2.25,2.3,119275
2026-02-10 11:33:00,11:33:00,2.3,2.3,2.25,2.3,166530
2026-02-10 11:34:00,11:34:00,2.25,2.3,2.2,2.2,127855
2026-02-10 11:35:00,11:35:00,2.2,2.25,2.2,2.25,94705
2026-02-10 11:36:00,11:36:00,2.25,2.25,2.15,2.15,105495
2026-02-10 11:37:00,11:37:00,2.15,2.2,2.15,2.2,163605
2026-02-10 11:38:00,11:38:00,2.15,2.2,2.15,2.15,109460
2026-02-10 11:39:00,11:39:00,2.15,2.25,2.15,2.2,102050
2026-02-10 11:40:00,11:40:00,2.2,2.3,2.2,2.25,103155
2026-02-10 11:41:00,11:41:00,2.3,2.35,2.25,2.35,57395
2026-02-10 11:42:00,11:42:00,2.3,2.35,2.3,2.3,29705
2026-02-10 11:43:00,11:43:00,2.3,2.3,2.25,2.3,90740
2026-02-10 11:44:00,11:44:00,2.25,2.35,2.25,2.3,47450
2026-02-10 11:45:00,11:45:00,2.35,2.35,2.3,2.3,76635
2026-02-10 11:46:00,11:46:00,2.35,2.35,2.25,2.25,79560
2026-02-10 11:47:00,11:47:00,2.25,2.3,2.25,2.3,172445
2026-02-10 11:48:00,11:48:00,2.3,2.35,2.25,2.25,49660
2026-02-10 11:49:00,11:49:00,2.25,2.3,2.25,2.25,41080
2026-02-10 11:50:00,11:50:00,2.25,2.3,2.25,2.25,73580
2026-02-10 11:51:00,11:51:00,2.25,2.3,2.2,2.2,134355
2026-02-10 11:52:00,11:52:00,2.2,2.25,2.2,2.2,41275
2026-02-10 11:53:00,11:53:00,2.2,2.2,2.1,2.15,137280
2026-02-10 11:54:00,11:54:00,2.15,2.15,2.0,2.05,268385
2026-02-10 11:55:00,11:55:00,2.0,2.05,2.0,2.05,94900
2026-02-10 11:56:00,11:56:00,2.0,2.1,2.0,2.05,444015
2026-02-10 11:57:00,11:57:00,2.05,2.1,2.0,2.1,204100
2026-02-10 11:58:00,11:58:00,2.05,2.1,2.05,2.1,75985
2026-02-10 11:59:00,11:59:00,2.1,2.1,1.95,2.05,446420
2026-02-10 12:00:00,12:00:00,2.05,2.1,2.0,2.0,295425
2026-02-10 12:01:00,12:01:00,2.0,2.05,1.8,1.85,645840
2026-02-10 12:02:00,12:02:00,1.9,1.9,1.8,1.85,218335
2026-02-10 12:03:00,12:03:00,1.9,1.9,1.8,1.85,295165
2026-02-10 12:04:00,12:04:00,1.85,1.85,1.75,1.75,220610
2026-02-10 12:05:00,12:05:00,1.8,1.9,1.75,1.9,314990
2026-02-10 12:06:00,12:06:00,1.9,1.9,1.85,1.85,77935
2026-02-10 12:07:00,12:07:00,1.9,1.9,1.8,1.85,67990
2026-02-10 12:08:00,12:08:00,1.85,1.85,1.6,1.6,405405
2026-02-10 12:09:00,12:09:00,1.65,1.65,1.55,1.55,209170
2026-02-10 12:10:00,12:10:00,1.55,1.65,1.55,1.65,158795
2026-02-10 12:11:00,12:11:00,1.65,1.65,1.55,1.6,178490
2026-02-10 12:12:00,12:12:00,1.6,1.65,1.55,1.6,180505
2026-02-10 12:13:00,12:13:00,1.65,1.65,1.5,1.5,253565
2026-02-10 12:14:00,12:14:00,1.5,1.5,1.4,1.45,163345
2026-02-10 12:15:00,12:15:00,1.4,1.45,1.35,1.4,247910
2026-02-10 12:16:00,12:16:00,1.4,1.45,1.4,1.45,132145
2026-02-10 12:17:00,12:17:00,1.45,1.45,1.4,1.4,148980
2026-02-10 12:18:00,12:18:00,1.4,1.45,1.4,1.4,190125
2026-02-10 12:19:00,12:19:00,1.45,1.5,1.4,1.45,479050
2026-02-10 12:20:00,12:20:00,1.45,1.45,1.35,1.35,406510
2026-02-10 12:21:00,12:21:00,1.4,1.45,1.35,1.4,248755
2026-02-10 12:22:00,12:22:00,1.35,1.4,1.35,1.35,140790
2026-02-10 12:23:00,12:23:00,1.35,1.45,1.35,1.35,165165
2026-02-10 12:24:00,12:24:00,1.35,1.4,1.35,1.35,55120
2026-02-10 12:25:00,12:25:00,1.35,1.4,1.3,1.35,90285
2026-02-10 12:26:00,12:26:00,1.3,1.35,1.3,1.3,39390
2026-02-10 12:27:00,12:27:00,1.35,1.35,1.3,1.3,58175
2026-02-10 12:28:00,12:28:00,1.35,1.35,1.3,1.35,160355
2026-02-10 12:29:00,12:29:00,1.35,1.35,1.3,1.35,163995
2026-02-10 12:30:00,12:30:00,1.35,1.35,1.3,1.3,124670
2026-02-10 12:31:00,12:31:00,1.3,1.4,1.3,1.3,179660
2026-02-10 12:32:00,12:32:00,1.35,1.35,1.25,1.3,254150
2026-02-10 12:33:00,12:33:00,1.3,1.35,1.2,1.25,207480
2026-02-10 12:34:00,12:34:00,1.25,1.25,1.15,1.2,117910
2026-02-10 12:35:00,12:35:00,1.15,1.2,1.15,1.15,80665
2026-02-10 12:36:00,12:36:00,1.2,1.2,1.15,1.2,59995
2026-02-10 12:37:00,12:37:00,1.15,1.2,1.05,1.1,158405
2026-02-10 12:38:00,12:38:00,1.1,1.15,1.05,1.05,213655
2026-02-10 12:39:00,12:39:00,1.1,1.15,1.05,1.1,316290
2026-02-10 12:40:00,12:40:00,1.05,1.1,1.05,1.1,87035
2026-02-10 12:41:00,12:41:00,1.05,1.1,1.05,1.05,34320
2026-02-10 12:42:00,12:42:00,1.1,1.1,1.05,1.1,216255
2026-02-10 12:43:00,12:43:00,1.1,1.1,1.05,1.1,70070
2026-02-10 12:44:00,12:44:00,1.1,1.15,1.05,1.1,120835
2026-02-10 12:45:00,12:45:00,1.1,1.2,1.1,1.15,230685
2026-02-10 12:46:00,12:46:00,1.2,1.2,1.1,1.15,270855
2026-02-10 12:47:00,12:47:00,1.1,1.15,1.05,1.1,269555
2026-02-10 12:48:00,12:48:00,1.15,1.15,1.05,1.1,403520
2026-02-10 12:49:00,12:49:00,1.1,1.15,1.05,1.1,446940
2026-02-10 12:50:00,12:50:00,1.15,1.3,1.1,1.25,849290
2026-02-10 12:51:00,12:51:00,1.3,1.35,1.25,1.25,422500
2026-02-10 12:52:00,12:52:00,1.3,1.4,1.25,1.4,455520
2026-02-10 12:53:00,12:53:00,1.35,1.5,1.3,1.45,874640
2026-02-10 12:54:00,12:54:00,1.5,1.6,1.45,1.6,540345
2026-02-10 12:55:00,12:55:00,1.6,1.6,1.5,1.55,938080
2026-02-10 12:56:00,12:56:00,1.55,1.55,1.45,1.55,274430
2026-02-10 12:57:00,12:57:00,1.55,1.6,1.45,1.55,541840
2026-02-10 12:58:00,12:58:00,1.5,1.55,1.3,1.35,959920
2026-02-10 12:59:00,12:59:00,1.3,1.4,1.3,1.35,230880
2026-02-10 13:00:00,13:00:00,1.35,1.45,1.35,1.35,271375
2026-02-10 13:01:00,13:01:00,1.4,1.45,1.35,1.35,422500
2026-02-10 13:02:00,13:02:00,1.4,1.5,1.3,1.4,392990
2026-02-10 13:03:00,13:03:00,1.45,1.5,1.35,1.35,104650
2026-02-10 13:04:00,13:04:00,1.4,1.45,1.35,1.35,50960
2026-02-10 13:05:00,13:05:00,1.4,1.4,1.3,1.35,168870
2026-02-10 13:06:00,13:06:00,1.35,1.35,1.2,1.2,221910
2026-02-10 13:07:00,13:07:00,1.15,1.2,1.1,1.15,241410
2026-02-10 13:08:00,13:08:00,1.25,1.3,1.15,1.15,312715
2026-02-10 13:09:00,13:09:00,1.15,1.2,1.05,1.05,369655
2026-02-10 13:10:00,13:10:00,1.1,1.1,1.05,1.05,211380
2026-02-10 13:11:00,13:11:00,1.1,1.1,1.0,1.0,439010
2026-02-10 13:12:00,13:12:00,1.05,1.05,1.0,1.0,372255
2026-02-10 13:13:00,13:13:00,1.0,1.1,1.0,1.05,195065
2026-02-10 13:14:00,13:14:00,1.05,1.15,1.0,1.05,263250
2026-02-10 13:15:00,13:15:00,1.0,1.1,1.0,1.0,162110
2026-02-10 13:16:00,13:16:00,1.05,1.05,0.9,0.9,493220
2026-02-10 13:17:00,13:17:00,0.95,0.95,0.9,0.95,275925
2026-02-10 13:18:00,13:18:00,0.9,0.95,0.8,0.8,607685
2026-02-10 13:19:00,13:19:00,0.8,0.85,0.75,0.75,674570
2026-02-10 13:20:00,13:20:00,0.8,0.8,0.7,0.7,349635
2026-02-10 13:21:00,13:21:00,0.75,0.75,0.65,0.65,422305
2026-02-10 13:22:00,13:22:00,0.65,0.7,0.6,0.65,1291420
2026-02-10 13:23:00,13:23:00,0.6,0.65,0.6,0.6,1075685
2026-02-10 13:24:00,13:24:00,0.65,0.65,0.55,0.65,749385
2026-02-10 13:25:00,13:25:00,0.65,0.75,0.6,0.7,678535
2026-02-10 13:26:00,13:26:00,0.7,0.75,0.5,0.55,768235
2026-02-10 13:27:00,13:27:00,0.55,0.6,0.5,0.5,675935
2026-02-10 13:28:00,13:28:00,0.55,0.65,0.5,0.65,165815
2026-02-10 13:29:00,13:29:00,0.65,0.7,0.55,0.6,422565
2026-02-10 13:30:00,13:30:00,0.55,0.6,0.45,0.45,789815
2026-02-10 13:31:00,13:31:00,0.45,0.5,0.45,0.5,847145
2026-02-10 13:32:00,13:32:00,0.45,0.5,0.45,0.5,553475
2026-02-10 13:33:00,13:33:00,0.5,0.55,0.5,0.5,489320
2026-02-10 13:34:00,13:34:00,0.55,0.55,0.5,0.5,551720
2026-02-10 13:35:00,13:35:00,0.55,0.55,0.45,0.5,1355185
2026-02-10 13:36:00,13:36:00,0.5,0.5,0.4,0.4,630500
2026-02-10 13:37:00,13:37:00,0.4,0.5,0.4,0.45,907920
2026-02-10 13:38:00,13:38:00,0.5,0.5,0.4,0.45,865670
2026-02-10 13:39:00,13:39:00,0.45,0.45,0.4,0.45,395265
2026-02-10 13:40:00,13:40:00,0.6,0.6,0.55,0.6,156520
2026-02-10 13:41:00,13:41:00,0.6,0.6,0.55,0.6,62660
2026-02-10 13:42:00,13:42:00,0.45,0.5,0.45,0.5,99580
2026-02-10 13:43:00,13:43:00,0.5,0.5,0.45,0.45,263055
2026-02-10 13:44:00,13:44:00,0.55,0.65,0.55,0.6,167245
2026-02-10 13:45:00,13:45:00,0.65,0.7,0.6,0.7,256360
2026-02-10 13:46:00,13:46:00,0.7,0.75,0.65,0.75,403000
2026-02-10 13:47:00,13:47:00,0.65,0.65,0.45,0.45,455390
2026-02-10 13:48:00,13:48:00,0.45,0.5,0.45,0.5,616200
2026-02-10 13:49:00,13:49:00,0.4,0.5,0.4,0.45,610480
2026-02-10 13:50:00,13:50:00,0.45,0.5,0.45,0.5,84305
2026-02-10 13:51:00,13:51:00,0.55,0.6,0.55,0.6,63765
2026-02-10 13:52:00,13:52:00,0.55,0.65,0.55,0.65,77610
2026-02-10 13:53:00,13:53:00,0.6,0.65,0.55,0.6,149435
2026-02-10 13:54:00,13:54:00,0.6,0.6,0.5,0.6,179010
2026-02-10 13:55:00,13:55:00,0.55,0.6,0.5,0.55,43680
2026-02-10 13:56:00,13:56:00,0.4,0.5,0.4,0.5,590200
2026-02-10 13:57:00,13:57:00,0.5,0.5,0.45,0.5,255255
2026-02-10 13:58:00,13:58:00,0.5,0.5,0.45,0.5,112255
2026-02-10 13:59:00,13:59:00,0.5,0.5,0.45,0.45,436280
2026-02-10 14:00:00,14:00:00,0.5,0.5,0.45,0.5,573885
2026-02-10 14:01:00,14:01:00,0.45,0.55,0.45,0.5,302575
2026-02-10 14:02:00,14:02:00,0.5,0.6,0.45,0.45,355940
2026-02-10 14:03:00,14:03:00,0.45,0.5,0.4,0.45,483340
2026-02-10 14:04:00,14:04:00,0.4,0.45,0.4,0.4,286780
2026-02-10 14:05:00,14:05:00,0.45,0.45,0.4,0.45,168025
2026-02-10 14:06:00,14:06:00,0.45,0.45,0.35,0.4,453310
2026-02-10 14:07:00,14:07:00,0.4,0.45,0.35,0.45,523185
2026-02-10 14:08:00,14:08:00,0.45,0.5,0.4,0.4,278980
2026-02-10 14:09:00,14:09:00,0.4,0.45,0.4,0.4,395915
2026-02-10 14:10:00,14:10:00,0.45,0.45,0.4,0.45,129480
2026-02-10 14:11:00,14:11:00,0.45,0.5,0.4,0.45,186615
2026-02-10 14:12:00,14:12:00,0.45,0.45,0.4,0.45,66755
2026-02-10 14:13:00,14:13:00,0.4,0.45,0.4,0.45,80600
2026-02-10 14:14:00,14:14:00,0.45,0.45,0.4,0.4,84825
2026-02-10 14:15:00,14:15:00,0.45,0.45,0.4,0.4,59085
2026-02-10 14:16:00,14:16:00,0.45,0.5,0.4,0.4,76180
2026-02-10 14:17:00,14:17:00,0.45,0.5,0.4,0.5,301080
2026-02-10 14:18:00,14:18:00,0.5,0.6,0.5,0.6,236795
2026-02-10 14:19:00,14:19:00,0.6,0.6,0.55,0.6,178295
2026-02-10 14:20:00,14:20:00,0.6,0.6,0.45,0.5,202150
2026-02-10 14:21:00,14:21:00,0.55,0.55,0.5,0.5,182390
2026-02-10 14:22:00,14:22:00,0.55,0.55,0.45,0.5,152490
2026-02-10 14:23:00,14:23:00,0.5,0.55,0.45,0.45,337935
2026-02-10 14:24:00,14:24:00,0.45,0.5,0.45,0.45,124540
2026-02-10 14:25:00,14:25:00,0.55,0.6,0.5,0.6,124605
2026-02-10 14:26:00,14:26:00,0.6,0.6,0.55,0.6,363805
2026-02-10 14:27:00,14:27:00,0.6,0.6,0.55,0.55,1105585
2026-02-10 14:28:00,14:28:00,0.55,0.6,0.5,0.5,417755
2026-02-10 14:29:00,14:29:00,0.55,0.55,0.5,0.55,335660
2026-02-10 14:30:00,14:30:00,0.55,0.55,0.5,0.55,569660
2026-02-10 14:31:00,14:31:00,0.55,0.7,0.5,0.65,490100
2026-02-10 14:32:00,14:32:00,0.7,0.7,0.6,0.6,529295
2026-02-10 14:33:00,14:33:00,0.6,0.65,0.5,0.6,666445
2026-02-10 14:34:00,14:34:00,0.55,0.65,0.55,0.6,303745
2026-02-10 14:35:00,14:35:00,0.6,0.65,0.55,0.55,517010
2026-02-10 14:36:00,14:36:00,0.55,0.7,0.55,0.7,307775
2026-02-10 14:37:00,14:37:00,0.75,0.75,0.55,0.6,462475
2026-02-10 14:38:00,14:38:00,0.55,0.6,0.4,0.45,1089075
2026-02-10 14:39:00,14:39:00,0.45,0.55,0.4,0.45,911495
2026-02-10 14:40:00,14:40:00,0.45,0.5,0.4,0.45,775970
2026-02-10 14:41:00,14:41:00,0.45,0.55,0.4,0.5,491595
2026-02-10 14:42:00,14:42:00,0.5,0.65,0.5,0.6,1332435
2026-02-10 14:43:00,14:43:00,0.6,0.65,0.45,0.5,667615
2026-02-10 14:44:00,14:44:00,0.45,0.5,0.35,0.35,539630
2026-02-10 14:45:00,14:45:00,0.4,0.45,0.35,0.4,450515
2026-02-10 14:46:00,14:46:00,0.35,0.4,0.3,0.3,280540
2026-02-10 14:47:00,14:47:00,0.35,0.35,0.25,0.3,406510
2026-02-10 14:48:00,14:48:00,0.25,0.3,0.25,0.25,142545
2026-02-10 14:49:00,14:49:00,0.3,0.3,0.25,0.3,211315
2026-02-10 14:50:00,14:50:00,0.25,0.3,0.2,0.2,228865
2026-02-10 14:51:00,14:51:00,0.25,0.25,0.2,0.2,129220
2026-02-10 14:52:00,14:52:00,0.25,0.25,0.2,0.25,475540
2026-02-10 14:53:00,14:53:00,0.2,0.25,0.2,0.2,311870
2026-02-10 14:54:00,14:54:00,0.2,0.25,0.15,0.15,366340
2026-02-10 14:55:00,14:55:00,0.2,0.25,0.15,0.2,214045
2026-02-10 14:56:00,14:56:00,0.2,0.2,0.15,0.2,234455
2026-02-10 14:57:00,14:57:00,0.2,0.25,0.15,0.25,385450
2026-02-10 14:58:00,14:58:00,0.2,0.25,0.2,0.2,177580
2026-02-10 14:59:00,14:59:00,0.25,0.3,0.2,0.2,377260
2026-02-10 15:00:00,15:00:00,0.25,0.3,0.2,0.2,1014520
2026-02-10 15:01:00,15:01:00,0.25,0.25,0.2,0.25,842595
2026-02-10 15:02:00,15:02:00,0.25,0.3,0.2,0.2,927095
2026-02-10 15:03:00,15:03:00,0.2,0.25,0.15,0.15,605735
2026-02-10 15:04:00,15:04:00,0.15,0.2,0.15,0.2,332475
2026-02-10 15:05:00,15:05:00,0.15,0.2,0.15,0.2,320645
2026-02-10 15:06:00,15:06:00,0.2,0.2,0.1,0.1,440635
2026-02-10 15:07:00,15:07:00,0.1,0.15,0.1,0.1,574600
2026-02-10 15:08:00,15:08:00,0.1,0.15,0.1,0.15,79040
2026-02-10 15:09:00,15:09:00,0.1,0.15,0.1,0.15,339625
2026-02-10 15:10:00,15:10:00,0.15,0.15,0.1,0.1,341770
2026-02-10 15:11:00,15:11:00,0.1,0.15,0.1,0.1,342615
2026-02-10 15:12:00,15:12:00,0.1,0.15,0.1,0.1,124475
2026-02-10 15:13:00,15:13:00,0.1,0.15,0.05,0.1,279760
2026-02-10 15:14:00,15:14:00,0.05,0.1,0.05,0.05,97045
2026-02-10 15:15:00,15:15:00,0.05,0.1,0.05,0.05,266110
2026-02-10 15:16:00,15:16:00,0.05,0.1,0.05,0.05,109785
2026-02-10 15:17:00,15:17:00,0.05,0.1,0.05,0.05,253955
2026-02-10 15:18:00,15:18:00,0.1,0.1,0.05,0.05,252265
2026-02-10 15:19:00,15:19:00,0.05,0.1,0.05,0.05,344240
2026-02-10 15:20:00,15:20:00,0.1,0.1,0.05,0.1,749125
2026-02-10 15:21:00,15:21:00,0.1,0.1,0.05,0.05,684580
2026-02-10 15:22:00,15:22:00,0.05,0.1,0.05,0.05,293995
2026-02-10 15:23:00,15:23:00,0.05,0.1,0.05,0.05,331500
2026-02-10 15:24:00,15:24:00,0.1,0.1,0.05,0.05,219765
2026-02-10 15:25:00,15:25:00,0.05,0.1,0.05,0.05,296725
2026-02-10 15:26:00,15:26:00,0.05,0.1,0.05,0.05,111735
2026-02-10 15:27:00,15:27:00,0.05,0.05,0.05,0.05,27040
2026-02-10 15:28:00,15:28:00,0.05,0.05,0.05,0.05,171795
2026-02-10 15:29:00,15:29:00,0.05,0.05,0.05,0.05,83785
2026-02-11 09:15:00,09:15:00,24.7,24.7,16.3,17.0,808015
2026-02-11 09:16:00,09:16:00,17.3,18.5,17.0,17.3,631540
2026-02-11 09:17:00,09:17:00,17.2,17.3,16.5,16.65,384995
2026-02-11 09:18:00,09:18:00,16.55,17.2,16.55,17.15,442000
2026-02-11 09:19:00,09:19:00,17.1,17.7,17.05,17.4,191490
2026-02-11 09:20:00,09:20:00,17.4,18.3,17.3,18.0,283465
2026-02-11 09:21:00,09:21:00,17.9,18.0,17.2,17.35,210340
2026-02-11 09:22:00,09:22:00,17.3,17.7,17.2,17.7,179465
2026-02-11 09:23:00,09:23:00,17.55,17.9,17.55,17.6,135200
2026-02-11 09:24:00,09:24:00,17.4,17.95,17.35,17.7,109330
2026-02-11 09:25:00,09:25:00,17.75,18.15,17.35,17.6,209430
2026-02-11 09:26:00,09:26:00,17.5,17.6,16.85,17.1,182910
2026-02-11 09:27:00,09:27:00,16.95,17.15,16.85,17.1,188565
2026-02-11 09:28:00,09:28:00,17.2,17.45,17.05,17.15,202345
2026-02-11 09:29:00,09:29:00,17.15,17.3,17.05,17.2,95875
2026-02-11 09:30:00,09:30:00,17.2,17.7,17.0,17.5,165165
2026-02-11 09:31:00,09:31:00,15.35,15.6,15.25,15.5,29250
2026-02-11 09:32:00,09:32:00,15.5,15.85,15.4,15.6,53495
2026-02-11 09:33:00,09:33:00,15.55,15.95,15.55,15.75,44980
2026-02-11 09:34:00,09:34:00,15.75,15.95,15.6,15.9,50375
2026-02-11 09:35:00,09:35:00,15.85,16.1,15.5,16.05,45695
2026-02-11 09:36:00,09:36:00,16.05,16.95,16.05,16.6,111605
2026-02-11 09:37:00,09:37:00,16.55,17.05,16.5,17.05,64870
2026-02-11 09:38:00,09:38:00,17.1,19.15,17.05,18.25,187330
2026-02-11 09:39:00,09:39:00,18.15,19.15,18.15,19.1,114660
2026-02-11 09:40:00,09:40:00,16.8,17.15,16.15,17.15,362895
2026-02-11 09:41:00,09:41:00,19.3,19.65,18.3,18.5,162760
2026-02-11 09:42:00,09:42:00,18.55,19.15,18.25,18.8,92170
2026-02-11 09:43:00,09:43:00,18.75,19.3,18.65,18.7,66690
2026-02-11 09:44:00,09:44:00,18.7,19.1,18.25,18.9,86905
2026-02-11 09:45:00,09:45:00,18.9,19.5,18.6,18.95,108550
2026-02-11 09:46:00,09:46:00,18.95,19.15,18.15,18.65,71500
2026-02-11 09:47:00,09:47:00,18.5,19.25,18.35,18.5,52390
2026-02-11 09:48:00,09:48:00,18.6,19.0,18.15,19.0,40040
2026-02-11 09:49:00,09:49:00,18.9,19.75,18.7,19.65,58890
2026-02-11 09:50:00,09:50:00,19.65,19.9,19.1,19.2,108810
2026-02-11 09:51:00,09:51:00,19.5,19.75,18.9,18.9,58760
2026-02-11 09:52:00,09:52:00,18.8,19.25,18.45,18.55,75335
2026-02-11 09:53:00,09:53:00,18.45,18.75,17.4,17.4,98865
2026-02-11 09:54:00,09:54:00,17.4,17.85,17.25,17.65,87685
2026-02-11 09:55:00,09:55:00,17.65,17.85,17.15,17.6,62400
2026-02-11 09:56:00,09:56:00,17.6,17.8,17.0,17.55,37245
2026-02-11 09:57:00,09:57:00,17.6,17.95,17.1,17.25,33020
2026-02-11 09:58:00,09:58:00,17.3,18.15,17.25,18.15,54795
2026-02-11 09:59:00,09:59:00,17.9,18.6,17.7,18.5,43810
2026-02-11 10:00:00,10:00:00,18.6,19.6,18.5,19.4,116805
2026-02-11 10:01:00,10:01:00,17.0,17.35,16.7,17.15,55250
2026-02-11 10:02:00,10:02:00,17.25,17.7,16.85,17.05,96590
2026-02-11 10:03:00,10:03:00,16.9,17.05,16.5,16.9,149305
2026-02-11 10:04:00,10:04:00,16.9,17.2,16.55,17.2,63570
2026-02-11 10:05:00,10:05:00,17.25,17.4,16.7,17.05,174980
2026-02-11 10:06:00,10:06:00,17.0,17.25,16.65,17.05,260000
2026-02-11 10:07:00,10:07:00,17.05,17.15,16.8,16.8,35230
2026-02-11 10:08:00,10:08:00,16.75,16.85,16.35,16.8,36725
2026-02-11 10:09:00,10:09:00,19.25,19.35,18.8,18.85,43550
2026-02-11 10:10:00,10:10:00,18.8,18.85,17.95,18.65,120380
2026-02-11 10:11:00,10:11:00,18.55,19.2,18.55,19.1,41665
2026-02-11 10:12:00,10:12:00,16.8,17.0,16.6,16.95,49335
2026-02-11 10:13:00,10:13:00,17.05,17.75,16.95,17.0,74490
2026-02-11 10:14:00,10:14:00,16.8,17.1,16.7,16.85,24180
2026-02-11 10:15:00,10:15:00,16.75,16.9,16.45,16.55,142610
2026-02-11 10:16:00,10:16:00,19.0,19.0,18.3,18.55,33345
2026-02-11 10:17:00,10:17:00,18.45,18.55,18.0,18.2,35880
2026-02-11 10:18:00,10:18:00,18.15,18.2,17.5,17.5,45240
2026-02-11 10:19:00,10:19:00,17.4,17.7,17.2,17.4,37310
2026-02-11 10:20:00,10:20:00,17.55,17.65,17.35,17.5,27170
2026-02-11 10:21:00,10:21:00,17.5,17.8,17.3,17.65,23985
2026-02-11 10:22:00,10:22:00,17.5,18.0,17.5,17.6,31135
2026-02-11 10:23:00,10:23:00,17.65,17.65,17.1,17.2,39260
2026-02-11 10:24:00,10:24:00,17.2,17.25,16.8,16.85,40885
2026-02-11 10:25:00,10:25:00,16.8,17.05,16.75,17.0,17940
2026-02-11 10:26:00,10:26:00,17.05,17.25,16.7,17.1,105755
2026-02-11 10:27:00,10:27:00,17.1,17.35,16.8,17.3,119990
2026-02-11 10:28:00,10:28:00,17.25,17.35,16.85,16.95,24375
2026-02-11 10:29:00,10:29:00,16.9,17.0,16.55,16.85,37895
2026-02-11 10:30:00,10:30:00,16.8,16.9,16.6,16.75,33345
2026-02-11 10:31:00,10:31:00,16.8,16.8,16.35,16.35,38480
2026-02-11 10:32:00,10:32:00,16.35,16.8,16.35,16.5,14105
2026-02-11 10:33:00,10:33:00,16.55,16.8,16.45,16.75,13065
2026-02-11 10:34:00,10:34:00,16.7,16.85,16.45,16.75,19955
2026-02-11 10:35:00,10:35:00,16.8,17.15,16.55,16.7,36790
2026-02-11 10:36:00,10:36:00,16.8,16.85,16.5,16.65,15145
2026-02-11 10:37:00,10:37:00,16.5,16.65,16.1,16.1,35295
2026-02-11 10:38:00,10:38:00,18.5,18.6,18.1,18.35,141245
2026-02-11 10:39:00,10:39:00,18.4,18.45,18.1,18.25,76180
2026-02-11 10:40:00,10:40:00,18.2,18.5,18.2,18.5,37310
2026-02-11 10:41:00,10:41:00,18.3,18.7,18.3,18.45,61035
2026-02-11 10:42:00,10:42:00,18.4,18.55,18.2,18.55,46085
2026-02-11 10:43:00,10:43:00,16.25,16.4,16.15,16.3,11310
2026-02-11 10:44:00,10:44:00,16.25,16.45,16.2,16.4,10010
2026-02-11 10:45:00,10:45:00,16.35,16.5,16.25,16.3,50570
2026-02-11 10:46:00,10:46:00,16.35,16.45,16.25,16.35,17355
2026-02-11 10:47:00,10:47:00,18.8,18.95,18.55,18.55,50310
2026-02-11 10:48:00,10:48:00,16.2,16.5,16.2,16.5,21450
2026-02-11 10:49:00,10:49:00,19.0,19.0,18.65,18.65,36660
2026-02-11 10:50:00,10:50:00,16.35,16.4,16.2,16.3,15340
2026-02-11 10:51:00,10:51:00,18.6,18.85,18.5,18.8,44785
2026-02-11 10:52:00,10:52:00,16.45,16.7,16.3,16.7,14235
2026-02-11 10:53:00,10:53:00,16.7,16.85,16.6,16.6,20150
2026-02-11 10:54:00,10:54:00,16.55,17.0,16.55,16.9,21840
2026-02-11 10:55:00,10:55:00,16.85,16.95,16.65,16.7,21905
2026-02-11 10:56:00,10:56:00,16.6,16.75,16.5,16.75,9555
2026-02-11 10:57:00,10:57:00,16.65,16.8,16.6,16.8,13000
2026-02-11 10:58:00,10:58:00,16.8,16.9,16.5,16.5,19240
2026-02-11 10:59:00,10:59:00,16.5,16.65,16.35,16.55,29575
2026-02-11 11:00:00,11:00:00,16.45,16.85,16.45,16.7,27625
2026-02-11 11:01:00,11:01:00,16.6,16.85,16.5,16.7,8450
2026-02-11 11:02:00,11:02:00,16.75,16.85,16.5,16.75,12090
2026-02-11 11:03:00,11:03:00,16.8,16.8,16.6,16.7,10790
2026-02-11 11:04:00,11:04:00,16.7,16.7,16.25,16.25,18590
2026-02-11 11:05:00,11:05:00,16.25,16.35,16.1,16.25,20020
2026-02-11 11:06:00,11:06:00,16.25,16.6,16.15,16.6,14950
2026-02-11 11:07:00,11:07:00,16.65,17.0,16.55,16.85,24635
2026-02-11 11:08:00,11:08:00,17.0,17.6,16.85,17.45,33410
2026-02-11 11:09:00,11:09:00,17.4,17.7,17.35,17.5,62335
2026-02-11 11:10:00,11:10:00,17.3,17.5,17.05,17.4,26065
2026-02-11 11:11:00,11:11:00,17.35,17.7,17.2,17.5,16185
2026-02-11 11:12:00,11:12:00,17.55,17.7,17.25,17.25,13000
2026-02-11 11:13:00,11:13:00,17.3,17.35,16.5,16.6,30615
2026-02-11 11:14:00,11:14:00,16.5,17.0,16.5,17.0,17030
2026-02-11 11:15:00,11:15:00,17.0,17.15,16.45,16.6,43875
2026-02-11 11:16:00,11:16:00,16.5,16.6,16.1,16.35,34060
2026-02-11 11:17:00,11:17:00,16.3,16.55,16.3,16.55,7995
2026-02-11 11:18:00,11:18:00,16.5,16.55,16.35,16.5,7605
2026-02-11 11:19:00,11:19:00,16.7,17.25,16.5,16.9,22100
2026-02-11 11:20:00,11:20:00,16.9,17.15,16.5,17.05,19175
2026-02-11 11:21:00,11:21:00,17.1,17.35,16.75,16.8,21125
2026-02-11 11:22:00,11:22:00,16.85,16.85,16.55,16.6,219245
2026-02-11 11:23:00,11:23:00,16.65,16.65,16.1,16.2,19955
2026-02-11 11:24:00,11:24:00,16.3,16.6,16.15,16.6,244790
2026-02-11 11:25:00,11:25:00,16.5,16.7,16.45,16.7,13195
2026-02-11 11:26:00,11:26:00,16.7,16.75,16.4,16.55,7930
2026-02-11 11:27:00,11:27:00,16.45,16.55,16.35,16.5,5330
2026-02-11 11:28:00,11:28:00,16.6,16.65,16.35,16.45,6565
2026-02-11 11:29:00,11:29:00,16.35,16.75,16.35,16.45,7735
2026-02-11 11:30:00,11:30:00,16.55,16.6,16.4,16.45,9750
2026-02-11 11:31:00,11:31:00,16.45,16.45,16.3,16.45,18980
2026-02-11 11:32:00,11:32:00,16.4,16.45,16.1,16.15,36660
2026-02-11 11:33:00,11:33:00,18.35,18.45,17.9,18.1,133640
2026-02-11 11:34:00,11:34:00,15.95,16.2,15.95,16.1,10465
2026-02-11 11:35:00,11:35:00,18.25,18.25,18.1,18.25,40820
2026-02-11 11:36:00,11:36:00,16.1,16.25,15.9,16.25,225225
2026-02-11 11:37:00,11:37:00,16.25,16.4,16.15,16.25,21060
2026-02-11 11:38:00,11:38:00,16.3,16.4,16.1,16.3,211185
2026-02-11 11:39:00,11:39:00,16.2,16.45,16.2,16.45,129870
2026-02-11 11:40:00,11:40:00,16.35,16.45,16.25,16.3,29055
2026-02-11 11:41:00,11:41:00,16.3,16.45,16.2,16.4,38675
2026-02-11 11:42:00,11:42:00,16.4,16.4,16.0,16.2,6175
2026-02-11 11:43:00,11:43:00,16.2,16.2,16.0,16.15,4615
2026-02-11 11:44:00,11:44:00,16.15,16.45,16.0,16.4,11635
2026-02-11 11:45:00,11:45:00,16.3,16.5,16.25,16.5,7475
2026-02-11 11:46:00,11:46:00,16.55,16.65,16.25,16.35,19370
2026-02-11 11:47:00,11:47:00,16.3,16.35,16.0,16.0,5590
2026-02-11 11:48:00,11:48:00,16.15,16.25,16.0,16.05,9100
2026-02-11 11:49:00,11:49:00,16.15,16.3,16.05,16.1,196040
2026-02-11 11:50:00,11:50:00,16.1,16.25,16.05,16.2,17160
2026-02-11 11:51:00,11:51:00,16.15,16.3,16.1,16.1,7280
2026-02-11 11:52:00,11:52:00,16.1,16.55,16.0,16.55,16055
2026-02-11 11:53:00,11:53:00,16.5,16.55,16.2,16.2,10270
2026-02-11 11:54:00,11:54:00,16.2,16.4,16.15,16.4,8190
2026-02-11 11:55:00,11:55:00,16.45,16.65,16.35,16.45,23335
2026-02-11 11:56:00,11:56:00,16.5,16.7,16.35,16.35,21385
2026-02-11 11:57:00,11:57:00,16.3,16.6,16.25,16.35,33085
2026-02-11 11:58:00,11:58:00,16.35,16.5,16.2,16.45,18330
2026-02-11 11:59:00,11:59:00,16.55,16.85,16.45,16.8,71500
2026-02-11 12:00:00,12:00:00,16.7,17.0,16.55,16.95,38090
2026-02-11 12:01:00,12:01:00,16.65,16.95,16.45,16.45,21320
2026-02-11 12:02:00,12:02:00,16.5,16.7,16.3,16.35,15535
2026-02-11 12:03:00,12:03:00,16.45,16.75,16.35,16.75,19565
2026-02-11 12:04:00,12:04:00,16.75,16.75,16.45,16.45,15795
2026-02-11 12:05:00,12:05:00,16.5,16.8,16.45,16.5,14495
2026-02-11 12:06:00,12:06:00,16.55,16.8,16.4,16.7,12675
2026-02-11 12:07:00,12:07:00,16.7,16.9,16.5,16.85,46475
2026-02-11 12:08:00,12:08:00,16.75,17.5,16.7,17.0,76700
2026-02-11 12:09:00,12:09:00,17.1,17.5,17.0,17.2,25740
2026-02-11 12:10:00,12:10:00,16.95,17.2,16.65,16.7,46280
2026-02-11 12:11:00,12:11:00,16.8,16.85,16.5,16.65,236405
2026-02-11 12:12:00,12:12:00,16.65,16.75,16.4,16.4,22295
2026-02-11 12:13:00,12:13:00,16.5,16.55,16.3,16.4,11310
2026-02-11 12:14:00,12:14:00,16.45,16.75,16.3,16.6,10725
2026-02-11 12:15:00,12:15:00,16.6,16.8,16.6,16.75,16770
2026-02-11 12:16:00,12:16:00,16.85,17.1,16.65,16.75,18265
2026-02-11 12:17:00,12:17:00,16.75,17.05,16.7,16.95,15210
2026-02-11 12:18:00,12:18:00,16.9,17.1,16.85,16.95,28080
2026-02-11 12:19:00,12:19:00,17.1,17.3,16.95,17.05,25220
2026-02-11 12:20:00,12:20:00,17.2,17.3,17.0,17.2,10400
2026-02-11 12:21:00,12:21:00,17.2,17.4,17.0,17.25,25220
2026-02-11 12:22:00,12:22:00,17.15,17.45,17.15,17.35,18980
2026-02-11 12:23:00,12:23:00,17.35,17.6,17.25,17.45,16965
2026-02-11 12:24:00,12:24:00,17.45,17.45,17.3,17.35,11115
2026-02-11 12:25:00,12:25:00,17.3,17.45,17.05,17.45,16510
2026-02-11 12:26:00,12:26:00,17.45,17.45,17.1,17.2,14170
2026-02-11 12:27:00,12:27:00,17.2,17.2,16.75,16.9,19240
2026-02-11 12:28:00,12:28:00,16.9,17.05,16.75,16.9,10140
2026-02-11 12:29:00,12:29:00,16.85,16.95,16.7,16.75,10335
2026-02-11 12:30:00,12:30:00,16.75,17.1,16.7,16.75,13065
2026-02-11 12:31:00,12:31:00,16.6,16.8,16.55,16.8,11635
2026-02-11 12:32:00,12:32:00,16.75,17.5,16.65,17.2,30225
2026-02-11 12:33:00,12:33:00,17.2,17.4,17.1,17.35,13195
2026-02-11 12:34:00,12:34:00,17.4,17.95,17.25,17.8,36465
2026-02-11 12:35:00,12:35:00,17.9,17.95,17.1,17.3,34190
2026-02-11 12:36:00,12:36:00,17.35,17.65,17.25,17.5,16835
2026-02-11 12:37:00,12:37:00,15.3,15.85,15.3,15.8,40235
2026-02-11 12:38:00,12:38:00,15.6,15.8,15.45,15.55,31980
2026-02-11 12:39:00,12:39:00,15.6,15.8,15.55,15.65,30485
2026-02-11 12:40:00,12:40:00,15.6,15.75,15.5,15.5,40105
2026-02-11 12:41:00,12:41:00,15.5,15.5,15.2,15.4,33345
2026-02-11 12:42:00,12:42:00,15.35,17.2,15.25,16.6,151970
2026-02-11 12:43:00,12:43:00,16.55,16.6,16.1,16.35,114920
2026-02-11 12:44:00,12:44:00,16.5,16.5,15.95,16.05,80405
2026-02-11 12:45:00,12:45:00,16.25,16.8,16.05,16.8,82810
2026-02-11 12:46:00,12:46:00,16.85,16.95,16.4,16.65,70005
2026-02-11 12:47:00,12:47:00,16.6,16.65,16.15,16.2,28925
2026-02-11 12:48:00,12:48:00,16.35,16.4,15.75,16.25,44785
2026-02-11 12:49:00,12:49:00,16.25,16.35,15.85,15.9,24310
2026-02-11 12:50:00,12:50:00,15.95,15.95,15.55,15.65,28015
2026-02-11 12:51:00,12:51:00,15.65,16.0,15.55,16.0,22035
2026-02-11 12:52:00,12:52:00,15.95,16.3,15.85,16.0,28340
2026-02-11 12:53:00,12:53:00,16.0,16.1,15.65,15.9,25805
2026-02-11 12:54:00,12:54:00,17.85,18.1,17.6,17.7,31525
2026-02-11 12:55:00,12:55:00,17.75,18.1,17.6,17.8,23920
2026-02-11 12:56:00,12:56:00,18.0,18.0,17.4,17.55,10595
2026-02-11 12:57:00,12:57:00,17.6,17.6,16.9,17.2,39325
2026-02-11 12:58:00,12:58:00,17.15,17.45,16.95,17.15,20605
2026-02-11 12:59:00,12:59:00,17.05,17.45,16.8,17.4,29575
2026-02-11 13:00:00,13:00:00,15.2,15.55,15.15,15.4,58045
2026-02-11 13:01:00,13:01:00,15.35,15.9,15.35,15.6,54470
2026-02-11 13:02:00,13:02:00,15.55,15.95,15.5,15.65,24570
2026-02-11 13:03:00,13:03:00,15.85,16.1,15.4,15.65,30940
2026-02-11 13:04:00,13:04:00,15.6,15.75,15.6,15.75,6500
2026-02-11 13:05:00,13:05:00,15.65,15.75,15.35,15.45,17875
2026-02-11 13:06:00,13:06:00,15.45,15.5,14.9,15.05,54470
2026-02-11 13:07:00,13:07:00,17.05,17.3,16.95,17.1,34775
2026-02-11 13:08:00,13:08:00,17.05,17.3,16.95,17.25,12155
2026-02-11 13:09:00,13:09:00,17.25,17.45,17.15,17.25,16380
2026-02-11 13:10:00,13:10:00,17.2,17.4,17.05,17.2,24180
2026-02-11 13:11:00,13:11:00,15.2,15.25,15.1,15.15,29900
2026-02-11 13:12:00,13:12:00,17.25,17.4,16.7,16.75,13130
2026-02-11 13:13:00,13:13:00,14.8,15.15,14.7,15.15,27820
2026-02-11 13:14:00,13:14:00,15.05,15.5,15.0,15.15,21970
2026-02-11 13:15:00,13:15:00,17.2,17.25,16.95,16.95,7475
2026-02-11 13:16:00,13:16:00,14.9,15.3,14.85,15.1,17680
2026-02-11 13:17:00,13:17:00,17.1,17.25,17.0,17.1,11245
2026-02-11 13:18:00,13:18:00,16.95,17.1,16.85,16.85,14235
2026-02-11 13:19:00,13:19:00,16.85,16.85,16.65,16.75,13585
2026-02-11 13:20:00,13:20:00,16.75,16.75,16.2,16.25,33540
2026-02-11 13:21:00,13:21:00,16.35,16.45,16.15,16.35,9035
2026-02-11 13:22:00,13:22:00,16.4,16.7,16.3,16.6,8905
2026-02-11 13:23:00,13:23:00,16.55,17.1,16.35,17.1,11570
2026-02-11 13:24:00,13:24:00,17.2,17.4,16.5,16.5,23140
2026-02-11 13:25:00,13:25:00,16.4,16.5,16.3,16.45,11765
2026-02-11 13:26:00,13:26:00,16.55,16.6,16.4,16.5,4290
2026-02-11 13:27:00,13:27:00,16.45,16.5,16.1,16.25,15405
2026-02-11 13:28:00,13:28:00,16.3,16.3,15.9,16.05,22880
2026-02-11 13:29:00,13:29:00,15.95,16.05,15.75,15.8,19175
2026-02-11 13:30:00,13:30:00,15.85,16.0,15.6,15.95,25675
2026-02-11 13:31:00,13:31:00,15.9,16.05,15.85,15.95,13780
2026-02-11 13:32:00,13:32:00,16.05,16.25,15.95,15.95,11050
2026-02-11 13:33:00,13:33:00,15.9,16.1,15.8,15.9,11375
2026-02-11 13:34:00,13:34:00,15.95,15.95,15.7,15.85,13910
2026-02-11 13:35:00,13:35:00,15.8,15.95,15.8,15.95,15665
2026-02-11 13:36:00,13:36:00,15.9,16.35,15.85,16.2,11960
2026-02-11 13:37:00,13:37:00,16.25,16.35,16.15,16.3,9360
2026-02-11 13:38:00,13:38:00,16.15,16.3,15.95,16.15,17485
2026-02-11 13:39:00,13:39:00,16.15,16.25,16.05,16.2,13650
2026-02-11 13:40:00,13:40:00,16.15,16.35,16.05,16.05,7280
2026-02-11 13:41:00,13:41:00,16.1,16.15,15.95,15.95,227760
2026-02-11 13:42:00,13:42:00,16.0,16.1,15.7,15.8,20995
2026-02-11 13:43:00,13:43:00,15.75,16.05,15.7,16.05,32630
2026-02-11 13:44:00,13:44:00,16.0,16.25,15.95,16.25,239590
2026-02-11 13:45:00,13:45:00,16.2,16.4,16.2,16.4,13000
2026-02-11 13:46:00,13:46:00,16.3,16.4,16.1,16.15,24505
2026-02-11 13:47:00,13:47:00,16.1,16.4,16.1,16.35,10140
2026-02-11 13:48:00,13:48:00,16.3,16.4,16.2,16.2,15665
2026-02-11 13:49:00,13:49:00,16.25,16.65,16.2,16.6,26130
2026-02-11 13:50:00,13:50:00,16.65,17.1,16.5,17.0,33020
2026-02-11 13:51:00,13:51:00,17.0,17.4,16.8,17.4,26195
2026-02-11 13:52:00,13:52:00,17.25,17.4,16.8,16.9,33540
2026-02-11 13:53:00,13:53:00,16.9,17.05,16.7,17.0,17355
2026-02-11 13:54:00,13:54:00,16.95,17.0,16.75,16.95,12935
2026-02-11 13:55:00,13:55:00,16.85,16.95,16.6,16.75,8645
2026-02-11 13:56:00,13:56:00,16.75,16.85,16.65,16.65,3315
2026-02-11 13:57:00,13:57:00,16.65,16.7,16.5,16.6,14560
2026-02-11 13:58:00,13:58:00,16.8,16.9,16.6,16.85,4485
2026-02-11 13:59:00,13:59:00,16.85,17.05,16.85,17.05,12805
2026-02-11 14:00:00,14:00:00,17.05,17.05,16.8,17.0,11570
2026-02-11 14:01:00,14:01:00,17.1,17.1,16.7,16.9,10465
2026-02-11 14:02:00,14:02:00,16.8,16.9,16.3,16.4,23270
2026-02-11 14:03:00,14:03:00,16.45,16.65,16.4,16.5,10335
2026-02-11 14:04:00,14:04:00,16.4,16.65,16.4,16.45,8255
2026-02-11 14:05:00,14:05:00,16.55,16.55,16.35,16.4,11375
2026-02-11 14:06:00,14:06:00,16.5,16.55,16.15,16.55,10855
2026-02-11 14:07:00,14:07:00,16.6,16.75,16.5,16.6,11310
2026-02-11 14:08:00,14:08:00,16.6,16.6,16.5,16.6,1430
2026-02-11 14:09:00,14:09:00,16.55,16.6,16.4,16.5,23465
2026-02-11 14:10:00,14:10:00,16.45,16.5,16.05,16.1,14430
2026-02-11 14:11:00,14:11:00,16.1,16.4,16.05,16.4,11895
2026-02-11 14:12:00,14:12:00,16.4,16.4,16.25,16.35,5980
2026-02-11 14:13:00,14:13:00,16.25,16.4,16.15,16.15,2925
2026-02-11 14:14:00,14:14:00,16.1,16.15,15.95,15.95,14625
2026-02-11 14:15:00,14:15:00,16.05,16.2,15.95,16.15,25285
2026-02-11 14:16:00,14:16:00,16.05,16.3,16.05,16.05,19045
2026-02-11 14:17:00,14:17:00,16.15,16.25,16.05,16.15,8450
2026-02-11 14:18:00,14:18:00,16.15,16.4,16.1,16.4,12740
2026-02-11 14:19:00,14:19:00,16.3,16.5,16.3,16.4,6630
2026-02-11 14:20:00,14:20:00,16.4,16.55,16.3,16.45,21645
2026-02-11 14:21:00,14:21:00,16.4,16.65,16.4,16.45,20995
2026-02-11 14:22:00,14:22:00,16.5,16.65,16.4,16.65,6500
2026-02-11 14:23:00,14:23:00,16.7,16.9,16.65,16.7,51025
2026-02-11 14:24:00,14:24:00,16.65,16.8,16.65,16.65,15795
2026-02-11 14:25:00,14:25:00,16.65,16.75,16.6,16.75,3185
2026-02-11 14:26:00,14:26:00,16.7,16.75,16.45,16.45,13260
2026-02-11 14:27:00,14:27:00,16.55,16.55,16.35,16.55,7410
2026-02-11 14:28:00,14:28:00,16.5,16.55,16.25,16.3,12675
2026-02-11 14:29:00,14:29:00,16.25,16.65,16.25,16.65,6045
2026-02-11 14:30:00,14:30:00,16.65,16.85,16.55,16.85,10855
2026-02-11 14:31:00,14:31:00,16.8,16.85,16.55,16.55,9035
2026-02-11 14:32:00,14:32:00,16.5,16.55,16.3,16.45,7995
2026-02-11 14:33:00,14:33:00,16.4,16.6,16.4,16.6,2340
2026-02-11 14:34:00,14:34:00,16.5,16.6,16.25,16.3,10920
2026-02-11 14:35:00,14:35:00,16.35,16.5,16.3,16.3,6370
2026-02-11 14:36:00,14:36:00,16.4,16.45,16.3,16.45,6370
2026-02-11 14:37:00,14:37:00,16.35,16.45,16.25,16.45,4355
2026-02-11 14:38:00,14:38:00,16.35,16.5,16.3,16.5,12545
2026-02-11 14:39:00,14:39:00,16.55,16.7,16.45,16.65,29510
2026-02-11 14:40:00,14:40:00,16.7,16.75,16.6,16.65,6825
2026-02-11 14:41:00,14:41:00,16.65,16.7,16.6,16.7,2340
2026-02-11 14:42:00,14:42:00,16.65,16.8,16.65,16.7,8710
2026-02-11 14:43:00,14:43:00,16.75,16.75,16.45,16.6,18070
2026-02-11 14:44:00,14:44:00,16.55,16.75,16.55,16.6,31525
2026-02-11 14:45:00,14:45:00,16.75,16.85,16.6,16.85,11115
2026-02-11 14:46:00,14:46:00,16.75,16.85,16.65,16.65,9490
2026-02-11 14:47:00,14:47:00,16.75,17.05,16.65,16.95,9425
2026-02-11 14:48:00,14:48:00,16.85,17.05,16.85,16.9,8970
2026-02-11 14:49:00,14:49:00,16.85,17.1,16.85,16.9,4940
2026-02-11 14:50:00,14:50:00,17.05,17.05,16.85,17.0,12285
2026-02-11 14:51:00,14:51:00,17.0,17.15,16.95,17.1,18915
2026-02-11 14:52:00,14:52:00,17.0,17.15,16.95,17.15,9035
2026-02-11 14:53:00,14:53:00,17.15,17.35,17.0,17.35,21775
2026-02-11 14:54:00,14:54:00,17.3,17.4,17.15,17.2,10660
2026-02-11 14:55:00,14:55:00,17.2,17.25,17.05,17.15,13845
2026-02-11 14:56:00,14:56:00,17.0,17.15,16.9,17.1,13520
2026-02-11 14:57:00,14:57:00,17.15,17.2,17.0,17.1,4745
2026-02-11 14:58:00,14:58:00,17.1,17.25,17.1,17.15,31460
2026-02-11 14:59:00,14:59:00,17.15,17.4,17.1,17.4,16445
2026-02-11 15:00:00,15:00:00,17.0,17.4,16.75,17.1,49790
2026-02-11 15:01:00,15:01:00,17.2,17.25,17.0,17.1,43875
2026-02-11 15:02:00,15:02:00,17.05,17.45,17.05,17.45,26390
2026-02-11 15:03:00,15:03:00,17.25,17.45,17.1,17.2,30095
2026-02-11 15:04:00,15:04:00,17.15,17.2,17.0,17.05,17680
2026-02-11 15:05:00,15:05:00,17.0,17.05,16.85,17.0,21580
2026-02-11 15:06:00,15:06:00,16.85,17.0,16.75,16.9,34905
2026-02-11 15:07:00,15:07:00,16.9,17.6,16.9,17.55,109395
2026-02-11 15:08:00,15:08:00,17.6,18.25,17.55,17.9,502385
2026-02-11 15:09:00,15:09:00,17.95,18.3,17.9,18.2,35555
2026-02-11 15:10:00,15:10:00,18.2,18.2,17.95,18.15,38610
2026-02-11 15:11:00,15:11:00,18.2,18.3,18.1,18.3,37245
2026-02-11 15:12:00,15:12:00,18.2,18.3,18.0,18.2,30875
2026-02-11 15:13:00,15:13:00,18.2,18.2,17.85,18.05,30355
2026-02-11 15:14:00,15:14:00,18.05,18.05,17.65,17.8,24505
2026-02-11 15:15:00,15:15:00,17.9,18.05,17.6,17.9,81835
2026-02-11 15:16:00,15:16:00,17.9,18.0,17.7,17.95,61490
2026-02-11 15:17:00,15:17:00,17.95,18.2,17.95,18.1,52390
2026-02-11 15:18:00,15:18:00,18.2,18.25,18.0,18.05,43940
2026-02-11 15:19:00,15:19:00,18.05,18.35,18.05,18.35,28600
2026-02-11 15:20:00,15:20:00,18.4,18.9,18.35,18.75,87100
2026-02-11 15:21:00,15:21:00,18.8,18.95,18.75,18.85,52000
2026-02-11 15:22:00,15:22:00,18.85,18.9,18.5,18.65,59150
2026-02-11 15:23:00,15:23:00,18.55,18.9,18.55,18.7,70265
2026-02-11 15:24:00,15:24:00,18.75,19.2,18.6,19.15,79235
2026-02-11 15:25:00,15:25:00,19.15,19.2,18.75,18.8,97305
2026-02-11 15:26:00,15:26:00,18.85,19.0,18.55,19.0,97695
2026-02-11 15:27:00,15:27:00,18.95,19.15,18.85,19.0,83525
2026-02-11 15:28:00,15:28:00,19.05,19.1,18.95,19.05,74035
2026-02-11 15:29:00,15:29:00,19.1,19.2,18.85,19.2,68835
2026-02-12 09:15:00,09:15:00,15.95,15.95,13.0,13.8,391300
2026-02-12 09:16:00,09:16:00,12.45,12.6,11.6,12.35,218205
2026-02-12 09:17:00,09:17:00,12.2,13.2,12.2,12.75,169975
2026-02-12 09:18:00,09:18:00,12.8,14.05,12.75,13.1,145535
2026-02-12 09:19:00,09:19:00,13.3,13.7,13.1,13.7,91260
2026-02-12 09:20:00,09:20:00,13.95,14.65,13.6,13.6,194545
2026-02-12 09:21:00,09:21:00,13.75,14.55,13.6,14.15,182715
2026-02-12 09:22:00,09:22:00,14.05,14.85,13.7,14.75,149110
2026-02-12 09:23:00,09:23:00,15.0,15.65,14.45,15.4,136240
2026-02-12 09:24:00,09:24:00,15.2,15.75,15.05,15.3,104585
2026-02-12 09:25:00,09:25:00,15.45,15.95,14.75,14.8,93990
2026-02-12 09:26:00,09:26:00,14.6,16.15,14.6,16.05,145340
2026-02-12 09:27:00,09:27:00,16.0,16.65,15.2,15.7,299520
2026-02-12 09:28:00,09:28:00,15.65,15.8,15.1,15.15,74425
2026-02-12 09:29:00,09:29:00,15.25,15.8,15.15,15.6,108160
2026-02-12 09:30:00,09:30:00,15.7,16.35,15.35,16.0,175695
2026-02-12 09:31:00,09:31:00,15.8,16.7,15.75,16.1,174460
2026-02-12 09:32:00,09:32:00,16.2,16.5,15.95,16.3,83200
2026-02-12 09:33:00,09:33:00,16.25,16.6,15.35,15.55,162500
2026-02-12 09:34:00,09:34:00,15.5,16.05,15.25,15.55,52975
2026-02-12 09:35:00,09:35:00,15.5,15.8,15.15,15.65,39715
2026-02-12 09:36:00,09:36:00,15.6,15.95,14.95,15.1,55120
2026-02-12 09:37:00,09:37:00,15.15,15.9,15.1,15.65,41275
2026-02-12 09:38:00,09:38:00,15.75,16.35,15.65,15.7,42900
2026-02-12 09:39:00,09:39:00,15.75,15.8,15.25,15.35,34190
2026-02-12 09:40:00,09:40:00,15.35,15.9,15.35,15.45,23595
2026-02-12 09:41:00,09:41:00,15.5,15.85,15.35,15.7,27040
2026-02-12 09:42:00,09:42:00,15.65,15.9,15.45,15.85,24765
2026-02-12 09:43:00,09:43:00,15.9,16.5,15.8,15.8,54925
2026-02-12 09:44:00,09:44:00,15.95,16.0,15.35,15.35,39000
2026-02-12 09:45:00,09:45:00,15.4,15.6,14.95,15.0,58370
2026-02-12 09:46:00,09:46:00,15.05,15.5,15.0,15.4,96135
2026-02-12 09:47:00,09:47:00,15.4,16.1,15.4,15.9,52585
2026-02-12 09:48:00,09:48:00,16.0,16.0,14.6,14.75,57915
2026-02-12 09:49:00,09:49:00,14.7,14.75,14.25,14.25,62660
2026-02-12 09:50:00,09:50:00,14.2,14.35,14.0,14.2,39845
2026-02-12 09:51:00,09:51:00,14.3,14.7,14.15,14.25,26260
2026-02-12 09:52:00,09:52:00,14.2,14.25,14.0,14.2,19435
2026-02-12 09:53:00,09:53:00,14.15,14.25,13.9,14.0,28990
2026-02-12 09:54:00,09:54:00,14.0,14.4,13.95,14.15,24700
2026-02-12 09:55:00,09:55:00,14.2,14.45,14.1,14.4,77220
2026-02-12 09:56:00,09:56:00,14.3,14.4,13.75,13.85,76765
2026-02-12 09:57:00,09:57:00,13.85,14.0,13.55,13.65,74620
2026-02-12 09:58:00,09:58:00,13.6,13.9,13.6,13.85,16120
2026-02-12 09:59:00,09:59:00,13.9,13.9,13.4,13.5,23530
2026-02-12 10:00:00,10:00:00,13.55,13.55,13.3,13.55,44525
2026-02-12 10:01:00,10:01:00,13.6,13.8,13.55,13.65,15860
2026-02-12 10:02:00,10:02:00,13.55,13.95,13.55,13.7,14885
2026-02-12 10:03:00,10:03:00,13.8,13.8,13.0,13.3,30420
2026-02-12 10:04:00,10:04:00,13.15,13.35,13.05,13.35,6500
2026-02-12 10:05:00,10:05:00,13.4,13.45,13.1,13.3,14950
2026-02-12 10:06:00,10:06:00,13.25,13.4,13.1,13.3,12870
2026-02-12 10:07:00,10:07:00,13.3,13.8,13.3,13.8,21580
2026-02-12 10:08:00,10:08:00,13.85,13.95,13.65,13.9,17095
2026-02-12 10:09:00,10:09:00,13.8,13.9,13.15,13.3,43225
2026-02-12 10:10:00,10:10:00,13.35,13.8,13.3,13.45,23400
2026-02-12 10:11:00,10:11:00,13.5,13.55,13.35,13.4,6825
2026-02-12 10:12:00,10:12:00,13.4,13.4,13.0,13.0,21450
2026-02-12 10:13:00,10:13:00,14.6,14.7,14.2,14.2,122525
2026-02-12 10:14:00,10:14:00,14.2,14.4,14.05,14.05,67015
2026-02-12 10:15:00,10:15:00,14.15,14.35,14.05,14.2,96070
2026-02-12 10:16:00,10:16:00,12.7,12.8,12.65,12.8,13130
2026-02-12 10:17:00,10:17:00,12.8,12.9,12.7,12.9,18720
2026-02-12 10:18:00,10:18:00,12.85,13.0,12.7,12.75,14625
2026-02-12 10:19:00,10:19:00,14.35,14.45,14.1,14.1,44655
2026-02-12 10:20:00,10:20:00,14.15,14.35,13.95,14.1,43940
2026-02-12 10:21:00,10:21:00,14.0,14.25,14.0,14.1,108485
2026-02-12 10:22:00,10:22:00,14.1,14.15,13.8,13.8,62660
2026-02-12 10:23:00,10:23:00,13.85,14.0,13.75,13.75,55315
2026-02-12 10:24:00,10:24:00,13.7,13.9,13.7,13.85,47775
2026-02-12 10:25:00,10:25:00,12.35,12.65,12.3,12.65,25870
2026-02-12 10:26:00,10:26:00,12.65,12.7,12.45,12.55,24765
2026-02-12 10:27:00,10:27:00,12.55,12.7,12.55,12.6,8320
2026-02-12 10:28:00,10:28:00,12.55,12.65,12.4,12.55,18785
2026-02-12 10:29:00,10:29:00,12.6,12.6,12.45,12.55,20215
2026-02-12 10:30:00,10:30:00,12.5,12.55,12.35,12.55,12545
2026-02-12 10:31:00,10:31:00,12.5,12.75,12.5,12.55,18395
2026-02-12 10:32:00,10:32:00,12.5,12.65,12.4,12.65,20475
2026-02-12 10:33:00,10:33:00,12.7,12.75,12.5,12.5,9555
2026-02-12 10:34:00,10:34:00,12.5,12.5,12.35,12.4,19890
2026-02-12 10:35:00,10:35:00,12.3,12.5,12.25,12.5,43030
2026-02-12 10:36:00,10:36:00,12.55,13.0,12.5,13.0,18265
2026-02-12 10:37:00,10:37:00,12.9,13.25,12.8,13.25,14040
2026-02-12 10:38:00,10:38:00,13.3,13.4,13.0,13.15,17225
2026-02-12 10:39:00,10:39:00,13.15,13.45,13.0,13.0,23790
2026-02-12 10:40:00,10:40:00,13.0,13.3,13.0,13.3,6890
2026-02-12 10:41:00,10:41:00,13.3,13.3,12.85,12.95,9555
2026-02-12 10:42:00,10:42:00,12.95,13.05,12.75,12.85,13260
2026-02-12 10:43:00,10:43:00,12.85,13.05,12.75,13.0,14170
2026-02-12 10:44:00,10:44:00,13.0,13.2,12.95,13.0,11050
2026-02-12 10:45:00,10:45:00,13.05,13.2,12.9,12.9,9295
2026-02-12 10:46:00,10:46:00,12.9,13.1,12.9,13.05,10010
2026-02-12 10:47:00,10:47:00,13.1,13.3,12.95,13.1,9165
2026-02-12 10:48:00,10:48:00,13.2,13.35,12.9,13.05,10595
2026-02-12 10:49:00,10:49:00,13.15,13.2,13.0,13.1,3900
2026-02-12 10:50:00,10:50:00,13.05,13.5,13.05,13.35,19630
2026-02-12 10:51:00,10:51:00,13.35,13.4,13.15,13.2,5070
2026-02-12 10:52:00,10:52:00,13.1,13.25,13.0,13.2,9555
2026-02-12 10:53:00,10:53:00,13.1,13.25,13.05,13.15,4485
2026-02-12 10:54:00,10:54:00,13.15,13.3,12.95,12.95,4485
2026-02-12 10:55:00,10:55:00,12.95,13.0,12.9,13.0,11830
2026-02-12 10:56:00,10:56:00,13.05,13.2,12.95,13.05,15080
2026-02-12 10:57:00,10:57:00,13.05,13.15,13.0,13.05,15080
2026-02-12 10:58:00,10:58:00,13.15,13.3,13.0,13.15,13780
2026-02-12 10:59:00,10:59:00,13.25,13.3,13.1,13.3,7150
2026-02-12 11:00:00,11:00:00,13.2,13.3,12.95,12.95,10140
2026-02-12 11:01:00,11:01:00,13.05,13.05,12.85,12.9,5590
2026-02-12 11:02:00,11:02:00,12.85,13.05,12.75,12.8,5005
2026-02-12 11:03:00,11:03:00,12.85,13.0,12.8,12.85,14365
2026-02-12 11:04:00,11:04:00,12.85,13.05,12.75,13.0,13975
2026-02-12 11:05:00,11:05:00,12.85,13.0,12.8,12.85,2860
2026-02-12 11:06:00,11:06:00,12.85,12.95,12.7,12.85,10920
2026-02-12 11:07:00,11:07:00,13.0,13.5,12.85,13.3,22295
2026-02-12 11:08:00,11:08:00,13.05,13.3,12.85,12.85,29315
2026-02-12 11:09:00,11:09:00,12.9,12.95,12.8,12.9,17355
2026-02-12 11:10:00,11:10:00,12.85,13.05,12.8,12.95,5915
2026-02-12 11:11:00,11:11:00,12.9,13.05,12.75,12.75,3185
2026-02-12 11:12:00,11:12:00,12.8,12.85,12.75,12.8,1950
2026-02-12 11:13:00,11:13:00,12.8,12.95,12.75,12.9,2145
2026-02-12 11:14:00,11:14:00,12.95,12.95,12.8,12.85,5005
2026-02-12 11:15:00,11:15:00,12.95,13.05,12.85,12.95,4810
2026-02-12 11:16:00,11:16:00,12.95,13.3,12.95,13.2,8320
2026-02-12 11:17:00,11:17:00,13.15,13.25,13.0,13.15,27235
2026-02-12 11:18:00,11:18:00,13.2,13.3,12.95,13.1,29770
2026-02-12 11:19:00,11:19:00,13.1,13.25,12.95,13.0,17810
2026-02-12 11:20:00,11:20:00,12.95,13.3,12.95,13.2,7800
2026-02-12 11:21:00,11:21:00,13.3,13.3,13.05,13.25,13845
2026-02-12 11:22:00,11:22:00,13.1,14.05,13.1,13.7,70135
2026-02-12 11:23:00,11:23:00,13.75,13.9,13.55,13.6,22685
2026-02-12 11:24:00,11:24:00,13.65,13.85,13.6,13.65,23985
2026-02-12 11:25:00,11:25:00,13.65,13.7,13.35,13.35,20670
2026-02-12 11:26:00,11:26:00,13.3,13.5,13.25,13.35,27885
2026-02-12 11:27:00,11:27:00,13.4,13.4,13.25,13.4,6565
2026-02-12 11:28:00,11:28:00,13.4,13.55,13.4,13.5,7800
2026-02-12 11:29:00,11:29:00,13.45,13.5,13.15,13.3,13780
2026-02-12 11:30:00,11:30:00,13.2,13.5,13.1,13.5,17810
2026-02-12 11:31:00,11:31:00,11.95,12.45,11.9,12.3,41730
2026-02-12 11:32:00,11:32:00,14.1,14.2,13.7,13.8,94900
2026-02-12 11:33:00,11:33:00,12.1,12.4,12.1,12.2,39715
2026-02-12 11:34:00,11:34:00,12.2,12.5,12.05,12.35,50245
2026-02-12 11:35:00,11:35:00,12.4,12.5,12.2,12.35,34905
2026-02-12 11:36:00,11:36:00,12.3,12.85,12.25,12.8,35880
2026-02-12 11:37:00,11:37:00,12.7,13.15,12.6,12.9,61230
2026-02-12 11:38:00,11:38:00,12.95,13.0,12.7,12.9,37765
2026-02-12 11:39:00,11:39:00,13.0,13.05,12.7,12.7,40625
2026-02-12 11:40:00,11:40:00,12.75,12.9,12.6,12.6,35685
2026-02-12 11:41:00,11:41:00,14.15,14.25,13.95,14.0,25220
2026-02-12 11:42:00,11:42:00,14.0,14.2,13.8,13.9,26975
2026-02-12 11:43:00,11:43:00,14.0,14.0,13.7,13.7,31070
2026-02-12 11:44:00,11:44:00,13.7,13.8,13.6,13.7,19045
2026-02-12 11:45:00,11:45:00,13.6,13.7,13.55,13.6,8190
2026-02-12 11:46:00,11:46:00,13.6,13.7,13.35,13.7,21970
2026-02-12 11:47:00,11:47:00,13.65,13.95,13.65,13.85,12220
2026-02-12 11:48:00,11:48:00,13.85,13.95,13.8,13.95,10140
2026-02-12 11:49:00,11:49:00,13.85,13.95,13.6,13.8,8905
2026-02-12 11:50:00,11:50:00,12.4,12.7,12.35,12.65,9815
2026-02-12 11:51:00,11:51:00,12.5,13.3,12.5,12.95,59865
2026-02-12 11:52:00,11:52:00,12.95,13.45,12.95,13.4,55055
2026-02-12 11:53:00,11:53:00,13.4,13.45,12.9,12.9,74425
2026-02-12 11:54:00,11:54:00,12.95,13.1,12.75,13.0,33410
2026-02-12 11:55:00,11:55:00,13.0,13.05,12.75,12.8,42120
2026-02-12 11:56:00,11:56:00,12.9,13.3,12.8,13.0,29315
2026-02-12 11:57:00,11:57:00,13.05,13.05,12.85,13.0,17875
2026-02-12 11:58:00,11:58:00,12.95,13.0,12.55,12.55,62595
2026-02-12 11:59:00,11:59:00,14.3,14.35,14.05,14.15,31915
2026-02-12 12:00:00,12:00:00,14.05,14.15,13.9,13.95,67990
2026-02-12 12:01:00,12:01:00,12.25,12.55,12.25,12.5,30680
2026-02-12 12:02:00,12:02:00,12.55,12.8,12.5,12.75,8060
2026-02-12 12:03:00,12:03:00,12.8,13.15,12.75,13.0,31070
2026-02-12 12:04:00,12:04:00,13.0,13.1,12.6,12.8,38805
2026-02-12 12:05:00,12:05:00,12.65,12.85,12.65,12.8,36660
2026-02-12 12:06:00,12:06:00,12.8,12.95,12.6,12.7,14170
2026-02-12 12:07:00,12:07:00,12.75,12.75,12.55,12.65,17095
2026-02-12 12:08:00,12:08:00,12.6,12.65,12.5,12.55,50050
2026-02-12 12:09:00,12:09:00,14.25,14.3,13.95,13.95,16445
2026-02-12 12:10:00,12:10:00,14.0,14.25,13.95,14.15,24375
2026-02-12 12:11:00,12:11:00,14.1,14.15,13.8,14.0,14495
2026-02-12 12:12:00,12:12:00,14.0,14.05,13.75,13.95,16900
2026-02-12 12:13:00,12:13:00,13.9,14.0,13.8,13.9,7540
2026-02-12 12:14:00,12:14:00,13.85,14.05,13.85,13.9,2925
2026-02-12 12:15:00,12:15:00,13.8,13.9,13.75,13.75,24310
2026-02-12 12:16:00,12:16:00,13.65,13.75,13.6,13.75,9165
2026-02-12 12:17:00,12:17:00,13.75,13.9,13.6,13.6,15860
2026-02-12 12:18:00,12:18:00,13.65,13.65,13.35,13.45,9880
2026-02-12 12:19:00,12:19:00,13.45,13.5,13.2,13.25,17095
2026-02-12 12:20:00,12:20:00,13.2,13.35,13.05,13.25,26455
2026-02-12 12:21:00,12:21:00,13.25,13.3,13.0,13.0,7800
2026-02-12 12:22:00,12:22:00,13.05,13.05,12.75,12.85,33280
2026-02-12 12:23:00,12:23:00,12.85,12.95,12.8,12.8,23595
2026-02-12 12:24:00,12:24:00,12.75,12.9,12.75,12.85,6630
2026-02-12 12:25:00,12:25:00,12.9,12.95,12.85,12.9,19890
2026-02-12 12:26:00,12:26:00,12.95,13.1,12.9,13.0,5135
2026-02-12 12:27:00,12:27:00,12.95,13.0,12.8,12.8,6240
2026-02-12 12:28:00,12:28:00,12.8,12.9,12.75,12.8,11440
2026-02-12 12:29:00,12:29:00,12.75,12.85,12.7,12.85,8385
2026-02-12 12:30:00,12:30:00,12.8,12.85,12.6,12.7,12025
2026-02-12 12:31:00,12:31:00,12.75,12.8,12.65,12.8,6890
2026-02-12 12:32:00,12:32:00,12.7,12.8,12.4,12.45,13585
2026-02-12 12:33:00,12:33:00,12.4,12.5,12.3,12.45,8515
2026-02-12 12:34:00,12:34:00,12.5,12.55,12.25,12.5,22815
2026-02-12 12:35:00,12:35:00,12.55,12.65,12.5,12.5,15470
2026-02-12 12:36:00,12:36:00,12.55,12.55,12.45,12.5,8710
2026-02-12 12:37:00,12:37:00,12.55,12.6,12.45,12.5,16315
2026-02-12 12:38:00,12:38:00,12.55,12.6,12.5,12.6,2665
2026-02-12 12:39:00,12:39:00,12.6,12.65,12.55,12.6,8775
2026-02-12 12:40:00,12:40:00,12.55,12.65,12.55,12.65,10010
2026-02-12 12:41:00,12:41:00,12.65,12.65,12.5,12.55,9815
2026-02-12 12:42:00,12:42:00,12.6,12.6,12.35,12.35,17940
2026-02-12 12:43:00,12:43:00,12.45,12.5,12.35,12.45,5915
2026-02-12 12:44:00,12:44:00,12.45,12.45,12.25,12.35,14430
2026-02-12 12:45:00,12:45:00,12.3,12.4,12.25,12.25,61165
2026-02-12 12:46:00,12:46:00,12.25,12.5,12.25,12.4,47190
2026-02-12 12:47:00,12:47:00,12.45,12.45,12.35,12.35,10660
2026-02-12 12:48:00,12:48:00,12.35,12.45,12.25,12.45,6370
2026-02-12 12:49:00,12:49:00,12.35,12.45,12.25,12.25,1365
2026-02-12 12:50:00,12:50:00,12.25,12.3,12.15,12.3,6305
2026-02-12 12:51:00,12:51:00,12.3,12.3,12.2,12.25,22490
2026-02-12 12:52:00,12:52:00,12.2,12.35,12.2,12.3,13780
2026-02-12 12:53:00,12:53:00,12.3,12.35,12.2,12.3,7345
2026-02-12 12:54:00,12:54:00,12.2,12.4,12.2,12.25,7605
2026-02-12 12:55:00,12:55:00,12.4,12.45,12.25,12.4,3120
2026-02-12 12:56:00,12:56:00,12.45,12.45,12.25,12.3,4745
2026-02-12 12:57:00,12:57:00,12.25,12.3,12.2,12.2,3900
2026-02-12 12:58:00,12:58:00,12.2,12.3,12.2,12.3,6240
2026-02-12 12:59:00,12:59:00,12.35,12.45,12.3,12.45,5525
2026-02-12 13:00:00,13:00:00,12.4,12.45,12.35,12.45,14885
2026-02-12 13:01:00,13:01:00,12.45,12.55,12.45,12.5,4095
2026-02-12 13:02:00,13:02:00,12.5,12.5,12.4,12.45,5850
2026-02-12 13:03:00,13:03:00,12.5,12.5,12.4,12.4,12805
2026-02-12 13:04:00,13:04:00,12.45,12.6,12.4,12.55,30550
2026-02-12 13:05:00,13:05:00,12.55,12.7,12.5,12.6,5980
2026-02-12 13:06:00,13:06:00,12.65,12.75,12.6,12.6,20800
2026-02-12 13:07:00,13:07:00,12.7,12.8,12.6,12.8,12545
2026-02-12 13:08:00,13:08:00,12.8,12.85,12.75,12.8,6695
2026-02-12 13:09:00,13:09:00,12.9,12.95,12.8,12.8,14820
2026-02-12 13:10:00,13:10:00,12.8,12.85,12.75,12.8,12545
2026-02-12 13:11:00,13:11:00,12.85,13.1,12.8,13.1,5785
2026-02-12 13:12:00,13:12:00,13.15,13.15,13.0,13.15,11700
2026-02-12 13:13:00,13:13:00,13.2,13.2,13.0,13.05,12610
2026-02-12 13:14:00,13:14:00,13.1,13.25,13.05,13.15,3965
2026-02-12 13:15:00,13:15:00,13.1,13.3,13.05,13.3,13195
2026-02-12 13:16:00,13:16:00,13.2,13.3,12.95,12.95,8125
2026-02-12 13:17:00,13:17:00,12.95,13.15,12.9,12.9,6565
2026-02-12 13:18:00,13:18:00,12.9,12.95,12.2,12.2,82485
2026-02-12 13:19:00,13:19:00,12.25,12.5,12.15,12.5,76960
2026-02-12 13:20:00,13:20:00,12.6,12.75,12.45,12.7,24830
2026-02-12 13:21:00,13:21:00,12.8,12.85,12.65,12.7,70980
2026-02-12 13:22:00,13:22:00,12.75,12.75,12.6,12.6,6890
2026-02-12 13:23:00,13:23:00,12.55,12.6,12.35,12.35,8970
2026-02-12 13:24:00,13:24:00,12.35,12.4,12.25,12.35,64675
2026-02-12 13:25:00,13:25:00,12.3,12.4,12.15,12.15,26845
2026-02-12 13:26:00,13:26:00,12.2,12.2,12.05,12.1,26780
2026-02-12 13:27:00,13:27:00,13.45,13.45,13.3,13.35,42770
2026-02-12 13:28:00,13:28:00,11.9,12.1,11.9,12.05,31915
2026-02-12 13:29:00,13:29:00,12.05,12.05,11.9,11.9,9880
2026-02-12 13:30:00,13:30:00,11.9,11.9,11.75,11.85,16900
2026-02-12 13:31:00,13:31:00,11.9,11.9,11.8,11.9,16055
2026-02-12 13:32:00,13:32:00,11.9,11.95,11.7,11.7,6045
2026-02-12 13:33:00,13:33:00,11.75,11.8,11.55,11.55,18395
2026-02-12 13:34:00,13:34:00,11.5,11.65,11.5,11.6,4095
2026-02-12 13:35:00,13:35:00,11.6,11.65,11.55,11.6,15600
2026-02-12 13:36:00,13:36:00,11.55,11.75,11.55,11.75,5785
2026-02-12 13:37:00,13:37:00,11.75,11.75,11.5,11.5,9035
2026-02-12 13:38:00,13:38:00,11.55,11.6,11.45,11.5,11895
2026-02-12 13:39:00,13:39:00,11.5,11.55,11.45,11.45,10075
2026-02-12 13:40:00,13:40:00,11.5,11.65,11.45,11.65,16445
2026-02-12 13:41:00,13:41:00,11.7,11.85,11.65,11.75,6500
2026-02-12 13:42:00,13:42:00,11.75,11.8,11.65,11.65,7345
2026-02-12 13:43:00,13:43:00,11.7,11.85,11.65,11.85,5655
2026-02-12 13:44:00,13:44:00,11.85,11.95,11.8,11.9,11050
2026-02-12 13:45:00,13:45:00,11.95,12.05,11.85,12.05,7410
2026-02-12 13:46:00,13:46:00,12.0,12.05,11.9,12.05,7020
2026-02-12 13:47:00,13:47:00,12.0,12.1,11.95,12.0,6175
2026-02-12 13:48:00,13:48:00,12.0,12.3,12.0,12.3,29835
2026-02-12 13:49:00,13:49:00,11.05,11.25,11.0,11.15,42510
2026-02-12 13:50:00,13:50:00,11.15,11.45,11.15,11.25,77545
2026-02-12 13:51:00,13:51:00,11.35,11.55,11.2,11.2,78000
2026-02-12 13:52:00,13:52:00,11.2,11.5,11.2,11.3,88855
2026-02-12 13:53:00,13:53:00,11.25,11.35,11.15,11.3,68835
2026-02-12 13:54:00,13:54:00,11.35,11.5,11.1,11.1,67990
2026-02-12 13:55:00,13:55:00,11.25,11.45,11.1,11.45,66040
2026-02-12 13:56:00,13:56:00,11.5,11.55,11.15,11.35,43420
2026-02-12 13:57:00,13:57:00,11.4,11.45,11.35,11.45,20930
2026-02-12 13:58:00,13:58:00,11.45,11.45,11.35,11.35,9100
2026-02-12 13:59:00,13:59:00,11.3,11.4,11.2,11.3,13780
2026-02-12 14:00:00,14:00:00,11.35,11.6,11.3,11.5,38545
2026-02-12 14:01:00,14:01:00,11.5,11.75,11.5,11.75,38350
2026-02-12 14:02:00,14:02:00,11.7,11.8,11.6,11.65,25090
2026-02-12 14:03:00,14:03:00,11.65,11.95,11.65,11.7,24115
2026-02-12 14:04:00,14:04:00,11.6,11.7,11.5,11.55,18850
2026-02-12 14:05:00,14:05:00,11.6,11.65,11.45,11.6,31590
2026-02-12 14:06:00,14:06:00,11.65,11.65,11.4,11.45,21645
2026-02-12 14:07:00,14:07:00,11.45,11.6,11.4,11.4,19305
2026-02-12 14:08:00,14:08:00,11.35,11.4,11.2,11.3,13975
2026-02-12 14:09:00,14:09:00,11.35,11.5,11.3,11.5,7475
2026-02-12 14:10:00,14:10:00,11.4,11.55,11.4,11.5,23335
2026-02-12 14:11:00,14:11:00,11.35,11.5,11.3,11.4,21840
2026-02-12 14:12:00,14:12:00,11.35,11.4,11.25,11.4,11635
2026-02-12 14:13:00,14:13:00,11.35,11.55,11.35,11.35,10205
2026-02-12 14:14:00,14:14:00,11.35,11.4,11.3,11.35,36790
2026-02-12 14:15:00,14:15:00,11.35,11.65,11.35,11.6,44070
2026-02-12 14:16:00,14:16:00,11.65,11.8,11.6,11.65,41795
2026-02-12 14:17:00,14:17:00,11.6,11.9,11.6,11.75,24570
2026-02-12 14:18:00,14:18:00,11.8,11.85,11.7,11.75,10075
2026-02-12 14:19:00,14:19:00,11.9,12.05,11.7,11.75,24635
2026-02-12 14:20:00,14:20:00,11.8,11.85,11.3,11.4,18590
2026-02-12 14:21:00,14:21:00,11.45,11.55,11.4,11.45,9100
2026-02-12 14:22:00,14:22:00,12.7,12.75,12.4,12.6,13910
2026-02-12 14:23:00,14:23:00,12.6,12.6,12.35,12.45,14040
2026-02-12 14:24:00,14:24:00,12.45,12.55,12.35,12.55,9230
2026-02-12 14:25:00,14:25:00,12.4,12.55,12.4,12.55,3120
2026-02-12 14:26:00,14:26:00,12.55,12.8,12.5,12.75,9945
2026-02-12 14:27:00,14:27:00,11.35,11.55,11.35,11.5,28340
2026-02-12 14:28:00,14:28:00,11.55,11.6,11.4,11.4,15080
2026-02-12 14:29:00,14:29:00,11.4,11.55,11.25,11.45,13845
2026-02-12 14:30:00,14:30:00,12.7,13.0,12.65,12.65,13780
2026-02-12 14:31:00,14:31:00,12.65,12.7,12.6,12.6,3380
2026-02-12 14:32:00,14:32:00,12.6,12.8,12.6,12.6,21190
2026-02-12 14:33:00,14:33:00,12.6,12.65,12.55,12.65,4225
2026-02-12 14:34:00,14:34:00,11.3,11.4,11.25,11.3,14820
2026-02-12 14:35:00,14:35:00,11.4,11.4,11.25,11.25,5200
2026-02-12 14:36:00,14:36:00,12.55,12.6,12.45,12.45,5330
2026-02-12 14:37:00,14:37:00,11.2,11.45,11.15,11.35,203580
2026-02-12 14:38:00,14:38:00,11.35,11.6,11.3,11.5,70915
2026-02-12 14:39:00,14:39:00,11.45,11.65,11.4,11.55,23920
2026-02-12 14:40:00,14:40:00,11.6,11.65,11.4,11.45,19045
2026-02-12 14:41:00,14:41:00,11.45,11.7,11.45,11.5,23140
2026-02-12 14:42:00,14:42:00,11.5,11.7,11.45,11.65,26260
2026-02-12 14:43:00,14:43:00,11.7,12.1,11.6,12.05,43680
2026-02-12 14:44:00,14:44:00,12.05,12.65,12.05,12.15,111930
2026-02-12 14:45:00,14:45:00,12.2,12.4,11.95,12.4,94510
2026-02-12 14:46:00,14:46:00,12.4,12.75,12.15,12.5,101920
2026-02-12 14:47:00,14:47:00,11.45,12.75,11.35,12.75,180050
2026-02-12 14:48:00,14:48:00,12.5,13.35,12.35,13.0,120380
2026-02-12 14:49:00,14:49:00,13.0,13.95,13.0,13.65,144235
2026-02-12 14:50:00,14:50:00,13.5,15.05,13.5,13.8,179530
2026-02-12 14:51:00,14:51:00,13.75,14.7,13.75,14.6,107250
2026-02-12 14:52:00,14:52:00,14.75,14.95,14.35,14.5,79690
2026-02-12 14:53:00,14:53:00,14.65,15.2,13.95,14.15,96785
2026-02-12 14:54:00,14:54:00,15.8,15.8,15.25,15.45,181350
2026-02-12 14:55:00,14:55:00,15.4,15.5,14.65,15.5,113945
2026-02-12 14:56:00,14:56:00,15.35,15.5,14.85,15.1,153595
2026-02-12 14:57:00,14:57:00,15.15,15.2,14.6,14.85,71435
2026-02-12 14:58:00,14:58:00,15.05,15.05,14.45,14.45,39780
2026-02-12 14:59:00,14:59:00,14.5,14.6,14.15,14.5,71695
2026-02-12 15:00:00,15:00:00,14.0,14.5,13.4,13.4,261105
2026-02-12 15:01:00,15:01:00,13.15,13.65,12.95,13.0,168285
2026-02-12 15:02:00,15:02:00,12.95,13.0,12.35,12.35,167505
2026-02-12 15:03:00,15:03:00,13.85,14.05,13.65,13.7,109135
2026-02-12 15:04:00,15:04:00,12.1,12.1,11.75,12.05,276250
2026-02-12 15:05:00,15:05:00,12.1,12.45,12.0,12.35,184210
2026-02-12 15:06:00,15:06:00,12.4,12.65,12.25,12.4,110110
2026-02-12 15:07:00,15:07:00,12.5,12.75,12.25,12.65,102570
2026-02-12 15:08:00,15:08:00,12.7,12.7,12.1,12.1,93990
2026-02-12 15:09:00,15:09:00,12.05,12.2,11.95,12.15,93275
2026-02-12 15:10:00,15:10:00,12.2,12.4,12.1,12.1,59540
2026-02-12 15:11:00,15:11:00,12.2,12.2,11.95,12.1,44980
2026-02-12 15:12:00,15:12:00,12.15,12.15,11.8,11.9,78975
2026-02-12 15:13:00,15:13:00,11.85,11.9,11.7,11.8,99190
2026-02-12 15:14:00,15:14:00,11.75,11.8,11.65,11.65,58500
2026-02-12 15:15:00,15:15:00,11.8,12.0,11.6,11.75,186030
2026-02-12 15:16:00,15:16:00,11.75,11.75,11.4,11.5,182130
2026-02-12 15:17:00,15:17:00,11.5,11.95,11.25,11.95,138515
2026-02-12 15:18:00,15:18:00,12.0,12.0,11.45,11.8,172445
2026-02-12 15:19:00,15:19:00,11.8,11.85,11.45,11.5,98280
2026-02-12 15:20:00,15:20:00,11.5,11.55,11.35,11.5,121810
2026-02-12 15:21:00,15:21:00,11.55,11.6,11.25,11.3,160875
2026-02-12 15:22:00,15:22:00,11.35,11.35,10.8,10.95,187785
2026-02-12 15:23:00,15:23:00,11.0,11.1,10.9,11.1,210015
2026-02-12 15:24:00,15:24:00,11.0,11.1,10.75,11.1,219245
2026-02-12 15:25:00,15:25:00,11.05,11.1,10.85,10.9,187655
2026-02-12 15:26:00,15:26:00,10.95,11.0,10.6,10.65,210015
2026-02-12 15:27:00,15:27:00,10.85,10.9,10.35,10.35,286000
2026-02-12 15:28:00,15:28:00,10.45,10.65,10.35,10.55,308230
2026-02-12 15:29:00,15:29:00,10.55,10.9,10.45,10.85,440895
2026-02-13 09:15:00,09:15:00,149.0,214.45,148.95,213.5,3772665
2026-02-13 09:16:00,09:16:00,213.65,231.4,212.25,212.25,1608360
2026-02-13 09:17:00,09:17:00,214.1,217.85,207.0,211.5,703300
2026-02-13 09:18:00,09:18:00,211.25,211.65,196.4,204.65,637455
2026-02-13 09:19:00,09:19:00,205.75,217.6,204.5,211.5,661180
2026-02-13 09:20:00,09:20:00,213.05,222.4,211.15,211.15,712595
2026-02-13 09:21:00,09:21:00,211.35,221.2,210.5,218.3,442455
2026-02-13 09:22:00,09:22:00,217.75,226.65,214.45,224.95,661375
2026-02-13 09:23:00,09:23:00,224.35,224.95,214.55,216.6,401245
2026-02-13 09:24:00,09:24:00,215.8,217.85,210.25,212.3,291590
2026-02-13 09:25:00,09:25:00,211.85,217.7,211.1,217.7,265265
2026-02-13 09:26:00,09:26:00,217.3,223.35,209.45,221.9,332215
2026-02-13 09:27:00,09:27:00,221.55,222.8,215.45,217.7,219310
2026-02-13 09:28:00,09:28:00,217.45,221.55,216.0,220.8,172640
2026-02-13 09:29:00,09:29:00,220.0,227.0,219.95,225.6,310700
2026-02-13 09:30:00,09:30:00,188.45,201.9,187.3,200.15,621010
2026-02-13 09:31:00,09:31:00,199.6,200.3,193.05,200.0,234975
2026-02-13 09:32:00,09:32:00,201.25,207.85,200.0,204.75,393770
2026-02-13 09:33:00,09:33:00,206.35,206.35,199.95,204.65,190775
2026-02-13 09:34:00,09:34:00,203.9,216.85,203.9,210.2,393900
2026-02-13 09:35:00,09:35:00,209.45,214.25,207.95,208.7,238550
2026-02-13 09:36:00,09:36:00,207.5,218.65,207.5,218.65,248300
2026-02-13 09:37:00,09:37:00,218.7,218.7,213.8,215.65,189735
2026-02-13 09:38:00,09:38:00,215.0,215.65,212.2,215.6,75400
2026-02-13 09:39:00,09:39:00,215.8,221.7,215.6,217.5,184795
2026-02-13 09:40:00,09:40:00,216.0,233.45,215.65,223.15,332345
2026-02-13 09:41:00,09:41:00,224.4,224.4,213.3,213.65,207155
2026-02-13 09:42:00,09:42:00,212.45,216.7,208.1,211.95,201045
2026-02-13 09:43:00,09:43:00,211.75,211.95,206.5,206.7,108745
2026-02-13 09:44:00,09:44:00,206.5,213.35,205.15,207.6,83720
2026-02-13 09:45:00,09:45:00,208.3,212.0,205.95,207.45,88010
2026-02-13 09:46:00,09:46:00,206.55,214.55,205.3,208.05,87620
2026-02-13 09:47:00,09:47:00,208.65,216.9,208.0,215.5,77805
2026-02-13 09:48:00,09:48:00,215.95,216.7,209.55,215.25,113230
2026-02-13 09:49:00,09:49:00,215.7,222.6,213.6,221.0,161135
2026-02-13 09:50:00,09:50:00,220.9,222.2,216.5,220.4,102050
2026-02-13 09:51:00,09:51:00,220.25,222.55,213.0,214.5,101855
2026-02-13 09:52:00,09:52:00,213.7,214.5,208.4,211.55,86450
2026-02-13 09:53:00,09:53:00,210.85,211.55,202.5,205.55,90545
2026-02-13 09:54:00,09:54:00,205.65,211.95,203.4,211.55,98345
2026-02-13 09:55:00,09:55:00,211.85,215.55,209.15,214.7,102505
2026-02-13 09:56:00,09:56:00,216.0,225.65,214.7,220.5,184275
2026-02-13 09:57:00,09:57:00,220.7,225.2,218.0,218.55,106080
2026-02-13 09:58:00,09:58:00,218.2,221.95,214.75,219.0,73190
2026-02-13 09:59:00,09:59:00,218.15,221.45,214.85,220.4,52650
2026-02-13 10:00:00,10:00:00,219.75,221.1,214.3,216.05,67925
2026-02-13 10:01:00,10:01:00,216.5,217.15,210.35,211.25,46085
2026-02-13 10:02:00,10:02:00,210.9,218.6,210.6,216.6,49400
2026-02-13 10:03:00,10:03:00,216.2,219.0,211.4,213.45,49595
2026-02-13 10:04:00,10:04:00,213.7,216.1,208.6,208.6,79430
2026-02-13 10:05:00,10:05:00,208.6,214.95,208.35,214.15,56355
2026-02-13 10:06:00,10:06:00,213.6,219.1,213.25,217.8,56745
2026-02-13 10:07:00,10:07:00,218.1,219.8,213.15,216.8,51675
2026-02-13 10:08:00,10:08:00,217.55,221.45,214.7,218.25,59995
2026-02-13 10:09:00,10:09:00,218.55,222.3,217.35,217.9,68315
2026-02-13 10:10:00,10:10:00,219.5,222.45,217.8,220.9,48815
2026-02-13 10:11:00,10:11:00,221.0,221.65,217.2,219.2,38545
2026-02-13 10:12:00,10:12:00,219.1,219.85,210.85,211.5,59865
2026-02-13 10:13:00,10:13:00,211.75,219.85,211.2,219.1,51545
2026-02-13 10:14:00,10:14:00,219.45,223.2,216.1,222.1,115635
2026-02-13 10:15:00,10:15:00,221.65,228.65,221.6,222.4,189345
2026-02-13 10:16:00,10:16:00,185.05,189.9,184.35,188.65,232635
2026-02-13 10:17:00,10:17:00,187.5,198.1,187.5,192.75,730275
2026-02-13 10:18:00,10:18:00,230.65,232.15,222.8,225.35,75335
2026-02-13 10:19:00,10:19:00,225.1,227.3,222.0,224.8,64480
2026-02-13 10:20:00,10:20:00,225.55,227.35,217.85,220.05,72930
2026-02-13 10:21:00,10:21:00,220.7,226.6,220.05,222.55,52585
2026-02-13 10:22:00,10:22:00,223.15,226.45,222.15,224.25,24310
2026-02-13 10:23:00,10:23:00,224.0,224.3,216.0,217.05,49920
2026-02-13 10:24:00,10:24:00,216.4,218.55,214.55,217.3,40235
2026-02-13 10:25:00,10:25:00,217.15,218.65,213.15,215.55,36010
2026-02-13 10:26:00,10:26:00,214.4,217.35,212.6,213.55,26910
2026-02-13 10:27:00,10:27:00,212.15,217.15,212.15,212.2,76505
2026-02-13 10:28:00,10:28:00,211.45,217.15,211.45,216.6,36270
2026-02-13 10:29:00,10:29:00,216.45,217.2,212.7,215.85,27560
2026-02-13 10:30:00,10:30:00,214.2,215.85,208.05,211.05,76635
2026-02-13 10:31:00,10:31:00,211.7,215.0,209.3,209.45,46475
2026-02-13 10:32:00,10:32:00,209.9,211.05,206.7,208.6,99060
2026-02-13 10:33:00,10:33:00,209.05,211.3,204.8,206.0,98345
2026-02-13 10:34:00,10:34:00,205.5,206.0,200.8,203.65,113230
2026-02-13 10:35:00,10:35:00,203.95,206.55,198.45,202.8,146640
2026-02-13 10:36:00,10:36:00,202.05,207.3,201.35,203.1,106405
2026-02-13 10:37:00,10:37:00,202.4,205.0,197.5,199.6,102375
2026-02-13 10:38:00,10:38:00,199.65,202.25,198.0,198.4,47905
2026-02-13 10:39:00,10:39:00,238.05,238.3,231.3,234.05,180895
2026-02-13 10:40:00,10:40:00,234.15,236.95,232.65,232.75,111280
2026-02-13 10:41:00,10:41:00,193.55,200.45,193.55,200.45,82225
2026-02-13 10:42:00,10:42:00,240.5,241.95,230.5,232.05,167570
2026-02-13 10:43:00,10:43:00,232.65,233.5,229.8,233.15,94380
2026-02-13 10:44:00,10:44:00,194.1,200.4,193.0,199.45,99060
2026-02-13 10:45:00,10:45:00,199.3,203.75,198.1,203.75,83980
2026-02-13 10:46:00,10:46:00,203.45,206.8,199.85,200.55,134420
2026-02-13 10:47:00,10:47:00,200.8,207.2,200.55,205.2,60320
2026-02-13 10:48:00,10:48:00,205.3,206.8,202.1,203.0,40755
2026-02-13 10:49:00,10:49:00,203.55,211.1,203.0,211.1,84110
2026-02-13 10:50:00,10:50:00,211.4,219.35,211.1,212.7,228865
2026-02-13 10:51:00,10:51:00,213.2,213.2,207.75,209.0,87230
2026-02-13 10:52:00,10:52:00,206.6,208.8,203.45,203.45,87815
2026-02-13 10:53:00,10:53:00,202.45,209.65,202.1,209.65,54795
2026-02-13 10:54:00,10:54:00,209.85,210.45,205.55,206.65,49595
2026-02-13 10:55:00,10:55:00,206.0,208.35,201.15,201.55,60515
2026-02-13 10:56:00,10:56:00,201.25,202.6,196.35,197.65,84695
2026-02-13 10:57:00,10:57:00,198.6,204.0,196.8,202.75,48165
2026-02-13 10:58:00,10:58:00,202.5,205.65,200.75,204.75,75660
2026-02-13 10:59:00,10:59:00,204.0,207.85,203.65,207.65,52910
2026-02-13 11:00:00,11:00:00,207.6,211.05,205.85,206.0,107835
2026-02-13 11:01:00,11:01:00,205.35,210.4,205.05,209.6,61100
2026-02-13 11:02:00,11:02:00,210.05,218.0,209.6,215.2,147810
2026-02-13 11:03:00,11:03:00,215.9,216.15,210.35,211.05,65910
2026-02-13 11:04:00,11:04:00,210.65,217.5,210.45,216.95,99710
2026-02-13 11:05:00,11:05:00,216.35,218.9,215.25,217.1,73515
2026-02-13 11:06:00,11:06:00,217.95,218.5,214.25,215.1,63635
2026-02-13 11:07:00,11:07:00,217.1,219.5,215.1,218.2,36920
2026-02-13 11:08:00,11:08:00,218.85,219.9,214.7,217.5,83135
2026-02-13 11:09:00,11:09:00,218.05,221.65,216.6,219.15,47710
2026-02-13 11:10:00,11:10:00,219.35,219.35,214.6,216.85,70590
2026-02-13 11:11:00,11:11:00,216.15,218.35,214.0,217.2,24180
2026-02-13 11:12:00,11:12:00,217.45,218.5,214.9,215.65,49465
2026-02-13 11:13:00,11:13:00,215.0,216.85,213.0,213.7,26845
2026-02-13 11:14:00,11:14:00,214.05,215.0,209.1,209.55,48490
2026-02-13 11:15:00,11:15:00,209.5,214.35,207.5,213.2,63440
2026-02-13 11:16:00,11:16:00,212.35,218.0,211.95,216.8,62595
2026-02-13 11:17:00,11:17:00,217.95,226.45,216.8,226.3,144040
2026-02-13 11:18:00,11:18:00,226.0,228.9,223.45,227.65,113750
2026-02-13 11:19:00,11:19:00,227.45,228.95,224.75,225.7,98215
2026-02-13 11:20:00,11:20:00,226.05,227.25,224.5,225.05,32760
2026-02-13 11:21:00,11:21:00,225.8,226.0,221.65,223.6,65130
2026-02-13 11:22:00,11:22:00,224.1,228.25,223.5,226.45,58305
2026-02-13 11:23:00,11:23:00,225.55,229.05,224.4,226.0,50505
2026-02-13 11:24:00,11:24:00,225.7,228.7,224.55,224.9,33930
2026-02-13 11:25:00,11:25:00,225.25,225.25,222.95,223.5,47125
2026-02-13 11:26:00,11:26:00,223.6,226.05,217.0,217.4,113165
2026-02-13 11:27:00,11:27:00,217.55,220.35,216.35,218.7,37765
2026-02-13 11:28:00,11:28:00,219.1,222.3,216.85,220.3,37830
2026-02-13 11:29:00,11:29:00,218.8,220.65,214.8,216.7,26455
2026-02-13 11:30:00,11:30:00,216.55,227.75,215.65,226.85,86190
2026-02-13 11:31:00,11:31:00,227.65,228.85,220.45,221.35,84240
2026-02-13 11:32:00,11:32:00,221.5,228.0,221.3,225.6,52520
2026-02-13 11:33:00,11:33:00,226.65,226.65,219.3,223.75,76960
2026-02-13 11:34:00,11:34:00,223.45,229.6,223.45,228.75,62660
2026-02-13 11:35:00,11:35:00,229.65,229.65,224.85,225.15,64675
2026-02-13 11:36:00,11:36:00,225.3,229.1,224.4,228.0,35360
2026-02-13 11:37:00,11:37:00,227.15,228.0,224.45,225.2,53625
2026-02-13 11:38:00,11:38:00,224.25,228.3,223.35,228.3,39130
2026-02-13 11:39:00,11:39:00,228.95,229.35,225.65,227.9,42835
2026-02-13 11:40:00,11:40:00,228.15,228.55,225.5,228.55,38090
2026-02-13 11:41:00,11:41:00,229.0,233.05,227.0,227.0,106340
2026-02-13 11:42:00,11:42:00,227.7,228.85,223.25,225.15,31070
2026-02-13 11:43:00,11:43:00,225.0,225.6,221.2,222.75,32110
2026-02-13 11:44:00,11:44:00,222.05,222.75,213.5,214.6,77740
2026-02-13 11:45:00,11:45:00,212.85,219.0,212.4,215.6,63830
2026-02-13 11:46:00,11:46:00,215.1,218.55,214.5,218.55,57460
2026-02-13 11:47:00,11:47:00,218.2,219.2,215.1,215.7,34905
2026-02-13 11:48:00,11:48:00,217.45,218.55,214.1,218.55,40300
2026-02-13 11:49:00,11:49:00,218.25,220.8,215.05,216.0,60450
2026-02-13 11:50:00,11:50:00,216.45,218.8,215.0,215.0,20150
2026-02-13 11:51:00,11:51:00,215.75,216.0,211.95,214.5,60125
2026-02-13 11:52:00,11:52:00,214.9,217.65,214.3,215.65,37375
2026-02-13 11:53:00,11:53:00,215.0,216.15,212.5,214.05,44850
2026-02-13 11:54:00,11:54:00,212.4,216.2,211.7,215.95,25675
2026-02-13 11:55:00,11:55:00,216.0,218.75,212.9,213.0,57785
2026-02-13 11:56:00,11:56:00,212.75,216.0,211.2,214.3,43225
2026-02-13 11:57:00,11:57:00,214.3,215.7,211.25,212.55,11180
2026-02-13 11:58:00,11:58:00,211.95,213.3,209.2,213.3,52780
2026-02-13 11:59:00,11:59:00,212.0,215.0,210.0,210.0,33540
2026-02-13 12:00:00,12:00:00,208.9,211.5,205.8,210.65,63505
2026-02-13 12:01:00,12:01:00,210.45,211.25,208.3,209.8,18980
2026-02-13 12:02:00,12:02:00,210.65,210.65,203.2,203.95,83980
2026-02-13 12:03:00,12:03:00,204.6,206.75,203.1,204.55,41795
2026-02-13 12:04:00,12:04:00,205.05,213.35,204.55,209.85,45045
2026-02-13 12:05:00,12:05:00,208.5,209.85,206.7,207.55,36400
2026-02-13 12:06:00,12:06:00,206.95,207.85,199.35,200.0,62530
2026-02-13 12:07:00,12:07:00,199.8,206.15,199.8,204.4,48750
2026-02-13 12:08:00,12:08:00,204.0,205.65,203.0,205.55,27560
2026-02-13 12:09:00,12:09:00,204.0,205.85,199.7,205.85,61165
2026-02-13 12:10:00,12:10:00,206.4,208.75,205.35,207.1,49530
2026-02-13 12:11:00,12:11:00,207.05,207.1,200.35,204.45,38090
2026-02-13 12:12:00,12:12:00,203.8,207.6,200.95,206.1,47580
2026-02-13 12:13:00,12:13:00,205.65,206.8,203.3,205.1,42380
2026-02-13 12:14:00,12:14:00,205.15,206.8,201.8,203.45,21710
2026-02-13 12:15:00,12:15:00,202.1,207.0,201.55,207.0,56550
2026-02-13 12:16:00,12:16:00,206.65,208.5,205.1,208.0,51350
2026-02-13 12:17:00,12:17:00,207.4,211.4,206.05,209.95,69420
2026-02-13 12:18:00,12:18:00,209.3,209.95,204.2,206.05,78520
2026-02-13 12:19:00,12:19:00,205.8,207.5,201.9,201.9,28210
2026-02-13 12:20:00,12:20:00,241.6,244.55,239.3,239.45,96525
2026-02-13 12:21:00,12:21:00,200.6,203.3,199.25,201.35,36140
2026-02-13 12:22:00,12:22:00,240.0,242.6,239.1,240.9,29835
2026-02-13 12:23:00,12:23:00,200.35,202.2,198.8,201.55,24700
2026-02-13 12:24:00,12:24:00,240.75,241.2,236.35,238.6,112775
2026-02-13 12:25:00,12:25:00,238.3,240.35,236.75,237.15,27040
2026-02-13 12:26:00,12:26:00,236.55,237.45,231.45,233.1,169455
2026-02-13 12:27:00,12:27:00,233.35,233.9,218.45,219.45,236405
2026-02-13 12:28:00,12:28:00,220.7,228.4,219.45,228.4,158925
2026-02-13 12:29:00,12:29:00,228.35,232.9,227.95,231.25,112970
2026-02-13 12:30:00,12:30:00,231.85,236.55,229.85,234.15,166270
2026-02-13 12:31:00,12:31:00,233.3,235.25,230.1,233.0,89310
2026-02-13 12:32:00,12:32:00,232.6,236.0,230.85,230.85,80730
2026-02-13 12:33:00,12:33:00,230.45,233.55,228.55,230.0,84955
2026-02-13 12:34:00,12:34:00,229.55,230.0,216.6,221.05,198965
2026-02-13 12:35:00,12:35:00,220.85,225.6,220.85,224.5,99190
2026-02-13 12:36:00,12:36:00,224.65,229.85,224.5,228.7,98735
2026-02-13 12:37:00,12:37:00,228.9,234.6,227.7,228.4,143650
2026-02-13 12:38:00,12:38:00,227.3,230.15,226.2,229.25,43290
2026-02-13 12:39:00,12:39:00,229.1,231.25,225.0,225.5,36725
2026-02-13 12:40:00,12:40:00,226.05,230.7,225.5,229.3,85280
2026-02-13 12:41:00,12:41:00,229.6,236.0,228.0,235.85,110825
2026-02-13 12:42:00,12:42:00,236.45,236.45,229.0,231.05,109720
2026-02-13 12:43:00,12:43:00,231.1,234.55,231.05,231.7,51675
2026-02-13 12:44:00,12:44:00,231.55,232.75,229.4,232.25,43095
2026-02-13 12:45:00,12:45:00,232.2,233.2,228.6,229.2,73255
2026-02-13 12:46:00,12:46:00,228.0,229.2,221.05,225.5,152295
2026-02-13 12:47:00,12:47:00,225.3,231.85,225.3,231.6,90285
2026-02-13 12:48:00,12:48:00,231.5,238.55,231.4,235.0,159510
2026-02-13 12:49:00,12:49:00,195.7,201.65,194.0,199.85,134875
2026-02-13 12:50:00,12:50:00,199.7,207.05,199.7,204.35,211315
2026-02-13 12:51:00,12:51:00,204.65,204.65,198.4,201.2,97695
2026-02-13 12:52:00,12:52:00,202.0,204.9,201.2,204.75,58955
2026-02-13 12:53:00,12:53:00,204.45,208.0,201.3,208.0,104325
2026-02-13 12:54:00,12:54:00,207.3,209.7,206.65,208.2,132665
2026-02-13 12:55:00,12:55:00,208.35,212.6,206.45,212.3,84760
2026-02-13 12:56:00,12:56:00,212.0,214.4,210.35,212.85,141050
2026-02-13 12:57:00,12:57:00,213.0,213.75,207.1,207.5,80730
2026-02-13 12:58:00,12:58:00,206.35,213.0,204.7,211.35,86190
2026-02-13 12:59:00,12:59:00,211.45,216.1,210.5,214.0,101205
2026-02-13 13:00:00,13:00:00,213.5,215.0,208.35,212.6,54600
2026-02-13 13:01:00,13:01:00,212.1,217.4,210.5,214.9,90480
2026-02-13 13:02:00,13:02:00,215.95,221.7,214.75,220.9,103545
2026-02-13 13:03:00,13:03:00,220.55,225.35,219.8,220.1,119665
2026-02-13 13:04:00,13:04:00,219.75,222.0,217.95,218.2,40235
2026-02-13 13:05:00,13:05:00,219.05,221.65,217.2,218.85,40820
2026-02-13 13:06:00,13:06:00,218.5,222.45,218.5,220.9,41730
2026-02-13 13:07:00,13:07:00,221.45,222.95,220.0,220.0,30290
2026-02-13 13:08:00,13:08:00,218.45,220.0,215.45,216.3,58955
2026-02-13 13:09:00,13:09:00,215.85,216.3,211.75,212.1,53495
2026-02-13 13:10:00,13:10:00,211.8,215.35,210.65,213.5,42510
2026-02-13 13:11:00,13:11:00,212.85,213.5,204.4,204.75,71695
2026-02-13 13:12:00,13:12:00,204.35,206.3,199.95,203.6,75010
2026-02-13 13:13:00,13:13:00,203.3,204.4,201.05,203.85,39520
2026-02-13 13:14:00,13:14:00,204.5,206.0,200.1,200.1,57655
2026-02-13 13:15:00,13:15:00,240.05,240.6,234.1,237.25,184535
2026-02-13 13:16:00,13:16:00,196.6,203.9,195.75,201.3,62010
2026-02-13 13:17:00,13:17:00,202.5,203.0,200.0,201.0,53105
2026-02-13 13:18:00,13:18:00,241.15,242.0,235.1,235.1,94315
2026-02-13 13:19:00,13:19:00,234.5,235.8,231.65,233.85,80275
2026-02-13 13:20:00,13:20:00,195.1,202.0,193.15,201.8,84630
2026-02-13 13:21:00,13:21:00,202.0,203.95,200.7,202.65,59605
2026-02-13 13:22:00,13:22:00,202.25,205.0,201.5,203.15,43940
2026-02-13 13:23:00,13:23:00,204.0,215.0,203.15,211.85,156065
2026-02-13 13:24:00,13:24:00,211.6,212.75,208.6,212.5,53625
2026-02-13 13:25:00,13:25:00,213.0,216.9,211.1,214.6,97630
2026-02-13 13:26:00,13:26:00,214.65,217.7,212.9,216.4,58500
2026-02-13 13:27:00,13:27:00,216.85,217.0,212.65,213.9,47320
2026-02-13 13:28:00,13:28:00,212.75,214.1,209.9,209.9,45435
2026-02-13 13:29:00,13:29:00,210.5,214.3,207.35,214.1,45435
2026-02-13 13:30:00,13:30:00,214.6,215.9,210.05,213.25,34970
2026-02-13 13:31:00,13:31:00,212.4,216.6,211.6,216.4,60450
2026-02-13 13:32:00,13:32:00,216.15,220.7,215.9,218.35,100555
2026-02-13 13:33:00,13:33:00,219.05,219.05,212.0,212.95,84695
2026-02-13 13:34:00,13:34:00,212.85,216.4,212.1,215.2,22425
2026-02-13 13:35:00,13:35:00,214.8,215.2,211.8,214.15,27105
2026-02-13 13:36:00,13:36:00,214.45,215.0,210.2,210.2,28730
2026-02-13 13:37:00,13:37:00,210.25,210.45,204.95,206.45,68445
2026-02-13 13:38:00,13:38:00,206.95,214.5,206.45,214.1,37440
2026-02-13 13:39:00,13:39:00,213.0,215.35,211.35,212.7,39390
2026-02-13 13:40:00,13:40:00,213.2,214.65,209.3,212.3,22100
2026-02-13 13:41:00,13:41:00,212.2,214.25,209.35,209.35,14300
2026-02-13 13:42:00,13:42:00,209.7,210.25,207.3,209.0,25675
2026-02-13 13:43:00,13:43:00,209.45,216.0,209.0,215.0,38545
2026-02-13 13:44:00,13:44:00,215.25,218.65,213.7,218.25,32955
2026-02-13 13:45:00,13:45:00,218.35,221.0,217.5,221.0,62855
2026-02-13 13:46:00,13:46:00,221.15,229.7,219.05,226.0,94640
2026-02-13 13:47:00,13:47:00,188.4,200.05,186.95,200.05,799760
2026-02-13 13:48:00,13:48:00,201.45,201.75,192.5,197.7,538785
2026-02-13 13:49:00,13:49:00,198.35,212.9,197.7,206.0,805870
2026-02-13 13:50:00,13:50:00,208.95,210.0,203.3,209.05,270075
2026-02-13 13:51:00,13:51:00,209.2,217.65,206.4,215.0,491855
2026-02-13 13:52:00,13:52:00,216.0,216.2,204.45,205.65,356070
2026-02-13 13:53:00,13:53:00,206.5,214.1,205.65,209.3,279240
2026-02-13 13:54:00,13:54:00,209.6,210.45,205.0,205.0,147485
2026-02-13 13:55:00,13:55:00,205.25,205.35,197.65,202.5,338130
2026-02-13 13:56:00,13:56:00,202.2,203.45,199.35,202.2,184210
2026-02-13 13:57:00,13:57:00,242.1,242.2,234.85,239.05,32565
2026-02-13 13:58:00,13:58:00,238.0,240.7,233.5,234.75,36660
2026-02-13 13:59:00,13:59:00,194.95,199.55,192.6,198.55,134875
2026-02-13 14:00:00,14:00:00,198.45,203.1,196.35,202.05,298545
2026-02-13 14:01:00,14:01:00,202.7,206.65,201.9,206.65,270725
2026-02-13 14:02:00,14:02:00,246.35,246.35,234.8,234.85,52325
2026-02-13 14:03:00,14:03:00,235.65,238.8,233.05,234.9,32435
2026-02-13 14:04:00,14:04:00,234.8,237.4,232.5,237.4,25805
2026-02-13 14:05:00,14:05:00,237.5,238.7,228.85,232.15,69290
2026-02-13 14:06:00,14:06:00,232.05,234.6,227.6,234.6,37050
2026-02-13 14:07:00,14:07:00,235.15,238.15,234.0,235.2,52910
2026-02-13 14:08:00,14:08:00,196.7,205.45,195.1,204.0,240110
2026-02-13 14:09:00,14:09:00,204.2,206.15,201.4,203.35,192010
2026-02-13 14:10:00,14:10:00,202.9,205.8,201.9,203.0,167505
2026-02-13 14:11:00,14:11:00,241.75,243.0,232.6,236.5,44330
2026-02-13 14:12:00,14:12:00,235.95,238.55,233.55,234.9,31200
2026-02-13 14:13:00,14:13:00,234.25,238.0,232.55,234.65,13065
2026-02-13 14:14:00,14:14:00,235.25,236.0,231.45,231.45,20475
2026-02-13 14:15:00,14:15:00,230.85,234.6,228.85,234.0,39195
2026-02-13 14:16:00,14:16:00,233.2,234.0,230.0,231.8,17875
2026-02-13 14:17:00,14:17:00,232.1,236.2,231.0,233.05,22750
2026-02-13 14:18:00,14:18:00,233.7,235.55,231.75,234.65,27235
2026-02-13 14:19:00,14:19:00,234.75,237.4,233.85,234.35,25870
2026-02-13 14:20:00,14:20:00,234.45,234.85,230.7,231.65,21580
2026-02-13 14:21:00,14:21:00,192.45,200.3,192.2,200.3,149760
2026-02-13 14:22:00,14:22:00,200.4,202.5,197.95,202.0,201760
2026-02-13 14:23:00,14:23:00,201.0,203.7,199.2,200.35,187525
2026-02-13 14:24:00,14:24:00,239.25,240.15,233.5,233.5,20995
2026-02-13 14:25:00,14:25:00,233.9,234.2,229.2,230.8,33020
2026-02-13 14:26:00,14:26:00,231.0,233.7,228.5,233.15,23790
2026-02-13 14:27:00,14:27:00,232.6,233.9,231.65,233.0,11050
2026-02-13 14:28:00,14:28:00,233.5,234.65,228.65,229.3,18785
2026-02-13 14:29:00,14:29:00,229.0,233.6,228.9,232.85,10530
2026-02-13 14:30:00,14:30:00,231.25,236.5,229.65,235.2,24050
2026-02-13 14:31:00,14:31:00,234.25,238.0,233.1,234.6,33280
2026-02-13 14:32:00,14:32:00,233.8,238.8,233.1,238.35,22100
2026-02-13 14:33:00,14:33:00,201.7,203.0,199.45,202.05,183820
2026-02-13 14:34:00,14:34:00,202.1,211.2,200.4,209.9,288795
2026-02-13 14:35:00,14:35:00,208.15,209.9,202.3,206.55,246480
2026-02-13 14:36:00,14:36:00,205.8,215.3,204.5,215.3,218335
2026-02-13 14:37:00,14:37:00,213.7,216.5,210.4,215.3,364715
2026-02-13 14:38:00,14:38:00,215.3,219.85,210.7,210.7,450060
2026-02-13 14:39:00,14:39:00,210.55,210.7,200.3,205.8,346060
2026-02-13 14:40:00,14:40:00,205.0,212.8,205.0,208.3,265330
2026-02-13 14:41:00,14:41:00,207.95,213.0,204.5,212.25,199875
2026-02-13 14:42:00,14:42:00,210.9,213.9,206.85,206.85,155610
2026-02-13 14:43:00,14:43:00,206.8,207.2,204.1,207.0,165425
2026-02-13 14:44:00,14:44:00,206.8,210.05,205.5,209.95,93795
2026-02-13 14:45:00,14:45:00,209.7,209.95,206.45,208.4,111150
2026-02-13 14:46:00,14:46:00,207.3,212.55,207.0,209.0,112970
2026-02-13 14:47:00,14:47:00,208.75,211.55,207.4,209.65,122525
2026-02-13 14:48:00,14:48:00,208.75,212.0,206.65,207.5,117325
2026-02-13 14:49:00,14:49:00,207.6,214.4,207.3,211.2,124540
2026-02-13 14:50:00,14:50:00,211.15,213.55,207.35,211.2,104325
2026-02-13 14:51:00,14:51:00,211.0,212.0,206.9,207.2,122590
2026-02-13 14:52:00,14:52:00,206.75,207.55,204.3,206.35,131105
2026-02-13 14:53:00,14:53:00,206.85,208.45,205.45,206.05,117065
2026-02-13 14:54:00,14:54:00,206.35,209.2,204.6,208.8,149370
2026-02-13 14:55:00,14:55:00,208.8,209.6,207.1,207.25,54990
2026-02-13 14:56:00,14:56:00,207.0,208.2,201.75,204.9,156065
2026-02-13 14:57:00,14:57:00,205.2,205.5,202.35,203.9,98540
2026-02-13 14:58:00,14:58:00,203.0,206.6,200.15,203.7,176670
2026-02-13 14:59:00,14:59:00,203.2,206.75,201.3,206.65,116805
2026-02-13 15:00:00,15:00:00,203.0,235.9,202.8,231.55,881790
2026-02-13 15:01:00,15:01:00,231.05,239.65,227.9,235.2,591760
2026-02-13 15:02:00,15:02:00,233.7,235.2,221.8,222.0,330200
2026-02-13 15:03:00,15:03:00,220.95,227.2,220.2,223.65,241800
2026-02-13 15:04:00,15:04:00,223.65,231.5,223.3,230.1,206440
2026-02-13 15:05:00,15:05:00,230.3,236.5,228.45,236.35,314145
2026-02-13 15:06:00,15:06:00,236.85,246.0,235.65,241.85,440310
2026-02-13 15:07:00,15:07:00,241.9,250.15,239.6,248.65,262470
2026-02-13 15:08:00,15:08:00,246.75,248.8,242.95,247.5,163085
2026-02-13 15:09:00,15:09:00,247.9,252.8,242.1,242.1,225550
2026-02-13 15:10:00,15:10:00,244.05,244.55,238.1,242.0,195390
2026-02-13 15:11:00,15:11:00,241.6,242.8,239.15,239.9,69745
2026-02-13 15:12:00,15:12:00,239.7,247.25,239.65,245.1,154310
2026-02-13 15:13:00,15:13:00,244.85,245.75,240.6,241.5,55380
2026-02-13 15:14:00,15:14:00,240.35,242.45,238.4,241.75,91845
2026-02-13 15:15:00,15:15:00,241.0,241.75,234.2,235.55,168025
2026-02-13 15:16:00,15:16:00,234.65,239.6,231.75,239.05,104650
2026-02-13 15:17:00,15:17:00,200.75,202.8,197.85,202.2,127400
2026-02-13 15:18:00,15:18:00,238.6,239.9,231.05,235.4,120120
2026-02-13 15:19:00,15:19:00,235.4,235.4,228.95,229.75,158795
2026-02-13 15:20:00,15:20:00,229.75,232.8,226.2,231.85,176995
2026-02-13 15:21:00,15:21:00,231.8,237.9,231.8,237.9,138775
2026-02-13 15:22:00,15:22:00,235.8,239.9,235.8,238.3,103285
2026-02-13 15:23:00,15:23:00,201.4,211.7,201.3,206.65,176930
2026-02-13 15:24:00,15:24:00,207.2,211.85,206.65,211.7,137540
2026-02-13 15:25:00,15:25:00,210.8,216.5,208.45,216.5,157300
2026-02-13 15:26:00,15:26:00,216.25,251.6,215.6,247.05,239720
2026-02-13 15:27:00,15:27:00,248.2,250.45,239.55,250.45,283595
2026-02-13 15:28:00,15:28:00,250.4,250.45,240.15,241.15,115960
2026-02-13 15:29:00,15:29:00,241.85,244.85,234.9,244.65,77610
2026-02-16 09:15:00,09:15:00,282.0,317.55,273.3,293.7,273845
2026-02-16 09:16:00,09:16:00,296.35,296.35,262.45,273.8,205270
2026-02-16 09:17:00,09:17:00,270.0,276.0,268.2,268.45,82940
2026-02-16 09:18:00,09:18:00,265.55,271.65,259.65,265.0,111150
2026-02-16 09:19:00,09:19:00,263.55,265.0,248.0,248.0,152945
2026-02-16 09:20:00,09:20:00,246.9,257.65,242.95,250.35,235300
2026-02-16 09:21:00,09:21:00,248.9,253.2,241.55,245.0,96005
2026-02-16 09:22:00,09:22:00,288.2,290.4,278.0,284.3,33995
2026-02-16 09:23:00,09:23:00,283.0,284.3,274.0,274.85,38610
2026-02-16 09:24:00,09:24:00,277.0,286.8,274.85,279.05,22230
2026-02-16 09:25:00,09:25:00,232.25,245.45,231.6,239.5,99710
2026-02-16 09:26:00,09:26:00,241.05,250.8,239.5,247.9,177840
2026-02-16 09:27:00,09:27:00,252.0,256.2,244.5,244.9,206960
2026-02-16 09:28:00,09:28:00,290.75,292.35,276.0,276.2,18460
2026-02-16 09:29:00,09:29:00,232.8,241.4,231.0,241.4,103350
2026-02-16 09:30:00,09:30:00,286.6,287.0,268.05,269.45,27365
2026-02-16 09:31:00,09:31:00,269.8,269.95,257.7,266.1,30550
2026-02-16 09:32:00,09:32:00,263.05,266.1,259.6,264.7,21190
2026-02-16 09:33:00,09:33:00,264.0,264.7,251.8,253.65,17810
2026-02-16 09:34:00,09:34:00,253.2,255.3,244.9,249.2,35945
2026-02-16 09:35:00,09:35:00,249.75,255.8,248.4,252.0,18135
2026-02-16 09:36:00,09:36:00,252.2,258.45,252.0,257.45,29835
2026-02-16 09:37:00,09:37:00,259.3,268.4,257.45,264.25,28275
2026-02-16 09:38:00,09:38:00,264.7,268.55,260.35,268.55,23205
2026-02-16 09:39:00,09:39:00,268.5,268.85,264.05,264.05,15405
2026-02-16 09:40:00,09:40:00,262.0,278.8,262.0,275.7,39000
2026-02-16 09:41:00,09:41:00,275.95,283.45,272.3,272.3,33865
2026-02-16 09:42:00,09:42:00,271.4,273.3,267.2,269.2,16965
2026-02-16 09:43:00,09:43:00,229.0,244.15,228.2,243.3,221195
2026-02-16 09:44:00,09:44:00,243.05,251.45,243.0,248.1,246610
2026-02-16 09:45:00,09:45:00,249.0,252.15,243.4,250.6,148330
2026-02-16 09:46:00,09:46:00,249.7,252.0,238.1,243.0,117650
2026-02-16 09:47:00,09:47:00,242.7,249.6,242.7,243.65,99125
2026-02-16 09:48:00,09:48:00,245.05,253.9,243.65,253.1,112450
2026-02-16 09:49:00,09:49:00,253.0,258.1,251.25,251.95,171665
2026-02-16 09:50:00,09:50:00,251.6,256.95,249.15,254.55,89765
2026-02-16 09:51:00,09:51:00,255.0,266.3,254.55,261.15,199225
2026-02-16 09:52:00,09:52:00,262.75,271.55,261.15,265.95,182780
2026-02-16 09:53:00,09:53:00,265.5,265.95,249.9,254.4,165490
2026-02-16 09:54:00,09:54:00,254.35,257.0,243.45,243.65,101855
2026-02-16 09:55:00,09:55:00,289.0,293.3,282.0,282.25,15470
2026-02-16 09:56:00,09:56:00,238.85,242.2,234.6,241.0,78130
2026-02-16 09:57:00,09:57:00,286.9,286.9,267.85,268.45,17355
2026-02-16 09:58:00,09:58:00,268.9,273.05,264.2,273.0,16120
2026-02-16 09:59:00,09:59:00,272.85,275.6,265.0,265.0,19695
2026-02-16 10:00:00,10:00:00,264.7,265.2,254.2,265.2,36335
2026-02-16 10:01:00,10:01:00,262.2,265.2,248.6,249.7,42770
2026-02-16 10:02:00,10:02:00,253.3,253.7,239.6,244.1,35425
2026-02-16 10:03:00,10:03:00,244.25,244.25,233.65,236.25,37700
2026-02-16 10:04:00,10:04:00,281.9,288.15,278.0,278.9,45630
2026-02-16 10:05:00,10:05:00,278.2,280.6,274.45,279.3,36530
2026-02-16 10:06:00,10:06:00,234.5,240.25,230.75,239.45,20735
2026-02-16 10:07:00,10:07:00,239.75,244.85,239.15,241.9,35620
2026-02-16 10:08:00,10:08:00,242.4,247.35,240.0,240.0,20475
2026-02-16 10:09:00,10:09:00,241.5,242.5,236.75,237.55,14690
2026-02-16 10:10:00,10:10:00,237.9,241.25,237.55,240.25,14690
2026-02-16 10:11:00,10:11:00,240.8,240.8,231.1,237.0,25610
2026-02-16 10:12:00,10:12:00,281.1,282.0,255.7,256.5,102570
2026-02-16 10:13:00,10:13:00,256.0,257.1,246.7,254.4,118300
2026-02-16 10:14:00,10:14:00,257.7,266.35,254.4,256.15,134160
2026-02-16 10:15:00,10:15:00,255.25,260.8,248.45,260.0,173680
2026-02-16 10:16:00,10:16:00,259.9,264.45,258.65,259.15,67925
2026-02-16 10:17:00,10:17:00,260.0,260.8,254.55,259.5,78000
2026-02-16 10:18:00,10:18:00,257.05,260.15,254.5,255.9,35815
2026-02-16 10:19:00,10:19:00,255.1,260.05,253.8,258.0,34710
2026-02-16 10:20:00,10:20:00,259.7,265.0,256.1,264.75,52325
2026-02-16 10:21:00,10:21:00,264.7,267.7,259.3,262.9,84760
2026-02-16 10:22:00,10:22:00,262.1,264.9,261.4,263.8,23465
2026-02-16 10:23:00,10:23:00,263.15,269.1,261.2,267.5,45045
2026-02-16 10:24:00,10:24:00,267.85,273.75,265.9,273.1,70200
2026-02-16 10:25:00,10:25:00,274.6,277.95,269.0,274.65,106405
2026-02-16 10:26:00,10:26:00,231.0,233.6,228.0,231.0,24440
2026-02-16 10:27:00,10:27:00,231.4,234.85,230.15,231.1,22035
2026-02-16 10:28:00,10:28:00,231.15,235.4,229.4,234.9,26715
2026-02-16 10:29:00,10:29:00,278.65,279.45,271.9,275.05,30680
2026-02-16 10:30:00,10:30:00,230.4,235.0,230.3,234.0,21970
2026-02-16 10:31:00,10:31:00,277.3,279.95,270.85,271.9,30225
2026-02-16 10:32:00,10:32:00,272.8,275.0,269.0,270.8,26455
2026-02-16 10:33:00,10:33:00,270.0,271.0,263.9,264.2,47645
2026-02-16 10:34:00,10:34:00,264.85,272.7,264.2,272.7,42120
2026-02-16 10:35:00,10:35:00,269.35,273.9,266.3,272.45,31395
2026-02-16 10:36:00,10:36:00,272.0,272.45,266.8,267.2,20410
2026-02-16 10:37:00,10:37:00,269.45,275.1,267.2,274.4,31850
2026-02-16 10:38:00,10:38:00,229.1,235.0,229.1,233.7,33410
2026-02-16 10:39:00,10:39:00,275.75,277.8,270.55,271.85,41535
2026-02-16 10:40:00,10:40:00,273.15,273.15,267.0,267.7,51805
2026-02-16 10:41:00,10:41:00,267.7,270.0,264.25,264.45,30095
2026-02-16 10:42:00,10:42:00,264.85,275.2,264.45,275.2,27495
2026-02-16 10:43:00,10:43:00,231.2,236.4,228.15,230.45,31720
2026-02-16 10:44:00,10:44:00,275.5,277.5,271.2,271.2,16250
2026-02-16 10:45:00,10:45:00,272.45,274.65,270.4,273.85,21840
2026-02-16 10:46:00,10:46:00,230.7,234.7,227.25,227.25,18200
2026-02-16 10:47:00,10:47:00,271.0,272.5,265.0,265.0,30095
2026-02-16 10:48:00,10:48:00,221.05,228.9,219.1,228.9,43355
2026-02-16 10:49:00,10:49:00,228.3,236.15,228.3,234.3,38480
2026-02-16 10:50:00,10:50:00,235.05,241.45,234.3,237.35,51155
2026-02-16 10:51:00,10:51:00,239.1,240.0,229.9,229.9,31070
2026-02-16 10:52:00,10:52:00,229.2,236.05,226.45,235.2,28925
2026-02-16 10:53:00,10:53:00,234.95,239.5,232.7,236.2,18915
2026-02-16 10:54:00,10:54:00,236.05,239.5,235.75,236.15,16575
2026-02-16 10:55:00,10:55:00,237.05,239.0,232.05,237.95,16055
2026-02-16 10:56:00,10:56:00,238.2,240.85,237.0,237.85,18590
2026-02-16 10:57:00,10:57:00,235.2,238.0,235.2,236.0,8710
2026-02-16 10:58:00,10:58:00,235.0,236.0,232.25,233.0,22555
2026-02-16 10:59:00,10:59:00,230.75,233.25,229.85,231.7,21840
2026-02-16 11:00:00,11:00:00,229.35,238.5,227.1,238.5,20020
2026-02-16 11:01:00,11:01:00,237.95,245.3,237.8,244.8,41145
2026-02-16 11:02:00,11:02:00,245.8,247.05,239.1,242.55,43940
2026-02-16 11:03:00,11:03:00,242.65,246.25,234.05,234.05,22165
2026-02-16 11:04:00,11:04:00,280.15,281.9,268.4,270.25,68055
2026-02-16 11:05:00,11:05:00,269.55,274.6,265.6,270.05,84630
2026-02-16 11:06:00,11:06:00,270.65,275.5,268.55,269.8,49725
2026-02-16 11:07:00,11:07:00,270.0,273.0,267.9,272.35,33540
2026-02-16 11:08:00,11:08:00,271.35,274.25,270.65,272.35,19760
2026-02-16 11:09:00,11:09:00,272.1,274.05,269.0,269.0,8255
2026-02-16 11:10:00,11:10:00,269.55,272.4,269.0,272.2,11505
2026-02-16 11:11:00,11:11:00,272.1,277.75,270.25,277.75,28860
2026-02-16 11:12:00,11:12:00,277.85,278.85,269.95,272.4,27365
2026-02-16 11:13:00,11:13:00,272.0,272.4,268.0,268.7,22425
2026-02-16 11:14:00,11:14:00,269.0,270.65,267.5,268.2,37245
2026-02-16 11:15:00,11:15:00,268.15,273.0,265.0,267.1,44200
2026-02-16 11:16:00,11:16:00,267.45,272.2,267.1,272.2,24050
2026-02-16 11:17:00,11:17:00,269.2,272.2,263.6,266.4,32955
2026-02-16 11:18:00,11:18:00,266.0,268.75,265.4,266.05,35815
2026-02-16 11:19:00,11:19:00,265.65,270.1,263.0,269.5,59735
2026-02-16 11:20:00,11:20:00,269.6,270.1,264.25,264.25,42705
2026-02-16 11:21:00,11:21:00,266.2,268.5,264.0,265.65,26390
2026-02-16 11:22:00,11:22:00,266.6,266.65,262.6,265.9,24570
2026-02-16 11:23:00,11:23:00,265.2,267.3,264.25,264.25,13065
2026-02-16 11:24:00,11:24:00,262.9,264.25,255.75,258.4,57525
2026-02-16 11:25:00,11:25:00,258.15,268.25,253.9,266.45,95290
2026-02-16 11:26:00,11:26:00,222.5,230.55,221.55,230.0,53625
2026-02-16 11:27:00,11:27:00,272.9,275.0,268.0,271.7,54990
2026-02-16 11:28:00,11:28:00,225.0,231.4,224.5,230.15,14885
2026-02-16 11:29:00,11:29:00,231.1,240.0,230.15,235.0,49855
2026-02-16 11:30:00,11:30:00,235.0,237.2,231.0,233.1,23075
2026-02-16 11:31:00,11:31:00,233.2,235.6,229.75,230.95,30615
2026-02-16 11:32:00,11:32:00,230.55,230.95,227.35,228.15,19825
2026-02-16 11:33:00,11:33:00,272.4,273.3,269.65,271.0,25220
2026-02-16 11:34:00,11:34:00,226.2,236.95,225.25,236.3,31395
2026-02-16 11:35:00,11:35:00,236.7,240.85,235.15,239.95,44850
2026-02-16 11:36:00,11:36:00,240.35,241.2,233.5,233.95,33800
2026-02-16 11:37:00,11:37:00,233.5,236.3,229.85,236.3,30030
2026-02-16 11:38:00,11:38:00,280.3,281.95,277.8,278.0,15210
2026-02-16 11:39:00,11:39:00,277.5,278.0,272.35,276.4,19955
2026-02-16 11:40:00,11:40:00,231.9,237.75,231.0,234.3,24830
2026-02-16 11:41:00,11:41:00,235.15,239.0,234.3,234.6,22815
2026-02-16 11:42:00,11:42:00,279.2,280.05,274.6,275.6,25155
2026-02-16 11:43:00,11:43:00,229.6,235.25,229.05,234.75,2990
2026-02-16 11:44:00,11:44:00,236.3,238.8,234.75,238.65,10140
2026-02-16 11:45:00,11:45:00,237.75,241.2,237.0,240.9,26260
2026-02-16 11:46:00,11:46:00,240.65,252.2,240.65,248.7,64870
2026-02-16 11:47:00,11:47:00,250.0,250.05,238.6,243.15,41145
2026-02-16 11:48:00,11:48:00,243.0,246.95,241.5,243.45,10465
2026-02-16 11:49:00,11:49:00,243.8,243.8,238.7,240.9,20605
2026-02-16 11:50:00,11:50:00,240.65,242.45,238.45,238.7,6695
2026-02-16 11:51:00,11:51:00,239.2,243.9,238.7,242.0,5265
2026-02-16 11:52:00,11:52:00,242.65,244.65,239.7,244.35,10855
2026-02-16 11:53:00,11:53:00,245.0,246.35,243.75,244.9,15145
2026-02-16 11:54:00,11:54:00,244.9,250.2,244.9,249.6,22490
2026-02-16 11:55:00,11:55:00,249.35,250.0,244.9,245.35,18590
2026-02-16 11:56:00,11:56:00,244.0,247.15,240.55,240.55,15860
2026-02-16 11:57:00,11:57:00,240.75,240.75,235.65,236.4,26195
2026-02-16 11:58:00,11:58:00,236.0,237.25,233.6,234.95,16120
2026-02-16 11:59:00,11:59:00,279.5,280.5,275.25,276.05,25480
2026-02-16 12:00:00,12:00:00,275.1,277.0,273.55,273.85,30680
2026-02-16 12:01:00,12:01:00,273.0,276.0,270.4,274.85,38805
2026-02-16 12:02:00,12:02:00,274.5,274.85,267.5,273.0,28600
2026-02-16 12:03:00,12:03:00,271.3,273.2,268.0,268.6,26585
2026-02-16 12:04:00,12:04:00,267.4,274.0,267.4,269.8,25740
2026-02-16 12:05:00,12:05:00,270.1,272.25,268.95,271.8,22750
2026-02-16 12:06:00,12:06:00,271.05,271.8,266.9,271.3,25090
2026-02-16 12:07:00,12:07:00,271.45,273.5,267.0,268.55,21840
2026-02-16 12:08:00,12:08:00,268.95,268.95,265.1,266.3,24375
2026-02-16 12:09:00,12:09:00,266.45,268.5,265.0,266.65,39325
2026-02-16 12:10:00,12:10:00,264.8,266.65,258.4,259.35,102570
2026-02-16 12:11:00,12:11:00,257.9,259.35,251.9,257.4,81835
2026-02-16 12:12:00,12:12:00,256.2,258.75,255.55,256.25,45500
2026-02-16 12:13:00,12:13:00,256.2,258.5,254.4,258.45,18070
2026-02-16 12:14:00,12:14:00,258.0,260.8,255.05,260.0,33735
2026-02-16 12:15:00,12:15:00,260.35,268.85,259.5,268.5,83005
2026-02-16 12:16:00,12:16:00,268.8,270.9,258.25,259.65,54600
2026-02-16 12:17:00,12:17:00,258.95,260.2,253.6,253.7,44200
2026-02-16 12:18:00,12:18:00,253.0,253.7,247.85,249.75,87880
2026-02-16 12:19:00,12:19:00,249.2,249.75,242.65,246.25,89960
2026-02-16 12:20:00,12:20:00,246.1,253.15,244.35,253.15,53105
2026-02-16 12:21:00,12:21:00,251.8,253.15,248.45,252.0,43420
2026-02-16 12:22:00,12:22:00,252.6,254.7,249.1,249.95,43615
2026-02-16 12:23:00,12:23:00,250.2,251.15,248.5,250.2,12545
2026-02-16 12:24:00,12:24:00,250.1,251.0,246.75,248.85,40430
2026-02-16 12:25:00,12:25:00,248.35,252.0,248.35,252.0,27365
2026-02-16 12:26:00,12:26:00,252.5,252.9,240.3,240.3,76440
2026-02-16 12:27:00,12:27:00,238.65,244.1,236.8,241.3,85670
2026-02-16 12:28:00,12:28:00,240.75,241.8,239.5,240.75,30875
2026-02-16 12:29:00,12:29:00,286.85,287.6,280.3,280.3,7670
2026-02-16 12:30:00,12:30:00,276.55,281.05,274.85,276.45,24505
2026-02-16 12:31:00,12:31:00,276.75,278.9,270.9,277.4,26845
2026-02-16 12:32:00,12:32:00,276.95,284.5,276.95,277.1,7735
2026-02-16 12:33:00,12:33:00,279.0,280.45,275.0,276.05,2665
2026-02-16 12:34:00,12:34:00,275.95,277.0,273.8,275.7,25025
2026-02-16 12:35:00,12:35:00,275.3,277.9,273.05,275.0,5135
2026-02-16 12:36:00,12:36:00,275.3,276.8,272.45,276.8,4680
2026-02-16 12:37:00,12:37:00,275.95,282.0,275.95,277.5,15990
2026-02-16 12:38:00,12:38:00,277.2,281.1,274.45,281.1,10985
2026-02-16 12:39:00,12:39:00,233.0,236.35,232.45,235.3,33865
2026-02-16 12:40:00,12:40:00,235.3,237.6,234.3,236.1,42510
2026-02-16 12:41:00,12:41:00,282.65,283.0,278.65,279.4,7085
2026-02-16 12:42:00,12:42:00,280.55,280.9,275.0,278.2,9035
2026-02-16 12:43:00,12:43:00,278.9,281.65,277.05,279.9,3185
2026-02-16 12:44:00,12:44:00,279.35,279.9,278.0,279.7,7995
2026-02-16 12:45:00,12:45:00,278.3,280.75,276.05,280.45,5980
2026-02-16 12:46:00,12:46:00,233.9,237.7,233.9,236.0,57395
2026-02-16 12:47:00,12:47:00,235.7,237.75,234.55,236.3,33735
2026-02-16 12:48:00,12:48:00,236.85,239.6,236.05,239.2,54340
2026-02-16 12:49:00,12:49:00,239.1,248.0,237.5,247.6,140465
2026-02-16 12:50:00,12:50:00,247.0,248.0,242.9,248.0,77675
2026-02-16 12:51:00,12:51:00,247.5,249.25,246.55,247.15,46150
2026-02-16 12:52:00,12:52:00,247.3,249.4,240.05,243.0,43095
2026-02-16 12:53:00,12:53:00,242.5,243.0,236.2,240.2,74945
2026-02-16 12:54:00,12:54:00,241.25,243.25,239.5,240.0,30420
2026-02-16 12:55:00,12:55:00,238.25,240.0,235.0,239.95,40755
2026-02-16 12:56:00,12:56:00,239.55,246.7,238.95,246.7,69420
2026-02-16 12:57:00,12:57:00,246.05,248.5,245.05,248.4,51935
2026-02-16 12:58:00,12:58:00,248.05,255.0,248.05,252.0,93600
2026-02-16 12:59:00,12:59:00,252.3,252.95,247.75,248.5,33800
2026-02-16 13:00:00,13:00:00,247.3,248.5,239.45,241.75,62725
2026-02-16 13:01:00,13:01:00,288.25,288.25,278.1,278.7,14755
2026-02-16 13:02:00,13:02:00,278.9,280.85,276.8,280.0,7410
2026-02-16 13:03:00,13:03:00,280.3,283.0,277.85,280.0,5590
2026-02-16 13:04:00,13:04:00,232.4,238.7,232.4,235.8,52455
2026-02-16 13:05:00,13:05:00,235.7,237.0,234.0,236.3,43160
2026-02-16 13:06:00,13:06:00,237.0,239.8,234.95,238.55,16965
2026-02-16 13:07:00,13:07:00,238.25,240.45,236.85,238.1,21125
2026-02-16 13:08:00,13:08:00,237.8,238.1,235.25,236.95,15340
2026-02-16 13:09:00,13:09:00,282.45,282.95,281.0,281.6,1170
2026-02-16 13:10:00,13:10:00,280.0,281.6,275.2,275.3,5785
2026-02-16 13:11:00,13:11:00,277.75,280.05,275.3,276.0,3055
2026-02-16 13:12:00,13:12:00,231.3,236.55,230.4,235.6,52195
2026-02-16 13:13:00,13:13:00,283.0,283.0,280.1,281.65,2665
2026-02-16 13:14:00,13:14:00,235.35,236.65,233.0,236.0,15600
2026-02-16 13:15:00,13:15:00,235.75,237.75,234.4,237.1,45305
2026-02-16 13:16:00,13:16:00,237.15,238.65,235.4,237.0,36075
2026-02-16 13:17:00,13:17:00,237.4,239.65,237.0,239.4,16380
2026-02-16 13:18:00,13:18:00,239.7,242.0,239.0,241.1,83785
2026-02-16 13:19:00,13:19:00,239.65,242.35,239.05,242.05,38155
2026-02-16 13:20:00,13:20:00,241.55,242.05,235.45,236.5,49790
2026-02-16 13:21:00,13:21:00,235.0,239.65,233.95,239.2,40560
2026-02-16 13:22:00,13:22:00,288.05,290.25,278.4,278.6,7800
2026-02-16 13:23:00,13:23:00,231.55,236.85,229.35,236.35,81705
2026-02-16 13:24:00,13:24:00,234.85,236.8,232.1,236.05,32825
2026-02-16 13:25:00,13:25:00,236.1,239.65,233.3,238.2,24830
2026-02-16 13:26:00,13:26:00,238.55,238.7,233.6,233.6,43030
2026-02-16 13:27:00,13:27:00,281.15,281.6,279.3,280.55,2340
2026-02-16 13:28:00,13:28:00,279.0,280.55,270.05,275.3,12415
2026-02-16 13:29:00,13:29:00,276.05,276.3,270.2,273.5,7735
2026-02-16 13:30:00,13:30:00,226.6,236.0,226.6,235.25,54145
2026-02-16 13:31:00,13:31:00,236.4,241.05,235.0,238.6,75205
2026-02-16 13:32:00,13:32:00,238.1,242.0,237.75,239.4,51935
2026-02-16 13:33:00,13:33:00,285.2,285.5,275.2,275.8,22750
2026-02-16 13:34:00,13:34:00,275.95,280.8,274.05,279.0,5525
2026-02-16 13:35:00,13:35:00,278.6,279.0,272.3,274.8,3055
2026-02-16 13:36:00,13:36:00,275.1,276.25,267.3,269.8,11245
2026-02-16 13:37:00,13:37:00,269.95,271.4,269.4,270.7,4485
2026-02-16 13:38:00,13:38:00,269.45,275.15,266.5,275.15,6760
2026-02-16 13:39:00,13:39:00,273.3,275.15,265.45,268.4,5590
2026-02-16 13:40:00,13:40:00,269.0,272.5,268.05,270.7,3445
2026-02-16 13:41:00,13:41:00,269.4,270.7,264.25,268.45,9100
2026-02-16 13:42:00,13:42:00,270.0,270.0,266.85,268.0,6175
2026-02-16 13:43:00,13:43:00,270.1,271.35,266.0,269.05,7410
2026-02-16 13:44:00,13:44:00,268.6,269.6,266.85,269.15,8515
2026-02-16 13:45:00,13:45:00,268.15,271.0,266.3,270.65,28795
2026-02-16 13:46:00,13:46:00,270.35,272.8,268.0,270.45,5785
2026-02-16 13:47:00,13:47:00,271.05,272.3,270.45,271.95,5330
2026-02-16 13:48:00,13:48:00,272.05,274.4,271.95,273.95,5265
2026-02-16 13:49:00,13:49:00,273.25,275.55,272.95,274.95,4095
2026-02-16 13:50:00,13:50:00,273.35,274.95,269.4,270.2,3055
2026-02-16 13:51:00,13:51:00,270.9,274.25,270.0,274.05,2990
2026-02-16 13:52:00,13:52:00,226.35,234.2,226.25,234.2,109330
2026-02-16 13:53:00,13:53:00,234.05,235.0,229.85,234.45,71695
2026-02-16 13:54:00,13:54:00,235.35,235.5,232.95,235.4,75790
2026-02-16 13:55:00,13:55:00,235.5,239.95,234.15,239.15,124280
2026-02-16 13:56:00,13:56:00,238.75,245.0,238.2,244.65,114205
2026-02-16 13:57:00,13:57:00,244.7,247.0,238.4,245.5,102570
2026-02-16 13:58:00,13:58:00,244.8,245.65,237.65,239.8,64545
2026-02-16 13:59:00,13:59:00,240.0,245.5,239.8,241.8,49335
2026-02-16 14:00:00,14:00:00,242.55,242.55,236.55,237.5,73840
2026-02-16 14:01:00,14:01:00,283.4,284.45,280.0,280.5,14235
2026-02-16 14:02:00,14:02:00,280.0,280.5,277.3,277.85,4680
2026-02-16 14:03:00,14:03:00,231.15,239.9,230.45,237.75,98345
2026-02-16 14:04:00,14:04:00,282.9,284.55,279.8,282.35,4095
2026-02-16 14:05:00,14:05:00,236.0,245.75,234.15,245.7,77805
2026-02-16 14:06:00,14:06:00,245.0,249.9,243.8,248.1,109590
2026-02-16 14:07:00,14:07:00,246.65,248.1,236.65,239.0,103805
2026-02-16 14:08:00,14:08:00,239.0,247.0,239.0,244.5,99970
2026-02-16 14:09:00,14:09:00,244.6,248.9,244.1,248.35,49205
2026-02-16 14:10:00,14:10:00,247.4,248.35,242.5,246.45,42575
2026-02-16 14:11:00,14:11:00,245.55,246.45,238.15,239.0,22815
2026-02-16 14:12:00,14:12:00,238.85,239.9,234.45,239.8,46800
2026-02-16 14:13:00,14:13:00,286.35,286.95,272.5,275.1,17420
2026-02-16 14:14:00,14:14:00,275.35,277.7,274.25,274.75,9360
2026-02-16 14:15:00,14:15:00,274.3,277.55,273.65,275.45,6500
2026-02-16 14:16:00,14:16:00,273.7,275.65,272.0,274.75,8515
2026-02-16 14:17:00,14:17:00,276.5,276.5,272.75,273.7,3055
2026-02-16 14:18:00,14:18:00,275.35,276.8,273.7,274.7,4615
2026-02-16 14:19:00,14:19:00,274.95,279.5,273.85,278.7,5915
2026-02-16 14:20:00,14:20:00,277.2,278.7,272.3,273.85,4030
2026-02-16 14:21:00,14:21:00,277.0,280.55,273.85,274.7,5980
2026-02-16 14:22:00,14:22:00,274.7,275.9,273.0,275.9,1755
2026-02-16 14:23:00,14:23:00,275.5,276.35,272.7,272.7,3185
2026-02-16 14:24:00,14:24:00,274.05,276.4,272.7,274.45,1105
2026-02-16 14:25:00,14:25:00,272.0,274.45,268.3,269.4,5395
2026-02-16 14:26:00,14:26:00,269.45,271.45,266.9,267.6,18980
2026-02-16 14:27:00,14:27:00,267.9,267.9,254.7,256.0,23530
2026-02-16 14:28:00,14:28:00,259.0,259.0,240.9,242.85,54015
2026-02-16 14:29:00,14:29:00,243.25,243.25,233.95,235.55,42250
2026-02-16 14:30:00,14:30:00,237.4,238.8,233.0,234.65,24635
2026-02-16 14:31:00,14:31:00,232.95,234.95,230.5,232.25,31720
2026-02-16 14:32:00,14:32:00,276.7,281.0,270.0,273.55,56420
2026-02-16 14:33:00,14:33:00,273.35,274.8,265.45,267.45,85150
2026-02-16 14:34:00,14:34:00,267.0,268.0,256.0,258.25,73710
2026-02-16 14:35:00,14:35:00,257.95,264.1,253.8,262.55,105235
2026-02-16 14:36:00,14:36:00,263.75,263.8,255.8,256.8,62530
2026-02-16 14:37:00,14:37:00,257.0,261.6,256.25,261.6,45565
2026-02-16 14:38:00,14:38:00,262.0,269.35,261.6,267.85,72280
2026-02-16 14:39:00,14:39:00,268.5,268.5,265.6,266.5,44785
2026-02-16 14:40:00,14:40:00,264.75,266.5,261.6,265.5,36140
2026-02-16 14:41:00,14:41:00,265.45,267.95,263.6,264.35,47125
2026-02-16 14:42:00,14:42:00,265.2,267.0,262.2,263.4,23140
2026-02-16 14:43:00,14:43:00,263.8,270.3,263.4,265.0,54470
2026-02-16 14:44:00,14:44:00,265.7,266.35,255.0,258.5,87100
2026-02-16 14:45:00,14:45:00,258.65,262.5,256.65,261.65,32890
2026-02-16 14:46:00,14:46:00,261.9,261.9,256.0,259.0,20085
2026-02-16 14:47:00,14:47:00,259.1,261.0,256.0,257.4,23790
2026-02-16 14:48:00,14:48:00,257.6,257.95,246.35,246.35,95550
2026-02-16 14:49:00,14:49:00,243.6,246.35,236.9,242.0,166400
2026-02-16 14:50:00,14:50:00,241.4,249.95,240.5,244.9,156780
2026-02-16 14:51:00,14:51:00,243.75,247.45,241.7,246.55,47255
2026-02-16 14:52:00,14:52:00,245.9,253.0,245.9,251.25,47970
2026-02-16 14:53:00,14:53:00,251.35,258.3,251.0,254.0,57720
2026-02-16 14:54:00,14:54:00,254.1,254.7,248.75,252.65,33735
2026-02-16 14:55:00,14:55:00,252.6,253.0,248.75,248.75,26650
2026-02-16 14:56:00,14:56:00,248.5,249.1,246.0,247.1,24700
2026-02-16 14:57:00,14:57:00,249.35,252.0,247.1,249.95,31655
2026-02-16 14:58:00,14:58:00,248.1,249.95,241.55,244.8,44655
2026-02-16 14:59:00,14:59:00,247.0,248.5,243.15,245.3,34970
2026-02-16 15:00:00,15:00:00,286.0,290.0,278.45,281.45,17875
2026-02-16 15:01:00,15:01:00,280.45,283.7,275.5,275.5,12935
2026-02-16 15:02:00,15:02:00,274.5,282.85,274.5,282.15,9035
2026-02-16 15:03:00,15:03:00,285.0,288.7,282.15,283.4,6890
2026-02-16 15:04:00,15:04:00,282.6,283.4,274.65,275.0,6305
2026-02-16 15:05:00,15:05:00,277.65,282.15,275.0,281.5,4680
2026-02-16 15:06:00,15:06:00,279.0,281.5,270.95,270.95,9035
2026-02-16 15:07:00,15:07:00,273.15,274.3,268.7,273.0,8645
2026-02-16 15:08:00,15:08:00,272.35,277.25,272.35,275.55,7085
2026-02-16 15:09:00,15:09:00,275.3,276.75,272.45,273.55,3965
2026-02-16 15:10:00,15:10:00,273.85,275.2,264.35,266.85,26520
2026-02-16 15:11:00,15:11:00,268.05,272.4,266.7,269.05,19435
2026-02-16 15:12:00,15:12:00,271.95,274.6,269.05,273.1,3770
2026-02-16 15:13:00,15:13:00,274.0,277.0,273.1,276.15,9750
2026-02-16 15:14:00,15:14:00,276.7,279.9,272.0,273.55,25740
2026-02-16 15:15:00,15:15:00,275.0,278.05,273.55,277.45,7215
2026-02-16 15:16:00,15:16:00,277.0,278.0,270.15,274.3,10855
2026-02-16 15:17:00,15:17:00,273.9,275.05,271.6,273.1,9750
2026-02-16 15:18:00,15:18:00,275.2,277.45,273.1,276.4,12025
2026-02-16 15:19:00,15:19:00,275.7,276.4,274.35,276.1,7345
2026-02-16 15:20:00,15:20:00,277.15,278.95,275.05,276.15,9685
2026-02-16 15:21:00,15:21:00,276.3,277.6,274.1,276.1,8645
2026-02-16 15:22:00,15:22:00,276.05,276.8,275.35,275.35,3770
2026-02-16 15:23:00,15:23:00,276.65,276.65,266.0,266.0,7540
2026-02-16 15:24:00,15:24:00,265.85,271.1,265.65,271.1,6435
2026-02-16 15:25:00,15:25:00,272.5,274.95,269.8,271.9,6045
2026-02-16 15:26:00,15:26:00,271.7,271.9,267.3,269.75,8775
2026-02-16 15:27:00,15:27:00,269.95,271.9,269.1,270.15,6175
2026-02-16 15:28:00,15:28:00,269.6,270.55,264.05,268.95,28275
2026-02-16 15:29:00,15:29:00,269.0,269.55,262.4,262.4,19565
2026-02-17 09:15:00,09:15:00,130.0,164.45,125.05,153.2,1066260
2026-02-17 09:16:00,09:16:00,157.95,169.0,153.2,163.05,723840
2026-02-17 09:17:00,09:17:00,164.0,169.45,161.95,164.45,569335
2026-02-17 09:18:00,09:18:00,164.45,165.95,157.5,159.5,389870
2026-02-17 09:19:00,09:19:00,159.9,163.8,154.75,159.75,364130
2026-02-17 09:20:00,09:20:00,163.0,191.15,159.75,190.95,1248520
2026-02-17 09:21:00,09:21:00,189.6,190.95,176.4,179.5,588250
2026-02-17 09:22:00,09:22:00,180.85,181.1,163.55,169.5,415805
2026-02-17 09:23:00,09:23:00,170.45,181.85,163.45,180.6,464620
2026-02-17 09:24:00,09:24:00,180.45,191.05,177.8,187.55,559260
2026-02-17 09:25:00,09:25:00,188.95,194.85,178.0,181.8,475800
2026-02-17 09:26:00,09:26:00,180.0,185.3,171.6,181.05,339820
2026-02-17 09:27:00,09:27:00,182.35,187.2,176.95,187.2,175045
2026-02-17 09:28:00,09:28:00,186.8,187.2,174.0,174.8,168870
2026-02-17 09:29:00,09:29:00,174.2,180.0,173.95,175.65,137410
2026-02-17 09:30:00,09:30:00,177.6,187.9,175.65,179.5,294905
2026-02-17 09:31:00,09:31:00,177.8,186.0,177.4,182.25,125840
2026-02-17 09:32:00,09:32:00,182.2,187.9,163.5,163.5,419120
2026-02-17 09:33:00,09:33:00,164.3,168.55,153.2,156.55,457665
2026-02-17 09:34:00,09:34:00,156.85,164.6,154.05,156.8,313300
2026-02-17 09:35:00,09:35:00,156.1,164.5,155.8,162.7,258180
2026-02-17 09:36:00,09:36:00,165.85,180.8,162.45,180.8,515645
2026-02-17 09:37:00,09:37:00,183.0,184.3,167.3,174.85,499590
2026-02-17 09:38:00,09:38:00,173.25,174.85,156.45,157.4,302445
2026-02-17 09:39:00,09:39:00,155.75,157.4,150.0,152.75,333840
2026-02-17 09:40:00,09:40:00,154.05,161.95,152.75,157.65,243295
2026-02-17 09:41:00,09:41:00,158.05,161.35,151.45,155.0,181220
2026-02-17 09:42:00,09:42:00,154.25,155.9,140.05,145.65,449865
2026-02-17 09:43:00,09:43:00,191.7,191.7,178.8,180.7,394875
2026-02-17 09:44:00,09:44:00,180.3,181.6,162.35,165.85,450970
2026-02-17 09:45:00,09:45:00,166.4,172.4,163.85,163.95,434655
2026-02-17 09:46:00,09:46:00,164.3,172.45,163.95,167.15,329940
2026-02-17 09:47:00,09:47:00,167.0,175.75,165.95,174.95,437840
2026-02-17 09:48:00,09:48:00,174.45,176.55,168.5,173.55,195065
2026-02-17 09:49:00,09:49:00,172.9,174.85,163.75,167.0,204035
2026-02-17 09:50:00,09:50:00,166.3,175.25,160.95,166.75,333775
2026-02-17 09:51:00,09:51:00,166.55,168.15,160.0,160.0,240695
2026-02-17 09:52:00,09:52:00,159.8,162.55,152.2,157.05,435110
2026-02-17 09:53:00,09:53:00,156.45,157.05,149.65,151.8,414050
2026-02-17 09:54:00,09:54:00,151.55,159.25,150.3,152.35,291005
2026-02-17 09:55:00,09:55:00,152.1,158.45,151.05,157.45,248755
2026-02-17 09:56:00,09:56:00,157.2,160.2,155.0,158.6,245115
2026-02-17 09:57:00,09:57:00,158.65,161.05,142.9,144.9,479115
2026-02-17 09:58:00,09:58:00,145.2,149.6,138.35,143.1,536380
2026-02-17 09:59:00,09:59:00,142.45,152.7,142.45,149.3,507455
2026-02-17 10:00:00,10:00:00,148.75,155.7,148.75,150.6,455520
2026-02-17 10:01:00,10:01:00,150.7,150.7,144.4,147.1,268385
2026-02-17 10:02:00,10:02:00,147.6,157.8,147.1,153.2,479505
2026-02-17 10:03:00,10:03:00,152.75,155.3,149.2,153.25,215605
2026-02-17 10:04:00,10:04:00,152.65,156.5,149.4,151.3,204100
2026-02-17 10:05:00,10:05:00,151.2,154.75,150.05,152.65,146575
2026-02-17 10:06:00,10:06:00,153.05,156.3,147.0,149.55,241475
2026-02-17 10:07:00,10:07:00,149.65,152.8,146.4,149.75,248755
2026-02-17 10:08:00,10:08:00,150.5,155.0,146.5,147.0,281450
2026-02-17 10:09:00,10:09:00,146.75,151.5,142.65,151.5,327795
2026-02-17 10:10:00,10:10:00,151.0,152.8,148.0,150.55,207935
2026-02-17 10:11:00,10:11:00,150.75,154.75,149.2,149.2,227370
2026-02-17 10:12:00,10:12:00,148.0,149.2,142.5,144.9,350155
2026-02-17 10:13:00,10:13:00,190.0,190.8,183.7,184.85,62010
2026-02-17 10:14:00,10:14:00,185.2,186.95,181.1,183.05,91260
2026-02-17 10:15:00,10:15:00,138.2,147.75,136.3,147.75,507390
2026-02-17 10:16:00,10:16:00,147.65,149.9,140.8,143.2,310830
2026-02-17 10:17:00,10:17:00,143.4,144.4,139.25,143.15,213460
2026-02-17 10:18:00,10:18:00,187.8,188.3,178.75,181.0,86385
2026-02-17 10:19:00,10:19:00,180.25,181.0,166.05,169.25,242515
2026-02-17 10:20:00,10:20:00,168.9,170.45,165.0,166.2,197405
2026-02-17 10:21:00,10:21:00,165.6,174.35,165.2,173.55,110435
2026-02-17 10:22:00,10:22:00,172.7,174.45,167.45,170.35,95550
2026-02-17 10:23:00,10:23:00,170.25,172.1,166.0,169.05,60840
2026-02-17 10:24:00,10:24:00,168.65,172.75,168.35,168.35,54405
2026-02-17 10:25:00,10:25:00,169.0,170.95,166.6,170.45,39455
2026-02-17 10:26:00,10:26:00,170.4,170.45,151.0,151.75,183495
2026-02-17 10:27:00,10:27:00,152.55,154.05,140.8,144.3,312325
2026-02-17 10:28:00,10:28:00,187.95,192.8,180.5,180.5,210665
2026-02-17 10:29:00,10:29:00,135.7,145.3,135.7,139.1,202540
2026-02-17 10:30:00,10:30:00,183.0,187.95,179.85,180.4,296465
2026-02-17 10:31:00,10:31:00,181.35,184.65,177.8,183.2,164255
2026-02-17 10:32:00,10:32:00,139.55,140.7,135.35,139.75,184210
2026-02-17 10:33:00,10:33:00,139.75,145.85,139.4,144.9,339235
2026-02-17 10:34:00,10:34:00,145.3,153.95,144.9,151.8,425945
2026-02-17 10:35:00,10:35:00,152.35,158.95,149.95,155.9,245050
2026-02-17 10:36:00,10:36:00,154.85,156.35,151.6,155.75,151125
2026-02-17 10:37:00,10:37:00,154.7,161.4,152.25,159.75,123890
2026-02-17 10:38:00,10:38:00,159.2,167.8,159.2,163.0,234195
2026-02-17 10:39:00,10:39:00,163.05,166.9,160.6,166.65,101920
2026-02-17 10:40:00,10:40:00,165.75,168.0,159.85,163.2,171015
2026-02-17 10:41:00,10:41:00,162.35,171.0,162.0,168.5,173030
2026-02-17 10:42:00,10:42:00,168.75,173.6,164.75,170.3,180375
2026-02-17 10:43:00,10:43:00,125.5,146.9,125.4,145.95,1619735
2026-02-17 10:44:00,10:44:00,145.3,156.75,145.3,151.0,1838590
2026-02-17 10:45:00,10:45:00,151.6,157.7,146.25,148.35,1077765
2026-02-17 10:46:00,10:46:00,146.7,159.25,146.0,157.85,753675
2026-02-17 10:47:00,10:47:00,158.8,172.75,156.1,162.75,1318265
2026-02-17 10:48:00,10:48:00,161.4,167.3,155.65,156.55,664235
2026-02-17 10:49:00,10:49:00,156.1,158.35,148.2,157.35,659815
2026-02-17 10:50:00,10:50:00,157.3,163.5,154.05,156.0,575185
2026-02-17 10:51:00,10:51:00,155.05,159.8,153.6,155.85,289575
2026-02-17 10:52:00,10:52:00,155.5,159.2,153.75,154.4,261365
2026-02-17 10:53:00,10:53:00,154.3,164.1,154.1,162.4,553020
2026-02-17 10:54:00,10:54:00,162.3,162.75,155.85,157.35,348400
2026-02-17 10:55:00,10:55:00,156.65,157.35,148.45,154.7,526110
2026-02-17 10:56:00,10:56:00,153.65,157.15,149.25,156.75,372905
2026-02-17 10:57:00,10:57:00,156.85,159.75,153.75,156.45,377260
2026-02-17 10:58:00,10:58:00,156.55,156.55,148.85,152.75,232895
2026-02-17 10:59:00,10:59:00,153.1,153.1,145.85,147.75,390130
2026-02-17 11:00:00,11:00:00,147.35,154.9,146.45,150.95,414895
2026-02-17 11:01:00,11:01:00,149.9,150.95,140.9,144.2,559780
2026-02-17 11:02:00,11:02:00,144.35,156.1,144.2,147.25,516620
2026-02-17 11:03:00,11:03:00,147.1,155.15,144.75,152.95,364390
2026-02-17 11:04:00,11:04:00,153.0,153.0,145.5,146.0,224965
2026-02-17 11:05:00,11:05:00,145.9,152.85,145.0,151.75,222950
2026-02-17 11:06:00,11:06:00,151.45,161.25,150.35,154.65,679120
2026-02-17 11:07:00,11:07:00,154.45,155.9,148.15,148.15,342095
2026-02-17 11:08:00,11:08:00,148.6,148.95,138.5,138.5,594880
2026-02-17 11:09:00,11:09:00,138.45,145.6,137.55,141.65,407940
2026-02-17 11:10:00,11:10:00,141.05,148.8,141.05,145.7,346385
2026-02-17 11:11:00,11:11:00,146.75,148.35,139.25,140.2,295360
2026-02-17 11:12:00,11:12:00,139.95,141.05,135.0,138.75,399620
2026-02-17 11:13:00,11:13:00,138.5,141.35,137.4,138.2,222625
2026-02-17 11:14:00,11:14:00,137.5,140.15,135.05,135.45,213785
2026-02-17 11:15:00,11:15:00,181.2,188.1,181.2,182.6,32890
2026-02-17 11:16:00,11:16:00,181.65,182.6,175.2,180.2,115245
2026-02-17 11:17:00,11:17:00,179.85,180.2,169.65,170.5,104260
2026-02-17 11:18:00,11:18:00,169.55,170.85,162.05,169.35,100815
2026-02-17 11:19:00,11:19:00,169.2,174.4,169.2,170.1,69550
2026-02-17 11:20:00,11:20:00,170.0,170.1,164.0,164.1,66755
2026-02-17 11:21:00,11:21:00,164.1,173.2,164.1,172.3,67145
2026-02-17 11:22:00,11:22:00,173.65,173.65,166.75,170.25,70590
2026-02-17 11:23:00,11:23:00,167.2,170.9,165.95,169.1,39650
2026-02-17 11:24:00,11:24:00,169.6,169.6,166.1,166.1,37050
2026-02-17 11:25:00,11:25:00,166.15,171.2,166.1,170.0,48100
2026-02-17 11:26:00,11:26:00,170.0,171.0,166.1,166.2,27235
2026-02-17 11:27:00,11:27:00,166.4,170.8,163.5,166.5,64090
2026-02-17 11:28:00,11:28:00,166.55,168.25,163.25,167.05,50115
2026-02-17 11:29:00,11:29:00,166.7,169.3,164.25,166.4,35035
2026-02-17 11:30:00,11:30:00,166.0,169.5,161.15,165.5,87165
2026-02-17 11:31:00,11:31:00,166.35,167.95,162.65,167.95,51870
2026-02-17 11:32:00,11:32:00,168.3,168.3,147.75,147.75,120315
2026-02-17 11:33:00,11:33:00,148.25,151.6,133.85,135.6,320970
2026-02-17 11:34:00,11:34:00,135.35,138.3,132.1,133.75,284570
2026-02-17 11:35:00,11:35:00,133.0,134.6,129.25,130.35,327990
2026-02-17 11:36:00,11:36:00,175.35,178.45,167.0,170.3,232895
2026-02-17 11:37:00,11:37:00,170.3,171.7,161.65,161.65,224900
2026-02-17 11:38:00,11:38:00,162.6,168.85,154.6,163.85,399815
2026-02-17 11:39:00,11:39:00,165.3,169.15,163.0,167.55,168220
2026-02-17 11:40:00,11:40:00,167.8,172.9,166.0,170.0,334360
2026-02-17 11:41:00,11:41:00,123.9,126.8,122.9,125.25,227045
2026-02-17 11:42:00,11:42:00,125.85,141.95,125.25,141.95,481065
2026-02-17 11:43:00,11:43:00,141.4,141.95,133.25,135.55,254150
2026-02-17 11:44:00,11:44:00,134.9,139.1,133.95,135.25,130975
2026-02-17 11:45:00,11:45:00,181.4,182.45,171.85,171.85,196820
2026-02-17 11:46:00,11:46:00,172.05,173.85,167.45,169.6,176670
2026-02-17 11:47:00,11:47:00,169.05,174.9,168.4,171.3,122720
2026-02-17 11:48:00,11:48:00,170.9,172.0,167.2,171.5,102505
2026-02-17 11:49:00,11:49:00,171.4,172.7,168.2,169.8,84500
2026-02-17 11:50:00,11:50:00,169.2,172.35,167.55,170.45,107250
2026-02-17 11:51:00,11:51:00,169.1,170.7,168.6,170.65,114660
2026-02-17 11:52:00,11:52:00,170.95,170.95,160.65,164.75,257465
2026-02-17 11:53:00,11:53:00,166.0,167.7,161.9,163.1,120835
2026-02-17 11:54:00,11:54:00,162.5,163.9,161.0,161.35,80340
2026-02-17 11:55:00,11:55:00,161.5,166.5,161.35,164.7,86775
2026-02-17 11:56:00,11:56:00,165.3,166.65,163.95,165.75,50050
2026-02-17 11:57:00,11:57:00,165.8,170.15,163.05,169.95,89635
2026-02-17 11:58:00,11:58:00,170.15,173.25,166.55,169.9,152230
2026-02-17 11:59:00,11:59:00,168.55,171.25,167.1,168.75,57850
2026-02-17 12:00:00,12:00:00,167.85,171.05,165.85,169.4,114855
2026-02-17 12:01:00,12:01:00,169.8,170.55,165.0,166.1,91130
2026-02-17 12:02:00,12:02:00,165.4,167.2,162.75,166.3,96720
2026-02-17 12:03:00,12:03:00,166.4,169.4,165.4,168.5,62010
2026-02-17 12:04:00,12:04:00,122.35,129.8,121.8,129.3,364715
2026-02-17 12:05:00,12:05:00,175.35,177.4,169.25,174.35,168935
2026-02-17 12:06:00,12:06:00,173.55,177.1,169.5,170.6,170625
2026-02-17 12:07:00,12:07:00,169.9,173.0,165.05,167.0,147745
2026-02-17 12:08:00,12:08:00,166.8,174.3,166.35,173.85,74945
2026-02-17 12:09:00,12:09:00,174.0,176.4,172.5,174.75,91065
2026-02-17 12:10:00,12:10:00,174.45,174.75,169.05,171.85,62270
2026-02-17 12:11:00,12:11:00,125.4,132.6,125.25,131.8,220155
2026-02-17 12:12:00,12:12:00,180.05,180.35,173.3,173.55,114660
2026-02-17 12:13:00,12:13:00,173.4,175.85,171.35,171.45,93730
2026-02-17 12:14:00,12:14:00,124.75,129.15,124.2,128.75,114985
2026-02-17 12:15:00,12:15:00,175.2,176.4,171.0,172.0,110175
2026-02-17 12:16:00,12:16:00,171.95,172.75,166.85,168.85,122655
2026-02-17 12:17:00,12:17:00,168.4,168.85,162.5,164.5,220415
2026-02-17 12:18:00,12:18:00,163.35,164.5,156.5,156.65,277160
2026-02-17 12:19:00,12:19:00,154.65,156.8,149.7,154.55,362245
2026-02-17 12:20:00,12:20:00,155.45,155.6,151.0,153.9,166140
2026-02-17 12:21:00,12:21:00,153.9,160.0,153.9,157.15,197600
2026-02-17 12:22:00,12:22:00,156.95,160.45,156.95,157.9,101855
2026-02-17 12:23:00,12:23:00,157.65,157.9,144.4,148.7,364910
2026-02-17 12:24:00,12:24:00,148.75,151.55,143.95,147.1,260650
2026-02-17 12:25:00,12:25:00,147.65,149.25,145.9,147.55,96850
2026-02-17 12:26:00,12:26:00,147.2,156.2,144.5,155.7,251810
2026-02-17 12:27:00,12:27:00,156.0,163.8,154.0,163.8,268970
2026-02-17 12:28:00,12:28:00,164.6,167.8,161.9,166.35,268385
2026-02-17 12:29:00,12:29:00,167.0,173.2,166.35,168.95,291525
2026-02-17 12:30:00,12:30:00,168.2,172.55,163.3,170.2,317785
2026-02-17 12:31:00,12:31:00,169.8,172.3,166.45,167.65,144690
2026-02-17 12:32:00,12:32:00,167.4,168.05,162.1,166.7,243490
2026-02-17 12:33:00,12:33:00,166.4,168.7,164.1,167.6,67795
2026-02-17 12:34:00,12:34:00,168.9,171.0,165.85,167.4,113620
2026-02-17 12:35:00,12:35:00,167.2,170.45,166.4,166.9,101725
2026-02-17 12:36:00,12:36:00,166.65,169.85,165.55,169.65,73580
2026-02-17 12:37:00,12:37:00,169.6,172.55,169.5,171.8,124995
2026-02-17 12:38:00,12:38:00,171.95,177.3,170.1,173.0,219115
2026-02-17 12:39:00,12:39:00,173.25,173.4,166.7,167.25,139750
2026-02-17 12:40:00,12:40:00,167.3,168.9,162.1,163.7,122460
2026-02-17 12:41:00,12:41:00,164.75,175.1,163.7,170.55,177190
2026-02-17 12:42:00,12:42:00,170.0,172.95,167.9,169.35,65325
2026-02-17 12:43:00,12:43:00,169.25,169.7,163.0,166.5,91585
2026-02-17 12:44:00,12:44:00,165.25,168.55,163.15,164.25,79170
2026-02-17 12:45:00,12:45:00,164.25,165.75,159.3,161.9,257985
2026-02-17 12:46:00,12:46:00,161.55,163.6,159.7,161.9,72670
2026-02-17 12:47:00,12:47:00,160.2,165.85,157.45,165.35,149370
2026-02-17 12:48:00,12:48:00,163.75,165.35,159.5,161.75,105820
2026-02-17 12:49:00,12:49:00,161.55,162.35,158.95,158.95,54990
2026-02-17 12:50:00,12:50:00,159.2,163.05,158.95,160.9,68185
2026-02-17 12:51:00,12:51:00,160.55,161.7,158.2,158.2,78975
2026-02-17 12:52:00,12:52:00,157.2,158.2,145.8,149.75,350155
2026-02-17 12:53:00,12:53:00,149.45,149.75,139.75,142.9,466115
2026-02-17 12:54:00,12:54:00,142.6,146.65,141.9,146.15,196430
2026-02-17 12:55:00,12:55:00,146.5,148.95,143.65,148.5,197535
2026-02-17 12:56:00,12:56:00,148.6,160.35,148.2,160.0,355030
2026-02-17 12:57:00,12:57:00,162.0,170.8,160.0,168.25,511420
2026-02-17 12:58:00,12:58:00,169.3,173.05,166.6,168.25,247650
2026-02-17 12:59:00,12:59:00,167.0,173.25,165.45,172.25,216580
2026-02-17 13:00:00,13:00:00,172.25,172.25,166.55,171.95,136240
2026-02-17 13:01:00,13:01:00,171.75,174.45,168.3,168.85,254995
2026-02-17 13:02:00,13:02:00,168.3,168.85,162.0,166.6,164450
2026-02-17 13:03:00,13:03:00,168.0,169.9,166.6,169.0,100945
2026-02-17 13:04:00,13:04:00,121.15,138.8,120.9,137.65,754715
2026-02-17 13:05:00,13:05:00,136.25,140.75,132.2,135.0,702130
2026-02-17 13:06:00,13:06:00,182.6,183.8,168.35,168.35,316875
2026-02-17 13:07:00,13:07:00,167.5,168.95,158.45,163.05,463515
2026-02-17 13:08:00,13:08:00,162.95,163.5,153.05,156.45,332345
2026-02-17 13:09:00,13:09:00,154.75,156.45,144.0,144.75,395395
2026-02-17 13:10:00,13:10:00,145.0,153.45,142.0,148.15,444275
2026-02-17 13:11:00,13:11:00,148.1,155.2,147.0,153.9,235495
2026-02-17 13:12:00,13:12:00,158.7,158.7,151.75,157.15,240175
2026-02-17 13:13:00,13:13:00,158.35,169.55,157.15,166.9,485550
2026-02-17 13:14:00,13:14:00,167.7,173.3,165.1,165.3,408525
2026-02-17 13:15:00,13:15:00,165.8,172.8,165.3,169.6,230230
2026-02-17 13:16:00,13:16:00,170.05,171.35,165.85,166.85,198055
2026-02-17 13:17:00,13:17:00,166.55,168.95,163.55,166.2,122330
2026-02-17 13:18:00,13:18:00,168.0,169.25,166.05,166.65,78325
2026-02-17 13:19:00,13:19:00,166.4,166.65,160.0,165.05,175305
2026-02-17 13:20:00,13:20:00,163.95,165.9,159.45,163.6,105170
2026-02-17 13:21:00,13:21:00,163.25,165.85,163.25,165.4,73385
2026-02-17 13:22:00,13:22:00,165.1,167.55,159.2,160.7,172510
2026-02-17 13:23:00,13:23:00,160.45,166.6,158.4,166.6,132210
2026-02-17 13:24:00,13:24:00,166.65,170.15,162.05,164.6,192660
2026-02-17 13:25:00,13:25:00,165.1,168.2,163.0,164.95,95875
2026-02-17 13:26:00,13:26:00,165.45,168.5,160.9,165.55,94900
2026-02-17 13:27:00,13:27:00,166.45,168.0,163.7,164.5,79560
2026-02-17 13:28:00,13:28:00,163.0,164.5,160.75,163.05,51805
2026-02-17 13:29:00,13:29:00,162.0,164.65,159.35,161.85,86775
2026-02-17 13:30:00,13:30:00,160.9,161.85,152.75,152.75,219245
2026-02-17 13:31:00,13:31:00,152.45,154.7,149.1,149.4,228085
2026-02-17 13:32:00,13:32:00,149.5,154.5,145.65,146.0,261950
2026-02-17 13:33:00,13:33:00,144.55,146.95,141.95,143.95,264745
2026-02-17 13:34:00,13:34:00,144.1,151.85,143.95,148.75,245960
2026-02-17 13:35:00,13:35:00,148.35,154.65,147.2,147.2,175500
2026-02-17 13:36:00,13:36:00,147.05,149.0,142.3,143.25,185835
2026-02-17 13:37:00,13:37:00,143.5,148.55,143.25,148.25,176800
2026-02-17 13:38:00,13:38:00,148.1,160.0,147.15,158.15,350285
2026-02-17 13:39:00,13:39:00,158.15,159.9,153.1,159.0,252460
2026-02-17 13:40:00,13:40:00,159.05,159.05,150.75,155.95,149565
2026-02-17 13:41:00,13:41:00,156.0,156.0,147.4,152.15,164255
2026-02-17 13:42:00,13:42:00,152.35,152.35,144.6,147.05,179140
2026-02-17 13:43:00,13:43:00,146.85,148.85,145.45,147.15,93925
2026-02-17 13:44:00,13:44:00,146.75,152.15,145.95,151.15,117260
2026-02-17 13:45:00,13:45:00,151.0,151.25,147.4,151.25,95810
2026-02-17 13:46:00,13:46:00,152.25,153.35,146.9,152.5,138970
2026-02-17 13:47:00,13:47:00,152.15,167.6,151.7,166.8,360165
2026-02-17 13:48:00,13:48:00,164.3,166.8,158.3,164.0,235625
2026-02-17 13:49:00,13:49:00,163.3,168.1,157.3,166.6,238355
2026-02-17 13:50:00,13:50:00,166.1,170.8,164.4,169.3,313690
2026-02-17 13:51:00,13:51:00,168.35,172.8,167.1,167.7,274755
2026-02-17 13:52:00,13:52:00,167.7,167.7,157.95,165.75,271245
2026-02-17 13:53:00,13:53:00,165.9,166.85,159.55,162.7,100750
2026-02-17 13:54:00,13:54:00,163.95,174.2,163.6,174.2,250250
2026-02-17 13:55:00,13:55:00,129.35,134.7,125.0,132.8,1232400
2026-02-17 13:56:00,13:56:00,132.9,139.65,131.85,138.55,731575
2026-02-17 13:57:00,13:57:00,139.15,149.1,138.0,148.2,1427400
2026-02-17 13:58:00,13:58:00,149.05,149.35,141.4,145.75,453635
2026-02-17 13:59:00,13:59:00,144.85,147.1,140.75,145.8,531245
2026-02-17 14:00:00,14:00:00,146.75,149.5,133.15,133.15,681200
2026-02-17 14:01:00,14:01:00,131.75,137.25,115.5,121.75,1052480
2026-02-17 14:02:00,14:02:00,121.15,133.1,120.95,125.6,531700
2026-02-17 14:03:00,14:03:00,174.95,176.0,165.65,173.95,196755
2026-02-17 14:04:00,14:04:00,174.9,175.0,169.15,171.1,111345
2026-02-17 14:05:00,14:05:00,171.8,172.05,166.9,171.8,175890
2026-02-17 14:06:00,14:06:00,171.7,180.9,171.7,174.15,247520
2026-02-17 14:07:00,14:07:00,174.7,177.1,173.8,173.8,78520
2026-02-17 14:08:00,14:08:00,174.2,179.8,167.55,178.2,222495
2026-02-17 14:09:00,14:09:00,128.5,144.75,127.0,143.95,799305
2026-02-17 14:10:00,14:10:00,143.4,147.45,140.55,144.8,972335
2026-02-17 14:11:00,14:11:00,146.2,146.65,138.6,143.6,462020
2026-02-17 14:12:00,14:12:00,142.2,162.6,141.65,156.6,1151930
2026-02-17 14:13:00,14:13:00,108.3,134.65,108.25,125.5,4817410
2026-02-17 14:14:00,14:14:00,127.15,128.65,119.25,128.0,2045550
2026-02-17 14:15:00,14:15:00,129.25,131.45,122.0,122.55,1823120
2026-02-17 14:16:00,14:16:00,171.0,173.05,146.6,149.6,626730
2026-02-17 14:17:00,14:17:00,148.95,161.9,146.25,160.65,359320
2026-02-17 14:18:00,14:18:00,159.35,160.65,152.35,153.7,247455
2026-02-17 14:19:00,14:19:00,153.05,157.6,148.9,156.15,217750
2026-02-17 14:20:00,14:20:00,155.9,156.15,149.6,149.6,102115
2026-02-17 14:21:00,14:21:00,150.7,153.3,142.4,145.5,211315
2026-02-17 14:22:00,14:22:00,146.05,154.7,145.2,151.6,161460
2026-02-17 14:23:00,14:23:00,151.15,162.6,149.5,153.1,226200
2026-02-17 14:24:00,14:24:00,154.4,158.8,153.0,154.55,143000
2026-02-17 14:25:00,14:25:00,154.75,158.3,153.7,157.3,89245
2026-02-17 14:26:00,14:26:00,157.25,161.3,151.55,152.7,334035
2026-02-17 14:27:00,14:27:00,151.6,157.4,144.15,156.25,288535
2026-02-17 14:28:00,14:28:00,156.25,167.75,154.5,167.75,345995
2026-02-17 14:29:00,14:29:00,168.7,169.15,160.55,169.15,249405
2026-02-17 14:30:00,14:30:00,169.15,171.3,164.85,167.75,281190
2026-02-17 14:31:00,14:31:00,164.3,179.8,163.65,179.8,189085
2026-02-17 14:32:00,14:32:00,178.15,179.8,160.6,166.9,301860
2026-02-17 14:33:00,14:33:00,166.7,168.0,154.7,154.7,195975
2026-02-17 14:34:00,14:34:00,153.5,161.65,150.6,152.3,180180
2026-02-17 14:35:00,14:35:00,152.15,157.6,151.8,153.6,93795
2026-02-17 14:36:00,14:36:00,153.3,156.1,141.6,142.3,240370
2026-02-17 14:37:00,14:37:00,140.25,142.55,133.55,136.35,369915
2026-02-17 14:38:00,14:38:00,135.85,138.1,127.9,127.9,237965
2026-02-17 14:39:00,14:39:00,125.45,127.9,116.6,120.6,539435
2026-02-17 14:40:00,14:40:00,171.45,176.3,167.2,175.3,202280
2026-02-17 14:41:00,14:41:00,125.25,134.7,123.3,124.5,471250
2026-02-17 14:42:00,14:42:00,173.65,175.55,169.4,170.7,125775
2026-02-17 14:43:00,14:43:00,170.75,176.75,165.45,176.05,216190
2026-02-17 14:44:00,14:44:00,127.2,133.9,126.3,132.5,403455
2026-02-17 14:45:00,14:45:00,130.1,137.85,127.15,133.45,302055
2026-02-17 14:46:00,14:46:00,132.45,137.1,131.25,132.45,198380
2026-02-17 14:47:00,14:47:00,132.15,136.0,130.05,132.05,168285
2026-02-17 14:48:00,14:48:00,131.05,143.8,131.05,141.3,352755
2026-02-17 14:49:00,14:49:00,141.1,143.0,133.05,136.25,241020
2026-02-17 14:50:00,14:50:00,136.55,143.3,135.1,138.15,210405
2026-02-17 14:51:00,14:51:00,138.75,141.65,132.85,133.55,155740
2026-02-17 14:52:00,14:52:00,132.35,134.8,126.15,129.9,253045
2026-02-17 14:53:00,14:53:00,131.1,139.75,129.9,131.9,242450
2026-02-17 14:54:00,14:54:00,132.4,134.0,125.8,126.7,163280
2026-02-17 14:55:00,14:55:00,126.15,135.9,125.0,135.9,235560
2026-02-17 14:56:00,14:56:00,137.4,153.35,135.9,149.7,573625
2026-02-17 14:57:00,14:57:00,150.0,153.75,146.4,151.9,311805
2026-02-17 14:58:00,14:58:00,150.0,151.55,133.75,133.9,356460
2026-02-17 14:59:00,14:59:00,134.8,140.4,131.15,135.05,266760
2026-02-17 15:00:00,15:00:00,181.6,185.35,164.2,168.7,270400
2026-02-17 15:01:00,15:01:00,169.55,173.4,158.5,163.75,257400
2026-02-17 15:02:00,15:02:00,112.85,125.9,110.5,123.55,630370
2026-02-17 15:03:00,15:03:00,122.05,124.25,118.3,121.5,348920
2026-02-17 15:04:00,15:04:00,121.85,131.65,121.35,128.1,454285
2026-02-17 15:05:00,15:05:00,128.8,134.3,123.0,123.8,429585
2026-02-17 15:06:00,15:06:00,173.15,173.65,166.0,169.6,169390
2026-02-17 15:07:00,15:07:00,170.5,174.1,169.6,172.6,68120
2026-02-17 15:08:00,15:08:00,172.1,173.0,169.0,171.85,53105
2026-02-17 15:09:00,15:09:00,171.5,172.0,167.6,169.85,58890
2026-02-17 15:10:00,15:10:00,119.75,126.85,119.7,126.45,215345
2026-02-17 15:11:00,15:11:00,126.3,126.65,121.7,123.15,195390
2026-02-17 15:12:00,15:12:00,123.1,123.55,120.75,122.05,90155
2026-02-17 15:13:00,15:13:00,172.0,173.15,170.8,172.65,25220
2026-02-17 15:14:00,15:14:00,123.1,125.1,122.5,123.5,125970
2026-02-17 15:15:00,15:15:00,123.55,124.8,122.3,124.4,191360
2026-02-17 15:16:00,15:16:00,174.45,174.6,172.9,173.85,59605
2026-02-17 15:17:00,15:17:00,173.55,174.1,172.4,172.75,139880
2026-02-17 15:18:00,15:18:00,123.05,127.6,122.8,127.55,126880
2026-02-17 15:19:00,15:19:00,127.9,127.9,124.8,125.1,112710
2026-02-17 15:20:00,15:20:00,175.15,175.5,172.9,174.05,69875
2026-02-17 15:21:00,15:21:00,174.3,174.45,173.25,173.35,32045
2026-02-17 15:22:00,15:22:00,173.65,174.35,173.35,173.8,25415
2026-02-17 15:23:00,15:23:00,173.75,174.2,173.0,173.55,23530
2026-02-17 15:24:00,15:24:00,124.0,124.5,123.55,124.4,59345
2026-02-17 15:25:00,15:25:00,124.4,124.4,123.25,124.0,74230
2026-02-17 15:26:00,15:26:00,123.75,124.6,123.75,124.2,67340
2026-02-17 15:27:00,15:27:00,124.15,124.5,123.95,124.4,43680
2026-02-17 15:28:00,15:28:00,124.5,124.6,124.0,124.2,50180
2026-02-17 15:29:00,15:29:00,124.45,124.75,124.1,124.3,63700
2026-02-18 09:15:00,09:15:00,134.0,134.0,114.1,126.1,2266290
2026-02-18 09:16:00,09:16:00,127.3,132.6,125.0,125.45,2007135
2026-02-18 09:17:00,09:17:00,147.2,148.3,138.7,138.7,1006460
2026-02-18 09:18:00,09:18:00,138.95,143.5,137.55,139.3,964925
2026-02-18 09:19:00,09:19:00,140.0,140.0,132.2,134.65,904410
2026-02-18 09:20:00,09:20:00,134.6,143.85,134.6,143.85,1216475
2026-02-18 09:21:00,09:21:00,121.25,125.45,118.75,121.2,1715025
2026-02-18 09:22:00,09:22:00,120.75,124.1,119.5,122.85,969735
2026-02-18 09:23:00,09:23:00,122.25,127.0,120.0,126.05,1440660
2026-02-18 09:24:00,09:24:00,124.2,127.35,122.2,127.25,1501500
2026-02-18 09:25:00,09:25:00,128.2,129.9,117.95,118.7,2568280
2026-02-18 09:26:00,09:26:00,118.4,123.25,118.1,118.1,1067885
2026-02-18 09:27:00,09:27:00,140.6,141.1,134.45,135.9,970710
2026-02-18 09:28:00,09:28:00,113.1,120.15,111.0,120.05,1462825
2026-02-18 09:29:00,09:29:00,143.55,143.55,137.0,138.55,561015
2026-02-18 09:30:00,09:30:00,116.5,120.3,113.9,117.4,1056380
2026-02-18 09:31:00,09:31:00,117.3,124.25,116.45,124.25,1424800
2026-02-18 09:32:00,09:32:00,123.55,124.25,115.0,119.6,1277705
2026-02-18 09:33:00,09:33:00,140.95,142.95,132.45,137.5,840905
2026-02-18 09:34:00,09:34:00,135.25,140.45,134.3,135.8,514215
2026-02-18 09:35:00,09:35:00,135.65,139.85,133.3,134.15,531765
2026-02-18 09:36:00,09:36:00,133.9,136.9,130.05,132.0,758225
2026-02-18 09:37:00,09:37:00,131.3,133.25,128.6,130.6,582790
2026-02-18 09:38:00,09:38:00,130.35,132.75,128.1,128.55,491010
2026-02-18 09:39:00,09:39:00,128.55,131.6,126.0,131.6,556920
2026-02-18 09:40:00,09:40:00,131.75,132.8,128.0,131.45,510640
2026-02-18 09:41:00,09:41:00,131.5,131.65,127.85,128.85,322270
2026-02-18 09:42:00,09:42:00,128.45,133.5,126.85,132.45,510055
2026-02-18 09:43:00,09:43:00,132.65,133.75,128.5,128.5,484965
2026-02-18 09:44:00,09:44:00,128.35,131.0,125.65,128.75,663390
2026-02-18 09:45:00,09:45:00,128.45,132.55,127.8,131.15,410410
2026-02-18 09:46:00,09:46:00,131.15,135.9,130.9,135.15,802230
2026-02-18 09:47:00,09:47:00,113.35,120.0,113.1,118.0,1999335
2026-02-18 09:48:00,09:48:00,117.6,119.65,114.4,115.45,1149980
2026-02-18 09:49:00,09:49:00,114.9,117.85,114.15,117.3,570960
2026-02-18 09:50:00,09:50:00,117.3,119.9,115.6,118.55,1080495
2026-02-18 09:51:00,09:51:00,118.8,119.25,115.25,118.35,687505
2026-02-18 09:52:00,09:52:00,118.05,120.45,116.75,120.45,666510
2026-02-18 09:53:00,09:53:00,120.8,124.5,119.5,120.85,2075385
2026-02-18 09:54:00,09:54:00,120.9,128.65,120.3,127.35,1890070
2026-02-18 09:55:00,09:55:00,127.8,143.0,127.35,142.6,4623060
2026-02-18 09:56:00,09:56:00,144.3,147.85,141.65,143.1,3324945
2026-02-18 09:57:00,09:57:00,122.2,127.15,121.25,123.65,1459185
2026-02-18 09:58:00,09:58:00,124.0,127.45,121.25,124.95,919620
2026-02-18 09:59:00,09:59:00,125.65,129.15,123.8,124.85,1283100
2026-02-18 10:00:00,10:00:00,125.8,134.15,124.85,130.4,1807325
2026-02-18 10:01:00,10:01:00,130.6,133.5,126.7,129.15,966095
2026-02-18 10:02:00,10:02:00,128.7,133.0,128.2,129.2,576095
2026-02-18 10:03:00,10:03:00,129.55,131.1,127.7,128.25,496730
2026-02-18 10:04:00,10:04:00,128.15,129.3,125.1,127.2,656240
2026-02-18 10:05:00,10:05:00,126.15,127.2,121.0,123.85,712335
2026-02-18 10:06:00,10:06:00,123.3,123.85,121.1,122.55,395005
2026-02-18 10:07:00,10:07:00,122.2,131.3,122.2,130.5,974740
2026-02-18 10:08:00,10:08:00,131.0,134.9,125.65,126.05,1509430
2026-02-18 10:09:00,10:09:00,126.1,126.85,123.15,125.95,580970
2026-02-18 10:10:00,10:10:00,126.0,129.5,124.95,127.95,617175
2026-02-18 10:11:00,10:11:00,127.55,128.2,122.65,123.1,477620
2026-02-18 10:12:00,10:12:00,122.7,125.3,120.85,122.75,463580
2026-02-18 10:13:00,10:13:00,122.55,128.0,122.5,124.5,481520
2026-02-18 10:14:00,10:14:00,123.75,128.1,123.25,128.1,350610
2026-02-18 10:15:00,10:15:00,127.9,128.6,125.25,128.2,459160
2026-02-18 10:16:00,10:16:00,127.8,131.25,127.8,130.9,760240
2026-02-18 10:17:00,10:17:00,130.6,138.45,130.6,134.1,1687985
2026-02-18 10:18:00,10:18:00,134.2,134.3,122.35,122.35,1266135
2026-02-18 10:19:00,10:19:00,122.7,123.85,119.85,122.0,772265
2026-02-18 10:20:00,10:20:00,121.6,125.95,120.4,125.5,551135
2026-02-18 10:21:00,10:21:00,125.4,126.95,122.4,124.7,501410
2026-02-18 10:22:00,10:22:00,124.35,126.95,122.3,124.4,420420
2026-02-18 10:23:00,10:23:00,124.0,125.85,122.8,125.5,207415
2026-02-18 10:24:00,10:24:00,124.85,125.5,119.2,123.8,589225
2026-02-18 10:25:00,10:25:00,123.25,126.95,123.1,126.55,394745
2026-02-18 10:26:00,10:26:00,126.55,133.15,126.55,131.4,1069965
2026-02-18 10:27:00,10:27:00,131.25,133.95,129.45,132.75,678080
2026-02-18 10:28:00,10:28:00,132.0,135.2,129.9,130.2,901940
2026-02-18 10:29:00,10:29:00,129.0,130.2,123.3,123.35,848575
2026-02-18 10:30:00,10:30:00,123.05,128.15,122.0,125.8,695825
2026-02-18 10:31:00,10:31:00,125.9,126.65,121.7,122.8,419835
2026-02-18 10:32:00,10:32:00,123.1,124.0,121.7,122.55,217425
2026-02-18 10:33:00,10:33:00,122.7,123.85,118.55,119.5,592085
2026-02-18 10:34:00,10:34:00,120.1,121.75,119.0,120.9,243555
2026-02-18 10:35:00,10:35:00,144.0,145.55,138.7,139.45,971880
2026-02-18 10:36:00,10:36:00,139.45,142.75,139.45,139.85,419445
2026-02-18 10:37:00,10:37:00,138.45,142.65,136.5,142.3,885235
2026-02-18 10:38:00,10:38:00,119.2,126.2,119.2,125.95,943865
2026-02-18 10:39:00,10:39:00,125.8,128.5,123.1,128.25,822445
2026-02-18 10:40:00,10:40:00,127.45,130.0,126.3,129.65,881335
2026-02-18 10:41:00,10:41:00,129.5,130.95,127.95,128.0,587925
2026-02-18 10:42:00,10:42:00,126.5,128.0,123.9,125.25,500175
2026-02-18 10:43:00,10:43:00,125.5,127.55,125.25,126.45,217360
2026-02-18 10:44:00,10:44:00,127.0,128.45,124.95,128.2,271635
2026-02-18 10:45:00,10:45:00,128.15,129.2,123.8,126.6,382265
2026-02-18 10:46:00,10:46:00,126.3,126.6,121.0,121.3,397280
2026-02-18 10:47:00,10:47:00,144.0,144.3,140.35,140.65,1126385
2026-02-18 10:48:00,10:48:00,140.3,144.75,140.25,141.75,593645
2026-02-18 10:49:00,10:49:00,141.4,143.0,140.2,141.8,314860
2026-02-18 10:50:00,10:50:00,141.5,141.95,139.1,140.35,558415
2026-02-18 10:51:00,10:51:00,140.7,143.2,140.35,140.9,514085
2026-02-18 10:52:00,10:52:00,140.75,140.9,137.7,138.5,551330
2026-02-18 10:53:00,10:53:00,137.6,138.5,132.05,132.05,1223690
2026-02-18 10:54:00,10:54:00,131.7,135.0,131.25,134.55,1113905
2026-02-18 10:55:00,10:55:00,134.45,136.9,133.05,134.3,814125
2026-02-18 10:56:00,10:56:00,133.45,134.65,131.35,133.3,574145
2026-02-18 10:57:00,10:57:00,133.6,133.6,130.6,130.85,513110
2026-02-18 10:58:00,10:58:00,130.55,130.85,125.65,126.8,1237600
2026-02-18 10:59:00,10:59:00,126.0,127.05,124.7,126.1,980525
2026-02-18 11:00:00,11:00:00,125.85,127.1,124.1,124.95,1346865
2026-02-18 11:01:00,11:01:00,124.2,127.6,124.05,126.45,648115
2026-02-18 11:02:00,11:02:00,125.85,126.45,122.7,123.9,873145
2026-02-18 11:03:00,11:03:00,123.8,128.35,123.8,128.0,772720
2026-02-18 11:04:00,11:04:00,128.3,128.35,123.75,125.45,660335
2026-02-18 11:05:00,11:05:00,125.3,129.0,125.3,129.0,680940
2026-02-18 11:06:00,11:06:00,128.65,129.35,126.05,126.45,642330
2026-02-18 11:07:00,11:07:00,126.55,129.1,124.6,126.7,641680
2026-02-18 11:08:00,11:08:00,126.25,127.8,124.1,125.0,374595
2026-02-18 11:09:00,11:09:00,124.25,125.45,123.0,123.9,599300
2026-02-18 11:10:00,11:10:00,124.15,124.55,122.5,123.25,570115
2026-02-18 11:11:00,11:11:00,123.3,126.8,123.25,126.05,511615
2026-02-18 11:12:00,11:12:00,125.9,132.4,125.75,132.0,1188655
2026-02-18 11:13:00,11:13:00,132.75,133.25,127.4,128.5,1365715
2026-02-18 11:14:00,11:14:00,128.55,128.55,122.55,124.8,916435
2026-02-18 11:15:00,11:15:00,125.8,129.1,124.35,127.45,776685
2026-02-18 11:16:00,11:16:00,127.3,131.4,127.05,130.7,721565
2026-02-18 11:17:00,11:17:00,130.0,134.4,130.0,132.35,1424150
2026-02-18 11:18:00,11:18:00,132.3,132.85,128.35,132.85,837785
2026-02-18 11:19:00,11:19:00,133.15,134.65,130.5,131.95,914875
2026-02-18 11:20:00,11:20:00,131.85,132.9,129.35,129.9,584610
2026-02-18 11:21:00,11:21:00,130.0,131.6,128.5,130.0,528970
2026-02-18 11:22:00,11:22:00,129.8,130.0,127.3,127.8,467610
2026-02-18 11:23:00,11:23:00,126.95,130.75,125.6,129.4,667875
2026-02-18 11:24:00,11:24:00,129.1,134.55,129.1,134.2,749450
2026-02-18 11:25:00,11:25:00,134.7,135.0,132.95,134.7,938275
2026-02-18 11:26:00,11:26:00,134.7,139.05,131.75,131.75,1883440
2026-02-18 11:27:00,11:27:00,131.9,133.1,129.7,129.7,690820
2026-02-18 11:28:00,11:28:00,129.1,130.6,126.9,127.9,774540
2026-02-18 11:29:00,11:29:00,127.7,129.5,124.85,126.5,737555
2026-02-18 11:30:00,11:30:00,125.9,131.15,125.0,128.8,545155
2026-02-18 11:31:00,11:31:00,128.4,129.8,125.75,128.15,360620
2026-02-18 11:32:00,11:32:00,128.35,128.65,124.15,126.85,606320
2026-02-18 11:33:00,11:33:00,126.9,127.3,122.45,122.45,455650
2026-02-18 11:34:00,11:34:00,120.8,122.45,113.3,116.25,2297295
2026-02-18 11:35:00,11:35:00,116.45,118.9,115.1,115.6,942630
2026-02-18 11:36:00,11:36:00,116.0,120.85,115.6,120.35,716300
2026-02-18 11:37:00,11:37:00,120.5,124.45,120.35,122.05,879450
2026-02-18 11:38:00,11:38:00,121.55,124.25,120.55,123.85,376610
2026-02-18 11:39:00,11:39:00,124.2,126.45,123.0,124.0,731055
2026-02-18 11:40:00,11:40:00,123.75,125.7,122.0,125.55,504075
2026-02-18 11:41:00,11:41:00,125.9,131.3,125.55,130.9,1521975
2026-02-18 11:42:00,11:42:00,130.7,135.9,130.7,135.75,1828580
2026-02-18 11:43:00,11:43:00,135.7,137.35,133.05,133.65,1315795
2026-02-18 11:44:00,11:44:00,133.9,135.0,130.9,131.65,596375
2026-02-18 11:45:00,11:45:00,131.9,134.25,129.95,134.0,634985
2026-02-18 11:46:00,11:46:00,134.3,135.5,131.65,132.15,806975
2026-02-18 11:47:00,11:47:00,131.9,133.15,130.4,131.25,377130
2026-02-18 11:48:00,11:48:00,131.25,135.45,130.2,132.4,488865
2026-02-18 11:49:00,11:49:00,132.8,133.6,130.25,131.0,413075
2026-02-18 11:50:00,11:50:00,131.0,131.0,127.95,128.55,605540
2026-02-18 11:51:00,11:51:00,128.95,131.4,128.4,130.35,339950
2026-02-18 11:52:00,11:52:00,130.6,133.0,129.35,131.65,385710
2026-02-18 11:53:00,11:53:00,132.25,132.55,129.15,130.0,273390
2026-02-18 11:54:00,11:54:00,130.5,130.85,126.5,127.95,529100
2026-02-18 11:55:00,11:55:00,127.3,131.4,127.1,127.1,391430
2026-02-18 11:56:00,11:56:00,127.15,129.15,127.0,127.7,202605
2026-02-18 11:57:00,11:57:00,127.1,129.3,125.25,125.25,402155
2026-02-18 11:58:00,11:58:00,126.15,128.35,124.95,127.9,460720
2026-02-18 11:59:00,11:59:00,128.1,128.1,121.95,121.95,732290
2026-02-18 12:00:00,12:00:00,121.55,124.4,120.2,120.55,724230
2026-02-18 12:01:00,12:01:00,119.65,120.55,116.9,117.0,789035
2026-02-18 12:02:00,12:02:00,115.75,120.85,115.75,120.5,680810
2026-02-18 12:03:00,12:03:00,120.65,123.55,120.3,122.3,792025
2026-02-18 12:04:00,12:04:00,122.45,122.7,119.4,121.85,338910
2026-02-18 12:05:00,12:05:00,121.5,122.75,119.7,119.95,432965
2026-02-18 12:06:00,12:06:00,120.2,121.0,117.8,118.75,320125
2026-02-18 12:07:00,12:07:00,118.85,118.85,116.55,117.0,302120
2026-02-18 12:08:00,12:08:00,117.0,117.4,115.1,116.4,660400
2026-02-18 12:09:00,12:09:00,116.25,118.0,115.45,117.85,384475
2026-02-18 12:10:00,12:10:00,118.0,118.15,116.1,117.3,334165
2026-02-18 12:11:00,12:11:00,117.35,119.65,115.45,116.9,470535
2026-02-18 12:12:00,12:12:00,116.3,118.6,115.85,118.6,264420
2026-02-18 12:13:00,12:13:00,118.2,120.55,116.5,117.6,480870
2026-02-18 12:14:00,12:14:00,117.45,117.6,115.3,116.35,535990
2026-02-18 12:15:00,12:15:00,116.2,116.35,113.85,114.5,643305
2026-02-18 12:16:00,12:16:00,114.4,114.5,111.0,112.85,944450
2026-02-18 12:17:00,12:17:00,112.9,116.35,112.65,114.3,645840
2026-02-18 12:18:00,12:18:00,114.55,116.2,113.05,115.95,276120
2026-02-18 12:19:00,12:19:00,115.3,117.4,114.65,117.3,496405
2026-02-18 12:20:00,12:20:00,116.95,117.9,114.4,116.3,759070
2026-02-18 12:21:00,12:21:00,116.45,116.75,113.0,114.35,618345
2026-02-18 12:22:00,12:22:00,114.4,114.9,111.5,114.0,491725
2026-02-18 12:23:00,12:23:00,114.4,115.45,112.25,112.35,346190
2026-02-18 12:24:00,12:24:00,112.45,112.45,109.5,111.2,892645
2026-02-18 12:25:00,12:25:00,110.7,117.2,109.15,117.05,892450
2026-02-18 12:26:00,12:26:00,116.95,119.5,116.25,117.1,1828255
2026-02-18 12:27:00,12:27:00,116.95,119.25,115.45,115.55,731380
2026-02-18 12:28:00,12:28:00,115.65,116.3,111.25,111.35,838695
2026-02-18 12:29:00,12:29:00,111.35,114.35,110.8,114.35,534170
2026-02-18 12:30:00,12:30:00,115.0,116.0,112.0,112.1,422305
2026-02-18 12:31:00,12:31:00,111.8,113.0,111.0,111.15,369070
2026-02-18 12:32:00,12:32:00,110.9,112.0,108.9,110.1,684255
2026-02-18 12:33:00,12:33:00,109.55,111.55,109.55,110.3,333580
2026-02-18 12:34:00,12:34:00,110.45,110.85,108.05,110.6,541905
2026-02-18 12:35:00,12:35:00,133.1,133.25,129.75,132.95,353665
2026-02-18 12:36:00,12:36:00,110.75,112.05,109.3,110.9,536185
2026-02-18 12:37:00,12:37:00,133.8,134.0,129.6,130.85,255905
2026-02-18 12:38:00,12:38:00,131.15,132.1,129.75,130.0,185055
2026-02-18 12:39:00,12:39:00,128.35,131.55,128.05,129.0,371345
2026-02-18 12:40:00,12:40:00,106.85,111.45,106.85,110.95,613600
2026-02-18 12:41:00,12:41:00,111.15,114.3,110.95,112.7,980395
2026-02-18 12:42:00,12:42:00,135.5,136.05,130.0,131.2,353210
2026-02-18 12:43:00,12:43:00,130.5,132.3,129.45,130.9,203515
2026-02-18 12:44:00,12:44:00,130.25,132.9,130.05,130.85,226395
2026-02-18 12:45:00,12:45:00,108.2,110.6,106.95,109.9,607100
2026-02-18 12:46:00,12:46:00,132.35,132.6,130.5,130.95,378690
2026-02-18 12:47:00,12:47:00,130.45,133.25,129.85,132.0,171925
2026-02-18 12:48:00,12:48:00,109.5,111.55,109.05,111.55,293410
2026-02-18 12:49:00,12:49:00,111.45,114.65,110.75,114.65,775385
2026-02-18 12:50:00,12:50:00,114.4,114.8,112.4,112.4,993720
2026-02-18 12:51:00,12:51:00,112.3,114.2,111.85,114.15,552565
2026-02-18 12:52:00,12:52:00,113.8,114.15,111.35,111.55,425230
2026-02-18 12:53:00,12:53:00,134.1,134.55,129.05,129.8,379080
2026-02-18 12:54:00,12:54:00,129.25,131.45,128.7,131.15,194610
2026-02-18 12:55:00,12:55:00,109.15,110.2,107.9,110.05,336440
2026-02-18 12:56:00,12:56:00,110.9,110.9,107.6,107.75,421525
2026-02-18 12:57:00,12:57:00,129.35,129.95,127.65,129.3,275275
2026-02-18 12:58:00,12:58:00,129.5,129.65,125.4,126.75,512720
2026-02-18 12:59:00,12:59:00,127.0,128.6,125.55,125.95,273260
2026-02-18 13:00:00,13:00:00,125.95,127.7,123.9,124.8,402610
2026-02-18 13:01:00,13:01:00,124.1,124.8,121.55,124.5,547105
2026-02-18 13:02:00,13:02:00,123.7,130.5,123.45,130.2,651040
2026-02-18 13:03:00,13:03:00,129.8,134.35,129.8,130.1,804115
2026-02-18 13:04:00,13:04:00,130.15,130.15,124.85,125.25,468520
2026-02-18 13:05:00,13:05:00,124.85,126.45,124.15,124.95,271115
2026-02-18 13:06:00,13:06:00,125.0,127.5,124.5,126.5,240760
2026-02-18 13:07:00,13:07:00,126.4,128.55,125.85,128.35,311545
2026-02-18 13:08:00,13:08:00,128.15,128.85,126.5,127.8,237120
2026-02-18 13:09:00,13:09:00,127.6,128.65,127.05,128.0,144495
2026-02-18 13:10:00,13:10:00,105.95,110.5,105.15,110.5,704210
2026-02-18 13:11:00,13:11:00,110.65,111.6,108.2,108.75,901290
2026-02-18 13:12:00,13:12:00,130.55,131.25,127.95,127.95,282165
2026-02-18 13:13:00,13:13:00,127.85,130.3,127.45,129.1,187655
2026-02-18 13:14:00,13:14:00,128.85,129.1,125.45,125.45,245180
2026-02-18 13:15:00,13:15:00,125.25,126.0,122.0,122.8,553020
2026-02-18 13:16:00,13:16:00,122.85,124.65,121.3,124.65,282620
2026-02-18 13:17:00,13:17:00,124.3,128.85,124.2,126.3,419315
2026-02-18 13:18:00,13:18:00,126.2,126.45,124.5,125.05,147160
2026-02-18 13:19:00,13:19:00,125.15,125.2,122.05,123.55,299130
2026-02-18 13:20:00,13:20:00,123.45,124.1,122.05,123.7,290160
2026-02-18 13:21:00,13:21:00,123.7,124.85,121.7,124.5,344435
2026-02-18 13:22:00,13:22:00,124.2,126.2,122.95,123.6,300690
2026-02-18 13:23:00,13:23:00,123.4,123.6,119.25,119.25,446810
2026-02-18 13:24:00,13:24:00,118.8,123.85,118.8,123.2,598130
2026-02-18 13:25:00,13:25:00,123.4,127.65,122.9,127.65,724360
2026-02-18 13:26:00,13:26:00,127.5,128.0,125.05,125.3,678405
2026-02-18 13:27:00,13:27:00,125.35,128.0,124.9,128.0,397085
2026-02-18 13:28:00,13:28:00,105.6,107.9,105.55,107.9,871975
2026-02-18 13:29:00,13:29:00,129.85,130.5,126.65,126.65,477035
2026-02-18 13:30:00,13:30:00,126.7,128.6,126.65,128.1,383695
2026-02-18 13:31:00,13:31:00,128.6,128.6,125.1,126.9,253110
2026-02-18 13:32:00,13:32:00,127.25,129.5,125.25,128.2,215670
2026-02-18 13:33:00,13:33:00,128.1,129.1,126.65,128.2,195975
2026-02-18 13:34:00,13:34:00,127.5,128.2,126.4,127.6,130260
2026-02-18 13:35:00,13:35:00,127.4,127.85,126.05,126.9,131235
2026-02-18 13:36:00,13:36:00,105.15,108.0,104.9,108.0,356135
2026-02-18 13:37:00,13:37:00,107.6,109.15,105.75,109.15,613925
2026-02-18 13:38:00,13:38:00,131.35,131.45,127.5,127.5,250510
2026-02-18 13:39:00,13:39:00,105.8,108.85,105.65,108.55,325910
2026-02-18 13:40:00,13:40:00,130.65,131.0,127.15,127.7,257530
2026-02-18 13:41:00,13:41:00,105.95,107.6,105.05,107.1,323310
2026-02-18 13:42:00,13:42:00,107.1,109.95,106.65,109.95,530920
2026-02-18 13:43:00,13:43:00,109.9,110.35,108.2,109.65,669045
2026-02-18 13:44:00,13:44:00,109.4,109.65,105.45,106.45,507130
2026-02-18 13:45:00,13:45:00,127.65,128.2,123.15,123.95,521495
2026-02-18 13:46:00,13:46:00,123.55,126.2,122.1,124.45,419705
2026-02-18 13:47:00,13:47:00,124.2,128.05,123.45,127.0,327860
2026-02-18 13:48:00,13:48:00,126.6,127.6,121.75,122.8,342095
2026-02-18 13:49:00,13:49:00,122.45,125.05,122.0,123.75,283725
2026-02-18 13:50:00,13:50:00,124.25,124.25,122.45,122.45,130845
2026-02-18 13:51:00,13:51:00,122.5,123.1,120.45,121.3,372840
2026-02-18 13:52:00,13:52:00,120.9,126.95,119.35,126.9,614640
2026-02-18 13:53:00,13:53:00,104.65,112.1,104.65,110.7,2246855
2026-02-18 13:54:00,13:54:00,110.8,115.25,110.35,115.25,1660945
2026-02-18 13:55:00,13:55:00,115.75,117.4,112.8,114.6,1859260
2026-02-18 13:56:00,13:56:00,114.85,116.4,111.8,111.8,1069640
2026-02-18 13:57:00,13:57:00,111.45,112.15,109.25,110.55,1275365
2026-02-18 13:58:00,13:58:00,110.4,110.55,106.6,108.1,852215
2026-02-18 13:59:00,13:59:00,107.65,109.85,107.0,107.95,535405
2026-02-18 14:00:00,14:00:00,130.45,131.4,128.35,130.9,258830
2026-02-18 14:01:00,14:01:00,108.1,110.0,108.1,109.75,496600
2026-02-18 14:02:00,14:02:00,109.8,110.5,108.15,108.55,472810
2026-02-18 14:03:00,14:03:00,107.65,108.55,105.9,106.8,644280
2026-02-18 14:04:00,14:04:00,128.7,130.8,128.1,128.2,147225
2026-02-18 14:05:00,14:05:00,127.5,128.6,124.95,126.5,406705
2026-02-18 14:06:00,14:06:00,126.2,127.7,125.7,127.7,168285
2026-02-18 14:07:00,14:07:00,127.5,127.8,125.55,125.75,143065
2026-02-18 14:08:00,14:08:00,125.05,126.0,123.95,124.0,257075
2026-02-18 14:09:00,14:09:00,124.55,125.8,123.05,123.8,257010
2026-02-18 14:10:00,14:10:00,123.9,124.9,122.2,122.3,247260
2026-02-18 14:11:00,14:11:00,122.4,122.7,115.65,116.3,867165
2026-02-18 14:12:00,14:12:00,116.35,117.05,113.25,113.25,757250
2026-02-18 14:13:00,14:13:00,112.85,114.25,112.05,114.25,625560
2026-02-18 14:14:00,14:14:00,113.85,114.6,112.75,112.8,488800
2026-02-18 14:15:00,14:15:00,112.8,114.0,111.35,113.6,789035
2026-02-18 14:16:00,14:16:00,114.2,117.25,113.6,114.65,1078545
2026-02-18 14:17:00,14:17:00,114.35,114.75,111.65,111.65,402025
2026-02-18 14:18:00,14:18:00,111.75,112.55,109.55,109.55,638820
2026-02-18 14:19:00,14:19:00,109.85,110.45,107.0,107.3,692250
2026-02-18 14:20:00,14:20:00,128.7,129.65,125.75,125.85,859690
2026-02-18 14:21:00,14:21:00,125.15,126.45,124.5,125.65,944450
2026-02-18 14:22:00,14:22:00,125.75,126.05,121.95,124.35,773695
2026-02-18 14:23:00,14:23:00,124.15,124.6,120.45,121.7,940615
2026-02-18 14:24:00,14:24:00,121.45,124.15,121.45,122.7,689650
2026-02-18 14:25:00,14:25:00,123.65,126.85,122.7,126.6,1117090
2026-02-18 14:26:00,14:26:00,126.8,126.8,122.35,122.35,789165
2026-02-18 14:27:00,14:27:00,122.25,122.35,120.0,120.75,846170
2026-02-18 14:28:00,14:28:00,120.6,123.9,120.6,123.85,539695
2026-02-18 14:29:00,14:29:00,123.95,125.6,123.65,124.7,741780
2026-02-18 14:30:00,14:30:00,124.55,126.2,123.8,126.2,510315
2026-02-18 14:31:00,14:31:00,126.35,128.65,125.65,127.85,1231750
2026-02-18 14:32:00,14:32:00,127.45,127.85,123.7,124.0,734045
2026-02-18 14:33:00,14:33:00,123.2,124.2,121.35,123.6,756340
2026-02-18 14:34:00,14:34:00,123.0,127.95,123.0,127.0,689065
2026-02-18 14:35:00,14:35:00,127.1,127.15,125.0,125.65,429260
2026-02-18 14:36:00,14:36:00,125.65,125.65,123.0,124.9,423670
2026-02-18 14:37:00,14:37:00,124.2,126.85,124.2,126.45,267410
2026-02-18 14:38:00,14:38:00,126.1,128.35,125.55,126.7,726635
2026-02-18 14:39:00,14:39:00,126.9,127.85,126.7,126.9,732225
2026-02-18 14:40:00,14:40:00,126.65,128.0,126.1,127.3,436215
2026-02-18 14:41:00,14:41:00,126.95,127.3,125.45,126.5,327860
2026-02-18 14:42:00,14:42:00,126.95,127.8,126.15,127.4,543595
2026-02-18 14:43:00,14:43:00,127.65,128.65,126.15,127.25,668395
2026-02-18 14:44:00,14:44:00,127.45,127.75,125.3,127.75,427115
2026-02-18 14:45:00,14:45:00,127.6,130.45,127.2,129.15,801125
2026-02-18 14:46:00,14:46:00,107.65,109.55,107.4,109.3,500175
2026-02-18 14:47:00,14:47:00,130.45,130.6,127.9,129.9,537420
2026-02-18 14:48:00,14:48:00,129.6,132.7,128.55,129.1,842465
2026-02-18 14:49:00,14:49:00,129.0,130.3,127.55,127.65,316615
2026-02-18 14:50:00,14:50:00,126.95,128.25,125.5,125.75,433940
2026-02-18 14:51:00,14:51:00,126.25,127.2,123.85,123.85,615225
2026-02-18 14:52:00,14:52:00,123.95,127.65,123.85,125.7,342940
2026-02-18 14:53:00,14:53:00,125.95,127.0,124.6,127.0,251745
2026-02-18 14:54:00,14:54:00,127.7,127.85,124.9,125.2,256620
2026-02-18 14:55:00,14:55:00,125.5,125.6,123.9,124.15,267605
2026-02-18 14:56:00,14:56:00,124.25,125.3,122.45,123.85,510770
2026-02-18 14:57:00,14:57:00,123.55,124.4,122.25,123.65,320645
2026-02-18 14:58:00,14:58:00,123.3,125.35,122.5,124.4,341900
2026-02-18 14:59:00,14:59:00,124.15,125.7,123.95,124.65,330395
2026-02-18 15:00:00,15:00:00,121.5,124.65,111.05,111.9,2089490
2026-02-18 15:01:00,15:01:00,133.55,138.3,133.55,134.65,510575
2026-02-18 15:02:00,15:02:00,112.6,120.05,112.6,117.05,1119560
2026-02-18 15:03:00,15:03:00,116.6,118.4,116.25,117.0,493935
2026-02-18 15:04:00,15:04:00,116.85,117.6,115.45,116.8,415090
2026-02-18 15:05:00,15:05:00,117.4,119.25,116.25,119.2,517075
2026-02-18 15:06:00,15:06:00,119.5,119.6,117.2,117.25,515645
2026-02-18 15:07:00,15:07:00,116.7,117.25,114.45,114.7,469755
2026-02-18 15:08:00,15:08:00,115.05,117.2,114.7,116.25,422955
2026-02-18 15:09:00,15:09:00,139.85,139.85,135.7,135.85,149045
2026-02-18 15:10:00,15:10:00,135.7,137.8,135.7,137.25,131885
2026-02-18 15:11:00,15:11:00,114.9,115.5,113.55,115.25,262600
2026-02-18 15:12:00,15:12:00,115.15,115.75,115.0,115.2,298935
2026-02-18 15:13:00,15:13:00,115.3,116.65,115.2,116.65,340990
2026-02-18 15:14:00,15:14:00,116.5,117.5,116.0,116.05,360555
2026-02-18 15:15:00,15:15:00,117.25,118.25,114.45,115.35,583180
2026-02-18 15:16:00,15:16:00,116.2,117.85,115.35,115.8,369265
2026-02-18 15:17:00,15:17:00,116.4,116.55,115.2,115.2,232570
2026-02-18 15:18:00,15:18:00,137.9,139.75,137.55,138.65,97695
2026-02-18 15:19:00,15:19:00,116.1,119.45,116.0,118.65,485485
2026-02-18 15:20:00,15:20:00,118.8,120.35,118.35,119.35,567385
2026-02-18 15:21:00,15:21:00,119.2,120.4,119.2,119.35,350870
2026-02-18 15:22:00,15:22:00,119.25,119.4,117.2,119.0,385775
2026-02-18 15:23:00,15:23:00,119.0,119.8,118.65,119.75,279370
2026-02-18 15:24:00,15:24:00,119.95,120.4,117.75,119.5,457600
2026-02-18 15:25:00,15:25:00,120.1,120.3,118.35,118.6,390585
2026-02-18 15:26:00,15:26:00,118.7,118.85,115.8,117.7,436475
2026-02-18 15:27:00,15:27:00,117.7,118.85,117.6,118.05,391235
2026-02-18 15:28:00,15:28:00,117.9,118.8,117.1,118.6,559130
2026-02-18 15:29:00,15:29:00,118.25,118.6,116.45,117.55,630890
