datetime,time,open,high,low,close,volume
2026-02-09 09:15:00,09:15:00,18.2,18.2,7.25,7.6,1708720
2026-02-09 09:16:00,09:16:00,7.55,8.45,7.4,8.1,1403220
2026-02-09 09:17:00,09:17:00,7.25,7.3,6.9,7.0,1254370
2026-02-09 09:18:00,09:18:00,7.1,7.2,6.95,7.15,750945
2026-02-09 09:19:00,09:19:00,7.35,7.35,6.95,7.15,768560
2026-02-09 09:20:00,09:20:00,7.25,7.4,7.0,7.25,759655
2026-02-09 09:21:00,09:21:00,7.3,7.45,6.95,7.1,774345
2026-02-09 09:22:00,09:22:00,7.1,7.4,7.05,7.25,527735
2026-02-09 09:23:00,09:23:00,7.25,7.4,7.15,7.2,578435
2026-02-09 09:24:00,09:24:00,7.15,7.2,6.95,7.0,475670
2026-02-09 09:25:00,09:25:00,7.05,7.1,6.8,6.95,460525
2026-02-09 09:26:00,09:26:00,6.9,7.0,6.8,6.95,407745
2026-02-09 09:27:00,09:27:00,6.85,7.0,6.75,6.75,517595
2026-02-09 09:28:00,09:28:00,6.8,6.95,6.55,6.55,427635
2026-02-09 09:29:00,09:29:00,6.55,6.75,6.45,6.55,456040
2026-02-09 09:30:00,09:30:00,7.45,7.55,7.35,7.45,282165
2026-02-09 09:31:00,09:31:00,6.6,6.85,6.55,6.8,266565
2026-02-09 09:32:00,09:32:00,6.8,6.85,6.7,6.8,215930
2026-02-09 09:33:00,09:33:00,6.95,7.2,6.8,7.15,385320
2026-02-09 09:34:00,09:34:00,7.2,7.45,7.1,7.1,430170
2026-02-09 09:35:00,09:35:00,7.1,7.25,7.05,7.15,125255
2026-02-09 09:36:00,09:36:00,7.2,7.25,7.0,7.25,170625
2026-02-09 09:37:00,09:37:00,7.2,7.4,7.1,7.15,231790
2026-02-09 09:38:00,09:38:00,7.2,7.35,7.1,7.3,288015
2026-02-09 09:39:00,09:39:00,7.25,7.55,7.05,7.45,346710
2026-02-09 09:40:00,09:40:00,7.45,7.45,7.15,7.15,343265
2026-02-09 09:41:00,09:41:00,7.15,7.4,7.05,7.1,328055
2026-02-09 09:42:00,09:42:00,7.05,7.2,6.9,7.0,219635
2026-02-09 09:43:00,09:43:00,7.05,7.25,7.0,7.1,135460
2026-02-09 09:44:00,09:44:00,7.1,7.3,7.0,7.05,162240
2026-02-09 09:45:00,09:45:00,7.1,7.2,7.0,7.05,192790
2026-02-09 09:46:00,09:46:00,7.05,7.15,6.9,7.0,196625
2026-02-09 09:47:00,09:47:00,7.0,7.1,6.85,6.85,210990
2026-02-09 09:48:00,09:48:00,6.9,7.0,6.75,6.85,295100
2026-02-09 09:49:00,09:49:00,6.85,7.15,6.8,6.95,148850
2026-02-09 09:50:00,09:50:00,6.95,7.0,6.75,7.0,175630
2026-02-09 09:51:00,09:51:00,7.0,7.25,6.9,7.15,159575
2026-02-09 09:52:00,09:52:00,7.05,7.15,6.9,6.95,163865
2026-02-09 09:53:00,09:53:00,7.0,7.0,6.75,6.8,119210
2026-02-09 09:54:00,09:54:00,6.8,7.0,6.75,6.85,93340
2026-02-09 09:55:00,09:55:00,6.85,6.95,6.85,6.9,121940
2026-02-09 09:56:00,09:56:00,6.95,7.1,6.9,6.95,109005
2026-02-09 09:57:00,09:57:00,6.95,6.95,6.75,6.8,173420
2026-02-09 09:58:00,09:58:00,6.75,6.95,6.75,6.9,126750
2026-02-09 09:59:00,09:59:00,6.85,6.9,6.75,6.8,178750
2026-02-09 10:00:00,10:00:00,6.8,6.9,6.75,6.75,216255
2026-02-09 10:01:00,10:01:00,6.8,6.95,6.7,6.85,259610
2026-02-09 10:02:00,10:02:00,6.9,6.95,6.85,6.85,116220
2026-02-09 10:03:00,10:03:00,6.9,7.05,6.85,7.05,111085
2026-02-09 10:04:00,10:04:00,7.0,7.1,7.0,7.05,141960
2026-02-09 10:05:00,10:05:00,7.75,7.85,7.65,7.75,93795
2026-02-09 10:06:00,10:06:00,7.05,7.25,7.0,7.15,159250
2026-02-09 10:07:00,10:07:00,7.2,7.25,7.15,7.2,144950
2026-02-09 10:08:00,10:08:00,7.2,7.35,7.15,7.35,206245
2026-02-09 10:09:00,10:09:00,7.3,7.5,7.25,7.25,141310
2026-02-09 10:10:00,10:10:00,7.25,7.4,7.2,7.2,177385
2026-02-09 10:11:00,10:11:00,7.25,7.25,7.05,7.15,116285
2026-02-09 10:12:00,10:12:00,7.2,7.35,7.15,7.25,125125
2026-02-09 10:13:00,10:13:00,7.2,7.25,7.1,7.2,75660
2026-02-09 10:14:00,10:14:00,7.25,7.25,7.05,7.05,100685
2026-02-09 10:15:00,10:15:00,7.1,7.25,7.05,7.1,79625
2026-02-09 10:16:00,10:16:00,7.05,7.15,6.9,6.95,120900
2026-02-09 10:17:00,10:17:00,7.0,7.0,6.85,6.9,93860
2026-02-09 10:18:00,10:18:00,6.9,6.95,6.75,6.75,160030
2026-02-09 10:19:00,10:19:00,6.8,6.8,6.7,6.75,81835
2026-02-09 10:20:00,10:20:00,6.75,6.8,6.7,6.75,88465
2026-02-09 10:21:00,10:21:00,7.55,7.55,7.35,7.4,100685
2026-02-09 10:22:00,10:22:00,6.75,6.8,6.7,6.8,53430
2026-02-09 10:23:00,10:23:00,6.75,6.8,6.7,6.75,136045
2026-02-09 10:24:00,10:24:00,6.75,6.75,6.6,6.65,63895
2026-02-09 10:25:00,10:25:00,6.6,6.65,6.6,6.6,62010
2026-02-09 10:26:00,10:26:00,6.65,6.7,6.55,6.6,60450
2026-02-09 10:27:00,10:27:00,6.65,6.7,6.6,6.65,86255
2026-02-09 10:28:00,10:28:00,6.6,6.65,6.5,6.55,154895
2026-02-09 10:29:00,10:29:00,6.55,6.7,6.55,6.7,76635
2026-02-09 10:30:00,10:30:00,6.7,6.7,6.55,6.6,40105
2026-02-09 10:31:00,10:31:00,6.65,6.65,6.45,6.5,93535
2026-02-09 10:32:00,10:32:00,7.1,7.1,6.9,7.0,180440
2026-02-09 10:33:00,10:33:00,7.0,7.05,6.95,7.0,160485
2026-02-09 10:34:00,10:34:00,7.0,7.0,6.9,6.95,72930
2026-02-09 10:35:00,10:35:00,7.0,7.05,6.9,7.0,481325
2026-02-09 10:36:00,10:36:00,7.05,7.1,6.95,7.05,91650
2026-02-09 10:37:00,10:37:00,7.05,7.15,7.0,7.1,73970
2026-02-09 10:38:00,10:38:00,7.15,7.3,7.1,7.3,366470
2026-02-09 10:39:00,10:39:00,7.35,7.45,7.2,7.2,129610
2026-02-09 10:40:00,10:40:00,7.25,7.35,7.2,7.35,83655
2026-02-09 10:41:00,10:41:00,7.35,7.35,7.2,7.2,143910
2026-02-09 10:42:00,10:42:00,7.25,7.35,7.2,7.3,107120
2026-02-09 10:43:00,10:43:00,7.25,7.4,7.25,7.35,83265
2026-02-09 10:44:00,10:44:00,7.4,7.4,7.3,7.4,58500
2026-02-09 10:45:00,10:45:00,7.4,7.6,7.4,7.5,101725
2026-02-09 10:46:00,10:46:00,7.5,7.55,7.45,7.55,60385
2026-02-09 10:47:00,10:47:00,7.55,7.6,7.5,7.55,25805
2026-02-09 10:48:00,10:48:00,7.55,7.65,7.5,7.55,109005
2026-02-09 10:49:00,10:49:00,7.6,7.7,7.45,7.55,131365
2026-02-09 10:50:00,10:50:00,7.55,7.55,7.4,7.5,197990
2026-02-09 10:51:00,10:51:00,7.5,7.65,7.5,7.6,76180
2026-02-09 10:52:00,10:52:00,7.55,7.75,7.55,7.65,91585
2026-02-09 10:53:00,10:53:00,7.7,7.75,7.6,7.6,80665
2026-02-09 10:54:00,10:54:00,7.55,7.75,7.55,7.75,148915
2026-02-09 10:55:00,10:55:00,7.7,7.75,7.6,7.75,132275
2026-02-09 10:56:00,10:56:00,7.7,7.85,7.65,7.8,166335
2026-02-09 10:57:00,10:57:00,7.8,7.8,7.7,7.7,150475
2026-02-09 10:58:00,10:58:00,7.7,7.75,7.6,7.75,111605
2026-02-09 10:59:00,10:59:00,7.75,7.85,7.75,7.85,114790
2026-02-09 11:00:00,11:00:00,7.8,7.9,7.8,7.8,112710
2026-02-09 11:01:00,11:01:00,7.85,7.85,7.7,7.75,50700
2026-02-09 11:02:00,11:02:00,7.8,7.95,7.75,7.95,95680
2026-02-09 11:03:00,11:03:00,7.85,7.95,7.75,7.8,80665
2026-02-09 11:04:00,11:04:00,7.8,7.95,7.75,7.9,134810
2026-02-09 11:05:00,11:05:00,7.9,8.0,7.8,8.0,58110
2026-02-09 11:06:00,11:06:00,8.0,8.0,7.8,7.8,80795
2026-02-09 11:07:00,11:07:00,7.85,7.95,7.8,7.85,67080
2026-02-09 11:08:00,11:08:00,7.8,7.85,7.65,7.75,159055
2026-02-09 11:09:00,11:09:00,7.75,7.8,7.65,7.8,131300
2026-02-09 11:10:00,11:10:00,7.8,7.9,7.75,7.85,94770
2026-02-09 11:11:00,11:11:00,7.8,7.85,7.75,7.8,126490
2026-02-09 11:12:00,11:12:00,7.85,7.85,7.7,7.8,74880
2026-02-09 11:13:00,11:13:00,7.8,7.85,7.75,7.8,93210
2026-02-09 11:14:00,11:14:00,7.8,7.95,7.75,7.95,72735
2026-02-09 11:15:00,11:15:00,7.95,7.95,7.85,7.95,60840
2026-02-09 11:16:00,11:16:00,7.9,7.95,7.8,7.8,47710
2026-02-09 11:17:00,11:17:00,7.85,7.85,7.75,7.8,39390
2026-02-09 11:18:00,11:18:00,7.75,7.8,7.7,7.75,24375
2026-02-09 11:19:00,11:19:00,7.75,7.75,7.65,7.75,29055
2026-02-09 11:20:00,11:20:00,7.7,7.9,7.7,7.85,96590
2026-02-09 11:21:00,11:21:00,7.85,7.9,7.75,7.9,59150
2026-02-09 11:22:00,11:22:00,7.9,8.0,7.8,8.0,48880
2026-02-09 11:23:00,11:23:00,7.95,8.0,7.9,8.0,89635
2026-02-09 11:24:00,11:24:00,8.0,8.1,7.95,8.1,84045
2026-02-09 11:25:00,11:25:00,8.05,8.1,8.0,8.1,34060
2026-02-09 11:26:00,11:26:00,8.1,8.1,8.0,8.05,55835
2026-02-09 11:27:00,11:27:00,8.05,8.05,8.0,8.05,55965
2026-02-09 11:28:00,11:28:00,8.05,8.05,7.9,8.05,56290
2026-02-09 11:29:00,11:29:00,8.05,8.1,8.0,8.1,36270
2026-02-09 11:30:00,11:30:00,8.05,8.35,8.05,8.3,120705
2026-02-09 11:31:00,11:31:00,8.3,8.3,8.2,8.2,93015
2026-02-09 11:32:00,11:32:00,8.15,8.2,8.05,8.1,147225
2026-02-09 11:33:00,11:33:00,8.1,8.15,7.95,8.0,72215
2026-02-09 11:34:00,11:34:00,8.05,8.05,7.9,7.9,30940
2026-02-09 11:35:00,11:35:00,7.95,8.0,7.8,7.85,55445
2026-02-09 11:36:00,11:36:00,7.85,7.85,7.75,7.75,43160
2026-02-09 11:37:00,11:37:00,7.8,7.85,7.7,7.75,35295
2026-02-09 11:38:00,11:38:00,7.8,7.95,7.75,7.95,26780
2026-02-09 11:39:00,11:39:00,7.95,7.95,7.8,7.9,15860
2026-02-09 11:40:00,11:40:00,7.85,7.95,7.85,7.9,25805
2026-02-09 11:41:00,11:41:00,7.9,7.95,7.85,7.9,54145
2026-02-09 11:42:00,11:42:00,7.9,8.05,7.9,8.05,43095
2026-02-09 11:43:00,11:43:00,8.05,8.05,7.85,7.9,55640
2026-02-09 11:44:00,11:44:00,7.9,7.95,7.8,7.85,66365
2026-02-09 11:45:00,11:45:00,7.85,7.9,7.8,7.9,68770
2026-02-09 11:46:00,11:46:00,7.9,8.1,7.9,8.1,119730
2026-02-09 11:47:00,11:47:00,8.1,8.1,8.0,8.05,78455
2026-02-09 11:48:00,11:48:00,8.05,8.05,7.95,8.05,65195
2026-02-09 11:49:00,11:49:00,8.05,8.1,7.95,8.0,65975
2026-02-09 11:50:00,11:50:00,8.0,8.05,7.95,8.05,54990
2026-02-09 11:51:00,11:51:00,8.05,8.2,8.05,8.1,94640
2026-02-09 11:52:00,11:52:00,8.1,8.1,7.85,7.95,55445
2026-02-09 11:53:00,11:53:00,7.9,8.05,7.8,7.95,38480
2026-02-09 11:54:00,11:54:00,7.9,7.95,7.8,7.8,32695
2026-02-09 11:55:00,11:55:00,7.8,7.85,7.6,7.7,66885
2026-02-09 11:56:00,11:56:00,7.7,7.7,7.55,7.65,37505
2026-02-09 11:57:00,11:57:00,7.6,7.65,7.5,7.55,40365
2026-02-09 11:58:00,11:58:00,7.55,7.6,7.4,7.45,49400
2026-02-09 11:59:00,11:59:00,7.45,7.6,7.45,7.6,45760
2026-02-09 12:00:00,12:00:00,7.6,7.6,7.5,7.55,42510
2026-02-09 12:01:00,12:01:00,7.55,7.55,7.4,7.45,26845
2026-02-09 12:02:00,12:02:00,7.5,7.5,7.4,7.4,39585
2026-02-09 12:03:00,12:03:00,7.4,7.5,7.4,7.5,23595
2026-02-09 12:04:00,12:04:00,7.5,7.55,7.5,7.5,30160
2026-02-09 12:05:00,12:05:00,7.5,7.55,7.35,7.35,51090
2026-02-09 12:06:00,12:06:00,7.35,7.45,7.35,7.45,23920
2026-02-09 12:07:00,12:07:00,7.45,7.45,7.25,7.3,44915
2026-02-09 12:08:00,12:08:00,7.3,7.3,7.2,7.2,41080
2026-02-09 12:09:00,12:09:00,7.2,7.25,7.15,7.2,54405
2026-02-09 12:10:00,12:10:00,7.2,7.3,7.2,7.25,33670
2026-02-09 12:11:00,12:11:00,7.3,7.3,7.2,7.25,15730
2026-02-09 12:12:00,12:12:00,7.2,7.25,7.2,7.2,14950
2026-02-09 12:13:00,12:13:00,7.2,7.35,7.2,7.2,39065
2026-02-09 12:14:00,12:14:00,7.2,7.35,7.2,7.35,37895
2026-02-09 12:15:00,12:15:00,7.3,7.35,7.25,7.35,10010
2026-02-09 12:16:00,12:16:00,7.35,7.45,7.35,7.35,16120
2026-02-09 12:17:00,12:17:00,7.4,7.4,7.3,7.3,30095
2026-02-09 12:18:00,12:18:00,7.35,7.4,7.3,7.35,16835
2026-02-09 12:19:00,12:19:00,7.3,7.4,7.25,7.3,23335
2026-02-09 12:20:00,12:20:00,7.35,7.35,7.25,7.25,4940
2026-02-09 12:21:00,12:21:00,7.25,7.3,7.2,7.25,26910
2026-02-09 12:22:00,12:22:00,7.25,7.25,7.2,7.25,19175
2026-02-09 12:23:00,12:23:00,7.2,7.35,7.2,7.35,27690
2026-02-09 12:24:00,12:24:00,7.35,7.35,7.25,7.3,19240
2026-02-09 12:25:00,12:25:00,7.3,7.35,7.25,7.3,23790
2026-02-09 12:26:00,12:26:00,7.4,7.4,7.3,7.4,7605
2026-02-09 12:27:00,12:27:00,7.4,7.45,7.25,7.3,20735
2026-02-09 12:28:00,12:28:00,7.3,7.35,7.2,7.25,14820
2026-02-09 12:29:00,12:29:00,7.25,7.35,7.2,7.3,28990
2026-02-09 12:30:00,12:30:00,7.3,7.45,7.25,7.45,67665
2026-02-09 12:31:00,12:31:00,7.45,7.5,7.4,7.45,54730
2026-02-09 12:32:00,12:32:00,7.45,7.5,7.3,7.4,59475
2026-02-09 12:33:00,12:33:00,7.4,7.45,7.3,7.35,16640
2026-02-09 12:34:00,12:34:00,7.35,7.45,7.35,7.4,16380
2026-02-09 12:35:00,12:35:00,7.4,7.4,7.3,7.35,33670
2026-02-09 12:36:00,12:36:00,7.35,7.45,7.35,7.45,11050
2026-02-09 12:37:00,12:37:00,7.45,7.5,7.35,7.4,16640
2026-02-09 12:38:00,12:38:00,7.4,7.55,7.4,7.45,12285
2026-02-09 12:39:00,12:39:00,7.45,7.55,7.4,7.45,18915
2026-02-09 12:40:00,12:40:00,7.45,7.5,7.35,7.4,11505
2026-02-09 12:41:00,12:41:00,7.35,7.4,7.25,7.25,45110
2026-02-09 12:42:00,12:42:00,7.35,7.4,7.25,7.3,9360
2026-02-09 12:43:00,12:43:00,7.3,7.3,7.25,7.3,30485
2026-02-09 12:44:00,12:44:00,7.25,7.35,7.2,7.35,15470
2026-02-09 12:45:00,12:45:00,7.3,7.35,7.25,7.25,17485
2026-02-09 12:46:00,12:46:00,7.25,7.3,7.15,7.2,25675
2026-02-09 12:47:00,12:47:00,7.25,7.3,7.2,7.3,24375
2026-02-09 12:48:00,12:48:00,7.3,7.3,7.2,7.2,34645
2026-02-09 12:49:00,12:49:00,7.25,7.25,7.2,7.2,10660
2026-02-09 12:50:00,12:50:00,7.2,7.25,7.15,7.25,16835
2026-02-09 12:51:00,12:51:00,7.25,7.25,7.05,7.1,35360
2026-02-09 12:52:00,12:52:00,7.15,7.4,7.1,7.4,51610
2026-02-09 12:53:00,12:53:00,6.8,6.9,6.75,6.85,85605
2026-02-09 12:54:00,12:54:00,6.85,6.9,6.75,6.9,77610
2026-02-09 12:55:00,12:55:00,6.85,6.9,6.7,6.7,128505
2026-02-09 12:56:00,12:56:00,6.7,6.8,6.65,6.7,76310
2026-02-09 12:57:00,12:57:00,7.25,7.3,7.15,7.15,35880
2026-02-09 12:58:00,12:58:00,7.15,7.2,7.05,7.1,41600
2026-02-09 12:59:00,12:59:00,7.1,7.15,6.95,7.0,64415
2026-02-09 13:00:00,13:00:00,7.05,7.15,6.9,6.95,45500
2026-02-09 13:01:00,13:01:00,6.9,7.0,6.9,6.9,42185
2026-02-09 13:02:00,13:02:00,6.9,7.0,6.9,7.0,76570
2026-02-09 13:03:00,13:03:00,7.0,7.05,6.95,6.95,28860
2026-02-09 13:04:00,13:04:00,7.0,7.05,6.95,6.95,9360
2026-02-09 13:05:00,13:05:00,6.95,7.0,6.95,7.0,18460
2026-02-09 13:06:00,13:06:00,7.0,7.0,6.95,7.0,26845
2026-02-09 13:07:00,13:07:00,7.0,7.05,6.9,6.95,31135
2026-02-09 13:08:00,13:08:00,6.95,6.95,6.8,6.9,40105
2026-02-09 13:09:00,13:09:00,6.85,6.95,6.8,6.95,65780
2026-02-09 13:10:00,13:10:00,6.95,7.05,6.9,7.0,31720
2026-02-09 13:11:00,13:11:00,7.05,7.05,6.95,7.0,47645
2026-02-09 13:12:00,13:12:00,6.95,7.05,6.95,7.05,38220
2026-02-09 13:13:00,13:13:00,7.05,7.1,7.0,7.05,26715
2026-02-09 13:14:00,13:14:00,7.0,7.05,6.95,7.0,12870
2026-02-09 13:15:00,13:15:00,6.95,7.05,6.9,7.05,25090
2026-02-09 13:16:00,13:16:00,7.0,7.15,7.0,7.1,39195
2026-02-09 13:17:00,13:17:00,7.1,7.15,7.0,7.05,39000
2026-02-09 13:18:00,13:18:00,7.05,7.15,7.0,7.1,13520
2026-02-09 13:19:00,13:19:00,7.1,7.15,7.1,7.1,12935
2026-02-09 13:20:00,13:20:00,7.1,7.2,7.1,7.15,10725
2026-02-09 13:21:00,13:21:00,7.2,7.25,7.1,7.1,35880
2026-02-09 13:22:00,13:22:00,7.15,7.2,7.1,7.15,33410
2026-02-09 13:23:00,13:23:00,7.2,7.25,7.15,7.2,38090
2026-02-09 13:24:00,13:24:00,7.25,7.3,7.2,7.25,9295
2026-02-09 13:25:00,13:25:00,7.25,7.25,7.1,7.25,65910
2026-02-09 13:26:00,13:26:00,7.25,7.25,7.15,7.15,18135
2026-02-09 13:27:00,13:27:00,7.15,7.2,7.1,7.2,20930
2026-02-09 13:28:00,13:28:00,7.2,7.25,7.15,7.25,23140
2026-02-09 13:29:00,13:29:00,7.25,7.4,7.25,7.35,35945
2026-02-09 13:30:00,13:30:00,7.4,7.4,7.2,7.25,22685
2026-02-09 13:31:00,13:31:00,7.2,7.35,7.2,7.35,13975
2026-02-09 13:32:00,13:32:00,7.4,7.4,7.35,7.35,18720
2026-02-09 13:33:00,13:33:00,7.35,7.4,7.25,7.25,40170
2026-02-09 13:34:00,13:34:00,7.25,7.25,7.15,7.15,46345
2026-02-09 13:35:00,13:35:00,7.2,7.25,7.15,7.25,18460
2026-02-09 13:36:00,13:36:00,7.25,7.3,7.15,7.2,22295
2026-02-09 13:37:00,13:37:00,7.25,7.3,7.2,7.3,18850
2026-02-09 13:38:00,13:38:00,7.25,7.35,7.2,7.35,25870
2026-02-09 13:39:00,13:39:00,7.3,7.35,7.25,7.3,9230
2026-02-09 13:40:00,13:40:00,7.3,7.4,7.3,7.35,39065
2026-02-09 13:41:00,13:41:00,7.4,7.4,7.3,7.3,36465
2026-02-09 13:42:00,13:42:00,7.35,7.4,7.25,7.25,17420
2026-02-09 13:43:00,13:43:00,7.25,7.35,7.25,7.3,18980
2026-02-09 13:44:00,13:44:00,7.35,7.35,7.25,7.35,14170
2026-02-09 13:45:00,13:45:00,7.3,7.45,7.3,7.4,35620
2026-02-09 13:46:00,13:46:00,7.4,7.45,7.35,7.35,33605
2026-02-09 13:47:00,13:47:00,7.4,7.6,7.35,7.45,35100
2026-02-09 13:48:00,13:48:00,7.5,7.55,7.4,7.45,45175
2026-02-09 13:49:00,13:49:00,7.5,7.5,7.35,7.5,95940
2026-02-09 13:50:00,13:50:00,7.45,7.5,7.45,7.5,33865
2026-02-09 13:51:00,13:51:00,7.5,7.55,7.4,7.55,47645
2026-02-09 13:52:00,13:52:00,7.55,7.55,7.5,7.5,15600
2026-02-09 13:53:00,13:53:00,7.5,7.55,7.45,7.5,19890
2026-02-09 13:54:00,13:54:00,7.55,7.55,7.45,7.5,17420
2026-02-09 13:55:00,13:55:00,7.5,7.55,7.5,7.55,11570
2026-02-09 13:56:00,13:56:00,7.55,7.55,7.5,7.55,4680
2026-02-09 13:57:00,13:57:00,7.6,7.6,7.5,7.55,16380
2026-02-09 13:58:00,13:58:00,7.55,7.6,7.5,7.5,7865
2026-02-09 13:59:00,13:59:00,7.55,7.6,7.5,7.6,18850
2026-02-09 14:00:00,14:00:00,7.6,7.6,7.5,7.5,29185
2026-02-09 14:01:00,14:01:00,7.6,7.65,7.5,7.6,23920
2026-02-09 14:02:00,14:02:00,7.6,7.65,7.55,7.6,10075
2026-02-09 14:03:00,14:03:00,7.6,7.6,7.5,7.55,46150
2026-02-09 14:04:00,14:04:00,7.6,7.7,7.55,7.65,32305
2026-02-09 14:05:00,14:05:00,7.65,7.8,7.65,7.75,48230
2026-02-09 14:06:00,14:06:00,7.75,7.85,7.75,7.75,53235
2026-02-09 14:07:00,14:07:00,7.8,7.8,7.7,7.75,45045
2026-02-09 14:08:00,14:08:00,7.7,7.85,7.7,7.85,45500
2026-02-09 14:09:00,14:09:00,7.9,7.9,7.8,7.85,18980
2026-02-09 14:10:00,14:10:00,7.85,7.9,7.85,7.85,23660
2026-02-09 14:11:00,14:11:00,7.85,7.9,7.8,7.85,7800
2026-02-09 14:12:00,14:12:00,7.85,8.05,7.85,8.0,52195
2026-02-09 14:13:00,14:13:00,8.0,8.1,8.0,8.0,28015
2026-02-09 14:14:00,14:14:00,8.0,8.05,7.9,7.95,39000
2026-02-09 14:15:00,14:15:00,7.9,7.95,7.8,7.8,24700
2026-02-09 14:16:00,14:16:00,7.85,7.9,7.75,7.9,39130
2026-02-09 14:17:00,14:17:00,7.9,7.95,7.8,7.85,14755
2026-02-09 14:18:00,14:18:00,7.85,7.9,7.8,7.8,27105
2026-02-09 14:19:00,14:19:00,7.85,7.9,7.8,7.9,36205
2026-02-09 14:20:00,14:20:00,7.85,7.95,7.85,7.9,39650
2026-02-09 14:21:00,14:21:00,7.9,7.9,7.8,7.9,37830
2026-02-09 14:22:00,14:22:00,7.9,7.9,7.8,7.8,68055
2026-02-09 14:23:00,14:23:00,7.85,7.85,7.6,7.65,71305
2026-02-09 14:24:00,14:24:00,7.65,7.7,7.65,7.65,68055
2026-02-09 14:25:00,14:25:00,7.65,7.7,7.65,7.65,10335
2026-02-09 14:26:00,14:26:00,7.7,7.75,7.6,7.6,66495
2026-02-09 14:27:00,14:27:00,7.65,7.7,7.55,7.6,39715
2026-02-09 14:28:00,14:28:00,7.55,7.65,7.55,7.65,52975
2026-02-09 14:29:00,14:29:00,7.65,7.65,7.45,7.45,51870
2026-02-09 14:30:00,14:30:00,7.45,7.6,7.4,7.6,61490
2026-02-09 14:31:00,14:31:00,7.6,7.65,7.5,7.5,39780
2026-02-09 14:32:00,14:32:00,7.55,7.6,7.5,7.5,66560
2026-02-09 14:33:00,14:33:00,7.45,7.5,7.3,7.4,68575
2026-02-09 14:34:00,14:34:00,7.35,7.5,7.35,7.45,44590
2026-02-09 14:35:00,14:35:00,7.45,7.7,7.45,7.7,49725
2026-02-09 14:36:00,14:36:00,7.7,7.75,7.65,7.75,44330
2026-02-09 14:37:00,14:37:00,7.65,7.75,7.6,7.65,50245
2026-02-09 14:38:00,14:38:00,7.65,7.7,7.6,7.65,66365
2026-02-09 14:39:00,14:39:00,7.65,7.7,7.6,7.7,47190
2026-02-09 14:40:00,14:40:00,7.65,7.75,7.65,7.7,47125
2026-02-09 14:41:00,14:41:00,7.7,7.8,7.7,7.7,65455
2026-02-09 14:42:00,14:42:00,7.7,7.75,7.6,7.7,84695
2026-02-09 14:43:00,14:43:00,7.75,7.75,7.65,7.7,42445
2026-02-09 14:44:00,14:44:00,7.7,7.95,7.7,7.95,55575
2026-02-09 14:45:00,14:45:00,7.95,8.0,7.85,7.95,35425
2026-02-09 14:46:00,14:46:00,7.95,7.95,7.85,7.95,59995
2026-02-09 14:47:00,14:47:00,7.9,7.95,7.85,7.9,56160
2026-02-09 14:48:00,14:48:00,7.9,7.9,7.8,7.8,75725
2026-02-09 14:49:00,14:49:00,7.85,8.05,7.8,8.0,95225
2026-02-09 14:50:00,14:50:00,8.0,8.05,7.7,7.7,76310
2026-02-09 14:51:00,14:51:00,7.7,7.8,7.7,7.8,39780
2026-02-09 14:52:00,14:52:00,7.8,7.85,7.75,7.8,41145
2026-02-09 14:53:00,14:53:00,7.85,8.05,7.8,7.9,116155
2026-02-09 14:54:00,14:54:00,7.95,8.0,7.75,7.8,196235
2026-02-09 14:55:00,14:55:00,7.85,7.9,7.75,7.85,90480
2026-02-09 14:56:00,14:56:00,7.9,8.0,7.85,7.85,86255
2026-02-09 14:57:00,14:57:00,7.85,8.0,7.85,7.95,59735
2026-02-09 14:58:00,14:58:00,7.95,8.05,7.9,8.0,67990
2026-02-09 14:59:00,14:59:00,8.0,8.15,7.95,7.95,129805
2026-02-09 15:00:00,15:00:00,8.0,8.2,7.95,8.15,115050
2026-02-09 15:01:00,15:01:00,8.15,8.35,8.15,8.35,139165
2026-02-09 15:02:00,15:02:00,8.35,8.9,8.35,8.9,720135
2026-02-09 15:03:00,15:03:00,8.85,8.9,8.55,8.6,147615
2026-02-09 15:04:00,15:04:00,8.6,8.85,8.6,8.75,180505
2026-02-09 15:05:00,15:05:00,8.8,9.05,8.75,8.9,232635
2026-02-09 15:06:00,15:06:00,8.9,9.05,8.9,8.9,342225
2026-02-09 15:07:00,15:07:00,8.9,9.6,8.9,9.55,174655
2026-02-09 15:08:00,15:08:00,9.6,9.9,9.45,9.65,194870
2026-02-09 15:09:00,15:09:00,9.65,10.15,9.5,10.15,168740
2026-02-09 15:10:00,15:10:00,10.15,10.55,10.0,10.15,270335
2026-02-09 15:11:00,15:11:00,10.15,10.15,9.7,9.95,255905
2026-02-09 15:12:00,15:12:00,9.95,10.0,9.35,9.35,250835
2026-02-09 15:13:00,15:13:00,9.45,9.6,9.35,9.5,215345
2026-02-09 15:14:00,15:14:00,9.45,9.9,9.45,9.8,283855
2026-02-09 15:15:00,15:15:00,10.05,10.15,9.8,10.1,313170
2026-02-09 15:16:00,15:16:00,10.1,10.2,9.9,10.1,247455
2026-02-09 15:17:00,15:17:00,10.15,10.2,9.9,10.0,267215
2026-02-09 15:18:00,15:18:00,10.0,10.05,9.55,9.9,244595
2026-02-09 15:19:00,15:19:00,9.9,10.15,9.75,10.15,190450
2026-02-09 15:20:00,15:20:00,10.1,10.15,9.95,10.0,219635
2026-02-09 15:21:00,15:21:00,10.0,10.2,9.95,10.0,189800
2026-02-09 15:22:00,15:22:00,9.95,10.3,9.9,10.3,230750
2026-02-09 15:23:00,15:23:00,10.4,10.65,10.3,10.35,479050
2026-02-09 15:24:00,15:24:00,10.4,10.9,10.35,10.8,281580
2026-02-09 15:25:00,15:25:00,10.85,11.35,10.4,10.5,508625
2026-02-09 15:26:00,15:26:00,10.8,11.15,10.5,11.1,424645
2026-02-09 15:27:00,15:27:00,11.05,11.5,10.45,11.15,561405
2026-02-09 15:28:00,15:28:00,11.2,11.3,11.1,11.2,221715
2026-02-09 15:29:00,15:29:00,11.2,11.35,10.7,10.7,329030
2026-02-11 09:15:00,09:15:00,24.7,24.7,16.3,17.0,808015
2026-02-11 09:16:00,09:16:00,17.3,18.5,17.0,17.3,631540
2026-02-11 09:17:00,09:17:00,17.2,17.3,16.5,16.65,384995
2026-02-11 09:18:00,09:18:00,16.55,17.2,16.55,17.15,442000
2026-02-11 09:19:00,09:19:00,17.1,17.7,17.05,17.4,191490
2026-02-11 09:20:00,09:20:00,17.4,18.3,17.3,18.0,283465
2026-02-11 09:21:00,09:21:00,17.9,18.0,17.2,17.35,210340
2026-02-11 09:22:00,09:22:00,17.3,17.7,17.2,17.7,179465
2026-02-11 09:23:00,09:23:00,17.55,17.9,17.55,17.6,135200
2026-02-11 09:24:00,09:24:00,17.4,17.95,17.35,17.7,109330
2026-02-11 09:25:00,09:25:00,17.75,18.15,17.35,17.6,209430
2026-02-11 09:26:00,09:26:00,17.5,17.6,16.85,17.1,182910
2026-02-11 09:27:00,09:27:00,16.95,17.15,16.85,17.1,188565
2026-02-11 09:28:00,09:28:00,17.2,17.45,17.05,17.15,202345
2026-02-11 09:29:00,09:29:00,17.15,17.3,17.05,17.2,95875
2026-02-11 09:30:00,09:30:00,17.2,17.7,17.0,17.5,165165
2026-02-11 09:31:00,09:31:00,15.35,15.6,15.25,15.5,29250
2026-02-11 09:32:00,09:32:00,15.5,15.85,15.4,15.6,53495
2026-02-11 09:33:00,09:33:00,15.55,15.95,15.55,15.75,44980
2026-02-11 09:34:00,09:34:00,15.75,15.95,15.6,15.9,50375
2026-02-11 09:35:00,09:35:00,15.85,16.1,15.5,16.05,45695
2026-02-11 09:36:00,09:36:00,16.05,16.95,16.05,16.6,111605
2026-02-11 09:37:00,09:37:00,16.55,17.05,16.5,17.05,64870
2026-02-11 09:38:00,09:38:00,17.1,19.15,17.05,18.25,187330
2026-02-11 09:39:00,09:39:00,18.15,19.15,18.15,19.1,114660
2026-02-11 09:40:00,09:40:00,16.8,17.15,16.15,17.15,362895
2026-02-11 09:41:00,09:41:00,19.3,19.65,18.3,18.5,162760
2026-02-11 09:42:00,09:42:00,18.55,19.15,18.25,18.8,92170
2026-02-11 09:43:00,09:43:00,18.75,19.3,18.65,18.7,66690
2026-02-11 09:44:00,09:44:00,18.7,19.1,18.25,18.9,86905
2026-02-11 09:45:00,09:45:00,18.9,19.5,18.6,18.95,108550
2026-02-11 09:46:00,09:46:00,18.95,19.15,18.15,18.65,71500
2026-02-11 09:47:00,09:47:00,18.5,19.25,18.35,18.5,52390
2026-02-11 09:48:00,09:48:00,18.6,19.0,18.15,19.0,40040
2026-02-11 09:49:00,09:49:00,18.9,19.75,18.7,19.65,58890
2026-02-11 09:50:00,09:50:00,19.65,19.9,19.1,19.2,108810
2026-02-11 09:51:00,09:51:00,19.5,19.75,18.9,18.9,58760
2026-02-11 09:52:00,09:52:00,18.8,19.25,18.45,18.55,75335
2026-02-11 09:53:00,09:53:00,18.45,18.75,17.4,17.4,98865
2026-02-11 09:54:00,09:54:00,17.4,17.85,17.25,17.65,87685
2026-02-11 09:55:00,09:55:00,17.65,17.85,17.15,17.6,62400
2026-02-11 09:56:00,09:56:00,17.6,17.8,17.0,17.55,37245
2026-02-11 09:57:00,09:57:00,17.6,17.95,17.1,17.25,33020
2026-02-11 09:58:00,09:58:00,17.3,18.15,17.25,18.15,54795
2026-02-11 09:59:00,09:59:00,17.9,18.6,17.7,18.5,43810
2026-02-11 10:00:00,10:00:00,18.6,19.6,18.5,19.4,116805
2026-02-11 10:01:00,10:01:00,17.0,17.35,16.7,17.15,55250
2026-02-11 10:02:00,10:02:00,17.25,17.7,16.85,17.05,96590
2026-02-11 10:03:00,10:03:00,16.9,17.05,16.5,16.9,149305
2026-02-11 10:04:00,10:04:00,16.9,17.2,16.55,17.2,63570
2026-02-11 10:05:00,10:05:00,17.25,17.4,16.7,17.05,174980
2026-02-11 10:06:00,10:06:00,17.0,17.25,16.65,17.05,260000
2026-02-11 10:07:00,10:07:00,17.05,17.15,16.8,16.8,35230
2026-02-11 10:08:00,10:08:00,16.75,16.85,16.35,16.8,36725
2026-02-11 10:09:00,10:09:00,19.25,19.35,18.8,18.85,43550
2026-02-11 10:10:00,10:10:00,18.8,18.85,17.95,18.65,120380
2026-02-11 10:11:00,10:11:00,18.55,19.2,18.55,19.1,41665
2026-02-11 10:12:00,10:12:00,16.8,17.0,16.6,16.95,49335
2026-02-11 10:13:00,10:13:00,17.05,17.75,16.95,17.0,74490
2026-02-11 10:14:00,10:14:00,16.8,17.1,16.7,16.85,24180
2026-02-11 10:15:00,10:15:00,16.75,16.9,16.45,16.55,142610
2026-02-11 10:16:00,10:16:00,19.0,19.0,18.3,18.55,33345
2026-02-11 10:17:00,10:17:00,18.45,18.55,18.0,18.2,35880
2026-02-11 10:18:00,10:18:00,18.15,18.2,17.5,17.5,45240
2026-02-11 10:19:00,10:19:00,17.4,17.7,17.2,17.4,37310
2026-02-11 10:20:00,10:20:00,17.55,17.65,17.35,17.5,27170
2026-02-11 10:21:00,10:21:00,17.5,17.8,17.3,17.65,23985
2026-02-11 10:22:00,10:22:00,17.5,18.0,17.5,17.6,31135
2026-02-11 10:23:00,10:23:00,17.65,17.65,17.1,17.2,39260
2026-02-11 10:24:00,10:24:00,17.2,17.25,16.8,16.85,40885
2026-02-11 10:25:00,10:25:00,16.8,17.05,16.75,17.0,17940
2026-02-11 10:26:00,10:26:00,17.05,17.25,16.7,17.1,105755
2026-02-11 10:27:00,10:27:00,17.1,17.35,16.8,17.3,119990
2026-02-11 10:28:00,10:28:00,17.25,17.35,16.85,16.95,24375
2026-02-11 10:29:00,10:29:00,16.9,17.0,16.55,16.85,37895
2026-02-11 10:30:00,10:30:00,16.8,16.9,16.6,16.75,33345
2026-02-11 10:31:00,10:31:00,16.8,16.8,16.35,16.35,38480
2026-02-11 10:32:00,10:32:00,16.35,16.8,16.35,16.5,14105
2026-02-11 10:33:00,10:33:00,16.55,16.8,16.45,16.75,13065
2026-02-11 10:34:00,10:34:00,16.7,16.85,16.45,16.75,19955
2026-02-11 10:35:00,10:35:00,16.8,17.15,16.55,16.7,36790
2026-02-11 10:36:00,10:36:00,16.8,16.85,16.5,16.65,15145
2026-02-11 10:37:00,10:37:00,16.5,16.65,16.1,16.1,35295
2026-02-11 10:38:00,10:38:00,18.5,18.6,18.1,18.35,141245
2026-02-11 10:39:00,10:39:00,18.4,18.45,18.1,18.25,76180
2026-02-11 10:40:00,10:40:00,18.2,18.5,18.2,18.5,37310
2026-02-11 10:41:00,10:41:00,18.3,18.7,18.3,18.45,61035
2026-02-11 10:42:00,10:42:00,18.4,18.55,18.2,18.55,46085
2026-02-11 10:43:00,10:43:00,16.25,16.4,16.15,16.3,11310
2026-02-11 10:44:00,10:44:00,16.25,16.45,16.2,16.4,10010
2026-02-11 10:45:00,10:45:00,16.35,16.5,16.25,16.3,50570
2026-02-11 10:46:00,10:46:00,16.35,16.45,16.25,16.35,17355
2026-02-11 10:47:00,10:47:00,18.8,18.95,18.55,18.55,50310
2026-02-11 10:48:00,10:48:00,16.2,16.5,16.2,16.5,21450
2026-02-11 10:49:00,10:49:00,19.0,19.0,18.65,18.65,36660
2026-02-11 10:50:00,10:50:00,16.35,16.4,16.2,16.3,15340
2026-02-11 10:51:00,10:51:00,18.6,18.85,18.5,18.8,44785
2026-02-11 10:52:00,10:52:00,16.45,16.7,16.3,16.7,14235
2026-02-11 10:53:00,10:53:00,16.7,16.85,16.6,16.6,20150
2026-02-11 10:54:00,10:54:00,16.55,17.0,16.55,16.9,21840
2026-02-11 10:55:00,10:55:00,16.85,16.95,16.65,16.7,21905
2026-02-11 10:56:00,10:56:00,16.6,16.75,16.5,16.75,9555
2026-02-11 10:57:00,10:57:00,16.65,16.8,16.6,16.8,13000
2026-02-11 10:58:00,10:58:00,16.8,16.9,16.5,16.5,19240
2026-02-11 10:59:00,10:59:00,16.5,16.65,16.35,16.55,29575
2026-02-11 11:00:00,11:00:00,16.45,16.85,16.45,16.7,27625
2026-02-11 11:01:00,11:01:00,16.6,16.85,16.5,16.7,8450
2026-02-11 11:02:00,11:02:00,16.75,16.85,16.5,16.75,12090
2026-02-11 11:03:00,11:03:00,16.8,16.8,16.6,16.7,10790
2026-02-11 11:04:00,11:04:00,16.7,16.7,16.25,16.25,18590
2026-02-11 11:05:00,11:05:00,16.25,16.35,16.1,16.25,20020
2026-02-11 11:06:00,11:06:00,16.25,16.6,16.15,16.6,14950
2026-02-11 11:07:00,11:07:00,16.65,17.0,16.55,16.85,24635
2026-02-11 11:08:00,11:08:00,17.0,17.6,16.85,17.45,33410
2026-02-11 11:09:00,11:09:00,17.4,17.7,17.35,17.5,62335
2026-02-11 11:10:00,11:10:00,17.3,17.5,17.05,17.4,26065
2026-02-11 11:11:00,11:11:00,17.35,17.7,17.2,17.5,16185
2026-02-11 11:12:00,11:12:00,17.55,17.7,17.25,17.25,13000
2026-02-11 11:13:00,11:13:00,17.3,17.35,16.5,16.6,30615
2026-02-11 11:14:00,11:14:00,16.5,17.0,16.5,17.0,17030
2026-02-11 11:15:00,11:15:00,17.0,17.15,16.45,16.6,43875
2026-02-11 11:16:00,11:16:00,16.5,16.6,16.1,16.35,34060
2026-02-11 11:17:00,11:17:00,16.3,16.55,16.3,16.55,7995
2026-02-11 11:18:00,11:18:00,16.5,16.55,16.35,16.5,7605
2026-02-11 11:19:00,11:19:00,16.7,17.25,16.5,16.9,22100
2026-02-11 11:20:00,11:20:00,16.9,17.15,16.5,17.05,19175
2026-02-11 11:21:00,11:21:00,17.1,17.35,16.75,16.8,21125
2026-02-11 11:22:00,11:22:00,16.85,16.85,16.55,16.6,219245
2026-02-11 11:23:00,11:23:00,16.65,16.65,16.1,16.2,19955
2026-02-11 11:24:00,11:24:00,16.3,16.6,16.15,16.6,244790
2026-02-11 11:25:00,11:25:00,16.5,16.7,16.45,16.7,13195
2026-02-11 11:26:00,11:26:00,16.7,16.75,16.4,16.55,7930
2026-02-11 11:27:00,11:27:00,16.45,16.55,16.35,16.5,5330
2026-02-11 11:28:00,11:28:00,16.6,16.65,16.35,16.45,6565
2026-02-11 11:29:00,11:29:00,16.35,16.75,16.35,16.45,7735
2026-02-11 11:30:00,11:30:00,16.55,16.6,16.4,16.45,9750
2026-02-11 11:31:00,11:31:00,16.45,16.45,16.3,16.45,18980
2026-02-11 11:32:00,11:32:00,16.4,16.45,16.1,16.15,36660
2026-02-11 11:33:00,11:33:00,18.35,18.45,17.9,18.1,133640
2026-02-11 11:34:00,11:34:00,15.95,16.2,15.95,16.1,10465
2026-02-11 11:35:00,11:35:00,18.25,18.25,18.1,18.25,40820
2026-02-11 11:36:00,11:36:00,16.1,16.25,15.9,16.25,225225
2026-02-11 11:37:00,11:37:00,16.25,16.4,16.15,16.25,21060
2026-02-11 11:38:00,11:38:00,16.3,16.4,16.1,16.3,211185
2026-02-11 11:39:00,11:39:00,16.2,16.45,16.2,16.45,129870
2026-02-11 11:40:00,11:40:00,16.35,16.45,16.25,16.3,29055
2026-02-11 11:41:00,11:41:00,16.3,16.45,16.2,16.4,38675
2026-02-11 11:42:00,11:42:00,16.4,16.4,16.0,16.2,6175
2026-02-11 11:43:00,11:43:00,16.2,16.2,16.0,16.15,4615
2026-02-11 11:44:00,11:44:00,16.15,16.45,16.0,16.4,11635
2026-02-11 11:45:00,11:45:00,16.3,16.5,16.25,16.5,7475
2026-02-11 11:46:00,11:46:00,16.55,16.65,16.25,16.35,19370
2026-02-11 11:47:00,11:47:00,16.3,16.35,16.0,16.0,5590
2026-02-11 11:48:00,11:48:00,16.15,16.25,16.0,16.05,9100
2026-02-11 11:49:00,11:49:00,16.15,16.3,16.05,16.1,196040
2026-02-11 11:50:00,11:50:00,16.1,16.25,16.05,16.2,17160
2026-02-11 11:51:00,11:51:00,16.15,16.3,16.1,16.1,7280
2026-02-11 11:52:00,11:52:00,16.1,16.55,16.0,16.55,16055
2026-02-11 11:53:00,11:53:00,16.5,16.55,16.2,16.2,10270
2026-02-11 11:54:00,11:54:00,16.2,16.4,16.15,16.4,8190
2026-02-11 11:55:00,11:55:00,16.45,16.65,16.35,16.45,23335
2026-02-11 11:56:00,11:56:00,16.5,16.7,16.35,16.35,21385
2026-02-11 11:57:00,11:57:00,16.3,16.6,16.25,16.35,33085
2026-02-11 11:58:00,11:58:00,16.35,16.5,16.2,16.45,18330
2026-02-11 11:59:00,11:59:00,16.55,16.85,16.45,16.8,71500
2026-02-11 12:00:00,12:00:00,16.7,17.0,16.55,16.95,38090
2026-02-11 12:01:00,12:01:00,16.65,16.95,16.45,16.45,21320
2026-02-11 12:02:00,12:02:00,16.5,16.7,16.3,16.35,15535
2026-02-11 12:03:00,12:03:00,16.45,16.75,16.35,16.75,19565
2026-02-11 12:04:00,12:04:00,16.75,16.75,16.45,16.45,15795
2026-02-11 12:05:00,12:05:00,16.5,16.8,16.45,16.5,14495
2026-02-11 12:06:00,12:06:00,16.55,16.8,16.4,16.7,12675
2026-02-11 12:07:00,12:07:00,16.7,16.9,16.5,16.85,46475
2026-02-11 12:08:00,12:08:00,16.75,17.5,16.7,17.0,76700
2026-02-11 12:09:00,12:09:00,17.1,17.5,17.0,17.2,25740
2026-02-11 12:10:00,12:10:00,16.95,17.2,16.65,16.7,46280
2026-02-11 12:11:00,12:11:00,16.8,16.85,16.5,16.65,236405
2026-02-11 12:12:00,12:12:00,16.65,16.75,16.4,16.4,22295
2026-02-11 12:13:00,12:13:00,16.5,16.55,16.3,16.4,11310
2026-02-11 12:14:00,12:14:00,16.45,16.75,16.3,16.6,10725
2026-02-11 12:15:00,12:15:00,16.6,16.8,16.6,16.75,16770
2026-02-11 12:16:00,12:16:00,16.85,17.1,16.65,16.75,18265
2026-02-11 12:17:00,12:17:00,16.75,17.05,16.7,16.95,15210
2026-02-11 12:18:00,12:18:00,16.9,17.1,16.85,16.95,28080
2026-02-11 12:19:00,12:19:00,17.1,17.3,16.95,17.05,25220
2026-02-11 12:20:00,12:20:00,17.2,17.3,17.0,17.2,10400
2026-02-11 12:21:00,12:21:00,17.2,17.4,17.0,17.25,25220
2026-02-11 12:22:00,12:22:00,17.15,17.45,17.15,17.35,18980
2026-02-11 12:23:00,12:23:00,17.35,17.6,17.25,17.45,16965
2026-02-11 12:24:00,12:24:00,17.45,17.45,17.3,17.35,11115
2026-02-11 12:25:00,12:25:00,17.3,17.45,17.05,17.45,16510
2026-02-11 12:26:00,12:26:00,17.45,17.45,17.1,17.2,14170
2026-02-11 12:27:00,12:27:00,17.2,17.2,16.75,16.9,19240
2026-02-11 12:28:00,12:28:00,16.9,17.05,16.75,16.9,10140
2026-02-11 12:29:00,12:29:00,16.85,16.95,16.7,16.75,10335
2026-02-11 12:30:00,12:30:00,16.75,17.1,16.7,16.75,13065
2026-02-11 12:31:00,12:31:00,16.6,16.8,16.55,16.8,11635
2026-02-11 12:32:00,12:32:00,16.75,17.5,16.65,17.2,30225
2026-02-11 12:33:00,12:33:00,17.2,17.4,17.1,17.35,13195
2026-02-11 12:34:00,12:34:00,17.4,17.95,17.25,17.8,36465
2026-02-11 12:35:00,12:35:00,17.9,17.95,17.1,17.3,34190
2026-02-11 12:36:00,12:36:00,17.35,17.65,17.25,17.5,16835
2026-02-11 12:37:00,12:37:00,15.3,15.85,15.3,15.8,40235
2026-02-11 12:38:00,12:38:00,15.6,15.8,15.45,15.55,31980
2026-02-11 12:39:00,12:39:00,15.6,15.8,15.55,15.65,30485
2026-02-11 12:40:00,12:40:00,15.6,15.75,15.5,15.5,40105
2026-02-11 12:41:00,12:41:00,15.5,15.5,15.2,15.4,33345
2026-02-11 12:42:00,12:42:00,15.35,17.2,15.25,16.6,151970
2026-02-11 12:43:00,12:43:00,16.55,16.6,16.1,16.35,114920
2026-02-11 12:44:00,12:44:00,16.5,16.5,15.95,16.05,80405
2026-02-11 12:45:00,12:45:00,16.25,16.8,16.05,16.8,82810
2026-02-11 12:46:00,12:46:00,16.85,16.95,16.4,16.65,70005
2026-02-11 12:47:00,12:47:00,16.6,16.65,16.15,16.2,28925
2026-02-11 12:48:00,12:48:00,16.35,16.4,15.75,16.25,44785
2026-02-11 12:49:00,12:49:00,16.25,16.35,15.85,15.9,24310
2026-02-11 12:50:00,12:50:00,15.95,15.95,15.55,15.65,28015
2026-02-11 12:51:00,12:51:00,15.65,16.0,15.55,16.0,22035
2026-02-11 12:52:00,12:52:00,15.95,16.3,15.85,16.0,28340
2026-02-11 12:53:00,12:53:00,16.0,16.1,15.65,15.9,25805
2026-02-11 12:54:00,12:54:00,17.85,18.1,17.6,17.7,31525
2026-02-11 12:55:00,12:55:00,17.75,18.1,17.6,17.8,23920
2026-02-11 12:56:00,12:56:00,18.0,18.0,17.4,17.55,10595
2026-02-11 12:57:00,12:57:00,17.6,17.6,16.9,17.2,39325
2026-02-11 12:58:00,12:58:00,17.15,17.45,16.95,17.15,20605
2026-02-11 12:59:00,12:59:00,17.05,17.45,16.8,17.4,29575
2026-02-11 13:00:00,13:00:00,15.2,15.55,15.15,15.4,58045
2026-02-11 13:01:00,13:01:00,15.35,15.9,15.35,15.6,54470
2026-02-11 13:02:00,13:02:00,15.55,15.95,15.5,15.65,24570
2026-02-11 13:03:00,13:03:00,15.85,16.1,15.4,15.65,30940
2026-02-11 13:04:00,13:04:00,15.6,15.75,15.6,15.75,6500
2026-02-11 13:05:00,13:05:00,15.65,15.75,15.35,15.45,17875
2026-02-11 13:06:00,13:06:00,15.45,15.5,14.9,15.05,54470
2026-02-11 13:07:00,13:07:00,17.05,17.3,16.95,17.1,34775
2026-02-11 13:08:00,13:08:00,17.05,17.3,16.95,17.25,12155
2026-02-11 13:09:00,13:09:00,17.25,17.45,17.15,17.25,16380
2026-02-11 13:10:00,13:10:00,17.2,17.4,17.05,17.2,24180
2026-02-11 13:11:00,13:11:00,15.2,15.25,15.1,15.15,29900
2026-02-11 13:12:00,13:12:00,17.25,17.4,16.7,16.75,13130
2026-02-11 13:13:00,13:13:00,14.8,15.15,14.7,15.15,27820
2026-02-11 13:14:00,13:14:00,15.05,15.5,15.0,15.15,21970
2026-02-11 13:15:00,13:15:00,17.2,17.25,16.95,16.95,7475
2026-02-11 13:16:00,13:16:00,14.9,15.3,14.85,15.1,17680
2026-02-11 13:17:00,13:17:00,17.1,17.25,17.0,17.1,11245
2026-02-11 13:18:00,13:18:00,16.95,17.1,16.85,16.85,14235
2026-02-11 13:19:00,13:19:00,16.85,16.85,16.65,16.75,13585
2026-02-11 13:20:00,13:20:00,16.75,16.75,16.2,16.25,33540
2026-02-11 13:21:00,13:21:00,16.35,16.45,16.15,16.35,9035
2026-02-11 13:22:00,13:22:00,16.4,16.7,16.3,16.6,8905
2026-02-11 13:23:00,13:23:00,16.55,17.1,16.35,17.1,11570
2026-02-11 13:24:00,13:24:00,17.2,17.4,16.5,16.5,23140
2026-02-11 13:25:00,13:25:00,16.4,16.5,16.3,16.45,11765
2026-02-11 13:26:00,13:26:00,16.55,16.6,16.4,16.5,4290
2026-02-11 13:27:00,13:27:00,16.45,16.5,16.1,16.25,15405
2026-02-11 13:28:00,13:28:00,16.3,16.3,15.9,16.05,22880
2026-02-11 13:29:00,13:29:00,15.95,16.05,15.75,15.8,19175
2026-02-11 13:30:00,13:30:00,15.85,16.0,15.6,15.95,25675
2026-02-11 13:31:00,13:31:00,15.9,16.05,15.85,15.95,13780
2026-02-11 13:32:00,13:32:00,16.05,16.25,15.95,15.95,11050
2026-02-11 13:33:00,13:33:00,15.9,16.1,15.8,15.9,11375
2026-02-11 13:34:00,13:34:00,15.95,15.95,15.7,15.85,13910
2026-02-11 13:35:00,13:35:00,15.8,15.95,15.8,15.95,15665
2026-02-11 13:36:00,13:36:00,15.9,16.35,15.85,16.2,11960
2026-02-11 13:37:00,13:37:00,16.25,16.35,16.15,16.3,9360
2026-02-11 13:38:00,13:38:00,16.15,16.3,15.95,16.15,17485
2026-02-11 13:39:00,13:39:00,16.15,16.25,16.05,16.2,13650
2026-02-11 13:40:00,13:40:00,16.15,16.35,16.05,16.05,7280
2026-02-11 13:41:00,13:41:00,16.1,16.15,15.95,15.95,227760
2026-02-11 13:42:00,13:42:00,16.0,16.1,15.7,15.8,20995
2026-02-11 13:43:00,13:43:00,15.75,16.05,15.7,16.05,32630
2026-02-11 13:44:00,13:44:00,16.0,16.25,15.95,16.25,239590
2026-02-11 13:45:00,13:45:00,16.2,16.4,16.2,16.4,13000
2026-02-11 13:46:00,13:46:00,16.3,16.4,16.1,16.15,24505
2026-02-11 13:47:00,13:47:00,16.1,16.4,16.1,16.35,10140
2026-02-11 13:48:00,13:48:00,16.3,16.4,16.2,16.2,15665
2026-02-11 13:49:00,13:49:00,16.25,16.65,16.2,16.6,26130
2026-02-11 13:50:00,13:50:00,16.65,17.1,16.5,17.0,33020
2026-02-11 13:51:00,13:51:00,17.0,17.4,16.8,17.4,26195
2026-02-11 13:52:00,13:52:00,17.25,17.4,16.8,16.9,33540
2026-02-11 13:53:00,13:53:00,16.9,17.05,16.7,17.0,17355
2026-02-11 13:54:00,13:54:00,16.95,17.0,16.75,16.95,12935
2026-02-11 13:55:00,13:55:00,16.85,16.95,16.6,16.75,8645
2026-02-11 13:56:00,13:56:00,16.75,16.85,16.65,16.65,3315
2026-02-11 13:57:00,13:57:00,16.65,16.7,16.5,16.6,14560
2026-02-11 13:58:00,13:58:00,16.8,16.9,16.6,16.85,4485
2026-02-11 13:59:00,13:59:00,16.85,17.05,16.85,17.05,12805
2026-02-11 14:00:00,14:00:00,17.05,17.05,16.8,17.0,11570
2026-02-11 14:01:00,14:01:00,17.1,17.1,16.7,16.9,10465
2026-02-11 14:02:00,14:02:00,16.8,16.9,16.3,16.4,23270
2026-02-11 14:03:00,14:03:00,16.45,16.65,16.4,16.5,10335
2026-02-11 14:04:00,14:04:00,16.4,16.65,16.4,16.45,8255
2026-02-11 14:05:00,14:05:00,16.55,16.55,16.35,16.4,11375
2026-02-11 14:06:00,14:06:00,16.5,16.55,16.15,16.55,10855
2026-02-11 14:07:00,14:07:00,16.6,16.75,16.5,16.6,11310
2026-02-11 14:08:00,14:08:00,16.6,16.6,16.5,16.6,1430
2026-02-11 14:09:00,14:09:00,16.55,16.6,16.4,16.5,23465
2026-02-11 14:10:00,14:10:00,16.45,16.5,16.05,16.1,14430
2026-02-11 14:11:00,14:11:00,16.1,16.4,16.05,16.4,11895
2026-02-11 14:12:00,14:12:00,16.4,16.4,16.25,16.35,5980
2026-02-11 14:13:00,14:13:00,16.25,16.4,16.15,16.15,2925
2026-02-11 14:14:00,14:14:00,16.1,16.15,15.95,15.95,14625
2026-02-11 14:15:00,14:15:00,16.05,16.2,15.95,16.15,25285
2026-02-11 14:16:00,14:16:00,16.05,16.3,16.05,16.05,19045
2026-02-11 14:17:00,14:17:00,16.15,16.25,16.05,16.15,8450
2026-02-11 14:18:00,14:18:00,16.15,16.4,16.1,16.4,12740
2026-02-11 14:19:00,14:19:00,16.3,16.5,16.3,16.4,6630
2026-02-11 14:20:00,14:20:00,16.4,16.55,16.3,16.45,21645
2026-02-11 14:21:00,14:21:00,16.4,16.65,16.4,16.45,20995
2026-02-11 14:22:00,14:22:00,16.5,16.65,16.4,16.65,6500
2026-02-11 14:23:00,14:23:00,16.7,16.9,16.65,16.7,51025
2026-02-11 14:24:00,14:24:00,16.65,16.8,16.65,16.65,15795
2026-02-11 14:25:00,14:25:00,16.65,16.75,16.6,16.75,3185
2026-02-11 14:26:00,14:26:00,16.7,16.75,16.45,16.45,13260
2026-02-11 14:27:00,14:27:00,16.55,16.55,16.35,16.55,7410
2026-02-11 14:28:00,14:28:00,16.5,16.55,16.25,16.3,12675
2026-02-11 14:29:00,14:29:00,16.25,16.65,16.25,16.65,6045
2026-02-11 14:30:00,14:30:00,16.65,16.85,16.55,16.85,10855
2026-02-11 14:31:00,14:31:00,16.8,16.85,16.55,16.55,9035
2026-02-11 14:32:00,14:32:00,16.5,16.55,16.3,16.45,7995
2026-02-11 14:33:00,14:33:00,16.4,16.6,16.4,16.6,2340
2026-02-11 14:34:00,14:34:00,16.5,16.6,16.25,16.3,10920
2026-02-11 14:35:00,14:35:00,16.35,16.5,16.3,16.3,6370
2026-02-11 14:36:00,14:36:00,16.4,16.45,16.3,16.45,6370
2026-02-11 14:37:00,14:37:00,16.35,16.45,16.25,16.45,4355
2026-02-11 14:38:00,14:38:00,16.35,16.5,16.3,16.5,12545
2026-02-11 14:39:00,14:39:00,16.55,16.7,16.45,16.65,29510
2026-02-11 14:40:00,14:40:00,16.7,16.75,16.6,16.65,6825
2026-02-11 14:41:00,14:41:00,16.65,16.7,16.6,16.7,2340
2026-02-11 14:42:00,14:42:00,16.65,16.8,16.65,16.7,8710
2026-02-11 14:43:00,14:43:00,16.75,16.75,16.45,16.6,18070
2026-02-11 14:44:00,14:44:00,16.55,16.75,16.55,16.6,31525
2026-02-11 14:45:00,14:45:00,16.75,16.85,16.6,16.85,11115
2026-02-11 14:46:00,14:46:00,16.75,16.85,16.65,16.65,9490
2026-02-11 14:47:00,14:47:00,16.75,17.05,16.65,16.95,9425
2026-02-11 14:48:00,14:48:00,16.85,17.05,16.85,16.9,8970
2026-02-11 14:49:00,14:49:00,16.85,17.1,16.85,16.9,4940
2026-02-11 14:50:00,14:50:00,17.05,17.05,16.85,17.0,12285
2026-02-11 14:51:00,14:51:00,17.0,17.15,16.95,17.1,18915
2026-02-11 14:52:00,14:52:00,17.0,17.15,16.95,17.15,9035
2026-02-11 14:53:00,14:53:00,17.15,17.35,17.0,17.35,21775
2026-02-11 14:54:00,14:54:00,17.3,17.4,17.15,17.2,10660
2026-02-11 14:55:00,14:55:00,17.2,17.25,17.05,17.15,13845
2026-02-11 14:56:00,14:56:00,17.0,17.15,16.9,17.1,13520
2026-02-11 14:57:00,14:57:00,17.15,17.2,17.0,17.1,4745
2026-02-11 14:58:00,14:58:00,17.1,17.25,17.1,17.15,31460
2026-02-11 14:59:00,14:59:00,17.15,17.4,17.1,17.4,16445
2026-02-11 15:00:00,15:00:00,17.0,17.4,16.75,17.1,49790
2026-02-11 15:01:00,15:01:00,17.2,17.25,17.0,17.1,43875
2026-02-11 15:02:00,15:02:00,17.05,17.45,17.05,17.45,26390
2026-02-11 15:03:00,15:03:00,17.25,17.45,17.1,17.2,30095
2026-02-11 15:04:00,15:04:00,17.15,17.2,17.0,17.05,17680
2026-02-11 15:05:00,15:05:00,17.0,17.05,16.85,17.0,21580
2026-02-11 15:06:00,15:06:00,16.85,17.0,16.75,16.9,34905
2026-02-11 15:07:00,15:07:00,16.9,17.6,16.9,17.55,109395
2026-02-11 15:08:00,15:08:00,17.6,18.25,17.55,17.9,502385
2026-02-11 15:09:00,15:09:00,17.95,18.3,17.9,18.2,35555
2026-02-11 15:10:00,15:10:00,18.2,18.2,17.95,18.15,38610
2026-02-11 15:11:00,15:11:00,18.2,18.3,18.1,18.3,37245
2026-02-11 15:12:00,15:12:00,18.2,18.3,18.0,18.2,30875
2026-02-11 15:13:00,15:13:00,18.2,18.2,17.85,18.05,30355
2026-02-11 15:14:00,15:14:00,18.05,18.05,17.65,17.8,24505
2026-02-11 15:15:00,15:15:00,17.9,18.05,17.6,17.9,81835
2026-02-11 15:16:00,15:16:00,17.9,18.0,17.7,17.95,61490
2026-02-11 15:17:00,15:17:00,17.95,18.2,17.95,18.1,52390
2026-02-11 15:18:00,15:18:00,18.2,18.25,18.0,18.05,43940
2026-02-11 15:19:00,15:19:00,18.05,18.35,18.05,18.35,28600
2026-02-11 15:20:00,15:20:00,18.4,18.9,18.35,18.75,87100
2026-02-11 15:21:00,15:21:00,18.8,18.95,18.75,18.85,52000
2026-02-11 15:22:00,15:22:00,18.85,18.9,18.5,18.65,59150
2026-02-11 15:23:00,15:23:00,18.55,18.9,18.55,18.7,70265
2026-02-11 15:24:00,15:24:00,18.75,19.2,18.6,19.15,79235
2026-02-11 15:25:00,15:25:00,19.15,19.2,18.75,18.8,97305
2026-02-11 15:26:00,15:26:00,18.85,19.0,18.55,19.0,97695
2026-02-11 15:27:00,15:27:00,18.95,19.15,18.85,19.0,83525
2026-02-11 15:28:00,15:28:00,19.05,19.1,18.95,19.05,74035
2026-02-11 15:29:00,15:29:00,19.1,19.2,18.85,19.2,68835
2026-02-12 09:15:00,09:15:00,15.95,15.95,13.0,13.8,391300
2026-02-12 09:16:00,09:16:00,12.45,12.6,11.6,12.35,218205
2026-02-12 09:17:00,09:17:00,12.2,13.2,12.2,12.75,169975
2026-02-12 09:18:00,09:18:00,12.8,14.05,12.75,13.1,145535
2026-02-12 09:19:00,09:19:00,13.3,13.7,13.1,13.7,91260
2026-02-12 09:20:00,09:20:00,13.95,14.65,13.6,13.6,194545
2026-02-12 09:21:00,09:21:00,13.75,14.55,13.6,14.15,182715
2026-02-12 09:22:00,09:22:00,14.05,14.85,13.7,14.75,149110
2026-02-12 09:23:00,09:23:00,15.0,15.65,14.45,15.4,136240
2026-02-12 09:24:00,09:24:00,15.2,15.75,15.05,15.3,104585
2026-02-12 09:25:00,09:25:00,15.45,15.95,14.75,14.8,93990
2026-02-12 09:26:00,09:26:00,14.6,16.15,14.6,16.05,145340
2026-02-12 09:27:00,09:27:00,16.0,16.65,15.2,15.7,299520
2026-02-12 09:28:00,09:28:00,15.65,15.8,15.1,15.15,74425
2026-02-12 09:29:00,09:29:00,15.25,15.8,15.15,15.6,108160
2026-02-12 09:30:00,09:30:00,15.7,16.35,15.35,16.0,175695
2026-02-12 09:31:00,09:31:00,15.8,16.7,15.75,16.1,174460
2026-02-12 09:32:00,09:32:00,16.2,16.5,15.95,16.3,83200
2026-02-12 09:33:00,09:33:00,16.25,16.6,15.35,15.55,162500
2026-02-12 09:34:00,09:34:00,15.5,16.05,15.25,15.55,52975
2026-02-12 09:35:00,09:35:00,15.5,15.8,15.15,15.65,39715
2026-02-12 09:36:00,09:36:00,15.6,15.95,14.95,15.1,55120
2026-02-12 09:37:00,09:37:00,15.15,15.9,15.1,15.65,41275
2026-02-12 09:38:00,09:38:00,15.75,16.35,15.65,15.7,42900
2026-02-12 09:39:00,09:39:00,15.75,15.8,15.25,15.35,34190
2026-02-12 09:40:00,09:40:00,15.35,15.9,15.35,15.45,23595
2026-02-12 09:41:00,09:41:00,15.5,15.85,15.35,15.7,27040
2026-02-12 09:42:00,09:42:00,15.65,15.9,15.45,15.85,24765
2026-02-12 09:43:00,09:43:00,15.9,16.5,15.8,15.8,54925
2026-02-12 09:44:00,09:44:00,15.95,16.0,15.35,15.35,39000
2026-02-12 09:45:00,09:45:00,15.4,15.6,14.95,15.0,58370
2026-02-12 09:46:00,09:46:00,15.05,15.5,15.0,15.4,96135
2026-02-12 09:47:00,09:47:00,15.4,16.1,15.4,15.9,52585
2026-02-12 09:48:00,09:48:00,16.0,16.0,14.6,14.75,57915
2026-02-12 09:49:00,09:49:00,14.7,14.75,14.25,14.25,62660
2026-02-12 09:50:00,09:50:00,14.2,14.35,14.0,14.2,39845
2026-02-12 09:51:00,09:51:00,14.3,14.7,14.15,14.25,26260
2026-02-12 09:52:00,09:52:00,14.2,14.25,14.0,14.2,19435
2026-02-12 09:53:00,09:53:00,14.15,14.25,13.9,14.0,28990
2026-02-12 09:54:00,09:54:00,14.0,14.4,13.95,14.15,24700
2026-02-12 09:55:00,09:55:00,14.2,14.45,14.1,14.4,77220
2026-02-12 09:56:00,09:56:00,14.3,14.4,13.75,13.85,76765
2026-02-12 09:57:00,09:57:00,13.85,14.0,13.55,13.65,74620
2026-02-12 09:58:00,09:58:00,13.6,13.9,13.6,13.85,16120
2026-02-12 09:59:00,09:59:00,13.9,13.9,13.4,13.5,23530
2026-02-12 10:00:00,10:00:00,13.55,13.55,13.3,13.55,44525
2026-02-12 10:01:00,10:01:00,13.6,13.8,13.55,13.65,15860
2026-02-12 10:02:00,10:02:00,13.55,13.95,13.55,13.7,14885
2026-02-12 10:03:00,10:03:00,13.8,13.8,13.0,13.3,30420
2026-02-12 10:04:00,10:04:00,13.15,13.35,13.05,13.35,6500
2026-02-12 10:05:00,10:05:00,13.4,13.45,13.1,13.3,14950
2026-02-12 10:06:00,10:06:00,13.25,13.4,13.1,13.3,12870
2026-02-12 10:07:00,10:07:00,13.3,13.8,13.3,13.8,21580
2026-02-12 10:08:00,10:08:00,13.85,13.95,13.65,13.9,17095
2026-02-12 10:09:00,10:09:00,13.8,13.9,13.15,13.3,43225
2026-02-12 10:10:00,10:10:00,13.35,13.8,13.3,13.45,23400
2026-02-12 10:11:00,10:11:00,13.5,13.55,13.35,13.4,6825
2026-02-12 10:12:00,10:12:00,13.4,13.4,13.0,13.0,21450
2026-02-12 10:13:00,10:13:00,14.6,14.7,14.2,14.2,122525
2026-02-12 10:14:00,10:14:00,14.2,14.4,14.05,14.05,67015
2026-02-12 10:15:00,10:15:00,14.15,14.35,14.05,14.2,96070
2026-02-12 10:16:00,10:16:00,12.7,12.8,12.65,12.8,13130
2026-02-12 10:17:00,10:17:00,12.8,12.9,12.7,12.9,18720
2026-02-12 10:18:00,10:18:00,12.85,13.0,12.7,12.75,14625
2026-02-12 10:19:00,10:19:00,14.35,14.45,14.1,14.1,44655
2026-02-12 10:20:00,10:20:00,14.15,14.35,13.95,14.1,43940
2026-02-12 10:21:00,10:21:00,14.0,14.25,14.0,14.1,108485
2026-02-12 10:22:00,10:22:00,14.1,14.15,13.8,13.8,62660
2026-02-12 10:23:00,10:23:00,13.85,14.0,13.75,13.75,55315
2026-02-12 10:24:00,10:24:00,13.7,13.9,13.7,13.85,47775
2026-02-12 10:25:00,10:25:00,12.35,12.65,12.3,12.65,25870
2026-02-12 10:26:00,10:26:00,12.65,12.7,12.45,12.55,24765
2026-02-12 10:27:00,10:27:00,12.55,12.7,12.55,12.6,8320
2026-02-12 10:28:00,10:28:00,12.55,12.65,12.4,12.55,18785
2026-02-12 10:29:00,10:29:00,12.6,12.6,12.45,12.55,20215
2026-02-12 10:30:00,10:30:00,12.5,12.55,12.35,12.55,12545
2026-02-12 10:31:00,10:31:00,12.5,12.75,12.5,12.55,18395
2026-02-12 10:32:00,10:32:00,12.5,12.65,12.4,12.65,20475
2026-02-12 10:33:00,10:33:00,12.7,12.75,12.5,12.5,9555
2026-02-12 10:34:00,10:34:00,12.5,12.5,12.35,12.4,19890
2026-02-12 10:35:00,10:35:00,12.3,12.5,12.25,12.5,43030
2026-02-12 10:36:00,10:36:00,12.55,13.0,12.5,13.0,18265
2026-02-12 10:37:00,10:37:00,12.9,13.25,12.8,13.25,14040
2026-02-12 10:38:00,10:38:00,13.3,13.4,13.0,13.15,17225
2026-02-12 10:39:00,10:39:00,13.15,13.45,13.0,13.0,23790
2026-02-12 10:40:00,10:40:00,13.0,13.3,13.0,13.3,6890
2026-02-12 10:41:00,10:41:00,13.3,13.3,12.85,12.95,9555
2026-02-12 10:42:00,10:42:00,12.95,13.05,12.75,12.85,13260
2026-02-12 10:43:00,10:43:00,12.85,13.05,12.75,13.0,14170
2026-02-12 10:44:00,10:44:00,13.0,13.2,12.95,13.0,11050
2026-02-12 10:45:00,10:45:00,13.05,13.2,12.9,12.9,9295
2026-02-12 10:46:00,10:46:00,12.9,13.1,12.9,13.05,10010
2026-02-12 10:47:00,10:47:00,13.1,13.3,12.95,13.1,9165
2026-02-12 10:48:00,10:48:00,13.2,13.35,12.9,13.05,10595
2026-02-12 10:49:00,10:49:00,13.15,13.2,13.0,13.1,3900
2026-02-12 10:50:00,10:50:00,13.05,13.5,13.05,13.35,19630
2026-02-12 10:51:00,10:51:00,13.35,13.4,13.15,13.2,5070
2026-02-12 10:52:00,10:52:00,13.1,13.25,13.0,13.2,9555
2026-02-12 10:53:00,10:53:00,13.1,13.25,13.05,13.15,4485
2026-02-12 10:54:00,10:54:00,13.15,13.3,12.95,12.95,4485
2026-02-12 10:55:00,10:55:00,12.95,13.0,12.9,13.0,11830
2026-02-12 10:56:00,10:56:00,13.05,13.2,12.95,13.05,15080
2026-02-12 10:57:00,10:57:00,13.05,13.15,13.0,13.05,15080
2026-02-12 10:58:00,10:58:00,13.15,13.3,13.0,13.15,13780
2026-02-12 10:59:00,10:59:00,13.25,13.3,13.1,13.3,7150
2026-02-12 11:00:00,11:00:00,13.2,13.3,12.95,12.95,10140
2026-02-12 11:01:00,11:01:00,13.05,13.05,12.85,12.9,5590
2026-02-12 11:02:00,11:02:00,12.85,13.05,12.75,12.8,5005
2026-02-12 11:03:00,11:03:00,12.85,13.0,12.8,12.85,14365
2026-02-12 11:04:00,11:04:00,12.85,13.05,12.75,13.0,13975
2026-02-12 11:05:00,11:05:00,12.85,13.0,12.8,12.85,2860
2026-02-12 11:06:00,11:06:00,12.85,12.95,12.7,12.85,10920
2026-02-12 11:07:00,11:07:00,13.0,13.5,12.85,13.3,22295
2026-02-12 11:08:00,11:08:00,13.05,13.3,12.85,12.85,29315
2026-02-12 11:09:00,11:09:00,12.9,12.95,12.8,12.9,17355
2026-02-12 11:10:00,11:10:00,12.85,13.05,12.8,12.95,5915
2026-02-12 11:11:00,11:11:00,12.9,13.05,12.75,12.75,3185
2026-02-12 11:12:00,11:12:00,12.8,12.85,12.75,12.8,1950
2026-02-12 11:13:00,11:13:00,12.8,12.95,12.75,12.9,2145
2026-02-12 11:14:00,11:14:00,12.95,12.95,12.8,12.85,5005
2026-02-12 11:15:00,11:15:00,12.95,13.05,12.85,12.95,4810
2026-02-12 11:16:00,11:16:00,12.95,13.3,12.95,13.2,8320
2026-02-12 11:17:00,11:17:00,13.15,13.25,13.0,13.15,27235
2026-02-12 11:18:00,11:18:00,13.2,13.3,12.95,13.1,29770
2026-02-12 11:19:00,11:19:00,13.1,13.25,12.95,13.0,17810
2026-02-12 11:20:00,11:20:00,12.95,13.3,12.95,13.2,7800
2026-02-12 11:21:00,11:21:00,13.3,13.3,13.05,13.25,13845
2026-02-12 11:22:00,11:22:00,13.1,14.05,13.1,13.7,70135
2026-02-12 11:23:00,11:23:00,13.75,13.9,13.55,13.6,22685
2026-02-12 11:24:00,11:24:00,13.65,13.85,13.6,13.65,23985
2026-02-12 11:25:00,11:25:00,13.65,13.7,13.35,13.35,20670
2026-02-12 11:26:00,11:26:00,13.3,13.5,13.25,13.35,27885
2026-02-12 11:27:00,11:27:00,13.4,13.4,13.25,13.4,6565
2026-02-12 11:28:00,11:28:00,13.4,13.55,13.4,13.5,7800
2026-02-12 11:29:00,11:29:00,13.45,13.5,13.15,13.3,13780
2026-02-12 11:30:00,11:30:00,13.2,13.5,13.1,13.5,17810
2026-02-12 11:31:00,11:31:00,11.95,12.45,11.9,12.3,41730
2026-02-12 11:32:00,11:32:00,14.1,14.2,13.7,13.8,94900
2026-02-12 11:33:00,11:33:00,12.1,12.4,12.1,12.2,39715
2026-02-12 11:34:00,11:34:00,12.2,12.5,12.05,12.35,50245
2026-02-12 11:35:00,11:35:00,12.4,12.5,12.2,12.35,34905
2026-02-12 11:36:00,11:36:00,12.3,12.85,12.25,12.8,35880
2026-02-12 11:37:00,11:37:00,12.7,13.15,12.6,12.9,61230
2026-02-12 11:38:00,11:38:00,12.95,13.0,12.7,12.9,37765
2026-02-12 11:39:00,11:39:00,13.0,13.05,12.7,12.7,40625
2026-02-12 11:40:00,11:40:00,12.75,12.9,12.6,12.6,35685
2026-02-12 11:41:00,11:41:00,14.15,14.25,13.95,14.0,25220
2026-02-12 11:42:00,11:42:00,14.0,14.2,13.8,13.9,26975
2026-02-12 11:43:00,11:43:00,14.0,14.0,13.7,13.7,31070
2026-02-12 11:44:00,11:44:00,13.7,13.8,13.6,13.7,19045
2026-02-12 11:45:00,11:45:00,13.6,13.7,13.55,13.6,8190
2026-02-12 11:46:00,11:46:00,13.6,13.7,13.35,13.7,21970
2026-02-12 11:47:00,11:47:00,13.65,13.95,13.65,13.85,12220
2026-02-12 11:48:00,11:48:00,13.85,13.95,13.8,13.95,10140
2026-02-12 11:49:00,11:49:00,13.85,13.95,13.6,13.8,8905
2026-02-12 11:50:00,11:50:00,12.4,12.7,12.35,12.65,9815
2026-02-12 11:51:00,11:51:00,12.5,13.3,12.5,12.95,59865
2026-02-12 11:52:00,11:52:00,12.95,13.45,12.95,13.4,55055
2026-02-12 11:53:00,11:53:00,13.4,13.45,12.9,12.9,74425
2026-02-12 11:54:00,11:54:00,12.95,13.1,12.75,13.0,33410
2026-02-12 11:55:00,11:55:00,13.0,13.05,12.75,12.8,42120
2026-02-12 11:56:00,11:56:00,12.9,13.3,12.8,13.0,29315
2026-02-12 11:57:00,11:57:00,13.05,13.05,12.85,13.0,17875
2026-02-12 11:58:00,11:58:00,12.95,13.0,12.55,12.55,62595
2026-02-12 11:59:00,11:59:00,14.3,14.35,14.05,14.15,31915
2026-02-12 12:00:00,12:00:00,14.05,14.15,13.9,13.95,67990
2026-02-12 12:01:00,12:01:00,12.25,12.55,12.25,12.5,30680
2026-02-12 12:02:00,12:02:00,12.55,12.8,12.5,12.75,8060
2026-02-12 12:03:00,12:03:00,12.8,13.15,12.75,13.0,31070
2026-02-12 12:04:00,12:04:00,13.0,13.1,12.6,12.8,38805
2026-02-12 12:05:00,12:05:00,12.65,12.85,12.65,12.8,36660
2026-02-12 12:06:00,12:06:00,12.8,12.95,12.6,12.7,14170
2026-02-12 12:07:00,12:07:00,12.75,12.75,12.55,12.65,17095
2026-02-12 12:08:00,12:08:00,12.6,12.65,12.5,12.55,50050
2026-02-12 12:09:00,12:09:00,14.25,14.3,13.95,13.95,16445
2026-02-12 12:10:00,12:10:00,14.0,14.25,13.95,14.15,24375
2026-02-12 12:11:00,12:11:00,14.1,14.15,13.8,14.0,14495
2026-02-12 12:12:00,12:12:00,14.0,14.05,13.75,13.95,16900
2026-02-12 12:13:00,12:13:00,13.9,14.0,13.8,13.9,7540
2026-02-12 12:14:00,12:14:00,13.85,14.05,13.85,13.9,2925
2026-02-12 12:15:00,12:15:00,13.8,13.9,13.75,13.75,24310
2026-02-12 12:16:00,12:16:00,13.65,13.75,13.6,13.75,9165
2026-02-12 12:17:00,12:17:00,13.75,13.9,13.6,13.6,15860
2026-02-12 12:18:00,12:18:00,13.65,13.65,13.35,13.45,9880
2026-02-12 12:19:00,12:19:00,13.45,13.5,13.2,13.25,17095
2026-02-12 12:20:00,12:20:00,13.2,13.35,13.05,13.25,26455
2026-02-12 12:21:00,12:21:00,13.25,13.3,13.0,13.0,7800
2026-02-12 12:22:00,12:22:00,13.05,13.05,12.75,12.85,33280
2026-02-12 12:23:00,12:23:00,12.85,12.95,12.8,12.8,23595
2026-02-12 12:24:00,12:24:00,12.75,12.9,12.75,12.85,6630
2026-02-12 12:25:00,12:25:00,12.9,12.95,12.85,12.9,19890
2026-02-12 12:26:00,12:26:00,12.95,13.1,12.9,13.0,5135
2026-02-12 12:27:00,12:27:00,12.95,13.0,12.8,12.8,6240
2026-02-12 12:28:00,12:28:00,12.8,12.9,12.75,12.8,11440
2026-02-12 12:29:00,12:29:00,12.75,12.85,12.7,12.85,8385
2026-02-12 12:30:00,12:30:00,12.8,12.85,12.6,12.7,12025
2026-02-12 12:31:00,12:31:00,12.75,12.8,12.65,12.8,6890
2026-02-12 12:32:00,12:32:00,12.7,12.8,12.4,12.45,13585
2026-02-12 12:33:00,12:33:00,12.4,12.5,12.3,12.45,8515
2026-02-12 12:34:00,12:34:00,12.5,12.55,12.25,12.5,22815
2026-02-12 12:35:00,12:35:00,12.55,12.65,12.5,12.5,15470
2026-02-12 12:36:00,12:36:00,12.55,12.55,12.45,12.5,8710
2026-02-12 12:37:00,12:37:00,12.55,12.6,12.45,12.5,16315
2026-02-12 12:38:00,12:38:00,12.55,12.6,12.5,12.6,2665
2026-02-12 12:39:00,12:39:00,12.6,12.65,12.55,12.6,8775
2026-02-12 12:40:00,12:40:00,12.55,12.65,12.55,12.65,10010
2026-02-12 12:41:00,12:41:00,12.65,12.65,12.5,12.55,9815
2026-02-12 12:42:00,12:42:00,12.6,12.6,12.35,12.35,17940
2026-02-12 12:43:00,12:43:00,12.45,12.5,12.35,12.45,5915
2026-02-12 12:44:00,12:44:00,12.45,12.45,12.25,12.35,14430
2026-02-12 12:45:00,12:45:00,12.3,12.4,12.25,12.25,61165
2026-02-12 12:46:00,12:46:00,12.25,12.5,12.25,12.4,47190
2026-02-12 12:47:00,12:47:00,12.45,12.45,12.35,12.35,10660
2026-02-12 12:48:00,12:48:00,12.35,12.45,12.25,12.45,6370
2026-02-12 12:49:00,12:49:00,12.35,12.45,12.25,12.25,1365
2026-02-12 12:50:00,12:50:00,12.25,12.3,12.15,12.3,6305
2026-02-12 12:51:00,12:51:00,12.3,12.3,12.2,12.25,22490
2026-02-12 12:52:00,12:52:00,12.2,12.35,12.2,12.3,13780
2026-02-12 12:53:00,12:53:00,12.3,12.35,12.2,12.3,7345
2026-02-12 12:54:00,12:54:00,12.2,12.4,12.2,12.25,7605
2026-02-12 12:55:00,12:55:00,12.4,12.45,12.25,12.4,3120
2026-02-12 12:56:00,12:56:00,12.45,12.45,12.25,12.3,4745
2026-02-12 12:57:00,12:57:00,12.25,12.3,12.2,12.2,3900
2026-02-12 12:58:00,12:58:00,12.2,12.3,12.2,12.3,6240
2026-02-12 12:59:00,12:59:00,12.35,12.45,12.3,12.45,5525
2026-02-12 13:00:00,13:00:00,12.4,12.45,12.35,12.45,14885
2026-02-12 13:01:00,13:01:00,12.45,12.55,12.45,12.5,4095
2026-02-12 13:02:00,13:02:00,12.5,12.5,12.4,12.45,5850
2026-02-12 13:03:00,13:03:00,12.5,12.5,12.4,12.4,12805
2026-02-12 13:04:00,13:04:00,12.45,12.6,12.4,12.55,30550
2026-02-12 13:05:00,13:05:00,12.55,12.7,12.5,12.6,5980
2026-02-12 13:06:00,13:06:00,12.65,12.75,12.6,12.6,20800
2026-02-12 13:07:00,13:07:00,12.7,12.8,12.6,12.8,12545
2026-02-12 13:08:00,13:08:00,12.8,12.85,12.75,12.8,6695
2026-02-12 13:09:00,13:09:00,12.9,12.95,12.8,12.8,14820
2026-02-12 13:10:00,13:10:00,12.8,12.85,12.75,12.8,12545
2026-02-12 13:11:00,13:11:00,12.85,13.1,12.8,13.1,5785
2026-02-12 13:12:00,13:12:00,13.15,13.15,13.0,13.15,11700
2026-02-12 13:13:00,13:13:00,13.2,13.2,13.0,13.05,12610
2026-02-12 13:14:00,13:14:00,13.1,13.25,13.05,13.15,3965
2026-02-12 13:15:00,13:15:00,13.1,13.3,13.05,13.3,13195
2026-02-12 13:16:00,13:16:00,13.2,13.3,12.95,12.95,8125
2026-02-12 13:17:00,13:17:00,12.95,13.15,12.9,12.9,6565
2026-02-12 13:18:00,13:18:00,12.9,12.95,12.2,12.2,82485
2026-02-12 13:19:00,13:19:00,12.25,12.5,12.15,12.5,76960
2026-02-12 13:20:00,13:20:00,12.6,12.75,12.45,12.7,24830
2026-02-12 13:21:00,13:21:00,12.8,12.85,12.65,12.7,70980
2026-02-12 13:22:00,13:22:00,12.75,12.75,12.6,12.6,6890
2026-02-12 13:23:00,13:23:00,12.55,12.6,12.35,12.35,8970
2026-02-12 13:24:00,13:24:00,12.35,12.4,12.25,12.35,64675
2026-02-12 13:25:00,13:25:00,12.3,12.4,12.15,12.15,26845
2026-02-12 13:26:00,13:26:00,12.2,12.2,12.05,12.1,26780
2026-02-12 13:27:00,13:27:00,13.45,13.45,13.3,13.35,42770
2026-02-12 13:28:00,13:28:00,11.9,12.1,11.9,12.05,31915
2026-02-12 13:29:00,13:29:00,12.05,12.05,11.9,11.9,9880
2026-02-12 13:30:00,13:30:00,11.9,11.9,11.75,11.85,16900
2026-02-12 13:31:00,13:31:00,11.9,11.9,11.8,11.9,16055
2026-02-12 13:32:00,13:32:00,11.9,11.95,11.7,11.7,6045
2026-02-12 13:33:00,13:33:00,11.75,11.8,11.55,11.55,18395
2026-02-12 13:34:00,13:34:00,11.5,11.65,11.5,11.6,4095
2026-02-12 13:35:00,13:35:00,11.6,11.65,11.55,11.6,15600
2026-02-12 13:36:00,13:36:00,11.55,11.75,11.55,11.75,5785
2026-02-12 13:37:00,13:37:00,11.75,11.75,11.5,11.5,9035
2026-02-12 13:38:00,13:38:00,11.55,11.6,11.45,11.5,11895
2026-02-12 13:39:00,13:39:00,11.5,11.55,11.45,11.45,10075
2026-02-12 13:40:00,13:40:00,11.5,11.65,11.45,11.65,16445
2026-02-12 13:41:00,13:41:00,11.7,11.85,11.65,11.75,6500
2026-02-12 13:42:00,13:42:00,11.75,11.8,11.65,11.65,7345
2026-02-12 13:43:00,13:43:00,11.7,11.85,11.65,11.85,5655
2026-02-12 13:44:00,13:44:00,11.85,11.95,11.8,11.9,11050
2026-02-12 13:45:00,13:45:00,11.95,12.05,11.85,12.05,7410
2026-02-12 13:46:00,13:46:00,12.0,12.05,11.9,12.05,7020
2026-02-12 13:47:00,13:47:00,12.0,12.1,11.95,12.0,6175
2026-02-12 13:48:00,13:48:00,12.0,12.3,12.0,12.3,29835
2026-02-12 13:49:00,13:49:00,11.05,11.25,11.0,11.15,42510
2026-02-12 13:50:00,13:50:00,11.15,11.45,11.15,11.25,77545
2026-02-12 13:51:00,13:51:00,11.35,11.55,11.2,11.2,78000
2026-02-12 13:52:00,13:52:00,11.2,11.5,11.2,11.3,88855
2026-02-12 13:53:00,13:53:00,11.25,11.35,11.15,11.3,68835
2026-02-12 13:54:00,13:54:00,11.35,11.5,11.1,11.1,67990
2026-02-12 13:55:00,13:55:00,11.25,11.45,11.1,11.45,66040
2026-02-12 13:56:00,13:56:00,11.5,11.55,11.15,11.35,43420
2026-02-12 13:57:00,13:57:00,11.4,11.45,11.35,11.45,20930
2026-02-12 13:58:00,13:58:00,11.45,11.45,11.35,11.35,9100
2026-02-12 13:59:00,13:59:00,11.3,11.4,11.2,11.3,13780
2026-02-12 14:00:00,14:00:00,11.35,11.6,11.3,11.5,38545
2026-02-12 14:01:00,14:01:00,11.5,11.75,11.5,11.75,38350
2026-02-12 14:02:00,14:02:00,11.7,11.8,11.6,11.65,25090
2026-02-12 14:03:00,14:03:00,11.65,11.95,11.65,11.7,24115
2026-02-12 14:04:00,14:04:00,11.6,11.7,11.5,11.55,18850
2026-02-12 14:05:00,14:05:00,11.6,11.65,11.45,11.6,31590
2026-02-12 14:06:00,14:06:00,11.65,11.65,11.4,11.45,21645
2026-02-12 14:07:00,14:07:00,11.45,11.6,11.4,11.4,19305
2026-02-12 14:08:00,14:08:00,11.35,11.4,11.2,11.3,13975
2026-02-12 14:09:00,14:09:00,11.35,11.5,11.3,11.5,7475
2026-02-12 14:10:00,14:10:00,11.4,11.55,11.4,11.5,23335
2026-02-12 14:11:00,14:11:00,11.35,11.5,11.3,11.4,21840
2026-02-12 14:12:00,14:12:00,11.35,11.4,11.25,11.4,11635
2026-02-12 14:13:00,14:13:00,11.35,11.55,11.35,11.35,10205
2026-02-12 14:14:00,14:14:00,11.35,11.4,11.3,11.35,36790
2026-02-12 14:15:00,14:15:00,11.35,11.65,11.35,11.6,44070
2026-02-12 14:16:00,14:16:00,11.65,11.8,11.6,11.65,41795
2026-02-12 14:17:00,14:17:00,11.6,11.9,11.6,11.75,24570
2026-02-12 14:18:00,14:18:00,11.8,11.85,11.7,11.75,10075
2026-02-12 14:19:00,14:19:00,11.9,12.05,11.7,11.75,24635
2026-02-12 14:20:00,14:20:00,11.8,11.85,11.3,11.4,18590
2026-02-12 14:21:00,14:21:00,11.45,11.55,11.4,11.45,9100
2026-02-12 14:22:00,14:22:00,12.7,12.75,12.4,12.6,13910
2026-02-12 14:23:00,14:23:00,12.6,12.6,12.35,12.45,14040
2026-02-12 14:24:00,14:24:00,12.45,12.55,12.35,12.55,9230
2026-02-12 14:25:00,14:25:00,12.4,12.55,12.4,12.55,3120
2026-02-12 14:26:00,14:26:00,12.55,12.8,12.5,12.75,9945
2026-02-12 14:27:00,14:27:00,11.35,11.55,11.35,11.5,28340
2026-02-12 14:28:00,14:28:00,11.55,11.6,11.4,11.4,15080
2026-02-12 14:29:00,14:29:00,11.4,11.55,11.25,11.45,13845
2026-02-12 14:30:00,14:30:00,12.7,13.0,12.65,12.65,13780
2026-02-12 14:31:00,14:31:00,12.65,12.7,12.6,12.6,3380
2026-02-12 14:32:00,14:32:00,12.6,12.8,12.6,12.6,21190
2026-02-12 14:33:00,14:33:00,12.6,12.65,12.55,12.65,4225
2026-02-12 14:34:00,14:34:00,11.3,11.4,11.25,11.3,14820
2026-02-12 14:35:00,14:35:00,11.4,11.4,11.25,11.25,5200
2026-02-12 14:36:00,14:36:00,12.55,12.6,12.45,12.45,5330
2026-02-12 14:37:00,14:37:00,11.2,11.45,11.15,11.35,203580
2026-02-12 14:38:00,14:38:00,11.35,11.6,11.3,11.5,70915
2026-02-12 14:39:00,14:39:00,11.45,11.65,11.4,11.55,23920
2026-02-12 14:40:00,14:40:00,11.6,11.65,11.4,11.45,19045
2026-02-12 14:41:00,14:41:00,11.45,11.7,11.45,11.5,23140
2026-02-12 14:42:00,14:42:00,11.5,11.7,11.45,11.65,26260
2026-02-12 14:43:00,14:43:00,11.7,12.1,11.6,12.05,43680
2026-02-12 14:44:00,14:44:00,12.05,12.65,12.05,12.15,111930
2026-02-12 14:45:00,14:45:00,12.2,12.4,11.95,12.4,94510
2026-02-12 14:46:00,14:46:00,12.4,12.75,12.15,12.5,101920
2026-02-12 14:47:00,14:47:00,11.45,12.75,11.35,12.75,180050
2026-02-12 14:48:00,14:48:00,12.5,13.35,12.35,13.0,120380
2026-02-12 14:49:00,14:49:00,13.0,13.95,13.0,13.65,144235
2026-02-12 14:50:00,14:50:00,13.5,15.05,13.5,13.8,179530
2026-02-12 14:51:00,14:51:00,13.75,14.7,13.75,14.6,107250
2026-02-12 14:52:00,14:52:00,14.75,14.95,14.35,14.5,79690
2026-02-12 14:53:00,14:53:00,14.65,15.2,13.95,14.15,96785
2026-02-12 14:54:00,14:54:00,15.8,15.8,15.25,15.45,181350
2026-02-12 14:55:00,14:55:00,15.4,15.5,14.65,15.5,113945
2026-02-12 14:56:00,14:56:00,15.35,15.5,14.85,15.1,153595
2026-02-12 14:57:00,14:57:00,15.15,15.2,14.6,14.85,71435
2026-02-12 14:58:00,14:58:00,15.05,15.05,14.45,14.45,39780
2026-02-12 14:59:00,14:59:00,14.5,14.6,14.15,14.5,71695
2026-02-12 15:00:00,15:00:00,14.0,14.5,13.4,13.4,261105
2026-02-12 15:01:00,15:01:00,13.15,13.65,12.95,13.0,168285
2026-02-12 15:02:00,15:02:00,12.95,13.0,12.35,12.35,167505
2026-02-12 15:03:00,15:03:00,13.85,14.05,13.65,13.7,109135
2026-02-12 15:04:00,15:04:00,12.1,12.1,11.75,12.05,276250
2026-02-12 15:05:00,15:05:00,12.1,12.45,12.0,12.35,184210
2026-02-12 15:06:00,15:06:00,12.4,12.65,12.25,12.4,110110
2026-02-12 15:07:00,15:07:00,12.5,12.75,12.25,12.65,102570
2026-02-12 15:08:00,15:08:00,12.7,12.7,12.1,12.1,93990
2026-02-12 15:09:00,15:09:00,12.05,12.2,11.95,12.15,93275
2026-02-12 15:10:00,15:10:00,12.2,12.4,12.1,12.1,59540
2026-02-12 15:11:00,15:11:00,12.2,12.2,11.95,12.1,44980
2026-02-12 15:12:00,15:12:00,12.15,12.15,11.8,11.9,78975
2026-02-12 15:13:00,15:13:00,11.85,11.9,11.7,11.8,99190
2026-02-12 15:14:00,15:14:00,11.75,11.8,11.65,11.65,58500
2026-02-12 15:15:00,15:15:00,11.8,12.0,11.6,11.75,186030
2026-02-12 15:16:00,15:16:00,11.75,11.75,11.4,11.5,182130
2026-02-12 15:17:00,15:17:00,11.5,11.95,11.25,11.95,138515
2026-02-12 15:18:00,15:18:00,12.0,12.0,11.45,11.8,172445
2026-02-12 15:19:00,15:19:00,11.8,11.85,11.45,11.5,98280
2026-02-12 15:20:00,15:20:00,11.5,11.55,11.35,11.5,121810
2026-02-12 15:21:00,15:21:00,11.55,11.6,11.25,11.3,160875
2026-02-12 15:22:00,15:22:00,11.35,11.35,10.8,10.95,187785
2026-02-12 15:23:00,15:23:00,11.0,11.1,10.9,11.1,210015
2026-02-12 15:24:00,15:24:00,11.0,11.1,10.75,11.1,219245
2026-02-12 15:25:00,15:25:00,11.05,11.1,10.85,10.9,187655
2026-02-12 15:26:00,15:26:00,10.95,11.0,10.6,10.65,210015
2026-02-12 15:27:00,15:27:00,10.85,10.9,10.35,10.35,286000
2026-02-12 15:28:00,15:28:00,10.45,10.65,10.35,10.55,308230
2026-02-12 15:29:00,15:29:00,10.55,10.9,10.45,10.85,440895
2026-02-13 09:15:00,09:15:00,226.0,295.05,224.95,295.05,1185990
2026-02-13 09:16:00,09:16:00,296.2,312.9,292.45,292.95,662350
2026-02-13 09:17:00,09:17:00,294.2,301.05,286.5,289.35,341250
2026-02-13 09:18:00,09:18:00,289.0,289.6,276.15,284.45,184015
2026-02-13 09:19:00,09:19:00,286.25,300.3,284.25,293.55,237315
2026-02-13 09:20:00,09:20:00,294.75,306.8,293.55,295.9,223015
2026-02-13 09:21:00,09:21:00,291.85,305.0,291.85,301.35,169585
2026-02-13 09:22:00,09:22:00,300.9,311.4,296.9,310.2,268645
2026-02-13 09:23:00,09:23:00,310.05,310.2,298.8,300.0,147745
2026-02-13 09:24:00,09:24:00,299.7,301.45,293.8,295.6,114725
2026-02-13 09:25:00,09:25:00,295.15,301.75,294.25,300.95,69225
2026-02-13 09:26:00,09:26:00,301.9,308.6,292.0,305.35,60970
2026-02-13 09:27:00,09:27:00,305.85,306.95,298.65,302.05,66690
2026-02-13 09:28:00,09:28:00,301.65,306.3,301.35,303.45,63440
2026-02-13 09:29:00,09:29:00,304.45,312.3,303.45,310.8,112580
2026-02-13 09:30:00,09:30:00,269.0,282.2,267.15,279.85,150540
2026-02-13 09:31:00,09:31:00,277.0,280.55,273.55,280.55,107705
2026-02-13 09:32:00,09:32:00,281.8,289.15,280.5,286.4,105170
2026-02-13 09:33:00,09:33:00,286.45,287.35,280.2,286.0,46735
2026-02-13 09:34:00,09:34:00,285.65,299.0,285.65,292.15,71630
2026-02-13 09:35:00,09:35:00,293.6,296.2,289.4,290.25,51025
2026-02-13 09:36:00,09:36:00,290.2,300.75,289.0,300.75,42640
2026-02-13 09:37:00,09:37:00,298.75,301.0,295.1,298.0,27885
2026-02-13 09:38:00,09:38:00,296.9,299.0,294.15,297.85,24895
2026-02-13 09:39:00,09:39:00,298.85,304.55,297.85,300.05,53560
2026-02-13 09:40:00,09:40:00,298.6,316.7,298.6,308.25,78000
2026-02-13 09:41:00,09:41:00,306.8,308.25,295.1,295.1,40170
2026-02-13 09:42:00,09:42:00,294.05,299.6,289.55,293.5,38545
2026-02-13 09:43:00,09:43:00,293.05,294.3,288.0,288.55,23010
2026-02-13 09:44:00,09:44:00,287.55,295.9,286.25,289.85,26715
2026-02-13 09:45:00,09:45:00,291.1,294.9,287.3,289.35,23465
2026-02-13 09:46:00,09:46:00,288.55,297.8,287.1,290.4,28665
2026-02-13 09:47:00,09:47:00,290.1,299.05,290.0,298.0,17940
2026-02-13 09:48:00,09:48:00,299.35,300.5,292.0,297.75,26650
2026-02-13 09:49:00,09:49:00,299.15,306.0,296.15,304.25,32435
2026-02-13 09:50:00,09:50:00,303.6,305.6,299.35,303.75,32110
2026-02-13 09:51:00,09:51:00,303.8,305.8,296.0,297.6,18005
2026-02-13 09:52:00,09:52:00,296.95,297.6,290.35,294.0,19825
2026-02-13 09:53:00,09:53:00,292.7,294.0,283.8,288.0,23790
2026-02-13 09:54:00,09:54:00,287.9,294.65,284.45,294.5,19760
2026-02-13 09:55:00,09:55:00,294.45,299.3,292.5,297.8,23335
2026-02-13 09:56:00,09:56:00,298.75,309.95,297.8,305.55,37180
2026-02-13 09:57:00,09:57:00,304.45,309.25,301.9,302.25,19305
2026-02-13 09:58:00,09:58:00,302.0,305.35,298.2,301.85,20280
2026-02-13 09:59:00,09:59:00,302.15,305.0,299.0,303.6,10010
2026-02-13 10:00:00,10:00:00,303.0,305.1,297.15,300.45,17550
2026-02-13 10:01:00,10:01:00,299.5,300.65,293.4,294.55,17940
2026-02-13 10:02:00,10:02:00,293.6,302.0,293.6,299.6,9360
2026-02-13 10:03:00,10:03:00,299.25,303.0,294.9,294.9,10075
2026-02-13 10:04:00,10:04:00,293.5,299.0,291.1,291.1,14625
2026-02-13 10:05:00,10:05:00,291.95,297.75,291.1,296.6,13065
2026-02-13 10:06:00,10:06:00,297.05,302.0,296.6,301.25,13260
2026-02-13 10:07:00,10:07:00,302.05,303.25,296.85,299.8,18460
2026-02-13 10:08:00,10:08:00,299.85,304.8,298.55,301.9,9360
2026-02-13 10:09:00,10:09:00,301.6,306.0,300.8,301.6,13975
2026-02-13 10:10:00,10:10:00,304.0,306.8,301.6,304.2,7670
2026-02-13 10:11:00,10:11:00,304.55,305.45,300.95,301.15,7930
2026-02-13 10:12:00,10:12:00,302.85,303.15,293.65,294.05,14300
2026-02-13 10:13:00,10:13:00,293.6,303.2,293.55,302.95,9490
2026-02-13 10:14:00,10:14:00,303.8,308.05,300.0,306.0,20345
2026-02-13 10:15:00,10:15:00,306.3,312.8,306.0,307.85,23270
2026-02-13 10:16:00,10:16:00,263.25,269.3,262.3,265.85,92950
2026-02-13 10:17:00,10:17:00,266.85,277.25,265.85,272.15,266825
2026-02-13 10:18:00,10:18:00,315.6,316.25,307.0,310.0,24245
2026-02-13 10:19:00,10:19:00,309.15,311.25,306.95,309.95,13195
2026-02-13 10:20:00,10:20:00,310.0,312.0,301.8,303.65,16705
2026-02-13 10:21:00,10:21:00,305.0,311.65,303.65,306.6,8125
2026-02-13 10:22:00,10:22:00,307.35,311.0,306.4,308.95,4030
2026-02-13 10:23:00,10:23:00,308.45,308.95,300.0,301.5,13975
2026-02-13 10:24:00,10:24:00,299.4,302.35,298.45,300.5,9620
2026-02-13 10:25:00,10:25:00,300.0,301.6,296.6,297.45,9555
2026-02-13 10:26:00,10:26:00,298.55,301.3,296.2,297.0,8515
2026-02-13 10:27:00,10:27:00,296.95,300.8,295.95,296.0,8970
2026-02-13 10:28:00,10:28:00,295.5,301.45,295.4,300.0,9035
2026-02-13 10:29:00,10:29:00,300.35,301.0,296.0,298.85,4810
2026-02-13 10:30:00,10:30:00,298.3,298.85,291.1,295.0,16120
2026-02-13 10:31:00,10:31:00,295.25,298.5,292.3,292.75,7605
2026-02-13 10:32:00,10:32:00,293.8,294.25,289.45,292.3,11960
2026-02-13 10:33:00,10:33:00,292.5,295.35,287.9,288.5,17160
2026-02-13 10:34:00,10:34:00,288.6,288.95,283.05,285.5,14430
2026-02-13 10:35:00,10:35:00,286.0,289.0,280.0,284.05,23920
2026-02-13 10:36:00,10:36:00,284.3,290.45,283.85,286.35,35945
2026-02-13 10:37:00,10:37:00,284.2,287.6,279.65,281.95,38415
2026-02-13 10:38:00,10:38:00,282.0,285.0,280.0,280.35,14430
2026-02-13 10:39:00,10:39:00,326.0,326.0,318.0,320.8,75790
2026-02-13 10:40:00,10:40:00,321.2,324.55,319.0,319.0,29185
2026-02-13 10:41:00,10:41:00,274.95,282.75,274.6,282.75,25350
2026-02-13 10:42:00,10:42:00,327.45,329.1,317.65,319.05,33410
2026-02-13 10:43:00,10:43:00,319.75,320.6,316.8,320.1,15730
2026-02-13 10:44:00,10:44:00,276.1,282.75,274.65,281.85,14300
2026-02-13 10:45:00,10:45:00,281.7,287.0,281.0,287.0,21060
2026-02-13 10:46:00,10:46:00,287.7,289.75,282.7,283.35,30875
2026-02-13 10:47:00,10:47:00,282.95,290.55,282.95,288.6,13975
2026-02-13 10:48:00,10:48:00,289.1,289.95,284.55,285.55,11050
2026-02-13 10:49:00,10:49:00,287.35,294.75,285.55,294.75,23205
2026-02-13 10:50:00,10:50:00,294.95,304.45,294.75,298.0,63700
2026-02-13 10:51:00,10:51:00,297.4,298.0,291.7,293.8,14430
2026-02-13 10:52:00,10:52:00,292.0,293.8,287.25,287.45,19110
2026-02-13 10:53:00,10:53:00,285.7,293.05,285.7,293.05,14365
2026-02-13 10:54:00,10:54:00,293.45,294.0,289.1,290.4,10335
2026-02-13 10:55:00,10:55:00,290.0,292.0,284.0,284.6,14105
2026-02-13 10:56:00,10:56:00,284.0,286.0,279.0,280.5,24050
2026-02-13 10:57:00,10:57:00,280.85,287.6,279.75,285.7,10465
2026-02-13 10:58:00,10:58:00,286.4,289.4,283.95,288.85,6240
2026-02-13 10:59:00,10:59:00,287.6,292.0,287.0,290.85,13065
2026-02-13 11:00:00,11:00:00,292.0,295.1,289.4,290.2,14300
2026-02-13 11:01:00,11:01:00,289.8,294.4,288.85,293.85,10660
2026-02-13 11:02:00,11:02:00,295.5,303.8,293.85,299.95,35685
2026-02-13 11:03:00,11:03:00,300.35,301.4,295.25,295.4,21125
2026-02-13 11:04:00,11:04:00,295.05,302.1,295.05,302.1,13845
2026-02-13 11:05:00,11:05:00,300.75,303.85,300.75,303.05,15080
2026-02-13 11:06:00,11:06:00,303.5,303.5,299.15,300.6,8580
2026-02-13 11:07:00,11:07:00,301.0,304.3,300.6,303.9,10400
2026-02-13 11:08:00,11:08:00,304.35,305.9,300.35,302.75,16055
2026-02-13 11:09:00,11:09:00,302.65,308.0,301.6,303.2,15600
2026-02-13 11:10:00,11:10:00,303.05,303.2,300.0,301.35,8060
2026-02-13 11:11:00,11:11:00,302.0,303.9,299.3,302.85,5980
2026-02-13 11:12:00,11:12:00,302.85,303.9,300.05,301.3,7150
2026-02-13 11:13:00,11:13:00,299.25,302.2,297.65,299.25,7280
2026-02-13 11:14:00,11:14:00,299.65,300.0,294.0,294.3,10270
2026-02-13 11:15:00,11:15:00,293.1,298.95,292.0,298.25,11830
2026-02-13 11:16:00,11:16:00,297.75,303.8,296.55,302.55,10010
2026-02-13 11:17:00,11:17:00,302.5,312.8,302.5,312.0,20800
2026-02-13 11:18:00,11:18:00,312.3,315.4,309.9,314.55,18005
2026-02-13 11:19:00,11:19:00,312.9,315.0,311.35,311.7,6565
2026-02-13 11:20:00,11:20:00,311.9,313.25,310.4,311.4,8060
2026-02-13 11:21:00,11:21:00,311.85,312.1,307.5,309.0,8385
2026-02-13 11:22:00,11:22:00,310.6,315.0,309.0,313.35,7605
2026-02-13 11:23:00,11:23:00,311.45,315.35,310.65,312.2,7865
2026-02-13 11:24:00,11:24:00,311.75,315.0,311.1,311.6,5005
2026-02-13 11:25:00,11:25:00,311.1,311.75,309.0,309.55,4290
2026-02-13 11:26:00,11:26:00,310.35,312.1,303.25,303.25,11180
2026-02-13 11:27:00,11:27:00,302.0,305.7,302.0,305.65,9880
2026-02-13 11:28:00,11:28:00,304.55,307.55,303.0,303.0,3445
2026-02-13 11:29:00,11:29:00,305.0,306.6,300.7,302.25,9945
2026-02-13 11:30:00,11:30:00,301.7,314.1,301.1,313.95,26195
2026-02-13 11:31:00,11:31:00,313.65,314.75,306.15,307.45,23985
2026-02-13 11:32:00,11:32:00,307.9,314.15,306.85,312.0,5395
2026-02-13 11:33:00,11:33:00,311.85,312.3,305.45,310.0,7280
2026-02-13 11:34:00,11:34:00,310.4,316.55,310.0,315.85,10400
2026-02-13 11:35:00,11:35:00,315.05,315.85,311.05,311.2,6695
2026-02-13 11:36:00,11:36:00,311.65,316.0,310.2,315.15,3315
2026-02-13 11:37:00,11:37:00,314.25,315.15,310.5,310.5,9815
2026-02-13 11:38:00,11:38:00,310.0,315.5,309.75,315.5,3705
2026-02-13 11:39:00,11:39:00,315.75,315.75,311.85,314.65,5590
2026-02-13 11:40:00,11:40:00,313.65,315.0,312.65,315.0,2405
2026-02-13 11:41:00,11:41:00,315.3,321.0,313.55,313.55,24310
2026-02-13 11:42:00,11:42:00,314.7,315.0,309.8,311.0,6630
2026-02-13 11:43:00,11:43:00,310.85,311.05,307.3,309.0,15535
2026-02-13 11:44:00,11:44:00,308.45,309.0,298.65,298.75,12610
2026-02-13 11:45:00,11:45:00,300.0,304.6,298.15,301.1,17420
2026-02-13 11:46:00,11:46:00,299.8,304.25,299.8,303.55,5200
2026-02-13 11:47:00,11:47:00,304.0,304.8,300.5,301.45,8255
2026-02-13 11:48:00,11:48:00,301.15,303.8,300.0,303.2,2080
2026-02-13 11:49:00,11:49:00,304.4,306.8,303.2,303.7,6045
2026-02-13 11:50:00,11:50:00,302.45,303.8,300.95,300.95,2210
2026-02-13 11:51:00,11:51:00,300.15,301.0,297.0,298.0,11635
2026-02-13 11:52:00,11:52:00,300.25,303.25,298.0,300.35,5395
2026-02-13 11:53:00,11:53:00,300.5,301.05,298.0,298.8,5265
2026-02-13 11:54:00,11:54:00,297.0,300.45,296.25,300.45,5200
2026-02-13 11:55:00,11:55:00,300.9,303.65,298.1,298.1,8125
2026-02-13 11:56:00,11:56:00,296.75,302.15,295.25,298.9,3250
2026-02-13 11:57:00,11:57:00,299.15,300.4,296.0,297.7,5525
2026-02-13 11:58:00,11:58:00,297.0,298.4,292.95,298.4,8710
2026-02-13 11:59:00,11:59:00,297.7,300.1,294.2,294.2,7020
2026-02-13 12:00:00,12:00:00,294.15,295.9,290.7,295.5,10790
2026-02-13 12:01:00,12:01:00,295.45,296.65,292.9,294.8,10920
2026-02-13 12:02:00,12:02:00,295.2,295.45,286.9,287.9,19370
2026-02-13 12:03:00,12:03:00,289.05,290.95,287.25,290.95,7020
2026-02-13 12:04:00,12:04:00,289.05,298.45,289.05,294.25,7410
2026-02-13 12:05:00,12:05:00,293.0,294.25,291.35,292.0,6955
2026-02-13 12:06:00,12:06:00,291.6,292.75,283.55,283.8,14170
2026-02-13 12:07:00,12:07:00,283.2,290.0,283.05,290.0,11830
2026-02-13 12:08:00,12:08:00,287.25,290.0,286.6,288.6,6045
2026-02-13 12:09:00,12:09:00,288.2,290.0,282.1,289.4,12285
2026-02-13 12:10:00,12:10:00,289.35,292.9,289.05,291.6,7475
2026-02-13 12:11:00,12:11:00,290.9,291.6,283.7,287.5,6825
2026-02-13 12:12:00,12:12:00,286.6,291.5,284.0,289.45,8320
2026-02-13 12:13:00,12:13:00,288.0,290.8,287.25,287.65,1560
2026-02-13 12:14:00,12:14:00,289.45,291.0,285.9,286.1,4615
2026-02-13 12:15:00,12:15:00,285.5,290.0,285.15,289.95,5655
2026-02-13 12:16:00,12:16:00,291.15,293.1,289.15,292.4,16965
2026-02-13 12:17:00,12:17:00,293.0,295.8,289.5,294.1,14755
2026-02-13 12:18:00,12:18:00,294.55,294.85,288.25,288.95,12090
2026-02-13 12:19:00,12:19:00,289.95,291.95,285.0,285.0,5135
2026-02-13 12:20:00,12:20:00,329.65,332.95,326.85,328.0,12610
2026-02-13 12:21:00,12:21:00,283.1,286.9,282.85,285.55,3445
2026-02-13 12:22:00,12:22:00,328.05,331.0,328.0,329.0,5915
2026-02-13 12:23:00,12:23:00,283.95,285.0,281.95,285.0,11570
2026-02-13 12:24:00,12:24:00,328.45,329.85,324.3,326.85,19500
2026-02-13 12:25:00,12:25:00,326.75,328.4,324.7,325.3,83590
2026-02-13 12:26:00,12:26:00,324.15,325.7,318.75,321.0,145795
2026-02-13 12:27:00,12:27:00,319.45,321.05,304.0,304.9,67600
2026-02-13 12:28:00,12:28:00,305.4,315.0,304.9,315.0,59215
2026-02-13 12:29:00,12:29:00,314.8,319.9,314.0,318.15,27300
2026-02-13 12:30:00,12:30:00,319.0,324.0,316.15,321.9,38220
2026-02-13 12:31:00,12:31:00,319.85,323.1,316.4,320.35,21905
2026-02-13 12:32:00,12:32:00,319.7,323.0,317.3,317.65,8580
2026-02-13 12:33:00,12:33:00,317.0,320.5,314.7,316.35,10985
2026-02-13 12:34:00,12:34:00,315.0,316.35,301.05,306.3,33670
2026-02-13 12:35:00,12:35:00,305.6,311.3,305.6,310.55,66560
2026-02-13 12:36:00,12:36:00,309.5,316.85,309.5,314.95,29445
2026-02-13 12:37:00,12:37:00,315.2,321.9,313.75,314.15,18200
2026-02-13 12:38:00,12:38:00,314.4,316.7,312.1,315.75,23010
2026-02-13 12:39:00,12:39:00,315.75,317.75,310.55,311.8,18070
2026-02-13 12:40:00,12:40:00,311.85,317.2,311.8,315.75,11505
2026-02-13 12:41:00,12:41:00,315.3,323.45,315.0,322.65,13390
2026-02-13 12:42:00,12:42:00,322.85,323.35,315.25,317.25,22100
2026-02-13 12:43:00,12:43:00,317.25,321.2,317.25,318.8,15535
2026-02-13 12:44:00,12:44:00,318.0,319.4,316.0,319.4,7995
2026-02-13 12:45:00,12:45:00,319.85,319.85,314.75,314.75,14365
2026-02-13 12:46:00,12:46:00,314.1,314.75,306.2,311.65,45045
2026-02-13 12:47:00,12:47:00,311.5,318.95,311.5,318.05,18980
2026-02-13 12:48:00,12:48:00,318.45,325.2,317.5,322.0,41795
2026-02-13 12:49:00,12:49:00,278.2,285.0,275.6,282.4,22750
2026-02-13 12:50:00,12:50:00,283.6,290.9,282.4,288.4,41795
2026-02-13 12:51:00,12:51:00,288.7,288.7,281.45,284.35,28990
2026-02-13 12:52:00,12:52:00,284.7,289.0,284.35,289.0,10400
2026-02-13 12:53:00,12:53:00,288.15,292.0,285.2,291.2,14105
2026-02-13 12:54:00,12:54:00,292.6,294.75,291.15,292.0,15730
2026-02-13 12:55:00,12:55:00,292.55,298.0,291.35,297.1,20995
2026-02-13 12:56:00,12:56:00,297.6,300.0,295.35,298.15,35230
2026-02-13 12:57:00,12:57:00,298.65,299.3,291.8,291.85,15600
2026-02-13 12:58:00,12:58:00,291.55,298.3,289.3,297.6,20735
2026-02-13 12:59:00,12:59:00,297.2,302.2,295.7,300.15,18070
2026-02-13 13:00:00,13:00:00,299.4,300.95,293.55,297.0,10790
2026-02-13 13:01:00,13:01:00,298.0,303.0,295.5,301.45,13260
2026-02-13 13:02:00,13:02:00,301.0,307.55,300.75,305.65,16185
2026-02-13 13:03:00,13:03:00,307.45,312.45,305.65,306.7,21970
2026-02-13 13:04:00,13:04:00,308.0,308.3,304.3,304.9,6695
2026-02-13 13:05:00,13:05:00,305.2,308.0,303.45,305.3,20150
2026-02-13 13:06:00,13:06:00,307.0,308.65,305.3,307.7,9815
2026-02-13 13:07:00,13:07:00,307.15,309.55,304.9,304.9,7410
2026-02-13 13:08:00,13:08:00,304.5,304.9,301.25,302.55,11050
2026-02-13 13:09:00,13:09:00,302.0,302.55,297.8,298.0,8450
2026-02-13 13:10:00,13:10:00,297.7,300.15,296.05,299.7,5265
2026-02-13 13:11:00,13:11:00,297.35,299.7,289.65,290.2,14820
2026-02-13 13:12:00,13:12:00,288.95,291.35,284.7,287.3,24700
2026-02-13 13:13:00,13:13:00,287.6,289.1,285.65,288.95,10205
2026-02-13 13:14:00,13:14:00,289.5,291.0,284.2,285.0,15080
2026-02-13 13:15:00,13:15:00,328.25,329.6,322.55,326.25,21775
2026-02-13 13:16:00,13:16:00,281.05,288.8,279.5,285.9,12090
2026-02-13 13:17:00,13:17:00,286.95,287.8,284.4,284.4,7475
2026-02-13 13:18:00,13:18:00,331.05,331.05,323.2,323.6,61555
2026-02-13 13:19:00,13:19:00,322.5,323.95,320.1,322.3,28925
2026-02-13 13:20:00,13:20:00,278.4,287.0,276.4,285.8,20085
2026-02-13 13:21:00,13:21:00,286.9,288.9,285.5,286.65,13845
2026-02-13 13:22:00,13:22:00,286.65,290.0,286.2,287.75,10725
2026-02-13 13:23:00,13:23:00,289.0,300.9,287.75,298.0,29055
2026-02-13 13:24:00,13:24:00,297.75,298.2,294.15,297.75,23010
2026-02-13 13:25:00,13:25:00,298.35,303.35,297.25,301.15,38350
2026-02-13 13:26:00,13:26:00,301.0,304.75,299.1,303.4,36010
2026-02-13 13:27:00,13:27:00,302.6,303.6,299.5,301.0,14560
2026-02-13 13:28:00,13:28:00,298.45,301.0,296.3,296.6,8580
2026-02-13 13:29:00,13:29:00,296.0,301.0,293.05,301.0,10660
2026-02-13 13:30:00,13:30:00,301.65,302.2,296.45,298.0,11180
2026-02-13 13:31:00,13:31:00,298.3,303.0,298.0,303.0,6890
2026-02-13 13:32:00,13:32:00,302.05,307.45,302.05,305.5,15340
2026-02-13 13:33:00,13:33:00,305.5,305.5,298.75,298.75,9880
2026-02-13 13:34:00,13:34:00,298.35,302.5,298.3,301.05,3445
2026-02-13 13:35:00,13:35:00,300.5,301.05,297.65,299.9,1690
2026-02-13 13:36:00,13:36:00,300.2,301.2,296.0,297.0,11180
2026-02-13 13:37:00,13:37:00,295.4,297.0,290.3,291.45,13065
2026-02-13 13:38:00,13:38:00,292.7,300.25,291.45,300.1,8385
2026-02-13 13:39:00,13:39:00,299.5,301.8,297.25,297.25,12740
2026-02-13 13:40:00,13:40:00,300.2,300.2,295.2,299.1,5980
2026-02-13 13:41:00,13:41:00,298.15,300.45,295.65,295.65,4225
2026-02-13 13:42:00,13:42:00,295.0,296.1,293.45,294.9,3705
2026-02-13 13:43:00,13:43:00,295.1,302.5,294.9,301.6,9815
2026-02-13 13:44:00,13:44:00,301.25,305.25,299.65,305.25,13975
2026-02-13 13:45:00,13:45:00,306.95,308.0,303.8,307.75,18395
2026-02-13 13:46:00,13:46:00,307.35,318.0,305.0,312.7,68770
2026-02-13 13:47:00,13:47:00,269.05,283.25,267.5,283.25,197275
2026-02-13 13:48:00,13:48:00,283.75,284.4,274.05,279.45,141700
2026-02-13 13:49:00,13:49:00,280.4,295.05,279.45,287.9,316095
2026-02-13 13:50:00,13:50:00,290.95,292.2,285.05,291.8,84110
2026-02-13 13:51:00,13:51:00,291.2,300.0,288.7,297.75,156780
2026-02-13 13:52:00,13:52:00,298.25,298.8,286.0,289.2,113945
2026-02-13 13:53:00,13:53:00,289.3,296.7,288.35,291.65,63895
2026-02-13 13:54:00,13:54:00,292.15,292.8,286.05,286.05,40820
2026-02-13 13:55:00,13:55:00,287.2,287.2,278.75,284.15,90220
2026-02-13 13:56:00,13:56:00,283.65,285.85,280.85,284.15,35945
2026-02-13 13:57:00,13:57:00,329.1,329.5,322.25,325.9,12740
2026-02-13 13:58:00,13:58:00,327.0,327.7,321.25,321.4,7735
2026-02-13 13:59:00,13:59:00,276.0,281.6,274.3,280.45,66560
2026-02-13 14:00:00,14:00:00,280.05,285.9,278.7,284.7,62855
2026-02-13 14:01:00,14:01:00,284.2,289.55,283.45,289.55,64805
2026-02-13 14:02:00,14:02:00,334.5,335.3,322.5,322.5,11440
2026-02-13 14:03:00,14:03:00,322.3,325.65,321.4,321.95,8515
2026-02-13 14:04:00,14:04:00,321.5,325.5,320.05,324.6,3120
2026-02-13 14:05:00,14:05:00,326.25,326.25,315.8,318.75,11310
2026-02-13 14:06:00,14:06:00,317.55,321.75,314.55,321.75,4485
2026-02-13 14:07:00,14:07:00,322.7,325.65,321.3,322.15,11765
2026-02-13 14:08:00,14:08:00,279.0,288.15,277.6,286.75,104065
2026-02-13 14:09:00,14:09:00,286.55,289.0,283.25,285.3,52845
2026-02-13 14:10:00,14:10:00,285.25,288.0,284.0,284.65,35100
2026-02-13 14:11:00,14:11:00,330.6,330.7,320.2,323.1,8060
2026-02-13 14:12:00,14:12:00,324.35,326.0,321.15,322.3,6500
2026-02-13 14:13:00,14:13:00,325.1,325.4,319.95,321.65,2730
2026-02-13 14:14:00,14:14:00,322.5,323.3,318.7,319.1,2860
2026-02-13 14:15:00,14:15:00,318.15,321.9,316.4,321.9,7345
2026-02-13 14:16:00,14:16:00,319.75,321.9,317.35,318.0,3445
2026-02-13 14:17:00,14:17:00,318.2,323.0,317.75,320.65,8710
2026-02-13 14:18:00,14:18:00,320.55,323.45,319.2,321.5,4550
2026-02-13 14:19:00,14:19:00,323.4,324.5,321.5,323.0,2990
2026-02-13 14:20:00,14:20:00,322.0,323.0,317.75,319.2,9295
2026-02-13 14:21:00,14:21:00,273.05,281.55,273.05,281.3,47190
2026-02-13 14:22:00,14:22:00,281.65,284.1,279.0,283.5,56030
2026-02-13 14:23:00,14:23:00,283.25,285.9,280.9,280.9,52650
2026-02-13 14:24:00,14:24:00,327.2,327.6,322.75,322.75,2925
2026-02-13 14:25:00,14:25:00,320.65,322.75,316.55,317.7,6240
2026-02-13 14:26:00,14:26:00,317.0,320.6,315.6,319.1,3640
2026-02-13 14:27:00,14:27:00,319.25,321.15,319.0,320.1,2405
2026-02-13 14:28:00,14:28:00,322.0,322.0,315.6,316.4,3835
2026-02-13 14:29:00,14:29:00,316.3,319.8,315.25,319.05,3055
2026-02-13 14:30:00,14:30:00,318.75,324.2,317.75,322.5,3445
2026-02-13 14:31:00,14:31:00,322.95,325.95,320.3,321.7,5980
2026-02-13 14:32:00,14:32:00,320.0,326.25,320.0,326.0,7280
2026-02-13 14:33:00,14:33:00,283.15,284.75,280.45,283.65,59475
2026-02-13 14:34:00,14:34:00,283.85,293.35,281.5,293.0,119990
2026-02-13 14:35:00,14:35:00,290.55,293.0,284.05,288.1,71305
2026-02-13 14:36:00,14:36:00,288.25,298.85,286.2,298.3,63765
2026-02-13 14:37:00,14:37:00,296.0,299.9,293.0,298.4,96135
2026-02-13 14:38:00,14:38:00,297.45,302.8,292.65,292.8,141830
2026-02-13 14:39:00,14:39:00,293.5,293.5,283.0,288.0,114205
2026-02-13 14:40:00,14:40:00,287.5,296.0,287.5,291.4,71760
2026-02-13 14:41:00,14:41:00,290.4,295.45,286.8,295.05,64025
2026-02-13 14:42:00,14:42:00,294.25,296.85,289.4,289.4,54210
2026-02-13 14:43:00,14:43:00,288.7,289.65,286.25,289.4,34515
2026-02-13 14:44:00,14:44:00,288.7,293.0,288.0,291.7,30290
2026-02-13 14:45:00,14:45:00,291.8,291.8,288.5,290.2,21580
2026-02-13 14:46:00,14:46:00,289.2,295.0,289.0,290.6,39000
2026-02-13 14:47:00,14:47:00,292.1,293.0,289.55,292.0,22425
2026-02-13 14:48:00,14:48:00,291.05,294.6,289.0,290.7,42835
2026-02-13 14:49:00,14:49:00,289.55,297.15,289.55,293.3,49855
2026-02-13 14:50:00,14:50:00,292.5,296.05,289.55,294.25,33735
2026-02-13 14:51:00,14:51:00,293.75,294.8,288.6,289.15,39130
2026-02-13 14:52:00,14:52:00,289.3,290.0,286.35,288.7,39520
2026-02-13 14:53:00,14:53:00,289.5,290.65,287.6,288.1,45825
2026-02-13 14:54:00,14:54:00,288.0,291.3,286.45,290.75,41600
2026-02-13 14:55:00,14:55:00,291.15,291.6,289.5,289.8,13780
2026-02-13 14:56:00,14:56:00,289.0,290.6,284.55,287.5,60775
2026-02-13 14:57:00,14:57:00,286.95,287.75,283.4,285.55,41665
2026-02-13 14:58:00,14:58:00,285.05,288.8,281.5,285.15,38610
2026-02-13 14:59:00,14:59:00,284.8,289.55,283.35,288.35,39195
2026-02-13 15:00:00,15:00:00,285.0,320.8,284.8,318.0,248560
2026-02-13 15:01:00,15:01:00,315.85,324.3,311.8,320.0,152620
2026-02-13 15:02:00,15:02:00,317.95,320.0,305.25,305.25,148395
2026-02-13 15:03:00,15:03:00,304.0,310.8,303.45,308.0,62660
2026-02-13 15:04:00,15:04:00,306.85,315.1,306.55,313.45,47775
2026-02-13 15:05:00,15:05:00,315.0,320.5,311.95,320.0,83980
2026-02-13 15:06:00,15:06:00,320.5,330.6,319.0,327.0,144170
2026-02-13 15:07:00,15:07:00,325.4,334.95,324.2,331.6,82030
2026-02-13 15:08:00,15:08:00,330.35,334.0,326.55,332.65,50830
2026-02-13 15:09:00,15:09:00,332.7,338.3,326.0,328.15,107510
2026-02-13 15:10:00,15:10:00,327.95,328.25,321.65,325.6,62660
2026-02-13 15:11:00,15:11:00,325.95,327.0,323.0,324.3,26975
2026-02-13 15:12:00,15:12:00,323.8,332.4,323.8,330.0,65780
2026-02-13 15:13:00,15:13:00,328.25,330.75,325.0,326.4,27820
2026-02-13 15:14:00,15:14:00,324.8,327.4,322.6,325.9,53690
2026-02-13 15:15:00,15:15:00,325.8,325.9,317.6,319.0,102505
2026-02-13 15:16:00,15:16:00,318.9,324.0,315.2,323.0,65520
2026-02-13 15:17:00,15:17:00,279.05,282.25,276.45,281.35,27040
2026-02-13 15:18:00,15:18:00,322.6,324.9,315.0,318.75,61035
2026-02-13 15:19:00,15:19:00,319.35,319.35,312.75,314.15,55055
2026-02-13 15:20:00,15:20:00,314.15,317.5,310.45,316.35,64155
2026-02-13 15:21:00,15:21:00,316.3,322.0,316.3,322.0,75010
2026-02-13 15:22:00,15:22:00,320.55,325.3,320.55,324.15,50115
2026-02-13 15:23:00,15:23:00,280.25,293.05,280.25,287.8,39585
2026-02-13 15:24:00,15:24:00,286.85,291.4,286.85,291.4,32435
2026-02-13 15:25:00,15:25:00,290.0,295.95,288.0,295.95,35945
2026-02-13 15:26:00,15:26:00,296.1,335.95,295.65,329.9,68705
2026-02-13 15:27:00,15:27:00,329.25,332.7,320.0,332.7,42055
2026-02-13 15:28:00,15:28:00,332.5,332.7,320.1,324.3,52520
2026-02-13 15:29:00,15:29:00,323.95,328.8,317.55,327.7,51220
2026-02-16 09:15:00,09:15:00,373.9,413.05,373.9,389.25,107510
2026-02-16 09:16:00,09:16:00,389.0,389.25,351.6,363.85,60645
2026-02-16 09:17:00,09:17:00,361.3,368.95,360.25,360.55,55380
2026-02-16 09:18:00,09:18:00,360.05,362.3,349.9,355.5,35555
2026-02-16 09:19:00,09:19:00,354.85,355.5,337.2,337.2,40690
2026-02-16 09:20:00,09:20:00,337.5,346.2,331.45,339.75,61620
2026-02-16 09:21:00,09:21:00,337.95,343.1,329.95,335.2,47125
2026-02-16 09:22:00,09:22:00,379.7,382.0,371.55,377.5,10205
2026-02-16 09:23:00,09:23:00,373.6,377.5,367.6,368.9,11375
2026-02-16 09:24:00,09:24:00,370.15,380.95,368.9,370.15,12025
2026-02-16 09:25:00,09:25:00,322.8,336.3,321.0,334.75,30095
2026-02-16 09:26:00,09:26:00,331.95,343.0,330.6,340.75,66430
2026-02-16 09:27:00,09:27:00,341.85,348.85,337.05,337.05,47580
2026-02-16 09:28:00,09:28:00,386.35,386.35,369.9,370.85,2860
2026-02-16 09:29:00,09:29:00,324.1,333.05,323.25,333.05,37115
2026-02-16 09:30:00,09:30:00,378.6,380.0,362.0,363.95,8255
2026-02-16 09:31:00,09:31:00,362.9,363.95,351.15,359.35,7215
2026-02-16 09:32:00,09:32:00,357.0,359.35,353.3,357.4,16510
2026-02-16 09:33:00,09:33:00,354.8,357.4,344.9,346.0,6760
2026-02-16 09:34:00,09:34:00,346.45,346.95,336.6,341.7,4095
2026-02-16 09:35:00,09:35:00,341.6,348.5,341.6,344.0,5135
2026-02-16 09:36:00,09:36:00,346.25,351.25,344.0,351.25,7995
2026-02-16 09:37:00,09:37:00,350.25,361.55,350.25,357.25,9815
2026-02-16 09:38:00,09:38:00,359.8,362.85,353.95,362.8,4160
2026-02-16 09:39:00,09:39:00,360.7,363.0,355.7,355.7,1950
2026-02-16 09:40:00,09:40:00,355.25,372.55,355.25,368.15,7150
2026-02-16 09:41:00,09:41:00,374.1,377.9,368.15,368.2,23595
2026-02-16 09:42:00,09:42:00,366.0,368.2,361.6,363.55,4680
2026-02-16 09:43:00,09:43:00,318.9,336.0,318.25,335.9,142805
2026-02-16 09:44:00,09:44:00,336.0,342.9,334.0,339.15,73060
2026-02-16 09:45:00,09:45:00,340.25,344.6,335.0,341.7,28860
2026-02-16 09:46:00,09:46:00,342.55,344.5,330.0,332.7,39780
2026-02-16 09:47:00,09:47:00,334.2,341.0,332.7,335.0,21970
2026-02-16 09:48:00,09:48:00,336.85,346.0,335.0,344.85,33085
2026-02-16 09:49:00,09:49:00,345.0,350.7,344.0,344.0,39975
2026-02-16 09:50:00,09:50:00,344.1,349.45,341.95,346.5,18395
2026-02-16 09:51:00,09:51:00,349.45,359.9,346.5,356.65,53625
2026-02-16 09:52:00,09:52:00,356.8,365.0,356.4,358.7,45045
2026-02-16 09:53:00,09:53:00,359.2,359.2,342.1,348.5,49465
2026-02-16 09:54:00,09:54:00,347.1,349.45,337.0,337.0,32435
2026-02-16 09:55:00,09:55:00,385.15,390.1,377.4,377.75,7995
2026-02-16 09:56:00,09:56:00,330.65,334.0,326.8,333.0,35750
2026-02-16 09:57:00,09:57:00,380.0,380.15,366.75,366.8,4160
2026-02-16 09:58:00,09:58:00,363.8,368.9,359.8,368.9,1950
2026-02-16 09:59:00,09:59:00,368.7,371.45,359.25,360.25,7800
2026-02-16 10:00:00,10:00:00,358.75,360.25,349.55,359.75,25025
2026-02-16 10:01:00,10:01:00,354.85,359.75,342.2,346.65,6500
2026-02-16 10:02:00,10:02:00,342.95,346.65,332.0,335.9,8255
2026-02-16 10:03:00,10:03:00,335.55,335.9,325.0,326.1,6565
2026-02-16 10:04:00,10:04:00,376.6,383.8,373.3,373.3,7995
2026-02-16 10:05:00,10:05:00,371.4,374.35,368.0,374.35,7605
2026-02-16 10:06:00,10:06:00,326.25,332.4,321.6,331.05,12545
2026-02-16 10:07:00,10:07:00,331.35,337.65,330.9,333.3,6435
2026-02-16 10:08:00,10:08:00,334.55,339.6,332.75,332.75,5395
2026-02-16 10:09:00,10:09:00,332.0,335.2,328.0,328.5,7345
2026-02-16 10:10:00,10:10:00,329.4,333.2,328.5,333.2,3510
2026-02-16 10:11:00,10:11:00,331.5,333.2,322.05,327.9,10010
2026-02-16 10:12:00,10:12:00,375.75,376.25,347.0,350.05,41405
2026-02-16 10:13:00,10:13:00,349.6,350.05,338.6,346.15,63960
2026-02-16 10:14:00,10:14:00,346.4,358.75,346.15,348.05,45175
2026-02-16 10:15:00,10:15:00,346.8,353.15,340.0,353.15,14105
2026-02-16 10:16:00,10:16:00,352.45,357.75,350.95,353.0,35750
2026-02-16 10:17:00,10:17:00,352.8,353.1,346.55,351.95,41990
2026-02-16 10:18:00,10:18:00,349.3,352.15,346.55,347.55,7670
2026-02-16 10:19:00,10:19:00,347.15,352.25,346.0,350.0,33930
2026-02-16 10:20:00,10:20:00,352.15,358.55,348.55,358.2,65650
2026-02-16 10:21:00,10:21:00,357.75,361.75,352.0,355.7,13130
2026-02-16 10:22:00,10:22:00,356.15,357.9,353.8,356.55,4290
2026-02-16 10:23:00,10:23:00,356.45,363.0,354.2,361.45,9295
2026-02-16 10:24:00,10:24:00,361.45,366.85,359.15,366.6,14820
2026-02-16 10:25:00,10:25:00,366.95,372.9,363.7,367.65,13845
2026-02-16 10:26:00,10:26:00,322.0,324.7,319.35,322.7,5070
2026-02-16 10:27:00,10:27:00,322.5,325.2,322.5,323.0,2925
2026-02-16 10:28:00,10:28:00,322.6,326.85,320.9,326.85,5395
2026-02-16 10:29:00,10:29:00,372.0,374.5,365.25,369.45,23855
2026-02-16 10:30:00,10:30:00,321.85,324.8,321.85,324.8,3445
2026-02-16 10:31:00,10:31:00,373.0,374.0,365.0,365.8,5980
2026-02-16 10:32:00,10:32:00,366.2,370.0,364.05,364.5,10400
2026-02-16 10:33:00,10:33:00,364.7,366.0,357.6,358.8,19890
2026-02-16 10:34:00,10:34:00,360.1,366.05,358.8,366.0,8060
2026-02-16 10:35:00,10:35:00,363.0,368.15,360.3,366.35,3900
2026-02-16 10:36:00,10:36:00,364.2,366.4,360.4,361.0,3380
2026-02-16 10:37:00,10:37:00,364.75,369.0,361.0,368.55,3185
2026-02-16 10:38:00,10:38:00,320.0,325.95,320.0,324.85,4420
2026-02-16 10:39:00,10:39:00,371.3,372.25,365.0,365.3,7865
2026-02-16 10:40:00,10:40:00,365.85,365.85,360.8,361.55,2600
2026-02-16 10:41:00,10:41:00,362.0,363.55,358.0,358.0,4615
2026-02-16 10:42:00,10:42:00,359.0,370.05,358.0,370.05,9750
2026-02-16 10:43:00,10:43:00,323.35,328.0,319.25,320.0,4420
2026-02-16 10:44:00,10:44:00,369.9,371.0,366.0,366.0,3900
2026-02-16 10:45:00,10:45:00,366.2,369.0,364.55,369.0,2795
2026-02-16 10:46:00,10:46:00,324.6,325.15,320.0,320.0,2665
2026-02-16 10:47:00,10:47:00,365.0,367.35,360.0,360.0,6370
2026-02-16 10:48:00,10:48:00,311.4,320.25,309.45,319.4,4225
2026-02-16 10:49:00,10:49:00,320.6,328.0,319.4,326.7,6565
2026-02-16 10:50:00,10:50:00,326.7,333.1,326.7,329.45,9035
2026-02-16 10:51:00,10:51:00,330.75,332.4,323.55,323.7,1755
2026-02-16 10:52:00,10:52:00,322.9,327.8,318.0,327.3,2990
2026-02-16 10:53:00,10:53:00,327.0,331.85,325.95,327.1,1560
2026-02-16 10:54:00,10:54:00,329.35,330.85,327.1,329.0,1495
2026-02-16 10:55:00,10:55:00,329.35,331.75,323.35,325.35,2535
2026-02-16 10:56:00,10:56:00,331.0,332.5,325.35,330.3,1040
2026-02-16 10:57:00,10:57:00,329.85,330.3,329.3,329.6,1560
2026-02-16 10:58:00,10:58:00,325.0,329.6,324.2,325.4,650
2026-02-16 10:59:00,10:59:00,324.0,326.0,322.6,323.25,4550
2026-02-16 11:00:00,11:00:00,321.0,330.95,320.0,330.75,4550
2026-02-16 11:01:00,11:01:00,331.05,340.0,330.75,337.8,5850
2026-02-16 11:02:00,11:02:00,339.25,340.0,331.15,336.0,7020
2026-02-16 11:03:00,11:03:00,338.6,340.0,327.3,328.65,2665
2026-02-16 11:04:00,11:04:00,376.4,377.15,363.7,367.45,8515
2026-02-16 11:05:00,11:05:00,364.0,369.35,359.4,365.0,32110
2026-02-16 11:06:00,11:06:00,366.55,369.9,363.0,363.85,9295
2026-02-16 11:07:00,11:07:00,367.0,367.0,362.0,366.0,4420
2026-02-16 11:08:00,11:08:00,366.5,369.0,365.0,366.0,2535
2026-02-16 11:09:00,11:09:00,366.15,370.0,364.0,365.25,1560
2026-02-16 11:10:00,11:10:00,365.25,367.0,364.25,366.75,2210
2026-02-16 11:11:00,11:11:00,367.0,373.0,365.6,373.0,2600
2026-02-16 11:12:00,11:12:00,373.0,373.0,365.0,367.45,2600
2026-02-16 11:13:00,11:13:00,366.65,367.5,363.0,364.15,8775
2026-02-16 11:14:00,11:14:00,363.5,364.85,362.0,364.0,2340
2026-02-16 11:15:00,11:15:00,363.0,367.4,359.75,361.15,5785
2026-02-16 11:16:00,11:16:00,362.5,366.95,361.15,366.95,3250
2026-02-16 11:17:00,11:17:00,365.0,366.95,358.0,360.0,8645
2026-02-16 11:18:00,11:18:00,360.55,363.2,359.95,360.2,2730
2026-02-16 11:19:00,11:19:00,359.55,364.0,358.0,362.75,5070
2026-02-16 11:20:00,11:20:00,362.9,362.9,358.45,358.45,2210
2026-02-16 11:21:00,11:21:00,360.0,362.4,357.75,360.0,2340
2026-02-16 11:22:00,11:22:00,360.75,360.75,356.3,360.5,2665
2026-02-16 11:23:00,11:23:00,359.0,361.0,358.6,358.6,1625
2026-02-16 11:24:00,11:24:00,355.0,358.6,350.0,352.35,9230
2026-02-16 11:25:00,11:25:00,351.75,362.0,347.1,361.7,15405
2026-02-16 11:26:00,11:26:00,315.55,322.65,314.25,322.0,7215
2026-02-16 11:27:00,11:27:00,369.25,369.25,361.5,366.35,6305
2026-02-16 11:28:00,11:28:00,317.0,323.65,315.6,322.15,1105
2026-02-16 11:29:00,11:29:00,324.9,332.7,322.15,327.0,7605
2026-02-16 11:30:00,11:30:00,327.9,329.0,323.5,325.2,2015
2026-02-16 11:31:00,11:31:00,325.95,328.5,323.4,325.6,2795
2026-02-16 11:32:00,11:32:00,320.95,325.6,319.5,322.8,2080
2026-02-16 11:33:00,11:33:00,368.0,369.0,364.7,364.9,5265
2026-02-16 11:34:00,11:34:00,318.75,329.05,317.15,328.4,3965
2026-02-16 11:35:00,11:35:00,328.9,334.05,328.4,334.05,2665
2026-02-16 11:36:00,11:36:00,335.0,335.0,326.2,327.95,2730
2026-02-16 11:37:00,11:37:00,325.75,329.05,322.25,329.05,3965
2026-02-16 11:38:00,11:38:00,373.3,377.15,372.75,372.75,910
2026-02-16 11:39:00,11:39:00,371.0,372.75,367.8,369.0,2210
2026-02-16 11:40:00,11:40:00,325.0,330.85,322.55,327.15,3185
2026-02-16 11:41:00,11:41:00,327.6,332.15,327.15,328.3,2340
2026-02-16 11:42:00,11:42:00,374.4,375.45,370.0,370.0,3380
2026-02-16 11:43:00,11:43:00,321.45,328.05,321.45,328.05,715
2026-02-16 11:44:00,11:44:00,328.3,332.0,328.0,330.3,2795
2026-02-16 11:45:00,11:45:00,332.5,335.05,329.95,334.95,11440
2026-02-16 11:46:00,11:46:00,334.25,346.0,334.25,341.45,10075
2026-02-16 11:47:00,11:47:00,344.2,344.2,332.55,333.0,4810
2026-02-16 11:48:00,11:48:00,337.05,340.8,333.0,337.95,2665
2026-02-16 11:49:00,11:49:00,336.45,337.95,334.45,334.95,2340
2026-02-16 11:50:00,11:50:00,334.05,336.55,333.0,333.15,1885
2026-02-16 11:51:00,11:51:00,335.0,337.8,333.15,337.2,2145
2026-02-16 11:52:00,11:52:00,337.3,338.85,334.9,334.9,520
2026-02-16 11:53:00,11:53:00,337.75,340.9,334.9,337.8,1040
2026-02-16 11:54:00,11:54:00,341.25,344.25,337.8,342.1,4030
2026-02-16 11:55:00,11:55:00,344.3,344.3,339.15,339.15,5070
2026-02-16 11:56:00,11:56:00,338.65,341.2,335.0,335.0,1430
2026-02-16 11:57:00,11:57:00,333.8,335.0,329.85,330.6,4030
2026-02-16 11:58:00,11:58:00,330.05,331.0,327.0,330.3,2470
2026-02-16 11:59:00,11:59:00,373.75,375.45,370.9,372.3,3705
2026-02-16 12:00:00,12:00:00,371.0,372.45,369.0,369.0,13975
2026-02-16 12:01:00,12:01:00,369.3,371.1,365.35,370.0,10595
2026-02-16 12:02:00,12:02:00,370.85,370.85,363.6,368.0,7280
2026-02-16 12:03:00,12:03:00,366.45,368.0,363.35,364.25,5915
2026-02-16 12:04:00,12:04:00,363.55,369.85,363.55,365.25,1365
2026-02-16 12:05:00,12:05:00,366.15,367.1,364.7,367.1,2990
2026-02-16 12:06:00,12:06:00,363.1,367.1,362.15,364.0,3640
2026-02-16 12:07:00,12:07:00,367.0,368.2,362.45,363.55,1820
2026-02-16 12:08:00,12:08:00,362.75,364.3,360.5,361.1,10530
2026-02-16 12:09:00,12:09:00,361.55,365.0,361.0,361.0,7995
2026-02-16 12:10:00,12:10:00,359.6,361.15,353.8,353.8,14625
2026-02-16 12:11:00,12:11:00,353.0,353.8,345.95,350.9,31070
2026-02-16 12:12:00,12:12:00,349.85,352.65,349.2,350.7,6500
2026-02-16 12:13:00,12:13:00,350.3,353.3,348.55,352.05,7670
2026-02-16 12:14:00,12:14:00,352.15,355.55,350.0,354.55,4485
2026-02-16 12:15:00,12:15:00,355.0,364.3,354.3,364.0,10075
2026-02-16 12:16:00,12:16:00,363.25,365.0,355.0,355.05,26260
2026-02-16 12:17:00,12:17:00,354.45,355.3,348.0,348.15,6695
2026-02-16 12:18:00,12:18:00,347.5,348.15,341.6,344.25,16965
2026-02-16 12:19:00,12:19:00,342.1,344.25,336.25,340.9,17355
2026-02-16 12:20:00,12:20:00,339.0,346.0,337.3,346.0,12480
2026-02-16 12:21:00,12:21:00,346.95,347.1,342.05,345.7,5720
2026-02-16 12:22:00,12:22:00,347.2,348.6,343.6,344.0,6370
2026-02-16 12:23:00,12:23:00,344.0,345.55,342.4,343.25,7215
2026-02-16 12:24:00,12:24:00,343.5,345.0,340.2,341.3,7995
2026-02-16 12:25:00,12:25:00,343.65,346.35,341.3,346.35,5330
2026-02-16 12:26:00,12:26:00,346.0,347.0,334.0,334.0,12155
2026-02-16 12:27:00,12:27:00,331.85,336.9,329.15,334.7,22750
2026-02-16 12:28:00,12:28:00,333.8,335.55,333.0,334.8,17875
2026-02-16 12:29:00,12:29:00,382.6,383.2,375.0,375.0,2080
2026-02-16 12:30:00,12:30:00,373.7,376.35,370.0,372.25,5395
2026-02-16 12:31:00,12:31:00,372.95,373.5,365.8,372.7,8970
2026-02-16 12:32:00,12:32:00,371.25,380.45,371.25,377.25,2470
2026-02-16 12:33:00,12:33:00,371.5,377.25,370.0,370.5,1690
2026-02-16 12:34:00,12:34:00,370.0,370.5,369.0,369.4,910
2026-02-16 12:35:00,12:35:00,368.0,371.3,368.0,369.2,585
2026-02-16 12:36:00,12:36:00,368.7,370.65,367.2,370.65,1820
2026-02-16 12:37:00,12:37:00,372.3,378.15,370.65,374.7,2080
2026-02-16 12:38:00,12:38:00,370.0,377.7,369.45,377.7,975
2026-02-16 12:39:00,12:39:00,326.65,329.05,324.85,328.25,6760
2026-02-16 12:40:00,12:40:00,329.0,331.2,326.95,328.7,8125
2026-02-16 12:41:00,12:41:00,378.1,378.1,373.85,374.05,780
2026-02-16 12:42:00,12:42:00,374.05,374.05,370.2,373.85,2340
2026-02-16 12:43:00,12:43:00,375.15,376.05,373.85,376.05,195
2026-02-16 12:44:00,12:44:00,375.05,376.05,374.2,374.2,260
2026-02-16 12:45:00,12:45:00,374.15,376.65,373.55,376.65,975
2026-02-16 12:46:00,12:46:00,327.05,331.0,327.05,329.5,12480
2026-02-16 12:47:00,12:47:00,329.4,331.5,327.85,330.15,7475
2026-02-16 12:48:00,12:48:00,330.1,334.15,330.0,333.8,7410
2026-02-16 12:49:00,12:49:00,333.15,342.3,331.2,341.7,21905
2026-02-16 12:50:00,12:50:00,341.05,342.2,337.8,342.0,24180
2026-02-16 12:51:00,12:51:00,342.0,344.0,340.85,342.25,8320
2026-02-16 12:52:00,12:52:00,342.6,343.0,334.0,335.05,16705
2026-02-16 12:53:00,12:53:00,334.0,335.3,329.45,333.9,8905
2026-02-16 12:54:00,12:54:00,335.0,337.0,332.3,334.15,2275
2026-02-16 12:55:00,12:55:00,332.2,334.15,328.1,333.4,6695
2026-02-16 12:56:00,12:56:00,335.9,340.9,333.4,340.45,10855
2026-02-16 12:57:00,12:57:00,340.15,343.0,339.05,342.35,5070
2026-02-16 12:58:00,12:58:00,343.3,349.0,342.35,347.2,13065
2026-02-16 12:59:00,12:59:00,346.75,348.0,342.15,342.15,13065
2026-02-16 13:00:00,13:00:00,343.2,343.2,333.15,334.65,13000
2026-02-16 13:01:00,13:01:00,384.3,385.65,375.0,375.05,910
2026-02-16 13:02:00,13:02:00,373.2,377.45,371.55,374.0,1040
2026-02-16 13:03:00,13:03:00,377.0,379.0,372.8,375.6,650
2026-02-16 13:04:00,13:04:00,326.4,332.9,326.4,330.0,6500
2026-02-16 13:05:00,13:05:00,329.7,330.6,328.0,329.9,4095
2026-02-16 13:06:00,13:06:00,330.05,333.9,328.35,333.9,3965
2026-02-16 13:07:00,13:07:00,332.5,334.8,331.8,332.15,4030
2026-02-16 13:08:00,13:08:00,331.9,332.15,329.35,330.4,2730
2026-02-16 13:09:00,13:09:00,378.5,378.85,377.0,377.0,1300
2026-02-16 13:10:00,13:10:00,376.35,377.0,371.85,371.85,325
2026-02-16 13:11:00,13:11:00,373.95,376.15,371.85,376.15,845
2026-02-16 13:12:00,13:12:00,325.0,330.45,324.45,329.75,5915
2026-02-16 13:13:00,13:13:00,378.35,378.95,376.5,377.2,845
2026-02-16 13:14:00,13:14:00,328.95,330.6,328.0,329.55,10595
2026-02-16 13:15:00,13:15:00,329.0,331.75,328.65,330.3,18395
2026-02-16 13:16:00,13:16:00,330.55,332.95,329.65,331.0,8645
2026-02-16 13:17:00,13:17:00,332.15,333.95,331.0,333.95,3900
2026-02-16 13:18:00,13:18:00,332.9,336.2,332.9,334.45,11440
2026-02-16 13:19:00,13:19:00,334.65,336.35,334.45,336.25,9490
2026-02-16 13:20:00,13:20:00,335.85,336.25,329.0,329.0,8905
2026-02-16 13:21:00,13:21:00,328.45,333.0,327.35,333.0,5395
2026-02-16 13:22:00,13:22:00,383.75,385.0,375.0,375.0,1040
2026-02-16 13:23:00,13:23:00,324.95,330.15,322.45,328.95,8125
2026-02-16 13:24:00,13:24:00,328.7,329.95,325.9,329.95,15210
2026-02-16 13:25:00,13:25:00,329.7,332.9,328.75,332.1,3055
2026-02-16 13:26:00,13:26:00,332.35,332.4,328.25,329.55,2925
2026-02-16 13:27:00,13:27:00,376.6,377.45,375.35,376.4,2340
2026-02-16 13:28:00,13:28:00,373.35,376.4,367.85,368.0,520
2026-02-16 13:29:00,13:29:00,371.0,372.3,368.0,369.0,1560
2026-02-16 13:30:00,13:30:00,320.0,328.8,320.0,328.8,23725
2026-02-16 13:31:00,13:31:00,330.0,334.9,328.8,333.0,6630
2026-02-16 13:32:00,13:32:00,331.25,336.95,331.25,332.75,10400
2026-02-16 13:33:00,13:33:00,381.0,381.0,381.0,381.0,0
2026-02-16 13:34:00,13:34:00,371.5,381.0,371.5,374.1,325
2026-02-16 13:35:00,13:35:00,373.95,374.1,368.4,369.2,1365
2026-02-16 13:36:00,13:36:00,371.35,372.7,364.65,364.7,780
2026-02-16 13:37:00,13:37:00,365.45,365.45,364.4,365.1,325
2026-02-16 13:38:00,13:38:00,365.2,370.65,362.0,370.55,715
2026-02-16 13:39:00,13:39:00,367.65,370.55,361.1,361.1,650
2026-02-16 13:40:00,13:40:00,364.0,367.25,361.1,364.95,520
2026-02-16 13:41:00,13:41:00,364.9,364.95,360.0,360.9,650
2026-02-16 13:42:00,13:42:00,363.75,364.7,360.9,364.45,910
2026-02-16 13:43:00,13:43:00,367.35,367.35,363.25,363.25,1625
2026-02-16 13:44:00,13:44:00,363.3,365.5,362.25,365.5,2145
2026-02-16 13:45:00,13:45:00,364.5,366.45,362.4,366.2,5200
2026-02-16 13:46:00,13:46:00,365.6,367.95,365.0,365.05,1950
2026-02-16 13:47:00,13:47:00,366.35,367.7,365.05,366.1,585
2026-02-16 13:48:00,13:48:00,367.7,369.1,366.1,368.55,1040
2026-02-16 13:49:00,13:49:00,368.6,371.4,368.5,371.1,520
2026-02-16 13:50:00,13:50:00,369.85,371.1,367.0,367.0,455
2026-02-16 13:51:00,13:51:00,367.05,367.05,366.0,366.0,195
2026-02-16 13:52:00,13:52:00,320.25,328.05,319.6,328.05,8970
2026-02-16 13:53:00,13:53:00,328.0,329.35,324.1,328.95,9360
2026-02-16 13:54:00,13:54:00,329.0,330.0,326.95,329.0,5395
2026-02-16 13:55:00,13:55:00,329.7,334.75,329.0,334.75,11895
2026-02-16 13:56:00,13:56:00,333.7,339.0,331.9,338.3,18330
2026-02-16 13:57:00,13:57:00,339.95,341.75,332.05,340.2,18590
2026-02-16 13:58:00,13:58:00,339.2,340.2,331.85,334.0,16120
2026-02-16 13:59:00,13:59:00,335.0,340.0,334.0,336.0,10075
2026-02-16 14:00:00,14:00:00,335.25,336.0,331.0,332.75,2860
2026-02-16 14:01:00,14:01:00,380.25,380.75,376.45,376.45,1300
2026-02-16 14:02:00,14:02:00,375.0,376.45,373.3,373.9,585
2026-02-16 14:03:00,14:03:00,327.4,334.45,325.45,332.7,6565
2026-02-16 14:04:00,14:04:00,379.8,381.15,376.8,376.8,260
2026-02-16 14:05:00,14:05:00,329.95,340.0,328.15,339.75,13585
2026-02-16 14:06:00,14:06:00,340.0,344.4,339.65,341.9,23270
2026-02-16 14:07:00,14:07:00,342.35,342.35,331.0,332.55,18200
2026-02-16 14:08:00,14:08:00,332.55,341.35,332.55,338.55,5590
2026-02-16 14:09:00,14:09:00,339.0,344.0,338.55,342.8,4030
2026-02-16 14:10:00,14:10:00,343.0,343.0,336.85,339.9,3510
2026-02-16 14:11:00,14:11:00,339.25,339.9,332.7,332.7,7540
2026-02-16 14:12:00,14:12:00,332.6,334.45,328.95,334.3,3965
2026-02-16 14:13:00,14:13:00,380.35,382.35,368.6,368.6,715
2026-02-16 14:14:00,14:14:00,373.65,373.8,368.6,370.7,845
2026-02-16 14:15:00,14:15:00,372.9,372.9,370.0,370.85,455
2026-02-16 14:16:00,14:16:00,368.0,371.95,368.0,371.95,520
2026-02-16 14:17:00,14:17:00,372.55,372.55,369.3,369.9,1885
2026-02-16 14:18:00,14:18:00,370.25,370.25,369.9,369.9,130
2026-02-16 14:19:00,14:19:00,370.0,375.0,369.9,375.0,780
2026-02-16 14:20:00,14:20:00,370.65,375.0,367.8,369.85,260
2026-02-16 14:21:00,14:21:00,374.45,374.45,369.85,370.85,650
2026-02-16 14:22:00,14:22:00,369.75,370.85,369.75,369.75,130
2026-02-16 14:23:00,14:23:00,370.15,370.15,369.0,369.0,455
2026-02-16 14:24:00,14:24:00,370.05,370.05,369.0,369.85,390
2026-02-16 14:25:00,14:25:00,368.55,369.85,364.1,364.1,910
2026-02-16 14:26:00,14:26:00,364.95,367.65,362.1,364.95,1430
2026-02-16 14:27:00,14:27:00,364.3,364.95,350.0,355.5,4095
2026-02-16 14:28:00,14:28:00,355.25,355.5,334.25,337.3,10270
2026-02-16 14:29:00,14:29:00,336.15,337.3,326.25,329.9,4290
2026-02-16 14:30:00,14:30:00,330.25,330.8,325.8,327.35,3315
2026-02-16 14:31:00,14:31:00,325.35,327.5,322.7,324.5,8645
2026-02-16 14:32:00,14:32:00,371.4,376.2,364.0,367.6,33020
2026-02-16 14:33:00,14:33:00,367.35,369.75,359.55,361.15,44265
2026-02-16 14:34:00,14:34:00,361.85,362.2,349.15,349.15,75465
2026-02-16 14:35:00,14:35:00,351.25,357.65,345.7,356.6,41925
2026-02-16 14:36:00,14:36:00,357.3,357.95,349.0,349.65,22425
2026-02-16 14:37:00,14:37:00,350.85,354.5,349.15,354.5,24440
2026-02-16 14:38:00,14:38:00,357.15,363.9,354.5,362.3,32565
2026-02-16 14:39:00,14:39:00,361.95,362.85,360.0,360.85,20150
2026-02-16 14:40:00,14:40:00,359.8,360.85,355.6,359.6,9165
2026-02-16 14:41:00,14:41:00,359.6,362.0,357.55,358.6,11375
2026-02-16 14:42:00,14:42:00,359.8,361.6,356.45,358.0,12090
2026-02-16 14:43:00,14:43:00,358.45,364.6,358.0,358.65,14690
2026-02-16 14:44:00,14:44:00,359.15,360.3,349.0,351.0,35425
2026-02-16 14:45:00,14:45:00,352.75,356.35,350.05,356.35,37960
2026-02-16 14:46:00,14:46:00,356.35,356.35,349.35,353.1,12155
2026-02-16 14:47:00,14:47:00,352.55,354.75,349.1,353.1,17940
2026-02-16 14:48:00,14:48:00,349.15,353.1,336.7,337.75,60515
2026-02-16 14:49:00,14:49:00,335.8,337.75,328.4,333.85,50375
2026-02-16 14:50:00,14:50:00,332.55,342.6,332.55,336.0,38090
2026-02-16 14:51:00,14:51:00,336.45,339.25,333.25,338.65,26000
2026-02-16 14:52:00,14:52:00,338.15,345.55,337.6,344.2,18265
2026-02-16 14:53:00,14:53:00,343.95,351.2,343.25,347.0,31135
2026-02-16 14:54:00,14:54:00,347.35,347.35,340.95,345.4,16965
2026-02-16 14:55:00,14:55:00,345.0,346.0,340.5,341.05,13715
2026-02-16 14:56:00,14:56:00,340.2,341.25,337.25,339.55,18395
2026-02-16 14:57:00,14:57:00,339.55,344.8,339.55,342.5,11310
2026-02-16 14:58:00,14:58:00,340.45,342.5,333.65,338.55,23985
2026-02-16 14:59:00,14:59:00,338.2,341.3,335.25,335.85,25350
2026-02-16 15:00:00,15:00:00,386.85,386.85,372.9,376.8,7605
2026-02-16 15:01:00,15:01:00,375.2,377.45,369.25,369.25,3250
2026-02-16 15:02:00,15:02:00,369.5,375.8,369.25,375.8,1430
2026-02-16 15:03:00,15:03:00,379.65,382.2,375.8,379.2,1430
2026-02-16 15:04:00,15:04:00,377.0,379.2,370.0,370.35,845
2026-02-16 15:05:00,15:05:00,372.7,377.5,370.35,375.15,715
2026-02-16 15:06:00,15:06:00,374.9,375.15,366.25,366.25,1170
2026-02-16 15:07:00,15:07:00,368.6,368.85,363.8,366.65,2795
2026-02-16 15:08:00,15:08:00,372.3,372.3,366.65,368.8,3640
2026-02-16 15:09:00,15:09:00,370.05,371.15,367.05,368.2,1365
2026-02-16 15:10:00,15:10:00,368.8,369.3,358.6,362.8,1105
2026-02-16 15:11:00,15:11:00,365.0,366.95,362.8,366.95,1430
2026-02-16 15:12:00,15:12:00,365.9,367.55,365.25,366.65,910
2026-02-16 15:13:00,15:13:00,368.7,370.0,366.65,368.8,325
2026-02-16 15:14:00,15:14:00,372.0,372.0,367.85,367.85,390
2026-02-16 15:15:00,15:15:00,369.65,371.95,367.85,371.1,585
2026-02-16 15:16:00,15:16:00,371.0,371.1,364.7,365.35,2665
2026-02-16 15:17:00,15:17:00,368.8,369.5,365.35,367.05,910
2026-02-16 15:18:00,15:18:00,368.25,370.95,367.05,370.5,975
2026-02-16 15:19:00,15:19:00,370.35,370.55,368.25,368.25,585
2026-02-16 15:20:00,15:20:00,371.65,373.6,368.25,370.8,6760
2026-02-16 15:21:00,15:21:00,370.5,371.9,368.6,371.05,1625
2026-02-16 15:22:00,15:22:00,371.7,371.7,370.65,370.65,325
2026-02-16 15:23:00,15:23:00,365.15,370.65,362.6,362.6,390
2026-02-16 15:24:00,15:24:00,361.25,364.55,361.25,364.55,975
2026-02-16 15:25:00,15:25:00,367.7,367.7,363.6,364.2,585
2026-02-16 15:26:00,15:26:00,364.45,364.45,361.85,362.8,910
2026-02-16 15:27:00,15:27:00,365.0,365.75,362.8,365.2,1040
2026-02-16 15:28:00,15:28:00,364.9,365.2,363.3,363.3,1950
2026-02-16 15:29:00,15:29:00,362.6,363.3,357.0,357.0,2600
2026-02-17 09:15:00,09:15:00,200.0,258.1,200.0,245.05,171080
2026-02-17 09:16:00,09:16:00,251.75,265.45,245.05,256.0,71760
2026-02-17 09:17:00,09:17:00,256.75,263.0,255.6,255.6,68770
2026-02-17 09:18:00,09:18:00,257.7,259.0,250.0,253.85,32565
2026-02-17 09:19:00,09:19:00,254.5,259.7,248.25,255.0,44070
2026-02-17 09:20:00,09:20:00,259.0,284.55,255.0,284.55,102570
2026-02-17 09:21:00,09:21:00,285.6,286.1,270.65,273.3,54600
2026-02-17 09:22:00,09:22:00,275.55,275.55,256.55,263.85,30420
2026-02-17 09:23:00,09:23:00,265.25,276.8,257.6,275.85,38350
2026-02-17 09:24:00,09:24:00,275.9,287.2,272.7,283.85,48360
2026-02-17 09:25:00,09:25:00,284.0,290.0,273.2,275.85,35035
2026-02-17 09:26:00,09:26:00,273.65,281.4,267.1,276.95,24765
2026-02-17 09:27:00,09:27:00,278.15,282.75,272.4,282.75,20800
2026-02-17 09:28:00,09:28:00,282.05,282.75,267.45,270.4,20670
2026-02-17 09:29:00,09:29:00,269.95,275.0,269.2,271.25,15210
2026-02-17 09:30:00,09:30:00,272.0,285.0,271.25,274.15,34905
2026-02-17 09:31:00,09:31:00,273.3,281.3,272.4,277.0,21905
2026-02-17 09:32:00,09:32:00,278.25,283.6,258.0,258.65,38675
2026-02-17 09:33:00,09:33:00,259.7,263.5,247.0,251.0,64935
2026-02-17 09:34:00,09:34:00,251.35,259.4,248.95,251.65,40625
2026-02-17 09:35:00,09:35:00,251.25,259.8,250.25,257.25,34905
2026-02-17 09:36:00,09:36:00,259.0,276.5,256.8,276.0,57980
2026-02-17 09:37:00,09:37:00,279.05,281.0,263.4,270.0,44395
2026-02-17 09:38:00,09:38:00,268.85,270.0,250.55,252.5,17485
2026-02-17 09:39:00,09:39:00,249.4,252.5,243.75,247.8,23205
2026-02-17 09:40:00,09:40:00,247.2,256.55,247.2,253.05,26910
2026-02-17 09:41:00,09:41:00,253.0,257.0,245.5,248.95,16770
2026-02-17 09:42:00,09:42:00,248.8,250.65,231.95,239.6,67730
2026-02-17 09:43:00,09:43:00,287.2,288.3,274.95,276.0,54015
2026-02-17 09:44:00,09:44:00,275.05,277.95,256.35,258.75,105365
2026-02-17 09:45:00,09:45:00,260.4,267.25,256.75,257.3,110370
2026-02-17 09:46:00,09:46:00,257.75,267.0,257.3,261.35,107835
2026-02-17 09:47:00,09:47:00,260.55,271.35,260.0,270.4,157300
2026-02-17 09:48:00,09:48:00,269.6,272.0,263.0,268.4,52845
2026-02-17 09:49:00,09:49:00,268.4,270.65,258.0,261.1,28990
2026-02-17 09:50:00,09:50:00,259.25,271.2,255.2,262.05,110110
2026-02-17 09:51:00,09:51:00,261.75,263.25,253.85,253.85,43940
2026-02-17 09:52:00,09:52:00,253.4,257.05,245.05,250.5,101400
2026-02-17 09:53:00,09:53:00,249.45,250.5,242.25,245.5,47515
2026-02-17 09:54:00,09:54:00,246.9,252.9,243.6,245.25,68315
2026-02-17 09:55:00,09:55:00,245.65,252.7,245.0,251.65,34580
2026-02-17 09:56:00,09:56:00,251.35,254.5,249.0,251.95,40430
2026-02-17 09:57:00,09:57:00,252.4,255.95,235.35,236.6,88530
2026-02-17 09:58:00,09:58:00,237.4,242.7,229.05,234.9,107445
2026-02-17 09:59:00,09:59:00,233.35,245.45,233.35,242.0,89180
2026-02-17 10:00:00,10:00:00,241.6,249.75,241.6,243.85,63505
2026-02-17 10:01:00,10:01:00,241.0,243.85,237.0,239.5,34190
2026-02-17 10:02:00,10:02:00,239.35,251.85,239.35,246.75,49140
2026-02-17 10:03:00,10:03:00,245.85,249.7,242.55,247.7,51545
2026-02-17 10:04:00,10:04:00,246.55,251.0,242.5,243.95,43485
2026-02-17 10:05:00,10:05:00,244.6,248.35,243.95,246.75,23140
2026-02-17 10:06:00,10:06:00,248.0,250.55,240.35,242.9,44070
2026-02-17 10:07:00,10:07:00,241.85,246.0,238.6,242.7,47515
2026-02-17 10:08:00,10:08:00,244.15,249.0,240.0,240.0,27885
2026-02-17 10:09:00,10:09:00,240.7,245.45,234.6,245.45,54405
2026-02-17 10:10:00,10:10:00,244.15,246.4,241.9,244.9,28535
2026-02-17 10:11:00,10:11:00,244.1,248.25,243.0,243.0,42250
2026-02-17 10:12:00,10:12:00,241.2,243.0,234.65,238.05,56745
2026-02-17 10:13:00,10:13:00,286.05,286.4,280.0,280.0,10075
2026-02-17 10:14:00,10:14:00,279.95,282.55,277.55,279.1,8060
2026-02-17 10:15:00,10:15:00,229.3,241.9,228.45,241.85,101465
2026-02-17 10:16:00,10:16:00,241.7,243.15,233.05,236.25,72280
2026-02-17 10:17:00,10:17:00,236.65,238.15,232.35,235.95,25480
2026-02-17 10:18:00,10:18:00,282.0,284.85,274.95,277.55,8710
2026-02-17 10:19:00,10:19:00,276.05,277.55,260.3,263.2,29835
2026-02-17 10:20:00,10:20:00,263.35,264.5,259.0,259.0,11245
2026-02-17 10:21:00,10:21:00,260.3,269.0,259.0,268.65,15275
2026-02-17 10:22:00,10:22:00,268.65,269.5,262.0,262.6,15535
2026-02-17 10:23:00,10:23:00,266.0,268.0,260.05,263.0,15925
2026-02-17 10:24:00,10:24:00,265.75,267.85,263.0,263.45,7085
2026-02-17 10:25:00,10:25:00,263.65,265.25,262.25,263.45,8580
2026-02-17 10:26:00,10:26:00,265.15,265.15,243.15,243.55,23465
2026-02-17 10:27:00,10:27:00,243.9,246.55,230.45,234.85,66105
2026-02-17 10:28:00,10:28:00,283.35,288.7,275.45,275.45,99905
2026-02-17 10:29:00,10:29:00,225.55,236.0,225.45,229.2,25090
2026-02-17 10:30:00,10:30:00,278.0,282.8,274.5,275.6,47970
2026-02-17 10:31:00,10:31:00,276.05,279.7,272.0,278.6,40495
2026-02-17 10:32:00,10:32:00,230.0,231.35,225.3,230.8,21125
2026-02-17 10:33:00,10:33:00,231.3,238.0,230.05,236.9,52195
2026-02-17 10:34:00,10:34:00,237.0,246.9,236.7,244.55,51675
2026-02-17 10:35:00,10:35:00,246.25,252.1,242.45,250.0,30420
2026-02-17 10:36:00,10:36:00,249.35,250.0,243.7,246.0,8580
2026-02-17 10:37:00,10:37:00,247.45,254.8,245.5,252.95,21905
2026-02-17 10:38:00,10:38:00,253.55,261.8,252.85,258.9,23725
2026-02-17 10:39:00,10:39:00,256.65,261.3,254.25,260.6,11960
2026-02-17 10:40:00,10:40:00,260.35,263.3,253.5,257.85,10920
2026-02-17 10:41:00,10:41:00,257.8,266.55,256.45,264.3,14170
2026-02-17 10:42:00,10:42:00,263.85,269.1,259.85,266.1,15600
2026-02-17 10:43:00,10:43:00,216.8,240.4,216.8,240.4,285870
2026-02-17 10:44:00,10:44:00,240.0,251.1,240.0,246.1,249860
2026-02-17 10:45:00,10:45:00,245.8,252.7,239.85,243.0,159770
2026-02-17 10:46:00,10:46:00,241.15,254.25,240.35,253.5,113880
2026-02-17 10:47:00,10:47:00,253.65,267.05,250.6,256.5,422175
2026-02-17 10:48:00,10:48:00,256.65,263.15,249.65,251.35,144560
2026-02-17 10:49:00,10:49:00,247.95,253.55,242.25,252.7,193960
2026-02-17 10:50:00,10:50:00,251.2,258.7,248.1,248.95,96265
2026-02-17 10:51:00,10:51:00,249.4,254.5,248.95,250.25,42055
2026-02-17 10:52:00,10:52:00,250.5,254.15,248.1,248.95,43485
2026-02-17 10:53:00,10:53:00,249.85,259.55,248.95,258.0,82550
2026-02-17 10:54:00,10:54:00,257.85,258.3,251.0,252.45,22555
2026-02-17 10:55:00,10:55:00,252.05,252.45,243.0,249.3,63310
2026-02-17 10:56:00,10:56:00,248.55,252.4,243.6,252.35,47125
2026-02-17 10:57:00,10:57:00,252.0,255.5,249.0,250.6,44720
2026-02-17 10:58:00,10:58:00,251.9,251.9,243.4,248.0,29120
2026-02-17 10:59:00,10:59:00,248.0,248.3,239.45,241.85,139425
2026-02-17 11:00:00,11:00:00,242.45,250.0,240.75,246.0,110435
2026-02-17 11:01:00,11:01:00,245.0,246.0,235.85,238.65,125840
2026-02-17 11:02:00,11:02:00,239.35,251.8,238.65,242.4,111735
2026-02-17 11:03:00,11:03:00,242.35,250.5,240.0,249.35,54145
2026-02-17 11:04:00,11:04:00,248.55,249.35,240.3,242.3,45695
2026-02-17 11:05:00,11:05:00,241.6,247.7,240.2,247.0,24895
2026-02-17 11:06:00,11:06:00,246.05,257.4,246.0,250.05,96265
2026-02-17 11:07:00,11:07:00,250.25,251.9,243.25,243.35,37440
2026-02-17 11:08:00,11:08:00,243.25,244.2,233.95,233.95,102440
2026-02-17 11:09:00,11:09:00,232.3,240.45,231.85,237.5,77610
2026-02-17 11:10:00,11:10:00,236.8,245.25,236.8,242.35,58110
2026-02-17 11:11:00,11:11:00,241.9,244.6,234.0,235.1,48035
2026-02-17 11:12:00,11:12:00,235.15,236.5,230.3,234.3,35425
2026-02-17 11:13:00,11:13:00,233.7,236.6,232.9,233.5,20670
2026-02-17 11:14:00,11:14:00,232.85,235.9,230.1,230.1,21645
2026-02-17 11:15:00,11:15:00,278.8,285.8,278.8,279.65,6175
2026-02-17 11:16:00,11:16:00,279.35,280.35,272.0,276.2,6110
2026-02-17 11:17:00,11:17:00,276.2,276.9,266.0,266.0,10660
2026-02-17 11:18:00,11:18:00,266.1,266.1,257.9,265.95,13260
2026-02-17 11:19:00,11:19:00,266.2,270.75,265.95,266.85,3055
2026-02-17 11:20:00,11:20:00,266.0,266.85,260.0,261.35,4615
2026-02-17 11:21:00,11:21:00,261.35,270.0,261.25,268.65,11960
2026-02-17 11:22:00,11:22:00,268.95,268.95,262.9,267.1,7215
2026-02-17 11:23:00,11:23:00,263.05,267.1,263.05,266.45,3315
2026-02-17 11:24:00,11:24:00,264.9,266.45,263.7,265.75,1690
2026-02-17 11:25:00,11:25:00,263.15,268.45,262.65,267.65,5460
2026-02-17 11:26:00,11:26:00,267.45,267.65,263.0,263.0,7410
2026-02-17 11:27:00,11:27:00,263.25,267.95,260.0,265.6,5395
2026-02-17 11:28:00,11:28:00,263.5,265.6,259.9,263.8,4680
2026-02-17 11:29:00,11:29:00,263.45,266.55,261.5,263.85,7540
2026-02-17 11:30:00,11:30:00,262.95,266.8,256.45,261.45,11050
2026-02-17 11:31:00,11:31:00,262.25,265.1,260.0,264.8,6630
2026-02-17 11:32:00,11:32:00,265.2,265.2,243.8,243.8,16380
2026-02-17 11:33:00,11:33:00,245.55,249.4,228.3,230.1,32500
2026-02-17 11:34:00,11:34:00,230.15,233.3,226.4,229.8,16120
2026-02-17 11:35:00,11:35:00,228.6,229.8,223.0,223.7,24180
2026-02-17 11:36:00,11:36:00,271.95,276.35,263.05,266.9,49530
2026-02-17 11:37:00,11:37:00,266.65,268.15,258.4,258.4,55705
2026-02-17 11:38:00,11:38:00,258.5,266.0,249.95,260.55,88075
2026-02-17 11:39:00,11:39:00,261.7,266.25,259.7,264.6,45045
2026-02-17 11:40:00,11:40:00,264.95,269.9,263.0,267.0,70590
2026-02-17 11:41:00,11:41:00,218.45,221.55,217.0,219.2,32760
2026-02-17 11:42:00,11:42:00,220.0,239.0,219.2,239.0,50180
2026-02-17 11:43:00,11:43:00,237.1,239.0,228.3,232.75,18460
2026-02-17 11:44:00,11:44:00,230.05,234.3,229.0,230.15,12805
2026-02-17 11:45:00,11:45:00,278.8,280.0,270.0,270.35,31915
2026-02-17 11:46:00,11:46:00,269.3,271.5,264.3,266.45,42640
2026-02-17 11:47:00,11:47:00,265.65,272.3,265.55,268.3,29120
2026-02-17 11:48:00,11:48:00,268.7,269.7,263.9,268.6,24245
2026-02-17 11:49:00,11:49:00,268.4,269.8,265.4,266.95,12935
2026-02-17 11:50:00,11:50:00,267.25,270.35,265.2,266.75,21060
2026-02-17 11:51:00,11:51:00,266.35,268.25,265.3,267.85,13845
2026-02-17 11:52:00,11:52:00,265.95,267.85,257.35,262.5,59670
2026-02-17 11:53:00,11:53:00,263.25,264.85,258.9,259.75,17225
2026-02-17 11:54:00,11:54:00,259.7,260.75,258.0,258.3,14820
2026-02-17 11:55:00,11:55:00,258.6,263.8,258.3,263.0,51740
2026-02-17 11:56:00,11:56:00,261.9,264.1,260.85,263.3,23010
2026-02-17 11:57:00,11:57:00,263.4,267.4,260.1,267.4,28210
2026-02-17 11:58:00,11:58:00,267.4,270.95,263.4,267.6,45890
2026-02-17 11:59:00,11:59:00,266.75,268.95,264.75,266.3,23010
2026-02-17 12:00:00,12:00:00,265.3,268.8,263.7,267.45,16445
2026-02-17 12:01:00,12:01:00,267.2,268.05,262.0,263.35,24050
2026-02-17 12:02:00,12:02:00,263.35,264.75,260.0,264.0,34125
2026-02-17 12:03:00,12:03:00,263.85,266.95,262.95,266.5,26130
2026-02-17 12:04:00,12:04:00,218.0,225.85,216.65,223.55,35360
2026-02-17 12:05:00,12:05:00,272.75,275.0,266.55,271.65,40365
2026-02-17 12:06:00,12:06:00,271.6,275.0,266.75,268.05,28275
2026-02-17 12:07:00,12:07:00,267.35,271.7,262.7,265.0,26780
2026-02-17 12:08:00,12:08:00,264.4,272.0,264.2,271.2,14365
2026-02-17 12:09:00,12:09:00,272.0,274.8,270.0,272.35,18980
2026-02-17 12:10:00,12:10:00,272.15,272.35,266.9,269.35,23595
2026-02-17 12:11:00,12:11:00,220.15,229.05,219.7,229.05,24440
2026-02-17 12:12:00,12:12:00,277.6,278.7,271.35,271.35,35425
2026-02-17 12:13:00,12:13:00,270.9,273.0,269.1,271.05,46800
2026-02-17 12:14:00,12:14:00,220.55,225.0,219.95,224.7,7800
2026-02-17 12:15:00,12:15:00,272.3,274.8,268.85,270.05,36725
2026-02-17 12:16:00,12:16:00,269.4,270.55,264.8,266.1,31395
2026-02-17 12:17:00,12:17:00,265.55,266.35,260.45,263.25,24115
2026-02-17 12:18:00,12:18:00,259.0,263.25,253.9,253.95,50765
2026-02-17 12:19:00,12:19:00,252.8,254.9,248.05,252.45,95550
2026-02-17 12:20:00,12:20:00,253.1,253.1,248.8,252.05,44070
2026-02-17 12:21:00,12:21:00,252.05,258.0,252.0,254.9,69355
2026-02-17 12:22:00,12:22:00,254.95,258.05,254.9,257.0,18915
2026-02-17 12:23:00,12:23:00,255.7,257.0,241.95,246.6,121485
2026-02-17 12:24:00,12:24:00,246.0,249.6,240.9,245.0,99905
2026-02-17 12:25:00,12:25:00,245.5,247.1,243.65,244.7,22490
2026-02-17 12:26:00,12:26:00,244.95,254.15,242.0,254.15,55705
2026-02-17 12:27:00,12:27:00,254.5,261.6,251.25,261.6,92495
2026-02-17 12:28:00,12:28:00,261.5,266.25,260.25,264.85,105300
2026-02-17 12:29:00,12:29:00,265.0,272.45,264.85,267.45,103285
2026-02-17 12:30:00,12:30:00,266.3,271.8,261.6,268.7,41730
2026-02-17 12:31:00,12:31:00,268.6,271.15,265.0,265.8,35490
2026-02-17 12:32:00,12:32:00,265.7,266.65,260.0,264.85,45955
2026-02-17 12:33:00,12:33:00,264.9,267.0,263.0,266.25,15080
2026-02-17 12:34:00,12:34:00,266.1,269.4,264.25,265.75,16185
2026-02-17 12:35:00,12:35:00,265.8,268.85,264.35,264.35,10465
2026-02-17 12:36:00,12:36:00,264.9,268.0,263.35,267.6,8060
2026-02-17 12:37:00,12:37:00,268.5,271.0,267.6,269.55,29640
2026-02-17 12:38:00,12:38:00,270.9,275.5,268.9,272.0,41080
2026-02-17 12:39:00,12:39:00,270.95,272.0,264.0,264.9,24440
2026-02-17 12:40:00,12:40:00,265.15,267.5,260.6,262.4,26715
2026-02-17 12:41:00,12:41:00,264.95,274.1,262.4,269.0,34580
2026-02-17 12:42:00,12:42:00,268.9,271.45,266.6,267.05,23920
2026-02-17 12:43:00,12:43:00,267.95,268.55,261.95,265.65,27625
2026-02-17 12:44:00,12:44:00,265.1,266.4,261.6,263.8,13455
2026-02-17 12:45:00,12:45:00,262.0,264.4,257.0,259.8,40040
2026-02-17 12:46:00,12:46:00,259.75,261.55,258.35,261.15,23400
2026-02-17 12:47:00,12:47:00,258.3,264.5,255.65,264.0,22945
2026-02-17 12:48:00,12:48:00,262.65,264.2,257.7,259.9,20150
2026-02-17 12:49:00,12:49:00,259.65,260.8,257.15,257.15,10140
2026-02-17 12:50:00,12:50:00,258.1,261.45,257.15,259.4,13130
2026-02-17 12:51:00,12:51:00,258.5,260.0,257.05,257.15,14040
2026-02-17 12:52:00,12:52:00,255.5,257.15,243.6,247.35,80015
2026-02-17 12:53:00,12:53:00,247.2,247.35,237.5,240.55,102895
2026-02-17 12:54:00,12:54:00,240.5,244.8,240.4,243.9,39000
2026-02-17 12:55:00,12:55:00,243.95,247.9,242.0,246.8,39000
2026-02-17 12:56:00,12:56:00,247.5,260.25,246.7,260.25,91975
2026-02-17 12:57:00,12:57:00,260.25,269.9,260.2,267.55,101725
2026-02-17 12:58:00,12:58:00,268.25,271.5,266.0,266.85,47775
2026-02-17 12:59:00,12:59:00,266.3,272.9,264.25,271.5,60645
2026-02-17 13:00:00,13:00:00,272.25,272.25,265.35,270.75,37310
2026-02-17 13:01:00,13:01:00,270.05,274.15,267.5,267.7,40560
2026-02-17 13:02:00,13:02:00,266.4,267.7,260.8,265.85,56290
2026-02-17 13:03:00,13:03:00,268.85,269.25,265.85,268.7,32890
2026-02-17 13:04:00,13:04:00,218.05,237.0,218.05,235.6,105105
2026-02-17 13:05:00,13:05:00,233.85,238.95,229.85,231.75,68055
2026-02-17 13:06:00,13:06:00,282.25,282.95,267.5,267.5,43355
2026-02-17 13:07:00,13:07:00,266.65,268.05,257.25,260.4,93665
2026-02-17 13:08:00,13:08:00,262.9,262.9,252.15,255.1,50960
2026-02-17 13:09:00,13:09:00,253.2,255.1,242.0,243.25,193115
2026-02-17 13:10:00,13:10:00,243.35,251.8,240.45,246.65,71045
2026-02-17 13:11:00,13:11:00,246.0,254.1,245.85,254.1,50830
2026-02-17 13:12:00,13:12:00,256.35,257.05,250.0,253.6,45305
2026-02-17 13:13:00,13:13:00,257.0,269.2,253.6,266.95,173875
2026-02-17 13:14:00,13:14:00,267.25,272.75,264.7,265.35,110240
2026-02-17 13:15:00,13:15:00,264.85,272.3,264.85,269.5,50895
2026-02-17 13:16:00,13:16:00,269.2,271.0,264.85,264.85,20865
2026-02-17 13:17:00,13:17:00,265.35,268.0,262.3,265.1,34190
2026-02-17 13:18:00,13:18:00,265.6,268.0,265.1,265.45,19955
2026-02-17 13:19:00,13:19:00,265.2,265.55,259.0,264.3,20020
2026-02-17 13:20:00,13:20:00,263.4,265.0,258.35,262.5,23530
2026-02-17 13:21:00,13:21:00,262.4,264.6,261.25,262.4,21840
2026-02-17 13:22:00,13:22:00,264.15,267.0,258.35,258.8,26130
2026-02-17 13:23:00,13:23:00,260.0,266.0,257.15,266.0,13065
2026-02-17 13:24:00,13:24:00,266.6,269.7,260.75,263.5,23335
2026-02-17 13:25:00,13:25:00,264.15,267.6,262.0,263.55,10595
2026-02-17 13:26:00,13:26:00,265.15,267.65,260.55,264.8,10660
2026-02-17 13:27:00,13:27:00,265.8,267.4,262.8,263.35,17875
2026-02-17 13:28:00,13:28:00,262.95,263.35,260.55,262.15,9750
2026-02-17 13:29:00,13:29:00,261.65,263.75,258.6,261.05,18135
2026-02-17 13:30:00,13:30:00,259.3,261.05,251.55,251.55,41145
2026-02-17 13:31:00,13:31:00,251.45,253.8,247.65,247.65,37505
2026-02-17 13:32:00,13:32:00,248.65,252.6,244.15,244.85,43420
2026-02-17 13:33:00,13:33:00,242.7,246.0,240.6,243.15,47320
2026-02-17 13:34:00,13:34:00,243.0,251.4,242.45,247.6,49270
2026-02-17 13:35:00,13:35:00,248.15,253.8,246.7,246.8,38935
2026-02-17 13:36:00,13:36:00,246.25,247.8,241.35,242.0,36985
2026-02-17 13:37:00,13:37:00,241.75,247.65,241.75,247.15,38545
2026-02-17 13:38:00,13:38:00,247.8,259.3,245.55,257.75,68770
2026-02-17 13:39:00,13:39:00,257.6,259.35,251.35,258.4,59280
2026-02-17 13:40:00,13:40:00,258.05,258.4,249.8,255.0,37765
2026-02-17 13:41:00,13:41:00,254.75,255.0,246.3,248.75,30485
2026-02-17 13:42:00,13:42:00,250.0,251.65,243.55,245.95,35620
2026-02-17 13:43:00,13:43:00,246.15,248.55,244.0,245.5,16575
2026-02-17 13:44:00,13:44:00,245.8,251.0,245.05,249.7,27365
2026-02-17 13:45:00,13:45:00,249.65,250.15,246.5,250.15,20345
2026-02-17 13:46:00,13:46:00,252.0,252.55,246.0,251.25,22425
2026-02-17 13:47:00,13:47:00,251.45,267.8,250.85,266.0,64090
2026-02-17 13:48:00,13:48:00,263.5,266.0,257.7,260.4,32955
2026-02-17 13:49:00,13:49:00,263.45,266.95,256.45,265.3,33670
2026-02-17 13:50:00,13:50:00,265.85,270.4,264.6,267.85,44200
2026-02-17 13:51:00,13:51:00,268.6,272.35,266.65,267.2,45435
2026-02-17 13:52:00,13:52:00,266.8,267.2,257.0,265.0,51025
2026-02-17 13:53:00,13:53:00,263.55,265.2,258.1,262.75,20800
2026-02-17 13:54:00,13:54:00,262.55,275.0,262.55,275.0,26910
2026-02-17 13:55:00,13:55:00,228.5,232.9,223.85,232.05,84630
2026-02-17 13:56:00,13:56:00,231.1,238.0,230.15,237.35,64870
2026-02-17 13:57:00,13:57:00,237.4,248.0,236.65,246.75,70135
2026-02-17 13:58:00,13:58:00,248.35,248.35,240.85,243.9,45240
2026-02-17 13:59:00,13:59:00,243.3,245.35,240.0,244.55,25285
2026-02-17 14:00:00,14:00:00,246.05,248.6,231.5,231.5,53820
2026-02-17 14:01:00,14:01:00,229.5,235.2,214.8,218.45,95095
2026-02-17 14:02:00,14:02:00,219.5,231.85,218.45,225.15,41470
2026-02-17 14:03:00,14:03:00,272.85,275.55,265.65,273.65,71955
2026-02-17 14:04:00,14:04:00,274.7,275.05,268.4,271.3,20020
2026-02-17 14:05:00,14:05:00,270.65,271.9,265.0,271.9,19890
2026-02-17 14:06:00,14:06:00,272.0,280.9,271.9,274.7,46085
2026-02-17 14:07:00,14:07:00,275.0,277.35,273.0,273.0,22360
2026-02-17 14:08:00,14:08:00,273.75,279.55,267.55,279.55,34970
2026-02-17 14:09:00,14:09:00,227.4,243.25,225.65,242.55,41990
2026-02-17 14:10:00,14:10:00,242.75,247.2,239.8,243.2,55705
2026-02-17 14:11:00,14:11:00,244.9,245.4,237.2,242.15,24895
2026-02-17 14:12:00,14:12:00,242.55,262.1,242.15,256.0,63180
2026-02-17 14:13:00,14:13:00,207.25,232.9,206.85,224.95,569205
2026-02-17 14:14:00,14:14:00,226.85,227.4,219.0,227.4,256490
2026-02-17 14:15:00,14:15:00,229.0,231.0,220.35,222.55,219310
2026-02-17 14:16:00,14:16:00,269.1,271.25,245.15,248.9,48490
2026-02-17 14:17:00,14:17:00,245.95,261.9,245.95,259.6,20865
2026-02-17 14:18:00,14:18:00,257.5,259.7,251.2,253.0,17745
2026-02-17 14:19:00,14:19:00,252.55,257.35,247.95,255.35,15600
2026-02-17 14:20:00,14:20:00,255.3,255.35,250.95,250.95,6045
2026-02-17 14:21:00,14:21:00,250.65,252.85,240.95,246.5,16185
2026-02-17 14:22:00,14:22:00,245.55,254.4,245.55,251.7,11375
2026-02-17 14:23:00,14:23:00,250.45,261.95,249.8,253.6,20345
2026-02-17 14:24:00,14:24:00,253.35,258.65,252.0,254.1,7020
2026-02-17 14:25:00,14:25:00,253.7,257.85,253.65,257.25,6890
2026-02-17 14:26:00,14:26:00,258.0,259.4,251.1,252.9,11310
2026-02-17 14:27:00,14:27:00,251.9,257.0,242.9,256.5,21125
2026-02-17 14:28:00,14:28:00,255.7,267.55,254.35,266.8,32370
2026-02-17 14:29:00,14:29:00,267.1,269.2,259.55,267.55,33995
2026-02-17 14:30:00,14:30:00,268.0,271.6,263.25,266.25,30745
2026-02-17 14:31:00,14:31:00,264.65,276.85,263.55,276.85,30615
2026-02-17 14:32:00,14:32:00,277.35,277.35,261.1,264.4,29380
2026-02-17 14:33:00,14:33:00,266.75,267.6,254.35,254.35,20540
2026-02-17 14:34:00,14:34:00,254.0,261.95,250.0,252.55,20280
2026-02-17 14:35:00,14:35:00,252.55,256.1,252.0,252.0,9035
2026-02-17 14:36:00,14:36:00,253.3,255.75,241.4,241.4,18785
2026-02-17 14:37:00,14:37:00,241.5,242.5,231.9,236.35,36530
2026-02-17 14:38:00,14:38:00,236.6,237.4,227.2,227.2,19695
2026-02-17 14:39:00,14:39:00,224.6,227.2,215.0,220.2,205335
2026-02-17 14:40:00,14:40:00,272.95,275.75,266.6,275.75,38805
2026-02-17 14:41:00,14:41:00,224.45,235.0,222.9,224.3,57395
2026-02-17 14:42:00,14:42:00,273.85,275.95,269.2,270.8,32370
2026-02-17 14:43:00,14:43:00,269.8,277.1,265.0,275.8,61035
2026-02-17 14:44:00,14:44:00,227.0,233.55,225.05,232.5,56095
2026-02-17 14:45:00,14:45:00,229.8,237.35,226.55,232.0,50245
2026-02-17 14:46:00,14:46:00,229.5,236.9,229.5,231.65,17030
2026-02-17 14:47:00,14:47:00,232.25,236.0,229.0,231.3,20345
2026-02-17 14:48:00,14:48:00,231.25,243.5,230.65,240.95,54210
2026-02-17 14:49:00,14:49:00,241.0,243.25,232.75,235.8,21775
2026-02-17 14:50:00,14:50:00,235.0,243.6,235.0,237.05,20865
2026-02-17 14:51:00,14:51:00,237.3,242.0,230.7,232.75,15990
2026-02-17 14:52:00,14:52:00,232.1,235.75,224.95,228.7,21255
2026-02-17 14:53:00,14:53:00,232.0,239.35,228.7,230.55,12805
2026-02-17 14:54:00,14:54:00,230.25,232.95,225.05,226.3,14040
2026-02-17 14:55:00,14:55:00,225.9,235.0,224.0,235.0,18915
2026-02-17 14:56:00,14:56:00,236.5,253.15,235.0,249.2,50570
2026-02-17 14:57:00,14:57:00,248.9,253.0,245.85,252.0,24310
2026-02-17 14:58:00,14:58:00,251.35,252.0,232.85,233.45,25285
2026-02-17 14:59:00,14:59:00,233.8,240.1,231.2,234.7,21515
2026-02-17 15:00:00,15:00:00,281.75,285.0,263.25,269.65,87230
2026-02-17 15:01:00,15:01:00,269.8,273.55,258.15,264.0,70005
2026-02-17 15:02:00,15:02:00,212.4,225.75,210.3,223.3,67925
2026-02-17 15:03:00,15:03:00,221.55,224.85,218.0,220.55,82160
2026-02-17 15:04:00,15:04:00,221.8,229.7,220.55,229.65,65650
2026-02-17 15:05:00,15:05:00,228.25,234.65,222.85,223.45,202215
2026-02-17 15:06:00,15:06:00,273.25,274.3,265.9,270.2,38610
2026-02-17 15:07:00,15:07:00,270.0,274.1,270.0,273.75,38415
2026-02-17 15:08:00,15:08:00,273.1,273.75,269.0,271.75,18785
2026-02-17 15:09:00,15:09:00,271.5,272.0,267.5,270.35,10335
2026-02-17 15:10:00,15:10:00,219.55,225.95,219.4,225.85,23075
2026-02-17 15:11:00,15:11:00,225.85,226.35,222.0,222.65,16510
2026-02-17 15:12:00,15:12:00,222.85,223.15,220.1,222.0,12155
2026-02-17 15:13:00,15:13:00,271.5,272.9,271.0,272.75,5460
2026-02-17 15:14:00,15:14:00,223.0,224.75,222.2,222.95,4940
2026-02-17 15:15:00,15:15:00,223.4,224.6,222.15,224.25,54340
2026-02-17 15:16:00,15:16:00,274.0,274.9,272.45,274.05,15340
2026-02-17 15:17:00,15:17:00,273.35,274.2,272.3,273.4,18265
2026-02-17 15:18:00,15:18:00,223.0,227.85,223.0,227.85,17680
2026-02-17 15:19:00,15:19:00,227.8,227.85,224.5,224.65,22295
2026-02-17 15:20:00,15:20:00,275.7,275.7,272.95,274.15,28470
2026-02-17 15:21:00,15:21:00,273.7,274.4,273.25,273.4,16250
2026-02-17 15:22:00,15:22:00,273.45,274.05,273.15,274.05,21320
2026-02-17 15:23:00,15:23:00,273.55,274.05,273.1,273.5,8580
2026-02-17 15:24:00,15:24:00,223.8,224.45,223.35,223.85,26065
2026-02-17 15:25:00,15:25:00,223.75,224.2,223.0,223.25,6435
2026-02-17 15:26:00,15:26:00,223.9,224.35,223.1,224.25,6110
2026-02-17 15:27:00,15:27:00,224.0,224.5,223.7,224.0,6240
2026-02-17 15:28:00,15:28:00,224.5,224.55,223.7,224.0,10855
2026-02-17 15:29:00,15:29:00,224.5,224.7,223.95,224.4,13390
2026-02-18 09:15:00,09:15:00,164.8,175.95,151.15,175.95,1009840
2026-02-18 09:16:00,09:16:00,178.25,182.6,173.2,173.9,726115
2026-02-18 09:17:00,09:17:00,203.35,204.9,194.05,194.05,121095
2026-02-18 09:18:00,09:18:00,193.5,199.0,191.55,194.4,94640
2026-02-18 09:19:00,09:19:00,195.0,195.0,185.2,188.2,114725
2026-02-18 09:20:00,09:20:00,190.3,199.5,188.2,199.5,141700
2026-02-18 09:21:00,09:21:00,170.4,176.1,167.25,171.25,633165
2026-02-18 09:22:00,09:22:00,170.7,174.1,167.7,172.95,279760
2026-02-18 09:23:00,09:23:00,172.15,178.45,168.95,178.0,546715
2026-02-18 09:24:00,09:24:00,174.85,178.4,172.3,178.15,544245
2026-02-18 09:25:00,09:25:00,179.5,182.2,167.65,169.15,821145
2026-02-18 09:26:00,09:26:00,167.4,174.4,167.4,167.4,450190
2026-02-18 09:27:00,09:27:00,196.55,197.15,189.1,190.55,140920
2026-02-18 09:28:00,09:28:00,161.55,170.4,158.7,170.25,599105
2026-02-18 09:29:00,09:29:00,199.75,200.25,192.9,194.6,77155
2026-02-18 09:30:00,09:30:00,165.8,170.1,162.2,166.9,358150
2026-02-18 09:31:00,09:31:00,166.5,176.3,166.2,176.25,476840
2026-02-18 09:32:00,09:32:00,175.2,176.25,164.25,170.25,504010
2026-02-18 09:33:00,09:33:00,197.35,200.0,186.35,193.9,103610
2026-02-18 09:34:00,09:34:00,190.8,197.0,189.85,190.3,61685
2026-02-18 09:35:00,09:35:00,190.95,195.8,188.0,189.05,109070
2026-02-18 09:36:00,09:36:00,188.8,192.5,183.65,186.05,112515
2026-02-18 09:37:00,09:37:00,185.1,188.0,181.95,184.45,98085
2026-02-18 09:38:00,09:38:00,184.25,186.9,181.05,181.95,63180
2026-02-18 09:39:00,09:39:00,180.35,185.5,179.3,185.5,104975
2026-02-18 09:40:00,09:40:00,187.05,187.7,180.8,185.4,69550
2026-02-18 09:41:00,09:41:00,185.1,185.5,181.05,182.3,33930
2026-02-18 09:42:00,09:42:00,181.15,188.45,179.8,187.0,67665
2026-02-18 09:43:00,09:43:00,187.7,188.4,181.75,182.05,43680
2026-02-18 09:44:00,09:44:00,181.95,184.8,178.1,181.95,64870
2026-02-18 09:45:00,09:45:00,181.65,187.05,181.65,185.95,48360
2026-02-18 09:46:00,09:46:00,185.15,190.95,185.15,190.8,100880
2026-02-18 09:47:00,09:47:00,162.25,170.3,161.9,167.45,867165
2026-02-18 09:48:00,09:48:00,167.3,169.75,163.65,165.35,409110
2026-02-18 09:49:00,09:49:00,164.75,167.7,162.3,167.4,198380
2026-02-18 09:50:00,09:50:00,166.7,170.05,164.9,167.75,425815
2026-02-18 09:51:00,09:51:00,168.25,169.5,164.2,167.8,235170
2026-02-18 09:52:00,09:52:00,167.65,170.8,166.35,170.8,232050
2026-02-18 09:53:00,09:53:00,171.55,175.9,168.6,170.6,796575
2026-02-18 09:54:00,09:54:00,170.8,180.4,170.2,180.1,621140
2026-02-18 09:55:00,09:55:00,179.6,198.5,179.3,198.5,1616225
2026-02-18 09:56:00,09:56:00,197.15,203.1,196.7,198.0,1212380
2026-02-18 09:57:00,09:57:00,170.8,177.0,169.0,172.1,1152515
2026-02-18 09:58:00,09:58:00,173.55,177.15,169.1,174.65,662805
2026-02-18 09:59:00,09:59:00,174.2,180.0,173.0,173.8,794170
2026-02-18 10:00:00,10:00:00,173.9,185.1,173.8,181.4,1227200
2026-02-18 10:01:00,10:01:00,181.45,185.2,176.5,179.2,485550
2026-02-18 10:02:00,10:02:00,179.0,184.0,178.95,179.75,360295
2026-02-18 10:03:00,10:03:00,179.75,181.75,178.25,178.3,244335
2026-02-18 10:04:00,10:04:00,178.4,179.35,174.75,177.0,325065
2026-02-18 10:05:00,10:05:00,176.3,177.0,169.4,171.95,441415
2026-02-18 10:06:00,10:06:00,172.35,173.0,169.95,171.45,200200
2026-02-18 10:07:00,10:07:00,171.35,182.25,171.05,181.7,469885
2026-02-18 10:08:00,10:08:00,182.65,186.35,175.25,175.85,585520
2026-02-18 10:09:00,10:09:00,176.4,176.9,172.6,175.6,248950
2026-02-18 10:10:00,10:10:00,175.55,180.05,174.6,177.75,222105
2026-02-18 10:11:00,10:11:00,178.1,178.4,171.75,171.9,171015
2026-02-18 10:12:00,10:12:00,171.4,174.8,169.6,172.0,237055
2026-02-18 10:13:00,10:13:00,171.7,178.2,171.7,174.35,205140
2026-02-18 10:14:00,10:14:00,174.35,179.15,172.75,178.95,147485
2026-02-18 10:15:00,10:15:00,178.7,179.6,175.8,178.65,211185
2026-02-18 10:16:00,10:16:00,178.85,182.4,178.65,182.25,337090
2026-02-18 10:17:00,10:17:00,182.0,191.7,181.95,185.35,740285
2026-02-18 10:18:00,10:18:00,186.5,186.5,171.75,171.85,499655
2026-02-18 10:19:00,10:19:00,171.85,173.5,168.85,170.7,340600
2026-02-18 10:20:00,10:20:00,171.2,176.1,169.6,176.05,213915
2026-02-18 10:21:00,10:21:00,174.5,177.2,172.0,174.95,184535
2026-02-18 10:22:00,10:22:00,174.25,177.5,172.4,174.85,157495
2026-02-18 10:23:00,10:23:00,173.45,176.5,172.6,175.45,78390
2026-02-18 10:24:00,10:24:00,175.4,175.45,167.9,174.05,218530
2026-02-18 10:25:00,10:25:00,173.5,178.0,172.7,177.25,139620
2026-02-18 10:26:00,10:26:00,177.9,185.3,177.25,183.7,420160
2026-02-18 10:27:00,10:27:00,182.3,185.9,181.45,185.5,262925
2026-02-18 10:28:00,10:28:00,184.45,187.8,181.5,181.5,284505
2026-02-18 10:29:00,10:29:00,180.75,181.5,173.0,173.55,277095
2026-02-18 10:30:00,10:30:00,173.55,179.6,172.4,176.55,247845
2026-02-18 10:31:00,10:31:00,176.55,177.2,171.45,172.45,120510
2026-02-18 10:32:00,10:32:00,172.7,174.25,171.2,172.55,71890
2026-02-18 10:33:00,10:33:00,172.15,174.05,167.85,168.75,188370
2026-02-18 10:34:00,10:34:00,169.7,171.6,168.25,170.7,111085
2026-02-18 10:35:00,10:35:00,200.15,201.85,194.1,194.9,260000
2026-02-18 10:36:00,10:36:00,194.9,198.45,194.35,194.7,150865
2026-02-18 10:37:00,10:37:00,193.4,198.9,190.95,198.15,241280
2026-02-18 10:38:00,10:38:00,168.35,177.2,168.35,177.15,350675
2026-02-18 10:39:00,10:39:00,177.0,179.9,173.2,179.9,256945
2026-02-18 10:40:00,10:40:00,178.5,181.8,177.0,181.05,304005
2026-02-18 10:41:00,10:41:00,181.0,182.5,179.3,179.3,207415
2026-02-18 10:42:00,10:42:00,177.0,179.3,174.5,176.25,177255
2026-02-18 10:43:00,10:43:00,176.25,179.25,175.85,177.9,72670
2026-02-18 10:44:00,10:44:00,178.1,179.9,175.9,179.9,87425
2026-02-18 10:45:00,10:45:00,180.0,180.95,174.15,177.3,161590
2026-02-18 10:46:00,10:46:00,177.25,177.3,170.15,170.85,136175
2026-02-18 10:47:00,10:47:00,199.85,200.3,195.3,196.05,244075
2026-02-18 10:48:00,10:48:00,196.15,201.3,195.8,196.95,160745
2026-02-18 10:49:00,10:49:00,196.95,199.0,195.7,197.65,65000
2026-02-18 10:50:00,10:50:00,197.15,197.75,194.65,195.9,176995
2026-02-18 10:51:00,10:51:00,195.95,199.3,195.9,196.3,94185
2026-02-18 10:52:00,10:52:00,196.3,196.4,192.7,193.5,127530
2026-02-18 10:53:00,10:53:00,192.55,193.5,185.7,185.85,430495
2026-02-18 10:54:00,10:54:00,185.9,189.5,184.0,188.65,301015
2026-02-18 10:55:00,10:55:00,188.05,191.8,186.45,188.1,193440
2026-02-18 10:56:00,10:56:00,187.15,188.45,184.3,188.4,169390
2026-02-18 10:57:00,10:57:00,187.8,188.4,183.6,183.9,144040
2026-02-18 10:58:00,10:58:00,183.7,183.9,177.7,178.55,340860
2026-02-18 10:59:00,10:59:00,178.0,179.4,176.35,177.6,220220
2026-02-18 11:00:00,11:00:00,177.95,179.6,175.65,176.5,245050
2026-02-18 11:01:00,11:01:00,176.05,180.5,175.9,177.8,171340
2026-02-18 11:02:00,11:02:00,177.75,177.85,173.5,175.5,279565
2026-02-18 11:03:00,11:03:00,175.35,180.9,175.25,180.0,171145
2026-02-18 11:04:00,11:04:00,180.05,180.6,174.45,176.95,142805
2026-02-18 11:05:00,11:05:00,177.7,181.45,176.95,181.45,153075
2026-02-18 11:06:00,11:06:00,181.25,181.65,177.75,178.7,231140
2026-02-18 11:07:00,11:07:00,178.8,181.45,176.0,178.7,155090
2026-02-18 11:08:00,11:08:00,178.3,180.15,175.2,176.55,104910
2026-02-18 11:09:00,11:09:00,175.5,176.8,173.6,175.05,160680
2026-02-18 11:10:00,11:10:00,175.55,175.8,173.1,174.5,128895
2026-02-18 11:11:00,11:11:00,174.65,178.75,174.35,178.0,114725
2026-02-18 11:12:00,11:12:00,177.5,185.75,177.0,185.1,338000
2026-02-18 11:13:00,11:13:00,186.35,187.6,179.45,181.5,418340
2026-02-18 11:14:00,11:14:00,181.25,181.5,173.35,176.45,226460
2026-02-18 11:15:00,11:15:00,177.15,182.0,175.65,180.0,167375
2026-02-18 11:16:00,11:16:00,179.45,184.35,179.45,183.5,196040
2026-02-18 11:17:00,11:17:00,183.35,188.9,182.8,185.85,375050
2026-02-18 11:18:00,11:18:00,186.25,186.9,181.0,186.9,180700
2026-02-18 11:19:00,11:19:00,185.9,189.05,183.85,186.0,247000
2026-02-18 11:20:00,11:20:00,185.85,186.65,182.75,183.4,124865
2026-02-18 11:21:00,11:21:00,183.2,185.5,181.35,184.0,124670
2026-02-18 11:22:00,11:22:00,183.05,184.0,179.6,181.1,122330
2026-02-18 11:23:00,11:23:00,179.9,184.35,178.3,182.3,114400
2026-02-18 11:24:00,11:24:00,182.5,188.75,182.3,188.35,197405
2026-02-18 11:25:00,11:25:00,187.95,189.95,187.05,189.95,338520
2026-02-18 11:26:00,11:26:00,189.95,194.8,185.75,185.75,537680
2026-02-18 11:27:00,11:27:00,185.8,187.35,183.25,183.25,189020
2026-02-18 11:28:00,11:28:00,182.35,184.1,179.35,181.0,184860
2026-02-18 11:29:00,11:29:00,180.7,183.15,177.45,179.1,189345
2026-02-18 11:30:00,11:30:00,178.35,184.9,177.2,181.65,164450
2026-02-18 11:31:00,11:31:00,181.55,182.8,178.1,181.05,89960
2026-02-18 11:32:00,11:32:00,181.2,181.6,176.0,179.45,129415
2026-02-18 11:33:00,11:33:00,179.35,180.05,174.0,174.1,138840
2026-02-18 11:34:00,11:34:00,171.7,174.1,162.4,166.15,617695
2026-02-18 11:35:00,11:35:00,166.25,169.65,164.95,165.45,302770
2026-02-18 11:36:00,11:36:00,165.55,171.9,165.45,171.55,225810
2026-02-18 11:37:00,11:37:00,171.35,176.5,171.1,173.55,255645
2026-02-18 11:38:00,11:38:00,173.45,176.3,171.4,175.75,148655
2026-02-18 11:39:00,11:39:00,176.65,179.25,175.05,176.6,191490
2026-02-18 11:40:00,11:40:00,176.1,178.6,173.75,178.6,137280
2026-02-18 11:41:00,11:41:00,178.2,186.0,178.2,184.85,465790
2026-02-18 11:42:00,11:42:00,185.35,191.3,184.85,190.5,490945
2026-02-18 11:43:00,11:43:00,190.1,192.95,187.95,189.0,338715
2026-02-18 11:44:00,11:44:00,188.8,190.25,185.05,186.3,167635
2026-02-18 11:45:00,11:45:00,186.5,189.5,184.0,189.45,180050
2026-02-18 11:46:00,11:46:00,189.35,190.8,186.4,186.45,167765
2026-02-18 11:47:00,11:47:00,186.6,187.85,184.5,185.7,150865
2026-02-18 11:48:00,11:48:00,185.25,190.5,184.6,187.9,176605
2026-02-18 11:49:00,11:49:00,187.0,188.6,184.05,185.25,141830
2026-02-18 11:50:00,11:50:00,184.15,185.25,181.15,182.65,132210
2026-02-18 11:51:00,11:51:00,182.8,185.85,182.1,184.75,95485
2026-02-18 11:52:00,11:52:00,185.0,187.75,183.4,186.2,124410
2026-02-18 11:53:00,11:53:00,186.5,187.15,183.2,184.5,59995
2026-02-18 11:54:00,11:54:00,184.75,185.0,180.05,181.25,114400
2026-02-18 11:55:00,11:55:00,181.3,185.85,180.3,180.65,112905
2026-02-18 11:56:00,11:56:00,180.75,183.15,180.4,181.5,48490
2026-02-18 11:57:00,11:57:00,181.3,183.85,178.6,178.85,92170
2026-02-18 11:58:00,11:58:00,179.45,182.3,177.9,182.3,110240
2026-02-18 11:59:00,11:59:00,182.05,182.3,174.4,174.4,162500
2026-02-18 12:00:00,12:00:00,174.15,177.4,172.2,172.9,163735
2026-02-18 12:01:00,12:01:00,171.7,172.9,167.5,167.5,267215
2026-02-18 12:02:00,12:02:00,166.5,172.6,166.5,172.15,160095
2026-02-18 12:03:00,12:03:00,172.5,176.3,172.0,174.45,210665
2026-02-18 12:04:00,12:04:00,174.85,175.4,170.95,174.1,87685
2026-02-18 12:05:00,12:05:00,173.5,175.1,171.4,172.0,70200
2026-02-18 12:06:00,12:06:00,172.0,173.2,168.8,170.2,147745
2026-02-18 12:07:00,12:07:00,169.95,170.35,167.4,167.4,90675
2026-02-18 12:08:00,12:08:00,167.7,168.0,165.15,166.65,183820
2026-02-18 12:09:00,12:09:00,166.6,169.0,165.45,169.0,103090
2026-02-18 12:10:00,12:10:00,168.15,169.0,166.75,168.5,97890
2026-02-18 12:11:00,12:11:00,168.05,171.1,165.65,167.3,128440
2026-02-18 12:12:00,12:12:00,167.7,169.8,166.25,169.8,94185
2026-02-18 12:13:00,12:13:00,169.0,172.45,166.75,168.9,149045
2026-02-18 12:14:00,12:14:00,168.1,168.9,165.5,167.1,98605
2026-02-18 12:15:00,12:15:00,167.05,167.1,163.65,164.55,161850
2026-02-18 12:16:00,12:16:00,164.2,164.55,159.75,162.2,303355
2026-02-18 12:17:00,12:17:00,162.0,166.75,162.0,164.5,177450
2026-02-18 12:18:00,12:18:00,164.15,165.95,162.65,165.7,108940
2026-02-18 12:19:00,12:19:00,165.5,168.25,164.5,167.85,121810
2026-02-18 12:20:00,12:20:00,168.05,168.7,164.75,166.7,152750
2026-02-18 12:21:00,12:21:00,167.25,167.5,162.45,164.75,162825
2026-02-18 12:22:00,12:22:00,163.9,164.9,160.55,163.85,175175
2026-02-18 12:23:00,12:23:00,163.65,165.35,161.5,161.5,93990
2026-02-18 12:24:00,12:24:00,161.85,161.85,158.0,160.25,236925
2026-02-18 12:25:00,12:25:00,160.0,168.3,157.2,168.3,264225
2026-02-18 12:26:00,12:26:00,168.9,171.15,167.0,168.6,397085
2026-02-18 12:27:00,12:27:00,168.0,171.0,166.0,166.2,176345
2026-02-18 12:28:00,12:28:00,165.7,167.1,160.35,160.35,179530
2026-02-18 12:29:00,12:29:00,160.4,164.55,159.65,164.5,190775
2026-02-18 12:30:00,12:30:00,165.05,166.7,161.45,161.65,121680
2026-02-18 12:31:00,12:31:00,161.0,162.7,160.15,160.5,100555
2026-02-18 12:32:00,12:32:00,159.0,160.95,157.4,158.15,185835
2026-02-18 12:33:00,12:33:00,158.1,160.95,158.1,159.15,100360
2026-02-18 12:34:00,12:34:00,158.8,159.55,156.3,159.5,147355
2026-02-18 12:35:00,12:35:00,188.5,189.15,184.55,189.1,25935
2026-02-18 12:36:00,12:36:00,159.5,161.45,158.2,159.45,203970
2026-02-18 12:37:00,12:37:00,189.2,190.0,184.2,185.55,28405
2026-02-18 12:38:00,12:38:00,186.15,187.6,184.6,184.8,26520
2026-02-18 12:39:00,12:39:00,182.85,186.9,182.7,183.8,45825
2026-02-18 12:40:00,12:40:00,154.5,160.05,154.5,159.95,220545
2026-02-18 12:41:00,12:41:00,160.5,163.3,159.95,162.7,351715
2026-02-18 12:42:00,12:42:00,192.15,192.15,185.1,186.15,45370
2026-02-18 12:43:00,12:43:00,185.85,187.8,183.95,185.6,38805
2026-02-18 12:44:00,12:44:00,185.5,188.3,184.35,185.85,34320
2026-02-18 12:45:00,12:45:00,156.25,159.25,154.7,158.55,156000
2026-02-18 12:46:00,12:46:00,187.8,187.85,185.0,185.6,22815
2026-02-18 12:47:00,12:47:00,185.0,188.6,184.7,187.45,18850
2026-02-18 12:48:00,12:48:00,157.75,160.25,157.1,160.25,74880
2026-02-18 12:49:00,12:49:00,160.25,164.9,159.35,164.85,247520
2026-02-18 12:50:00,12:50:00,164.8,165.35,161.65,161.95,218205
2026-02-18 12:51:00,12:51:00,161.6,164.2,160.95,164.0,119340
2026-02-18 12:52:00,12:52:00,164.1,164.1,160.35,161.15,90350
2026-02-18 12:53:00,12:53:00,190.4,190.4,183.7,184.45,77805
2026-02-18 12:54:00,12:54:00,184.0,186.35,183.1,186.3,29120
2026-02-18 12:55:00,12:55:00,157.4,158.9,155.6,158.9,121615
2026-02-18 12:56:00,12:56:00,159.75,159.75,155.2,155.3,138190
2026-02-18 12:57:00,12:57:00,184.15,184.6,182.0,183.85,39715
2026-02-18 12:58:00,12:58:00,184.25,184.5,179.2,180.6,78910
2026-02-18 12:59:00,12:59:00,180.85,183.05,178.9,179.7,38545
2026-02-18 13:00:00,13:00:00,179.7,182.05,177.1,178.6,55055
2026-02-18 13:01:00,13:01:00,177.5,178.6,173.7,177.9,86840
2026-02-18 13:02:00,13:02:00,177.1,185.15,176.5,185.15,83200
2026-02-18 13:03:00,13:03:00,184.65,190.5,184.65,185.5,86905
2026-02-18 13:04:00,13:04:00,185.55,185.55,178.35,178.55,44330
2026-02-18 13:05:00,13:05:00,179.0,180.55,177.1,178.55,28275
2026-02-18 13:06:00,13:06:00,178.6,181.5,177.85,180.2,28600
2026-02-18 13:07:00,13:07:00,179.5,183.0,179.5,182.85,28210
2026-02-18 13:08:00,13:08:00,181.55,183.0,180.45,182.3,22490
2026-02-18 13:09:00,13:09:00,181.85,183.15,181.05,182.05,17680
2026-02-18 13:10:00,13:10:00,152.7,159.35,152.35,159.35,276445
2026-02-18 13:11:00,13:11:00,159.05,160.45,156.2,156.9,272610
2026-02-18 13:12:00,13:12:00,185.0,186.5,182.35,182.55,35295
2026-02-18 13:13:00,13:13:00,181.8,184.8,181.75,183.0,29055
2026-02-18 13:14:00,13:14:00,183.0,183.5,178.8,179.4,29185
2026-02-18 13:15:00,13:15:00,178.5,179.75,174.25,175.95,73645
2026-02-18 13:16:00,13:16:00,175.1,177.6,173.9,177.45,53235
2026-02-18 13:17:00,13:17:00,177.55,183.7,177.35,180.55,72475
2026-02-18 13:18:00,13:18:00,179.6,180.55,177.9,178.9,16900
2026-02-18 13:19:00,13:19:00,178.75,178.9,175.0,176.6,28990
2026-02-18 13:20:00,13:20:00,176.0,177.5,174.75,176.55,33020
2026-02-18 13:21:00,13:21:00,176.65,178.1,174.15,177.65,33345
2026-02-18 13:22:00,13:22:00,177.4,179.9,175.5,176.2,52325
2026-02-18 13:23:00,13:23:00,176.2,176.45,171.1,171.1,61425
2026-02-18 13:24:00,13:24:00,170.0,176.8,170.0,176.4,87490
2026-02-18 13:25:00,13:25:00,175.95,181.6,175.65,181.6,65520
2026-02-18 13:26:00,13:26:00,181.7,182.4,178.45,178.9,73775
2026-02-18 13:27:00,13:27:00,179.0,182.45,178.65,182.45,49660
2026-02-18 13:28:00,13:28:00,153.0,155.7,152.55,155.7,403000
2026-02-18 13:29:00,13:29:00,184.8,185.9,180.85,180.85,52780
2026-02-18 13:30:00,13:30:00,180.6,183.35,180.55,182.3,31915
2026-02-18 13:31:00,13:31:00,182.7,182.7,178.7,181.15,46280
2026-02-18 13:32:00,13:32:00,181.9,184.15,178.85,182.7,30290
2026-02-18 13:33:00,13:33:00,182.15,183.55,180.1,182.05,20800
2026-02-18 13:34:00,13:34:00,181.3,182.25,180.0,182.25,20085
2026-02-18 13:35:00,13:35:00,181.15,182.25,179.7,181.2,28145
2026-02-18 13:36:00,13:36:00,152.2,155.9,151.9,155.35,222755
2026-02-18 13:37:00,13:37:00,155.7,157.45,153.1,157.05,221325
2026-02-18 13:38:00,13:38:00,186.55,186.55,181.65,181.65,49725
2026-02-18 13:39:00,13:39:00,153.1,156.85,152.9,156.65,118755
2026-02-18 13:40:00,13:40:00,185.8,185.95,180.8,181.4,45500
2026-02-18 13:41:00,13:41:00,152.6,155.35,151.7,154.25,101205
2026-02-18 13:42:00,13:42:00,154.35,158.25,153.8,158.25,204295
2026-02-18 13:43:00,13:43:00,158.15,158.7,155.65,157.75,245830
2026-02-18 13:44:00,13:44:00,157.0,157.75,152.15,153.3,157950
2026-02-18 13:45:00,13:45:00,181.5,182.15,176.1,176.75,78325
2026-02-18 13:46:00,13:46:00,176.5,179.95,174.7,177.95,55055
2026-02-18 13:47:00,13:47:00,177.1,182.0,176.2,180.9,60775
2026-02-18 13:48:00,13:48:00,180.9,181.85,174.55,175.65,50440
2026-02-18 13:49:00,13:49:00,174.85,178.75,174.85,177.15,45890
2026-02-18 13:50:00,13:50:00,176.9,177.35,175.2,175.2,12675
2026-02-18 13:51:00,13:51:00,175.25,175.8,172.4,174.15,66560
2026-02-18 13:52:00,13:52:00,172.95,181.05,170.75,181.05,96785
2026-02-18 13:53:00,13:53:00,151.9,161.0,151.6,159.0,1051310
2026-02-18 13:54:00,13:54:00,159.1,165.25,159.0,165.25,574925
2026-02-18 13:55:00,13:55:00,165.55,167.55,161.75,163.8,633685
2026-02-18 13:56:00,13:56:00,164.25,166.5,160.1,160.1,309725
2026-02-18 13:57:00,13:57:00,160.0,160.9,157.6,159.05,423800
2026-02-18 13:58:00,13:58:00,159.2,159.2,154.15,156.1,391105
2026-02-18 13:59:00,13:59:00,156.2,158.4,154.8,156.2,215020
2026-02-18 14:00:00,14:00:00,185.65,187.05,183.35,186.05,42250
2026-02-18 14:01:00,14:01:00,156.7,158.7,156.2,157.8,235755
2026-02-18 14:02:00,14:02:00,158.15,159.25,156.65,156.85,248625
2026-02-18 14:03:00,14:03:00,155.9,156.85,154.0,154.55,236600
2026-02-18 14:04:00,14:04:00,183.8,186.25,182.9,182.9,44460
2026-02-18 14:05:00,14:05:00,182.3,183.4,178.55,180.65,62400
2026-02-18 14:06:00,14:06:00,180.5,182.1,179.85,181.9,21970
2026-02-18 14:07:00,14:07:00,182.3,182.8,180.0,180.05,23205
2026-02-18 14:08:00,14:08:00,179.45,180.05,177.4,177.75,38870
2026-02-18 14:09:00,14:09:00,177.8,179.6,176.55,177.2,43420
2026-02-18 14:10:00,14:10:00,177.5,178.4,175.35,175.35,54015
2026-02-18 14:11:00,14:11:00,175.2,175.7,166.3,167.45,136500
2026-02-18 14:12:00,14:12:00,167.75,168.3,161.7,161.7,148330
2026-02-18 14:13:00,14:13:00,161.95,164.1,160.7,163.8,84435
2026-02-18 14:14:00,14:14:00,163.75,164.25,161.75,161.9,86320
2026-02-18 14:15:00,14:15:00,161.6,162.85,159.75,162.85,123825
2026-02-18 14:16:00,14:16:00,164.05,167.55,162.85,164.15,147615
2026-02-18 14:17:00,14:17:00,163.85,164.2,159.95,160.8,73580
2026-02-18 14:18:00,14:18:00,160.0,161.05,157.1,157.6,153140
2026-02-18 14:19:00,14:19:00,157.25,158.35,153.45,153.8,146315
2026-02-18 14:20:00,14:20:00,182.0,183.6,178.05,178.05,322985
2026-02-18 14:21:00,14:21:00,177.75,178.95,175.85,177.75,192530
2026-02-18 14:22:00,14:22:00,178.25,178.6,172.5,175.6,182780
2026-02-18 14:23:00,14:23:00,175.3,175.6,171.05,171.55,142350
2026-02-18 14:24:00,14:24:00,171.4,175.3,171.2,173.75,123305
2026-02-18 14:25:00,14:25:00,173.35,178.75,173.35,178.1,153790
2026-02-18 14:26:00,14:26:00,179.0,179.0,173.15,173.35,132730
2026-02-18 14:27:00,14:27:00,173.1,173.35,169.7,171.05,139100
2026-02-18 14:28:00,14:28:00,170.55,174.6,170.2,174.6,91520
2026-02-18 14:29:00,14:29:00,174.8,177.4,174.35,176.1,141310
2026-02-18 14:30:00,14:30:00,176.2,178.75,175.0,178.4,85215
2026-02-18 14:31:00,14:31:00,178.7,181.9,177.65,180.45,164515
2026-02-18 14:32:00,14:32:00,180.35,180.45,174.65,174.65,90350
2026-02-18 14:33:00,14:33:00,175.4,175.5,171.7,175.0,127075
2026-02-18 14:34:00,14:34:00,174.5,180.85,174.5,179.8,130585
2026-02-18 14:35:00,14:35:00,180.25,180.25,177.0,177.5,39000
2026-02-18 14:36:00,14:36:00,177.5,177.5,174.15,176.45,87360
2026-02-18 14:37:00,14:37:00,176.3,179.05,175.9,178.55,43615
2026-02-18 14:38:00,14:38:00,178.65,181.5,177.65,179.6,84760
2026-02-18 14:39:00,14:39:00,179.5,180.85,179.0,179.6,98930
2026-02-18 14:40:00,14:40:00,179.3,181.45,178.35,179.9,62400
2026-02-18 14:41:00,14:41:00,179.8,180.0,177.7,179.7,76245
2026-02-18 14:42:00,14:42:00,179.35,181.45,178.8,181.45,102245
2026-02-18 14:43:00,14:43:00,181.3,182.4,178.85,180.45,120055
2026-02-18 14:44:00,14:44:00,180.2,180.95,178.2,180.8,107445
2026-02-18 14:45:00,14:45:00,180.6,183.9,179.85,182.45,114855
2026-02-18 14:46:00,14:46:00,153.45,156.65,153.3,155.55,101790
2026-02-18 14:47:00,14:47:00,184.1,184.15,180.2,183.5,72735
2026-02-18 14:48:00,14:48:00,182.65,186.8,181.4,182.55,104325
2026-02-18 14:49:00,14:49:00,182.15,183.25,180.1,180.5,58435
2026-02-18 14:50:00,14:50:00,179.6,181.25,177.4,177.5,84110
2026-02-18 14:51:00,14:51:00,178.0,179.2,175.0,175.0,112190
2026-02-18 14:52:00,14:52:00,175.55,179.9,175.0,177.5,88660
2026-02-18 14:53:00,14:53:00,177.7,179.2,175.7,179.2,40105
2026-02-18 14:54:00,14:54:00,179.1,180.3,176.3,176.6,77090
2026-02-18 14:55:00,14:55:00,177.35,177.35,175.2,175.55,35360
2026-02-18 14:56:00,14:56:00,176.0,176.95,173.25,175.3,101725
2026-02-18 14:57:00,14:57:00,174.8,175.55,172.95,174.65,50700
2026-02-18 14:58:00,14:58:00,174.4,177.2,173.3,175.4,80275
2026-02-18 14:59:00,14:59:00,175.0,177.55,174.95,174.95,85410
2026-02-18 15:00:00,15:00:00,171.45,174.95,158.4,159.25,424060
2026-02-18 15:01:00,15:01:00,188.6,194.2,188.1,189.6,57915
2026-02-18 15:02:00,15:02:00,160.25,170.55,160.25,166.2,310440
2026-02-18 15:03:00,15:03:00,166.25,168.5,165.2,166.4,102115
2026-02-18 15:04:00,15:04:00,166.4,167.05,164.1,166.3,76245
2026-02-18 15:05:00,15:05:00,166.75,169.55,164.95,169.35,85410
2026-02-18 15:06:00,15:06:00,169.45,169.85,165.95,166.05,125840
2026-02-18 15:07:00,15:07:00,165.6,166.25,162.85,162.9,132925
2026-02-18 15:08:00,15:08:00,163.3,166.5,162.9,165.15,70005
2026-02-18 15:09:00,15:09:00,195.95,196.5,191.0,191.0,22880
2026-02-18 15:10:00,15:10:00,191.5,193.65,191.0,192.8,21255
2026-02-18 15:11:00,15:11:00,164.3,164.55,161.8,163.8,79300
2026-02-18 15:12:00,15:12:00,163.95,164.85,163.55,164.0,69615
2026-02-18 15:13:00,15:13:00,164.3,165.95,164.0,165.5,72345
2026-02-18 15:14:00,15:14:00,165.7,167.35,165.05,165.05,108680
2026-02-18 15:15:00,15:15:00,166.15,167.55,163.0,164.35,114400
2026-02-18 15:16:00,15:16:00,165.05,167.25,164.1,164.95,89895
2026-02-18 15:17:00,15:17:00,164.9,165.65,163.7,164.05,61620
2026-02-18 15:18:00,15:18:00,194.05,196.3,193.8,194.95,23335
2026-02-18 15:19:00,15:19:00,165.1,169.8,165.05,168.2,125580
2026-02-18 15:20:00,15:20:00,168.8,170.4,167.65,169.0,147095
2026-02-18 15:21:00,15:21:00,168.7,170.4,168.7,169.2,77090
2026-02-18 15:22:00,15:22:00,168.3,169.2,166.6,168.3,71045
2026-02-18 15:23:00,15:23:00,168.5,169.65,168.3,169.3,41600
2026-02-18 15:24:00,15:24:00,169.75,169.95,167.1,169.0,70330
2026-02-18 15:25:00,15:25:00,169.45,169.85,167.55,168.2,75855
2026-02-18 15:26:00,15:26:00,168.1,168.2,165.0,167.15,109330
2026-02-18 15:27:00,15:27:00,167.2,168.85,167.0,167.9,86125
2026-02-18 15:28:00,15:28:00,168.0,168.65,166.7,168.0,101400
2026-02-18 15:29:00,15:29:00,168.0,168.0,165.75,167.15,157170
2026-02-19 09:15:00,09:15:00,146.0,152.75,123.25,142.95,1531270
2026-02-19 09:16:00,09:16:00,147.6,149.0,137.7,140.8,834665
2026-02-19 09:17:00,09:17:00,141.25,143.8,129.15,129.15,765895
2026-02-19 09:18:00,09:18:00,131.4,135.7,129.15,133.15,709150
2026-02-19 09:19:00,09:19:00,134.6,137.2,131.4,136.1,594945
2026-02-19 09:20:00,09:20:00,137.95,138.45,126.6,126.9,845390
2026-02-19 09:21:00,09:21:00,125.45,129.65,123.2,127.8,779415
2026-02-19 09:22:00,09:22:00,127.6,128.85,125.25,128.0,469885
2026-02-19 09:23:00,09:23:00,127.85,136.15,127.6,129.5,881010
2026-02-19 09:24:00,09:24:00,130.8,137.9,129.5,137.9,689325
2026-02-19 09:25:00,09:25:00,137.65,145.35,137.55,143.75,1378130
2026-02-19 09:26:00,09:26:00,144.4,150.05,143.5,150.05,1132365
2026-02-19 09:27:00,09:27:00,150.7,153.2,144.9,149.45,1022385
2026-02-19 09:28:00,09:28:00,122.3,130.4,120.7,129.4,1455415
2026-02-19 09:29:00,09:29:00,129.45,129.85,124.65,128.8,1015105
2026-02-19 09:30:00,09:30:00,128.55,135.0,126.4,133.6,1437670
2026-02-19 09:31:00,09:31:00,132.7,135.3,127.75,133.9,981045
2026-02-19 09:32:00,09:32:00,133.35,135.45,129.3,132.45,668850
2026-02-19 09:33:00,09:33:00,132.7,134.65,131.35,133.4,376870
2026-02-19 09:34:00,09:34:00,133.9,135.8,132.1,134.9,580970
2026-02-19 09:35:00,09:35:00,135.3,135.3,128.6,132.65,615095
2026-02-19 09:36:00,09:36:00,132.65,134.8,129.4,133.35,404170
2026-02-19 09:37:00,09:37:00,132.8,149.3,131.05,147.1,1926795
2026-02-19 09:38:00,09:38:00,147.35,152.75,145.15,152.75,1009775
2026-02-19 09:39:00,09:39:00,153.15,153.35,143.75,146.65,726895
2026-02-19 09:40:00,09:40:00,145.9,149.05,143.7,147.35,352820
2026-02-19 09:41:00,09:41:00,148.4,149.6,144.35,144.35,251095
2026-02-19 09:42:00,09:42:00,144.9,148.45,143.05,146.95,303485
2026-02-19 09:43:00,09:43:00,146.7,150.35,144.45,148.75,334230
2026-02-19 09:44:00,09:44:00,148.0,150.0,146.2,149.0,248950
2026-02-19 09:45:00,09:45:00,149.3,151.6,146.4,146.7,315445
2026-02-19 09:46:00,09:46:00,146.35,150.0,143.25,143.35,321360
2026-02-19 09:47:00,09:47:00,143.55,145.4,139.5,140.25,402155
2026-02-19 09:48:00,09:48:00,140.3,140.5,133.65,137.8,482625
2026-02-19 09:49:00,09:49:00,135.65,137.8,131.65,134.05,262990
2026-02-19 09:50:00,09:50:00,134.2,139.85,132.75,138.4,441870
2026-02-19 09:51:00,09:51:00,138.6,145.2,136.8,144.55,475085
2026-02-19 09:52:00,09:52:00,144.3,148.75,139.0,148.35,416195
2026-02-19 09:53:00,09:53:00,148.45,151.9,145.0,147.6,499330
2026-02-19 09:54:00,09:54:00,146.85,152.15,144.45,150.75,314210
2026-02-19 09:55:00,09:55:00,150.3,150.95,146.85,148.6,223210
2026-02-19 09:56:00,09:56:00,149.1,153.75,147.4,150.0,370890
2026-02-19 09:57:00,09:57:00,150.15,150.8,147.45,149.95,126815
2026-02-19 09:58:00,09:58:00,123.6,130.25,123.6,126.3,1888965
2026-02-19 09:59:00,09:59:00,127.05,127.7,124.4,125.85,686400
2026-02-19 10:00:00,10:00:00,125.9,128.35,121.7,126.6,961025
2026-02-19 10:01:00,10:01:00,126.2,128.55,122.55,128.1,789490
2026-02-19 10:02:00,10:02:00,127.75,130.8,126.65,127.2,1351805
2026-02-19 10:03:00,10:03:00,153.95,154.05,145.5,146.7,381030
2026-02-19 10:04:00,10:04:00,147.15,149.0,142.7,143.3,245310
2026-02-19 10:05:00,10:05:00,143.85,146.2,141.65,141.65,197860
2026-02-19 10:06:00,10:06:00,142.95,144.95,141.55,142.45,138970
2026-02-19 10:07:00,10:07:00,143.1,150.3,142.25,148.0,350155
2026-02-19 10:08:00,10:08:00,147.5,152.2,145.65,146.3,248495
2026-02-19 10:09:00,10:09:00,145.0,151.4,144.8,149.95,177840
2026-02-19 10:10:00,10:10:00,150.1,151.9,147.0,150.95,150540
2026-02-19 10:11:00,10:11:00,123.85,131.9,123.85,127.0,1391910
2026-02-19 10:12:00,10:12:00,125.85,131.85,124.75,129.35,863265
2026-02-19 10:13:00,10:13:00,129.95,134.0,128.2,133.5,1128400
2026-02-19 10:14:00,10:14:00,133.95,144.45,133.5,141.05,2809170
2026-02-19 10:15:00,10:15:00,140.55,145.65,139.6,144.0,1485640
2026-02-19 10:16:00,10:16:00,144.5,144.55,138.15,140.6,1048060
2026-02-19 10:17:00,10:17:00,140.7,142.3,136.65,137.95,636805
2026-02-19 10:18:00,10:18:00,137.4,137.95,133.95,134.35,686140
2026-02-19 10:19:00,10:19:00,134.35,140.85,134.05,140.85,628160
2026-02-19 10:20:00,10:20:00,140.6,144.6,138.7,144.3,662415
2026-02-19 10:21:00,10:21:00,144.45,147.1,141.1,144.55,988910
2026-02-19 10:22:00,10:22:00,145.0,146.9,140.0,141.45,859430
2026-02-19 10:23:00,10:23:00,140.95,141.45,136.55,136.55,465855
2026-02-19 10:24:00,10:24:00,136.6,141.15,135.85,139.45,397995
2026-02-19 10:25:00,10:25:00,139.55,142.6,138.15,142.55,468650
2026-02-19 10:26:00,10:26:00,141.6,146.65,141.0,145.15,643500
2026-02-19 10:27:00,10:27:00,144.65,155.25,144.5,150.8,1890070
2026-02-19 10:28:00,10:28:00,150.3,154.65,148.1,148.95,763360
2026-02-19 10:29:00,10:29:00,148.65,148.95,142.9,145.45,729170
2026-02-19 10:30:00,10:30:00,146.0,151.95,145.45,151.35,618280
2026-02-19 10:31:00,10:31:00,151.7,152.1,145.0,145.85,424385
2026-02-19 10:32:00,10:32:00,146.35,146.5,142.9,145.1,341120
2026-02-19 10:33:00,10:33:00,144.8,148.4,142.65,148.05,289640
2026-02-19 10:34:00,10:34:00,148.3,155.75,147.0,153.4,922675
2026-02-19 10:35:00,10:35:00,154.2,155.65,149.4,153.05,638885
2026-02-19 10:36:00,10:36:00,152.25,158.8,152.25,156.65,845845
2026-02-19 10:37:00,10:37:00,131.15,141.4,130.45,141.15,1506375
2026-02-19 10:38:00,10:38:00,141.5,145.25,139.8,140.7,1446770
2026-02-19 10:39:00,10:39:00,140.6,146.4,140.55,146.0,682760
2026-02-19 10:40:00,10:40:00,146.2,151.7,142.8,144.5,1136460
2026-02-19 10:41:00,10:41:00,171.8,172.35,164.4,165.25,531505
2026-02-19 10:42:00,10:42:00,165.6,171.15,164.15,166.65,426725
2026-02-19 10:43:00,10:43:00,167.0,167.15,159.55,161.45,473785
2026-02-19 10:44:00,10:44:00,161.55,164.25,159.25,163.35,324285
2026-02-19 10:45:00,10:45:00,163.45,169.6,162.15,167.35,418535
2026-02-19 10:46:00,10:46:00,166.0,169.65,164.65,165.4,336570
2026-02-19 10:47:00,10:47:00,138.95,142.95,136.85,142.95,221650
2026-02-19 10:48:00,10:48:00,142.05,142.95,140.3,142.45,276835
2026-02-19 10:49:00,10:49:00,142.7,143.5,136.6,139.3,299975
2026-02-19 10:50:00,10:50:00,139.05,141.4,138.75,139.2,187590
2026-02-19 10:51:00,10:51:00,165.7,166.05,160.65,162.25,401830
2026-02-19 10:52:00,10:52:00,162.25,164.0,159.6,160.15,215540
2026-02-19 10:53:00,10:53:00,159.4,165.15,157.95,161.4,233480
2026-02-19 10:54:00,10:54:00,160.9,163.1,157.0,158.3,212745
2026-02-19 10:55:00,10:55:00,157.8,163.7,157.5,163.45,344045
2026-02-19 10:56:00,10:56:00,137.1,140.75,136.1,138.7,443625
2026-02-19 10:57:00,10:57:00,165.55,165.85,158.45,159.95,232570
2026-02-19 10:58:00,10:58:00,159.9,160.95,154.05,154.05,274495
2026-02-19 10:59:00,10:59:00,153.8,156.0,152.0,156.0,337285
2026-02-19 11:00:00,11:00:00,156.0,158.4,153.55,153.75,258310
2026-02-19 11:01:00,11:01:00,153.8,157.35,148.7,157.15,439660
2026-02-19 11:02:00,11:02:00,157.15,161.3,156.2,161.0,386815
2026-02-19 11:03:00,11:03:00,161.75,162.0,154.25,154.6,227305
2026-02-19 11:04:00,11:04:00,154.15,156.5,151.5,155.15,202345
2026-02-19 11:05:00,11:05:00,155.8,158.35,153.4,158.35,174460
2026-02-19 11:06:00,11:06:00,158.9,160.1,153.35,153.7,227305
2026-02-19 11:07:00,11:07:00,154.05,154.05,147.1,148.4,465660
2026-02-19 11:08:00,11:08:00,148.25,153.2,147.15,153.05,240110
2026-02-19 11:09:00,11:09:00,153.35,158.2,153.05,156.4,351455
2026-02-19 11:10:00,11:10:00,156.3,157.45,151.65,153.0,319345
2026-02-19 11:11:00,11:11:00,153.0,154.45,150.4,154.45,134875
2026-02-19 11:12:00,11:12:00,154.45,155.1,151.6,153.5,122655
2026-02-19 11:13:00,11:13:00,127.9,136.45,126.6,136.45,419640
2026-02-19 11:14:00,11:14:00,136.65,139.85,135.0,138.85,843245
2026-02-19 11:15:00,11:15:00,138.65,140.3,135.0,140.15,743795
2026-02-19 11:16:00,11:16:00,139.4,143.15,138.9,141.75,619190
2026-02-19 11:17:00,11:17:00,142.1,142.85,135.15,136.75,476580
2026-02-19 11:18:00,11:18:00,136.6,145.9,136.45,144.65,605670
2026-02-19 11:19:00,11:19:00,144.45,146.1,141.45,144.8,441675
2026-02-19 11:20:00,11:20:00,145.75,147.1,142.5,143.25,559975
2026-02-19 11:21:00,11:21:00,142.6,146.1,140.85,145.0,321100
2026-02-19 11:22:00,11:22:00,145.6,150.0,143.4,148.9,521235
2026-02-19 11:23:00,11:23:00,150.45,159.6,147.4,159.6,890955
2026-02-19 11:24:00,11:24:00,157.9,164.6,156.15,162.25,1267955
2026-02-19 11:25:00,11:25:00,162.15,162.25,155.85,155.85,453830
2026-02-19 11:26:00,11:26:00,155.85,159.05,154.7,156.6,273260
2026-02-19 11:27:00,11:27:00,156.9,164.25,156.05,162.35,406965
2026-02-19 11:28:00,11:28:00,161.25,162.35,155.35,157.45,240955
2026-02-19 11:29:00,11:29:00,158.7,160.25,155.25,160.25,155610
2026-02-19 11:30:00,11:30:00,160.6,162.25,157.6,161.55,222690
2026-02-19 11:31:00,11:31:00,162.45,163.55,159.6,159.6,232895
2026-02-19 11:32:00,11:32:00,160.1,161.35,157.05,159.6,148005
2026-02-19 11:33:00,11:33:00,159.15,160.0,157.0,157.0,100945
2026-02-19 11:34:00,11:34:00,157.35,162.5,156.55,160.35,139880
2026-02-19 11:35:00,11:35:00,160.75,164.85,160.3,161.5,235105
2026-02-19 11:36:00,11:36:00,161.15,172.95,161.1,167.55,682825
2026-02-19 11:37:00,11:37:00,167.55,168.4,163.4,166.4,297375
2026-02-19 11:38:00,11:38:00,167.05,167.05,162.3,165.9,159510
2026-02-19 11:39:00,11:39:00,165.85,165.9,159.35,162.25,213590
2026-02-19 11:40:00,11:40:00,162.15,163.95,160.0,161.65,129415
2026-02-19 11:41:00,11:41:00,161.7,169.35,161.65,169.0,194480
2026-02-19 11:42:00,11:42:00,141.45,148.3,139.5,148.3,1086540
2026-02-19 11:43:00,11:43:00,174.55,176.2,166.4,168.05,345215
2026-02-19 11:44:00,11:44:00,167.8,169.45,165.85,167.15,116220
2026-02-19 11:45:00,11:45:00,140.45,143.95,138.55,143.55,523965
2026-02-19 11:46:00,11:46:00,143.45,148.95,143.45,148.95,912860
2026-02-19 11:47:00,11:47:00,148.85,149.6,141.9,146.15,957255
2026-02-19 11:48:00,11:48:00,145.75,153.6,145.35,148.45,1158170
2026-02-19 11:49:00,11:49:00,147.65,148.45,144.85,147.0,518765
2026-02-19 11:50:00,11:50:00,147.0,151.65,147.0,150.2,728065
2026-02-19 11:51:00,11:51:00,149.75,155.0,148.0,151.7,1167205
2026-02-19 11:52:00,11:52:00,150.9,154.5,149.2,154.25,536380
2026-02-19 11:53:00,11:53:00,153.2,156.15,151.0,152.8,716235
2026-02-19 11:54:00,11:54:00,152.6,154.65,149.8,153.5,555230
2026-02-19 11:55:00,11:55:00,153.8,153.8,148.45,149.55,442325
2026-02-19 11:56:00,11:56:00,149.9,156.8,149.55,156.8,529295
2026-02-19 11:57:00,11:57:00,158.0,158.0,154.15,156.0,671515
2026-02-19 11:58:00,11:58:00,156.5,156.5,151.0,152.55,312000
2026-02-19 11:59:00,11:59:00,152.05,152.55,148.2,151.0,436475
2026-02-19 12:00:00,12:00:00,152.0,156.45,150.6,156.1,456365
2026-02-19 12:01:00,12:01:00,155.25,169.7,155.2,164.7,1688830
2026-02-19 12:02:00,12:02:00,165.85,166.75,158.05,160.6,622570
2026-02-19 12:03:00,12:03:00,160.55,164.0,158.3,159.25,543985
2026-02-19 12:04:00,12:04:00,159.6,163.5,158.0,161.5,350740
2026-02-19 12:05:00,12:05:00,161.35,163.9,159.75,161.1,372450
2026-02-19 12:06:00,12:06:00,161.2,162.2,157.85,161.05,277095
2026-02-19 12:07:00,12:07:00,160.9,163.55,159.95,163.3,264745
2026-02-19 12:08:00,12:08:00,165.3,169.0,162.75,165.65,597350
2026-02-19 12:09:00,12:09:00,165.7,176.35,165.65,176.35,932555
2026-02-19 12:10:00,12:10:00,177.0,185.3,176.35,179.9,1692340
2026-02-19 12:11:00,12:11:00,154.05,160.25,153.6,160.25,826020
2026-02-19 12:12:00,12:12:00,161.25,168.55,160.25,166.75,1075880
2026-02-19 12:13:00,12:13:00,167.05,176.2,166.7,173.3,902980
2026-02-19 12:14:00,12:14:00,171.7,175.15,167.0,174.0,629655
2026-02-19 12:15:00,12:15:00,175.45,180.55,174.0,175.0,839475
2026-02-19 12:16:00,12:16:00,176.35,178.8,172.3,176.8,418210
2026-02-19 12:17:00,12:17:00,176.8,181.55,172.9,172.9,453700
2026-02-19 12:18:00,12:18:00,173.85,173.85,158.8,160.9,703430
2026-02-19 12:19:00,12:19:00,161.35,163.25,158.05,159.6,301860
2026-02-19 12:20:00,12:20:00,159.65,161.75,152.6,154.35,465270
2026-02-19 12:21:00,12:21:00,181.3,181.3,172.05,173.7,444860
2026-02-19 12:22:00,12:22:00,173.4,179.05,173.2,179.05,300495
2026-02-19 12:23:00,12:23:00,180.2,182.05,173.6,175.5,377455
2026-02-19 12:24:00,12:24:00,174.8,176.85,171.05,176.45,264225
2026-02-19 12:25:00,12:25:00,178.25,180.8,176.2,178.3,371215
2026-02-19 12:26:00,12:26:00,151.3,156.95,150.4,151.8,452790
2026-02-19 12:27:00,12:27:00,152.1,153.85,149.0,151.25,223145
2026-02-19 12:28:00,12:28:00,178.2,178.3,172.0,172.65,188955
2026-02-19 12:29:00,12:29:00,171.5,175.4,168.2,175.35,352365
2026-02-19 12:30:00,12:30:00,174.05,175.6,172.05,173.65,167960
2026-02-19 12:31:00,12:31:00,147.5,150.15,144.6,149.05,244335
2026-02-19 12:32:00,12:32:00,149.25,154.95,148.3,154.0,378430
2026-02-19 12:33:00,12:33:00,153.8,156.05,152.3,155.65,372580
2026-02-19 12:34:00,12:34:00,156.05,157.0,148.0,151.45,313495
2026-02-19 12:35:00,12:35:00,151.85,152.7,148.4,149.65,196690
2026-02-19 12:36:00,12:36:00,150.2,154.65,149.65,154.2,232050
2026-02-19 12:37:00,12:37:00,155.25,156.9,152.0,154.85,305695
2026-02-19 12:38:00,12:38:00,155.45,160.05,153.85,160.05,311935
2026-02-19 12:39:00,12:39:00,162.75,168.65,159.5,168.45,778245
2026-02-19 12:40:00,12:40:00,168.25,169.25,160.7,168.85,409500
2026-02-19 12:41:00,12:41:00,169.3,181.0,166.9,174.65,752310
2026-02-19 12:42:00,12:42:00,173.65,181.0,173.65,180.25,480610
2026-02-19 12:43:00,12:43:00,154.6,161.85,153.3,161.85,1802710
2026-02-19 12:44:00,12:44:00,189.25,189.8,179.2,182.3,389415
2026-02-19 12:45:00,12:45:00,181.2,184.5,180.45,181.25,214110
2026-02-19 12:46:00,12:46:00,181.65,182.2,178.65,180.45,194675
2026-02-19 12:47:00,12:47:00,153.4,155.3,151.95,154.3,498095
2026-02-19 12:48:00,12:48:00,155.45,158.55,150.85,154.3,646945
2026-02-19 12:49:00,12:49:00,180.8,182.25,171.45,172.45,245960
2026-02-19 12:50:00,12:50:00,171.15,177.8,170.0,175.8,185510
2026-02-19 12:51:00,12:51:00,176.1,176.5,169.45,169.7,171730
2026-02-19 12:52:00,12:52:00,169.5,169.7,163.75,163.8,183365
2026-02-19 12:53:00,12:53:00,163.3,165.75,157.35,165.0,305630
2026-02-19 12:54:00,12:54:00,165.7,169.5,163.55,167.3,206765
2026-02-19 12:55:00,12:55:00,166.85,167.3,160.8,162.1,139750
2026-02-19 12:56:00,12:56:00,160.8,166.6,160.8,166.35,102050
2026-02-19 12:57:00,12:57:00,166.2,167.25,164.1,165.35,87035
2026-02-19 12:58:00,12:58:00,165.35,168.25,165.35,166.35,64155
2026-02-19 12:59:00,12:59:00,166.4,168.5,163.0,164.2,96590
2026-02-19 13:00:00,13:00:00,164.15,170.0,163.95,166.9,213135
2026-02-19 13:01:00,13:01:00,166.55,166.9,162.0,166.5,110175
2026-02-19 13:02:00,13:02:00,167.1,167.55,164.25,167.2,87555
2026-02-19 13:03:00,13:03:00,166.9,167.2,163.05,164.7,67015
2026-02-19 13:04:00,13:04:00,164.9,164.9,160.7,161.05,101530
2026-02-19 13:05:00,13:05:00,160.15,161.2,155.1,155.1,216710
2026-02-19 13:06:00,13:06:00,155.5,159.4,154.1,155.65,200720
2026-02-19 13:07:00,13:07:00,156.85,158.8,152.75,154.8,113035
2026-02-19 13:08:00,13:08:00,154.1,156.7,148.2,149.1,308165
2026-02-19 13:09:00,13:09:00,175.9,176.1,169.25,169.25,344955
2026-02-19 13:10:00,13:10:00,169.95,173.6,169.25,171.75,220090
2026-02-19 13:11:00,13:11:00,145.05,146.9,143.7,146.8,162045
2026-02-19 13:12:00,13:12:00,146.95,152.5,145.6,152.15,383435
2026-02-19 13:13:00,13:13:00,152.15,153.45,148.0,151.65,271440
2026-02-19 13:14:00,13:14:00,152.05,152.2,149.25,151.6,136045
2026-02-19 13:15:00,13:15:00,152.0,162.1,151.6,161.5,486980
2026-02-19 13:16:00,13:16:00,162.75,164.7,159.45,164.7,333970
2026-02-19 13:17:00,13:17:00,164.7,164.7,158.0,162.0,233350
2026-02-19 13:18:00,13:18:00,161.9,163.0,157.25,158.6,160485
2026-02-19 13:19:00,13:19:00,158.95,160.75,157.25,160.65,147745
2026-02-19 13:20:00,13:20:00,160.3,162.75,157.25,157.25,151710
2026-02-19 13:21:00,13:21:00,184.55,184.55,176.05,176.05,276770
2026-02-19 13:22:00,13:22:00,176.5,178.5,173.6,173.9,173485
2026-02-19 13:23:00,13:23:00,174.5,176.15,173.05,173.3,139815
2026-02-19 13:24:00,13:24:00,174.0,174.0,171.05,172.65,134550
2026-02-19 13:25:00,13:25:00,172.35,174.4,170.05,174.4,133120
2026-02-19 13:26:00,13:26:00,148.1,157.15,147.65,156.7,433290
2026-02-19 13:27:00,13:27:00,156.55,159.8,154.35,154.65,381030
2026-02-19 13:28:00,13:28:00,154.8,157.75,149.5,149.6,253630
2026-02-19 13:29:00,13:29:00,149.6,150.3,146.5,148.9,210925
2026-02-19 13:30:00,13:30:00,148.25,160.4,148.1,159.9,353340
2026-02-19 13:31:00,13:31:00,159.9,166.65,159.8,165.0,522210
2026-02-19 13:32:00,13:32:00,165.0,168.65,164.75,168.25,302900
2026-02-19 13:33:00,13:33:00,168.45,173.6,168.05,170.85,353860
2026-02-19 13:34:00,13:34:00,172.55,174.65,162.4,164.9,345475
2026-02-19 13:35:00,13:35:00,165.2,171.75,164.9,167.1,208065
2026-02-19 13:36:00,13:36:00,167.65,169.6,164.85,165.35,131625
2026-02-19 13:37:00,13:37:00,165.5,165.5,155.5,156.0,265135
2026-02-19 13:38:00,13:38:00,154.55,159.45,154.1,158.7,141375
2026-02-19 13:39:00,13:39:00,158.65,161.35,156.1,158.05,297245
2026-02-19 13:40:00,13:40:00,158.65,159.1,152.6,152.6,137605
2026-02-19 13:41:00,13:41:00,151.2,154.2,151.05,154.2,169065
2026-02-19 13:42:00,13:42:00,154.3,160.65,154.15,160.65,183625
2026-02-19 13:43:00,13:43:00,160.35,162.3,154.5,155.75,179660
2026-02-19 13:44:00,13:44:00,155.0,155.75,150.8,155.7,136110
2026-02-19 13:45:00,13:45:00,154.9,156.35,151.0,154.85,133900
2026-02-19 13:46:00,13:46:00,156.15,158.55,154.45,156.5,134225
2026-02-19 13:47:00,13:47:00,155.35,159.7,153.6,159.7,127205
2026-02-19 13:48:00,13:48:00,159.15,164.65,157.9,158.6,348335
2026-02-19 13:49:00,13:49:00,159.25,163.4,158.6,161.4,166920
2026-02-19 13:50:00,13:50:00,161.0,166.05,160.0,164.3,205660
2026-02-19 13:51:00,13:51:00,163.65,166.0,161.85,164.6,114010
2026-02-19 13:52:00,13:52:00,139.65,151.35,138.7,148.2,944385
2026-02-19 13:53:00,13:53:00,148.9,152.55,146.5,146.5,1203345
2026-02-19 13:54:00,13:54:00,172.25,174.4,164.55,169.5,282750
2026-02-19 13:55:00,13:55:00,169.7,172.5,167.8,172.25,115895
2026-02-19 13:56:00,13:56:00,145.65,149.95,144.65,149.55,500565
2026-02-19 13:57:00,13:57:00,150.0,152.25,148.25,150.7,659815
2026-02-19 13:58:00,13:58:00,150.7,154.6,149.5,153.7,754650
2026-02-19 13:59:00,13:59:00,153.5,155.2,151.3,155.2,777855
2026-02-19 14:00:00,14:00:00,154.2,155.2,149.45,150.8,666445
2026-02-19 14:01:00,14:01:00,151.5,158.55,149.65,156.1,1075230
2026-02-19 14:02:00,14:02:00,155.65,160.25,153.55,155.85,1092975
2026-02-19 14:03:00,14:03:00,155.35,159.0,153.6,158.05,511550
2026-02-19 14:04:00,14:04:00,157.85,161.2,157.1,158.4,677040
2026-02-19 14:05:00,14:05:00,159.0,163.95,158.15,163.95,1099085
2026-02-19 14:06:00,14:06:00,163.65,166.75,155.55,156.9,989105
2026-02-19 14:07:00,14:07:00,156.8,156.9,150.6,153.2,642590
2026-02-19 14:08:00,14:08:00,153.15,155.0,151.3,152.95,263770
2026-02-19 14:09:00,14:09:00,153.05,155.35,148.25,148.85,419380
2026-02-19 14:10:00,14:10:00,148.4,150.4,143.15,150.4,657995
2026-02-19 14:11:00,14:11:00,149.55,150.75,147.75,148.8,405145
2026-02-19 14:12:00,14:12:00,148.7,152.95,146.45,151.7,521950
2026-02-19 14:13:00,14:13:00,151.45,151.7,143.15,144.3,437710
2026-02-19 14:14:00,14:14:00,143.85,144.3,139.1,143.2,561275
2026-02-19 14:15:00,14:15:00,168.45,170.3,165.55,166.7,114855
2026-02-19 14:16:00,14:16:00,165.8,166.7,159.15,159.2,173615
2026-02-19 14:17:00,14:17:00,160.35,163.3,158.15,159.9,121745
2026-02-19 14:18:00,14:18:00,160.05,163.45,159.0,162.75,92755
2026-02-19 14:19:00,14:19:00,164.55,165.65,158.4,161.25,115700
2026-02-19 14:20:00,14:20:00,160.7,162.5,154.65,156.2,174850
2026-02-19 14:21:00,14:21:00,156.0,165.8,154.35,165.8,213590
2026-02-19 14:22:00,14:22:00,165.8,167.6,162.0,167.6,280150
2026-02-19 14:23:00,14:23:00,167.8,171.1,166.9,166.9,240110
2026-02-19 14:24:00,14:24:00,166.5,167.3,161.9,165.5,163345
2026-02-19 14:25:00,14:25:00,140.3,144.2,139.45,143.9,460005
2026-02-19 14:26:00,14:26:00,144.4,147.0,142.8,146.1,635310
2026-02-19 14:27:00,14:27:00,147.15,154.55,146.1,154.1,1421290
2026-02-19 14:28:00,14:28:00,153.95,154.1,148.4,152.0,632840
2026-02-19 14:29:00,14:29:00,152.7,162.35,152.0,160.4,1302275
2026-02-19 14:30:00,14:30:00,161.1,161.1,147.75,147.75,870870
2026-02-19 14:31:00,14:31:00,147.9,150.55,146.4,146.4,516685
2026-02-19 14:32:00,14:32:00,146.05,149.15,145.15,145.45,363090
2026-02-19 14:33:00,14:33:00,145.45,150.25,144.0,148.95,381745
2026-02-19 14:34:00,14:34:00,148.85,151.35,147.45,149.55,320255
2026-02-19 14:35:00,14:35:00,149.95,150.25,144.05,145.85,370435
2026-02-19 14:36:00,14:36:00,146.15,148.4,143.85,147.1,331500
2026-02-19 14:37:00,14:37:00,146.75,149.7,144.0,148.5,312520
2026-02-19 14:38:00,14:38:00,149.9,149.9,147.1,149.6,296530
2026-02-19 14:39:00,14:39:00,150.75,150.75,144.95,148.0,394095
2026-02-19 14:40:00,14:40:00,147.9,149.7,145.8,149.15,241085
2026-02-19 14:41:00,14:41:00,148.95,158.55,148.25,158.55,701220
2026-02-19 14:42:00,14:42:00,158.65,163.65,155.1,162.6,978510
2026-02-19 14:43:00,14:43:00,163.4,172.3,162.6,171.15,1361945
2026-02-19 14:44:00,14:44:00,144.5,150.85,141.75,149.8,1037790
2026-02-19 14:45:00,14:45:00,149.65,156.35,148.4,149.4,1214395
2026-02-19 14:46:00,14:46:00,147.2,156.15,145.2,154.2,657215
2026-02-19 14:47:00,14:47:00,154.0,161.05,153.0,160.4,678275
2026-02-19 14:48:00,14:48:00,159.9,169.05,156.2,164.05,741390
2026-02-19 14:49:00,14:49:00,164.6,168.0,150.95,153.4,664040
2026-02-19 14:50:00,14:50:00,153.6,154.9,149.25,154.8,363675
2026-02-19 14:51:00,14:51:00,155.35,155.35,148.05,150.35,251485
2026-02-19 14:52:00,14:52:00,149.2,151.1,145.3,145.85,346905
2026-02-19 14:53:00,14:53:00,146.25,151.9,145.75,150.85,298025
2026-02-19 14:54:00,14:54:00,151.35,151.75,146.25,147.15,237640
2026-02-19 14:55:00,14:55:00,147.4,154.2,146.8,150.25,342680
2026-02-19 14:56:00,14:56:00,151.15,151.15,147.2,147.55,210925
2026-02-19 14:57:00,14:57:00,176.35,179.25,164.45,164.45,542750
2026-02-19 14:58:00,14:58:00,164.4,172.5,164.4,170.0,337155
2026-02-19 14:59:00,14:59:00,142.0,146.85,140.25,146.85,294515
2026-02-19 15:00:00,15:00:00,148.1,154.95,146.7,152.25,748020
2026-02-19 15:01:00,15:01:00,129.4,143.7,128.5,143.2,2661100
2026-02-19 15:02:00,15:02:00,171.5,177.75,165.35,165.35,885235
2026-02-19 15:03:00,15:03:00,164.55,165.35,157.85,163.85,543595
2026-02-19 15:04:00,15:04:00,164.0,167.7,162.7,164.45,297310
2026-02-19 15:05:00,15:05:00,164.3,169.4,162.05,169.4,255515
2026-02-19 15:06:00,15:06:00,142.25,150.1,141.95,148.85,1302795
2026-02-19 15:07:00,15:07:00,148.85,162.9,148.85,162.0,1941810
2026-02-19 15:08:00,15:08:00,162.75,168.95,156.3,161.8,1701635
2026-02-19 15:09:00,15:09:00,190.35,192.05,173.4,174.8,377000
2026-02-19 15:10:00,15:10:00,174.55,177.4,169.15,169.55,287495
2026-02-19 15:11:00,15:11:00,169.25,175.0,169.15,174.25,220285
2026-02-19 15:12:00,15:12:00,174.4,178.3,172.1,177.95,220740
2026-02-19 15:13:00,15:13:00,151.6,158.05,151.15,156.4,1087645
2026-02-19 15:14:00,15:14:00,156.4,165.2,155.75,163.65,1301820
2026-02-19 15:15:00,15:15:00,162.2,166.9,161.85,162.7,1238705
2026-02-19 15:16:00,15:16:00,163.4,173.9,161.75,169.65,1114815
2026-02-19 15:17:00,15:17:00,170.6,179.0,169.65,176.2,898300
2026-02-19 15:18:00,15:18:00,149.95,154.65,148.3,154.45,608075
2026-02-19 15:19:00,15:19:00,154.2,169.0,154.2,165.15,880165
2026-02-19 15:20:00,15:20:00,165.05,171.05,157.1,169.0,752115
2026-02-19 15:21:00,15:21:00,170.0,175.8,160.55,160.9,611195
2026-02-19 15:22:00,15:22:00,157.8,170.6,154.25,169.95,414050
2026-02-19 15:23:00,15:23:00,169.1,170.45,168.1,169.25,217945
2026-02-19 15:24:00,15:24:00,169.2,169.45,161.8,164.95,261235
2026-02-19 15:25:00,15:25:00,163.55,165.65,162.0,163.65,273000
2026-02-19 15:26:00,15:26:00,163.1,168.45,162.6,167.8,197600
2026-02-19 15:27:00,15:27:00,167.7,168.2,165.05,168.2,174395
2026-02-19 15:28:00,15:28:00,167.45,168.3,166.1,167.05,202410
2026-02-19 15:29:00,15:29:00,167.45,167.45,166.0,167.0,293735
