datetime,close,high,low,open,volume
2026-04-07 03:45:00+00:00,22762.80078125,22834.80078125,22720.44921875,22834.80078125,0
2026-04-07 03:46:00+00:00,22739.30078125,22770.5,22734.75,22764.0,0
2026-04-07 03:47:00+00:00,22772.80078125,22773.94921875,22740.69921875,22741.650390625,0
2026-04-07 03:48:00+00:00,22766.599609375,22784.80078125,22764.099609375,22775.75,0
2026-04-07 03:49:00+00:00,22773.05078125,22790.19921875,22766.0,22767.650390625,0
2026-04-07 03:50:00+00:00,22770.349609375,22774.30078125,22758.75,22773.75,0
2026-04-07 03:51:00+00:00,22788.69921875,22790.5,22764.25,22772.05078125,0
2026-04-07 03:52:00+00:00,22818.099609375,22820.599609375,22786.650390625,22791.5,0
2026-04-07 03:53:00+00:00,22813.599609375,22825.80078125,22794.849609375,22817.650390625,0
2026-04-07 03:54:00+00:00,22802.150390625,22819.80078125,22802.150390625,22817.55078125,0
2026-04-07 03:55:00+00:00,22816.19921875,22822.69921875,22801.30078125,22804.650390625,0
2026-04-07 03:56:00+00:00,22869.900390625,22872.55078125,22815.900390625,22816.05078125,0
2026-04-07 03:57:00+00:00,22875.94921875,22887.05078125,22863.0,22871.55078125,0
2026-04-07 03:58:00+00:00,22879.349609375,22885.099609375,22872.900390625,22877.30078125,0
2026-04-07 03:59:00+00:00,22889.849609375,22892.599609375,22872.349609375,22880.80078125,0
2026-04-07 04:00:00+00:00,22897.75,22900.650390625,22890.55078125,22891.44921875,0
2026-04-07 04:01:00+00:00,22882.25,22900.05078125,22879.55078125,22900.05078125,0
2026-04-07 04:02:00+00:00,22881.099609375,22884.25,22868.900390625,22883.80078125,0
2026-04-07 04:03:00+00:00,22875.05078125,22881.25,22870.400390625,22881.25,0
2026-04-07 04:04:00+00:00,22858.349609375,22875.349609375,22856.75,22875.25,0
2026-04-07 04:05:00+00:00,22841.05078125,22860.19921875,22837.650390625,22860.19921875,0
2026-04-07 04:06:00+00:00,22858.80078125,22859.5,22841.69921875,22843.349609375,0
2026-04-07 04:07:00+00:00,22867.44921875,22880.349609375,22858.599609375,22860.349609375,0
2026-04-07 04:08:00+00:00,22846.05078125,22870.30078125,22844.30078125,22869.5,0
2026-04-07 04:09:00+00:00,22851.25,22856.400390625,22846.349609375,22847.349609375,0
2026-04-07 04:10:00+00:00,22860.55078125,22868.5,22854.05078125,22854.900390625,0
2026-04-07 04:11:00+00:00,22842.25,22865.0,22842.25,22862.05078125,0
2026-04-07 04:12:00+00:00,22832.150390625,22845.599609375,22825.30078125,22845.599609375,0
2026-04-07 04:13:00+00:00,22794.94921875,22832.400390625,22794.599609375,22832.400390625,0
2026-04-07 04:14:00+00:00,22801.80078125,22806.19921875,22793.0,22797.30078125,0
2026-04-07 04:15:00+00:00,22820.44921875,22821.05078125,22803.25,22803.25,0
2026-04-07 04:16:00+00:00,22831.900390625,22844.349609375,22821.400390625,22821.75,0
2026-04-07 04:17:00+00:00,22854.0,22854.900390625,22830.650390625,22833.349609375,0
2026-04-07 04:18:00+00:00,22830.05078125,22863.0,22825.400390625,22856.55078125,0
2026-04-07 04:19:00+00:00,22818.25,22830.599609375,22812.30078125,22830.599609375,0
2026-04-07 04:20:00+00:00,22835.349609375,22835.349609375,22811.25,22819.69921875,0
2026-04-07 04:21:00+00:00,22838.400390625,22840.900390625,22818.5,22837.099609375,0
2026-04-07 04:22:00+00:00,22836.30078125,22849.44921875,22830.80078125,22843.55078125,0
2026-04-07 04:23:00+00:00,22843.0,22843.0,22825.94921875,22836.400390625,0
2026-04-07 04:24:00+00:00,22841.400390625,22853.849609375,22839.0,22845.30078125,0
2026-04-07 04:25:00+00:00,22861.0,22864.30078125,22842.44921875,22843.94921875,0
2026-04-07 04:26:00+00:00,22856.55078125,22863.69921875,22842.599609375,22863.69921875,0
2026-04-07 04:27:00+00:00,22863.650390625,22868.55078125,22854.900390625,22858.5,0
2026-04-07 04:28:00+00:00,22878.55078125,22883.44921875,22858.599609375,22865.400390625,0
2026-04-07 04:29:00+00:00,22886.150390625,22892.650390625,22873.19921875,22880.30078125,0
2026-04-07 04:30:00+00:00,22897.80078125,22897.80078125,22879.30078125,22889.349609375,0
2026-04-07 04:31:00+00:00,22914.599609375,22923.19921875,22899.94921875,22901.099609375,0
2026-04-07 04:32:00+00:00,22898.94921875,22916.25,22897.94921875,22916.25,0
2026-04-07 04:33:00+00:00,22907.55078125,22908.44921875,22885.900390625,22900.55078125,0
2026-04-07 04:34:00+00:00,22913.900390625,22914.650390625,22906.05078125,22908.0,0
2026-04-07 04:35:00+00:00,22916.5,22928.349609375,22913.25,22914.44921875,0
2026-04-07 04:36:00+00:00,22906.30078125,22916.80078125,22895.400390625,22916.80078125,0
2026-04-07 04:37:00+00:00,22908.5,22912.25,22902.25,22907.0,0
2026-04-07 04:38:00+00:00,22901.900390625,22910.19921875,22899.099609375,22910.099609375,0
2026-04-07 04:39:00+00:00,22897.5,22906.75,22893.75,22903.150390625,0
2026-04-07 04:40:00+00:00,22903.150390625,22903.94921875,22887.0,22899.5,0
2026-04-07 04:41:00+00:00,22909.19921875,22913.400390625,22899.75,22905.099609375,0
2026-04-07 04:42:00+00:00,22908.44921875,22913.900390625,22906.55078125,22911.599609375,0
2026-04-07 04:43:00+00:00,22904.650390625,22910.400390625,22901.94921875,22910.400390625,0
2026-04-07 04:44:00+00:00,22920.0,22923.55078125,22902.19921875,22906.19921875,0
2026-04-07 04:45:00+00:00,22925.599609375,22927.849609375,22917.44921875,22921.80078125,0
2026-04-07 04:46:00+00:00,22931.849609375,22932.69921875,22919.05078125,22927.25,0
2026-04-07 04:47:00+00:00,22949.349609375,22950.5,22936.400390625,22936.400390625,0
2026-04-07 04:48:00+00:00,22928.94921875,22950.75,22928.5,22950.75,0
2026-04-07 04:49:00+00:00,22943.19921875,22948.349609375,22927.30078125,22929.849609375,0
2026-04-07 04:50:00+00:00,22927.849609375,22966.400390625,22919.099609375,22945.75,0
2026-04-07 04:51:00+00:00,22927.80078125,22933.5,22922.0,22929.19921875,0
2026-04-07 04:52:00+00:00,22922.69921875,22928.55078125,22915.849609375,22928.55078125,0
2026-04-07 04:53:00+00:00,22927.44921875,22927.849609375,22916.25,22924.099609375,0
2026-04-07 04:54:00+00:00,22926.44921875,22937.150390625,22925.44921875,22928.44921875,0
2026-04-07 04:55:00+00:00,22933.25,22934.30078125,22922.80078125,22928.80078125,0
2026-04-07 04:56:00+00:00,22936.30078125,22943.650390625,22931.650390625,22934.849609375,0
2026-04-07 04:57:00+00:00,22941.849609375,22943.150390625,22935.900390625,22937.400390625,0
2026-04-07 04:58:00+00:00,22943.94921875,22945.099609375,22940.849609375,22944.150390625,0
2026-04-07 04:59:00+00:00,22943.650390625,22945.69921875,22942.55078125,22945.05078125,0
2026-04-07 05:00:00+00:00,22934.19921875,22944.5,22933.599609375,22944.5,0
2026-04-07 05:01:00+00:00,22940.69921875,22941.30078125,22928.099609375,22934.69921875,0
2026-04-07 05:02:00+00:00,22946.69921875,22947.900390625,22941.849609375,22943.0,0
2026-04-07 05:03:00+00:00,22943.19921875,22947.30078125,22943.099609375,22947.30078125,0
2026-04-07 05:04:00+00:00,22913.69921875,22945.099609375,22910.44921875,22944.94921875,0
2026-04-07 05:05:00+00:00,22909.900390625,22918.5,22909.900390625,22915.900390625,0
2026-04-07 05:06:00+00:00,22892.349609375,22913.80078125,22887.599609375,22911.55078125,0
2026-04-07 05:07:00+00:00,22917.599609375,22917.94921875,22893.099609375,22894.099609375,0
2026-04-07 05:08:00+00:00,22924.30078125,22925.55078125,22918.599609375,22919.30078125,0
2026-04-07 05:09:00+00:00,22928.75,22929.94921875,22920.849609375,22926.25,0
2026-04-07 05:10:00+00:00,22944.94921875,22944.94921875,22928.19921875,22930.650390625,0
2026-04-07 05:11:00+00:00,22955.44921875,22955.5,22942.400390625,22946.25,0
2026-04-07 05:12:00+00:00,22962.400390625,22963.05078125,22952.80078125,22957.05078125,0
2026-04-07 05:13:00+00:00,22963.44921875,22963.650390625,22955.75,22963.349609375,0
2026-04-07 05:14:00+00:00,22958.849609375,22965.25,22954.80078125,22965.25,0
2026-04-07 05:15:00+00:00,22956.19921875,22960.94921875,22955.599609375,22960.30078125,0
2026-04-07 05:16:00+00:00,22953.599609375,22957.80078125,22945.75,22957.80078125,0
2026-04-07 05:17:00+00:00,22946.849609375,22955.150390625,22945.30078125,22954.349609375,0
2026-04-07 05:18:00+00:00,22953.25,22953.900390625,22948.05078125,22948.400390625,0
2026-04-07 05:19:00+00:00,22931.75,22954.94921875,22924.0,22954.94921875,0
2026-04-07 05:20:00+00:00,22932.099609375,22933.5,22913.94921875,22933.19921875,0
2026-04-07 05:21:00+00:00,22926.94921875,22932.94921875,22907.30078125,22932.94921875,0
2026-04-07 05:22:00+00:00,22914.94921875,22928.400390625,22913.80078125,22927.19921875,0
2026-04-07 05:23:00+00:00,22877.0,22917.0,22872.5,22917.0,0
2026-04-07 05:24:00+00:00,22879.19921875,22879.75,22862.400390625,22877.25,0
2026-04-07 05:25:00+00:00,22879.55078125,22904.05078125,22877.900390625,22881.099609375,0
2026-04-07 05:26:00+00:00,22865.650390625,22881.900390625,22863.25,22881.900390625,0
2026-04-07 05:27:00+00:00,22859.30078125,22868.650390625,22858.44921875,22868.650390625,0
2026-04-07 05:28:00+00:00,22846.30078125,22860.94921875,22844.30078125,22860.849609375,0
2026-04-07 05:29:00+00:00,22843.94921875,22853.30078125,22834.650390625,22847.099609375,0
2026-04-07 05:30:00+00:00,22831.05078125,22845.099609375,22827.75,22845.099609375,0
2026-04-07 05:31:00+00:00,22847.55078125,22857.0,22831.849609375,22831.849609375,0
2026-04-07 05:32:00+00:00,22849.69921875,22861.5,22843.80078125,22849.55078125,0
2026-04-07 05:33:00+00:00,22855.69921875,22857.0,22847.849609375,22850.75,0
2026-04-07 05:34:00+00:00,22850.55078125,22864.349609375,22849.69921875,22858.0,0
2026-04-07 05:35:00+00:00,22864.55078125,22875.94921875,22844.80078125,22853.849609375,0
2026-04-07 05:36:00+00:00,22861.400390625,22873.099609375,22860.44921875,22861.650390625,0
2026-04-07 05:37:00+00:00,22872.80078125,22874.900390625,22862.69921875,22863.400390625,0
2026-04-07 05:38:00+00:00,22884.849609375,22886.69921875,22874.599609375,22876.19921875,0
2026-04-07 05:39:00+00:00,22864.94921875,22886.44921875,22859.44921875,22885.900390625,0
2026-04-07 05:40:00+00:00,22863.94921875,22878.94921875,22863.349609375,22867.599609375,0
2026-04-07 05:41:00+00:00,22862.0,22869.44921875,22848.400390625,22864.94921875,0
2026-04-07 05:42:00+00:00,22862.75,22863.5,22851.25,22863.5,0
2026-04-07 05:43:00+00:00,22852.599609375,22867.099609375,22850.900390625,22865.0,0
2026-04-07 05:44:00+00:00,22862.5,22863.94921875,22850.80078125,22855.75,0
2026-04-07 05:45:00+00:00,22879.25,22883.400390625,22852.150390625,22866.05078125,0
2026-04-07 05:46:00+00:00,22880.849609375,22883.44921875,22870.900390625,22880.599609375,0
2026-04-07 05:47:00+00:00,22888.0,22888.0,22876.69921875,22881.900390625,0
2026-04-07 05:48:00+00:00,22887.150390625,22903.150390625,22884.19921875,22891.0,0
2026-04-07 05:49:00+00:00,22893.69921875,22896.400390625,22886.349609375,22889.099609375,0
2026-04-07 05:50:00+00:00,22893.0,22897.650390625,22887.5,22895.0,0
2026-04-07 05:51:00+00:00,22912.19921875,22912.19921875,22894.150390625,22894.80078125,0
2026-04-07 05:52:00+00:00,22923.5,22927.400390625,22910.0,22913.0,0
2026-04-07 05:53:00+00:00,22914.849609375,22924.94921875,22911.80078125,22924.94921875,0
2026-04-07 05:54:00+00:00,22927.5,22928.19921875,22915.80078125,22917.30078125,0
2026-04-07 05:55:00+00:00,22923.900390625,22928.80078125,22920.94921875,22928.80078125,0
2026-04-07 05:56:00+00:00,22932.599609375,22934.69921875,22923.19921875,22925.400390625,0
2026-04-07 05:57:00+00:00,22936.0,22944.099609375,22931.75,22934.05078125,0
2026-04-07 05:58:00+00:00,22936.400390625,22938.69921875,22924.650390625,22938.05078125,0
2026-04-07 05:59:00+00:00,22943.599609375,22947.0,22939.0,22940.650390625,0
2026-04-07 06:00:00+00:00,22943.400390625,22946.400390625,22933.599609375,22943.5,0
2026-04-07 06:01:00+00:00,22939.150390625,22945.25,22933.099609375,22945.25,0
2026-04-07 06:02:00+00:00,22942.05078125,22942.80078125,22937.25,22939.69921875,0
2026-04-07 06:03:00+00:00,22936.75,22943.19921875,22933.25,22942.80078125,0
2026-04-07 06:04:00+00:00,22943.94921875,22943.94921875,22934.150390625,22938.55078125,0
2026-04-07 06:05:00+00:00,22940.5,22945.80078125,22932.69921875,22944.5,0
2026-04-07 06:06:00+00:00,22930.599609375,22942.55078125,22928.099609375,22942.55078125,0
2026-04-07 06:07:00+00:00,22930.94921875,22935.400390625,22927.599609375,22930.25,0
2026-04-07 06:08:00+00:00,22953.69921875,22953.75,22928.69921875,22931.849609375,0
2026-04-07 06:09:00+00:00,22944.25,22960.25,22943.30078125,22955.849609375,0
2026-04-07 06:10:00+00:00,22920.849609375,22945.05078125,22920.849609375,22945.05078125,0
2026-04-07 06:11:00+00:00,22926.55078125,22927.150390625,22912.349609375,22923.94921875,0
2026-04-07 06:12:00+00:00,22928.099609375,22933.0,22915.69921875,22928.599609375,0
2026-04-07 06:13:00+00:00,22921.150390625,22933.349609375,22920.650390625,22930.0,0
2026-04-07 06:14:00+00:00,22921.25,22922.900390625,22919.25,22922.900390625,0
2026-04-07 06:15:00+00:00,22925.650390625,22925.900390625,22915.55078125,22922.400390625,0
2026-04-07 06:16:00+00:00,22907.349609375,22928.0,22907.099609375,22926.94921875,0
2026-04-07 06:17:00+00:00,22908.25,22911.5,22906.69921875,22909.099609375,0
2026-04-07 06:18:00+00:00,22920.849609375,22922.150390625,22903.80078125,22908.94921875,0
2026-04-07 06:19:00+00:00,22917.099609375,22926.30078125,22916.349609375,22922.5,0
2026-04-07 06:20:00+00:00,22918.75,22921.94921875,22917.349609375,22918.69921875,0
2026-04-07 06:21:00+00:00,22926.900390625,22931.69921875,22917.099609375,22919.150390625,0
2026-04-07 06:22:00+00:00,22926.5,22931.5,22924.80078125,22929.400390625,0
2026-04-07 06:23:00+00:00,22930.900390625,22931.900390625,22927.19921875,22927.75,0
2026-04-07 06:24:00+00:00,22942.94921875,22943.099609375,22930.30078125,22931.849609375,0
2026-04-07 06:25:00+00:00,22956.599609375,22957.650390625,22943.44921875,22944.349609375,0
2026-04-07 06:26:00+00:00,22982.19921875,22982.69921875,22955.94921875,22957.599609375,0
2026-04-07 06:27:00+00:00,22990.900390625,22991.55078125,22978.25,22983.05078125,0
2026-04-07 06:28:00+00:00,22983.099609375,22990.900390625,22981.94921875,22990.900390625,0
2026-04-07 06:29:00+00:00,22986.849609375,22986.849609375,22986.849609375,22986.849609375,0
2026-04-07 06:34:00+00:00,22944.400390625,22945.25,22944.099609375,22944.80078125,0
2026-04-07 06:35:00+00:00,22935.349609375,22945.849609375,22926.0,22945.849609375,0
2026-04-07 06:36:00+00:00,22941.25,22941.69921875,22932.650390625,22937.25,0
2026-04-07 06:37:00+00:00,22939.80078125,22945.19921875,22937.849609375,22942.94921875,0
2026-04-07 06:38:00+00:00,22943.44921875,22948.400390625,22938.650390625,22941.150390625,0
2026-04-07 06:39:00+00:00,22949.05078125,22950.30078125,22941.69921875,22944.849609375,0
2026-04-07 06:40:00+00:00,22937.150390625,22950.5,22933.44921875,22950.5,0
2026-04-07 06:41:00+00:00,22920.69921875,22938.55078125,22919.55078125,22938.349609375,0
2026-04-07 06:42:00+00:00,22925.599609375,22929.849609375,22906.25,22922.349609375,0
2026-04-07 06:43:00+00:00,22937.900390625,22945.25,22926.150390625,22926.150390625,0
2026-04-07 06:44:00+00:00,22942.55078125,22945.94921875,22934.44921875,22938.94921875,0
2026-04-07 06:45:00+00:00,22933.05078125,22947.25,22932.099609375,22939.94921875,0
2026-04-07 06:46:00+00:00,22933.69921875,22936.94921875,22926.099609375,22932.400390625,0
2026-04-07 06:47:00+00:00,22938.19921875,22944.55078125,22934.25,22935.349609375,0
2026-04-07 06:48:00+00:00,22924.900390625,22942.400390625,22924.900390625,22938.849609375,0
2026-04-07 06:49:00+00:00,22929.94921875,22932.75,22922.5,22925.849609375,0
2026-04-07 06:50:00+00:00,22930.599609375,22932.650390625,22925.44921875,22931.849609375,0
2026-04-07 06:51:00+00:00,22909.849609375,22931.94921875,22909.349609375,22931.94921875,0
2026-04-07 06:52:00+00:00,22914.25,22916.19921875,22910.400390625,22912.05078125,0
2026-04-07 06:53:00+00:00,22907.30078125,22916.19921875,22905.69921875,22916.19921875,0
2026-04-07 06:54:00+00:00,22912.75,22916.80078125,22907.900390625,22909.099609375,0
2026-04-07 06:55:00+00:00,22919.900390625,22921.80078125,22914.0,22914.94921875,0
2026-04-07 06:56:00+00:00,22912.30078125,22920.400390625,22911.05078125,22920.400390625,0
2026-04-07 06:57:00+00:00,22911.349609375,22916.19921875,22909.44921875,22914.19921875,0
2026-04-07 06:58:00+00:00,22918.400390625,22929.30078125,22909.900390625,22912.94921875,0
2026-04-07 06:59:00+00:00,22924.75,22925.650390625,22919.400390625,22919.44921875,0
2026-04-07 07:00:00+00:00,22930.44921875,22933.75,22926.19921875,22926.19921875,0
2026-04-07 07:01:00+00:00,22939.849609375,22941.80078125,22928.5,22931.80078125,0
2026-04-07 07:02:00+00:00,22935.30078125,22945.349609375,22933.349609375,22942.05078125,0
2026-04-07 07:03:00+00:00,22922.349609375,22936.150390625,22920.30078125,22936.150390625,0
2026-04-07 07:04:00+00:00,22934.849609375,22938.80078125,22923.05078125,22925.650390625,0
2026-04-07 07:05:00+00:00,22937.25,22940.25,22932.94921875,22937.55078125,0
2026-04-07 07:06:00+00:00,22926.19921875,22939.400390625,22924.44921875,22939.400390625,0
2026-04-07 07:07:00+00:00,22941.349609375,22942.30078125,22928.19921875,22928.900390625,0
2026-04-07 07:08:00+00:00,22935.80078125,22943.849609375,22931.75,22943.099609375,0
2026-04-07 07:09:00+00:00,22946.30078125,22946.30078125,22934.55078125,22937.19921875,0
2026-04-07 07:10:00+00:00,22947.05078125,22951.900390625,22944.69921875,22947.19921875,0
2026-04-07 07:11:00+00:00,22945.400390625,22950.900390625,22944.849609375,22949.849609375,0
2026-04-07 07:12:00+00:00,22934.650390625,22946.80078125,22933.099609375,22946.80078125,0
2026-04-07 07:13:00+00:00,22943.599609375,22943.599609375,22934.0,22935.05078125,0
2026-04-07 07:14:00+00:00,22946.05078125,22950.349609375,22945.099609375,22946.5,0
2026-04-07 07:15:00+00:00,22944.94921875,22947.19921875,22943.19921875,22947.19921875,0
2026-04-07 07:16:00+00:00,22938.44921875,22946.05078125,22938.150390625,22945.75,0
2026-04-07 07:17:00+00:00,22939.0,22940.94921875,22931.5,22940.849609375,0
2026-04-07 07:18:00+00:00,22945.80078125,22947.150390625,22938.80078125,22940.150390625,0
2026-04-07 07:19:00+00:00,22942.80078125,22948.849609375,22942.75,22946.599609375,0
2026-04-07 07:20:00+00:00,22948.94921875,22952.05078125,22942.900390625,22944.80078125,0
2026-04-07 07:21:00+00:00,22931.900390625,22950.69921875,22931.0,22948.55078125,0
2026-04-07 07:22:00+00:00,22928.75,22933.5,22925.25,22933.349609375,0
2026-04-07 07:23:00+00:00,22938.94921875,22940.94921875,22930.5,22930.5,0
2026-04-07 07:24:00+00:00,22939.849609375,22939.849609375,22930.69921875,22939.25,0
2026-04-07 07:25:00+00:00,22943.150390625,22944.599609375,22939.44921875,22940.5,0
2026-04-07 07:26:00+00:00,22930.650390625,22944.25,22929.55078125,22943.69921875,0
2026-04-07 07:27:00+00:00,22930.400390625,22939.349609375,22929.0,22930.94921875,0
2026-04-07 07:28:00+00:00,22925.5,22932.650390625,22919.650390625,22932.55078125,0
2026-04-07 07:29:00+00:00,22915.900390625,22927.150390625,22912.5,22927.150390625,0
2026-04-07 07:30:00+00:00,22918.099609375,22920.900390625,22915.099609375,22917.400390625,0
2026-04-07 07:31:00+00:00,22916.150390625,22921.599609375,22915.400390625,22919.400390625,0
2026-04-07 07:32:00+00:00,22930.5,22930.5,22907.849609375,22917.900390625,0
2026-04-07 07:33:00+00:00,22937.900390625,22942.19921875,22929.25,22931.30078125,0
2026-04-07 07:34:00+00:00,22937.69921875,22941.25,22935.05078125,22939.099609375,0
2026-04-07 07:35:00+00:00,22926.5,22939.69921875,22925.05078125,22939.69921875,0
2026-04-07 07:36:00+00:00,22919.80078125,22927.69921875,22918.849609375,22927.69921875,0
2026-04-07 07:37:00+00:00,22921.69921875,22922.849609375,22918.80078125,22921.150390625,0
2026-04-07 07:38:00+00:00,22919.05078125,22923.05078125,22914.80078125,22923.05078125,0
2026-04-07 07:39:00+00:00,22912.75,22919.400390625,22911.349609375,22917.75,0
2026-04-07 07:40:00+00:00,22916.05078125,22916.650390625,22906.150390625,22914.099609375,0
2026-04-07 07:41:00+00:00,22927.55078125,22932.55078125,22917.849609375,22917.849609375,0
2026-04-07 07:42:00+00:00,22932.30078125,22932.30078125,22926.849609375,22928.25,0
2026-04-07 07:43:00+00:00,22949.650390625,22952.150390625,22930.80078125,22932.80078125,0
2026-04-07 07:44:00+00:00,22938.849609375,22956.05078125,22938.099609375,22951.19921875,0
2026-04-07 07:45:00+00:00,22945.75,22946.75,22940.5,22941.650390625,0
2026-04-07 07:46:00+00:00,22953.55078125,22955.0,22946.0,22946.849609375,0
2026-04-07 07:47:00+00:00,22957.44921875,22957.650390625,22953.69921875,22955.400390625,0
2026-04-07 07:48:00+00:00,22965.599609375,22966.05078125,22957.0,22958.55078125,0
2026-04-07 07:49:00+00:00,22967.30078125,22970.69921875,22964.75,22966.19921875,0
2026-04-07 07:50:00+00:00,22955.849609375,22969.30078125,22953.099609375,22969.30078125,0
2026-04-07 07:51:00+00:00,22963.80078125,22963.80078125,22955.80078125,22957.599609375,0
2026-04-07 07:52:00+00:00,22965.69921875,22966.650390625,22961.349609375,22965.5,0
2026-04-07 07:53:00+00:00,22953.80078125,22967.349609375,22948.55078125,22966.94921875,0
2026-04-07 07:54:00+00:00,22954.25,22956.19921875,22951.30078125,22955.400390625,0
2026-04-07 07:55:00+00:00,22951.25,22955.400390625,22947.80078125,22954.75,0
2026-04-07 07:56:00+00:00,22940.650390625,22952.55078125,22933.75,22952.55078125,0
2026-04-07 07:57:00+00:00,22949.19921875,22952.19921875,22941.19921875,22942.19921875,0
2026-04-07 07:58:00+00:00,22952.099609375,22952.5,22947.94921875,22950.599609375,0
2026-04-07 07:59:00+00:00,22959.94921875,22961.099609375,22953.44921875,22953.849609375,0
2026-04-07 08:00:00+00:00,22982.75,22983.94921875,22961.80078125,22961.900390625,0
2026-04-07 08:01:00+00:00,22983.25,22996.80078125,22981.94921875,22985.349609375,0
2026-04-07 08:02:00+00:00,23020.94921875,23022.0,22987.599609375,22987.599609375,0
2026-04-07 08:03:00+00:00,23025.25,23042.75,23012.44921875,23024.349609375,0
2026-04-07 08:04:00+00:00,23012.80078125,23026.55078125,23003.900390625,23026.55078125,0
2026-04-07 08:05:00+00:00,23015.25,23021.69921875,23012.849609375,23014.150390625,0
2026-04-07 08:06:00+00:00,23030.349609375,23032.0,23003.150390625,23015.900390625,0
2026-04-07 08:07:00+00:00,23021.400390625,23033.099609375,23015.5,23031.05078125,0
2026-04-07 08:08:00+00:00,23023.150390625,23026.650390625,23016.0,23022.30078125,0
2026-04-07 08:09:00+00:00,23030.19921875,23030.650390625,23020.599609375,23023.650390625,0
2026-04-07 08:10:00+00:00,23018.0,23031.44921875,23016.55078125,23031.099609375,0
2026-04-07 08:11:00+00:00,23030.099609375,23031.849609375,23018.75,23018.94921875,0
2026-04-07 08:12:00+00:00,23050.30078125,23054.099609375,23028.150390625,23030.900390625,0
2026-04-07 08:13:00+00:00,23055.25,23062.349609375,23043.05078125,23054.69921875,0
2026-04-07 08:14:00+00:00,23056.05078125,23058.150390625,23047.599609375,23055.849609375,0
2026-04-07 08:15:00+00:00,23053.30078125,23057.5,23047.5,23057.5,0
2026-04-07 08:16:00+00:00,23062.44921875,23062.44921875,23049.75,23054.099609375,0
2026-04-07 08:17:00+00:00,23036.25,23063.349609375,23035.94921875,23063.349609375,0
2026-04-07 08:18:00+00:00,23044.19921875,23046.099609375,23023.5,23037.599609375,0
2026-04-07 08:19:00+00:00,23020.75,23043.94921875,23017.75,23043.94921875,0
2026-04-07 08:20:00+00:00,22999.25,23022.19921875,22995.05078125,23022.19921875,0
2026-04-07 08:21:00+00:00,23020.55078125,23025.80078125,22999.650390625,23000.94921875,0
2026-04-07 08:22:00+00:00,23041.099609375,23041.099609375,23018.55078125,23021.55078125,0
2026-04-07 08:23:00+00:00,23032.400390625,23042.55078125,23025.650390625,23041.94921875,0
2026-04-07 08:24:00+00:00,23026.94921875,23044.099609375,23026.900390625,23033.30078125,0
2026-04-07 08:25:00+00:00,23023.25,23032.69921875,23023.25,23029.0,0
2026-04-07 08:26:00+00:00,23009.5,23025.349609375,23006.44921875,23023.94921875,0
2026-04-07 08:27:00+00:00,22978.150390625,23010.75,22970.75,23010.75,0
2026-04-07 08:28:00+00:00,22963.55078125,22984.75,22960.05078125,22980.19921875,0
2026-04-07 08:29:00+00:00,22977.69921875,22984.30078125,22960.650390625,22966.80078125,0
2026-04-07 08:30:00+00:00,22975.650390625,23000.94921875,22974.099609375,22979.900390625,0
2026-04-07 08:31:00+00:00,22998.400390625,22999.69921875,22978.150390625,22978.150390625,0
2026-04-07 08:32:00+00:00,23014.599609375,23019.599609375,22997.94921875,23000.599609375,0
2026-04-07 08:33:00+00:00,23012.900390625,23020.55078125,23006.599609375,23014.05078125,0
2026-04-07 08:34:00+00:00,23013.55078125,23019.75,23008.0,23013.849609375,0
2026-04-07 08:35:00+00:00,23016.150390625,23019.55078125,23013.25,23016.400390625,0
2026-04-07 08:36:00+00:00,23010.099609375,23022.650390625,23010.099609375,23018.44921875,0
2026-04-07 08:37:00+00:00,22993.900390625,23014.900390625,22993.900390625,23011.650390625,0
2026-04-07 08:38:00+00:00,23014.150390625,23015.69921875,22996.30078125,22996.349609375,0
2026-04-07 08:39:00+00:00,23015.55078125,23015.55078125,23005.400390625,23014.0,0
2026-04-07 08:40:00+00:00,23007.05078125,23018.349609375,23005.650390625,23016.150390625,0
2026-04-07 08:41:00+00:00,23012.349609375,23016.69921875,23000.30078125,23008.349609375,0
2026-04-07 08:42:00+00:00,23010.55078125,23016.05078125,23008.0,23014.25,0
2026-04-07 08:43:00+00:00,23001.150390625,23012.19921875,22986.05078125,23011.30078125,0
2026-04-07 08:44:00+00:00,23011.94921875,23013.05078125,22999.099609375,23002.75,0
2026-04-07 08:45:00+00:00,23018.5,23023.25,23012.94921875,23014.55078125,0
2026-04-07 08:46:00+00:00,23009.30078125,23026.150390625,23009.30078125,23019.599609375,0
2026-04-07 08:47:00+00:00,23009.25,23010.400390625,22997.75,23008.849609375,0
2026-04-07 08:48:00+00:00,23000.55078125,23011.80078125,22996.94921875,23010.5,0
2026-04-07 08:49:00+00:00,22996.599609375,23008.349609375,22994.80078125,23001.05078125,0
2026-04-07 08:50:00+00:00,22993.55078125,23005.599609375,22990.05078125,22998.900390625,0
2026-04-07 08:51:00+00:00,23001.25,23004.69921875,22995.94921875,22995.94921875,0
2026-04-07 08:52:00+00:00,23007.650390625,23009.5,23002.849609375,23003.599609375,0
2026-04-07 08:53:00+00:00,22986.19921875,23011.80078125,22982.150390625,23010.099609375,0
2026-04-07 08:54:00+00:00,23004.80078125,23004.80078125,22985.19921875,22989.5,0
2026-04-07 08:55:00+00:00,23002.400390625,23011.30078125,22999.05078125,23005.94921875,0
2026-04-07 08:56:00+00:00,23010.44921875,23014.599609375,23001.650390625,23003.55078125,0
2026-04-07 08:57:00+00:00,23022.099609375,23024.849609375,23010.900390625,23011.599609375,0
2026-04-07 08:58:00+00:00,23019.75,23025.400390625,23018.30078125,23023.30078125,0
2026-04-07 08:59:00+00:00,23014.099609375,23021.75,23011.599609375,23020.5,0
2026-04-07 09:00:00+00:00,23020.349609375,23021.69921875,23012.94921875,23015.0,0
2026-04-07 09:01:00+00:00,23046.599609375,23047.44921875,23015.94921875,23021.650390625,0
2026-04-07 09:02:00+00:00,23041.44921875,23049.94921875,23036.30078125,23049.94921875,0
2026-04-07 09:03:00+00:00,23043.30078125,23048.099609375,23040.19921875,23042.94921875,0
2026-04-07 09:04:00+00:00,23034.19921875,23045.80078125,23026.25,23044.349609375,0
2026-04-07 09:05:00+00:00,23016.599609375,23036.44921875,23016.44921875,23036.05078125,0
2026-04-07 09:06:00+00:00,23005.599609375,23020.599609375,22999.599609375,23017.900390625,0
2026-04-07 09:07:00+00:00,22999.75,23010.150390625,22989.44921875,23007.05078125,0
2026-04-07 09:08:00+00:00,23009.69921875,23022.69921875,23001.650390625,23002.05078125,0
2026-04-07 09:09:00+00:00,23001.30078125,23018.05078125,22999.80078125,23009.25,0
2026-04-07 09:10:00+00:00,23016.5,23018.5,23004.099609375,23004.25,0
2026-04-07 09:11:00+00:00,23011.69921875,23018.150390625,23003.44921875,23018.150390625,0
2026-04-07 09:12:00+00:00,23018.55078125,23023.5,23013.44921875,23013.75,0
2026-04-07 09:13:00+00:00,23011.099609375,23027.05078125,23008.349609375,23020.400390625,0
2026-04-07 09:14:00+00:00,23028.599609375,23041.150390625,23011.75,23012.599609375,0
2026-04-07 09:15:00+00:00,23032.5,23033.94921875,23020.69921875,23031.400390625,0
2026-04-07 09:16:00+00:00,23029.05078125,23038.400390625,23024.30078125,23033.80078125,0
2026-04-07 09:17:00+00:00,23040.849609375,23040.849609375,23024.099609375,23030.650390625,0
2026-04-07 09:18:00+00:00,23040.5,23055.30078125,23033.349609375,23042.0,0
2026-04-07 09:19:00+00:00,23044.55078125,23049.5,23041.80078125,23041.80078125,0
2026-04-07 09:20:00+00:00,23056.80078125,23057.599609375,23045.19921875,23046.400390625,0
2026-04-07 09:21:00+00:00,23051.5,23067.94921875,23046.75,23058.0,0
2026-04-07 09:22:00+00:00,23056.849609375,23059.55078125,23045.80078125,23053.400390625,0
2026-04-07 09:23:00+00:00,23057.150390625,23065.400390625,23056.849609375,23058.55078125,0
2026-04-07 09:24:00+00:00,23060.05078125,23062.94921875,23052.349609375,23059.44921875,0
2026-04-07 09:25:00+00:00,23085.900390625,23087.099609375,23064.19921875,23064.599609375,0
2026-04-07 09:26:00+00:00,23093.650390625,23098.05078125,23087.44921875,23087.44921875,0
2026-04-07 09:27:00+00:00,23093.400390625,23101.19921875,23090.94921875,23094.849609375,0
2026-04-07 09:28:00+00:00,23084.30078125,23100.19921875,23083.80078125,23094.80078125,0
2026-04-07 09:29:00+00:00,23096.69921875,23099.44921875,23084.69921875,23086.0,0
2026-04-07 09:30:00+00:00,23109.650390625,23112.150390625,23076.5,23096.849609375,0
2026-04-07 09:31:00+00:00,23112.44921875,23115.69921875,23106.75,23112.80078125,0
2026-04-07 09:32:00+00:00,23122.25,23126.80078125,23113.849609375,23113.849609375,0
2026-04-07 09:33:00+00:00,23117.80078125,23126.150390625,23109.30078125,23123.349609375,0
2026-04-07 09:34:00+00:00,23118.55078125,23128.75,23115.05078125,23118.44921875,0
2026-04-07 09:35:00+00:00,23113.05078125,23122.5,23102.150390625,23117.94921875,0
2026-04-07 09:36:00+00:00,23124.44921875,23127.849609375,23114.80078125,23114.80078125,0
2026-04-07 09:37:00+00:00,23125.150390625,23133.25,23123.25,23124.0,0
2026-04-07 09:38:00+00:00,23120.599609375,23131.849609375,23118.5,23127.099609375,0
2026-04-07 09:39:00+00:00,23127.0,23130.599609375,23114.900390625,23119.400390625,0
2026-04-07 09:40:00+00:00,23118.44921875,23130.0,23115.69921875,23125.0,0
2026-04-07 09:41:00+00:00,23117.5,23127.150390625,23117.44921875,23118.650390625,0
2026-04-07 09:42:00+00:00,23115.94921875,23124.19921875,23113.650390625,23119.25,0
2026-04-07 09:43:00+00:00,23099.349609375,23121.099609375,23099.349609375,23117.25,0
2026-04-07 09:44:00+00:00,23109.25,23114.650390625,23102.650390625,23103.849609375,0
2026-04-07 09:45:00+00:00,23111.55078125,23116.30078125,23108.44921875,23109.400390625,0
2026-04-07 09:46:00+00:00,23107.599609375,23119.650390625,23106.44921875,23112.849609375,0
2026-04-07 09:47:00+00:00,23124.5,23127.349609375,23106.099609375,23108.650390625,0
2026-04-07 09:48:00+00:00,23130.19921875,23140.5,23125.849609375,23126.94921875,0
2026-04-07 09:49:00+00:00,23123.44921875,23139.30078125,23120.19921875,23130.349609375,0
2026-04-07 09:50:00+00:00,23136.349609375,23140.19921875,23125.349609375,23125.349609375,0
2026-04-07 09:51:00+00:00,23126.44921875,23143.5,23123.099609375,23138.400390625,0
2026-04-07 09:52:00+00:00,23127.5,23132.30078125,23123.900390625,23126.44921875,0
2026-04-07 09:53:00+00:00,23127.25,23134.55078125,23123.75,23128.349609375,0
2026-04-07 09:54:00+00:00,23135.349609375,23138.94921875,23126.0,23129.400390625,0
2026-04-07 09:55:00+00:00,23138.099609375,23142.849609375,23131.0,23137.05078125,0
2026-04-07 09:56:00+00:00,23144.599609375,23148.94921875,23137.80078125,23137.80078125,0
2026-04-07 09:57:00+00:00,23146.650390625,23151.849609375,23140.69921875,23145.150390625,0
2026-04-07 09:58:00+00:00,23139.44921875,23150.5,23137.55078125,23148.44921875,0
2026-04-07 09:59:00+00:00,23129.94921875,23142.94921875,23124.150390625,23142.94921875,0
2026-04-08 03:45:00+00:00,23844.19921875,23904.44921875,23836.900390625,23855.150390625,0
2026-04-08 03:46:00+00:00,23876.0,23895.44921875,23844.69921875,23844.69921875,0
2026-04-08 03:47:00+00:00,23900.0,23903.400390625,23870.0,23875.25,0
2026-04-08 03:48:00+00:00,23902.099609375,23909.44921875,23889.900390625,23899.900390625,0
2026-04-08 03:49:00+00:00,23900.0,23902.75,23888.44921875,23902.349609375,0
2026-04-08 03:50:00+00:00,23918.0,23926.0,23895.19921875,23899.94921875,0
2026-04-08 03:51:00+00:00,23920.0,23928.099609375,23913.349609375,23915.150390625,0
2026-04-08 03:52:00+00:00,23890.30078125,23921.0,23889.94921875,23920.55078125,0
2026-04-08 03:53:00+00:00,23874.099609375,23896.599609375,23874.099609375,23890.150390625,0
2026-04-08 03:54:00+00:00,23862.599609375,23875.94921875,23859.80078125,23874.80078125,0
2026-04-08 03:55:00+00:00,23857.44921875,23871.55078125,23856.75,23863.349609375,0
2026-04-08 03:56:00+00:00,23883.44921875,23883.44921875,23855.19921875,23855.75,0
2026-04-08 03:57:00+00:00,23888.44921875,23893.650390625,23876.30078125,23885.599609375,0
2026-04-08 03:58:00+00:00,23870.900390625,23890.55078125,23870.400390625,23889.349609375,0
2026-04-08 03:59:00+00:00,23877.75,23878.400390625,23866.94921875,23871.5,0
2026-04-08 04:00:00+00:00,23899.05078125,23903.650390625,23875.900390625,23877.849609375,0
2026-04-08 04:01:00+00:00,23898.849609375,23909.349609375,23897.900390625,23897.900390625,0
2026-04-08 04:02:00+00:00,23894.55078125,23902.30078125,23893.69921875,23900.55078125,0
2026-04-08 04:03:00+00:00,23883.849609375,23896.25,23880.05078125,23895.80078125,0
2026-04-08 04:04:00+00:00,23879.44921875,23891.900390625,23879.44921875,23882.55078125,0
2026-04-08 04:05:00+00:00,23893.0,23897.150390625,23879.900390625,23879.94921875,0
2026-04-08 04:06:00+00:00,23894.69921875,23903.0,23889.0,23892.44921875,0
2026-04-08 04:07:00+00:00,23906.55078125,23912.55078125,23893.349609375,23893.349609375,0
2026-04-08 04:08:00+00:00,23900.94921875,23911.599609375,23894.80078125,23906.400390625,0
2026-04-08 04:09:00+00:00,23913.900390625,23916.19921875,23898.599609375,23900.55078125,0
2026-04-08 04:10:00+00:00,23913.94921875,23919.849609375,23910.5,23913.349609375,0
2026-04-08 04:11:00+00:00,23905.69921875,23920.19921875,23901.80078125,23911.19921875,0
2026-04-08 04:12:00+00:00,23903.94921875,23913.25,23899.5,23903.849609375,0
2026-04-08 04:13:00+00:00,23916.650390625,23921.349609375,23905.0,23905.0,0
2026-04-08 04:14:00+00:00,23921.05078125,23921.099609375,23912.650390625,23917.25,0
2026-04-08 04:15:00+00:00,23932.5,23933.19921875,23920.150390625,23920.150390625,0
2026-04-08 04:16:00+00:00,23941.05078125,23946.150390625,23932.55078125,23934.55078125,0
2026-04-08 04:17:00+00:00,23948.44921875,23951.69921875,23941.150390625,23941.69921875,0
2026-04-08 04:18:00+00:00,23956.5,23959.75,23947.5,23947.5,0
2026-04-08 04:19:00+00:00,23941.55078125,23958.849609375,23939.30078125,23956.400390625,0
2026-04-08 04:20:00+00:00,23948.599609375,23958.5,23940.94921875,23940.94921875,0
2026-04-08 04:21:00+00:00,23948.55078125,23956.69921875,23946.25,23948.650390625,0
2026-04-08 04:22:00+00:00,23950.900390625,23956.94921875,23946.75,23947.44921875,0
2026-04-08 04:23:00+00:00,23925.25,23953.05078125,23925.25,23951.650390625,0
2026-04-08 04:24:00+00:00,23921.19921875,23926.599609375,23912.55078125,23926.599609375,0
2026-04-08 04:25:00+00:00,23927.849609375,23935.900390625,23919.94921875,23922.05078125,0
2026-04-08 04:26:00+00:00,23928.150390625,23936.599609375,23927.75,23928.0,0
2026-04-08 04:27:00+00:00,23925.94921875,23929.599609375,23922.0,23927.849609375,0
2026-04-08 04:28:00+00:00,23902.5,23932.44921875,23902.5,23926.05078125,0
2026-04-08 04:29:00+00:00,23897.400390625,23903.94921875,23891.849609375,23903.400390625,0
2026-04-08 04:30:00+00:00,23908.650390625,23913.30078125,23896.900390625,23896.900390625,0
2026-04-08 04:31:00+00:00,23912.900390625,23919.75,23904.900390625,23909.30078125,0
2026-04-08 04:32:00+00:00,23912.099609375,23923.900390625,23907.75,23913.150390625,0
2026-04-08 04:33:00+00:00,23904.650390625,23914.099609375,23904.150390625,23912.69921875,0
2026-04-08 04:34:00+00:00,23900.349609375,23907.94921875,23892.849609375,23903.900390625,0
2026-04-08 04:35:00+00:00,23932.44921875,23935.099609375,23900.400390625,23900.400390625,0
2026-04-08 04:36:00+00:00,23908.69921875,23934.099609375,23907.75,23932.400390625,0
2026-04-08 04:37:00+00:00,23894.5,23909.150390625,23894.5,23908.349609375,0
2026-04-08 04:38:00+00:00,23902.05078125,23906.349609375,23893.150390625,23893.55078125,0
2026-04-08 04:39:00+00:00,23901.849609375,23904.0,23899.69921875,23903.400390625,0
2026-04-08 04:40:00+00:00,23890.30078125,23902.75,23885.55078125,23902.0,0
2026-04-08 04:41:00+00:00,23893.150390625,23898.75,23890.0,23890.55078125,0
2026-04-08 04:42:00+00:00,23897.5,23903.400390625,23890.349609375,23893.099609375,0
2026-04-08 04:43:00+00:00,23888.75,23897.599609375,23888.349609375,23897.599609375,0
2026-04-08 04:44:00+00:00,23880.150390625,23889.94921875,23878.599609375,23888.349609375,0
2026-04-08 04:45:00+00:00,23872.849609375,23881.849609375,23869.099609375,23880.44921875,0
2026-04-08 04:46:00+00:00,23873.599609375,23876.75,23870.349609375,23872.5,0
2026-04-08 04:47:00+00:00,23888.349609375,23891.599609375,23873.0,23873.0,0
2026-04-08 04:48:00+00:00,23901.05078125,23905.05078125,23888.44921875,23888.44921875,0
2026-04-08 04:49:00+00:00,23904.599609375,23904.599609375,23894.650390625,23900.650390625,0
2026-04-08 04:50:00+00:00,23902.30078125,23913.0,23899.55078125,23905.25,0
2026-04-08 04:51:00+00:00,23889.599609375,23903.099609375,23889.0,23902.0,0
2026-04-08 04:52:00+00:00,23880.55078125,23890.69921875,23877.400390625,23890.30078125,0
2026-04-08 04:53:00+00:00,23894.19921875,23894.55078125,23881.69921875,23881.69921875,0
2026-04-08 04:54:00+00:00,23893.099609375,23902.5,23891.19921875,23893.900390625,0
2026-04-08 04:55:00+00:00,23889.349609375,23893.900390625,23880.05078125,23892.75,0
2026-04-08 04:56:00+00:00,23888.150390625,23890.80078125,23880.400390625,23890.80078125,0
2026-04-08 04:57:00+00:00,23896.150390625,23896.80078125,23883.55078125,23887.650390625,0
2026-04-08 04:58:00+00:00,23905.69921875,23906.650390625,23895.650390625,23895.650390625,0
2026-04-08 04:59:00+00:00,23908.75,23915.25,23901.69921875,23906.25,0
2026-04-08 05:00:00+00:00,23915.75,23916.349609375,23908.5,23909.849609375,0
2026-04-08 05:01:00+00:00,23917.599609375,23918.69921875,23908.05078125,23915.5,0
2026-04-08 05:02:00+00:00,23916.05078125,23923.400390625,23915.400390625,23918.55078125,0
2026-04-08 05:03:00+00:00,23926.349609375,23928.349609375,23915.19921875,23916.30078125,0
2026-04-08 05:04:00+00:00,23921.5,23926.19921875,23918.19921875,23924.400390625,0
2026-04-08 05:05:00+00:00,23910.0,23922.05078125,23908.0,23922.05078125,0
2026-04-08 05:06:00+00:00,23904.44921875,23913.849609375,23904.05078125,23910.599609375,0
2026-04-08 05:07:00+00:00,23923.55078125,23924.150390625,23904.80078125,23904.80078125,0
2026-04-08 05:08:00+00:00,23910.30078125,23930.900390625,23910.30078125,23924.150390625,0
2026-04-08 05:09:00+00:00,23921.55078125,23922.05078125,23907.900390625,23911.900390625,0
2026-04-08 05:10:00+00:00,23908.30078125,23921.80078125,23907.849609375,23921.650390625,0
2026-04-08 05:11:00+00:00,23918.55078125,23918.55078125,23906.650390625,23907.900390625,0
2026-04-08 05:12:00+00:00,23916.349609375,23923.150390625,23913.5,23917.55078125,0
2026-04-08 05:13:00+00:00,23940.75,23940.75,23914.25,23916.650390625,0
2026-04-08 05:14:00+00:00,23950.5,23952.94921875,23941.05078125,23941.05078125,0
2026-04-08 05:15:00+00:00,23941.849609375,23951.650390625,23940.05078125,23950.94921875,0
2026-04-08 05:16:00+00:00,23943.05078125,23943.30078125,23933.150390625,23942.05078125,0
2026-04-08 05:17:00+00:00,23940.94921875,23945.849609375,23936.69921875,23941.94921875,0
2026-04-08 05:18:00+00:00,23951.5,23955.55078125,23939.75,23940.80078125,0
2026-04-08 05:19:00+00:00,23940.349609375,23952.5,23925.150390625,23951.099609375,0
2026-04-08 05:20:00+00:00,23944.80078125,23945.19921875,23935.150390625,23940.099609375,0
2026-04-08 05:21:00+00:00,23937.75,23945.5,23936.0,23944.650390625,0
2026-04-08 05:22:00+00:00,23952.400390625,23953.150390625,23937.44921875,23937.44921875,0
2026-04-08 05:23:00+00:00,23953.05078125,23959.099609375,23951.69921875,23952.19921875,0
2026-04-08 05:24:00+00:00,23971.849609375,23971.94921875,23953.44921875,23953.44921875,0
2026-04-08 05:25:00+00:00,23968.599609375,23971.5,23965.099609375,23970.19921875,0
2026-04-08 05:26:00+00:00,23976.25,23977.75,23966.19921875,23967.75,0
2026-04-08 05:27:00+00:00,23971.650390625,23981.650390625,23970.0,23976.400390625,0
2026-04-08 05:28:00+00:00,23979.099609375,23981.05078125,23972.150390625,23972.150390625,0
2026-04-08 05:29:00+00:00,23982.5,23984.05078125,23976.55078125,23980.0,0
2026-04-08 05:30:00+00:00,23986.599609375,23987.94921875,23981.30078125,23982.150390625,0
2026-04-08 05:31:00+00:00,23995.05078125,23997.0,23985.55078125,23986.30078125,0
2026-04-08 05:32:00+00:00,23992.80078125,23998.44921875,23991.5,23995.80078125,0
2026-04-08 05:33:00+00:00,23992.650390625,23994.099609375,23988.650390625,23991.150390625,0
2026-04-08 05:34:00+00:00,23992.0,23993.0,23988.25,23992.349609375,0
2026-04-08 05:35:00+00:00,23999.30078125,24000.80078125,23992.349609375,23992.349609375,0
2026-04-08 05:36:00+00:00,23994.099609375,23999.650390625,23989.05078125,23998.30078125,0
2026-04-08 05:37:00+00:00,23987.19921875,23995.75,23987.0,23993.75,0
2026-04-08 05:38:00+00:00,23990.44921875,23991.80078125,23985.69921875,23987.75,0
2026-04-08 05:39:00+00:00,23990.0,23992.400390625,23988.849609375,23989.80078125,0
2026-04-08 05:40:00+00:00,23997.44921875,23997.55078125,23990.30078125,23990.5,0
2026-04-08 05:41:00+00:00,23999.599609375,24004.19921875,23996.099609375,23997.25,0
2026-04-08 05:42:00+00:00,23996.30078125,24002.94921875,23996.30078125,23999.94921875,0
2026-04-08 05:43:00+00:00,23991.349609375,23996.849609375,23983.5,23996.849609375,0
2026-04-08 05:44:00+00:00,23991.75,23994.75,23987.5,23992.150390625,0
2026-04-08 05:45:00+00:00,23999.599609375,23999.650390625,23991.599609375,23991.599609375,0
2026-04-08 05:46:00+00:00,24012.25,24013.599609375,23999.80078125,23999.80078125,0
2026-04-08 05:47:00+00:00,24000.25,24014.0,23999.25,24012.55078125,0
2026-04-08 05:48:00+00:00,23995.44921875,24000.650390625,23994.349609375,24000.599609375,0
2026-04-08 05:49:00+00:00,24001.05078125,24003.400390625,23991.099609375,23995.849609375,0
2026-04-08 05:50:00+00:00,24009.150390625,24010.19921875,24000.5,24001.05078125,0
2026-04-08 05:51:00+00:00,24008.5,24013.05078125,24008.25,24008.849609375,0
2026-04-08 05:52:00+00:00,24000.30078125,24009.349609375,23999.55078125,24008.099609375,0
2026-04-08 05:53:00+00:00,24011.650390625,24013.5,23998.75,24000.25,0
2026-04-08 05:54:00+00:00,24002.099609375,24012.80078125,24001.099609375,24011.30078125,0
2026-04-08 05:55:00+00:00,23990.69921875,24004.150390625,23990.69921875,24001.849609375,0
2026-04-08 05:56:00+00:00,23982.30078125,23990.900390625,23981.099609375,23990.19921875,0
2026-04-08 05:57:00+00:00,23986.0,23987.55078125,23980.69921875,23982.5,0
2026-04-08 05:58:00+00:00,23979.25,23986.849609375,23975.5,23985.849609375,0
2026-04-08 05:59:00+00:00,23981.900390625,23987.400390625,23979.25,23979.599609375,0
2026-04-08 06:00:00+00:00,23978.650390625,23982.75,23976.349609375,23982.75,0
2026-04-08 06:01:00+00:00,23969.400390625,23980.400390625,23968.25,23977.30078125,0
2026-04-08 06:02:00+00:00,23973.599609375,23973.69921875,23965.650390625,23969.69921875,0
2026-04-08 06:03:00+00:00,23979.5,23982.099609375,23973.19921875,23973.19921875,0
2026-04-08 06:04:00+00:00,23968.30078125,23979.650390625,23965.650390625,23979.30078125,0
2026-04-08 06:05:00+00:00,23974.0,23977.25,23968.44921875,23968.44921875,0
2026-04-08 06:06:00+00:00,23978.44921875,23981.099609375,23970.69921875,23974.0,0
2026-04-08 06:07:00+00:00,23967.30078125,23980.650390625,23966.80078125,23979.650390625,0
2026-04-08 06:08:00+00:00,23950.349609375,23966.599609375,23949.80078125,23966.599609375,0
2026-04-08 06:09:00+00:00,23963.75,23965.80078125,23947.099609375,23950.05078125,0
2026-04-08 06:10:00+00:00,23959.5,23966.05078125,23955.25,23964.05078125,0
2026-04-08 06:11:00+00:00,23960.30078125,23961.150390625,23954.44921875,23959.150390625,0
2026-04-08 06:12:00+00:00,23979.19921875,23980.25,23959.0,23960.05078125,0
2026-04-08 06:13:00+00:00,23984.5,23988.30078125,23979.69921875,23980.44921875,0
2026-04-08 06:14:00+00:00,23980.55078125,23986.05078125,23980.55078125,23984.75,0
2026-04-08 06:15:00+00:00,23993.400390625,23993.400390625,23980.400390625,23980.55078125,0
2026-04-08 06:16:00+00:00,23993.0,23998.599609375,23988.25,23992.349609375,0
2026-04-08 06:17:00+00:00,23987.44921875,23994.150390625,23983.900390625,23992.30078125,0
2026-04-08 06:18:00+00:00,23982.0,23988.650390625,23979.94921875,23987.75,0
2026-04-08 06:19:00+00:00,23986.5,23987.650390625,23980.5,23982.349609375,0
2026-04-08 06:20:00+00:00,23962.099609375,23987.400390625,23960.099609375,23985.80078125,0
2026-04-08 06:21:00+00:00,23935.150390625,23963.349609375,23930.19921875,23961.900390625,0
2026-04-08 06:22:00+00:00,23957.400390625,23958.44921875,23935.19921875,23936.0,0
2026-04-08 06:23:00+00:00,23947.099609375,23958.099609375,23944.599609375,23957.05078125,0
2026-04-08 06:24:00+00:00,23948.69921875,23954.80078125,23945.400390625,23946.5,0
2026-04-08 06:25:00+00:00,23935.55078125,23951.44921875,23927.849609375,23949.349609375,0
2026-04-08 06:26:00+00:00,23947.849609375,23947.849609375,23933.30078125,23935.150390625,0
2026-04-08 06:27:00+00:00,23942.599609375,23951.19921875,23941.44921875,23946.599609375,0
2026-04-08 06:28:00+00:00,23935.19921875,23943.150390625,23932.099609375,23943.0,0
2026-04-08 06:29:00+00:00,23931.0,23935.349609375,23923.5,23935.0,0
2026-04-08 06:30:00+00:00,23933.05078125,23936.0,23920.150390625,23931.19921875,0
2026-04-08 06:31:00+00:00,23941.05078125,23943.099609375,23931.19921875,23933.80078125,0
2026-04-08 06:32:00+00:00,23944.0,23947.44921875,23940.25,23940.25,0
2026-04-08 06:33:00+00:00,23955.69921875,23957.44921875,23944.0,23944.80078125,0
2026-04-08 06:34:00+00:00,23951.400390625,23956.25,23947.900390625,23955.25,0
2026-04-08 06:35:00+00:00,23966.05078125,23966.849609375,23950.80078125,23951.25,0
2026-04-08 06:36:00+00:00,23959.650390625,23968.30078125,23959.55078125,23966.25,0
2026-04-08 06:37:00+00:00,23964.5,23966.0,23956.5,23959.19921875,0
2026-04-08 06:38:00+00:00,23967.80078125,23970.55078125,23964.150390625,23964.80078125,0
2026-04-08 06:39:00+00:00,23971.0,23971.0,23965.94921875,23967.849609375,0
2026-04-08 06:40:00+00:00,23967.150390625,23971.19921875,23963.75,23969.599609375,0
2026-04-08 06:41:00+00:00,23964.349609375,23969.599609375,23962.150390625,23966.25,0
2026-04-08 06:42:00+00:00,23966.099609375,23967.44921875,23957.69921875,23963.75,0
2026-04-08 06:43:00+00:00,23965.150390625,23966.0,23962.80078125,23965.349609375,0
2026-04-08 06:44:00+00:00,23963.30078125,23965.349609375,23960.349609375,23964.05078125,0
2026-04-08 06:45:00+00:00,23960.650390625,23964.55078125,23959.25,23963.19921875,0
2026-04-08 06:46:00+00:00,23962.55078125,23963.150390625,23958.05078125,23960.599609375,0
2026-04-08 06:47:00+00:00,23965.75,23967.150390625,23960.599609375,23962.94921875,0
2026-04-08 06:48:00+00:00,23964.55078125,23967.349609375,23963.099609375,23966.599609375,0
2026-04-08 06:49:00+00:00,23963.55078125,23966.19921875,23961.94921875,23964.400390625,0
2026-04-08 06:50:00+00:00,23965.0,23966.80078125,23962.80078125,23963.44921875,0
2026-04-08 06:51:00+00:00,23965.0,23967.099609375,23963.400390625,23965.5,0
2026-04-08 06:52:00+00:00,23966.849609375,23967.650390625,23963.150390625,23964.400390625,0
2026-04-08 06:53:00+00:00,23968.94921875,23970.75,23966.75,23967.150390625,0
2026-04-08 06:54:00+00:00,23971.55078125,23973.94921875,23968.650390625,23968.650390625,0
2026-04-08 06:55:00+00:00,23969.19921875,23973.44921875,23969.05078125,23971.05078125,0
2026-04-08 06:56:00+00:00,23967.5,23970.55078125,23964.05078125,23969.650390625,0
2026-04-08 06:57:00+00:00,23962.69921875,23968.849609375,23959.19921875,23967.650390625,0
2026-04-08 06:58:00+00:00,23960.94921875,23965.400390625,23959.099609375,23962.55078125,0
2026-04-08 06:59:00+00:00,23949.25,23962.5,23949.25,23960.849609375,0
2026-04-08 07:00:00+00:00,23939.80078125,23950.94921875,23939.44921875,23950.099609375,0
2026-04-08 07:01:00+00:00,23914.69921875,23940.44921875,23911.099609375,23939.25,0
2026-04-08 07:02:00+00:00,23910.650390625,23915.349609375,23908.349609375,23914.599609375,0
2026-04-08 07:03:00+00:00,23902.75,23911.099609375,23902.25,23911.099609375,0
2026-04-08 07:04:00+00:00,23917.099609375,23917.099609375,23902.349609375,23903.349609375,0
2026-04-08 07:05:00+00:00,23918.150390625,23922.150390625,23916.55078125,23916.55078125,0
2026-04-08 07:06:00+00:00,23924.150390625,23924.900390625,23917.55078125,23918.19921875,0
2026-04-08 07:07:00+00:00,23925.150390625,23934.0,23920.150390625,23924.650390625,0
2026-04-08 07:08:00+00:00,23912.94921875,23925.349609375,23910.599609375,23925.0,0
2026-04-08 07:09:00+00:00,23922.69921875,23924.650390625,23911.30078125,23912.44921875,0
2026-04-08 07:10:00+00:00,23917.75,23925.599609375,23916.80078125,23923.44921875,0
2026-04-08 07:11:00+00:00,23924.94921875,23924.94921875,23916.25,23917.30078125,0
2026-04-08 07:12:00+00:00,23927.5,23929.44921875,23917.599609375,23924.650390625,0
2026-04-08 07:13:00+00:00,23942.349609375,23943.05078125,23927.5,23927.5,0
2026-04-08 07:14:00+00:00,23947.099609375,23950.55078125,23941.349609375,23941.349609375,0
2026-04-08 07:15:00+00:00,23935.900390625,23946.69921875,23932.349609375,23946.349609375,0
2026-04-08 07:16:00+00:00,23939.44921875,23940.849609375,23933.69921875,23936.849609375,0
2026-04-08 07:17:00+00:00,23940.80078125,23942.30078125,23938.05078125,23939.55078125,0
2026-04-08 07:18:00+00:00,23940.599609375,23942.30078125,23936.25,23941.349609375,0
2026-04-08 07:19:00+00:00,23952.400390625,23953.150390625,23940.099609375,23941.19921875,0
2026-04-08 07:20:00+00:00,23955.900390625,23958.849609375,23951.849609375,23952.55078125,0
2026-04-08 07:21:00+00:00,23946.25,23957.099609375,23946.25,23956.099609375,0
2026-04-08 07:22:00+00:00,23952.599609375,23955.30078125,23944.400390625,23946.69921875,0
2026-04-08 07:23:00+00:00,23947.75,23949.94921875,23944.900390625,23948.25,0
2026-04-08 07:24:00+00:00,23953.099609375,23954.5,23946.94921875,23947.0,0
2026-04-08 07:25:00+00:00,23965.599609375,23966.150390625,23953.25,23953.400390625,0
2026-04-08 07:26:00+00:00,23971.44921875,23972.349609375,23964.599609375,23964.900390625,0
2026-04-08 07:27:00+00:00,23973.5,23977.19921875,23971.150390625,23971.650390625,0
2026-04-08 07:28:00+00:00,23977.5,23979.80078125,23973.0,23973.0,0
2026-04-08 07:29:00+00:00,23977.650390625,23979.400390625,23975.650390625,23976.75,0
2026-04-08 07:30:00+00:00,23966.650390625,23979.19921875,23965.099609375,23978.80078125,0
2026-04-08 07:31:00+00:00,23962.94921875,23968.69921875,23957.0,23966.849609375,0
2026-04-08 07:32:00+00:00,23969.25,23971.650390625,23962.69921875,23962.849609375,0
2026-04-08 07:33:00+00:00,23965.349609375,23971.900390625,23964.44921875,23969.19921875,0
2026-04-08 07:34:00+00:00,23967.900390625,23968.900390625,23959.30078125,23965.900390625,0
2026-04-08 07:35:00+00:00,23967.19921875,23969.69921875,23962.69921875,23967.75,0
2026-04-08 07:36:00+00:00,23960.650390625,23968.25,23955.25,23967.5,0
2026-04-08 07:37:00+00:00,23952.80078125,23963.150390625,23952.80078125,23961.650390625,0
2026-04-08 07:38:00+00:00,23964.900390625,23967.75,23948.80078125,23952.69921875,0
2026-04-08 07:39:00+00:00,23961.849609375,23968.400390625,23961.849609375,23965.80078125,0
2026-04-08 07:40:00+00:00,23972.75,23978.69921875,23961.80078125,23962.349609375,0
2026-04-08 07:41:00+00:00,23981.69921875,23983.099609375,23972.80078125,23973.94921875,0
2026-04-08 07:42:00+00:00,23974.05078125,23988.599609375,23971.75,23981.80078125,0
2026-04-08 07:43:00+00:00,23967.599609375,23977.150390625,23966.400390625,23973.349609375,0
2026-04-08 07:44:00+00:00,23974.099609375,23975.150390625,23967.650390625,23967.94921875,0
2026-04-08 07:45:00+00:00,23971.849609375,23975.099609375,23965.19921875,23974.30078125,0
2026-04-08 07:46:00+00:00,23980.55078125,23984.400390625,23971.75,23972.650390625,0
2026-04-08 07:47:00+00:00,23984.80078125,23985.349609375,23977.80078125,23981.150390625,0
2026-04-08 07:48:00+00:00,23976.599609375,23991.349609375,23975.69921875,23985.400390625,0
2026-04-08 07:49:00+00:00,23974.650390625,23977.05078125,23972.75,23976.19921875,0
2026-04-08 07:50:00+00:00,23972.30078125,23976.849609375,23969.69921875,23973.900390625,0
2026-04-08 07:51:00+00:00,23971.849609375,23978.150390625,23971.25,23972.400390625,0
2026-04-08 07:52:00+00:00,23980.099609375,23981.599609375,23971.349609375,23972.55078125,0
2026-04-08 07:53:00+00:00,23984.099609375,23984.599609375,23979.75,23980.0,0
2026-04-08 07:54:00+00:00,23984.0,23984.69921875,23977.44921875,23983.900390625,0
2026-04-08 07:55:00+00:00,23993.05078125,23993.05078125,23983.0,23983.19921875,0
2026-04-08 07:56:00+00:00,23992.69921875,23996.19921875,23989.30078125,23993.599609375,0
2026-04-08 07:57:00+00:00,23992.30078125,24001.599609375,23990.900390625,23993.349609375,0
2026-04-08 07:58:00+00:00,23993.75,23996.599609375,23989.75,23993.0,0
2026-04-08 07:59:00+00:00,23999.44921875,24000.400390625,23992.19921875,23992.650390625,0
2026-04-08 08:00:00+00:00,23991.19921875,24000.349609375,23987.94921875,23999.150390625,0
2026-04-08 08:01:00+00:00,23989.94921875,23993.900390625,23984.599609375,23991.25,0
2026-04-08 08:02:00+00:00,23991.55078125,23996.69921875,23989.30078125,23990.099609375,0
2026-04-08 08:03:00+00:00,23982.849609375,23995.30078125,23982.849609375,23990.75,0
2026-04-08 08:04:00+00:00,23994.400390625,23995.849609375,23981.25,23982.0,0
2026-04-08 08:05:00+00:00,23996.5,23998.849609375,23994.0,23994.150390625,0
2026-04-08 08:06:00+00:00,24008.80078125,24011.5,23995.69921875,23996.099609375,0
2026-04-08 08:07:00+00:00,24008.599609375,24013.5,24005.599609375,24007.94921875,0
2026-04-08 08:08:00+00:00,24016.19921875,24016.19921875,24003.30078125,24008.19921875,0
2026-04-08 08:09:00+00:00,24015.5,24024.5,24014.599609375,24017.19921875,0
2026-04-08 08:10:00+00:00,23992.0,24017.5,23989.30078125,24015.5,0
2026-04-08 08:11:00+00:00,23985.400390625,23991.94921875,23980.30078125,23991.900390625,0
2026-04-08 08:12:00+00:00,23996.5,23996.5,23978.25,23985.349609375,0
2026-04-08 08:13:00+00:00,23984.150390625,23998.05078125,23983.80078125,23996.900390625,0
2026-04-08 08:14:00+00:00,23976.0,23984.19921875,23975.5,23984.19921875,0
2026-04-08 08:15:00+00:00,23980.400390625,23990.05078125,23970.80078125,23975.400390625,0
2026-04-08 08:16:00+00:00,23973.650390625,23988.400390625,23969.650390625,23983.25,0
2026-04-08 08:17:00+00:00,23970.150390625,23974.5,23969.75,23973.099609375,0
2026-04-08 08:18:00+00:00,23977.0,23981.55078125,23968.75,23970.30078125,0
2026-04-08 08:19:00+00:00,23976.80078125,23977.150390625,23971.900390625,23977.150390625,0
2026-04-08 08:20:00+00:00,23981.849609375,23985.5,23975.19921875,23977.349609375,0
2026-04-08 08:21:00+00:00,23978.75,23985.19921875,23978.44921875,23982.80078125,0
2026-04-08 08:22:00+00:00,23965.94921875,23979.80078125,23963.099609375,23978.650390625,0
2026-04-08 08:23:00+00:00,23965.55078125,23966.19921875,23953.099609375,23964.400390625,0
2026-04-08 08:24:00+00:00,23963.0,23970.900390625,23960.0,23966.05078125,0
2026-04-08 08:25:00+00:00,23968.94921875,23970.849609375,23964.05078125,23964.05078125,0
2026-04-08 08:26:00+00:00,23985.44921875,23985.650390625,23969.19921875,23969.69921875,0
2026-04-08 08:27:00+00:00,23980.0,23988.400390625,23978.849609375,23985.900390625,0
2026-04-08 08:28:00+00:00,23983.650390625,23984.849609375,23977.94921875,23980.849609375,0
2026-04-08 08:29:00+00:00,23985.69921875,23987.650390625,23982.44921875,23983.75,0
2026-04-08 08:30:00+00:00,23972.849609375,23986.349609375,23968.44921875,23985.5,0
2026-04-08 08:31:00+00:00,23979.80078125,23979.900390625,23968.25,23973.849609375,0
2026-04-08 08:32:00+00:00,23973.650390625,23980.400390625,23968.900390625,23978.94921875,0
2026-04-08 08:33:00+00:00,23974.849609375,23976.25,23970.5,23973.55078125,0
2026-04-08 08:34:00+00:00,23968.400390625,23975.0,23964.55078125,23974.94921875,0
2026-04-08 08:35:00+00:00,23969.69921875,23971.650390625,23962.55078125,23967.349609375,0
2026-04-08 08:36:00+00:00,23955.75,23971.150390625,23953.55078125,23970.900390625,0
2026-04-08 08:37:00+00:00,23957.400390625,23964.349609375,23954.55078125,23955.150390625,0
2026-04-08 08:38:00+00:00,23962.69921875,23966.05078125,23951.19921875,23956.900390625,0
2026-04-08 08:39:00+00:00,23965.19921875,23965.94921875,23955.30078125,23963.69921875,0
2026-04-08 08:40:00+00:00,23956.69921875,23965.650390625,23956.69921875,23964.30078125,0
2026-04-08 08:41:00+00:00,23965.400390625,23966.94921875,23955.599609375,23956.55078125,0
2026-04-08 08:42:00+00:00,23970.849609375,23979.94921875,23964.80078125,23965.650390625,0
2026-04-08 08:43:00+00:00,23953.44921875,23973.44921875,23946.599609375,23971.44921875,0
2026-04-08 08:44:00+00:00,23948.25,23954.69921875,23944.0,23953.400390625,0
2026-04-08 08:45:00+00:00,23956.44921875,23959.80078125,23946.75,23948.150390625,0
2026-04-08 08:46:00+00:00,23951.099609375,23957.19921875,23949.25,23954.75,0
2026-04-08 08:47:00+00:00,23951.5,23954.0,23948.75,23951.150390625,0
2026-04-08 08:48:00+00:00,23953.55078125,23954.75,23947.349609375,23950.849609375,0
2026-04-08 08:49:00+00:00,23963.55078125,23966.599609375,23953.349609375,23954.30078125,0
2026-04-08 08:50:00+00:00,23970.69921875,23971.650390625,23962.900390625,23965.30078125,0
2026-04-08 08:51:00+00:00,23975.900390625,23985.400390625,23971.650390625,23971.75,0
2026-04-08 08:52:00+00:00,23979.349609375,23982.19921875,23975.94921875,23975.94921875,0
2026-04-08 08:53:00+00:00,23973.30078125,23980.599609375,23968.0,23979.30078125,0
2026-04-08 08:54:00+00:00,23976.900390625,23978.75,23973.25,23973.25,0
2026-04-08 08:55:00+00:00,23985.349609375,23988.80078125,23976.75,23977.30078125,0
2026-04-08 08:56:00+00:00,23978.69921875,23985.400390625,23975.05078125,23984.75,0
2026-04-08 08:57:00+00:00,23978.599609375,23982.69921875,23978.349609375,23979.44921875,0
2026-04-08 08:58:00+00:00,23978.0,23985.05078125,23973.75,23978.900390625,0
2026-04-08 08:59:00+00:00,23978.94921875,23982.30078125,23975.599609375,23978.099609375,0
2026-04-08 09:00:00+00:00,23979.849609375,23980.80078125,23971.900390625,23979.55078125,0
2026-04-08 09:01:00+00:00,23981.80078125,23984.599609375,23976.94921875,23979.19921875,0
2026-04-08 09:02:00+00:00,23980.650390625,23988.849609375,23978.75,23981.94921875,0
2026-04-08 09:03:00+00:00,23980.599609375,23983.400390625,23979.25,23981.25,0
2026-04-08 09:04:00+00:00,23979.0,23980.900390625,23976.75,23980.55078125,0
2026-04-08 09:05:00+00:00,23987.05078125,23987.099609375,23976.849609375,23977.55078125,0
2026-04-08 09:06:00+00:00,23984.349609375,23990.55078125,23978.900390625,23987.099609375,0
2026-04-08 09:07:00+00:00,23980.05078125,23984.44921875,23977.849609375,23983.650390625,0
2026-04-08 09:08:00+00:00,23979.5,23983.0,23973.849609375,23980.599609375,0
2026-04-08 09:09:00+00:00,23978.80078125,23982.55078125,23978.55078125,23979.650390625,0
2026-04-08 09:10:00+00:00,23981.19921875,23985.400390625,23978.400390625,23979.19921875,0
2026-04-08 09:11:00+00:00,23985.44921875,23986.19921875,23977.80078125,23980.599609375,0
2026-04-08 09:12:00+00:00,23999.849609375,24000.849609375,23985.650390625,23986.0,0
2026-04-08 09:13:00+00:00,23998.150390625,24002.5,23995.69921875,24000.30078125,0
2026-04-08 09:14:00+00:00,23998.900390625,24006.150390625,23996.349609375,23998.55078125,0
2026-04-08 09:15:00+00:00,24002.69921875,24007.599609375,23999.0,23999.0,0
2026-04-08 09:16:00+00:00,23994.94921875,24007.05078125,23992.44921875,24007.05078125,0
2026-04-08 09:17:00+00:00,24013.0,24013.80078125,23993.80078125,23993.80078125,0
2026-04-08 09:18:00+00:00,24001.25,24017.599609375,23999.150390625,24013.80078125,0
2026-04-08 09:19:00+00:00,23984.30078125,24006.44921875,23978.849609375,24000.30078125,0
2026-04-08 09:20:00+00:00,23979.599609375,23987.55078125,23972.55078125,23982.80078125,0
2026-04-08 09:21:00+00:00,23983.44921875,23990.599609375,23978.94921875,23979.849609375,0
2026-04-08 09:22:00+00:00,23983.19921875,23985.44921875,23977.849609375,23982.849609375,0
2026-04-08 09:23:00+00:00,23986.05078125,23988.900390625,23982.150390625,23982.75,0
2026-04-08 09:24:00+00:00,23987.5,23988.650390625,23979.30078125,23986.30078125,0
2026-04-08 09:25:00+00:00,23992.400390625,23992.849609375,23984.150390625,23987.650390625,0
2026-04-08 09:26:00+00:00,23989.0,23996.75,23987.25,23992.400390625,0
2026-04-08 09:27:00+00:00,23992.0,23996.400390625,23985.5,23989.19921875,0
2026-04-08 09:28:00+00:00,23993.599609375,23994.94921875,23990.650390625,23991.69921875,0
2026-04-08 09:29:00+00:00,24002.19921875,24005.0,23991.55078125,23993.19921875,0
2026-04-08 09:30:00+00:00,23965.849609375,24002.650390625,23965.849609375,24002.650390625,0
2026-04-08 09:31:00+00:00,23970.099609375,23970.099609375,23955.75,23966.5,0
2026-04-08 09:32:00+00:00,23987.349609375,23988.849609375,23969.80078125,23970.349609375,0
2026-04-08 09:33:00+00:00,23991.05078125,23999.400390625,23987.69921875,23987.69921875,0
2026-04-08 09:34:00+00:00,23992.05078125,23994.599609375,23990.19921875,23990.80078125,0
2026-04-08 09:35:00+00:00,24006.69921875,24008.75,23992.19921875,23992.25,0
2026-04-08 09:36:00+00:00,24007.150390625,24011.5,24004.599609375,24006.400390625,0
2026-04-08 09:37:00+00:00,24006.150390625,24009.349609375,24004.849609375,24007.400390625,0
2026-04-08 09:38:00+00:00,23998.849609375,24006.75,23997.94921875,24005.599609375,0
2026-04-08 09:39:00+00:00,24000.099609375,24007.099609375,23997.849609375,23998.05078125,0
2026-04-08 09:40:00+00:00,24004.44921875,24005.400390625,23994.69921875,23999.0,0
2026-04-08 09:41:00+00:00,24003.05078125,24008.099609375,23995.150390625,24003.55078125,0
2026-04-08 09:42:00+00:00,24000.5,24004.150390625,23995.599609375,24002.75,0
2026-04-08 09:43:00+00:00,23993.349609375,24006.80078125,23992.900390625,24001.650390625,0
2026-04-08 09:44:00+00:00,23994.849609375,23996.349609375,23989.25,23992.69921875,0
2026-04-08 09:45:00+00:00,23985.849609375,23998.099609375,23985.30078125,23994.25,0
2026-04-08 09:46:00+00:00,23989.349609375,23992.25,23986.75,23986.900390625,0
2026-04-08 09:47:00+00:00,23992.80078125,23995.099609375,23989.44921875,23989.44921875,0
2026-04-08 09:48:00+00:00,23992.0,23995.650390625,23990.80078125,23993.650390625,0
2026-04-08 09:49:00+00:00,23992.650390625,23995.80078125,23991.05078125,23992.69921875,0
2026-04-08 09:50:00+00:00,23998.150390625,24000.55078125,23991.5,23993.0,0
2026-04-08 09:51:00+00:00,23992.19921875,24001.25,23991.400390625,23998.400390625,0
2026-04-08 09:52:00+00:00,24001.25,24002.55078125,23991.69921875,23991.69921875,0
2026-04-08 09:53:00+00:00,24002.05078125,24004.0,23999.19921875,24002.0,0
2026-04-08 09:54:00+00:00,24003.80078125,24004.55078125,23999.05078125,24003.5,0
2026-04-08 09:55:00+00:00,24006.55078125,24009.80078125,24000.349609375,24004.19921875,0
2026-04-08 09:56:00+00:00,24009.900390625,24011.650390625,24004.05078125,24006.75,0
2026-04-08 09:57:00+00:00,24010.44921875,24013.80078125,24006.0,24009.69921875,0
2026-04-08 09:58:00+00:00,24013.849609375,24016.80078125,24008.05078125,24008.25,0
2026-04-08 09:59:00+00:00,24010.599609375,24018.25,24006.80078125,24013.0,0
2026-04-09 03:45:00+00:00,23827.0,23908.650390625,23816.44921875,23908.650390625,0
2026-04-09 03:46:00+00:00,23881.80078125,23884.19921875,23831.099609375,23831.099609375,0
2026-04-09 03:47:00+00:00,23907.349609375,23923.599609375,23882.099609375,23882.599609375,0
2026-04-09 03:48:00+00:00,23914.400390625,23922.69921875,23908.099609375,23908.099609375,0
2026-04-09 03:49:00+00:00,23935.650390625,23935.650390625,23912.900390625,23913.349609375,0
2026-04-09 03:50:00+00:00,23946.650390625,23953.150390625,23926.55078125,23932.0,0
2026-04-09 03:51:00+00:00,23956.099609375,23957.05078125,23936.849609375,23945.099609375,0
2026-04-09 03:52:00+00:00,23952.25,23964.19921875,23948.650390625,23955.0,0
2026-04-09 03:53:00+00:00,23945.19921875,23953.599609375,23943.19921875,23950.05078125,0
2026-04-09 03:54:00+00:00,23969.400390625,23974.400390625,23946.25,23946.5,0
2026-04-09 03:55:00+00:00,23969.44921875,23973.900390625,23961.19921875,23968.44921875,0
2026-04-09 03:56:00+00:00,23982.0,23982.599609375,23968.349609375,23969.05078125,0
2026-04-09 03:57:00+00:00,23982.80078125,23989.75,23976.0,23981.05078125,0
2026-04-09 03:58:00+00:00,23981.05078125,23987.400390625,23978.05078125,23982.30078125,0
2026-04-09 03:59:00+00:00,23984.19921875,23984.19921875,23974.05078125,23980.650390625,0
2026-04-09 04:00:00+00:00,23949.099609375,23986.099609375,23948.19921875,23983.599609375,0
2026-04-09 04:01:00+00:00,23927.0,23951.94921875,23925.099609375,23948.650390625,0
2026-04-09 04:02:00+00:00,23917.599609375,23941.80078125,23917.599609375,23925.80078125,0
2026-04-09 04:03:00+00:00,23903.25,23920.099609375,23902.900390625,23917.80078125,0
2026-04-09 04:04:00+00:00,23890.94921875,23907.0,23890.94921875,23902.349609375,0
2026-04-09 04:05:00+00:00,23915.849609375,23916.25,23891.650390625,23891.80078125,0
2026-04-09 04:06:00+00:00,23924.25,23929.349609375,23914.05078125,23916.599609375,0
2026-04-09 04:07:00+00:00,23904.75,23928.19921875,23903.44921875,23924.0,0
2026-04-09 04:08:00+00:00,23894.80078125,23908.94921875,23894.19921875,23905.5,0
2026-04-09 04:09:00+00:00,23891.099609375,23895.05078125,23882.0,23893.5,0
2026-04-09 04:10:00+00:00,23891.94921875,23899.30078125,23890.099609375,23891.30078125,0
2026-04-09 04:11:00+00:00,23868.55078125,23894.849609375,23867.94921875,23892.400390625,0
2026-04-09 04:12:00+00:00,23866.25,23871.80078125,23861.55078125,23867.5,0
2026-04-09 04:13:00+00:00,23861.5,23869.5,23858.900390625,23866.44921875,0
2026-04-09 04:14:00+00:00,23861.150390625,23867.099609375,23856.650390625,23861.30078125,0
2026-04-09 04:15:00+00:00,23860.75,23883.05078125,23860.75,23863.900390625,0
2026-04-09 04:16:00+00:00,23862.44921875,23862.900390625,23851.150390625,23860.75,0
2026-04-09 04:17:00+00:00,23842.150390625,23865.650390625,23842.099609375,23863.0,0
2026-04-09 04:18:00+00:00,23833.69921875,23844.150390625,23832.599609375,23841.099609375,0
2026-04-09 04:19:00+00:00,23817.30078125,23835.19921875,23816.94921875,23833.599609375,0
2026-04-09 04:20:00+00:00,23810.5,23817.849609375,23809.05078125,23815.94921875,0
2026-04-09 04:21:00+00:00,23798.5,23812.099609375,23795.19921875,23809.55078125,0
2026-04-09 04:22:00+00:00,23821.400390625,23822.94921875,23800.05078125,23801.30078125,0
2026-04-09 04:23:00+00:00,23808.150390625,23826.0,23808.150390625,23822.94921875,0
2026-04-09 04:24:00+00:00,23805.05078125,23811.80078125,23803.849609375,23807.94921875,0
2026-04-09 04:25:00+00:00,23795.650390625,23806.599609375,23789.80078125,23805.94921875,0
2026-04-09 04:26:00+00:00,23794.19921875,23799.849609375,23793.69921875,23795.5,0
2026-04-09 04:27:00+00:00,23789.80078125,23801.599609375,23787.099609375,23793.5,0
2026-04-09 04:28:00+00:00,23781.349609375,23794.349609375,23781.19921875,23789.349609375,0
2026-04-09 04:29:00+00:00,23786.30078125,23786.94921875,23771.19921875,23781.69921875,0
2026-04-09 04:30:00+00:00,23781.19921875,23787.69921875,23760.55078125,23785.349609375,0
2026-04-09 04:31:00+00:00,23797.30078125,23802.05078125,23782.900390625,23782.900390625,0
2026-04-09 04:32:00+00:00,23808.30078125,23809.25,23791.05078125,23797.69921875,0
2026-04-09 04:33:00+00:00,23818.30078125,23826.5,23805.69921875,23808.900390625,0
2026-04-09 04:34:00+00:00,23817.400390625,23824.25,23814.150390625,23817.400390625,0
2026-04-09 04:35:00+00:00,23826.5,23827.5,23808.80078125,23815.30078125,0
2026-04-09 04:36:00+00:00,23818.400390625,23831.349609375,23817.25,23826.30078125,0
2026-04-09 04:37:00+00:00,23812.150390625,23823.349609375,23811.44921875,23816.599609375,0
2026-04-09 04:38:00+00:00,23818.19921875,23818.94921875,23807.400390625,23811.099609375,0
2026-04-09 04:39:00+00:00,23824.05078125,23826.5,23812.150390625,23819.400390625,0
2026-04-09 04:40:00+00:00,23837.44921875,23838.94921875,23824.0,23824.0,0
2026-04-09 04:41:00+00:00,23848.349609375,23849.75,23831.69921875,23837.55078125,0
2026-04-09 04:42:00+00:00,23848.900390625,23850.150390625,23841.400390625,23848.19921875,0
2026-04-09 04:43:00+00:00,23844.55078125,23851.80078125,23840.05078125,23849.55078125,0
2026-04-09 04:44:00+00:00,23839.0,23853.150390625,23837.400390625,23845.099609375,0
2026-04-09 04:45:00+00:00,23822.94921875,23840.0,23822.69921875,23839.05078125,0
2026-04-09 04:46:00+00:00,23828.44921875,23829.80078125,23820.849609375,23823.30078125,0
2026-04-09 04:47:00+00:00,23850.0,23850.0,23828.5,23828.5,0
2026-04-09 04:48:00+00:00,23863.80078125,23868.94921875,23850.599609375,23850.80078125,0
2026-04-09 04:49:00+00:00,23870.69921875,23870.69921875,23860.400390625,23862.25,0
2026-04-09 04:50:00+00:00,23861.349609375,23870.099609375,23859.650390625,23869.94921875,0
2026-04-09 04:51:00+00:00,23857.400390625,23861.94921875,23856.650390625,23859.69921875,0
2026-04-09 04:52:00+00:00,23844.55078125,23871.349609375,23844.55078125,23857.80078125,0
2026-04-09 04:53:00+00:00,23856.69921875,23856.94921875,23843.5,23844.80078125,0
2026-04-09 04:54:00+00:00,23864.80078125,23864.80078125,23855.25,23856.099609375,0
2026-04-09 04:55:00+00:00,23854.0,23867.55078125,23851.900390625,23863.5,0
2026-04-09 04:56:00+00:00,23827.80078125,23854.650390625,23820.19921875,23852.75,0
2026-04-09 04:57:00+00:00,23832.150390625,23834.44921875,23826.80078125,23828.400390625,0
2026-04-09 04:58:00+00:00,23834.75,23847.75,23827.0,23833.5,0
2026-04-09 04:59:00+00:00,23848.19921875,23848.19921875,23829.30078125,23831.55078125,0
2026-04-09 05:00:00+00:00,23860.05078125,23861.30078125,23847.80078125,23848.44921875,0
2026-04-09 05:01:00+00:00,23843.05078125,23859.75,23841.80078125,23859.75,0
2026-04-09 05:02:00+00:00,23857.69921875,23857.69921875,23843.400390625,23843.400390625,0
2026-04-09 05:03:00+00:00,23854.650390625,23863.599609375,23854.650390625,23857.849609375,0
2026-04-09 05:04:00+00:00,23858.44921875,23860.099609375,23845.19921875,23854.19921875,0
2026-04-09 05:05:00+00:00,23869.69921875,23870.150390625,23854.69921875,23858.05078125,0
2026-04-09 05:06:00+00:00,23846.0,23872.19921875,23839.80078125,23869.900390625,0
2026-04-09 05:07:00+00:00,23855.0,23858.25,23846.80078125,23846.80078125,0
2026-04-09 05:08:00+00:00,23832.80078125,23853.75,23832.25,23853.75,0
2026-04-09 05:09:00+00:00,23837.599609375,23841.150390625,23832.349609375,23832.44921875,0
2026-04-09 05:10:00+00:00,23822.80078125,23838.44921875,23819.55078125,23836.80078125,0
2026-04-09 05:11:00+00:00,23835.900390625,23835.900390625,23821.69921875,23823.05078125,0
2026-04-09 05:12:00+00:00,23822.849609375,23839.5,23822.05078125,23835.900390625,0
2026-04-09 05:13:00+00:00,23815.69921875,23826.099609375,23815.69921875,23823.0,0
2026-04-09 05:14:00+00:00,23807.900390625,23815.55078125,23803.650390625,23814.349609375,0
2026-04-09 05:15:00+00:00,23815.900390625,23821.349609375,23807.94921875,23807.94921875,0
2026-04-09 05:16:00+00:00,23823.80078125,23825.900390625,23815.69921875,23816.400390625,0
2026-04-09 05:17:00+00:00,23827.75,23828.650390625,23820.650390625,23823.80078125,0
2026-04-09 05:18:00+00:00,23824.05078125,23829.25,23822.400390625,23827.5,0
2026-04-09 05:19:00+00:00,23824.349609375,23825.650390625,23820.150390625,23822.400390625,0
2026-04-09 05:20:00+00:00,23821.599609375,23824.94921875,23820.150390625,23823.75,0
2026-04-09 05:21:00+00:00,23817.94921875,23827.25,23816.849609375,23821.05078125,0
2026-04-09 05:22:00+00:00,23816.099609375,23823.650390625,23816.099609375,23817.599609375,0
2026-04-09 05:23:00+00:00,23822.55078125,23830.400390625,23811.25,23816.30078125,0
2026-04-09 05:24:00+00:00,23825.400390625,23825.55078125,23817.150390625,23820.75,0
2026-04-09 05:25:00+00:00,23836.0,23837.099609375,23825.94921875,23825.94921875,0
2026-04-09 05:26:00+00:00,23838.400390625,23843.55078125,23835.25,23835.44921875,0
2026-04-09 05:27:00+00:00,23831.900390625,23839.19921875,23820.849609375,23837.44921875,0
2026-04-09 05:28:00+00:00,23828.849609375,23834.30078125,23828.599609375,23832.05078125,0
2026-04-09 05:29:00+00:00,23828.75,23831.650390625,23825.94921875,23827.849609375,0
2026-04-09 05:30:00+00:00,23850.75,23850.94921875,23828.55078125,23828.94921875,0
2026-04-09 05:31:00+00:00,23854.0,23854.349609375,23846.55078125,23850.599609375,0
2026-04-09 05:32:00+00:00,23857.5,23864.099609375,23853.75,23854.05078125,0
2026-04-09 05:33:00+00:00,23849.19921875,23858.75,23833.94921875,23857.55078125,0
2026-04-09 05:34:00+00:00,23849.30078125,23855.099609375,23841.69921875,23847.650390625,0
2026-04-09 05:35:00+00:00,23845.44921875,23851.05078125,23843.599609375,23848.69921875,0
2026-04-09 05:36:00+00:00,23828.75,23849.849609375,23828.75,23846.69921875,0
2026-04-09 05:37:00+00:00,23847.349609375,23852.349609375,23828.150390625,23828.55078125,0
2026-04-09 05:38:00+00:00,23860.05078125,23860.650390625,23848.30078125,23848.30078125,0
2026-04-09 05:39:00+00:00,23860.650390625,23866.400390625,23860.25,23860.25,0
2026-04-09 05:40:00+00:00,23868.44921875,23869.5,23860.349609375,23860.349609375,0
2026-04-09 05:41:00+00:00,23860.849609375,23868.349609375,23858.69921875,23868.349609375,0
2026-04-09 05:42:00+00:00,23852.849609375,23863.19921875,23852.849609375,23861.44921875,0
2026-04-09 05:43:00+00:00,23854.0,23855.75,23852.0,23853.0,0
2026-04-09 05:44:00+00:00,23855.75,23857.19921875,23853.099609375,23853.099609375,0
2026-04-09 05:45:00+00:00,23860.849609375,23863.19921875,23855.599609375,23855.599609375,0
2026-04-09 05:46:00+00:00,23848.599609375,23862.0,23848.25,23860.75,0
2026-04-09 05:47:00+00:00,23836.69921875,23849.69921875,23833.55078125,23848.94921875,0
2026-04-09 05:48:00+00:00,23830.05078125,23836.400390625,23829.650390625,23836.400390625,0
2026-04-09 05:49:00+00:00,23829.94921875,23834.44921875,23824.150390625,23829.599609375,0
2026-04-09 05:50:00+00:00,23826.150390625,23842.400390625,23826.150390625,23830.30078125,0
2026-04-09 05:51:00+00:00,23816.25,23826.349609375,23814.19921875,23825.650390625,0
2026-04-09 05:52:00+00:00,23833.400390625,23834.44921875,23814.599609375,23816.400390625,0
2026-04-09 05:53:00+00:00,23835.650390625,23838.19921875,23832.55078125,23833.599609375,0
2026-04-09 05:54:00+00:00,23839.5,23850.5,23833.599609375,23835.30078125,0
2026-04-09 05:55:00+00:00,23846.55078125,23847.44921875,23838.30078125,23838.30078125,0
2026-04-09 05:56:00+00:00,23852.25,23853.400390625,23845.900390625,23846.650390625,0
2026-04-09 05:57:00+00:00,23846.0,23854.69921875,23846.0,23851.55078125,0
2026-04-09 05:58:00+00:00,23860.349609375,23863.849609375,23840.44921875,23845.19921875,0
2026-04-09 05:59:00+00:00,23855.25,23860.650390625,23851.75,23858.900390625,0
2026-04-09 06:00:00+00:00,23865.30078125,23870.75,23853.849609375,23855.0,0
2026-04-09 06:01:00+00:00,23866.75,23871.150390625,23865.25,23865.25,0
2026-04-09 06:02:00+00:00,23869.150390625,23869.900390625,23864.94921875,23866.75,0
2026-04-09 06:03:00+00:00,23858.19921875,23875.5,23858.19921875,23870.75,0
2026-04-09 06:04:00+00:00,23855.30078125,23859.05078125,23844.400390625,23859.05078125,0
2026-04-09 06:05:00+00:00,23849.05078125,23857.44921875,23847.69921875,23852.900390625,0
2026-04-09 06:06:00+00:00,23854.349609375,23859.599609375,23848.150390625,23848.400390625,0
2026-04-09 06:07:00+00:00,23852.900390625,23857.0,23852.75,23854.19921875,0
2026-04-09 06:08:00+00:00,23857.849609375,23858.849609375,23853.0,23853.30078125,0
2026-04-09 06:09:00+00:00,23856.25,23862.099609375,23856.25,23857.80078125,0
2026-04-09 06:10:00+00:00,23855.25,23857.0,23845.94921875,23856.150390625,0
2026-04-09 06:11:00+00:00,23869.650390625,23871.0,23854.44921875,23854.650390625,0
2026-04-09 06:12:00+00:00,23855.900390625,23871.30078125,23855.900390625,23869.599609375,0
2026-04-09 06:13:00+00:00,23863.099609375,23863.650390625,23854.75,23855.80078125,0
2026-04-09 06:14:00+00:00,23864.80078125,23866.75,23862.69921875,23862.75,0
2026-04-09 06:15:00+00:00,23856.849609375,23867.099609375,23855.400390625,23864.80078125,0
2026-04-09 06:16:00+00:00,23855.19921875,23858.599609375,23849.400390625,23856.94921875,0
2026-04-09 06:17:00+00:00,23859.650390625,23863.25,23855.19921875,23855.19921875,0
2026-04-09 06:18:00+00:00,23874.849609375,23879.30078125,23859.650390625,23859.69921875,0
2026-04-09 06:19:00+00:00,23887.25,23887.599609375,23873.650390625,23874.599609375,0
2026-04-09 06:20:00+00:00,23871.75,23889.05078125,23870.5,23886.94921875,0
2026-04-09 06:21:00+00:00,23884.400390625,23887.25,23871.400390625,23871.75,0
2026-04-09 06:22:00+00:00,23883.25,23887.849609375,23881.650390625,23883.25,0
2026-04-09 06:23:00+00:00,23888.650390625,23898.0,23883.05078125,23883.05078125,0
2026-04-09 06:24:00+00:00,23883.650390625,23889.94921875,23874.349609375,23888.349609375,0
2026-04-09 06:25:00+00:00,23895.19921875,23905.400390625,23884.599609375,23884.599609375,0
2026-04-09 06:26:00+00:00,23886.75,23897.849609375,23886.75,23894.5,0
2026-04-09 06:27:00+00:00,23892.400390625,23896.94921875,23884.849609375,23886.05078125,0
2026-04-09 06:28:00+00:00,23874.599609375,23894.80078125,23871.80078125,23892.05078125,0
2026-04-09 06:29:00+00:00,23886.349609375,23889.55078125,23876.19921875,23876.19921875,0
2026-04-09 06:30:00+00:00,23894.900390625,23897.400390625,23887.0,23887.150390625,0
2026-04-09 06:31:00+00:00,23887.94921875,23902.75,23886.849609375,23894.349609375,0
2026-04-09 06:32:00+00:00,23881.400390625,23889.5,23875.400390625,23887.099609375,0
2026-04-09 06:33:00+00:00,23878.849609375,23882.5,23873.849609375,23880.900390625,0
2026-04-09 06:34:00+00:00,23876.55078125,23880.69921875,23868.900390625,23878.650390625,0
2026-04-09 06:35:00+00:00,23871.099609375,23877.19921875,23860.25,23875.75,0
2026-04-09 06:36:00+00:00,23876.05078125,23878.44921875,23869.44921875,23871.099609375,0
2026-04-09 06:37:00+00:00,23883.650390625,23887.69921875,23875.650390625,23875.650390625,0
2026-04-09 06:38:00+00:00,23891.30078125,23891.30078125,23882.349609375,23883.55078125,0
2026-04-09 06:39:00+00:00,23901.0,23902.69921875,23890.849609375,23891.0,0
2026-04-09 06:40:00+00:00,23901.05078125,23902.599609375,23894.05078125,23899.849609375,0
2026-04-09 06:41:00+00:00,23897.69921875,23907.30078125,23896.94921875,23901.599609375,0
2026-04-09 06:42:00+00:00,23889.19921875,23898.849609375,23889.0,23897.650390625,0
2026-04-09 06:43:00+00:00,23884.25,23894.400390625,23884.099609375,23888.900390625,0
2026-04-09 06:44:00+00:00,23881.25,23884.69921875,23877.099609375,23883.849609375,0
2026-04-09 06:45:00+00:00,23878.599609375,23883.0,23874.80078125,23881.05078125,0
2026-04-09 06:46:00+00:00,23882.5,23882.80078125,23876.849609375,23878.400390625,0
2026-04-09 06:47:00+00:00,23880.55078125,23884.05078125,23879.650390625,23882.400390625,0
2026-04-09 06:48:00+00:00,23873.650390625,23882.94921875,23873.650390625,23880.94921875,0
2026-04-09 06:49:00+00:00,23875.349609375,23879.0,23874.0,23874.0,0
2026-04-09 06:50:00+00:00,23874.05078125,23877.0,23872.19921875,23875.30078125,0
2026-04-09 06:51:00+00:00,23877.75,23883.849609375,23873.80078125,23874.25,0
2026-04-09 06:52:00+00:00,23879.75,23882.0,23877.94921875,23877.94921875,0
2026-04-09 06:53:00+00:00,23874.69921875,23881.19921875,23873.69921875,23879.849609375,0
2026-04-09 06:54:00+00:00,23869.5,23876.75,23867.05078125,23873.94921875,0
2026-04-09 06:55:00+00:00,23857.599609375,23870.650390625,23857.599609375,23868.55078125,0
2026-04-09 06:56:00+00:00,23861.80078125,23864.05078125,23855.400390625,23857.25,0
2026-04-09 06:57:00+00:00,23867.25,23867.44921875,23854.849609375,23861.900390625,0
2026-04-09 06:58:00+00:00,23875.599609375,23875.94921875,23865.75,23866.349609375,0
2026-04-09 06:59:00+00:00,23872.55078125,23886.900390625,23871.44921875,23875.900390625,0
2026-04-09 07:00:00+00:00,23879.5,23885.349609375,23869.75,23871.75,0
2026-04-09 07:01:00+00:00,23879.05078125,23883.05078125,23876.69921875,23879.400390625,0
2026-04-09 07:02:00+00:00,23878.849609375,23880.94921875,23877.69921875,23878.94921875,0
2026-04-09 07:03:00+00:00,23866.400390625,23880.349609375,23866.25,23878.400390625,0
2026-04-09 07:04:00+00:00,23864.55078125,23866.69921875,23862.55078125,23865.849609375,0
2026-04-09 07:05:00+00:00,23869.150390625,23870.5,23864.650390625,23864.650390625,0
2026-04-09 07:06:00+00:00,23861.44921875,23871.44921875,23860.099609375,23869.5,0
2026-04-09 07:07:00+00:00,23857.75,23861.150390625,23848.5,23861.150390625,0
2026-04-09 07:08:00+00:00,23851.25,23858.849609375,23850.44921875,23856.849609375,0
2026-04-09 07:09:00+00:00,23855.349609375,23857.849609375,23845.099609375,23850.80078125,0
2026-04-09 07:10:00+00:00,23863.650390625,23867.55078125,23854.099609375,23854.25,0
2026-04-09 07:11:00+00:00,23859.849609375,23864.75,23859.599609375,23863.05078125,0
2026-04-09 07:12:00+00:00,23855.69921875,23861.44921875,23855.19921875,23858.900390625,0
2026-04-09 07:13:00+00:00,23850.25,23857.5,23848.69921875,23855.349609375,0
2026-04-09 07:14:00+00:00,23852.30078125,23852.44921875,23848.44921875,23848.900390625,0
2026-04-09 07:15:00+00:00,23848.44921875,23855.25,23847.150390625,23853.30078125,0
2026-04-09 07:16:00+00:00,23824.150390625,23850.19921875,23822.0,23849.0,0
2026-04-09 07:17:00+00:00,23817.349609375,23826.55078125,23816.44921875,23824.150390625,0
2026-04-09 07:18:00+00:00,23806.30078125,23817.099609375,23805.25,23816.349609375,0
2026-04-09 07:19:00+00:00,23807.150390625,23811.349609375,23806.55078125,23806.80078125,0
2026-04-09 07:20:00+00:00,23813.0,23819.150390625,23801.599609375,23807.099609375,0
2026-04-09 07:21:00+00:00,23818.599609375,23825.150390625,23811.5,23811.5,0
2026-04-09 07:22:00+00:00,23824.69921875,23827.150390625,23819.099609375,23819.25,0
2026-04-09 07:23:00+00:00,23823.650390625,23828.400390625,23819.44921875,23825.05078125,0
2026-04-09 07:24:00+00:00,23831.30078125,23839.400390625,23820.05078125,23823.19921875,0
2026-04-09 07:25:00+00:00,23837.69921875,23839.400390625,23830.599609375,23830.599609375,0
2026-04-09 07:26:00+00:00,23831.05078125,23839.650390625,23830.650390625,23837.55078125,0
2026-04-09 07:27:00+00:00,23831.19921875,23836.650390625,23829.900390625,23831.05078125,0
2026-04-09 07:28:00+00:00,23834.650390625,23843.599609375,23829.69921875,23832.0,0
2026-04-09 07:29:00+00:00,23830.69921875,23836.80078125,23828.400390625,23833.849609375,0
2026-04-09 07:30:00+00:00,23833.94921875,23839.69921875,23828.55078125,23830.25,0
2026-04-09 07:31:00+00:00,23834.099609375,23835.44921875,23830.69921875,23834.25,0
2026-04-09 07:32:00+00:00,23828.05078125,23842.599609375,23827.099609375,23836.0,0
2026-04-09 07:33:00+00:00,23833.349609375,23834.849609375,23824.349609375,23828.099609375,0
2026-04-09 07:34:00+00:00,23830.94921875,23834.05078125,23829.0,23833.150390625,0
2026-04-09 07:35:00+00:00,23823.55078125,23833.349609375,23821.599609375,23831.150390625,0
2026-04-09 07:36:00+00:00,23820.94921875,23826.25,23816.849609375,23823.80078125,0
2026-04-09 07:37:00+00:00,23830.599609375,23836.94921875,23820.55078125,23820.55078125,0
2026-04-09 07:38:00+00:00,23828.400390625,23831.25,23826.849609375,23829.44921875,0
2026-04-09 07:39:00+00:00,23829.599609375,23833.25,23828.30078125,23828.30078125,0
2026-04-09 07:40:00+00:00,23821.44921875,23831.05078125,23820.30078125,23829.150390625,0
2026-04-09 07:41:00+00:00,23815.94921875,23822.69921875,23815.849609375,23821.25,0
2026-04-09 07:42:00+00:00,23806.30078125,23815.900390625,23804.69921875,23814.900390625,0
2026-04-09 07:43:00+00:00,23816.5,23817.400390625,23805.849609375,23805.849609375,0
2026-04-09 07:44:00+00:00,23815.400390625,23820.25,23814.0,23817.650390625,0
2026-04-09 07:45:00+00:00,23812.849609375,23817.30078125,23812.0,23815.849609375,0
2026-04-09 07:46:00+00:00,23806.55078125,23814.25,23806.55078125,23812.5,0
2026-04-09 07:47:00+00:00,23806.599609375,23810.349609375,23806.150390625,23806.849609375,0
2026-04-09 07:48:00+00:00,23802.94921875,23809.0,23800.94921875,23807.30078125,0
2026-04-09 07:49:00+00:00,23803.19921875,23806.55078125,23801.55078125,23801.599609375,0
2026-04-09 07:50:00+00:00,23794.349609375,23804.349609375,23794.349609375,23803.05078125,0
2026-04-09 07:51:00+00:00,23774.5,23796.05078125,23774.5,23794.349609375,0
2026-04-09 07:52:00+00:00,23792.400390625,23792.400390625,23767.80078125,23773.69921875,0
2026-04-09 07:53:00+00:00,23790.55078125,23795.099609375,23784.849609375,23791.69921875,0
2026-04-09 07:54:00+00:00,23787.19921875,23792.94921875,23779.25,23790.849609375,0
2026-04-09 07:55:00+00:00,23781.900390625,23787.75,23778.69921875,23786.599609375,0
2026-04-09 07:56:00+00:00,23787.349609375,23790.349609375,23777.75,23781.69921875,0
2026-04-09 07:57:00+00:00,23780.94921875,23789.150390625,23779.69921875,23786.44921875,0
2026-04-09 07:58:00+00:00,23773.349609375,23783.099609375,23771.69921875,23780.75,0
2026-04-09 07:59:00+00:00,23769.30078125,23774.349609375,23767.900390625,23772.69921875,0
2026-04-09 08:00:00+00:00,23770.55078125,23781.849609375,23768.94921875,23769.150390625,0
2026-04-09 08:01:00+00:00,23764.19921875,23772.19921875,23759.05078125,23770.44921875,0
2026-04-09 08:02:00+00:00,23774.900390625,23775.80078125,23763.05078125,23763.05078125,0
2026-04-09 08:03:00+00:00,23790.94921875,23791.900390625,23774.69921875,23774.69921875,0
2026-04-09 08:04:00+00:00,23788.69921875,23792.5,23774.900390625,23790.44921875,0
2026-04-09 08:05:00+00:00,23788.849609375,23793.849609375,23787.599609375,23789.05078125,0
2026-04-09 08:06:00+00:00,23792.650390625,23798.94921875,23787.80078125,23789.30078125,0
2026-04-09 08:07:00+00:00,23776.69921875,23796.25,23776.69921875,23792.0,0
2026-04-09 08:08:00+00:00,23781.0,23781.75,23767.650390625,23776.400390625,0
2026-04-09 08:09:00+00:00,23773.19921875,23782.599609375,23773.19921875,23781.05078125,0
2026-04-09 08:10:00+00:00,23770.30078125,23776.650390625,23768.0,23773.349609375,0
2026-04-09 08:11:00+00:00,23765.599609375,23771.849609375,23763.099609375,23770.44921875,0
2026-04-09 08:12:00+00:00,23769.30078125,23769.75,23760.900390625,23765.19921875,0
2026-04-09 08:13:00+00:00,23761.69921875,23769.900390625,23758.55078125,23768.30078125,0
2026-04-09 08:14:00+00:00,23760.150390625,23764.099609375,23755.849609375,23762.150390625,0
2026-04-09 08:15:00+00:00,23768.5,23769.69921875,23759.849609375,23759.849609375,0
2026-04-09 08:16:00+00:00,23757.099609375,23770.55078125,23756.94921875,23768.55078125,0
2026-04-09 08:17:00+00:00,23743.599609375,23760.05078125,23740.80078125,23756.94921875,0
2026-04-09 08:18:00+00:00,23760.55078125,23765.5,23742.599609375,23743.94921875,0
2026-04-09 08:19:00+00:00,23762.5,23769.94921875,23760.25,23760.25,0
2026-04-09 08:20:00+00:00,23775.849609375,23776.05078125,23760.400390625,23762.900390625,0
2026-04-09 08:21:00+00:00,23777.849609375,23785.44921875,23776.400390625,23777.25,0
2026-04-09 08:22:00+00:00,23767.75,23781.150390625,23767.05078125,23777.75,0
2026-04-09 08:23:00+00:00,23758.80078125,23769.30078125,23753.5,23766.75,0
2026-04-09 08:24:00+00:00,23770.5,23771.30078125,23758.55078125,23758.55078125,0
2026-04-09 08:25:00+00:00,23773.05078125,23773.80078125,23768.69921875,23770.349609375,0
2026-04-09 08:26:00+00:00,23779.69921875,23779.75,23772.80078125,23772.94921875,0
2026-04-09 08:27:00+00:00,23777.400390625,23782.30078125,23772.099609375,23780.599609375,0
2026-04-09 08:28:00+00:00,23771.05078125,23781.25,23771.05078125,23776.94921875,0
2026-04-09 08:29:00+00:00,23767.849609375,23772.30078125,23764.55078125,23769.55078125,0
2026-04-09 08:30:00+00:00,23767.05078125,23770.55078125,23754.94921875,23767.849609375,0
2026-04-09 08:31:00+00:00,23773.94921875,23774.55078125,23766.099609375,23766.099609375,0
2026-04-09 08:32:00+00:00,23771.55078125,23777.19921875,23771.55078125,23773.0,0
2026-04-09 08:33:00+00:00,23780.650390625,23780.650390625,23770.75,23770.75,0
2026-04-09 08:34:00+00:00,23781.80078125,23790.19921875,23779.25,23779.25,0
2026-04-09 08:35:00+00:00,23770.900390625,23781.75,23767.75,23781.75,0
2026-04-09 08:36:00+00:00,23781.30078125,23781.400390625,23770.400390625,23770.400390625,0
2026-04-09 08:37:00+00:00,23788.150390625,23788.150390625,23777.25,23781.44921875,0
2026-04-09 08:38:00+00:00,23797.599609375,23797.80078125,23786.30078125,23787.80078125,0
2026-04-09 08:39:00+00:00,23785.55078125,23800.0,23784.5,23797.19921875,0
2026-04-09 08:40:00+00:00,23766.5,23786.94921875,23766.349609375,23785.349609375,0
2026-04-09 08:41:00+00:00,23762.349609375,23773.55078125,23762.349609375,23766.80078125,0
2026-04-09 08:42:00+00:00,23762.900390625,23764.44921875,23752.80078125,23761.30078125,0
2026-04-09 08:43:00+00:00,23769.099609375,23779.55078125,23762.75,23762.75,0
2026-04-09 08:44:00+00:00,23753.19921875,23769.94921875,23751.80078125,23769.25,0
2026-04-09 08:45:00+00:00,23752.30078125,23759.349609375,23752.30078125,23753.44921875,0
2026-04-09 08:46:00+00:00,23751.25,23752.400390625,23746.19921875,23750.75,0
2026-04-09 08:47:00+00:00,23755.849609375,23760.94921875,23750.400390625,23750.400390625,0
2026-04-09 08:48:00+00:00,23748.400390625,23757.55078125,23746.599609375,23755.599609375,0
2026-04-09 08:49:00+00:00,23746.599609375,23755.400390625,23746.599609375,23748.0,0
2026-04-09 08:50:00+00:00,23749.150390625,23757.94921875,23746.349609375,23746.349609375,0
2026-04-09 08:51:00+00:00,23746.55078125,23758.69921875,23746.55078125,23748.69921875,0
2026-04-09 08:52:00+00:00,23735.75,23747.25,23734.099609375,23745.75,0
2026-04-09 08:53:00+00:00,23728.5,23736.849609375,23724.5,23735.94921875,0
2026-04-09 08:54:00+00:00,23731.69921875,23735.55078125,23721.900390625,23726.69921875,0
2026-04-09 08:55:00+00:00,23726.75,23733.80078125,23724.94921875,23731.650390625,0
2026-04-09 08:56:00+00:00,23715.75,23727.94921875,23715.150390625,23726.349609375,0
2026-04-09 08:57:00+00:00,23714.55078125,23717.599609375,23710.400390625,23715.05078125,0
2026-04-09 08:58:00+00:00,23720.0,23727.150390625,23715.05078125,23715.05078125,0
2026-04-09 08:59:00+00:00,23720.30078125,23722.5,23718.650390625,23719.94921875,0
2026-04-09 09:00:00+00:00,23718.099609375,23722.25,23717.099609375,23720.0,0
2026-04-09 09:01:00+00:00,23685.400390625,23721.900390625,23683.349609375,23719.650390625,0
2026-04-09 09:02:00+00:00,23700.349609375,23704.69921875,23685.0,23686.75,0
2026-04-09 09:03:00+00:00,23702.400390625,23707.80078125,23698.69921875,23700.94921875,0
2026-04-09 09:04:00+00:00,23697.150390625,23702.099609375,23692.75,23701.25,0
2026-04-09 09:05:00+00:00,23700.19921875,23706.599609375,23695.05078125,23697.19921875,0
2026-04-09 09:06:00+00:00,23695.599609375,23703.80078125,23690.400390625,23699.599609375,0
2026-04-09 09:07:00+00:00,23698.599609375,23706.900390625,23693.44921875,23697.599609375,0
2026-04-09 09:08:00+00:00,23695.150390625,23700.599609375,23694.80078125,23697.099609375,0
2026-04-09 09:09:00+00:00,23705.849609375,23708.849609375,23693.19921875,23696.44921875,0
2026-04-09 09:10:00+00:00,23705.599609375,23708.55078125,23702.94921875,23707.25,0
2026-04-09 09:11:00+00:00,23710.650390625,23711.099609375,23702.69921875,23706.349609375,0
2026-04-09 09:12:00+00:00,23722.400390625,23724.55078125,23711.5,23711.5,0
2026-04-09 09:13:00+00:00,23740.900390625,23744.900390625,23722.099609375,23723.05078125,0
2026-04-09 09:14:00+00:00,23729.75,23742.099609375,23729.75,23741.75,0
2026-04-09 09:15:00+00:00,23728.05078125,23733.25,23720.5,23728.80078125,0
2026-04-09 09:16:00+00:00,23727.05078125,23729.099609375,23722.44921875,23727.400390625,0
2026-04-09 09:17:00+00:00,23738.44921875,23738.55078125,23725.30078125,23725.75,0
2026-04-09 09:18:00+00:00,23726.900390625,23748.349609375,23723.349609375,23738.69921875,0
2026-04-09 09:19:00+00:00,23737.94921875,23743.19921875,23726.25,23726.400390625,0
2026-04-09 09:20:00+00:00,23725.599609375,23740.25,23723.5,23737.75,0
2026-04-09 09:21:00+00:00,23735.19921875,23738.25,23724.5,23724.94921875,0
2026-04-09 09:22:00+00:00,23741.849609375,23749.150390625,23734.150390625,23734.650390625,0
2026-04-09 09:23:00+00:00,23744.80078125,23745.150390625,23740.25,23741.599609375,0
2026-04-09 09:24:00+00:00,23748.400390625,23751.44921875,23743.69921875,23743.80078125,0
2026-04-09 09:25:00+00:00,23741.25,23749.55078125,23740.5,23747.75,0
2026-04-09 09:26:00+00:00,23739.349609375,23752.150390625,23738.05078125,23740.599609375,0
2026-04-09 09:27:00+00:00,23743.099609375,23751.599609375,23735.900390625,23736.900390625,0
2026-04-09 09:28:00+00:00,23735.25,23744.849609375,23733.099609375,23742.30078125,0
2026-04-09 09:29:00+00:00,23741.05078125,23742.69921875,23735.55078125,23735.55078125,0
2026-04-09 09:30:00+00:00,23735.599609375,23754.849609375,23726.900390625,23742.44921875,0
2026-04-09 09:31:00+00:00,23762.75,23765.0,23735.900390625,23735.900390625,0
2026-04-09 09:32:00+00:00,23782.400390625,23786.349609375,23762.849609375,23762.849609375,0
2026-04-09 09:33:00+00:00,23772.55078125,23806.80078125,23766.0,23781.650390625,0
2026-04-09 09:34:00+00:00,23741.599609375,23769.80078125,23740.94921875,23769.599609375,0
2026-04-09 09:35:00+00:00,23770.30078125,23770.5,23733.400390625,23744.19921875,0
2026-04-09 09:36:00+00:00,23774.75,23776.19921875,23751.900390625,23770.099609375,0
2026-04-09 09:37:00+00:00,23772.400390625,23777.94921875,23763.099609375,23775.900390625,0
2026-04-09 09:38:00+00:00,23781.30078125,23782.19921875,23770.5,23770.94921875,0
2026-04-09 09:39:00+00:00,23787.75,23800.599609375,23781.599609375,23781.599609375,0
2026-04-09 09:40:00+00:00,23783.150390625,23790.75,23778.80078125,23789.099609375,0
2026-04-09 09:41:00+00:00,23781.80078125,23790.25,23778.650390625,23783.900390625,0
2026-04-09 09:42:00+00:00,23799.900390625,23801.25,23782.05078125,23783.75,0
2026-04-09 09:43:00+00:00,23787.5,23799.69921875,23786.400390625,23798.099609375,0
2026-04-09 09:44:00+00:00,23793.349609375,23796.599609375,23785.30078125,23788.30078125,0
2026-04-09 09:45:00+00:00,23776.599609375,23794.349609375,23775.69921875,23792.94921875,0
2026-04-09 09:46:00+00:00,23780.349609375,23781.849609375,23775.099609375,23777.400390625,0
2026-04-09 09:47:00+00:00,23782.55078125,23785.150390625,23780.80078125,23781.0,0
2026-04-09 09:48:00+00:00,23783.80078125,23785.30078125,23778.150390625,23783.5,0
2026-04-09 09:49:00+00:00,23771.25,23786.55078125,23769.099609375,23785.400390625,0
2026-04-09 09:50:00+00:00,23772.80078125,23778.5,23770.55078125,23772.849609375,0
2026-04-09 09:51:00+00:00,23782.5,23784.099609375,23765.44921875,23775.400390625,0
2026-04-09 09:52:00+00:00,23781.5,23784.55078125,23779.75,23783.94921875,0
2026-04-09 09:53:00+00:00,23770.599609375,23783.55078125,23768.150390625,23782.5,0
2026-04-09 09:54:00+00:00,23781.400390625,23784.5,23770.75,23772.19921875,0
2026-04-09 09:55:00+00:00,23780.650390625,23783.5,23776.900390625,23782.19921875,0
2026-04-09 09:56:00+00:00,23787.69921875,23791.150390625,23781.55078125,23781.55078125,0
2026-04-09 09:57:00+00:00,23775.75,23789.099609375,23775.099609375,23788.05078125,0
2026-04-09 09:58:00+00:00,23768.349609375,23782.19921875,23767.099609375,23775.25,0
2026-04-09 09:59:00+00:00,23766.05078125,23771.25,23758.94921875,23768.30078125,0
2026-04-10 03:45:00+00:00,23895.5,23913.150390625,23867.19921875,23880.55078125,0
2026-04-10 03:46:00+00:00,23938.0,23947.400390625,23893.25,23893.25,0
2026-04-10 03:47:00+00:00,23942.30078125,23950.55078125,23935.80078125,23938.5,0
2026-04-10 03:48:00+00:00,23942.5,23955.400390625,23939.349609375,23943.349609375,0
2026-04-10 03:49:00+00:00,23965.69921875,23967.400390625,23942.05078125,23943.099609375,0
2026-04-10 03:50:00+00:00,23962.349609375,23978.19921875,23955.349609375,23966.25,0
2026-04-10 03:51:00+00:00,23953.69921875,23964.69921875,23953.349609375,23961.69921875,0
2026-04-10 03:52:00+00:00,23948.5,23956.44921875,23947.30078125,23954.75,0
2026-04-10 03:53:00+00:00,23941.05078125,23952.599609375,23940.0,23949.25,0
2026-04-10 03:54:00+00:00,23918.650390625,23942.599609375,23917.05078125,23940.55078125,0
2026-04-10 03:55:00+00:00,23940.44921875,23944.19921875,23918.44921875,23918.849609375,0
2026-04-10 03:56:00+00:00,23913.94921875,23941.0,23913.80078125,23940.099609375,0
2026-04-10 03:57:00+00:00,23908.849609375,23915.25,23902.19921875,23914.55078125,0
2026-04-10 03:58:00+00:00,23930.25,23930.25,23907.19921875,23909.900390625,0
2026-04-10 03:59:00+00:00,23936.900390625,23937.349609375,23922.849609375,23928.150390625,0
2026-04-10 04:00:00+00:00,23945.55078125,23947.400390625,23937.349609375,23937.349609375,0
2026-04-10 04:01:00+00:00,23935.55078125,23950.900390625,23935.099609375,23945.599609375,0
2026-04-10 04:02:00+00:00,23948.099609375,23948.25,23931.19921875,23935.400390625,0
2026-04-10 04:03:00+00:00,23952.19921875,23959.5,23945.400390625,23947.150390625,0
2026-04-10 04:04:00+00:00,23943.599609375,23956.44921875,23943.30078125,23952.099609375,0
2026-04-10 04:05:00+00:00,23926.05078125,23944.05078125,23925.5,23943.19921875,0
2026-04-10 04:06:00+00:00,23926.650390625,23931.30078125,23921.849609375,23925.849609375,0
2026-04-10 04:07:00+00:00,23934.30078125,23935.30078125,23926.05078125,23927.0,0
2026-04-10 04:08:00+00:00,23930.94921875,23942.650390625,23927.5,23934.349609375,0
2026-04-10 04:09:00+00:00,23936.55078125,23941.150390625,23927.400390625,23930.19921875,0
2026-04-10 04:10:00+00:00,23938.099609375,23943.150390625,23937.150390625,23937.150390625,0
2026-04-10 04:11:00+00:00,23938.650390625,23946.349609375,23934.94921875,23938.94921875,0
2026-04-10 04:12:00+00:00,23948.849609375,23949.25,23939.900390625,23940.0,0
2026-04-10 04:13:00+00:00,23955.69921875,23957.94921875,23948.150390625,23949.400390625,0
2026-04-10 04:14:00+00:00,23948.150390625,23957.44921875,23946.099609375,23955.94921875,0
2026-04-10 04:15:00+00:00,23949.849609375,23952.30078125,23943.650390625,23948.599609375,0
2026-04-10 04:16:00+00:00,23966.44921875,23966.44921875,23951.19921875,23951.44921875,0
2026-04-10 04:17:00+00:00,23981.80078125,23983.80078125,23967.05078125,23967.75,0
2026-04-10 04:18:00+00:00,23978.30078125,23992.099609375,23978.30078125,23982.25,0
2026-04-10 04:19:00+00:00,23974.349609375,23978.94921875,23967.900390625,23978.400390625,0
2026-04-10 04:20:00+00:00,23981.55078125,23983.599609375,23973.25,23973.25,0
2026-04-10 04:21:00+00:00,23977.349609375,23982.25,23974.44921875,23981.5,0
2026-04-10 04:22:00+00:00,23977.75,23978.849609375,23971.25,23977.599609375,0
2026-04-10 04:23:00+00:00,23983.80078125,23983.80078125,23976.400390625,23978.30078125,0
2026-04-10 04:24:00+00:00,23986.849609375,23987.94921875,23982.69921875,23983.5,0
2026-04-10 04:25:00+00:00,23981.849609375,23992.599609375,23981.25,23986.650390625,0
2026-04-10 04:26:00+00:00,23984.75,23985.849609375,23980.75,23981.349609375,0
2026-04-10 04:27:00+00:00,23988.30078125,23992.05078125,23983.94921875,23983.94921875,0
2026-04-10 04:28:00+00:00,23990.75,23998.25,23988.150390625,23988.650390625,0
2026-04-10 04:29:00+00:00,23988.05078125,23994.650390625,23987.599609375,23992.099609375,0
2026-04-10 04:30:00+00:00,23995.849609375,23997.849609375,23988.44921875,23988.44921875,0
2026-04-10 04:31:00+00:00,23999.69921875,24000.25,23990.25,23995.69921875,0
2026-04-10 04:32:00+00:00,23984.900390625,24001.25,23984.19921875,24000.05078125,0
2026-04-10 04:33:00+00:00,23982.599609375,23989.30078125,23982.599609375,23985.349609375,0
2026-04-10 04:34:00+00:00,23972.349609375,23982.94921875,23971.849609375,23982.650390625,0
2026-04-10 04:35:00+00:00,23925.80078125,23973.94921875,23916.30078125,23971.650390625,0
2026-04-10 04:36:00+00:00,23940.349609375,23948.5,23925.5,23925.5,0
2026-04-10 04:37:00+00:00,23940.5,23942.80078125,23934.69921875,23939.400390625,0
2026-04-10 04:38:00+00:00,23945.19921875,23947.150390625,23933.900390625,23940.55078125,0
2026-04-10 04:39:00+00:00,23961.55078125,23964.05078125,23945.5,23945.75,0
2026-04-10 04:40:00+00:00,23972.80078125,23974.44921875,23960.05078125,23960.650390625,0
2026-04-10 04:41:00+00:00,23976.099609375,23979.0,23972.30078125,23973.80078125,0
2026-04-10 04:42:00+00:00,23985.099609375,23988.0,23975.650390625,23975.650390625,0
2026-04-10 04:43:00+00:00,23993.80078125,23995.349609375,23983.900390625,23985.69921875,0
2026-04-10 04:44:00+00:00,23994.400390625,23995.900390625,23988.5,23993.55078125,0
2026-04-10 04:45:00+00:00,24007.69921875,24008.25,23994.94921875,23994.94921875,0
2026-04-10 04:46:00+00:00,24013.05078125,24014.849609375,24004.0,24007.099609375,0
2026-04-10 04:47:00+00:00,24009.849609375,24018.650390625,24003.900390625,24012.150390625,0
2026-04-10 04:48:00+00:00,24013.25,24015.05078125,24008.94921875,24008.94921875,0
2026-04-10 04:49:00+00:00,24015.05078125,24015.599609375,24011.25,24013.05078125,0
2026-04-10 04:50:00+00:00,24018.25,24020.849609375,24014.150390625,24014.150390625,0
2026-04-10 04:51:00+00:00,24017.400390625,24023.94921875,24015.599609375,24017.650390625,0
2026-04-10 04:52:00+00:00,24017.0,24021.650390625,24015.650390625,24016.5,0
2026-04-10 04:53:00+00:00,24017.69921875,24019.55078125,24010.849609375,24017.400390625,0
2026-04-10 04:54:00+00:00,24021.55078125,24021.650390625,24015.25,24018.75,0
2026-04-10 04:55:00+00:00,24031.55078125,24032.599609375,24021.19921875,24022.55078125,0
2026-04-10 04:56:00+00:00,24023.94921875,24035.599609375,24023.94921875,24032.099609375,0
2026-04-10 04:57:00+00:00,24015.099609375,24024.599609375,24013.5,24023.25,0
2026-04-10 04:58:00+00:00,24005.099609375,24015.650390625,24004.599609375,24014.650390625,0
2026-04-10 04:59:00+00:00,24009.099609375,24009.25,24002.5,24005.55078125,0
2026-04-10 05:00:00+00:00,24019.19921875,24021.25,24008.900390625,24010.0,0
2026-04-10 05:01:00+00:00,24013.69921875,24023.900390625,24013.25,24019.94921875,0
2026-04-10 05:02:00+00:00,24010.0,24016.44921875,24004.150390625,24014.30078125,0
2026-04-10 05:03:00+00:00,24001.44921875,24012.44921875,24001.0,24009.349609375,0
2026-04-10 05:04:00+00:00,24019.849609375,24019.849609375,24001.150390625,24001.150390625,0
2026-04-10 05:05:00+00:00,24017.0,24026.099609375,24016.150390625,24019.69921875,0
2026-04-10 05:06:00+00:00,24018.19921875,24020.69921875,24014.69921875,24016.650390625,0
2026-04-10 05:07:00+00:00,24008.5,24019.80078125,24007.099609375,24017.25,0
2026-04-10 05:08:00+00:00,24006.400390625,24011.099609375,24005.69921875,24008.349609375,0
2026-04-10 05:09:00+00:00,24007.05078125,24008.349609375,24003.55078125,24006.400390625,0
2026-04-10 05:10:00+00:00,24015.55078125,24016.400390625,24006.650390625,24007.400390625,0
2026-04-10 05:11:00+00:00,24010.30078125,24017.599609375,24006.5,24015.349609375,0
2026-04-10 05:12:00+00:00,24012.349609375,24013.0,24009.400390625,24010.80078125,0
2026-04-10 05:13:00+00:00,24008.0,24015.55078125,24007.650390625,24011.94921875,0
2026-04-10 05:14:00+00:00,24003.849609375,24010.19921875,24003.80078125,24007.349609375,0
2026-04-10 05:15:00+00:00,23998.19921875,24005.650390625,23996.25,24003.75,0
2026-04-10 05:16:00+00:00,23995.349609375,24009.05078125,23994.69921875,23998.44921875,0
2026-04-10 05:17:00+00:00,24004.849609375,24004.849609375,23994.75,23994.75,0
2026-04-10 05:18:00+00:00,23995.150390625,24007.349609375,23994.55078125,24004.55078125,0
2026-04-10 05:19:00+00:00,23994.94921875,23997.150390625,23993.650390625,23994.650390625,0
2026-04-10 05:20:00+00:00,23991.80078125,23997.349609375,23991.650390625,23994.650390625,0
2026-04-10 05:21:00+00:00,23993.94921875,23994.80078125,23990.349609375,23991.650390625,0
2026-04-10 05:22:00+00:00,23989.650390625,23994.349609375,23988.44921875,23993.400390625,0
2026-04-10 05:23:00+00:00,23989.19921875,23991.900390625,23984.75,23990.650390625,0
2026-04-10 05:24:00+00:00,23985.69921875,23991.80078125,23984.900390625,23989.150390625,0
2026-04-10 05:25:00+00:00,23985.25,23987.5,23984.099609375,23985.30078125,0
2026-04-10 05:26:00+00:00,23980.05078125,23987.0,23979.94921875,23985.19921875,0
2026-04-10 05:27:00+00:00,23972.5,23981.400390625,23972.30078125,23980.5,0
2026-04-10 05:28:00+00:00,23986.69921875,23988.25,23972.349609375,23972.44921875,0
2026-04-10 05:29:00+00:00,23998.849609375,24000.0,23986.599609375,23986.599609375,0
2026-04-10 05:30:00+00:00,23999.849609375,24003.099609375,23994.900390625,23999.69921875,0
2026-04-10 05:31:00+00:00,24008.5,24010.400390625,24000.5,24000.5,0
2026-04-10 05:32:00+00:00,24003.099609375,24009.900390625,24002.80078125,24008.05078125,0
2026-04-10 05:33:00+00:00,24000.150390625,24004.30078125,23997.30078125,24002.30078125,0
2026-04-10 05:34:00+00:00,24001.80078125,24003.599609375,23997.75,24000.19921875,0
2026-04-10 05:35:00+00:00,23996.5,24002.30078125,23993.94921875,24001.44921875,0
2026-04-10 05:36:00+00:00,23999.400390625,24001.80078125,23995.650390625,23995.650390625,0
2026-04-10 05:37:00+00:00,24000.0,24000.900390625,23996.150390625,23999.80078125,0
2026-04-10 05:38:00+00:00,24004.650390625,24006.05078125,24000.19921875,24000.19921875,0
2026-04-10 05:39:00+00:00,24010.05078125,24011.19921875,24003.650390625,24003.69921875,0
2026-04-10 05:40:00+00:00,24012.94921875,24012.94921875,24007.30078125,24010.05078125,0
2026-04-10 05:41:00+00:00,24014.650390625,24018.30078125,24012.5,24012.599609375,0
2026-04-10 05:42:00+00:00,24014.900390625,24017.25,24013.400390625,24014.650390625,0
2026-04-10 05:43:00+00:00,24014.25,24021.349609375,24013.5,24015.099609375,0
2026-04-10 05:44:00+00:00,24013.30078125,24015.55078125,24010.099609375,24014.30078125,0
2026-04-10 05:45:00+00:00,24006.099609375,24015.349609375,24004.69921875,24012.05078125,0
2026-04-10 05:46:00+00:00,24000.650390625,24007.25,23999.099609375,24006.30078125,0
2026-04-10 05:47:00+00:00,23989.849609375,24002.599609375,23989.0,24000.900390625,0
2026-04-10 05:48:00+00:00,23986.150390625,23990.69921875,23986.099609375,23989.30078125,0
2026-04-10 05:49:00+00:00,23992.650390625,23993.400390625,23985.150390625,23986.05078125,0
2026-04-10 05:50:00+00:00,23992.94921875,23996.5,23991.150390625,23992.80078125,0
2026-04-10 05:51:00+00:00,23993.349609375,24001.19921875,23990.099609375,23992.80078125,0
2026-04-10 05:52:00+00:00,23999.650390625,24001.19921875,23994.400390625,23995.25,0
2026-04-10 05:53:00+00:00,23996.05078125,24001.55078125,23994.650390625,23999.55078125,0
2026-04-10 05:54:00+00:00,23992.30078125,23998.0,23990.80078125,23995.849609375,0
2026-04-10 05:55:00+00:00,24000.900390625,24003.25,23992.599609375,23992.599609375,0
2026-04-10 05:56:00+00:00,24002.94921875,24005.25,24000.599609375,24000.599609375,0
2026-04-10 05:57:00+00:00,23993.0,24003.94921875,23992.94921875,24002.099609375,0
2026-04-10 05:58:00+00:00,23986.0,23994.80078125,23984.44921875,23993.25,0
2026-04-10 05:59:00+00:00,23972.55078125,23987.599609375,23971.30078125,23985.80078125,0
2026-04-10 06:00:00+00:00,23981.849609375,23981.900390625,23972.150390625,23972.150390625,0
2026-04-10 06:01:00+00:00,23992.0,23995.55078125,23982.400390625,23982.55078125,0
2026-04-10 06:02:00+00:00,23998.19921875,24000.55078125,23991.44921875,23992.69921875,0
2026-04-10 06:03:00+00:00,24002.0,24004.05078125,23992.69921875,23996.400390625,0
2026-04-10 06:04:00+00:00,24004.599609375,24007.400390625,24000.400390625,24001.150390625,0
2026-04-10 06:05:00+00:00,24003.0,24006.69921875,24000.94921875,24004.30078125,0
2026-04-10 06:06:00+00:00,23991.599609375,24004.75,23991.599609375,24003.900390625,0
2026-04-10 06:07:00+00:00,23981.900390625,23993.0,23981.900390625,23992.349609375,0
2026-04-10 06:08:00+00:00,23987.25,23987.599609375,23980.099609375,23982.099609375,0
2026-04-10 06:09:00+00:00,23983.849609375,24000.849609375,23983.30078125,23987.349609375,0
2026-04-10 06:10:00+00:00,23982.599609375,23990.05078125,23982.599609375,23984.30078125,0
2026-04-10 06:11:00+00:00,23979.599609375,23983.55078125,23979.30078125,23982.900390625,0
2026-04-10 06:12:00+00:00,23975.94921875,23981.69921875,23971.900390625,23980.19921875,0
2026-04-10 06:13:00+00:00,23984.099609375,23986.0,23970.05078125,23976.25,0
2026-04-10 06:14:00+00:00,23980.150390625,23988.25,23979.0,23983.80078125,0
2026-04-10 06:15:00+00:00,23984.80078125,23985.650390625,23979.69921875,23980.94921875,0
2026-04-10 06:16:00+00:00,23980.599609375,23987.099609375,23975.25,23984.900390625,0
2026-04-10 06:17:00+00:00,23960.05078125,23981.349609375,23960.05078125,23980.25,0
2026-04-10 06:18:00+00:00,23964.849609375,23967.55078125,23954.30078125,23958.5,0
2026-04-10 06:19:00+00:00,23963.349609375,23966.05078125,23953.80078125,23964.55078125,0
2026-04-10 06:20:00+00:00,23982.55078125,23982.55078125,23964.05078125,23964.650390625,0
2026-04-10 06:21:00+00:00,23987.19921875,23988.19921875,23982.150390625,23982.69921875,0
2026-04-10 06:22:00+00:00,23983.150390625,23988.55078125,23981.30078125,23987.30078125,0
2026-04-10 06:23:00+00:00,23980.0,23983.599609375,23976.75,23982.650390625,0
2026-04-10 06:24:00+00:00,23982.44921875,23982.75,23976.650390625,23980.75,0
2026-04-10 06:25:00+00:00,23981.30078125,23986.400390625,23979.0,23982.400390625,0
2026-04-10 06:26:00+00:00,23983.30078125,23986.599609375,23981.349609375,23981.80078125,0
2026-04-10 06:27:00+00:00,23990.400390625,23995.400390625,23982.30078125,23982.94921875,0
2026-04-10 06:28:00+00:00,23992.30078125,23993.69921875,23987.69921875,23990.55078125,0
2026-04-10 06:29:00+00:00,23994.150390625,23996.0,23988.69921875,23992.30078125,0
2026-04-10 06:30:00+00:00,23992.19921875,23998.19921875,23984.94921875,23994.69921875,0
2026-04-10 06:31:00+00:00,23995.94921875,23995.94921875,23990.94921875,23992.400390625,0
2026-04-10 06:32:00+00:00,23997.55078125,23997.900390625,23995.150390625,23995.44921875,0
2026-04-10 06:33:00+00:00,24005.69921875,24007.69921875,23996.69921875,23997.400390625,0
2026-04-10 06:34:00+00:00,24008.05078125,24008.05078125,24004.80078125,24005.75,0
2026-04-10 06:35:00+00:00,24007.19921875,24009.25,24005.69921875,24007.55078125,0
2026-04-10 06:36:00+00:00,24012.25,24012.25,24002.599609375,24007.099609375,0
2026-04-10 06:37:00+00:00,24010.849609375,24012.55078125,24006.599609375,24011.55078125,0
2026-04-10 06:38:00+00:00,24011.150390625,24019.19921875,24009.44921875,24010.900390625,0
2026-04-10 06:39:00+00:00,24015.05078125,24015.900390625,24009.150390625,24011.69921875,0
2026-04-10 06:40:00+00:00,24009.849609375,24017.0,24008.30078125,24015.05078125,0
2026-04-10 06:41:00+00:00,24010.69921875,24011.900390625,24009.0,24010.05078125,0
2026-04-10 06:42:00+00:00,24011.75,24012.650390625,24008.650390625,24011.099609375,0
2026-04-10 06:43:00+00:00,24013.80078125,24013.80078125,24010.55078125,24011.05078125,0
2026-04-10 06:44:00+00:00,24009.05078125,24019.55078125,24008.69921875,24013.150390625,0
2026-04-10 06:45:00+00:00,23993.30078125,24011.0,23992.94921875,24009.099609375,0
2026-04-10 06:46:00+00:00,24001.0,24001.0,23993.0,23993.19921875,0
2026-04-10 06:47:00+00:00,24003.30078125,24005.849609375,24000.650390625,24001.25,0
2026-04-10 06:48:00+00:00,23998.94921875,24004.5,23991.150390625,24002.900390625,0
2026-04-10 06:49:00+00:00,24003.900390625,24004.099609375,23996.44921875,23998.849609375,0
2026-04-10 06:50:00+00:00,24002.099609375,24005.0,24000.30078125,24003.349609375,0
2026-04-10 06:51:00+00:00,23995.400390625,24002.69921875,23991.75,24002.0,0
2026-04-10 06:52:00+00:00,23996.05078125,23999.25,23994.0,23996.25,0
2026-04-10 06:53:00+00:00,24009.849609375,24010.30078125,23994.69921875,23995.650390625,0
2026-04-10 06:54:00+00:00,24019.19921875,24020.19921875,24009.30078125,24010.400390625,0
2026-04-10 06:55:00+00:00,24031.150390625,24031.150390625,24019.150390625,24019.150390625,0
2026-04-10 06:56:00+00:00,24016.0,24032.599609375,24014.349609375,24031.44921875,0
2026-04-10 06:57:00+00:00,24008.30078125,24016.94921875,24007.44921875,24015.30078125,0
2026-04-10 06:58:00+00:00,23997.849609375,24009.5,23994.75,24007.94921875,0
2026-04-10 06:59:00+00:00,24009.599609375,24010.0,23997.19921875,23997.900390625,0
2026-04-10 07:00:00+00:00,24009.05078125,24010.849609375,24002.75,24009.349609375,0
2026-04-10 07:01:00+00:00,24008.150390625,24012.94921875,24007.849609375,24008.849609375,0
2026-04-10 07:02:00+00:00,24009.80078125,24014.0,24007.0,24008.400390625,0
2026-04-10 07:03:00+00:00,24004.150390625,24016.80078125,24003.0,24010.599609375,0
2026-04-10 07:04:00+00:00,23998.25,24006.44921875,23995.30078125,24003.19921875,0
2026-04-10 07:05:00+00:00,24010.19921875,24010.19921875,23996.0,23996.0,0
2026-04-10 07:06:00+00:00,24018.099609375,24018.19921875,24009.25,24009.25,0
2026-04-10 07:07:00+00:00,24015.400390625,24020.44921875,24013.099609375,24018.05078125,0
2026-04-10 07:08:00+00:00,24012.30078125,24016.19921875,24008.650390625,24014.900390625,0
2026-04-10 07:09:00+00:00,24014.400390625,24014.849609375,24007.349609375,24011.75,0
2026-04-10 07:10:00+00:00,24018.400390625,24019.5,24013.75,24014.30078125,0
2026-04-10 07:11:00+00:00,24013.80078125,24022.0,24011.849609375,24019.05078125,0
2026-04-10 07:12:00+00:00,24013.150390625,24021.19921875,24010.599609375,24013.05078125,0
2026-04-10 07:13:00+00:00,24006.30078125,24016.900390625,24005.25,24013.25,0
2026-04-10 07:14:00+00:00,24004.25,24008.69921875,24003.30078125,24005.44921875,0
2026-04-10 07:15:00+00:00,24006.19921875,24006.25,24001.099609375,24004.30078125,0
2026-04-10 07:16:00+00:00,24004.69921875,24007.5,24003.349609375,24005.650390625,0
2026-04-10 07:17:00+00:00,24007.599609375,24007.900390625,24002.400390625,24003.849609375,0
2026-04-10 07:18:00+00:00,24017.30078125,24018.94921875,24007.94921875,24007.94921875,0
2026-04-10 07:19:00+00:00,24011.30078125,24018.94921875,24009.650390625,24016.599609375,0
2026-04-10 07:20:00+00:00,23997.69921875,24012.25,23996.05078125,24011.349609375,0
2026-04-10 07:21:00+00:00,23995.599609375,24002.5,23991.349609375,23996.69921875,0
2026-04-10 07:22:00+00:00,24006.94921875,24011.849609375,23994.69921875,23994.900390625,0
2026-04-10 07:23:00+00:00,24002.650390625,24008.150390625,24001.19921875,24007.30078125,0
2026-04-10 07:24:00+00:00,24000.75,24005.849609375,23986.150390625,24003.0,0
2026-04-10 07:25:00+00:00,24002.0,24005.19921875,24000.599609375,24000.599609375,0
2026-04-10 07:26:00+00:00,23998.25,24003.900390625,23996.75,24002.849609375,0
2026-04-10 07:27:00+00:00,24002.849609375,24002.94921875,23993.25,23998.400390625,0
2026-04-10 07:28:00+00:00,24006.19921875,24006.19921875,23999.349609375,24001.900390625,0
2026-04-10 07:29:00+00:00,24004.55078125,24007.650390625,24004.0,24005.25,0
2026-04-10 07:30:00+00:00,24008.80078125,24009.349609375,24003.69921875,24004.900390625,0
2026-04-10 07:31:00+00:00,24008.25,24014.94921875,24007.099609375,24009.150390625,0
2026-04-10 07:32:00+00:00,24010.25,24011.44921875,24005.150390625,24007.94921875,0
2026-04-10 07:33:00+00:00,24012.05078125,24018.55078125,24009.55078125,24010.55078125,0
2026-04-10 07:34:00+00:00,24014.05078125,24014.44921875,24011.75,24012.19921875,0
2026-04-10 07:35:00+00:00,24009.55078125,24015.05078125,24007.349609375,24013.30078125,0
2026-04-10 07:36:00+00:00,24016.599609375,24017.099609375,24009.0,24009.19921875,0
2026-04-10 07:37:00+00:00,24015.099609375,24018.05078125,24014.05078125,24016.599609375,0
2026-04-10 07:38:00+00:00,24019.30078125,24021.75,24014.55078125,24014.55078125,0
2026-04-10 07:39:00+00:00,24020.349609375,24020.94921875,24015.5,24018.94921875,0
2026-04-10 07:40:00+00:00,24016.849609375,24021.400390625,24012.400390625,24019.55078125,0
2026-04-10 07:41:00+00:00,24011.849609375,24017.599609375,24011.099609375,24017.05078125,0
2026-04-10 07:42:00+00:00,24004.650390625,24014.349609375,24003.55078125,24012.150390625,0
2026-04-10 07:43:00+00:00,24000.94921875,24006.900390625,24000.349609375,24005.400390625,0
2026-04-10 07:44:00+00:00,24002.55078125,24005.099609375,23999.349609375,24000.849609375,0
2026-04-10 07:45:00+00:00,24004.900390625,24006.0,24000.349609375,24003.150390625,0
2026-04-10 07:46:00+00:00,24003.099609375,24007.25,24000.599609375,24004.349609375,0
2026-04-10 07:47:00+00:00,24010.150390625,24010.5,24002.75,24003.19921875,0
2026-04-10 07:48:00+00:00,24001.05078125,24010.75,24001.05078125,24010.099609375,0
2026-04-10 07:49:00+00:00,23999.30078125,24002.849609375,23999.30078125,24000.75,0
2026-04-10 07:50:00+00:00,23999.94921875,24001.5,23996.849609375,23999.5,0
2026-04-10 07:51:00+00:00,24000.05078125,24001.69921875,23997.75,24000.0,0
2026-04-10 07:52:00+00:00,24002.150390625,24004.0,23999.19921875,23999.650390625,0
2026-04-10 07:53:00+00:00,23997.900390625,24003.599609375,23997.900390625,24002.599609375,0
2026-04-10 07:54:00+00:00,23999.30078125,24001.30078125,23996.44921875,23997.349609375,0
2026-04-10 07:55:00+00:00,24001.099609375,24001.55078125,23996.0,23999.150390625,0
2026-04-10 07:56:00+00:00,24007.849609375,24009.400390625,24001.099609375,24001.099609375,0
2026-04-10 07:57:00+00:00,24003.0,24009.900390625,24000.44921875,24007.30078125,0
2026-04-10 07:58:00+00:00,24005.5,24006.30078125,24002.349609375,24002.599609375,0
2026-04-10 07:59:00+00:00,24007.05078125,24008.349609375,24004.0,24005.900390625,0
2026-04-10 08:00:00+00:00,24006.150390625,24009.55078125,24004.69921875,24007.5,0
2026-04-10 08:01:00+00:00,24008.05078125,24009.099609375,24004.44921875,24006.05078125,0
2026-04-10 08:02:00+00:00,24014.94921875,24015.44921875,24008.19921875,24008.19921875,0
2026-04-10 08:03:00+00:00,24009.44921875,24016.5,24007.55078125,24014.80078125,0
2026-04-10 08:04:00+00:00,24004.25,24010.099609375,24003.599609375,24009.19921875,0
2026-04-10 08:05:00+00:00,23999.5,24007.69921875,23999.150390625,24004.099609375,0
2026-04-10 08:06:00+00:00,24005.400390625,24008.94921875,23999.55078125,23999.55078125,0
2026-04-10 08:07:00+00:00,24006.5,24009.599609375,24004.0,24005.400390625,0
2026-04-10 08:08:00+00:00,24006.69921875,24010.0,24006.5,24007.05078125,0
2026-04-10 08:09:00+00:00,24011.599609375,24012.099609375,24006.5,24007.80078125,0
2026-04-10 08:10:00+00:00,24014.650390625,24016.30078125,24011.5,24011.5,0
2026-04-10 08:11:00+00:00,24016.650390625,24020.69921875,24014.400390625,24014.94921875,0
2026-04-10 08:12:00+00:00,24022.599609375,24025.69921875,24016.19921875,24017.0,0
2026-04-10 08:13:00+00:00,24021.05078125,24025.30078125,24021.05078125,24022.349609375,0
2026-04-10 08:14:00+00:00,24020.400390625,24022.69921875,24020.150390625,24021.19921875,0
2026-04-10 08:15:00+00:00,24026.150390625,24026.44921875,24020.150390625,24020.69921875,0
2026-04-10 08:16:00+00:00,24024.349609375,24030.25,24022.44921875,24026.30078125,0
2026-04-10 08:17:00+00:00,24023.75,24027.80078125,24023.05078125,24024.80078125,0
2026-04-10 08:18:00+00:00,24013.099609375,24022.80078125,24009.599609375,24022.19921875,0
2026-04-10 08:19:00+00:00,24012.849609375,24014.599609375,24010.900390625,24013.650390625,0
2026-04-10 08:20:00+00:00,24005.80078125,24014.099609375,24004.55078125,24012.05078125,0
2026-04-10 08:21:00+00:00,24015.44921875,24015.44921875,24002.349609375,24005.75,0
2026-04-10 08:22:00+00:00,24014.400390625,24020.5,24013.75,24015.75,0
2026-04-10 08:23:00+00:00,24019.25,24021.0,24014.5,24015.599609375,0
2026-04-10 08:24:00+00:00,24018.599609375,24021.849609375,24018.25,24019.19921875,0
2026-04-10 08:25:00+00:00,24018.900390625,24019.80078125,24016.599609375,24018.599609375,0
2026-04-10 08:26:00+00:00,24021.150390625,24022.94921875,24018.75,24018.94921875,0
2026-04-10 08:27:00+00:00,24025.30078125,24025.650390625,24020.0,24020.55078125,0
2026-04-10 08:28:00+00:00,24034.400390625,24034.80078125,24025.30078125,24025.30078125,0
2026-04-10 08:29:00+00:00,24040.94921875,24044.55078125,24033.400390625,24034.30078125,0
2026-04-10 08:30:00+00:00,24037.5,24047.849609375,24034.75,24041.19921875,0
2026-04-10 08:31:00+00:00,24045.19921875,24045.30078125,24035.400390625,24037.55078125,0
2026-04-10 08:32:00+00:00,24031.849609375,24047.5,24030.75,24045.44921875,0
2026-04-10 08:33:00+00:00,24029.19921875,24032.80078125,24029.0,24031.650390625,0
2026-04-10 08:34:00+00:00,24028.94921875,24031.599609375,24026.69921875,24029.30078125,0
2026-04-10 08:35:00+00:00,24035.55078125,24037.599609375,24029.19921875,24029.19921875,0
2026-04-10 08:36:00+00:00,24034.55078125,24036.900390625,24028.75,24035.30078125,0
2026-04-10 08:37:00+00:00,24031.349609375,24035.94921875,24029.099609375,24034.650390625,0
2026-04-10 08:38:00+00:00,24027.19921875,24032.55078125,24027.19921875,24030.900390625,0
2026-04-10 08:39:00+00:00,24031.55078125,24032.349609375,24025.44921875,24026.75,0
2026-04-10 08:40:00+00:00,24030.0,24036.900390625,24028.0,24031.849609375,0
2026-04-10 08:41:00+00:00,24033.5,24038.0,24030.150390625,24030.30078125,0
2026-04-10 08:42:00+00:00,24041.69921875,24041.69921875,24032.599609375,24033.75,0
2026-04-10 08:43:00+00:00,24038.150390625,24046.5,24035.400390625,24041.400390625,0
2026-04-10 08:44:00+00:00,24020.099609375,24040.69921875,23998.44921875,24038.349609375,0
2026-04-10 08:45:00+00:00,23973.75,24021.80078125,23938.599609375,24020.400390625,0
2026-04-10 08:46:00+00:00,23959.400390625,24001.75,23957.44921875,23975.94921875,0
2026-04-10 08:47:00+00:00,23989.900390625,23996.44921875,23959.849609375,23959.849609375,0
2026-04-10 08:48:00+00:00,23995.19921875,23995.69921875,23988.900390625,23989.849609375,0
2026-04-10 08:49:00+00:00,23994.849609375,23996.30078125,23986.349609375,23994.599609375,0
2026-04-10 08:50:00+00:00,24002.25,24003.55078125,23995.099609375,23995.099609375,0
2026-04-10 08:51:00+00:00,24006.19921875,24007.400390625,23999.94921875,24001.25,0
2026-04-10 08:52:00+00:00,23990.400390625,24010.599609375,23989.650390625,24006.69921875,0
2026-04-10 08:53:00+00:00,23967.75,23990.94921875,23967.75,23990.19921875,0
2026-04-10 08:54:00+00:00,23956.900390625,23968.849609375,23956.599609375,23967.400390625,0
2026-04-10 08:55:00+00:00,23957.099609375,23958.599609375,23949.30078125,23956.599609375,0
2026-04-10 08:56:00+00:00,23965.0,23965.75,23954.099609375,23957.5,0
2026-04-10 08:57:00+00:00,23954.400390625,23966.400390625,23947.900390625,23965.69921875,0
2026-04-10 08:58:00+00:00,23963.05078125,23966.69921875,23955.05078125,23955.05078125,0
2026-04-10 08:59:00+00:00,23964.75,23969.650390625,23958.30078125,23962.150390625,0
2026-04-10 09:00:00+00:00,23978.19921875,23979.349609375,23959.849609375,23965.349609375,0
2026-04-10 09:01:00+00:00,23975.849609375,23979.94921875,23971.099609375,23979.0,0
2026-04-10 09:02:00+00:00,23973.75,23981.150390625,23973.75,23975.44921875,0
2026-04-10 09:03:00+00:00,23982.25,23989.900390625,23973.75,23973.94921875,0
2026-04-10 09:04:00+00:00,23964.5,23984.05078125,23964.5,23982.75,0
2026-04-10 09:05:00+00:00,23953.849609375,23963.650390625,23952.05078125,23962.849609375,0
2026-04-10 09:06:00+00:00,23959.349609375,23962.80078125,23947.25,23952.25,0
2026-04-10 09:07:00+00:00,23959.650390625,23963.849609375,23956.30078125,23958.94921875,0
2026-04-10 09:08:00+00:00,23970.05078125,23971.099609375,23960.099609375,23960.099609375,0
2026-04-10 09:09:00+00:00,23971.25,23981.0,23968.94921875,23970.150390625,0
2026-04-10 09:10:00+00:00,23978.0,23979.75,23969.19921875,23970.44921875,0
2026-04-10 09:11:00+00:00,23985.5,23988.349609375,23976.150390625,23978.0,0
2026-04-10 09:12:00+00:00,23986.349609375,23987.0,23978.150390625,23987.0,0
2026-04-10 09:13:00+00:00,23978.75,23993.44921875,23978.25,23985.849609375,0
2026-04-10 09:14:00+00:00,23982.69921875,23985.25,23976.099609375,23978.44921875,0
2026-04-10 09:15:00+00:00,23970.599609375,23982.900390625,23962.849609375,23982.900390625,0
2026-04-10 09:16:00+00:00,23968.25,23979.599609375,23967.44921875,23970.69921875,0
2026-04-10 09:17:00+00:00,23965.650390625,23967.75,23956.75,23967.44921875,0
2026-04-10 09:18:00+00:00,23969.099609375,23972.94921875,23959.5,23965.599609375,0
2026-04-10 09:19:00+00:00,24000.650390625,24005.5,23967.05078125,23969.69921875,0
2026-04-10 09:20:00+00:00,23994.80078125,24003.150390625,23993.25,24000.5,0
2026-04-10 09:21:00+00:00,23999.25,24002.599609375,23991.19921875,23993.150390625,0
2026-04-10 09:22:00+00:00,24000.44921875,24004.94921875,23995.099609375,23999.25,0
2026-04-10 09:23:00+00:00,24003.30078125,24003.849609375,23996.599609375,24000.19921875,0
2026-04-10 09:24:00+00:00,23994.849609375,24006.150390625,23992.099609375,24003.099609375,0
2026-04-10 09:25:00+00:00,23996.849609375,24003.150390625,23995.0,23995.0,0
2026-04-10 09:26:00+00:00,24002.80078125,24002.80078125,23995.19921875,23996.599609375,0
2026-04-10 09:27:00+00:00,24001.0,24004.05078125,23995.150390625,24002.44921875,0
2026-04-10 09:28:00+00:00,24003.900390625,24005.650390625,24001.0,24001.25,0
2026-04-10 09:29:00+00:00,23993.55078125,24004.900390625,23993.55078125,24004.150390625,0
2026-04-10 09:30:00+00:00,24009.30078125,24010.30078125,23994.19921875,23994.19921875,0
2026-04-10 09:31:00+00:00,24021.599609375,24024.55078125,24008.25,24009.44921875,0
2026-04-10 09:32:00+00:00,24020.94921875,24021.30078125,24012.30078125,24019.900390625,0
2026-04-10 09:33:00+00:00,24033.19921875,24033.19921875,24020.849609375,24021.0,0
2026-04-10 09:34:00+00:00,24035.099609375,24035.25,24028.349609375,24032.599609375,0
2026-04-10 09:35:00+00:00,24051.349609375,24051.75,24035.0,24035.0,0
2026-04-10 09:36:00+00:00,24047.5,24057.099609375,24042.650390625,24050.0,0
2026-04-10 09:37:00+00:00,24056.400390625,24056.5,24044.150390625,24045.75,0
2026-04-10 09:38:00+00:00,24060.69921875,24062.05078125,24055.94921875,24056.30078125,0
2026-04-10 09:39:00+00:00,24060.80078125,24061.150390625,24057.30078125,24060.05078125,0
2026-04-10 09:40:00+00:00,24067.44921875,24067.44921875,24058.900390625,24060.400390625,0
2026-04-10 09:41:00+00:00,24069.94921875,24069.94921875,24065.400390625,24066.19921875,0
2026-04-10 09:42:00+00:00,24062.80078125,24073.80078125,24060.44921875,24070.25,0
2026-04-10 09:43:00+00:00,24062.0,24066.150390625,24060.19921875,24062.099609375,0
2026-04-10 09:44:00+00:00,24057.5,24062.099609375,24057.19921875,24061.05078125,0
2026-04-10 09:45:00+00:00,24048.099609375,24060.94921875,24045.900390625,24058.099609375,0
2026-04-10 09:46:00+00:00,24057.69921875,24057.69921875,24046.25,24047.849609375,0
2026-04-10 09:47:00+00:00,24056.5,24061.44921875,24056.05078125,24057.25,0
2026-04-10 09:48:00+00:00,24059.30078125,24060.599609375,24052.55078125,24056.900390625,0
2026-04-10 09:49:00+00:00,24055.099609375,24060.5,24052.80078125,24059.19921875,0
2026-04-10 09:50:00+00:00,24057.599609375,24058.44921875,24049.650390625,24053.650390625,0
2026-04-10 09:51:00+00:00,24059.400390625,24061.400390625,24057.0,24057.849609375,0
2026-04-10 09:52:00+00:00,24059.25,24060.0,24053.849609375,24059.55078125,0
2026-04-10 09:53:00+00:00,24059.150390625,24060.349609375,24057.55078125,24058.900390625,0
2026-04-10 09:54:00+00:00,24054.69921875,24061.05078125,24054.5,24060.150390625,0
2026-04-10 09:55:00+00:00,24056.19921875,24057.599609375,24049.650390625,24054.55078125,0
2026-04-10 09:56:00+00:00,24056.30078125,24058.05078125,24050.75,24054.900390625,0
2026-04-10 09:57:00+00:00,24060.849609375,24062.150390625,24054.900390625,24056.55078125,0
2026-04-10 09:58:00+00:00,24055.849609375,24063.44921875,24052.19921875,24060.69921875,0
2026-04-10 09:59:00+00:00,24051.80078125,24057.55078125,24046.19921875,24054.94921875,0
